date,price_usd,commodity_name,country,market,price_type,unit,unit_std,price_per_unit
2020-05-01,0.57,Beans (white),Central African Republic,Bambari,RETAIL,Kg,kg,0.57
2020-06-01,0.57,Beans (white),Central African Republic,Bambari,RETAIL,Kg,kg,0.57
2020-07-01,0.73,Beans (white),Central African Republic,Bambari,RETAIL,Kg,kg,0.73
2020-08-01,0.8,Beans (white),Central African Republic,Bambari,RETAIL,Kg,kg,0.8
2020-09-01,,Beans (white),Central African Republic,Bambari,RETAIL,Kg,kg,
2020-10-01,0.9,Beans (white),Central African Republic,Bambari,RETAIL,Kg,kg,0.9
2020-11-01,0.65,Beans (white),Central African Republic,Bambari,RETAIL,Kg,kg,0.65
2020-12-01,0.62,Beans (white),Central African Republic,Bambari,RETAIL,Kg,kg,0.62
2021-01-01,0.72,Beans (white),Central African Republic,Bambari,RETAIL,Kg,kg,0.72
2021-02-01,0.56,Beans (white),Central African Republic,Bambari,RETAIL,Kg,kg,0.56
2021-03-01,0.56,Beans (white),Central African Republic,Bambari,RETAIL,Kg,kg,0.56
2021-04-01,0.71,Beans (white),Central African Republic,Bambari,RETAIL,Kg,kg,0.71
2021-05-01,0.82,Beans (white),Central African Republic,Bambari,RETAIL,Kg,kg,0.82
2021-06-01,,Beans (white),Central African Republic,Bambari,RETAIL,Kg,kg,
2021-07-01,,Beans (white),Central African Republic,Bambari,RETAIL,Kg,kg,
2021-08-01,,Beans (white),Central African Republic,Bambari,RETAIL,Kg,kg,
2021-09-01,,Beans (white),Central African Republic,Bambari,RETAIL,Kg,kg,
2021-10-01,,Beans (white),Central African Republic,Bambari,RETAIL,Kg,kg,
2021-11-01,1.06,Beans (white),Central African Republic,Bambari,RETAIL,Kg,kg,1.06
2021-12-01,1.05,Beans (white),Central African Republic,Bambari,RETAIL,Kg,kg,1.05
2022-01-01,0.96,Beans (white),Central African Republic,Bambari,RETAIL,Kg,kg,0.96
2022-02-01,0.96,Beans (white),Central African Republic,Bambari,RETAIL,Kg,kg,0.96
2022-03-01,0.93,Beans (white),Central African Republic,Bambari,RETAIL,Kg,kg,0.93
2022-04-01,1.01,Beans (white),Central African Republic,Bambari,RETAIL,Kg,kg,1.01
2022-05-01,1.08,Beans (white),Central African Republic,Bambari,RETAIL,Kg,kg,1.08
2022-06-01,1.07,Beans (white),Central African Republic,Bambari,RETAIL,Kg,kg,1.07
2022-07-01,0.86,Beans (white),Central African Republic,Bambari,RETAIL,Kg,kg,0.86
2022-08-01,0.86,Beans (white),Central African Republic,Bambari,RETAIL,Kg,kg,0.86
2022-09-01,0.84,Beans (white),Central African Republic,Bambari,RETAIL,Kg,kg,0.84
2022-10-01,0.92,Beans (white),Central African Republic,Bambari,RETAIL,Kg,kg,0.92
2022-11-01,0.86,Beans (white),Central African Republic,Bambari,RETAIL,Kg,kg,0.86
2022-12-01,0.74,Beans (white),Central African Republic,Bambari,RETAIL,Kg,kg,0.74
2023-01-01,0.82,Beans (white),Central African Republic,Bambari,RETAIL,Kg,kg,0.82
2023-02-01,0.82,Beans (white),Central African Republic,Bambari,RETAIL,Kg,kg,0.82
2023-03-01,0.84,Beans (white),Central African Republic,Bambari,RETAIL,Kg,kg,0.84
2023-04-01,0.97,Beans (white),Central African Republic,Bambari,RETAIL,Kg,kg,0.97
2023-05-01,1.01,Beans (white),Central African Republic,Bambari,RETAIL,Kg,kg,1.01
2023-06-01,1.03,Beans (white),Central African Republic,Bambari,RETAIL,Kg,kg,1.03
2023-07-01,,Beans (white),Central African Republic,Bambari,RETAIL,Kg,kg,
2023-08-01,0.74,Beans (white),Central African Republic,Bambari,RETAIL,Kg,kg,0.74
2023-09-01,0.91,Beans (white),Central African Republic,Bambari,RETAIL,Kg,kg,0.91
2023-10-01,0.81,Beans (white),Central African Republic,Bambari,RETAIL,Kg,kg,0.81
2023-11-01,0.92,Beans (white),Central African Republic,Bambari,RETAIL,Kg,kg,0.92
2023-12-01,0.92,Beans (white),Central African Republic,Bambari,RETAIL,Kg,kg,0.92
2024-01-01,0.76,Beans (white),Central African Republic,Bambari,RETAIL,Kg,kg,0.76
2024-02-01,0.82,Beans (white),Central African Republic,Bambari,RETAIL,Kg,kg,0.82
2024-03-01,0.83,Beans (white),Central African Republic,Bambari,RETAIL,Kg,kg,0.83
2024-04-01,0.82,Beans (white),Central African Republic,Bambari,RETAIL,Kg,kg,0.82
2024-05-01,0.92,Beans (white),Central African Republic,Bambari,RETAIL,Kg,kg,0.92
2024-06-01,0.91,Beans (white),Central African Republic,Bambari,RETAIL,Kg,kg,0.91
2024-07-01,0.92,Beans (white),Central African Republic,Bambari,RETAIL,Kg,kg,0.92
2024-08-01,0.93,Beans (white),Central African Republic,Bambari,RETAIL,Kg,kg,0.93
2024-09-01,1.27,Beans (white),Central African Republic,Bambari,RETAIL,Kg,kg,1.27
2024-10-01,0.92,Beans (white),Central African Republic,Bambari,RETAIL,Kg,kg,0.92
2024-11-01,0.86,Beans (white),Central African Republic,Bambari,RETAIL,Kg,kg,0.86
2024-12-01,0.64,Beans (white),Central African Republic,Bambari,RETAIL,Kg,kg,0.64
2025-01-01,0.68,Beans (white),Central African Republic,Bambari,RETAIL,Kg,kg,0.68
2025-02-01,0.64,Beans (white),Central African Republic,Bambari,RETAIL,Kg,kg,0.64
2025-03-01,0.73,Beans (white),Central African Republic,Bambari,RETAIL,Kg,kg,0.73
2025-04-01,0.85,Beans (white),Central African Republic,Bambari,RETAIL,Kg,kg,0.85
2025-05-01,0.96,Beans (white),Central African Republic,Bambari,RETAIL,Kg,kg,0.96
2025-06-01,0.98,Beans (white),Central African Republic,Bambari,RETAIL,Kg,kg,0.98
2025-07-01,0.99,Beans (white),Central African Republic,Bambari,RETAIL,Kg,kg,0.99
2025-08-01,1.09,Beans (white),Central African Republic,Bambari,RETAIL,Kg,kg,1.09
2020-05-01,0.59,Beans (white),Central African Republic,Bangui,RETAIL,Kg,kg,0.59
2020-06-01,0.62,Beans (white),Central African Republic,Bangui,RETAIL,Kg,kg,0.62
2020-07-01,0.73,Beans (white),Central African Republic,Bangui,RETAIL,Kg,kg,0.73
2020-08-01,0.85,Beans (white),Central African Republic,Bangui,RETAIL,Kg,kg,0.85
2020-09-01,,Beans (white),Central African Republic,Bangui,RETAIL,Kg,kg,
2020-10-01,0.85,Beans (white),Central African Republic,Bangui,RETAIL,Kg,kg,0.85
2020-11-01,,Beans (white),Central African Republic,Bangui,RETAIL,Kg,kg,
2020-12-01,,Beans (white),Central African Republic,Bangui,RETAIL,Kg,kg,
2021-01-01,0.82,Beans (white),Central African Republic,Bangui,RETAIL,Kg,kg,0.82
2021-02-01,1.23,Beans (white),Central African Republic,Bangui,RETAIL,Kg,kg,1.23
2021-03-01,1.31,Beans (white),Central African Republic,Bangui,RETAIL,Kg,kg,1.31
2021-04-01,1.02,Beans (white),Central African Republic,Bangui,RETAIL,Kg,kg,1.02
2021-05-01,0.93,Beans (white),Central African Republic,Bangui,RETAIL,Kg,kg,0.93
2021-06-01,,Beans (white),Central African Republic,Bangui,RETAIL,Kg,kg,
2021-07-01,1.25,Beans (white),Central African Republic,Bangui,RETAIL,Kg,kg,1.25
2021-08-01,1.25,Beans (white),Central African Republic,Bangui,RETAIL,Kg,kg,1.25
2021-09-01,1.25,Beans (white),Central African Republic,Bangui,RETAIL,Kg,kg,1.25
2021-10-01,1.08,Beans (white),Central African Republic,Bangui,RETAIL,Kg,kg,1.08
2021-11-01,1.26,Beans (white),Central African Republic,Bangui,RETAIL,Kg,kg,1.26
2021-12-01,0.77,Beans (white),Central African Republic,Bangui,RETAIL,Kg,kg,0.77
2022-01-01,0.72,Beans (white),Central African Republic,Bangui,RETAIL,Kg,kg,0.72
2022-02-01,0.82,Beans (white),Central African Republic,Bangui,RETAIL,Kg,kg,0.82
2022-03-01,0.75,Beans (white),Central African Republic,Bangui,RETAIL,Kg,kg,0.75
2022-04-01,0.82,Beans (white),Central African Republic,Bangui,RETAIL,Kg,kg,0.82
2022-05-01,0.81,Beans (white),Central African Republic,Bangui,RETAIL,Kg,kg,0.81
2022-06-01,0.81,Beans (white),Central African Republic,Bangui,RETAIL,Kg,kg,0.81
2022-07-01,0.86,Beans (white),Central African Republic,Bangui,RETAIL,Kg,kg,0.86
2022-08-01,0.86,Beans (white),Central African Republic,Bangui,RETAIL,Kg,kg,0.86
2022-09-01,0.92,Beans (white),Central African Republic,Bangui,RETAIL,Kg,kg,0.92
2022-10-01,0.83,Beans (white),Central African Republic,Bangui,RETAIL,Kg,kg,0.83
2022-11-01,0.86,Beans (white),Central African Republic,Bangui,RETAIL,Kg,kg,0.86
2022-12-01,0.81,Beans (white),Central African Republic,Bangui,RETAIL,Kg,kg,0.81
2023-01-01,0.82,Beans (white),Central African Republic,Bangui,RETAIL,Kg,kg,0.82
2023-02-01,0.84,Beans (white),Central African Republic,Bangui,RETAIL,Kg,kg,0.84
2023-03-01,0.82,Beans (white),Central African Republic,Bangui,RETAIL,Kg,kg,0.82
2023-04-01,0.93,Beans (white),Central African Republic,Bangui,RETAIL,Kg,kg,0.93
2023-05-01,0.92,Beans (white),Central African Republic,Bangui,RETAIL,Kg,kg,0.92
2023-06-01,1.01,Beans (white),Central African Republic,Bangui,RETAIL,Kg,kg,1.01
2023-07-01,,Beans (white),Central African Republic,Bangui,RETAIL,Kg,kg,
2023-08-01,1.02,Beans (white),Central African Republic,Bangui,RETAIL,Kg,kg,1.02
2023-09-01,1.0,Beans (white),Central African Republic,Bangui,RETAIL,Kg,kg,1.0
2023-10-01,0.9,Beans (white),Central African Republic,Bangui,RETAIL,Kg,kg,0.9
2023-11-01,1.01,Beans (white),Central African Republic,Bangui,RETAIL,Kg,kg,1.01
2023-12-01,0.74,Beans (white),Central African Republic,Bangui,RETAIL,Kg,kg,0.74
2024-01-01,0.83,Beans (white),Central African Republic,Bangui,RETAIL,Kg,kg,0.83
2024-02-01,0.82,Beans (white),Central African Republic,Bangui,RETAIL,Kg,kg,0.82
2024-03-01,0.83,Beans (white),Central African Republic,Bangui,RETAIL,Kg,kg,0.83
2024-04-01,0.84,Beans (white),Central African Republic,Bangui,RETAIL,Kg,kg,0.84
2024-05-01,1.01,Beans (white),Central African Republic,Bangui,RETAIL,Kg,kg,1.01
2024-06-01,1.0,Beans (white),Central African Republic,Bangui,RETAIL,Kg,kg,1.0
2024-07-01,0.92,Beans (white),Central African Republic,Bangui,RETAIL,Kg,kg,0.92
2024-08-01,0.93,Beans (white),Central African Republic,Bangui,RETAIL,Kg,kg,0.93
2024-09-01,0.99,Beans (white),Central African Republic,Bangui,RETAIL,Kg,kg,0.99
2024-10-01,0.92,Beans (white),Central African Republic,Bangui,RETAIL,Kg,kg,0.92
2024-11-01,0.83,Beans (white),Central African Republic,Bangui,RETAIL,Kg,kg,0.83
2024-12-01,0.8,Beans (white),Central African Republic,Bangui,RETAIL,Kg,kg,0.8
2025-01-01,0.77,Beans (white),Central African Republic,Bangui,RETAIL,Kg,kg,0.77
2025-02-01,0.75,Beans (white),Central African Republic,Bangui,RETAIL,Kg,kg,0.75
2025-03-01,0.82,Beans (white),Central African Republic,Bangui,RETAIL,Kg,kg,0.82
2025-04-01,0.95,Beans (white),Central African Republic,Bangui,RETAIL,Kg,kg,0.95
2025-05-01,1.05,Beans (white),Central African Republic,Bangui,RETAIL,Kg,kg,1.05
2025-06-01,1.07,Beans (white),Central African Republic,Bangui,RETAIL,Kg,kg,1.07
2025-07-01,1.19,Beans (white),Central African Republic,Bangui,RETAIL,Kg,kg,1.19
2025-08-01,1.18,Beans (white),Central African Republic,Bangui,RETAIL,Kg,kg,1.18
2020-05-01,0.96,Beans (white),Central African Republic,Batangafo,RETAIL,Kg,kg,0.96
2020-06-01,0.67,Beans (white),Central African Republic,Batangafo,RETAIL,Kg,kg,0.67
2020-07-01,0.68,Beans (white),Central African Republic,Batangafo,RETAIL,Kg,kg,0.68
2020-08-01,0.75,Beans (white),Central African Republic,Batangafo,RETAIL,Kg,kg,0.75
2020-09-01,0.8,Beans (white),Central African Republic,Batangafo,RETAIL,Kg,kg,0.8
2020-10-01,0.8,Beans (white),Central African Republic,Batangafo,RETAIL,Kg,kg,0.8
2020-11-01,,Beans (white),Central African Republic,Batangafo,RETAIL,Kg,kg,
2020-12-01,,Beans (white),Central African Republic,Batangafo,RETAIL,Kg,kg,
2021-01-01,1.13,Beans (white),Central African Republic,Batangafo,RETAIL,Kg,kg,1.13
2021-02-01,0.46,Beans (white),Central African Republic,Batangafo,RETAIL,Kg,kg,0.46
2021-03-01,0.45,Beans (white),Central African Republic,Batangafo,RETAIL,Kg,kg,0.45
2021-04-01,0.51,Beans (white),Central African Republic,Batangafo,RETAIL,Kg,kg,0.51
2021-05-01,0.72,Beans (white),Central African Republic,Batangafo,RETAIL,Kg,kg,0.72
2021-06-01,,Beans (white),Central African Republic,Batangafo,RETAIL,Kg,kg,
2021-07-01,0.55,Beans (white),Central African Republic,Batangafo,RETAIL,Kg,kg,0.55
2021-08-01,0.6,Beans (white),Central African Republic,Batangafo,RETAIL,Kg,kg,0.6
2021-09-01,0.7,Beans (white),Central African Republic,Batangafo,RETAIL,Kg,kg,0.7
2021-10-01,0.74,Beans (white),Central African Republic,Batangafo,RETAIL,Kg,kg,0.74
2021-11-01,,Beans (white),Central African Republic,Batangafo,RETAIL,Kg,kg,
2021-12-01,,Beans (white),Central African Republic,Batangafo,RETAIL,Kg,kg,
2022-01-01,0.57,Beans (white),Central African Republic,Batangafo,RETAIL,Kg,kg,0.57
2022-02-01,0.67,Beans (white),Central African Republic,Batangafo,RETAIL,Kg,kg,0.67
2022-03-01,0.65,Beans (white),Central African Republic,Batangafo,RETAIL,Kg,kg,0.65
2022-04-01,0.78,Beans (white),Central African Republic,Batangafo,RETAIL,Kg,kg,0.78
2022-05-01,0.76,Beans (white),Central African Republic,Batangafo,RETAIL,Kg,kg,0.76
2022-06-01,0.76,Beans (white),Central African Republic,Batangafo,RETAIL,Kg,kg,0.76
2022-07-01,,Beans (white),Central African Republic,Batangafo,RETAIL,Kg,kg,
2022-08-01,1.05,Beans (white),Central African Republic,Batangafo,RETAIL,Kg,kg,1.05
2022-09-01,1.03,Beans (white),Central African Republic,Batangafo,RETAIL,Kg,kg,1.03
2022-10-01,1.0,Beans (white),Central African Republic,Batangafo,RETAIL,Kg,kg,1.0
2022-11-01,0.95,Beans (white),Central African Republic,Batangafo,RETAIL,Kg,kg,0.95
2022-12-01,0.81,Beans (white),Central African Republic,Batangafo,RETAIL,Kg,kg,0.81
2023-01-01,0.82,Beans (white),Central African Republic,Batangafo,RETAIL,Kg,kg,0.82
2023-02-01,0.91,Beans (white),Central African Republic,Batangafo,RETAIL,Kg,kg,0.91
2023-03-01,,Beans (white),Central African Republic,Batangafo,RETAIL,Kg,kg,
2023-04-01,0.84,Beans (white),Central African Republic,Batangafo,RETAIL,Kg,kg,0.84
2023-05-01,0.92,Beans (white),Central African Republic,Batangafo,RETAIL,Kg,kg,0.92
2023-06-01,1.03,Beans (white),Central African Republic,Batangafo,RETAIL,Kg,kg,1.03
2023-07-01,,Beans (white),Central African Republic,Batangafo,RETAIL,Kg,kg,
2023-08-01,1.11,Beans (white),Central African Republic,Batangafo,RETAIL,Kg,kg,1.11
2023-09-01,1.09,Beans (white),Central African Republic,Batangafo,RETAIL,Kg,kg,1.09
2023-10-01,1.1,Beans (white),Central African Republic,Batangafo,RETAIL,Kg,kg,1.1
2023-11-01,0.96,Beans (white),Central African Republic,Batangafo,RETAIL,Kg,kg,0.96
2023-12-01,0.69,Beans (white),Central African Republic,Batangafo,RETAIL,Kg,kg,0.69
2024-01-01,0.92,Beans (white),Central African Republic,Batangafo,RETAIL,Kg,kg,0.92
2024-02-01,0.91,Beans (white),Central African Republic,Batangafo,RETAIL,Kg,kg,0.91
2024-03-01,0.88,Beans (white),Central African Republic,Batangafo,RETAIL,Kg,kg,0.88
2024-04-01,1.0,Beans (white),Central African Republic,Batangafo,RETAIL,Kg,kg,1.0
2024-05-01,1.1,Beans (white),Central African Republic,Batangafo,RETAIL,Kg,kg,1.1
2024-06-01,1.09,Beans (white),Central African Republic,Batangafo,RETAIL,Kg,kg,1.09
2024-07-01,1.1,Beans (white),Central African Republic,Batangafo,RETAIL,Kg,kg,1.1
2024-08-01,1.12,Beans (white),Central African Republic,Batangafo,RETAIL,Kg,kg,1.12
2024-09-01,1.13,Beans (white),Central African Republic,Batangafo,RETAIL,Kg,kg,1.13
2024-10-01,0.92,Beans (white),Central African Republic,Batangafo,RETAIL,Kg,kg,0.92
2024-11-01,0.76,Beans (white),Central African Republic,Batangafo,RETAIL,Kg,kg,0.76
2024-12-01,0.67,Beans (white),Central African Republic,Batangafo,RETAIL,Kg,kg,0.67
2025-01-01,0.61,Beans (white),Central African Republic,Batangafo,RETAIL,Kg,kg,0.61
2025-02-01,0.55,Beans (white),Central African Republic,Batangafo,RETAIL,Kg,kg,0.55
2025-03-01,0.71,Beans (white),Central African Republic,Batangafo,RETAIL,Kg,kg,0.71
2025-04-01,0.85,Beans (white),Central African Republic,Batangafo,RETAIL,Kg,kg,0.85
2025-05-01,0.67,Beans (white),Central African Republic,Batangafo,RETAIL,Kg,kg,0.67
2025-06-01,0.98,Beans (white),Central African Republic,Batangafo,RETAIL,Kg,kg,0.98
2025-07-01,0.99,Beans (white),Central African Republic,Batangafo,RETAIL,Kg,kg,0.99
2025-08-01,0.99,Beans (white),Central African Republic,Batangafo,RETAIL,Kg,kg,0.99
2020-05-01,0.78,Beans (white),Central African Republic,Berbérati,RETAIL,Kg,kg,0.78
2020-06-01,0.95,Beans (white),Central African Republic,Berbérati,RETAIL,Kg,kg,0.95
2020-07-01,0.78,Beans (white),Central African Republic,Berbérati,RETAIL,Kg,kg,0.78
2020-08-01,1.0,Beans (white),Central African Republic,Berbérati,RETAIL,Kg,kg,1.0
2020-09-01,0.8,Beans (white),Central African Republic,Berbérati,RETAIL,Kg,kg,0.8
2020-10-01,0.8,Beans (white),Central African Republic,Berbérati,RETAIL,Kg,kg,0.8
2020-11-01,1.0,Beans (white),Central African Republic,Berbérati,RETAIL,Kg,kg,1.0
2020-12-01,1.03,Beans (white),Central African Republic,Berbérati,RETAIL,Kg,kg,1.03
2021-01-01,0.93,Beans (white),Central African Republic,Berbérati,RETAIL,Kg,kg,0.93
2021-02-01,1.23,Beans (white),Central African Republic,Berbérati,RETAIL,Kg,kg,1.23
2021-03-01,1.21,Beans (white),Central African Republic,Berbérati,RETAIL,Kg,kg,1.21
2021-04-01,1.22,Beans (white),Central African Republic,Berbérati,RETAIL,Kg,kg,1.22
2021-05-01,1.24,Beans (white),Central African Republic,Berbérati,RETAIL,Kg,kg,1.24
2021-06-01,,Beans (white),Central African Republic,Berbérati,RETAIL,Kg,kg,
2021-07-01,1.3,Beans (white),Central African Republic,Berbérati,RETAIL,Kg,kg,1.3
2021-08-01,1.4,Beans (white),Central African Republic,Berbérati,RETAIL,Kg,kg,1.4
2021-09-01,1.3,Beans (white),Central African Republic,Berbérati,RETAIL,Kg,kg,1.3
2021-10-01,1.18,Beans (white),Central African Republic,Berbérati,RETAIL,Kg,kg,1.18
2021-11-01,1.16,Beans (white),Central African Republic,Berbérati,RETAIL,Kg,kg,1.16
2021-12-01,0.86,Beans (white),Central African Republic,Berbérati,RETAIL,Kg,kg,0.86
2022-01-01,0.86,Beans (white),Central African Republic,Berbérati,RETAIL,Kg,kg,0.86
2022-02-01,0.86,Beans (white),Central African Republic,Berbérati,RETAIL,Kg,kg,0.86
2022-03-01,0.84,Beans (white),Central African Republic,Berbérati,RETAIL,Kg,kg,0.84
2022-04-01,0.82,Beans (white),Central African Republic,Berbérati,RETAIL,Kg,kg,0.82
2022-05-01,0.99,Beans (white),Central African Republic,Berbérati,RETAIL,Kg,kg,0.99
2022-06-01,0.98,Beans (white),Central African Republic,Berbérati,RETAIL,Kg,kg,0.98
2022-07-01,0.86,Beans (white),Central African Republic,Berbérati,RETAIL,Kg,kg,0.86
2022-08-01,0.94,Beans (white),Central African Republic,Berbérati,RETAIL,Kg,kg,0.94
2022-09-01,0.84,Beans (white),Central African Republic,Berbérati,RETAIL,Kg,kg,0.84
2022-10-01,0.92,Beans (white),Central African Republic,Berbérati,RETAIL,Kg,kg,0.92
2022-11-01,0.95,Beans (white),Central African Republic,Berbérati,RETAIL,Kg,kg,0.95
2022-12-01,0.81,Beans (white),Central African Republic,Berbérati,RETAIL,Kg,kg,0.81
2023-01-01,0.91,Beans (white),Central African Republic,Berbérati,RETAIL,Kg,kg,0.91
2023-02-01,0.91,Beans (white),Central African Republic,Berbérati,RETAIL,Kg,kg,0.91
2023-03-01,0.91,Beans (white),Central African Republic,Berbérati,RETAIL,Kg,kg,0.91
2023-04-01,0.93,Beans (white),Central African Republic,Berbérati,RETAIL,Kg,kg,0.93
2023-05-01,0.83,Beans (white),Central African Republic,Berbérati,RETAIL,Kg,kg,0.83
2023-06-01,0.92,Beans (white),Central African Republic,Berbérati,RETAIL,Kg,kg,0.92
2023-07-01,,Beans (white),Central African Republic,Berbérati,RETAIL,Kg,kg,
2023-08-01,1.02,Beans (white),Central African Republic,Berbérati,RETAIL,Kg,kg,1.02
2023-09-01,1.0,Beans (white),Central African Republic,Berbérati,RETAIL,Kg,kg,1.0
2023-10-01,0.98,Beans (white),Central African Republic,Berbérati,RETAIL,Kg,kg,0.98
2023-11-01,1.01,Beans (white),Central African Republic,Berbérati,RETAIL,Kg,kg,1.01
2023-12-01,0.92,Beans (white),Central African Republic,Berbérati,RETAIL,Kg,kg,0.92
2024-01-01,0.83,Beans (white),Central African Republic,Berbérati,RETAIL,Kg,kg,0.83
2024-02-01,0.82,Beans (white),Central African Republic,Berbérati,RETAIL,Kg,kg,0.82
2024-03-01,0.92,Beans (white),Central African Republic,Berbérati,RETAIL,Kg,kg,0.92
2024-04-01,1.0,Beans (white),Central African Republic,Berbérati,RETAIL,Kg,kg,1.0
2024-05-01,1.08,Beans (white),Central African Republic,Berbérati,RETAIL,Kg,kg,1.08
2024-06-01,1.09,Beans (white),Central African Republic,Berbérati,RETAIL,Kg,kg,1.09
2024-07-01,1.19,Beans (white),Central African Republic,Berbérati,RETAIL,Kg,kg,1.19
2024-08-01,1.31,Beans (white),Central African Republic,Berbérati,RETAIL,Kg,kg,1.31
2024-09-01,1.32,Beans (white),Central African Republic,Berbérati,RETAIL,Kg,kg,1.32
2024-10-01,1.2,Beans (white),Central African Republic,Berbérati,RETAIL,Kg,kg,1.2
2024-11-01,1.08,Beans (white),Central African Republic,Berbérati,RETAIL,Kg,kg,1.08
2024-12-01,0.78,Beans (white),Central African Republic,Berbérati,RETAIL,Kg,kg,0.78
2025-01-01,0.79,Beans (white),Central African Republic,Berbérati,RETAIL,Kg,kg,0.79
2025-02-01,0.79,Beans (white),Central African Republic,Berbérati,RETAIL,Kg,kg,0.79
2025-03-01,0.92,Beans (white),Central African Republic,Berbérati,RETAIL,Kg,kg,0.92
2025-04-01,1.0,Beans (white),Central African Republic,Berbérati,RETAIL,Kg,kg,1.0
2025-05-01,1.05,Beans (white),Central African Republic,Berbérati,RETAIL,Kg,kg,1.05
2025-06-01,1.07,Beans (white),Central African Republic,Berbérati,RETAIL,Kg,kg,1.07
2025-07-01,1.14,Beans (white),Central African Republic,Berbérati,RETAIL,Kg,kg,1.14
2025-08-01,1.18,Beans (white),Central African Republic,Berbérati,RETAIL,Kg,kg,1.18
2020-05-01,0.37,Beans (white),Central African Republic,Birao,RETAIL,Kg,kg,0.37
2020-06-01,0.33,Beans (white),Central African Republic,Birao,RETAIL,Kg,kg,0.33
2020-07-01,,Beans (white),Central African Republic,Birao,RETAIL,Kg,kg,
2020-08-01,0.5,Beans (white),Central African Republic,Birao,RETAIL,Kg,kg,0.5
2020-09-01,,Beans (white),Central African Republic,Birao,RETAIL,Kg,kg,
2020-10-01,0.65,Beans (white),Central African Republic,Birao,RETAIL,Kg,kg,0.65
2020-11-01,1.12,Beans (white),Central African Republic,Birao,RETAIL,Kg,kg,1.12
2020-12-01,1.24,Beans (white),Central African Republic,Birao,RETAIL,Kg,kg,1.24
2021-01-01,1.03,Beans (white),Central African Republic,Birao,RETAIL,Kg,kg,1.03
2021-02-01,0.5,Beans (white),Central African Republic,Birao,RETAIL,Kg,kg,0.5
2021-03-01,0.49,Beans (white),Central African Republic,Birao,RETAIL,Kg,kg,0.49
2021-04-01,0.56,Beans (white),Central African Republic,Birao,RETAIL,Kg,kg,0.56
2021-05-01,0.72,Beans (white),Central African Republic,Birao,RETAIL,Kg,kg,0.72
2021-06-01,,Beans (white),Central African Republic,Birao,RETAIL,Kg,kg,
2021-07-01,0.57,Beans (white),Central African Republic,Birao,RETAIL,Kg,kg,0.57
2021-08-01,0.65,Beans (white),Central African Republic,Birao,RETAIL,Kg,kg,0.65
2021-09-01,0.75,Beans (white),Central African Republic,Birao,RETAIL,Kg,kg,0.75
2021-10-01,,Beans (white),Central African Republic,Birao,RETAIL,Kg,kg,
2021-11-01,0.77,Beans (white),Central African Republic,Birao,RETAIL,Kg,kg,0.77
2021-12-01,0.67,Beans (white),Central African Republic,Birao,RETAIL,Kg,kg,0.67
2022-01-01,0.62,Beans (white),Central African Republic,Birao,RETAIL,Kg,kg,0.62
2022-02-01,0.67,Beans (white),Central African Republic,Birao,RETAIL,Kg,kg,0.67
2022-03-01,0.65,Beans (white),Central African Republic,Birao,RETAIL,Kg,kg,0.65
2022-04-01,0.82,Beans (white),Central African Republic,Birao,RETAIL,Kg,kg,0.82
2022-05-01,0.99,Beans (white),Central African Republic,Birao,RETAIL,Kg,kg,0.99
2022-06-01,1.07,Beans (white),Central African Republic,Birao,RETAIL,Kg,kg,1.07
2022-07-01,1.09,Beans (white),Central African Republic,Birao,RETAIL,Kg,kg,1.09
2022-08-01,,Beans (white),Central African Republic,Birao,RETAIL,Kg,kg,
2022-09-01,,Beans (white),Central African Republic,Birao,RETAIL,Kg,kg,
2022-10-01,,Beans (white),Central African Republic,Birao,RETAIL,Kg,kg,
2022-11-01,,Beans (white),Central African Republic,Birao,RETAIL,Kg,kg,
2022-12-01,0.78,Beans (white),Central African Republic,Birao,RETAIL,Kg,kg,0.78
2023-01-01,0.91,Beans (white),Central African Republic,Birao,RETAIL,Kg,kg,0.91
2023-02-01,1.0,Beans (white),Central African Republic,Birao,RETAIL,Kg,kg,1.0
2023-03-01,1.2,Beans (white),Central African Republic,Birao,RETAIL,Kg,kg,1.2
2023-04-01,1.3,Beans (white),Central African Republic,Birao,RETAIL,Kg,kg,1.3
2023-05-01,1.29,Beans (white),Central African Republic,Birao,RETAIL,Kg,kg,1.29
2023-06-01,1.38,Beans (white),Central African Republic,Birao,RETAIL,Kg,kg,1.38
2023-07-01,,Beans (white),Central African Republic,Birao,RETAIL,Kg,kg,
2023-08-01,1.48,Beans (white),Central African Republic,Birao,RETAIL,Kg,kg,1.48
2023-09-01,1.49,Beans (white),Central African Republic,Birao,RETAIL,Kg,kg,1.49
2023-10-01,1.57,Beans (white),Central African Republic,Birao,RETAIL,Kg,kg,1.57
2023-11-01,1.19,Beans (white),Central African Republic,Birao,RETAIL,Kg,kg,1.19
2023-12-01,,Beans (white),Central African Republic,Birao,RETAIL,Kg,kg,
2024-01-01,0.92,Beans (white),Central African Republic,Birao,RETAIL,Kg,kg,0.92
2024-02-01,1.01,Beans (white),Central African Republic,Birao,RETAIL,Kg,kg,1.01
2024-03-01,1.01,Beans (white),Central African Republic,Birao,RETAIL,Kg,kg,1.01
2024-04-01,1.09,Beans (white),Central African Republic,Birao,RETAIL,Kg,kg,1.09
2024-05-01,1.19,Beans (white),Central African Republic,Birao,RETAIL,Kg,kg,1.19
2024-06-01,1.16,Beans (white),Central African Republic,Birao,RETAIL,Kg,kg,1.16
2024-07-01,1.29,Beans (white),Central African Republic,Birao,RETAIL,Kg,kg,1.29
2024-08-01,1.31,Beans (white),Central African Republic,Birao,RETAIL,Kg,kg,1.31
2024-09-01,1.41,Beans (white),Central African Republic,Birao,RETAIL,Kg,kg,1.41
2024-10-01,1.48,Beans (white),Central African Republic,Birao,RETAIL,Kg,kg,1.48
2024-11-01,1.35,Beans (white),Central African Republic,Birao,RETAIL,Kg,kg,1.35
2024-12-01,0.89,Beans (white),Central African Republic,Birao,RETAIL,Kg,kg,0.89
2025-01-01,0.83,Beans (white),Central African Republic,Birao,RETAIL,Kg,kg,0.83
2025-02-01,0.84,Beans (white),Central African Republic,Birao,RETAIL,Kg,kg,0.84
2025-03-01,0.89,Beans (white),Central African Republic,Birao,RETAIL,Kg,kg,0.89
2025-04-01,1.04,Beans (white),Central African Republic,Birao,RETAIL,Kg,kg,1.04
2025-05-01,1.19,Beans (white),Central African Republic,Birao,RETAIL,Kg,kg,1.19
2025-06-01,1.37,Beans (white),Central African Republic,Birao,RETAIL,Kg,kg,1.37
2025-07-01,1.26,Beans (white),Central African Republic,Birao,RETAIL,Kg,kg,1.26
2025-08-01,1.33,Beans (white),Central African Republic,Birao,RETAIL,Kg,kg,1.33
2020-05-01,0.77,Beans (white),Central African Republic,Bossangoa,RETAIL,Kg,kg,0.77
2020-06-01,0.57,Beans (white),Central African Republic,Bossangoa,RETAIL,Kg,kg,0.57
2020-07-01,0.73,Beans (white),Central African Republic,Bossangoa,RETAIL,Kg,kg,0.73
2020-08-01,0.8,Beans (white),Central African Republic,Bossangoa,RETAIL,Kg,kg,0.8
2020-09-01,0.85,Beans (white),Central African Republic,Bossangoa,RETAIL,Kg,kg,0.85
2020-10-01,0.8,Beans (white),Central African Republic,Bossangoa,RETAIL,Kg,kg,0.8
2020-11-01,0.8,Beans (white),Central African Republic,Bossangoa,RETAIL,Kg,kg,0.8
2020-12-01,0.72,Beans (white),Central African Republic,Bossangoa,RETAIL,Kg,kg,0.72
2021-01-01,0.82,Beans (white),Central African Republic,Bossangoa,RETAIL,Kg,kg,0.82
2021-02-01,0.51,Beans (white),Central African Republic,Bossangoa,RETAIL,Kg,kg,0.51
2021-03-01,0.5,Beans (white),Central African Republic,Bossangoa,RETAIL,Kg,kg,0.5
2021-04-01,0.71,Beans (white),Central African Republic,Bossangoa,RETAIL,Kg,kg,0.71
2021-05-01,0.82,Beans (white),Central African Republic,Bossangoa,RETAIL,Kg,kg,0.82
2021-06-01,,Beans (white),Central African Republic,Bossangoa,RETAIL,Kg,kg,
2021-07-01,1.0,Beans (white),Central African Republic,Bossangoa,RETAIL,Kg,kg,1.0
2021-08-01,1.1,Beans (white),Central African Republic,Bossangoa,RETAIL,Kg,kg,1.1
2021-09-01,1.1,Beans (white),Central African Republic,Bossangoa,RETAIL,Kg,kg,1.1
2021-10-01,,Beans (white),Central African Republic,Bossangoa,RETAIL,Kg,kg,
2021-11-01,,Beans (white),Central African Republic,Bossangoa,RETAIL,Kg,kg,
2021-12-01,0.77,Beans (white),Central African Republic,Bossangoa,RETAIL,Kg,kg,0.77
2022-01-01,0.67,Beans (white),Central African Republic,Bossangoa,RETAIL,Kg,kg,0.67
2022-02-01,0.67,Beans (white),Central African Republic,Bossangoa,RETAIL,Kg,kg,0.67
2022-03-01,1.03,Beans (white),Central African Republic,Bossangoa,RETAIL,Kg,kg,1.03
2022-04-01,0.82,Beans (white),Central African Republic,Bossangoa,RETAIL,Kg,kg,0.82
2022-05-01,0.9,Beans (white),Central African Republic,Bossangoa,RETAIL,Kg,kg,0.9
2022-06-01,0.9,Beans (white),Central African Republic,Bossangoa,RETAIL,Kg,kg,0.9
2022-07-01,0.6,Beans (white),Central African Republic,Bossangoa,RETAIL,Kg,kg,0.6
2022-08-01,0.6,Beans (white),Central African Republic,Bossangoa,RETAIL,Kg,kg,0.6
2022-09-01,0.67,Beans (white),Central African Republic,Bossangoa,RETAIL,Kg,kg,0.67
2022-10-01,0.67,Beans (white),Central African Republic,Bossangoa,RETAIL,Kg,kg,0.67
2022-11-01,0.69,Beans (white),Central African Republic,Bossangoa,RETAIL,Kg,kg,0.69
2022-12-01,0.67,Beans (white),Central African Republic,Bossangoa,RETAIL,Kg,kg,0.67
2023-01-01,0.68,Beans (white),Central African Republic,Bossangoa,RETAIL,Kg,kg,0.68
2023-02-01,0.73,Beans (white),Central African Republic,Bossangoa,RETAIL,Kg,kg,0.73
2023-03-01,0.72,Beans (white),Central African Republic,Bossangoa,RETAIL,Kg,kg,0.72
2023-04-01,0.74,Beans (white),Central African Republic,Bossangoa,RETAIL,Kg,kg,0.74
2023-05-01,0.74,Beans (white),Central African Republic,Bossangoa,RETAIL,Kg,kg,0.74
2023-06-01,0.83,Beans (white),Central African Republic,Bossangoa,RETAIL,Kg,kg,0.83
2023-07-01,,Beans (white),Central African Republic,Bossangoa,RETAIL,Kg,kg,
2023-08-01,0.92,Beans (white),Central African Republic,Bossangoa,RETAIL,Kg,kg,0.92
2023-09-01,0.91,Beans (white),Central African Republic,Bossangoa,RETAIL,Kg,kg,0.91
2023-10-01,0.85,Beans (white),Central African Republic,Bossangoa,RETAIL,Kg,kg,0.85
2023-11-01,0.73,Beans (white),Central African Republic,Bossangoa,RETAIL,Kg,kg,0.73
2023-12-01,0.65,Beans (white),Central African Republic,Bossangoa,RETAIL,Kg,kg,0.65
2024-01-01,0.65,Beans (white),Central African Republic,Bossangoa,RETAIL,Kg,kg,0.65
2024-02-01,0.66,Beans (white),Central African Republic,Bossangoa,RETAIL,Kg,kg,0.66
2024-03-01,0.67,Beans (white),Central African Republic,Bossangoa,RETAIL,Kg,kg,0.67
2024-04-01,0.66,Beans (white),Central African Republic,Bossangoa,RETAIL,Kg,kg,0.66
2024-05-01,0.69,Beans (white),Central African Republic,Bossangoa,RETAIL,Kg,kg,0.69
2024-06-01,0.73,Beans (white),Central African Republic,Bossangoa,RETAIL,Kg,kg,0.73
2024-07-01,0.73,Beans (white),Central African Republic,Bossangoa,RETAIL,Kg,kg,0.73
2024-08-01,1.03,Beans (white),Central African Republic,Bossangoa,RETAIL,Kg,kg,1.03
2024-09-01,1.08,Beans (white),Central African Republic,Bossangoa,RETAIL,Kg,kg,1.08
2024-10-01,0.92,Beans (white),Central African Republic,Bossangoa,RETAIL,Kg,kg,0.92
2024-11-01,0.74,Beans (white),Central African Republic,Bossangoa,RETAIL,Kg,kg,0.74
2024-12-01,0.64,Beans (white),Central African Republic,Bossangoa,RETAIL,Kg,kg,0.64
2025-01-01,0.61,Beans (white),Central African Republic,Bossangoa,RETAIL,Kg,kg,0.61
2025-02-01,0.55,Beans (white),Central African Republic,Bossangoa,RETAIL,Kg,kg,0.55
2025-03-01,0.69,Beans (white),Central African Republic,Bossangoa,RETAIL,Kg,kg,0.69
2025-04-01,0.85,Beans (white),Central African Republic,Bossangoa,RETAIL,Kg,kg,0.85
2025-05-01,,Beans (white),Central African Republic,Bossangoa,RETAIL,Kg,kg,
2025-06-01,0.98,Beans (white),Central African Republic,Bossangoa,RETAIL,Kg,kg,0.98
2025-07-01,0.99,Beans (white),Central African Republic,Bossangoa,RETAIL,Kg,kg,0.99
2025-08-01,1.09,Beans (white),Central African Republic,Bossangoa,RETAIL,Kg,kg,1.09
2020-03-01,0.57,Beans (white),Central African Republic,National Average,RETAIL,Kg,kg,0.57
2020-04-01,0.58,Beans (white),Central African Republic,National Average,RETAIL,Kg,kg,0.58
2020-05-01,0.61,Beans (white),Central African Republic,National Average,RETAIL,Kg,kg,0.61
2020-06-01,0.62,Beans (white),Central African Republic,National Average,RETAIL,Kg,kg,0.62
2020-07-01,0.75,Beans (white),Central African Republic,National Average,RETAIL,Kg,kg,0.75
2020-08-01,0.85,Beans (white),Central African Republic,National Average,RETAIL,Kg,kg,0.85
2020-09-01,0.78,Beans (white),Central African Republic,National Average,RETAIL,Kg,kg,0.78
2020-10-01,0.87,Beans (white),Central African Republic,National Average,RETAIL,Kg,kg,0.87
2020-11-01,0.91,Beans (white),Central African Republic,National Average,RETAIL,Kg,kg,0.91
2020-12-01,0.86,Beans (white),Central African Republic,National Average,RETAIL,Kg,kg,0.86
2021-01-01,0.88,Beans (white),Central African Republic,National Average,RETAIL,Kg,kg,0.88
2021-02-01,0.87,Beans (white),Central African Republic,National Average,RETAIL,Kg,kg,0.87
2021-03-01,0.83,Beans (white),Central African Republic,National Average,RETAIL,Kg,kg,0.83
2021-04-01,0.85,Beans (white),Central African Republic,National Average,RETAIL,Kg,kg,0.85
2021-05-01,0.94,Beans (white),Central African Republic,National Average,RETAIL,Kg,kg,0.94
2021-06-01,0.91,Beans (white),Central African Republic,National Average,RETAIL,Kg,kg,0.91
2021-07-01,1.01,Beans (white),Central African Republic,National Average,RETAIL,Kg,kg,1.01
2021-08-01,1.05,Beans (white),Central African Republic,National Average,RETAIL,Kg,kg,1.05
2021-09-01,1.03,Beans (white),Central African Republic,National Average,RETAIL,Kg,kg,1.03
2021-10-01,1.01,Beans (white),Central African Republic,National Average,RETAIL,Kg,kg,1.01
2021-11-01,1.08,Beans (white),Central African Republic,National Average,RETAIL,Kg,kg,1.08
2021-12-01,0.78,Beans (white),Central African Republic,National Average,RETAIL,Kg,kg,0.78
2022-01-01,0.73,Beans (white),Central African Republic,National Average,RETAIL,Kg,kg,0.73
2022-02-01,0.76,Beans (white),Central African Republic,National Average,RETAIL,Kg,kg,0.76
2022-03-01,0.77,Beans (white),Central African Republic,National Average,RETAIL,Kg,kg,0.77
2022-04-01,0.81,Beans (white),Central African Republic,National Average,RETAIL,Kg,kg,0.81
2022-05-01,0.87,Beans (white),Central African Republic,National Average,RETAIL,Kg,kg,0.87
2022-06-01,0.91,Beans (white),Central African Republic,National Average,RETAIL,Kg,kg,0.91
2022-07-01,0.87,Beans (white),Central African Republic,National Average,RETAIL,Kg,kg,0.87
2022-08-01,0.91,Beans (white),Central African Republic,National Average,RETAIL,Kg,kg,0.91
2022-09-01,0.9,Beans (white),Central African Republic,National Average,RETAIL,Kg,kg,0.9
2022-10-01,0.9,Beans (white),Central African Republic,National Average,RETAIL,Kg,kg,0.9
2022-11-01,0.91,Beans (white),Central African Republic,National Average,RETAIL,Kg,kg,0.91
2022-12-01,0.74,Beans (white),Central African Republic,National Average,RETAIL,Kg,kg,0.74
2023-01-01,0.86,Beans (white),Central African Republic,National Average,RETAIL,Kg,kg,0.86
2023-02-01,0.91,Beans (white),Central African Republic,National Average,RETAIL,Kg,kg,0.91
2023-03-01,0.9,Beans (white),Central African Republic,National Average,RETAIL,Kg,kg,0.9
2023-04-01,0.88,Beans (white),Central African Republic,National Average,RETAIL,Kg,kg,0.88
2023-05-01,0.95,Beans (white),Central African Republic,National Average,RETAIL,Kg,kg,0.95
2023-06-01,1.04,Beans (white),Central African Republic,National Average,RETAIL,Kg,kg,1.04
2023-07-01,,Beans (white),Central African Republic,National Average,RETAIL,Kg,kg,
2023-08-01,1.08,Beans (white),Central African Republic,National Average,RETAIL,Kg,kg,1.08
2023-09-01,1.03,Beans (white),Central African Republic,National Average,RETAIL,Kg,kg,1.03
2023-10-01,1.03,Beans (white),Central African Republic,National Average,RETAIL,Kg,kg,1.03
2023-11-01,0.99,Beans (white),Central African Republic,National Average,RETAIL,Kg,kg,0.99
2023-12-01,0.8,Beans (white),Central African Republic,National Average,RETAIL,Kg,kg,0.8
2024-01-01,0.73,Beans (white),Central African Republic,National Average,RETAIL,Kg,kg,0.73
2024-02-01,0.74,Beans (white),Central African Republic,National Average,RETAIL,Kg,kg,0.74
2024-03-01,0.76,Beans (white),Central African Republic,National Average,RETAIL,Kg,kg,0.76
2024-04-01,0.8,Beans (white),Central African Republic,National Average,RETAIL,Kg,kg,0.8
2024-05-01,0.86,Beans (white),Central African Republic,National Average,RETAIL,Kg,kg,0.86
2024-06-01,0.88,Beans (white),Central African Republic,National Average,RETAIL,Kg,kg,0.88
2024-07-01,0.94,Beans (white),Central African Republic,National Average,RETAIL,Kg,kg,0.94
2024-08-01,1.03,Beans (white),Central African Republic,National Average,RETAIL,Kg,kg,1.03
2024-09-01,1.07,Beans (white),Central African Republic,National Average,RETAIL,Kg,kg,1.07
2024-10-01,0.97,Beans (white),Central African Republic,National Average,RETAIL,Kg,kg,0.97
2024-11-01,0.89,Beans (white),Central African Republic,National Average,RETAIL,Kg,kg,0.89
2024-12-01,0.74,Beans (white),Central African Republic,National Average,RETAIL,Kg,kg,0.74
2025-01-01,0.71,Beans (white),Central African Republic,National Average,RETAIL,Kg,kg,0.71
2025-02-01,0.67,Beans (white),Central African Republic,National Average,RETAIL,Kg,kg,0.67
2025-03-01,0.77,Beans (white),Central African Republic,National Average,RETAIL,Kg,kg,0.77
2025-04-01,0.9,Beans (white),Central African Republic,National Average,RETAIL,Kg,kg,0.9
2025-05-01,0.98,Beans (white),Central African Republic,National Average,RETAIL,Kg,kg,0.98
2025-06-01,1.03,Beans (white),Central African Republic,National Average,RETAIL,Kg,kg,1.03
2025-07-01,1.06,Beans (white),Central African Republic,National Average,RETAIL,Kg,kg,1.06
2025-08-01,1.09,Beans (white),Central African Republic,National Average,RETAIL,Kg,kg,1.09
2020-08-01,0.9,Beans (white),Central African Republic,Ndélé,RETAIL,Kg,kg,0.9
2020-09-01,,Beans (white),Central African Republic,Ndélé,RETAIL,Kg,kg,
2020-10-01,1.0,Beans (white),Central African Republic,Ndélé,RETAIL,Kg,kg,1.0
2020-11-01,0.9,Beans (white),Central African Republic,Ndélé,RETAIL,Kg,kg,0.9
2020-12-01,0.93,Beans (white),Central African Republic,Ndélé,RETAIL,Kg,kg,0.93
2021-01-01,0.93,Beans (white),Central African Republic,Ndélé,RETAIL,Kg,kg,0.93
2021-02-01,0.82,Beans (white),Central African Republic,Ndélé,RETAIL,Kg,kg,0.82
2021-03-01,0.81,Beans (white),Central African Republic,Ndélé,RETAIL,Kg,kg,0.81
2021-04-01,0.86,Beans (white),Central African Republic,Ndélé,RETAIL,Kg,kg,0.86
2021-05-01,0.93,Beans (white),Central African Republic,Ndélé,RETAIL,Kg,kg,0.93
2021-06-01,,Beans (white),Central African Republic,Ndélé,RETAIL,Kg,kg,
2021-07-01,0.7,Beans (white),Central African Republic,Ndélé,RETAIL,Kg,kg,0.7
2021-08-01,0.75,Beans (white),Central African Republic,Ndélé,RETAIL,Kg,kg,0.75
2021-09-01,0.8,Beans (white),Central African Republic,Ndélé,RETAIL,Kg,kg,0.8
2021-10-01,0.76,Beans (white),Central African Republic,Ndélé,RETAIL,Kg,kg,0.76
2021-11-01,0.68,Beans (white),Central African Republic,Ndélé,RETAIL,Kg,kg,0.68
2021-12-01,0.67,Beans (white),Central African Republic,Ndélé,RETAIL,Kg,kg,0.67
2022-01-01,0.57,Beans (white),Central African Republic,Ndélé,RETAIL,Kg,kg,0.57
2022-02-01,0.67,Beans (white),Central African Republic,Ndélé,RETAIL,Kg,kg,0.67
2022-03-01,0.65,Beans (white),Central African Republic,Ndélé,RETAIL,Kg,kg,0.65
2022-04-01,0.73,Beans (white),Central African Republic,Ndélé,RETAIL,Kg,kg,0.73
2022-05-01,0.81,Beans (white),Central African Republic,Ndélé,RETAIL,Kg,kg,0.81
2022-06-01,0.9,Beans (white),Central African Republic,Ndélé,RETAIL,Kg,kg,0.9
2022-07-01,0.6,Beans (white),Central African Republic,Ndélé,RETAIL,Kg,kg,0.6
2022-08-01,0.69,Beans (white),Central African Republic,Ndélé,RETAIL,Kg,kg,0.69
2022-09-01,0.73,Beans (white),Central African Republic,Ndélé,RETAIL,Kg,kg,0.73
2022-10-01,0.75,Beans (white),Central African Republic,Ndélé,RETAIL,Kg,kg,0.75
2022-11-01,0.78,Beans (white),Central African Republic,Ndélé,RETAIL,Kg,kg,0.78
2022-12-01,0.72,Beans (white),Central African Republic,Ndélé,RETAIL,Kg,kg,0.72
2023-01-01,0.82,Beans (white),Central African Republic,Ndélé,RETAIL,Kg,kg,0.82
2023-02-01,0.91,Beans (white),Central African Republic,Ndélé,RETAIL,Kg,kg,0.91
2023-03-01,0.91,Beans (white),Central African Republic,Ndélé,RETAIL,Kg,kg,0.91
2023-04-01,0.97,Beans (white),Central African Republic,Ndélé,RETAIL,Kg,kg,0.97
2023-05-01,1.01,Beans (white),Central African Republic,Ndélé,RETAIL,Kg,kg,1.01
2023-06-01,1.1,Beans (white),Central African Republic,Ndélé,RETAIL,Kg,kg,1.1
2023-07-01,,Beans (white),Central African Republic,Ndélé,RETAIL,Kg,kg,
2023-08-01,1.11,Beans (white),Central African Republic,Ndélé,RETAIL,Kg,kg,1.11
2023-09-01,1.09,Beans (white),Central African Republic,Ndélé,RETAIL,Kg,kg,1.09
2023-10-01,0.98,Beans (white),Central African Republic,Ndélé,RETAIL,Kg,kg,0.98
2023-11-01,0.87,Beans (white),Central African Republic,Ndélé,RETAIL,Kg,kg,0.87
2023-12-01,0.83,Beans (white),Central African Republic,Ndélé,RETAIL,Kg,kg,0.83
2024-01-01,0.74,Beans (white),Central African Republic,Ndélé,RETAIL,Kg,kg,0.74
2024-02-01,0.78,Beans (white),Central African Republic,Ndélé,RETAIL,Kg,kg,0.78
2024-03-01,0.76,Beans (white),Central African Republic,Ndélé,RETAIL,Kg,kg,0.76
2024-04-01,0.77,Beans (white),Central African Republic,Ndélé,RETAIL,Kg,kg,0.77
2024-05-01,0.82,Beans (white),Central African Republic,Ndélé,RETAIL,Kg,kg,0.82
2024-06-01,0.91,Beans (white),Central African Republic,Ndélé,RETAIL,Kg,kg,0.91
2024-07-01,,Beans (white),Central African Republic,Ndélé,RETAIL,Kg,kg,
2024-08-01,0.93,Beans (white),Central African Republic,Ndélé,RETAIL,Kg,kg,0.93
2024-09-01,0.99,Beans (white),Central African Republic,Ndélé,RETAIL,Kg,kg,0.99
2024-10-01,0.83,Beans (white),Central African Republic,Ndélé,RETAIL,Kg,kg,0.83
2024-11-01,0.72,Beans (white),Central African Republic,Ndélé,RETAIL,Kg,kg,0.72
2024-12-01,0.75,Beans (white),Central African Republic,Ndélé,RETAIL,Kg,kg,0.75
2025-01-01,0.68,Beans (white),Central African Republic,Ndélé,RETAIL,Kg,kg,0.68
2025-02-01,0.66,Beans (white),Central African Republic,Ndélé,RETAIL,Kg,kg,0.66
2025-03-01,0.73,Beans (white),Central African Republic,Ndélé,RETAIL,Kg,kg,0.73
2025-04-01,,Beans (white),Central African Republic,Ndélé,RETAIL,Kg,kg,
2025-05-01,0.96,Beans (white),Central African Republic,Ndélé,RETAIL,Kg,kg,0.96
2025-06-01,0.98,Beans (white),Central African Republic,Ndélé,RETAIL,Kg,kg,0.98
2025-07-01,0.99,Beans (white),Central African Republic,Ndélé,RETAIL,Kg,kg,0.99
2025-08-01,1.04,Beans (white),Central African Republic,Ndélé,RETAIL,Kg,kg,1.04
2020-05-01,0.65,Beans (white),Central African Republic,Ngaoundaye,RETAIL,Kg,kg,0.65
2020-06-01,0.67,Beans (white),Central African Republic,Ngaoundaye,RETAIL,Kg,kg,0.67
2020-07-01,0.7,Beans (white),Central African Republic,Ngaoundaye,RETAIL,Kg,kg,0.7
2020-08-01,0.65,Beans (white),Central African Republic,Ngaoundaye,RETAIL,Kg,kg,0.65
2020-09-01,0.7,Beans (white),Central African Republic,Ngaoundaye,RETAIL,Kg,kg,0.7
2020-10-01,0.75,Beans (white),Central African Republic,Ngaoundaye,RETAIL,Kg,kg,0.75
2020-11-01,0.7,Beans (white),Central African Republic,Ngaoundaye,RETAIL,Kg,kg,0.7
2020-12-01,,Beans (white),Central African Republic,Ngaoundaye,RETAIL,Kg,kg,
2021-01-01,0.72,Beans (white),Central African Republic,Ngaoundaye,RETAIL,Kg,kg,0.72
2021-02-01,0.72,Beans (white),Central African Republic,Ngaoundaye,RETAIL,Kg,kg,0.72
2021-03-01,0.65,Beans (white),Central African Republic,Ngaoundaye,RETAIL,Kg,kg,0.65
2021-04-01,0.71,Beans (white),Central African Republic,Ngaoundaye,RETAIL,Kg,kg,0.71
2021-05-01,0.82,Beans (white),Central African Republic,Ngaoundaye,RETAIL,Kg,kg,0.82
2021-06-01,,Beans (white),Central African Republic,Ngaoundaye,RETAIL,Kg,kg,
2021-07-01,,Beans (white),Central African Republic,Ngaoundaye,RETAIL,Kg,kg,
2021-08-01,0.85,Beans (white),Central African Republic,Ngaoundaye,RETAIL,Kg,kg,0.85
2021-09-01,0.8,Beans (white),Central African Republic,Ngaoundaye,RETAIL,Kg,kg,0.8
2021-10-01,,Beans (white),Central African Republic,Ngaoundaye,RETAIL,Kg,kg,
2021-11-01,,Beans (white),Central African Republic,Ngaoundaye,RETAIL,Kg,kg,
2021-12-01,,Beans (white),Central African Republic,Ngaoundaye,RETAIL,Kg,kg,
2022-01-01,0.62,Beans (white),Central African Republic,Ngaoundaye,RETAIL,Kg,kg,0.62
2022-02-01,0.67,Beans (white),Central African Republic,Ngaoundaye,RETAIL,Kg,kg,0.67
2022-03-01,0.65,Beans (white),Central African Republic,Ngaoundaye,RETAIL,Kg,kg,0.65
2022-04-01,0.69,Beans (white),Central African Republic,Ngaoundaye,RETAIL,Kg,kg,0.69
2022-05-01,0.72,Beans (white),Central African Republic,Ngaoundaye,RETAIL,Kg,kg,0.72
2022-06-01,0.72,Beans (white),Central African Republic,Ngaoundaye,RETAIL,Kg,kg,0.72
2022-07-01,0.9,Beans (white),Central African Republic,Ngaoundaye,RETAIL,Kg,kg,0.9
2022-08-01,0.77,Beans (white),Central African Republic,Ngaoundaye,RETAIL,Kg,kg,0.77
2022-09-01,1.01,Beans (white),Central African Republic,Ngaoundaye,RETAIL,Kg,kg,1.01
2022-10-01,0.75,Beans (white),Central African Republic,Ngaoundaye,RETAIL,Kg,kg,0.75
2022-11-01,0.69,Beans (white),Central African Republic,Ngaoundaye,RETAIL,Kg,kg,0.69
2022-12-01,0.63,Beans (white),Central African Republic,Ngaoundaye,RETAIL,Kg,kg,0.63
2023-01-01,0.64,Beans (white),Central African Republic,Ngaoundaye,RETAIL,Kg,kg,0.64
2023-02-01,0.66,Beans (white),Central African Republic,Ngaoundaye,RETAIL,Kg,kg,0.66
2023-03-01,0.66,Beans (white),Central African Republic,Ngaoundaye,RETAIL,Kg,kg,0.66
2023-04-01,0.7,Beans (white),Central African Republic,Ngaoundaye,RETAIL,Kg,kg,0.7
2023-05-01,0.69,Beans (white),Central African Republic,Ngaoundaye,RETAIL,Kg,kg,0.69
2023-06-01,0.69,Beans (white),Central African Republic,Ngaoundaye,RETAIL,Kg,kg,0.69
2023-07-01,,Beans (white),Central African Republic,Ngaoundaye,RETAIL,Kg,kg,
2023-08-01,0.74,Beans (white),Central African Republic,Ngaoundaye,RETAIL,Kg,kg,0.74
2023-09-01,0.72,Beans (white),Central African Republic,Ngaoundaye,RETAIL,Kg,kg,0.72
2023-10-01,0.67,Beans (white),Central African Republic,Ngaoundaye,RETAIL,Kg,kg,0.67
2023-11-01,0.73,Beans (white),Central African Republic,Ngaoundaye,RETAIL,Kg,kg,0.73
2023-12-01,0.58,Beans (white),Central African Republic,Ngaoundaye,RETAIL,Kg,kg,0.58
2024-01-01,0.42,Beans (white),Central African Republic,Ngaoundaye,RETAIL,Kg,kg,0.42
2024-02-01,0.41,Beans (white),Central African Republic,Ngaoundaye,RETAIL,Kg,kg,0.41
2024-03-01,0.46,Beans (white),Central African Republic,Ngaoundaye,RETAIL,Kg,kg,0.46
2024-04-01,0.5,Beans (white),Central African Republic,Ngaoundaye,RETAIL,Kg,kg,0.5
2024-05-01,0.62,Beans (white),Central African Republic,Ngaoundaye,RETAIL,Kg,kg,0.62
2024-06-01,0.57,Beans (white),Central African Republic,Ngaoundaye,RETAIL,Kg,kg,0.57
2024-07-01,0.64,Beans (white),Central African Republic,Ngaoundaye,RETAIL,Kg,kg,0.64
2024-08-01,0.7,Beans (white),Central African Republic,Ngaoundaye,RETAIL,Kg,kg,0.7
2024-09-01,0.52,Beans (white),Central African Republic,Ngaoundaye,RETAIL,Kg,kg,0.52
2024-10-01,0.65,Beans (white),Central African Republic,Ngaoundaye,RETAIL,Kg,kg,0.65
2024-11-01,0.59,Beans (white),Central African Republic,Ngaoundaye,RETAIL,Kg,kg,0.59
2024-12-01,0.44,Beans (white),Central African Republic,Ngaoundaye,RETAIL,Kg,kg,0.44
2025-01-01,0.44,Beans (white),Central African Republic,Ngaoundaye,RETAIL,Kg,kg,0.44
2025-02-01,0.42,Beans (white),Central African Republic,Ngaoundaye,RETAIL,Kg,kg,0.42
2025-03-01,0.55,Beans (white),Central African Republic,Ngaoundaye,RETAIL,Kg,kg,0.55
2025-04-01,0.69,Beans (white),Central African Republic,Ngaoundaye,RETAIL,Kg,kg,0.69
2025-05-01,,Beans (white),Central African Republic,Ngaoundaye,RETAIL,Kg,kg,
2025-06-01,,Beans (white),Central African Republic,Ngaoundaye,RETAIL,Kg,kg,
2025-07-01,0.89,Beans (white),Central African Republic,Ngaoundaye,RETAIL,Kg,kg,0.89
2025-08-01,0.79,Beans (white),Central African Republic,Ngaoundaye,RETAIL,Kg,kg,0.79
2012-04-01,1.01,Beans (white),Djibouti,Dikhil,RETAIL,Kg,kg,1.01
2012-05-01,1.01,Beans (white),Djibouti,Dikhil,RETAIL,Kg,kg,1.01
2012-06-01,1.01,Beans (white),Djibouti,Dikhil,RETAIL,Kg,kg,1.01
2012-07-01,1.01,Beans (white),Djibouti,Dikhil,RETAIL,Kg,kg,1.01
2012-08-01,1.01,Beans (white),Djibouti,Dikhil,RETAIL,Kg,kg,1.01
2012-09-01,1.01,Beans (white),Djibouti,Dikhil,RETAIL,Kg,kg,1.01
2012-10-01,1.01,Beans (white),Djibouti,Dikhil,RETAIL,Kg,kg,1.01
2012-11-01,1.1,Beans (white),Djibouti,Dikhil,RETAIL,Kg,kg,1.1
2012-12-01,1.1,Beans (white),Djibouti,Dikhil,RETAIL,Kg,kg,1.1
2013-01-01,0.96,Beans (white),Djibouti,Dikhil,RETAIL,Kg,kg,0.96
2013-02-01,0.9,Beans (white),Djibouti,Dikhil,RETAIL,Kg,kg,0.9
2013-03-01,0.9,Beans (white),Djibouti,Dikhil,RETAIL,Kg,kg,0.9
2013-04-01,0.79,Beans (white),Djibouti,Dikhil,RETAIL,Kg,kg,0.79
2013-05-01,0.79,Beans (white),Djibouti,Dikhil,RETAIL,Kg,kg,0.79
2013-06-01,0.79,Beans (white),Djibouti,Dikhil,RETAIL,Kg,kg,0.79
2013-07-01,0.79,Beans (white),Djibouti,Dikhil,RETAIL,Kg,kg,0.79
2013-08-01,0.79,Beans (white),Djibouti,Dikhil,RETAIL,Kg,kg,0.79
2013-09-01,0.79,Beans (white),Djibouti,Dikhil,RETAIL,Kg,kg,0.79
2013-10-01,0.79,Beans (white),Djibouti,Dikhil,RETAIL,Kg,kg,0.79
2013-11-01,0.79,Beans (white),Djibouti,Dikhil,RETAIL,Kg,kg,0.79
2013-12-01,0.79,Beans (white),Djibouti,Dikhil,RETAIL,Kg,kg,0.79
2014-01-01,0.79,Beans (white),Djibouti,Dikhil,RETAIL,Kg,kg,0.79
2014-02-01,,Beans (white),Djibouti,Dikhil,RETAIL,Kg,kg,
2014-03-01,0.79,Beans (white),Djibouti,Dikhil,RETAIL,Kg,kg,0.79
2014-04-01,0.79,Beans (white),Djibouti,Dikhil,RETAIL,Kg,kg,0.79
2014-05-01,0.79,Beans (white),Djibouti,Dikhil,RETAIL,Kg,kg,0.79
2014-06-01,0.79,Beans (white),Djibouti,Dikhil,RETAIL,Kg,kg,0.79
2014-07-01,0.79,Beans (white),Djibouti,Dikhil,RETAIL,Kg,kg,0.79
2014-08-01,1.02,Beans (white),Djibouti,Dikhil,RETAIL,Kg,kg,1.02
2014-09-01,1.24,Beans (white),Djibouti,Dikhil,RETAIL,Kg,kg,1.24
2014-10-01,1.24,Beans (white),Djibouti,Dikhil,RETAIL,Kg,kg,1.24
2014-11-01,1.24,Beans (white),Djibouti,Dikhil,RETAIL,Kg,kg,1.24
2014-12-01,1.24,Beans (white),Djibouti,Dikhil,RETAIL,Kg,kg,1.24
2015-01-01,1.24,Beans (white),Djibouti,Dikhil,RETAIL,Kg,kg,1.24
2015-02-01,1.64,Beans (white),Djibouti,Dikhil,RETAIL,Kg,kg,1.64
2015-03-01,1.64,Beans (white),Djibouti,Dikhil,RETAIL,Kg,kg,1.64
2015-04-01,1.24,Beans (white),Djibouti,Dikhil,RETAIL,Kg,kg,1.24
2015-05-01,1.24,Beans (white),Djibouti,Dikhil,RETAIL,Kg,kg,1.24
2015-06-01,1.27,Beans (white),Djibouti,Dikhil,RETAIL,Kg,kg,1.27
2015-07-01,,Beans (white),Djibouti,Dikhil,RETAIL,Kg,kg,
2015-08-01,,Beans (white),Djibouti,Dikhil,RETAIL,Kg,kg,
2015-09-01,,Beans (white),Djibouti,Dikhil,RETAIL,Kg,kg,
2015-10-01,1.15,Beans (white),Djibouti,Dikhil,RETAIL,Kg,kg,1.15
2015-11-01,1.12,Beans (white),Djibouti,Dikhil,RETAIL,Kg,kg,1.12
2015-12-01,1.04,Beans (white),Djibouti,Dikhil,RETAIL,Kg,kg,1.04
2016-01-01,1.04,Beans (white),Djibouti,Dikhil,RETAIL,Kg,kg,1.04
2016-02-01,1.04,Beans (white),Djibouti,Dikhil,RETAIL,Kg,kg,1.04
2016-03-01,1.03,Beans (white),Djibouti,Dikhil,RETAIL,Kg,kg,1.03
2016-04-01,,Beans (white),Djibouti,Dikhil,RETAIL,Kg,kg,
2016-05-01,1.01,Beans (white),Djibouti,Dikhil,RETAIL,Kg,kg,1.01
2016-06-01,1.01,Beans (white),Djibouti,Dikhil,RETAIL,Kg,kg,1.01
2016-07-01,1.01,Beans (white),Djibouti,Dikhil,RETAIL,Kg,kg,1.01
2016-08-01,1.01,Beans (white),Djibouti,Dikhil,RETAIL,Kg,kg,1.01
2016-09-01,1.04,Beans (white),Djibouti,Dikhil,RETAIL,Kg,kg,1.04
2016-10-01,,Beans (white),Djibouti,Dikhil,RETAIL,Kg,kg,
2016-11-01,,Beans (white),Djibouti,Dikhil,RETAIL,Kg,kg,
2016-12-01,1.04,Beans (white),Djibouti,Dikhil,RETAIL,Kg,kg,1.04
2017-01-01,1.04,Beans (white),Djibouti,Dikhil,RETAIL,Kg,kg,1.04
2017-02-01,1.04,Beans (white),Djibouti,Dikhil,RETAIL,Kg,kg,1.04
2017-03-01,1.04,Beans (white),Djibouti,Dikhil,RETAIL,Kg,kg,1.04
2017-04-01,1.04,Beans (white),Djibouti,Dikhil,RETAIL,Kg,kg,1.04
2017-05-01,1.04,Beans (white),Djibouti,Dikhil,RETAIL,Kg,kg,1.04
2017-06-01,1.04,Beans (white),Djibouti,Dikhil,RETAIL,Kg,kg,1.04
2017-07-01,1.04,Beans (white),Djibouti,Dikhil,RETAIL,Kg,kg,1.04
2017-08-01,1.04,Beans (white),Djibouti,Dikhil,RETAIL,Kg,kg,1.04
2017-09-01,1.15,Beans (white),Djibouti,Dikhil,RETAIL,Kg,kg,1.15
2017-10-01,1.1,Beans (white),Djibouti,Dikhil,RETAIL,Kg,kg,1.1
2017-11-01,1.01,Beans (white),Djibouti,Dikhil,RETAIL,Kg,kg,1.01
2017-12-01,1.13,Beans (white),Djibouti,Dikhil,RETAIL,Kg,kg,1.13
2018-01-01,1.15,Beans (white),Djibouti,Dikhil,RETAIL,Kg,kg,1.15
2018-02-01,1.24,Beans (white),Djibouti,Dikhil,RETAIL,Kg,kg,1.24
2018-03-01,1.24,Beans (white),Djibouti,Dikhil,RETAIL,Kg,kg,1.24
2018-04-01,1.24,Beans (white),Djibouti,Dikhil,RETAIL,Kg,kg,1.24
2018-05-01,1.24,Beans (white),Djibouti,Dikhil,RETAIL,Kg,kg,1.24
2018-06-01,1.28,Beans (white),Djibouti,Dikhil,RETAIL,Kg,kg,1.28
2018-07-01,1.41,Beans (white),Djibouti,Dikhil,RETAIL,Kg,kg,1.41
2018-08-01,1.41,Beans (white),Djibouti,Dikhil,RETAIL,Kg,kg,1.41
2018-09-01,1.41,Beans (white),Djibouti,Dikhil,RETAIL,Kg,kg,1.41
2018-10-01,1.41,Beans (white),Djibouti,Dikhil,RETAIL,Kg,kg,1.41
2018-11-01,1.41,Beans (white),Djibouti,Dikhil,RETAIL,Kg,kg,1.41
2018-12-01,1.29,Beans (white),Djibouti,Dikhil,RETAIL,Kg,kg,1.29
2019-01-01,1.01,Beans (white),Djibouti,Dikhil,RETAIL,Kg,kg,1.01
2019-02-01,1.01,Beans (white),Djibouti,Dikhil,RETAIL,Kg,kg,1.01
2019-03-01,1.58,Beans (white),Djibouti,Dikhil,RETAIL,Kg,kg,1.58
2019-04-01,0.96,Beans (white),Djibouti,Dikhil,RETAIL,Kg,kg,0.96
2019-05-01,0.96,Beans (white),Djibouti,Dikhil,RETAIL,Kg,kg,0.96
2019-06-01,0.96,Beans (white),Djibouti,Dikhil,RETAIL,Kg,kg,0.96
2019-07-01,0.96,Beans (white),Djibouti,Dikhil,RETAIL,Kg,kg,0.96
2019-08-01,1.01,Beans (white),Djibouti,Dikhil,RETAIL,Kg,kg,1.01
2019-09-01,1.18,Beans (white),Djibouti,Dikhil,RETAIL,Kg,kg,1.18
2019-10-01,1.01,Beans (white),Djibouti,Dikhil,RETAIL,Kg,kg,1.01
2019-11-01,1.01,Beans (white),Djibouti,Dikhil,RETAIL,Kg,kg,1.01
2019-12-01,1.01,Beans (white),Djibouti,Dikhil,RETAIL,Kg,kg,1.01
2020-01-01,1.01,Beans (white),Djibouti,Dikhil,RETAIL,Kg,kg,1.01
2020-02-01,1.1,Beans (white),Djibouti,Dikhil,RETAIL,Kg,kg,1.1
2020-03-01,1.1,Beans (white),Djibouti,Dikhil,RETAIL,Kg,kg,1.1
2020-04-01,1.41,Beans (white),Djibouti,Dikhil,RETAIL,Kg,kg,1.41
2020-05-01,1.41,Beans (white),Djibouti,Dikhil,RETAIL,Kg,kg,1.41
2020-06-01,1.41,Beans (white),Djibouti,Dikhil,RETAIL,Kg,kg,1.41
2020-07-01,1.41,Beans (white),Djibouti,Dikhil,RETAIL,Kg,kg,1.41
2020-08-01,1.41,Beans (white),Djibouti,Dikhil,RETAIL,Kg,kg,1.41
2020-09-01,1.41,Beans (white),Djibouti,Dikhil,RETAIL,Kg,kg,1.41
2020-10-01,1.41,Beans (white),Djibouti,Dikhil,RETAIL,Kg,kg,1.41
2020-11-01,1.41,Beans (white),Djibouti,Dikhil,RETAIL,Kg,kg,1.41
2020-12-01,1.41,Beans (white),Djibouti,Dikhil,RETAIL,Kg,kg,1.41
2021-01-01,1.34,Beans (white),Djibouti,Dikhil,RETAIL,Kg,kg,1.34
2021-02-01,1.13,Beans (white),Djibouti,Dikhil,RETAIL,Kg,kg,1.13
2021-03-01,1.34,Beans (white),Djibouti,Dikhil,RETAIL,Kg,kg,1.34
2021-04-01,1.13,Beans (white),Djibouti,Dikhil,RETAIL,Kg,kg,1.13
2021-05-01,1.41,Beans (white),Djibouti,Dikhil,RETAIL,Kg,kg,1.41
2021-06-01,1.13,Beans (white),Djibouti,Dikhil,RETAIL,Kg,kg,1.13
2021-07-01,1.13,Beans (white),Djibouti,Dikhil,RETAIL,Kg,kg,1.13
2021-08-01,1.13,Beans (white),Djibouti,Dikhil,RETAIL,Kg,kg,1.13
2021-09-01,1.18,Beans (white),Djibouti,Dikhil,RETAIL,Kg,kg,1.18
2021-10-01,1.18,Beans (white),Djibouti,Dikhil,RETAIL,Kg,kg,1.18
2021-11-01,1.35,Beans (white),Djibouti,Dikhil,RETAIL,Kg,kg,1.35
2021-12-01,1.35,Beans (white),Djibouti,Dikhil,RETAIL,Kg,kg,1.35
2022-01-01,1.35,Beans (white),Djibouti,Dikhil,RETAIL,Kg,kg,1.35
2022-02-01,1.24,Beans (white),Djibouti,Dikhil,RETAIL,Kg,kg,1.24
2022-03-01,1.24,Beans (white),Djibouti,Dikhil,RETAIL,Kg,kg,1.24
2022-04-01,1.41,Beans (white),Djibouti,Dikhil,RETAIL,Kg,kg,1.41
2022-05-01,1.41,Beans (white),Djibouti,Dikhil,RETAIL,Kg,kg,1.41
2022-06-01,1.41,Beans (white),Djibouti,Dikhil,RETAIL,Kg,kg,1.41
2022-07-01,1.41,Beans (white),Djibouti,Dikhil,RETAIL,Kg,kg,1.41
2022-08-01,1.41,Beans (white),Djibouti,Dikhil,RETAIL,Kg,kg,1.41
2022-09-01,1.13,Beans (white),Djibouti,Dikhil,RETAIL,Kg,kg,1.13
2022-10-01,1.13,Beans (white),Djibouti,Dikhil,RETAIL,Kg,kg,1.13
2022-11-01,0.84,Beans (white),Djibouti,Dikhil,RETAIL,Kg,kg,0.84
2022-12-01,,Beans (white),Djibouti,Dikhil,RETAIL,Kg,kg,
2023-01-01,0.84,Beans (white),Djibouti,Dikhil,RETAIL,Kg,kg,0.84
2023-02-01,1.41,Beans (white),Djibouti,Dikhil,RETAIL,Kg,kg,1.41
2023-03-01,1.41,Beans (white),Djibouti,Dikhil,RETAIL,Kg,kg,1.41
2023-04-01,1.41,Beans (white),Djibouti,Dikhil,RETAIL,Kg,kg,1.41
2023-05-01,1.41,Beans (white),Djibouti,Dikhil,RETAIL,Kg,kg,1.41
2023-06-01,1.41,Beans (white),Djibouti,Dikhil,RETAIL,Kg,kg,1.41
2023-07-01,1.41,Beans (white),Djibouti,Dikhil,RETAIL,Kg,kg,1.41
2023-08-01,1.41,Beans (white),Djibouti,Dikhil,RETAIL,Kg,kg,1.41
2023-09-01,1.41,Beans (white),Djibouti,Dikhil,RETAIL,Kg,kg,1.41
2023-10-01,1.41,Beans (white),Djibouti,Dikhil,RETAIL,Kg,kg,1.41
2023-11-01,1.13,Beans (white),Djibouti,Dikhil,RETAIL,Kg,kg,1.13
2023-12-01,1.13,Beans (white),Djibouti,Dikhil,RETAIL,Kg,kg,1.13
2024-01-01,1.13,Beans (white),Djibouti,Dikhil,RETAIL,Kg,kg,1.13
2024-02-01,1.13,Beans (white),Djibouti,Dikhil,RETAIL,Kg,kg,1.13
2024-03-01,1.13,Beans (white),Djibouti,Dikhil,RETAIL,Kg,kg,1.13
2024-04-01,1.13,Beans (white),Djibouti,Dikhil,RETAIL,Kg,kg,1.13
2024-05-01,1.13,Beans (white),Djibouti,Dikhil,RETAIL,Kg,kg,1.13
2024-06-01,1.38,Beans (white),Djibouti,Dikhil,RETAIL,Kg,kg,1.38
2024-07-01,1.38,Beans (white),Djibouti,Dikhil,RETAIL,Kg,kg,1.38
2024-08-01,,Beans (white),Djibouti,Dikhil,RETAIL,Kg,kg,
2024-09-01,0.56,Beans (white),Djibouti,Dikhil,RETAIL,Kg,kg,0.56
2024-10-01,1.13,Beans (white),Djibouti,Dikhil,RETAIL,Kg,kg,1.13
2024-11-01,1.13,Beans (white),Djibouti,Dikhil,RETAIL,Kg,kg,1.13
2024-12-01,1.13,Beans (white),Djibouti,Dikhil,RETAIL,Kg,kg,1.13
2025-01-01,1.13,Beans (white),Djibouti,Dikhil,RETAIL,Kg,kg,1.13
2025-02-01,1.13,Beans (white),Djibouti,Dikhil,RETAIL,Kg,kg,1.13
2012-04-01,1.06,Beans (white),Djibouti,National Average,RETAIL,Kg,kg,1.06
2012-05-01,1.06,Beans (white),Djibouti,National Average,RETAIL,Kg,kg,1.06
2012-06-01,1.06,Beans (white),Djibouti,National Average,RETAIL,Kg,kg,1.06
2012-07-01,1.01,Beans (white),Djibouti,National Average,RETAIL,Kg,kg,1.01
2012-08-01,1.01,Beans (white),Djibouti,National Average,RETAIL,Kg,kg,1.01
2012-09-01,1.01,Beans (white),Djibouti,National Average,RETAIL,Kg,kg,1.01
2012-10-01,1.0,Beans (white),Djibouti,National Average,RETAIL,Kg,kg,1.0
2012-11-01,1.05,Beans (white),Djibouti,National Average,RETAIL,Kg,kg,1.05
2012-12-01,1.1,Beans (white),Djibouti,National Average,RETAIL,Kg,kg,1.1
2013-01-01,1.04,Beans (white),Djibouti,National Average,RETAIL,Kg,kg,1.04
2013-02-01,1.05,Beans (white),Djibouti,National Average,RETAIL,Kg,kg,1.05
2013-03-01,1.05,Beans (white),Djibouti,National Average,RETAIL,Kg,kg,1.05
2013-04-01,0.99,Beans (white),Djibouti,National Average,RETAIL,Kg,kg,0.99
2013-05-01,1.01,Beans (white),Djibouti,National Average,RETAIL,Kg,kg,1.01
2013-06-01,1.01,Beans (white),Djibouti,National Average,RETAIL,Kg,kg,1.01
2013-07-01,1.01,Beans (white),Djibouti,National Average,RETAIL,Kg,kg,1.01
2013-08-01,1.01,Beans (white),Djibouti,National Average,RETAIL,Kg,kg,1.01
2013-09-01,1.01,Beans (white),Djibouti,National Average,RETAIL,Kg,kg,1.01
2013-10-01,1.01,Beans (white),Djibouti,National Average,RETAIL,Kg,kg,1.01
2013-11-01,1.01,Beans (white),Djibouti,National Average,RETAIL,Kg,kg,1.01
2013-12-01,1.02,Beans (white),Djibouti,National Average,RETAIL,Kg,kg,1.02
2014-01-01,1.02,Beans (white),Djibouti,National Average,RETAIL,Kg,kg,1.02
2014-02-01,1.3,Beans (white),Djibouti,National Average,RETAIL,Kg,kg,1.3
2014-03-01,1.35,Beans (white),Djibouti,National Average,RETAIL,Kg,kg,1.35
2014-04-01,1.39,Beans (white),Djibouti,National Average,RETAIL,Kg,kg,1.39
2014-05-01,1.39,Beans (white),Djibouti,National Average,RETAIL,Kg,kg,1.39
2014-06-01,1.39,Beans (white),Djibouti,National Average,RETAIL,Kg,kg,1.39
2014-07-01,1.39,Beans (white),Djibouti,National Average,RETAIL,Kg,kg,1.39
2014-08-01,1.47,Beans (white),Djibouti,National Average,RETAIL,Kg,kg,1.47
2014-09-01,1.54,Beans (white),Djibouti,National Average,RETAIL,Kg,kg,1.54
2014-10-01,1.54,Beans (white),Djibouti,National Average,RETAIL,Kg,kg,1.54
2014-11-01,1.54,Beans (white),Djibouti,National Average,RETAIL,Kg,kg,1.54
2014-12-01,1.79,Beans (white),Djibouti,National Average,RETAIL,Kg,kg,1.79
2015-01-01,1.7,Beans (white),Djibouti,National Average,RETAIL,Kg,kg,1.7
2015-02-01,1.77,Beans (white),Djibouti,National Average,RETAIL,Kg,kg,1.77
2015-03-01,1.67,Beans (white),Djibouti,National Average,RETAIL,Kg,kg,1.67
2015-04-01,1.63,Beans (white),Djibouti,National Average,RETAIL,Kg,kg,1.63
2015-05-01,1.63,Beans (white),Djibouti,National Average,RETAIL,Kg,kg,1.63
2015-06-01,1.64,Beans (white),Djibouti,National Average,RETAIL,Kg,kg,1.64
2015-07-01,,Beans (white),Djibouti,National Average,RETAIL,Kg,kg,
2015-08-01,,Beans (white),Djibouti,National Average,RETAIL,Kg,kg,
2015-09-01,,Beans (white),Djibouti,National Average,RETAIL,Kg,kg,
2015-10-01,1.88,Beans (white),Djibouti,National Average,RETAIL,Kg,kg,1.88
2015-11-01,1.87,Beans (white),Djibouti,National Average,RETAIL,Kg,kg,1.87
2015-12-01,1.53,Beans (white),Djibouti,National Average,RETAIL,Kg,kg,1.53
2016-01-01,1.47,Beans (white),Djibouti,National Average,RETAIL,Kg,kg,1.47
2016-02-01,1.1,Beans (white),Djibouti,National Average,RETAIL,Kg,kg,1.1
2016-03-01,1.09,Beans (white),Djibouti,National Average,RETAIL,Kg,kg,1.09
2016-04-01,,Beans (white),Djibouti,National Average,RETAIL,Kg,kg,
2016-05-01,1.09,Beans (white),Djibouti,National Average,RETAIL,Kg,kg,1.09
2016-06-01,1.09,Beans (white),Djibouti,National Average,RETAIL,Kg,kg,1.09
2016-07-01,1.09,Beans (white),Djibouti,National Average,RETAIL,Kg,kg,1.09
2016-08-01,1.09,Beans (white),Djibouti,National Average,RETAIL,Kg,kg,1.09
2016-09-01,1.07,Beans (white),Djibouti,National Average,RETAIL,Kg,kg,1.07
2016-10-01,,Beans (white),Djibouti,National Average,RETAIL,Kg,kg,
2016-11-01,,Beans (white),Djibouti,National Average,RETAIL,Kg,kg,
2016-12-01,1.07,Beans (white),Djibouti,National Average,RETAIL,Kg,kg,1.07
2017-01-01,1.14,Beans (white),Djibouti,National Average,RETAIL,Kg,kg,1.14
2017-02-01,1.14,Beans (white),Djibouti,National Average,RETAIL,Kg,kg,1.14
2017-03-01,1.14,Beans (white),Djibouti,National Average,RETAIL,Kg,kg,1.14
2017-04-01,1.1,Beans (white),Djibouti,National Average,RETAIL,Kg,kg,1.1
2017-05-01,1.1,Beans (white),Djibouti,National Average,RETAIL,Kg,kg,1.1
2017-06-01,1.14,Beans (white),Djibouti,National Average,RETAIL,Kg,kg,1.14
2017-07-01,1.14,Beans (white),Djibouti,National Average,RETAIL,Kg,kg,1.14
2017-08-01,1.19,Beans (white),Djibouti,National Average,RETAIL,Kg,kg,1.19
2017-09-01,1.28,Beans (white),Djibouti,National Average,RETAIL,Kg,kg,1.28
2017-10-01,1.22,Beans (white),Djibouti,National Average,RETAIL,Kg,kg,1.22
2017-11-01,0.77,Beans (white),Djibouti,National Average,RETAIL,Kg,kg,0.77
2017-12-01,0.81,Beans (white),Djibouti,National Average,RETAIL,Kg,kg,0.81
2018-01-01,0.81,Beans (white),Djibouti,National Average,RETAIL,Kg,kg,0.81
2018-02-01,1.16,Beans (white),Djibouti,National Average,RETAIL,Kg,kg,1.16
2018-03-01,1.16,Beans (white),Djibouti,National Average,RETAIL,Kg,kg,1.16
2018-04-01,1.16,Beans (white),Djibouti,National Average,RETAIL,Kg,kg,1.16
2018-05-01,1.16,Beans (white),Djibouti,National Average,RETAIL,Kg,kg,1.16
2018-06-01,1.18,Beans (white),Djibouti,National Average,RETAIL,Kg,kg,1.18
2018-07-01,1.22,Beans (white),Djibouti,National Average,RETAIL,Kg,kg,1.22
2018-08-01,1.22,Beans (white),Djibouti,National Average,RETAIL,Kg,kg,1.22
2018-09-01,0.83,Beans (white),Djibouti,National Average,RETAIL,Kg,kg,0.83
2018-10-01,1.27,Beans (white),Djibouti,National Average,RETAIL,Kg,kg,1.27
2018-11-01,1.27,Beans (white),Djibouti,National Average,RETAIL,Kg,kg,1.27
2018-12-01,1.21,Beans (white),Djibouti,National Average,RETAIL,Kg,kg,1.21
2019-01-01,1.07,Beans (white),Djibouti,National Average,RETAIL,Kg,kg,1.07
2019-02-01,1.07,Beans (white),Djibouti,National Average,RETAIL,Kg,kg,1.07
2019-03-01,1.35,Beans (white),Djibouti,National Average,RETAIL,Kg,kg,1.35
2019-04-01,1.22,Beans (white),Djibouti,National Average,RETAIL,Kg,kg,1.22
2019-05-01,1.27,Beans (white),Djibouti,National Average,RETAIL,Kg,kg,1.27
2019-06-01,1.27,Beans (white),Djibouti,National Average,RETAIL,Kg,kg,1.27
2019-07-01,1.27,Beans (white),Djibouti,National Average,RETAIL,Kg,kg,1.27
2019-08-01,1.29,Beans (white),Djibouti,National Average,RETAIL,Kg,kg,1.29
2019-09-01,1.38,Beans (white),Djibouti,National Average,RETAIL,Kg,kg,1.38
2019-10-01,1.29,Beans (white),Djibouti,National Average,RETAIL,Kg,kg,1.29
2019-11-01,1.29,Beans (white),Djibouti,National Average,RETAIL,Kg,kg,1.29
2019-12-01,1.29,Beans (white),Djibouti,National Average,RETAIL,Kg,kg,1.29
2020-01-01,1.29,Beans (white),Djibouti,National Average,RETAIL,Kg,kg,1.29
2020-02-01,1.34,Beans (white),Djibouti,National Average,RETAIL,Kg,kg,1.34
2020-03-01,1.34,Beans (white),Djibouti,National Average,RETAIL,Kg,kg,1.34
2020-04-01,1.55,Beans (white),Djibouti,National Average,RETAIL,Kg,kg,1.55
2020-05-01,1.55,Beans (white),Djibouti,National Average,RETAIL,Kg,kg,1.55
2020-06-01,1.55,Beans (white),Djibouti,National Average,RETAIL,Kg,kg,1.55
2020-07-01,1.49,Beans (white),Djibouti,National Average,RETAIL,Kg,kg,1.49
2020-08-01,1.49,Beans (white),Djibouti,National Average,RETAIL,Kg,kg,1.49
2020-09-01,1.49,Beans (white),Djibouti,National Average,RETAIL,Kg,kg,1.49
2020-10-01,1.49,Beans (white),Djibouti,National Average,RETAIL,Kg,kg,1.49
2020-11-01,1.49,Beans (white),Djibouti,National Average,RETAIL,Kg,kg,1.49
2020-12-01,1.49,Beans (white),Djibouti,National Average,RETAIL,Kg,kg,1.49
2021-01-01,1.46,Beans (white),Djibouti,National Average,RETAIL,Kg,kg,1.46
2021-02-01,1.35,Beans (white),Djibouti,National Average,RETAIL,Kg,kg,1.35
2021-03-01,1.46,Beans (white),Djibouti,National Average,RETAIL,Kg,kg,1.46
2021-04-01,1.35,Beans (white),Djibouti,National Average,RETAIL,Kg,kg,1.35
2021-05-01,1.49,Beans (white),Djibouti,National Average,RETAIL,Kg,kg,1.49
2021-06-01,1.28,Beans (white),Djibouti,National Average,RETAIL,Kg,kg,1.28
2021-07-01,1.28,Beans (white),Djibouti,National Average,RETAIL,Kg,kg,1.28
2021-08-01,1.28,Beans (white),Djibouti,National Average,RETAIL,Kg,kg,1.28
2021-09-01,1.29,Beans (white),Djibouti,National Average,RETAIL,Kg,kg,1.29
2021-10-01,1.33,Beans (white),Djibouti,National Average,RETAIL,Kg,kg,1.33
2021-11-01,1.41,Beans (white),Djibouti,National Average,RETAIL,Kg,kg,1.41
2021-12-01,1.41,Beans (white),Djibouti,National Average,RETAIL,Kg,kg,1.41
2022-01-01,1.41,Beans (white),Djibouti,National Average,RETAIL,Kg,kg,1.41
2022-02-01,1.38,Beans (white),Djibouti,National Average,RETAIL,Kg,kg,1.38
2022-03-01,1.45,Beans (white),Djibouti,National Average,RETAIL,Kg,kg,1.45
2022-04-01,1.53,Beans (white),Djibouti,National Average,RETAIL,Kg,kg,1.53
2022-05-01,1.53,Beans (white),Djibouti,National Average,RETAIL,Kg,kg,1.53
2022-06-01,1.53,Beans (white),Djibouti,National Average,RETAIL,Kg,kg,1.53
2022-07-01,1.26,Beans (white),Djibouti,National Average,RETAIL,Kg,kg,1.26
2022-08-01,1.26,Beans (white),Djibouti,National Average,RETAIL,Kg,kg,1.26
2022-09-01,1.24,Beans (white),Djibouti,National Average,RETAIL,Kg,kg,1.24
2022-10-01,1.24,Beans (white),Djibouti,National Average,RETAIL,Kg,kg,1.24
2022-11-01,1.06,Beans (white),Djibouti,National Average,RETAIL,Kg,kg,1.06
2022-12-01,,Beans (white),Djibouti,National Average,RETAIL,Kg,kg,
2023-01-01,1.11,Beans (white),Djibouti,National Average,RETAIL,Kg,kg,1.11
2023-02-01,1.32,Beans (white),Djibouti,National Average,RETAIL,Kg,kg,1.32
2023-03-01,1.25,Beans (white),Djibouti,National Average,RETAIL,Kg,kg,1.25
2023-04-01,1.25,Beans (white),Djibouti,National Average,RETAIL,Kg,kg,1.25
2023-05-01,1.25,Beans (white),Djibouti,National Average,RETAIL,Kg,kg,1.25
2023-06-01,1.25,Beans (white),Djibouti,National Average,RETAIL,Kg,kg,1.25
2023-07-01,1.07,Beans (white),Djibouti,National Average,RETAIL,Kg,kg,1.07
2023-08-01,1.25,Beans (white),Djibouti,National Average,RETAIL,Kg,kg,1.25
2023-09-01,1.25,Beans (white),Djibouti,National Average,RETAIL,Kg,kg,1.25
2023-10-01,1.25,Beans (white),Djibouti,National Average,RETAIL,Kg,kg,1.25
2023-11-01,1.32,Beans (white),Djibouti,National Average,RETAIL,Kg,kg,1.32
2023-12-01,1.32,Beans (white),Djibouti,National Average,RETAIL,Kg,kg,1.32
2024-01-01,1.21,Beans (white),Djibouti,National Average,RETAIL,Kg,kg,1.21
2024-02-01,1.21,Beans (white),Djibouti,National Average,RETAIL,Kg,kg,1.21
2024-03-01,1.24,Beans (white),Djibouti,National Average,RETAIL,Kg,kg,1.24
2024-04-01,1.24,Beans (white),Djibouti,National Average,RETAIL,Kg,kg,1.24
2024-05-01,1.4,Beans (white),Djibouti,National Average,RETAIL,Kg,kg,1.4
2024-06-01,1.45,Beans (white),Djibouti,National Average,RETAIL,Kg,kg,1.45
2024-07-01,1.52,Beans (white),Djibouti,National Average,RETAIL,Kg,kg,1.52
2024-08-01,,Beans (white),Djibouti,National Average,RETAIL,Kg,kg,
2024-09-01,1.11,Beans (white),Djibouti,National Average,RETAIL,Kg,kg,1.11
2024-10-01,1.22,Beans (white),Djibouti,National Average,RETAIL,Kg,kg,1.22
2024-11-01,1.41,Beans (white),Djibouti,National Average,RETAIL,Kg,kg,1.41
2024-12-01,1.43,Beans (white),Djibouti,National Average,RETAIL,Kg,kg,1.43
2025-01-01,1.48,Beans (white),Djibouti,National Average,RETAIL,Kg,kg,1.48
2025-02-01,1.41,Beans (white),Djibouti,National Average,RETAIL,Kg,kg,1.41
2006-01-01,0.67,Beans (white),Dominican Republic,Santo Domingo,RETAIL,Libra,kg,1.477098361523131
2006-02-01,0.7,Beans (white),Dominican Republic,Santo Domingo,RETAIL,Libra,kg,1.5432370941286442
2006-03-01,0.74,Beans (white),Dominican Republic,Santo Domingo,RETAIL,Libra,kg,1.6314220709359954
2006-04-01,0.75,Beans (white),Dominican Republic,Santo Domingo,RETAIL,Libra,kg,1.653468315137833
2006-05-01,0.75,Beans (white),Dominican Republic,Santo Domingo,RETAIL,Libra,kg,1.653468315137833
2006-06-01,0.74,Beans (white),Dominican Republic,Santo Domingo,RETAIL,Libra,kg,1.6314220709359954
2006-07-01,0.73,Beans (white),Dominican Republic,Santo Domingo,RETAIL,Libra,kg,1.6093758267341576
2006-08-01,0.75,Beans (white),Dominican Republic,Santo Domingo,RETAIL,Libra,kg,1.653468315137833
2006-09-01,0.74,Beans (white),Dominican Republic,Santo Domingo,RETAIL,Libra,kg,1.6314220709359954
2006-10-01,0.73,Beans (white),Dominican Republic,Santo Domingo,RETAIL,Libra,kg,1.6093758267341576
2006-11-01,0.74,Beans (white),Dominican Republic,Santo Domingo,RETAIL,Libra,kg,1.6314220709359954
2006-12-01,0.75,Beans (white),Dominican Republic,Santo Domingo,RETAIL,Libra,kg,1.653468315137833
2007-01-01,0.7,Beans (white),Dominican Republic,Santo Domingo,RETAIL,Libra,kg,1.5432370941286442
2007-02-01,0.79,Beans (white),Dominican Republic,Santo Domingo,RETAIL,Libra,kg,1.7416532919451844
2007-03-01,0.79,Beans (white),Dominican Republic,Santo Domingo,RETAIL,Libra,kg,1.7416532919451844
2007-04-01,0.81,Beans (white),Dominican Republic,Santo Domingo,RETAIL,Libra,kg,1.78574578034886
2007-05-01,0.78,Beans (white),Dominican Republic,Santo Domingo,RETAIL,Libra,kg,1.7196070477433465
2007-06-01,0.76,Beans (white),Dominican Republic,Santo Domingo,RETAIL,Libra,kg,1.675514559339671
2007-07-01,0.75,Beans (white),Dominican Republic,Santo Domingo,RETAIL,Libra,kg,1.653468315137833
2007-08-01,0.74,Beans (white),Dominican Republic,Santo Domingo,RETAIL,Libra,kg,1.6314220709359954
2007-09-01,0.74,Beans (white),Dominican Republic,Santo Domingo,RETAIL,Libra,kg,1.6314220709359954
2007-10-01,0.75,Beans (white),Dominican Republic,Santo Domingo,RETAIL,Libra,kg,1.653468315137833
2007-11-01,0.78,Beans (white),Dominican Republic,Santo Domingo,RETAIL,Libra,kg,1.7196070477433465
2007-12-01,0.84,Beans (white),Dominican Republic,Santo Domingo,RETAIL,Libra,kg,1.851884512954373
2008-01-01,0.82,Beans (white),Dominican Republic,Santo Domingo,RETAIL,Libra,kg,1.8077920245506975
2008-02-01,0.81,Beans (white),Dominican Republic,Santo Domingo,RETAIL,Libra,kg,1.78574578034886
2008-03-01,0.76,Beans (white),Dominican Republic,Santo Domingo,RETAIL,Libra,kg,1.675514559339671
2008-04-01,0.79,Beans (white),Dominican Republic,Santo Domingo,RETAIL,Libra,kg,1.7416532919451844
2008-05-01,0.83,Beans (white),Dominican Republic,Santo Domingo,RETAIL,Libra,kg,1.8298382687525352
2008-06-01,0.83,Beans (white),Dominican Republic,Santo Domingo,RETAIL,Libra,kg,1.8298382687525352
2008-07-01,0.83,Beans (white),Dominican Republic,Santo Domingo,RETAIL,Libra,kg,1.8298382687525352
2008-08-01,0.81,Beans (white),Dominican Republic,Santo Domingo,RETAIL,Libra,kg,1.78574578034886
2008-09-01,0.79,Beans (white),Dominican Republic,Santo Domingo,RETAIL,Libra,kg,1.7416532919451844
2008-10-01,0.8,Beans (white),Dominican Republic,Santo Domingo,RETAIL,Libra,kg,1.763699536147022
2008-11-01,0.81,Beans (white),Dominican Republic,Santo Domingo,RETAIL,Libra,kg,1.78574578034886
2008-12-01,0.83,Beans (white),Dominican Republic,Santo Domingo,RETAIL,Libra,kg,1.8298382687525352
2009-01-01,0.85,Beans (white),Dominican Republic,Santo Domingo,RETAIL,Libra,kg,1.873930757156211
2009-02-01,0.87,Beans (white),Dominican Republic,Santo Domingo,RETAIL,Libra,kg,1.9180232455598865
2009-03-01,0.85,Beans (white),Dominican Republic,Santo Domingo,RETAIL,Libra,kg,1.873930757156211
2009-04-01,0.86,Beans (white),Dominican Republic,Santo Domingo,RETAIL,Libra,kg,1.8959770013580486
2009-05-01,0.84,Beans (white),Dominican Republic,Santo Domingo,RETAIL,Libra,kg,1.851884512954373
2009-06-01,0.82,Beans (white),Dominican Republic,Santo Domingo,RETAIL,Libra,kg,1.8077920245506975
2009-07-01,0.83,Beans (white),Dominican Republic,Santo Domingo,RETAIL,Libra,kg,1.8298382687525352
2009-08-01,0.82,Beans (white),Dominican Republic,Santo Domingo,RETAIL,Libra,kg,1.8077920245506975
2009-09-01,0.84,Beans (white),Dominican Republic,Santo Domingo,RETAIL,Libra,kg,1.851884512954373
2009-10-01,0.77,Beans (white),Dominican Republic,Santo Domingo,RETAIL,Libra,kg,1.6975608035415086
2009-11-01,0.72,Beans (white),Dominican Republic,Santo Domingo,RETAIL,Libra,kg,1.5873295825323197
2009-12-01,0.74,Beans (white),Dominican Republic,Santo Domingo,RETAIL,Libra,kg,1.6314220709359954
2010-01-01,0.76,Beans (white),Dominican Republic,Santo Domingo,RETAIL,Libra,kg,1.675514559339671
2010-02-01,0.77,Beans (white),Dominican Republic,Santo Domingo,RETAIL,Libra,kg,1.6975608035415086
2010-03-01,0.76,Beans (white),Dominican Republic,Santo Domingo,RETAIL,Libra,kg,1.675514559339671
2010-04-01,0.79,Beans (white),Dominican Republic,Santo Domingo,RETAIL,Libra,kg,1.7416532919451844
2010-05-01,0.73,Beans (white),Dominican Republic,Santo Domingo,RETAIL,Libra,kg,1.6093758267341576
2010-06-01,0.75,Beans (white),Dominican Republic,Santo Domingo,RETAIL,Libra,kg,1.653468315137833
2010-07-01,0.82,Beans (white),Dominican Republic,Santo Domingo,RETAIL,Libra,kg,1.8077920245506975
2010-08-01,0.77,Beans (white),Dominican Republic,Santo Domingo,RETAIL,Libra,kg,1.6975608035415086
2010-09-01,0.78,Beans (white),Dominican Republic,Santo Domingo,RETAIL,Libra,kg,1.7196070477433465
2010-10-01,0.79,Beans (white),Dominican Republic,Santo Domingo,RETAIL,Libra,kg,1.7416532919451844
2010-11-01,0.79,Beans (white),Dominican Republic,Santo Domingo,RETAIL,Libra,kg,1.7416532919451844
2010-12-01,0.75,Beans (white),Dominican Republic,Santo Domingo,RETAIL,Libra,kg,1.653468315137833
2011-01-01,0.77,Beans (white),Dominican Republic,Santo Domingo,RETAIL,Libra,kg,1.6975608035415086
2011-02-01,0.78,Beans (white),Dominican Republic,Santo Domingo,RETAIL,Libra,kg,1.7196070477433465
2011-03-01,0.77,Beans (white),Dominican Republic,Santo Domingo,RETAIL,Libra,kg,1.6975608035415086
2011-04-01,0.79,Beans (white),Dominican Republic,Santo Domingo,RETAIL,Libra,kg,1.7416532919451844
2011-05-01,0.78,Beans (white),Dominican Republic,Santo Domingo,RETAIL,Libra,kg,1.7196070477433465
2011-06-01,0.76,Beans (white),Dominican Republic,Santo Domingo,RETAIL,Libra,kg,1.675514559339671
2011-07-01,0.78,Beans (white),Dominican Republic,Santo Domingo,RETAIL,Libra,kg,1.7196070477433465
2011-08-01,0.72,Beans (white),Dominican Republic,Santo Domingo,RETAIL,Libra,kg,1.5873295825323197
2011-09-01,0.78,Beans (white),Dominican Republic,Santo Domingo,RETAIL,Libra,kg,1.7196070477433465
2011-10-01,0.79,Beans (white),Dominican Republic,Santo Domingo,RETAIL,Libra,kg,1.7416532919451844
2011-11-01,0.79,Beans (white),Dominican Republic,Santo Domingo,RETAIL,Libra,kg,1.7416532919451844
2011-12-01,0.77,Beans (white),Dominican Republic,Santo Domingo,RETAIL,Libra,kg,1.6975608035415086
2012-01-01,0.76,Beans (white),Dominican Republic,Santo Domingo,RETAIL,Libra,kg,1.675514559339671
2012-02-01,0.78,Beans (white),Dominican Republic,Santo Domingo,RETAIL,Libra,kg,1.7196070477433465
2012-03-01,0.79,Beans (white),Dominican Republic,Santo Domingo,RETAIL,Libra,kg,1.7416532919451844
2012-04-01,0.77,Beans (white),Dominican Republic,Santo Domingo,RETAIL,Libra,kg,1.6975608035415086
2012-05-01,0.77,Beans (white),Dominican Republic,Santo Domingo,RETAIL,Libra,kg,1.6975608035415086
2012-06-01,0.8,Beans (white),Dominican Republic,Santo Domingo,RETAIL,Libra,kg,1.763699536147022
2012-07-01,0.76,Beans (white),Dominican Republic,Santo Domingo,RETAIL,Libra,kg,1.675514559339671
2012-08-01,0.62,Beans (white),Dominican Republic,Santo Domingo,RETAIL,Libra,kg,1.366867140513942
2012-09-01,0.57,Beans (white),Dominican Republic,Santo Domingo,RETAIL,Libra,kg,1.2566359195047532
2012-10-01,0.95,Beans (white),Dominican Republic,Santo Domingo,RETAIL,Libra,kg,2.0943931991745885
2012-11-01,0.93,Beans (white),Dominican Republic,Santo Domingo,RETAIL,Libra,kg,2.0503007107709132
2012-12-01,0.99,Beans (white),Dominican Republic,Santo Domingo,RETAIL,Libra,kg,2.1825781759819396
2013-01-01,0.96,Beans (white),Dominican Republic,Santo Domingo,RETAIL,Libra,kg,2.1164394433764264
2013-02-01,0.98,Beans (white),Dominican Republic,Santo Domingo,RETAIL,Libra,kg,2.1605319317801017
2013-03-01,0.98,Beans (white),Dominican Republic,Santo Domingo,RETAIL,Libra,kg,2.1605319317801017
2013-04-01,0.96,Beans (white),Dominican Republic,Santo Domingo,RETAIL,Libra,kg,2.1164394433764264
2013-05-01,0.97,Beans (white),Dominican Republic,Santo Domingo,RETAIL,Libra,kg,2.1384856875782643
2013-06-01,,Beans (white),Dominican Republic,Santo Domingo,RETAIL,Libra,kg,
2013-07-01,0.95,Beans (white),Dominican Republic,Santo Domingo,RETAIL,Libra,kg,2.0943931991745885
2013-08-01,0.94,Beans (white),Dominican Republic,Santo Domingo,RETAIL,Libra,kg,2.0723469549727507
2013-09-01,0.94,Beans (white),Dominican Republic,Santo Domingo,RETAIL,Libra,kg,2.0723469549727507
2013-10-01,,Beans (white),Dominican Republic,Santo Domingo,RETAIL,Libra,kg,
2013-11-01,,Beans (white),Dominican Republic,Santo Domingo,RETAIL,Libra,kg,
2013-12-01,,Beans (white),Dominican Republic,Santo Domingo,RETAIL,Libra,kg,
2014-01-01,,Beans (white),Dominican Republic,Santo Domingo,RETAIL,Libra,kg,
2014-02-01,,Beans (white),Dominican Republic,Santo Domingo,RETAIL,Libra,kg,
2014-03-01,,Beans (white),Dominican Republic,Santo Domingo,RETAIL,Libra,kg,
2014-04-01,0.93,Beans (white),Dominican Republic,Santo Domingo,RETAIL,Libra,kg,2.0503007107709132
2014-05-01,0.92,Beans (white),Dominican Republic,Santo Domingo,RETAIL,Libra,kg,2.0282544665690754
2014-06-01,0.91,Beans (white),Dominican Republic,Santo Domingo,RETAIL,Libra,kg,2.0062082223672375
2014-07-01,0.94,Beans (white),Dominican Republic,Santo Domingo,RETAIL,Libra,kg,2.0723469549727507
2014-08-01,,Beans (white),Dominican Republic,Santo Domingo,RETAIL,Libra,kg,
2014-09-01,,Beans (white),Dominican Republic,Santo Domingo,RETAIL,Libra,kg,
2014-10-01,,Beans (white),Dominican Republic,Santo Domingo,RETAIL,Libra,kg,
2014-11-01,,Beans (white),Dominican Republic,Santo Domingo,RETAIL,Libra,kg,
2014-12-01,,Beans (white),Dominican Republic,Santo Domingo,RETAIL,Libra,kg,
2015-01-01,,Beans (white),Dominican Republic,Santo Domingo,RETAIL,Libra,kg,
2015-02-01,1.12,Beans (white),Dominican Republic,Santo Domingo,RETAIL,Libra,kg,2.469179350605831
2015-03-01,1.0,Beans (white),Dominican Republic,Santo Domingo,RETAIL,Libra,kg,2.2046244201837775
2015-04-01,1.06,Beans (white),Dominican Republic,Santo Domingo,RETAIL,Libra,kg,2.3369018853948043
2015-05-01,1.1,Beans (white),Dominican Republic,Santo Domingo,RETAIL,Libra,kg,2.4250868622021553
2015-06-01,,Beans (white),Dominican Republic,Santo Domingo,RETAIL,Libra,kg,
2015-07-01,1.01,Beans (white),Dominican Republic,Santo Domingo,RETAIL,Libra,kg,2.2266706643856153
2015-08-01,1.02,Beans (white),Dominican Republic,Santo Domingo,RETAIL,Libra,kg,2.248716908587453
2015-09-01,1.02,Beans (white),Dominican Republic,Santo Domingo,RETAIL,Libra,kg,2.248716908587453
2015-10-01,0.99,Beans (white),Dominican Republic,Santo Domingo,RETAIL,Libra,kg,2.1825781759819396
2015-11-01,1.01,Beans (white),Dominican Republic,Santo Domingo,RETAIL,Libra,kg,2.2266706643856153
2015-12-01,0.99,Beans (white),Dominican Republic,Santo Domingo,RETAIL,Libra,kg,2.1825781759819396
2016-01-01,0.97,Beans (white),Dominican Republic,Santo Domingo,RETAIL,Libra,kg,2.1384856875782643
2016-02-01,1.0,Beans (white),Dominican Republic,Santo Domingo,RETAIL,Libra,kg,2.2046244201837775
2016-03-01,0.97,Beans (white),Dominican Republic,Santo Domingo,RETAIL,Libra,kg,2.1384856875782643
2016-04-01,0.97,Beans (white),Dominican Republic,Santo Domingo,RETAIL,Libra,kg,2.1384856875782643
2016-05-01,0.94,Beans (white),Dominican Republic,Santo Domingo,RETAIL,Libra,kg,2.0723469549727507
2016-06-01,0.96,Beans (white),Dominican Republic,Santo Domingo,RETAIL,Libra,kg,2.1164394433764264
2016-07-01,0.95,Beans (white),Dominican Republic,Santo Domingo,RETAIL,Libra,kg,2.0943931991745885
2016-08-01,0.97,Beans (white),Dominican Republic,Santo Domingo,RETAIL,Libra,kg,2.1384856875782643
2016-09-01,0.96,Beans (white),Dominican Republic,Santo Domingo,RETAIL,Libra,kg,2.1164394433764264
2016-10-01,0.99,Beans (white),Dominican Republic,Santo Domingo,RETAIL,Libra,kg,2.1825781759819396
2016-11-01,0.99,Beans (white),Dominican Republic,Santo Domingo,RETAIL,Libra,kg,2.1825781759819396
2016-12-01,1.05,Beans (white),Dominican Republic,Santo Domingo,RETAIL,Libra,kg,2.3148556411929664
2017-01-01,1.01,Beans (white),Dominican Republic,Santo Domingo,RETAIL,Libra,kg,2.2266706643856153
2017-02-01,0.99,Beans (white),Dominican Republic,Santo Domingo,RETAIL,Libra,kg,2.1825781759819396
2017-03-01,1.05,Beans (white),Dominican Republic,Santo Domingo,RETAIL,Libra,kg,2.3148556411929664
2017-04-01,1.06,Beans (white),Dominican Republic,Santo Domingo,RETAIL,Libra,kg,2.3369018853948043
2017-05-01,1.05,Beans (white),Dominican Republic,Santo Domingo,RETAIL,Libra,kg,2.3148556411929664
2017-06-01,1.03,Beans (white),Dominican Republic,Santo Domingo,RETAIL,Libra,kg,2.270763152789291
2017-07-01,1.03,Beans (white),Dominican Republic,Santo Domingo,RETAIL,Libra,kg,2.270763152789291
2017-08-01,1.01,Beans (white),Dominican Republic,Santo Domingo,RETAIL,Libra,kg,2.2266706643856153
2017-09-01,1.02,Beans (white),Dominican Republic,Santo Domingo,RETAIL,Libra,kg,2.248716908587453
2017-10-01,1.0,Beans (white),Dominican Republic,Santo Domingo,RETAIL,Libra,kg,2.2046244201837775
2017-11-01,1.0,Beans (white),Dominican Republic,Santo Domingo,RETAIL,Libra,kg,2.2046244201837775
2017-12-01,1.02,Beans (white),Dominican Republic,Santo Domingo,RETAIL,Libra,kg,2.248716908587453
2018-01-01,1.01,Beans (white),Dominican Republic,Santo Domingo,RETAIL,Libra,kg,2.2266706643856153
2018-02-01,1.0,Beans (white),Dominican Republic,Santo Domingo,RETAIL,Libra,kg,2.2046244201837775
2018-03-01,0.99,Beans (white),Dominican Republic,Santo Domingo,RETAIL,Libra,kg,2.1825781759819396
2018-04-01,1.0,Beans (white),Dominican Republic,Santo Domingo,RETAIL,Libra,kg,2.2046244201837775
2018-05-01,1.0,Beans (white),Dominican Republic,Santo Domingo,RETAIL,Libra,kg,2.2046244201837775
2018-06-01,1.0,Beans (white),Dominican Republic,Santo Domingo,RETAIL,Libra,kg,2.2046244201837775
2018-07-01,0.97,Beans (white),Dominican Republic,Santo Domingo,RETAIL,Libra,kg,2.1384856875782643
2018-08-01,0.97,Beans (white),Dominican Republic,Santo Domingo,RETAIL,Libra,kg,2.1384856875782643
2018-09-01,0.95,Beans (white),Dominican Republic,Santo Domingo,RETAIL,Libra,kg,2.0943931991745885
2018-10-01,0.92,Beans (white),Dominican Republic,Santo Domingo,RETAIL,Libra,kg,2.0282544665690754
2018-11-01,0.96,Beans (white),Dominican Republic,Santo Domingo,RETAIL,Libra,kg,2.1164394433764264
2018-12-01,0.94,Beans (white),Dominican Republic,Santo Domingo,RETAIL,Libra,kg,2.0723469549727507
2019-01-01,0.95,Beans (white),Dominican Republic,Santo Domingo,RETAIL,Libra,kg,2.0943931991745885
2019-02-01,0.94,Beans (white),Dominican Republic,Santo Domingo,RETAIL,Libra,kg,2.0723469549727507
2019-03-01,0.93,Beans (white),Dominican Republic,Santo Domingo,RETAIL,Libra,kg,2.0503007107709132
2019-04-01,0.94,Beans (white),Dominican Republic,Santo Domingo,RETAIL,Libra,kg,2.0723469549727507
2019-05-01,0.94,Beans (white),Dominican Republic,Santo Domingo,RETAIL,Libra,kg,2.0723469549727507
2019-06-01,0.94,Beans (white),Dominican Republic,Santo Domingo,RETAIL,Libra,kg,2.0723469549727507
2019-07-01,0.92,Beans (white),Dominican Republic,Santo Domingo,RETAIL,Libra,kg,2.0282544665690754
2019-08-01,0.91,Beans (white),Dominican Republic,Santo Domingo,RETAIL,Libra,kg,2.0062082223672375
2019-09-01,0.92,Beans (white),Dominican Republic,Santo Domingo,RETAIL,Libra,kg,2.0282544665690754
2019-10-01,0.99,Beans (white),Dominican Republic,Santo Domingo,RETAIL,Libra,kg,2.1825781759819396
2019-11-01,0.98,Beans (white),Dominican Republic,Santo Domingo,RETAIL,Libra,kg,2.1605319317801017
2019-12-01,1.08,Beans (white),Dominican Republic,Santo Domingo,RETAIL,Libra,kg,2.38099437379848
2020-01-01,1.04,Beans (white),Dominican Republic,Santo Domingo,RETAIL,Libra,kg,2.2928093969911285
2020-02-01,1.11,Beans (white),Dominican Republic,Santo Domingo,RETAIL,Libra,kg,2.447133106403993
2020-03-01,1.1,Beans (white),Dominican Republic,Santo Domingo,RETAIL,Libra,kg,2.4250868622021553
2020-04-01,1.1,Beans (white),Dominican Republic,Santo Domingo,RETAIL,Libra,kg,2.4250868622021553
2020-05-01,1.08,Beans (white),Dominican Republic,Santo Domingo,RETAIL,Libra,kg,2.38099437379848
2020-06-01,1.03,Beans (white),Dominican Republic,Santo Domingo,RETAIL,Libra,kg,2.270763152789291
2020-07-01,1.06,Beans (white),Dominican Republic,Santo Domingo,RETAIL,Libra,kg,2.3369018853948043
2020-08-01,1.07,Beans (white),Dominican Republic,Santo Domingo,RETAIL,Libra,kg,2.358948129596642
2020-09-01,1.05,Beans (white),Dominican Republic,Santo Domingo,RETAIL,Libra,kg,2.3148556411929664
2020-10-01,1.08,Beans (white),Dominican Republic,Santo Domingo,RETAIL,Libra,kg,2.38099437379848
2020-11-01,1.06,Beans (white),Dominican Republic,Santo Domingo,RETAIL,Libra,kg,2.3369018853948043
2020-12-01,1.03,Beans (white),Dominican Republic,Santo Domingo,RETAIL,Libra,kg,2.270763152789291
2021-01-01,0.94,Beans (white),Dominican Republic,Santo Domingo,RETAIL,Libra,kg,2.0723469549727507
2021-02-01,1.03,Beans (white),Dominican Republic,Santo Domingo,RETAIL,Libra,kg,2.270763152789291
2021-03-01,,Beans (white),Dominican Republic,Santo Domingo,RETAIL,Libra,kg,
2021-04-01,1.05,Beans (white),Dominican Republic,Santo Domingo,RETAIL,Libra,kg,2.3148556411929664
2021-05-01,1.07,Beans (white),Dominican Republic,Santo Domingo,RETAIL,Libra,kg,2.358948129596642
2021-06-01,1.04,Beans (white),Dominican Republic,Santo Domingo,RETAIL,Libra,kg,2.2928093969911285
2021-07-01,1.07,Beans (white),Dominican Republic,Santo Domingo,RETAIL,Libra,kg,2.358948129596642
2021-08-01,1.05,Beans (white),Dominican Republic,Santo Domingo,RETAIL,Libra,kg,2.3148556411929664
2021-09-01,1.03,Beans (white),Dominican Republic,Santo Domingo,RETAIL,Libra,kg,2.270763152789291
2021-10-01,1.06,Beans (white),Dominican Republic,Santo Domingo,RETAIL,Libra,kg,2.3369018853948043
2021-11-01,1.02,Beans (white),Dominican Republic,Santo Domingo,RETAIL,Libra,kg,2.248716908587453
2021-12-01,0.9,Beans (white),Dominican Republic,Santo Domingo,RETAIL,Libra,kg,1.9841619781653999
2022-01-01,0.97,Beans (white),Dominican Republic,Santo Domingo,RETAIL,Libra,kg,2.1384856875782643
2022-02-01,1.0,Beans (white),Dominican Republic,Santo Domingo,RETAIL,Libra,kg,2.2046244201837775
2022-03-01,1.06,Beans (white),Dominican Republic,Santo Domingo,RETAIL,Libra,kg,2.3369018853948043
2022-04-01,1.08,Beans (white),Dominican Republic,Santo Domingo,RETAIL,Libra,kg,2.38099437379848
2022-05-01,1.04,Beans (white),Dominican Republic,Santo Domingo,RETAIL,Libra,kg,2.2928093969911285
2022-06-01,1.04,Beans (white),Dominican Republic,Santo Domingo,RETAIL,Libra,kg,2.2928093969911285
2022-07-01,1.04,Beans (white),Dominican Republic,Santo Domingo,RETAIL,Libra,kg,2.2928093969911285
2022-08-01,1.03,Beans (white),Dominican Republic,Santo Domingo,RETAIL,Libra,kg,2.270763152789291
2022-09-01,1.05,Beans (white),Dominican Republic,Santo Domingo,RETAIL,Libra,kg,2.3148556411929664
2022-10-01,1.06,Beans (white),Dominican Republic,Santo Domingo,RETAIL,Libra,kg,2.3369018853948043
2022-11-01,1.03,Beans (white),Dominican Republic,Santo Domingo,RETAIL,Libra,kg,2.270763152789291
2022-12-01,1.02,Beans (white),Dominican Republic,Santo Domingo,RETAIL,Libra,kg,2.248716908587453
2023-01-01,1.01,Beans (white),Dominican Republic,Santo Domingo,RETAIL,Libra,kg,2.2266706643856153
2023-02-01,1.01,Beans (white),Dominican Republic,Santo Domingo,RETAIL,Libra,kg,2.2266706643856153
2023-03-01,1.03,Beans (white),Dominican Republic,Santo Domingo,RETAIL,Libra,kg,2.270763152789291
2023-04-01,1.03,Beans (white),Dominican Republic,Santo Domingo,RETAIL,Libra,kg,2.270763152789291
2023-05-01,1.07,Beans (white),Dominican Republic,Santo Domingo,RETAIL,Libra,kg,2.358948129596642
2023-06-01,1.06,Beans (white),Dominican Republic,Santo Domingo,RETAIL,Libra,kg,2.3369018853948043
2023-07-01,1.06,Beans (white),Dominican Republic,Santo Domingo,RETAIL,Libra,kg,2.3369018853948043
2023-08-01,1.03,Beans (white),Dominican Republic,Santo Domingo,RETAIL,Libra,kg,2.270763152789291
2023-09-01,1.02,Beans (white),Dominican Republic,Santo Domingo,RETAIL,Libra,kg,2.248716908587453
2023-10-01,1.03,Beans (white),Dominican Republic,Santo Domingo,RETAIL,Libra,kg,2.270763152789291
2023-11-01,1.05,Beans (white),Dominican Republic,Santo Domingo,RETAIL,Libra,kg,2.3148556411929664
2023-12-01,1.02,Beans (white),Dominican Republic,Santo Domingo,RETAIL,Libra,kg,2.248716908587453
2024-01-01,1.0,Beans (white),Dominican Republic,Santo Domingo,RETAIL,Libra,kg,2.2046244201837775
2024-02-01,1.02,Beans (white),Dominican Republic,Santo Domingo,RETAIL,Libra,kg,2.248716908587453
2024-03-01,1.02,Beans (white),Dominican Republic,Santo Domingo,RETAIL,Libra,kg,2.248716908587453
2024-04-01,1.02,Beans (white),Dominican Republic,Santo Domingo,RETAIL,Libra,kg,2.248716908587453
2024-05-01,1.02,Beans (white),Dominican Republic,Santo Domingo,RETAIL,Libra,kg,2.248716908587453
2024-06-01,1.01,Beans (white),Dominican Republic,Santo Domingo,RETAIL,Libra,kg,2.2266706643856153
2024-07-01,1.02,Beans (white),Dominican Republic,Santo Domingo,RETAIL,Libra,kg,2.248716908587453
2024-08-01,1.0,Beans (white),Dominican Republic,Santo Domingo,RETAIL,Libra,kg,2.2046244201837775
2024-09-01,1.03,Beans (white),Dominican Republic,Santo Domingo,RETAIL,Libra,kg,2.270763152789291
2024-10-01,1.01,Beans (white),Dominican Republic,Santo Domingo,RETAIL,Libra,kg,2.2266706643856153
2024-11-01,1.03,Beans (white),Dominican Republic,Santo Domingo,RETAIL,Libra,kg,2.270763152789291
2024-12-01,1.0,Beans (white),Dominican Republic,Santo Domingo,RETAIL,Libra,kg,2.2046244201837775
2025-01-01,0.99,Beans (white),Dominican Republic,Santo Domingo,RETAIL,Libra,kg,2.1825781759819396
2025-02-01,1.01,Beans (white),Dominican Republic,Santo Domingo,RETAIL,Libra,kg,2.2266706643856153
2025-03-01,0.99,Beans (white),Dominican Republic,Santo Domingo,RETAIL,Libra,kg,2.1825781759819396
2025-04-01,1.02,Beans (white),Dominican Republic,Santo Domingo,RETAIL,Libra,kg,2.248716908587453
2025-05-01,1.08,Beans (white),Dominican Republic,Santo Domingo,RETAIL,Libra,kg,2.38099437379848
2025-06-01,1.05,Beans (white),Dominican Republic,Santo Domingo,RETAIL,Libra,kg,2.3148556411929664
2025-07-01,1.01,Beans (white),Dominican Republic,Santo Domingo,RETAIL,Libra,kg,2.2266706643856153
2025-08-01,0.98,Beans (white),Dominican Republic,Santo Domingo,RETAIL,Libra,kg,2.1605319317801017
2025-09-01,0.97,Beans (white),Dominican Republic,Santo Domingo,RETAIL,Libra,kg,2.1384856875782643
2017-08-01,2250.0,Beans (white),Iraq,Anbar,RETAIL,Kg,kg,2250.0
2017-09-01,2063.0,Beans (white),Iraq,Anbar,RETAIL,Kg,kg,2063.0
2017-10-01,,Beans (white),Iraq,Anbar,RETAIL,Kg,kg,
2017-11-01,,Beans (white),Iraq,Anbar,RETAIL,Kg,kg,
2017-12-01,,Beans (white),Iraq,Anbar,RETAIL,Kg,kg,
2018-01-01,,Beans (white),Iraq,Anbar,RETAIL,Kg,kg,
2018-02-01,,Beans (white),Iraq,Anbar,RETAIL,Kg,kg,
2018-03-01,,Beans (white),Iraq,Anbar,RETAIL,Kg,kg,
2018-04-01,,Beans (white),Iraq,Anbar,RETAIL,Kg,kg,
2018-05-01,,Beans (white),Iraq,Anbar,RETAIL,Kg,kg,
2018-06-01,,Beans (white),Iraq,Anbar,RETAIL,Kg,kg,
2018-07-01,1.69,Beans (white),Iraq,Anbar,RETAIL,Kg,kg,1.69
2018-08-01,,Beans (white),Iraq,Anbar,RETAIL,Kg,kg,
2018-09-01,2.12,Beans (white),Iraq,Anbar,RETAIL,Kg,kg,2.12
2018-10-01,1.69,Beans (white),Iraq,Anbar,RETAIL,Kg,kg,1.69
2018-11-01,1.37,Beans (white),Iraq,Anbar,RETAIL,Kg,kg,1.37
2018-12-01,1.69,Beans (white),Iraq,Anbar,RETAIL,Kg,kg,1.69
2019-01-01,1.59,Beans (white),Iraq,Anbar,RETAIL,Kg,kg,1.59
2019-02-01,1.69,Beans (white),Iraq,Anbar,RETAIL,Kg,kg,1.69
2019-03-01,1.69,Beans (white),Iraq,Anbar,RETAIL,Kg,kg,1.69
2019-04-01,1.69,Beans (white),Iraq,Anbar,RETAIL,Kg,kg,1.69
2019-05-01,1.69,Beans (white),Iraq,Anbar,RETAIL,Kg,kg,1.69
2019-06-01,1.69,Beans (white),Iraq,Anbar,RETAIL,Kg,kg,1.69
2019-07-01,1.69,Beans (white),Iraq,Anbar,RETAIL,Kg,kg,1.69
2019-08-01,1.69,Beans (white),Iraq,Anbar,RETAIL,Kg,kg,1.69
2019-09-01,1.69,Beans (white),Iraq,Anbar,RETAIL,Kg,kg,1.69
2019-10-01,1.69,Beans (white),Iraq,Anbar,RETAIL,Kg,kg,1.69
2019-11-01,,Beans (white),Iraq,Anbar,RETAIL,Kg,kg,
2019-12-01,1.69,Beans (white),Iraq,Anbar,RETAIL,Kg,kg,1.69
2020-01-01,1.69,Beans (white),Iraq,Anbar,RETAIL,Kg,kg,1.69
2020-02-01,1.69,Beans (white),Iraq,Anbar,RETAIL,Kg,kg,1.69
2020-03-01,1.69,Beans (white),Iraq,Anbar,RETAIL,Kg,kg,1.69
2020-04-01,1.92,Beans (white),Iraq,Anbar,RETAIL,Kg,kg,1.92
2020-05-01,1.85,Beans (white),Iraq,Anbar,RETAIL,Kg,kg,1.85
2020-06-01,1.9,Beans (white),Iraq,Anbar,RETAIL,Kg,kg,1.9
2020-07-01,1.82,Beans (white),Iraq,Anbar,RETAIL,Kg,kg,1.82
2020-08-01,1.74,Beans (white),Iraq,Anbar,RETAIL,Kg,kg,1.74
2020-09-01,1.69,Beans (white),Iraq,Anbar,RETAIL,Kg,kg,1.69
2020-10-01,1.69,Beans (white),Iraq,Anbar,RETAIL,Kg,kg,1.69
2020-11-01,1.9,Beans (white),Iraq,Anbar,RETAIL,Kg,kg,1.9
2020-12-01,1.98,Beans (white),Iraq,Anbar,RETAIL,Kg,kg,1.98
2021-01-01,1.53,Beans (white),Iraq,Anbar,RETAIL,Kg,kg,1.53
2021-02-01,1.72,Beans (white),Iraq,Anbar,RETAIL,Kg,kg,1.72
2021-03-01,1.72,Beans (white),Iraq,Anbar,RETAIL,Kg,kg,1.72
2021-04-01,1.72,Beans (white),Iraq,Anbar,RETAIL,Kg,kg,1.72
2021-05-01,1.72,Beans (white),Iraq,Anbar,RETAIL,Kg,kg,1.72
2021-06-01,1.72,Beans (white),Iraq,Anbar,RETAIL,Kg,kg,1.72
2021-07-01,1.72,Beans (white),Iraq,Anbar,RETAIL,Kg,kg,1.72
2021-08-01,1.72,Beans (white),Iraq,Anbar,RETAIL,Kg,kg,1.72
2021-09-01,1.72,Beans (white),Iraq,Anbar,RETAIL,Kg,kg,1.72
2021-10-01,1.72,Beans (white),Iraq,Anbar,RETAIL,Kg,kg,1.72
2021-11-01,1.72,Beans (white),Iraq,Anbar,RETAIL,Kg,kg,1.72
2021-12-01,1.72,Beans (white),Iraq,Anbar,RETAIL,Kg,kg,1.72
2022-01-01,1.72,Beans (white),Iraq,Anbar,RETAIL,Kg,kg,1.72
2022-02-01,1.72,Beans (white),Iraq,Anbar,RETAIL,Kg,kg,1.72
2022-03-01,1.72,Beans (white),Iraq,Anbar,RETAIL,Kg,kg,1.72
2022-04-01,1.72,Beans (white),Iraq,Anbar,RETAIL,Kg,kg,1.72
2022-05-01,1.72,Beans (white),Iraq,Anbar,RETAIL,Kg,kg,1.72
2022-06-01,1.72,Beans (white),Iraq,Anbar,RETAIL,Kg,kg,1.72
2022-07-01,1.65,Beans (white),Iraq,Anbar,RETAIL,Kg,kg,1.65
2022-08-01,1.72,Beans (white),Iraq,Anbar,RETAIL,Kg,kg,1.72
2022-09-01,1.72,Beans (white),Iraq,Anbar,RETAIL,Kg,kg,1.72
2022-10-01,1.72,Beans (white),Iraq,Anbar,RETAIL,Kg,kg,1.72
2022-11-01,1.72,Beans (white),Iraq,Anbar,RETAIL,Kg,kg,1.72
2022-12-01,1.72,Beans (white),Iraq,Anbar,RETAIL,Kg,kg,1.72
2023-01-01,1.72,Beans (white),Iraq,Anbar,RETAIL,Kg,kg,1.72
2023-02-01,1.92,Beans (white),Iraq,Anbar,RETAIL,Kg,kg,1.92
2023-03-01,1.69,Beans (white),Iraq,Anbar,RETAIL,Kg,kg,1.69
2023-04-01,1.54,Beans (white),Iraq,Anbar,RETAIL,Kg,kg,1.54
2023-05-01,1.54,Beans (white),Iraq,Anbar,RETAIL,Kg,kg,1.54
2023-06-01,1.54,Beans (white),Iraq,Anbar,RETAIL,Kg,kg,1.54
2023-07-01,1.54,Beans (white),Iraq,Anbar,RETAIL,Kg,kg,1.54
2023-08-01,1.54,Beans (white),Iraq,Anbar,RETAIL,Kg,kg,1.54
2023-09-01,1.46,Beans (white),Iraq,Anbar,RETAIL,Kg,kg,1.46
2023-10-01,1.34,Beans (white),Iraq,Anbar,RETAIL,Kg,kg,1.34
2023-11-01,1.54,Beans (white),Iraq,Anbar,RETAIL,Kg,kg,1.54
2023-12-01,1.54,Beans (white),Iraq,Anbar,RETAIL,Kg,kg,1.54
2024-01-01,1.66,Beans (white),Iraq,Anbar,RETAIL,Kg,kg,1.66
2024-02-01,1.95,Beans (white),Iraq,Anbar,RETAIL,Kg,kg,1.95
2024-03-01,2.07,Beans (white),Iraq,Anbar,RETAIL,Kg,kg,2.07
2024-04-01,2.07,Beans (white),Iraq,Anbar,RETAIL,Kg,kg,2.07
2024-05-01,1.92,Beans (white),Iraq,Anbar,RETAIL,Kg,kg,1.92
2024-06-01,1.92,Beans (white),Iraq,Anbar,RETAIL,Kg,kg,1.92
2024-07-01,1.92,Beans (white),Iraq,Anbar,RETAIL,Kg,kg,1.92
2024-08-01,1.92,Beans (white),Iraq,Anbar,RETAIL,Kg,kg,1.92
2024-09-01,1.95,Beans (white),Iraq,Anbar,RETAIL,Kg,kg,1.95
2024-10-01,2.06,Beans (white),Iraq,Anbar,RETAIL,Kg,kg,2.06
2024-11-01,2.12,Beans (white),Iraq,Anbar,RETAIL,Kg,kg,2.12
2024-12-01,2.12,Beans (white),Iraq,Anbar,RETAIL,Kg,kg,2.12
2025-01-01,2.1,Beans (white),Iraq,Anbar,RETAIL,Kg,kg,2.1
2025-02-01,2.18,Beans (white),Iraq,Anbar,RETAIL,Kg,kg,2.18
2025-03-01,2.29,Beans (white),Iraq,Anbar,RETAIL,Kg,kg,2.29
2025-04-01,2.32,Beans (white),Iraq,Anbar,RETAIL,Kg,kg,2.32
2025-05-01,2.32,Beans (white),Iraq,Anbar,RETAIL,Kg,kg,2.32
2025-06-01,2.29,Beans (white),Iraq,Anbar,RETAIL,Kg,kg,2.29
2025-07-01,1.91,Beans (white),Iraq,Anbar,RETAIL,Kg,kg,1.91
2025-08-01,2.04,Beans (white),Iraq,Anbar,RETAIL,Kg,kg,2.04
2025-09-01,2.1,Beans (white),Iraq,Anbar,RETAIL,Kg,kg,2.1
2025-10-01,2.12,Beans (white),Iraq,Anbar,RETAIL,Kg,kg,2.12
2017-01-01,3625.0,Beans (white),Iraq,Baghdad,RETAIL,Kg,kg,3625.0
2017-02-01,2875.0,Beans (white),Iraq,Baghdad,RETAIL,Kg,kg,2875.0
2017-03-01,3062.5,Beans (white),Iraq,Baghdad,RETAIL,Kg,kg,3062.5
2017-04-01,3250.0,Beans (white),Iraq,Baghdad,RETAIL,Kg,kg,3250.0
2017-05-01,4625.0,Beans (white),Iraq,Baghdad,RETAIL,Kg,kg,4625.0
2017-06-01,2312.5,Beans (white),Iraq,Baghdad,RETAIL,Kg,kg,2312.5
2017-07-01,2500.0,Beans (white),Iraq,Baghdad,RETAIL,Kg,kg,2500.0
2017-08-01,2250.0,Beans (white),Iraq,Baghdad,RETAIL,Kg,kg,2250.0
2017-09-01,2500.0,Beans (white),Iraq,Baghdad,RETAIL,Kg,kg,2500.0
2017-10-01,2500.0,Beans (white),Iraq,Baghdad,RETAIL,Kg,kg,2500.0
2017-11-01,2500.0,Beans (white),Iraq,Baghdad,RETAIL,Kg,kg,2500.0
2017-12-01,2500.0,Beans (white),Iraq,Baghdad,RETAIL,Kg,kg,2500.0
2018-01-01,2.11,Beans (white),Iraq,Baghdad,RETAIL,Kg,kg,2.11
2018-02-01,2.11,Beans (white),Iraq,Baghdad,RETAIL,Kg,kg,2.11
2018-03-01,,Beans (white),Iraq,Baghdad,RETAIL,Kg,kg,
2018-04-01,2.01,Beans (white),Iraq,Baghdad,RETAIL,Kg,kg,2.01
2018-05-01,1.9,Beans (white),Iraq,Baghdad,RETAIL,Kg,kg,1.9
2018-06-01,1.9,Beans (white),Iraq,Baghdad,RETAIL,Kg,kg,1.9
2018-07-01,1.9,Beans (white),Iraq,Baghdad,RETAIL,Kg,kg,1.9
2018-08-01,1.69,Beans (white),Iraq,Baghdad,RETAIL,Kg,kg,1.69
2018-09-01,1.69,Beans (white),Iraq,Baghdad,RETAIL,Kg,kg,1.69
2018-10-01,1.69,Beans (white),Iraq,Baghdad,RETAIL,Kg,kg,1.69
2018-11-01,2.12,Beans (white),Iraq,Baghdad,RETAIL,Kg,kg,2.12
2018-12-01,,Beans (white),Iraq,Baghdad,RETAIL,Kg,kg,
2019-01-01,2.12,Beans (white),Iraq,Baghdad,RETAIL,Kg,kg,2.12
2019-02-01,2.12,Beans (white),Iraq,Baghdad,RETAIL,Kg,kg,2.12
2019-03-01,1.8,Beans (white),Iraq,Baghdad,RETAIL,Kg,kg,1.8
2019-04-01,2.12,Beans (white),Iraq,Baghdad,RETAIL,Kg,kg,2.12
2019-05-01,2.12,Beans (white),Iraq,Baghdad,RETAIL,Kg,kg,2.12
2019-06-01,2.12,Beans (white),Iraq,Baghdad,RETAIL,Kg,kg,2.12
2019-07-01,2.12,Beans (white),Iraq,Baghdad,RETAIL,Kg,kg,2.12
2019-08-01,2.12,Beans (white),Iraq,Baghdad,RETAIL,Kg,kg,2.12
2019-09-01,2.12,Beans (white),Iraq,Baghdad,RETAIL,Kg,kg,2.12
2019-10-01,2.12,Beans (white),Iraq,Baghdad,RETAIL,Kg,kg,2.12
2019-11-01,2.12,Beans (white),Iraq,Baghdad,RETAIL,Kg,kg,2.12
2019-12-01,1.8,Beans (white),Iraq,Baghdad,RETAIL,Kg,kg,1.8
2020-01-01,1.69,Beans (white),Iraq,Baghdad,RETAIL,Kg,kg,1.69
2020-02-01,1.69,Beans (white),Iraq,Baghdad,RETAIL,Kg,kg,1.69
2020-03-01,2.12,Beans (white),Iraq,Baghdad,RETAIL,Kg,kg,2.12
2020-04-01,2.08,Beans (white),Iraq,Baghdad,RETAIL,Kg,kg,2.08
2020-05-01,1.8,Beans (white),Iraq,Baghdad,RETAIL,Kg,kg,1.8
2020-06-01,1.69,Beans (white),Iraq,Baghdad,RETAIL,Kg,kg,1.69
2020-07-01,1.69,Beans (white),Iraq,Baghdad,RETAIL,Kg,kg,1.69
2020-08-01,1.69,Beans (white),Iraq,Baghdad,RETAIL,Kg,kg,1.69
2020-09-01,1.69,Beans (white),Iraq,Baghdad,RETAIL,Kg,kg,1.69
2020-10-01,1.69,Beans (white),Iraq,Baghdad,RETAIL,Kg,kg,1.69
2020-11-01,1.69,Beans (white),Iraq,Baghdad,RETAIL,Kg,kg,1.69
2020-12-01,1.75,Beans (white),Iraq,Baghdad,RETAIL,Kg,kg,1.75
2021-01-01,1.72,Beans (white),Iraq,Baghdad,RETAIL,Kg,kg,1.72
2021-02-01,1.72,Beans (white),Iraq,Baghdad,RETAIL,Kg,kg,1.72
2021-03-01,1.72,Beans (white),Iraq,Baghdad,RETAIL,Kg,kg,1.72
2021-04-01,2.02,Beans (white),Iraq,Baghdad,RETAIL,Kg,kg,2.02
2021-05-01,2.07,Beans (white),Iraq,Baghdad,RETAIL,Kg,kg,2.07
2021-06-01,2.07,Beans (white),Iraq,Baghdad,RETAIL,Kg,kg,2.07
2021-07-01,2.07,Beans (white),Iraq,Baghdad,RETAIL,Kg,kg,2.07
2021-08-01,1.97,Beans (white),Iraq,Baghdad,RETAIL,Kg,kg,1.97
2021-09-01,2.01,Beans (white),Iraq,Baghdad,RETAIL,Kg,kg,2.01
2021-10-01,1.99,Beans (white),Iraq,Baghdad,RETAIL,Kg,kg,1.99
2021-11-01,1.93,Beans (white),Iraq,Baghdad,RETAIL,Kg,kg,1.93
2021-12-01,1.72,Beans (white),Iraq,Baghdad,RETAIL,Kg,kg,1.72
2022-01-01,1.89,Beans (white),Iraq,Baghdad,RETAIL,Kg,kg,1.89
2022-02-01,1.9,Beans (white),Iraq,Baghdad,RETAIL,Kg,kg,1.9
2022-03-01,1.9,Beans (white),Iraq,Baghdad,RETAIL,Kg,kg,1.9
2022-04-01,1.9,Beans (white),Iraq,Baghdad,RETAIL,Kg,kg,1.9
2022-05-01,1.78,Beans (white),Iraq,Baghdad,RETAIL,Kg,kg,1.78
2022-06-01,1.75,Beans (white),Iraq,Baghdad,RETAIL,Kg,kg,1.75
2022-07-01,1.72,Beans (white),Iraq,Baghdad,RETAIL,Kg,kg,1.72
2022-08-01,1.72,Beans (white),Iraq,Baghdad,RETAIL,Kg,kg,1.72
2022-09-01,1.66,Beans (white),Iraq,Baghdad,RETAIL,Kg,kg,1.66
2022-10-01,1.55,Beans (white),Iraq,Baghdad,RETAIL,Kg,kg,1.55
2022-11-01,1.55,Beans (white),Iraq,Baghdad,RETAIL,Kg,kg,1.55
2022-12-01,1.55,Beans (white),Iraq,Baghdad,RETAIL,Kg,kg,1.55
2023-01-01,1.55,Beans (white),Iraq,Baghdad,RETAIL,Kg,kg,1.55
2023-02-01,1.92,Beans (white),Iraq,Baghdad,RETAIL,Kg,kg,1.92
2023-03-01,1.92,Beans (white),Iraq,Baghdad,RETAIL,Kg,kg,1.92
2023-04-01,1.92,Beans (white),Iraq,Baghdad,RETAIL,Kg,kg,1.92
2023-05-01,1.92,Beans (white),Iraq,Baghdad,RETAIL,Kg,kg,1.92
2023-06-01,1.92,Beans (white),Iraq,Baghdad,RETAIL,Kg,kg,1.92
2023-07-01,1.92,Beans (white),Iraq,Baghdad,RETAIL,Kg,kg,1.92
2023-08-01,1.92,Beans (white),Iraq,Baghdad,RETAIL,Kg,kg,1.92
2023-09-01,1.92,Beans (white),Iraq,Baghdad,RETAIL,Kg,kg,1.92
2023-10-01,1.92,Beans (white),Iraq,Baghdad,RETAIL,Kg,kg,1.92
2023-11-01,1.92,Beans (white),Iraq,Baghdad,RETAIL,Kg,kg,1.92
2023-12-01,1.92,Beans (white),Iraq,Baghdad,RETAIL,Kg,kg,1.92
2024-01-01,1.92,Beans (white),Iraq,Baghdad,RETAIL,Kg,kg,1.92
2024-02-01,1.92,Beans (white),Iraq,Baghdad,RETAIL,Kg,kg,1.92
2024-03-01,1.92,Beans (white),Iraq,Baghdad,RETAIL,Kg,kg,1.92
2024-04-01,1.92,Beans (white),Iraq,Baghdad,RETAIL,Kg,kg,1.92
2024-05-01,1.85,Beans (white),Iraq,Baghdad,RETAIL,Kg,kg,1.85
2024-06-01,1.82,Beans (white),Iraq,Baghdad,RETAIL,Kg,kg,1.82
2024-07-01,1.78,Beans (white),Iraq,Baghdad,RETAIL,Kg,kg,1.78
2024-08-01,1.77,Beans (white),Iraq,Baghdad,RETAIL,Kg,kg,1.77
2024-09-01,1.72,Beans (white),Iraq,Baghdad,RETAIL,Kg,kg,1.72
2024-10-01,1.82,Beans (white),Iraq,Baghdad,RETAIL,Kg,kg,1.82
2024-11-01,1.54,Beans (white),Iraq,Baghdad,RETAIL,Kg,kg,1.54
2024-12-01,1.83,Beans (white),Iraq,Baghdad,RETAIL,Kg,kg,1.83
2025-01-01,1.63,Beans (white),Iraq,Baghdad,RETAIL,Kg,kg,1.63
2025-02-01,1.62,Beans (white),Iraq,Baghdad,RETAIL,Kg,kg,1.62
2025-03-01,1.7,Beans (white),Iraq,Baghdad,RETAIL,Kg,kg,1.7
2025-04-01,1.7,Beans (white),Iraq,Baghdad,RETAIL,Kg,kg,1.7
2025-05-01,1.72,Beans (white),Iraq,Baghdad,RETAIL,Kg,kg,1.72
2025-06-01,1.72,Beans (white),Iraq,Baghdad,RETAIL,Kg,kg,1.72
2025-07-01,1.72,Beans (white),Iraq,Baghdad,RETAIL,Kg,kg,1.72
2025-08-01,1.72,Beans (white),Iraq,Baghdad,RETAIL,Kg,kg,1.72
2025-09-01,1.91,Beans (white),Iraq,Baghdad,RETAIL,Kg,kg,1.91
2025-10-01,1.93,Beans (white),Iraq,Baghdad,RETAIL,Kg,kg,1.93
2017-01-01,3000.0,Beans (white),Iraq,Basrah,RETAIL,Kg,kg,3000.0
2017-02-01,,Beans (white),Iraq,Basrah,RETAIL,Kg,kg,
2017-03-01,2000.0,Beans (white),Iraq,Basrah,RETAIL,Kg,kg,2000.0
2017-04-01,2000.0,Beans (white),Iraq,Basrah,RETAIL,Kg,kg,2000.0
2017-05-01,2500.0,Beans (white),Iraq,Basrah,RETAIL,Kg,kg,2500.0
2017-06-01,2333.33,Beans (white),Iraq,Basrah,RETAIL,Kg,kg,2333.33
2017-07-01,2500.0,Beans (white),Iraq,Basrah,RETAIL,Kg,kg,2500.0
2017-08-01,2500.0,Beans (white),Iraq,Basrah,RETAIL,Kg,kg,2500.0
2017-09-01,2500.0,Beans (white),Iraq,Basrah,RETAIL,Kg,kg,2500.0
2017-10-01,2500.0,Beans (white),Iraq,Basrah,RETAIL,Kg,kg,2500.0
2017-11-01,2500.0,Beans (white),Iraq,Basrah,RETAIL,Kg,kg,2500.0
2017-12-01,2500.0,Beans (white),Iraq,Basrah,RETAIL,Kg,kg,2500.0
2018-01-01,,Beans (white),Iraq,Basrah,RETAIL,Kg,kg,
2018-02-01,,Beans (white),Iraq,Basrah,RETAIL,Kg,kg,
2018-03-01,,Beans (white),Iraq,Basrah,RETAIL,Kg,kg,
2018-04-01,,Beans (white),Iraq,Basrah,RETAIL,Kg,kg,
2018-05-01,,Beans (white),Iraq,Basrah,RETAIL,Kg,kg,
2018-06-01,,Beans (white),Iraq,Basrah,RETAIL,Kg,kg,
2018-07-01,,Beans (white),Iraq,Basrah,RETAIL,Kg,kg,
2018-08-01,,Beans (white),Iraq,Basrah,RETAIL,Kg,kg,
2018-09-01,1.69,Beans (white),Iraq,Basrah,RETAIL,Kg,kg,1.69
2018-10-01,1.69,Beans (white),Iraq,Basrah,RETAIL,Kg,kg,1.69
2018-11-01,1.69,Beans (white),Iraq,Basrah,RETAIL,Kg,kg,1.69
2018-12-01,1.69,Beans (white),Iraq,Basrah,RETAIL,Kg,kg,1.69
2019-01-01,1.69,Beans (white),Iraq,Basrah,RETAIL,Kg,kg,1.69
2019-02-01,1.69,Beans (white),Iraq,Basrah,RETAIL,Kg,kg,1.69
2019-03-01,1.69,Beans (white),Iraq,Basrah,RETAIL,Kg,kg,1.69
2019-04-01,1.69,Beans (white),Iraq,Basrah,RETAIL,Kg,kg,1.69
2019-05-01,1.69,Beans (white),Iraq,Basrah,RETAIL,Kg,kg,1.69
2019-06-01,1.69,Beans (white),Iraq,Basrah,RETAIL,Kg,kg,1.69
2019-07-01,,Beans (white),Iraq,Basrah,RETAIL,Kg,kg,
2019-08-01,,Beans (white),Iraq,Basrah,RETAIL,Kg,kg,
2019-09-01,,Beans (white),Iraq,Basrah,RETAIL,Kg,kg,
2019-10-01,,Beans (white),Iraq,Basrah,RETAIL,Kg,kg,
2019-11-01,1.69,Beans (white),Iraq,Basrah,RETAIL,Kg,kg,1.69
2019-12-01,2.01,Beans (white),Iraq,Basrah,RETAIL,Kg,kg,2.01
2020-01-01,2.12,Beans (white),Iraq,Basrah,RETAIL,Kg,kg,2.12
2020-02-01,2.12,Beans (white),Iraq,Basrah,RETAIL,Kg,kg,2.12
2020-03-01,2.12,Beans (white),Iraq,Basrah,RETAIL,Kg,kg,2.12
2020-04-01,2.12,Beans (white),Iraq,Basrah,RETAIL,Kg,kg,2.12
2020-05-01,2.01,Beans (white),Iraq,Basrah,RETAIL,Kg,kg,2.01
2020-06-01,2.12,Beans (white),Iraq,Basrah,RETAIL,Kg,kg,2.12
2020-07-01,2.12,Beans (white),Iraq,Basrah,RETAIL,Kg,kg,2.12
2020-08-01,2.02,Beans (white),Iraq,Basrah,RETAIL,Kg,kg,2.02
2020-09-01,2.12,Beans (white),Iraq,Basrah,RETAIL,Kg,kg,2.12
2020-10-01,2.12,Beans (white),Iraq,Basrah,RETAIL,Kg,kg,2.12
2020-11-01,2.12,Beans (white),Iraq,Basrah,RETAIL,Kg,kg,2.12
2020-12-01,2.12,Beans (white),Iraq,Basrah,RETAIL,Kg,kg,2.12
2021-01-01,1.72,Beans (white),Iraq,Basrah,RETAIL,Kg,kg,1.72
2021-02-01,1.64,Beans (white),Iraq,Basrah,RETAIL,Kg,kg,1.64
2021-03-01,1.65,Beans (white),Iraq,Basrah,RETAIL,Kg,kg,1.65
2021-04-01,1.72,Beans (white),Iraq,Basrah,RETAIL,Kg,kg,1.72
2021-05-01,1.72,Beans (white),Iraq,Basrah,RETAIL,Kg,kg,1.72
2021-06-01,1.72,Beans (white),Iraq,Basrah,RETAIL,Kg,kg,1.72
2021-07-01,1.72,Beans (white),Iraq,Basrah,RETAIL,Kg,kg,1.72
2021-08-01,1.72,Beans (white),Iraq,Basrah,RETAIL,Kg,kg,1.72
2021-09-01,1.72,Beans (white),Iraq,Basrah,RETAIL,Kg,kg,1.72
2021-10-01,1.72,Beans (white),Iraq,Basrah,RETAIL,Kg,kg,1.72
2021-11-01,1.72,Beans (white),Iraq,Basrah,RETAIL,Kg,kg,1.72
2021-12-01,1.72,Beans (white),Iraq,Basrah,RETAIL,Kg,kg,1.72
2022-01-01,1.72,Beans (white),Iraq,Basrah,RETAIL,Kg,kg,1.72
2022-02-01,1.72,Beans (white),Iraq,Basrah,RETAIL,Kg,kg,1.72
2022-03-01,1.72,Beans (white),Iraq,Basrah,RETAIL,Kg,kg,1.72
2022-04-01,1.72,Beans (white),Iraq,Basrah,RETAIL,Kg,kg,1.72
2022-05-01,1.72,Beans (white),Iraq,Basrah,RETAIL,Kg,kg,1.72
2022-06-01,1.72,Beans (white),Iraq,Basrah,RETAIL,Kg,kg,1.72
2022-07-01,1.72,Beans (white),Iraq,Basrah,RETAIL,Kg,kg,1.72
2022-08-01,1.72,Beans (white),Iraq,Basrah,RETAIL,Kg,kg,1.72
2022-09-01,1.72,Beans (white),Iraq,Basrah,RETAIL,Kg,kg,1.72
2022-10-01,1.72,Beans (white),Iraq,Basrah,RETAIL,Kg,kg,1.72
2022-11-01,1.72,Beans (white),Iraq,Basrah,RETAIL,Kg,kg,1.72
2022-12-01,1.72,Beans (white),Iraq,Basrah,RETAIL,Kg,kg,1.72
2023-01-01,1.72,Beans (white),Iraq,Basrah,RETAIL,Kg,kg,1.72
2023-02-01,2.64,Beans (white),Iraq,Basrah,RETAIL,Kg,kg,2.64
2023-03-01,2.5,Beans (white),Iraq,Basrah,RETAIL,Kg,kg,2.5
2023-04-01,2.5,Beans (white),Iraq,Basrah,RETAIL,Kg,kg,2.5
2023-05-01,2.31,Beans (white),Iraq,Basrah,RETAIL,Kg,kg,2.31
2023-06-01,2.31,Beans (white),Iraq,Basrah,RETAIL,Kg,kg,2.31
2023-07-01,2.31,Beans (white),Iraq,Basrah,RETAIL,Kg,kg,2.31
2023-08-01,2.31,Beans (white),Iraq,Basrah,RETAIL,Kg,kg,2.31
2023-09-01,2.31,Beans (white),Iraq,Basrah,RETAIL,Kg,kg,2.31
2023-10-01,2.31,Beans (white),Iraq,Basrah,RETAIL,Kg,kg,2.31
2023-11-01,2.31,Beans (white),Iraq,Basrah,RETAIL,Kg,kg,2.31
2023-12-01,2.31,Beans (white),Iraq,Basrah,RETAIL,Kg,kg,2.31
2024-01-01,2.31,Beans (white),Iraq,Basrah,RETAIL,Kg,kg,2.31
2024-02-01,2.31,Beans (white),Iraq,Basrah,RETAIL,Kg,kg,2.31
2024-03-01,2.31,Beans (white),Iraq,Basrah,RETAIL,Kg,kg,2.31
2024-04-01,2.31,Beans (white),Iraq,Basrah,RETAIL,Kg,kg,2.31
2024-05-01,2.31,Beans (white),Iraq,Basrah,RETAIL,Kg,kg,2.31
2024-06-01,2.31,Beans (white),Iraq,Basrah,RETAIL,Kg,kg,2.31
2024-07-01,2.31,Beans (white),Iraq,Basrah,RETAIL,Kg,kg,2.31
2024-08-01,2.31,Beans (white),Iraq,Basrah,RETAIL,Kg,kg,2.31
2024-09-01,2.29,Beans (white),Iraq,Basrah,RETAIL,Kg,kg,2.29
2024-10-01,2.12,Beans (white),Iraq,Basrah,RETAIL,Kg,kg,2.12
2024-11-01,2.31,Beans (white),Iraq,Basrah,RETAIL,Kg,kg,2.31
2024-12-01,2.31,Beans (white),Iraq,Basrah,RETAIL,Kg,kg,2.31
2025-01-01,2.29,Beans (white),Iraq,Basrah,RETAIL,Kg,kg,2.29
2025-02-01,2.29,Beans (white),Iraq,Basrah,RETAIL,Kg,kg,2.29
2025-03-01,2.12,Beans (white),Iraq,Basrah,RETAIL,Kg,kg,2.12
2025-04-01,2.32,Beans (white),Iraq,Basrah,RETAIL,Kg,kg,2.32
2025-05-01,2.32,Beans (white),Iraq,Basrah,RETAIL,Kg,kg,2.32
2025-06-01,2.29,Beans (white),Iraq,Basrah,RETAIL,Kg,kg,2.29
2025-07-01,2.29,Beans (white),Iraq,Basrah,RETAIL,Kg,kg,2.29
2025-08-01,2.29,Beans (white),Iraq,Basrah,RETAIL,Kg,kg,2.29
2025-09-01,2.29,Beans (white),Iraq,Basrah,RETAIL,Kg,kg,2.29
2025-10-01,2.32,Beans (white),Iraq,Basrah,RETAIL,Kg,kg,2.32
2017-01-01,2624.5,Beans (white),Iraq,Dohuk,RETAIL,Kg,kg,2624.5
2017-02-01,2000.0,Beans (white),Iraq,Dohuk,RETAIL,Kg,kg,2000.0
2017-03-01,2500.0,Beans (white),Iraq,Dohuk,RETAIL,Kg,kg,2500.0
2017-04-01,2400.0,Beans (white),Iraq,Dohuk,RETAIL,Kg,kg,2400.0
2017-05-01,2250.0,Beans (white),Iraq,Dohuk,RETAIL,Kg,kg,2250.0
2017-06-01,2385.0,Beans (white),Iraq,Dohuk,RETAIL,Kg,kg,2385.0
2017-07-01,2453.0,Beans (white),Iraq,Dohuk,RETAIL,Kg,kg,2453.0
2017-08-01,2437.5,Beans (white),Iraq,Dohuk,RETAIL,Kg,kg,2437.5
2017-09-01,2875.0,Beans (white),Iraq,Dohuk,RETAIL,Kg,kg,2875.0
2017-10-01,2666.0,Beans (white),Iraq,Dohuk,RETAIL,Kg,kg,2666.0
2017-11-01,2541.5,Beans (white),Iraq,Dohuk,RETAIL,Kg,kg,2541.5
2017-12-01,2666.0,Beans (white),Iraq,Dohuk,RETAIL,Kg,kg,2666.0
2018-01-01,2.18,Beans (white),Iraq,Dohuk,RETAIL,Kg,kg,2.18
2018-02-01,2.32,Beans (white),Iraq,Dohuk,RETAIL,Kg,kg,2.32
2018-03-01,2.32,Beans (white),Iraq,Dohuk,RETAIL,Kg,kg,2.32
2018-04-01,2.36,Beans (white),Iraq,Dohuk,RETAIL,Kg,kg,2.36
2018-05-01,2.18,Beans (white),Iraq,Dohuk,RETAIL,Kg,kg,2.18
2018-06-01,2.12,Beans (white),Iraq,Dohuk,RETAIL,Kg,kg,2.12
2018-07-01,1.69,Beans (white),Iraq,Dohuk,RETAIL,Kg,kg,1.69
2018-08-01,1.85,Beans (white),Iraq,Dohuk,RETAIL,Kg,kg,1.85
2018-09-01,2.19,Beans (white),Iraq,Dohuk,RETAIL,Kg,kg,2.19
2018-10-01,2.33,Beans (white),Iraq,Dohuk,RETAIL,Kg,kg,2.33
2018-11-01,2.01,Beans (white),Iraq,Dohuk,RETAIL,Kg,kg,2.01
2018-12-01,1.74,Beans (white),Iraq,Dohuk,RETAIL,Kg,kg,1.74
2019-01-01,2.08,Beans (white),Iraq,Dohuk,RETAIL,Kg,kg,2.08
2019-02-01,1.94,Beans (white),Iraq,Dohuk,RETAIL,Kg,kg,1.94
2019-03-01,1.9,Beans (white),Iraq,Dohuk,RETAIL,Kg,kg,1.9
2019-04-01,2.19,Beans (white),Iraq,Dohuk,RETAIL,Kg,kg,2.19
2019-05-01,2.12,Beans (white),Iraq,Dohuk,RETAIL,Kg,kg,2.12
2019-06-01,2.19,Beans (white),Iraq,Dohuk,RETAIL,Kg,kg,2.19
2019-07-01,2.12,Beans (white),Iraq,Dohuk,RETAIL,Kg,kg,2.12
2019-08-01,1.97,Beans (white),Iraq,Dohuk,RETAIL,Kg,kg,1.97
2019-09-01,1.99,Beans (white),Iraq,Dohuk,RETAIL,Kg,kg,1.99
2019-10-01,1.94,Beans (white),Iraq,Dohuk,RETAIL,Kg,kg,1.94
2019-11-01,1.9,Beans (white),Iraq,Dohuk,RETAIL,Kg,kg,1.9
2019-12-01,1.99,Beans (white),Iraq,Dohuk,RETAIL,Kg,kg,1.99
2020-01-01,2.12,Beans (white),Iraq,Dohuk,RETAIL,Kg,kg,2.12
2020-02-01,2.06,Beans (white),Iraq,Dohuk,RETAIL,Kg,kg,2.06
2020-03-01,2.33,Beans (white),Iraq,Dohuk,RETAIL,Kg,kg,2.33
2020-04-01,2.35,Beans (white),Iraq,Dohuk,RETAIL,Kg,kg,2.35
2020-05-01,2.33,Beans (white),Iraq,Dohuk,RETAIL,Kg,kg,2.33
2020-06-01,2.31,Beans (white),Iraq,Dohuk,RETAIL,Kg,kg,2.31
2020-07-01,2.12,Beans (white),Iraq,Dohuk,RETAIL,Kg,kg,2.12
2020-08-01,2.12,Beans (white),Iraq,Dohuk,RETAIL,Kg,kg,2.12
2020-09-01,2.26,Beans (white),Iraq,Dohuk,RETAIL,Kg,kg,2.26
2020-10-01,1.69,Beans (white),Iraq,Dohuk,RETAIL,Kg,kg,1.69
2020-11-01,2.3,Beans (white),Iraq,Dohuk,RETAIL,Kg,kg,2.3
2020-12-01,2.33,Beans (white),Iraq,Dohuk,RETAIL,Kg,kg,2.33
2021-01-01,1.91,Beans (white),Iraq,Dohuk,RETAIL,Kg,kg,1.91
2021-02-01,2.07,Beans (white),Iraq,Dohuk,RETAIL,Kg,kg,2.07
2021-03-01,2.07,Beans (white),Iraq,Dohuk,RETAIL,Kg,kg,2.07
2021-04-01,2.07,Beans (white),Iraq,Dohuk,RETAIL,Kg,kg,2.07
2021-05-01,2.07,Beans (white),Iraq,Dohuk,RETAIL,Kg,kg,2.07
2021-06-01,2.06,Beans (white),Iraq,Dohuk,RETAIL,Kg,kg,2.06
2021-07-01,1.91,Beans (white),Iraq,Dohuk,RETAIL,Kg,kg,1.91
2021-08-01,2.06,Beans (white),Iraq,Dohuk,RETAIL,Kg,kg,2.06
2021-09-01,1.78,Beans (white),Iraq,Dohuk,RETAIL,Kg,kg,1.78
2021-10-01,1.96,Beans (white),Iraq,Dohuk,RETAIL,Kg,kg,1.96
2021-11-01,1.96,Beans (white),Iraq,Dohuk,RETAIL,Kg,kg,1.96
2021-12-01,2.07,Beans (white),Iraq,Dohuk,RETAIL,Kg,kg,2.07
2022-01-01,2.06,Beans (white),Iraq,Dohuk,RETAIL,Kg,kg,2.06
2022-02-01,1.94,Beans (white),Iraq,Dohuk,RETAIL,Kg,kg,1.94
2022-03-01,1.72,Beans (white),Iraq,Dohuk,RETAIL,Kg,kg,1.72
2022-04-01,1.66,Beans (white),Iraq,Dohuk,RETAIL,Kg,kg,1.66
2022-05-01,2.21,Beans (white),Iraq,Dohuk,RETAIL,Kg,kg,2.21
2022-06-01,2.24,Beans (white),Iraq,Dohuk,RETAIL,Kg,kg,2.24
2022-07-01,1.7,Beans (white),Iraq,Dohuk,RETAIL,Kg,kg,1.7
2022-08-01,2.03,Beans (white),Iraq,Dohuk,RETAIL,Kg,kg,2.03
2022-09-01,2.07,Beans (white),Iraq,Dohuk,RETAIL,Kg,kg,2.07
2022-10-01,1.87,Beans (white),Iraq,Dohuk,RETAIL,Kg,kg,1.87
2022-11-01,1.9,Beans (white),Iraq,Dohuk,RETAIL,Kg,kg,1.9
2022-12-01,2.22,Beans (white),Iraq,Dohuk,RETAIL,Kg,kg,2.22
2023-01-01,2.24,Beans (white),Iraq,Dohuk,RETAIL,Kg,kg,2.24
2023-02-01,2.83,Beans (white),Iraq,Dohuk,RETAIL,Kg,kg,2.83
2023-03-01,2.46,Beans (white),Iraq,Dohuk,RETAIL,Kg,kg,2.46
2023-04-01,2.5,Beans (white),Iraq,Dohuk,RETAIL,Kg,kg,2.5
2023-05-01,2.31,Beans (white),Iraq,Dohuk,RETAIL,Kg,kg,2.31
2023-06-01,2.38,Beans (white),Iraq,Dohuk,RETAIL,Kg,kg,2.38
2023-07-01,2.5,Beans (white),Iraq,Dohuk,RETAIL,Kg,kg,2.5
2023-08-01,2.5,Beans (white),Iraq,Dohuk,RETAIL,Kg,kg,2.5
2023-09-01,2.5,Beans (white),Iraq,Dohuk,RETAIL,Kg,kg,2.5
2023-10-01,2.5,Beans (white),Iraq,Dohuk,RETAIL,Kg,kg,2.5
2023-11-01,2.5,Beans (white),Iraq,Dohuk,RETAIL,Kg,kg,2.5
2023-12-01,2.5,Beans (white),Iraq,Dohuk,RETAIL,Kg,kg,2.5
2024-01-01,2.5,Beans (white),Iraq,Dohuk,RETAIL,Kg,kg,2.5
2024-02-01,2.5,Beans (white),Iraq,Dohuk,RETAIL,Kg,kg,2.5
2024-03-01,2.5,Beans (white),Iraq,Dohuk,RETAIL,Kg,kg,2.5
2024-04-01,2.5,Beans (white),Iraq,Dohuk,RETAIL,Kg,kg,2.5
2024-05-01,2.5,Beans (white),Iraq,Dohuk,RETAIL,Kg,kg,2.5
2024-06-01,2.5,Beans (white),Iraq,Dohuk,RETAIL,Kg,kg,2.5
2024-07-01,2.5,Beans (white),Iraq,Dohuk,RETAIL,Kg,kg,2.5
2024-08-01,2.5,Beans (white),Iraq,Dohuk,RETAIL,Kg,kg,2.5
2024-09-01,2.48,Beans (white),Iraq,Dohuk,RETAIL,Kg,kg,2.48
2024-10-01,2.48,Beans (white),Iraq,Dohuk,RETAIL,Kg,kg,2.48
2024-11-01,2.5,Beans (white),Iraq,Dohuk,RETAIL,Kg,kg,2.5
2024-12-01,2.5,Beans (white),Iraq,Dohuk,RETAIL,Kg,kg,2.5
2025-01-01,2.48,Beans (white),Iraq,Dohuk,RETAIL,Kg,kg,2.48
2025-02-01,2.48,Beans (white),Iraq,Dohuk,RETAIL,Kg,kg,2.48
2025-03-01,2.48,Beans (white),Iraq,Dohuk,RETAIL,Kg,kg,2.48
2025-04-01,2.51,Beans (white),Iraq,Dohuk,RETAIL,Kg,kg,2.51
2025-05-01,2.52,Beans (white),Iraq,Dohuk,RETAIL,Kg,kg,2.52
2025-06-01,2.48,Beans (white),Iraq,Dohuk,RETAIL,Kg,kg,2.48
2025-07-01,2.48,Beans (white),Iraq,Dohuk,RETAIL,Kg,kg,2.48
2025-08-01,2.48,Beans (white),Iraq,Dohuk,RETAIL,Kg,kg,2.48
2025-09-01,2.48,Beans (white),Iraq,Dohuk,RETAIL,Kg,kg,2.48
2025-10-01,2.51,Beans (white),Iraq,Dohuk,RETAIL,Kg,kg,2.51
2017-01-01,2000.0,Beans (white),Iraq,Erbil,RETAIL,Kg,kg,2000.0
2017-02-01,1937.5,Beans (white),Iraq,Erbil,RETAIL,Kg,kg,1937.5
2017-03-01,1750.0,Beans (white),Iraq,Erbil,RETAIL,Kg,kg,1750.0
2017-04-01,1750.0,Beans (white),Iraq,Erbil,RETAIL,Kg,kg,1750.0
2017-05-01,1750.0,Beans (white),Iraq,Erbil,RETAIL,Kg,kg,1750.0
2017-06-01,,Beans (white),Iraq,Erbil,RETAIL,Kg,kg,
2017-07-01,2000.0,Beans (white),Iraq,Erbil,RETAIL,Kg,kg,2000.0
2017-08-01,1600.0,Beans (white),Iraq,Erbil,RETAIL,Kg,kg,1600.0
2017-09-01,2000.0,Beans (white),Iraq,Erbil,RETAIL,Kg,kg,2000.0
2017-10-01,2000.0,Beans (white),Iraq,Erbil,RETAIL,Kg,kg,2000.0
2017-11-01,2500.0,Beans (white),Iraq,Erbil,RETAIL,Kg,kg,2500.0
2017-12-01,2500.0,Beans (white),Iraq,Erbil,RETAIL,Kg,kg,2500.0
2018-01-01,2.11,Beans (white),Iraq,Erbil,RETAIL,Kg,kg,2.11
2018-02-01,1.69,Beans (white),Iraq,Erbil,RETAIL,Kg,kg,1.69
2018-03-01,,Beans (white),Iraq,Erbil,RETAIL,Kg,kg,
2018-04-01,,Beans (white),Iraq,Erbil,RETAIL,Kg,kg,
2018-05-01,2.11,Beans (white),Iraq,Erbil,RETAIL,Kg,kg,2.11
2018-06-01,,Beans (white),Iraq,Erbil,RETAIL,Kg,kg,
2018-07-01,,Beans (white),Iraq,Erbil,RETAIL,Kg,kg,
2018-08-01,,Beans (white),Iraq,Erbil,RETAIL,Kg,kg,
2018-09-01,,Beans (white),Iraq,Erbil,RETAIL,Kg,kg,
2018-10-01,,Beans (white),Iraq,Erbil,RETAIL,Kg,kg,
2018-11-01,,Beans (white),Iraq,Erbil,RETAIL,Kg,kg,
2018-12-01,,Beans (white),Iraq,Erbil,RETAIL,Kg,kg,
2019-01-01,,Beans (white),Iraq,Erbil,RETAIL,Kg,kg,
2019-02-01,2.12,Beans (white),Iraq,Erbil,RETAIL,Kg,kg,2.12
2019-03-01,1.06,Beans (white),Iraq,Erbil,RETAIL,Kg,kg,1.06
2019-04-01,,Beans (white),Iraq,Erbil,RETAIL,Kg,kg,
2019-05-01,,Beans (white),Iraq,Erbil,RETAIL,Kg,kg,
2019-06-01,,Beans (white),Iraq,Erbil,RETAIL,Kg,kg,
2019-07-01,,Beans (white),Iraq,Erbil,RETAIL,Kg,kg,
2019-08-01,,Beans (white),Iraq,Erbil,RETAIL,Kg,kg,
2019-09-01,1.48,Beans (white),Iraq,Erbil,RETAIL,Kg,kg,1.48
2019-10-01,1.48,Beans (white),Iraq,Erbil,RETAIL,Kg,kg,1.48
2019-11-01,1.48,Beans (white),Iraq,Erbil,RETAIL,Kg,kg,1.48
2019-12-01,,Beans (white),Iraq,Erbil,RETAIL,Kg,kg,
2020-01-01,,Beans (white),Iraq,Erbil,RETAIL,Kg,kg,
2020-02-01,,Beans (white),Iraq,Erbil,RETAIL,Kg,kg,
2020-03-01,1.27,Beans (white),Iraq,Erbil,RETAIL,Kg,kg,1.27
2020-04-01,1.27,Beans (white),Iraq,Erbil,RETAIL,Kg,kg,1.27
2020-05-01,1.27,Beans (white),Iraq,Erbil,RETAIL,Kg,kg,1.27
2020-06-01,1.27,Beans (white),Iraq,Erbil,RETAIL,Kg,kg,1.27
2020-07-01,1.27,Beans (white),Iraq,Erbil,RETAIL,Kg,kg,1.27
2020-08-01,1.27,Beans (white),Iraq,Erbil,RETAIL,Kg,kg,1.27
2020-09-01,1.27,Beans (white),Iraq,Erbil,RETAIL,Kg,kg,1.27
2020-10-01,1.27,Beans (white),Iraq,Erbil,RETAIL,Kg,kg,1.27
2020-11-01,1.27,Beans (white),Iraq,Erbil,RETAIL,Kg,kg,1.27
2020-12-01,1.34,Beans (white),Iraq,Erbil,RETAIL,Kg,kg,1.34
2021-01-01,1.17,Beans (white),Iraq,Erbil,RETAIL,Kg,kg,1.17
2021-02-01,1.21,Beans (white),Iraq,Erbil,RETAIL,Kg,kg,1.21
2021-03-01,1.21,Beans (white),Iraq,Erbil,RETAIL,Kg,kg,1.21
2021-04-01,1.21,Beans (white),Iraq,Erbil,RETAIL,Kg,kg,1.21
2021-05-01,1.21,Beans (white),Iraq,Erbil,RETAIL,Kg,kg,1.21
2021-06-01,1.21,Beans (white),Iraq,Erbil,RETAIL,Kg,kg,1.21
2021-07-01,1.21,Beans (white),Iraq,Erbil,RETAIL,Kg,kg,1.21
2021-08-01,1.21,Beans (white),Iraq,Erbil,RETAIL,Kg,kg,1.21
2021-09-01,1.21,Beans (white),Iraq,Erbil,RETAIL,Kg,kg,1.21
2021-10-01,1.21,Beans (white),Iraq,Erbil,RETAIL,Kg,kg,1.21
2021-11-01,1.21,Beans (white),Iraq,Erbil,RETAIL,Kg,kg,1.21
2021-12-01,1.37,Beans (white),Iraq,Erbil,RETAIL,Kg,kg,1.37
2022-01-01,1.61,Beans (white),Iraq,Erbil,RETAIL,Kg,kg,1.61
2022-02-01,1.72,Beans (white),Iraq,Erbil,RETAIL,Kg,kg,1.72
2022-03-01,1.8,Beans (white),Iraq,Erbil,RETAIL,Kg,kg,1.8
2022-04-01,1.72,Beans (white),Iraq,Erbil,RETAIL,Kg,kg,1.72
2022-05-01,1.72,Beans (white),Iraq,Erbil,RETAIL,Kg,kg,1.72
2022-06-01,1.72,Beans (white),Iraq,Erbil,RETAIL,Kg,kg,1.72
2022-07-01,1.72,Beans (white),Iraq,Erbil,RETAIL,Kg,kg,1.72
2022-08-01,1.72,Beans (white),Iraq,Erbil,RETAIL,Kg,kg,1.72
2022-09-01,1.72,Beans (white),Iraq,Erbil,RETAIL,Kg,kg,1.72
2022-10-01,1.64,Beans (white),Iraq,Erbil,RETAIL,Kg,kg,1.64
2022-11-01,1.72,Beans (white),Iraq,Erbil,RETAIL,Kg,kg,1.72
2022-12-01,1.72,Beans (white),Iraq,Erbil,RETAIL,Kg,kg,1.72
2023-01-01,1.72,Beans (white),Iraq,Erbil,RETAIL,Kg,kg,1.72
2023-02-01,2.06,Beans (white),Iraq,Erbil,RETAIL,Kg,kg,2.06
2023-03-01,1.97,Beans (white),Iraq,Erbil,RETAIL,Kg,kg,1.97
2023-04-01,1.92,Beans (white),Iraq,Erbil,RETAIL,Kg,kg,1.92
2023-05-01,2.02,Beans (white),Iraq,Erbil,RETAIL,Kg,kg,2.02
2023-06-01,2.09,Beans (white),Iraq,Erbil,RETAIL,Kg,kg,2.09
2023-07-01,2.12,Beans (white),Iraq,Erbil,RETAIL,Kg,kg,2.12
2023-08-01,2.36,Beans (white),Iraq,Erbil,RETAIL,Kg,kg,2.36
2023-09-01,2.69,Beans (white),Iraq,Erbil,RETAIL,Kg,kg,2.69
2023-10-01,2.69,Beans (white),Iraq,Erbil,RETAIL,Kg,kg,2.69
2023-11-01,2.69,Beans (white),Iraq,Erbil,RETAIL,Kg,kg,2.69
2023-12-01,2.69,Beans (white),Iraq,Erbil,RETAIL,Kg,kg,2.69
2024-01-01,2.5,Beans (white),Iraq,Erbil,RETAIL,Kg,kg,2.5
2024-02-01,2.5,Beans (white),Iraq,Erbil,RETAIL,Kg,kg,2.5
2024-03-01,2.11,Beans (white),Iraq,Erbil,RETAIL,Kg,kg,2.11
2024-04-01,1.92,Beans (white),Iraq,Erbil,RETAIL,Kg,kg,1.92
2024-05-01,1.92,Beans (white),Iraq,Erbil,RETAIL,Kg,kg,1.92
2024-06-01,1.92,Beans (white),Iraq,Erbil,RETAIL,Kg,kg,1.92
2024-07-01,1.92,Beans (white),Iraq,Erbil,RETAIL,Kg,kg,1.92
2024-08-01,1.92,Beans (white),Iraq,Erbil,RETAIL,Kg,kg,1.92
2024-09-01,1.91,Beans (white),Iraq,Erbil,RETAIL,Kg,kg,1.91
2024-10-01,1.91,Beans (white),Iraq,Erbil,RETAIL,Kg,kg,1.91
2024-11-01,1.92,Beans (white),Iraq,Erbil,RETAIL,Kg,kg,1.92
2024-12-01,1.92,Beans (white),Iraq,Erbil,RETAIL,Kg,kg,1.92
2025-01-01,1.91,Beans (white),Iraq,Erbil,RETAIL,Kg,kg,1.91
2025-02-01,1.91,Beans (white),Iraq,Erbil,RETAIL,Kg,kg,1.91
2025-03-01,1.91,Beans (white),Iraq,Erbil,RETAIL,Kg,kg,1.91
2025-04-01,1.83,Beans (white),Iraq,Erbil,RETAIL,Kg,kg,1.83
2025-05-01,1.77,Beans (white),Iraq,Erbil,RETAIL,Kg,kg,1.77
2025-06-01,1.53,Beans (white),Iraq,Erbil,RETAIL,Kg,kg,1.53
2025-07-01,1.53,Beans (white),Iraq,Erbil,RETAIL,Kg,kg,1.53
2025-08-01,1.53,Beans (white),Iraq,Erbil,RETAIL,Kg,kg,1.53
2025-09-01,1.91,Beans (white),Iraq,Erbil,RETAIL,Kg,kg,1.91
2025-10-01,1.54,Beans (white),Iraq,Erbil,RETAIL,Kg,kg,1.54
2017-01-01,2464.03,Beans (white),Iraq,National Average,RETAIL,Kg,kg,2464.03
2017-02-01,2232.14,Beans (white),Iraq,National Average,RETAIL,Kg,kg,2232.14
2017-03-01,2233.07,Beans (white),Iraq,National Average,RETAIL,Kg,kg,2233.07
2017-04-01,2243.75,Beans (white),Iraq,National Average,RETAIL,Kg,kg,2243.75
2017-05-01,2382.81,Beans (white),Iraq,National Average,RETAIL,Kg,kg,2382.81
2017-06-01,2302.05,Beans (white),Iraq,National Average,RETAIL,Kg,kg,2302.05
2017-07-01,2809.14,Beans (white),Iraq,National Average,RETAIL,Kg,kg,2809.14
2017-08-01,2262.5,Beans (white),Iraq,National Average,RETAIL,Kg,kg,2262.5
2017-09-01,2179.2,Beans (white),Iraq,National Average,RETAIL,Kg,kg,2179.2
2017-10-01,2152.19,Beans (white),Iraq,National Average,RETAIL,Kg,kg,2152.19
2017-11-01,2203.86,Beans (white),Iraq,National Average,RETAIL,Kg,kg,2203.86
2017-12-01,2195.46,Beans (white),Iraq,National Average,RETAIL,Kg,kg,2195.46
2018-01-01,1.67,Beans (white),Iraq,National Average,RETAIL,Kg,kg,1.67
2018-02-01,1.82,Beans (white),Iraq,National Average,RETAIL,Kg,kg,1.82
2018-03-01,1.76,Beans (white),Iraq,National Average,RETAIL,Kg,kg,1.76
2018-04-01,1.8,Beans (white),Iraq,National Average,RETAIL,Kg,kg,1.8
2018-05-01,1.81,Beans (white),Iraq,National Average,RETAIL,Kg,kg,1.81
2018-06-01,1.77,Beans (white),Iraq,National Average,RETAIL,Kg,kg,1.77
2018-07-01,1.72,Beans (white),Iraq,National Average,RETAIL,Kg,kg,1.72
2018-08-01,1.71,Beans (white),Iraq,National Average,RETAIL,Kg,kg,1.71
2018-09-01,1.69,Beans (white),Iraq,National Average,RETAIL,Kg,kg,1.69
2018-10-01,1.65,Beans (white),Iraq,National Average,RETAIL,Kg,kg,1.65
2018-11-01,1.71,Beans (white),Iraq,National Average,RETAIL,Kg,kg,1.71
2018-12-01,1.73,Beans (white),Iraq,National Average,RETAIL,Kg,kg,1.73
2019-01-01,1.69,Beans (white),Iraq,National Average,RETAIL,Kg,kg,1.69
2019-02-01,1.71,Beans (white),Iraq,National Average,RETAIL,Kg,kg,1.71
2019-03-01,1.63,Beans (white),Iraq,National Average,RETAIL,Kg,kg,1.63
2019-04-01,1.72,Beans (white),Iraq,National Average,RETAIL,Kg,kg,1.72
2019-05-01,1.72,Beans (white),Iraq,National Average,RETAIL,Kg,kg,1.72
2019-06-01,1.74,Beans (white),Iraq,National Average,RETAIL,Kg,kg,1.74
2019-07-01,1.97,Beans (white),Iraq,National Average,RETAIL,Kg,kg,1.97
2019-08-01,1.91,Beans (white),Iraq,National Average,RETAIL,Kg,kg,1.91
2019-09-01,1.79,Beans (white),Iraq,National Average,RETAIL,Kg,kg,1.79
2019-10-01,1.85,Beans (white),Iraq,National Average,RETAIL,Kg,kg,1.85
2019-11-01,1.77,Beans (white),Iraq,National Average,RETAIL,Kg,kg,1.77
2019-12-01,1.79,Beans (white),Iraq,National Average,RETAIL,Kg,kg,1.79
2020-01-01,1.84,Beans (white),Iraq,National Average,RETAIL,Kg,kg,1.84
2020-02-01,1.84,Beans (white),Iraq,National Average,RETAIL,Kg,kg,1.84
2020-03-01,1.99,Beans (white),Iraq,National Average,RETAIL,Kg,kg,1.99
2020-04-01,2.14,Beans (white),Iraq,National Average,RETAIL,Kg,kg,2.14
2020-05-01,2.07,Beans (white),Iraq,National Average,RETAIL,Kg,kg,2.07
2020-06-01,1.99,Beans (white),Iraq,National Average,RETAIL,Kg,kg,1.99
2020-07-01,1.94,Beans (white),Iraq,National Average,RETAIL,Kg,kg,1.94
2020-08-01,1.87,Beans (white),Iraq,National Average,RETAIL,Kg,kg,1.87
2020-09-01,1.88,Beans (white),Iraq,National Average,RETAIL,Kg,kg,1.88
2020-10-01,1.85,Beans (white),Iraq,National Average,RETAIL,Kg,kg,1.85
2020-11-01,1.9,Beans (white),Iraq,National Average,RETAIL,Kg,kg,1.9
2020-12-01,2.01,Beans (white),Iraq,National Average,RETAIL,Kg,kg,2.01
2021-01-01,1.76,Beans (white),Iraq,National Average,RETAIL,Kg,kg,1.76
2021-02-01,1.75,Beans (white),Iraq,National Average,RETAIL,Kg,kg,1.75
2021-03-01,1.72,Beans (white),Iraq,National Average,RETAIL,Kg,kg,1.72
2021-04-01,1.76,Beans (white),Iraq,National Average,RETAIL,Kg,kg,1.76
2021-05-01,1.76,Beans (white),Iraq,National Average,RETAIL,Kg,kg,1.76
2021-06-01,1.72,Beans (white),Iraq,National Average,RETAIL,Kg,kg,1.72
2021-07-01,1.72,Beans (white),Iraq,National Average,RETAIL,Kg,kg,1.72
2021-08-01,1.69,Beans (white),Iraq,National Average,RETAIL,Kg,kg,1.69
2021-09-01,1.7,Beans (white),Iraq,National Average,RETAIL,Kg,kg,1.7
2021-10-01,1.69,Beans (white),Iraq,National Average,RETAIL,Kg,kg,1.69
2021-11-01,1.69,Beans (white),Iraq,National Average,RETAIL,Kg,kg,1.69
2021-12-01,1.68,Beans (white),Iraq,National Average,RETAIL,Kg,kg,1.68
2022-01-01,1.71,Beans (white),Iraq,National Average,RETAIL,Kg,kg,1.71
2022-02-01,1.72,Beans (white),Iraq,National Average,RETAIL,Kg,kg,1.72
2022-03-01,1.74,Beans (white),Iraq,National Average,RETAIL,Kg,kg,1.74
2022-04-01,1.73,Beans (white),Iraq,National Average,RETAIL,Kg,kg,1.73
2022-05-01,1.76,Beans (white),Iraq,National Average,RETAIL,Kg,kg,1.76
2022-06-01,1.73,Beans (white),Iraq,National Average,RETAIL,Kg,kg,1.73
2022-07-01,1.7,Beans (white),Iraq,National Average,RETAIL,Kg,kg,1.7
2022-08-01,1.71,Beans (white),Iraq,National Average,RETAIL,Kg,kg,1.71
2022-09-01,1.72,Beans (white),Iraq,National Average,RETAIL,Kg,kg,1.72
2022-10-01,1.71,Beans (white),Iraq,National Average,RETAIL,Kg,kg,1.71
2022-11-01,1.71,Beans (white),Iraq,National Average,RETAIL,Kg,kg,1.71
2022-12-01,1.74,Beans (white),Iraq,National Average,RETAIL,Kg,kg,1.74
2023-01-01,1.77,Beans (white),Iraq,National Average,RETAIL,Kg,kg,1.77
2023-02-01,2.13,Beans (white),Iraq,National Average,RETAIL,Kg,kg,2.13
2023-03-01,2.13,Beans (white),Iraq,National Average,RETAIL,Kg,kg,2.13
2023-04-01,2.15,Beans (white),Iraq,National Average,RETAIL,Kg,kg,2.15
2023-05-01,2.08,Beans (white),Iraq,National Average,RETAIL,Kg,kg,2.08
2023-06-01,2.07,Beans (white),Iraq,National Average,RETAIL,Kg,kg,2.07
2023-07-01,2.08,Beans (white),Iraq,National Average,RETAIL,Kg,kg,2.08
2023-08-01,2.09,Beans (white),Iraq,National Average,RETAIL,Kg,kg,2.09
2023-09-01,2.13,Beans (white),Iraq,National Average,RETAIL,Kg,kg,2.13
2023-10-01,2.11,Beans (white),Iraq,National Average,RETAIL,Kg,kg,2.11
2023-11-01,2.15,Beans (white),Iraq,National Average,RETAIL,Kg,kg,2.15
2023-12-01,2.14,Beans (white),Iraq,National Average,RETAIL,Kg,kg,2.14
2024-01-01,2.17,Beans (white),Iraq,National Average,RETAIL,Kg,kg,2.17
2024-02-01,,Beans (white),Iraq,National Average,RETAIL,Kg,kg,
2024-03-01,2.22,Beans (white),Iraq,National Average,RETAIL,Kg,kg,2.22
2024-04-01,2.17,Beans (white),Iraq,National Average,RETAIL,Kg,kg,2.17
2024-05-01,2.15,Beans (white),Iraq,National Average,RETAIL,Kg,kg,2.15
2024-06-01,2.12,Beans (white),Iraq,National Average,RETAIL,Kg,kg,2.12
2024-07-01,2.16,Beans (white),Iraq,National Average,RETAIL,Kg,kg,2.16
2024-08-01,2.15,Beans (white),Iraq,National Average,RETAIL,Kg,kg,2.15
2024-09-01,2.17,Beans (white),Iraq,National Average,RETAIL,Kg,kg,2.17
2024-10-01,2.16,Beans (white),Iraq,National Average,RETAIL,Kg,kg,2.16
2024-11-01,2.16,Beans (white),Iraq,National Average,RETAIL,Kg,kg,2.16
2024-12-01,2.12,Beans (white),Iraq,National Average,RETAIL,Kg,kg,2.12
2025-01-01,2.05,Beans (white),Iraq,National Average,RETAIL,Kg,kg,2.05
2025-02-01,2.08,Beans (white),Iraq,National Average,RETAIL,Kg,kg,2.08
2025-03-01,2.04,Beans (white),Iraq,National Average,RETAIL,Kg,kg,2.04
2025-04-01,2.05,Beans (white),Iraq,National Average,RETAIL,Kg,kg,2.05
2025-05-01,2.04,Beans (white),Iraq,National Average,RETAIL,Kg,kg,2.04
2025-06-01,1.99,Beans (white),Iraq,National Average,RETAIL,Kg,kg,1.99
2025-07-01,1.96,Beans (white),Iraq,National Average,RETAIL,Kg,kg,1.96
2025-08-01,1.97,Beans (white),Iraq,National Average,RETAIL,Kg,kg,1.97
2025-09-01,2.0,Beans (white),Iraq,National Average,RETAIL,Kg,kg,2.0
2025-10-01,2.02,Beans (white),Iraq,National Average,RETAIL,Kg,kg,2.02
2017-01-01,1800.0,Beans (white),Iraq,Sulaimaniyah,RETAIL,Kg,kg,1800.0
2017-02-01,2187.5,Beans (white),Iraq,Sulaimaniyah,RETAIL,Kg,kg,2187.5
2017-03-01,2125.0,Beans (white),Iraq,Sulaimaniyah,RETAIL,Kg,kg,2125.0
2017-04-01,2250.0,Beans (white),Iraq,Sulaimaniyah,RETAIL,Kg,kg,2250.0
2017-05-01,2250.0,Beans (white),Iraq,Sulaimaniyah,RETAIL,Kg,kg,2250.0
2017-06-01,2562.5,Beans (white),Iraq,Sulaimaniyah,RETAIL,Kg,kg,2562.5
2017-07-01,,Beans (white),Iraq,Sulaimaniyah,RETAIL,Kg,kg,
2017-08-01,2325.0,Beans (white),Iraq,Sulaimaniyah,RETAIL,Kg,kg,2325.0
2017-09-01,2625.0,Beans (white),Iraq,Sulaimaniyah,RETAIL,Kg,kg,2625.0
2017-10-01,2500.0,Beans (white),Iraq,Sulaimaniyah,RETAIL,Kg,kg,2500.0
2017-11-01,2500.0,Beans (white),Iraq,Sulaimaniyah,RETAIL,Kg,kg,2500.0
2017-12-01,2375.0,Beans (white),Iraq,Sulaimaniyah,RETAIL,Kg,kg,2375.0
2018-01-01,2.11,Beans (white),Iraq,Sulaimaniyah,RETAIL,Kg,kg,2.11
2018-02-01,2.11,Beans (white),Iraq,Sulaimaniyah,RETAIL,Kg,kg,2.11
2018-03-01,2.11,Beans (white),Iraq,Sulaimaniyah,RETAIL,Kg,kg,2.11
2018-04-01,2.11,Beans (white),Iraq,Sulaimaniyah,RETAIL,Kg,kg,2.11
2018-05-01,2.11,Beans (white),Iraq,Sulaimaniyah,RETAIL,Kg,kg,2.11
2018-06-01,2.12,Beans (white),Iraq,Sulaimaniyah,RETAIL,Kg,kg,2.12
2018-07-01,2.12,Beans (white),Iraq,Sulaimaniyah,RETAIL,Kg,kg,2.12
2018-08-01,2.12,Beans (white),Iraq,Sulaimaniyah,RETAIL,Kg,kg,2.12
2018-09-01,1.79,Beans (white),Iraq,Sulaimaniyah,RETAIL,Kg,kg,1.79
2018-10-01,1.25,Beans (white),Iraq,Sulaimaniyah,RETAIL,Kg,kg,1.25
2018-11-01,1.21,Beans (white),Iraq,Sulaimaniyah,RETAIL,Kg,kg,1.21
2018-12-01,1.85,Beans (white),Iraq,Sulaimaniyah,RETAIL,Kg,kg,1.85
2019-01-01,1.74,Beans (white),Iraq,Sulaimaniyah,RETAIL,Kg,kg,1.74
2019-02-01,1.69,Beans (white),Iraq,Sulaimaniyah,RETAIL,Kg,kg,1.69
2019-03-01,1.69,Beans (white),Iraq,Sulaimaniyah,RETAIL,Kg,kg,1.69
2019-04-01,1.9,Beans (white),Iraq,Sulaimaniyah,RETAIL,Kg,kg,1.9
2019-05-01,1.69,Beans (white),Iraq,Sulaimaniyah,RETAIL,Kg,kg,1.69
2019-06-01,1.69,Beans (white),Iraq,Sulaimaniyah,RETAIL,Kg,kg,1.69
2019-07-01,1.69,Beans (white),Iraq,Sulaimaniyah,RETAIL,Kg,kg,1.69
2019-08-01,1.69,Beans (white),Iraq,Sulaimaniyah,RETAIL,Kg,kg,1.69
2019-09-01,1.69,Beans (white),Iraq,Sulaimaniyah,RETAIL,Kg,kg,1.69
2019-10-01,1.69,Beans (white),Iraq,Sulaimaniyah,RETAIL,Kg,kg,1.69
2019-11-01,1.69,Beans (white),Iraq,Sulaimaniyah,RETAIL,Kg,kg,1.69
2019-12-01,1.69,Beans (white),Iraq,Sulaimaniyah,RETAIL,Kg,kg,1.69
2020-01-01,1.69,Beans (white),Iraq,Sulaimaniyah,RETAIL,Kg,kg,1.69
2020-02-01,1.69,Beans (white),Iraq,Sulaimaniyah,RETAIL,Kg,kg,1.69
2020-03-01,1.69,Beans (white),Iraq,Sulaimaniyah,RETAIL,Kg,kg,1.69
2020-04-01,1.74,Beans (white),Iraq,Sulaimaniyah,RETAIL,Kg,kg,1.74
2020-05-01,1.69,Beans (white),Iraq,Sulaimaniyah,RETAIL,Kg,kg,1.69
2020-06-01,1.69,Beans (white),Iraq,Sulaimaniyah,RETAIL,Kg,kg,1.69
2020-07-01,1.69,Beans (white),Iraq,Sulaimaniyah,RETAIL,Kg,kg,1.69
2020-08-01,1.74,Beans (white),Iraq,Sulaimaniyah,RETAIL,Kg,kg,1.74
2020-09-01,1.69,Beans (white),Iraq,Sulaimaniyah,RETAIL,Kg,kg,1.69
2020-10-01,1.77,Beans (white),Iraq,Sulaimaniyah,RETAIL,Kg,kg,1.77
2020-11-01,1.71,Beans (white),Iraq,Sulaimaniyah,RETAIL,Kg,kg,1.71
2020-12-01,1.7,Beans (white),Iraq,Sulaimaniyah,RETAIL,Kg,kg,1.7
2021-01-01,1.39,Beans (white),Iraq,Sulaimaniyah,RETAIL,Kg,kg,1.39
2021-02-01,1.38,Beans (white),Iraq,Sulaimaniyah,RETAIL,Kg,kg,1.38
2021-03-01,1.38,Beans (white),Iraq,Sulaimaniyah,RETAIL,Kg,kg,1.38
2021-04-01,1.38,Beans (white),Iraq,Sulaimaniyah,RETAIL,Kg,kg,1.38
2021-05-01,1.38,Beans (white),Iraq,Sulaimaniyah,RETAIL,Kg,kg,1.38
2021-06-01,1.38,Beans (white),Iraq,Sulaimaniyah,RETAIL,Kg,kg,1.38
2021-07-01,1.38,Beans (white),Iraq,Sulaimaniyah,RETAIL,Kg,kg,1.38
2021-08-01,1.38,Beans (white),Iraq,Sulaimaniyah,RETAIL,Kg,kg,1.38
2021-09-01,1.38,Beans (white),Iraq,Sulaimaniyah,RETAIL,Kg,kg,1.38
2021-10-01,1.54,Beans (white),Iraq,Sulaimaniyah,RETAIL,Kg,kg,1.54
2021-11-01,1.55,Beans (white),Iraq,Sulaimaniyah,RETAIL,Kg,kg,1.55
2021-12-01,1.55,Beans (white),Iraq,Sulaimaniyah,RETAIL,Kg,kg,1.55
2022-01-01,1.64,Beans (white),Iraq,Sulaimaniyah,RETAIL,Kg,kg,1.64
2022-02-01,1.72,Beans (white),Iraq,Sulaimaniyah,RETAIL,Kg,kg,1.72
2022-03-01,1.61,Beans (white),Iraq,Sulaimaniyah,RETAIL,Kg,kg,1.61
2022-04-01,1.57,Beans (white),Iraq,Sulaimaniyah,RETAIL,Kg,kg,1.57
2022-05-01,1.55,Beans (white),Iraq,Sulaimaniyah,RETAIL,Kg,kg,1.55
2022-06-01,1.55,Beans (white),Iraq,Sulaimaniyah,RETAIL,Kg,kg,1.55
2022-07-01,1.55,Beans (white),Iraq,Sulaimaniyah,RETAIL,Kg,kg,1.55
2022-08-01,1.55,Beans (white),Iraq,Sulaimaniyah,RETAIL,Kg,kg,1.55
2022-09-01,1.55,Beans (white),Iraq,Sulaimaniyah,RETAIL,Kg,kg,1.55
2022-10-01,1.55,Beans (white),Iraq,Sulaimaniyah,RETAIL,Kg,kg,1.55
2022-11-01,1.69,Beans (white),Iraq,Sulaimaniyah,RETAIL,Kg,kg,1.69
2022-12-01,1.74,Beans (white),Iraq,Sulaimaniyah,RETAIL,Kg,kg,1.74
2023-01-01,1.9,Beans (white),Iraq,Sulaimaniyah,RETAIL,Kg,kg,1.9
2023-02-01,1.97,Beans (white),Iraq,Sulaimaniyah,RETAIL,Kg,kg,1.97
2023-03-01,1.92,Beans (white),Iraq,Sulaimaniyah,RETAIL,Kg,kg,1.92
2023-04-01,1.92,Beans (white),Iraq,Sulaimaniyah,RETAIL,Kg,kg,1.92
2023-05-01,1.68,Beans (white),Iraq,Sulaimaniyah,RETAIL,Kg,kg,1.68
2023-06-01,1.92,Beans (white),Iraq,Sulaimaniyah,RETAIL,Kg,kg,1.92
2023-07-01,1.92,Beans (white),Iraq,Sulaimaniyah,RETAIL,Kg,kg,1.92
2023-08-01,2.08,Beans (white),Iraq,Sulaimaniyah,RETAIL,Kg,kg,2.08
2023-09-01,2.12,Beans (white),Iraq,Sulaimaniyah,RETAIL,Kg,kg,2.12
2023-10-01,2.12,Beans (white),Iraq,Sulaimaniyah,RETAIL,Kg,kg,2.12
2023-11-01,2.12,Beans (white),Iraq,Sulaimaniyah,RETAIL,Kg,kg,2.12
2023-12-01,2.12,Beans (white),Iraq,Sulaimaniyah,RETAIL,Kg,kg,2.12
2024-01-01,2.12,Beans (white),Iraq,Sulaimaniyah,RETAIL,Kg,kg,2.12
2024-02-01,2.12,Beans (white),Iraq,Sulaimaniyah,RETAIL,Kg,kg,2.12
2024-03-01,2.12,Beans (white),Iraq,Sulaimaniyah,RETAIL,Kg,kg,2.12
2024-04-01,2.12,Beans (white),Iraq,Sulaimaniyah,RETAIL,Kg,kg,2.12
2024-05-01,2.28,Beans (white),Iraq,Sulaimaniyah,RETAIL,Kg,kg,2.28
2024-06-01,2.31,Beans (white),Iraq,Sulaimaniyah,RETAIL,Kg,kg,2.31
2024-07-01,2.6,Beans (white),Iraq,Sulaimaniyah,RETAIL,Kg,kg,2.6
2024-08-01,2.69,Beans (white),Iraq,Sulaimaniyah,RETAIL,Kg,kg,2.69
2024-09-01,2.67,Beans (white),Iraq,Sulaimaniyah,RETAIL,Kg,kg,2.67
2024-10-01,2.67,Beans (white),Iraq,Sulaimaniyah,RETAIL,Kg,kg,2.67
2024-11-01,2.69,Beans (white),Iraq,Sulaimaniyah,RETAIL,Kg,kg,2.69
2024-12-01,1.37,Beans (white),Iraq,Sulaimaniyah,RETAIL,Kg,kg,1.37
2025-01-01,1.14,Beans (white),Iraq,Sulaimaniyah,RETAIL,Kg,kg,1.14
2025-02-01,1.15,Beans (white),Iraq,Sulaimaniyah,RETAIL,Kg,kg,1.15
2025-03-01,1.15,Beans (white),Iraq,Sulaimaniyah,RETAIL,Kg,kg,1.15
2025-04-01,1.16,Beans (white),Iraq,Sulaimaniyah,RETAIL,Kg,kg,1.16
2025-05-01,1.16,Beans (white),Iraq,Sulaimaniyah,RETAIL,Kg,kg,1.16
2025-06-01,1.15,Beans (white),Iraq,Sulaimaniyah,RETAIL,Kg,kg,1.15
2025-07-01,1.15,Beans (white),Iraq,Sulaimaniyah,RETAIL,Kg,kg,1.15
2025-08-01,1.15,Beans (white),Iraq,Sulaimaniyah,RETAIL,Kg,kg,1.15
2025-09-01,1.34,Beans (white),Iraq,Sulaimaniyah,RETAIL,Kg,kg,1.34
2025-10-01,1.35,Beans (white),Iraq,Sulaimaniyah,RETAIL,Kg,kg,1.35
2022-05-01,1.94,Beans (white),Türkiye,National Average,RETAIL,Kg,kg,1.94
2022-06-01,1.4,Beans (white),Türkiye,National Average,RETAIL,Kg,kg,1.4
2022-07-01,1.38,Beans (white),Türkiye,National Average,RETAIL,Kg,kg,1.38
2022-08-01,1.34,Beans (white),Türkiye,National Average,RETAIL,Kg,kg,1.34
2022-09-01,1.36,Beans (white),Türkiye,National Average,RETAIL,Kg,kg,1.36
2022-10-01,1.45,Beans (white),Türkiye,National Average,RETAIL,Kg,kg,1.45
2022-11-01,1.5,Beans (white),Türkiye,National Average,RETAIL,Kg,kg,1.5
2022-12-01,1.56,Beans (white),Türkiye,National Average,RETAIL,Kg,kg,1.56
2023-01-01,1.55,Beans (white),Türkiye,National Average,RETAIL,Kg,kg,1.55
2023-02-01,1.56,Beans (white),Türkiye,National Average,RETAIL,Kg,kg,1.56
2023-03-01,1.56,Beans (white),Türkiye,National Average,RETAIL,Kg,kg,1.56
2023-04-01,1.52,Beans (white),Türkiye,National Average,RETAIL,Kg,kg,1.52
2023-05-01,1.53,Beans (white),Türkiye,National Average,RETAIL,Kg,kg,1.53
2023-06-01,1.29,Beans (white),Türkiye,National Average,RETAIL,Kg,kg,1.29
2023-07-01,1.16,Beans (white),Türkiye,National Average,RETAIL,Kg,kg,1.16
2023-08-01,1.15,Beans (white),Türkiye,National Average,RETAIL,Kg,kg,1.15
2023-09-01,1.19,Beans (white),Türkiye,National Average,RETAIL,Kg,kg,1.19
2023-10-01,1.27,Beans (white),Türkiye,National Average,RETAIL,Kg,kg,1.27
2023-11-01,1.35,Beans (white),Türkiye,National Average,RETAIL,Kg,kg,1.35
2023-12-01,1.37,Beans (white),Türkiye,National Average,RETAIL,Kg,kg,1.37
2024-01-01,1.44,Beans (white),Türkiye,National Average,RETAIL,Kg,kg,1.44
2024-02-01,1.51,Beans (white),Türkiye,National Average,RETAIL,Kg,kg,1.51
2024-03-01,1.49,Beans (white),Türkiye,National Average,RETAIL,Kg,kg,1.49
2024-04-01,1.49,Beans (white),Türkiye,National Average,RETAIL,Kg,kg,1.49
2024-05-01,1.54,Beans (white),Türkiye,National Average,RETAIL,Kg,kg,1.54
2024-06-01,1.52,Beans (white),Türkiye,National Average,RETAIL,Kg,kg,1.52
2024-07-01,1.51,Beans (white),Türkiye,National Average,RETAIL,Kg,kg,1.51
2024-08-01,1.49,Beans (white),Türkiye,National Average,RETAIL,Kg,kg,1.49
2024-09-01,1.48,Beans (white),Türkiye,National Average,RETAIL,Kg,kg,1.48
2024-10-01,1.49,Beans (white),Türkiye,National Average,RETAIL,Kg,kg,1.49
2024-11-01,1.49,Beans (white),Türkiye,National Average,RETAIL,Kg,kg,1.49
2024-12-01,1.5,Beans (white),Türkiye,National Average,RETAIL,Kg,kg,1.5
2025-01-01,1.49,Beans (white),Türkiye,National Average,RETAIL,Kg,kg,1.49
2025-02-01,1.49,Beans (white),Türkiye,National Average,RETAIL,Kg,kg,1.49
2025-03-01,1.44,Beans (white),Türkiye,National Average,RETAIL,Kg,kg,1.44
2025-04-01,1.44,Beans (white),Türkiye,National Average,RETAIL,Kg,kg,1.44
2025-05-01,1.45,Beans (white),Türkiye,National Average,RETAIL,Kg,kg,1.45
2025-06-01,1.44,Beans (white),Türkiye,National Average,RETAIL,Kg,kg,1.44
2025-07-01,1.43,Beans (white),Türkiye,National Average,RETAIL,Kg,kg,1.43
2025-08-01,1.46,Beans (white),Türkiye,National Average,RETAIL,Kg,kg,1.46
2025-09-01,1.45,Beans (white),Türkiye,National Average,RETAIL,Kg,kg,1.45
2019-01-01,0.87,Beans (white),Uzbekistan,National Average,RETAIL,Kg,kg,0.87
2019-02-01,0.88,Beans (white),Uzbekistan,National Average,RETAIL,Kg,kg,0.88
2019-03-01,0.89,Beans (white),Uzbekistan,National Average,RETAIL,Kg,kg,0.89
2019-04-01,0.89,Beans (white),Uzbekistan,National Average,RETAIL,Kg,kg,0.89
2019-05-01,0.91,Beans (white),Uzbekistan,National Average,RETAIL,Kg,kg,0.91
2019-06-01,0.95,Beans (white),Uzbekistan,National Average,RETAIL,Kg,kg,0.95
2019-07-01,0.96,Beans (white),Uzbekistan,National Average,RETAIL,Kg,kg,0.96
2019-08-01,0.95,Beans (white),Uzbekistan,National Average,RETAIL,Kg,kg,0.95
2019-09-01,0.97,Beans (white),Uzbekistan,National Average,RETAIL,Kg,kg,0.97
2019-10-01,1.0,Beans (white),Uzbekistan,National Average,RETAIL,Kg,kg,1.0
2019-11-01,1.0,Beans (white),Uzbekistan,National Average,RETAIL,Kg,kg,1.0
2019-12-01,1.03,Beans (white),Uzbekistan,National Average,RETAIL,Kg,kg,1.03
2020-01-01,1.06,Beans (white),Uzbekistan,National Average,RETAIL,Kg,kg,1.06
2020-02-01,1.08,Beans (white),Uzbekistan,National Average,RETAIL,Kg,kg,1.08
2020-03-01,1.11,Beans (white),Uzbekistan,National Average,RETAIL,Kg,kg,1.11
2020-04-01,1.16,Beans (white),Uzbekistan,National Average,RETAIL,Kg,kg,1.16
2020-05-01,1.41,Beans (white),Uzbekistan,National Average,RETAIL,Kg,kg,1.41
2020-06-01,1.5,Beans (white),Uzbekistan,National Average,RETAIL,Kg,kg,1.5
2020-07-01,1.51,Beans (white),Uzbekistan,National Average,RETAIL,Kg,kg,1.51
2020-08-01,1.46,Beans (white),Uzbekistan,National Average,RETAIL,Kg,kg,1.46
2020-09-01,1.35,Beans (white),Uzbekistan,National Average,RETAIL,Kg,kg,1.35
2020-10-01,1.24,Beans (white),Uzbekistan,National Average,RETAIL,Kg,kg,1.24
2020-11-01,1.2,Beans (white),Uzbekistan,National Average,RETAIL,Kg,kg,1.2
2020-12-01,1.19,Beans (white),Uzbekistan,National Average,RETAIL,Kg,kg,1.19
2021-01-01,1.19,Beans (white),Uzbekistan,National Average,RETAIL,Kg,kg,1.19
2021-02-01,1.2,Beans (white),Uzbekistan,National Average,RETAIL,Kg,kg,1.2
2021-03-01,1.22,Beans (white),Uzbekistan,National Average,RETAIL,Kg,kg,1.22
2021-04-01,1.22,Beans (white),Uzbekistan,National Average,RETAIL,Kg,kg,1.22
2021-05-01,1.23,Beans (white),Uzbekistan,National Average,RETAIL,Kg,kg,1.23
2021-06-01,1.22,Beans (white),Uzbekistan,National Average,RETAIL,Kg,kg,1.22
2021-07-01,1.2,Beans (white),Uzbekistan,National Average,RETAIL,Kg,kg,1.2
2021-08-01,1.19,Beans (white),Uzbekistan,National Average,RETAIL,Kg,kg,1.19
2021-09-01,1.19,Beans (white),Uzbekistan,National Average,RETAIL,Kg,kg,1.19
2021-10-01,1.18,Beans (white),Uzbekistan,National Average,RETAIL,Kg,kg,1.18
2021-11-01,1.19,Beans (white),Uzbekistan,National Average,RETAIL,Kg,kg,1.19
2021-12-01,1.18,Beans (white),Uzbekistan,National Average,RETAIL,Kg,kg,1.18
2022-01-01,1.19,Beans (white),Uzbekistan,National Average,RETAIL,Kg,kg,1.19
2022-02-01,1.2,Beans (white),Uzbekistan,National Average,RETAIL,Kg,kg,1.2
2022-03-01,1.15,Beans (white),Uzbekistan,National Average,RETAIL,Kg,kg,1.15
2022-04-01,1.13,Beans (white),Uzbekistan,National Average,RETAIL,Kg,kg,1.13
2022-05-01,1.15,Beans (white),Uzbekistan,National Average,RETAIL,Kg,kg,1.15
2022-06-01,1.17,Beans (white),Uzbekistan,National Average,RETAIL,Kg,kg,1.17
2022-07-01,1.16,Beans (white),Uzbekistan,National Average,RETAIL,Kg,kg,1.16
2022-08-01,1.16,Beans (white),Uzbekistan,National Average,RETAIL,Kg,kg,1.16
2022-09-01,1.16,Beans (white),Uzbekistan,National Average,RETAIL,Kg,kg,1.16
2022-10-01,1.16,Beans (white),Uzbekistan,National Average,RETAIL,Kg,kg,1.16
2022-11-01,1.17,Beans (white),Uzbekistan,National Average,RETAIL,Kg,kg,1.17
2022-12-01,1.18,Beans (white),Uzbekistan,National Average,RETAIL,Kg,kg,1.18
2023-01-01,1.22,Beans (white),Uzbekistan,National Average,RETAIL,Kg,kg,1.22
2023-02-01,1.25,Beans (white),Uzbekistan,National Average,RETAIL,Kg,kg,1.25
2023-03-01,1.32,Beans (white),Uzbekistan,National Average,RETAIL,Kg,kg,1.32
2023-04-01,1.4,Beans (white),Uzbekistan,National Average,RETAIL,Kg,kg,1.4
2023-05-01,1.44,Beans (white),Uzbekistan,National Average,RETAIL,Kg,kg,1.44
2023-06-01,1.46,Beans (white),Uzbekistan,National Average,RETAIL,Kg,kg,1.46
2023-07-01,1.46,Beans (white),Uzbekistan,National Average,RETAIL,Kg,kg,1.46
2023-08-01,1.44,Beans (white),Uzbekistan,National Average,RETAIL,Kg,kg,1.44
2023-09-01,1.42,Beans (white),Uzbekistan,National Average,RETAIL,Kg,kg,1.42
2023-10-01,1.43,Beans (white),Uzbekistan,National Average,RETAIL,Kg,kg,1.43
2023-11-01,1.43,Beans (white),Uzbekistan,National Average,RETAIL,Kg,kg,1.43
2023-12-01,1.43,Beans (white),Uzbekistan,National Average,RETAIL,Kg,kg,1.43
2024-01-01,1.45,Beans (white),Uzbekistan,National Average,RETAIL,Kg,kg,1.45
2024-02-01,1.46,Beans (white),Uzbekistan,National Average,RETAIL,Kg,kg,1.46
2024-03-01,1.47,Beans (white),Uzbekistan,National Average,RETAIL,Kg,kg,1.47
2024-04-01,1.5,Beans (white),Uzbekistan,National Average,RETAIL,Kg,kg,1.5
2024-05-01,1.56,Beans (white),Uzbekistan,National Average,RETAIL,Kg,kg,1.56
2024-06-01,1.62,Beans (white),Uzbekistan,National Average,RETAIL,Kg,kg,1.62
2024-07-01,1.71,Beans (white),Uzbekistan,National Average,RETAIL,Kg,kg,1.71
2024-08-01,1.79,Beans (white),Uzbekistan,National Average,RETAIL,Kg,kg,1.79
2024-09-01,1.82,Beans (white),Uzbekistan,National Average,RETAIL,Kg,kg,1.82
2024-10-01,1.76,Beans (white),Uzbekistan,National Average,RETAIL,Kg,kg,1.76
2024-11-01,1.68,Beans (white),Uzbekistan,National Average,RETAIL,Kg,kg,1.68
2024-12-01,1.66,Beans (white),Uzbekistan,National Average,RETAIL,Kg,kg,1.66
2025-01-01,1.64,Beans (white),Uzbekistan,National Average,RETAIL,Kg,kg,1.64
2025-02-01,1.65,Beans (white),Uzbekistan,National Average,RETAIL,Kg,kg,1.65
2025-03-01,1.68,Beans (white),Uzbekistan,National Average,RETAIL,Kg,kg,1.68
2025-04-01,1.72,Beans (white),Uzbekistan,National Average,RETAIL,Kg,kg,1.72
2025-05-01,1.73,Beans (white),Uzbekistan,National Average,RETAIL,Kg,kg,1.73
2025-06-01,1.77,Beans (white),Uzbekistan,National Average,RETAIL,Kg,kg,1.77
2025-07-01,1.77,Beans (white),Uzbekistan,National Average,RETAIL,Kg,kg,1.77
2025-08-01,1.77,Beans (white),Uzbekistan,National Average,RETAIL,Kg,kg,1.77
2025-09-01,1.76,Beans (white),Uzbekistan,National Average,RETAIL,Kg,kg,1.76
2025-10-01,1.77,Beans (white),Uzbekistan,National Average,RETAIL,Kg,kg,1.77
2019-01-01,0.87,Beans (white),Uzbekistan,Tashkent Region,RETAIL,Kg,kg,0.87
2019-02-01,0.87,Beans (white),Uzbekistan,Tashkent Region,RETAIL,Kg,kg,0.87
2019-03-01,0.87,Beans (white),Uzbekistan,Tashkent Region,RETAIL,Kg,kg,0.87
2019-04-01,0.87,Beans (white),Uzbekistan,Tashkent Region,RETAIL,Kg,kg,0.87
2019-05-01,0.86,Beans (white),Uzbekistan,Tashkent Region,RETAIL,Kg,kg,0.86
2019-06-01,0.93,Beans (white),Uzbekistan,Tashkent Region,RETAIL,Kg,kg,0.93
2019-07-01,0.99,Beans (white),Uzbekistan,Tashkent Region,RETAIL,Kg,kg,0.99
2019-08-01,0.94,Beans (white),Uzbekistan,Tashkent Region,RETAIL,Kg,kg,0.94
2019-09-01,0.9,Beans (white),Uzbekistan,Tashkent Region,RETAIL,Kg,kg,0.9
2019-10-01,0.9,Beans (white),Uzbekistan,Tashkent Region,RETAIL,Kg,kg,0.9
2019-11-01,0.9,Beans (white),Uzbekistan,Tashkent Region,RETAIL,Kg,kg,0.9
2019-12-01,0.89,Beans (white),Uzbekistan,Tashkent Region,RETAIL,Kg,kg,0.89
2020-01-01,0.89,Beans (white),Uzbekistan,Tashkent Region,RETAIL,Kg,kg,0.89
2020-02-01,0.9,Beans (white),Uzbekistan,Tashkent Region,RETAIL,Kg,kg,0.9
2020-03-01,0.91,Beans (white),Uzbekistan,Tashkent Region,RETAIL,Kg,kg,0.91
2020-04-01,0.9,Beans (white),Uzbekistan,Tashkent Region,RETAIL,Kg,kg,0.9
2020-05-01,1.08,Beans (white),Uzbekistan,Tashkent Region,RETAIL,Kg,kg,1.08
2020-06-01,1.18,Beans (white),Uzbekistan,Tashkent Region,RETAIL,Kg,kg,1.18
2020-07-01,1.13,Beans (white),Uzbekistan,Tashkent Region,RETAIL,Kg,kg,1.13
2020-08-01,1.21,Beans (white),Uzbekistan,Tashkent Region,RETAIL,Kg,kg,1.21
2020-09-01,1.19,Beans (white),Uzbekistan,Tashkent Region,RETAIL,Kg,kg,1.19
2020-10-01,1.13,Beans (white),Uzbekistan,Tashkent Region,RETAIL,Kg,kg,1.13
2020-11-01,1.1,Beans (white),Uzbekistan,Tashkent Region,RETAIL,Kg,kg,1.1
2020-12-01,1.11,Beans (white),Uzbekistan,Tashkent Region,RETAIL,Kg,kg,1.11
2021-01-01,1.13,Beans (white),Uzbekistan,Tashkent Region,RETAIL,Kg,kg,1.13
2021-02-01,1.16,Beans (white),Uzbekistan,Tashkent Region,RETAIL,Kg,kg,1.16
2021-03-01,1.2,Beans (white),Uzbekistan,Tashkent Region,RETAIL,Kg,kg,1.2
2021-04-01,1.19,Beans (white),Uzbekistan,Tashkent Region,RETAIL,Kg,kg,1.19
2021-05-01,1.2,Beans (white),Uzbekistan,Tashkent Region,RETAIL,Kg,kg,1.2
2021-06-01,1.22,Beans (white),Uzbekistan,Tashkent Region,RETAIL,Kg,kg,1.22
2021-07-01,1.21,Beans (white),Uzbekistan,Tashkent Region,RETAIL,Kg,kg,1.21
2021-08-01,1.23,Beans (white),Uzbekistan,Tashkent Region,RETAIL,Kg,kg,1.23
2021-09-01,1.26,Beans (white),Uzbekistan,Tashkent Region,RETAIL,Kg,kg,1.26
2021-10-01,1.25,Beans (white),Uzbekistan,Tashkent Region,RETAIL,Kg,kg,1.25
2021-11-01,1.24,Beans (white),Uzbekistan,Tashkent Region,RETAIL,Kg,kg,1.24
2021-12-01,1.17,Beans (white),Uzbekistan,Tashkent Region,RETAIL,Kg,kg,1.17
2022-01-01,1.19,Beans (white),Uzbekistan,Tashkent Region,RETAIL,Kg,kg,1.19
2022-02-01,1.19,Beans (white),Uzbekistan,Tashkent Region,RETAIL,Kg,kg,1.19
2022-03-01,1.14,Beans (white),Uzbekistan,Tashkent Region,RETAIL,Kg,kg,1.14
2022-04-01,1.12,Beans (white),Uzbekistan,Tashkent Region,RETAIL,Kg,kg,1.12
2022-05-01,1.12,Beans (white),Uzbekistan,Tashkent Region,RETAIL,Kg,kg,1.12
2022-06-01,1.16,Beans (white),Uzbekistan,Tashkent Region,RETAIL,Kg,kg,1.16
2022-07-01,1.17,Beans (white),Uzbekistan,Tashkent Region,RETAIL,Kg,kg,1.17
2022-08-01,1.18,Beans (white),Uzbekistan,Tashkent Region,RETAIL,Kg,kg,1.18
2022-09-01,1.18,Beans (white),Uzbekistan,Tashkent Region,RETAIL,Kg,kg,1.18
2022-10-01,1.17,Beans (white),Uzbekistan,Tashkent Region,RETAIL,Kg,kg,1.17
2022-11-01,1.17,Beans (white),Uzbekistan,Tashkent Region,RETAIL,Kg,kg,1.17
2022-12-01,1.16,Beans (white),Uzbekistan,Tashkent Region,RETAIL,Kg,kg,1.16
2023-01-01,1.15,Beans (white),Uzbekistan,Tashkent Region,RETAIL,Kg,kg,1.15
2023-02-01,1.15,Beans (white),Uzbekistan,Tashkent Region,RETAIL,Kg,kg,1.15
2023-03-01,1.22,Beans (white),Uzbekistan,Tashkent Region,RETAIL,Kg,kg,1.22
2023-04-01,1.27,Beans (white),Uzbekistan,Tashkent Region,RETAIL,Kg,kg,1.27
2023-05-01,1.32,Beans (white),Uzbekistan,Tashkent Region,RETAIL,Kg,kg,1.32
2023-06-01,1.36,Beans (white),Uzbekistan,Tashkent Region,RETAIL,Kg,kg,1.36
2023-07-01,1.39,Beans (white),Uzbekistan,Tashkent Region,RETAIL,Kg,kg,1.39
2023-08-01,1.38,Beans (white),Uzbekistan,Tashkent Region,RETAIL,Kg,kg,1.38
2023-09-01,1.36,Beans (white),Uzbekistan,Tashkent Region,RETAIL,Kg,kg,1.36
2023-10-01,1.34,Beans (white),Uzbekistan,Tashkent Region,RETAIL,Kg,kg,1.34
2023-11-01,1.32,Beans (white),Uzbekistan,Tashkent Region,RETAIL,Kg,kg,1.32
2023-12-01,1.37,Beans (white),Uzbekistan,Tashkent Region,RETAIL,Kg,kg,1.37
2024-01-01,1.4,Beans (white),Uzbekistan,Tashkent Region,RETAIL,Kg,kg,1.4
2024-02-01,1.42,Beans (white),Uzbekistan,Tashkent Region,RETAIL,Kg,kg,1.42
2024-03-01,1.42,Beans (white),Uzbekistan,Tashkent Region,RETAIL,Kg,kg,1.42
2024-04-01,1.43,Beans (white),Uzbekistan,Tashkent Region,RETAIL,Kg,kg,1.43
2024-05-01,1.5,Beans (white),Uzbekistan,Tashkent Region,RETAIL,Kg,kg,1.5
2024-06-01,1.55,Beans (white),Uzbekistan,Tashkent Region,RETAIL,Kg,kg,1.55
2024-07-01,1.61,Beans (white),Uzbekistan,Tashkent Region,RETAIL,Kg,kg,1.61
2024-08-01,1.66,Beans (white),Uzbekistan,Tashkent Region,RETAIL,Kg,kg,1.66
2024-09-01,1.68,Beans (white),Uzbekistan,Tashkent Region,RETAIL,Kg,kg,1.68
2024-10-01,1.65,Beans (white),Uzbekistan,Tashkent Region,RETAIL,Kg,kg,1.65
2024-11-01,1.55,Beans (white),Uzbekistan,Tashkent Region,RETAIL,Kg,kg,1.55
2024-12-01,1.52,Beans (white),Uzbekistan,Tashkent Region,RETAIL,Kg,kg,1.52
2025-01-01,1.52,Beans (white),Uzbekistan,Tashkent Region,RETAIL,Kg,kg,1.52
2025-02-01,1.54,Beans (white),Uzbekistan,Tashkent Region,RETAIL,Kg,kg,1.54
2025-03-01,1.56,Beans (white),Uzbekistan,Tashkent Region,RETAIL,Kg,kg,1.56
2025-04-01,1.58,Beans (white),Uzbekistan,Tashkent Region,RETAIL,Kg,kg,1.58
2025-05-01,1.59,Beans (white),Uzbekistan,Tashkent Region,RETAIL,Kg,kg,1.59
2025-06-01,1.6,Beans (white),Uzbekistan,Tashkent Region,RETAIL,Kg,kg,1.6
2025-07-01,1.66,Beans (white),Uzbekistan,Tashkent Region,RETAIL,Kg,kg,1.66
2025-08-01,1.63,Beans (white),Uzbekistan,Tashkent Region,RETAIL,Kg,kg,1.63
2025-09-01,1.65,Beans (white),Uzbekistan,Tashkent Region,RETAIL,Kg,kg,1.65
2025-10-01,1.67,Beans (white),Uzbekistan,Tashkent Region,RETAIL,Kg,kg,1.67
