date,price_usd,commodity_name,country,market,price_type,unit,unit_std,price_per_unit
2021-01-01,1.03,Sugar (white),Angola,Bengo,RETAIL,Kg,kg,1.03
2021-02-01,1.04,Sugar (white),Angola,Bengo,RETAIL,Kg,kg,1.04
2021-03-01,1.13,Sugar (white),Angola,Bengo,RETAIL,Kg,kg,1.13
2021-04-01,1.11,Sugar (white),Angola,Bengo,RETAIL,Kg,kg,1.11
2021-05-01,1.13,Sugar (white),Angola,Bengo,RETAIL,Kg,kg,1.13
2021-06-01,1.14,Sugar (white),Angola,Bengo,RETAIL,Kg,kg,1.14
2021-07-01,1.14,Sugar (white),Angola,Bengo,RETAIL,Kg,kg,1.14
2021-08-01,1.16,Sugar (white),Angola,Bengo,RETAIL,Kg,kg,1.16
2021-09-01,1.21,Sugar (white),Angola,Bengo,RETAIL,Kg,kg,1.21
2021-10-01,1.27,Sugar (white),Angola,Bengo,RETAIL,Kg,kg,1.27
2021-11-01,1.3,Sugar (white),Angola,Bengo,RETAIL,Kg,kg,1.3
2021-12-01,1.38,Sugar (white),Angola,Bengo,RETAIL,Kg,kg,1.38
2022-01-01,1.46,Sugar (white),Angola,Bengo,RETAIL,Kg,kg,1.46
2022-02-01,1.52,Sugar (white),Angola,Bengo,RETAIL,Kg,kg,1.52
2022-03-01,1.71,Sugar (white),Angola,Bengo,RETAIL,Kg,kg,1.71
2022-04-01,1.88,Sugar (white),Angola,Bengo,RETAIL,Kg,kg,1.88
2022-05-01,1.92,Sugar (white),Angola,Bengo,RETAIL,Kg,kg,1.92
2022-06-01,1.83,Sugar (white),Angola,Bengo,RETAIL,Kg,kg,1.83
2022-07-01,1.81,Sugar (white),Angola,Bengo,RETAIL,Kg,kg,1.81
2022-08-01,1.82,Sugar (white),Angola,Bengo,RETAIL,Kg,kg,1.82
2022-09-01,1.82,Sugar (white),Angola,Bengo,RETAIL,Kg,kg,1.82
2022-10-01,1.74,Sugar (white),Angola,Bengo,RETAIL,Kg,kg,1.74
2022-11-01,1.58,Sugar (white),Angola,Bengo,RETAIL,Kg,kg,1.58
2022-12-01,1.57,Sugar (white),Angola,Bengo,RETAIL,Kg,kg,1.57
2023-01-01,1.56,Sugar (white),Angola,Bengo,RETAIL,Kg,kg,1.56
2023-02-01,1.56,Sugar (white),Angola,Bengo,RETAIL,Kg,kg,1.56
2023-03-01,1.56,Sugar (white),Angola,Bengo,RETAIL,Kg,kg,1.56
2023-04-01,1.56,Sugar (white),Angola,Bengo,RETAIL,Kg,kg,1.56
2023-05-01,1.48,Sugar (white),Angola,Bengo,RETAIL,Kg,kg,1.48
2023-06-01,1.12,Sugar (white),Angola,Bengo,RETAIL,Kg,kg,1.12
2023-07-01,0.99,Sugar (white),Angola,Bengo,RETAIL,Kg,kg,0.99
2023-08-01,0.99,Sugar (white),Angola,Bengo,RETAIL,Kg,kg,0.99
2023-09-01,1.06,Sugar (white),Angola,Bengo,RETAIL,Kg,kg,1.06
2023-10-01,1.14,Sugar (white),Angola,Bengo,RETAIL,Kg,kg,1.14
2023-11-01,1.15,Sugar (white),Angola,Bengo,RETAIL,Kg,kg,1.15
2023-12-01,1.2,Sugar (white),Angola,Bengo,RETAIL,Kg,kg,1.2
2024-01-01,1.23,Sugar (white),Angola,Bengo,RETAIL,Kg,kg,1.23
2024-02-01,1.3,Sugar (white),Angola,Bengo,RETAIL,Kg,kg,1.3
2024-03-01,1.32,Sugar (white),Angola,Bengo,RETAIL,Kg,kg,1.32
2024-04-01,1.44,Sugar (white),Angola,Bengo,RETAIL,Kg,kg,1.44
2024-05-01,1.42,Sugar (white),Angola,Bengo,RETAIL,Kg,kg,1.42
2024-06-01,1.42,Sugar (white),Angola,Bengo,RETAIL,Kg,kg,1.42
2024-07-01,1.38,Sugar (white),Angola,Bengo,RETAIL,Kg,kg,1.38
2024-08-01,1.39,Sugar (white),Angola,Bengo,RETAIL,Kg,kg,1.39
2024-09-01,1.4,Sugar (white),Angola,Bengo,RETAIL,Kg,kg,1.4
2024-10-01,1.64,Sugar (white),Angola,Bengo,RETAIL,Kg,kg,1.64
2024-11-01,1.66,Sugar (white),Angola,Bengo,RETAIL,Kg,kg,1.66
2024-12-01,1.72,Sugar (white),Angola,Bengo,RETAIL,Kg,kg,1.72
2025-01-01,1.71,Sugar (white),Angola,Bengo,RETAIL,Kg,kg,1.71
2025-02-01,1.74,Sugar (white),Angola,Bengo,RETAIL,Kg,kg,1.74
2025-03-01,1.72,Sugar (white),Angola,Bengo,RETAIL,Kg,kg,1.72
2025-04-01,1.77,Sugar (white),Angola,Bengo,RETAIL,Kg,kg,1.77
2025-05-01,1.78,Sugar (white),Angola,Bengo,RETAIL,Kg,kg,1.78
2025-06-01,1.79,Sugar (white),Angola,Bengo,RETAIL,Kg,kg,1.79
2025-07-01,1.8,Sugar (white),Angola,Bengo,RETAIL,Kg,kg,1.8
2025-08-01,1.8,Sugar (white),Angola,Bengo,RETAIL,Kg,kg,1.8
2021-01-01,0.77,Sugar (white),Angola,Benguela,RETAIL,Kg,kg,0.77
2021-02-01,0.79,Sugar (white),Angola,Benguela,RETAIL,Kg,kg,0.79
2021-03-01,0.85,Sugar (white),Angola,Benguela,RETAIL,Kg,kg,0.85
2021-04-01,0.86,Sugar (white),Angola,Benguela,RETAIL,Kg,kg,0.86
2021-05-01,0.87,Sugar (white),Angola,Benguela,RETAIL,Kg,kg,0.87
2021-06-01,0.89,Sugar (white),Angola,Benguela,RETAIL,Kg,kg,0.89
2021-07-01,0.91,Sugar (white),Angola,Benguela,RETAIL,Kg,kg,0.91
2021-08-01,0.94,Sugar (white),Angola,Benguela,RETAIL,Kg,kg,0.94
2021-09-01,0.98,Sugar (white),Angola,Benguela,RETAIL,Kg,kg,0.98
2021-10-01,1.05,Sugar (white),Angola,Benguela,RETAIL,Kg,kg,1.05
2021-11-01,1.08,Sugar (white),Angola,Benguela,RETAIL,Kg,kg,1.08
2021-12-01,1.16,Sugar (white),Angola,Benguela,RETAIL,Kg,kg,1.16
2022-01-01,1.23,Sugar (white),Angola,Benguela,RETAIL,Kg,kg,1.23
2022-02-01,1.28,Sugar (white),Angola,Benguela,RETAIL,Kg,kg,1.28
2022-03-01,1.45,Sugar (white),Angola,Benguela,RETAIL,Kg,kg,1.45
2022-04-01,1.6,Sugar (white),Angola,Benguela,RETAIL,Kg,kg,1.6
2022-05-01,1.64,Sugar (white),Angola,Benguela,RETAIL,Kg,kg,1.64
2022-06-01,1.57,Sugar (white),Angola,Benguela,RETAIL,Kg,kg,1.57
2022-07-01,1.57,Sugar (white),Angola,Benguela,RETAIL,Kg,kg,1.57
2022-08-01,1.57,Sugar (white),Angola,Benguela,RETAIL,Kg,kg,1.57
2022-09-01,1.58,Sugar (white),Angola,Benguela,RETAIL,Kg,kg,1.58
2022-10-01,1.51,Sugar (white),Angola,Benguela,RETAIL,Kg,kg,1.51
2022-11-01,1.38,Sugar (white),Angola,Benguela,RETAIL,Kg,kg,1.38
2022-12-01,1.39,Sugar (white),Angola,Benguela,RETAIL,Kg,kg,1.39
2023-01-01,1.39,Sugar (white),Angola,Benguela,RETAIL,Kg,kg,1.39
2023-02-01,1.39,Sugar (white),Angola,Benguela,RETAIL,Kg,kg,1.39
2023-03-01,1.4,Sugar (white),Angola,Benguela,RETAIL,Kg,kg,1.4
2023-04-01,1.39,Sugar (white),Angola,Benguela,RETAIL,Kg,kg,1.39
2023-05-01,1.34,Sugar (white),Angola,Benguela,RETAIL,Kg,kg,1.34
2023-06-01,1.0,Sugar (white),Angola,Benguela,RETAIL,Kg,kg,1.0
2023-07-01,0.87,Sugar (white),Angola,Benguela,RETAIL,Kg,kg,0.87
2023-08-01,0.89,Sugar (white),Angola,Benguela,RETAIL,Kg,kg,0.89
2023-09-01,0.92,Sugar (white),Angola,Benguela,RETAIL,Kg,kg,0.92
2023-10-01,0.96,Sugar (white),Angola,Benguela,RETAIL,Kg,kg,0.96
2023-11-01,1.17,Sugar (white),Angola,Benguela,RETAIL,Kg,kg,1.17
2023-12-01,1.17,Sugar (white),Angola,Benguela,RETAIL,Kg,kg,1.17
2024-01-01,1.17,Sugar (white),Angola,Benguela,RETAIL,Kg,kg,1.17
2024-02-01,1.26,Sugar (white),Angola,Benguela,RETAIL,Kg,kg,1.26
2024-03-01,1.28,Sugar (white),Angola,Benguela,RETAIL,Kg,kg,1.28
2024-04-01,1.32,Sugar (white),Angola,Benguela,RETAIL,Kg,kg,1.32
2024-05-01,1.31,Sugar (white),Angola,Benguela,RETAIL,Kg,kg,1.31
2024-06-01,1.3,Sugar (white),Angola,Benguela,RETAIL,Kg,kg,1.3
2024-07-01,1.28,Sugar (white),Angola,Benguela,RETAIL,Kg,kg,1.28
2024-08-01,1.24,Sugar (white),Angola,Benguela,RETAIL,Kg,kg,1.24
2024-09-01,1.21,Sugar (white),Angola,Benguela,RETAIL,Kg,kg,1.21
2024-10-01,1.27,Sugar (white),Angola,Benguela,RETAIL,Kg,kg,1.27
2024-11-01,1.31,Sugar (white),Angola,Benguela,RETAIL,Kg,kg,1.31
2024-12-01,1.31,Sugar (white),Angola,Benguela,RETAIL,Kg,kg,1.31
2025-01-01,1.31,Sugar (white),Angola,Benguela,RETAIL,Kg,kg,1.31
2025-02-01,1.34,Sugar (white),Angola,Benguela,RETAIL,Kg,kg,1.34
2025-03-01,1.37,Sugar (white),Angola,Benguela,RETAIL,Kg,kg,1.37
2025-04-01,1.36,Sugar (white),Angola,Benguela,RETAIL,Kg,kg,1.36
2025-05-01,1.39,Sugar (white),Angola,Benguela,RETAIL,Kg,kg,1.39
2025-06-01,1.37,Sugar (white),Angola,Benguela,RETAIL,Kg,kg,1.37
2025-07-01,1.36,Sugar (white),Angola,Benguela,RETAIL,Kg,kg,1.36
2025-08-01,1.32,Sugar (white),Angola,Benguela,RETAIL,Kg,kg,1.32
2021-01-01,0.8,Sugar (white),Angola,Bié,RETAIL,Kg,kg,0.8
2021-02-01,0.85,Sugar (white),Angola,Bié,RETAIL,Kg,kg,0.85
2021-03-01,0.9,Sugar (white),Angola,Bié,RETAIL,Kg,kg,0.9
2021-04-01,0.92,Sugar (white),Angola,Bié,RETAIL,Kg,kg,0.92
2021-05-01,0.96,Sugar (white),Angola,Bié,RETAIL,Kg,kg,0.96
2021-06-01,0.96,Sugar (white),Angola,Bié,RETAIL,Kg,kg,0.96
2021-07-01,0.97,Sugar (white),Angola,Bié,RETAIL,Kg,kg,0.97
2021-08-01,0.99,Sugar (white),Angola,Bié,RETAIL,Kg,kg,0.99
2021-09-01,1.03,Sugar (white),Angola,Bié,RETAIL,Kg,kg,1.03
2021-10-01,1.09,Sugar (white),Angola,Bié,RETAIL,Kg,kg,1.09
2021-11-01,1.1,Sugar (white),Angola,Bié,RETAIL,Kg,kg,1.1
2021-12-01,1.19,Sugar (white),Angola,Bié,RETAIL,Kg,kg,1.19
2022-01-01,1.26,Sugar (white),Angola,Bié,RETAIL,Kg,kg,1.26
2022-02-01,1.31,Sugar (white),Angola,Bié,RETAIL,Kg,kg,1.31
2022-03-01,1.47,Sugar (white),Angola,Bié,RETAIL,Kg,kg,1.47
2022-04-01,1.63,Sugar (white),Angola,Bié,RETAIL,Kg,kg,1.63
2022-05-01,1.65,Sugar (white),Angola,Bié,RETAIL,Kg,kg,1.65
2022-06-01,1.62,Sugar (white),Angola,Bié,RETAIL,Kg,kg,1.62
2022-07-01,1.63,Sugar (white),Angola,Bié,RETAIL,Kg,kg,1.63
2022-08-01,1.63,Sugar (white),Angola,Bié,RETAIL,Kg,kg,1.63
2022-09-01,1.63,Sugar (white),Angola,Bié,RETAIL,Kg,kg,1.63
2022-10-01,1.55,Sugar (white),Angola,Bié,RETAIL,Kg,kg,1.55
2022-11-01,1.4,Sugar (white),Angola,Bié,RETAIL,Kg,kg,1.4
2022-12-01,1.39,Sugar (white),Angola,Bié,RETAIL,Kg,kg,1.39
2023-01-01,1.39,Sugar (white),Angola,Bié,RETAIL,Kg,kg,1.39
2023-02-01,1.39,Sugar (white),Angola,Bié,RETAIL,Kg,kg,1.39
2023-03-01,1.39,Sugar (white),Angola,Bié,RETAIL,Kg,kg,1.39
2023-04-01,1.39,Sugar (white),Angola,Bié,RETAIL,Kg,kg,1.39
2023-05-01,1.34,Sugar (white),Angola,Bié,RETAIL,Kg,kg,1.34
2023-06-01,1.02,Sugar (white),Angola,Bié,RETAIL,Kg,kg,1.02
2023-07-01,0.89,Sugar (white),Angola,Bié,RETAIL,Kg,kg,0.89
2023-08-01,0.92,Sugar (white),Angola,Bié,RETAIL,Kg,kg,0.92
2023-09-01,0.95,Sugar (white),Angola,Bié,RETAIL,Kg,kg,0.95
2023-10-01,0.95,Sugar (white),Angola,Bié,RETAIL,Kg,kg,0.95
2023-11-01,0.99,Sugar (white),Angola,Bié,RETAIL,Kg,kg,0.99
2023-12-01,1.0,Sugar (white),Angola,Bié,RETAIL,Kg,kg,1.0
2024-01-01,1.02,Sugar (white),Angola,Bié,RETAIL,Kg,kg,1.02
2024-02-01,1.02,Sugar (white),Angola,Bié,RETAIL,Kg,kg,1.02
2024-03-01,1.05,Sugar (white),Angola,Bié,RETAIL,Kg,kg,1.05
2024-04-01,1.08,Sugar (white),Angola,Bié,RETAIL,Kg,kg,1.08
2024-05-01,1.07,Sugar (white),Angola,Bié,RETAIL,Kg,kg,1.07
2024-06-01,1.06,Sugar (white),Angola,Bié,RETAIL,Kg,kg,1.06
2024-07-01,1.06,Sugar (white),Angola,Bié,RETAIL,Kg,kg,1.06
2024-08-01,1.04,Sugar (white),Angola,Bié,RETAIL,Kg,kg,1.04
2024-09-01,1.06,Sugar (white),Angola,Bié,RETAIL,Kg,kg,1.06
2024-10-01,1.1,Sugar (white),Angola,Bié,RETAIL,Kg,kg,1.1
2024-11-01,1.17,Sugar (white),Angola,Bié,RETAIL,Kg,kg,1.17
2024-12-01,1.18,Sugar (white),Angola,Bié,RETAIL,Kg,kg,1.18
2025-01-01,1.23,Sugar (white),Angola,Bié,RETAIL,Kg,kg,1.23
2025-02-01,1.23,Sugar (white),Angola,Bié,RETAIL,Kg,kg,1.23
2025-03-01,1.23,Sugar (white),Angola,Bié,RETAIL,Kg,kg,1.23
2025-04-01,1.27,Sugar (white),Angola,Bié,RETAIL,Kg,kg,1.27
2025-05-01,1.3,Sugar (white),Angola,Bié,RETAIL,Kg,kg,1.3
2025-06-01,1.29,Sugar (white),Angola,Bié,RETAIL,Kg,kg,1.29
2025-07-01,1.29,Sugar (white),Angola,Bié,RETAIL,Kg,kg,1.29
2025-08-01,1.29,Sugar (white),Angola,Bié,RETAIL,Kg,kg,1.29
2021-01-01,1.0,Sugar (white),Angola,Cabinda,RETAIL,Kg,kg,1.0
2021-02-01,1.03,Sugar (white),Angola,Cabinda,RETAIL,Kg,kg,1.03
2021-03-01,1.08,Sugar (white),Angola,Cabinda,RETAIL,Kg,kg,1.08
2021-04-01,1.06,Sugar (white),Angola,Cabinda,RETAIL,Kg,kg,1.06
2021-05-01,1.06,Sugar (white),Angola,Cabinda,RETAIL,Kg,kg,1.06
2021-06-01,1.06,Sugar (white),Angola,Cabinda,RETAIL,Kg,kg,1.06
2021-07-01,1.08,Sugar (white),Angola,Cabinda,RETAIL,Kg,kg,1.08
2021-08-01,1.12,Sugar (white),Angola,Cabinda,RETAIL,Kg,kg,1.12
2021-09-01,1.17,Sugar (white),Angola,Cabinda,RETAIL,Kg,kg,1.17
2021-10-01,1.23,Sugar (white),Angola,Cabinda,RETAIL,Kg,kg,1.23
2021-11-01,1.26,Sugar (white),Angola,Cabinda,RETAIL,Kg,kg,1.26
2021-12-01,1.33,Sugar (white),Angola,Cabinda,RETAIL,Kg,kg,1.33
2022-01-01,1.44,Sugar (white),Angola,Cabinda,RETAIL,Kg,kg,1.44
2022-02-01,1.52,Sugar (white),Angola,Cabinda,RETAIL,Kg,kg,1.52
2022-03-01,1.76,Sugar (white),Angola,Cabinda,RETAIL,Kg,kg,1.76
2022-04-01,1.94,Sugar (white),Angola,Cabinda,RETAIL,Kg,kg,1.94
2022-05-01,1.95,Sugar (white),Angola,Cabinda,RETAIL,Kg,kg,1.95
2022-06-01,1.86,Sugar (white),Angola,Cabinda,RETAIL,Kg,kg,1.86
2022-07-01,1.82,Sugar (white),Angola,Cabinda,RETAIL,Kg,kg,1.82
2022-08-01,1.83,Sugar (white),Angola,Cabinda,RETAIL,Kg,kg,1.83
2022-09-01,1.84,Sugar (white),Angola,Cabinda,RETAIL,Kg,kg,1.84
2022-10-01,1.75,Sugar (white),Angola,Cabinda,RETAIL,Kg,kg,1.75
2022-11-01,1.56,Sugar (white),Angola,Cabinda,RETAIL,Kg,kg,1.56
2022-12-01,1.55,Sugar (white),Angola,Cabinda,RETAIL,Kg,kg,1.55
2023-01-01,1.55,Sugar (white),Angola,Cabinda,RETAIL,Kg,kg,1.55
2023-02-01,1.53,Sugar (white),Angola,Cabinda,RETAIL,Kg,kg,1.53
2023-03-01,1.53,Sugar (white),Angola,Cabinda,RETAIL,Kg,kg,1.53
2023-04-01,1.53,Sugar (white),Angola,Cabinda,RETAIL,Kg,kg,1.53
2023-05-01,1.46,Sugar (white),Angola,Cabinda,RETAIL,Kg,kg,1.46
2023-06-01,1.14,Sugar (white),Angola,Cabinda,RETAIL,Kg,kg,1.14
2023-07-01,0.99,Sugar (white),Angola,Cabinda,RETAIL,Kg,kg,0.99
2023-08-01,1.03,Sugar (white),Angola,Cabinda,RETAIL,Kg,kg,1.03
2023-09-01,1.09,Sugar (white),Angola,Cabinda,RETAIL,Kg,kg,1.09
2023-10-01,1.11,Sugar (white),Angola,Cabinda,RETAIL,Kg,kg,1.11
2023-11-01,1.19,Sugar (white),Angola,Cabinda,RETAIL,Kg,kg,1.19
2023-12-01,1.21,Sugar (white),Angola,Cabinda,RETAIL,Kg,kg,1.21
2024-01-01,1.24,Sugar (white),Angola,Cabinda,RETAIL,Kg,kg,1.24
2024-02-01,1.27,Sugar (white),Angola,Cabinda,RETAIL,Kg,kg,1.27
2024-03-01,1.4,Sugar (white),Angola,Cabinda,RETAIL,Kg,kg,1.4
2024-04-01,1.49,Sugar (white),Angola,Cabinda,RETAIL,Kg,kg,1.49
2024-05-01,1.48,Sugar (white),Angola,Cabinda,RETAIL,Kg,kg,1.48
2024-06-01,1.46,Sugar (white),Angola,Cabinda,RETAIL,Kg,kg,1.46
2024-07-01,1.45,Sugar (white),Angola,Cabinda,RETAIL,Kg,kg,1.45
2024-08-01,1.51,Sugar (white),Angola,Cabinda,RETAIL,Kg,kg,1.51
2024-09-01,1.48,Sugar (white),Angola,Cabinda,RETAIL,Kg,kg,1.48
2024-10-01,1.51,Sugar (white),Angola,Cabinda,RETAIL,Kg,kg,1.51
2024-11-01,1.59,Sugar (white),Angola,Cabinda,RETAIL,Kg,kg,1.59
2024-12-01,1.67,Sugar (white),Angola,Cabinda,RETAIL,Kg,kg,1.67
2025-01-01,1.64,Sugar (white),Angola,Cabinda,RETAIL,Kg,kg,1.64
2025-02-01,1.64,Sugar (white),Angola,Cabinda,RETAIL,Kg,kg,1.64
2025-03-01,1.69,Sugar (white),Angola,Cabinda,RETAIL,Kg,kg,1.69
2025-04-01,1.72,Sugar (white),Angola,Cabinda,RETAIL,Kg,kg,1.72
2025-05-01,1.82,Sugar (white),Angola,Cabinda,RETAIL,Kg,kg,1.82
2025-06-01,1.83,Sugar (white),Angola,Cabinda,RETAIL,Kg,kg,1.83
2025-07-01,1.83,Sugar (white),Angola,Cabinda,RETAIL,Kg,kg,1.83
2025-08-01,1.83,Sugar (white),Angola,Cabinda,RETAIL,Kg,kg,1.83
2021-01-01,0.86,Sugar (white),Angola,Cuando Cubango,RETAIL,Kg,kg,0.86
2021-02-01,0.88,Sugar (white),Angola,Cuando Cubango,RETAIL,Kg,kg,0.88
2021-03-01,0.93,Sugar (white),Angola,Cuando Cubango,RETAIL,Kg,kg,0.93
2021-04-01,0.92,Sugar (white),Angola,Cuando Cubango,RETAIL,Kg,kg,0.92
2021-05-01,0.95,Sugar (white),Angola,Cuando Cubango,RETAIL,Kg,kg,0.95
2021-06-01,0.99,Sugar (white),Angola,Cuando Cubango,RETAIL,Kg,kg,0.99
2021-07-01,0.99,Sugar (white),Angola,Cuando Cubango,RETAIL,Kg,kg,0.99
2021-08-01,1.03,Sugar (white),Angola,Cuando Cubango,RETAIL,Kg,kg,1.03
2021-09-01,1.07,Sugar (white),Angola,Cuando Cubango,RETAIL,Kg,kg,1.07
2021-10-01,1.13,Sugar (white),Angola,Cuando Cubango,RETAIL,Kg,kg,1.13
2021-11-01,1.18,Sugar (white),Angola,Cuando Cubango,RETAIL,Kg,kg,1.18
2021-12-01,1.25,Sugar (white),Angola,Cuando Cubango,RETAIL,Kg,kg,1.25
2022-01-01,1.33,Sugar (white),Angola,Cuando Cubango,RETAIL,Kg,kg,1.33
2022-02-01,1.41,Sugar (white),Angola,Cuando Cubango,RETAIL,Kg,kg,1.41
2022-03-01,1.58,Sugar (white),Angola,Cuando Cubango,RETAIL,Kg,kg,1.58
2022-04-01,1.75,Sugar (white),Angola,Cuando Cubango,RETAIL,Kg,kg,1.75
2022-05-01,1.77,Sugar (white),Angola,Cuando Cubango,RETAIL,Kg,kg,1.77
2022-06-01,1.69,Sugar (white),Angola,Cuando Cubango,RETAIL,Kg,kg,1.69
2022-07-01,1.67,Sugar (white),Angola,Cuando Cubango,RETAIL,Kg,kg,1.67
2022-08-01,1.67,Sugar (white),Angola,Cuando Cubango,RETAIL,Kg,kg,1.67
2022-09-01,1.65,Sugar (white),Angola,Cuando Cubango,RETAIL,Kg,kg,1.65
2022-10-01,1.58,Sugar (white),Angola,Cuando Cubango,RETAIL,Kg,kg,1.58
2022-11-01,1.43,Sugar (white),Angola,Cuando Cubango,RETAIL,Kg,kg,1.43
2022-12-01,1.43,Sugar (white),Angola,Cuando Cubango,RETAIL,Kg,kg,1.43
2023-01-01,1.44,Sugar (white),Angola,Cuando Cubango,RETAIL,Kg,kg,1.44
2023-02-01,1.44,Sugar (white),Angola,Cuando Cubango,RETAIL,Kg,kg,1.44
2023-03-01,1.44,Sugar (white),Angola,Cuando Cubango,RETAIL,Kg,kg,1.44
2023-04-01,1.43,Sugar (white),Angola,Cuando Cubango,RETAIL,Kg,kg,1.43
2023-05-01,1.37,Sugar (white),Angola,Cuando Cubango,RETAIL,Kg,kg,1.37
2023-06-01,1.07,Sugar (white),Angola,Cuando Cubango,RETAIL,Kg,kg,1.07
2023-07-01,0.96,Sugar (white),Angola,Cuando Cubango,RETAIL,Kg,kg,0.96
2023-08-01,0.96,Sugar (white),Angola,Cuando Cubango,RETAIL,Kg,kg,0.96
2023-09-01,1.03,Sugar (white),Angola,Cuando Cubango,RETAIL,Kg,kg,1.03
2023-10-01,1.06,Sugar (white),Angola,Cuando Cubango,RETAIL,Kg,kg,1.06
2023-11-01,1.09,Sugar (white),Angola,Cuando Cubango,RETAIL,Kg,kg,1.09
2023-12-01,1.13,Sugar (white),Angola,Cuando Cubango,RETAIL,Kg,kg,1.13
2024-01-01,1.13,Sugar (white),Angola,Cuando Cubango,RETAIL,Kg,kg,1.13
2024-02-01,1.13,Sugar (white),Angola,Cuando Cubango,RETAIL,Kg,kg,1.13
2024-03-01,1.2,Sugar (white),Angola,Cuando Cubango,RETAIL,Kg,kg,1.2
2024-04-01,1.3,Sugar (white),Angola,Cuando Cubango,RETAIL,Kg,kg,1.3
2024-05-01,1.29,Sugar (white),Angola,Cuando Cubango,RETAIL,Kg,kg,1.29
2024-06-01,1.39,Sugar (white),Angola,Cuando Cubango,RETAIL,Kg,kg,1.39
2024-07-01,1.39,Sugar (white),Angola,Cuando Cubango,RETAIL,Kg,kg,1.39
2024-08-01,1.4,Sugar (white),Angola,Cuando Cubango,RETAIL,Kg,kg,1.4
2024-09-01,1.34,Sugar (white),Angola,Cuando Cubango,RETAIL,Kg,kg,1.34
2024-10-01,1.38,Sugar (white),Angola,Cuando Cubango,RETAIL,Kg,kg,1.38
2024-11-01,1.41,Sugar (white),Angola,Cuando Cubango,RETAIL,Kg,kg,1.41
2024-12-01,1.42,Sugar (white),Angola,Cuando Cubango,RETAIL,Kg,kg,1.42
2025-01-01,1.45,Sugar (white),Angola,Cuando Cubango,RETAIL,Kg,kg,1.45
2025-02-01,1.47,Sugar (white),Angola,Cuando Cubango,RETAIL,Kg,kg,1.47
2025-03-01,1.47,Sugar (white),Angola,Cuando Cubango,RETAIL,Kg,kg,1.47
2025-04-01,1.27,Sugar (white),Angola,Cuando Cubango,RETAIL,Kg,kg,1.27
2025-05-01,1.31,Sugar (white),Angola,Cuando Cubango,RETAIL,Kg,kg,1.31
2025-06-01,1.32,Sugar (white),Angola,Cuando Cubango,RETAIL,Kg,kg,1.32
2025-07-01,1.3,Sugar (white),Angola,Cuando Cubango,RETAIL,Kg,kg,1.3
2025-08-01,1.31,Sugar (white),Angola,Cuando Cubango,RETAIL,Kg,kg,1.31
2021-01-01,1.06,Sugar (white),Angola,Cuanza Norte,RETAIL,Kg,kg,1.06
2021-02-01,1.09,Sugar (white),Angola,Cuanza Norte,RETAIL,Kg,kg,1.09
2021-03-01,1.14,Sugar (white),Angola,Cuanza Norte,RETAIL,Kg,kg,1.14
2021-04-01,1.12,Sugar (white),Angola,Cuanza Norte,RETAIL,Kg,kg,1.12
2021-05-01,1.11,Sugar (white),Angola,Cuanza Norte,RETAIL,Kg,kg,1.11
2021-06-01,1.12,Sugar (white),Angola,Cuanza Norte,RETAIL,Kg,kg,1.12
2021-07-01,1.12,Sugar (white),Angola,Cuanza Norte,RETAIL,Kg,kg,1.12
2021-08-01,1.13,Sugar (white),Angola,Cuanza Norte,RETAIL,Kg,kg,1.13
2021-09-01,1.16,Sugar (white),Angola,Cuanza Norte,RETAIL,Kg,kg,1.16
2021-10-01,1.22,Sugar (white),Angola,Cuanza Norte,RETAIL,Kg,kg,1.22
2021-11-01,1.24,Sugar (white),Angola,Cuanza Norte,RETAIL,Kg,kg,1.24
2021-12-01,1.31,Sugar (white),Angola,Cuanza Norte,RETAIL,Kg,kg,1.31
2022-01-01,1.43,Sugar (white),Angola,Cuanza Norte,RETAIL,Kg,kg,1.43
2022-02-01,1.49,Sugar (white),Angola,Cuanza Norte,RETAIL,Kg,kg,1.49
2022-03-01,1.67,Sugar (white),Angola,Cuanza Norte,RETAIL,Kg,kg,1.67
2022-04-01,1.85,Sugar (white),Angola,Cuanza Norte,RETAIL,Kg,kg,1.85
2022-05-01,1.91,Sugar (white),Angola,Cuanza Norte,RETAIL,Kg,kg,1.91
2022-06-01,1.82,Sugar (white),Angola,Cuanza Norte,RETAIL,Kg,kg,1.82
2022-07-01,1.82,Sugar (white),Angola,Cuanza Norte,RETAIL,Kg,kg,1.82
2022-08-01,1.83,Sugar (white),Angola,Cuanza Norte,RETAIL,Kg,kg,1.83
2022-09-01,1.82,Sugar (white),Angola,Cuanza Norte,RETAIL,Kg,kg,1.82
2022-10-01,1.75,Sugar (white),Angola,Cuanza Norte,RETAIL,Kg,kg,1.75
2022-11-01,1.58,Sugar (white),Angola,Cuanza Norte,RETAIL,Kg,kg,1.58
2022-12-01,1.55,Sugar (white),Angola,Cuanza Norte,RETAIL,Kg,kg,1.55
2023-01-01,1.54,Sugar (white),Angola,Cuanza Norte,RETAIL,Kg,kg,1.54
2023-02-01,1.57,Sugar (white),Angola,Cuanza Norte,RETAIL,Kg,kg,1.57
2023-03-01,1.57,Sugar (white),Angola,Cuanza Norte,RETAIL,Kg,kg,1.57
2023-04-01,1.56,Sugar (white),Angola,Cuanza Norte,RETAIL,Kg,kg,1.56
2023-05-01,1.49,Sugar (white),Angola,Cuanza Norte,RETAIL,Kg,kg,1.49
2023-06-01,1.12,Sugar (white),Angola,Cuanza Norte,RETAIL,Kg,kg,1.12
2023-07-01,1.06,Sugar (white),Angola,Cuanza Norte,RETAIL,Kg,kg,1.06
2023-08-01,1.1,Sugar (white),Angola,Cuanza Norte,RETAIL,Kg,kg,1.1
2023-09-01,1.15,Sugar (white),Angola,Cuanza Norte,RETAIL,Kg,kg,1.15
2023-10-01,1.24,Sugar (white),Angola,Cuanza Norte,RETAIL,Kg,kg,1.24
2023-11-01,1.32,Sugar (white),Angola,Cuanza Norte,RETAIL,Kg,kg,1.32
2023-12-01,1.43,Sugar (white),Angola,Cuanza Norte,RETAIL,Kg,kg,1.43
2024-01-01,1.43,Sugar (white),Angola,Cuanza Norte,RETAIL,Kg,kg,1.43
2024-02-01,1.43,Sugar (white),Angola,Cuanza Norte,RETAIL,Kg,kg,1.43
2024-03-01,1.52,Sugar (white),Angola,Cuanza Norte,RETAIL,Kg,kg,1.52
2024-04-01,1.62,Sugar (white),Angola,Cuanza Norte,RETAIL,Kg,kg,1.62
2024-05-01,1.61,Sugar (white),Angola,Cuanza Norte,RETAIL,Kg,kg,1.61
2024-06-01,1.58,Sugar (white),Angola,Cuanza Norte,RETAIL,Kg,kg,1.58
2024-07-01,1.59,Sugar (white),Angola,Cuanza Norte,RETAIL,Kg,kg,1.59
2024-08-01,1.6,Sugar (white),Angola,Cuanza Norte,RETAIL,Kg,kg,1.6
2024-09-01,1.6,Sugar (white),Angola,Cuanza Norte,RETAIL,Kg,kg,1.6
2024-10-01,1.63,Sugar (white),Angola,Cuanza Norte,RETAIL,Kg,kg,1.63
2024-11-01,1.64,Sugar (white),Angola,Cuanza Norte,RETAIL,Kg,kg,1.64
2024-12-01,1.63,Sugar (white),Angola,Cuanza Norte,RETAIL,Kg,kg,1.63
2025-01-01,1.66,Sugar (white),Angola,Cuanza Norte,RETAIL,Kg,kg,1.66
2025-02-01,1.66,Sugar (white),Angola,Cuanza Norte,RETAIL,Kg,kg,1.66
2025-03-01,1.72,Sugar (white),Angola,Cuanza Norte,RETAIL,Kg,kg,1.72
2025-04-01,1.73,Sugar (white),Angola,Cuanza Norte,RETAIL,Kg,kg,1.73
2025-05-01,1.65,Sugar (white),Angola,Cuanza Norte,RETAIL,Kg,kg,1.65
2025-06-01,1.64,Sugar (white),Angola,Cuanza Norte,RETAIL,Kg,kg,1.64
2025-07-01,1.56,Sugar (white),Angola,Cuanza Norte,RETAIL,Kg,kg,1.56
2025-08-01,1.57,Sugar (white),Angola,Cuanza Norte,RETAIL,Kg,kg,1.57
2021-01-01,0.8,Sugar (white),Angola,Cuanza Sul,RETAIL,Kg,kg,0.8
2021-02-01,0.84,Sugar (white),Angola,Cuanza Sul,RETAIL,Kg,kg,0.84
2021-03-01,0.92,Sugar (white),Angola,Cuanza Sul,RETAIL,Kg,kg,0.92
2021-04-01,0.93,Sugar (white),Angola,Cuanza Sul,RETAIL,Kg,kg,0.93
2021-05-01,0.95,Sugar (white),Angola,Cuanza Sul,RETAIL,Kg,kg,0.95
2021-06-01,0.97,Sugar (white),Angola,Cuanza Sul,RETAIL,Kg,kg,0.97
2021-07-01,1.03,Sugar (white),Angola,Cuanza Sul,RETAIL,Kg,kg,1.03
2021-08-01,1.05,Sugar (white),Angola,Cuanza Sul,RETAIL,Kg,kg,1.05
2021-09-01,1.09,Sugar (white),Angola,Cuanza Sul,RETAIL,Kg,kg,1.09
2021-10-01,1.14,Sugar (white),Angola,Cuanza Sul,RETAIL,Kg,kg,1.14
2021-11-01,1.2,Sugar (white),Angola,Cuanza Sul,RETAIL,Kg,kg,1.2
2021-12-01,1.3,Sugar (white),Angola,Cuanza Sul,RETAIL,Kg,kg,1.3
2022-01-01,1.39,Sugar (white),Angola,Cuanza Sul,RETAIL,Kg,kg,1.39
2022-02-01,1.5,Sugar (white),Angola,Cuanza Sul,RETAIL,Kg,kg,1.5
2022-03-01,1.71,Sugar (white),Angola,Cuanza Sul,RETAIL,Kg,kg,1.71
2022-04-01,1.85,Sugar (white),Angola,Cuanza Sul,RETAIL,Kg,kg,1.85
2022-05-01,1.93,Sugar (white),Angola,Cuanza Sul,RETAIL,Kg,kg,1.93
2022-06-01,1.85,Sugar (white),Angola,Cuanza Sul,RETAIL,Kg,kg,1.85
2022-07-01,1.83,Sugar (white),Angola,Cuanza Sul,RETAIL,Kg,kg,1.83
2022-08-01,1.84,Sugar (white),Angola,Cuanza Sul,RETAIL,Kg,kg,1.84
2022-09-01,1.83,Sugar (white),Angola,Cuanza Sul,RETAIL,Kg,kg,1.83
2022-10-01,1.75,Sugar (white),Angola,Cuanza Sul,RETAIL,Kg,kg,1.75
2022-11-01,1.61,Sugar (white),Angola,Cuanza Sul,RETAIL,Kg,kg,1.61
2022-12-01,1.61,Sugar (white),Angola,Cuanza Sul,RETAIL,Kg,kg,1.61
2023-01-01,1.62,Sugar (white),Angola,Cuanza Sul,RETAIL,Kg,kg,1.62
2023-02-01,1.65,Sugar (white),Angola,Cuanza Sul,RETAIL,Kg,kg,1.65
2023-03-01,1.66,Sugar (white),Angola,Cuanza Sul,RETAIL,Kg,kg,1.66
2023-04-01,1.66,Sugar (white),Angola,Cuanza Sul,RETAIL,Kg,kg,1.66
2023-05-01,1.6,Sugar (white),Angola,Cuanza Sul,RETAIL,Kg,kg,1.6
2023-06-01,1.19,Sugar (white),Angola,Cuanza Sul,RETAIL,Kg,kg,1.19
2023-07-01,1.08,Sugar (white),Angola,Cuanza Sul,RETAIL,Kg,kg,1.08
2023-08-01,1.11,Sugar (white),Angola,Cuanza Sul,RETAIL,Kg,kg,1.11
2023-09-01,1.16,Sugar (white),Angola,Cuanza Sul,RETAIL,Kg,kg,1.16
2023-10-01,1.16,Sugar (white),Angola,Cuanza Sul,RETAIL,Kg,kg,1.16
2023-11-01,1.17,Sugar (white),Angola,Cuanza Sul,RETAIL,Kg,kg,1.17
2023-12-01,1.19,Sugar (white),Angola,Cuanza Sul,RETAIL,Kg,kg,1.19
2024-01-01,1.27,Sugar (white),Angola,Cuanza Sul,RETAIL,Kg,kg,1.27
2024-02-01,1.29,Sugar (white),Angola,Cuanza Sul,RETAIL,Kg,kg,1.29
2024-03-01,1.29,Sugar (white),Angola,Cuanza Sul,RETAIL,Kg,kg,1.29
2024-04-01,1.29,Sugar (white),Angola,Cuanza Sul,RETAIL,Kg,kg,1.29
2024-05-01,1.27,Sugar (white),Angola,Cuanza Sul,RETAIL,Kg,kg,1.27
2024-06-01,1.27,Sugar (white),Angola,Cuanza Sul,RETAIL,Kg,kg,1.27
2024-07-01,1.26,Sugar (white),Angola,Cuanza Sul,RETAIL,Kg,kg,1.26
2024-08-01,1.29,Sugar (white),Angola,Cuanza Sul,RETAIL,Kg,kg,1.29
2024-09-01,1.24,Sugar (white),Angola,Cuanza Sul,RETAIL,Kg,kg,1.24
2024-10-01,1.26,Sugar (white),Angola,Cuanza Sul,RETAIL,Kg,kg,1.26
2024-11-01,1.32,Sugar (white),Angola,Cuanza Sul,RETAIL,Kg,kg,1.32
2024-12-01,1.36,Sugar (white),Angola,Cuanza Sul,RETAIL,Kg,kg,1.36
2025-01-01,1.39,Sugar (white),Angola,Cuanza Sul,RETAIL,Kg,kg,1.39
2025-02-01,1.52,Sugar (white),Angola,Cuanza Sul,RETAIL,Kg,kg,1.52
2025-03-01,1.51,Sugar (white),Angola,Cuanza Sul,RETAIL,Kg,kg,1.51
2025-04-01,1.51,Sugar (white),Angola,Cuanza Sul,RETAIL,Kg,kg,1.51
2025-05-01,1.54,Sugar (white),Angola,Cuanza Sul,RETAIL,Kg,kg,1.54
2025-06-01,1.55,Sugar (white),Angola,Cuanza Sul,RETAIL,Kg,kg,1.55
2025-07-01,1.55,Sugar (white),Angola,Cuanza Sul,RETAIL,Kg,kg,1.55
2025-08-01,1.57,Sugar (white),Angola,Cuanza Sul,RETAIL,Kg,kg,1.57
2021-01-01,0.82,Sugar (white),Angola,Cunene,RETAIL,Kg,kg,0.82
2021-02-01,0.86,Sugar (white),Angola,Cunene,RETAIL,Kg,kg,0.86
2021-03-01,0.9,Sugar (white),Angola,Cunene,RETAIL,Kg,kg,0.9
2021-04-01,0.9,Sugar (white),Angola,Cunene,RETAIL,Kg,kg,0.9
2021-05-01,0.92,Sugar (white),Angola,Cunene,RETAIL,Kg,kg,0.92
2021-06-01,0.96,Sugar (white),Angola,Cunene,RETAIL,Kg,kg,0.96
2021-07-01,0.99,Sugar (white),Angola,Cunene,RETAIL,Kg,kg,0.99
2021-08-01,1.0,Sugar (white),Angola,Cunene,RETAIL,Kg,kg,1.0
2021-09-01,1.08,Sugar (white),Angola,Cunene,RETAIL,Kg,kg,1.08
2021-10-01,1.12,Sugar (white),Angola,Cunene,RETAIL,Kg,kg,1.12
2021-11-01,1.15,Sugar (white),Angola,Cunene,RETAIL,Kg,kg,1.15
2021-12-01,1.22,Sugar (white),Angola,Cunene,RETAIL,Kg,kg,1.22
2022-01-01,1.29,Sugar (white),Angola,Cunene,RETAIL,Kg,kg,1.29
2022-02-01,1.34,Sugar (white),Angola,Cunene,RETAIL,Kg,kg,1.34
2022-03-01,1.52,Sugar (white),Angola,Cunene,RETAIL,Kg,kg,1.52
2022-04-01,1.67,Sugar (white),Angola,Cunene,RETAIL,Kg,kg,1.67
2022-05-01,1.71,Sugar (white),Angola,Cunene,RETAIL,Kg,kg,1.71
2022-06-01,1.65,Sugar (white),Angola,Cunene,RETAIL,Kg,kg,1.65
2022-07-01,1.64,Sugar (white),Angola,Cunene,RETAIL,Kg,kg,1.64
2022-08-01,1.64,Sugar (white),Angola,Cunene,RETAIL,Kg,kg,1.64
2022-09-01,1.65,Sugar (white),Angola,Cunene,RETAIL,Kg,kg,1.65
2022-10-01,1.57,Sugar (white),Angola,Cunene,RETAIL,Kg,kg,1.57
2022-11-01,1.42,Sugar (white),Angola,Cunene,RETAIL,Kg,kg,1.42
2022-12-01,1.41,Sugar (white),Angola,Cunene,RETAIL,Kg,kg,1.41
2023-01-01,1.42,Sugar (white),Angola,Cunene,RETAIL,Kg,kg,1.42
2023-02-01,1.47,Sugar (white),Angola,Cunene,RETAIL,Kg,kg,1.47
2023-03-01,1.47,Sugar (white),Angola,Cunene,RETAIL,Kg,kg,1.47
2023-04-01,1.49,Sugar (white),Angola,Cunene,RETAIL,Kg,kg,1.49
2023-05-01,1.42,Sugar (white),Angola,Cunene,RETAIL,Kg,kg,1.42
2023-06-01,1.11,Sugar (white),Angola,Cunene,RETAIL,Kg,kg,1.11
2023-07-01,1.0,Sugar (white),Angola,Cunene,RETAIL,Kg,kg,1.0
2023-08-01,1.03,Sugar (white),Angola,Cunene,RETAIL,Kg,kg,1.03
2023-09-01,1.1,Sugar (white),Angola,Cunene,RETAIL,Kg,kg,1.1
2023-10-01,1.2,Sugar (white),Angola,Cunene,RETAIL,Kg,kg,1.2
2023-11-01,1.35,Sugar (white),Angola,Cunene,RETAIL,Kg,kg,1.35
2023-12-01,1.46,Sugar (white),Angola,Cunene,RETAIL,Kg,kg,1.46
2024-01-01,1.54,Sugar (white),Angola,Cunene,RETAIL,Kg,kg,1.54
2024-02-01,1.61,Sugar (white),Angola,Cunene,RETAIL,Kg,kg,1.61
2024-03-01,1.66,Sugar (white),Angola,Cunene,RETAIL,Kg,kg,1.66
2024-04-01,1.77,Sugar (white),Angola,Cunene,RETAIL,Kg,kg,1.77
2024-05-01,1.75,Sugar (white),Angola,Cunene,RETAIL,Kg,kg,1.75
2024-06-01,1.75,Sugar (white),Angola,Cunene,RETAIL,Kg,kg,1.75
2024-07-01,1.75,Sugar (white),Angola,Cunene,RETAIL,Kg,kg,1.75
2024-08-01,1.73,Sugar (white),Angola,Cunene,RETAIL,Kg,kg,1.73
2024-09-01,1.74,Sugar (white),Angola,Cunene,RETAIL,Kg,kg,1.74
2024-10-01,1.77,Sugar (white),Angola,Cunene,RETAIL,Kg,kg,1.77
2024-11-01,1.82,Sugar (white),Angola,Cunene,RETAIL,Kg,kg,1.82
2024-12-01,1.84,Sugar (white),Angola,Cunene,RETAIL,Kg,kg,1.84
2025-01-01,1.87,Sugar (white),Angola,Cunene,RETAIL,Kg,kg,1.87
2025-02-01,1.89,Sugar (white),Angola,Cunene,RETAIL,Kg,kg,1.89
2025-03-01,1.92,Sugar (white),Angola,Cunene,RETAIL,Kg,kg,1.92
2025-04-01,1.92,Sugar (white),Angola,Cunene,RETAIL,Kg,kg,1.92
2025-05-01,1.9,Sugar (white),Angola,Cunene,RETAIL,Kg,kg,1.9
2025-06-01,1.89,Sugar (white),Angola,Cunene,RETAIL,Kg,kg,1.89
2025-07-01,1.89,Sugar (white),Angola,Cunene,RETAIL,Kg,kg,1.89
2025-08-01,1.9,Sugar (white),Angola,Cunene,RETAIL,Kg,kg,1.9
2021-01-01,0.76,Sugar (white),Angola,Huambo,RETAIL,Kg,kg,0.76
2021-02-01,0.79,Sugar (white),Angola,Huambo,RETAIL,Kg,kg,0.79
2021-03-01,0.84,Sugar (white),Angola,Huambo,RETAIL,Kg,kg,0.84
2021-04-01,0.83,Sugar (white),Angola,Huambo,RETAIL,Kg,kg,0.83
2021-05-01,0.84,Sugar (white),Angola,Huambo,RETAIL,Kg,kg,0.84
2021-06-01,0.86,Sugar (white),Angola,Huambo,RETAIL,Kg,kg,0.86
2021-07-01,0.9,Sugar (white),Angola,Huambo,RETAIL,Kg,kg,0.9
2021-08-01,0.9,Sugar (white),Angola,Huambo,RETAIL,Kg,kg,0.9
2021-09-01,0.96,Sugar (white),Angola,Huambo,RETAIL,Kg,kg,0.96
2021-10-01,0.99,Sugar (white),Angola,Huambo,RETAIL,Kg,kg,0.99
2021-11-01,1.02,Sugar (white),Angola,Huambo,RETAIL,Kg,kg,1.02
2021-12-01,1.1,Sugar (white),Angola,Huambo,RETAIL,Kg,kg,1.1
2022-01-01,1.18,Sugar (white),Angola,Huambo,RETAIL,Kg,kg,1.18
2022-02-01,1.26,Sugar (white),Angola,Huambo,RETAIL,Kg,kg,1.26
2022-03-01,1.46,Sugar (white),Angola,Huambo,RETAIL,Kg,kg,1.46
2022-04-01,1.56,Sugar (white),Angola,Huambo,RETAIL,Kg,kg,1.56
2022-05-01,1.6,Sugar (white),Angola,Huambo,RETAIL,Kg,kg,1.6
2022-06-01,1.53,Sugar (white),Angola,Huambo,RETAIL,Kg,kg,1.53
2022-07-01,1.53,Sugar (white),Angola,Huambo,RETAIL,Kg,kg,1.53
2022-08-01,1.58,Sugar (white),Angola,Huambo,RETAIL,Kg,kg,1.58
2022-09-01,1.58,Sugar (white),Angola,Huambo,RETAIL,Kg,kg,1.58
2022-10-01,1.5,Sugar (white),Angola,Huambo,RETAIL,Kg,kg,1.5
2022-11-01,1.36,Sugar (white),Angola,Huambo,RETAIL,Kg,kg,1.36
2022-12-01,1.35,Sugar (white),Angola,Huambo,RETAIL,Kg,kg,1.35
2023-01-01,1.37,Sugar (white),Angola,Huambo,RETAIL,Kg,kg,1.37
2023-02-01,1.37,Sugar (white),Angola,Huambo,RETAIL,Kg,kg,1.37
2023-03-01,1.37,Sugar (white),Angola,Huambo,RETAIL,Kg,kg,1.37
2023-04-01,1.36,Sugar (white),Angola,Huambo,RETAIL,Kg,kg,1.36
2023-05-01,1.28,Sugar (white),Angola,Huambo,RETAIL,Kg,kg,1.28
2023-06-01,1.01,Sugar (white),Angola,Huambo,RETAIL,Kg,kg,1.01
2023-07-01,0.9,Sugar (white),Angola,Huambo,RETAIL,Kg,kg,0.9
2023-08-01,0.9,Sugar (white),Angola,Huambo,RETAIL,Kg,kg,0.9
2023-09-01,0.94,Sugar (white),Angola,Huambo,RETAIL,Kg,kg,0.94
2023-10-01,0.99,Sugar (white),Angola,Huambo,RETAIL,Kg,kg,0.99
2023-11-01,1.01,Sugar (white),Angola,Huambo,RETAIL,Kg,kg,1.01
2023-12-01,1.05,Sugar (white),Angola,Huambo,RETAIL,Kg,kg,1.05
2024-01-01,1.07,Sugar (white),Angola,Huambo,RETAIL,Kg,kg,1.07
2024-02-01,1.07,Sugar (white),Angola,Huambo,RETAIL,Kg,kg,1.07
2024-03-01,1.18,Sugar (white),Angola,Huambo,RETAIL,Kg,kg,1.18
2024-04-01,1.19,Sugar (white),Angola,Huambo,RETAIL,Kg,kg,1.19
2024-05-01,1.18,Sugar (white),Angola,Huambo,RETAIL,Kg,kg,1.18
2024-06-01,1.16,Sugar (white),Angola,Huambo,RETAIL,Kg,kg,1.16
2024-07-01,1.21,Sugar (white),Angola,Huambo,RETAIL,Kg,kg,1.21
2024-08-01,1.18,Sugar (white),Angola,Huambo,RETAIL,Kg,kg,1.18
2024-09-01,1.16,Sugar (white),Angola,Huambo,RETAIL,Kg,kg,1.16
2024-10-01,1.18,Sugar (white),Angola,Huambo,RETAIL,Kg,kg,1.18
2024-11-01,1.26,Sugar (white),Angola,Huambo,RETAIL,Kg,kg,1.26
2024-12-01,1.26,Sugar (white),Angola,Huambo,RETAIL,Kg,kg,1.26
2025-01-01,1.29,Sugar (white),Angola,Huambo,RETAIL,Kg,kg,1.29
2025-02-01,1.34,Sugar (white),Angola,Huambo,RETAIL,Kg,kg,1.34
2025-03-01,1.34,Sugar (white),Angola,Huambo,RETAIL,Kg,kg,1.34
2025-04-01,1.36,Sugar (white),Angola,Huambo,RETAIL,Kg,kg,1.36
2025-05-01,1.36,Sugar (white),Angola,Huambo,RETAIL,Kg,kg,1.36
2025-06-01,1.38,Sugar (white),Angola,Huambo,RETAIL,Kg,kg,1.38
2025-07-01,1.38,Sugar (white),Angola,Huambo,RETAIL,Kg,kg,1.38
2025-08-01,1.38,Sugar (white),Angola,Huambo,RETAIL,Kg,kg,1.38
2021-01-01,0.73,Sugar (white),Angola,Huíla,RETAIL,Kg,kg,0.73
2021-02-01,0.75,Sugar (white),Angola,Huíla,RETAIL,Kg,kg,0.75
2021-03-01,0.81,Sugar (white),Angola,Huíla,RETAIL,Kg,kg,0.81
2021-04-01,0.81,Sugar (white),Angola,Huíla,RETAIL,Kg,kg,0.81
2021-05-01,0.82,Sugar (white),Angola,Huíla,RETAIL,Kg,kg,0.82
2021-06-01,0.83,Sugar (white),Angola,Huíla,RETAIL,Kg,kg,0.83
2021-07-01,0.86,Sugar (white),Angola,Huíla,RETAIL,Kg,kg,0.86
2021-08-01,0.89,Sugar (white),Angola,Huíla,RETAIL,Kg,kg,0.89
2021-09-01,0.92,Sugar (white),Angola,Huíla,RETAIL,Kg,kg,0.92
2021-10-01,1.01,Sugar (white),Angola,Huíla,RETAIL,Kg,kg,1.01
2021-11-01,1.02,Sugar (white),Angola,Huíla,RETAIL,Kg,kg,1.02
2021-12-01,1.09,Sugar (white),Angola,Huíla,RETAIL,Kg,kg,1.09
2022-01-01,1.17,Sugar (white),Angola,Huíla,RETAIL,Kg,kg,1.17
2022-02-01,1.23,Sugar (white),Angola,Huíla,RETAIL,Kg,kg,1.23
2022-03-01,1.38,Sugar (white),Angola,Huíla,RETAIL,Kg,kg,1.38
2022-04-01,1.52,Sugar (white),Angola,Huíla,RETAIL,Kg,kg,1.52
2022-05-01,1.55,Sugar (white),Angola,Huíla,RETAIL,Kg,kg,1.55
2022-06-01,1.49,Sugar (white),Angola,Huíla,RETAIL,Kg,kg,1.49
2022-07-01,1.51,Sugar (white),Angola,Huíla,RETAIL,Kg,kg,1.51
2022-08-01,1.51,Sugar (white),Angola,Huíla,RETAIL,Kg,kg,1.51
2022-09-01,1.52,Sugar (white),Angola,Huíla,RETAIL,Kg,kg,1.52
2022-10-01,1.45,Sugar (white),Angola,Huíla,RETAIL,Kg,kg,1.45
2022-11-01,1.31,Sugar (white),Angola,Huíla,RETAIL,Kg,kg,1.31
2022-12-01,1.3,Sugar (white),Angola,Huíla,RETAIL,Kg,kg,1.3
2023-01-01,1.31,Sugar (white),Angola,Huíla,RETAIL,Kg,kg,1.31
2023-02-01,1.31,Sugar (white),Angola,Huíla,RETAIL,Kg,kg,1.31
2023-03-01,1.3,Sugar (white),Angola,Huíla,RETAIL,Kg,kg,1.3
2023-04-01,1.29,Sugar (white),Angola,Huíla,RETAIL,Kg,kg,1.29
2023-05-01,1.23,Sugar (white),Angola,Huíla,RETAIL,Kg,kg,1.23
2023-06-01,0.94,Sugar (white),Angola,Huíla,RETAIL,Kg,kg,0.94
2023-07-01,0.83,Sugar (white),Angola,Huíla,RETAIL,Kg,kg,0.83
2023-08-01,0.87,Sugar (white),Angola,Huíla,RETAIL,Kg,kg,0.87
2023-09-01,0.95,Sugar (white),Angola,Huíla,RETAIL,Kg,kg,0.95
2023-10-01,0.97,Sugar (white),Angola,Huíla,RETAIL,Kg,kg,0.97
2023-11-01,1.06,Sugar (white),Angola,Huíla,RETAIL,Kg,kg,1.06
2023-12-01,1.13,Sugar (white),Angola,Huíla,RETAIL,Kg,kg,1.13
2024-01-01,1.25,Sugar (white),Angola,Huíla,RETAIL,Kg,kg,1.25
2024-02-01,1.27,Sugar (white),Angola,Huíla,RETAIL,Kg,kg,1.27
2024-03-01,1.37,Sugar (white),Angola,Huíla,RETAIL,Kg,kg,1.37
2024-04-01,1.47,Sugar (white),Angola,Huíla,RETAIL,Kg,kg,1.47
2024-05-01,1.45,Sugar (white),Angola,Huíla,RETAIL,Kg,kg,1.45
2024-06-01,1.44,Sugar (white),Angola,Huíla,RETAIL,Kg,kg,1.44
2024-07-01,1.5,Sugar (white),Angola,Huíla,RETAIL,Kg,kg,1.5
2024-08-01,1.46,Sugar (white),Angola,Huíla,RETAIL,Kg,kg,1.46
2024-09-01,1.48,Sugar (white),Angola,Huíla,RETAIL,Kg,kg,1.48
2024-10-01,1.54,Sugar (white),Angola,Huíla,RETAIL,Kg,kg,1.54
2024-11-01,1.56,Sugar (white),Angola,Huíla,RETAIL,Kg,kg,1.56
2024-12-01,1.61,Sugar (white),Angola,Huíla,RETAIL,Kg,kg,1.61
2025-01-01,1.63,Sugar (white),Angola,Huíla,RETAIL,Kg,kg,1.63
2025-02-01,1.68,Sugar (white),Angola,Huíla,RETAIL,Kg,kg,1.68
2025-03-01,1.7,Sugar (white),Angola,Huíla,RETAIL,Kg,kg,1.7
2025-04-01,1.7,Sugar (white),Angola,Huíla,RETAIL,Kg,kg,1.7
2025-05-01,1.76,Sugar (white),Angola,Huíla,RETAIL,Kg,kg,1.76
2025-06-01,1.79,Sugar (white),Angola,Huíla,RETAIL,Kg,kg,1.79
2025-07-01,1.94,Sugar (white),Angola,Huíla,RETAIL,Kg,kg,1.94
2025-08-01,1.94,Sugar (white),Angola,Huíla,RETAIL,Kg,kg,1.94
2021-01-01,0.83,Sugar (white),Angola,Luanda,RETAIL,Kg,kg,0.83
2021-02-01,0.85,Sugar (white),Angola,Luanda,RETAIL,Kg,kg,0.85
2021-03-01,0.94,Sugar (white),Angola,Luanda,RETAIL,Kg,kg,0.94
2021-04-01,0.93,Sugar (white),Angola,Luanda,RETAIL,Kg,kg,0.93
2021-05-01,0.95,Sugar (white),Angola,Luanda,RETAIL,Kg,kg,0.95
2021-06-01,0.99,Sugar (white),Angola,Luanda,RETAIL,Kg,kg,0.99
2021-07-01,1.02,Sugar (white),Angola,Luanda,RETAIL,Kg,kg,1.02
2021-08-01,1.07,Sugar (white),Angola,Luanda,RETAIL,Kg,kg,1.07
2021-09-01,1.13,Sugar (white),Angola,Luanda,RETAIL,Kg,kg,1.13
2021-10-01,1.21,Sugar (white),Angola,Luanda,RETAIL,Kg,kg,1.21
2021-11-01,1.24,Sugar (white),Angola,Luanda,RETAIL,Kg,kg,1.24
2021-12-01,1.32,Sugar (white),Angola,Luanda,RETAIL,Kg,kg,1.32
2022-01-01,1.43,Sugar (white),Angola,Luanda,RETAIL,Kg,kg,1.43
2022-02-01,1.51,Sugar (white),Angola,Luanda,RETAIL,Kg,kg,1.51
2022-03-01,1.71,Sugar (white),Angola,Luanda,RETAIL,Kg,kg,1.71
2022-04-01,1.88,Sugar (white),Angola,Luanda,RETAIL,Kg,kg,1.88
2022-05-01,1.86,Sugar (white),Angola,Luanda,RETAIL,Kg,kg,1.86
2022-06-01,1.76,Sugar (white),Angola,Luanda,RETAIL,Kg,kg,1.76
2022-07-01,1.77,Sugar (white),Angola,Luanda,RETAIL,Kg,kg,1.77
2022-08-01,1.77,Sugar (white),Angola,Luanda,RETAIL,Kg,kg,1.77
2022-09-01,1.77,Sugar (white),Angola,Luanda,RETAIL,Kg,kg,1.77
2022-10-01,1.68,Sugar (white),Angola,Luanda,RETAIL,Kg,kg,1.68
2022-11-01,1.52,Sugar (white),Angola,Luanda,RETAIL,Kg,kg,1.52
2022-12-01,1.51,Sugar (white),Angola,Luanda,RETAIL,Kg,kg,1.51
2023-01-01,1.52,Sugar (white),Angola,Luanda,RETAIL,Kg,kg,1.52
2023-02-01,1.52,Sugar (white),Angola,Luanda,RETAIL,Kg,kg,1.52
2023-03-01,1.53,Sugar (white),Angola,Luanda,RETAIL,Kg,kg,1.53
2023-04-01,1.52,Sugar (white),Angola,Luanda,RETAIL,Kg,kg,1.52
2023-05-01,1.45,Sugar (white),Angola,Luanda,RETAIL,Kg,kg,1.45
2023-06-01,1.1,Sugar (white),Angola,Luanda,RETAIL,Kg,kg,1.1
2023-07-01,1.06,Sugar (white),Angola,Luanda,RETAIL,Kg,kg,1.06
2023-08-01,1.2,Sugar (white),Angola,Luanda,RETAIL,Kg,kg,1.2
2023-09-01,1.39,Sugar (white),Angola,Luanda,RETAIL,Kg,kg,1.39
2023-10-01,1.6,Sugar (white),Angola,Luanda,RETAIL,Kg,kg,1.6
2023-11-01,1.8,Sugar (white),Angola,Luanda,RETAIL,Kg,kg,1.8
2023-12-01,1.99,Sugar (white),Angola,Luanda,RETAIL,Kg,kg,1.99
2024-01-01,2.06,Sugar (white),Angola,Luanda,RETAIL,Kg,kg,2.06
2024-02-01,2.13,Sugar (white),Angola,Luanda,RETAIL,Kg,kg,2.13
2024-03-01,2.18,Sugar (white),Angola,Luanda,RETAIL,Kg,kg,2.18
2024-04-01,2.24,Sugar (white),Angola,Luanda,RETAIL,Kg,kg,2.24
2024-05-01,2.22,Sugar (white),Angola,Luanda,RETAIL,Kg,kg,2.22
2024-06-01,2.18,Sugar (white),Angola,Luanda,RETAIL,Kg,kg,2.18
2024-07-01,1.62,Sugar (white),Angola,Luanda,RETAIL,Kg,kg,1.62
2024-08-01,1.62,Sugar (white),Angola,Luanda,RETAIL,Kg,kg,1.62
2024-09-01,1.61,Sugar (white),Angola,Luanda,RETAIL,Kg,kg,1.61
2024-10-01,1.66,Sugar (white),Angola,Luanda,RETAIL,Kg,kg,1.66
2024-11-01,1.69,Sugar (white),Angola,Luanda,RETAIL,Kg,kg,1.69
2024-12-01,1.7,Sugar (white),Angola,Luanda,RETAIL,Kg,kg,1.7
2025-01-01,1.7,Sugar (white),Angola,Luanda,RETAIL,Kg,kg,1.7
2025-02-01,1.69,Sugar (white),Angola,Luanda,RETAIL,Kg,kg,1.69
2025-03-01,1.65,Sugar (white),Angola,Luanda,RETAIL,Kg,kg,1.65
2025-04-01,1.67,Sugar (white),Angola,Luanda,RETAIL,Kg,kg,1.67
2025-05-01,1.66,Sugar (white),Angola,Luanda,RETAIL,Kg,kg,1.66
2025-06-01,1.68,Sugar (white),Angola,Luanda,RETAIL,Kg,kg,1.68
2025-07-01,1.69,Sugar (white),Angola,Luanda,RETAIL,Kg,kg,1.69
2025-08-01,1.69,Sugar (white),Angola,Luanda,RETAIL,Kg,kg,1.69
2021-01-01,0.98,Sugar (white),Angola,Lunda Norte,RETAIL,Kg,kg,0.98
2021-02-01,0.99,Sugar (white),Angola,Lunda Norte,RETAIL,Kg,kg,0.99
2021-03-01,1.07,Sugar (white),Angola,Lunda Norte,RETAIL,Kg,kg,1.07
2021-04-01,1.12,Sugar (white),Angola,Lunda Norte,RETAIL,Kg,kg,1.12
2021-05-01,1.08,Sugar (white),Angola,Lunda Norte,RETAIL,Kg,kg,1.08
2021-06-01,1.11,Sugar (white),Angola,Lunda Norte,RETAIL,Kg,kg,1.11
2021-07-01,1.15,Sugar (white),Angola,Lunda Norte,RETAIL,Kg,kg,1.15
2021-08-01,1.18,Sugar (white),Angola,Lunda Norte,RETAIL,Kg,kg,1.18
2021-09-01,1.24,Sugar (white),Angola,Lunda Norte,RETAIL,Kg,kg,1.24
2021-10-01,1.35,Sugar (white),Angola,Lunda Norte,RETAIL,Kg,kg,1.35
2021-11-01,1.37,Sugar (white),Angola,Lunda Norte,RETAIL,Kg,kg,1.37
2021-12-01,1.57,Sugar (white),Angola,Lunda Norte,RETAIL,Kg,kg,1.57
2022-01-01,1.68,Sugar (white),Angola,Lunda Norte,RETAIL,Kg,kg,1.68
2022-02-01,1.79,Sugar (white),Angola,Lunda Norte,RETAIL,Kg,kg,1.79
2022-03-01,2.05,Sugar (white),Angola,Lunda Norte,RETAIL,Kg,kg,2.05
2022-04-01,2.33,Sugar (white),Angola,Lunda Norte,RETAIL,Kg,kg,2.33
2022-05-01,2.38,Sugar (white),Angola,Lunda Norte,RETAIL,Kg,kg,2.38
2022-06-01,2.31,Sugar (white),Angola,Lunda Norte,RETAIL,Kg,kg,2.31
2022-07-01,2.31,Sugar (white),Angola,Lunda Norte,RETAIL,Kg,kg,2.31
2022-08-01,2.3,Sugar (white),Angola,Lunda Norte,RETAIL,Kg,kg,2.3
2022-09-01,2.31,Sugar (white),Angola,Lunda Norte,RETAIL,Kg,kg,2.31
2022-10-01,2.23,Sugar (white),Angola,Lunda Norte,RETAIL,Kg,kg,2.23
2022-11-01,2.03,Sugar (white),Angola,Lunda Norte,RETAIL,Kg,kg,2.03
2022-12-01,1.99,Sugar (white),Angola,Lunda Norte,RETAIL,Kg,kg,1.99
2023-01-01,2.05,Sugar (white),Angola,Lunda Norte,RETAIL,Kg,kg,2.05
2023-02-01,2.05,Sugar (white),Angola,Lunda Norte,RETAIL,Kg,kg,2.05
2023-03-01,2.06,Sugar (white),Angola,Lunda Norte,RETAIL,Kg,kg,2.06
2023-04-01,2.05,Sugar (white),Angola,Lunda Norte,RETAIL,Kg,kg,2.05
2023-05-01,1.95,Sugar (white),Angola,Lunda Norte,RETAIL,Kg,kg,1.95
2023-06-01,1.46,Sugar (white),Angola,Lunda Norte,RETAIL,Kg,kg,1.46
2023-07-01,1.28,Sugar (white),Angola,Lunda Norte,RETAIL,Kg,kg,1.28
2023-08-01,1.3,Sugar (white),Angola,Lunda Norte,RETAIL,Kg,kg,1.3
2023-09-01,1.29,Sugar (white),Angola,Lunda Norte,RETAIL,Kg,kg,1.29
2023-10-01,1.37,Sugar (white),Angola,Lunda Norte,RETAIL,Kg,kg,1.37
2023-11-01,1.44,Sugar (white),Angola,Lunda Norte,RETAIL,Kg,kg,1.44
2023-12-01,1.56,Sugar (white),Angola,Lunda Norte,RETAIL,Kg,kg,1.56
2024-01-01,1.7,Sugar (white),Angola,Lunda Norte,RETAIL,Kg,kg,1.7
2024-02-01,1.82,Sugar (white),Angola,Lunda Norte,RETAIL,Kg,kg,1.82
2024-03-01,1.91,Sugar (white),Angola,Lunda Norte,RETAIL,Kg,kg,1.91
2024-04-01,1.98,Sugar (white),Angola,Lunda Norte,RETAIL,Kg,kg,1.98
2024-05-01,1.96,Sugar (white),Angola,Lunda Norte,RETAIL,Kg,kg,1.96
2024-06-01,1.93,Sugar (white),Angola,Lunda Norte,RETAIL,Kg,kg,1.93
2024-07-01,1.89,Sugar (white),Angola,Lunda Norte,RETAIL,Kg,kg,1.89
2024-08-01,1.87,Sugar (white),Angola,Lunda Norte,RETAIL,Kg,kg,1.87
2024-09-01,1.82,Sugar (white),Angola,Lunda Norte,RETAIL,Kg,kg,1.82
2024-10-01,1.9,Sugar (white),Angola,Lunda Norte,RETAIL,Kg,kg,1.9
2024-11-01,1.96,Sugar (white),Angola,Lunda Norte,RETAIL,Kg,kg,1.96
2024-12-01,2.02,Sugar (white),Angola,Lunda Norte,RETAIL,Kg,kg,2.02
2025-01-01,2.08,Sugar (white),Angola,Lunda Norte,RETAIL,Kg,kg,2.08
2025-02-01,2.13,Sugar (white),Angola,Lunda Norte,RETAIL,Kg,kg,2.13
2025-03-01,2.14,Sugar (white),Angola,Lunda Norte,RETAIL,Kg,kg,2.14
2025-04-01,2.14,Sugar (white),Angola,Lunda Norte,RETAIL,Kg,kg,2.14
2025-05-01,2.15,Sugar (white),Angola,Lunda Norte,RETAIL,Kg,kg,2.15
2025-06-01,2.15,Sugar (white),Angola,Lunda Norte,RETAIL,Kg,kg,2.15
2025-07-01,2.18,Sugar (white),Angola,Lunda Norte,RETAIL,Kg,kg,2.18
2025-08-01,2.17,Sugar (white),Angola,Lunda Norte,RETAIL,Kg,kg,2.17
2021-01-01,0.94,Sugar (white),Angola,Lunda Sul,RETAIL,Kg,kg,0.94
2021-02-01,1.0,Sugar (white),Angola,Lunda Sul,RETAIL,Kg,kg,1.0
2021-03-01,1.09,Sugar (white),Angola,Lunda Sul,RETAIL,Kg,kg,1.09
2021-04-01,1.08,Sugar (white),Angola,Lunda Sul,RETAIL,Kg,kg,1.08
2021-05-01,1.12,Sugar (white),Angola,Lunda Sul,RETAIL,Kg,kg,1.12
2021-06-01,1.16,Sugar (white),Angola,Lunda Sul,RETAIL,Kg,kg,1.16
2021-07-01,1.19,Sugar (white),Angola,Lunda Sul,RETAIL,Kg,kg,1.19
2021-08-01,1.24,Sugar (white),Angola,Lunda Sul,RETAIL,Kg,kg,1.24
2021-09-01,1.28,Sugar (white),Angola,Lunda Sul,RETAIL,Kg,kg,1.28
2021-10-01,1.42,Sugar (white),Angola,Lunda Sul,RETAIL,Kg,kg,1.42
2021-11-01,1.43,Sugar (white),Angola,Lunda Sul,RETAIL,Kg,kg,1.43
2021-12-01,1.54,Sugar (white),Angola,Lunda Sul,RETAIL,Kg,kg,1.54
2022-01-01,1.66,Sugar (white),Angola,Lunda Sul,RETAIL,Kg,kg,1.66
2022-02-01,1.73,Sugar (white),Angola,Lunda Sul,RETAIL,Kg,kg,1.73
2022-03-01,1.34,Sugar (white),Angola,Lunda Sul,RETAIL,Kg,kg,1.34
2022-04-01,2.15,Sugar (white),Angola,Lunda Sul,RETAIL,Kg,kg,2.15
2022-05-01,2.2,Sugar (white),Angola,Lunda Sul,RETAIL,Kg,kg,2.2
2022-06-01,2.1,Sugar (white),Angola,Lunda Sul,RETAIL,Kg,kg,2.1
2022-07-01,2.11,Sugar (white),Angola,Lunda Sul,RETAIL,Kg,kg,2.11
2022-08-01,2.13,Sugar (white),Angola,Lunda Sul,RETAIL,Kg,kg,2.13
2022-09-01,2.13,Sugar (white),Angola,Lunda Sul,RETAIL,Kg,kg,2.13
2022-10-01,2.03,Sugar (white),Angola,Lunda Sul,RETAIL,Kg,kg,2.03
2022-11-01,1.84,Sugar (white),Angola,Lunda Sul,RETAIL,Kg,kg,1.84
2022-12-01,1.86,Sugar (white),Angola,Lunda Sul,RETAIL,Kg,kg,1.86
2023-01-01,1.86,Sugar (white),Angola,Lunda Sul,RETAIL,Kg,kg,1.86
2023-02-01,1.86,Sugar (white),Angola,Lunda Sul,RETAIL,Kg,kg,1.86
2023-03-01,1.87,Sugar (white),Angola,Lunda Sul,RETAIL,Kg,kg,1.87
2023-04-01,1.86,Sugar (white),Angola,Lunda Sul,RETAIL,Kg,kg,1.86
2023-05-01,1.78,Sugar (white),Angola,Lunda Sul,RETAIL,Kg,kg,1.78
2023-06-01,1.33,Sugar (white),Angola,Lunda Sul,RETAIL,Kg,kg,1.33
2023-07-01,1.18,Sugar (white),Angola,Lunda Sul,RETAIL,Kg,kg,1.18
2023-08-01,1.2,Sugar (white),Angola,Lunda Sul,RETAIL,Kg,kg,1.2
2023-09-01,1.3,Sugar (white),Angola,Lunda Sul,RETAIL,Kg,kg,1.3
2023-10-01,1.32,Sugar (white),Angola,Lunda Sul,RETAIL,Kg,kg,1.32
2023-11-01,1.33,Sugar (white),Angola,Lunda Sul,RETAIL,Kg,kg,1.33
2023-12-01,1.34,Sugar (white),Angola,Lunda Sul,RETAIL,Kg,kg,1.34
2024-01-01,1.34,Sugar (white),Angola,Lunda Sul,RETAIL,Kg,kg,1.34
2024-02-01,1.47,Sugar (white),Angola,Lunda Sul,RETAIL,Kg,kg,1.47
2024-03-01,1.57,Sugar (white),Angola,Lunda Sul,RETAIL,Kg,kg,1.57
2024-04-01,1.72,Sugar (white),Angola,Lunda Sul,RETAIL,Kg,kg,1.72
2024-05-01,1.7,Sugar (white),Angola,Lunda Sul,RETAIL,Kg,kg,1.7
2024-06-01,1.72,Sugar (white),Angola,Lunda Sul,RETAIL,Kg,kg,1.72
2024-07-01,1.69,Sugar (white),Angola,Lunda Sul,RETAIL,Kg,kg,1.69
2024-08-01,1.66,Sugar (white),Angola,Lunda Sul,RETAIL,Kg,kg,1.66
2024-09-01,1.6,Sugar (white),Angola,Lunda Sul,RETAIL,Kg,kg,1.6
2024-10-01,1.62,Sugar (white),Angola,Lunda Sul,RETAIL,Kg,kg,1.62
2024-11-01,1.65,Sugar (white),Angola,Lunda Sul,RETAIL,Kg,kg,1.65
2024-12-01,1.68,Sugar (white),Angola,Lunda Sul,RETAIL,Kg,kg,1.68
2025-01-01,1.69,Sugar (white),Angola,Lunda Sul,RETAIL,Kg,kg,1.69
2025-02-01,1.69,Sugar (white),Angola,Lunda Sul,RETAIL,Kg,kg,1.69
2025-03-01,1.72,Sugar (white),Angola,Lunda Sul,RETAIL,Kg,kg,1.72
2025-04-01,1.71,Sugar (white),Angola,Lunda Sul,RETAIL,Kg,kg,1.71
2025-05-01,1.73,Sugar (white),Angola,Lunda Sul,RETAIL,Kg,kg,1.73
2025-06-01,1.75,Sugar (white),Angola,Lunda Sul,RETAIL,Kg,kg,1.75
2025-07-01,1.75,Sugar (white),Angola,Lunda Sul,RETAIL,Kg,kg,1.75
2025-08-01,1.75,Sugar (white),Angola,Lunda Sul,RETAIL,Kg,kg,1.75
2021-01-01,0.8,Sugar (white),Angola,Malanje,RETAIL,Kg,kg,0.8
2021-02-01,0.8,Sugar (white),Angola,Malanje,RETAIL,Kg,kg,0.8
2021-03-01,0.86,Sugar (white),Angola,Malanje,RETAIL,Kg,kg,0.86
2021-04-01,0.84,Sugar (white),Angola,Malanje,RETAIL,Kg,kg,0.84
2021-05-01,0.83,Sugar (white),Angola,Malanje,RETAIL,Kg,kg,0.83
2021-06-01,0.87,Sugar (white),Angola,Malanje,RETAIL,Kg,kg,0.87
2021-07-01,0.89,Sugar (white),Angola,Malanje,RETAIL,Kg,kg,0.89
2021-08-01,0.93,Sugar (white),Angola,Malanje,RETAIL,Kg,kg,0.93
2021-09-01,0.96,Sugar (white),Angola,Malanje,RETAIL,Kg,kg,0.96
2021-10-01,1.03,Sugar (white),Angola,Malanje,RETAIL,Kg,kg,1.03
2021-11-01,1.07,Sugar (white),Angola,Malanje,RETAIL,Kg,kg,1.07
2021-12-01,1.13,Sugar (white),Angola,Malanje,RETAIL,Kg,kg,1.13
2022-01-01,1.23,Sugar (white),Angola,Malanje,RETAIL,Kg,kg,1.23
2022-02-01,1.4,Sugar (white),Angola,Malanje,RETAIL,Kg,kg,1.4
2022-03-01,1.1,Sugar (white),Angola,Malanje,RETAIL,Kg,kg,1.1
2022-04-01,1.78,Sugar (white),Angola,Malanje,RETAIL,Kg,kg,1.78
2022-05-01,1.67,Sugar (white),Angola,Malanje,RETAIL,Kg,kg,1.67
2022-06-01,1.6,Sugar (white),Angola,Malanje,RETAIL,Kg,kg,1.6
2022-07-01,1.62,Sugar (white),Angola,Malanje,RETAIL,Kg,kg,1.62
2022-08-01,1.62,Sugar (white),Angola,Malanje,RETAIL,Kg,kg,1.62
2022-09-01,1.62,Sugar (white),Angola,Malanje,RETAIL,Kg,kg,1.62
2022-10-01,1.54,Sugar (white),Angola,Malanje,RETAIL,Kg,kg,1.54
2022-11-01,1.4,Sugar (white),Angola,Malanje,RETAIL,Kg,kg,1.4
2022-12-01,1.4,Sugar (white),Angola,Malanje,RETAIL,Kg,kg,1.4
2023-01-01,1.42,Sugar (white),Angola,Malanje,RETAIL,Kg,kg,1.42
2023-02-01,1.44,Sugar (white),Angola,Malanje,RETAIL,Kg,kg,1.44
2023-03-01,1.44,Sugar (white),Angola,Malanje,RETAIL,Kg,kg,1.44
2023-04-01,1.42,Sugar (white),Angola,Malanje,RETAIL,Kg,kg,1.42
2023-05-01,1.35,Sugar (white),Angola,Malanje,RETAIL,Kg,kg,1.35
2023-06-01,1.08,Sugar (white),Angola,Malanje,RETAIL,Kg,kg,1.08
2023-07-01,1.01,Sugar (white),Angola,Malanje,RETAIL,Kg,kg,1.01
2023-08-01,1.07,Sugar (white),Angola,Malanje,RETAIL,Kg,kg,1.07
2023-09-01,1.13,Sugar (white),Angola,Malanje,RETAIL,Kg,kg,1.13
2023-10-01,1.19,Sugar (white),Angola,Malanje,RETAIL,Kg,kg,1.19
2023-11-01,1.3,Sugar (white),Angola,Malanje,RETAIL,Kg,kg,1.3
2023-12-01,1.41,Sugar (white),Angola,Malanje,RETAIL,Kg,kg,1.41
2024-01-01,1.42,Sugar (white),Angola,Malanje,RETAIL,Kg,kg,1.42
2024-02-01,1.48,Sugar (white),Angola,Malanje,RETAIL,Kg,kg,1.48
2024-03-01,1.5,Sugar (white),Angola,Malanje,RETAIL,Kg,kg,1.5
2024-04-01,1.54,Sugar (white),Angola,Malanje,RETAIL,Kg,kg,1.54
2024-05-01,1.52,Sugar (white),Angola,Malanje,RETAIL,Kg,kg,1.52
2024-06-01,1.52,Sugar (white),Angola,Malanje,RETAIL,Kg,kg,1.52
2024-07-01,1.54,Sugar (white),Angola,Malanje,RETAIL,Kg,kg,1.54
2024-08-01,1.55,Sugar (white),Angola,Malanje,RETAIL,Kg,kg,1.55
2024-09-01,1.52,Sugar (white),Angola,Malanje,RETAIL,Kg,kg,1.52
2024-10-01,1.54,Sugar (white),Angola,Malanje,RETAIL,Kg,kg,1.54
2024-11-01,1.56,Sugar (white),Angola,Malanje,RETAIL,Kg,kg,1.56
2024-12-01,1.56,Sugar (white),Angola,Malanje,RETAIL,Kg,kg,1.56
2025-01-01,1.58,Sugar (white),Angola,Malanje,RETAIL,Kg,kg,1.58
2025-02-01,1.7,Sugar (white),Angola,Malanje,RETAIL,Kg,kg,1.7
2025-03-01,1.72,Sugar (white),Angola,Malanje,RETAIL,Kg,kg,1.72
2025-04-01,1.66,Sugar (white),Angola,Malanje,RETAIL,Kg,kg,1.66
2025-05-01,1.66,Sugar (white),Angola,Malanje,RETAIL,Kg,kg,1.66
2025-06-01,1.66,Sugar (white),Angola,Malanje,RETAIL,Kg,kg,1.66
2025-07-01,1.68,Sugar (white),Angola,Malanje,RETAIL,Kg,kg,1.68
2025-08-01,1.7,Sugar (white),Angola,Malanje,RETAIL,Kg,kg,1.7
2021-01-01,0.76,Sugar (white),Angola,Moxico,RETAIL,Kg,kg,0.76
2021-02-01,0.77,Sugar (white),Angola,Moxico,RETAIL,Kg,kg,0.77
2021-03-01,0.84,Sugar (white),Angola,Moxico,RETAIL,Kg,kg,0.84
2021-04-01,0.86,Sugar (white),Angola,Moxico,RETAIL,Kg,kg,0.86
2021-05-01,0.88,Sugar (white),Angola,Moxico,RETAIL,Kg,kg,0.88
2021-06-01,0.95,Sugar (white),Angola,Moxico,RETAIL,Kg,kg,0.95
2021-07-01,1.02,Sugar (white),Angola,Moxico,RETAIL,Kg,kg,1.02
2021-08-01,1.04,Sugar (white),Angola,Moxico,RETAIL,Kg,kg,1.04
2021-09-01,1.12,Sugar (white),Angola,Moxico,RETAIL,Kg,kg,1.12
2021-10-01,1.17,Sugar (white),Angola,Moxico,RETAIL,Kg,kg,1.17
2021-11-01,1.19,Sugar (white),Angola,Moxico,RETAIL,Kg,kg,1.19
2021-12-01,1.27,Sugar (white),Angola,Moxico,RETAIL,Kg,kg,1.27
2022-01-01,1.38,Sugar (white),Angola,Moxico,RETAIL,Kg,kg,1.38
2022-02-01,1.43,Sugar (white),Angola,Moxico,RETAIL,Kg,kg,1.43
2022-03-01,1.06,Sugar (white),Angola,Moxico,RETAIL,Kg,kg,1.06
2022-04-01,1.76,Sugar (white),Angola,Moxico,RETAIL,Kg,kg,1.76
2022-05-01,1.81,Sugar (white),Angola,Moxico,RETAIL,Kg,kg,1.81
2022-06-01,1.73,Sugar (white),Angola,Moxico,RETAIL,Kg,kg,1.73
2022-07-01,1.74,Sugar (white),Angola,Moxico,RETAIL,Kg,kg,1.74
2022-08-01,1.74,Sugar (white),Angola,Moxico,RETAIL,Kg,kg,1.74
2022-09-01,1.74,Sugar (white),Angola,Moxico,RETAIL,Kg,kg,1.74
2022-10-01,1.66,Sugar (white),Angola,Moxico,RETAIL,Kg,kg,1.66
2022-11-01,1.5,Sugar (white),Angola,Moxico,RETAIL,Kg,kg,1.5
2022-12-01,1.49,Sugar (white),Angola,Moxico,RETAIL,Kg,kg,1.49
2023-01-01,1.49,Sugar (white),Angola,Moxico,RETAIL,Kg,kg,1.49
2023-02-01,1.49,Sugar (white),Angola,Moxico,RETAIL,Kg,kg,1.49
2023-03-01,1.49,Sugar (white),Angola,Moxico,RETAIL,Kg,kg,1.49
2023-04-01,1.48,Sugar (white),Angola,Moxico,RETAIL,Kg,kg,1.48
2023-05-01,1.42,Sugar (white),Angola,Moxico,RETAIL,Kg,kg,1.42
2023-06-01,1.09,Sugar (white),Angola,Moxico,RETAIL,Kg,kg,1.09
2023-07-01,0.99,Sugar (white),Angola,Moxico,RETAIL,Kg,kg,0.99
2023-08-01,0.98,Sugar (white),Angola,Moxico,RETAIL,Kg,kg,0.98
2023-09-01,1.07,Sugar (white),Angola,Moxico,RETAIL,Kg,kg,1.07
2023-10-01,1.13,Sugar (white),Angola,Moxico,RETAIL,Kg,kg,1.13
2023-11-01,1.21,Sugar (white),Angola,Moxico,RETAIL,Kg,kg,1.21
2023-12-01,1.21,Sugar (white),Angola,Moxico,RETAIL,Kg,kg,1.21
2024-01-01,1.32,Sugar (white),Angola,Moxico,RETAIL,Kg,kg,1.32
2024-02-01,1.38,Sugar (white),Angola,Moxico,RETAIL,Kg,kg,1.38
2024-03-01,1.45,Sugar (white),Angola,Moxico,RETAIL,Kg,kg,1.45
2024-04-01,1.55,Sugar (white),Angola,Moxico,RETAIL,Kg,kg,1.55
2024-05-01,1.53,Sugar (white),Angola,Moxico,RETAIL,Kg,kg,1.53
2024-06-01,1.56,Sugar (white),Angola,Moxico,RETAIL,Kg,kg,1.56
2024-07-01,1.55,Sugar (white),Angola,Moxico,RETAIL,Kg,kg,1.55
2024-08-01,1.56,Sugar (white),Angola,Moxico,RETAIL,Kg,kg,1.56
2024-09-01,1.49,Sugar (white),Angola,Moxico,RETAIL,Kg,kg,1.49
2024-10-01,1.58,Sugar (white),Angola,Moxico,RETAIL,Kg,kg,1.58
2024-11-01,1.63,Sugar (white),Angola,Moxico,RETAIL,Kg,kg,1.63
2024-12-01,1.65,Sugar (white),Angola,Moxico,RETAIL,Kg,kg,1.65
2025-01-01,1.67,Sugar (white),Angola,Moxico,RETAIL,Kg,kg,1.67
2025-02-01,1.7,Sugar (white),Angola,Moxico,RETAIL,Kg,kg,1.7
2025-03-01,1.7,Sugar (white),Angola,Moxico,RETAIL,Kg,kg,1.7
2025-04-01,1.67,Sugar (white),Angola,Moxico,RETAIL,Kg,kg,1.67
2025-05-01,1.68,Sugar (white),Angola,Moxico,RETAIL,Kg,kg,1.68
2025-06-01,1.65,Sugar (white),Angola,Moxico,RETAIL,Kg,kg,1.65
2025-07-01,1.65,Sugar (white),Angola,Moxico,RETAIL,Kg,kg,1.65
2025-08-01,1.65,Sugar (white),Angola,Moxico,RETAIL,Kg,kg,1.65
2021-01-01,0.54,Sugar (white),Angola,Namibe,RETAIL,Kg,kg,0.54
2021-02-01,0.55,Sugar (white),Angola,Namibe,RETAIL,Kg,kg,0.55
2021-03-01,0.58,Sugar (white),Angola,Namibe,RETAIL,Kg,kg,0.58
2021-04-01,0.58,Sugar (white),Angola,Namibe,RETAIL,Kg,kg,0.58
2021-05-01,0.6,Sugar (white),Angola,Namibe,RETAIL,Kg,kg,0.6
2021-06-01,0.6,Sugar (white),Angola,Namibe,RETAIL,Kg,kg,0.6
2021-07-01,0.63,Sugar (white),Angola,Namibe,RETAIL,Kg,kg,0.63
2021-08-01,0.67,Sugar (white),Angola,Namibe,RETAIL,Kg,kg,0.67
2021-09-01,0.71,Sugar (white),Angola,Namibe,RETAIL,Kg,kg,0.71
2021-10-01,0.78,Sugar (white),Angola,Namibe,RETAIL,Kg,kg,0.78
2021-11-01,0.82,Sugar (white),Angola,Namibe,RETAIL,Kg,kg,0.82
2021-12-01,0.9,Sugar (white),Angola,Namibe,RETAIL,Kg,kg,0.9
2022-01-01,1.0,Sugar (white),Angola,Namibe,RETAIL,Kg,kg,1.0
2022-02-01,1.06,Sugar (white),Angola,Namibe,RETAIL,Kg,kg,1.06
2022-03-01,1.2,Sugar (white),Angola,Namibe,RETAIL,Kg,kg,1.2
2022-04-01,1.33,Sugar (white),Angola,Namibe,RETAIL,Kg,kg,1.33
2022-05-01,1.36,Sugar (white),Angola,Namibe,RETAIL,Kg,kg,1.36
2022-06-01,1.3,Sugar (white),Angola,Namibe,RETAIL,Kg,kg,1.3
2022-07-01,1.33,Sugar (white),Angola,Namibe,RETAIL,Kg,kg,1.33
2022-08-01,1.38,Sugar (white),Angola,Namibe,RETAIL,Kg,kg,1.38
2022-09-01,1.38,Sugar (white),Angola,Namibe,RETAIL,Kg,kg,1.38
2022-10-01,1.35,Sugar (white),Angola,Namibe,RETAIL,Kg,kg,1.35
2022-11-01,1.21,Sugar (white),Angola,Namibe,RETAIL,Kg,kg,1.21
2022-12-01,1.21,Sugar (white),Angola,Namibe,RETAIL,Kg,kg,1.21
2023-01-01,1.23,Sugar (white),Angola,Namibe,RETAIL,Kg,kg,1.23
2023-02-01,1.26,Sugar (white),Angola,Namibe,RETAIL,Kg,kg,1.26
2023-03-01,1.27,Sugar (white),Angola,Namibe,RETAIL,Kg,kg,1.27
2023-04-01,1.26,Sugar (white),Angola,Namibe,RETAIL,Kg,kg,1.26
2023-05-01,1.2,Sugar (white),Angola,Namibe,RETAIL,Kg,kg,1.2
2023-06-01,0.9,Sugar (white),Angola,Namibe,RETAIL,Kg,kg,0.9
2023-07-01,0.83,Sugar (white),Angola,Namibe,RETAIL,Kg,kg,0.83
2023-08-01,0.88,Sugar (white),Angola,Namibe,RETAIL,Kg,kg,0.88
2023-09-01,0.96,Sugar (white),Angola,Namibe,RETAIL,Kg,kg,0.96
2023-10-01,1.05,Sugar (white),Angola,Namibe,RETAIL,Kg,kg,1.05
2023-11-01,1.12,Sugar (white),Angola,Namibe,RETAIL,Kg,kg,1.12
2023-12-01,1.23,Sugar (white),Angola,Namibe,RETAIL,Kg,kg,1.23
2024-01-01,1.23,Sugar (white),Angola,Namibe,RETAIL,Kg,kg,1.23
2024-02-01,1.23,Sugar (white),Angola,Namibe,RETAIL,Kg,kg,1.23
2024-03-01,1.29,Sugar (white),Angola,Namibe,RETAIL,Kg,kg,1.29
2024-04-01,1.31,Sugar (white),Angola,Namibe,RETAIL,Kg,kg,1.31
2024-05-01,1.29,Sugar (white),Angola,Namibe,RETAIL,Kg,kg,1.29
2024-06-01,1.34,Sugar (white),Angola,Namibe,RETAIL,Kg,kg,1.34
2024-07-01,1.41,Sugar (white),Angola,Namibe,RETAIL,Kg,kg,1.41
2024-08-01,1.42,Sugar (white),Angola,Namibe,RETAIL,Kg,kg,1.42
2024-09-01,1.37,Sugar (white),Angola,Namibe,RETAIL,Kg,kg,1.37
2024-10-01,1.44,Sugar (white),Angola,Namibe,RETAIL,Kg,kg,1.44
2024-11-01,1.47,Sugar (white),Angola,Namibe,RETAIL,Kg,kg,1.47
2024-12-01,1.49,Sugar (white),Angola,Namibe,RETAIL,Kg,kg,1.49
2025-01-01,1.55,Sugar (white),Angola,Namibe,RETAIL,Kg,kg,1.55
2025-02-01,1.57,Sugar (white),Angola,Namibe,RETAIL,Kg,kg,1.57
2025-03-01,1.58,Sugar (white),Angola,Namibe,RETAIL,Kg,kg,1.58
2025-04-01,1.56,Sugar (white),Angola,Namibe,RETAIL,Kg,kg,1.56
2025-05-01,1.5,Sugar (white),Angola,Namibe,RETAIL,Kg,kg,1.5
2025-06-01,1.58,Sugar (white),Angola,Namibe,RETAIL,Kg,kg,1.58
2025-07-01,1.58,Sugar (white),Angola,Namibe,RETAIL,Kg,kg,1.58
2025-08-01,1.58,Sugar (white),Angola,Namibe,RETAIL,Kg,kg,1.58
2021-01-01,0.81,Sugar (white),Angola,Uíge,RETAIL,Kg,kg,0.81
2021-02-01,0.81,Sugar (white),Angola,Uíge,RETAIL,Kg,kg,0.81
2021-03-01,0.85,Sugar (white),Angola,Uíge,RETAIL,Kg,kg,0.85
2021-04-01,0.85,Sugar (white),Angola,Uíge,RETAIL,Kg,kg,0.85
2021-05-01,0.85,Sugar (white),Angola,Uíge,RETAIL,Kg,kg,0.85
2021-06-01,0.9,Sugar (white),Angola,Uíge,RETAIL,Kg,kg,0.9
2021-07-01,0.95,Sugar (white),Angola,Uíge,RETAIL,Kg,kg,0.95
2021-08-01,0.99,Sugar (white),Angola,Uíge,RETAIL,Kg,kg,0.99
2021-09-01,1.03,Sugar (white),Angola,Uíge,RETAIL,Kg,kg,1.03
2021-10-01,1.08,Sugar (white),Angola,Uíge,RETAIL,Kg,kg,1.08
2021-11-01,1.09,Sugar (white),Angola,Uíge,RETAIL,Kg,kg,1.09
2021-12-01,1.23,Sugar (white),Angola,Uíge,RETAIL,Kg,kg,1.23
2022-01-01,1.34,Sugar (white),Angola,Uíge,RETAIL,Kg,kg,1.34
2022-02-01,1.39,Sugar (white),Angola,Uíge,RETAIL,Kg,kg,1.39
2022-03-01,1.15,Sugar (white),Angola,Uíge,RETAIL,Kg,kg,1.15
2022-04-01,1.71,Sugar (white),Angola,Uíge,RETAIL,Kg,kg,1.71
2022-05-01,1.75,Sugar (white),Angola,Uíge,RETAIL,Kg,kg,1.75
2022-06-01,1.67,Sugar (white),Angola,Uíge,RETAIL,Kg,kg,1.67
2022-07-01,1.67,Sugar (white),Angola,Uíge,RETAIL,Kg,kg,1.67
2022-08-01,1.68,Sugar (white),Angola,Uíge,RETAIL,Kg,kg,1.68
2022-09-01,1.67,Sugar (white),Angola,Uíge,RETAIL,Kg,kg,1.67
2022-10-01,1.6,Sugar (white),Angola,Uíge,RETAIL,Kg,kg,1.6
2022-11-01,1.44,Sugar (white),Angola,Uíge,RETAIL,Kg,kg,1.44
2022-12-01,1.44,Sugar (white),Angola,Uíge,RETAIL,Kg,kg,1.44
2023-01-01,1.47,Sugar (white),Angola,Uíge,RETAIL,Kg,kg,1.47
2023-02-01,1.47,Sugar (white),Angola,Uíge,RETAIL,Kg,kg,1.47
2023-03-01,1.47,Sugar (white),Angola,Uíge,RETAIL,Kg,kg,1.47
2023-04-01,1.46,Sugar (white),Angola,Uíge,RETAIL,Kg,kg,1.46
2023-05-01,1.41,Sugar (white),Angola,Uíge,RETAIL,Kg,kg,1.41
2023-06-01,1.06,Sugar (white),Angola,Uíge,RETAIL,Kg,kg,1.06
2023-07-01,0.95,Sugar (white),Angola,Uíge,RETAIL,Kg,kg,0.95
2023-08-01,0.96,Sugar (white),Angola,Uíge,RETAIL,Kg,kg,0.96
2023-09-01,1.02,Sugar (white),Angola,Uíge,RETAIL,Kg,kg,1.02
2023-10-01,1.03,Sugar (white),Angola,Uíge,RETAIL,Kg,kg,1.03
2023-11-01,1.07,Sugar (white),Angola,Uíge,RETAIL,Kg,kg,1.07
2023-12-01,1.15,Sugar (white),Angola,Uíge,RETAIL,Kg,kg,1.15
2024-01-01,1.15,Sugar (white),Angola,Uíge,RETAIL,Kg,kg,1.15
2024-02-01,1.16,Sugar (white),Angola,Uíge,RETAIL,Kg,kg,1.16
2024-03-01,1.17,Sugar (white),Angola,Uíge,RETAIL,Kg,kg,1.17
2024-04-01,1.19,Sugar (white),Angola,Uíge,RETAIL,Kg,kg,1.19
2024-05-01,1.18,Sugar (white),Angola,Uíge,RETAIL,Kg,kg,1.18
2024-06-01,1.16,Sugar (white),Angola,Uíge,RETAIL,Kg,kg,1.16
2024-07-01,1.14,Sugar (white),Angola,Uíge,RETAIL,Kg,kg,1.14
2024-08-01,1.16,Sugar (white),Angola,Uíge,RETAIL,Kg,kg,1.16
2024-09-01,1.12,Sugar (white),Angola,Uíge,RETAIL,Kg,kg,1.12
2024-10-01,1.14,Sugar (white),Angola,Uíge,RETAIL,Kg,kg,1.14
2024-11-01,1.14,Sugar (white),Angola,Uíge,RETAIL,Kg,kg,1.14
2024-12-01,1.2,Sugar (white),Angola,Uíge,RETAIL,Kg,kg,1.2
2025-01-01,1.31,Sugar (white),Angola,Uíge,RETAIL,Kg,kg,1.31
2025-02-01,1.34,Sugar (white),Angola,Uíge,RETAIL,Kg,kg,1.34
2025-03-01,1.35,Sugar (white),Angola,Uíge,RETAIL,Kg,kg,1.35
2025-04-01,1.39,Sugar (white),Angola,Uíge,RETAIL,Kg,kg,1.39
2025-05-01,1.41,Sugar (white),Angola,Uíge,RETAIL,Kg,kg,1.41
2025-06-01,1.39,Sugar (white),Angola,Uíge,RETAIL,Kg,kg,1.39
2025-07-01,1.4,Sugar (white),Angola,Uíge,RETAIL,Kg,kg,1.4
2025-08-01,1.53,Sugar (white),Angola,Uíge,RETAIL,Kg,kg,1.53
2021-01-01,0.82,Sugar (white),Angola,Zaire,RETAIL,Kg,kg,0.82
2021-02-01,0.85,Sugar (white),Angola,Zaire,RETAIL,Kg,kg,0.85
2021-03-01,0.88,Sugar (white),Angola,Zaire,RETAIL,Kg,kg,0.88
2021-04-01,0.89,Sugar (white),Angola,Zaire,RETAIL,Kg,kg,0.89
2021-05-01,0.88,Sugar (white),Angola,Zaire,RETAIL,Kg,kg,0.88
2021-06-01,0.94,Sugar (white),Angola,Zaire,RETAIL,Kg,kg,0.94
2021-07-01,0.97,Sugar (white),Angola,Zaire,RETAIL,Kg,kg,0.97
2021-08-01,0.98,Sugar (white),Angola,Zaire,RETAIL,Kg,kg,0.98
2021-09-01,1.02,Sugar (white),Angola,Zaire,RETAIL,Kg,kg,1.02
2021-10-01,1.08,Sugar (white),Angola,Zaire,RETAIL,Kg,kg,1.08
2021-11-01,1.14,Sugar (white),Angola,Zaire,RETAIL,Kg,kg,1.14
2021-12-01,1.2,Sugar (white),Angola,Zaire,RETAIL,Kg,kg,1.2
2022-01-01,1.27,Sugar (white),Angola,Zaire,RETAIL,Kg,kg,1.27
2022-02-01,1.34,Sugar (white),Angola,Zaire,RETAIL,Kg,kg,1.34
2022-03-01,1.17,Sugar (white),Angola,Zaire,RETAIL,Kg,kg,1.17
2022-04-01,1.66,Sugar (white),Angola,Zaire,RETAIL,Kg,kg,1.66
2022-05-01,1.7,Sugar (white),Angola,Zaire,RETAIL,Kg,kg,1.7
2022-06-01,1.63,Sugar (white),Angola,Zaire,RETAIL,Kg,kg,1.63
2022-07-01,1.63,Sugar (white),Angola,Zaire,RETAIL,Kg,kg,1.63
2022-08-01,1.63,Sugar (white),Angola,Zaire,RETAIL,Kg,kg,1.63
2022-09-01,1.71,Sugar (white),Angola,Zaire,RETAIL,Kg,kg,1.71
2022-10-01,1.63,Sugar (white),Angola,Zaire,RETAIL,Kg,kg,1.63
2022-11-01,1.49,Sugar (white),Angola,Zaire,RETAIL,Kg,kg,1.49
2022-12-01,1.48,Sugar (white),Angola,Zaire,RETAIL,Kg,kg,1.48
2023-01-01,1.48,Sugar (white),Angola,Zaire,RETAIL,Kg,kg,1.48
2023-02-01,1.5,Sugar (white),Angola,Zaire,RETAIL,Kg,kg,1.5
2023-03-01,1.53,Sugar (white),Angola,Zaire,RETAIL,Kg,kg,1.53
2023-04-01,1.54,Sugar (white),Angola,Zaire,RETAIL,Kg,kg,1.54
2023-05-01,1.47,Sugar (white),Angola,Zaire,RETAIL,Kg,kg,1.47
2023-06-01,1.12,Sugar (white),Angola,Zaire,RETAIL,Kg,kg,1.12
2023-07-01,0.98,Sugar (white),Angola,Zaire,RETAIL,Kg,kg,0.98
2023-08-01,1.05,Sugar (white),Angola,Zaire,RETAIL,Kg,kg,1.05
2023-09-01,1.14,Sugar (white),Angola,Zaire,RETAIL,Kg,kg,1.14
2023-10-01,1.16,Sugar (white),Angola,Zaire,RETAIL,Kg,kg,1.16
2023-11-01,1.2,Sugar (white),Angola,Zaire,RETAIL,Kg,kg,1.2
2023-12-01,1.32,Sugar (white),Angola,Zaire,RETAIL,Kg,kg,1.32
2024-01-01,1.32,Sugar (white),Angola,Zaire,RETAIL,Kg,kg,1.32
2024-02-01,1.39,Sugar (white),Angola,Zaire,RETAIL,Kg,kg,1.39
2024-03-01,1.46,Sugar (white),Angola,Zaire,RETAIL,Kg,kg,1.46
2024-04-01,1.53,Sugar (white),Angola,Zaire,RETAIL,Kg,kg,1.53
2024-05-01,1.52,Sugar (white),Angola,Zaire,RETAIL,Kg,kg,1.52
2024-06-01,1.69,Sugar (white),Angola,Zaire,RETAIL,Kg,kg,1.69
2024-07-01,1.72,Sugar (white),Angola,Zaire,RETAIL,Kg,kg,1.72
2024-08-01,1.64,Sugar (white),Angola,Zaire,RETAIL,Kg,kg,1.64
2024-09-01,1.59,Sugar (white),Angola,Zaire,RETAIL,Kg,kg,1.59
2024-10-01,1.69,Sugar (white),Angola,Zaire,RETAIL,Kg,kg,1.69
2024-11-01,1.7,Sugar (white),Angola,Zaire,RETAIL,Kg,kg,1.7
2024-12-01,1.69,Sugar (white),Angola,Zaire,RETAIL,Kg,kg,1.69
2025-01-01,1.72,Sugar (white),Angola,Zaire,RETAIL,Kg,kg,1.72
2025-02-01,1.76,Sugar (white),Angola,Zaire,RETAIL,Kg,kg,1.76
2025-03-01,1.75,Sugar (white),Angola,Zaire,RETAIL,Kg,kg,1.75
2025-04-01,1.74,Sugar (white),Angola,Zaire,RETAIL,Kg,kg,1.74
2025-05-01,1.75,Sugar (white),Angola,Zaire,RETAIL,Kg,kg,1.75
2025-06-01,1.73,Sugar (white),Angola,Zaire,RETAIL,Kg,kg,1.73
2025-07-01,1.73,Sugar (white),Angola,Zaire,RETAIL,Kg,kg,1.73
2025-08-01,1.78,Sugar (white),Angola,Zaire,RETAIL,Kg,kg,1.78
2007-01-01,2.14,Sugar (white),Botswana,National Average,RETAIL,2.5 kg,kg,0.8560000000000001
2007-02-01,2.18,Sugar (white),Botswana,National Average,RETAIL,2.5 kg,kg,0.8720000000000001
2007-03-01,2.15,Sugar (white),Botswana,National Average,RETAIL,2.5 kg,kg,0.86
2007-04-01,2.21,Sugar (white),Botswana,National Average,RETAIL,2.5 kg,kg,0.884
2007-05-01,2.22,Sugar (white),Botswana,National Average,RETAIL,2.5 kg,kg,0.8880000000000001
2007-06-01,2.19,Sugar (white),Botswana,National Average,RETAIL,2.5 kg,kg,0.876
2007-07-01,2.23,Sugar (white),Botswana,National Average,RETAIL,2.5 kg,kg,0.892
2007-08-01,2.19,Sugar (white),Botswana,National Average,RETAIL,2.5 kg,kg,0.876
2007-09-01,2.27,Sugar (white),Botswana,National Average,RETAIL,2.5 kg,kg,0.908
2007-10-01,2.37,Sugar (white),Botswana,National Average,RETAIL,2.5 kg,kg,0.9480000000000001
2007-11-01,2.41,Sugar (white),Botswana,National Average,RETAIL,2.5 kg,kg,0.9640000000000001
2007-12-01,2.4,Sugar (white),Botswana,National Average,RETAIL,2.5 kg,kg,0.96
2008-01-01,2.38,Sugar (white),Botswana,National Average,RETAIL,2.5 kg,kg,0.952
2008-02-01,2.27,Sugar (white),Botswana,National Average,RETAIL,2.5 kg,kg,0.908
2008-03-01,2.24,Sugar (white),Botswana,National Average,RETAIL,2.5 kg,kg,0.8960000000000001
2008-04-01,2.28,Sugar (white),Botswana,National Average,RETAIL,2.5 kg,kg,0.9119999999999999
2008-05-01,2.31,Sugar (white),Botswana,National Average,RETAIL,2.5 kg,kg,0.924
2008-06-01,2.27,Sugar (white),Botswana,National Average,RETAIL,2.5 kg,kg,0.908
2008-07-01,2.38,Sugar (white),Botswana,National Average,RETAIL,2.5 kg,kg,0.952
2008-08-01,2.38,Sugar (white),Botswana,National Average,RETAIL,2.5 kg,kg,0.952
2008-09-01,2.32,Sugar (white),Botswana,National Average,RETAIL,2.5 kg,kg,0.9279999999999999
2008-10-01,2.05,Sugar (white),Botswana,National Average,RETAIL,2.5 kg,kg,0.82
2008-11-01,1.99,Sugar (white),Botswana,National Average,RETAIL,2.5 kg,kg,0.796
2008-12-01,2.02,Sugar (white),Botswana,National Average,RETAIL,2.5 kg,kg,0.808
2009-01-01,2.03,Sugar (white),Botswana,National Average,RETAIL,2.5 kg,kg,0.8119999999999999
2009-02-01,2.02,Sugar (white),Botswana,National Average,RETAIL,2.5 kg,kg,0.808
2009-03-01,2.04,Sugar (white),Botswana,National Average,RETAIL,2.5 kg,kg,0.8160000000000001
2009-04-01,2.18,Sugar (white),Botswana,National Average,RETAIL,2.5 kg,kg,0.8720000000000001
2009-05-01,2.31,Sugar (white),Botswana,National Average,RETAIL,2.5 kg,kg,0.924
2009-06-01,2.4,Sugar (white),Botswana,National Average,RETAIL,2.5 kg,kg,0.96
2009-07-01,2.47,Sugar (white),Botswana,National Average,RETAIL,2.5 kg,kg,0.9880000000000001
2009-08-01,2.48,Sugar (white),Botswana,National Average,RETAIL,2.5 kg,kg,0.992
2009-09-01,2.59,Sugar (white),Botswana,National Average,RETAIL,2.5 kg,kg,1.036
2009-10-01,2.6,Sugar (white),Botswana,National Average,RETAIL,2.5 kg,kg,1.04
2009-11-01,2.6,Sugar (white),Botswana,National Average,RETAIL,2.5 kg,kg,1.04
2009-12-01,2.59,Sugar (white),Botswana,National Average,RETAIL,2.5 kg,kg,1.036
2010-01-01,2.58,Sugar (white),Botswana,National Average,RETAIL,2.5 kg,kg,1.032
2010-02-01,2.5,Sugar (white),Botswana,National Average,RETAIL,2.5 kg,kg,1.0
2010-03-01,2.54,Sugar (white),Botswana,National Average,RETAIL,2.5 kg,kg,1.016
2010-04-01,2.68,Sugar (white),Botswana,National Average,RETAIL,2.5 kg,kg,1.072
2010-05-01,2.68,Sugar (white),Botswana,National Average,RETAIL,2.5 kg,kg,1.072
2010-06-01,2.69,Sugar (white),Botswana,National Average,RETAIL,2.5 kg,kg,1.076
2010-07-01,2.75,Sugar (white),Botswana,National Average,RETAIL,2.5 kg,kg,1.1
2010-08-01,2.82,Sugar (white),Botswana,National Average,RETAIL,2.5 kg,kg,1.128
2010-09-01,2.9,Sugar (white),Botswana,National Average,RETAIL,2.5 kg,kg,1.16
2010-10-01,3.01,Sugar (white),Botswana,National Average,RETAIL,2.5 kg,kg,1.204
2010-11-01,2.98,Sugar (white),Botswana,National Average,RETAIL,2.5 kg,kg,1.192
2010-12-01,3.0,Sugar (white),Botswana,National Average,RETAIL,2.5 kg,kg,1.2
2011-01-01,2.99,Sugar (white),Botswana,National Average,RETAIL,2.5 kg,kg,1.1960000000000002
2011-02-01,2.97,Sugar (white),Botswana,National Average,RETAIL,2.5 kg,kg,1.1880000000000002
2011-03-01,3.18,Sugar (white),Botswana,National Average,RETAIL,2.5 kg,kg,1.272
2011-04-01,3.37,Sugar (white),Botswana,National Average,RETAIL,2.5 kg,kg,1.348
2011-05-01,3.38,Sugar (white),Botswana,National Average,RETAIL,2.5 kg,kg,1.3519999999999999
2011-06-01,3.45,Sugar (white),Botswana,National Average,RETAIL,2.5 kg,kg,1.3800000000000001
2011-07-01,3.45,Sugar (white),Botswana,National Average,RETAIL,2.5 kg,kg,1.3800000000000001
2011-08-01,3.41,Sugar (white),Botswana,National Average,RETAIL,2.5 kg,kg,1.364
2011-09-01,3.31,Sugar (white),Botswana,National Average,RETAIL,2.5 kg,kg,1.324
2011-10-01,3.23,Sugar (white),Botswana,National Average,RETAIL,2.5 kg,kg,1.292
2011-11-01,3.19,Sugar (white),Botswana,National Average,RETAIL,2.5 kg,kg,1.276
2011-12-01,3.18,Sugar (white),Botswana,National Average,RETAIL,2.5 kg,kg,1.272
2012-01-01,3.21,Sugar (white),Botswana,National Average,RETAIL,2.5 kg,kg,1.284
2012-02-01,3.31,Sugar (white),Botswana,National Average,RETAIL,2.5 kg,kg,1.324
2012-03-01,3.33,Sugar (white),Botswana,National Average,RETAIL,2.5 kg,kg,1.332
2012-04-01,3.33,Sugar (white),Botswana,National Average,RETAIL,2.5 kg,kg,1.332
2012-05-01,3.27,Sugar (white),Botswana,National Average,RETAIL,2.5 kg,kg,1.308
2012-06-01,3.22,Sugar (white),Botswana,National Average,RETAIL,2.5 kg,kg,1.288
2012-07-01,3.26,Sugar (white),Botswana,National Average,RETAIL,2.5 kg,kg,1.3039999999999998
2012-08-01,3.26,Sugar (white),Botswana,National Average,RETAIL,2.5 kg,kg,1.3039999999999998
2012-09-01,3.29,Sugar (white),Botswana,National Average,RETAIL,2.5 kg,kg,1.316
2012-10-01,3.21,Sugar (white),Botswana,National Average,RETAIL,2.5 kg,kg,1.284
2012-11-01,3.2,Sugar (white),Botswana,National Average,RETAIL,2.5 kg,kg,1.28
2012-12-01,3.27,Sugar (white),Botswana,National Average,RETAIL,2.5 kg,kg,1.308
2013-01-01,3.24,Sugar (white),Botswana,National Average,RETAIL,2.5 kg,kg,1.296
2013-02-01,3.23,Sugar (white),Botswana,National Average,RETAIL,2.5 kg,kg,1.292
2013-03-01,3.2,Sugar (white),Botswana,National Average,RETAIL,2.5 kg,kg,1.28
2013-04-01,3.22,Sugar (white),Botswana,National Average,RETAIL,2.5 kg,kg,1.288
2013-05-01,3.18,Sugar (white),Botswana,National Average,RETAIL,2.5 kg,kg,1.272
2013-06-01,3.07,Sugar (white),Botswana,National Average,RETAIL,2.5 kg,kg,1.228
2013-07-01,3.09,Sugar (white),Botswana,National Average,RETAIL,2.5 kg,kg,1.236
2013-08-01,3.11,Sugar (white),Botswana,National Average,RETAIL,2.5 kg,kg,1.244
2013-09-01,3.14,Sugar (white),Botswana,National Average,RETAIL,2.5 kg,kg,1.256
2013-10-01,3.17,Sugar (white),Botswana,National Average,RETAIL,2.5 kg,kg,1.268
2013-11-01,3.12,Sugar (white),Botswana,National Average,RETAIL,2.5 kg,kg,1.248
2013-12-01,3.09,Sugar (white),Botswana,National Average,RETAIL,2.5 kg,kg,1.236
2014-01-01,3.01,Sugar (white),Botswana,National Average,RETAIL,2.5 kg,kg,1.204
2014-02-01,3.0,Sugar (white),Botswana,National Average,RETAIL,2.5 kg,kg,1.2
2014-03-01,3.04,Sugar (white),Botswana,National Average,RETAIL,2.5 kg,kg,1.216
2014-04-01,3.08,Sugar (white),Botswana,National Average,RETAIL,2.5 kg,kg,1.232
2014-05-01,3.13,Sugar (white),Botswana,National Average,RETAIL,2.5 kg,kg,1.252
2014-06-01,3.08,Sugar (white),Botswana,National Average,RETAIL,2.5 kg,kg,1.232
2014-07-01,3.09,Sugar (white),Botswana,National Average,RETAIL,2.5 kg,kg,1.236
2014-08-01,3.07,Sugar (white),Botswana,National Average,RETAIL,2.5 kg,kg,1.228
2014-09-01,3.0,Sugar (white),Botswana,National Average,RETAIL,2.5 kg,kg,1.2
2014-10-01,2.97,Sugar (white),Botswana,National Average,RETAIL,2.5 kg,kg,1.1880000000000002
2014-11-01,2.95,Sugar (white),Botswana,National Average,RETAIL,2.5 kg,kg,1.1800000000000002
2014-12-01,2.89,Sugar (white),Botswana,National Average,RETAIL,2.5 kg,kg,1.1560000000000001
2015-01-01,2.85,Sugar (white),Botswana,National Average,RETAIL,2.5 kg,kg,1.1400000000000001
2015-02-01,2.85,Sugar (white),Botswana,National Average,RETAIL,2.5 kg,kg,1.1400000000000001
2015-03-01,2.78,Sugar (white),Botswana,National Average,RETAIL,2.5 kg,kg,1.1119999999999999
2015-04-01,2.83,Sugar (white),Botswana,National Average,RETAIL,2.5 kg,kg,1.1320000000000001
2015-05-01,2.85,Sugar (white),Botswana,National Average,RETAIL,2.5 kg,kg,1.1400000000000001
2015-06-01,2.84,Sugar (white),Botswana,National Average,RETAIL,2.5 kg,kg,1.136
2015-07-01,2.83,Sugar (white),Botswana,National Average,RETAIL,2.5 kg,kg,1.1320000000000001
2015-08-01,2.79,Sugar (white),Botswana,National Average,RETAIL,2.5 kg,kg,1.116
2015-09-01,2.75,Sugar (white),Botswana,National Average,RETAIL,2.5 kg,kg,1.1
2015-10-01,2.77,Sugar (white),Botswana,National Average,RETAIL,2.5 kg,kg,1.108
2015-11-01,2.67,Sugar (white),Botswana,National Average,RETAIL,2.5 kg,kg,1.068
2015-12-01,2.6,Sugar (white),Botswana,National Average,RETAIL,2.5 kg,kg,1.04
2016-01-01,2.48,Sugar (white),Botswana,National Average,RETAIL,2.5 kg,kg,0.992
2016-02-01,2.55,Sugar (white),Botswana,National Average,RETAIL,2.5 kg,kg,1.02
2016-03-01,2.59,Sugar (white),Botswana,National Average,RETAIL,2.5 kg,kg,1.036
2016-04-01,2.69,Sugar (white),Botswana,National Average,RETAIL,2.5 kg,kg,1.076
2016-05-01,2.63,Sugar (white),Botswana,National Average,RETAIL,2.5 kg,kg,1.052
2016-06-01,2.64,Sugar (white),Botswana,National Average,RETAIL,2.5 kg,kg,1.056
2016-07-01,2.68,Sugar (white),Botswana,National Average,RETAIL,2.5 kg,kg,1.072
2016-08-01,2.83,Sugar (white),Botswana,National Average,RETAIL,2.5 kg,kg,1.1320000000000001
2016-09-01,2.95,Sugar (white),Botswana,National Average,RETAIL,2.5 kg,kg,1.1800000000000002
2016-10-01,2.98,Sugar (white),Botswana,National Average,RETAIL,2.5 kg,kg,1.192
2016-11-01,2.99,Sugar (white),Botswana,National Average,RETAIL,2.5 kg,kg,1.1960000000000002
2016-12-01,2.99,Sugar (white),Botswana,National Average,RETAIL,2.5 kg,kg,1.1960000000000002
2017-01-01,3.06,Sugar (white),Botswana,National Average,RETAIL,2.5 kg,kg,1.224
2017-02-01,3.15,Sugar (white),Botswana,National Average,RETAIL,2.5 kg,kg,1.26
2017-03-01,3.24,Sugar (white),Botswana,National Average,RETAIL,2.5 kg,kg,1.296
2017-04-01,3.23,Sugar (white),Botswana,National Average,RETAIL,2.5 kg,kg,1.292
2017-05-01,3.38,Sugar (white),Botswana,National Average,RETAIL,2.5 kg,kg,1.3519999999999999
2017-06-01,3.47,Sugar (white),Botswana,National Average,RETAIL,2.5 kg,kg,1.3880000000000001
2017-07-01,3.47,Sugar (white),Botswana,National Average,RETAIL,2.5 kg,kg,1.3880000000000001
2017-08-01,3.47,Sugar (white),Botswana,National Average,RETAIL,2.5 kg,kg,1.3880000000000001
2017-09-01,3.52,Sugar (white),Botswana,National Average,RETAIL,2.5 kg,kg,1.408
2017-10-01,3.42,Sugar (white),Botswana,National Average,RETAIL,2.5 kg,kg,1.3679999999999999
2017-11-01,3.38,Sugar (white),Botswana,National Average,RETAIL,2.5 kg,kg,1.3519999999999999
2017-12-01,3.46,Sugar (white),Botswana,National Average,RETAIL,2.5 kg,kg,1.384
2018-01-01,3.62,Sugar (white),Botswana,National Average,RETAIL,2.5 kg,kg,1.448
2018-02-01,3.7,Sugar (white),Botswana,National Average,RETAIL,2.5 kg,kg,1.48
2018-03-01,3.69,Sugar (white),Botswana,National Average,RETAIL,2.5 kg,kg,1.476
2018-04-01,3.64,Sugar (white),Botswana,National Average,RETAIL,2.5 kg,kg,1.456
2018-05-01,3.54,Sugar (white),Botswana,National Average,RETAIL,2.5 kg,kg,1.416
2018-06-01,3.4,Sugar (white),Botswana,National Average,RETAIL,2.5 kg,kg,1.3599999999999999
2018-07-01,3.38,Sugar (white),Botswana,National Average,RETAIL,2.5 kg,kg,1.3519999999999999
2018-08-01,3.29,Sugar (white),Botswana,National Average,RETAIL,2.5 kg,kg,1.316
2018-09-01,3.21,Sugar (white),Botswana,National Average,RETAIL,2.5 kg,kg,1.284
2018-10-01,3.22,Sugar (white),Botswana,National Average,RETAIL,2.5 kg,kg,1.288
2018-11-01,3.29,Sugar (white),Botswana,National Average,RETAIL,2.5 kg,kg,1.316
2018-12-01,3.38,Sugar (white),Botswana,National Average,RETAIL,2.5 kg,kg,1.3519999999999999
2019-01-01,3.5,Sugar (white),Botswana,National Average,RETAIL,2.5 kg,kg,1.4
2019-02-01,3.49,Sugar (white),Botswana,National Average,RETAIL,2.5 kg,kg,1.3960000000000001
2019-03-01,3.43,Sugar (white),Botswana,National Average,RETAIL,2.5 kg,kg,1.372
2019-04-01,3.43,Sugar (white),Botswana,National Average,RETAIL,2.5 kg,kg,1.372
2019-05-01,3.39,Sugar (white),Botswana,National Average,RETAIL,2.5 kg,kg,1.356
2019-06-01,3.37,Sugar (white),Botswana,National Average,RETAIL,2.5 kg,kg,1.348
2019-07-01,3.42,Sugar (white),Botswana,National Average,RETAIL,2.5 kg,kg,1.3679999999999999
2019-08-01,3.29,Sugar (white),Botswana,National Average,RETAIL,2.5 kg,kg,1.316
2019-09-01,3.29,Sugar (white),Botswana,National Average,RETAIL,2.5 kg,kg,1.316
2019-10-01,3.28,Sugar (white),Botswana,National Average,RETAIL,2.5 kg,kg,1.3119999999999998
2019-11-01,3.28,Sugar (white),Botswana,National Average,RETAIL,2.5 kg,kg,1.3119999999999998
2019-12-01,3.33,Sugar (white),Botswana,National Average,RETAIL,2.5 kg,kg,1.332
2020-01-01,3.35,Sugar (white),Botswana,National Average,RETAIL,2.5 kg,kg,1.34
2020-02-01,3.27,Sugar (white),Botswana,National Average,RETAIL,2.5 kg,kg,1.308
2020-03-01,3.13,Sugar (white),Botswana,National Average,RETAIL,2.5 kg,kg,1.252
2020-04-01,2.96,Sugar (white),Botswana,National Average,RETAIL,2.5 kg,kg,1.184
2020-05-01,3.0,Sugar (white),Botswana,National Average,RETAIL,2.5 kg,kg,1.2
2020-06-01,3.1,Sugar (white),Botswana,National Average,RETAIL,2.5 kg,kg,1.24
2020-07-01,3.13,Sugar (white),Botswana,National Average,RETAIL,2.5 kg,kg,1.252
2020-08-01,3.12,Sugar (white),Botswana,National Average,RETAIL,2.5 kg,kg,1.248
2020-09-01,3.16,Sugar (white),Botswana,National Average,RETAIL,2.5 kg,kg,1.264
2020-10-01,3.16,Sugar (white),Botswana,National Average,RETAIL,2.5 kg,kg,1.264
2020-11-01,3.23,Sugar (white),Botswana,National Average,RETAIL,2.5 kg,kg,1.292
2020-12-01,3.32,Sugar (white),Botswana,National Average,RETAIL,2.5 kg,kg,1.3279999999999998
2021-01-01,3.27,Sugar (white),Botswana,National Average,RETAIL,2.5 kg,kg,1.308
2021-02-01,3.29,Sugar (white),Botswana,National Average,RETAIL,2.5 kg,kg,1.316
2021-03-01,3.24,Sugar (white),Botswana,National Average,RETAIL,2.5 kg,kg,1.296
2021-04-01,3.32,Sugar (white),Botswana,National Average,RETAIL,2.5 kg,kg,1.3279999999999998
2021-05-01,3.37,Sugar (white),Botswana,National Average,RETAIL,2.5 kg,kg,1.348
2021-06-01,3.4,Sugar (white),Botswana,National Average,RETAIL,2.5 kg,kg,1.3599999999999999
2021-07-01,3.32,Sugar (white),Botswana,National Average,RETAIL,2.5 kg,kg,1.3279999999999998
2021-08-01,3.27,Sugar (white),Botswana,National Average,RETAIL,2.5 kg,kg,1.308
2021-09-01,3.29,Sugar (white),Botswana,National Average,RETAIL,2.5 kg,kg,1.316
2021-10-01,3.27,Sugar (white),Botswana,National Average,RETAIL,2.5 kg,kg,1.308
2021-11-01,3.2,Sugar (white),Botswana,National Average,RETAIL,2.5 kg,kg,1.28
2021-12-01,3.15,Sugar (white),Botswana,National Average,RETAIL,2.5 kg,kg,1.26
2022-01-01,3.2,Sugar (white),Botswana,National Average,RETAIL,2.5 kg,kg,1.28
2022-02-01,3.23,Sugar (white),Botswana,National Average,RETAIL,2.5 kg,kg,1.292
2022-03-01,3.22,Sugar (white),Botswana,National Average,RETAIL,2.5 kg,kg,1.288
2022-04-01,3.21,Sugar (white),Botswana,National Average,RETAIL,2.5 kg,kg,1.284
2022-05-01,3.1,Sugar (white),Botswana,National Average,RETAIL,2.5 kg,kg,1.24
2022-06-01,3.13,Sugar (white),Botswana,National Average,RETAIL,2.5 kg,kg,1.252
2022-07-01,3.01,Sugar (white),Botswana,National Average,RETAIL,2.5 kg,kg,1.204
2022-08-01,3.02,Sugar (white),Botswana,National Average,RETAIL,2.5 kg,kg,1.208
2022-09-01,2.93,Sugar (white),Botswana,National Average,RETAIL,2.5 kg,kg,1.1720000000000002
2022-10-01,2.89,Sugar (white),Botswana,National Average,RETAIL,2.5 kg,kg,1.1560000000000001
2022-11-01,2.95,Sugar (white),Botswana,National Average,RETAIL,2.5 kg,kg,1.1800000000000002
2022-12-01,3.01,Sugar (white),Botswana,National Average,RETAIL,2.5 kg,kg,1.204
2023-01-01,3.05,Sugar (white),Botswana,National Average,RETAIL,2.5 kg,kg,1.22
2023-02-01,2.98,Sugar (white),Botswana,National Average,RETAIL,2.5 kg,kg,1.192
2023-03-01,2.96,Sugar (white),Botswana,National Average,RETAIL,2.5 kg,kg,1.184
2023-04-01,3.0,Sugar (white),Botswana,National Average,RETAIL,2.5 kg,kg,1.2
2023-05-01,2.93,Sugar (white),Botswana,National Average,RETAIL,2.5 kg,kg,1.1720000000000002
2023-06-01,2.96,Sugar (white),Botswana,National Average,RETAIL,2.5 kg,kg,1.184
2023-07-01,3.03,Sugar (white),Botswana,National Average,RETAIL,2.5 kg,kg,1.212
2023-08-01,3.01,Sugar (white),Botswana,National Average,RETAIL,2.5 kg,kg,1.204
2023-09-01,3.03,Sugar (white),Botswana,National Average,RETAIL,2.5 kg,kg,1.212
2023-10-01,3.01,Sugar (white),Botswana,National Average,RETAIL,2.5 kg,kg,1.204
2023-11-01,3.13,Sugar (white),Botswana,National Average,RETAIL,2.5 kg,kg,1.252
2023-12-01,3.13,Sugar (white),Botswana,National Average,RETAIL,2.5 kg,kg,1.252
2024-01-01,3.15,Sugar (white),Botswana,National Average,RETAIL,2.5 kg,kg,1.26
2024-02-01,3.15,Sugar (white),Botswana,National Average,RETAIL,2.5 kg,kg,1.26
2024-03-01,3.18,Sugar (white),Botswana,National Average,RETAIL,2.5 kg,kg,1.272
2024-04-01,3.18,Sugar (white),Botswana,National Average,RETAIL,2.5 kg,kg,1.272
2024-05-01,3.23,Sugar (white),Botswana,National Average,RETAIL,2.5 kg,kg,1.292
2024-06-01,3.24,Sugar (white),Botswana,National Average,RETAIL,2.5 kg,kg,1.296
2024-07-01,3.3,Sugar (white),Botswana,National Average,RETAIL,2.5 kg,kg,1.3199999999999998
2024-08-01,3.34,Sugar (white),Botswana,National Average,RETAIL,2.5 kg,kg,1.3359999999999999
2024-09-01,3.38,Sugar (white),Botswana,National Average,RETAIL,2.5 kg,kg,1.3519999999999999
2024-10-01,3.38,Sugar (white),Botswana,National Average,RETAIL,2.5 kg,kg,1.3519999999999999
2024-11-01,3.4,Sugar (white),Botswana,National Average,RETAIL,2.5 kg,kg,1.3599999999999999
2024-12-01,3.39,Sugar (white),Botswana,National Average,RETAIL,2.5 kg,kg,1.356
2025-01-01,3.35,Sugar (white),Botswana,National Average,RETAIL,2.5 kg,kg,1.34
2025-02-01,3.4,Sugar (white),Botswana,National Average,RETAIL,2.5 kg,kg,1.3599999999999999
2025-03-01,3.41,Sugar (white),Botswana,National Average,RETAIL,2.5 kg,kg,1.364
2025-04-01,3.37,Sugar (white),Botswana,National Average,RETAIL,2.5 kg,kg,1.348
2025-05-01,3.44,Sugar (white),Botswana,National Average,RETAIL,2.5 kg,kg,1.376
2025-06-01,3.5,Sugar (white),Botswana,National Average,RETAIL,2.5 kg,kg,1.4
2025-07-01,47.04,Sugar (white),Botswana,National Average,RETAIL,2.5 kg,kg,18.816
2025-08-01,3.5,Sugar (white),Botswana,National Average,RETAIL,2.5 kg,kg,1.4
2025-09-01,3.68,Sugar (white),Botswana,National Average,RETAIL,2.5 kg,kg,1.472
2025-10-01,3.73,Sugar (white),Botswana,National Average,RETAIL,2.5 kg,kg,1.492
2000-01-01,0.39,Sugar (white),Colombia,Barranquilla,WHOLESALE,Kg,kg,0.39
2000-02-01,0.42,Sugar (white),Colombia,Barranquilla,WHOLESALE,Kg,kg,0.42
2000-03-01,0.39,Sugar (white),Colombia,Barranquilla,WHOLESALE,Kg,kg,0.39
2000-04-01,0.39,Sugar (white),Colombia,Barranquilla,WHOLESALE,Kg,kg,0.39
2000-05-01,0.4,Sugar (white),Colombia,Barranquilla,WHOLESALE,Kg,kg,0.4
2000-06-01,0.45,Sugar (white),Colombia,Barranquilla,WHOLESALE,Kg,kg,0.45
2000-07-01,0.45,Sugar (white),Colombia,Barranquilla,WHOLESALE,Kg,kg,0.45
2000-08-01,0.45,Sugar (white),Colombia,Barranquilla,WHOLESALE,Kg,kg,0.45
2000-09-01,0.47,Sugar (white),Colombia,Barranquilla,WHOLESALE,Kg,kg,0.47
2000-10-01,0.47,Sugar (white),Colombia,Barranquilla,WHOLESALE,Kg,kg,0.47
2000-11-01,0.49,Sugar (white),Colombia,Barranquilla,WHOLESALE,Kg,kg,0.49
2000-12-01,0.49,Sugar (white),Colombia,Barranquilla,WHOLESALE,Kg,kg,0.49
2001-01-01,0.5,Sugar (white),Colombia,Barranquilla,WHOLESALE,Kg,kg,0.5
2001-02-01,0.49,Sugar (white),Colombia,Barranquilla,WHOLESALE,Kg,kg,0.49
2001-03-01,0.48,Sugar (white),Colombia,Barranquilla,WHOLESALE,Kg,kg,0.48
2001-04-01,0.47,Sugar (white),Colombia,Barranquilla,WHOLESALE,Kg,kg,0.47
2001-05-01,0.48,Sugar (white),Colombia,Barranquilla,WHOLESALE,Kg,kg,0.48
2001-06-01,0.52,Sugar (white),Colombia,Barranquilla,WHOLESALE,Kg,kg,0.52
2001-07-01,0.52,Sugar (white),Colombia,Barranquilla,WHOLESALE,Kg,kg,0.52
2001-08-01,0.51,Sugar (white),Colombia,Barranquilla,WHOLESALE,Kg,kg,0.51
2001-09-01,0.5,Sugar (white),Colombia,Barranquilla,WHOLESALE,Kg,kg,0.5
2001-10-01,0.49,Sugar (white),Colombia,Barranquilla,WHOLESALE,Kg,kg,0.49
2001-11-01,0.5,Sugar (white),Colombia,Barranquilla,WHOLESALE,Kg,kg,0.5
2001-12-01,0.49,Sugar (white),Colombia,Barranquilla,WHOLESALE,Kg,kg,0.49
2002-01-01,0.5,Sugar (white),Colombia,Barranquilla,WHOLESALE,Kg,kg,0.5
2002-02-01,0.51,Sugar (white),Colombia,Barranquilla,WHOLESALE,Kg,kg,0.51
2002-03-01,0.51,Sugar (white),Colombia,Barranquilla,WHOLESALE,Kg,kg,0.51
2002-04-01,0.5,Sugar (white),Colombia,Barranquilla,WHOLESALE,Kg,kg,0.5
2002-05-01,0.48,Sugar (white),Colombia,Barranquilla,WHOLESALE,Kg,kg,0.48
2002-06-01,0.47,Sugar (white),Colombia,Barranquilla,WHOLESALE,Kg,kg,0.47
2002-07-01,0.45,Sugar (white),Colombia,Barranquilla,WHOLESALE,Kg,kg,0.45
2002-08-01,0.42,Sugar (white),Colombia,Barranquilla,WHOLESALE,Kg,kg,0.42
2002-09-01,0.4,Sugar (white),Colombia,Barranquilla,WHOLESALE,Kg,kg,0.4
2002-10-01,0.39,Sugar (white),Colombia,Barranquilla,WHOLESALE,Kg,kg,0.39
2002-11-01,0.39,Sugar (white),Colombia,Barranquilla,WHOLESALE,Kg,kg,0.39
2002-12-01,0.41,Sugar (white),Colombia,Barranquilla,WHOLESALE,Kg,kg,0.41
2003-01-01,0.44,Sugar (white),Colombia,Barranquilla,WHOLESALE,Kg,kg,0.44
2003-02-01,0.41,Sugar (white),Colombia,Barranquilla,WHOLESALE,Kg,kg,0.41
2003-03-01,0.39,Sugar (white),Colombia,Barranquilla,WHOLESALE,Kg,kg,0.39
2003-04-01,0.39,Sugar (white),Colombia,Barranquilla,WHOLESALE,Kg,kg,0.39
2003-05-01,0.41,Sugar (white),Colombia,Barranquilla,WHOLESALE,Kg,kg,0.41
2003-06-01,0.37,Sugar (white),Colombia,Barranquilla,WHOLESALE,Kg,kg,0.37
2003-07-01,0.36,Sugar (white),Colombia,Barranquilla,WHOLESALE,Kg,kg,0.36
2003-08-01,0.35,Sugar (white),Colombia,Barranquilla,WHOLESALE,Kg,kg,0.35
2003-09-01,0.36,Sugar (white),Colombia,Barranquilla,WHOLESALE,Kg,kg,0.36
2003-10-01,0.34,Sugar (white),Colombia,Barranquilla,WHOLESALE,Kg,kg,0.34
2003-11-01,0.37,Sugar (white),Colombia,Barranquilla,WHOLESALE,Kg,kg,0.37
2003-12-01,0.39,Sugar (white),Colombia,Barranquilla,WHOLESALE,Kg,kg,0.39
2004-01-01,0.38,Sugar (white),Colombia,Barranquilla,WHOLESALE,Kg,kg,0.38
2004-02-01,0.36,Sugar (white),Colombia,Barranquilla,WHOLESALE,Kg,kg,0.36
2004-03-01,0.37,Sugar (white),Colombia,Barranquilla,WHOLESALE,Kg,kg,0.37
2004-04-01,0.37,Sugar (white),Colombia,Barranquilla,WHOLESALE,Kg,kg,0.37
2004-05-01,0.33,Sugar (white),Colombia,Barranquilla,WHOLESALE,Kg,kg,0.33
2004-06-01,0.33,Sugar (white),Colombia,Barranquilla,WHOLESALE,Kg,kg,0.33
2004-07-01,0.35,Sugar (white),Colombia,Barranquilla,WHOLESALE,Kg,kg,0.35
2004-08-01,0.38,Sugar (white),Colombia,Barranquilla,WHOLESALE,Kg,kg,0.38
2004-09-01,0.42,Sugar (white),Colombia,Barranquilla,WHOLESALE,Kg,kg,0.42
2004-10-01,0.42,Sugar (white),Colombia,Barranquilla,WHOLESALE,Kg,kg,0.42
2004-11-01,0.38,Sugar (white),Colombia,Barranquilla,WHOLESALE,Kg,kg,0.38
2004-12-01,0.39,Sugar (white),Colombia,Barranquilla,WHOLESALE,Kg,kg,0.39
2005-01-01,0.43,Sugar (white),Colombia,Barranquilla,WHOLESALE,Kg,kg,0.43
2005-02-01,0.45,Sugar (white),Colombia,Barranquilla,WHOLESALE,Kg,kg,0.45
2005-03-01,0.46,Sugar (white),Colombia,Barranquilla,WHOLESALE,Kg,kg,0.46
2005-04-01,0.45,Sugar (white),Colombia,Barranquilla,WHOLESALE,Kg,kg,0.45
2005-05-01,0.48,Sugar (white),Colombia,Barranquilla,WHOLESALE,Kg,kg,0.48
2005-06-01,0.49,Sugar (white),Colombia,Barranquilla,WHOLESALE,Kg,kg,0.49
2005-07-01,0.5,Sugar (white),Colombia,Barranquilla,WHOLESALE,Kg,kg,0.5
2005-08-01,0.5,Sugar (white),Colombia,Barranquilla,WHOLESALE,Kg,kg,0.5
2005-09-01,0.51,Sugar (white),Colombia,Barranquilla,WHOLESALE,Kg,kg,0.51
2005-10-01,0.47,Sugar (white),Colombia,Barranquilla,WHOLESALE,Kg,kg,0.47
2005-11-01,0.44,Sugar (white),Colombia,Barranquilla,WHOLESALE,Kg,kg,0.44
2005-12-01,0.54,Sugar (white),Colombia,Barranquilla,WHOLESALE,Kg,kg,0.54
2006-01-01,0.55,Sugar (white),Colombia,Barranquilla,WHOLESALE,Kg,kg,0.55
2006-02-01,0.57,Sugar (white),Colombia,Barranquilla,WHOLESALE,Kg,kg,0.57
2006-03-01,0.57,Sugar (white),Colombia,Barranquilla,WHOLESALE,Kg,kg,0.57
2006-04-01,0.7,Sugar (white),Colombia,Barranquilla,WHOLESALE,Kg,kg,0.7
2006-05-01,0.65,Sugar (white),Colombia,Barranquilla,WHOLESALE,Kg,kg,0.65
2006-06-01,0.58,Sugar (white),Colombia,Barranquilla,WHOLESALE,Kg,kg,0.58
2006-07-01,0.68,Sugar (white),Colombia,Barranquilla,WHOLESALE,Kg,kg,0.68
2006-08-01,0.73,Sugar (white),Colombia,Barranquilla,WHOLESALE,Kg,kg,0.73
2006-09-01,0.56,Sugar (white),Colombia,Barranquilla,WHOLESALE,Kg,kg,0.56
2006-10-01,0.53,Sugar (white),Colombia,Barranquilla,WHOLESALE,Kg,kg,0.53
2006-11-01,0.55,Sugar (white),Colombia,Barranquilla,WHOLESALE,Kg,kg,0.55
2006-12-01,0.67,Sugar (white),Colombia,Barranquilla,WHOLESALE,Kg,kg,0.67
2007-01-01,0.53,Sugar (white),Colombia,Barranquilla,WHOLESALE,Kg,kg,0.53
2007-02-01,0.5,Sugar (white),Colombia,Barranquilla,WHOLESALE,Kg,kg,0.5
2007-03-01,0.56,Sugar (white),Colombia,Barranquilla,WHOLESALE,Kg,kg,0.56
2007-04-01,0.61,Sugar (white),Colombia,Barranquilla,WHOLESALE,Kg,kg,0.61
2007-05-01,0.64,Sugar (white),Colombia,Barranquilla,WHOLESALE,Kg,kg,0.64
2007-06-01,0.68,Sugar (white),Colombia,Barranquilla,WHOLESALE,Kg,kg,0.68
2007-07-01,0.55,Sugar (white),Colombia,Barranquilla,WHOLESALE,Kg,kg,0.55
2007-08-01,0.48,Sugar (white),Colombia,Barranquilla,WHOLESALE,Kg,kg,0.48
2007-09-01,0.47,Sugar (white),Colombia,Barranquilla,WHOLESALE,Kg,kg,0.47
2007-10-01,0.5,Sugar (white),Colombia,Barranquilla,WHOLESALE,Kg,kg,0.5
2007-11-01,0.54,Sugar (white),Colombia,Barranquilla,WHOLESALE,Kg,kg,0.54
2007-12-01,0.6,Sugar (white),Colombia,Barranquilla,WHOLESALE,Kg,kg,0.6
2008-01-01,0.61,Sugar (white),Colombia,Barranquilla,WHOLESALE,Kg,kg,0.61
2008-02-01,0.62,Sugar (white),Colombia,Barranquilla,WHOLESALE,Kg,kg,0.62
2008-03-01,0.62,Sugar (white),Colombia,Barranquilla,WHOLESALE,Kg,kg,0.62
2008-04-01,0.58,Sugar (white),Colombia,Barranquilla,WHOLESALE,Kg,kg,0.58
2008-05-01,0.59,Sugar (white),Colombia,Barranquilla,WHOLESALE,Kg,kg,0.59
2008-06-01,0.66,Sugar (white),Colombia,Barranquilla,WHOLESALE,Kg,kg,0.66
2008-07-01,0.67,Sugar (white),Colombia,Barranquilla,WHOLESALE,Kg,kg,0.67
2008-08-01,0.7,Sugar (white),Colombia,Barranquilla,WHOLESALE,Kg,kg,0.7
2008-09-01,0.63,Sugar (white),Colombia,Barranquilla,WHOLESALE,Kg,kg,0.63
2008-10-01,0.67,Sugar (white),Colombia,Barranquilla,WHOLESALE,Kg,kg,0.67
2008-11-01,0.66,Sugar (white),Colombia,Barranquilla,WHOLESALE,Kg,kg,0.66
2008-12-01,0.66,Sugar (white),Colombia,Barranquilla,WHOLESALE,Kg,kg,0.66
2009-01-01,0.62,Sugar (white),Colombia,Barranquilla,WHOLESALE,Kg,kg,0.62
2009-02-01,0.6,Sugar (white),Colombia,Barranquilla,WHOLESALE,Kg,kg,0.6
2009-03-01,0.63,Sugar (white),Colombia,Barranquilla,WHOLESALE,Kg,kg,0.63
2009-04-01,0.65,Sugar (white),Colombia,Barranquilla,WHOLESALE,Kg,kg,0.65
2009-05-01,0.71,Sugar (white),Colombia,Barranquilla,WHOLESALE,Kg,kg,0.71
2009-06-01,0.74,Sugar (white),Colombia,Barranquilla,WHOLESALE,Kg,kg,0.74
2009-07-01,0.73,Sugar (white),Colombia,Barranquilla,WHOLESALE,Kg,kg,0.73
2009-08-01,0.75,Sugar (white),Colombia,Barranquilla,WHOLESALE,Kg,kg,0.75
2009-09-01,0.75,Sugar (white),Colombia,Barranquilla,WHOLESALE,Kg,kg,0.75
2009-10-01,0.79,Sugar (white),Colombia,Barranquilla,WHOLESALE,Kg,kg,0.79
2009-11-01,0.8,Sugar (white),Colombia,Barranquilla,WHOLESALE,Kg,kg,0.8
2009-12-01,0.78,Sugar (white),Colombia,Barranquilla,WHOLESALE,Kg,kg,0.78
2010-01-01,0.92,Sugar (white),Colombia,Barranquilla,WHOLESALE,Kg,kg,0.92
2010-02-01,0.96,Sugar (white),Colombia,Barranquilla,WHOLESALE,Kg,kg,0.96
2010-03-01,0.98,Sugar (white),Colombia,Barranquilla,WHOLESALE,Kg,kg,0.98
2010-04-01,0.99,Sugar (white),Colombia,Barranquilla,WHOLESALE,Kg,kg,0.99
2010-05-01,1.06,Sugar (white),Colombia,Barranquilla,WHOLESALE,Kg,kg,1.06
2010-06-01,1.07,Sugar (white),Colombia,Barranquilla,WHOLESALE,Kg,kg,1.07
2010-07-01,1.09,Sugar (white),Colombia,Barranquilla,WHOLESALE,Kg,kg,1.09
2010-08-01,1.07,Sugar (white),Colombia,Barranquilla,WHOLESALE,Kg,kg,1.07
2010-09-01,0.94,Sugar (white),Colombia,Barranquilla,WHOLESALE,Kg,kg,0.94
2010-10-01,0.93,Sugar (white),Colombia,Barranquilla,WHOLESALE,Kg,kg,0.93
2010-11-01,1.02,Sugar (white),Colombia,Barranquilla,WHOLESALE,Kg,kg,1.02
2010-12-01,1.1,Sugar (white),Colombia,Barranquilla,WHOLESALE,Kg,kg,1.1
2011-01-01,1.09,Sugar (white),Colombia,Barranquilla,WHOLESALE,Kg,kg,1.09
2011-02-01,1.02,Sugar (white),Colombia,Barranquilla,WHOLESALE,Kg,kg,1.02
2011-03-01,1.02,Sugar (white),Colombia,Barranquilla,WHOLESALE,Kg,kg,1.02
2011-04-01,1.07,Sugar (white),Colombia,Barranquilla,WHOLESALE,Kg,kg,1.07
2011-05-01,1.12,Sugar (white),Colombia,Barranquilla,WHOLESALE,Kg,kg,1.12
2011-06-01,1.03,Sugar (white),Colombia,Barranquilla,WHOLESALE,Kg,kg,1.03
2011-07-01,1.04,Sugar (white),Colombia,Barranquilla,WHOLESALE,Kg,kg,1.04
2011-08-01,1.02,Sugar (white),Colombia,Barranquilla,WHOLESALE,Kg,kg,1.02
2011-09-01,0.99,Sugar (white),Colombia,Barranquilla,WHOLESALE,Kg,kg,0.99
2011-10-01,0.95,Sugar (white),Colombia,Barranquilla,WHOLESALE,Kg,kg,0.95
2011-11-01,0.96,Sugar (white),Colombia,Barranquilla,WHOLESALE,Kg,kg,0.96
2011-12-01,0.95,Sugar (white),Colombia,Barranquilla,WHOLESALE,Kg,kg,0.95
2012-01-01,,Sugar (white),Colombia,Barranquilla,WHOLESALE,Kg,kg,
2012-02-01,,Sugar (white),Colombia,Barranquilla,WHOLESALE,Kg,kg,
2012-03-01,,Sugar (white),Colombia,Barranquilla,WHOLESALE,Kg,kg,
2012-04-01,,Sugar (white),Colombia,Barranquilla,WHOLESALE,Kg,kg,
2012-05-01,,Sugar (white),Colombia,Barranquilla,WHOLESALE,Kg,kg,
2012-06-01,0.89,Sugar (white),Colombia,Barranquilla,WHOLESALE,Kg,kg,0.89
2012-07-01,0.86,Sugar (white),Colombia,Barranquilla,WHOLESALE,Kg,kg,0.86
2012-08-01,0.86,Sugar (white),Colombia,Barranquilla,WHOLESALE,Kg,kg,0.86
2012-09-01,0.83,Sugar (white),Colombia,Barranquilla,WHOLESALE,Kg,kg,0.83
2012-10-01,0.82,Sugar (white),Colombia,Barranquilla,WHOLESALE,Kg,kg,0.82
2012-11-01,0.82,Sugar (white),Colombia,Barranquilla,WHOLESALE,Kg,kg,0.82
2012-12-01,0.82,Sugar (white),Colombia,Barranquilla,WHOLESALE,Kg,kg,0.82
2013-01-01,0.77,Sugar (white),Colombia,Barranquilla,WHOLESALE,Kg,kg,0.77
2013-02-01,0.76,Sugar (white),Colombia,Barranquilla,WHOLESALE,Kg,kg,0.76
2013-03-01,0.77,Sugar (white),Colombia,Barranquilla,WHOLESALE,Kg,kg,0.77
2013-04-01,0.78,Sugar (white),Colombia,Barranquilla,WHOLESALE,Kg,kg,0.78
2013-05-01,0.84,Sugar (white),Colombia,Barranquilla,WHOLESALE,Kg,kg,0.84
2013-06-01,0.8,Sugar (white),Colombia,Barranquilla,WHOLESALE,Kg,kg,0.8
2013-07-01,0.77,Sugar (white),Colombia,Barranquilla,WHOLESALE,Kg,kg,0.77
2013-08-01,0.77,Sugar (white),Colombia,Barranquilla,WHOLESALE,Kg,kg,0.77
2013-09-01,0.78,Sugar (white),Colombia,Barranquilla,WHOLESALE,Kg,kg,0.78
2013-10-01,0.72,Sugar (white),Colombia,Barranquilla,WHOLESALE,Kg,kg,0.72
2013-11-01,0.7,Sugar (white),Colombia,Barranquilla,WHOLESALE,Kg,kg,0.7
2013-12-01,0.69,Sugar (white),Colombia,Barranquilla,WHOLESALE,Kg,kg,0.69
2014-01-01,0.7,Sugar (white),Colombia,Barranquilla,WHOLESALE,Kg,kg,0.7
2014-02-01,0.68,Sugar (white),Colombia,Barranquilla,WHOLESALE,Kg,kg,0.68
2014-03-01,0.72,Sugar (white),Colombia,Barranquilla,WHOLESALE,Kg,kg,0.72
2014-04-01,0.76,Sugar (white),Colombia,Barranquilla,WHOLESALE,Kg,kg,0.76
2014-05-01,0.79,Sugar (white),Colombia,Barranquilla,WHOLESALE,Kg,kg,0.79
2014-06-01,0.79,Sugar (white),Colombia,Barranquilla,WHOLESALE,Kg,kg,0.79
2014-07-01,0.8,Sugar (white),Colombia,Barranquilla,WHOLESALE,Kg,kg,0.8
2014-08-01,0.78,Sugar (white),Colombia,Barranquilla,WHOLESALE,Kg,kg,0.78
2014-09-01,0.73,Sugar (white),Colombia,Barranquilla,WHOLESALE,Kg,kg,0.73
2014-10-01,0.7,Sugar (white),Colombia,Barranquilla,WHOLESALE,Kg,kg,0.7
2014-11-01,0.66,Sugar (white),Colombia,Barranquilla,WHOLESALE,Kg,kg,0.66
2014-12-01,0.62,Sugar (white),Colombia,Barranquilla,WHOLESALE,Kg,kg,0.62
2015-01-01,0.64,Sugar (white),Colombia,Barranquilla,WHOLESALE,Kg,kg,0.64
2015-02-01,0.63,Sugar (white),Colombia,Barranquilla,WHOLESALE,Kg,kg,0.63
2015-03-01,0.62,Sugar (white),Colombia,Barranquilla,WHOLESALE,Kg,kg,0.62
2015-04-01,0.69,Sugar (white),Colombia,Barranquilla,WHOLESALE,Kg,kg,0.69
2015-05-01,0.77,Sugar (white),Colombia,Barranquilla,WHOLESALE,Kg,kg,0.77
2015-06-01,0.74,Sugar (white),Colombia,Barranquilla,WHOLESALE,Kg,kg,0.74
2015-07-01,0.68,Sugar (white),Colombia,Barranquilla,WHOLESALE,Kg,kg,0.68
2015-08-01,0.62,Sugar (white),Colombia,Barranquilla,WHOLESALE,Kg,kg,0.62
2015-09-01,0.62,Sugar (white),Colombia,Barranquilla,WHOLESALE,Kg,kg,0.62
2015-10-01,0.67,Sugar (white),Colombia,Barranquilla,WHOLESALE,Kg,kg,0.67
2015-11-01,0.74,Sugar (white),Colombia,Barranquilla,WHOLESALE,Kg,kg,0.74
2015-12-01,0.74,Sugar (white),Colombia,Barranquilla,WHOLESALE,Kg,kg,0.74
2016-01-01,0.78,Sugar (white),Colombia,Barranquilla,WHOLESALE,Kg,kg,0.78
2016-02-01,0.75,Sugar (white),Colombia,Barranquilla,WHOLESALE,Kg,kg,0.75
2016-03-01,0.77,Sugar (white),Colombia,Barranquilla,WHOLESALE,Kg,kg,0.77
2016-04-01,0.8,Sugar (white),Colombia,Barranquilla,WHOLESALE,Kg,kg,0.8
2016-05-01,0.87,Sugar (white),Colombia,Barranquilla,WHOLESALE,Kg,kg,0.87
2016-06-01,0.9,Sugar (white),Colombia,Barranquilla,WHOLESALE,Kg,kg,0.9
2016-07-01,0.93,Sugar (white),Colombia,Barranquilla,WHOLESALE,Kg,kg,0.93
2016-08-01,0.87,Sugar (white),Colombia,Barranquilla,WHOLESALE,Kg,kg,0.87
2016-09-01,0.79,Sugar (white),Colombia,Barranquilla,WHOLESALE,Kg,kg,0.79
2016-10-01,0.75,Sugar (white),Colombia,Barranquilla,WHOLESALE,Kg,kg,0.75
2016-11-01,0.72,Sugar (white),Colombia,Barranquilla,WHOLESALE,Kg,kg,0.72
2016-12-01,0.73,Sugar (white),Colombia,Barranquilla,WHOLESALE,Kg,kg,0.73
2017-01-01,0.74,Sugar (white),Colombia,Barranquilla,WHOLESALE,Kg,kg,0.74
2017-02-01,0.75,Sugar (white),Colombia,Barranquilla,WHOLESALE,Kg,kg,0.75
2017-03-01,0.72,Sugar (white),Colombia,Barranquilla,WHOLESALE,Kg,kg,0.72
2017-04-01,0.71,Sugar (white),Colombia,Barranquilla,WHOLESALE,Kg,kg,0.71
2017-05-01,0.81,Sugar (white),Colombia,Barranquilla,WHOLESALE,Kg,kg,0.81
2017-06-01,0.79,Sugar (white),Colombia,Barranquilla,WHOLESALE,Kg,kg,0.79
2017-07-01,0.69,Sugar (white),Colombia,Barranquilla,WHOLESALE,Kg,kg,0.69
2017-08-01,0.69,Sugar (white),Colombia,Barranquilla,WHOLESALE,Kg,kg,0.69
2017-09-01,0.66,Sugar (white),Colombia,Barranquilla,WHOLESALE,Kg,kg,0.66
2017-10-01,0.64,Sugar (white),Colombia,Barranquilla,WHOLESALE,Kg,kg,0.64
2017-11-01,0.63,Sugar (white),Colombia,Barranquilla,WHOLESALE,Kg,kg,0.63
2017-12-01,0.65,Sugar (white),Colombia,Barranquilla,WHOLESALE,Kg,kg,0.65
2018-01-01,0.68,Sugar (white),Colombia,Barranquilla,WHOLESALE,Kg,kg,0.68
2018-02-01,0.67,Sugar (white),Colombia,Barranquilla,WHOLESALE,Kg,kg,0.67
2018-03-01,0.66,Sugar (white),Colombia,Barranquilla,WHOLESALE,Kg,kg,0.66
2018-04-01,0.64,Sugar (white),Colombia,Barranquilla,WHOLESALE,Kg,kg,0.64
2018-05-01,0.61,Sugar (white),Colombia,Barranquilla,WHOLESALE,Kg,kg,0.61
2018-06-01,0.59,Sugar (white),Colombia,Barranquilla,WHOLESALE,Kg,kg,0.59
2018-07-01,0.55,Sugar (white),Colombia,Barranquilla,WHOLESALE,Kg,kg,0.55
2018-08-01,0.51,Sugar (white),Colombia,Barranquilla,WHOLESALE,Kg,kg,0.51
2018-09-01,0.51,Sugar (white),Colombia,Barranquilla,WHOLESALE,Kg,kg,0.51
2018-10-01,0.51,Sugar (white),Colombia,Barranquilla,WHOLESALE,Kg,kg,0.51
2018-11-01,0.54,Sugar (white),Colombia,Barranquilla,WHOLESALE,Kg,kg,0.54
2018-12-01,0.58,Sugar (white),Colombia,Barranquilla,WHOLESALE,Kg,kg,0.58
2019-01-01,0.57,Sugar (white),Colombia,Barranquilla,WHOLESALE,Kg,kg,0.57
2019-02-01,0.56,Sugar (white),Colombia,Barranquilla,WHOLESALE,Kg,kg,0.56
2019-03-01,0.56,Sugar (white),Colombia,Barranquilla,WHOLESALE,Kg,kg,0.56
2019-04-01,0.65,Sugar (white),Colombia,Barranquilla,WHOLESALE,Kg,kg,0.65
2019-05-01,0.73,Sugar (white),Colombia,Barranquilla,WHOLESALE,Kg,kg,0.73
2019-06-01,0.68,Sugar (white),Colombia,Barranquilla,WHOLESALE,Kg,kg,0.68
2019-07-01,0.68,Sugar (white),Colombia,Barranquilla,WHOLESALE,Kg,kg,0.68
2019-08-01,0.63,Sugar (white),Colombia,Barranquilla,WHOLESALE,Kg,kg,0.63
2019-09-01,0.6,Sugar (white),Colombia,Barranquilla,WHOLESALE,Kg,kg,0.6
2019-10-01,0.57,Sugar (white),Colombia,Barranquilla,WHOLESALE,Kg,kg,0.57
2019-11-01,0.6,Sugar (white),Colombia,Barranquilla,WHOLESALE,Kg,kg,0.6
2019-12-01,0.63,Sugar (white),Colombia,Barranquilla,WHOLESALE,Kg,kg,0.63
2020-01-01,0.64,Sugar (white),Colombia,Barranquilla,WHOLESALE,Kg,kg,0.64
2020-02-01,0.62,Sugar (white),Colombia,Barranquilla,WHOLESALE,Kg,kg,0.62
2020-03-01,0.55,Sugar (white),Colombia,Barranquilla,WHOLESALE,Kg,kg,0.55
2020-04-01,0.57,Sugar (white),Colombia,Barranquilla,WHOLESALE,Kg,kg,0.57
2020-05-01,0.61,Sugar (white),Colombia,Barranquilla,WHOLESALE,Kg,kg,0.61
2020-06-01,0.64,Sugar (white),Colombia,Barranquilla,WHOLESALE,Kg,kg,0.64
2020-07-01,0.65,Sugar (white),Colombia,Barranquilla,WHOLESALE,Kg,kg,0.65
2020-08-01,0.58,Sugar (white),Colombia,Barranquilla,WHOLESALE,Kg,kg,0.58
2020-09-01,0.55,Sugar (white),Colombia,Barranquilla,WHOLESALE,Kg,kg,0.55
2020-10-01,0.53,Sugar (white),Colombia,Barranquilla,WHOLESALE,Kg,kg,0.53
2020-11-01,0.56,Sugar (white),Colombia,Barranquilla,WHOLESALE,Kg,kg,0.56
2020-12-01,0.59,Sugar (white),Colombia,Barranquilla,WHOLESALE,Kg,kg,0.59
2021-01-01,0.58,Sugar (white),Colombia,Barranquilla,WHOLESALE,Kg,kg,0.58
2021-02-01,0.58,Sugar (white),Colombia,Barranquilla,WHOLESALE,Kg,kg,0.58
2021-03-01,0.58,Sugar (white),Colombia,Barranquilla,WHOLESALE,Kg,kg,0.58
2021-04-01,0.69,Sugar (white),Colombia,Barranquilla,WHOLESALE,Kg,kg,0.69
2021-05-01,0.79,Sugar (white),Colombia,Barranquilla,WHOLESALE,Kg,kg,0.79
2021-06-01,0.94,Sugar (white),Colombia,Barranquilla,WHOLESALE,Kg,kg,0.94
2021-07-01,0.76,Sugar (white),Colombia,Barranquilla,WHOLESALE,Kg,kg,0.76
2021-08-01,0.77,Sugar (white),Colombia,Barranquilla,WHOLESALE,Kg,kg,0.77
2021-09-01,0.77,Sugar (white),Colombia,Barranquilla,WHOLESALE,Kg,kg,0.77
2021-10-01,0.77,Sugar (white),Colombia,Barranquilla,WHOLESALE,Kg,kg,0.77
2021-11-01,0.75,Sugar (white),Colombia,Barranquilla,WHOLESALE,Kg,kg,0.75
2021-12-01,0.76,Sugar (white),Colombia,Barranquilla,WHOLESALE,Kg,kg,0.76
2022-01-01,0.73,Sugar (white),Colombia,Barranquilla,WHOLESALE,Kg,kg,0.73
2022-02-01,0.72,Sugar (white),Colombia,Barranquilla,WHOLESALE,Kg,kg,0.72
2022-03-01,0.8,Sugar (white),Colombia,Barranquilla,WHOLESALE,Kg,kg,0.8
2022-04-01,0.84,Sugar (white),Colombia,Barranquilla,WHOLESALE,Kg,kg,0.84
2022-05-01,0.95,Sugar (white),Colombia,Barranquilla,WHOLESALE,Kg,kg,0.95
2022-06-01,1.01,Sugar (white),Colombia,Barranquilla,WHOLESALE,Kg,kg,1.01
2022-07-01,0.99,Sugar (white),Colombia,Barranquilla,WHOLESALE,Kg,kg,0.99
2022-08-01,1.02,Sugar (white),Colombia,Barranquilla,WHOLESALE,Kg,kg,1.02
2022-09-01,0.98,Sugar (white),Colombia,Barranquilla,WHOLESALE,Kg,kg,0.98
2022-10-01,0.9,Sugar (white),Colombia,Barranquilla,WHOLESALE,Kg,kg,0.9
2022-11-01,0.81,Sugar (white),Colombia,Barranquilla,WHOLESALE,Kg,kg,0.81
2022-12-01,0.84,Sugar (white),Colombia,Barranquilla,WHOLESALE,Kg,kg,0.84
2023-01-01,0.85,Sugar (white),Colombia,Barranquilla,WHOLESALE,Kg,kg,0.85
2023-02-01,0.84,Sugar (white),Colombia,Barranquilla,WHOLESALE,Kg,kg,0.84
2023-03-01,0.82,Sugar (white),Colombia,Barranquilla,WHOLESALE,Kg,kg,0.82
2023-04-01,0.86,Sugar (white),Colombia,Barranquilla,WHOLESALE,Kg,kg,0.86
2023-05-01,0.86,Sugar (white),Colombia,Barranquilla,WHOLESALE,Kg,kg,0.86
2023-06-01,0.93,Sugar (white),Colombia,Barranquilla,WHOLESALE,Kg,kg,0.93
2023-07-01,0.96,Sugar (white),Colombia,Barranquilla,WHOLESALE,Kg,kg,0.96
2023-08-01,0.97,Sugar (white),Colombia,Barranquilla,WHOLESALE,Kg,kg,0.97
2023-09-01,0.97,Sugar (white),Colombia,Barranquilla,WHOLESALE,Kg,kg,0.97
2023-10-01,0.89,Sugar (white),Colombia,Barranquilla,WHOLESALE,Kg,kg,0.89
2023-11-01,0.93,Sugar (white),Colombia,Barranquilla,WHOLESALE,Kg,kg,0.93
2023-12-01,1.03,Sugar (white),Colombia,Barranquilla,WHOLESALE,Kg,kg,1.03
2024-01-01,1.06,Sugar (white),Colombia,Barranquilla,WHOLESALE,Kg,kg,1.06
2024-02-01,1.06,Sugar (white),Colombia,Barranquilla,WHOLESALE,Kg,kg,1.06
2024-03-01,1.07,Sugar (white),Colombia,Barranquilla,WHOLESALE,Kg,kg,1.07
2024-04-01,1.02,Sugar (white),Colombia,Barranquilla,WHOLESALE,Kg,kg,1.02
2024-05-01,0.98,Sugar (white),Colombia,Barranquilla,WHOLESALE,Kg,kg,0.98
2024-06-01,0.93,Sugar (white),Colombia,Barranquilla,WHOLESALE,Kg,kg,0.93
2024-07-01,0.94,Sugar (white),Colombia,Barranquilla,WHOLESALE,Kg,kg,0.94
2024-08-01,0.92,Sugar (white),Colombia,Barranquilla,WHOLESALE,Kg,kg,0.92
2024-09-01,0.88,Sugar (white),Colombia,Barranquilla,WHOLESALE,Kg,kg,0.88
2024-10-01,0.87,Sugar (white),Colombia,Barranquilla,WHOLESALE,Kg,kg,0.87
2024-11-01,0.84,Sugar (white),Colombia,Barranquilla,WHOLESALE,Kg,kg,0.84
2024-12-01,0.85,Sugar (white),Colombia,Barranquilla,WHOLESALE,Kg,kg,0.85
2025-01-01,0.86,Sugar (white),Colombia,Barranquilla,WHOLESALE,Kg,kg,0.86
2025-02-01,0.89,Sugar (white),Colombia,Barranquilla,WHOLESALE,Kg,kg,0.89
2025-03-01,0.88,Sugar (white),Colombia,Barranquilla,WHOLESALE,Kg,kg,0.88
2025-04-01,0.86,Sugar (white),Colombia,Barranquilla,WHOLESALE,Kg,kg,0.86
2025-05-01,0.85,Sugar (white),Colombia,Barranquilla,WHOLESALE,Kg,kg,0.85
2025-06-01,0.87,Sugar (white),Colombia,Barranquilla,WHOLESALE,Kg,kg,0.87
2025-07-01,0.88,Sugar (white),Colombia,Barranquilla,WHOLESALE,Kg,kg,0.88
2025-08-01,0.86,Sugar (white),Colombia,Barranquilla,WHOLESALE,Kg,kg,0.86
2025-09-01,0.85,Sugar (white),Colombia,Barranquilla,WHOLESALE,Kg,kg,0.85
2025-10-01,0.8,Sugar (white),Colombia,Barranquilla,WHOLESALE,Kg,kg,0.8
2025-11-01,3070.5,Sugar (white),Colombia,Barranquilla,WHOLESALE,Kg,kg,3070.5
2000-01-01,0.41,Sugar (white),Colombia,Bogotá,WHOLESALE,Kg,kg,0.41
2000-02-01,0.42,Sugar (white),Colombia,Bogotá,WHOLESALE,Kg,kg,0.42
2000-03-01,0.42,Sugar (white),Colombia,Bogotá,WHOLESALE,Kg,kg,0.42
2000-04-01,0.41,Sugar (white),Colombia,Bogotá,WHOLESALE,Kg,kg,0.41
2000-05-01,0.41,Sugar (white),Colombia,Bogotá,WHOLESALE,Kg,kg,0.41
2000-06-01,0.45,Sugar (white),Colombia,Bogotá,WHOLESALE,Kg,kg,0.45
2000-07-01,0.45,Sugar (white),Colombia,Bogotá,WHOLESALE,Kg,kg,0.45
2000-08-01,0.46,Sugar (white),Colombia,Bogotá,WHOLESALE,Kg,kg,0.46
2000-09-01,0.47,Sugar (white),Colombia,Bogotá,WHOLESALE,Kg,kg,0.47
2000-10-01,0.49,Sugar (white),Colombia,Bogotá,WHOLESALE,Kg,kg,0.49
2000-11-01,0.5,Sugar (white),Colombia,Bogotá,WHOLESALE,Kg,kg,0.5
2000-12-01,0.5,Sugar (white),Colombia,Bogotá,WHOLESALE,Kg,kg,0.5
2001-01-01,0.5,Sugar (white),Colombia,Bogotá,WHOLESALE,Kg,kg,0.5
2001-02-01,0.51,Sugar (white),Colombia,Bogotá,WHOLESALE,Kg,kg,0.51
2001-03-01,0.5,Sugar (white),Colombia,Bogotá,WHOLESALE,Kg,kg,0.5
2001-04-01,0.49,Sugar (white),Colombia,Bogotá,WHOLESALE,Kg,kg,0.49
2001-05-01,0.49,Sugar (white),Colombia,Bogotá,WHOLESALE,Kg,kg,0.49
2001-06-01,0.52,Sugar (white),Colombia,Bogotá,WHOLESALE,Kg,kg,0.52
2001-07-01,0.52,Sugar (white),Colombia,Bogotá,WHOLESALE,Kg,kg,0.52
2001-08-01,0.52,Sugar (white),Colombia,Bogotá,WHOLESALE,Kg,kg,0.52
2001-09-01,0.5,Sugar (white),Colombia,Bogotá,WHOLESALE,Kg,kg,0.5
2001-10-01,0.5,Sugar (white),Colombia,Bogotá,WHOLESALE,Kg,kg,0.5
2001-11-01,0.5,Sugar (white),Colombia,Bogotá,WHOLESALE,Kg,kg,0.5
2001-12-01,0.51,Sugar (white),Colombia,Bogotá,WHOLESALE,Kg,kg,0.51
2002-01-01,0.51,Sugar (white),Colombia,Bogotá,WHOLESALE,Kg,kg,0.51
2002-02-01,0.51,Sugar (white),Colombia,Bogotá,WHOLESALE,Kg,kg,0.51
2002-03-01,0.52,Sugar (white),Colombia,Bogotá,WHOLESALE,Kg,kg,0.52
2002-04-01,0.53,Sugar (white),Colombia,Bogotá,WHOLESALE,Kg,kg,0.53
2002-05-01,0.51,Sugar (white),Colombia,Bogotá,WHOLESALE,Kg,kg,0.51
2002-06-01,0.5,Sugar (white),Colombia,Bogotá,WHOLESALE,Kg,kg,0.5
2002-07-01,0.47,Sugar (white),Colombia,Bogotá,WHOLESALE,Kg,kg,0.47
2002-08-01,0.44,Sugar (white),Colombia,Bogotá,WHOLESALE,Kg,kg,0.44
2002-09-01,0.42,Sugar (white),Colombia,Bogotá,WHOLESALE,Kg,kg,0.42
2002-10-01,0.41,Sugar (white),Colombia,Bogotá,WHOLESALE,Kg,kg,0.41
2002-11-01,0.42,Sugar (white),Colombia,Bogotá,WHOLESALE,Kg,kg,0.42
2002-12-01,0.41,Sugar (white),Colombia,Bogotá,WHOLESALE,Kg,kg,0.41
2003-01-01,0.44,Sugar (white),Colombia,Bogotá,WHOLESALE,Kg,kg,0.44
2003-02-01,0.44,Sugar (white),Colombia,Bogotá,WHOLESALE,Kg,kg,0.44
2003-03-01,0.44,Sugar (white),Colombia,Bogotá,WHOLESALE,Kg,kg,0.44
2003-04-01,0.44,Sugar (white),Colombia,Bogotá,WHOLESALE,Kg,kg,0.44
2003-05-01,0.44,Sugar (white),Colombia,Bogotá,WHOLESALE,Kg,kg,0.44
2003-06-01,0.44,Sugar (white),Colombia,Bogotá,WHOLESALE,Kg,kg,0.44
2003-07-01,0.43,Sugar (white),Colombia,Bogotá,WHOLESALE,Kg,kg,0.43
2003-08-01,0.41,Sugar (white),Colombia,Bogotá,WHOLESALE,Kg,kg,0.41
2003-09-01,0.41,Sugar (white),Colombia,Bogotá,WHOLESALE,Kg,kg,0.41
2003-10-01,0.4,Sugar (white),Colombia,Bogotá,WHOLESALE,Kg,kg,0.4
2003-11-01,0.41,Sugar (white),Colombia,Bogotá,WHOLESALE,Kg,kg,0.41
2003-12-01,0.42,Sugar (white),Colombia,Bogotá,WHOLESALE,Kg,kg,0.42
2004-01-01,0.42,Sugar (white),Colombia,Bogotá,WHOLESALE,Kg,kg,0.42
2004-02-01,0.42,Sugar (white),Colombia,Bogotá,WHOLESALE,Kg,kg,0.42
2004-03-01,0.44,Sugar (white),Colombia,Bogotá,WHOLESALE,Kg,kg,0.44
2004-04-01,0.45,Sugar (white),Colombia,Bogotá,WHOLESALE,Kg,kg,0.45
2004-05-01,0.44,Sugar (white),Colombia,Bogotá,WHOLESALE,Kg,kg,0.44
2004-06-01,0.42,Sugar (white),Colombia,Bogotá,WHOLESALE,Kg,kg,0.42
2004-07-01,0.43,Sugar (white),Colombia,Bogotá,WHOLESALE,Kg,kg,0.43
2004-08-01,0.44,Sugar (white),Colombia,Bogotá,WHOLESALE,Kg,kg,0.44
2004-09-01,0.43,Sugar (white),Colombia,Bogotá,WHOLESALE,Kg,kg,0.43
2004-10-01,0.44,Sugar (white),Colombia,Bogotá,WHOLESALE,Kg,kg,0.44
2004-11-01,0.46,Sugar (white),Colombia,Bogotá,WHOLESALE,Kg,kg,0.46
2004-12-01,0.46,Sugar (white),Colombia,Bogotá,WHOLESALE,Kg,kg,0.46
2005-01-01,0.47,Sugar (white),Colombia,Bogotá,WHOLESALE,Kg,kg,0.47
2005-02-01,0.47,Sugar (white),Colombia,Bogotá,WHOLESALE,Kg,kg,0.47
2005-03-01,0.47,Sugar (white),Colombia,Bogotá,WHOLESALE,Kg,kg,0.47
2005-04-01,0.47,Sugar (white),Colombia,Bogotá,WHOLESALE,Kg,kg,0.47
2005-05-01,0.5,Sugar (white),Colombia,Bogotá,WHOLESALE,Kg,kg,0.5
2005-06-01,0.51,Sugar (white),Colombia,Bogotá,WHOLESALE,Kg,kg,0.51
2005-07-01,0.51,Sugar (white),Colombia,Bogotá,WHOLESALE,Kg,kg,0.51
2005-08-01,0.51,Sugar (white),Colombia,Bogotá,WHOLESALE,Kg,kg,0.51
2005-09-01,0.51,Sugar (white),Colombia,Bogotá,WHOLESALE,Kg,kg,0.51
2005-10-01,0.52,Sugar (white),Colombia,Bogotá,WHOLESALE,Kg,kg,0.52
2005-11-01,0.51,Sugar (white),Colombia,Bogotá,WHOLESALE,Kg,kg,0.51
2005-12-01,0.57,Sugar (white),Colombia,Bogotá,WHOLESALE,Kg,kg,0.57
2006-01-01,0.64,Sugar (white),Colombia,Bogotá,WHOLESALE,Kg,kg,0.64
2006-02-01,0.58,Sugar (white),Colombia,Bogotá,WHOLESALE,Kg,kg,0.58
2006-03-01,0.62,Sugar (white),Colombia,Bogotá,WHOLESALE,Kg,kg,0.62
2006-04-01,0.71,Sugar (white),Colombia,Bogotá,WHOLESALE,Kg,kg,0.71
2006-05-01,0.71,Sugar (white),Colombia,Bogotá,WHOLESALE,Kg,kg,0.71
2006-06-01,0.64,Sugar (white),Colombia,Bogotá,WHOLESALE,Kg,kg,0.64
2006-07-01,0.71,Sugar (white),Colombia,Bogotá,WHOLESALE,Kg,kg,0.71
2006-08-01,0.75,Sugar (white),Colombia,Bogotá,WHOLESALE,Kg,kg,0.75
2006-09-01,0.65,Sugar (white),Colombia,Bogotá,WHOLESALE,Kg,kg,0.65
2006-10-01,0.59,Sugar (white),Colombia,Bogotá,WHOLESALE,Kg,kg,0.59
2006-11-01,0.61,Sugar (white),Colombia,Bogotá,WHOLESALE,Kg,kg,0.61
2006-12-01,0.74,Sugar (white),Colombia,Bogotá,WHOLESALE,Kg,kg,0.74
2007-01-01,0.64,Sugar (white),Colombia,Bogotá,WHOLESALE,Kg,kg,0.64
2007-02-01,0.58,Sugar (white),Colombia,Bogotá,WHOLESALE,Kg,kg,0.58
2007-03-01,0.61,Sugar (white),Colombia,Bogotá,WHOLESALE,Kg,kg,0.61
2007-04-01,0.68,Sugar (white),Colombia,Bogotá,WHOLESALE,Kg,kg,0.68
2007-05-01,0.71,Sugar (white),Colombia,Bogotá,WHOLESALE,Kg,kg,0.71
2007-06-01,0.75,Sugar (white),Colombia,Bogotá,WHOLESALE,Kg,kg,0.75
2007-07-01,0.71,Sugar (white),Colombia,Bogotá,WHOLESALE,Kg,kg,0.71
2007-08-01,0.58,Sugar (white),Colombia,Bogotá,WHOLESALE,Kg,kg,0.58
2007-09-01,0.57,Sugar (white),Colombia,Bogotá,WHOLESALE,Kg,kg,0.57
2007-10-01,0.57,Sugar (white),Colombia,Bogotá,WHOLESALE,Kg,kg,0.57
2007-11-01,0.58,Sugar (white),Colombia,Bogotá,WHOLESALE,Kg,kg,0.58
2007-12-01,0.63,Sugar (white),Colombia,Bogotá,WHOLESALE,Kg,kg,0.63
2008-01-01,0.63,Sugar (white),Colombia,Bogotá,WHOLESALE,Kg,kg,0.63
2008-02-01,0.64,Sugar (white),Colombia,Bogotá,WHOLESALE,Kg,kg,0.64
2008-03-01,0.67,Sugar (white),Colombia,Bogotá,WHOLESALE,Kg,kg,0.67
2008-04-01,0.67,Sugar (white),Colombia,Bogotá,WHOLESALE,Kg,kg,0.67
2008-05-01,0.66,Sugar (white),Colombia,Bogotá,WHOLESALE,Kg,kg,0.66
2008-06-01,0.74,Sugar (white),Colombia,Bogotá,WHOLESALE,Kg,kg,0.74
2008-07-01,0.7,Sugar (white),Colombia,Bogotá,WHOLESALE,Kg,kg,0.7
2008-08-01,0.66,Sugar (white),Colombia,Bogotá,WHOLESALE,Kg,kg,0.66
2008-09-01,0.63,Sugar (white),Colombia,Bogotá,WHOLESALE,Kg,kg,0.63
2008-10-01,0.69,Sugar (white),Colombia,Bogotá,WHOLESALE,Kg,kg,0.69
2008-11-01,0.68,Sugar (white),Colombia,Bogotá,WHOLESALE,Kg,kg,0.68
2008-12-01,0.66,Sugar (white),Colombia,Bogotá,WHOLESALE,Kg,kg,0.66
2009-01-01,0.64,Sugar (white),Colombia,Bogotá,WHOLESALE,Kg,kg,0.64
2009-02-01,0.6,Sugar (white),Colombia,Bogotá,WHOLESALE,Kg,kg,0.6
2009-03-01,0.63,Sugar (white),Colombia,Bogotá,WHOLESALE,Kg,kg,0.63
2009-04-01,0.64,Sugar (white),Colombia,Bogotá,WHOLESALE,Kg,kg,0.64
2009-05-01,0.72,Sugar (white),Colombia,Bogotá,WHOLESALE,Kg,kg,0.72
2009-06-01,0.75,Sugar (white),Colombia,Bogotá,WHOLESALE,Kg,kg,0.75
2009-07-01,0.76,Sugar (white),Colombia,Bogotá,WHOLESALE,Kg,kg,0.76
2009-08-01,0.75,Sugar (white),Colombia,Bogotá,WHOLESALE,Kg,kg,0.75
2009-09-01,0.75,Sugar (white),Colombia,Bogotá,WHOLESALE,Kg,kg,0.75
2009-10-01,0.8,Sugar (white),Colombia,Bogotá,WHOLESALE,Kg,kg,0.8
2009-11-01,0.81,Sugar (white),Colombia,Bogotá,WHOLESALE,Kg,kg,0.81
2009-12-01,0.77,Sugar (white),Colombia,Bogotá,WHOLESALE,Kg,kg,0.77
2010-01-01,0.9,Sugar (white),Colombia,Bogotá,WHOLESALE,Kg,kg,0.9
2010-02-01,0.95,Sugar (white),Colombia,Bogotá,WHOLESALE,Kg,kg,0.95
2010-03-01,0.98,Sugar (white),Colombia,Bogotá,WHOLESALE,Kg,kg,0.98
2010-04-01,0.97,Sugar (white),Colombia,Bogotá,WHOLESALE,Kg,kg,0.97
2010-05-01,1.04,Sugar (white),Colombia,Bogotá,WHOLESALE,Kg,kg,1.04
2010-06-01,1.08,Sugar (white),Colombia,Bogotá,WHOLESALE,Kg,kg,1.08
2010-07-01,1.13,Sugar (white),Colombia,Bogotá,WHOLESALE,Kg,kg,1.13
2010-08-01,1.15,Sugar (white),Colombia,Bogotá,WHOLESALE,Kg,kg,1.15
2010-09-01,1.02,Sugar (white),Colombia,Bogotá,WHOLESALE,Kg,kg,1.02
2010-10-01,0.98,Sugar (white),Colombia,Bogotá,WHOLESALE,Kg,kg,0.98
2010-11-01,1.04,Sugar (white),Colombia,Bogotá,WHOLESALE,Kg,kg,1.04
2010-12-01,1.13,Sugar (white),Colombia,Bogotá,WHOLESALE,Kg,kg,1.13
2011-01-01,1.17,Sugar (white),Colombia,Bogotá,WHOLESALE,Kg,kg,1.17
2011-02-01,1.1,Sugar (white),Colombia,Bogotá,WHOLESALE,Kg,kg,1.1
2011-03-01,1.06,Sugar (white),Colombia,Bogotá,WHOLESALE,Kg,kg,1.06
2011-04-01,1.12,Sugar (white),Colombia,Bogotá,WHOLESALE,Kg,kg,1.12
2011-05-01,1.17,Sugar (white),Colombia,Bogotá,WHOLESALE,Kg,kg,1.17
2011-06-01,1.08,Sugar (white),Colombia,Bogotá,WHOLESALE,Kg,kg,1.08
2011-07-01,1.09,Sugar (white),Colombia,Bogotá,WHOLESALE,Kg,kg,1.09
2011-08-01,1.07,Sugar (white),Colombia,Bogotá,WHOLESALE,Kg,kg,1.07
2011-09-01,1.02,Sugar (white),Colombia,Bogotá,WHOLESALE,Kg,kg,1.02
2011-10-01,1.01,Sugar (white),Colombia,Bogotá,WHOLESALE,Kg,kg,1.01
2011-11-01,1.04,Sugar (white),Colombia,Bogotá,WHOLESALE,Kg,kg,1.04
2011-12-01,0.99,Sugar (white),Colombia,Bogotá,WHOLESALE,Kg,kg,0.99
2012-01-01,,Sugar (white),Colombia,Bogotá,WHOLESALE,Kg,kg,
2012-02-01,,Sugar (white),Colombia,Bogotá,WHOLESALE,Kg,kg,
2012-03-01,,Sugar (white),Colombia,Bogotá,WHOLESALE,Kg,kg,
2012-04-01,,Sugar (white),Colombia,Bogotá,WHOLESALE,Kg,kg,
2012-05-01,,Sugar (white),Colombia,Bogotá,WHOLESALE,Kg,kg,
2012-06-01,0.93,Sugar (white),Colombia,Bogotá,WHOLESALE,Kg,kg,0.93
2012-07-01,0.89,Sugar (white),Colombia,Bogotá,WHOLESALE,Kg,kg,0.89
2012-08-01,0.88,Sugar (white),Colombia,Bogotá,WHOLESALE,Kg,kg,0.88
2012-09-01,0.88,Sugar (white),Colombia,Bogotá,WHOLESALE,Kg,kg,0.88
2012-10-01,0.83,Sugar (white),Colombia,Bogotá,WHOLESALE,Kg,kg,0.83
2012-11-01,0.85,Sugar (white),Colombia,Bogotá,WHOLESALE,Kg,kg,0.85
2012-12-01,0.85,Sugar (white),Colombia,Bogotá,WHOLESALE,Kg,kg,0.85
2013-01-01,0.82,Sugar (white),Colombia,Bogotá,WHOLESALE,Kg,kg,0.82
2013-02-01,0.79,Sugar (white),Colombia,Bogotá,WHOLESALE,Kg,kg,0.79
2013-03-01,0.79,Sugar (white),Colombia,Bogotá,WHOLESALE,Kg,kg,0.79
2013-04-01,0.87,Sugar (white),Colombia,Bogotá,WHOLESALE,Kg,kg,0.87
2013-05-01,0.9,Sugar (white),Colombia,Bogotá,WHOLESALE,Kg,kg,0.9
2013-06-01,0.8,Sugar (white),Colombia,Bogotá,WHOLESALE,Kg,kg,0.8
2013-07-01,0.77,Sugar (white),Colombia,Bogotá,WHOLESALE,Kg,kg,0.77
2013-08-01,0.75,Sugar (white),Colombia,Bogotá,WHOLESALE,Kg,kg,0.75
2013-09-01,0.75,Sugar (white),Colombia,Bogotá,WHOLESALE,Kg,kg,0.75
2013-10-01,0.73,Sugar (white),Colombia,Bogotá,WHOLESALE,Kg,kg,0.73
2013-11-01,0.74,Sugar (white),Colombia,Bogotá,WHOLESALE,Kg,kg,0.74
2013-12-01,0.74,Sugar (white),Colombia,Bogotá,WHOLESALE,Kg,kg,0.74
2014-01-01,0.74,Sugar (white),Colombia,Bogotá,WHOLESALE,Kg,kg,0.74
2014-02-01,0.71,Sugar (white),Colombia,Bogotá,WHOLESALE,Kg,kg,0.71
2014-03-01,0.77,Sugar (white),Colombia,Bogotá,WHOLESALE,Kg,kg,0.77
2014-04-01,0.84,Sugar (white),Colombia,Bogotá,WHOLESALE,Kg,kg,0.84
2014-05-01,0.83,Sugar (white),Colombia,Bogotá,WHOLESALE,Kg,kg,0.83
2014-06-01,0.84,Sugar (white),Colombia,Bogotá,WHOLESALE,Kg,kg,0.84
2014-07-01,0.84,Sugar (white),Colombia,Bogotá,WHOLESALE,Kg,kg,0.84
2014-08-01,0.82,Sugar (white),Colombia,Bogotá,WHOLESALE,Kg,kg,0.82
2014-09-01,0.78,Sugar (white),Colombia,Bogotá,WHOLESALE,Kg,kg,0.78
2014-10-01,0.74,Sugar (white),Colombia,Bogotá,WHOLESALE,Kg,kg,0.74
2014-11-01,0.74,Sugar (white),Colombia,Bogotá,WHOLESALE,Kg,kg,0.74
2014-12-01,0.72,Sugar (white),Colombia,Bogotá,WHOLESALE,Kg,kg,0.72
2015-01-01,0.72,Sugar (white),Colombia,Bogotá,WHOLESALE,Kg,kg,0.72
2015-02-01,0.71,Sugar (white),Colombia,Bogotá,WHOLESALE,Kg,kg,0.71
2015-03-01,0.68,Sugar (white),Colombia,Bogotá,WHOLESALE,Kg,kg,0.68
2015-04-01,0.77,Sugar (white),Colombia,Bogotá,WHOLESALE,Kg,kg,0.77
2015-05-01,0.85,Sugar (white),Colombia,Bogotá,WHOLESALE,Kg,kg,0.85
2015-06-01,0.76,Sugar (white),Colombia,Bogotá,WHOLESALE,Kg,kg,0.76
2015-07-01,0.7,Sugar (white),Colombia,Bogotá,WHOLESALE,Kg,kg,0.7
2015-08-01,0.65,Sugar (white),Colombia,Bogotá,WHOLESALE,Kg,kg,0.65
2015-09-01,0.67,Sugar (white),Colombia,Bogotá,WHOLESALE,Kg,kg,0.67
2015-10-01,0.71,Sugar (white),Colombia,Bogotá,WHOLESALE,Kg,kg,0.71
2015-11-01,0.75,Sugar (white),Colombia,Bogotá,WHOLESALE,Kg,kg,0.75
2015-12-01,0.73,Sugar (white),Colombia,Bogotá,WHOLESALE,Kg,kg,0.73
2016-01-01,0.78,Sugar (white),Colombia,Bogotá,WHOLESALE,Kg,kg,0.78
2016-02-01,0.76,Sugar (white),Colombia,Bogotá,WHOLESALE,Kg,kg,0.76
2016-03-01,0.8,Sugar (white),Colombia,Bogotá,WHOLESALE,Kg,kg,0.8
2016-04-01,0.83,Sugar (white),Colombia,Bogotá,WHOLESALE,Kg,kg,0.83
2016-05-01,0.91,Sugar (white),Colombia,Bogotá,WHOLESALE,Kg,kg,0.91
2016-06-01,0.95,Sugar (white),Colombia,Bogotá,WHOLESALE,Kg,kg,0.95
2016-07-01,0.94,Sugar (white),Colombia,Bogotá,WHOLESALE,Kg,kg,0.94
2016-08-01,0.91,Sugar (white),Colombia,Bogotá,WHOLESALE,Kg,kg,0.91
2016-09-01,0.82,Sugar (white),Colombia,Bogotá,WHOLESALE,Kg,kg,0.82
2016-10-01,0.81,Sugar (white),Colombia,Bogotá,WHOLESALE,Kg,kg,0.81
2016-11-01,0.75,Sugar (white),Colombia,Bogotá,WHOLESALE,Kg,kg,0.75
2016-12-01,0.75,Sugar (white),Colombia,Bogotá,WHOLESALE,Kg,kg,0.75
2017-01-01,0.78,Sugar (white),Colombia,Bogotá,WHOLESALE,Kg,kg,0.78
2017-02-01,0.81,Sugar (white),Colombia,Bogotá,WHOLESALE,Kg,kg,0.81
2017-03-01,0.75,Sugar (white),Colombia,Bogotá,WHOLESALE,Kg,kg,0.75
2017-04-01,0.75,Sugar (white),Colombia,Bogotá,WHOLESALE,Kg,kg,0.75
2017-05-01,0.85,Sugar (white),Colombia,Bogotá,WHOLESALE,Kg,kg,0.85
2017-06-01,0.78,Sugar (white),Colombia,Bogotá,WHOLESALE,Kg,kg,0.78
2017-07-01,0.71,Sugar (white),Colombia,Bogotá,WHOLESALE,Kg,kg,0.71
2017-08-01,0.69,Sugar (white),Colombia,Bogotá,WHOLESALE,Kg,kg,0.69
2017-09-01,0.69,Sugar (white),Colombia,Bogotá,WHOLESALE,Kg,kg,0.69
2017-10-01,0.71,Sugar (white),Colombia,Bogotá,WHOLESALE,Kg,kg,0.71
2017-11-01,0.69,Sugar (white),Colombia,Bogotá,WHOLESALE,Kg,kg,0.69
2017-12-01,0.68,Sugar (white),Colombia,Bogotá,WHOLESALE,Kg,kg,0.68
2018-01-01,0.71,Sugar (white),Colombia,Bogotá,WHOLESALE,Kg,kg,0.71
2018-02-01,0.69,Sugar (white),Colombia,Bogotá,WHOLESALE,Kg,kg,0.69
2018-03-01,0.66,Sugar (white),Colombia,Bogotá,WHOLESALE,Kg,kg,0.66
2018-04-01,0.68,Sugar (white),Colombia,Bogotá,WHOLESALE,Kg,kg,0.68
2018-05-01,0.65,Sugar (white),Colombia,Bogotá,WHOLESALE,Kg,kg,0.65
2018-06-01,0.63,Sugar (white),Colombia,Bogotá,WHOLESALE,Kg,kg,0.63
2018-07-01,0.6,Sugar (white),Colombia,Bogotá,WHOLESALE,Kg,kg,0.6
2018-08-01,0.58,Sugar (white),Colombia,Bogotá,WHOLESALE,Kg,kg,0.58
2018-09-01,0.55,Sugar (white),Colombia,Bogotá,WHOLESALE,Kg,kg,0.55
2018-10-01,0.57,Sugar (white),Colombia,Bogotá,WHOLESALE,Kg,kg,0.57
2018-11-01,0.61,Sugar (white),Colombia,Bogotá,WHOLESALE,Kg,kg,0.61
2018-12-01,0.63,Sugar (white),Colombia,Bogotá,WHOLESALE,Kg,kg,0.63
2019-01-01,0.62,Sugar (white),Colombia,Bogotá,WHOLESALE,Kg,kg,0.62
2019-02-01,0.63,Sugar (white),Colombia,Bogotá,WHOLESALE,Kg,kg,0.63
2019-03-01,0.61,Sugar (white),Colombia,Bogotá,WHOLESALE,Kg,kg,0.61
2019-04-01,0.69,Sugar (white),Colombia,Bogotá,WHOLESALE,Kg,kg,0.69
2019-05-01,0.73,Sugar (white),Colombia,Bogotá,WHOLESALE,Kg,kg,0.73
2019-06-01,0.71,Sugar (white),Colombia,Bogotá,WHOLESALE,Kg,kg,0.71
2019-07-01,0.71,Sugar (white),Colombia,Bogotá,WHOLESALE,Kg,kg,0.71
2019-08-01,0.66,Sugar (white),Colombia,Bogotá,WHOLESALE,Kg,kg,0.66
2019-09-01,0.65,Sugar (white),Colombia,Bogotá,WHOLESALE,Kg,kg,0.65
2019-10-01,0.64,Sugar (white),Colombia,Bogotá,WHOLESALE,Kg,kg,0.64
2019-11-01,0.68,Sugar (white),Colombia,Bogotá,WHOLESALE,Kg,kg,0.68
2019-12-01,0.66,Sugar (white),Colombia,Bogotá,WHOLESALE,Kg,kg,0.66
2020-01-01,0.65,Sugar (white),Colombia,Bogotá,WHOLESALE,Kg,kg,0.65
2020-02-01,0.68,Sugar (white),Colombia,Bogotá,WHOLESALE,Kg,kg,0.68
2020-03-01,0.6,Sugar (white),Colombia,Bogotá,WHOLESALE,Kg,kg,0.6
2020-04-01,0.61,Sugar (white),Colombia,Bogotá,WHOLESALE,Kg,kg,0.61
2020-05-01,0.63,Sugar (white),Colombia,Bogotá,WHOLESALE,Kg,kg,0.63
2020-06-01,0.68,Sugar (white),Colombia,Bogotá,WHOLESALE,Kg,kg,0.68
2020-07-01,0.64,Sugar (white),Colombia,Bogotá,WHOLESALE,Kg,kg,0.64
2020-08-01,0.61,Sugar (white),Colombia,Bogotá,WHOLESALE,Kg,kg,0.61
2020-09-01,0.61,Sugar (white),Colombia,Bogotá,WHOLESALE,Kg,kg,0.61
2020-10-01,0.58,Sugar (white),Colombia,Bogotá,WHOLESALE,Kg,kg,0.58
2020-11-01,0.68,Sugar (white),Colombia,Bogotá,WHOLESALE,Kg,kg,0.68
2020-12-01,0.71,Sugar (white),Colombia,Bogotá,WHOLESALE,Kg,kg,0.71
2021-01-01,0.68,Sugar (white),Colombia,Bogotá,WHOLESALE,Kg,kg,0.68
2021-02-01,0.64,Sugar (white),Colombia,Bogotá,WHOLESALE,Kg,kg,0.64
2021-03-01,0.67,Sugar (white),Colombia,Bogotá,WHOLESALE,Kg,kg,0.67
2021-04-01,0.73,Sugar (white),Colombia,Bogotá,WHOLESALE,Kg,kg,0.73
2021-05-01,0.72,Sugar (white),Colombia,Bogotá,WHOLESALE,Kg,kg,0.72
2021-06-01,1.0,Sugar (white),Colombia,Bogotá,WHOLESALE,Kg,kg,1.0
2021-07-01,0.81,Sugar (white),Colombia,Bogotá,WHOLESALE,Kg,kg,0.81
2021-08-01,0.79,Sugar (white),Colombia,Bogotá,WHOLESALE,Kg,kg,0.79
2021-09-01,0.79,Sugar (white),Colombia,Bogotá,WHOLESALE,Kg,kg,0.79
2021-10-01,0.8,Sugar (white),Colombia,Bogotá,WHOLESALE,Kg,kg,0.8
2021-11-01,0.76,Sugar (white),Colombia,Bogotá,WHOLESALE,Kg,kg,0.76
2021-12-01,0.76,Sugar (white),Colombia,Bogotá,WHOLESALE,Kg,kg,0.76
2022-01-01,0.75,Sugar (white),Colombia,Bogotá,WHOLESALE,Kg,kg,0.75
2022-02-01,0.77,Sugar (white),Colombia,Bogotá,WHOLESALE,Kg,kg,0.77
2022-03-01,0.8,Sugar (white),Colombia,Bogotá,WHOLESALE,Kg,kg,0.8
2022-04-01,0.85,Sugar (white),Colombia,Bogotá,WHOLESALE,Kg,kg,0.85
2022-05-01,0.92,Sugar (white),Colombia,Bogotá,WHOLESALE,Kg,kg,0.92
2022-06-01,1.06,Sugar (white),Colombia,Bogotá,WHOLESALE,Kg,kg,1.06
2022-07-01,0.98,Sugar (white),Colombia,Bogotá,WHOLESALE,Kg,kg,0.98
2022-08-01,1.02,Sugar (white),Colombia,Bogotá,WHOLESALE,Kg,kg,1.02
2022-09-01,1.0,Sugar (white),Colombia,Bogotá,WHOLESALE,Kg,kg,1.0
2022-10-01,0.96,Sugar (white),Colombia,Bogotá,WHOLESALE,Kg,kg,0.96
2022-11-01,0.89,Sugar (white),Colombia,Bogotá,WHOLESALE,Kg,kg,0.89
2022-12-01,0.89,Sugar (white),Colombia,Bogotá,WHOLESALE,Kg,kg,0.89
2023-01-01,0.89,Sugar (white),Colombia,Bogotá,WHOLESALE,Kg,kg,0.89
2023-02-01,0.9,Sugar (white),Colombia,Bogotá,WHOLESALE,Kg,kg,0.9
2023-03-01,0.96,Sugar (white),Colombia,Bogotá,WHOLESALE,Kg,kg,0.96
2023-04-01,0.99,Sugar (white),Colombia,Bogotá,WHOLESALE,Kg,kg,0.99
2023-05-01,0.96,Sugar (white),Colombia,Bogotá,WHOLESALE,Kg,kg,0.96
2023-06-01,1.02,Sugar (white),Colombia,Bogotá,WHOLESALE,Kg,kg,1.02
2023-07-01,1.08,Sugar (white),Colombia,Bogotá,WHOLESALE,Kg,kg,1.08
2023-08-01,,Sugar (white),Colombia,Bogotá,WHOLESALE,Kg,kg,
2023-09-01,1.0,Sugar (white),Colombia,Bogotá,WHOLESALE,Kg,kg,1.0
2023-10-01,0.95,Sugar (white),Colombia,Bogotá,WHOLESALE,Kg,kg,0.95
2023-11-01,1.12,Sugar (white),Colombia,Bogotá,WHOLESALE,Kg,kg,1.12
2023-12-01,1.17,Sugar (white),Colombia,Bogotá,WHOLESALE,Kg,kg,1.17
2024-01-01,1.09,Sugar (white),Colombia,Bogotá,WHOLESALE,Kg,kg,1.09
2024-02-01,1.05,Sugar (white),Colombia,Bogotá,WHOLESALE,Kg,kg,1.05
2024-03-01,1.03,Sugar (white),Colombia,Bogotá,WHOLESALE,Kg,kg,1.03
2024-04-01,1.04,Sugar (white),Colombia,Bogotá,WHOLESALE,Kg,kg,1.04
2024-05-01,1.05,Sugar (white),Colombia,Bogotá,WHOLESALE,Kg,kg,1.05
2024-06-01,0.98,Sugar (white),Colombia,Bogotá,WHOLESALE,Kg,kg,0.98
2024-07-01,0.96,Sugar (white),Colombia,Bogotá,WHOLESALE,Kg,kg,0.96
2024-08-01,0.94,Sugar (white),Colombia,Bogotá,WHOLESALE,Kg,kg,0.94
2024-09-01,0.9,Sugar (white),Colombia,Bogotá,WHOLESALE,Kg,kg,0.9
2024-10-01,0.88,Sugar (white),Colombia,Bogotá,WHOLESALE,Kg,kg,0.88
2024-11-01,0.81,Sugar (white),Colombia,Bogotá,WHOLESALE,Kg,kg,0.81
2024-12-01,0.83,Sugar (white),Colombia,Bogotá,WHOLESALE,Kg,kg,0.83
2025-01-01,0.83,Sugar (white),Colombia,Bogotá,WHOLESALE,Kg,kg,0.83
2025-02-01,0.86,Sugar (white),Colombia,Bogotá,WHOLESALE,Kg,kg,0.86
2025-03-01,0.78,Sugar (white),Colombia,Bogotá,WHOLESALE,Kg,kg,0.78
2025-04-01,0.8,Sugar (white),Colombia,Bogotá,WHOLESALE,Kg,kg,0.8
2025-05-01,0.86,Sugar (white),Colombia,Bogotá,WHOLESALE,Kg,kg,0.86
2025-06-01,0.95,Sugar (white),Colombia,Bogotá,WHOLESALE,Kg,kg,0.95
2025-07-01,0.91,Sugar (white),Colombia,Bogotá,WHOLESALE,Kg,kg,0.91
2025-08-01,0.85,Sugar (white),Colombia,Bogotá,WHOLESALE,Kg,kg,0.85
2025-09-01,0.85,Sugar (white),Colombia,Bogotá,WHOLESALE,Kg,kg,0.85
2025-10-01,0.79,Sugar (white),Colombia,Bogotá,WHOLESALE,Kg,kg,0.79
2012-10-01,0.81,Sugar (white),Colombia,Cartagena,WHOLESALE,Kg,kg,0.81
2012-11-01,0.8,Sugar (white),Colombia,Cartagena,WHOLESALE,Kg,kg,0.8
2012-12-01,0.81,Sugar (white),Colombia,Cartagena,WHOLESALE,Kg,kg,0.81
2013-01-01,0.79,Sugar (white),Colombia,Cartagena,WHOLESALE,Kg,kg,0.79
2013-02-01,0.75,Sugar (white),Colombia,Cartagena,WHOLESALE,Kg,kg,0.75
2013-03-01,0.75,Sugar (white),Colombia,Cartagena,WHOLESALE,Kg,kg,0.75
2013-04-01,0.81,Sugar (white),Colombia,Cartagena,WHOLESALE,Kg,kg,0.81
2013-05-01,0.85,Sugar (white),Colombia,Cartagena,WHOLESALE,Kg,kg,0.85
2013-06-01,0.77,Sugar (white),Colombia,Cartagena,WHOLESALE,Kg,kg,0.77
2013-07-01,0.77,Sugar (white),Colombia,Cartagena,WHOLESALE,Kg,kg,0.77
2013-08-01,0.76,Sugar (white),Colombia,Cartagena,WHOLESALE,Kg,kg,0.76
2013-09-01,0.78,Sugar (white),Colombia,Cartagena,WHOLESALE,Kg,kg,0.78
2013-10-01,0.73,Sugar (white),Colombia,Cartagena,WHOLESALE,Kg,kg,0.73
2013-11-01,0.71,Sugar (white),Colombia,Cartagena,WHOLESALE,Kg,kg,0.71
2013-12-01,0.72,Sugar (white),Colombia,Cartagena,WHOLESALE,Kg,kg,0.72
2014-01-01,0.7,Sugar (white),Colombia,Cartagena,WHOLESALE,Kg,kg,0.7
2014-02-01,0.67,Sugar (white),Colombia,Cartagena,WHOLESALE,Kg,kg,0.67
2014-03-01,0.69,Sugar (white),Colombia,Cartagena,WHOLESALE,Kg,kg,0.69
2014-04-01,0.73,Sugar (white),Colombia,Cartagena,WHOLESALE,Kg,kg,0.73
2014-05-01,0.77,Sugar (white),Colombia,Cartagena,WHOLESALE,Kg,kg,0.77
2014-06-01,0.77,Sugar (white),Colombia,Cartagena,WHOLESALE,Kg,kg,0.77
2014-07-01,0.81,Sugar (white),Colombia,Cartagena,WHOLESALE,Kg,kg,0.81
2014-08-01,0.78,Sugar (white),Colombia,Cartagena,WHOLESALE,Kg,kg,0.78
2014-09-01,0.74,Sugar (white),Colombia,Cartagena,WHOLESALE,Kg,kg,0.74
2014-10-01,0.71,Sugar (white),Colombia,Cartagena,WHOLESALE,Kg,kg,0.71
2014-11-01,0.68,Sugar (white),Colombia,Cartagena,WHOLESALE,Kg,kg,0.68
2014-12-01,0.63,Sugar (white),Colombia,Cartagena,WHOLESALE,Kg,kg,0.63
2015-01-01,0.62,Sugar (white),Colombia,Cartagena,WHOLESALE,Kg,kg,0.62
2015-02-01,0.63,Sugar (white),Colombia,Cartagena,WHOLESALE,Kg,kg,0.63
2015-03-01,0.64,Sugar (white),Colombia,Cartagena,WHOLESALE,Kg,kg,0.64
2015-04-01,0.7,Sugar (white),Colombia,Cartagena,WHOLESALE,Kg,kg,0.7
2015-05-01,0.78,Sugar (white),Colombia,Cartagena,WHOLESALE,Kg,kg,0.78
2015-06-01,0.74,Sugar (white),Colombia,Cartagena,WHOLESALE,Kg,kg,0.74
2015-07-01,0.67,Sugar (white),Colombia,Cartagena,WHOLESALE,Kg,kg,0.67
2015-08-01,0.61,Sugar (white),Colombia,Cartagena,WHOLESALE,Kg,kg,0.61
2015-09-01,0.64,Sugar (white),Colombia,Cartagena,WHOLESALE,Kg,kg,0.64
2015-10-01,0.71,Sugar (white),Colombia,Cartagena,WHOLESALE,Kg,kg,0.71
2015-11-01,0.77,Sugar (white),Colombia,Cartagena,WHOLESALE,Kg,kg,0.77
2015-12-01,0.75,Sugar (white),Colombia,Cartagena,WHOLESALE,Kg,kg,0.75
2016-01-01,0.77,Sugar (white),Colombia,Cartagena,WHOLESALE,Kg,kg,0.77
2016-02-01,0.74,Sugar (white),Colombia,Cartagena,WHOLESALE,Kg,kg,0.74
2016-03-01,0.78,Sugar (white),Colombia,Cartagena,WHOLESALE,Kg,kg,0.78
2016-04-01,0.8,Sugar (white),Colombia,Cartagena,WHOLESALE,Kg,kg,0.8
2016-05-01,0.86,Sugar (white),Colombia,Cartagena,WHOLESALE,Kg,kg,0.86
2016-06-01,0.91,Sugar (white),Colombia,Cartagena,WHOLESALE,Kg,kg,0.91
2016-07-01,0.93,Sugar (white),Colombia,Cartagena,WHOLESALE,Kg,kg,0.93
2016-08-01,0.9,Sugar (white),Colombia,Cartagena,WHOLESALE,Kg,kg,0.9
2016-09-01,0.79,Sugar (white),Colombia,Cartagena,WHOLESALE,Kg,kg,0.79
2016-10-01,0.75,Sugar (white),Colombia,Cartagena,WHOLESALE,Kg,kg,0.75
2016-11-01,0.72,Sugar (white),Colombia,Cartagena,WHOLESALE,Kg,kg,0.72
2016-12-01,0.72,Sugar (white),Colombia,Cartagena,WHOLESALE,Kg,kg,0.72
2017-01-01,0.73,Sugar (white),Colombia,Cartagena,WHOLESALE,Kg,kg,0.73
2017-02-01,0.75,Sugar (white),Colombia,Cartagena,WHOLESALE,Kg,kg,0.75
2017-03-01,0.73,Sugar (white),Colombia,Cartagena,WHOLESALE,Kg,kg,0.73
2017-04-01,0.72,Sugar (white),Colombia,Cartagena,WHOLESALE,Kg,kg,0.72
2017-05-01,0.8,Sugar (white),Colombia,Cartagena,WHOLESALE,Kg,kg,0.8
2017-06-01,0.81,Sugar (white),Colombia,Cartagena,WHOLESALE,Kg,kg,0.81
2017-07-01,0.69,Sugar (white),Colombia,Cartagena,WHOLESALE,Kg,kg,0.69
2017-08-01,0.68,Sugar (white),Colombia,Cartagena,WHOLESALE,Kg,kg,0.68
2017-09-01,0.69,Sugar (white),Colombia,Cartagena,WHOLESALE,Kg,kg,0.69
2017-10-01,0.67,Sugar (white),Colombia,Cartagena,WHOLESALE,Kg,kg,0.67
2017-11-01,0.67,Sugar (white),Colombia,Cartagena,WHOLESALE,Kg,kg,0.67
2017-12-01,0.65,Sugar (white),Colombia,Cartagena,WHOLESALE,Kg,kg,0.65
2018-01-01,0.67,Sugar (white),Colombia,Cartagena,WHOLESALE,Kg,kg,0.67
2018-02-01,0.65,Sugar (white),Colombia,Cartagena,WHOLESALE,Kg,kg,0.65
2018-03-01,0.58,Sugar (white),Colombia,Cartagena,WHOLESALE,Kg,kg,0.58
2018-04-01,0.59,Sugar (white),Colombia,Cartagena,WHOLESALE,Kg,kg,0.59
2018-05-01,0.6,Sugar (white),Colombia,Cartagena,WHOLESALE,Kg,kg,0.6
2018-06-01,0.6,Sugar (white),Colombia,Cartagena,WHOLESALE,Kg,kg,0.6
2018-07-01,0.57,Sugar (white),Colombia,Cartagena,WHOLESALE,Kg,kg,0.57
2018-08-01,0.54,Sugar (white),Colombia,Cartagena,WHOLESALE,Kg,kg,0.54
2018-09-01,0.53,Sugar (white),Colombia,Cartagena,WHOLESALE,Kg,kg,0.53
2018-10-01,0.52,Sugar (white),Colombia,Cartagena,WHOLESALE,Kg,kg,0.52
2018-11-01,0.53,Sugar (white),Colombia,Cartagena,WHOLESALE,Kg,kg,0.53
2018-12-01,0.56,Sugar (white),Colombia,Cartagena,WHOLESALE,Kg,kg,0.56
2019-01-01,0.57,Sugar (white),Colombia,Cartagena,WHOLESALE,Kg,kg,0.57
2019-02-01,0.58,Sugar (white),Colombia,Cartagena,WHOLESALE,Kg,kg,0.58
2019-03-01,0.59,Sugar (white),Colombia,Cartagena,WHOLESALE,Kg,kg,0.59
2019-04-01,0.63,Sugar (white),Colombia,Cartagena,WHOLESALE,Kg,kg,0.63
2019-05-01,0.7,Sugar (white),Colombia,Cartagena,WHOLESALE,Kg,kg,0.7
2019-06-01,0.71,Sugar (white),Colombia,Cartagena,WHOLESALE,Kg,kg,0.71
2019-07-01,0.67,Sugar (white),Colombia,Cartagena,WHOLESALE,Kg,kg,0.67
2019-08-01,0.62,Sugar (white),Colombia,Cartagena,WHOLESALE,Kg,kg,0.62
2019-09-01,0.6,Sugar (white),Colombia,Cartagena,WHOLESALE,Kg,kg,0.6
2019-10-01,0.59,Sugar (white),Colombia,Cartagena,WHOLESALE,Kg,kg,0.59
2019-11-01,0.66,Sugar (white),Colombia,Cartagena,WHOLESALE,Kg,kg,0.66
2019-12-01,0.62,Sugar (white),Colombia,Cartagena,WHOLESALE,Kg,kg,0.62
2020-01-01,0.61,Sugar (white),Colombia,Cartagena,WHOLESALE,Kg,kg,0.61
2020-02-01,0.63,Sugar (white),Colombia,Cartagena,WHOLESALE,Kg,kg,0.63
2020-03-01,0.58,Sugar (white),Colombia,Cartagena,WHOLESALE,Kg,kg,0.58
2020-04-01,0.61,Sugar (white),Colombia,Cartagena,WHOLESALE,Kg,kg,0.61
2020-05-01,0.58,Sugar (white),Colombia,Cartagena,WHOLESALE,Kg,kg,0.58
2020-06-01,0.59,Sugar (white),Colombia,Cartagena,WHOLESALE,Kg,kg,0.59
2020-07-01,0.6,Sugar (white),Colombia,Cartagena,WHOLESALE,Kg,kg,0.6
2020-08-01,0.55,Sugar (white),Colombia,Cartagena,WHOLESALE,Kg,kg,0.55
2020-09-01,0.56,Sugar (white),Colombia,Cartagena,WHOLESALE,Kg,kg,0.56
2020-10-01,0.54,Sugar (white),Colombia,Cartagena,WHOLESALE,Kg,kg,0.54
2020-11-01,0.56,Sugar (white),Colombia,Cartagena,WHOLESALE,Kg,kg,0.56
2020-12-01,0.58,Sugar (white),Colombia,Cartagena,WHOLESALE,Kg,kg,0.58
2021-01-01,0.57,Sugar (white),Colombia,Cartagena,WHOLESALE,Kg,kg,0.57
2021-02-01,0.55,Sugar (white),Colombia,Cartagena,WHOLESALE,Kg,kg,0.55
2021-03-01,0.62,Sugar (white),Colombia,Cartagena,WHOLESALE,Kg,kg,0.62
2021-04-01,0.68,Sugar (white),Colombia,Cartagena,WHOLESALE,Kg,kg,0.68
2021-05-01,0.78,Sugar (white),Colombia,Cartagena,WHOLESALE,Kg,kg,0.78
2021-06-01,0.91,Sugar (white),Colombia,Cartagena,WHOLESALE,Kg,kg,0.91
2021-07-01,0.77,Sugar (white),Colombia,Cartagena,WHOLESALE,Kg,kg,0.77
2021-08-01,0.78,Sugar (white),Colombia,Cartagena,WHOLESALE,Kg,kg,0.78
2021-09-01,0.75,Sugar (white),Colombia,Cartagena,WHOLESALE,Kg,kg,0.75
2021-10-01,0.74,Sugar (white),Colombia,Cartagena,WHOLESALE,Kg,kg,0.74
2021-11-01,0.72,Sugar (white),Colombia,Cartagena,WHOLESALE,Kg,kg,0.72
2021-12-01,0.74,Sugar (white),Colombia,Cartagena,WHOLESALE,Kg,kg,0.74
2022-01-01,0.73,Sugar (white),Colombia,Cartagena,WHOLESALE,Kg,kg,0.73
2022-02-01,0.72,Sugar (white),Colombia,Cartagena,WHOLESALE,Kg,kg,0.72
2022-03-01,0.81,Sugar (white),Colombia,Cartagena,WHOLESALE,Kg,kg,0.81
2022-04-01,0.88,Sugar (white),Colombia,Cartagena,WHOLESALE,Kg,kg,0.88
2022-05-01,0.95,Sugar (white),Colombia,Cartagena,WHOLESALE,Kg,kg,0.95
2022-06-01,1.01,Sugar (white),Colombia,Cartagena,WHOLESALE,Kg,kg,1.01
2022-07-01,0.98,Sugar (white),Colombia,Cartagena,WHOLESALE,Kg,kg,0.98
2022-08-01,1.03,Sugar (white),Colombia,Cartagena,WHOLESALE,Kg,kg,1.03
2022-09-01,0.97,Sugar (white),Colombia,Cartagena,WHOLESALE,Kg,kg,0.97
2022-10-01,0.85,Sugar (white),Colombia,Cartagena,WHOLESALE,Kg,kg,0.85
2022-11-01,0.81,Sugar (white),Colombia,Cartagena,WHOLESALE,Kg,kg,0.81
2022-12-01,0.84,Sugar (white),Colombia,Cartagena,WHOLESALE,Kg,kg,0.84
2023-01-01,0.85,Sugar (white),Colombia,Cartagena,WHOLESALE,Kg,kg,0.85
2023-02-01,0.83,Sugar (white),Colombia,Cartagena,WHOLESALE,Kg,kg,0.83
2023-03-01,0.82,Sugar (white),Colombia,Cartagena,WHOLESALE,Kg,kg,0.82
2023-04-01,0.86,Sugar (white),Colombia,Cartagena,WHOLESALE,Kg,kg,0.86
2023-05-01,0.91,Sugar (white),Colombia,Cartagena,WHOLESALE,Kg,kg,0.91
2023-06-01,0.96,Sugar (white),Colombia,Cartagena,WHOLESALE,Kg,kg,0.96
2023-07-01,0.95,Sugar (white),Colombia,Cartagena,WHOLESALE,Kg,kg,0.95
2023-08-01,0.93,Sugar (white),Colombia,Cartagena,WHOLESALE,Kg,kg,0.93
2023-09-01,0.94,Sugar (white),Colombia,Cartagena,WHOLESALE,Kg,kg,0.94
2023-10-01,0.91,Sugar (white),Colombia,Cartagena,WHOLESALE,Kg,kg,0.91
2023-11-01,1.1,Sugar (white),Colombia,Cartagena,WHOLESALE,Kg,kg,1.1
2023-12-01,1.03,Sugar (white),Colombia,Cartagena,WHOLESALE,Kg,kg,1.03
2024-01-01,0.99,Sugar (white),Colombia,Cartagena,WHOLESALE,Kg,kg,0.99
2024-02-01,0.96,Sugar (white),Colombia,Cartagena,WHOLESALE,Kg,kg,0.96
2024-03-01,0.95,Sugar (white),Colombia,Cartagena,WHOLESALE,Kg,kg,0.95
2024-04-01,0.98,Sugar (white),Colombia,Cartagena,WHOLESALE,Kg,kg,0.98
2024-05-01,0.95,Sugar (white),Colombia,Cartagena,WHOLESALE,Kg,kg,0.95
2024-06-01,0.87,Sugar (white),Colombia,Cartagena,WHOLESALE,Kg,kg,0.87
2024-07-01,0.9,Sugar (white),Colombia,Cartagena,WHOLESALE,Kg,kg,0.9
2024-08-01,0.89,Sugar (white),Colombia,Cartagena,WHOLESALE,Kg,kg,0.89
2024-09-01,0.81,Sugar (white),Colombia,Cartagena,WHOLESALE,Kg,kg,0.81
2024-10-01,0.78,Sugar (white),Colombia,Cartagena,WHOLESALE,Kg,kg,0.78
2024-11-01,0.76,Sugar (white),Colombia,Cartagena,WHOLESALE,Kg,kg,0.76
2024-12-01,0.71,Sugar (white),Colombia,Cartagena,WHOLESALE,Kg,kg,0.71
2025-01-01,0.68,Sugar (white),Colombia,Cartagena,WHOLESALE,Kg,kg,0.68
2025-02-01,0.7,Sugar (white),Colombia,Cartagena,WHOLESALE,Kg,kg,0.7
2025-03-01,0.75,Sugar (white),Colombia,Cartagena,WHOLESALE,Kg,kg,0.75
2025-04-01,0.81,Sugar (white),Colombia,Cartagena,WHOLESALE,Kg,kg,0.81
2025-05-01,0.88,Sugar (white),Colombia,Cartagena,WHOLESALE,Kg,kg,0.88
2025-06-01,0.88,Sugar (white),Colombia,Cartagena,WHOLESALE,Kg,kg,0.88
2025-07-01,0.84,Sugar (white),Colombia,Cartagena,WHOLESALE,Kg,kg,0.84
2025-08-01,0.8,Sugar (white),Colombia,Cartagena,WHOLESALE,Kg,kg,0.8
2025-09-01,0.82,Sugar (white),Colombia,Cartagena,WHOLESALE,Kg,kg,0.82
2025-10-01,0.75,Sugar (white),Colombia,Cartagena,WHOLESALE,Kg,kg,0.75
2025-11-01,2920.0,Sugar (white),Colombia,Cartagena,WHOLESALE,Kg,kg,2920.0
2019-01-01,0.37,Sugar (white),Nicaragua,National Average,RETAIL,Libra,kg,0.8157110354679977
2019-02-01,0.37,Sugar (white),Nicaragua,National Average,RETAIL,Libra,kg,0.8157110354679977
2019-03-01,0.38,Sugar (white),Nicaragua,National Average,RETAIL,Libra,kg,0.8377572796698355
2019-04-01,0.38,Sugar (white),Nicaragua,National Average,RETAIL,Libra,kg,0.8377572796698355
2019-05-01,0.38,Sugar (white),Nicaragua,National Average,RETAIL,Libra,kg,0.8377572796698355
2019-06-01,0.38,Sugar (white),Nicaragua,National Average,RETAIL,Libra,kg,0.8377572796698355
2019-07-01,0.38,Sugar (white),Nicaragua,National Average,RETAIL,Libra,kg,0.8377572796698355
2019-08-01,0.38,Sugar (white),Nicaragua,National Average,RETAIL,Libra,kg,0.8377572796698355
2019-09-01,0.38,Sugar (white),Nicaragua,National Average,RETAIL,Libra,kg,0.8377572796698355
2019-10-01,0.38,Sugar (white),Nicaragua,National Average,RETAIL,Libra,kg,0.8377572796698355
2019-11-01,0.37,Sugar (white),Nicaragua,National Average,RETAIL,Libra,kg,0.8157110354679977
2019-12-01,0.37,Sugar (white),Nicaragua,National Average,RETAIL,Libra,kg,0.8157110354679977
2020-01-01,0.37,Sugar (white),Nicaragua,National Average,RETAIL,Libra,kg,0.8157110354679977
2020-02-01,0.38,Sugar (white),Nicaragua,National Average,RETAIL,Libra,kg,0.8377572796698355
2020-03-01,0.38,Sugar (white),Nicaragua,National Average,RETAIL,Libra,kg,0.8377572796698355
2020-04-01,0.38,Sugar (white),Nicaragua,National Average,RETAIL,Libra,kg,0.8377572796698355
2020-05-01,0.38,Sugar (white),Nicaragua,National Average,RETAIL,Libra,kg,0.8377572796698355
2020-06-01,0.38,Sugar (white),Nicaragua,National Average,RETAIL,Libra,kg,0.8377572796698355
2020-07-01,0.38,Sugar (white),Nicaragua,National Average,RETAIL,Libra,kg,0.8377572796698355
2020-08-01,0.38,Sugar (white),Nicaragua,National Average,RETAIL,Libra,kg,0.8377572796698355
2020-09-01,0.38,Sugar (white),Nicaragua,National Average,RETAIL,Libra,kg,0.8377572796698355
2020-10-01,0.38,Sugar (white),Nicaragua,National Average,RETAIL,Libra,kg,0.8377572796698355
2020-11-01,0.38,Sugar (white),Nicaragua,National Average,RETAIL,Libra,kg,0.8377572796698355
2020-12-01,0.38,Sugar (white),Nicaragua,National Average,RETAIL,Libra,kg,0.8377572796698355
2021-01-01,0.38,Sugar (white),Nicaragua,National Average,RETAIL,Libra,kg,0.8377572796698355
2021-02-01,0.38,Sugar (white),Nicaragua,National Average,RETAIL,Libra,kg,0.8377572796698355
2021-03-01,0.38,Sugar (white),Nicaragua,National Average,RETAIL,Libra,kg,0.8377572796698355
2021-04-01,0.38,Sugar (white),Nicaragua,National Average,RETAIL,Libra,kg,0.8377572796698355
2021-05-01,0.38,Sugar (white),Nicaragua,National Average,RETAIL,Libra,kg,0.8377572796698355
2021-06-01,0.38,Sugar (white),Nicaragua,National Average,RETAIL,Libra,kg,0.8377572796698355
2021-07-01,0.38,Sugar (white),Nicaragua,National Average,RETAIL,Libra,kg,0.8377572796698355
2021-08-01,0.38,Sugar (white),Nicaragua,National Average,RETAIL,Libra,kg,0.8377572796698355
2021-09-01,0.38,Sugar (white),Nicaragua,National Average,RETAIL,Libra,kg,0.8377572796698355
2021-10-01,0.38,Sugar (white),Nicaragua,National Average,RETAIL,Libra,kg,0.8377572796698355
2021-11-01,0.38,Sugar (white),Nicaragua,National Average,RETAIL,Libra,kg,0.8377572796698355
2021-12-01,0.38,Sugar (white),Nicaragua,National Average,RETAIL,Libra,kg,0.8377572796698355
2022-01-01,0.38,Sugar (white),Nicaragua,National Average,RETAIL,Libra,kg,0.8377572796698355
2022-02-01,0.38,Sugar (white),Nicaragua,National Average,RETAIL,Libra,kg,0.8377572796698355
2022-03-01,0.38,Sugar (white),Nicaragua,National Average,RETAIL,Libra,kg,0.8377572796698355
2022-04-01,0.39,Sugar (white),Nicaragua,National Average,RETAIL,Libra,kg,0.8598035238716732
2022-05-01,0.39,Sugar (white),Nicaragua,National Average,RETAIL,Libra,kg,0.8598035238716732
2022-06-01,0.39,Sugar (white),Nicaragua,National Average,RETAIL,Libra,kg,0.8598035238716732
2022-07-01,0.39,Sugar (white),Nicaragua,National Average,RETAIL,Libra,kg,0.8598035238716732
2022-08-01,0.39,Sugar (white),Nicaragua,National Average,RETAIL,Libra,kg,0.8598035238716732
2022-09-01,0.39,Sugar (white),Nicaragua,National Average,RETAIL,Libra,kg,0.8598035238716732
2022-10-01,0.39,Sugar (white),Nicaragua,National Average,RETAIL,Libra,kg,0.8598035238716732
2022-11-01,0.4,Sugar (white),Nicaragua,National Average,RETAIL,Libra,kg,0.881849768073511
2022-12-01,0.39,Sugar (white),Nicaragua,National Average,RETAIL,Libra,kg,0.8598035238716732
2023-01-01,0.39,Sugar (white),Nicaragua,National Average,RETAIL,Libra,kg,0.8598035238716732
2023-02-01,0.4,Sugar (white),Nicaragua,National Average,RETAIL,Libra,kg,0.881849768073511
2023-03-01,0.4,Sugar (white),Nicaragua,National Average,RETAIL,Libra,kg,0.881849768073511
2023-04-01,0.4,Sugar (white),Nicaragua,National Average,RETAIL,Libra,kg,0.881849768073511
2023-05-01,0.4,Sugar (white),Nicaragua,National Average,RETAIL,Libra,kg,0.881849768073511
2023-06-01,0.4,Sugar (white),Nicaragua,National Average,RETAIL,Libra,kg,0.881849768073511
2023-07-01,0.41,Sugar (white),Nicaragua,National Average,RETAIL,Libra,kg,0.9038960122753488
2023-08-01,0.41,Sugar (white),Nicaragua,National Average,RETAIL,Libra,kg,0.9038960122753488
2023-09-01,0.41,Sugar (white),Nicaragua,National Average,RETAIL,Libra,kg,0.9038960122753488
2023-10-01,0.41,Sugar (white),Nicaragua,National Average,RETAIL,Libra,kg,0.9038960122753488
2023-11-01,0.41,Sugar (white),Nicaragua,National Average,RETAIL,Libra,kg,0.9038960122753488
2023-12-01,0.42,Sugar (white),Nicaragua,National Average,RETAIL,Libra,kg,0.9259422564771865
2024-01-01,0.42,Sugar (white),Nicaragua,National Average,RETAIL,Libra,kg,0.9259422564771865
2024-02-01,0.42,Sugar (white),Nicaragua,National Average,RETAIL,Libra,kg,0.9259422564771865
2024-03-01,0.42,Sugar (white),Nicaragua,National Average,RETAIL,Libra,kg,0.9259422564771865
2024-04-01,0.42,Sugar (white),Nicaragua,National Average,RETAIL,Libra,kg,0.9259422564771865
2024-05-01,0.42,Sugar (white),Nicaragua,National Average,RETAIL,Libra,kg,0.9259422564771865
2024-06-01,0.42,Sugar (white),Nicaragua,National Average,RETAIL,Libra,kg,0.9259422564771865
2024-07-01,0.43,Sugar (white),Nicaragua,National Average,RETAIL,Libra,kg,0.9479885006790243
2024-08-01,0.43,Sugar (white),Nicaragua,National Average,RETAIL,Libra,kg,0.9479885006790243
2024-09-01,0.43,Sugar (white),Nicaragua,National Average,RETAIL,Libra,kg,0.9479885006790243
2024-10-01,0.43,Sugar (white),Nicaragua,National Average,RETAIL,Libra,kg,0.9479885006790243
2024-11-01,0.43,Sugar (white),Nicaragua,National Average,RETAIL,Libra,kg,0.9479885006790243
2024-12-01,0.43,Sugar (white),Nicaragua,National Average,RETAIL,Libra,kg,0.9479885006790243
2025-01-01,0.43,Sugar (white),Nicaragua,National Average,RETAIL,Libra,kg,0.9479885006790243
2025-02-01,0.43,Sugar (white),Nicaragua,National Average,RETAIL,Libra,kg,0.9479885006790243
2025-03-01,0.43,Sugar (white),Nicaragua,National Average,RETAIL,Libra,kg,0.9479885006790243
2025-04-01,0.44,Sugar (white),Nicaragua,National Average,RETAIL,Libra,kg,0.9700347448808622
2025-05-01,0.44,Sugar (white),Nicaragua,National Average,RETAIL,Libra,kg,0.9700347448808622
2025-06-01,0.44,Sugar (white),Nicaragua,National Average,RETAIL,Libra,kg,0.9700347448808622
2025-07-01,0.44,Sugar (white),Nicaragua,National Average,RETAIL,Libra,kg,0.9700347448808622
2025-08-01,0.44,Sugar (white),Nicaragua,National Average,RETAIL,Libra,kg,0.9700347448808622
2025-09-01,0.44,Sugar (white),Nicaragua,National Average,RETAIL,Libra,kg,0.9700347448808622
2025-10-01,0.44,Sugar (white),Nicaragua,National Average,RETAIL,Libra,kg,0.9700347448808622
2000-01-01,1.54,Sugar (white),South Africa,National Average,RETAIL,2.5 kg,kg,0.616
2000-02-01,1.52,Sugar (white),South Africa,National Average,RETAIL,2.5 kg,kg,0.608
2000-03-01,1.52,Sugar (white),South Africa,National Average,RETAIL,2.5 kg,kg,0.608
2000-04-01,1.5,Sugar (white),South Africa,National Average,RETAIL,2.5 kg,kg,0.6
2000-05-01,1.42,Sugar (white),South Africa,National Average,RETAIL,2.5 kg,kg,0.568
2000-06-01,1.45,Sugar (white),South Africa,National Average,RETAIL,2.5 kg,kg,0.58
2000-07-01,1.46,Sugar (white),South Africa,National Average,RETAIL,2.5 kg,kg,0.584
2000-08-01,1.45,Sugar (white),South Africa,National Average,RETAIL,2.5 kg,kg,0.58
2000-09-01,1.4,Sugar (white),South Africa,National Average,RETAIL,2.5 kg,kg,0.5599999999999999
2000-10-01,1.35,Sugar (white),South Africa,National Average,RETAIL,2.5 kg,kg,0.54
2000-11-01,1.31,Sugar (white),South Africa,National Average,RETAIL,2.5 kg,kg,0.524
2000-12-01,1.32,Sugar (white),South Africa,National Average,RETAIL,2.5 kg,kg,0.528
2001-01-01,1.3,Sugar (white),South Africa,National Average,RETAIL,2.5 kg,kg,0.52
2001-02-01,1.3,Sugar (white),South Africa,National Average,RETAIL,2.5 kg,kg,0.52
2001-03-01,1.3,Sugar (white),South Africa,National Average,RETAIL,2.5 kg,kg,0.52
2001-04-01,1.3,Sugar (white),South Africa,National Average,RETAIL,2.5 kg,kg,0.52
2001-05-01,1.33,Sugar (white),South Africa,National Average,RETAIL,2.5 kg,kg,0.532
2001-06-01,1.31,Sugar (white),South Africa,National Average,RETAIL,2.5 kg,kg,0.524
2001-07-01,1.31,Sugar (white),South Africa,National Average,RETAIL,2.5 kg,kg,0.524
2001-08-01,1.28,Sugar (white),South Africa,National Average,RETAIL,2.5 kg,kg,0.512
2001-09-01,1.24,Sugar (white),South Africa,National Average,RETAIL,2.5 kg,kg,0.496
2001-10-01,1.15,Sugar (white),South Africa,National Average,RETAIL,2.5 kg,kg,0.45999999999999996
2001-11-01,1.1,Sugar (white),South Africa,National Average,RETAIL,2.5 kg,kg,0.44000000000000006
2001-12-01,0.93,Sugar (white),South Africa,National Average,RETAIL,2.5 kg,kg,0.372
2002-01-01,0.93,Sugar (white),South Africa,National Average,RETAIL,2.5 kg,kg,0.372
2002-02-01,0.95,Sugar (white),South Africa,National Average,RETAIL,2.5 kg,kg,0.38
2002-03-01,0.98,Sugar (white),South Africa,National Average,RETAIL,2.5 kg,kg,0.392
2002-04-01,1.04,Sugar (white),South Africa,National Average,RETAIL,2.5 kg,kg,0.41600000000000004
2002-05-01,1.14,Sugar (white),South Africa,National Average,RETAIL,2.5 kg,kg,0.45599999999999996
2002-06-01,1.15,Sugar (white),South Africa,National Average,RETAIL,2.5 kg,kg,0.45999999999999996
2002-07-01,1.17,Sugar (white),South Africa,National Average,RETAIL,2.5 kg,kg,0.46799999999999997
2002-08-01,1.13,Sugar (white),South Africa,National Average,RETAIL,2.5 kg,kg,0.45199999999999996
2002-09-01,1.15,Sugar (white),South Africa,National Average,RETAIL,2.5 kg,kg,0.45999999999999996
2002-10-01,1.16,Sugar (white),South Africa,National Average,RETAIL,2.5 kg,kg,0.46399999999999997
2002-11-01,1.23,Sugar (white),South Africa,National Average,RETAIL,2.5 kg,kg,0.492
2002-12-01,1.36,Sugar (white),South Africa,National Average,RETAIL,2.5 kg,kg,0.544
2003-01-01,1.41,Sugar (white),South Africa,National Average,RETAIL,2.5 kg,kg,0.564
2003-02-01,1.48,Sugar (white),South Africa,National Average,RETAIL,2.5 kg,kg,0.592
2003-03-01,1.51,Sugar (white),South Africa,National Average,RETAIL,2.5 kg,kg,0.604
2003-04-01,1.61,Sugar (white),South Africa,National Average,RETAIL,2.5 kg,kg,0.644
2003-05-01,1.63,Sugar (white),South Africa,National Average,RETAIL,2.5 kg,kg,0.6519999999999999
2003-06-01,1.57,Sugar (white),South Africa,National Average,RETAIL,2.5 kg,kg,0.628
2003-07-01,1.64,Sugar (white),South Africa,National Average,RETAIL,2.5 kg,kg,0.6559999999999999
2003-08-01,1.71,Sugar (white),South Africa,National Average,RETAIL,2.5 kg,kg,0.6839999999999999
2003-09-01,1.72,Sugar (white),South Africa,National Average,RETAIL,2.5 kg,kg,0.688
2003-10-01,1.81,Sugar (white),South Africa,National Average,RETAIL,2.5 kg,kg,0.724
2003-11-01,1.86,Sugar (white),South Africa,National Average,RETAIL,2.5 kg,kg,0.744
2003-12-01,1.86,Sugar (white),South Africa,National Average,RETAIL,2.5 kg,kg,0.744
2004-01-01,1.78,Sugar (white),South Africa,National Average,RETAIL,2.5 kg,kg,0.712
2004-02-01,1.83,Sugar (white),South Africa,National Average,RETAIL,2.5 kg,kg,0.732
2004-03-01,1.86,Sugar (white),South Africa,National Average,RETAIL,2.5 kg,kg,0.744
2004-04-01,1.87,Sugar (white),South Africa,National Average,RETAIL,2.5 kg,kg,0.748
2004-05-01,1.83,Sugar (white),South Africa,National Average,RETAIL,2.5 kg,kg,0.732
2004-06-01,1.9,Sugar (white),South Africa,National Average,RETAIL,2.5 kg,kg,0.76
2004-07-01,2.01,Sugar (white),South Africa,National Average,RETAIL,2.5 kg,kg,0.8039999999999999
2004-08-01,1.9,Sugar (white),South Africa,National Average,RETAIL,2.5 kg,kg,0.76
2004-09-01,1.88,Sugar (white),South Africa,National Average,RETAIL,2.5 kg,kg,0.752
2004-10-01,1.91,Sugar (white),South Africa,National Average,RETAIL,2.5 kg,kg,0.764
2004-11-01,2.07,Sugar (white),South Africa,National Average,RETAIL,2.5 kg,kg,0.828
2004-12-01,2.2,Sugar (white),South Africa,National Average,RETAIL,2.5 kg,kg,0.8800000000000001
2005-01-01,2.13,Sugar (white),South Africa,National Average,RETAIL,2.5 kg,kg,0.852
2005-02-01,2.08,Sugar (white),South Africa,National Average,RETAIL,2.5 kg,kg,0.8320000000000001
2005-03-01,2.08,Sugar (white),South Africa,National Average,RETAIL,2.5 kg,kg,0.8320000000000001
2005-04-01,2.11,Sugar (white),South Africa,National Average,RETAIL,2.5 kg,kg,0.844
2005-05-01,2.05,Sugar (white),South Africa,National Average,RETAIL,2.5 kg,kg,0.82
2005-06-01,1.93,Sugar (white),South Africa,National Average,RETAIL,2.5 kg,kg,0.772
2005-07-01,1.94,Sugar (white),South Africa,National Average,RETAIL,2.5 kg,kg,0.776
2005-08-01,1.95,Sugar (white),South Africa,National Average,RETAIL,2.5 kg,kg,0.78
2005-09-01,1.99,Sugar (white),South Africa,National Average,RETAIL,2.5 kg,kg,0.796
2005-10-01,1.93,Sugar (white),South Africa,National Average,RETAIL,2.5 kg,kg,0.772
2005-11-01,1.9,Sugar (white),South Africa,National Average,RETAIL,2.5 kg,kg,0.76
2005-12-01,2.01,Sugar (white),South Africa,National Average,RETAIL,2.5 kg,kg,0.8039999999999999
2006-01-01,2.19,Sugar (white),South Africa,National Average,RETAIL,2.5 kg,kg,0.876
2006-02-01,2.22,Sugar (white),South Africa,National Average,RETAIL,2.5 kg,kg,0.8880000000000001
2006-03-01,2.17,Sugar (white),South Africa,National Average,RETAIL,2.5 kg,kg,0.868
2006-04-01,2.23,Sugar (white),South Africa,National Average,RETAIL,2.5 kg,kg,0.892
2006-05-01,2.14,Sugar (white),South Africa,National Average,RETAIL,2.5 kg,kg,0.8560000000000001
2006-06-01,1.98,Sugar (white),South Africa,National Average,RETAIL,2.5 kg,kg,0.792
2006-07-01,1.93,Sugar (white),South Africa,National Average,RETAIL,2.5 kg,kg,0.772
2006-08-01,1.99,Sugar (white),South Africa,National Average,RETAIL,2.5 kg,kg,0.796
2006-09-01,1.84,Sugar (white),South Africa,National Average,RETAIL,2.5 kg,kg,0.736
2006-10-01,1.79,Sugar (white),South Africa,National Average,RETAIL,2.5 kg,kg,0.716
2006-11-01,1.91,Sugar (white),South Africa,National Average,RETAIL,2.5 kg,kg,0.764
2006-12-01,2.0,Sugar (white),South Africa,National Average,RETAIL,2.5 kg,kg,0.8
2007-01-01,2.01,Sugar (white),South Africa,National Average,RETAIL,2.5 kg,kg,0.8039999999999999
2007-02-01,1.99,Sugar (white),South Africa,National Average,RETAIL,2.5 kg,kg,0.796
2007-03-01,1.91,Sugar (white),South Africa,National Average,RETAIL,2.5 kg,kg,0.764
2007-04-01,1.99,Sugar (white),South Africa,National Average,RETAIL,2.5 kg,kg,0.796
2007-05-01,2.02,Sugar (white),South Africa,National Average,RETAIL,2.5 kg,kg,0.808
2007-06-01,1.97,Sugar (white),South Africa,National Average,RETAIL,2.5 kg,kg,0.788
2007-07-01,2.05,Sugar (white),South Africa,National Average,RETAIL,2.5 kg,kg,0.82
2007-08-01,2.01,Sugar (white),South Africa,National Average,RETAIL,2.5 kg,kg,0.8039999999999999
2007-09-01,2.11,Sugar (white),South Africa,National Average,RETAIL,2.5 kg,kg,0.844
2007-10-01,2.24,Sugar (white),South Africa,National Average,RETAIL,2.5 kg,kg,0.8960000000000001
2007-11-01,2.27,Sugar (white),South Africa,National Average,RETAIL,2.5 kg,kg,0.908
2007-12-01,2.17,Sugar (white),South Africa,National Average,RETAIL,2.5 kg,kg,0.868
2008-01-01,2.11,Sugar (white),South Africa,National Average,RETAIL,2.5 kg,kg,0.844
2008-02-01,1.92,Sugar (white),South Africa,National Average,RETAIL,2.5 kg,kg,0.768
2008-03-01,1.81,Sugar (white),South Africa,National Average,RETAIL,2.5 kg,kg,0.724
2008-04-01,1.89,Sugar (white),South Africa,National Average,RETAIL,2.5 kg,kg,0.756
2008-05-01,1.97,Sugar (white),South Africa,National Average,RETAIL,2.5 kg,kg,0.788
2008-06-01,1.91,Sugar (white),South Africa,National Average,RETAIL,2.5 kg,kg,0.764
2008-07-01,2.06,Sugar (white),South Africa,National Average,RETAIL,2.5 kg,kg,0.8240000000000001
2008-08-01,2.17,Sugar (white),South Africa,National Average,RETAIL,2.5 kg,kg,0.868
2008-09-01,2.02,Sugar (white),South Africa,National Average,RETAIL,2.5 kg,kg,0.808
2008-10-01,1.71,Sugar (white),South Africa,National Average,RETAIL,2.5 kg,kg,0.6839999999999999
2008-11-01,1.66,Sugar (white),South Africa,National Average,RETAIL,2.5 kg,kg,0.6639999999999999
2008-12-01,1.64,Sugar (white),South Africa,National Average,RETAIL,2.5 kg,kg,0.6559999999999999
2009-01-01,1.69,Sugar (white),South Africa,National Average,RETAIL,2.5 kg,kg,0.6759999999999999
2009-02-01,1.67,Sugar (white),South Africa,National Average,RETAIL,2.5 kg,kg,0.6679999999999999
2009-03-01,1.62,Sugar (white),South Africa,National Average,RETAIL,2.5 kg,kg,0.648
2009-04-01,1.96,Sugar (white),South Africa,National Average,RETAIL,2.5 kg,kg,0.784
2009-05-01,2.15,Sugar (white),South Africa,National Average,RETAIL,2.5 kg,kg,0.86
2009-06-01,2.24,Sugar (white),South Africa,National Average,RETAIL,2.5 kg,kg,0.8960000000000001
2009-07-01,2.27,Sugar (white),South Africa,National Average,RETAIL,2.5 kg,kg,0.908
2009-08-01,2.29,Sugar (white),South Africa,National Average,RETAIL,2.5 kg,kg,0.916
2009-09-01,2.41,Sugar (white),South Africa,National Average,RETAIL,2.5 kg,kg,0.9640000000000001
2009-10-01,2.43,Sugar (white),South Africa,National Average,RETAIL,2.5 kg,kg,0.9720000000000001
2009-11-01,2.42,Sugar (white),South Africa,National Average,RETAIL,2.5 kg,kg,0.968
2009-12-01,2.43,Sugar (white),South Africa,National Average,RETAIL,2.5 kg,kg,0.9720000000000001
2010-01-01,2.43,Sugar (white),South Africa,National Average,RETAIL,2.5 kg,kg,0.9720000000000001
2010-02-01,2.36,Sugar (white),South Africa,National Average,RETAIL,2.5 kg,kg,0.944
2010-03-01,2.57,Sugar (white),South Africa,National Average,RETAIL,2.5 kg,kg,1.028
2010-04-01,2.57,Sugar (white),South Africa,National Average,RETAIL,2.5 kg,kg,1.028
2010-05-01,2.52,Sugar (white),South Africa,National Average,RETAIL,2.5 kg,kg,1.008
2010-06-01,2.5,Sugar (white),South Africa,National Average,RETAIL,2.5 kg,kg,1.0
2010-07-01,2.5,Sugar (white),South Africa,National Average,RETAIL,2.5 kg,kg,1.0
2010-08-01,2.59,Sugar (white),South Africa,National Average,RETAIL,2.5 kg,kg,1.036
2010-09-01,2.66,Sugar (white),South Africa,National Average,RETAIL,2.5 kg,kg,1.064
2010-10-01,2.72,Sugar (white),South Africa,National Average,RETAIL,2.5 kg,kg,1.088
2010-11-01,2.72,Sugar (white),South Africa,National Average,RETAIL,2.5 kg,kg,1.088
2010-12-01,2.7,Sugar (white),South Africa,National Average,RETAIL,2.5 kg,kg,1.08
2011-01-01,2.77,Sugar (white),South Africa,National Average,RETAIL,2.5 kg,kg,1.108
2011-02-01,2.81,Sugar (white),South Africa,National Average,RETAIL,2.5 kg,kg,1.124
2011-03-01,3.0,Sugar (white),South Africa,National Average,RETAIL,2.5 kg,kg,1.2
2011-04-01,3.09,Sugar (white),South Africa,National Average,RETAIL,2.5 kg,kg,1.236
2011-05-01,3.03,Sugar (white),South Africa,National Average,RETAIL,2.5 kg,kg,1.212
2011-06-01,3.07,Sugar (white),South Africa,National Average,RETAIL,2.5 kg,kg,1.228
2011-07-01,3.06,Sugar (white),South Africa,National Average,RETAIL,2.5 kg,kg,1.224
2011-08-01,2.97,Sugar (white),South Africa,National Average,RETAIL,2.5 kg,kg,1.1880000000000002
2011-09-01,2.93,Sugar (white),South Africa,National Average,RETAIL,2.5 kg,kg,1.1720000000000002
2011-10-01,2.81,Sugar (white),South Africa,National Average,RETAIL,2.5 kg,kg,1.124
2011-11-01,2.71,Sugar (white),South Africa,National Average,RETAIL,2.5 kg,kg,1.084
2011-12-01,2.63,Sugar (white),South Africa,National Average,RETAIL,2.5 kg,kg,1.052
2012-01-01,2.82,Sugar (white),South Africa,National Average,RETAIL,2.5 kg,kg,1.128
2012-02-01,2.89,Sugar (white),South Africa,National Average,RETAIL,2.5 kg,kg,1.1560000000000001
2012-03-01,3.06,Sugar (white),South Africa,National Average,RETAIL,2.5 kg,kg,1.224
2012-04-01,2.91,Sugar (white),South Africa,National Average,RETAIL,2.5 kg,kg,1.1640000000000001
2012-05-01,2.8,Sugar (white),South Africa,National Average,RETAIL,2.5 kg,kg,1.1199999999999999
2012-06-01,2.74,Sugar (white),South Africa,National Average,RETAIL,2.5 kg,kg,1.096
2012-07-01,2.82,Sugar (white),South Africa,National Average,RETAIL,2.5 kg,kg,1.128
2012-08-01,2.76,Sugar (white),South Africa,National Average,RETAIL,2.5 kg,kg,1.1039999999999999
2012-09-01,2.83,Sugar (white),South Africa,National Average,RETAIL,2.5 kg,kg,1.1320000000000001
2012-10-01,2.7,Sugar (white),South Africa,National Average,RETAIL,2.5 kg,kg,1.08
2012-11-01,2.62,Sugar (white),South Africa,National Average,RETAIL,2.5 kg,kg,1.048
2012-12-01,2.64,Sugar (white),South Africa,National Average,RETAIL,2.5 kg,kg,1.056
2013-01-01,2.73,Sugar (white),South Africa,National Average,RETAIL,2.5 kg,kg,1.092
2013-02-01,2.72,Sugar (white),South Africa,National Average,RETAIL,2.5 kg,kg,1.088
2013-03-01,2.7,Sugar (white),South Africa,National Average,RETAIL,2.5 kg,kg,1.08
2013-04-01,2.71,Sugar (white),South Africa,National Average,RETAIL,2.5 kg,kg,1.084
2013-05-01,2.65,Sugar (white),South Africa,National Average,RETAIL,2.5 kg,kg,1.06
2013-06-01,2.54,Sugar (white),South Africa,National Average,RETAIL,2.5 kg,kg,1.016
2013-07-01,2.54,Sugar (white),South Africa,National Average,RETAIL,2.5 kg,kg,1.016
2013-08-01,2.49,Sugar (white),South Africa,National Average,RETAIL,2.5 kg,kg,0.9960000000000001
2013-09-01,2.54,Sugar (white),South Africa,National Average,RETAIL,2.5 kg,kg,1.016
2013-10-01,2.53,Sugar (white),South Africa,National Average,RETAIL,2.5 kg,kg,1.012
2013-11-01,2.46,Sugar (white),South Africa,National Average,RETAIL,2.5 kg,kg,0.984
2013-12-01,2.38,Sugar (white),South Africa,National Average,RETAIL,2.5 kg,kg,0.952
2014-01-01,2.32,Sugar (white),South Africa,National Average,RETAIL,2.5 kg,kg,0.9279999999999999
2014-02-01,2.27,Sugar (white),South Africa,National Average,RETAIL,2.5 kg,kg,0.908
2014-03-01,2.44,Sugar (white),South Africa,National Average,RETAIL,2.5 kg,kg,0.976
2014-04-01,2.48,Sugar (white),South Africa,National Average,RETAIL,2.5 kg,kg,0.992
2014-05-01,2.55,Sugar (white),South Africa,National Average,RETAIL,2.5 kg,kg,1.02
2014-06-01,2.5,Sugar (white),South Africa,National Average,RETAIL,2.5 kg,kg,1.0
2014-07-01,2.52,Sugar (white),South Africa,National Average,RETAIL,2.5 kg,kg,1.008
2014-08-01,2.51,Sugar (white),South Africa,National Average,RETAIL,2.5 kg,kg,1.004
2014-09-01,2.46,Sugar (white),South Africa,National Average,RETAIL,2.5 kg,kg,0.984
2014-10-01,2.37,Sugar (white),South Africa,National Average,RETAIL,2.5 kg,kg,0.9480000000000001
2014-11-01,2.36,Sugar (white),South Africa,National Average,RETAIL,2.5 kg,kg,0.944
2014-12-01,2.27,Sugar (white),South Africa,National Average,RETAIL,2.5 kg,kg,0.908
2015-01-01,2.27,Sugar (white),South Africa,National Average,RETAIL,2.5 kg,kg,0.908
2015-02-01,2.28,Sugar (white),South Africa,National Average,RETAIL,2.5 kg,kg,0.9119999999999999
2015-03-01,2.29,Sugar (white),South Africa,National Average,RETAIL,2.5 kg,kg,0.916
2015-04-01,2.32,Sugar (white),South Africa,National Average,RETAIL,2.5 kg,kg,0.9279999999999999
2015-05-01,2.39,Sugar (white),South Africa,National Average,RETAIL,2.5 kg,kg,0.9560000000000001
2015-06-01,2.3,Sugar (white),South Africa,National Average,RETAIL,2.5 kg,kg,0.9199999999999999
2015-07-01,2.29,Sugar (white),South Africa,National Average,RETAIL,2.5 kg,kg,0.916
2015-08-01,2.19,Sugar (white),South Africa,National Average,RETAIL,2.5 kg,kg,0.876
2015-09-01,2.09,Sugar (white),South Africa,National Average,RETAIL,2.5 kg,kg,0.836
2015-10-01,2.12,Sugar (white),South Africa,National Average,RETAIL,2.5 kg,kg,0.8480000000000001
2015-11-01,2.03,Sugar (white),South Africa,National Average,RETAIL,2.5 kg,kg,0.8119999999999999
2015-12-01,1.87,Sugar (white),South Africa,National Average,RETAIL,2.5 kg,kg,0.748
2016-01-01,1.75,Sugar (white),South Africa,National Average,RETAIL,2.5 kg,kg,0.7
2016-02-01,1.9,Sugar (white),South Africa,National Average,RETAIL,2.5 kg,kg,0.76
2016-03-01,2.01,Sugar (white),South Africa,National Average,RETAIL,2.5 kg,kg,0.8039999999999999
2016-04-01,2.16,Sugar (white),South Africa,National Average,RETAIL,2.5 kg,kg,0.8640000000000001
2016-05-01,2.04,Sugar (white),South Africa,National Average,RETAIL,2.5 kg,kg,0.8160000000000001
2016-06-01,2.12,Sugar (white),South Africa,National Average,RETAIL,2.5 kg,kg,0.8480000000000001
2016-07-01,2.31,Sugar (white),South Africa,National Average,RETAIL,2.5 kg,kg,0.924
2016-08-01,2.65,Sugar (white),South Africa,National Average,RETAIL,2.5 kg,kg,1.06
2016-09-01,2.63,Sugar (white),South Africa,National Average,RETAIL,2.5 kg,kg,1.052
2016-10-01,2.65,Sugar (white),South Africa,National Average,RETAIL,2.5 kg,kg,1.06
2016-11-01,2.65,Sugar (white),South Africa,National Average,RETAIL,2.5 kg,kg,1.06
2016-12-01,2.66,Sugar (white),South Africa,National Average,RETAIL,2.5 kg,kg,1.064
2017-01-01,2.75,Sugar (white),South Africa,National Average,RETAIL,2.5 kg,kg,1.1
2017-02-01,2.79,Sugar (white),South Africa,National Average,RETAIL,2.5 kg,kg,1.116
2017-03-01,3.02,Sugar (white),South Africa,National Average,RETAIL,2.5 kg,kg,1.208
2017-04-01,2.92,Sugar (white),South Africa,National Average,RETAIL,2.5 kg,kg,1.168
2017-05-01,2.99,Sugar (white),South Africa,National Average,RETAIL,2.5 kg,kg,1.1960000000000002
2017-06-01,3.07,Sugar (white),South Africa,National Average,RETAIL,2.5 kg,kg,1.228
2017-07-01,3.02,Sugar (white),South Africa,National Average,RETAIL,2.5 kg,kg,1.208
2017-08-01,2.96,Sugar (white),South Africa,National Average,RETAIL,2.5 kg,kg,1.184
2017-09-01,2.94,Sugar (white),South Africa,National Average,RETAIL,2.5 kg,kg,1.176
2017-10-01,2.82,Sugar (white),South Africa,National Average,RETAIL,2.5 kg,kg,1.128
2017-11-01,2.72,Sugar (white),South Africa,National Average,RETAIL,2.5 kg,kg,1.088
2017-12-01,2.8,Sugar (white),South Africa,National Average,RETAIL,2.5 kg,kg,1.1199999999999999
2018-01-01,3.13,Sugar (white),South Africa,National Average,RETAIL,2.5 kg,kg,1.252
2018-02-01,3.25,Sugar (white),South Africa,National Average,RETAIL,2.5 kg,kg,1.3
2018-03-01,3.24,Sugar (white),South Africa,National Average,RETAIL,2.5 kg,kg,1.296
2018-04-01,3.1,Sugar (white),South Africa,National Average,RETAIL,2.5 kg,kg,1.24
2018-05-01,2.88,Sugar (white),South Africa,National Average,RETAIL,2.5 kg,kg,1.152
2018-06-01,2.71,Sugar (white),South Africa,National Average,RETAIL,2.5 kg,kg,1.084
2018-07-01,2.67,Sugar (white),South Africa,National Average,RETAIL,2.5 kg,kg,1.068
2018-08-01,2.49,Sugar (white),South Africa,National Average,RETAIL,2.5 kg,kg,0.9960000000000001
2018-09-01,2.53,Sugar (white),South Africa,National Average,RETAIL,2.5 kg,kg,1.012
2018-10-01,2.69,Sugar (white),South Africa,National Average,RETAIL,2.5 kg,kg,1.076
2018-11-01,2.81,Sugar (white),South Africa,National Average,RETAIL,2.5 kg,kg,1.124
2018-12-01,2.75,Sugar (white),South Africa,National Average,RETAIL,2.5 kg,kg,1.1
2019-01-01,2.86,Sugar (white),South Africa,National Average,RETAIL,2.5 kg,kg,1.144
2019-02-01,2.91,Sugar (white),South Africa,National Average,RETAIL,2.5 kg,kg,1.1640000000000001
2019-03-01,2.76,Sugar (white),South Africa,National Average,RETAIL,2.5 kg,kg,1.1039999999999999
2019-04-01,2.8,Sugar (white),South Africa,National Average,RETAIL,2.5 kg,kg,1.1199999999999999
2019-05-01,2.72,Sugar (white),South Africa,National Average,RETAIL,2.5 kg,kg,1.088
2019-06-01,2.71,Sugar (white),South Africa,National Average,RETAIL,2.5 kg,kg,1.084
2019-07-01,2.83,Sugar (white),South Africa,National Average,RETAIL,2.5 kg,kg,1.1320000000000001
2019-08-01,2.64,Sugar (white),South Africa,National Average,RETAIL,2.5 kg,kg,1.056
2019-09-01,2.67,Sugar (white),South Africa,National Average,RETAIL,2.5 kg,kg,1.068
2019-10-01,2.68,Sugar (white),South Africa,National Average,RETAIL,2.5 kg,kg,1.072
2019-11-01,2.72,Sugar (white),South Africa,National Average,RETAIL,2.5 kg,kg,1.088
2019-12-01,2.85,Sugar (white),South Africa,National Average,RETAIL,2.5 kg,kg,1.1400000000000001
2020-01-01,2.93,Sugar (white),South Africa,National Average,RETAIL,2.5 kg,kg,1.1720000000000002
2020-02-01,2.84,Sugar (white),South Africa,National Average,RETAIL,2.5 kg,kg,1.136
2020-03-01,2.56,Sugar (white),South Africa,National Average,RETAIL,2.5 kg,kg,1.024
2020-04-01,2.19,Sugar (white),South Africa,National Average,RETAIL,2.5 kg,kg,0.876
2020-05-01,2.25,Sugar (white),South Africa,National Average,RETAIL,2.5 kg,kg,0.9
2020-06-01,2.44,Sugar (white),South Africa,National Average,RETAIL,2.5 kg,kg,0.976
2020-07-01,2.52,Sugar (white),South Africa,National Average,RETAIL,2.5 kg,kg,1.008
2020-08-01,2.53,Sugar (white),South Africa,National Average,RETAIL,2.5 kg,kg,1.012
2020-09-01,2.61,Sugar (white),South Africa,National Average,RETAIL,2.5 kg,kg,1.044
2020-10-01,2.68,Sugar (white),South Africa,National Average,RETAIL,2.5 kg,kg,1.072
2020-11-01,2.87,Sugar (white),South Africa,National Average,RETAIL,2.5 kg,kg,1.1480000000000001
2020-12-01,3.0,Sugar (white),South Africa,National Average,RETAIL,2.5 kg,kg,1.2
2021-01-01,2.88,Sugar (white),South Africa,National Average,RETAIL,2.5 kg,kg,1.152
2021-02-01,3.07,Sugar (white),South Africa,National Average,RETAIL,2.5 kg,kg,1.228
2021-03-01,3.07,Sugar (white),South Africa,National Average,RETAIL,2.5 kg,kg,1.228
2021-04-01,3.19,Sugar (white),South Africa,National Average,RETAIL,2.5 kg,kg,1.276
2021-05-01,3.27,Sugar (white),South Africa,National Average,RETAIL,2.5 kg,kg,1.308
2021-06-01,3.31,Sugar (white),South Africa,National Average,RETAIL,2.5 kg,kg,1.324
2021-07-01,3.17,Sugar (white),South Africa,National Average,RETAIL,2.5 kg,kg,1.268
2021-08-01,3.05,Sugar (white),South Africa,National Average,RETAIL,2.5 kg,kg,1.22
2021-09-01,3.25,Sugar (white),South Africa,National Average,RETAIL,2.5 kg,kg,1.3
2021-10-01,3.15,Sugar (white),South Africa,National Average,RETAIL,2.5 kg,kg,1.26
2021-11-01,3.06,Sugar (white),South Africa,National Average,RETAIL,2.5 kg,kg,1.224
2021-12-01,2.96,Sugar (white),South Africa,National Average,RETAIL,2.5 kg,kg,1.184
2022-01-01,2.99,Sugar (white),South Africa,National Average,RETAIL,2.5 kg,kg,1.1960000000000002
2022-02-01,3.08,Sugar (white),South Africa,National Average,RETAIL,2.5 kg,kg,1.232
2022-03-01,3.14,Sugar (white),South Africa,National Average,RETAIL,2.5 kg,kg,1.256
2022-04-01,3.24,Sugar (white),South Africa,National Average,RETAIL,2.5 kg,kg,1.296
2022-05-01,3.12,Sugar (white),South Africa,National Average,RETAIL,2.5 kg,kg,1.248
2022-06-01,3.1,Sugar (white),South Africa,National Average,RETAIL,2.5 kg,kg,1.24
2022-07-01,2.86,Sugar (white),South Africa,National Average,RETAIL,2.5 kg,kg,1.144
2022-08-01,2.92,Sugar (white),South Africa,National Average,RETAIL,2.5 kg,kg,1.168
2022-09-01,2.83,Sugar (white),South Africa,National Average,RETAIL,2.5 kg,kg,1.1320000000000001
2022-10-01,2.76,Sugar (white),South Africa,National Average,RETAIL,2.5 kg,kg,1.1039999999999999
2022-11-01,2.81,Sugar (white),South Africa,National Average,RETAIL,2.5 kg,kg,1.124
2022-12-01,2.91,Sugar (white),South Africa,National Average,RETAIL,2.5 kg,kg,1.1640000000000001
2023-01-01,2.91,Sugar (white),South Africa,National Average,RETAIL,2.5 kg,kg,1.1640000000000001
2023-02-01,2.8,Sugar (white),South Africa,National Average,RETAIL,2.5 kg,kg,1.1199999999999999
2023-03-01,2.82,Sugar (white),South Africa,National Average,RETAIL,2.5 kg,kg,1.128
2023-04-01,2.8,Sugar (white),South Africa,National Average,RETAIL,2.5 kg,kg,1.1199999999999999
2023-05-01,2.78,Sugar (white),South Africa,National Average,RETAIL,2.5 kg,kg,1.1119999999999999
2023-06-01,3.08,Sugar (white),South Africa,National Average,RETAIL,2.5 kg,kg,1.232
2023-07-01,3.33,Sugar (white),South Africa,National Average,RETAIL,2.5 kg,kg,1.332
2023-08-01,3.23,Sugar (white),South Africa,National Average,RETAIL,2.5 kg,kg,1.292
2023-09-01,3.22,Sugar (white),South Africa,National Average,RETAIL,2.5 kg,kg,1.288
2023-10-01,3.26,Sugar (white),South Africa,National Average,RETAIL,2.5 kg,kg,1.3039999999999998
2023-11-01,3.35,Sugar (white),South Africa,National Average,RETAIL,2.5 kg,kg,1.34
2023-12-01,3.3,Sugar (white),South Africa,National Average,RETAIL,2.5 kg,kg,1.3199999999999998
2024-01-01,3.3,Sugar (white),South Africa,National Average,RETAIL,2.5 kg,kg,1.3199999999999998
2024-02-01,3.28,Sugar (white),South Africa,National Average,RETAIL,2.5 kg,kg,1.3119999999999998
2024-03-01,3.33,Sugar (white),South Africa,National Average,RETAIL,2.5 kg,kg,1.332
2024-04-01,3.35,Sugar (white),South Africa,National Average,RETAIL,2.5 kg,kg,1.34
2024-05-01,3.47,Sugar (white),South Africa,National Average,RETAIL,2.5 kg,kg,1.3880000000000001
2024-06-01,3.52,Sugar (white),South Africa,National Average,RETAIL,2.5 kg,kg,1.408
2024-07-01,3.55,Sugar (white),South Africa,National Average,RETAIL,2.5 kg,kg,1.42
2024-08-01,3.55,Sugar (white),South Africa,National Average,RETAIL,2.5 kg,kg,1.42
2024-09-01,3.68,Sugar (white),South Africa,National Average,RETAIL,2.5 kg,kg,1.472
2024-10-01,3.73,Sugar (white),South Africa,National Average,RETAIL,2.5 kg,kg,1.492
2024-11-01,3.62,Sugar (white),South Africa,National Average,RETAIL,2.5 kg,kg,1.448
2024-12-01,3.55,Sugar (white),South Africa,National Average,RETAIL,2.5 kg,kg,1.42
2025-01-01,3.49,Sugar (white),South Africa,National Average,RETAIL,2.5 kg,kg,1.3960000000000001
2025-02-01,3.55,Sugar (white),South Africa,National Average,RETAIL,2.5 kg,kg,1.42
2025-03-01,3.58,Sugar (white),South Africa,National Average,RETAIL,2.5 kg,kg,1.432
2025-04-01,3.48,Sugar (white),South Africa,National Average,RETAIL,2.5 kg,kg,1.392
2025-05-01,3.65,Sugar (white),South Africa,National Average,RETAIL,2.5 kg,kg,1.46
2025-06-01,3.72,Sugar (white),South Africa,National Average,RETAIL,2.5 kg,kg,1.488
2025-07-01,3.75,Sugar (white),South Africa,National Average,RETAIL,2.5 kg,kg,1.5
2025-08-01,3.77,Sugar (white),South Africa,National Average,RETAIL,2.5 kg,kg,1.508
2025-09-01,3.82,Sugar (white),South Africa,National Average,RETAIL,2.5 kg,kg,1.528
