date,price_usd,commodity_name,country,market,price_type,unit,unit_std,price_per_unit
2017-06-01,2.99,Sunflower oil,Argentina,Cuyo,RETAIL,1.5 Liter,liter,1.9933333333333334
2017-07-01,2.85,Sunflower oil,Argentina,Cuyo,RETAIL,1.5 Liter,liter,1.9000000000000001
2017-08-01,2.84,Sunflower oil,Argentina,Cuyo,RETAIL,1.5 Liter,liter,1.8933333333333333
2017-09-01,2.97,Sunflower oil,Argentina,Cuyo,RETAIL,1.5 Liter,liter,1.9800000000000002
2017-10-01,2.95,Sunflower oil,Argentina,Cuyo,RETAIL,1.5 Liter,liter,1.9666666666666668
2017-11-01,2.94,Sunflower oil,Argentina,Cuyo,RETAIL,1.5 Liter,liter,1.96
2017-12-01,2.96,Sunflower oil,Argentina,Cuyo,RETAIL,1.5 Liter,liter,1.9733333333333334
2018-01-01,2.77,Sunflower oil,Argentina,Cuyo,RETAIL,1.5 Liter,liter,1.8466666666666667
2018-02-01,2.66,Sunflower oil,Argentina,Cuyo,RETAIL,1.5 Liter,liter,1.7733333333333334
2018-03-01,2.74,Sunflower oil,Argentina,Cuyo,RETAIL,1.5 Liter,liter,1.8266666666666669
2018-04-01,2.9,Sunflower oil,Argentina,Cuyo,RETAIL,1.5 Liter,liter,1.9333333333333333
2018-05-01,2.64,Sunflower oil,Argentina,Cuyo,RETAIL,1.5 Liter,liter,1.76
2018-06-01,2.54,Sunflower oil,Argentina,Cuyo,RETAIL,1.5 Liter,liter,1.6933333333333334
2018-07-01,2.7,Sunflower oil,Argentina,Cuyo,RETAIL,1.5 Liter,liter,1.8
2018-08-01,2.61,Sunflower oil,Argentina,Cuyo,RETAIL,1.5 Liter,liter,1.74
2018-09-01,2.36,Sunflower oil,Argentina,Cuyo,RETAIL,1.5 Liter,liter,1.5733333333333333
2018-10-01,2.53,Sunflower oil,Argentina,Cuyo,RETAIL,1.5 Liter,liter,1.6866666666666665
2018-11-01,2.63,Sunflower oil,Argentina,Cuyo,RETAIL,1.5 Liter,liter,1.7533333333333332
2018-12-01,2.53,Sunflower oil,Argentina,Cuyo,RETAIL,1.5 Liter,liter,1.6866666666666665
2019-01-01,2.62,Sunflower oil,Argentina,Cuyo,RETAIL,1.5 Liter,liter,1.7466666666666668
2019-02-01,2.51,Sunflower oil,Argentina,Cuyo,RETAIL,1.5 Liter,liter,1.6733333333333331
2019-03-01,2.35,Sunflower oil,Argentina,Cuyo,RETAIL,1.5 Liter,liter,1.5666666666666667
2019-04-01,2.35,Sunflower oil,Argentina,Cuyo,RETAIL,1.5 Liter,liter,1.5666666666666667
2019-05-01,2.29,Sunflower oil,Argentina,Cuyo,RETAIL,1.5 Liter,liter,1.5266666666666666
2019-06-01,2.43,Sunflower oil,Argentina,Cuyo,RETAIL,1.5 Liter,liter,1.62
2019-07-01,2.62,Sunflower oil,Argentina,Cuyo,RETAIL,1.5 Liter,liter,1.7466666666666668
2019-08-01,2.21,Sunflower oil,Argentina,Cuyo,RETAIL,1.5 Liter,liter,1.4733333333333334
2019-09-01,2.17,Sunflower oil,Argentina,Cuyo,RETAIL,1.5 Liter,liter,1.4466666666666665
2019-10-01,2.12,Sunflower oil,Argentina,Cuyo,RETAIL,1.5 Liter,liter,1.4133333333333333
2019-11-01,2.12,Sunflower oil,Argentina,Cuyo,RETAIL,1.5 Liter,liter,1.4133333333333333
2019-12-01,2.18,Sunflower oil,Argentina,Cuyo,RETAIL,1.5 Liter,liter,1.4533333333333334
2020-01-01,2.36,Sunflower oil,Argentina,Cuyo,RETAIL,1.5 Liter,liter,1.5733333333333333
2020-02-01,2.41,Sunflower oil,Argentina,Cuyo,RETAIL,1.5 Liter,liter,1.6066666666666667
2020-03-01,2.35,Sunflower oil,Argentina,Cuyo,RETAIL,1.5 Liter,liter,1.5666666666666667
2020-04-01,2.3,Sunflower oil,Argentina,Cuyo,RETAIL,1.5 Liter,liter,1.5333333333333332
2020-05-01,2.25,Sunflower oil,Argentina,Cuyo,RETAIL,1.5 Liter,liter,1.5
2020-06-01,2.17,Sunflower oil,Argentina,Cuyo,RETAIL,1.5 Liter,liter,1.4466666666666665
2020-07-01,2.18,Sunflower oil,Argentina,Cuyo,RETAIL,1.5 Liter,liter,1.4533333333333334
2020-08-01,2.24,Sunflower oil,Argentina,Cuyo,RETAIL,1.5 Liter,liter,1.4933333333333334
2020-09-01,2.19,Sunflower oil,Argentina,Cuyo,RETAIL,1.5 Liter,liter,1.46
2020-10-01,2.38,Sunflower oil,Argentina,Cuyo,RETAIL,1.5 Liter,liter,1.5866666666666667
2020-11-01,2.51,Sunflower oil,Argentina,Cuyo,RETAIL,1.5 Liter,liter,1.6733333333333331
2020-12-01,2.5,Sunflower oil,Argentina,Cuyo,RETAIL,1.5 Liter,liter,1.6666666666666667
2021-01-01,2.54,Sunflower oil,Argentina,Cuyo,RETAIL,1.5 Liter,liter,1.6933333333333334
2021-02-01,2.74,Sunflower oil,Argentina,Cuyo,RETAIL,1.5 Liter,liter,1.8266666666666669
2021-03-01,2.77,Sunflower oil,Argentina,Cuyo,RETAIL,1.5 Liter,liter,1.8466666666666667
2021-04-01,2.89,Sunflower oil,Argentina,Cuyo,RETAIL,1.5 Liter,liter,1.9266666666666667
2021-05-01,3.05,Sunflower oil,Argentina,Cuyo,RETAIL,1.5 Liter,liter,2.033333333333333
2021-06-01,3.22,Sunflower oil,Argentina,Cuyo,RETAIL,1.5 Liter,liter,2.146666666666667
2021-07-01,3.35,Sunflower oil,Argentina,Cuyo,RETAIL,1.5 Liter,liter,2.2333333333333334
2021-08-01,3.36,Sunflower oil,Argentina,Cuyo,RETAIL,1.5 Liter,liter,2.2399999999999998
2021-09-01,3.33,Sunflower oil,Argentina,Cuyo,RETAIL,1.5 Liter,liter,2.22
2021-10-01,3.2,Sunflower oil,Argentina,Cuyo,RETAIL,1.5 Liter,liter,2.1333333333333333
2021-11-01,3.15,Sunflower oil,Argentina,Cuyo,RETAIL,1.5 Liter,liter,2.1
2021-12-01,3.13,Sunflower oil,Argentina,Cuyo,RETAIL,1.5 Liter,liter,2.0866666666666664
2022-01-01,3.2,Sunflower oil,Argentina,Cuyo,RETAIL,1.5 Liter,liter,2.1333333333333333
2022-02-01,3.07,Sunflower oil,Argentina,Cuyo,RETAIL,1.5 Liter,liter,2.0466666666666664
2022-03-01,3.31,Sunflower oil,Argentina,Cuyo,RETAIL,1.5 Liter,liter,2.2066666666666666
2022-04-01,3.64,Sunflower oil,Argentina,Cuyo,RETAIL,1.5 Liter,liter,2.4266666666666667
2022-05-01,3.91,Sunflower oil,Argentina,Cuyo,RETAIL,1.5 Liter,liter,2.606666666666667
2022-06-01,4.18,Sunflower oil,Argentina,Cuyo,RETAIL,1.5 Liter,liter,2.7866666666666666
2022-07-01,4.26,Sunflower oil,Argentina,Cuyo,RETAIL,1.5 Liter,liter,2.84
2022-08-01,4.62,Sunflower oil,Argentina,Cuyo,RETAIL,1.5 Liter,liter,3.08
2022-09-01,5.02,Sunflower oil,Argentina,Cuyo,RETAIL,1.5 Liter,liter,3.3466666666666662
2022-10-01,4.92,Sunflower oil,Argentina,Cuyo,RETAIL,1.5 Liter,liter,3.28
2022-11-01,4.81,Sunflower oil,Argentina,Cuyo,RETAIL,1.5 Liter,liter,3.2066666666666666
2022-12-01,4.67,Sunflower oil,Argentina,Cuyo,RETAIL,1.5 Liter,liter,3.1133333333333333
2023-01-01,4.72,Sunflower oil,Argentina,Cuyo,RETAIL,1.5 Liter,liter,3.1466666666666665
2023-02-01,4.69,Sunflower oil,Argentina,Cuyo,RETAIL,1.5 Liter,liter,3.126666666666667
2023-03-01,4.45,Sunflower oil,Argentina,Cuyo,RETAIL,1.5 Liter,liter,2.966666666666667
2023-04-01,4.32,Sunflower oil,Argentina,Cuyo,RETAIL,1.5 Liter,liter,2.8800000000000003
2023-05-01,4.3,Sunflower oil,Argentina,Cuyo,RETAIL,1.5 Liter,liter,2.8666666666666667
2023-06-01,4.09,Sunflower oil,Argentina,Cuyo,RETAIL,1.5 Liter,liter,2.7266666666666666
2023-07-01,3.91,Sunflower oil,Argentina,Cuyo,RETAIL,1.5 Liter,liter,2.606666666666667
2023-08-01,3.42,Sunflower oil,Argentina,Cuyo,RETAIL,1.5 Liter,liter,2.28
2023-09-01,3.46,Sunflower oil,Argentina,Cuyo,RETAIL,1.5 Liter,liter,2.3066666666666666
2023-10-01,3.63,Sunflower oil,Argentina,Cuyo,RETAIL,1.5 Liter,liter,2.42
2023-11-01,3.92,Sunflower oil,Argentina,Cuyo,RETAIL,1.5 Liter,liter,2.6133333333333333
2023-12-01,3.16,Sunflower oil,Argentina,Cuyo,RETAIL,1.5 Liter,liter,2.106666666666667
2024-01-01,3.31,Sunflower oil,Argentina,Cuyo,RETAIL,1.5 Liter,liter,2.2066666666666666
2024-02-01,3.42,Sunflower oil,Argentina,Cuyo,RETAIL,1.5 Liter,liter,2.28
2024-03-01,3.5,Sunflower oil,Argentina,Cuyo,RETAIL,1.5 Liter,liter,2.3333333333333335
2024-04-01,3.4,Sunflower oil,Argentina,Cuyo,RETAIL,1.5 Liter,liter,2.2666666666666666
2024-05-01,3.24,Sunflower oil,Argentina,Cuyo,RETAIL,1.5 Liter,liter,2.16
2024-06-01,3.23,Sunflower oil,Argentina,Cuyo,RETAIL,1.5 Liter,liter,2.1533333333333333
2024-07-01,3.21,Sunflower oil,Argentina,Cuyo,RETAIL,1.5 Liter,liter,2.14
2024-08-01,3.24,Sunflower oil,Argentina,Cuyo,RETAIL,1.5 Liter,liter,2.16
2024-09-01,3.25,Sunflower oil,Argentina,Cuyo,RETAIL,1.5 Liter,liter,2.1666666666666665
2024-10-01,3.26,Sunflower oil,Argentina,Cuyo,RETAIL,1.5 Liter,liter,2.1733333333333333
2024-11-01,3.36,Sunflower oil,Argentina,Cuyo,RETAIL,1.5 Liter,liter,2.2399999999999998
2024-12-01,3.48,Sunflower oil,Argentina,Cuyo,RETAIL,1.5 Liter,liter,2.32
2025-01-01,3.69,Sunflower oil,Argentina,Cuyo,RETAIL,1.5 Liter,liter,2.46
2025-02-01,3.74,Sunflower oil,Argentina,Cuyo,RETAIL,1.5 Liter,liter,2.4933333333333336
2025-03-01,3.89,Sunflower oil,Argentina,Cuyo,RETAIL,1.5 Liter,liter,2.5933333333333333
2025-04-01,3.8,Sunflower oil,Argentina,Cuyo,RETAIL,1.5 Liter,liter,2.533333333333333
2025-05-01,3.82,Sunflower oil,Argentina,Cuyo,RETAIL,1.5 Liter,liter,2.5466666666666664
2025-06-01,3.81,Sunflower oil,Argentina,Cuyo,RETAIL,1.5 Liter,liter,2.54
2025-07-01,3.66,Sunflower oil,Argentina,Cuyo,RETAIL,1.5 Liter,liter,2.44
2025-08-01,3.55,Sunflower oil,Argentina,Cuyo,RETAIL,1.5 Liter,liter,2.3666666666666667
2025-09-01,3.54,Sunflower oil,Argentina,Cuyo,RETAIL,1.5 Liter,liter,2.36
2025-10-01,3.68,Sunflower oil,Argentina,Cuyo,RETAIL,1.5 Liter,liter,2.4533333333333336
2025-08-01,3.41,Sunflower oil,Argentina,Greater Buenos Aires,RETAIL,1.5 Liter,liter,2.2733333333333334
2025-09-01,3.36,Sunflower oil,Argentina,Greater Buenos Aires,RETAIL,1.5 Liter,liter,2.2399999999999998
2025-10-01,3.5,Sunflower oil,Argentina,Greater Buenos Aires,RETAIL,1.5 Liter,liter,2.3333333333333335
2017-06-01,3.17,Sunflower oil,Argentina,Noreste,RETAIL,1.5 Liter,liter,2.1133333333333333
2017-07-01,2.97,Sunflower oil,Argentina,Noreste,RETAIL,1.5 Liter,liter,1.9800000000000002
2017-08-01,3.06,Sunflower oil,Argentina,Noreste,RETAIL,1.5 Liter,liter,2.04
2017-09-01,3.15,Sunflower oil,Argentina,Noreste,RETAIL,1.5 Liter,liter,2.1
2017-10-01,3.19,Sunflower oil,Argentina,Noreste,RETAIL,1.5 Liter,liter,2.1266666666666665
2017-11-01,3.32,Sunflower oil,Argentina,Noreste,RETAIL,1.5 Liter,liter,2.2133333333333334
2017-12-01,3.32,Sunflower oil,Argentina,Noreste,RETAIL,1.5 Liter,liter,2.2133333333333334
2018-01-01,3.08,Sunflower oil,Argentina,Noreste,RETAIL,1.5 Liter,liter,2.0533333333333332
2018-02-01,2.97,Sunflower oil,Argentina,Noreste,RETAIL,1.5 Liter,liter,1.9800000000000002
2018-03-01,2.93,Sunflower oil,Argentina,Noreste,RETAIL,1.5 Liter,liter,1.9533333333333334
2018-04-01,3.01,Sunflower oil,Argentina,Noreste,RETAIL,1.5 Liter,liter,2.0066666666666664
2018-05-01,2.73,Sunflower oil,Argentina,Noreste,RETAIL,1.5 Liter,liter,1.82
2018-06-01,2.59,Sunflower oil,Argentina,Noreste,RETAIL,1.5 Liter,liter,1.7266666666666666
2018-07-01,2.72,Sunflower oil,Argentina,Noreste,RETAIL,1.5 Liter,liter,1.8133333333333335
2018-08-01,2.63,Sunflower oil,Argentina,Noreste,RETAIL,1.5 Liter,liter,1.7533333333333332
2018-09-01,2.32,Sunflower oil,Argentina,Noreste,RETAIL,1.5 Liter,liter,1.5466666666666666
2018-10-01,2.51,Sunflower oil,Argentina,Noreste,RETAIL,1.5 Liter,liter,1.6733333333333331
2018-11-01,2.6,Sunflower oil,Argentina,Noreste,RETAIL,1.5 Liter,liter,1.7333333333333334
2018-12-01,2.54,Sunflower oil,Argentina,Noreste,RETAIL,1.5 Liter,liter,1.6933333333333334
2019-01-01,2.65,Sunflower oil,Argentina,Noreste,RETAIL,1.5 Liter,liter,1.7666666666666666
2019-02-01,2.6,Sunflower oil,Argentina,Noreste,RETAIL,1.5 Liter,liter,1.7333333333333334
2019-03-01,2.42,Sunflower oil,Argentina,Noreste,RETAIL,1.5 Liter,liter,1.6133333333333333
2019-04-01,2.42,Sunflower oil,Argentina,Noreste,RETAIL,1.5 Liter,liter,1.6133333333333333
2019-05-01,2.39,Sunflower oil,Argentina,Noreste,RETAIL,1.5 Liter,liter,1.5933333333333335
2019-06-01,2.54,Sunflower oil,Argentina,Noreste,RETAIL,1.5 Liter,liter,1.6933333333333334
2019-07-01,2.63,Sunflower oil,Argentina,Noreste,RETAIL,1.5 Liter,liter,1.7533333333333332
2019-08-01,2.28,Sunflower oil,Argentina,Noreste,RETAIL,1.5 Liter,liter,1.5199999999999998
2019-09-01,2.29,Sunflower oil,Argentina,Noreste,RETAIL,1.5 Liter,liter,1.5266666666666666
2019-10-01,2.29,Sunflower oil,Argentina,Noreste,RETAIL,1.5 Liter,liter,1.5266666666666666
2019-11-01,2.29,Sunflower oil,Argentina,Noreste,RETAIL,1.5 Liter,liter,1.5266666666666666
2019-12-01,2.33,Sunflower oil,Argentina,Noreste,RETAIL,1.5 Liter,liter,1.5533333333333335
2020-01-01,2.54,Sunflower oil,Argentina,Noreste,RETAIL,1.5 Liter,liter,1.6933333333333334
2020-02-01,2.59,Sunflower oil,Argentina,Noreste,RETAIL,1.5 Liter,liter,1.7266666666666666
2020-03-01,2.54,Sunflower oil,Argentina,Noreste,RETAIL,1.5 Liter,liter,1.6933333333333334
2020-04-01,2.57,Sunflower oil,Argentina,Noreste,RETAIL,1.5 Liter,liter,1.7133333333333332
2020-05-01,2.41,Sunflower oil,Argentina,Noreste,RETAIL,1.5 Liter,liter,1.6066666666666667
2020-06-01,2.4,Sunflower oil,Argentina,Noreste,RETAIL,1.5 Liter,liter,1.5999999999999999
2020-07-01,2.45,Sunflower oil,Argentina,Noreste,RETAIL,1.5 Liter,liter,1.6333333333333335
2020-08-01,2.39,Sunflower oil,Argentina,Noreste,RETAIL,1.5 Liter,liter,1.5933333333333335
2020-09-01,2.42,Sunflower oil,Argentina,Noreste,RETAIL,1.5 Liter,liter,1.6133333333333333
2020-10-01,2.53,Sunflower oil,Argentina,Noreste,RETAIL,1.5 Liter,liter,1.6866666666666665
2020-11-01,2.69,Sunflower oil,Argentina,Noreste,RETAIL,1.5 Liter,liter,1.7933333333333332
2020-12-01,2.78,Sunflower oil,Argentina,Noreste,RETAIL,1.5 Liter,liter,1.8533333333333333
2021-01-01,2.93,Sunflower oil,Argentina,Noreste,RETAIL,1.5 Liter,liter,1.9533333333333334
2021-02-01,3.37,Sunflower oil,Argentina,Noreste,RETAIL,1.5 Liter,liter,2.2466666666666666
2021-03-01,3.33,Sunflower oil,Argentina,Noreste,RETAIL,1.5 Liter,liter,2.22
2021-04-01,3.56,Sunflower oil,Argentina,Noreste,RETAIL,1.5 Liter,liter,2.3733333333333335
2021-05-01,3.67,Sunflower oil,Argentina,Noreste,RETAIL,1.5 Liter,liter,2.4466666666666668
2021-06-01,3.7,Sunflower oil,Argentina,Noreste,RETAIL,1.5 Liter,liter,2.466666666666667
2021-07-01,3.81,Sunflower oil,Argentina,Noreste,RETAIL,1.5 Liter,liter,2.54
2021-08-01,3.94,Sunflower oil,Argentina,Noreste,RETAIL,1.5 Liter,liter,2.6266666666666665
2021-09-01,3.92,Sunflower oil,Argentina,Noreste,RETAIL,1.5 Liter,liter,2.6133333333333333
2021-10-01,4.0,Sunflower oil,Argentina,Noreste,RETAIL,1.5 Liter,liter,2.6666666666666665
2021-11-01,3.91,Sunflower oil,Argentina,Noreste,RETAIL,1.5 Liter,liter,2.606666666666667
2021-12-01,3.9,Sunflower oil,Argentina,Noreste,RETAIL,1.5 Liter,liter,2.6
2022-01-01,3.89,Sunflower oil,Argentina,Noreste,RETAIL,1.5 Liter,liter,2.5933333333333333
2022-02-01,4.03,Sunflower oil,Argentina,Noreste,RETAIL,1.5 Liter,liter,2.686666666666667
2022-03-01,4.14,Sunflower oil,Argentina,Noreste,RETAIL,1.5 Liter,liter,2.76
2022-04-01,4.66,Sunflower oil,Argentina,Noreste,RETAIL,1.5 Liter,liter,3.106666666666667
2022-05-01,4.72,Sunflower oil,Argentina,Noreste,RETAIL,1.5 Liter,liter,3.1466666666666665
2022-06-01,4.85,Sunflower oil,Argentina,Noreste,RETAIL,1.5 Liter,liter,3.233333333333333
2022-07-01,5.48,Sunflower oil,Argentina,Noreste,RETAIL,1.5 Liter,liter,3.6533333333333338
2022-08-01,5.71,Sunflower oil,Argentina,Noreste,RETAIL,1.5 Liter,liter,3.8066666666666666
2022-09-01,5.95,Sunflower oil,Argentina,Noreste,RETAIL,1.5 Liter,liter,3.966666666666667
2022-10-01,5.96,Sunflower oil,Argentina,Noreste,RETAIL,1.5 Liter,liter,3.973333333333333
2022-11-01,5.84,Sunflower oil,Argentina,Noreste,RETAIL,1.5 Liter,liter,3.893333333333333
2022-12-01,5.58,Sunflower oil,Argentina,Noreste,RETAIL,1.5 Liter,liter,3.72
2023-01-01,5.51,Sunflower oil,Argentina,Noreste,RETAIL,1.5 Liter,liter,3.6733333333333333
2023-02-01,5.46,Sunflower oil,Argentina,Noreste,RETAIL,1.5 Liter,liter,3.64
2023-03-01,5.32,Sunflower oil,Argentina,Noreste,RETAIL,1.5 Liter,liter,3.546666666666667
2023-04-01,5.19,Sunflower oil,Argentina,Noreste,RETAIL,1.5 Liter,liter,3.4600000000000004
2023-05-01,5.16,Sunflower oil,Argentina,Noreste,RETAIL,1.5 Liter,liter,3.44
2023-06-01,4.88,Sunflower oil,Argentina,Noreste,RETAIL,1.5 Liter,liter,3.2533333333333334
2023-07-01,4.7,Sunflower oil,Argentina,Noreste,RETAIL,1.5 Liter,liter,3.1333333333333333
2023-08-01,4.22,Sunflower oil,Argentina,Noreste,RETAIL,1.5 Liter,liter,2.813333333333333
2023-09-01,4.21,Sunflower oil,Argentina,Noreste,RETAIL,1.5 Liter,liter,2.8066666666666666
2023-10-01,4.4,Sunflower oil,Argentina,Noreste,RETAIL,1.5 Liter,liter,2.9333333333333336
2023-11-01,4.61,Sunflower oil,Argentina,Noreste,RETAIL,1.5 Liter,liter,3.0733333333333337
2023-12-01,3.81,Sunflower oil,Argentina,Noreste,RETAIL,1.5 Liter,liter,2.54
2024-01-01,3.88,Sunflower oil,Argentina,Noreste,RETAIL,1.5 Liter,liter,2.5866666666666664
2024-02-01,3.97,Sunflower oil,Argentina,Noreste,RETAIL,1.5 Liter,liter,2.646666666666667
2024-03-01,3.89,Sunflower oil,Argentina,Noreste,RETAIL,1.5 Liter,liter,2.5933333333333333
2024-04-01,3.78,Sunflower oil,Argentina,Noreste,RETAIL,1.5 Liter,liter,2.52
2024-05-01,3.6,Sunflower oil,Argentina,Noreste,RETAIL,1.5 Liter,liter,2.4
2024-06-01,3.54,Sunflower oil,Argentina,Noreste,RETAIL,1.5 Liter,liter,2.36
2024-07-01,3.41,Sunflower oil,Argentina,Noreste,RETAIL,1.5 Liter,liter,2.2733333333333334
2024-08-01,3.36,Sunflower oil,Argentina,Noreste,RETAIL,1.5 Liter,liter,2.2399999999999998
2024-09-01,3.3,Sunflower oil,Argentina,Noreste,RETAIL,1.5 Liter,liter,2.1999999999999997
2024-10-01,3.32,Sunflower oil,Argentina,Noreste,RETAIL,1.5 Liter,liter,2.2133333333333334
2024-11-01,3.39,Sunflower oil,Argentina,Noreste,RETAIL,1.5 Liter,liter,2.2600000000000002
2024-12-01,3.55,Sunflower oil,Argentina,Noreste,RETAIL,1.5 Liter,liter,2.3666666666666667
2025-01-01,3.62,Sunflower oil,Argentina,Noreste,RETAIL,1.5 Liter,liter,2.4133333333333336
2025-02-01,3.62,Sunflower oil,Argentina,Noreste,RETAIL,1.5 Liter,liter,2.4133333333333336
2025-03-01,3.68,Sunflower oil,Argentina,Noreste,RETAIL,1.5 Liter,liter,2.4533333333333336
2025-04-01,3.69,Sunflower oil,Argentina,Noreste,RETAIL,1.5 Liter,liter,2.46
2025-05-01,3.75,Sunflower oil,Argentina,Noreste,RETAIL,1.5 Liter,liter,2.5
2025-06-01,3.77,Sunflower oil,Argentina,Noreste,RETAIL,1.5 Liter,liter,2.513333333333333
2025-07-01,3.59,Sunflower oil,Argentina,Noreste,RETAIL,1.5 Liter,liter,2.393333333333333
2025-08-01,3.49,Sunflower oil,Argentina,Noreste,RETAIL,1.5 Liter,liter,2.3266666666666667
2025-09-01,3.51,Sunflower oil,Argentina,Noreste,RETAIL,1.5 Liter,liter,2.34
2025-10-01,3.56,Sunflower oil,Argentina,Noreste,RETAIL,1.5 Liter,liter,2.3733333333333335
2017-06-01,3.19,Sunflower oil,Argentina,Noroeste,RETAIL,1.5 Liter,liter,2.1266666666666665
2017-07-01,3.03,Sunflower oil,Argentina,Noroeste,RETAIL,1.5 Liter,liter,2.02
2017-08-01,3.04,Sunflower oil,Argentina,Noroeste,RETAIL,1.5 Liter,liter,2.026666666666667
2017-09-01,3.12,Sunflower oil,Argentina,Noroeste,RETAIL,1.5 Liter,liter,2.08
2017-10-01,3.13,Sunflower oil,Argentina,Noroeste,RETAIL,1.5 Liter,liter,2.0866666666666664
2017-11-01,3.14,Sunflower oil,Argentina,Noroeste,RETAIL,1.5 Liter,liter,2.0933333333333333
2017-12-01,3.08,Sunflower oil,Argentina,Noroeste,RETAIL,1.5 Liter,liter,2.0533333333333332
2018-01-01,2.9,Sunflower oil,Argentina,Noroeste,RETAIL,1.5 Liter,liter,1.9333333333333333
2018-02-01,2.81,Sunflower oil,Argentina,Noroeste,RETAIL,1.5 Liter,liter,1.8733333333333333
2018-03-01,2.8,Sunflower oil,Argentina,Noroeste,RETAIL,1.5 Liter,liter,1.8666666666666665
2018-04-01,2.88,Sunflower oil,Argentina,Noroeste,RETAIL,1.5 Liter,liter,1.92
2018-05-01,2.59,Sunflower oil,Argentina,Noroeste,RETAIL,1.5 Liter,liter,1.7266666666666666
2018-06-01,2.5,Sunflower oil,Argentina,Noroeste,RETAIL,1.5 Liter,liter,1.6666666666666667
2018-07-01,2.56,Sunflower oil,Argentina,Noroeste,RETAIL,1.5 Liter,liter,1.7066666666666668
2018-08-01,2.51,Sunflower oil,Argentina,Noroeste,RETAIL,1.5 Liter,liter,1.6733333333333331
2018-09-01,2.26,Sunflower oil,Argentina,Noroeste,RETAIL,1.5 Liter,liter,1.5066666666666666
2018-10-01,2.53,Sunflower oil,Argentina,Noroeste,RETAIL,1.5 Liter,liter,1.6866666666666665
2018-11-01,2.64,Sunflower oil,Argentina,Noroeste,RETAIL,1.5 Liter,liter,1.76
2018-12-01,2.57,Sunflower oil,Argentina,Noroeste,RETAIL,1.5 Liter,liter,1.7133333333333332
2019-01-01,2.64,Sunflower oil,Argentina,Noroeste,RETAIL,1.5 Liter,liter,1.76
2019-02-01,2.59,Sunflower oil,Argentina,Noroeste,RETAIL,1.5 Liter,liter,1.7266666666666666
2019-03-01,2.44,Sunflower oil,Argentina,Noroeste,RETAIL,1.5 Liter,liter,1.6266666666666667
2019-04-01,2.44,Sunflower oil,Argentina,Noroeste,RETAIL,1.5 Liter,liter,1.6266666666666667
2019-05-01,2.41,Sunflower oil,Argentina,Noroeste,RETAIL,1.5 Liter,liter,1.6066666666666667
2019-06-01,2.52,Sunflower oil,Argentina,Noroeste,RETAIL,1.5 Liter,liter,1.68
2019-07-01,2.65,Sunflower oil,Argentina,Noroeste,RETAIL,1.5 Liter,liter,1.7666666666666666
2019-08-01,2.31,Sunflower oil,Argentina,Noroeste,RETAIL,1.5 Liter,liter,1.54
2019-09-01,2.3,Sunflower oil,Argentina,Noroeste,RETAIL,1.5 Liter,liter,1.5333333333333332
2019-10-01,2.24,Sunflower oil,Argentina,Noroeste,RETAIL,1.5 Liter,liter,1.4933333333333334
2019-11-01,2.26,Sunflower oil,Argentina,Noroeste,RETAIL,1.5 Liter,liter,1.5066666666666666
2019-12-01,2.33,Sunflower oil,Argentina,Noroeste,RETAIL,1.5 Liter,liter,1.5533333333333335
2020-01-01,2.46,Sunflower oil,Argentina,Noroeste,RETAIL,1.5 Liter,liter,1.64
2020-02-01,2.51,Sunflower oil,Argentina,Noroeste,RETAIL,1.5 Liter,liter,1.6733333333333331
2020-03-01,2.46,Sunflower oil,Argentina,Noroeste,RETAIL,1.5 Liter,liter,1.64
2020-04-01,2.41,Sunflower oil,Argentina,Noroeste,RETAIL,1.5 Liter,liter,1.6066666666666667
2020-05-01,2.38,Sunflower oil,Argentina,Noroeste,RETAIL,1.5 Liter,liter,1.5866666666666667
2020-06-01,2.33,Sunflower oil,Argentina,Noroeste,RETAIL,1.5 Liter,liter,1.5533333333333335
2020-07-01,2.3,Sunflower oil,Argentina,Noroeste,RETAIL,1.5 Liter,liter,1.5333333333333332
2020-08-01,2.33,Sunflower oil,Argentina,Noroeste,RETAIL,1.5 Liter,liter,1.5533333333333335
2020-09-01,2.3,Sunflower oil,Argentina,Noroeste,RETAIL,1.5 Liter,liter,1.5333333333333332
2020-10-01,2.43,Sunflower oil,Argentina,Noroeste,RETAIL,1.5 Liter,liter,1.62
2020-11-01,2.49,Sunflower oil,Argentina,Noroeste,RETAIL,1.5 Liter,liter,1.6600000000000001
2020-12-01,2.6,Sunflower oil,Argentina,Noroeste,RETAIL,1.5 Liter,liter,1.7333333333333334
2021-01-01,2.66,Sunflower oil,Argentina,Noroeste,RETAIL,1.5 Liter,liter,1.7733333333333334
2021-02-01,2.82,Sunflower oil,Argentina,Noroeste,RETAIL,1.5 Liter,liter,1.88
2021-03-01,3.01,Sunflower oil,Argentina,Noroeste,RETAIL,1.5 Liter,liter,2.0066666666666664
2021-04-01,3.05,Sunflower oil,Argentina,Noroeste,RETAIL,1.5 Liter,liter,2.033333333333333
2021-05-01,3.21,Sunflower oil,Argentina,Noroeste,RETAIL,1.5 Liter,liter,2.14
2021-06-01,3.47,Sunflower oil,Argentina,Noroeste,RETAIL,1.5 Liter,liter,2.3133333333333335
2021-07-01,3.54,Sunflower oil,Argentina,Noroeste,RETAIL,1.5 Liter,liter,2.36
2021-08-01,3.58,Sunflower oil,Argentina,Noroeste,RETAIL,1.5 Liter,liter,2.3866666666666667
2021-09-01,3.55,Sunflower oil,Argentina,Noroeste,RETAIL,1.5 Liter,liter,2.3666666666666667
2021-10-01,3.55,Sunflower oil,Argentina,Noroeste,RETAIL,1.5 Liter,liter,2.3666666666666667
2021-11-01,3.48,Sunflower oil,Argentina,Noroeste,RETAIL,1.5 Liter,liter,2.32
2021-12-01,3.48,Sunflower oil,Argentina,Noroeste,RETAIL,1.5 Liter,liter,2.32
2022-01-01,3.48,Sunflower oil,Argentina,Noroeste,RETAIL,1.5 Liter,liter,2.32
2022-02-01,3.46,Sunflower oil,Argentina,Noroeste,RETAIL,1.5 Liter,liter,2.3066666666666666
2022-03-01,3.67,Sunflower oil,Argentina,Noroeste,RETAIL,1.5 Liter,liter,2.4466666666666668
2022-04-01,4.12,Sunflower oil,Argentina,Noroeste,RETAIL,1.5 Liter,liter,2.7466666666666666
2022-05-01,4.44,Sunflower oil,Argentina,Noroeste,RETAIL,1.5 Liter,liter,2.9600000000000004
2022-06-01,4.59,Sunflower oil,Argentina,Noroeste,RETAIL,1.5 Liter,liter,3.06
2022-07-01,5.0,Sunflower oil,Argentina,Noroeste,RETAIL,1.5 Liter,liter,3.3333333333333335
2022-08-01,5.44,Sunflower oil,Argentina,Noroeste,RETAIL,1.5 Liter,liter,3.626666666666667
2022-09-01,5.29,Sunflower oil,Argentina,Noroeste,RETAIL,1.5 Liter,liter,3.526666666666667
2022-10-01,5.23,Sunflower oil,Argentina,Noroeste,RETAIL,1.5 Liter,liter,3.486666666666667
2022-11-01,5.13,Sunflower oil,Argentina,Noroeste,RETAIL,1.5 Liter,liter,3.42
2022-12-01,4.94,Sunflower oil,Argentina,Noroeste,RETAIL,1.5 Liter,liter,3.2933333333333334
2023-01-01,4.84,Sunflower oil,Argentina,Noroeste,RETAIL,1.5 Liter,liter,3.2266666666666666
2023-02-01,4.78,Sunflower oil,Argentina,Noroeste,RETAIL,1.5 Liter,liter,3.186666666666667
2023-03-01,4.74,Sunflower oil,Argentina,Noroeste,RETAIL,1.5 Liter,liter,3.16
2023-04-01,4.56,Sunflower oil,Argentina,Noroeste,RETAIL,1.5 Liter,liter,3.0399999999999996
2023-05-01,4.51,Sunflower oil,Argentina,Noroeste,RETAIL,1.5 Liter,liter,3.0066666666666664
2023-06-01,4.35,Sunflower oil,Argentina,Noroeste,RETAIL,1.5 Liter,liter,2.9
2023-07-01,4.15,Sunflower oil,Argentina,Noroeste,RETAIL,1.5 Liter,liter,2.766666666666667
2023-08-01,3.63,Sunflower oil,Argentina,Noroeste,RETAIL,1.5 Liter,liter,2.42
2023-09-01,3.64,Sunflower oil,Argentina,Noroeste,RETAIL,1.5 Liter,liter,2.4266666666666667
2023-10-01,3.83,Sunflower oil,Argentina,Noroeste,RETAIL,1.5 Liter,liter,2.5533333333333332
2023-11-01,4.21,Sunflower oil,Argentina,Noroeste,RETAIL,1.5 Liter,liter,2.8066666666666666
2023-12-01,3.42,Sunflower oil,Argentina,Noroeste,RETAIL,1.5 Liter,liter,2.28
2024-01-01,3.58,Sunflower oil,Argentina,Noroeste,RETAIL,1.5 Liter,liter,2.3866666666666667
2024-02-01,3.77,Sunflower oil,Argentina,Noroeste,RETAIL,1.5 Liter,liter,2.513333333333333
2024-03-01,3.82,Sunflower oil,Argentina,Noroeste,RETAIL,1.5 Liter,liter,2.5466666666666664
2024-04-01,3.71,Sunflower oil,Argentina,Noroeste,RETAIL,1.5 Liter,liter,2.473333333333333
2024-05-01,3.57,Sunflower oil,Argentina,Noroeste,RETAIL,1.5 Liter,liter,2.38
2024-06-01,3.46,Sunflower oil,Argentina,Noroeste,RETAIL,1.5 Liter,liter,2.3066666666666666
2024-07-01,3.45,Sunflower oil,Argentina,Noroeste,RETAIL,1.5 Liter,liter,2.3000000000000003
2024-08-01,3.38,Sunflower oil,Argentina,Noroeste,RETAIL,1.5 Liter,liter,2.2533333333333334
2024-09-01,3.36,Sunflower oil,Argentina,Noroeste,RETAIL,1.5 Liter,liter,2.2399999999999998
2024-10-01,3.39,Sunflower oil,Argentina,Noroeste,RETAIL,1.5 Liter,liter,2.2600000000000002
2024-11-01,3.5,Sunflower oil,Argentina,Noroeste,RETAIL,1.5 Liter,liter,2.3333333333333335
2024-12-01,3.59,Sunflower oil,Argentina,Noroeste,RETAIL,1.5 Liter,liter,2.393333333333333
2025-01-01,3.64,Sunflower oil,Argentina,Noroeste,RETAIL,1.5 Liter,liter,2.4266666666666667
2025-02-01,3.74,Sunflower oil,Argentina,Noroeste,RETAIL,1.5 Liter,liter,2.4933333333333336
2025-03-01,3.8,Sunflower oil,Argentina,Noroeste,RETAIL,1.5 Liter,liter,2.533333333333333
2025-04-01,3.71,Sunflower oil,Argentina,Noroeste,RETAIL,1.5 Liter,liter,2.473333333333333
2025-05-01,3.8,Sunflower oil,Argentina,Noroeste,RETAIL,1.5 Liter,liter,2.533333333333333
2025-06-01,3.78,Sunflower oil,Argentina,Noroeste,RETAIL,1.5 Liter,liter,2.52
2025-07-01,3.55,Sunflower oil,Argentina,Noroeste,RETAIL,1.5 Liter,liter,2.3666666666666667
2025-08-01,3.47,Sunflower oil,Argentina,Noroeste,RETAIL,1.5 Liter,liter,2.3133333333333335
2025-09-01,3.41,Sunflower oil,Argentina,Noroeste,RETAIL,1.5 Liter,liter,2.2733333333333334
2025-10-01,3.5,Sunflower oil,Argentina,Noroeste,RETAIL,1.5 Liter,liter,2.3333333333333335
2017-06-01,3.25,Sunflower oil,Argentina,Pampeana,RETAIL,1.5 Liter,liter,2.1666666666666665
2017-07-01,3.11,Sunflower oil,Argentina,Pampeana,RETAIL,1.5 Liter,liter,2.0733333333333333
2017-08-01,3.15,Sunflower oil,Argentina,Pampeana,RETAIL,1.5 Liter,liter,2.1
2017-09-01,3.23,Sunflower oil,Argentina,Pampeana,RETAIL,1.5 Liter,liter,2.1533333333333333
2017-10-01,3.2,Sunflower oil,Argentina,Pampeana,RETAIL,1.5 Liter,liter,2.1333333333333333
2017-11-01,3.2,Sunflower oil,Argentina,Pampeana,RETAIL,1.5 Liter,liter,2.1333333333333333
2017-12-01,3.19,Sunflower oil,Argentina,Pampeana,RETAIL,1.5 Liter,liter,2.1266666666666665
2018-01-01,3.0,Sunflower oil,Argentina,Pampeana,RETAIL,1.5 Liter,liter,2.0
2018-02-01,2.88,Sunflower oil,Argentina,Pampeana,RETAIL,1.5 Liter,liter,1.92
2018-03-01,2.92,Sunflower oil,Argentina,Pampeana,RETAIL,1.5 Liter,liter,1.9466666666666665
2018-04-01,3.02,Sunflower oil,Argentina,Pampeana,RETAIL,1.5 Liter,liter,2.013333333333333
2018-05-01,2.73,Sunflower oil,Argentina,Pampeana,RETAIL,1.5 Liter,liter,1.82
2018-06-01,2.67,Sunflower oil,Argentina,Pampeana,RETAIL,1.5 Liter,liter,1.78
2018-07-01,2.8,Sunflower oil,Argentina,Pampeana,RETAIL,1.5 Liter,liter,1.8666666666666665
2018-08-01,2.66,Sunflower oil,Argentina,Pampeana,RETAIL,1.5 Liter,liter,1.7733333333333334
2018-09-01,2.42,Sunflower oil,Argentina,Pampeana,RETAIL,1.5 Liter,liter,1.6133333333333333
2018-10-01,2.68,Sunflower oil,Argentina,Pampeana,RETAIL,1.5 Liter,liter,1.7866666666666668
2018-11-01,2.76,Sunflower oil,Argentina,Pampeana,RETAIL,1.5 Liter,liter,1.8399999999999999
2018-12-01,2.7,Sunflower oil,Argentina,Pampeana,RETAIL,1.5 Liter,liter,1.8
2019-01-01,2.74,Sunflower oil,Argentina,Pampeana,RETAIL,1.5 Liter,liter,1.8266666666666669
2019-02-01,2.67,Sunflower oil,Argentina,Pampeana,RETAIL,1.5 Liter,liter,1.78
2019-03-01,2.5,Sunflower oil,Argentina,Pampeana,RETAIL,1.5 Liter,liter,1.6666666666666667
2019-04-01,2.48,Sunflower oil,Argentina,Pampeana,RETAIL,1.5 Liter,liter,1.6533333333333333
2019-05-01,2.45,Sunflower oil,Argentina,Pampeana,RETAIL,1.5 Liter,liter,1.6333333333333335
2019-06-01,2.57,Sunflower oil,Argentina,Pampeana,RETAIL,1.5 Liter,liter,1.7133333333333332
2019-07-01,2.74,Sunflower oil,Argentina,Pampeana,RETAIL,1.5 Liter,liter,1.8266666666666669
2019-08-01,2.31,Sunflower oil,Argentina,Pampeana,RETAIL,1.5 Liter,liter,1.54
2019-09-01,2.3,Sunflower oil,Argentina,Pampeana,RETAIL,1.5 Liter,liter,1.5333333333333332
2019-10-01,2.3,Sunflower oil,Argentina,Pampeana,RETAIL,1.5 Liter,liter,1.5333333333333332
2019-11-01,2.31,Sunflower oil,Argentina,Pampeana,RETAIL,1.5 Liter,liter,1.54
2019-12-01,2.36,Sunflower oil,Argentina,Pampeana,RETAIL,1.5 Liter,liter,1.5733333333333333
2020-01-01,2.58,Sunflower oil,Argentina,Pampeana,RETAIL,1.5 Liter,liter,1.72
2020-02-01,2.58,Sunflower oil,Argentina,Pampeana,RETAIL,1.5 Liter,liter,1.72
2020-03-01,2.56,Sunflower oil,Argentina,Pampeana,RETAIL,1.5 Liter,liter,1.7066666666666668
2020-04-01,2.44,Sunflower oil,Argentina,Pampeana,RETAIL,1.5 Liter,liter,1.6266666666666667
2020-05-01,2.38,Sunflower oil,Argentina,Pampeana,RETAIL,1.5 Liter,liter,1.5866666666666667
2020-06-01,2.36,Sunflower oil,Argentina,Pampeana,RETAIL,1.5 Liter,liter,1.5733333333333333
2020-07-01,2.33,Sunflower oil,Argentina,Pampeana,RETAIL,1.5 Liter,liter,1.5533333333333335
2020-08-01,2.33,Sunflower oil,Argentina,Pampeana,RETAIL,1.5 Liter,liter,1.5533333333333335
2020-09-01,2.29,Sunflower oil,Argentina,Pampeana,RETAIL,1.5 Liter,liter,1.5266666666666666
2020-10-01,2.36,Sunflower oil,Argentina,Pampeana,RETAIL,1.5 Liter,liter,1.5733333333333333
2020-11-01,2.43,Sunflower oil,Argentina,Pampeana,RETAIL,1.5 Liter,liter,1.62
2020-12-01,2.45,Sunflower oil,Argentina,Pampeana,RETAIL,1.5 Liter,liter,1.6333333333333335
2021-01-01,2.54,Sunflower oil,Argentina,Pampeana,RETAIL,1.5 Liter,liter,1.6933333333333334
2021-02-01,2.71,Sunflower oil,Argentina,Pampeana,RETAIL,1.5 Liter,liter,1.8066666666666666
2021-03-01,2.77,Sunflower oil,Argentina,Pampeana,RETAIL,1.5 Liter,liter,1.8466666666666667
2021-04-01,2.93,Sunflower oil,Argentina,Pampeana,RETAIL,1.5 Liter,liter,1.9533333333333334
2021-05-01,3.05,Sunflower oil,Argentina,Pampeana,RETAIL,1.5 Liter,liter,2.033333333333333
2021-06-01,3.21,Sunflower oil,Argentina,Pampeana,RETAIL,1.5 Liter,liter,2.14
2021-07-01,3.3,Sunflower oil,Argentina,Pampeana,RETAIL,1.5 Liter,liter,2.1999999999999997
2021-08-01,3.32,Sunflower oil,Argentina,Pampeana,RETAIL,1.5 Liter,liter,2.2133333333333334
2021-09-01,3.35,Sunflower oil,Argentina,Pampeana,RETAIL,1.5 Liter,liter,2.2333333333333334
2021-10-01,3.37,Sunflower oil,Argentina,Pampeana,RETAIL,1.5 Liter,liter,2.2466666666666666
2021-11-01,3.34,Sunflower oil,Argentina,Pampeana,RETAIL,1.5 Liter,liter,2.2266666666666666
2021-12-01,3.36,Sunflower oil,Argentina,Pampeana,RETAIL,1.5 Liter,liter,2.2399999999999998
2022-01-01,3.33,Sunflower oil,Argentina,Pampeana,RETAIL,1.5 Liter,liter,2.22
2022-02-01,3.32,Sunflower oil,Argentina,Pampeana,RETAIL,1.5 Liter,liter,2.2133333333333334
2022-03-01,3.44,Sunflower oil,Argentina,Pampeana,RETAIL,1.5 Liter,liter,2.2933333333333334
2022-04-01,3.6,Sunflower oil,Argentina,Pampeana,RETAIL,1.5 Liter,liter,2.4
2022-05-01,3.75,Sunflower oil,Argentina,Pampeana,RETAIL,1.5 Liter,liter,2.5
2022-06-01,4.01,Sunflower oil,Argentina,Pampeana,RETAIL,1.5 Liter,liter,2.6733333333333333
2022-07-01,4.36,Sunflower oil,Argentina,Pampeana,RETAIL,1.5 Liter,liter,2.9066666666666667
2022-08-01,4.72,Sunflower oil,Argentina,Pampeana,RETAIL,1.5 Liter,liter,3.1466666666666665
2022-09-01,5.12,Sunflower oil,Argentina,Pampeana,RETAIL,1.5 Liter,liter,3.4133333333333336
2022-10-01,5.12,Sunflower oil,Argentina,Pampeana,RETAIL,1.5 Liter,liter,3.4133333333333336
2022-11-01,5.02,Sunflower oil,Argentina,Pampeana,RETAIL,1.5 Liter,liter,3.3466666666666662
2022-12-01,4.87,Sunflower oil,Argentina,Pampeana,RETAIL,1.5 Liter,liter,3.2466666666666666
2023-01-01,4.94,Sunflower oil,Argentina,Pampeana,RETAIL,1.5 Liter,liter,3.2933333333333334
2023-02-01,4.88,Sunflower oil,Argentina,Pampeana,RETAIL,1.5 Liter,liter,3.2533333333333334
2023-03-01,4.78,Sunflower oil,Argentina,Pampeana,RETAIL,1.5 Liter,liter,3.186666666666667
2023-04-01,4.6,Sunflower oil,Argentina,Pampeana,RETAIL,1.5 Liter,liter,3.0666666666666664
2023-05-01,4.5,Sunflower oil,Argentina,Pampeana,RETAIL,1.5 Liter,liter,3.0
2023-06-01,4.28,Sunflower oil,Argentina,Pampeana,RETAIL,1.5 Liter,liter,2.8533333333333335
2023-07-01,4.08,Sunflower oil,Argentina,Pampeana,RETAIL,1.5 Liter,liter,2.72
2023-08-01,3.58,Sunflower oil,Argentina,Pampeana,RETAIL,1.5 Liter,liter,2.3866666666666667
2023-09-01,3.51,Sunflower oil,Argentina,Pampeana,RETAIL,1.5 Liter,liter,2.34
2023-10-01,3.67,Sunflower oil,Argentina,Pampeana,RETAIL,1.5 Liter,liter,2.4466666666666668
2023-11-01,3.99,Sunflower oil,Argentina,Pampeana,RETAIL,1.5 Liter,liter,2.66
2023-12-01,3.4,Sunflower oil,Argentina,Pampeana,RETAIL,1.5 Liter,liter,2.2666666666666666
2024-01-01,3.57,Sunflower oil,Argentina,Pampeana,RETAIL,1.5 Liter,liter,2.38
2024-02-01,3.73,Sunflower oil,Argentina,Pampeana,RETAIL,1.5 Liter,liter,2.486666666666667
2024-03-01,3.81,Sunflower oil,Argentina,Pampeana,RETAIL,1.5 Liter,liter,2.54
2024-04-01,3.73,Sunflower oil,Argentina,Pampeana,RETAIL,1.5 Liter,liter,2.486666666666667
2024-05-01,3.55,Sunflower oil,Argentina,Pampeana,RETAIL,1.5 Liter,liter,2.3666666666666667
2024-06-01,3.45,Sunflower oil,Argentina,Pampeana,RETAIL,1.5 Liter,liter,2.3000000000000003
2024-07-01,3.46,Sunflower oil,Argentina,Pampeana,RETAIL,1.5 Liter,liter,2.3066666666666666
2024-08-01,3.46,Sunflower oil,Argentina,Pampeana,RETAIL,1.5 Liter,liter,2.3066666666666666
2024-09-01,3.49,Sunflower oil,Argentina,Pampeana,RETAIL,1.5 Liter,liter,2.3266666666666667
2024-10-01,3.49,Sunflower oil,Argentina,Pampeana,RETAIL,1.5 Liter,liter,2.3266666666666667
2024-11-01,3.58,Sunflower oil,Argentina,Pampeana,RETAIL,1.5 Liter,liter,2.3866666666666667
2024-12-01,3.73,Sunflower oil,Argentina,Pampeana,RETAIL,1.5 Liter,liter,2.486666666666667
2025-01-01,3.84,Sunflower oil,Argentina,Pampeana,RETAIL,1.5 Liter,liter,2.56
2025-02-01,3.88,Sunflower oil,Argentina,Pampeana,RETAIL,1.5 Liter,liter,2.5866666666666664
2025-03-01,3.93,Sunflower oil,Argentina,Pampeana,RETAIL,1.5 Liter,liter,2.62
2025-04-01,3.9,Sunflower oil,Argentina,Pampeana,RETAIL,1.5 Liter,liter,2.6
2025-05-01,3.96,Sunflower oil,Argentina,Pampeana,RETAIL,1.5 Liter,liter,2.64
2025-06-01,3.98,Sunflower oil,Argentina,Pampeana,RETAIL,1.5 Liter,liter,2.6533333333333333
2025-07-01,3.76,Sunflower oil,Argentina,Pampeana,RETAIL,1.5 Liter,liter,2.5066666666666664
2025-08-01,3.68,Sunflower oil,Argentina,Pampeana,RETAIL,1.5 Liter,liter,2.4533333333333336
2025-09-01,3.64,Sunflower oil,Argentina,Pampeana,RETAIL,1.5 Liter,liter,2.4266666666666667
2025-10-01,3.76,Sunflower oil,Argentina,Pampeana,RETAIL,1.5 Liter,liter,2.5066666666666664
2017-06-01,3.12,Sunflower oil,Argentina,Patagonia,RETAIL,1.5 Liter,liter,2.08
2017-07-01,2.92,Sunflower oil,Argentina,Patagonia,RETAIL,1.5 Liter,liter,1.9466666666666665
2017-08-01,2.94,Sunflower oil,Argentina,Patagonia,RETAIL,1.5 Liter,liter,1.96
2017-09-01,2.99,Sunflower oil,Argentina,Patagonia,RETAIL,1.5 Liter,liter,1.9933333333333334
2017-10-01,3.07,Sunflower oil,Argentina,Patagonia,RETAIL,1.5 Liter,liter,2.0466666666666664
2017-11-01,3.05,Sunflower oil,Argentina,Patagonia,RETAIL,1.5 Liter,liter,2.033333333333333
2017-12-01,3.01,Sunflower oil,Argentina,Patagonia,RETAIL,1.5 Liter,liter,2.0066666666666664
2018-01-01,2.8,Sunflower oil,Argentina,Patagonia,RETAIL,1.5 Liter,liter,1.8666666666666665
2018-02-01,2.72,Sunflower oil,Argentina,Patagonia,RETAIL,1.5 Liter,liter,1.8133333333333335
2018-03-01,2.73,Sunflower oil,Argentina,Patagonia,RETAIL,1.5 Liter,liter,1.82
2018-04-01,2.82,Sunflower oil,Argentina,Patagonia,RETAIL,1.5 Liter,liter,1.88
2018-05-01,2.61,Sunflower oil,Argentina,Patagonia,RETAIL,1.5 Liter,liter,1.74
2018-06-01,2.47,Sunflower oil,Argentina,Patagonia,RETAIL,1.5 Liter,liter,1.6466666666666667
2018-07-01,2.62,Sunflower oil,Argentina,Patagonia,RETAIL,1.5 Liter,liter,1.7466666666666668
2018-08-01,2.5,Sunflower oil,Argentina,Patagonia,RETAIL,1.5 Liter,liter,1.6666666666666667
2018-09-01,2.2,Sunflower oil,Argentina,Patagonia,RETAIL,1.5 Liter,liter,1.4666666666666668
2018-10-01,2.51,Sunflower oil,Argentina,Patagonia,RETAIL,1.5 Liter,liter,1.6733333333333331
2018-11-01,2.69,Sunflower oil,Argentina,Patagonia,RETAIL,1.5 Liter,liter,1.7933333333333332
2018-12-01,2.58,Sunflower oil,Argentina,Patagonia,RETAIL,1.5 Liter,liter,1.72
2019-01-01,2.62,Sunflower oil,Argentina,Patagonia,RETAIL,1.5 Liter,liter,1.7466666666666668
2019-02-01,2.56,Sunflower oil,Argentina,Patagonia,RETAIL,1.5 Liter,liter,1.7066666666666668
2019-03-01,2.41,Sunflower oil,Argentina,Patagonia,RETAIL,1.5 Liter,liter,1.6066666666666667
2019-04-01,2.42,Sunflower oil,Argentina,Patagonia,RETAIL,1.5 Liter,liter,1.6133333333333333
2019-05-01,2.42,Sunflower oil,Argentina,Patagonia,RETAIL,1.5 Liter,liter,1.6133333333333333
2019-06-01,2.55,Sunflower oil,Argentina,Patagonia,RETAIL,1.5 Liter,liter,1.7
2019-07-01,2.73,Sunflower oil,Argentina,Patagonia,RETAIL,1.5 Liter,liter,1.82
2019-08-01,2.22,Sunflower oil,Argentina,Patagonia,RETAIL,1.5 Liter,liter,1.4800000000000002
2019-09-01,2.12,Sunflower oil,Argentina,Patagonia,RETAIL,1.5 Liter,liter,1.4133333333333333
2019-10-01,2.18,Sunflower oil,Argentina,Patagonia,RETAIL,1.5 Liter,liter,1.4533333333333334
2019-11-01,2.19,Sunflower oil,Argentina,Patagonia,RETAIL,1.5 Liter,liter,1.46
2019-12-01,2.22,Sunflower oil,Argentina,Patagonia,RETAIL,1.5 Liter,liter,1.4800000000000002
2020-01-01,2.42,Sunflower oil,Argentina,Patagonia,RETAIL,1.5 Liter,liter,1.6133333333333333
2020-02-01,2.46,Sunflower oil,Argentina,Patagonia,RETAIL,1.5 Liter,liter,1.64
2020-03-01,2.44,Sunflower oil,Argentina,Patagonia,RETAIL,1.5 Liter,liter,1.6266666666666667
2020-04-01,2.35,Sunflower oil,Argentina,Patagonia,RETAIL,1.5 Liter,liter,1.5666666666666667
2020-05-01,2.31,Sunflower oil,Argentina,Patagonia,RETAIL,1.5 Liter,liter,1.54
2020-06-01,2.26,Sunflower oil,Argentina,Patagonia,RETAIL,1.5 Liter,liter,1.5066666666666666
2020-07-01,2.25,Sunflower oil,Argentina,Patagonia,RETAIL,1.5 Liter,liter,1.5
2020-08-01,2.31,Sunflower oil,Argentina,Patagonia,RETAIL,1.5 Liter,liter,1.54
2020-09-01,2.2,Sunflower oil,Argentina,Patagonia,RETAIL,1.5 Liter,liter,1.4666666666666668
2020-10-01,2.26,Sunflower oil,Argentina,Patagonia,RETAIL,1.5 Liter,liter,1.5066666666666666
2020-11-01,2.29,Sunflower oil,Argentina,Patagonia,RETAIL,1.5 Liter,liter,1.5266666666666666
2020-12-01,2.29,Sunflower oil,Argentina,Patagonia,RETAIL,1.5 Liter,liter,1.5266666666666666
2021-01-01,2.35,Sunflower oil,Argentina,Patagonia,RETAIL,1.5 Liter,liter,1.5666666666666667
2021-02-01,2.44,Sunflower oil,Argentina,Patagonia,RETAIL,1.5 Liter,liter,1.6266666666666667
2021-03-01,2.72,Sunflower oil,Argentina,Patagonia,RETAIL,1.5 Liter,liter,1.8133333333333335
2021-04-01,2.88,Sunflower oil,Argentina,Patagonia,RETAIL,1.5 Liter,liter,1.92
2021-05-01,2.96,Sunflower oil,Argentina,Patagonia,RETAIL,1.5 Liter,liter,1.9733333333333334
2021-06-01,2.89,Sunflower oil,Argentina,Patagonia,RETAIL,1.5 Liter,liter,1.9266666666666667
2021-07-01,2.98,Sunflower oil,Argentina,Patagonia,RETAIL,1.5 Liter,liter,1.9866666666666666
2021-08-01,2.99,Sunflower oil,Argentina,Patagonia,RETAIL,1.5 Liter,liter,1.9933333333333334
2021-09-01,3.15,Sunflower oil,Argentina,Patagonia,RETAIL,1.5 Liter,liter,2.1
2021-10-01,3.08,Sunflower oil,Argentina,Patagonia,RETAIL,1.5 Liter,liter,2.0533333333333332
2021-11-01,3.02,Sunflower oil,Argentina,Patagonia,RETAIL,1.5 Liter,liter,2.013333333333333
2021-12-01,3.14,Sunflower oil,Argentina,Patagonia,RETAIL,1.5 Liter,liter,2.0933333333333333
2022-01-01,3.06,Sunflower oil,Argentina,Patagonia,RETAIL,1.5 Liter,liter,2.04
2022-02-01,2.99,Sunflower oil,Argentina,Patagonia,RETAIL,1.5 Liter,liter,1.9933333333333334
2022-03-01,3.11,Sunflower oil,Argentina,Patagonia,RETAIL,1.5 Liter,liter,2.0733333333333333
2022-04-01,3.26,Sunflower oil,Argentina,Patagonia,RETAIL,1.5 Liter,liter,2.1733333333333333
2022-05-01,3.43,Sunflower oil,Argentina,Patagonia,RETAIL,1.5 Liter,liter,2.2866666666666666
2022-06-01,3.66,Sunflower oil,Argentina,Patagonia,RETAIL,1.5 Liter,liter,2.44
2022-07-01,3.82,Sunflower oil,Argentina,Patagonia,RETAIL,1.5 Liter,liter,2.5466666666666664
2022-08-01,3.96,Sunflower oil,Argentina,Patagonia,RETAIL,1.5 Liter,liter,2.64
2022-09-01,3.9,Sunflower oil,Argentina,Patagonia,RETAIL,1.5 Liter,liter,2.6
2022-10-01,4.3,Sunflower oil,Argentina,Patagonia,RETAIL,1.5 Liter,liter,2.8666666666666667
2022-11-01,4.28,Sunflower oil,Argentina,Patagonia,RETAIL,1.5 Liter,liter,2.8533333333333335
2022-12-01,4.17,Sunflower oil,Argentina,Patagonia,RETAIL,1.5 Liter,liter,2.78
2023-01-01,4.08,Sunflower oil,Argentina,Patagonia,RETAIL,1.5 Liter,liter,2.72
2023-02-01,4.09,Sunflower oil,Argentina,Patagonia,RETAIL,1.5 Liter,liter,2.7266666666666666
2023-03-01,4.01,Sunflower oil,Argentina,Patagonia,RETAIL,1.5 Liter,liter,2.6733333333333333
2023-04-01,4.11,Sunflower oil,Argentina,Patagonia,RETAIL,1.5 Liter,liter,2.74
2023-05-01,3.95,Sunflower oil,Argentina,Patagonia,RETAIL,1.5 Liter,liter,2.6333333333333333
2023-06-01,3.71,Sunflower oil,Argentina,Patagonia,RETAIL,1.5 Liter,liter,2.473333333333333
2023-07-01,3.45,Sunflower oil,Argentina,Patagonia,RETAIL,1.5 Liter,liter,2.3000000000000003
2023-08-01,3.07,Sunflower oil,Argentina,Patagonia,RETAIL,1.5 Liter,liter,2.0466666666666664
2023-09-01,3.13,Sunflower oil,Argentina,Patagonia,RETAIL,1.5 Liter,liter,2.0866666666666664
2023-10-01,3.19,Sunflower oil,Argentina,Patagonia,RETAIL,1.5 Liter,liter,2.1266666666666665
2023-11-01,3.3,Sunflower oil,Argentina,Patagonia,RETAIL,1.5 Liter,liter,2.1999999999999997
2023-12-01,2.73,Sunflower oil,Argentina,Patagonia,RETAIL,1.5 Liter,liter,1.82
2024-01-01,3.46,Sunflower oil,Argentina,Patagonia,RETAIL,1.5 Liter,liter,2.3066666666666666
2024-02-01,3.57,Sunflower oil,Argentina,Patagonia,RETAIL,1.5 Liter,liter,2.38
2024-03-01,3.74,Sunflower oil,Argentina,Patagonia,RETAIL,1.5 Liter,liter,2.4933333333333336
2024-04-01,3.65,Sunflower oil,Argentina,Patagonia,RETAIL,1.5 Liter,liter,2.433333333333333
2024-05-01,3.53,Sunflower oil,Argentina,Patagonia,RETAIL,1.5 Liter,liter,2.353333333333333
2024-06-01,3.5,Sunflower oil,Argentina,Patagonia,RETAIL,1.5 Liter,liter,2.3333333333333335
2024-07-01,3.44,Sunflower oil,Argentina,Patagonia,RETAIL,1.5 Liter,liter,2.2933333333333334
2024-08-01,3.39,Sunflower oil,Argentina,Patagonia,RETAIL,1.5 Liter,liter,2.2600000000000002
2024-09-01,3.48,Sunflower oil,Argentina,Patagonia,RETAIL,1.5 Liter,liter,2.32
2024-10-01,3.55,Sunflower oil,Argentina,Patagonia,RETAIL,1.5 Liter,liter,2.3666666666666667
2024-11-01,3.63,Sunflower oil,Argentina,Patagonia,RETAIL,1.5 Liter,liter,2.42
2024-12-01,3.81,Sunflower oil,Argentina,Patagonia,RETAIL,1.5 Liter,liter,2.54
2025-01-01,3.92,Sunflower oil,Argentina,Patagonia,RETAIL,1.5 Liter,liter,2.6133333333333333
2025-02-01,4.02,Sunflower oil,Argentina,Patagonia,RETAIL,1.5 Liter,liter,2.6799999999999997
2025-03-01,4.05,Sunflower oil,Argentina,Patagonia,RETAIL,1.5 Liter,liter,2.6999999999999997
2025-04-01,3.96,Sunflower oil,Argentina,Patagonia,RETAIL,1.5 Liter,liter,2.64
2025-05-01,3.99,Sunflower oil,Argentina,Patagonia,RETAIL,1.5 Liter,liter,2.66
2025-06-01,4.05,Sunflower oil,Argentina,Patagonia,RETAIL,1.5 Liter,liter,2.6999999999999997
2025-07-01,3.91,Sunflower oil,Argentina,Patagonia,RETAIL,1.5 Liter,liter,2.606666666666667
2025-08-01,3.79,Sunflower oil,Argentina,Patagonia,RETAIL,1.5 Liter,liter,2.526666666666667
2025-09-01,3.77,Sunflower oil,Argentina,Patagonia,RETAIL,1.5 Liter,liter,2.513333333333333
2025-10-01,3.85,Sunflower oil,Argentina,Patagonia,RETAIL,1.5 Liter,liter,2.566666666666667
2018-01-01,1.74,Sunflower oil,Bolivia (Plurinational State of),La Paz,RETAIL,0.9 Liter,liter,1.9333333333333333
2018-02-01,1.76,Sunflower oil,Bolivia (Plurinational State of),La Paz,RETAIL,0.9 Liter,liter,1.9555555555555555
2018-03-01,1.75,Sunflower oil,Bolivia (Plurinational State of),La Paz,RETAIL,0.9 Liter,liter,1.9444444444444444
2018-04-01,1.76,Sunflower oil,Bolivia (Plurinational State of),La Paz,RETAIL,0.9 Liter,liter,1.9555555555555555
2018-05-01,1.76,Sunflower oil,Bolivia (Plurinational State of),La Paz,RETAIL,0.9 Liter,liter,1.9555555555555555
2018-06-01,1.74,Sunflower oil,Bolivia (Plurinational State of),La Paz,RETAIL,0.9 Liter,liter,1.9333333333333333
2018-07-01,1.74,Sunflower oil,Bolivia (Plurinational State of),La Paz,RETAIL,0.9 Liter,liter,1.9333333333333333
2018-08-01,1.74,Sunflower oil,Bolivia (Plurinational State of),La Paz,RETAIL,0.9 Liter,liter,1.9333333333333333
2018-09-01,1.74,Sunflower oil,Bolivia (Plurinational State of),La Paz,RETAIL,0.9 Liter,liter,1.9333333333333333
2018-10-01,1.75,Sunflower oil,Bolivia (Plurinational State of),La Paz,RETAIL,0.9 Liter,liter,1.9444444444444444
2018-11-01,1.75,Sunflower oil,Bolivia (Plurinational State of),La Paz,RETAIL,0.9 Liter,liter,1.9444444444444444
2018-12-01,1.76,Sunflower oil,Bolivia (Plurinational State of),La Paz,RETAIL,0.9 Liter,liter,1.9555555555555555
2019-01-01,1.76,Sunflower oil,Bolivia (Plurinational State of),La Paz,RETAIL,0.9 Liter,liter,1.9555555555555555
2019-02-01,1.75,Sunflower oil,Bolivia (Plurinational State of),La Paz,RETAIL,0.9 Liter,liter,1.9444444444444444
2019-03-01,1.74,Sunflower oil,Bolivia (Plurinational State of),La Paz,RETAIL,0.9 Liter,liter,1.9333333333333333
2019-04-01,1.74,Sunflower oil,Bolivia (Plurinational State of),La Paz,RETAIL,0.9 Liter,liter,1.9333333333333333
2019-05-01,1.74,Sunflower oil,Bolivia (Plurinational State of),La Paz,RETAIL,0.9 Liter,liter,1.9333333333333333
2019-06-01,1.74,Sunflower oil,Bolivia (Plurinational State of),La Paz,RETAIL,0.9 Liter,liter,1.9333333333333333
2019-07-01,1.75,Sunflower oil,Bolivia (Plurinational State of),La Paz,RETAIL,0.9 Liter,liter,1.9444444444444444
2019-08-01,1.74,Sunflower oil,Bolivia (Plurinational State of),La Paz,RETAIL,0.9 Liter,liter,1.9333333333333333
2019-09-01,1.74,Sunflower oil,Bolivia (Plurinational State of),La Paz,RETAIL,0.9 Liter,liter,1.9333333333333333
2019-10-01,1.73,Sunflower oil,Bolivia (Plurinational State of),La Paz,RETAIL,0.9 Liter,liter,1.922222222222222
2019-11-01,1.74,Sunflower oil,Bolivia (Plurinational State of),La Paz,RETAIL,0.9 Liter,liter,1.9333333333333333
2019-12-01,1.74,Sunflower oil,Bolivia (Plurinational State of),La Paz,RETAIL,0.9 Liter,liter,1.9333333333333333
2020-01-01,1.73,Sunflower oil,Bolivia (Plurinational State of),La Paz,RETAIL,0.9 Liter,liter,1.922222222222222
2020-02-01,1.74,Sunflower oil,Bolivia (Plurinational State of),La Paz,RETAIL,0.9 Liter,liter,1.9333333333333333
2020-03-01,1.74,Sunflower oil,Bolivia (Plurinational State of),La Paz,RETAIL,0.9 Liter,liter,1.9333333333333333
2020-04-01,1.73,Sunflower oil,Bolivia (Plurinational State of),La Paz,RETAIL,0.9 Liter,liter,1.922222222222222
2020-05-01,1.73,Sunflower oil,Bolivia (Plurinational State of),La Paz,RETAIL,0.9 Liter,liter,1.922222222222222
2020-06-01,1.73,Sunflower oil,Bolivia (Plurinational State of),La Paz,RETAIL,0.9 Liter,liter,1.922222222222222
2020-07-01,1.73,Sunflower oil,Bolivia (Plurinational State of),La Paz,RETAIL,0.9 Liter,liter,1.922222222222222
2020-08-01,1.74,Sunflower oil,Bolivia (Plurinational State of),La Paz,RETAIL,0.9 Liter,liter,1.9333333333333333
2020-09-01,1.73,Sunflower oil,Bolivia (Plurinational State of),La Paz,RETAIL,0.9 Liter,liter,1.922222222222222
2020-10-01,1.72,Sunflower oil,Bolivia (Plurinational State of),La Paz,RETAIL,0.9 Liter,liter,1.911111111111111
2020-11-01,1.72,Sunflower oil,Bolivia (Plurinational State of),La Paz,RETAIL,0.9 Liter,liter,1.911111111111111
2020-12-01,1.71,Sunflower oil,Bolivia (Plurinational State of),La Paz,RETAIL,0.9 Liter,liter,1.9
2021-01-01,1.73,Sunflower oil,Bolivia (Plurinational State of),La Paz,RETAIL,0.9 Liter,liter,1.922222222222222
2021-02-01,1.72,Sunflower oil,Bolivia (Plurinational State of),La Paz,RETAIL,0.9 Liter,liter,1.911111111111111
2021-03-01,1.72,Sunflower oil,Bolivia (Plurinational State of),La Paz,RETAIL,0.9 Liter,liter,1.911111111111111
2021-04-01,1.71,Sunflower oil,Bolivia (Plurinational State of),La Paz,RETAIL,0.9 Liter,liter,1.9
2021-05-01,1.71,Sunflower oil,Bolivia (Plurinational State of),La Paz,RETAIL,0.9 Liter,liter,1.9
2021-06-01,1.72,Sunflower oil,Bolivia (Plurinational State of),La Paz,RETAIL,0.9 Liter,liter,1.911111111111111
2021-07-01,1.71,Sunflower oil,Bolivia (Plurinational State of),La Paz,RETAIL,0.9 Liter,liter,1.9
2021-08-01,1.72,Sunflower oil,Bolivia (Plurinational State of),La Paz,RETAIL,0.9 Liter,liter,1.911111111111111
2021-09-01,1.76,Sunflower oil,Bolivia (Plurinational State of),La Paz,RETAIL,0.9 Liter,liter,1.9555555555555555
2021-10-01,1.77,Sunflower oil,Bolivia (Plurinational State of),La Paz,RETAIL,0.9 Liter,liter,1.9666666666666666
2021-11-01,1.77,Sunflower oil,Bolivia (Plurinational State of),La Paz,RETAIL,0.9 Liter,liter,1.9666666666666666
2021-12-01,1.77,Sunflower oil,Bolivia (Plurinational State of),La Paz,RETAIL,0.9 Liter,liter,1.9666666666666666
2022-01-01,1.76,Sunflower oil,Bolivia (Plurinational State of),La Paz,RETAIL,0.9 Liter,liter,1.9555555555555555
2022-02-01,1.76,Sunflower oil,Bolivia (Plurinational State of),La Paz,RETAIL,0.9 Liter,liter,1.9555555555555555
2022-03-01,1.77,Sunflower oil,Bolivia (Plurinational State of),La Paz,RETAIL,0.9 Liter,liter,1.9666666666666666
2022-04-01,1.81,Sunflower oil,Bolivia (Plurinational State of),La Paz,RETAIL,0.9 Liter,liter,2.011111111111111
2022-05-01,1.85,Sunflower oil,Bolivia (Plurinational State of),La Paz,RETAIL,0.9 Liter,liter,2.055555555555556
2022-06-01,1.87,Sunflower oil,Bolivia (Plurinational State of),La Paz,RETAIL,0.9 Liter,liter,2.077777777777778
2022-07-01,1.9,Sunflower oil,Bolivia (Plurinational State of),La Paz,RETAIL,0.9 Liter,liter,2.111111111111111
2022-08-01,1.9,Sunflower oil,Bolivia (Plurinational State of),La Paz,RETAIL,0.9 Liter,liter,2.111111111111111
2022-09-01,1.89,Sunflower oil,Bolivia (Plurinational State of),La Paz,RETAIL,0.9 Liter,liter,2.0999999999999996
2022-10-01,1.88,Sunflower oil,Bolivia (Plurinational State of),La Paz,RETAIL,0.9 Liter,liter,2.0888888888888886
2022-11-01,1.89,Sunflower oil,Bolivia (Plurinational State of),La Paz,RETAIL,0.9 Liter,liter,2.0999999999999996
2022-12-01,1.88,Sunflower oil,Bolivia (Plurinational State of),La Paz,RETAIL,0.9 Liter,liter,2.0888888888888886
2023-01-01,1.89,Sunflower oil,Bolivia (Plurinational State of),La Paz,RETAIL,0.9 Liter,liter,2.0999999999999996
2023-02-01,1.89,Sunflower oil,Bolivia (Plurinational State of),La Paz,RETAIL,0.9 Liter,liter,2.0999999999999996
2023-03-01,1.87,Sunflower oil,Bolivia (Plurinational State of),La Paz,RETAIL,0.9 Liter,liter,2.077777777777778
2023-04-01,1.87,Sunflower oil,Bolivia (Plurinational State of),La Paz,RETAIL,0.9 Liter,liter,2.077777777777778
2023-05-01,1.87,Sunflower oil,Bolivia (Plurinational State of),La Paz,RETAIL,0.9 Liter,liter,2.077777777777778
2023-06-01,1.86,Sunflower oil,Bolivia (Plurinational State of),La Paz,RETAIL,0.9 Liter,liter,2.066666666666667
2023-07-01,1.86,Sunflower oil,Bolivia (Plurinational State of),La Paz,RETAIL,0.9 Liter,liter,2.066666666666667
2023-08-01,1.86,Sunflower oil,Bolivia (Plurinational State of),La Paz,RETAIL,0.9 Liter,liter,2.066666666666667
2023-09-01,1.85,Sunflower oil,Bolivia (Plurinational State of),La Paz,RETAIL,0.9 Liter,liter,2.055555555555556
2023-10-01,1.84,Sunflower oil,Bolivia (Plurinational State of),La Paz,RETAIL,0.9 Liter,liter,2.0444444444444443
2023-11-01,1.83,Sunflower oil,Bolivia (Plurinational State of),La Paz,RETAIL,0.9 Liter,liter,2.033333333333333
2023-12-01,1.83,Sunflower oil,Bolivia (Plurinational State of),La Paz,RETAIL,0.9 Liter,liter,2.033333333333333
2024-01-01,1.84,Sunflower oil,Bolivia (Plurinational State of),La Paz,RETAIL,0.9 Liter,liter,2.0444444444444443
2024-02-01,1.85,Sunflower oil,Bolivia (Plurinational State of),La Paz,RETAIL,0.9 Liter,liter,2.055555555555556
2024-03-01,1.84,Sunflower oil,Bolivia (Plurinational State of),La Paz,RETAIL,0.9 Liter,liter,2.0444444444444443
2024-04-01,1.85,Sunflower oil,Bolivia (Plurinational State of),La Paz,RETAIL,0.9 Liter,liter,2.055555555555556
2024-05-01,1.84,Sunflower oil,Bolivia (Plurinational State of),La Paz,RETAIL,0.9 Liter,liter,2.0444444444444443
2024-06-01,1.83,Sunflower oil,Bolivia (Plurinational State of),La Paz,RETAIL,0.9 Liter,liter,2.033333333333333
2024-07-01,1.85,Sunflower oil,Bolivia (Plurinational State of),La Paz,RETAIL,0.9 Liter,liter,2.055555555555556
2024-08-01,1.86,Sunflower oil,Bolivia (Plurinational State of),La Paz,RETAIL,0.9 Liter,liter,2.066666666666667
2024-09-01,1.87,Sunflower oil,Bolivia (Plurinational State of),La Paz,RETAIL,0.9 Liter,liter,2.077777777777778
2024-10-01,1.89,Sunflower oil,Bolivia (Plurinational State of),La Paz,RETAIL,0.9 Liter,liter,2.0999999999999996
2024-11-01,1.97,Sunflower oil,Bolivia (Plurinational State of),La Paz,RETAIL,0.9 Liter,liter,2.1888888888888887
2024-12-01,2.03,Sunflower oil,Bolivia (Plurinational State of),La Paz,RETAIL,0.9 Liter,liter,2.255555555555555
2025-01-01,2.18,Sunflower oil,Bolivia (Plurinational State of),La Paz,RETAIL,0.9 Liter,liter,2.4222222222222225
2025-02-01,2.33,Sunflower oil,Bolivia (Plurinational State of),La Paz,RETAIL,0.9 Liter,liter,2.588888888888889
2025-03-01,2.38,Sunflower oil,Bolivia (Plurinational State of),La Paz,RETAIL,0.9 Liter,liter,2.6444444444444444
2025-04-01,2.48,Sunflower oil,Bolivia (Plurinational State of),La Paz,RETAIL,0.9 Liter,liter,2.7555555555555555
2025-05-01,2.59,Sunflower oil,Bolivia (Plurinational State of),La Paz,RETAIL,0.9 Liter,liter,2.8777777777777778
2025-06-01,2.62,Sunflower oil,Bolivia (Plurinational State of),La Paz,RETAIL,0.9 Liter,liter,2.911111111111111
2025-07-01,2.75,Sunflower oil,Bolivia (Plurinational State of),La Paz,RETAIL,0.9 Liter,liter,3.0555555555555554
2018-01-01,1.28,Sunflower oil,Bolivia (Plurinational State of),Oruro,RETAIL,Liter,liter,1.28
2018-02-01,1.28,Sunflower oil,Bolivia (Plurinational State of),Oruro,RETAIL,Liter,liter,1.28
2018-03-01,1.26,Sunflower oil,Bolivia (Plurinational State of),Oruro,RETAIL,Liter,liter,1.26
2018-04-01,1.28,Sunflower oil,Bolivia (Plurinational State of),Oruro,RETAIL,Liter,liter,1.28
2018-05-01,1.27,Sunflower oil,Bolivia (Plurinational State of),Oruro,RETAIL,Liter,liter,1.27
2018-06-01,1.27,Sunflower oil,Bolivia (Plurinational State of),Oruro,RETAIL,Liter,liter,1.27
2018-07-01,1.27,Sunflower oil,Bolivia (Plurinational State of),Oruro,RETAIL,Liter,liter,1.27
2018-08-01,1.27,Sunflower oil,Bolivia (Plurinational State of),Oruro,RETAIL,Liter,liter,1.27
2018-09-01,1.27,Sunflower oil,Bolivia (Plurinational State of),Oruro,RETAIL,Liter,liter,1.27
2018-10-01,1.27,Sunflower oil,Bolivia (Plurinational State of),Oruro,RETAIL,Liter,liter,1.27
2018-11-01,1.27,Sunflower oil,Bolivia (Plurinational State of),Oruro,RETAIL,Liter,liter,1.27
2018-12-01,1.27,Sunflower oil,Bolivia (Plurinational State of),Oruro,RETAIL,Liter,liter,1.27
2019-01-01,1.27,Sunflower oil,Bolivia (Plurinational State of),Oruro,RETAIL,Liter,liter,1.27
2019-02-01,1.27,Sunflower oil,Bolivia (Plurinational State of),Oruro,RETAIL,Liter,liter,1.27
2019-03-01,1.27,Sunflower oil,Bolivia (Plurinational State of),Oruro,RETAIL,Liter,liter,1.27
2019-04-01,1.27,Sunflower oil,Bolivia (Plurinational State of),Oruro,RETAIL,Liter,liter,1.27
2019-05-01,1.27,Sunflower oil,Bolivia (Plurinational State of),Oruro,RETAIL,Liter,liter,1.27
2019-06-01,1.27,Sunflower oil,Bolivia (Plurinational State of),Oruro,RETAIL,Liter,liter,1.27
2019-07-01,1.27,Sunflower oil,Bolivia (Plurinational State of),Oruro,RETAIL,Liter,liter,1.27
2019-08-01,1.27,Sunflower oil,Bolivia (Plurinational State of),Oruro,RETAIL,Liter,liter,1.27
2019-09-01,1.27,Sunflower oil,Bolivia (Plurinational State of),Oruro,RETAIL,Liter,liter,1.27
2019-10-01,1.27,Sunflower oil,Bolivia (Plurinational State of),Oruro,RETAIL,Liter,liter,1.27
2019-11-01,1.32,Sunflower oil,Bolivia (Plurinational State of),Oruro,RETAIL,Liter,liter,1.32
2019-12-01,1.28,Sunflower oil,Bolivia (Plurinational State of),Oruro,RETAIL,Liter,liter,1.28
2020-01-01,1.27,Sunflower oil,Bolivia (Plurinational State of),Oruro,RETAIL,Liter,liter,1.27
2020-02-01,1.26,Sunflower oil,Bolivia (Plurinational State of),Oruro,RETAIL,Liter,liter,1.26
2020-03-01,1.26,Sunflower oil,Bolivia (Plurinational State of),Oruro,RETAIL,Liter,liter,1.26
2020-04-01,1.27,Sunflower oil,Bolivia (Plurinational State of),Oruro,RETAIL,Liter,liter,1.27
2020-05-01,1.27,Sunflower oil,Bolivia (Plurinational State of),Oruro,RETAIL,Liter,liter,1.27
2020-06-01,1.27,Sunflower oil,Bolivia (Plurinational State of),Oruro,RETAIL,Liter,liter,1.27
2020-07-01,1.27,Sunflower oil,Bolivia (Plurinational State of),Oruro,RETAIL,Liter,liter,1.27
2020-08-01,1.26,Sunflower oil,Bolivia (Plurinational State of),Oruro,RETAIL,Liter,liter,1.26
2020-09-01,1.26,Sunflower oil,Bolivia (Plurinational State of),Oruro,RETAIL,Liter,liter,1.26
2020-10-01,1.26,Sunflower oil,Bolivia (Plurinational State of),Oruro,RETAIL,Liter,liter,1.26
2020-11-01,1.26,Sunflower oil,Bolivia (Plurinational State of),Oruro,RETAIL,Liter,liter,1.26
2020-12-01,1.26,Sunflower oil,Bolivia (Plurinational State of),Oruro,RETAIL,Liter,liter,1.26
2021-01-01,1.26,Sunflower oil,Bolivia (Plurinational State of),Oruro,RETAIL,Liter,liter,1.26
2021-02-01,1.26,Sunflower oil,Bolivia (Plurinational State of),Oruro,RETAIL,Liter,liter,1.26
2021-03-01,1.26,Sunflower oil,Bolivia (Plurinational State of),Oruro,RETAIL,Liter,liter,1.26
2021-04-01,1.28,Sunflower oil,Bolivia (Plurinational State of),Oruro,RETAIL,Liter,liter,1.28
2021-05-01,1.29,Sunflower oil,Bolivia (Plurinational State of),Oruro,RETAIL,Liter,liter,1.29
2021-06-01,1.3,Sunflower oil,Bolivia (Plurinational State of),Oruro,RETAIL,Liter,liter,1.3
2021-07-01,1.3,Sunflower oil,Bolivia (Plurinational State of),Oruro,RETAIL,Liter,liter,1.3
2021-08-01,1.3,Sunflower oil,Bolivia (Plurinational State of),Oruro,RETAIL,Liter,liter,1.3
2021-09-01,1.43,Sunflower oil,Bolivia (Plurinational State of),Oruro,RETAIL,Liter,liter,1.43
2021-10-01,1.45,Sunflower oil,Bolivia (Plurinational State of),Oruro,RETAIL,Liter,liter,1.45
2021-11-01,1.45,Sunflower oil,Bolivia (Plurinational State of),Oruro,RETAIL,Liter,liter,1.45
2021-12-01,1.45,Sunflower oil,Bolivia (Plurinational State of),Oruro,RETAIL,Liter,liter,1.45
2022-01-01,1.45,Sunflower oil,Bolivia (Plurinational State of),Oruro,RETAIL,Liter,liter,1.45
2022-02-01,1.45,Sunflower oil,Bolivia (Plurinational State of),Oruro,RETAIL,Liter,liter,1.45
2022-03-01,1.49,Sunflower oil,Bolivia (Plurinational State of),Oruro,RETAIL,Liter,liter,1.49
2022-04-01,1.66,Sunflower oil,Bolivia (Plurinational State of),Oruro,RETAIL,Liter,liter,1.66
2022-05-01,1.7,Sunflower oil,Bolivia (Plurinational State of),Oruro,RETAIL,Liter,liter,1.7
2022-06-01,1.78,Sunflower oil,Bolivia (Plurinational State of),Oruro,RETAIL,Liter,liter,1.78
2022-07-01,1.84,Sunflower oil,Bolivia (Plurinational State of),Oruro,RETAIL,Liter,liter,1.84
2022-08-01,1.85,Sunflower oil,Bolivia (Plurinational State of),Oruro,RETAIL,Liter,liter,1.85
2022-09-01,1.85,Sunflower oil,Bolivia (Plurinational State of),Oruro,RETAIL,Liter,liter,1.85
2022-10-01,1.84,Sunflower oil,Bolivia (Plurinational State of),Oruro,RETAIL,Liter,liter,1.84
2022-11-01,1.84,Sunflower oil,Bolivia (Plurinational State of),Oruro,RETAIL,Liter,liter,1.84
2022-12-01,1.84,Sunflower oil,Bolivia (Plurinational State of),Oruro,RETAIL,Liter,liter,1.84
2023-01-01,1.81,Sunflower oil,Bolivia (Plurinational State of),Oruro,RETAIL,Liter,liter,1.81
2023-02-01,1.81,Sunflower oil,Bolivia (Plurinational State of),Oruro,RETAIL,Liter,liter,1.81
2023-03-01,1.79,Sunflower oil,Bolivia (Plurinational State of),Oruro,RETAIL,Liter,liter,1.79
2023-04-01,1.78,Sunflower oil,Bolivia (Plurinational State of),Oruro,RETAIL,Liter,liter,1.78
2023-05-01,1.76,Sunflower oil,Bolivia (Plurinational State of),Oruro,RETAIL,Liter,liter,1.76
2023-06-01,1.7,Sunflower oil,Bolivia (Plurinational State of),Oruro,RETAIL,Liter,liter,1.7
2023-07-01,1.64,Sunflower oil,Bolivia (Plurinational State of),Oruro,RETAIL,Liter,liter,1.64
2023-08-01,1.6,Sunflower oil,Bolivia (Plurinational State of),Oruro,RETAIL,Liter,liter,1.6
2023-09-01,1.55,Sunflower oil,Bolivia (Plurinational State of),Oruro,RETAIL,Liter,liter,1.55
2023-10-01,1.47,Sunflower oil,Bolivia (Plurinational State of),Oruro,RETAIL,Liter,liter,1.47
2023-11-01,1.45,Sunflower oil,Bolivia (Plurinational State of),Oruro,RETAIL,Liter,liter,1.45
2023-12-01,1.43,Sunflower oil,Bolivia (Plurinational State of),Oruro,RETAIL,Liter,liter,1.43
2024-01-01,1.42,Sunflower oil,Bolivia (Plurinational State of),Oruro,RETAIL,Liter,liter,1.42
2024-02-01,1.43,Sunflower oil,Bolivia (Plurinational State of),Oruro,RETAIL,Liter,liter,1.43
2024-03-01,1.43,Sunflower oil,Bolivia (Plurinational State of),Oruro,RETAIL,Liter,liter,1.43
2024-04-01,1.44,Sunflower oil,Bolivia (Plurinational State of),Oruro,RETAIL,Liter,liter,1.44
2024-05-01,1.46,Sunflower oil,Bolivia (Plurinational State of),Oruro,RETAIL,Liter,liter,1.46
2024-06-01,1.57,Sunflower oil,Bolivia (Plurinational State of),Oruro,RETAIL,Liter,liter,1.57
2024-07-01,1.6,Sunflower oil,Bolivia (Plurinational State of),Oruro,RETAIL,Liter,liter,1.6
2024-08-01,1.69,Sunflower oil,Bolivia (Plurinational State of),Oruro,RETAIL,Liter,liter,1.69
2024-09-01,1.76,Sunflower oil,Bolivia (Plurinational State of),Oruro,RETAIL,Liter,liter,1.76
2024-10-01,1.77,Sunflower oil,Bolivia (Plurinational State of),Oruro,RETAIL,Liter,liter,1.77
2024-11-01,1.85,Sunflower oil,Bolivia (Plurinational State of),Oruro,RETAIL,Liter,liter,1.85
2024-12-01,2.05,Sunflower oil,Bolivia (Plurinational State of),Oruro,RETAIL,Liter,liter,2.05
2025-01-01,2.14,Sunflower oil,Bolivia (Plurinational State of),Oruro,RETAIL,Liter,liter,2.14
2025-02-01,2.27,Sunflower oil,Bolivia (Plurinational State of),Oruro,RETAIL,Liter,liter,2.27
2025-03-01,2.36,Sunflower oil,Bolivia (Plurinational State of),Oruro,RETAIL,Liter,liter,2.36
2025-04-01,2.41,Sunflower oil,Bolivia (Plurinational State of),Oruro,RETAIL,Liter,liter,2.41
2025-05-01,2.66,Sunflower oil,Bolivia (Plurinational State of),Oruro,RETAIL,Liter,liter,2.66
2025-06-01,2.68,Sunflower oil,Bolivia (Plurinational State of),Oruro,RETAIL,Liter,liter,2.68
2025-07-01,2.63,Sunflower oil,Bolivia (Plurinational State of),Oruro,RETAIL,Liter,liter,2.63
2018-01-01,3.59,Sunflower oil,Bolivia (Plurinational State of),Potosi,RETAIL,1.8 Liter,liter,1.9944444444444442
2018-02-01,3.57,Sunflower oil,Bolivia (Plurinational State of),Potosi,RETAIL,1.8 Liter,liter,1.9833333333333332
2018-03-01,3.55,Sunflower oil,Bolivia (Plurinational State of),Potosi,RETAIL,1.8 Liter,liter,1.972222222222222
2018-04-01,3.58,Sunflower oil,Bolivia (Plurinational State of),Potosi,RETAIL,1.8 Liter,liter,1.988888888888889
2018-05-01,3.59,Sunflower oil,Bolivia (Plurinational State of),Potosi,RETAIL,1.8 Liter,liter,1.9944444444444442
2018-06-01,3.58,Sunflower oil,Bolivia (Plurinational State of),Potosi,RETAIL,1.8 Liter,liter,1.988888888888889
2018-07-01,3.58,Sunflower oil,Bolivia (Plurinational State of),Potosi,RETAIL,1.8 Liter,liter,1.988888888888889
2018-08-01,3.57,Sunflower oil,Bolivia (Plurinational State of),Potosi,RETAIL,1.8 Liter,liter,1.9833333333333332
2018-09-01,3.59,Sunflower oil,Bolivia (Plurinational State of),Potosi,RETAIL,1.8 Liter,liter,1.9944444444444442
2018-10-01,3.58,Sunflower oil,Bolivia (Plurinational State of),Potosi,RETAIL,1.8 Liter,liter,1.988888888888889
2018-11-01,3.57,Sunflower oil,Bolivia (Plurinational State of),Potosi,RETAIL,1.8 Liter,liter,1.9833333333333332
2018-12-01,3.58,Sunflower oil,Bolivia (Plurinational State of),Potosi,RETAIL,1.8 Liter,liter,1.988888888888889
2019-01-01,3.58,Sunflower oil,Bolivia (Plurinational State of),Potosi,RETAIL,1.8 Liter,liter,1.988888888888889
2019-02-01,3.59,Sunflower oil,Bolivia (Plurinational State of),Potosi,RETAIL,1.8 Liter,liter,1.9944444444444442
2019-03-01,3.57,Sunflower oil,Bolivia (Plurinational State of),Potosi,RETAIL,1.8 Liter,liter,1.9833333333333332
2019-04-01,3.56,Sunflower oil,Bolivia (Plurinational State of),Potosi,RETAIL,1.8 Liter,liter,1.9777777777777779
2019-05-01,3.57,Sunflower oil,Bolivia (Plurinational State of),Potosi,RETAIL,1.8 Liter,liter,1.9833333333333332
2019-06-01,3.57,Sunflower oil,Bolivia (Plurinational State of),Potosi,RETAIL,1.8 Liter,liter,1.9833333333333332
2019-07-01,3.57,Sunflower oil,Bolivia (Plurinational State of),Potosi,RETAIL,1.8 Liter,liter,1.9833333333333332
2019-08-01,3.59,Sunflower oil,Bolivia (Plurinational State of),Potosi,RETAIL,1.8 Liter,liter,1.9944444444444442
2019-09-01,3.57,Sunflower oil,Bolivia (Plurinational State of),Potosi,RETAIL,1.8 Liter,liter,1.9833333333333332
2019-10-01,3.57,Sunflower oil,Bolivia (Plurinational State of),Potosi,RETAIL,1.8 Liter,liter,1.9833333333333332
2019-11-01,3.54,Sunflower oil,Bolivia (Plurinational State of),Potosi,RETAIL,1.8 Liter,liter,1.9666666666666666
2019-12-01,3.54,Sunflower oil,Bolivia (Plurinational State of),Potosi,RETAIL,1.8 Liter,liter,1.9666666666666666
2020-01-01,3.54,Sunflower oil,Bolivia (Plurinational State of),Potosi,RETAIL,1.8 Liter,liter,1.9666666666666666
2020-02-01,3.54,Sunflower oil,Bolivia (Plurinational State of),Potosi,RETAIL,1.8 Liter,liter,1.9666666666666666
2020-03-01,3.53,Sunflower oil,Bolivia (Plurinational State of),Potosi,RETAIL,1.8 Liter,liter,1.961111111111111
2020-04-01,3.57,Sunflower oil,Bolivia (Plurinational State of),Potosi,RETAIL,1.8 Liter,liter,1.9833333333333332
2020-05-01,3.54,Sunflower oil,Bolivia (Plurinational State of),Potosi,RETAIL,1.8 Liter,liter,1.9666666666666666
2020-06-01,3.52,Sunflower oil,Bolivia (Plurinational State of),Potosi,RETAIL,1.8 Liter,liter,1.9555555555555555
2020-07-01,3.51,Sunflower oil,Bolivia (Plurinational State of),Potosi,RETAIL,1.8 Liter,liter,1.9499999999999997
2020-08-01,3.49,Sunflower oil,Bolivia (Plurinational State of),Potosi,RETAIL,1.8 Liter,liter,1.9388888888888889
2020-09-01,3.52,Sunflower oil,Bolivia (Plurinational State of),Potosi,RETAIL,1.8 Liter,liter,1.9555555555555555
2020-10-01,3.5,Sunflower oil,Bolivia (Plurinational State of),Potosi,RETAIL,1.8 Liter,liter,1.9444444444444444
2020-11-01,3.52,Sunflower oil,Bolivia (Plurinational State of),Potosi,RETAIL,1.8 Liter,liter,1.9555555555555555
2020-12-01,3.52,Sunflower oil,Bolivia (Plurinational State of),Potosi,RETAIL,1.8 Liter,liter,1.9555555555555555
2021-01-01,3.54,Sunflower oil,Bolivia (Plurinational State of),Potosi,RETAIL,1.8 Liter,liter,1.9666666666666666
2021-02-01,3.53,Sunflower oil,Bolivia (Plurinational State of),Potosi,RETAIL,1.8 Liter,liter,1.961111111111111
2021-03-01,3.57,Sunflower oil,Bolivia (Plurinational State of),Potosi,RETAIL,1.8 Liter,liter,1.9833333333333332
2021-04-01,3.54,Sunflower oil,Bolivia (Plurinational State of),Potosi,RETAIL,1.8 Liter,liter,1.9666666666666666
2021-05-01,3.55,Sunflower oil,Bolivia (Plurinational State of),Potosi,RETAIL,1.8 Liter,liter,1.972222222222222
2021-06-01,3.57,Sunflower oil,Bolivia (Plurinational State of),Potosi,RETAIL,1.8 Liter,liter,1.9833333333333332
2021-07-01,3.55,Sunflower oil,Bolivia (Plurinational State of),Potosi,RETAIL,1.8 Liter,liter,1.972222222222222
2021-08-01,3.54,Sunflower oil,Bolivia (Plurinational State of),Potosi,RETAIL,1.8 Liter,liter,1.9666666666666666
2021-09-01,3.55,Sunflower oil,Bolivia (Plurinational State of),Potosi,RETAIL,1.8 Liter,liter,1.972222222222222
2021-10-01,3.58,Sunflower oil,Bolivia (Plurinational State of),Potosi,RETAIL,1.8 Liter,liter,1.988888888888889
2021-11-01,3.57,Sunflower oil,Bolivia (Plurinational State of),Potosi,RETAIL,1.8 Liter,liter,1.9833333333333332
2021-12-01,3.57,Sunflower oil,Bolivia (Plurinational State of),Potosi,RETAIL,1.8 Liter,liter,1.9833333333333332
2022-01-01,3.54,Sunflower oil,Bolivia (Plurinational State of),Potosi,RETAIL,1.8 Liter,liter,1.9666666666666666
2022-02-01,3.53,Sunflower oil,Bolivia (Plurinational State of),Potosi,RETAIL,1.8 Liter,liter,1.961111111111111
2022-03-01,3.58,Sunflower oil,Bolivia (Plurinational State of),Potosi,RETAIL,1.8 Liter,liter,1.988888888888889
2022-04-01,3.63,Sunflower oil,Bolivia (Plurinational State of),Potosi,RETAIL,1.8 Liter,liter,2.0166666666666666
2022-05-01,3.65,Sunflower oil,Bolivia (Plurinational State of),Potosi,RETAIL,1.8 Liter,liter,2.0277777777777777
2022-06-01,3.65,Sunflower oil,Bolivia (Plurinational State of),Potosi,RETAIL,1.8 Liter,liter,2.0277777777777777
2022-07-01,3.7,Sunflower oil,Bolivia (Plurinational State of),Potosi,RETAIL,1.8 Liter,liter,2.055555555555556
2022-08-01,3.67,Sunflower oil,Bolivia (Plurinational State of),Potosi,RETAIL,1.8 Liter,liter,2.0388888888888888
2022-09-01,3.67,Sunflower oil,Bolivia (Plurinational State of),Potosi,RETAIL,1.8 Liter,liter,2.0388888888888888
2022-10-01,3.67,Sunflower oil,Bolivia (Plurinational State of),Potosi,RETAIL,1.8 Liter,liter,2.0388888888888888
2022-11-01,3.66,Sunflower oil,Bolivia (Plurinational State of),Potosi,RETAIL,1.8 Liter,liter,2.033333333333333
2022-12-01,3.63,Sunflower oil,Bolivia (Plurinational State of),Potosi,RETAIL,1.8 Liter,liter,2.0166666666666666
2023-01-01,3.63,Sunflower oil,Bolivia (Plurinational State of),Potosi,RETAIL,1.8 Liter,liter,2.0166666666666666
2023-02-01,3.63,Sunflower oil,Bolivia (Plurinational State of),Potosi,RETAIL,1.8 Liter,liter,2.0166666666666666
2023-03-01,3.63,Sunflower oil,Bolivia (Plurinational State of),Potosi,RETAIL,1.8 Liter,liter,2.0166666666666666
2023-04-01,3.61,Sunflower oil,Bolivia (Plurinational State of),Potosi,RETAIL,1.8 Liter,liter,2.0055555555555555
2023-05-01,3.61,Sunflower oil,Bolivia (Plurinational State of),Potosi,RETAIL,1.8 Liter,liter,2.0055555555555555
2023-06-01,3.61,Sunflower oil,Bolivia (Plurinational State of),Potosi,RETAIL,1.8 Liter,liter,2.0055555555555555
2023-07-01,3.61,Sunflower oil,Bolivia (Plurinational State of),Potosi,RETAIL,1.8 Liter,liter,2.0055555555555555
2023-08-01,3.61,Sunflower oil,Bolivia (Plurinational State of),Potosi,RETAIL,1.8 Liter,liter,2.0055555555555555
2023-09-01,3.63,Sunflower oil,Bolivia (Plurinational State of),Potosi,RETAIL,1.8 Liter,liter,2.0166666666666666
2023-10-01,3.62,Sunflower oil,Bolivia (Plurinational State of),Potosi,RETAIL,1.8 Liter,liter,2.011111111111111
2023-11-01,3.61,Sunflower oil,Bolivia (Plurinational State of),Potosi,RETAIL,1.8 Liter,liter,2.0055555555555555
2023-12-01,3.61,Sunflower oil,Bolivia (Plurinational State of),Potosi,RETAIL,1.8 Liter,liter,2.0055555555555555
2024-01-01,3.6,Sunflower oil,Bolivia (Plurinational State of),Potosi,RETAIL,1.8 Liter,liter,2.0
2024-02-01,3.6,Sunflower oil,Bolivia (Plurinational State of),Potosi,RETAIL,1.8 Liter,liter,2.0
2024-03-01,3.61,Sunflower oil,Bolivia (Plurinational State of),Potosi,RETAIL,1.8 Liter,liter,2.0055555555555555
2024-04-01,3.62,Sunflower oil,Bolivia (Plurinational State of),Potosi,RETAIL,1.8 Liter,liter,2.011111111111111
2024-05-01,3.65,Sunflower oil,Bolivia (Plurinational State of),Potosi,RETAIL,1.8 Liter,liter,2.0277777777777777
2024-06-01,3.63,Sunflower oil,Bolivia (Plurinational State of),Potosi,RETAIL,1.8 Liter,liter,2.0166666666666666
2024-07-01,3.64,Sunflower oil,Bolivia (Plurinational State of),Potosi,RETAIL,1.8 Liter,liter,2.022222222222222
2024-08-01,3.66,Sunflower oil,Bolivia (Plurinational State of),Potosi,RETAIL,1.8 Liter,liter,2.033333333333333
2024-09-01,3.64,Sunflower oil,Bolivia (Plurinational State of),Potosi,RETAIL,1.8 Liter,liter,2.022222222222222
2024-10-01,3.64,Sunflower oil,Bolivia (Plurinational State of),Potosi,RETAIL,1.8 Liter,liter,2.022222222222222
2024-11-01,3.8,Sunflower oil,Bolivia (Plurinational State of),Potosi,RETAIL,1.8 Liter,liter,2.111111111111111
2024-12-01,4.17,Sunflower oil,Bolivia (Plurinational State of),Potosi,RETAIL,1.8 Liter,liter,2.3166666666666664
2025-01-01,4.25,Sunflower oil,Bolivia (Plurinational State of),Potosi,RETAIL,1.8 Liter,liter,2.361111111111111
2025-02-01,4.31,Sunflower oil,Bolivia (Plurinational State of),Potosi,RETAIL,1.8 Liter,liter,2.3944444444444444
2025-03-01,4.71,Sunflower oil,Bolivia (Plurinational State of),Potosi,RETAIL,1.8 Liter,liter,2.6166666666666667
2025-04-01,4.73,Sunflower oil,Bolivia (Plurinational State of),Potosi,RETAIL,1.8 Liter,liter,2.6277777777777778
2025-05-01,4.9,Sunflower oil,Bolivia (Plurinational State of),Potosi,RETAIL,1.8 Liter,liter,2.7222222222222223
2025-06-01,5.82,Sunflower oil,Bolivia (Plurinational State of),Potosi,RETAIL,1.8 Liter,liter,3.2333333333333334
2025-07-01,6.1,Sunflower oil,Bolivia (Plurinational State of),Potosi,RETAIL,1.8 Liter,liter,3.3888888888888884
2018-01-01,1.64,Sunflower oil,Bolivia (Plurinational State of),Santa Cruz,RETAIL,0.9 Liter,liter,1.822222222222222
2018-02-01,1.65,Sunflower oil,Bolivia (Plurinational State of),Santa Cruz,RETAIL,0.9 Liter,liter,1.8333333333333333
2018-03-01,1.65,Sunflower oil,Bolivia (Plurinational State of),Santa Cruz,RETAIL,0.9 Liter,liter,1.8333333333333333
2018-04-01,1.65,Sunflower oil,Bolivia (Plurinational State of),Santa Cruz,RETAIL,0.9 Liter,liter,1.8333333333333333
2018-05-01,1.67,Sunflower oil,Bolivia (Plurinational State of),Santa Cruz,RETAIL,0.9 Liter,liter,1.8555555555555554
2018-06-01,1.67,Sunflower oil,Bolivia (Plurinational State of),Santa Cruz,RETAIL,0.9 Liter,liter,1.8555555555555554
2018-07-01,1.68,Sunflower oil,Bolivia (Plurinational State of),Santa Cruz,RETAIL,0.9 Liter,liter,1.8666666666666665
2018-08-01,1.68,Sunflower oil,Bolivia (Plurinational State of),Santa Cruz,RETAIL,0.9 Liter,liter,1.8666666666666665
2018-09-01,1.67,Sunflower oil,Bolivia (Plurinational State of),Santa Cruz,RETAIL,0.9 Liter,liter,1.8555555555555554
2018-10-01,1.68,Sunflower oil,Bolivia (Plurinational State of),Santa Cruz,RETAIL,0.9 Liter,liter,1.8666666666666665
2018-11-01,1.68,Sunflower oil,Bolivia (Plurinational State of),Santa Cruz,RETAIL,0.9 Liter,liter,1.8666666666666665
2018-12-01,1.66,Sunflower oil,Bolivia (Plurinational State of),Santa Cruz,RETAIL,0.9 Liter,liter,1.8444444444444443
2019-01-01,1.64,Sunflower oil,Bolivia (Plurinational State of),Santa Cruz,RETAIL,0.9 Liter,liter,1.822222222222222
2019-02-01,1.64,Sunflower oil,Bolivia (Plurinational State of),Santa Cruz,RETAIL,0.9 Liter,liter,1.822222222222222
2019-03-01,1.66,Sunflower oil,Bolivia (Plurinational State of),Santa Cruz,RETAIL,0.9 Liter,liter,1.8444444444444443
2019-04-01,1.65,Sunflower oil,Bolivia (Plurinational State of),Santa Cruz,RETAIL,0.9 Liter,liter,1.8333333333333333
2019-05-01,1.65,Sunflower oil,Bolivia (Plurinational State of),Santa Cruz,RETAIL,0.9 Liter,liter,1.8333333333333333
2019-06-01,1.63,Sunflower oil,Bolivia (Plurinational State of),Santa Cruz,RETAIL,0.9 Liter,liter,1.811111111111111
2019-07-01,1.63,Sunflower oil,Bolivia (Plurinational State of),Santa Cruz,RETAIL,0.9 Liter,liter,1.811111111111111
2019-08-01,1.63,Sunflower oil,Bolivia (Plurinational State of),Santa Cruz,RETAIL,0.9 Liter,liter,1.811111111111111
2019-09-01,1.63,Sunflower oil,Bolivia (Plurinational State of),Santa Cruz,RETAIL,0.9 Liter,liter,1.811111111111111
2019-10-01,1.63,Sunflower oil,Bolivia (Plurinational State of),Santa Cruz,RETAIL,0.9 Liter,liter,1.811111111111111
2019-11-01,1.63,Sunflower oil,Bolivia (Plurinational State of),Santa Cruz,RETAIL,0.9 Liter,liter,1.811111111111111
2019-12-01,1.62,Sunflower oil,Bolivia (Plurinational State of),Santa Cruz,RETAIL,0.9 Liter,liter,1.8
2020-01-01,1.62,Sunflower oil,Bolivia (Plurinational State of),Santa Cruz,RETAIL,0.9 Liter,liter,1.8
2020-02-01,1.62,Sunflower oil,Bolivia (Plurinational State of),Santa Cruz,RETAIL,0.9 Liter,liter,1.8
2020-03-01,1.61,Sunflower oil,Bolivia (Plurinational State of),Santa Cruz,RETAIL,0.9 Liter,liter,1.788888888888889
2020-04-01,1.62,Sunflower oil,Bolivia (Plurinational State of),Santa Cruz,RETAIL,0.9 Liter,liter,1.8
2020-05-01,1.66,Sunflower oil,Bolivia (Plurinational State of),Santa Cruz,RETAIL,0.9 Liter,liter,1.8444444444444443
2020-06-01,1.7,Sunflower oil,Bolivia (Plurinational State of),Santa Cruz,RETAIL,0.9 Liter,liter,1.8888888888888888
2020-07-01,1.68,Sunflower oil,Bolivia (Plurinational State of),Santa Cruz,RETAIL,0.9 Liter,liter,1.8666666666666665
2020-08-01,1.62,Sunflower oil,Bolivia (Plurinational State of),Santa Cruz,RETAIL,0.9 Liter,liter,1.8
2020-09-01,1.62,Sunflower oil,Bolivia (Plurinational State of),Santa Cruz,RETAIL,0.9 Liter,liter,1.8
2020-10-01,1.6,Sunflower oil,Bolivia (Plurinational State of),Santa Cruz,RETAIL,0.9 Liter,liter,1.777777777777778
2020-11-01,1.61,Sunflower oil,Bolivia (Plurinational State of),Santa Cruz,RETAIL,0.9 Liter,liter,1.788888888888889
2020-12-01,1.61,Sunflower oil,Bolivia (Plurinational State of),Santa Cruz,RETAIL,0.9 Liter,liter,1.788888888888889
2021-01-01,1.6,Sunflower oil,Bolivia (Plurinational State of),Santa Cruz,RETAIL,0.9 Liter,liter,1.777777777777778
2021-02-01,1.6,Sunflower oil,Bolivia (Plurinational State of),Santa Cruz,RETAIL,0.9 Liter,liter,1.777777777777778
2021-03-01,1.62,Sunflower oil,Bolivia (Plurinational State of),Santa Cruz,RETAIL,0.9 Liter,liter,1.8
2021-04-01,1.62,Sunflower oil,Bolivia (Plurinational State of),Santa Cruz,RETAIL,0.9 Liter,liter,1.8
2021-05-01,1.61,Sunflower oil,Bolivia (Plurinational State of),Santa Cruz,RETAIL,0.9 Liter,liter,1.788888888888889
2021-06-01,1.61,Sunflower oil,Bolivia (Plurinational State of),Santa Cruz,RETAIL,0.9 Liter,liter,1.788888888888889
2021-07-01,1.63,Sunflower oil,Bolivia (Plurinational State of),Santa Cruz,RETAIL,0.9 Liter,liter,1.811111111111111
2021-08-01,1.65,Sunflower oil,Bolivia (Plurinational State of),Santa Cruz,RETAIL,0.9 Liter,liter,1.8333333333333333
2021-09-01,1.69,Sunflower oil,Bolivia (Plurinational State of),Santa Cruz,RETAIL,0.9 Liter,liter,1.8777777777777778
2021-10-01,1.7,Sunflower oil,Bolivia (Plurinational State of),Santa Cruz,RETAIL,0.9 Liter,liter,1.8888888888888888
2021-11-01,1.7,Sunflower oil,Bolivia (Plurinational State of),Santa Cruz,RETAIL,0.9 Liter,liter,1.8888888888888888
2021-12-01,1.71,Sunflower oil,Bolivia (Plurinational State of),Santa Cruz,RETAIL,0.9 Liter,liter,1.9
2022-01-01,1.71,Sunflower oil,Bolivia (Plurinational State of),Santa Cruz,RETAIL,0.9 Liter,liter,1.9
2022-02-01,1.71,Sunflower oil,Bolivia (Plurinational State of),Santa Cruz,RETAIL,0.9 Liter,liter,1.9
2022-03-01,1.72,Sunflower oil,Bolivia (Plurinational State of),Santa Cruz,RETAIL,0.9 Liter,liter,1.911111111111111
2022-04-01,1.78,Sunflower oil,Bolivia (Plurinational State of),Santa Cruz,RETAIL,0.9 Liter,liter,1.9777777777777779
2022-05-01,1.8,Sunflower oil,Bolivia (Plurinational State of),Santa Cruz,RETAIL,0.9 Liter,liter,2.0
2022-06-01,1.84,Sunflower oil,Bolivia (Plurinational State of),Santa Cruz,RETAIL,0.9 Liter,liter,2.0444444444444443
2022-07-01,1.85,Sunflower oil,Bolivia (Plurinational State of),Santa Cruz,RETAIL,0.9 Liter,liter,2.055555555555556
2022-08-01,1.82,Sunflower oil,Bolivia (Plurinational State of),Santa Cruz,RETAIL,0.9 Liter,liter,2.022222222222222
2022-09-01,1.81,Sunflower oil,Bolivia (Plurinational State of),Santa Cruz,RETAIL,0.9 Liter,liter,2.011111111111111
2022-10-01,1.83,Sunflower oil,Bolivia (Plurinational State of),Santa Cruz,RETAIL,0.9 Liter,liter,2.033333333333333
2022-11-01,1.82,Sunflower oil,Bolivia (Plurinational State of),Santa Cruz,RETAIL,0.9 Liter,liter,2.022222222222222
2022-12-01,1.81,Sunflower oil,Bolivia (Plurinational State of),Santa Cruz,RETAIL,0.9 Liter,liter,2.011111111111111
2023-01-01,1.81,Sunflower oil,Bolivia (Plurinational State of),Santa Cruz,RETAIL,0.9 Liter,liter,2.011111111111111
2023-02-01,1.78,Sunflower oil,Bolivia (Plurinational State of),Santa Cruz,RETAIL,0.9 Liter,liter,1.9777777777777779
2023-03-01,1.78,Sunflower oil,Bolivia (Plurinational State of),Santa Cruz,RETAIL,0.9 Liter,liter,1.9777777777777779
2023-04-01,1.77,Sunflower oil,Bolivia (Plurinational State of),Santa Cruz,RETAIL,0.9 Liter,liter,1.9666666666666666
2023-05-01,1.78,Sunflower oil,Bolivia (Plurinational State of),Santa Cruz,RETAIL,0.9 Liter,liter,1.9777777777777779
2023-06-01,1.79,Sunflower oil,Bolivia (Plurinational State of),Santa Cruz,RETAIL,0.9 Liter,liter,1.988888888888889
2023-07-01,1.78,Sunflower oil,Bolivia (Plurinational State of),Santa Cruz,RETAIL,0.9 Liter,liter,1.9777777777777779
2023-08-01,1.76,Sunflower oil,Bolivia (Plurinational State of),Santa Cruz,RETAIL,0.9 Liter,liter,1.9555555555555555
2023-09-01,1.75,Sunflower oil,Bolivia (Plurinational State of),Santa Cruz,RETAIL,0.9 Liter,liter,1.9444444444444444
2023-10-01,1.78,Sunflower oil,Bolivia (Plurinational State of),Santa Cruz,RETAIL,0.9 Liter,liter,1.9777777777777779
2023-11-01,1.76,Sunflower oil,Bolivia (Plurinational State of),Santa Cruz,RETAIL,0.9 Liter,liter,1.9555555555555555
2023-12-01,1.77,Sunflower oil,Bolivia (Plurinational State of),Santa Cruz,RETAIL,0.9 Liter,liter,1.9666666666666666
2024-01-01,1.77,Sunflower oil,Bolivia (Plurinational State of),Santa Cruz,RETAIL,0.9 Liter,liter,1.9666666666666666
2024-02-01,1.77,Sunflower oil,Bolivia (Plurinational State of),Santa Cruz,RETAIL,0.9 Liter,liter,1.9666666666666666
2024-03-01,1.77,Sunflower oil,Bolivia (Plurinational State of),Santa Cruz,RETAIL,0.9 Liter,liter,1.9666666666666666
2024-04-01,1.77,Sunflower oil,Bolivia (Plurinational State of),Santa Cruz,RETAIL,0.9 Liter,liter,1.9666666666666666
2024-05-01,1.76,Sunflower oil,Bolivia (Plurinational State of),Santa Cruz,RETAIL,0.9 Liter,liter,1.9555555555555555
2024-06-01,1.78,Sunflower oil,Bolivia (Plurinational State of),Santa Cruz,RETAIL,0.9 Liter,liter,1.9777777777777779
2024-07-01,1.78,Sunflower oil,Bolivia (Plurinational State of),Santa Cruz,RETAIL,0.9 Liter,liter,1.9777777777777779
2024-08-01,1.82,Sunflower oil,Bolivia (Plurinational State of),Santa Cruz,RETAIL,0.9 Liter,liter,2.022222222222222
2024-09-01,1.81,Sunflower oil,Bolivia (Plurinational State of),Santa Cruz,RETAIL,0.9 Liter,liter,2.011111111111111
2024-10-01,1.82,Sunflower oil,Bolivia (Plurinational State of),Santa Cruz,RETAIL,0.9 Liter,liter,2.022222222222222
2024-11-01,1.89,Sunflower oil,Bolivia (Plurinational State of),Santa Cruz,RETAIL,0.9 Liter,liter,2.0999999999999996
2024-12-01,2.09,Sunflower oil,Bolivia (Plurinational State of),Santa Cruz,RETAIL,0.9 Liter,liter,2.322222222222222
2025-01-01,2.2,Sunflower oil,Bolivia (Plurinational State of),Santa Cruz,RETAIL,0.9 Liter,liter,2.4444444444444446
2025-02-01,2.3,Sunflower oil,Bolivia (Plurinational State of),Santa Cruz,RETAIL,0.9 Liter,liter,2.5555555555555554
2025-03-01,2.39,Sunflower oil,Bolivia (Plurinational State of),Santa Cruz,RETAIL,0.9 Liter,liter,2.6555555555555554
2025-04-01,2.47,Sunflower oil,Bolivia (Plurinational State of),Santa Cruz,RETAIL,0.9 Liter,liter,2.7444444444444445
2025-05-01,2.82,Sunflower oil,Bolivia (Plurinational State of),Santa Cruz,RETAIL,0.9 Liter,liter,3.133333333333333
2025-06-01,2.87,Sunflower oil,Bolivia (Plurinational State of),Santa Cruz,RETAIL,0.9 Liter,liter,3.188888888888889
2025-07-01,2.82,Sunflower oil,Bolivia (Plurinational State of),Santa Cruz,RETAIL,0.9 Liter,liter,3.133333333333333
2018-01-01,1.7,Sunflower oil,Bolivia (Plurinational State of),Sucre,RETAIL,0.9 Liter,liter,1.8888888888888888
2018-02-01,1.71,Sunflower oil,Bolivia (Plurinational State of),Sucre,RETAIL,0.9 Liter,liter,1.9
2018-03-01,1.71,Sunflower oil,Bolivia (Plurinational State of),Sucre,RETAIL,0.9 Liter,liter,1.9
2018-04-01,1.7,Sunflower oil,Bolivia (Plurinational State of),Sucre,RETAIL,0.9 Liter,liter,1.8888888888888888
2018-05-01,1.71,Sunflower oil,Bolivia (Plurinational State of),Sucre,RETAIL,0.9 Liter,liter,1.9
2018-06-01,1.71,Sunflower oil,Bolivia (Plurinational State of),Sucre,RETAIL,0.9 Liter,liter,1.9
2018-07-01,1.7,Sunflower oil,Bolivia (Plurinational State of),Sucre,RETAIL,0.9 Liter,liter,1.8888888888888888
2018-08-01,1.7,Sunflower oil,Bolivia (Plurinational State of),Sucre,RETAIL,0.9 Liter,liter,1.8888888888888888
2018-09-01,1.71,Sunflower oil,Bolivia (Plurinational State of),Sucre,RETAIL,0.9 Liter,liter,1.9
2018-10-01,1.72,Sunflower oil,Bolivia (Plurinational State of),Sucre,RETAIL,0.9 Liter,liter,1.911111111111111
2018-11-01,1.71,Sunflower oil,Bolivia (Plurinational State of),Sucre,RETAIL,0.9 Liter,liter,1.9
2018-12-01,1.71,Sunflower oil,Bolivia (Plurinational State of),Sucre,RETAIL,0.9 Liter,liter,1.9
2019-01-01,1.7,Sunflower oil,Bolivia (Plurinational State of),Sucre,RETAIL,0.9 Liter,liter,1.8888888888888888
2019-02-01,1.71,Sunflower oil,Bolivia (Plurinational State of),Sucre,RETAIL,0.9 Liter,liter,1.9
2019-03-01,1.71,Sunflower oil,Bolivia (Plurinational State of),Sucre,RETAIL,0.9 Liter,liter,1.9
2019-04-01,1.71,Sunflower oil,Bolivia (Plurinational State of),Sucre,RETAIL,0.9 Liter,liter,1.9
2019-05-01,1.7,Sunflower oil,Bolivia (Plurinational State of),Sucre,RETAIL,0.9 Liter,liter,1.8888888888888888
2019-06-01,1.7,Sunflower oil,Bolivia (Plurinational State of),Sucre,RETAIL,0.9 Liter,liter,1.8888888888888888
2019-07-01,1.7,Sunflower oil,Bolivia (Plurinational State of),Sucre,RETAIL,0.9 Liter,liter,1.8888888888888888
2019-08-01,1.71,Sunflower oil,Bolivia (Plurinational State of),Sucre,RETAIL,0.9 Liter,liter,1.9
2019-09-01,1.71,Sunflower oil,Bolivia (Plurinational State of),Sucre,RETAIL,0.9 Liter,liter,1.9
2019-10-01,1.71,Sunflower oil,Bolivia (Plurinational State of),Sucre,RETAIL,0.9 Liter,liter,1.9
2019-11-01,1.71,Sunflower oil,Bolivia (Plurinational State of),Sucre,RETAIL,0.9 Liter,liter,1.9
2019-12-01,1.71,Sunflower oil,Bolivia (Plurinational State of),Sucre,RETAIL,0.9 Liter,liter,1.9
2020-01-01,1.71,Sunflower oil,Bolivia (Plurinational State of),Sucre,RETAIL,0.9 Liter,liter,1.9
2020-02-01,1.71,Sunflower oil,Bolivia (Plurinational State of),Sucre,RETAIL,0.9 Liter,liter,1.9
2020-03-01,1.71,Sunflower oil,Bolivia (Plurinational State of),Sucre,RETAIL,0.9 Liter,liter,1.9
2020-04-01,1.72,Sunflower oil,Bolivia (Plurinational State of),Sucre,RETAIL,0.9 Liter,liter,1.911111111111111
2020-05-01,1.72,Sunflower oil,Bolivia (Plurinational State of),Sucre,RETAIL,0.9 Liter,liter,1.911111111111111
2020-06-01,1.71,Sunflower oil,Bolivia (Plurinational State of),Sucre,RETAIL,0.9 Liter,liter,1.9
2020-07-01,1.7,Sunflower oil,Bolivia (Plurinational State of),Sucre,RETAIL,0.9 Liter,liter,1.8888888888888888
2020-08-01,1.71,Sunflower oil,Bolivia (Plurinational State of),Sucre,RETAIL,0.9 Liter,liter,1.9
2020-09-01,1.7,Sunflower oil,Bolivia (Plurinational State of),Sucre,RETAIL,0.9 Liter,liter,1.8888888888888888
2020-10-01,1.7,Sunflower oil,Bolivia (Plurinational State of),Sucre,RETAIL,0.9 Liter,liter,1.8888888888888888
2020-11-01,1.71,Sunflower oil,Bolivia (Plurinational State of),Sucre,RETAIL,0.9 Liter,liter,1.9
2020-12-01,1.71,Sunflower oil,Bolivia (Plurinational State of),Sucre,RETAIL,0.9 Liter,liter,1.9
2021-01-01,1.7,Sunflower oil,Bolivia (Plurinational State of),Sucre,RETAIL,0.9 Liter,liter,1.8888888888888888
2021-02-01,1.7,Sunflower oil,Bolivia (Plurinational State of),Sucre,RETAIL,0.9 Liter,liter,1.8888888888888888
2021-03-01,1.7,Sunflower oil,Bolivia (Plurinational State of),Sucre,RETAIL,0.9 Liter,liter,1.8888888888888888
2021-04-01,1.7,Sunflower oil,Bolivia (Plurinational State of),Sucre,RETAIL,0.9 Liter,liter,1.8888888888888888
2021-05-01,1.7,Sunflower oil,Bolivia (Plurinational State of),Sucre,RETAIL,0.9 Liter,liter,1.8888888888888888
2021-06-01,1.7,Sunflower oil,Bolivia (Plurinational State of),Sucre,RETAIL,0.9 Liter,liter,1.8888888888888888
2021-07-01,1.7,Sunflower oil,Bolivia (Plurinational State of),Sucre,RETAIL,0.9 Liter,liter,1.8888888888888888
2021-08-01,1.69,Sunflower oil,Bolivia (Plurinational State of),Sucre,RETAIL,0.9 Liter,liter,1.8777777777777778
2021-09-01,1.73,Sunflower oil,Bolivia (Plurinational State of),Sucre,RETAIL,0.9 Liter,liter,1.922222222222222
2021-10-01,1.74,Sunflower oil,Bolivia (Plurinational State of),Sucre,RETAIL,0.9 Liter,liter,1.9333333333333333
2021-11-01,1.73,Sunflower oil,Bolivia (Plurinational State of),Sucre,RETAIL,0.9 Liter,liter,1.922222222222222
2021-12-01,1.74,Sunflower oil,Bolivia (Plurinational State of),Sucre,RETAIL,0.9 Liter,liter,1.9333333333333333
2022-01-01,1.74,Sunflower oil,Bolivia (Plurinational State of),Sucre,RETAIL,0.9 Liter,liter,1.9333333333333333
2022-02-01,1.74,Sunflower oil,Bolivia (Plurinational State of),Sucre,RETAIL,0.9 Liter,liter,1.9333333333333333
2022-03-01,1.74,Sunflower oil,Bolivia (Plurinational State of),Sucre,RETAIL,0.9 Liter,liter,1.9333333333333333
2022-04-01,1.75,Sunflower oil,Bolivia (Plurinational State of),Sucre,RETAIL,0.9 Liter,liter,1.9444444444444444
2022-05-01,1.79,Sunflower oil,Bolivia (Plurinational State of),Sucre,RETAIL,0.9 Liter,liter,1.988888888888889
2022-06-01,1.79,Sunflower oil,Bolivia (Plurinational State of),Sucre,RETAIL,0.9 Liter,liter,1.988888888888889
2022-07-01,1.83,Sunflower oil,Bolivia (Plurinational State of),Sucre,RETAIL,0.9 Liter,liter,2.033333333333333
2022-08-01,1.81,Sunflower oil,Bolivia (Plurinational State of),Sucre,RETAIL,0.9 Liter,liter,2.011111111111111
2022-09-01,1.81,Sunflower oil,Bolivia (Plurinational State of),Sucre,RETAIL,0.9 Liter,liter,2.011111111111111
2022-10-01,1.81,Sunflower oil,Bolivia (Plurinational State of),Sucre,RETAIL,0.9 Liter,liter,2.011111111111111
2022-11-01,1.81,Sunflower oil,Bolivia (Plurinational State of),Sucre,RETAIL,0.9 Liter,liter,2.011111111111111
2022-12-01,1.8,Sunflower oil,Bolivia (Plurinational State of),Sucre,RETAIL,0.9 Liter,liter,2.0
2023-01-01,1.79,Sunflower oil,Bolivia (Plurinational State of),Sucre,RETAIL,0.9 Liter,liter,1.988888888888889
2023-02-01,1.79,Sunflower oil,Bolivia (Plurinational State of),Sucre,RETAIL,0.9 Liter,liter,1.988888888888889
2023-03-01,1.8,Sunflower oil,Bolivia (Plurinational State of),Sucre,RETAIL,0.9 Liter,liter,2.0
2023-04-01,1.79,Sunflower oil,Bolivia (Plurinational State of),Sucre,RETAIL,0.9 Liter,liter,1.988888888888889
2023-05-01,1.79,Sunflower oil,Bolivia (Plurinational State of),Sucre,RETAIL,0.9 Liter,liter,1.988888888888889
2023-06-01,1.8,Sunflower oil,Bolivia (Plurinational State of),Sucre,RETAIL,0.9 Liter,liter,2.0
2023-07-01,1.8,Sunflower oil,Bolivia (Plurinational State of),Sucre,RETAIL,0.9 Liter,liter,2.0
2023-08-01,1.79,Sunflower oil,Bolivia (Plurinational State of),Sucre,RETAIL,0.9 Liter,liter,1.988888888888889
2023-09-01,1.78,Sunflower oil,Bolivia (Plurinational State of),Sucre,RETAIL,0.9 Liter,liter,1.9777777777777779
2023-10-01,1.78,Sunflower oil,Bolivia (Plurinational State of),Sucre,RETAIL,0.9 Liter,liter,1.9777777777777779
2023-11-01,1.76,Sunflower oil,Bolivia (Plurinational State of),Sucre,RETAIL,0.9 Liter,liter,1.9555555555555555
2023-12-01,1.76,Sunflower oil,Bolivia (Plurinational State of),Sucre,RETAIL,0.9 Liter,liter,1.9555555555555555
2024-01-01,1.76,Sunflower oil,Bolivia (Plurinational State of),Sucre,RETAIL,0.9 Liter,liter,1.9555555555555555
2024-02-01,1.76,Sunflower oil,Bolivia (Plurinational State of),Sucre,RETAIL,0.9 Liter,liter,1.9555555555555555
2024-03-01,1.78,Sunflower oil,Bolivia (Plurinational State of),Sucre,RETAIL,0.9 Liter,liter,1.9777777777777779
2024-04-01,1.78,Sunflower oil,Bolivia (Plurinational State of),Sucre,RETAIL,0.9 Liter,liter,1.9777777777777779
2024-05-01,1.79,Sunflower oil,Bolivia (Plurinational State of),Sucre,RETAIL,0.9 Liter,liter,1.988888888888889
2024-06-01,1.77,Sunflower oil,Bolivia (Plurinational State of),Sucre,RETAIL,0.9 Liter,liter,1.9666666666666666
2024-07-01,1.78,Sunflower oil,Bolivia (Plurinational State of),Sucre,RETAIL,0.9 Liter,liter,1.9777777777777779
2024-08-01,1.79,Sunflower oil,Bolivia (Plurinational State of),Sucre,RETAIL,0.9 Liter,liter,1.988888888888889
2024-09-01,1.78,Sunflower oil,Bolivia (Plurinational State of),Sucre,RETAIL,0.9 Liter,liter,1.9777777777777779
2024-10-01,1.81,Sunflower oil,Bolivia (Plurinational State of),Sucre,RETAIL,0.9 Liter,liter,2.011111111111111
2024-11-01,1.81,Sunflower oil,Bolivia (Plurinational State of),Sucre,RETAIL,0.9 Liter,liter,2.011111111111111
2024-12-01,1.96,Sunflower oil,Bolivia (Plurinational State of),Sucre,RETAIL,0.9 Liter,liter,2.1777777777777776
2025-01-01,2.23,Sunflower oil,Bolivia (Plurinational State of),Sucre,RETAIL,0.9 Liter,liter,2.477777777777778
2025-02-01,2.26,Sunflower oil,Bolivia (Plurinational State of),Sucre,RETAIL,0.9 Liter,liter,2.5111111111111106
2025-03-01,2.32,Sunflower oil,Bolivia (Plurinational State of),Sucre,RETAIL,0.9 Liter,liter,2.5777777777777775
2025-04-01,2.42,Sunflower oil,Bolivia (Plurinational State of),Sucre,RETAIL,0.9 Liter,liter,2.6888888888888887
2025-05-01,2.49,Sunflower oil,Bolivia (Plurinational State of),Sucre,RETAIL,0.9 Liter,liter,2.766666666666667
2025-06-01,2.52,Sunflower oil,Bolivia (Plurinational State of),Sucre,RETAIL,0.9 Liter,liter,2.8
2025-07-01,2.63,Sunflower oil,Bolivia (Plurinational State of),Sucre,RETAIL,0.9 Liter,liter,2.922222222222222
2018-01-01,1.64,Sunflower oil,Bolivia (Plurinational State of),Tarija,RETAIL,0.9 Liter,liter,1.822222222222222
2018-02-01,1.64,Sunflower oil,Bolivia (Plurinational State of),Tarija,RETAIL,0.9 Liter,liter,1.822222222222222
2018-03-01,1.58,Sunflower oil,Bolivia (Plurinational State of),Tarija,RETAIL,0.9 Liter,liter,1.7555555555555555
2018-04-01,1.58,Sunflower oil,Bolivia (Plurinational State of),Tarija,RETAIL,0.9 Liter,liter,1.7555555555555555
2018-05-01,1.59,Sunflower oil,Bolivia (Plurinational State of),Tarija,RETAIL,0.9 Liter,liter,1.7666666666666666
2018-06-01,1.59,Sunflower oil,Bolivia (Plurinational State of),Tarija,RETAIL,0.9 Liter,liter,1.7666666666666666
2018-07-01,1.57,Sunflower oil,Bolivia (Plurinational State of),Tarija,RETAIL,0.9 Liter,liter,1.7444444444444445
2018-08-01,1.57,Sunflower oil,Bolivia (Plurinational State of),Tarija,RETAIL,0.9 Liter,liter,1.7444444444444445
2018-09-01,1.54,Sunflower oil,Bolivia (Plurinational State of),Tarija,RETAIL,0.9 Liter,liter,1.711111111111111
2018-10-01,1.54,Sunflower oil,Bolivia (Plurinational State of),Tarija,RETAIL,0.9 Liter,liter,1.711111111111111
2018-11-01,1.56,Sunflower oil,Bolivia (Plurinational State of),Tarija,RETAIL,0.9 Liter,liter,1.7333333333333334
2018-12-01,1.56,Sunflower oil,Bolivia (Plurinational State of),Tarija,RETAIL,0.9 Liter,liter,1.7333333333333334
2019-01-01,1.56,Sunflower oil,Bolivia (Plurinational State of),Tarija,RETAIL,0.9 Liter,liter,1.7333333333333334
2019-02-01,1.56,Sunflower oil,Bolivia (Plurinational State of),Tarija,RETAIL,0.9 Liter,liter,1.7333333333333334
2019-03-01,1.56,Sunflower oil,Bolivia (Plurinational State of),Tarija,RETAIL,0.9 Liter,liter,1.7333333333333334
2019-04-01,1.54,Sunflower oil,Bolivia (Plurinational State of),Tarija,RETAIL,0.9 Liter,liter,1.711111111111111
2019-05-01,1.54,Sunflower oil,Bolivia (Plurinational State of),Tarija,RETAIL,0.9 Liter,liter,1.711111111111111
2019-06-01,1.54,Sunflower oil,Bolivia (Plurinational State of),Tarija,RETAIL,0.9 Liter,liter,1.711111111111111
2019-07-01,1.6,Sunflower oil,Bolivia (Plurinational State of),Tarija,RETAIL,0.9 Liter,liter,1.777777777777778
2019-08-01,1.65,Sunflower oil,Bolivia (Plurinational State of),Tarija,RETAIL,0.9 Liter,liter,1.8333333333333333
2019-09-01,1.65,Sunflower oil,Bolivia (Plurinational State of),Tarija,RETAIL,0.9 Liter,liter,1.8333333333333333
2019-10-01,1.65,Sunflower oil,Bolivia (Plurinational State of),Tarija,RETAIL,0.9 Liter,liter,1.8333333333333333
2019-11-01,1.65,Sunflower oil,Bolivia (Plurinational State of),Tarija,RETAIL,0.9 Liter,liter,1.8333333333333333
2019-12-01,1.65,Sunflower oil,Bolivia (Plurinational State of),Tarija,RETAIL,0.9 Liter,liter,1.8333333333333333
2020-01-01,1.64,Sunflower oil,Bolivia (Plurinational State of),Tarija,RETAIL,0.9 Liter,liter,1.822222222222222
2020-02-01,1.64,Sunflower oil,Bolivia (Plurinational State of),Tarija,RETAIL,0.9 Liter,liter,1.822222222222222
2020-03-01,1.64,Sunflower oil,Bolivia (Plurinational State of),Tarija,RETAIL,0.9 Liter,liter,1.822222222222222
2020-04-01,1.64,Sunflower oil,Bolivia (Plurinational State of),Tarija,RETAIL,0.9 Liter,liter,1.822222222222222
2020-05-01,1.65,Sunflower oil,Bolivia (Plurinational State of),Tarija,RETAIL,0.9 Liter,liter,1.8333333333333333
2020-06-01,1.64,Sunflower oil,Bolivia (Plurinational State of),Tarija,RETAIL,0.9 Liter,liter,1.822222222222222
2020-07-01,1.64,Sunflower oil,Bolivia (Plurinational State of),Tarija,RETAIL,0.9 Liter,liter,1.822222222222222
2020-08-01,1.65,Sunflower oil,Bolivia (Plurinational State of),Tarija,RETAIL,0.9 Liter,liter,1.8333333333333333
2020-09-01,1.64,Sunflower oil,Bolivia (Plurinational State of),Tarija,RETAIL,0.9 Liter,liter,1.822222222222222
2020-10-01,1.63,Sunflower oil,Bolivia (Plurinational State of),Tarija,RETAIL,0.9 Liter,liter,1.811111111111111
2020-11-01,1.64,Sunflower oil,Bolivia (Plurinational State of),Tarija,RETAIL,0.9 Liter,liter,1.822222222222222
2020-12-01,1.64,Sunflower oil,Bolivia (Plurinational State of),Tarija,RETAIL,0.9 Liter,liter,1.822222222222222
2021-01-01,1.63,Sunflower oil,Bolivia (Plurinational State of),Tarija,RETAIL,0.9 Liter,liter,1.811111111111111
2021-02-01,1.62,Sunflower oil,Bolivia (Plurinational State of),Tarija,RETAIL,0.9 Liter,liter,1.8
2021-03-01,1.63,Sunflower oil,Bolivia (Plurinational State of),Tarija,RETAIL,0.9 Liter,liter,1.811111111111111
2021-04-01,1.62,Sunflower oil,Bolivia (Plurinational State of),Tarija,RETAIL,0.9 Liter,liter,1.8
2021-05-01,1.62,Sunflower oil,Bolivia (Plurinational State of),Tarija,RETAIL,0.9 Liter,liter,1.8
2021-06-01,1.62,Sunflower oil,Bolivia (Plurinational State of),Tarija,RETAIL,0.9 Liter,liter,1.8
2021-07-01,1.6,Sunflower oil,Bolivia (Plurinational State of),Tarija,RETAIL,0.9 Liter,liter,1.777777777777778
2021-08-01,1.65,Sunflower oil,Bolivia (Plurinational State of),Tarija,RETAIL,0.9 Liter,liter,1.8333333333333333
2021-09-01,1.65,Sunflower oil,Bolivia (Plurinational State of),Tarija,RETAIL,0.9 Liter,liter,1.8333333333333333
2021-10-01,1.68,Sunflower oil,Bolivia (Plurinational State of),Tarija,RETAIL,0.9 Liter,liter,1.8666666666666665
2021-11-01,1.68,Sunflower oil,Bolivia (Plurinational State of),Tarija,RETAIL,0.9 Liter,liter,1.8666666666666665
2021-12-01,1.69,Sunflower oil,Bolivia (Plurinational State of),Tarija,RETAIL,0.9 Liter,liter,1.8777777777777778
2022-01-01,1.68,Sunflower oil,Bolivia (Plurinational State of),Tarija,RETAIL,0.9 Liter,liter,1.8666666666666665
2022-02-01,1.68,Sunflower oil,Bolivia (Plurinational State of),Tarija,RETAIL,0.9 Liter,liter,1.8666666666666665
2022-03-01,1.68,Sunflower oil,Bolivia (Plurinational State of),Tarija,RETAIL,0.9 Liter,liter,1.8666666666666665
2022-04-01,1.69,Sunflower oil,Bolivia (Plurinational State of),Tarija,RETAIL,0.9 Liter,liter,1.8777777777777778
2022-05-01,1.7,Sunflower oil,Bolivia (Plurinational State of),Tarija,RETAIL,0.9 Liter,liter,1.8888888888888888
2022-06-01,1.71,Sunflower oil,Bolivia (Plurinational State of),Tarija,RETAIL,0.9 Liter,liter,1.9
2022-07-01,1.74,Sunflower oil,Bolivia (Plurinational State of),Tarija,RETAIL,0.9 Liter,liter,1.9333333333333333
2022-08-01,1.75,Sunflower oil,Bolivia (Plurinational State of),Tarija,RETAIL,0.9 Liter,liter,1.9444444444444444
2022-09-01,1.75,Sunflower oil,Bolivia (Plurinational State of),Tarija,RETAIL,0.9 Liter,liter,1.9444444444444444
2022-10-01,1.76,Sunflower oil,Bolivia (Plurinational State of),Tarija,RETAIL,0.9 Liter,liter,1.9555555555555555
2022-11-01,1.76,Sunflower oil,Bolivia (Plurinational State of),Tarija,RETAIL,0.9 Liter,liter,1.9555555555555555
2022-12-01,1.76,Sunflower oil,Bolivia (Plurinational State of),Tarija,RETAIL,0.9 Liter,liter,1.9555555555555555
2023-01-01,1.76,Sunflower oil,Bolivia (Plurinational State of),Tarija,RETAIL,0.9 Liter,liter,1.9555555555555555
2023-02-01,1.76,Sunflower oil,Bolivia (Plurinational State of),Tarija,RETAIL,0.9 Liter,liter,1.9555555555555555
2023-03-01,1.76,Sunflower oil,Bolivia (Plurinational State of),Tarija,RETAIL,0.9 Liter,liter,1.9555555555555555
2023-04-01,1.76,Sunflower oil,Bolivia (Plurinational State of),Tarija,RETAIL,0.9 Liter,liter,1.9555555555555555
2023-05-01,1.76,Sunflower oil,Bolivia (Plurinational State of),Tarija,RETAIL,0.9 Liter,liter,1.9555555555555555
2023-06-01,1.76,Sunflower oil,Bolivia (Plurinational State of),Tarija,RETAIL,0.9 Liter,liter,1.9555555555555555
2023-07-01,1.76,Sunflower oil,Bolivia (Plurinational State of),Tarija,RETAIL,0.9 Liter,liter,1.9555555555555555
2023-08-01,1.76,Sunflower oil,Bolivia (Plurinational State of),Tarija,RETAIL,0.9 Liter,liter,1.9555555555555555
2023-09-01,1.75,Sunflower oil,Bolivia (Plurinational State of),Tarija,RETAIL,0.9 Liter,liter,1.9444444444444444
2023-10-01,1.75,Sunflower oil,Bolivia (Plurinational State of),Tarija,RETAIL,0.9 Liter,liter,1.9444444444444444
2023-11-01,1.75,Sunflower oil,Bolivia (Plurinational State of),Tarija,RETAIL,0.9 Liter,liter,1.9444444444444444
2023-12-01,1.74,Sunflower oil,Bolivia (Plurinational State of),Tarija,RETAIL,0.9 Liter,liter,1.9333333333333333
2024-01-01,1.74,Sunflower oil,Bolivia (Plurinational State of),Tarija,RETAIL,0.9 Liter,liter,1.9333333333333333
2024-02-01,1.73,Sunflower oil,Bolivia (Plurinational State of),Tarija,RETAIL,0.9 Liter,liter,1.922222222222222
2024-03-01,1.73,Sunflower oil,Bolivia (Plurinational State of),Tarija,RETAIL,0.9 Liter,liter,1.922222222222222
2024-04-01,1.76,Sunflower oil,Bolivia (Plurinational State of),Tarija,RETAIL,0.9 Liter,liter,1.9555555555555555
2024-05-01,1.75,Sunflower oil,Bolivia (Plurinational State of),Tarija,RETAIL,0.9 Liter,liter,1.9444444444444444
2024-06-01,1.72,Sunflower oil,Bolivia (Plurinational State of),Tarija,RETAIL,0.9 Liter,liter,1.911111111111111
2024-07-01,1.74,Sunflower oil,Bolivia (Plurinational State of),Tarija,RETAIL,0.9 Liter,liter,1.9333333333333333
2024-08-01,1.78,Sunflower oil,Bolivia (Plurinational State of),Tarija,RETAIL,0.9 Liter,liter,1.9777777777777779
2024-09-01,1.77,Sunflower oil,Bolivia (Plurinational State of),Tarija,RETAIL,0.9 Liter,liter,1.9666666666666666
2024-10-01,1.76,Sunflower oil,Bolivia (Plurinational State of),Tarija,RETAIL,0.9 Liter,liter,1.9555555555555555
2024-11-01,1.83,Sunflower oil,Bolivia (Plurinational State of),Tarija,RETAIL,0.9 Liter,liter,2.033333333333333
2024-12-01,2.03,Sunflower oil,Bolivia (Plurinational State of),Tarija,RETAIL,0.9 Liter,liter,2.255555555555555
2025-01-01,2.27,Sunflower oil,Bolivia (Plurinational State of),Tarija,RETAIL,0.9 Liter,liter,2.522222222222222
2025-02-01,2.25,Sunflower oil,Bolivia (Plurinational State of),Tarija,RETAIL,0.9 Liter,liter,2.5
2025-03-01,2.3,Sunflower oil,Bolivia (Plurinational State of),Tarija,RETAIL,0.9 Liter,liter,2.5555555555555554
2025-04-01,2.44,Sunflower oil,Bolivia (Plurinational State of),Tarija,RETAIL,0.9 Liter,liter,2.711111111111111
2025-05-01,2.68,Sunflower oil,Bolivia (Plurinational State of),Tarija,RETAIL,0.9 Liter,liter,2.977777777777778
2025-06-01,2.98,Sunflower oil,Bolivia (Plurinational State of),Tarija,RETAIL,0.9 Liter,liter,3.311111111111111
2025-07-01,3.1,Sunflower oil,Bolivia (Plurinational State of),Tarija,RETAIL,0.9 Liter,liter,3.4444444444444446
2018-01-01,1.37,Sunflower oil,Bolivia (Plurinational State of),Trinidad,RETAIL,Liter,liter,1.37
2018-02-01,1.37,Sunflower oil,Bolivia (Plurinational State of),Trinidad,RETAIL,Liter,liter,1.37
2018-03-01,1.36,Sunflower oil,Bolivia (Plurinational State of),Trinidad,RETAIL,Liter,liter,1.36
2018-04-01,1.36,Sunflower oil,Bolivia (Plurinational State of),Trinidad,RETAIL,Liter,liter,1.36
2018-05-01,1.36,Sunflower oil,Bolivia (Plurinational State of),Trinidad,RETAIL,Liter,liter,1.36
2018-06-01,1.35,Sunflower oil,Bolivia (Plurinational State of),Trinidad,RETAIL,Liter,liter,1.35
2018-07-01,1.34,Sunflower oil,Bolivia (Plurinational State of),Trinidad,RETAIL,Liter,liter,1.34
2018-08-01,1.34,Sunflower oil,Bolivia (Plurinational State of),Trinidad,RETAIL,Liter,liter,1.34
2018-09-01,1.37,Sunflower oil,Bolivia (Plurinational State of),Trinidad,RETAIL,Liter,liter,1.37
2018-10-01,1.39,Sunflower oil,Bolivia (Plurinational State of),Trinidad,RETAIL,Liter,liter,1.39
2018-11-01,1.39,Sunflower oil,Bolivia (Plurinational State of),Trinidad,RETAIL,Liter,liter,1.39
2018-12-01,1.37,Sunflower oil,Bolivia (Plurinational State of),Trinidad,RETAIL,Liter,liter,1.37
2019-01-01,1.36,Sunflower oil,Bolivia (Plurinational State of),Trinidad,RETAIL,Liter,liter,1.36
2019-02-01,1.36,Sunflower oil,Bolivia (Plurinational State of),Trinidad,RETAIL,Liter,liter,1.36
2019-03-01,1.33,Sunflower oil,Bolivia (Plurinational State of),Trinidad,RETAIL,Liter,liter,1.33
2019-04-01,1.33,Sunflower oil,Bolivia (Plurinational State of),Trinidad,RETAIL,Liter,liter,1.33
2019-05-01,1.3,Sunflower oil,Bolivia (Plurinational State of),Trinidad,RETAIL,Liter,liter,1.3
2019-06-01,1.32,Sunflower oil,Bolivia (Plurinational State of),Trinidad,RETAIL,Liter,liter,1.32
2019-07-01,1.33,Sunflower oil,Bolivia (Plurinational State of),Trinidad,RETAIL,Liter,liter,1.33
2019-08-01,1.33,Sunflower oil,Bolivia (Plurinational State of),Trinidad,RETAIL,Liter,liter,1.33
2019-09-01,1.32,Sunflower oil,Bolivia (Plurinational State of),Trinidad,RETAIL,Liter,liter,1.32
2019-10-01,1.32,Sunflower oil,Bolivia (Plurinational State of),Trinidad,RETAIL,Liter,liter,1.32
2019-11-01,1.33,Sunflower oil,Bolivia (Plurinational State of),Trinidad,RETAIL,Liter,liter,1.33
2019-12-01,1.33,Sunflower oil,Bolivia (Plurinational State of),Trinidad,RETAIL,Liter,liter,1.33
2020-01-01,1.33,Sunflower oil,Bolivia (Plurinational State of),Trinidad,RETAIL,Liter,liter,1.33
2020-02-01,1.33,Sunflower oil,Bolivia (Plurinational State of),Trinidad,RETAIL,Liter,liter,1.33
2020-03-01,1.34,Sunflower oil,Bolivia (Plurinational State of),Trinidad,RETAIL,Liter,liter,1.34
2020-04-01,1.37,Sunflower oil,Bolivia (Plurinational State of),Trinidad,RETAIL,Liter,liter,1.37
2020-05-01,1.36,Sunflower oil,Bolivia (Plurinational State of),Trinidad,RETAIL,Liter,liter,1.36
2020-06-01,1.39,Sunflower oil,Bolivia (Plurinational State of),Trinidad,RETAIL,Liter,liter,1.39
2020-07-01,1.36,Sunflower oil,Bolivia (Plurinational State of),Trinidad,RETAIL,Liter,liter,1.36
2020-08-01,1.3,Sunflower oil,Bolivia (Plurinational State of),Trinidad,RETAIL,Liter,liter,1.3
2020-09-01,1.29,Sunflower oil,Bolivia (Plurinational State of),Trinidad,RETAIL,Liter,liter,1.29
2020-10-01,1.3,Sunflower oil,Bolivia (Plurinational State of),Trinidad,RETAIL,Liter,liter,1.3
2020-11-01,1.31,Sunflower oil,Bolivia (Plurinational State of),Trinidad,RETAIL,Liter,liter,1.31
2020-12-01,1.32,Sunflower oil,Bolivia (Plurinational State of),Trinidad,RETAIL,Liter,liter,1.32
2021-01-01,1.32,Sunflower oil,Bolivia (Plurinational State of),Trinidad,RETAIL,Liter,liter,1.32
2021-02-01,1.32,Sunflower oil,Bolivia (Plurinational State of),Trinidad,RETAIL,Liter,liter,1.32
2021-03-01,1.34,Sunflower oil,Bolivia (Plurinational State of),Trinidad,RETAIL,Liter,liter,1.34
2021-04-01,1.34,Sunflower oil,Bolivia (Plurinational State of),Trinidad,RETAIL,Liter,liter,1.34
2021-05-01,1.34,Sunflower oil,Bolivia (Plurinational State of),Trinidad,RETAIL,Liter,liter,1.34
2021-06-01,1.33,Sunflower oil,Bolivia (Plurinational State of),Trinidad,RETAIL,Liter,liter,1.33
2021-07-01,1.33,Sunflower oil,Bolivia (Plurinational State of),Trinidad,RETAIL,Liter,liter,1.33
2021-08-01,1.33,Sunflower oil,Bolivia (Plurinational State of),Trinidad,RETAIL,Liter,liter,1.33
2021-09-01,1.54,Sunflower oil,Bolivia (Plurinational State of),Trinidad,RETAIL,Liter,liter,1.54
2021-10-01,1.7,Sunflower oil,Bolivia (Plurinational State of),Trinidad,RETAIL,Liter,liter,1.7
2021-11-01,1.74,Sunflower oil,Bolivia (Plurinational State of),Trinidad,RETAIL,Liter,liter,1.74
2021-12-01,1.73,Sunflower oil,Bolivia (Plurinational State of),Trinidad,RETAIL,Liter,liter,1.73
2022-01-01,1.74,Sunflower oil,Bolivia (Plurinational State of),Trinidad,RETAIL,Liter,liter,1.74
2022-02-01,1.74,Sunflower oil,Bolivia (Plurinational State of),Trinidad,RETAIL,Liter,liter,1.74
2022-03-01,1.74,Sunflower oil,Bolivia (Plurinational State of),Trinidad,RETAIL,Liter,liter,1.74
2022-04-01,1.74,Sunflower oil,Bolivia (Plurinational State of),Trinidad,RETAIL,Liter,liter,1.74
2022-05-01,1.76,Sunflower oil,Bolivia (Plurinational State of),Trinidad,RETAIL,Liter,liter,1.76
2022-06-01,1.82,Sunflower oil,Bolivia (Plurinational State of),Trinidad,RETAIL,Liter,liter,1.82
2022-07-01,1.83,Sunflower oil,Bolivia (Plurinational State of),Trinidad,RETAIL,Liter,liter,1.83
2022-08-01,1.86,Sunflower oil,Bolivia (Plurinational State of),Trinidad,RETAIL,Liter,liter,1.86
2022-09-01,1.86,Sunflower oil,Bolivia (Plurinational State of),Trinidad,RETAIL,Liter,liter,1.86
2022-10-01,1.87,Sunflower oil,Bolivia (Plurinational State of),Trinidad,RETAIL,Liter,liter,1.87
2022-11-01,1.87,Sunflower oil,Bolivia (Plurinational State of),Trinidad,RETAIL,Liter,liter,1.87
2022-12-01,1.81,Sunflower oil,Bolivia (Plurinational State of),Trinidad,RETAIL,Liter,liter,1.81
2023-01-01,1.74,Sunflower oil,Bolivia (Plurinational State of),Trinidad,RETAIL,Liter,liter,1.74
2023-02-01,1.74,Sunflower oil,Bolivia (Plurinational State of),Trinidad,RETAIL,Liter,liter,1.74
2023-03-01,1.74,Sunflower oil,Bolivia (Plurinational State of),Trinidad,RETAIL,Liter,liter,1.74
2023-04-01,1.74,Sunflower oil,Bolivia (Plurinational State of),Trinidad,RETAIL,Liter,liter,1.74
2023-05-01,1.74,Sunflower oil,Bolivia (Plurinational State of),Trinidad,RETAIL,Liter,liter,1.74
2023-06-01,1.75,Sunflower oil,Bolivia (Plurinational State of),Trinidad,RETAIL,Liter,liter,1.75
2023-07-01,1.75,Sunflower oil,Bolivia (Plurinational State of),Trinidad,RETAIL,Liter,liter,1.75
2023-08-01,1.73,Sunflower oil,Bolivia (Plurinational State of),Trinidad,RETAIL,Liter,liter,1.73
2023-09-01,1.73,Sunflower oil,Bolivia (Plurinational State of),Trinidad,RETAIL,Liter,liter,1.73
2023-10-01,1.71,Sunflower oil,Bolivia (Plurinational State of),Trinidad,RETAIL,Liter,liter,1.71
2023-11-01,1.69,Sunflower oil,Bolivia (Plurinational State of),Trinidad,RETAIL,Liter,liter,1.69
2023-12-01,1.65,Sunflower oil,Bolivia (Plurinational State of),Trinidad,RETAIL,Liter,liter,1.65
2024-01-01,1.65,Sunflower oil,Bolivia (Plurinational State of),Trinidad,RETAIL,Liter,liter,1.65
2024-02-01,1.63,Sunflower oil,Bolivia (Plurinational State of),Trinidad,RETAIL,Liter,liter,1.63
2024-03-01,1.69,Sunflower oil,Bolivia (Plurinational State of),Trinidad,RETAIL,Liter,liter,1.69
2024-04-01,1.69,Sunflower oil,Bolivia (Plurinational State of),Trinidad,RETAIL,Liter,liter,1.69
2024-05-01,1.69,Sunflower oil,Bolivia (Plurinational State of),Trinidad,RETAIL,Liter,liter,1.69
2024-06-01,1.71,Sunflower oil,Bolivia (Plurinational State of),Trinidad,RETAIL,Liter,liter,1.71
2024-07-01,1.71,Sunflower oil,Bolivia (Plurinational State of),Trinidad,RETAIL,Liter,liter,1.71
2024-08-01,1.73,Sunflower oil,Bolivia (Plurinational State of),Trinidad,RETAIL,Liter,liter,1.73
2024-09-01,1.78,Sunflower oil,Bolivia (Plurinational State of),Trinidad,RETAIL,Liter,liter,1.78
2024-10-01,1.8,Sunflower oil,Bolivia (Plurinational State of),Trinidad,RETAIL,Liter,liter,1.8
2024-11-01,1.92,Sunflower oil,Bolivia (Plurinational State of),Trinidad,RETAIL,Liter,liter,1.92
2024-12-01,2.24,Sunflower oil,Bolivia (Plurinational State of),Trinidad,RETAIL,Liter,liter,2.24
2025-01-01,2.41,Sunflower oil,Bolivia (Plurinational State of),Trinidad,RETAIL,Liter,liter,2.41
2025-02-01,2.56,Sunflower oil,Bolivia (Plurinational State of),Trinidad,RETAIL,Liter,liter,2.56
2025-03-01,2.58,Sunflower oil,Bolivia (Plurinational State of),Trinidad,RETAIL,Liter,liter,2.58
2025-04-01,2.62,Sunflower oil,Bolivia (Plurinational State of),Trinidad,RETAIL,Liter,liter,2.62
2025-05-01,3.0,Sunflower oil,Bolivia (Plurinational State of),Trinidad,RETAIL,Liter,liter,3.0
2025-06-01,3.59,Sunflower oil,Bolivia (Plurinational State of),Trinidad,RETAIL,Liter,liter,3.59
2025-07-01,3.62,Sunflower oil,Bolivia (Plurinational State of),Trinidad,RETAIL,Liter,liter,3.62
2007-01-01,1.38,Sunflower oil,Botswana,National Average,RETAIL,750 ml,liter,1.8399999999999999
2007-02-01,1.43,Sunflower oil,Botswana,National Average,RETAIL,750 ml,liter,1.9066666666666665
2007-03-01,1.42,Sunflower oil,Botswana,National Average,RETAIL,750 ml,liter,1.8933333333333333
2007-04-01,1.47,Sunflower oil,Botswana,National Average,RETAIL,750 ml,liter,1.96
2007-05-01,1.48,Sunflower oil,Botswana,National Average,RETAIL,750 ml,liter,1.9733333333333334
2007-06-01,1.51,Sunflower oil,Botswana,National Average,RETAIL,750 ml,liter,2.013333333333333
2007-07-01,1.54,Sunflower oil,Botswana,National Average,RETAIL,750 ml,liter,2.0533333333333332
2007-08-01,1.55,Sunflower oil,Botswana,National Average,RETAIL,750 ml,liter,2.066666666666667
2007-09-01,1.57,Sunflower oil,Botswana,National Average,RETAIL,750 ml,liter,2.0933333333333333
2007-10-01,1.66,Sunflower oil,Botswana,National Average,RETAIL,750 ml,liter,2.2133333333333334
2007-11-01,1.72,Sunflower oil,Botswana,National Average,RETAIL,750 ml,liter,2.2933333333333334
2007-12-01,1.7,Sunflower oil,Botswana,National Average,RETAIL,750 ml,liter,2.2666666666666666
2008-01-01,1.9,Sunflower oil,Botswana,National Average,RETAIL,750 ml,liter,2.533333333333333
2008-02-01,1.93,Sunflower oil,Botswana,National Average,RETAIL,750 ml,liter,2.5733333333333333
2008-03-01,1.95,Sunflower oil,Botswana,National Average,RETAIL,750 ml,liter,2.6
2008-04-01,2.17,Sunflower oil,Botswana,National Average,RETAIL,750 ml,liter,2.893333333333333
2008-05-01,2.4,Sunflower oil,Botswana,National Average,RETAIL,750 ml,liter,3.1999999999999997
2008-06-01,2.45,Sunflower oil,Botswana,National Average,RETAIL,750 ml,liter,3.266666666666667
2008-07-01,2.54,Sunflower oil,Botswana,National Average,RETAIL,750 ml,liter,3.3866666666666667
2008-08-01,2.53,Sunflower oil,Botswana,National Average,RETAIL,750 ml,liter,3.373333333333333
2008-09-01,2.5,Sunflower oil,Botswana,National Average,RETAIL,750 ml,liter,3.3333333333333335
2008-10-01,2.28,Sunflower oil,Botswana,National Average,RETAIL,750 ml,liter,3.0399999999999996
2008-11-01,2.19,Sunflower oil,Botswana,National Average,RETAIL,750 ml,liter,2.92
2008-12-01,2.22,Sunflower oil,Botswana,National Average,RETAIL,750 ml,liter,2.9600000000000004
2009-01-01,2.16,Sunflower oil,Botswana,National Average,RETAIL,750 ml,liter,2.8800000000000003
2009-02-01,2.08,Sunflower oil,Botswana,National Average,RETAIL,750 ml,liter,2.7733333333333334
2009-03-01,2.05,Sunflower oil,Botswana,National Average,RETAIL,750 ml,liter,2.733333333333333
2009-04-01,2.09,Sunflower oil,Botswana,National Average,RETAIL,750 ml,liter,2.7866666666666666
2009-05-01,2.15,Sunflower oil,Botswana,National Average,RETAIL,750 ml,liter,2.8666666666666667
2009-06-01,2.16,Sunflower oil,Botswana,National Average,RETAIL,750 ml,liter,2.8800000000000003
2009-07-01,2.18,Sunflower oil,Botswana,National Average,RETAIL,750 ml,liter,2.9066666666666667
2009-08-01,2.15,Sunflower oil,Botswana,National Average,RETAIL,750 ml,liter,2.8666666666666667
2009-09-01,2.23,Sunflower oil,Botswana,National Average,RETAIL,750 ml,liter,2.973333333333333
2009-10-01,2.22,Sunflower oil,Botswana,National Average,RETAIL,750 ml,liter,2.9600000000000004
2009-11-01,2.18,Sunflower oil,Botswana,National Average,RETAIL,750 ml,liter,2.9066666666666667
2009-12-01,2.13,Sunflower oil,Botswana,National Average,RETAIL,750 ml,liter,2.84
2010-01-01,2.12,Sunflower oil,Botswana,National Average,RETAIL,750 ml,liter,2.8266666666666667
2010-02-01,2.05,Sunflower oil,Botswana,National Average,RETAIL,750 ml,liter,2.733333333333333
2010-03-01,2.07,Sunflower oil,Botswana,National Average,RETAIL,750 ml,liter,2.76
2010-04-01,2.07,Sunflower oil,Botswana,National Average,RETAIL,750 ml,liter,2.76
2010-05-01,1.98,Sunflower oil,Botswana,National Average,RETAIL,750 ml,liter,2.64
2010-06-01,1.94,Sunflower oil,Botswana,National Average,RETAIL,750 ml,liter,2.5866666666666664
2010-07-01,1.97,Sunflower oil,Botswana,National Average,RETAIL,750 ml,liter,2.6266666666666665
2010-08-01,2.03,Sunflower oil,Botswana,National Average,RETAIL,750 ml,liter,2.7066666666666666
2010-09-01,2.04,Sunflower oil,Botswana,National Average,RETAIL,750 ml,liter,2.72
2010-10-01,2.09,Sunflower oil,Botswana,National Average,RETAIL,750 ml,liter,2.7866666666666666
2010-11-01,2.09,Sunflower oil,Botswana,National Average,RETAIL,750 ml,liter,2.7866666666666666
2010-12-01,2.14,Sunflower oil,Botswana,National Average,RETAIL,750 ml,liter,2.8533333333333335
2011-01-01,2.16,Sunflower oil,Botswana,National Average,RETAIL,750 ml,liter,2.8800000000000003
2011-02-01,2.21,Sunflower oil,Botswana,National Average,RETAIL,750 ml,liter,2.9466666666666668
2011-03-01,2.35,Sunflower oil,Botswana,National Average,RETAIL,750 ml,liter,3.1333333333333333
2011-04-01,2.45,Sunflower oil,Botswana,National Average,RETAIL,750 ml,liter,3.266666666666667
2011-05-01,2.45,Sunflower oil,Botswana,National Average,RETAIL,750 ml,liter,3.266666666666667
2011-06-01,2.47,Sunflower oil,Botswana,National Average,RETAIL,750 ml,liter,3.2933333333333334
2011-07-01,2.47,Sunflower oil,Botswana,National Average,RETAIL,750 ml,liter,3.2933333333333334
2011-08-01,2.43,Sunflower oil,Botswana,National Average,RETAIL,750 ml,liter,3.24
2011-09-01,2.32,Sunflower oil,Botswana,National Average,RETAIL,750 ml,liter,3.0933333333333333
2011-10-01,2.23,Sunflower oil,Botswana,National Average,RETAIL,750 ml,liter,2.973333333333333
2011-11-01,2.2,Sunflower oil,Botswana,National Average,RETAIL,750 ml,liter,2.9333333333333336
2011-12-01,2.17,Sunflower oil,Botswana,National Average,RETAIL,750 ml,liter,2.893333333333333
2012-01-01,2.23,Sunflower oil,Botswana,National Average,RETAIL,750 ml,liter,2.973333333333333
2012-02-01,2.33,Sunflower oil,Botswana,National Average,RETAIL,750 ml,liter,3.106666666666667
2012-03-01,2.34,Sunflower oil,Botswana,National Average,RETAIL,750 ml,liter,3.1199999999999997
2012-04-01,2.29,Sunflower oil,Botswana,National Average,RETAIL,750 ml,liter,3.0533333333333332
2012-05-01,2.23,Sunflower oil,Botswana,National Average,RETAIL,750 ml,liter,2.973333333333333
2012-06-01,2.18,Sunflower oil,Botswana,National Average,RETAIL,750 ml,liter,2.9066666666666667
2012-07-01,2.21,Sunflower oil,Botswana,National Average,RETAIL,750 ml,liter,2.9466666666666668
2012-08-01,2.22,Sunflower oil,Botswana,National Average,RETAIL,750 ml,liter,2.9600000000000004
2012-09-01,2.24,Sunflower oil,Botswana,National Average,RETAIL,750 ml,liter,2.986666666666667
2012-10-01,2.18,Sunflower oil,Botswana,National Average,RETAIL,750 ml,liter,2.9066666666666667
2012-11-01,2.19,Sunflower oil,Botswana,National Average,RETAIL,750 ml,liter,2.92
2012-12-01,2.25,Sunflower oil,Botswana,National Average,RETAIL,750 ml,liter,3.0
2013-01-01,2.23,Sunflower oil,Botswana,National Average,RETAIL,750 ml,liter,2.973333333333333
2013-02-01,2.22,Sunflower oil,Botswana,National Average,RETAIL,750 ml,liter,2.9600000000000004
2013-03-01,2.19,Sunflower oil,Botswana,National Average,RETAIL,750 ml,liter,2.92
2013-04-01,2.21,Sunflower oil,Botswana,National Average,RETAIL,750 ml,liter,2.9466666666666668
2013-05-01,2.18,Sunflower oil,Botswana,National Average,RETAIL,750 ml,liter,2.9066666666666667
2013-06-01,2.1,Sunflower oil,Botswana,National Average,RETAIL,750 ml,liter,2.8000000000000003
2013-07-01,2.12,Sunflower oil,Botswana,National Average,RETAIL,750 ml,liter,2.8266666666666667
2013-08-01,2.1,Sunflower oil,Botswana,National Average,RETAIL,750 ml,liter,2.8000000000000003
2013-09-01,2.12,Sunflower oil,Botswana,National Average,RETAIL,750 ml,liter,2.8266666666666667
2013-10-01,2.15,Sunflower oil,Botswana,National Average,RETAIL,750 ml,liter,2.8666666666666667
2013-11-01,2.11,Sunflower oil,Botswana,National Average,RETAIL,750 ml,liter,2.813333333333333
2013-12-01,2.1,Sunflower oil,Botswana,National Average,RETAIL,750 ml,liter,2.8000000000000003
2014-01-01,2.05,Sunflower oil,Botswana,National Average,RETAIL,750 ml,liter,2.733333333333333
2014-02-01,2.04,Sunflower oil,Botswana,National Average,RETAIL,750 ml,liter,2.72
2014-03-01,2.07,Sunflower oil,Botswana,National Average,RETAIL,750 ml,liter,2.76
2014-04-01,2.09,Sunflower oil,Botswana,National Average,RETAIL,750 ml,liter,2.7866666666666666
2014-05-01,2.1,Sunflower oil,Botswana,National Average,RETAIL,750 ml,liter,2.8000000000000003
2014-06-01,2.07,Sunflower oil,Botswana,National Average,RETAIL,750 ml,liter,2.76
2014-07-01,2.06,Sunflower oil,Botswana,National Average,RETAIL,750 ml,liter,2.7466666666666666
2014-08-01,2.05,Sunflower oil,Botswana,National Average,RETAIL,750 ml,liter,2.733333333333333
2014-09-01,2.01,Sunflower oil,Botswana,National Average,RETAIL,750 ml,liter,2.6799999999999997
2014-10-01,1.99,Sunflower oil,Botswana,National Average,RETAIL,750 ml,liter,2.6533333333333333
2014-11-01,1.97,Sunflower oil,Botswana,National Average,RETAIL,750 ml,liter,2.6266666666666665
2014-12-01,1.91,Sunflower oil,Botswana,National Average,RETAIL,750 ml,liter,2.5466666666666664
2015-01-01,1.88,Sunflower oil,Botswana,National Average,RETAIL,750 ml,liter,2.5066666666666664
2015-02-01,1.86,Sunflower oil,Botswana,National Average,RETAIL,750 ml,liter,2.48
2015-03-01,1.81,Sunflower oil,Botswana,National Average,RETAIL,750 ml,liter,2.4133333333333336
2015-04-01,1.77,Sunflower oil,Botswana,National Average,RETAIL,750 ml,liter,2.36
2015-05-01,1.8,Sunflower oil,Botswana,National Average,RETAIL,750 ml,liter,2.4
2015-06-01,1.76,Sunflower oil,Botswana,National Average,RETAIL,750 ml,liter,2.3466666666666667
2015-07-01,1.75,Sunflower oil,Botswana,National Average,RETAIL,750 ml,liter,2.3333333333333335
2015-08-01,1.72,Sunflower oil,Botswana,National Average,RETAIL,750 ml,liter,2.2933333333333334
2015-09-01,1.67,Sunflower oil,Botswana,National Average,RETAIL,750 ml,liter,2.2266666666666666
2015-10-01,1.68,Sunflower oil,Botswana,National Average,RETAIL,750 ml,liter,2.2399999999999998
2015-11-01,1.63,Sunflower oil,Botswana,National Average,RETAIL,750 ml,liter,2.1733333333333333
2015-12-01,1.58,Sunflower oil,Botswana,National Average,RETAIL,750 ml,liter,2.106666666666667
2016-01-01,1.51,Sunflower oil,Botswana,National Average,RETAIL,750 ml,liter,2.013333333333333
2016-02-01,1.55,Sunflower oil,Botswana,National Average,RETAIL,750 ml,liter,2.066666666666667
2016-03-01,1.57,Sunflower oil,Botswana,National Average,RETAIL,750 ml,liter,2.0933333333333333
2016-04-01,1.62,Sunflower oil,Botswana,National Average,RETAIL,750 ml,liter,2.16
2016-05-01,1.59,Sunflower oil,Botswana,National Average,RETAIL,750 ml,liter,2.12
2016-06-01,1.61,Sunflower oil,Botswana,National Average,RETAIL,750 ml,liter,2.146666666666667
2016-07-01,1.64,Sunflower oil,Botswana,National Average,RETAIL,750 ml,liter,2.1866666666666665
2016-08-01,1.68,Sunflower oil,Botswana,National Average,RETAIL,750 ml,liter,2.2399999999999998
2016-09-01,1.69,Sunflower oil,Botswana,National Average,RETAIL,750 ml,liter,2.2533333333333334
2016-10-01,1.71,Sunflower oil,Botswana,National Average,RETAIL,750 ml,liter,2.28
2016-11-01,1.7,Sunflower oil,Botswana,National Average,RETAIL,750 ml,liter,2.2666666666666666
2016-12-01,1.7,Sunflower oil,Botswana,National Average,RETAIL,750 ml,liter,2.2666666666666666
2017-01-01,1.73,Sunflower oil,Botswana,National Average,RETAIL,750 ml,liter,2.3066666666666666
2017-02-01,1.76,Sunflower oil,Botswana,National Average,RETAIL,750 ml,liter,2.3466666666666667
2017-03-01,1.77,Sunflower oil,Botswana,National Average,RETAIL,750 ml,liter,2.36
2017-04-01,1.74,Sunflower oil,Botswana,National Average,RETAIL,750 ml,liter,2.32
2017-05-01,1.77,Sunflower oil,Botswana,National Average,RETAIL,750 ml,liter,2.36
2017-06-01,1.79,Sunflower oil,Botswana,National Average,RETAIL,750 ml,liter,2.3866666666666667
2017-07-01,1.78,Sunflower oil,Botswana,National Average,RETAIL,750 ml,liter,2.3733333333333335
2017-08-01,1.75,Sunflower oil,Botswana,National Average,RETAIL,750 ml,liter,2.3333333333333335
2017-09-01,1.76,Sunflower oil,Botswana,National Average,RETAIL,750 ml,liter,2.3466666666666667
2017-10-01,1.73,Sunflower oil,Botswana,National Average,RETAIL,750 ml,liter,2.3066666666666666
2017-11-01,1.7,Sunflower oil,Botswana,National Average,RETAIL,750 ml,liter,2.2666666666666666
2017-12-01,1.75,Sunflower oil,Botswana,National Average,RETAIL,750 ml,liter,2.3333333333333335
2018-01-01,1.83,Sunflower oil,Botswana,National Average,RETAIL,750 ml,liter,2.44
2018-02-01,1.87,Sunflower oil,Botswana,National Average,RETAIL,750 ml,liter,2.4933333333333336
2018-03-01,1.87,Sunflower oil,Botswana,National Average,RETAIL,750 ml,liter,2.4933333333333336
2018-04-01,1.84,Sunflower oil,Botswana,National Average,RETAIL,750 ml,liter,2.4533333333333336
2018-05-01,1.79,Sunflower oil,Botswana,National Average,RETAIL,750 ml,liter,2.3866666666666667
2018-06-01,1.73,Sunflower oil,Botswana,National Average,RETAIL,750 ml,liter,2.3066666666666666
2018-07-01,1.72,Sunflower oil,Botswana,National Average,RETAIL,750 ml,liter,2.2933333333333334
2018-08-01,1.68,Sunflower oil,Botswana,National Average,RETAIL,750 ml,liter,2.2399999999999998
2018-09-01,1.64,Sunflower oil,Botswana,National Average,RETAIL,750 ml,liter,2.1866666666666665
2018-10-01,1.64,Sunflower oil,Botswana,National Average,RETAIL,750 ml,liter,2.1866666666666665
2018-11-01,1.65,Sunflower oil,Botswana,National Average,RETAIL,750 ml,liter,2.1999999999999997
2018-12-01,1.64,Sunflower oil,Botswana,National Average,RETAIL,750 ml,liter,2.1866666666666665
2019-01-01,1.63,Sunflower oil,Botswana,National Average,RETAIL,750 ml,liter,2.1733333333333333
2019-02-01,1.63,Sunflower oil,Botswana,National Average,RETAIL,750 ml,liter,2.1733333333333333
2019-03-01,1.61,Sunflower oil,Botswana,National Average,RETAIL,750 ml,liter,2.146666666666667
2019-04-01,1.62,Sunflower oil,Botswana,National Average,RETAIL,750 ml,liter,2.16
2019-05-01,1.61,Sunflower oil,Botswana,National Average,RETAIL,750 ml,liter,2.146666666666667
2019-06-01,1.61,Sunflower oil,Botswana,National Average,RETAIL,750 ml,liter,2.146666666666667
2019-07-01,1.63,Sunflower oil,Botswana,National Average,RETAIL,750 ml,liter,2.1733333333333333
2019-08-01,1.58,Sunflower oil,Botswana,National Average,RETAIL,750 ml,liter,2.106666666666667
2019-09-01,1.58,Sunflower oil,Botswana,National Average,RETAIL,750 ml,liter,2.106666666666667
2019-10-01,1.59,Sunflower oil,Botswana,National Average,RETAIL,750 ml,liter,2.12
2019-11-01,1.6,Sunflower oil,Botswana,National Average,RETAIL,750 ml,liter,2.1333333333333333
2019-12-01,1.62,Sunflower oil,Botswana,National Average,RETAIL,750 ml,liter,2.16
2020-01-01,1.62,Sunflower oil,Botswana,National Average,RETAIL,750 ml,liter,2.16
2020-02-01,1.58,Sunflower oil,Botswana,National Average,RETAIL,750 ml,liter,2.106666666666667
2020-03-01,1.52,Sunflower oil,Botswana,National Average,RETAIL,750 ml,liter,2.026666666666667
2020-04-01,1.4,Sunflower oil,Botswana,National Average,RETAIL,750 ml,liter,1.8666666666666665
2020-05-01,1.43,Sunflower oil,Botswana,National Average,RETAIL,750 ml,liter,1.9066666666666665
2020-06-01,1.47,Sunflower oil,Botswana,National Average,RETAIL,750 ml,liter,1.96
2020-07-01,1.5,Sunflower oil,Botswana,National Average,RETAIL,750 ml,liter,2.0
2020-08-01,1.49,Sunflower oil,Botswana,National Average,RETAIL,750 ml,liter,1.9866666666666666
2020-09-01,1.51,Sunflower oil,Botswana,National Average,RETAIL,750 ml,liter,2.013333333333333
2020-10-01,1.53,Sunflower oil,Botswana,National Average,RETAIL,750 ml,liter,2.04
2020-11-01,1.58,Sunflower oil,Botswana,National Average,RETAIL,750 ml,liter,2.106666666666667
2020-12-01,1.62,Sunflower oil,Botswana,National Average,RETAIL,750 ml,liter,2.16
2021-01-01,1.63,Sunflower oil,Botswana,National Average,RETAIL,750 ml,liter,2.1733333333333333
2021-02-01,1.64,Sunflower oil,Botswana,National Average,RETAIL,750 ml,liter,2.1866666666666665
2021-03-01,1.63,Sunflower oil,Botswana,National Average,RETAIL,750 ml,liter,2.1733333333333333
2021-04-01,1.75,Sunflower oil,Botswana,National Average,RETAIL,750 ml,liter,2.3333333333333335
2021-05-01,1.82,Sunflower oil,Botswana,National Average,RETAIL,750 ml,liter,2.4266666666666667
2021-06-01,1.89,Sunflower oil,Botswana,National Average,RETAIL,750 ml,liter,2.52
2021-07-01,1.97,Sunflower oil,Botswana,National Average,RETAIL,750 ml,liter,2.6266666666666665
2021-08-01,1.97,Sunflower oil,Botswana,National Average,RETAIL,750 ml,liter,2.6266666666666665
2021-09-01,2.01,Sunflower oil,Botswana,National Average,RETAIL,750 ml,liter,2.6799999999999997
2021-10-01,2.02,Sunflower oil,Botswana,National Average,RETAIL,750 ml,liter,2.6933333333333334
2021-11-01,1.99,Sunflower oil,Botswana,National Average,RETAIL,750 ml,liter,2.6533333333333333
2021-12-01,1.98,Sunflower oil,Botswana,National Average,RETAIL,750 ml,liter,2.64
2022-01-01,2.02,Sunflower oil,Botswana,National Average,RETAIL,750 ml,liter,2.6933333333333334
2022-02-01,2.05,Sunflower oil,Botswana,National Average,RETAIL,750 ml,liter,2.733333333333333
2022-03-01,2.08,Sunflower oil,Botswana,National Average,RETAIL,750 ml,liter,2.7733333333333334
2022-04-01,2.24,Sunflower oil,Botswana,National Average,RETAIL,750 ml,liter,2.986666666666667
2022-05-01,2.34,Sunflower oil,Botswana,National Average,RETAIL,750 ml,liter,3.1199999999999997
2022-06-01,2.48,Sunflower oil,Botswana,National Average,RETAIL,750 ml,liter,3.3066666666666666
2022-07-01,2.55,Sunflower oil,Botswana,National Average,RETAIL,750 ml,liter,3.4
2022-08-01,2.62,Sunflower oil,Botswana,National Average,RETAIL,750 ml,liter,3.4933333333333336
2022-09-01,2.57,Sunflower oil,Botswana,National Average,RETAIL,750 ml,liter,3.4266666666666663
2022-10-01,2.56,Sunflower oil,Botswana,National Average,RETAIL,750 ml,liter,3.4133333333333336
2022-11-01,2.62,Sunflower oil,Botswana,National Average,RETAIL,750 ml,liter,3.4933333333333336
2022-12-01,2.64,Sunflower oil,Botswana,National Average,RETAIL,750 ml,liter,3.52
2023-01-01,2.63,Sunflower oil,Botswana,National Average,RETAIL,750 ml,liter,3.5066666666666664
2023-02-01,2.57,Sunflower oil,Botswana,National Average,RETAIL,750 ml,liter,3.4266666666666663
2023-03-01,2.59,Sunflower oil,Botswana,National Average,RETAIL,750 ml,liter,3.453333333333333
2023-04-01,2.6,Sunflower oil,Botswana,National Average,RETAIL,750 ml,liter,3.466666666666667
2023-05-01,2.51,Sunflower oil,Botswana,National Average,RETAIL,750 ml,liter,3.3466666666666662
2023-06-01,2.47,Sunflower oil,Botswana,National Average,RETAIL,750 ml,liter,3.2933333333333334
2023-07-01,2.49,Sunflower oil,Botswana,National Average,RETAIL,750 ml,liter,3.3200000000000003
2023-08-01,2.38,Sunflower oil,Botswana,National Average,RETAIL,750 ml,liter,3.1733333333333333
2023-09-01,2.33,Sunflower oil,Botswana,National Average,RETAIL,750 ml,liter,3.106666666666667
2023-10-01,2.29,Sunflower oil,Botswana,National Average,RETAIL,750 ml,liter,3.0533333333333332
2023-11-01,2.31,Sunflower oil,Botswana,National Average,RETAIL,750 ml,liter,3.08
2023-12-01,2.32,Sunflower oil,Botswana,National Average,RETAIL,750 ml,liter,3.0933333333333333
2024-01-01,2.27,Sunflower oil,Botswana,National Average,RETAIL,750 ml,liter,3.026666666666667
2024-02-01,2.24,Sunflower oil,Botswana,National Average,RETAIL,750 ml,liter,2.986666666666667
2024-03-01,2.23,Sunflower oil,Botswana,National Average,RETAIL,750 ml,liter,2.973333333333333
2024-04-01,2.2,Sunflower oil,Botswana,National Average,RETAIL,750 ml,liter,2.9333333333333336
2024-05-01,2.2,Sunflower oil,Botswana,National Average,RETAIL,750 ml,liter,2.9333333333333336
2024-06-01,2.15,Sunflower oil,Botswana,National Average,RETAIL,750 ml,liter,2.8666666666666667
2024-07-01,2.16,Sunflower oil,Botswana,National Average,RETAIL,750 ml,liter,2.8800000000000003
2024-08-01,2.11,Sunflower oil,Botswana,National Average,RETAIL,750 ml,liter,2.813333333333333
2024-09-01,2.13,Sunflower oil,Botswana,National Average,RETAIL,750 ml,liter,2.84
2024-10-01,2.11,Sunflower oil,Botswana,National Average,RETAIL,750 ml,liter,2.813333333333333
2024-11-01,2.09,Sunflower oil,Botswana,National Average,RETAIL,750 ml,liter,2.7866666666666666
2024-12-01,2.06,Sunflower oil,Botswana,National Average,RETAIL,750 ml,liter,2.7466666666666666
2025-01-01,2.02,Sunflower oil,Botswana,National Average,RETAIL,750 ml,liter,2.6933333333333334
2025-02-01,2.04,Sunflower oil,Botswana,National Average,RETAIL,750 ml,liter,2.72
2025-03-01,2.1,Sunflower oil,Botswana,National Average,RETAIL,750 ml,liter,2.8000000000000003
2025-04-01,2.09,Sunflower oil,Botswana,National Average,RETAIL,750 ml,liter,2.7866666666666666
2025-05-01,2.14,Sunflower oil,Botswana,National Average,RETAIL,750 ml,liter,2.8533333333333335
2025-06-01,2.15,Sunflower oil,Botswana,National Average,RETAIL,750 ml,liter,2.8666666666666667
2025-07-01,28.8,Sunflower oil,Botswana,National Average,RETAIL,750 ml,liter,38.4
2025-08-01,2.17,Sunflower oil,Botswana,National Average,RETAIL,750 ml,liter,2.893333333333333
2025-09-01,2.17,Sunflower oil,Botswana,National Average,RETAIL,750 ml,liter,2.893333333333333
2025-10-01,2.18,Sunflower oil,Botswana,National Average,RETAIL,750 ml,liter,2.9066666666666667
2005-11-01,1.39,Sunflower oil,Kazakhstan,Aktau,RETAIL,Liter,liter,1.39
2005-12-01,1.43,Sunflower oil,Kazakhstan,Aktau,RETAIL,Liter,liter,1.43
2006-01-01,1.44,Sunflower oil,Kazakhstan,Aktau,RETAIL,Liter,liter,1.44
2006-02-01,1.48,Sunflower oil,Kazakhstan,Aktau,RETAIL,Liter,liter,1.48
2006-03-01,1.51,Sunflower oil,Kazakhstan,Aktau,RETAIL,Liter,liter,1.51
2006-04-01,1.54,Sunflower oil,Kazakhstan,Aktau,RETAIL,Liter,liter,1.54
2006-05-01,1.59,Sunflower oil,Kazakhstan,Aktau,RETAIL,Liter,liter,1.59
2006-06-01,1.55,Sunflower oil,Kazakhstan,Aktau,RETAIL,Liter,liter,1.55
2006-07-01,1.57,Sunflower oil,Kazakhstan,Aktau,RETAIL,Liter,liter,1.57
2006-08-01,1.52,Sunflower oil,Kazakhstan,Aktau,RETAIL,Liter,liter,1.52
2006-09-01,1.47,Sunflower oil,Kazakhstan,Aktau,RETAIL,Liter,liter,1.47
2006-10-01,1.46,Sunflower oil,Kazakhstan,Aktau,RETAIL,Liter,liter,1.46
2006-11-01,1.45,Sunflower oil,Kazakhstan,Aktau,RETAIL,Liter,liter,1.45
2006-12-01,1.45,Sunflower oil,Kazakhstan,Aktau,RETAIL,Liter,liter,1.45
2007-01-01,1.48,Sunflower oil,Kazakhstan,Aktau,RETAIL,Liter,liter,1.48
2007-02-01,1.51,Sunflower oil,Kazakhstan,Aktau,RETAIL,Liter,liter,1.51
2007-03-01,1.52,Sunflower oil,Kazakhstan,Aktau,RETAIL,Liter,liter,1.52
2007-04-01,1.54,Sunflower oil,Kazakhstan,Aktau,RETAIL,Liter,liter,1.54
2007-05-01,1.56,Sunflower oil,Kazakhstan,Aktau,RETAIL,Liter,liter,1.56
2007-06-01,1.54,Sunflower oil,Kazakhstan,Aktau,RETAIL,Liter,liter,1.54
2007-07-01,1.54,Sunflower oil,Kazakhstan,Aktau,RETAIL,Liter,liter,1.54
2007-08-01,1.51,Sunflower oil,Kazakhstan,Aktau,RETAIL,Liter,liter,1.51
2007-09-01,1.54,Sunflower oil,Kazakhstan,Aktau,RETAIL,Liter,liter,1.54
2007-10-01,2.2,Sunflower oil,Kazakhstan,Aktau,RETAIL,Liter,liter,2.2
2007-11-01,3.01,Sunflower oil,Kazakhstan,Aktau,RETAIL,Liter,liter,3.01
2007-12-01,3.02,Sunflower oil,Kazakhstan,Aktau,RETAIL,Liter,liter,3.02
2008-01-01,2.83,Sunflower oil,Kazakhstan,Aktau,RETAIL,Liter,liter,2.83
2008-02-01,2.83,Sunflower oil,Kazakhstan,Aktau,RETAIL,Liter,liter,2.83
2008-03-01,2.83,Sunflower oil,Kazakhstan,Aktau,RETAIL,Liter,liter,2.83
2008-04-01,2.83,Sunflower oil,Kazakhstan,Aktau,RETAIL,Liter,liter,2.83
2008-05-01,2.83,Sunflower oil,Kazakhstan,Aktau,RETAIL,Liter,liter,2.83
2008-06-01,2.99,Sunflower oil,Kazakhstan,Aktau,RETAIL,Liter,liter,2.99
2008-07-01,3.0,Sunflower oil,Kazakhstan,Aktau,RETAIL,Liter,liter,3.0
2008-08-01,3.01,Sunflower oil,Kazakhstan,Aktau,RETAIL,Liter,liter,3.01
2008-09-01,3.27,Sunflower oil,Kazakhstan,Aktau,RETAIL,Liter,liter,3.27
2008-10-01,3.26,Sunflower oil,Kazakhstan,Aktau,RETAIL,Liter,liter,3.26
2008-11-01,3.26,Sunflower oil,Kazakhstan,Aktau,RETAIL,Liter,liter,3.26
2008-12-01,3.17,Sunflower oil,Kazakhstan,Aktau,RETAIL,Liter,liter,3.17
2009-01-01,3.01,Sunflower oil,Kazakhstan,Aktau,RETAIL,Liter,liter,3.01
2009-02-01,2.47,Sunflower oil,Kazakhstan,Aktau,RETAIL,Liter,liter,2.47
2009-03-01,2.38,Sunflower oil,Kazakhstan,Aktau,RETAIL,Liter,liter,2.38
2009-04-01,2.12,Sunflower oil,Kazakhstan,Aktau,RETAIL,Liter,liter,2.12
2009-05-01,2.04,Sunflower oil,Kazakhstan,Aktau,RETAIL,Liter,liter,2.04
2009-06-01,2.04,Sunflower oil,Kazakhstan,Aktau,RETAIL,Liter,liter,2.04
2009-07-01,2.02,Sunflower oil,Kazakhstan,Aktau,RETAIL,Liter,liter,2.02
2009-08-01,2.02,Sunflower oil,Kazakhstan,Aktau,RETAIL,Liter,liter,2.02
2009-09-01,2.01,Sunflower oil,Kazakhstan,Aktau,RETAIL,Liter,liter,2.01
2009-10-01,2.02,Sunflower oil,Kazakhstan,Aktau,RETAIL,Liter,liter,2.02
2009-11-01,2.03,Sunflower oil,Kazakhstan,Aktau,RETAIL,Liter,liter,2.03
2009-12-01,2.11,Sunflower oil,Kazakhstan,Aktau,RETAIL,Liter,liter,2.11
2010-01-01,2.11,Sunflower oil,Kazakhstan,Aktau,RETAIL,Liter,liter,2.11
2010-02-01,2.12,Sunflower oil,Kazakhstan,Aktau,RETAIL,Liter,liter,2.12
2010-03-01,2.13,Sunflower oil,Kazakhstan,Aktau,RETAIL,Liter,liter,2.13
2010-04-01,2.14,Sunflower oil,Kazakhstan,Aktau,RETAIL,Liter,liter,2.14
2010-05-01,2.14,Sunflower oil,Kazakhstan,Aktau,RETAIL,Liter,liter,2.14
2010-06-01,2.14,Sunflower oil,Kazakhstan,Aktau,RETAIL,Liter,liter,2.14
2010-07-01,2.13,Sunflower oil,Kazakhstan,Aktau,RETAIL,Liter,liter,2.13
2010-08-01,2.13,Sunflower oil,Kazakhstan,Aktau,RETAIL,Liter,liter,2.13
2010-09-01,2.15,Sunflower oil,Kazakhstan,Aktau,RETAIL,Liter,liter,2.15
2010-10-01,2.22,Sunflower oil,Kazakhstan,Aktau,RETAIL,Liter,liter,2.22
2010-11-01,2.37,Sunflower oil,Kazakhstan,Aktau,RETAIL,Liter,liter,2.37
2010-12-01,2.45,Sunflower oil,Kazakhstan,Aktau,RETAIL,Liter,liter,2.45
2011-01-01,2.48,Sunflower oil,Kazakhstan,Aktau,RETAIL,Liter,liter,2.48
2011-02-01,2.49,Sunflower oil,Kazakhstan,Aktau,RETAIL,Liter,liter,2.49
2011-03-01,2.54,Sunflower oil,Kazakhstan,Aktau,RETAIL,Liter,liter,2.54
2011-04-01,2.59,Sunflower oil,Kazakhstan,Aktau,RETAIL,Liter,liter,2.59
2011-05-01,2.58,Sunflower oil,Kazakhstan,Aktau,RETAIL,Liter,liter,2.58
2011-06-01,2.59,Sunflower oil,Kazakhstan,Aktau,RETAIL,Liter,liter,2.59
2011-07-01,2.57,Sunflower oil,Kazakhstan,Aktau,RETAIL,Liter,liter,2.57
2011-08-01,2.56,Sunflower oil,Kazakhstan,Aktau,RETAIL,Liter,liter,2.56
2011-09-01,2.58,Sunflower oil,Kazakhstan,Aktau,RETAIL,Liter,liter,2.58
2011-10-01,2.53,Sunflower oil,Kazakhstan,Aktau,RETAIL,Liter,liter,2.53
2011-11-01,2.55,Sunflower oil,Kazakhstan,Aktau,RETAIL,Liter,liter,2.55
2011-12-01,2.55,Sunflower oil,Kazakhstan,Aktau,RETAIL,Liter,liter,2.55
2012-01-01,2.42,Sunflower oil,Kazakhstan,Aktau,RETAIL,Liter,liter,2.42
2012-02-01,2.31,Sunflower oil,Kazakhstan,Aktau,RETAIL,Liter,liter,2.31
2012-03-01,2.32,Sunflower oil,Kazakhstan,Aktau,RETAIL,Liter,liter,2.32
2012-04-01,2.25,Sunflower oil,Kazakhstan,Aktau,RETAIL,Liter,liter,2.25
2012-05-01,2.24,Sunflower oil,Kazakhstan,Aktau,RETAIL,Liter,liter,2.24
2012-06-01,2.2,Sunflower oil,Kazakhstan,Aktau,RETAIL,Liter,liter,2.2
2012-07-01,2.19,Sunflower oil,Kazakhstan,Aktau,RETAIL,Liter,liter,2.19
2012-08-01,2.19,Sunflower oil,Kazakhstan,Aktau,RETAIL,Liter,liter,2.19
2012-09-01,2.19,Sunflower oil,Kazakhstan,Aktau,RETAIL,Liter,liter,2.19
2012-10-01,2.23,Sunflower oil,Kazakhstan,Aktau,RETAIL,Liter,liter,2.23
2012-11-01,2.27,Sunflower oil,Kazakhstan,Aktau,RETAIL,Liter,liter,2.27
2012-12-01,2.35,Sunflower oil,Kazakhstan,Aktau,RETAIL,Liter,liter,2.35
2013-01-01,2.37,Sunflower oil,Kazakhstan,Aktau,RETAIL,Liter,liter,2.37
2013-02-01,2.37,Sunflower oil,Kazakhstan,Aktau,RETAIL,Liter,liter,2.37
2013-03-01,2.37,Sunflower oil,Kazakhstan,Aktau,RETAIL,Liter,liter,2.37
2013-04-01,2.36,Sunflower oil,Kazakhstan,Aktau,RETAIL,Liter,liter,2.36
2013-05-01,2.3,Sunflower oil,Kazakhstan,Aktau,RETAIL,Liter,liter,2.3
2013-06-01,2.3,Sunflower oil,Kazakhstan,Aktau,RETAIL,Liter,liter,2.3
2013-07-01,2.28,Sunflower oil,Kazakhstan,Aktau,RETAIL,Liter,liter,2.28
2013-08-01,2.28,Sunflower oil,Kazakhstan,Aktau,RETAIL,Liter,liter,2.28
2013-09-01,2.21,Sunflower oil,Kazakhstan,Aktau,RETAIL,Liter,liter,2.21
2013-10-01,2.2,Sunflower oil,Kazakhstan,Aktau,RETAIL,Liter,liter,2.2
2013-11-01,2.21,Sunflower oil,Kazakhstan,Aktau,RETAIL,Liter,liter,2.21
2013-12-01,2.18,Sunflower oil,Kazakhstan,Aktau,RETAIL,Liter,liter,2.18
2014-01-01,2.1,Sunflower oil,Kazakhstan,Aktau,RETAIL,Liter,liter,2.1
2014-02-01,1.87,Sunflower oil,Kazakhstan,Aktau,RETAIL,Liter,liter,1.87
2014-03-01,1.78,Sunflower oil,Kazakhstan,Aktau,RETAIL,Liter,liter,1.78
2014-04-01,1.75,Sunflower oil,Kazakhstan,Aktau,RETAIL,Liter,liter,1.75
2014-05-01,1.72,Sunflower oil,Kazakhstan,Aktau,RETAIL,Liter,liter,1.72
2014-06-01,1.75,Sunflower oil,Kazakhstan,Aktau,RETAIL,Liter,liter,1.75
2014-07-01,1.75,Sunflower oil,Kazakhstan,Aktau,RETAIL,Liter,liter,1.75
2014-08-01,1.76,Sunflower oil,Kazakhstan,Aktau,RETAIL,Liter,liter,1.76
2014-09-01,1.76,Sunflower oil,Kazakhstan,Aktau,RETAIL,Liter,liter,1.76
2014-10-01,1.77,Sunflower oil,Kazakhstan,Aktau,RETAIL,Liter,liter,1.77
2014-11-01,1.8,Sunflower oil,Kazakhstan,Aktau,RETAIL,Liter,liter,1.8
2014-12-01,1.79,Sunflower oil,Kazakhstan,Aktau,RETAIL,Liter,liter,1.79
2015-01-01,1.79,Sunflower oil,Kazakhstan,Aktau,RETAIL,Liter,liter,1.79
2015-02-01,1.79,Sunflower oil,Kazakhstan,Aktau,RETAIL,Liter,liter,1.79
2015-03-01,1.72,Sunflower oil,Kazakhstan,Aktau,RETAIL,Liter,liter,1.72
2015-04-01,1.68,Sunflower oil,Kazakhstan,Aktau,RETAIL,Liter,liter,1.68
2015-05-01,1.68,Sunflower oil,Kazakhstan,Aktau,RETAIL,Liter,liter,1.68
2015-06-01,1.68,Sunflower oil,Kazakhstan,Aktau,RETAIL,Liter,liter,1.68
2015-07-01,1.67,Sunflower oil,Kazakhstan,Aktau,RETAIL,Liter,liter,1.67
2015-08-01,1.51,Sunflower oil,Kazakhstan,Aktau,RETAIL,Liter,liter,1.51
2015-09-01,1.2,Sunflower oil,Kazakhstan,Aktau,RETAIL,Liter,liter,1.2
2015-10-01,1.26,Sunflower oil,Kazakhstan,Aktau,RETAIL,Liter,liter,1.26
2015-11-01,1.36,Sunflower oil,Kazakhstan,Aktau,RETAIL,Liter,liter,1.36
2015-12-01,1.27,Sunflower oil,Kazakhstan,Aktau,RETAIL,Liter,liter,1.27
2016-01-01,1.15,Sunflower oil,Kazakhstan,Aktau,RETAIL,Liter,liter,1.15
2016-02-01,1.2,Sunflower oil,Kazakhstan,Aktau,RETAIL,Liter,liter,1.2
2016-03-01,1.28,Sunflower oil,Kazakhstan,Aktau,RETAIL,Liter,liter,1.28
2016-04-01,1.32,Sunflower oil,Kazakhstan,Aktau,RETAIL,Liter,liter,1.32
2016-05-01,1.35,Sunflower oil,Kazakhstan,Aktau,RETAIL,Liter,liter,1.35
2016-06-01,1.34,Sunflower oil,Kazakhstan,Aktau,RETAIL,Liter,liter,1.34
2016-07-01,1.32,Sunflower oil,Kazakhstan,Aktau,RETAIL,Liter,liter,1.32
2016-08-01,1.36,Sunflower oil,Kazakhstan,Aktau,RETAIL,Liter,liter,1.36
2016-09-01,1.41,Sunflower oil,Kazakhstan,Aktau,RETAIL,Liter,liter,1.41
2016-10-01,1.43,Sunflower oil,Kazakhstan,Aktau,RETAIL,Liter,liter,1.43
2016-11-01,1.4,Sunflower oil,Kazakhstan,Aktau,RETAIL,Liter,liter,1.4
2016-12-01,1.43,Sunflower oil,Kazakhstan,Aktau,RETAIL,Liter,liter,1.43
2017-01-01,1.44,Sunflower oil,Kazakhstan,Aktau,RETAIL,Liter,liter,1.44
2017-02-01,1.49,Sunflower oil,Kazakhstan,Aktau,RETAIL,Liter,liter,1.49
2017-03-01,1.51,Sunflower oil,Kazakhstan,Aktau,RETAIL,Liter,liter,1.51
2017-04-01,1.5,Sunflower oil,Kazakhstan,Aktau,RETAIL,Liter,liter,1.5
2017-05-01,1.47,Sunflower oil,Kazakhstan,Aktau,RETAIL,Liter,liter,1.47
2017-06-01,1.42,Sunflower oil,Kazakhstan,Aktau,RETAIL,Liter,liter,1.42
2017-07-01,1.39,Sunflower oil,Kazakhstan,Aktau,RETAIL,Liter,liter,1.39
2017-08-01,1.36,Sunflower oil,Kazakhstan,Aktau,RETAIL,Liter,liter,1.36
2017-09-01,1.33,Sunflower oil,Kazakhstan,Aktau,RETAIL,Liter,liter,1.33
2017-10-01,1.37,Sunflower oil,Kazakhstan,Aktau,RETAIL,Liter,liter,1.37
2017-11-01,1.37,Sunflower oil,Kazakhstan,Aktau,RETAIL,Liter,liter,1.37
2017-12-01,1.37,Sunflower oil,Kazakhstan,Aktau,RETAIL,Liter,liter,1.37
2018-01-01,1.39,Sunflower oil,Kazakhstan,Aktau,RETAIL,Liter,liter,1.39
2018-02-01,1.42,Sunflower oil,Kazakhstan,Aktau,RETAIL,Liter,liter,1.42
2018-03-01,1.42,Sunflower oil,Kazakhstan,Aktau,RETAIL,Liter,liter,1.42
2018-04-01,1.4,Sunflower oil,Kazakhstan,Aktau,RETAIL,Liter,liter,1.4
2018-05-01,1.37,Sunflower oil,Kazakhstan,Aktau,RETAIL,Liter,liter,1.37
2018-06-01,1.36,Sunflower oil,Kazakhstan,Aktau,RETAIL,Liter,liter,1.36
2018-07-01,1.33,Sunflower oil,Kazakhstan,Aktau,RETAIL,Liter,liter,1.33
2018-08-01,1.28,Sunflower oil,Kazakhstan,Aktau,RETAIL,Liter,liter,1.28
2018-09-01,1.25,Sunflower oil,Kazakhstan,Aktau,RETAIL,Liter,liter,1.25
2018-10-01,1.26,Sunflower oil,Kazakhstan,Aktau,RETAIL,Liter,liter,1.26
2018-11-01,1.28,Sunflower oil,Kazakhstan,Aktau,RETAIL,Liter,liter,1.28
2018-12-01,1.29,Sunflower oil,Kazakhstan,Aktau,RETAIL,Liter,liter,1.29
2019-01-01,1.3,Sunflower oil,Kazakhstan,Aktau,RETAIL,Liter,liter,1.3
2019-02-01,1.3,Sunflower oil,Kazakhstan,Aktau,RETAIL,Liter,liter,1.3
2019-03-01,1.3,Sunflower oil,Kazakhstan,Aktau,RETAIL,Liter,liter,1.3
2019-04-01,1.3,Sunflower oil,Kazakhstan,Aktau,RETAIL,Liter,liter,1.3
2019-05-01,1.28,Sunflower oil,Kazakhstan,Aktau,RETAIL,Liter,liter,1.28
2019-06-01,1.28,Sunflower oil,Kazakhstan,Aktau,RETAIL,Liter,liter,1.28
2019-07-01,1.27,Sunflower oil,Kazakhstan,Aktau,RETAIL,Liter,liter,1.27
2019-08-01,1.26,Sunflower oil,Kazakhstan,Aktau,RETAIL,Liter,liter,1.26
2019-09-01,1.26,Sunflower oil,Kazakhstan,Aktau,RETAIL,Liter,liter,1.26
2019-10-01,1.25,Sunflower oil,Kazakhstan,Aktau,RETAIL,Liter,liter,1.25
2019-11-01,1.26,Sunflower oil,Kazakhstan,Aktau,RETAIL,Liter,liter,1.26
2019-12-01,1.27,Sunflower oil,Kazakhstan,Aktau,RETAIL,Liter,liter,1.27
2020-01-01,1.29,Sunflower oil,Kazakhstan,Aktau,RETAIL,Liter,liter,1.29
2020-02-01,1.29,Sunflower oil,Kazakhstan,Aktau,RETAIL,Liter,liter,1.29
2020-03-01,1.2,Sunflower oil,Kazakhstan,Aktau,RETAIL,Liter,liter,1.2
2020-04-01,1.12,Sunflower oil,Kazakhstan,Aktau,RETAIL,Liter,liter,1.12
2020-05-01,1.16,Sunflower oil,Kazakhstan,Aktau,RETAIL,Liter,liter,1.16
2020-06-01,1.21,Sunflower oil,Kazakhstan,Aktau,RETAIL,Liter,liter,1.21
2020-07-01,1.18,Sunflower oil,Kazakhstan,Aktau,RETAIL,Liter,liter,1.18
2020-08-01,1.18,Sunflower oil,Kazakhstan,Aktau,RETAIL,Liter,liter,1.18
2020-09-01,1.17,Sunflower oil,Kazakhstan,Aktau,RETAIL,Liter,liter,1.17
2020-10-01,1.21,Sunflower oil,Kazakhstan,Aktau,RETAIL,Liter,liter,1.21
2020-11-01,1.37,Sunflower oil,Kazakhstan,Aktau,RETAIL,Liter,liter,1.37
2020-12-01,1.43,Sunflower oil,Kazakhstan,Aktau,RETAIL,Liter,liter,1.43
2021-01-01,1.46,Sunflower oil,Kazakhstan,Aktau,RETAIL,Liter,liter,1.46
2021-02-01,1.54,Sunflower oil,Kazakhstan,Aktau,RETAIL,Liter,liter,1.54
2021-03-01,1.55,Sunflower oil,Kazakhstan,Aktau,RETAIL,Liter,liter,1.55
2021-04-01,1.54,Sunflower oil,Kazakhstan,Aktau,RETAIL,Liter,liter,1.54
2021-05-01,1.58,Sunflower oil,Kazakhstan,Aktau,RETAIL,Liter,liter,1.58
2021-06-01,1.73,Sunflower oil,Kazakhstan,Aktau,RETAIL,Liter,liter,1.73
2021-07-01,1.94,Sunflower oil,Kazakhstan,Aktau,RETAIL,Liter,liter,1.94
2021-08-01,1.94,Sunflower oil,Kazakhstan,Aktau,RETAIL,Liter,liter,1.94
2021-09-01,1.91,Sunflower oil,Kazakhstan,Aktau,RETAIL,Liter,liter,1.91
2021-10-01,1.91,Sunflower oil,Kazakhstan,Aktau,RETAIL,Liter,liter,1.91
2021-11-01,1.89,Sunflower oil,Kazakhstan,Aktau,RETAIL,Liter,liter,1.89
2021-12-01,1.88,Sunflower oil,Kazakhstan,Aktau,RETAIL,Liter,liter,1.88
2022-01-01,1.88,Sunflower oil,Kazakhstan,Aktau,RETAIL,Liter,liter,1.88
2022-02-01,1.87,Sunflower oil,Kazakhstan,Aktau,RETAIL,Liter,liter,1.87
2022-03-01,1.69,Sunflower oil,Kazakhstan,Aktau,RETAIL,Liter,liter,1.69
2022-04-01,1.86,Sunflower oil,Kazakhstan,Aktau,RETAIL,Liter,liter,1.86
2022-05-01,1.95,Sunflower oil,Kazakhstan,Aktau,RETAIL,Liter,liter,1.95
2022-06-01,1.9,Sunflower oil,Kazakhstan,Aktau,RETAIL,Liter,liter,1.9
2022-07-01,1.77,Sunflower oil,Kazakhstan,Aktau,RETAIL,Liter,liter,1.77
2022-08-01,1.87,Sunflower oil,Kazakhstan,Aktau,RETAIL,Liter,liter,1.87
2022-09-01,2.07,Sunflower oil,Kazakhstan,Aktau,RETAIL,Liter,liter,2.07
2022-10-01,2.13,Sunflower oil,Kazakhstan,Aktau,RETAIL,Liter,liter,2.13
2022-11-01,2.09,Sunflower oil,Kazakhstan,Aktau,RETAIL,Liter,liter,2.09
2022-12-01,1.98,Sunflower oil,Kazakhstan,Aktau,RETAIL,Liter,liter,1.98
2023-01-01,1.99,Sunflower oil,Kazakhstan,Aktau,RETAIL,Liter,liter,1.99
2023-02-01,2.06,Sunflower oil,Kazakhstan,Aktau,RETAIL,Liter,liter,2.06
2023-03-01,2.03,Sunflower oil,Kazakhstan,Aktau,RETAIL,Liter,liter,2.03
2023-04-01,2.02,Sunflower oil,Kazakhstan,Aktau,RETAIL,Liter,liter,2.02
2023-05-01,2.05,Sunflower oil,Kazakhstan,Aktau,RETAIL,Liter,liter,2.05
2023-06-01,1.9,Sunflower oil,Kazakhstan,Aktau,RETAIL,Liter,liter,1.9
2023-07-01,1.72,Sunflower oil,Kazakhstan,Aktau,RETAIL,Liter,liter,1.72
2023-08-01,1.69,Sunflower oil,Kazakhstan,Aktau,RETAIL,Liter,liter,1.69
2023-09-01,1.53,Sunflower oil,Kazakhstan,Aktau,RETAIL,Liter,liter,1.53
2023-10-01,1.5,Sunflower oil,Kazakhstan,Aktau,RETAIL,Liter,liter,1.5
2023-11-01,1.6,Sunflower oil,Kazakhstan,Aktau,RETAIL,Liter,liter,1.6
2023-12-01,1.62,Sunflower oil,Kazakhstan,Aktau,RETAIL,Liter,liter,1.62
2024-01-01,1.65,Sunflower oil,Kazakhstan,Aktau,RETAIL,Liter,liter,1.65
2024-02-01,1.62,Sunflower oil,Kazakhstan,Aktau,RETAIL,Liter,liter,1.62
2024-03-01,1.54,Sunflower oil,Kazakhstan,Aktau,RETAIL,Liter,liter,1.54
2024-04-01,1.63,Sunflower oil,Kazakhstan,Aktau,RETAIL,Liter,liter,1.63
2024-05-01,1.65,Sunflower oil,Kazakhstan,Aktau,RETAIL,Liter,liter,1.65
2024-06-01,1.46,Sunflower oil,Kazakhstan,Aktau,RETAIL,Liter,liter,1.46
2024-07-01,1.37,Sunflower oil,Kazakhstan,Aktau,RETAIL,Liter,liter,1.37
2024-08-01,1.38,Sunflower oil,Kazakhstan,Aktau,RETAIL,Liter,liter,1.38
2024-09-01,1.48,Sunflower oil,Kazakhstan,Aktau,RETAIL,Liter,liter,1.48
2024-10-01,1.51,Sunflower oil,Kazakhstan,Aktau,RETAIL,Liter,liter,1.51
2024-11-01,1.5,Sunflower oil,Kazakhstan,Aktau,RETAIL,Liter,liter,1.5
2024-12-01,1.44,Sunflower oil,Kazakhstan,Aktau,RETAIL,Liter,liter,1.44
2025-01-01,1.49,Sunflower oil,Kazakhstan,Aktau,RETAIL,Liter,liter,1.49
2025-02-01,1.58,Sunflower oil,Kazakhstan,Aktau,RETAIL,Liter,liter,1.58
2025-03-01,1.61,Sunflower oil,Kazakhstan,Aktau,RETAIL,Liter,liter,1.61
2025-04-01,1.58,Sunflower oil,Kazakhstan,Aktau,RETAIL,Liter,liter,1.58
2025-05-01,1.59,Sunflower oil,Kazakhstan,Aktau,RETAIL,Liter,liter,1.59
2025-06-01,1.66,Sunflower oil,Kazakhstan,Aktau,RETAIL,Liter,liter,1.66
2025-07-01,1.69,Sunflower oil,Kazakhstan,Aktau,RETAIL,Liter,liter,1.69
2025-08-01,1.7,Sunflower oil,Kazakhstan,Aktau,RETAIL,Liter,liter,1.7
2025-09-01,1.69,Sunflower oil,Kazakhstan,Aktau,RETAIL,Liter,liter,1.69
2025-10-01,1.69,Sunflower oil,Kazakhstan,Aktau,RETAIL,Liter,liter,1.69
2005-11-01,1.24,Sunflower oil,Kazakhstan,Almaty,RETAIL,Liter,liter,1.24
2005-12-01,1.25,Sunflower oil,Kazakhstan,Almaty,RETAIL,Liter,liter,1.25
2006-01-01,1.28,Sunflower oil,Kazakhstan,Almaty,RETAIL,Liter,liter,1.28
2006-02-01,1.29,Sunflower oil,Kazakhstan,Almaty,RETAIL,Liter,liter,1.29
2006-03-01,1.33,Sunflower oil,Kazakhstan,Almaty,RETAIL,Liter,liter,1.33
2006-04-01,1.35,Sunflower oil,Kazakhstan,Almaty,RETAIL,Liter,liter,1.35
2006-05-01,1.37,Sunflower oil,Kazakhstan,Almaty,RETAIL,Liter,liter,1.37
2006-06-01,1.4,Sunflower oil,Kazakhstan,Almaty,RETAIL,Liter,liter,1.4
2006-07-01,1.42,Sunflower oil,Kazakhstan,Almaty,RETAIL,Liter,liter,1.42
2006-08-01,1.37,Sunflower oil,Kazakhstan,Almaty,RETAIL,Liter,liter,1.37
2006-09-01,1.33,Sunflower oil,Kazakhstan,Almaty,RETAIL,Liter,liter,1.33
2006-10-01,1.32,Sunflower oil,Kazakhstan,Almaty,RETAIL,Liter,liter,1.32
2006-11-01,1.31,Sunflower oil,Kazakhstan,Almaty,RETAIL,Liter,liter,1.31
2006-12-01,1.29,Sunflower oil,Kazakhstan,Almaty,RETAIL,Liter,liter,1.29
2007-01-01,1.31,Sunflower oil,Kazakhstan,Almaty,RETAIL,Liter,liter,1.31
2007-02-01,1.32,Sunflower oil,Kazakhstan,Almaty,RETAIL,Liter,liter,1.32
2007-03-01,1.33,Sunflower oil,Kazakhstan,Almaty,RETAIL,Liter,liter,1.33
2007-04-01,1.35,Sunflower oil,Kazakhstan,Almaty,RETAIL,Liter,liter,1.35
2007-05-01,1.38,Sunflower oil,Kazakhstan,Almaty,RETAIL,Liter,liter,1.38
2007-06-01,1.37,Sunflower oil,Kazakhstan,Almaty,RETAIL,Liter,liter,1.37
2007-07-01,1.38,Sunflower oil,Kazakhstan,Almaty,RETAIL,Liter,liter,1.38
2007-08-01,1.35,Sunflower oil,Kazakhstan,Almaty,RETAIL,Liter,liter,1.35
2007-09-01,1.78,Sunflower oil,Kazakhstan,Almaty,RETAIL,Liter,liter,1.78
2007-10-01,2.75,Sunflower oil,Kazakhstan,Almaty,RETAIL,Liter,liter,2.75
2007-11-01,3.09,Sunflower oil,Kazakhstan,Almaty,RETAIL,Liter,liter,3.09
2007-12-01,2.99,Sunflower oil,Kazakhstan,Almaty,RETAIL,Liter,liter,2.99
2008-01-01,2.99,Sunflower oil,Kazakhstan,Almaty,RETAIL,Liter,liter,2.99
2008-02-01,2.94,Sunflower oil,Kazakhstan,Almaty,RETAIL,Liter,liter,2.94
2008-03-01,2.91,Sunflower oil,Kazakhstan,Almaty,RETAIL,Liter,liter,2.91
2008-04-01,2.99,Sunflower oil,Kazakhstan,Almaty,RETAIL,Liter,liter,2.99
2008-05-01,3.09,Sunflower oil,Kazakhstan,Almaty,RETAIL,Liter,liter,3.09
2008-06-01,3.08,Sunflower oil,Kazakhstan,Almaty,RETAIL,Liter,liter,3.08
2008-07-01,3.18,Sunflower oil,Kazakhstan,Almaty,RETAIL,Liter,liter,3.18
2008-08-01,3.19,Sunflower oil,Kazakhstan,Almaty,RETAIL,Liter,liter,3.19
2008-09-01,3.1,Sunflower oil,Kazakhstan,Almaty,RETAIL,Liter,liter,3.1
2008-10-01,3.1,Sunflower oil,Kazakhstan,Almaty,RETAIL,Liter,liter,3.1
2008-11-01,3.0,Sunflower oil,Kazakhstan,Almaty,RETAIL,Liter,liter,3.0
2008-12-01,2.53,Sunflower oil,Kazakhstan,Almaty,RETAIL,Liter,liter,2.53
2009-01-01,2.04,Sunflower oil,Kazakhstan,Almaty,RETAIL,Liter,liter,2.04
2009-02-01,1.67,Sunflower oil,Kazakhstan,Almaty,RETAIL,Liter,liter,1.67
2009-03-01,1.47,Sunflower oil,Kazakhstan,Almaty,RETAIL,Liter,liter,1.47
2009-04-01,1.44,Sunflower oil,Kazakhstan,Almaty,RETAIL,Liter,liter,1.44
2009-05-01,1.36,Sunflower oil,Kazakhstan,Almaty,RETAIL,Liter,liter,1.36
2009-06-01,1.38,Sunflower oil,Kazakhstan,Almaty,RETAIL,Liter,liter,1.38
2009-07-01,1.41,Sunflower oil,Kazakhstan,Almaty,RETAIL,Liter,liter,1.41
2009-08-01,1.45,Sunflower oil,Kazakhstan,Almaty,RETAIL,Liter,liter,1.45
2009-09-01,1.44,Sunflower oil,Kazakhstan,Almaty,RETAIL,Liter,liter,1.44
2009-10-01,1.45,Sunflower oil,Kazakhstan,Almaty,RETAIL,Liter,liter,1.45
2009-11-01,1.47,Sunflower oil,Kazakhstan,Almaty,RETAIL,Liter,liter,1.47
2009-12-01,1.54,Sunflower oil,Kazakhstan,Almaty,RETAIL,Liter,liter,1.54
2010-01-01,1.55,Sunflower oil,Kazakhstan,Almaty,RETAIL,Liter,liter,1.55
2010-02-01,1.55,Sunflower oil,Kazakhstan,Almaty,RETAIL,Liter,liter,1.55
2010-03-01,1.56,Sunflower oil,Kazakhstan,Almaty,RETAIL,Liter,liter,1.56
2010-04-01,1.56,Sunflower oil,Kazakhstan,Almaty,RETAIL,Liter,liter,1.56
2010-05-01,1.56,Sunflower oil,Kazakhstan,Almaty,RETAIL,Liter,liter,1.56
2010-06-01,1.56,Sunflower oil,Kazakhstan,Almaty,RETAIL,Liter,liter,1.56
2010-07-01,1.55,Sunflower oil,Kazakhstan,Almaty,RETAIL,Liter,liter,1.55
2010-08-01,1.56,Sunflower oil,Kazakhstan,Almaty,RETAIL,Liter,liter,1.56
2010-09-01,1.7,Sunflower oil,Kazakhstan,Almaty,RETAIL,Liter,liter,1.7
2010-10-01,1.84,Sunflower oil,Kazakhstan,Almaty,RETAIL,Liter,liter,1.84
2010-11-01,1.95,Sunflower oil,Kazakhstan,Almaty,RETAIL,Liter,liter,1.95
2010-12-01,2.2,Sunflower oil,Kazakhstan,Almaty,RETAIL,Liter,liter,2.2
2011-01-01,2.22,Sunflower oil,Kazakhstan,Almaty,RETAIL,Liter,liter,2.22
2011-02-01,2.23,Sunflower oil,Kazakhstan,Almaty,RETAIL,Liter,liter,2.23
2011-03-01,2.28,Sunflower oil,Kazakhstan,Almaty,RETAIL,Liter,liter,2.28
2011-04-01,2.35,Sunflower oil,Kazakhstan,Almaty,RETAIL,Liter,liter,2.35
2011-05-01,2.38,Sunflower oil,Kazakhstan,Almaty,RETAIL,Liter,liter,2.38
2011-06-01,2.4,Sunflower oil,Kazakhstan,Almaty,RETAIL,Liter,liter,2.4
2011-07-01,2.37,Sunflower oil,Kazakhstan,Almaty,RETAIL,Liter,liter,2.37
2011-08-01,2.31,Sunflower oil,Kazakhstan,Almaty,RETAIL,Liter,liter,2.31
2011-09-01,2.32,Sunflower oil,Kazakhstan,Almaty,RETAIL,Liter,liter,2.32
2011-10-01,2.34,Sunflower oil,Kazakhstan,Almaty,RETAIL,Liter,liter,2.34
2011-11-01,2.34,Sunflower oil,Kazakhstan,Almaty,RETAIL,Liter,liter,2.34
2011-12-01,2.34,Sunflower oil,Kazakhstan,Almaty,RETAIL,Liter,liter,2.34
2012-01-01,2.1,Sunflower oil,Kazakhstan,Almaty,RETAIL,Liter,liter,2.1
2012-02-01,2.1,Sunflower oil,Kazakhstan,Almaty,RETAIL,Liter,liter,2.1
2012-03-01,2.1,Sunflower oil,Kazakhstan,Almaty,RETAIL,Liter,liter,2.1
2012-04-01,2.02,Sunflower oil,Kazakhstan,Almaty,RETAIL,Liter,liter,2.02
2012-05-01,2.0,Sunflower oil,Kazakhstan,Almaty,RETAIL,Liter,liter,2.0
2012-06-01,1.98,Sunflower oil,Kazakhstan,Almaty,RETAIL,Liter,liter,1.98
2012-07-01,1.96,Sunflower oil,Kazakhstan,Almaty,RETAIL,Liter,liter,1.96
2012-08-01,1.96,Sunflower oil,Kazakhstan,Almaty,RETAIL,Liter,liter,1.96
2012-09-01,2.01,Sunflower oil,Kazakhstan,Almaty,RETAIL,Liter,liter,2.01
2012-10-01,2.03,Sunflower oil,Kazakhstan,Almaty,RETAIL,Liter,liter,2.03
2012-11-01,2.08,Sunflower oil,Kazakhstan,Almaty,RETAIL,Liter,liter,2.08
2012-12-01,2.09,Sunflower oil,Kazakhstan,Almaty,RETAIL,Liter,liter,2.09
2013-01-01,2.1,Sunflower oil,Kazakhstan,Almaty,RETAIL,Liter,liter,2.1
2013-02-01,2.11,Sunflower oil,Kazakhstan,Almaty,RETAIL,Liter,liter,2.11
2013-03-01,2.11,Sunflower oil,Kazakhstan,Almaty,RETAIL,Liter,liter,2.11
2013-04-01,2.08,Sunflower oil,Kazakhstan,Almaty,RETAIL,Liter,liter,2.08
2013-05-01,2.08,Sunflower oil,Kazakhstan,Almaty,RETAIL,Liter,liter,2.08
2013-06-01,2.04,Sunflower oil,Kazakhstan,Almaty,RETAIL,Liter,liter,2.04
2013-07-01,2.03,Sunflower oil,Kazakhstan,Almaty,RETAIL,Liter,liter,2.03
2013-08-01,2.02,Sunflower oil,Kazakhstan,Almaty,RETAIL,Liter,liter,2.02
2013-09-01,2.01,Sunflower oil,Kazakhstan,Almaty,RETAIL,Liter,liter,2.01
2013-10-01,1.95,Sunflower oil,Kazakhstan,Almaty,RETAIL,Liter,liter,1.95
2013-11-01,1.92,Sunflower oil,Kazakhstan,Almaty,RETAIL,Liter,liter,1.92
2013-12-01,1.88,Sunflower oil,Kazakhstan,Almaty,RETAIL,Liter,liter,1.88
2014-01-01,1.83,Sunflower oil,Kazakhstan,Almaty,RETAIL,Liter,liter,1.83
2014-02-01,1.64,Sunflower oil,Kazakhstan,Almaty,RETAIL,Liter,liter,1.64
2014-03-01,1.59,Sunflower oil,Kazakhstan,Almaty,RETAIL,Liter,liter,1.59
2014-04-01,1.57,Sunflower oil,Kazakhstan,Almaty,RETAIL,Liter,liter,1.57
2014-05-01,1.6,Sunflower oil,Kazakhstan,Almaty,RETAIL,Liter,liter,1.6
2014-06-01,1.59,Sunflower oil,Kazakhstan,Almaty,RETAIL,Liter,liter,1.59
2014-07-01,1.56,Sunflower oil,Kazakhstan,Almaty,RETAIL,Liter,liter,1.56
2014-08-01,1.55,Sunflower oil,Kazakhstan,Almaty,RETAIL,Liter,liter,1.55
2014-09-01,1.56,Sunflower oil,Kazakhstan,Almaty,RETAIL,Liter,liter,1.56
2014-10-01,1.56,Sunflower oil,Kazakhstan,Almaty,RETAIL,Liter,liter,1.56
2014-11-01,1.54,Sunflower oil,Kazakhstan,Almaty,RETAIL,Liter,liter,1.54
2014-12-01,1.61,Sunflower oil,Kazakhstan,Almaty,RETAIL,Liter,liter,1.61
2015-01-01,1.62,Sunflower oil,Kazakhstan,Almaty,RETAIL,Liter,liter,1.62
2015-02-01,1.61,Sunflower oil,Kazakhstan,Almaty,RETAIL,Liter,liter,1.61
2015-03-01,1.46,Sunflower oil,Kazakhstan,Almaty,RETAIL,Liter,liter,1.46
2015-04-01,1.49,Sunflower oil,Kazakhstan,Almaty,RETAIL,Liter,liter,1.49
2015-05-01,1.49,Sunflower oil,Kazakhstan,Almaty,RETAIL,Liter,liter,1.49
2015-06-01,1.45,Sunflower oil,Kazakhstan,Almaty,RETAIL,Liter,liter,1.45
2015-07-01,1.45,Sunflower oil,Kazakhstan,Almaty,RETAIL,Liter,liter,1.45
2015-08-01,1.31,Sunflower oil,Kazakhstan,Almaty,RETAIL,Liter,liter,1.31
2015-09-01,1.05,Sunflower oil,Kazakhstan,Almaty,RETAIL,Liter,liter,1.05
2015-10-01,1.23,Sunflower oil,Kazakhstan,Almaty,RETAIL,Liter,liter,1.23
2015-11-01,1.3,Sunflower oil,Kazakhstan,Almaty,RETAIL,Liter,liter,1.3
2015-12-01,1.23,Sunflower oil,Kazakhstan,Almaty,RETAIL,Liter,liter,1.23
2016-01-01,1.1,Sunflower oil,Kazakhstan,Almaty,RETAIL,Liter,liter,1.1
2016-02-01,1.15,Sunflower oil,Kazakhstan,Almaty,RETAIL,Liter,liter,1.15
2016-03-01,1.21,Sunflower oil,Kazakhstan,Almaty,RETAIL,Liter,liter,1.21
2016-04-01,1.3,Sunflower oil,Kazakhstan,Almaty,RETAIL,Liter,liter,1.3
2016-05-01,1.31,Sunflower oil,Kazakhstan,Almaty,RETAIL,Liter,liter,1.31
2016-06-01,1.3,Sunflower oil,Kazakhstan,Almaty,RETAIL,Liter,liter,1.3
2016-07-01,1.25,Sunflower oil,Kazakhstan,Almaty,RETAIL,Liter,liter,1.25
2016-08-01,1.28,Sunflower oil,Kazakhstan,Almaty,RETAIL,Liter,liter,1.28
2016-09-01,1.34,Sunflower oil,Kazakhstan,Almaty,RETAIL,Liter,liter,1.34
2016-10-01,1.35,Sunflower oil,Kazakhstan,Almaty,RETAIL,Liter,liter,1.35
2016-11-01,1.28,Sunflower oil,Kazakhstan,Almaty,RETAIL,Liter,liter,1.28
2016-12-01,1.29,Sunflower oil,Kazakhstan,Almaty,RETAIL,Liter,liter,1.29
2017-01-01,1.29,Sunflower oil,Kazakhstan,Almaty,RETAIL,Liter,liter,1.29
2017-02-01,1.3,Sunflower oil,Kazakhstan,Almaty,RETAIL,Liter,liter,1.3
2017-03-01,1.3,Sunflower oil,Kazakhstan,Almaty,RETAIL,Liter,liter,1.3
2017-04-01,1.32,Sunflower oil,Kazakhstan,Almaty,RETAIL,Liter,liter,1.32
2017-05-01,1.3,Sunflower oil,Kazakhstan,Almaty,RETAIL,Liter,liter,1.3
2017-06-01,1.27,Sunflower oil,Kazakhstan,Almaty,RETAIL,Liter,liter,1.27
2017-07-01,1.2,Sunflower oil,Kazakhstan,Almaty,RETAIL,Liter,liter,1.2
2017-08-01,1.15,Sunflower oil,Kazakhstan,Almaty,RETAIL,Liter,liter,1.15
2017-09-01,1.16,Sunflower oil,Kazakhstan,Almaty,RETAIL,Liter,liter,1.16
2017-10-01,1.18,Sunflower oil,Kazakhstan,Almaty,RETAIL,Liter,liter,1.18
2017-11-01,1.19,Sunflower oil,Kazakhstan,Almaty,RETAIL,Liter,liter,1.19
2017-12-01,1.18,Sunflower oil,Kazakhstan,Almaty,RETAIL,Liter,liter,1.18
2018-01-01,1.2,Sunflower oil,Kazakhstan,Almaty,RETAIL,Liter,liter,1.2
2018-02-01,1.22,Sunflower oil,Kazakhstan,Almaty,RETAIL,Liter,liter,1.22
2018-03-01,1.23,Sunflower oil,Kazakhstan,Almaty,RETAIL,Liter,liter,1.23
2018-04-01,1.23,Sunflower oil,Kazakhstan,Almaty,RETAIL,Liter,liter,1.23
2018-05-01,1.23,Sunflower oil,Kazakhstan,Almaty,RETAIL,Liter,liter,1.23
2018-06-01,1.19,Sunflower oil,Kazakhstan,Almaty,RETAIL,Liter,liter,1.19
2018-07-01,1.16,Sunflower oil,Kazakhstan,Almaty,RETAIL,Liter,liter,1.16
2018-08-01,1.14,Sunflower oil,Kazakhstan,Almaty,RETAIL,Liter,liter,1.14
2018-09-01,1.14,Sunflower oil,Kazakhstan,Almaty,RETAIL,Liter,liter,1.14
2018-10-01,1.17,Sunflower oil,Kazakhstan,Almaty,RETAIL,Liter,liter,1.17
2018-11-01,1.17,Sunflower oil,Kazakhstan,Almaty,RETAIL,Liter,liter,1.17
2018-12-01,1.18,Sunflower oil,Kazakhstan,Almaty,RETAIL,Liter,liter,1.18
2019-01-01,1.17,Sunflower oil,Kazakhstan,Almaty,RETAIL,Liter,liter,1.17
2019-02-01,1.18,Sunflower oil,Kazakhstan,Almaty,RETAIL,Liter,liter,1.18
2019-03-01,1.18,Sunflower oil,Kazakhstan,Almaty,RETAIL,Liter,liter,1.18
2019-04-01,1.17,Sunflower oil,Kazakhstan,Almaty,RETAIL,Liter,liter,1.17
2019-05-01,1.17,Sunflower oil,Kazakhstan,Almaty,RETAIL,Liter,liter,1.17
2019-06-01,1.16,Sunflower oil,Kazakhstan,Almaty,RETAIL,Liter,liter,1.16
2019-07-01,1.15,Sunflower oil,Kazakhstan,Almaty,RETAIL,Liter,liter,1.15
2019-08-01,1.14,Sunflower oil,Kazakhstan,Almaty,RETAIL,Liter,liter,1.14
2019-09-01,1.14,Sunflower oil,Kazakhstan,Almaty,RETAIL,Liter,liter,1.14
2019-10-01,1.14,Sunflower oil,Kazakhstan,Almaty,RETAIL,Liter,liter,1.14
2019-11-01,1.13,Sunflower oil,Kazakhstan,Almaty,RETAIL,Liter,liter,1.13
2019-12-01,1.14,Sunflower oil,Kazakhstan,Almaty,RETAIL,Liter,liter,1.14
2020-01-01,1.15,Sunflower oil,Kazakhstan,Almaty,RETAIL,Liter,liter,1.15
2020-02-01,1.14,Sunflower oil,Kazakhstan,Almaty,RETAIL,Liter,liter,1.14
2020-03-01,1.05,Sunflower oil,Kazakhstan,Almaty,RETAIL,Liter,liter,1.05
2020-04-01,1.0,Sunflower oil,Kazakhstan,Almaty,RETAIL,Liter,liter,1.0
2020-05-01,1.04,Sunflower oil,Kazakhstan,Almaty,RETAIL,Liter,liter,1.04
2020-06-01,1.08,Sunflower oil,Kazakhstan,Almaty,RETAIL,Liter,liter,1.08
2020-07-01,1.06,Sunflower oil,Kazakhstan,Almaty,RETAIL,Liter,liter,1.06
2020-08-01,1.14,Sunflower oil,Kazakhstan,Almaty,RETAIL,Liter,liter,1.14
2020-09-01,1.13,Sunflower oil,Kazakhstan,Almaty,RETAIL,Liter,liter,1.13
2020-10-01,1.17,Sunflower oil,Kazakhstan,Almaty,RETAIL,Liter,liter,1.17
2020-11-01,1.38,Sunflower oil,Kazakhstan,Almaty,RETAIL,Liter,liter,1.38
2020-12-01,1.5,Sunflower oil,Kazakhstan,Almaty,RETAIL,Liter,liter,1.5
2021-01-01,1.52,Sunflower oil,Kazakhstan,Almaty,RETAIL,Liter,liter,1.52
2021-02-01,1.54,Sunflower oil,Kazakhstan,Almaty,RETAIL,Liter,liter,1.54
2021-03-01,1.6,Sunflower oil,Kazakhstan,Almaty,RETAIL,Liter,liter,1.6
2021-04-01,1.63,Sunflower oil,Kazakhstan,Almaty,RETAIL,Liter,liter,1.63
2021-05-01,1.64,Sunflower oil,Kazakhstan,Almaty,RETAIL,Liter,liter,1.64
2021-06-01,1.8,Sunflower oil,Kazakhstan,Almaty,RETAIL,Liter,liter,1.8
2021-07-01,1.8,Sunflower oil,Kazakhstan,Almaty,RETAIL,Liter,liter,1.8
2021-08-01,1.86,Sunflower oil,Kazakhstan,Almaty,RETAIL,Liter,liter,1.86
2021-09-01,1.86,Sunflower oil,Kazakhstan,Almaty,RETAIL,Liter,liter,1.86
2021-10-01,1.86,Sunflower oil,Kazakhstan,Almaty,RETAIL,Liter,liter,1.86
2021-11-01,1.84,Sunflower oil,Kazakhstan,Almaty,RETAIL,Liter,liter,1.84
2021-12-01,1.82,Sunflower oil,Kazakhstan,Almaty,RETAIL,Liter,liter,1.82
2022-01-01,1.82,Sunflower oil,Kazakhstan,Almaty,RETAIL,Liter,liter,1.82
2022-02-01,1.84,Sunflower oil,Kazakhstan,Almaty,RETAIL,Liter,liter,1.84
2022-03-01,1.63,Sunflower oil,Kazakhstan,Almaty,RETAIL,Liter,liter,1.63
2022-04-01,1.86,Sunflower oil,Kazakhstan,Almaty,RETAIL,Liter,liter,1.86
2022-05-01,1.97,Sunflower oil,Kazakhstan,Almaty,RETAIL,Liter,liter,1.97
2022-06-01,1.99,Sunflower oil,Kazakhstan,Almaty,RETAIL,Liter,liter,1.99
2022-07-01,1.85,Sunflower oil,Kazakhstan,Almaty,RETAIL,Liter,liter,1.85
2022-08-01,1.89,Sunflower oil,Kazakhstan,Almaty,RETAIL,Liter,liter,1.89
2022-09-01,2.05,Sunflower oil,Kazakhstan,Almaty,RETAIL,Liter,liter,2.05
2022-10-01,2.07,Sunflower oil,Kazakhstan,Almaty,RETAIL,Liter,liter,2.07
2022-11-01,2.11,Sunflower oil,Kazakhstan,Almaty,RETAIL,Liter,liter,2.11
2022-12-01,2.09,Sunflower oil,Kazakhstan,Almaty,RETAIL,Liter,liter,2.09
2023-01-01,2.11,Sunflower oil,Kazakhstan,Almaty,RETAIL,Liter,liter,2.11
2023-02-01,2.16,Sunflower oil,Kazakhstan,Almaty,RETAIL,Liter,liter,2.16
2023-03-01,2.01,Sunflower oil,Kazakhstan,Almaty,RETAIL,Liter,liter,2.01
2023-04-01,2.01,Sunflower oil,Kazakhstan,Almaty,RETAIL,Liter,liter,2.01
2023-05-01,2.0,Sunflower oil,Kazakhstan,Almaty,RETAIL,Liter,liter,2.0
2023-06-01,1.77,Sunflower oil,Kazakhstan,Almaty,RETAIL,Liter,liter,1.77
2023-07-01,1.71,Sunflower oil,Kazakhstan,Almaty,RETAIL,Liter,liter,1.71
2023-08-01,1.66,Sunflower oil,Kazakhstan,Almaty,RETAIL,Liter,liter,1.66
2023-09-01,1.59,Sunflower oil,Kazakhstan,Almaty,RETAIL,Liter,liter,1.59
2023-10-01,1.56,Sunflower oil,Kazakhstan,Almaty,RETAIL,Liter,liter,1.56
2023-11-01,1.6,Sunflower oil,Kazakhstan,Almaty,RETAIL,Liter,liter,1.6
2023-12-01,1.63,Sunflower oil,Kazakhstan,Almaty,RETAIL,Liter,liter,1.63
2024-01-01,1.65,Sunflower oil,Kazakhstan,Almaty,RETAIL,Liter,liter,1.65
2024-02-01,1.65,Sunflower oil,Kazakhstan,Almaty,RETAIL,Liter,liter,1.65
2024-03-01,1.5,Sunflower oil,Kazakhstan,Almaty,RETAIL,Liter,liter,1.5
2024-04-01,1.44,Sunflower oil,Kazakhstan,Almaty,RETAIL,Liter,liter,1.44
2024-05-01,1.45,Sunflower oil,Kazakhstan,Almaty,RETAIL,Liter,liter,1.45
2024-06-01,1.42,Sunflower oil,Kazakhstan,Almaty,RETAIL,Liter,liter,1.42
2024-07-01,1.37,Sunflower oil,Kazakhstan,Almaty,RETAIL,Liter,liter,1.37
2024-08-01,1.37,Sunflower oil,Kazakhstan,Almaty,RETAIL,Liter,liter,1.37
2024-09-01,1.44,Sunflower oil,Kazakhstan,Almaty,RETAIL,Liter,liter,1.44
2024-10-01,1.5,Sunflower oil,Kazakhstan,Almaty,RETAIL,Liter,liter,1.5
2024-11-01,1.55,Sunflower oil,Kazakhstan,Almaty,RETAIL,Liter,liter,1.55
2024-12-01,1.52,Sunflower oil,Kazakhstan,Almaty,RETAIL,Liter,liter,1.52
2025-01-01,1.52,Sunflower oil,Kazakhstan,Almaty,RETAIL,Liter,liter,1.52
2025-02-01,1.62,Sunflower oil,Kazakhstan,Almaty,RETAIL,Liter,liter,1.62
2025-03-01,1.64,Sunflower oil,Kazakhstan,Almaty,RETAIL,Liter,liter,1.64
2005-11-01,1.37,Sunflower oil,Kazakhstan,Astana,RETAIL,Liter,liter,1.37
2005-12-01,1.37,Sunflower oil,Kazakhstan,Astana,RETAIL,Liter,liter,1.37
2006-01-01,1.38,Sunflower oil,Kazakhstan,Astana,RETAIL,Liter,liter,1.38
2006-02-01,1.4,Sunflower oil,Kazakhstan,Astana,RETAIL,Liter,liter,1.4
2006-03-01,1.43,Sunflower oil,Kazakhstan,Astana,RETAIL,Liter,liter,1.43
2006-04-01,1.45,Sunflower oil,Kazakhstan,Astana,RETAIL,Liter,liter,1.45
2006-05-01,1.5,Sunflower oil,Kazakhstan,Astana,RETAIL,Liter,liter,1.5
2006-06-01,1.54,Sunflower oil,Kazakhstan,Astana,RETAIL,Liter,liter,1.54
2006-07-01,1.56,Sunflower oil,Kazakhstan,Astana,RETAIL,Liter,liter,1.56
2006-08-01,1.5,Sunflower oil,Kazakhstan,Astana,RETAIL,Liter,liter,1.5
2006-09-01,1.46,Sunflower oil,Kazakhstan,Astana,RETAIL,Liter,liter,1.46
2006-10-01,1.44,Sunflower oil,Kazakhstan,Astana,RETAIL,Liter,liter,1.44
2006-11-01,1.44,Sunflower oil,Kazakhstan,Astana,RETAIL,Liter,liter,1.44
2006-12-01,1.44,Sunflower oil,Kazakhstan,Astana,RETAIL,Liter,liter,1.44
2007-01-01,1.46,Sunflower oil,Kazakhstan,Astana,RETAIL,Liter,liter,1.46
2007-02-01,1.47,Sunflower oil,Kazakhstan,Astana,RETAIL,Liter,liter,1.47
2007-03-01,1.48,Sunflower oil,Kazakhstan,Astana,RETAIL,Liter,liter,1.48
2007-04-01,1.51,Sunflower oil,Kazakhstan,Astana,RETAIL,Liter,liter,1.51
2007-05-01,1.53,Sunflower oil,Kazakhstan,Astana,RETAIL,Liter,liter,1.53
2007-06-01,1.51,Sunflower oil,Kazakhstan,Astana,RETAIL,Liter,liter,1.51
2007-07-01,1.51,Sunflower oil,Kazakhstan,Astana,RETAIL,Liter,liter,1.51
2007-08-01,1.47,Sunflower oil,Kazakhstan,Astana,RETAIL,Liter,liter,1.47
2007-09-01,1.78,Sunflower oil,Kazakhstan,Astana,RETAIL,Liter,liter,1.78
2007-10-01,2.84,Sunflower oil,Kazakhstan,Astana,RETAIL,Liter,liter,2.84
2007-11-01,3.27,Sunflower oil,Kazakhstan,Astana,RETAIL,Liter,liter,3.27
2007-12-01,2.93,Sunflower oil,Kazakhstan,Astana,RETAIL,Liter,liter,2.93
2008-01-01,2.93,Sunflower oil,Kazakhstan,Astana,RETAIL,Liter,liter,2.93
2008-02-01,2.85,Sunflower oil,Kazakhstan,Astana,RETAIL,Liter,liter,2.85
2008-03-01,2.84,Sunflower oil,Kazakhstan,Astana,RETAIL,Liter,liter,2.84
2008-04-01,2.95,Sunflower oil,Kazakhstan,Astana,RETAIL,Liter,liter,2.95
2008-05-01,3.19,Sunflower oil,Kazakhstan,Astana,RETAIL,Liter,liter,3.19
2008-06-01,3.19,Sunflower oil,Kazakhstan,Astana,RETAIL,Liter,liter,3.19
2008-07-01,3.2,Sunflower oil,Kazakhstan,Astana,RETAIL,Liter,liter,3.2
2008-08-01,3.37,Sunflower oil,Kazakhstan,Astana,RETAIL,Liter,liter,3.37
2008-09-01,3.38,Sunflower oil,Kazakhstan,Astana,RETAIL,Liter,liter,3.38
2008-10-01,3.37,Sunflower oil,Kazakhstan,Astana,RETAIL,Liter,liter,3.37
2008-11-01,3.36,Sunflower oil,Kazakhstan,Astana,RETAIL,Liter,liter,3.36
2008-12-01,3.04,Sunflower oil,Kazakhstan,Astana,RETAIL,Liter,liter,3.04
2009-01-01,2.81,Sunflower oil,Kazakhstan,Astana,RETAIL,Liter,liter,2.81
2009-02-01,2.33,Sunflower oil,Kazakhstan,Astana,RETAIL,Liter,liter,2.33
2009-03-01,1.95,Sunflower oil,Kazakhstan,Astana,RETAIL,Liter,liter,1.95
2009-04-01,1.86,Sunflower oil,Kazakhstan,Astana,RETAIL,Liter,liter,1.86
2009-05-01,1.86,Sunflower oil,Kazakhstan,Astana,RETAIL,Liter,liter,1.86
2009-06-01,1.66,Sunflower oil,Kazakhstan,Astana,RETAIL,Liter,liter,1.66
2009-07-01,1.65,Sunflower oil,Kazakhstan,Astana,RETAIL,Liter,liter,1.65
2009-08-01,1.65,Sunflower oil,Kazakhstan,Astana,RETAIL,Liter,liter,1.65
2009-09-01,1.65,Sunflower oil,Kazakhstan,Astana,RETAIL,Liter,liter,1.65
2009-10-01,1.65,Sunflower oil,Kazakhstan,Astana,RETAIL,Liter,liter,1.65
2009-11-01,1.66,Sunflower oil,Kazakhstan,Astana,RETAIL,Liter,liter,1.66
2009-12-01,1.67,Sunflower oil,Kazakhstan,Astana,RETAIL,Liter,liter,1.67
2010-01-01,1.68,Sunflower oil,Kazakhstan,Astana,RETAIL,Liter,liter,1.68
2010-02-01,1.68,Sunflower oil,Kazakhstan,Astana,RETAIL,Liter,liter,1.68
2010-03-01,1.69,Sunflower oil,Kazakhstan,Astana,RETAIL,Liter,liter,1.69
2010-04-01,1.7,Sunflower oil,Kazakhstan,Astana,RETAIL,Liter,liter,1.7
2010-05-01,1.7,Sunflower oil,Kazakhstan,Astana,RETAIL,Liter,liter,1.7
2010-06-01,1.69,Sunflower oil,Kazakhstan,Astana,RETAIL,Liter,liter,1.69
2010-07-01,1.76,Sunflower oil,Kazakhstan,Astana,RETAIL,Liter,liter,1.76
2010-08-01,1.76,Sunflower oil,Kazakhstan,Astana,RETAIL,Liter,liter,1.76
2010-09-01,1.99,Sunflower oil,Kazakhstan,Astana,RETAIL,Liter,liter,1.99
2010-10-01,1.99,Sunflower oil,Kazakhstan,Astana,RETAIL,Liter,liter,1.99
2010-11-01,2.24,Sunflower oil,Kazakhstan,Astana,RETAIL,Liter,liter,2.24
2010-12-01,2.24,Sunflower oil,Kazakhstan,Astana,RETAIL,Liter,liter,2.24
2011-01-01,2.32,Sunflower oil,Kazakhstan,Astana,RETAIL,Liter,liter,2.32
2011-02-01,2.33,Sunflower oil,Kazakhstan,Astana,RETAIL,Liter,liter,2.33
2011-03-01,2.44,Sunflower oil,Kazakhstan,Astana,RETAIL,Liter,liter,2.44
2011-04-01,2.44,Sunflower oil,Kazakhstan,Astana,RETAIL,Liter,liter,2.44
2011-05-01,2.4,Sunflower oil,Kazakhstan,Astana,RETAIL,Liter,liter,2.4
2011-06-01,2.35,Sunflower oil,Kazakhstan,Astana,RETAIL,Liter,liter,2.35
2011-07-01,2.36,Sunflower oil,Kazakhstan,Astana,RETAIL,Liter,liter,2.36
2011-08-01,2.33,Sunflower oil,Kazakhstan,Astana,RETAIL,Liter,liter,2.33
2011-09-01,2.32,Sunflower oil,Kazakhstan,Astana,RETAIL,Liter,liter,2.32
2011-10-01,2.38,Sunflower oil,Kazakhstan,Astana,RETAIL,Liter,liter,2.38
2011-11-01,2.27,Sunflower oil,Kazakhstan,Astana,RETAIL,Liter,liter,2.27
2011-12-01,2.27,Sunflower oil,Kazakhstan,Astana,RETAIL,Liter,liter,2.27
2012-01-01,2.28,Sunflower oil,Kazakhstan,Astana,RETAIL,Liter,liter,2.28
2012-02-01,2.29,Sunflower oil,Kazakhstan,Astana,RETAIL,Liter,liter,2.29
2012-03-01,2.27,Sunflower oil,Kazakhstan,Astana,RETAIL,Liter,liter,2.27
2012-04-01,2.22,Sunflower oil,Kazakhstan,Astana,RETAIL,Liter,liter,2.22
2012-05-01,2.12,Sunflower oil,Kazakhstan,Astana,RETAIL,Liter,liter,2.12
2012-06-01,2.1,Sunflower oil,Kazakhstan,Astana,RETAIL,Liter,liter,2.1
2012-07-01,2.06,Sunflower oil,Kazakhstan,Astana,RETAIL,Liter,liter,2.06
2012-08-01,2.07,Sunflower oil,Kazakhstan,Astana,RETAIL,Liter,liter,2.07
2012-09-01,2.06,Sunflower oil,Kazakhstan,Astana,RETAIL,Liter,liter,2.06
2012-10-01,2.21,Sunflower oil,Kazakhstan,Astana,RETAIL,Liter,liter,2.21
2012-11-01,2.24,Sunflower oil,Kazakhstan,Astana,RETAIL,Liter,liter,2.24
2012-12-01,2.25,Sunflower oil,Kazakhstan,Astana,RETAIL,Liter,liter,2.25
2013-01-01,2.24,Sunflower oil,Kazakhstan,Astana,RETAIL,Liter,liter,2.24
2013-02-01,2.35,Sunflower oil,Kazakhstan,Astana,RETAIL,Liter,liter,2.35
2013-03-01,2.31,Sunflower oil,Kazakhstan,Astana,RETAIL,Liter,liter,2.31
2013-04-01,2.27,Sunflower oil,Kazakhstan,Astana,RETAIL,Liter,liter,2.27
2013-05-01,2.23,Sunflower oil,Kazakhstan,Astana,RETAIL,Liter,liter,2.23
2013-06-01,2.23,Sunflower oil,Kazakhstan,Astana,RETAIL,Liter,liter,2.23
2013-07-01,2.18,Sunflower oil,Kazakhstan,Astana,RETAIL,Liter,liter,2.18
2013-08-01,2.16,Sunflower oil,Kazakhstan,Astana,RETAIL,Liter,liter,2.16
2013-09-01,2.15,Sunflower oil,Kazakhstan,Astana,RETAIL,Liter,liter,2.15
2013-10-01,2.1,Sunflower oil,Kazakhstan,Astana,RETAIL,Liter,liter,2.1
2013-11-01,2.1,Sunflower oil,Kazakhstan,Astana,RETAIL,Liter,liter,2.1
2013-12-01,2.09,Sunflower oil,Kazakhstan,Astana,RETAIL,Liter,liter,2.09
2014-01-01,2.07,Sunflower oil,Kazakhstan,Astana,RETAIL,Liter,liter,2.07
2014-02-01,1.83,Sunflower oil,Kazakhstan,Astana,RETAIL,Liter,liter,1.83
2014-03-01,1.72,Sunflower oil,Kazakhstan,Astana,RETAIL,Liter,liter,1.72
2014-04-01,1.68,Sunflower oil,Kazakhstan,Astana,RETAIL,Liter,liter,1.68
2014-05-01,1.67,Sunflower oil,Kazakhstan,Astana,RETAIL,Liter,liter,1.67
2014-06-01,1.66,Sunflower oil,Kazakhstan,Astana,RETAIL,Liter,liter,1.66
2014-07-01,1.65,Sunflower oil,Kazakhstan,Astana,RETAIL,Liter,liter,1.65
2014-08-01,1.66,Sunflower oil,Kazakhstan,Astana,RETAIL,Liter,liter,1.66
2014-09-01,1.66,Sunflower oil,Kazakhstan,Astana,RETAIL,Liter,liter,1.66
2014-10-01,1.67,Sunflower oil,Kazakhstan,Astana,RETAIL,Liter,liter,1.67
2014-11-01,1.68,Sunflower oil,Kazakhstan,Astana,RETAIL,Liter,liter,1.68
2014-12-01,1.73,Sunflower oil,Kazakhstan,Astana,RETAIL,Liter,liter,1.73
2015-01-01,1.73,Sunflower oil,Kazakhstan,Astana,RETAIL,Liter,liter,1.73
2015-02-01,1.64,Sunflower oil,Kazakhstan,Astana,RETAIL,Liter,liter,1.64
2015-03-01,1.64,Sunflower oil,Kazakhstan,Astana,RETAIL,Liter,liter,1.64
2015-04-01,1.6,Sunflower oil,Kazakhstan,Astana,RETAIL,Liter,liter,1.6
2015-05-01,1.58,Sunflower oil,Kazakhstan,Astana,RETAIL,Liter,liter,1.58
2015-06-01,1.58,Sunflower oil,Kazakhstan,Astana,RETAIL,Liter,liter,1.58
2015-07-01,1.57,Sunflower oil,Kazakhstan,Astana,RETAIL,Liter,liter,1.57
2015-08-01,1.49,Sunflower oil,Kazakhstan,Astana,RETAIL,Liter,liter,1.49
2015-09-01,1.17,Sunflower oil,Kazakhstan,Astana,RETAIL,Liter,liter,1.17
2015-10-01,1.25,Sunflower oil,Kazakhstan,Astana,RETAIL,Liter,liter,1.25
2015-11-01,1.36,Sunflower oil,Kazakhstan,Astana,RETAIL,Liter,liter,1.36
2015-12-01,1.29,Sunflower oil,Kazakhstan,Astana,RETAIL,Liter,liter,1.29
2016-01-01,1.2,Sunflower oil,Kazakhstan,Astana,RETAIL,Liter,liter,1.2
2016-02-01,1.29,Sunflower oil,Kazakhstan,Astana,RETAIL,Liter,liter,1.29
2016-03-01,1.34,Sunflower oil,Kazakhstan,Astana,RETAIL,Liter,liter,1.34
2016-04-01,1.37,Sunflower oil,Kazakhstan,Astana,RETAIL,Liter,liter,1.37
2016-05-01,1.38,Sunflower oil,Kazakhstan,Astana,RETAIL,Liter,liter,1.38
2016-06-01,1.4,Sunflower oil,Kazakhstan,Astana,RETAIL,Liter,liter,1.4
2016-07-01,1.38,Sunflower oil,Kazakhstan,Astana,RETAIL,Liter,liter,1.38
2016-08-01,1.36,Sunflower oil,Kazakhstan,Astana,RETAIL,Liter,liter,1.36
2016-09-01,1.47,Sunflower oil,Kazakhstan,Astana,RETAIL,Liter,liter,1.47
2016-10-01,1.5,Sunflower oil,Kazakhstan,Astana,RETAIL,Liter,liter,1.5
2016-11-01,1.47,Sunflower oil,Kazakhstan,Astana,RETAIL,Liter,liter,1.47
2016-12-01,1.48,Sunflower oil,Kazakhstan,Astana,RETAIL,Liter,liter,1.48
2017-01-01,1.42,Sunflower oil,Kazakhstan,Astana,RETAIL,Liter,liter,1.42
2017-02-01,1.47,Sunflower oil,Kazakhstan,Astana,RETAIL,Liter,liter,1.47
2017-03-01,1.49,Sunflower oil,Kazakhstan,Astana,RETAIL,Liter,liter,1.49
2017-04-01,1.43,Sunflower oil,Kazakhstan,Astana,RETAIL,Liter,liter,1.43
2017-05-01,1.43,Sunflower oil,Kazakhstan,Astana,RETAIL,Liter,liter,1.43
2017-06-01,1.39,Sunflower oil,Kazakhstan,Astana,RETAIL,Liter,liter,1.39
2017-07-01,1.34,Sunflower oil,Kazakhstan,Astana,RETAIL,Liter,liter,1.34
2017-08-01,1.31,Sunflower oil,Kazakhstan,Astana,RETAIL,Liter,liter,1.31
2017-09-01,1.29,Sunflower oil,Kazakhstan,Astana,RETAIL,Liter,liter,1.29
2017-10-01,1.31,Sunflower oil,Kazakhstan,Astana,RETAIL,Liter,liter,1.31
2017-11-01,1.34,Sunflower oil,Kazakhstan,Astana,RETAIL,Liter,liter,1.34
2017-12-01,1.33,Sunflower oil,Kazakhstan,Astana,RETAIL,Liter,liter,1.33
2018-01-01,1.36,Sunflower oil,Kazakhstan,Astana,RETAIL,Liter,liter,1.36
2018-02-01,1.38,Sunflower oil,Kazakhstan,Astana,RETAIL,Liter,liter,1.38
2018-03-01,1.38,Sunflower oil,Kazakhstan,Astana,RETAIL,Liter,liter,1.38
2018-04-01,1.36,Sunflower oil,Kazakhstan,Astana,RETAIL,Liter,liter,1.36
2018-05-01,1.36,Sunflower oil,Kazakhstan,Astana,RETAIL,Liter,liter,1.36
2018-06-01,1.31,Sunflower oil,Kazakhstan,Astana,RETAIL,Liter,liter,1.31
2018-07-01,1.29,Sunflower oil,Kazakhstan,Astana,RETAIL,Liter,liter,1.29
2018-08-01,1.23,Sunflower oil,Kazakhstan,Astana,RETAIL,Liter,liter,1.23
2018-09-01,1.24,Sunflower oil,Kazakhstan,Astana,RETAIL,Liter,liter,1.24
2018-10-01,1.16,Sunflower oil,Kazakhstan,Astana,RETAIL,Liter,liter,1.16
2018-11-01,1.27,Sunflower oil,Kazakhstan,Astana,RETAIL,Liter,liter,1.27
2018-12-01,1.27,Sunflower oil,Kazakhstan,Astana,RETAIL,Liter,liter,1.27
2019-01-01,1.24,Sunflower oil,Kazakhstan,Astana,RETAIL,Liter,liter,1.24
2019-02-01,1.26,Sunflower oil,Kazakhstan,Astana,RETAIL,Liter,liter,1.26
2019-03-01,1.26,Sunflower oil,Kazakhstan,Astana,RETAIL,Liter,liter,1.26
2019-04-01,1.25,Sunflower oil,Kazakhstan,Astana,RETAIL,Liter,liter,1.25
2019-05-01,1.23,Sunflower oil,Kazakhstan,Astana,RETAIL,Liter,liter,1.23
2019-06-01,1.22,Sunflower oil,Kazakhstan,Astana,RETAIL,Liter,liter,1.22
2019-07-01,1.22,Sunflower oil,Kazakhstan,Astana,RETAIL,Liter,liter,1.22
2019-08-01,1.22,Sunflower oil,Kazakhstan,Astana,RETAIL,Liter,liter,1.22
2019-09-01,1.22,Sunflower oil,Kazakhstan,Astana,RETAIL,Liter,liter,1.22
2019-10-01,1.22,Sunflower oil,Kazakhstan,Astana,RETAIL,Liter,liter,1.22
2019-11-01,1.22,Sunflower oil,Kazakhstan,Astana,RETAIL,Liter,liter,1.22
2019-12-01,1.22,Sunflower oil,Kazakhstan,Astana,RETAIL,Liter,liter,1.22
2020-01-01,1.24,Sunflower oil,Kazakhstan,Astana,RETAIL,Liter,liter,1.24
2020-02-01,1.25,Sunflower oil,Kazakhstan,Astana,RETAIL,Liter,liter,1.25
2020-03-01,1.14,Sunflower oil,Kazakhstan,Astana,RETAIL,Liter,liter,1.14
2020-04-01,1.1,Sunflower oil,Kazakhstan,Astana,RETAIL,Liter,liter,1.1
2020-05-01,1.13,Sunflower oil,Kazakhstan,Astana,RETAIL,Liter,liter,1.13
2020-06-01,1.18,Sunflower oil,Kazakhstan,Astana,RETAIL,Liter,liter,1.18
2020-07-01,1.15,Sunflower oil,Kazakhstan,Astana,RETAIL,Liter,liter,1.15
2020-08-01,1.18,Sunflower oil,Kazakhstan,Astana,RETAIL,Liter,liter,1.18
2020-09-01,1.17,Sunflower oil,Kazakhstan,Astana,RETAIL,Liter,liter,1.17
2020-10-01,1.2,Sunflower oil,Kazakhstan,Astana,RETAIL,Liter,liter,1.2
2020-11-01,1.28,Sunflower oil,Kazakhstan,Astana,RETAIL,Liter,liter,1.28
2020-12-01,1.39,Sunflower oil,Kazakhstan,Astana,RETAIL,Liter,liter,1.39
2021-01-01,1.53,Sunflower oil,Kazakhstan,Astana,RETAIL,Liter,liter,1.53
2021-02-01,1.55,Sunflower oil,Kazakhstan,Astana,RETAIL,Liter,liter,1.55
2021-03-01,1.54,Sunflower oil,Kazakhstan,Astana,RETAIL,Liter,liter,1.54
2021-04-01,1.59,Sunflower oil,Kazakhstan,Astana,RETAIL,Liter,liter,1.59
2021-05-01,1.74,Sunflower oil,Kazakhstan,Astana,RETAIL,Liter,liter,1.74
2021-06-01,1.76,Sunflower oil,Kazakhstan,Astana,RETAIL,Liter,liter,1.76
2021-07-01,1.83,Sunflower oil,Kazakhstan,Astana,RETAIL,Liter,liter,1.83
2021-08-01,1.93,Sunflower oil,Kazakhstan,Astana,RETAIL,Liter,liter,1.93
2021-09-01,1.98,Sunflower oil,Kazakhstan,Astana,RETAIL,Liter,liter,1.98
2021-10-01,1.98,Sunflower oil,Kazakhstan,Astana,RETAIL,Liter,liter,1.98
2021-11-01,1.9,Sunflower oil,Kazakhstan,Astana,RETAIL,Liter,liter,1.9
2021-12-01,1.87,Sunflower oil,Kazakhstan,Astana,RETAIL,Liter,liter,1.87
2022-01-01,1.88,Sunflower oil,Kazakhstan,Astana,RETAIL,Liter,liter,1.88
2022-02-01,1.88,Sunflower oil,Kazakhstan,Astana,RETAIL,Liter,liter,1.88
2022-03-01,1.64,Sunflower oil,Kazakhstan,Astana,RETAIL,Liter,liter,1.64
2022-04-01,1.83,Sunflower oil,Kazakhstan,Astana,RETAIL,Liter,liter,1.83
2022-05-01,1.92,Sunflower oil,Kazakhstan,Astana,RETAIL,Liter,liter,1.92
2022-06-01,1.87,Sunflower oil,Kazakhstan,Astana,RETAIL,Liter,liter,1.87
2022-07-01,1.74,Sunflower oil,Kazakhstan,Astana,RETAIL,Liter,liter,1.74
2022-08-01,1.79,Sunflower oil,Kazakhstan,Astana,RETAIL,Liter,liter,1.79
2022-09-01,1.87,Sunflower oil,Kazakhstan,Astana,RETAIL,Liter,liter,1.87
2022-10-01,1.89,Sunflower oil,Kazakhstan,Astana,RETAIL,Liter,liter,1.89
2022-11-01,1.92,Sunflower oil,Kazakhstan,Astana,RETAIL,Liter,liter,1.92
2022-12-01,1.96,Sunflower oil,Kazakhstan,Astana,RETAIL,Liter,liter,1.96
2023-01-01,2.06,Sunflower oil,Kazakhstan,Astana,RETAIL,Liter,liter,2.06
2023-02-01,2.17,Sunflower oil,Kazakhstan,Astana,RETAIL,Liter,liter,2.17
2023-03-01,2.18,Sunflower oil,Kazakhstan,Astana,RETAIL,Liter,liter,2.18
2023-04-01,2.18,Sunflower oil,Kazakhstan,Astana,RETAIL,Liter,liter,2.18
2023-05-01,2.08,Sunflower oil,Kazakhstan,Astana,RETAIL,Liter,liter,2.08
2023-06-01,2.07,Sunflower oil,Kazakhstan,Astana,RETAIL,Liter,liter,2.07
2023-07-01,1.95,Sunflower oil,Kazakhstan,Astana,RETAIL,Liter,liter,1.95
2023-08-01,1.92,Sunflower oil,Kazakhstan,Astana,RETAIL,Liter,liter,1.92
2023-09-01,1.86,Sunflower oil,Kazakhstan,Astana,RETAIL,Liter,liter,1.86
2023-10-01,1.76,Sunflower oil,Kazakhstan,Astana,RETAIL,Liter,liter,1.76
2023-11-01,1.81,Sunflower oil,Kazakhstan,Astana,RETAIL,Liter,liter,1.81
2023-12-01,1.79,Sunflower oil,Kazakhstan,Astana,RETAIL,Liter,liter,1.79
2024-01-01,1.81,Sunflower oil,Kazakhstan,Astana,RETAIL,Liter,liter,1.81
2024-02-01,1.82,Sunflower oil,Kazakhstan,Astana,RETAIL,Liter,liter,1.82
2024-03-01,1.68,Sunflower oil,Kazakhstan,Astana,RETAIL,Liter,liter,1.68
2024-04-01,1.71,Sunflower oil,Kazakhstan,Astana,RETAIL,Liter,liter,1.71
2024-05-01,1.73,Sunflower oil,Kazakhstan,Astana,RETAIL,Liter,liter,1.73
2024-06-01,1.6,Sunflower oil,Kazakhstan,Astana,RETAIL,Liter,liter,1.6
2024-07-01,1.44,Sunflower oil,Kazakhstan,Astana,RETAIL,Liter,liter,1.44
2024-08-01,1.49,Sunflower oil,Kazakhstan,Astana,RETAIL,Liter,liter,1.49
2024-09-01,1.58,Sunflower oil,Kazakhstan,Astana,RETAIL,Liter,liter,1.58
2024-10-01,1.59,Sunflower oil,Kazakhstan,Astana,RETAIL,Liter,liter,1.59
2024-11-01,1.63,Sunflower oil,Kazakhstan,Astana,RETAIL,Liter,liter,1.63
2024-12-01,1.56,Sunflower oil,Kazakhstan,Astana,RETAIL,Liter,liter,1.56
2025-01-01,1.61,Sunflower oil,Kazakhstan,Astana,RETAIL,Liter,liter,1.61
2025-02-01,1.68,Sunflower oil,Kazakhstan,Astana,RETAIL,Liter,liter,1.68
2025-03-01,1.67,Sunflower oil,Kazakhstan,Astana,RETAIL,Liter,liter,1.67
2025-04-01,1.64,Sunflower oil,Kazakhstan,Astana,RETAIL,Liter,liter,1.64
2025-05-01,1.65,Sunflower oil,Kazakhstan,Astana,RETAIL,Liter,liter,1.65
2025-06-01,1.67,Sunflower oil,Kazakhstan,Astana,RETAIL,Liter,liter,1.67
2025-07-01,1.68,Sunflower oil,Kazakhstan,Astana,RETAIL,Liter,liter,1.68
2025-08-01,1.67,Sunflower oil,Kazakhstan,Astana,RETAIL,Liter,liter,1.67
2025-09-01,1.67,Sunflower oil,Kazakhstan,Astana,RETAIL,Liter,liter,1.67
2025-10-01,1.68,Sunflower oil,Kazakhstan,Astana,RETAIL,Liter,liter,1.68
2005-11-01,1.29,Sunflower oil,Kazakhstan,Kostanay,RETAIL,Liter,liter,1.29
2005-12-01,1.29,Sunflower oil,Kazakhstan,Kostanay,RETAIL,Liter,liter,1.29
2006-01-01,1.3,Sunflower oil,Kazakhstan,Kostanay,RETAIL,Liter,liter,1.3
2006-02-01,1.32,Sunflower oil,Kazakhstan,Kostanay,RETAIL,Liter,liter,1.32
2006-03-01,1.34,Sunflower oil,Kazakhstan,Kostanay,RETAIL,Liter,liter,1.34
2006-04-01,1.36,Sunflower oil,Kazakhstan,Kostanay,RETAIL,Liter,liter,1.36
2006-05-01,1.41,Sunflower oil,Kazakhstan,Kostanay,RETAIL,Liter,liter,1.41
2006-06-01,1.44,Sunflower oil,Kazakhstan,Kostanay,RETAIL,Liter,liter,1.44
2006-07-01,1.44,Sunflower oil,Kazakhstan,Kostanay,RETAIL,Liter,liter,1.44
2006-08-01,1.37,Sunflower oil,Kazakhstan,Kostanay,RETAIL,Liter,liter,1.37
2006-09-01,1.33,Sunflower oil,Kazakhstan,Kostanay,RETAIL,Liter,liter,1.33
2006-10-01,1.32,Sunflower oil,Kazakhstan,Kostanay,RETAIL,Liter,liter,1.32
2006-11-01,1.31,Sunflower oil,Kazakhstan,Kostanay,RETAIL,Liter,liter,1.31
2006-12-01,1.31,Sunflower oil,Kazakhstan,Kostanay,RETAIL,Liter,liter,1.31
2007-01-01,1.34,Sunflower oil,Kazakhstan,Kostanay,RETAIL,Liter,liter,1.34
2007-02-01,1.35,Sunflower oil,Kazakhstan,Kostanay,RETAIL,Liter,liter,1.35
2007-03-01,1.35,Sunflower oil,Kazakhstan,Kostanay,RETAIL,Liter,liter,1.35
2007-04-01,1.37,Sunflower oil,Kazakhstan,Kostanay,RETAIL,Liter,liter,1.37
2007-05-01,1.4,Sunflower oil,Kazakhstan,Kostanay,RETAIL,Liter,liter,1.4
2007-06-01,1.38,Sunflower oil,Kazakhstan,Kostanay,RETAIL,Liter,liter,1.38
2007-07-01,1.38,Sunflower oil,Kazakhstan,Kostanay,RETAIL,Liter,liter,1.38
2007-08-01,1.35,Sunflower oil,Kazakhstan,Kostanay,RETAIL,Liter,liter,1.35
2007-09-01,1.39,Sunflower oil,Kazakhstan,Kostanay,RETAIL,Liter,liter,1.39
2007-10-01,1.9,Sunflower oil,Kazakhstan,Kostanay,RETAIL,Liter,liter,1.9
2007-11-01,2.82,Sunflower oil,Kazakhstan,Kostanay,RETAIL,Liter,liter,2.82
2007-12-01,2.83,Sunflower oil,Kazakhstan,Kostanay,RETAIL,Liter,liter,2.83
2008-01-01,2.49,Sunflower oil,Kazakhstan,Kostanay,RETAIL,Liter,liter,2.49
2008-02-01,2.41,Sunflower oil,Kazakhstan,Kostanay,RETAIL,Liter,liter,2.41
2008-03-01,2.4,Sunflower oil,Kazakhstan,Kostanay,RETAIL,Liter,liter,2.4
2008-04-01,2.41,Sunflower oil,Kazakhstan,Kostanay,RETAIL,Liter,liter,2.41
2008-05-01,2.41,Sunflower oil,Kazakhstan,Kostanay,RETAIL,Liter,liter,2.41
2008-06-01,2.53,Sunflower oil,Kazakhstan,Kostanay,RETAIL,Liter,liter,2.53
2008-07-01,2.58,Sunflower oil,Kazakhstan,Kostanay,RETAIL,Liter,liter,2.58
2008-08-01,2.67,Sunflower oil,Kazakhstan,Kostanay,RETAIL,Liter,liter,2.67
2008-09-01,2.67,Sunflower oil,Kazakhstan,Kostanay,RETAIL,Liter,liter,2.67
2008-10-01,2.67,Sunflower oil,Kazakhstan,Kostanay,RETAIL,Liter,liter,2.67
2008-11-01,2.5,Sunflower oil,Kazakhstan,Kostanay,RETAIL,Liter,liter,2.5
2008-12-01,2.37,Sunflower oil,Kazakhstan,Kostanay,RETAIL,Liter,liter,2.37
2009-01-01,1.98,Sunflower oil,Kazakhstan,Kostanay,RETAIL,Liter,liter,1.98
2009-02-01,1.52,Sunflower oil,Kazakhstan,Kostanay,RETAIL,Liter,liter,1.52
2009-03-01,1.46,Sunflower oil,Kazakhstan,Kostanay,RETAIL,Liter,liter,1.46
2009-04-01,1.39,Sunflower oil,Kazakhstan,Kostanay,RETAIL,Liter,liter,1.39
2009-05-01,1.26,Sunflower oil,Kazakhstan,Kostanay,RETAIL,Liter,liter,1.26
2009-06-01,1.26,Sunflower oil,Kazakhstan,Kostanay,RETAIL,Liter,liter,1.26
2009-07-01,1.26,Sunflower oil,Kazakhstan,Kostanay,RETAIL,Liter,liter,1.26
2009-08-01,1.29,Sunflower oil,Kazakhstan,Kostanay,RETAIL,Liter,liter,1.29
2009-09-01,1.31,Sunflower oil,Kazakhstan,Kostanay,RETAIL,Liter,liter,1.31
2009-10-01,1.53,Sunflower oil,Kazakhstan,Kostanay,RETAIL,Liter,liter,1.53
2009-11-01,1.53,Sunflower oil,Kazakhstan,Kostanay,RETAIL,Liter,liter,1.53
2009-12-01,1.55,Sunflower oil,Kazakhstan,Kostanay,RETAIL,Liter,liter,1.55
2010-01-01,1.55,Sunflower oil,Kazakhstan,Kostanay,RETAIL,Liter,liter,1.55
2010-02-01,1.56,Sunflower oil,Kazakhstan,Kostanay,RETAIL,Liter,liter,1.56
2010-03-01,1.56,Sunflower oil,Kazakhstan,Kostanay,RETAIL,Liter,liter,1.56
2010-04-01,1.57,Sunflower oil,Kazakhstan,Kostanay,RETAIL,Liter,liter,1.57
2010-05-01,1.57,Sunflower oil,Kazakhstan,Kostanay,RETAIL,Liter,liter,1.57
2010-06-01,1.56,Sunflower oil,Kazakhstan,Kostanay,RETAIL,Liter,liter,1.56
2010-07-01,1.53,Sunflower oil,Kazakhstan,Kostanay,RETAIL,Liter,liter,1.53
2010-08-01,1.53,Sunflower oil,Kazakhstan,Kostanay,RETAIL,Liter,liter,1.53
2010-09-01,1.56,Sunflower oil,Kazakhstan,Kostanay,RETAIL,Liter,liter,1.56
2010-10-01,1.59,Sunflower oil,Kazakhstan,Kostanay,RETAIL,Liter,liter,1.59
2010-11-01,1.63,Sunflower oil,Kazakhstan,Kostanay,RETAIL,Liter,liter,1.63
2010-12-01,1.8,Sunflower oil,Kazakhstan,Kostanay,RETAIL,Liter,liter,1.8
2011-01-01,2.07,Sunflower oil,Kazakhstan,Kostanay,RETAIL,Liter,liter,2.07
2011-02-01,2.12,Sunflower oil,Kazakhstan,Kostanay,RETAIL,Liter,liter,2.12
2011-03-01,2.13,Sunflower oil,Kazakhstan,Kostanay,RETAIL,Liter,liter,2.13
2011-04-01,2.13,Sunflower oil,Kazakhstan,Kostanay,RETAIL,Liter,liter,2.13
2011-05-01,2.13,Sunflower oil,Kazakhstan,Kostanay,RETAIL,Liter,liter,2.13
2011-06-01,2.16,Sunflower oil,Kazakhstan,Kostanay,RETAIL,Liter,liter,2.16
2011-07-01,2.16,Sunflower oil,Kazakhstan,Kostanay,RETAIL,Liter,liter,2.16
2011-08-01,2.15,Sunflower oil,Kazakhstan,Kostanay,RETAIL,Liter,liter,2.15
2011-09-01,2.14,Sunflower oil,Kazakhstan,Kostanay,RETAIL,Liter,liter,2.14
2011-10-01,2.13,Sunflower oil,Kazakhstan,Kostanay,RETAIL,Liter,liter,2.13
2011-11-01,2.13,Sunflower oil,Kazakhstan,Kostanay,RETAIL,Liter,liter,2.13
2011-12-01,2.13,Sunflower oil,Kazakhstan,Kostanay,RETAIL,Liter,liter,2.13
2012-01-01,2.12,Sunflower oil,Kazakhstan,Kostanay,RETAIL,Liter,liter,2.12
2012-02-01,2.12,Sunflower oil,Kazakhstan,Kostanay,RETAIL,Liter,liter,2.12
2012-03-01,2.03,Sunflower oil,Kazakhstan,Kostanay,RETAIL,Liter,liter,2.03
2012-04-01,2.03,Sunflower oil,Kazakhstan,Kostanay,RETAIL,Liter,liter,2.03
2012-05-01,2.0,Sunflower oil,Kazakhstan,Kostanay,RETAIL,Liter,liter,2.0
2012-06-01,1.95,Sunflower oil,Kazakhstan,Kostanay,RETAIL,Liter,liter,1.95
2012-07-01,1.9,Sunflower oil,Kazakhstan,Kostanay,RETAIL,Liter,liter,1.9
2012-08-01,1.9,Sunflower oil,Kazakhstan,Kostanay,RETAIL,Liter,liter,1.9
2012-09-01,1.9,Sunflower oil,Kazakhstan,Kostanay,RETAIL,Liter,liter,1.9
2012-10-01,1.89,Sunflower oil,Kazakhstan,Kostanay,RETAIL,Liter,liter,1.89
2012-11-01,1.96,Sunflower oil,Kazakhstan,Kostanay,RETAIL,Liter,liter,1.96
2012-12-01,1.96,Sunflower oil,Kazakhstan,Kostanay,RETAIL,Liter,liter,1.96
2013-01-01,2.02,Sunflower oil,Kazakhstan,Kostanay,RETAIL,Liter,liter,2.02
2013-02-01,2.03,Sunflower oil,Kazakhstan,Kostanay,RETAIL,Liter,liter,2.03
2013-03-01,2.02,Sunflower oil,Kazakhstan,Kostanay,RETAIL,Liter,liter,2.02
2013-04-01,2.01,Sunflower oil,Kazakhstan,Kostanay,RETAIL,Liter,liter,2.01
2013-05-01,2.01,Sunflower oil,Kazakhstan,Kostanay,RETAIL,Liter,liter,2.01
2013-06-01,1.99,Sunflower oil,Kazakhstan,Kostanay,RETAIL,Liter,liter,1.99
2013-07-01,1.98,Sunflower oil,Kazakhstan,Kostanay,RETAIL,Liter,liter,1.98
2013-08-01,1.96,Sunflower oil,Kazakhstan,Kostanay,RETAIL,Liter,liter,1.96
2013-09-01,1.96,Sunflower oil,Kazakhstan,Kostanay,RETAIL,Liter,liter,1.96
2013-10-01,1.95,Sunflower oil,Kazakhstan,Kostanay,RETAIL,Liter,liter,1.95
2013-11-01,1.94,Sunflower oil,Kazakhstan,Kostanay,RETAIL,Liter,liter,1.94
2013-12-01,1.95,Sunflower oil,Kazakhstan,Kostanay,RETAIL,Liter,liter,1.95
2014-01-01,1.92,Sunflower oil,Kazakhstan,Kostanay,RETAIL,Liter,liter,1.92
2014-02-01,1.69,Sunflower oil,Kazakhstan,Kostanay,RETAIL,Liter,liter,1.69
2014-03-01,1.61,Sunflower oil,Kazakhstan,Kostanay,RETAIL,Liter,liter,1.61
2014-04-01,1.6,Sunflower oil,Kazakhstan,Kostanay,RETAIL,Liter,liter,1.6
2014-05-01,1.56,Sunflower oil,Kazakhstan,Kostanay,RETAIL,Liter,liter,1.56
2014-06-01,1.55,Sunflower oil,Kazakhstan,Kostanay,RETAIL,Liter,liter,1.55
2014-07-01,1.55,Sunflower oil,Kazakhstan,Kostanay,RETAIL,Liter,liter,1.55
2014-08-01,1.57,Sunflower oil,Kazakhstan,Kostanay,RETAIL,Liter,liter,1.57
2014-09-01,1.57,Sunflower oil,Kazakhstan,Kostanay,RETAIL,Liter,liter,1.57
2014-10-01,1.57,Sunflower oil,Kazakhstan,Kostanay,RETAIL,Liter,liter,1.57
2014-11-01,1.58,Sunflower oil,Kazakhstan,Kostanay,RETAIL,Liter,liter,1.58
2014-12-01,1.57,Sunflower oil,Kazakhstan,Kostanay,RETAIL,Liter,liter,1.57
2015-01-01,1.55,Sunflower oil,Kazakhstan,Kostanay,RETAIL,Liter,liter,1.55
2015-02-01,1.52,Sunflower oil,Kazakhstan,Kostanay,RETAIL,Liter,liter,1.52
2015-03-01,1.52,Sunflower oil,Kazakhstan,Kostanay,RETAIL,Liter,liter,1.52
2015-04-01,1.52,Sunflower oil,Kazakhstan,Kostanay,RETAIL,Liter,liter,1.52
2015-05-01,1.53,Sunflower oil,Kazakhstan,Kostanay,RETAIL,Liter,liter,1.53
2015-06-01,1.53,Sunflower oil,Kazakhstan,Kostanay,RETAIL,Liter,liter,1.53
2015-07-01,1.52,Sunflower oil,Kazakhstan,Kostanay,RETAIL,Liter,liter,1.52
2015-08-01,1.39,Sunflower oil,Kazakhstan,Kostanay,RETAIL,Liter,liter,1.39
2015-09-01,1.15,Sunflower oil,Kazakhstan,Kostanay,RETAIL,Liter,liter,1.15
2015-10-01,1.26,Sunflower oil,Kazakhstan,Kostanay,RETAIL,Liter,liter,1.26
2015-11-01,1.36,Sunflower oil,Kazakhstan,Kostanay,RETAIL,Liter,liter,1.36
2015-12-01,1.27,Sunflower oil,Kazakhstan,Kostanay,RETAIL,Liter,liter,1.27
2016-01-01,1.12,Sunflower oil,Kazakhstan,Kostanay,RETAIL,Liter,liter,1.12
2016-02-01,1.15,Sunflower oil,Kazakhstan,Kostanay,RETAIL,Liter,liter,1.15
2016-03-01,1.2,Sunflower oil,Kazakhstan,Kostanay,RETAIL,Liter,liter,1.2
2016-04-01,1.26,Sunflower oil,Kazakhstan,Kostanay,RETAIL,Liter,liter,1.26
2016-05-01,1.27,Sunflower oil,Kazakhstan,Kostanay,RETAIL,Liter,liter,1.27
2016-06-01,1.28,Sunflower oil,Kazakhstan,Kostanay,RETAIL,Liter,liter,1.28
2016-07-01,1.26,Sunflower oil,Kazakhstan,Kostanay,RETAIL,Liter,liter,1.26
2016-08-01,1.25,Sunflower oil,Kazakhstan,Kostanay,RETAIL,Liter,liter,1.25
2016-09-01,1.3,Sunflower oil,Kazakhstan,Kostanay,RETAIL,Liter,liter,1.3
2016-10-01,1.32,Sunflower oil,Kazakhstan,Kostanay,RETAIL,Liter,liter,1.32
2016-11-01,1.33,Sunflower oil,Kazakhstan,Kostanay,RETAIL,Liter,liter,1.33
2016-12-01,1.38,Sunflower oil,Kazakhstan,Kostanay,RETAIL,Liter,liter,1.38
2017-01-01,1.36,Sunflower oil,Kazakhstan,Kostanay,RETAIL,Liter,liter,1.36
2017-02-01,1.38,Sunflower oil,Kazakhstan,Kostanay,RETAIL,Liter,liter,1.38
2017-03-01,1.36,Sunflower oil,Kazakhstan,Kostanay,RETAIL,Liter,liter,1.36
2017-04-01,1.36,Sunflower oil,Kazakhstan,Kostanay,RETAIL,Liter,liter,1.36
2017-05-01,1.36,Sunflower oil,Kazakhstan,Kostanay,RETAIL,Liter,liter,1.36
2017-06-01,1.33,Sunflower oil,Kazakhstan,Kostanay,RETAIL,Liter,liter,1.33
2017-07-01,1.28,Sunflower oil,Kazakhstan,Kostanay,RETAIL,Liter,liter,1.28
2017-08-01,1.23,Sunflower oil,Kazakhstan,Kostanay,RETAIL,Liter,liter,1.23
2017-09-01,1.19,Sunflower oil,Kazakhstan,Kostanay,RETAIL,Liter,liter,1.19
2017-10-01,1.21,Sunflower oil,Kazakhstan,Kostanay,RETAIL,Liter,liter,1.21
2017-11-01,1.22,Sunflower oil,Kazakhstan,Kostanay,RETAIL,Liter,liter,1.22
2017-12-01,1.22,Sunflower oil,Kazakhstan,Kostanay,RETAIL,Liter,liter,1.22
2018-01-01,1.25,Sunflower oil,Kazakhstan,Kostanay,RETAIL,Liter,liter,1.25
2018-02-01,1.26,Sunflower oil,Kazakhstan,Kostanay,RETAIL,Liter,liter,1.26
2018-03-01,1.27,Sunflower oil,Kazakhstan,Kostanay,RETAIL,Liter,liter,1.27
2018-04-01,1.26,Sunflower oil,Kazakhstan,Kostanay,RETAIL,Liter,liter,1.26
2018-05-01,1.25,Sunflower oil,Kazakhstan,Kostanay,RETAIL,Liter,liter,1.25
2018-06-01,1.22,Sunflower oil,Kazakhstan,Kostanay,RETAIL,Liter,liter,1.22
2018-07-01,1.19,Sunflower oil,Kazakhstan,Kostanay,RETAIL,Liter,liter,1.19
2018-08-01,1.15,Sunflower oil,Kazakhstan,Kostanay,RETAIL,Liter,liter,1.15
2018-09-01,1.13,Sunflower oil,Kazakhstan,Kostanay,RETAIL,Liter,liter,1.13
2018-10-01,1.13,Sunflower oil,Kazakhstan,Kostanay,RETAIL,Liter,liter,1.13
2018-11-01,1.15,Sunflower oil,Kazakhstan,Kostanay,RETAIL,Liter,liter,1.15
2018-12-01,1.17,Sunflower oil,Kazakhstan,Kostanay,RETAIL,Liter,liter,1.17
2019-01-01,1.15,Sunflower oil,Kazakhstan,Kostanay,RETAIL,Liter,liter,1.15
2019-02-01,1.15,Sunflower oil,Kazakhstan,Kostanay,RETAIL,Liter,liter,1.15
2019-03-01,1.15,Sunflower oil,Kazakhstan,Kostanay,RETAIL,Liter,liter,1.15
2019-04-01,1.15,Sunflower oil,Kazakhstan,Kostanay,RETAIL,Liter,liter,1.15
2019-05-01,1.16,Sunflower oil,Kazakhstan,Kostanay,RETAIL,Liter,liter,1.16
2019-06-01,1.17,Sunflower oil,Kazakhstan,Kostanay,RETAIL,Liter,liter,1.17
2019-07-01,1.17,Sunflower oil,Kazakhstan,Kostanay,RETAIL,Liter,liter,1.17
2019-08-01,1.16,Sunflower oil,Kazakhstan,Kostanay,RETAIL,Liter,liter,1.16
2019-09-01,1.16,Sunflower oil,Kazakhstan,Kostanay,RETAIL,Liter,liter,1.16
2019-10-01,1.12,Sunflower oil,Kazakhstan,Kostanay,RETAIL,Liter,liter,1.12
2019-11-01,1.12,Sunflower oil,Kazakhstan,Kostanay,RETAIL,Liter,liter,1.12
2019-12-01,1.14,Sunflower oil,Kazakhstan,Kostanay,RETAIL,Liter,liter,1.14
2020-01-01,1.15,Sunflower oil,Kazakhstan,Kostanay,RETAIL,Liter,liter,1.15
2020-02-01,1.15,Sunflower oil,Kazakhstan,Kostanay,RETAIL,Liter,liter,1.15
2020-03-01,1.06,Sunflower oil,Kazakhstan,Kostanay,RETAIL,Liter,liter,1.06
2020-04-01,0.99,Sunflower oil,Kazakhstan,Kostanay,RETAIL,Liter,liter,0.99
2020-05-01,1.03,Sunflower oil,Kazakhstan,Kostanay,RETAIL,Liter,liter,1.03
2020-06-01,1.07,Sunflower oil,Kazakhstan,Kostanay,RETAIL,Liter,liter,1.07
2020-07-01,1.05,Sunflower oil,Kazakhstan,Kostanay,RETAIL,Liter,liter,1.05
2020-08-01,1.03,Sunflower oil,Kazakhstan,Kostanay,RETAIL,Liter,liter,1.03
2020-09-01,1.03,Sunflower oil,Kazakhstan,Kostanay,RETAIL,Liter,liter,1.03
2020-10-01,1.03,Sunflower oil,Kazakhstan,Kostanay,RETAIL,Liter,liter,1.03
2020-11-01,1.2,Sunflower oil,Kazakhstan,Kostanay,RETAIL,Liter,liter,1.2
2020-12-01,1.27,Sunflower oil,Kazakhstan,Kostanay,RETAIL,Liter,liter,1.27
2021-01-01,1.42,Sunflower oil,Kazakhstan,Kostanay,RETAIL,Liter,liter,1.42
2021-02-01,1.45,Sunflower oil,Kazakhstan,Kostanay,RETAIL,Liter,liter,1.45
2021-03-01,1.46,Sunflower oil,Kazakhstan,Kostanay,RETAIL,Liter,liter,1.46
2021-04-01,1.46,Sunflower oil,Kazakhstan,Kostanay,RETAIL,Liter,liter,1.46
2021-05-01,1.53,Sunflower oil,Kazakhstan,Kostanay,RETAIL,Liter,liter,1.53
2021-06-01,1.53,Sunflower oil,Kazakhstan,Kostanay,RETAIL,Liter,liter,1.53
2021-07-01,1.64,Sunflower oil,Kazakhstan,Kostanay,RETAIL,Liter,liter,1.64
2021-08-01,1.71,Sunflower oil,Kazakhstan,Kostanay,RETAIL,Liter,liter,1.71
2021-09-01,1.76,Sunflower oil,Kazakhstan,Kostanay,RETAIL,Liter,liter,1.76
2021-10-01,1.8,Sunflower oil,Kazakhstan,Kostanay,RETAIL,Liter,liter,1.8
2021-11-01,1.78,Sunflower oil,Kazakhstan,Kostanay,RETAIL,Liter,liter,1.78
2021-12-01,1.77,Sunflower oil,Kazakhstan,Kostanay,RETAIL,Liter,liter,1.77
2022-01-01,1.77,Sunflower oil,Kazakhstan,Kostanay,RETAIL,Liter,liter,1.77
2022-02-01,1.77,Sunflower oil,Kazakhstan,Kostanay,RETAIL,Liter,liter,1.77
2022-03-01,1.54,Sunflower oil,Kazakhstan,Kostanay,RETAIL,Liter,liter,1.54
2022-04-01,1.69,Sunflower oil,Kazakhstan,Kostanay,RETAIL,Liter,liter,1.69
2022-05-01,1.8,Sunflower oil,Kazakhstan,Kostanay,RETAIL,Liter,liter,1.8
2022-06-01,1.75,Sunflower oil,Kazakhstan,Kostanay,RETAIL,Liter,liter,1.75
2022-07-01,1.65,Sunflower oil,Kazakhstan,Kostanay,RETAIL,Liter,liter,1.65
2022-08-01,1.65,Sunflower oil,Kazakhstan,Kostanay,RETAIL,Liter,liter,1.65
2022-09-01,1.69,Sunflower oil,Kazakhstan,Kostanay,RETAIL,Liter,liter,1.69
2022-10-01,1.74,Sunflower oil,Kazakhstan,Kostanay,RETAIL,Liter,liter,1.74
2022-11-01,1.79,Sunflower oil,Kazakhstan,Kostanay,RETAIL,Liter,liter,1.79
2022-12-01,1.82,Sunflower oil,Kazakhstan,Kostanay,RETAIL,Liter,liter,1.82
2023-01-01,1.84,Sunflower oil,Kazakhstan,Kostanay,RETAIL,Liter,liter,1.84
2023-02-01,1.88,Sunflower oil,Kazakhstan,Kostanay,RETAIL,Liter,liter,1.88
2023-03-01,1.89,Sunflower oil,Kazakhstan,Kostanay,RETAIL,Liter,liter,1.89
2023-04-01,1.89,Sunflower oil,Kazakhstan,Kostanay,RETAIL,Liter,liter,1.89
2023-05-01,1.88,Sunflower oil,Kazakhstan,Kostanay,RETAIL,Liter,liter,1.88
2023-06-01,1.83,Sunflower oil,Kazakhstan,Kostanay,RETAIL,Liter,liter,1.83
2023-07-01,1.81,Sunflower oil,Kazakhstan,Kostanay,RETAIL,Liter,liter,1.81
2023-08-01,1.75,Sunflower oil,Kazakhstan,Kostanay,RETAIL,Liter,liter,1.75
2023-09-01,1.68,Sunflower oil,Kazakhstan,Kostanay,RETAIL,Liter,liter,1.68
2023-10-01,1.65,Sunflower oil,Kazakhstan,Kostanay,RETAIL,Liter,liter,1.65
2023-11-01,1.65,Sunflower oil,Kazakhstan,Kostanay,RETAIL,Liter,liter,1.65
2023-12-01,1.64,Sunflower oil,Kazakhstan,Kostanay,RETAIL,Liter,liter,1.64
2024-01-01,1.6,Sunflower oil,Kazakhstan,Kostanay,RETAIL,Liter,liter,1.6
2024-02-01,1.55,Sunflower oil,Kazakhstan,Kostanay,RETAIL,Liter,liter,1.55
2024-03-01,1.47,Sunflower oil,Kazakhstan,Kostanay,RETAIL,Liter,liter,1.47
2024-04-01,1.47,Sunflower oil,Kazakhstan,Kostanay,RETAIL,Liter,liter,1.47
2024-05-01,1.47,Sunflower oil,Kazakhstan,Kostanay,RETAIL,Liter,liter,1.47
2024-06-01,1.42,Sunflower oil,Kazakhstan,Kostanay,RETAIL,Liter,liter,1.42
2024-07-01,1.31,Sunflower oil,Kazakhstan,Kostanay,RETAIL,Liter,liter,1.31
2024-08-01,1.32,Sunflower oil,Kazakhstan,Kostanay,RETAIL,Liter,liter,1.32
2024-09-01,1.36,Sunflower oil,Kazakhstan,Kostanay,RETAIL,Liter,liter,1.36
2024-10-01,1.37,Sunflower oil,Kazakhstan,Kostanay,RETAIL,Liter,liter,1.37
2024-11-01,1.39,Sunflower oil,Kazakhstan,Kostanay,RETAIL,Liter,liter,1.39
2024-12-01,1.42,Sunflower oil,Kazakhstan,Kostanay,RETAIL,Liter,liter,1.42
2025-01-01,1.41,Sunflower oil,Kazakhstan,Kostanay,RETAIL,Liter,liter,1.41
2025-02-01,1.52,Sunflower oil,Kazakhstan,Kostanay,RETAIL,Liter,liter,1.52
2025-03-01,1.54,Sunflower oil,Kazakhstan,Kostanay,RETAIL,Liter,liter,1.54
2005-11-01,1.25,Sunflower oil,Kazakhstan,National Average,RETAIL,Liter,liter,1.25
2005-12-01,1.25,Sunflower oil,Kazakhstan,National Average,RETAIL,Liter,liter,1.25
2006-01-01,1.27,Sunflower oil,Kazakhstan,National Average,RETAIL,Liter,liter,1.27
2006-02-01,1.29,Sunflower oil,Kazakhstan,National Average,RETAIL,Liter,liter,1.29
2006-03-01,1.31,Sunflower oil,Kazakhstan,National Average,RETAIL,Liter,liter,1.31
2006-04-01,1.32,Sunflower oil,Kazakhstan,National Average,RETAIL,Liter,liter,1.32
2006-05-01,1.35,Sunflower oil,Kazakhstan,National Average,RETAIL,Liter,liter,1.35
2006-06-01,1.38,Sunflower oil,Kazakhstan,National Average,RETAIL,Liter,liter,1.38
2006-07-01,1.39,Sunflower oil,Kazakhstan,National Average,RETAIL,Liter,liter,1.39
2006-08-01,1.34,Sunflower oil,Kazakhstan,National Average,RETAIL,Liter,liter,1.34
2006-09-01,1.3,Sunflower oil,Kazakhstan,National Average,RETAIL,Liter,liter,1.3
2006-10-01,1.28,Sunflower oil,Kazakhstan,National Average,RETAIL,Liter,liter,1.28
2006-11-01,1.28,Sunflower oil,Kazakhstan,National Average,RETAIL,Liter,liter,1.28
2006-12-01,1.28,Sunflower oil,Kazakhstan,National Average,RETAIL,Liter,liter,1.28
2007-01-01,1.3,Sunflower oil,Kazakhstan,National Average,RETAIL,Liter,liter,1.3
2007-02-01,1.31,Sunflower oil,Kazakhstan,National Average,RETAIL,Liter,liter,1.31
2007-03-01,1.32,Sunflower oil,Kazakhstan,National Average,RETAIL,Liter,liter,1.32
2007-04-01,1.34,Sunflower oil,Kazakhstan,National Average,RETAIL,Liter,liter,1.34
2007-05-01,1.36,Sunflower oil,Kazakhstan,National Average,RETAIL,Liter,liter,1.36
2007-06-01,1.35,Sunflower oil,Kazakhstan,National Average,RETAIL,Liter,liter,1.35
2007-07-01,1.36,Sunflower oil,Kazakhstan,National Average,RETAIL,Liter,liter,1.36
2007-08-01,1.35,Sunflower oil,Kazakhstan,National Average,RETAIL,Liter,liter,1.35
2007-09-01,1.49,Sunflower oil,Kazakhstan,National Average,RETAIL,Liter,liter,1.49
2007-10-01,2.26,Sunflower oil,Kazakhstan,National Average,RETAIL,Liter,liter,2.26
2007-11-01,2.73,Sunflower oil,Kazakhstan,National Average,RETAIL,Liter,liter,2.73
2007-12-01,2.71,Sunflower oil,Kazakhstan,National Average,RETAIL,Liter,liter,2.71
2008-01-01,2.68,Sunflower oil,Kazakhstan,National Average,RETAIL,Liter,liter,2.68
2008-02-01,2.63,Sunflower oil,Kazakhstan,National Average,RETAIL,Liter,liter,2.63
2008-03-01,2.59,Sunflower oil,Kazakhstan,National Average,RETAIL,Liter,liter,2.59
2008-04-01,2.62,Sunflower oil,Kazakhstan,National Average,RETAIL,Liter,liter,2.62
2008-05-01,2.7,Sunflower oil,Kazakhstan,National Average,RETAIL,Liter,liter,2.7
2008-06-01,2.78,Sunflower oil,Kazakhstan,National Average,RETAIL,Liter,liter,2.78
2008-07-01,2.83,Sunflower oil,Kazakhstan,National Average,RETAIL,Liter,liter,2.83
2008-08-01,2.87,Sunflower oil,Kazakhstan,National Average,RETAIL,Liter,liter,2.87
2008-09-01,2.88,Sunflower oil,Kazakhstan,National Average,RETAIL,Liter,liter,2.88
2008-10-01,2.85,Sunflower oil,Kazakhstan,National Average,RETAIL,Liter,liter,2.85
2008-11-01,2.77,Sunflower oil,Kazakhstan,National Average,RETAIL,Liter,liter,2.77
2008-12-01,2.5,Sunflower oil,Kazakhstan,National Average,RETAIL,Liter,liter,2.5
2009-01-01,2.21,Sunflower oil,Kazakhstan,National Average,RETAIL,Liter,liter,2.21
2009-02-01,1.75,Sunflower oil,Kazakhstan,National Average,RETAIL,Liter,liter,1.75
2009-03-01,1.61,Sunflower oil,Kazakhstan,National Average,RETAIL,Liter,liter,1.61
2009-04-01,1.53,Sunflower oil,Kazakhstan,National Average,RETAIL,Liter,liter,1.53
2009-05-01,1.47,Sunflower oil,Kazakhstan,National Average,RETAIL,Liter,liter,1.47
2009-06-01,1.44,Sunflower oil,Kazakhstan,National Average,RETAIL,Liter,liter,1.44
2009-07-01,1.43,Sunflower oil,Kazakhstan,National Average,RETAIL,Liter,liter,1.43
2009-08-01,1.43,Sunflower oil,Kazakhstan,National Average,RETAIL,Liter,liter,1.43
2009-09-01,1.43,Sunflower oil,Kazakhstan,National Average,RETAIL,Liter,liter,1.43
2009-10-01,1.45,Sunflower oil,Kazakhstan,National Average,RETAIL,Liter,liter,1.45
2009-11-01,1.46,Sunflower oil,Kazakhstan,National Average,RETAIL,Liter,liter,1.46
2009-12-01,1.51,Sunflower oil,Kazakhstan,National Average,RETAIL,Liter,liter,1.51
2010-01-01,1.52,Sunflower oil,Kazakhstan,National Average,RETAIL,Liter,liter,1.52
2010-02-01,1.53,Sunflower oil,Kazakhstan,National Average,RETAIL,Liter,liter,1.53
2010-03-01,1.58,Sunflower oil,Kazakhstan,National Average,RETAIL,Liter,liter,1.58
2010-04-01,1.58,Sunflower oil,Kazakhstan,National Average,RETAIL,Liter,liter,1.58
2010-05-01,1.58,Sunflower oil,Kazakhstan,National Average,RETAIL,Liter,liter,1.58
2010-06-01,1.58,Sunflower oil,Kazakhstan,National Average,RETAIL,Liter,liter,1.58
2010-07-01,1.58,Sunflower oil,Kazakhstan,National Average,RETAIL,Liter,liter,1.58
2010-08-01,1.58,Sunflower oil,Kazakhstan,National Average,RETAIL,Liter,liter,1.58
2010-09-01,1.65,Sunflower oil,Kazakhstan,National Average,RETAIL,Liter,liter,1.65
2010-10-01,1.75,Sunflower oil,Kazakhstan,National Average,RETAIL,Liter,liter,1.75
2010-11-01,1.84,Sunflower oil,Kazakhstan,National Average,RETAIL,Liter,liter,1.84
2010-12-01,1.92,Sunflower oil,Kazakhstan,National Average,RETAIL,Liter,liter,1.92
2011-01-01,2.02,Sunflower oil,Kazakhstan,National Average,RETAIL,Liter,liter,2.02
2011-02-01,2.1,Sunflower oil,Kazakhstan,National Average,RETAIL,Liter,liter,2.1
2011-03-01,2.16,Sunflower oil,Kazakhstan,National Average,RETAIL,Liter,liter,2.16
2011-04-01,2.19,Sunflower oil,Kazakhstan,National Average,RETAIL,Liter,liter,2.19
2011-05-01,2.2,Sunflower oil,Kazakhstan,National Average,RETAIL,Liter,liter,2.2
2011-06-01,2.2,Sunflower oil,Kazakhstan,National Average,RETAIL,Liter,liter,2.2
2011-07-01,2.21,Sunflower oil,Kazakhstan,National Average,RETAIL,Liter,liter,2.21
2011-08-01,2.19,Sunflower oil,Kazakhstan,National Average,RETAIL,Liter,liter,2.19
2011-09-01,2.19,Sunflower oil,Kazakhstan,National Average,RETAIL,Liter,liter,2.19
2011-10-01,2.19,Sunflower oil,Kazakhstan,National Average,RETAIL,Liter,liter,2.19
2011-11-01,2.18,Sunflower oil,Kazakhstan,National Average,RETAIL,Liter,liter,2.18
2011-12-01,2.17,Sunflower oil,Kazakhstan,National Average,RETAIL,Liter,liter,2.17
2012-01-01,2.12,Sunflower oil,Kazakhstan,National Average,RETAIL,Liter,liter,2.12
2012-02-01,2.08,Sunflower oil,Kazakhstan,National Average,RETAIL,Liter,liter,2.08
2012-03-01,2.07,Sunflower oil,Kazakhstan,National Average,RETAIL,Liter,liter,2.07
2012-04-01,2.02,Sunflower oil,Kazakhstan,National Average,RETAIL,Liter,liter,2.02
2012-05-01,1.99,Sunflower oil,Kazakhstan,National Average,RETAIL,Liter,liter,1.99
2012-06-01,1.95,Sunflower oil,Kazakhstan,National Average,RETAIL,Liter,liter,1.95
2012-07-01,1.93,Sunflower oil,Kazakhstan,National Average,RETAIL,Liter,liter,1.93
2012-08-01,1.93,Sunflower oil,Kazakhstan,National Average,RETAIL,Liter,liter,1.93
2012-09-01,1.94,Sunflower oil,Kazakhstan,National Average,RETAIL,Liter,liter,1.94
2012-10-01,1.97,Sunflower oil,Kazakhstan,National Average,RETAIL,Liter,liter,1.97
2012-11-01,2.01,Sunflower oil,Kazakhstan,National Average,RETAIL,Liter,liter,2.01
2012-12-01,2.03,Sunflower oil,Kazakhstan,National Average,RETAIL,Liter,liter,2.03
2013-01-01,2.06,Sunflower oil,Kazakhstan,National Average,RETAIL,Liter,liter,2.06
2013-02-01,2.08,Sunflower oil,Kazakhstan,National Average,RETAIL,Liter,liter,2.08
2013-03-01,2.07,Sunflower oil,Kazakhstan,National Average,RETAIL,Liter,liter,2.07
2013-04-01,2.05,Sunflower oil,Kazakhstan,National Average,RETAIL,Liter,liter,2.05
2013-05-01,2.05,Sunflower oil,Kazakhstan,National Average,RETAIL,Liter,liter,2.05
2013-06-01,2.02,Sunflower oil,Kazakhstan,National Average,RETAIL,Liter,liter,2.02
2013-07-01,2.01,Sunflower oil,Kazakhstan,National Average,RETAIL,Liter,liter,2.01
2013-08-01,1.99,Sunflower oil,Kazakhstan,National Average,RETAIL,Liter,liter,1.99
2013-09-01,1.98,Sunflower oil,Kazakhstan,National Average,RETAIL,Liter,liter,1.98
2013-10-01,1.96,Sunflower oil,Kazakhstan,National Average,RETAIL,Liter,liter,1.96
2013-11-01,1.94,Sunflower oil,Kazakhstan,National Average,RETAIL,Liter,liter,1.94
2013-12-01,1.91,Sunflower oil,Kazakhstan,National Average,RETAIL,Liter,liter,1.91
2014-01-01,1.88,Sunflower oil,Kazakhstan,National Average,RETAIL,Liter,liter,1.88
2014-02-01,1.68,Sunflower oil,Kazakhstan,National Average,RETAIL,Liter,liter,1.68
2014-03-01,1.6,Sunflower oil,Kazakhstan,National Average,RETAIL,Liter,liter,1.6
2014-04-01,1.59,Sunflower oil,Kazakhstan,National Average,RETAIL,Liter,liter,1.59
2014-05-01,1.58,Sunflower oil,Kazakhstan,National Average,RETAIL,Liter,liter,1.58
2014-06-01,1.56,Sunflower oil,Kazakhstan,National Average,RETAIL,Liter,liter,1.56
2014-07-01,1.56,Sunflower oil,Kazakhstan,National Average,RETAIL,Liter,liter,1.56
2014-08-01,1.56,Sunflower oil,Kazakhstan,National Average,RETAIL,Liter,liter,1.56
2014-09-01,1.56,Sunflower oil,Kazakhstan,National Average,RETAIL,Liter,liter,1.56
2014-10-01,1.56,Sunflower oil,Kazakhstan,National Average,RETAIL,Liter,liter,1.56
2014-11-01,1.58,Sunflower oil,Kazakhstan,National Average,RETAIL,Liter,liter,1.58
2014-12-01,1.58,Sunflower oil,Kazakhstan,National Average,RETAIL,Liter,liter,1.58
2015-01-01,1.6,Sunflower oil,Kazakhstan,National Average,RETAIL,Liter,liter,1.6
2015-02-01,1.59,Sunflower oil,Kazakhstan,National Average,RETAIL,Liter,liter,1.59
2015-03-01,1.56,Sunflower oil,Kazakhstan,National Average,RETAIL,Liter,liter,1.56
2015-04-01,1.54,Sunflower oil,Kazakhstan,National Average,RETAIL,Liter,liter,1.54
2015-05-01,1.53,Sunflower oil,Kazakhstan,National Average,RETAIL,Liter,liter,1.53
2015-06-01,1.52,Sunflower oil,Kazakhstan,National Average,RETAIL,Liter,liter,1.52
2015-07-01,1.51,Sunflower oil,Kazakhstan,National Average,RETAIL,Liter,liter,1.51
2015-08-01,1.39,Sunflower oil,Kazakhstan,National Average,RETAIL,Liter,liter,1.39
2015-09-01,1.11,Sunflower oil,Kazakhstan,National Average,RETAIL,Liter,liter,1.11
2015-10-01,1.19,Sunflower oil,Kazakhstan,National Average,RETAIL,Liter,liter,1.19
2015-11-01,1.27,Sunflower oil,Kazakhstan,National Average,RETAIL,Liter,liter,1.27
2015-12-01,1.22,Sunflower oil,Kazakhstan,National Average,RETAIL,Liter,liter,1.22
2016-01-01,1.11,Sunflower oil,Kazakhstan,National Average,RETAIL,Liter,liter,1.11
2016-02-01,1.16,Sunflower oil,Kazakhstan,National Average,RETAIL,Liter,liter,1.16
2016-03-01,1.22,Sunflower oil,Kazakhstan,National Average,RETAIL,Liter,liter,1.22
2016-04-01,1.27,Sunflower oil,Kazakhstan,National Average,RETAIL,Liter,liter,1.27
2016-05-01,1.29,Sunflower oil,Kazakhstan,National Average,RETAIL,Liter,liter,1.29
2016-06-01,1.28,Sunflower oil,Kazakhstan,National Average,RETAIL,Liter,liter,1.28
2016-07-01,1.26,Sunflower oil,Kazakhstan,National Average,RETAIL,Liter,liter,1.26
2016-08-01,1.26,Sunflower oil,Kazakhstan,National Average,RETAIL,Liter,liter,1.26
2016-09-01,1.32,Sunflower oil,Kazakhstan,National Average,RETAIL,Liter,liter,1.32
2016-10-01,1.35,Sunflower oil,Kazakhstan,National Average,RETAIL,Liter,liter,1.35
2016-11-01,1.32,Sunflower oil,Kazakhstan,National Average,RETAIL,Liter,liter,1.32
2016-12-01,1.34,Sunflower oil,Kazakhstan,National Average,RETAIL,Liter,liter,1.34
2017-01-01,1.34,Sunflower oil,Kazakhstan,National Average,RETAIL,Liter,liter,1.34
2017-02-01,1.37,Sunflower oil,Kazakhstan,National Average,RETAIL,Liter,liter,1.37
2017-03-01,1.37,Sunflower oil,Kazakhstan,National Average,RETAIL,Liter,liter,1.37
2017-04-01,1.36,Sunflower oil,Kazakhstan,National Average,RETAIL,Liter,liter,1.36
2017-05-01,1.34,Sunflower oil,Kazakhstan,National Average,RETAIL,Liter,liter,1.34
2017-06-01,1.3,Sunflower oil,Kazakhstan,National Average,RETAIL,Liter,liter,1.3
2017-07-01,1.24,Sunflower oil,Kazakhstan,National Average,RETAIL,Liter,liter,1.24
2017-08-01,1.2,Sunflower oil,Kazakhstan,National Average,RETAIL,Liter,liter,1.2
2017-09-01,1.18,Sunflower oil,Kazakhstan,National Average,RETAIL,Liter,liter,1.18
2017-10-01,1.19,Sunflower oil,Kazakhstan,National Average,RETAIL,Liter,liter,1.19
2017-11-01,1.21,Sunflower oil,Kazakhstan,National Average,RETAIL,Liter,liter,1.21
2017-12-01,1.2,Sunflower oil,Kazakhstan,National Average,RETAIL,Liter,liter,1.2
2018-01-01,1.22,Sunflower oil,Kazakhstan,National Average,RETAIL,Liter,liter,1.22
2018-02-01,1.24,Sunflower oil,Kazakhstan,National Average,RETAIL,Liter,liter,1.24
2018-03-01,1.25,Sunflower oil,Kazakhstan,National Average,RETAIL,Liter,liter,1.25
2018-04-01,1.23,Sunflower oil,Kazakhstan,National Average,RETAIL,Liter,liter,1.23
2018-05-01,1.22,Sunflower oil,Kazakhstan,National Average,RETAIL,Liter,liter,1.22
2018-06-01,1.19,Sunflower oil,Kazakhstan,National Average,RETAIL,Liter,liter,1.19
2018-07-01,1.16,Sunflower oil,Kazakhstan,National Average,RETAIL,Liter,liter,1.16
2018-08-01,1.13,Sunflower oil,Kazakhstan,National Average,RETAIL,Liter,liter,1.13
2018-09-01,1.12,Sunflower oil,Kazakhstan,National Average,RETAIL,Liter,liter,1.12
2018-10-01,1.15,Sunflower oil,Kazakhstan,National Average,RETAIL,Liter,liter,1.15
2018-11-01,1.15,Sunflower oil,Kazakhstan,National Average,RETAIL,Liter,liter,1.15
2018-12-01,1.15,Sunflower oil,Kazakhstan,National Average,RETAIL,Liter,liter,1.15
2019-01-01,1.14,Sunflower oil,Kazakhstan,National Average,RETAIL,Liter,liter,1.14
2019-02-01,1.15,Sunflower oil,Kazakhstan,National Average,RETAIL,Liter,liter,1.15
2019-03-01,1.15,Sunflower oil,Kazakhstan,National Average,RETAIL,Liter,liter,1.15
2019-04-01,1.14,Sunflower oil,Kazakhstan,National Average,RETAIL,Liter,liter,1.14
2019-05-01,1.14,Sunflower oil,Kazakhstan,National Average,RETAIL,Liter,liter,1.14
2019-06-01,1.14,Sunflower oil,Kazakhstan,National Average,RETAIL,Liter,liter,1.14
2019-07-01,1.13,Sunflower oil,Kazakhstan,National Average,RETAIL,Liter,liter,1.13
2019-08-01,1.12,Sunflower oil,Kazakhstan,National Average,RETAIL,Liter,liter,1.12
2019-09-01,1.12,Sunflower oil,Kazakhstan,National Average,RETAIL,Liter,liter,1.12
2019-10-01,1.12,Sunflower oil,Kazakhstan,National Average,RETAIL,Liter,liter,1.12
2019-11-01,1.12,Sunflower oil,Kazakhstan,National Average,RETAIL,Liter,liter,1.12
2019-12-01,1.13,Sunflower oil,Kazakhstan,National Average,RETAIL,Liter,liter,1.13
2020-01-01,1.14,Sunflower oil,Kazakhstan,National Average,RETAIL,Liter,liter,1.14
2020-02-01,1.15,Sunflower oil,Kazakhstan,National Average,RETAIL,Liter,liter,1.15
2020-03-01,1.05,Sunflower oil,Kazakhstan,National Average,RETAIL,Liter,liter,1.05
2020-04-01,1.0,Sunflower oil,Kazakhstan,National Average,RETAIL,Liter,liter,1.0
2020-05-01,1.04,Sunflower oil,Kazakhstan,National Average,RETAIL,Liter,liter,1.04
2020-06-01,1.09,Sunflower oil,Kazakhstan,National Average,RETAIL,Liter,liter,1.09
2020-07-01,1.06,Sunflower oil,Kazakhstan,National Average,RETAIL,Liter,liter,1.06
2020-08-01,1.07,Sunflower oil,Kazakhstan,National Average,RETAIL,Liter,liter,1.07
2020-09-01,1.07,Sunflower oil,Kazakhstan,National Average,RETAIL,Liter,liter,1.07
2020-10-01,1.11,Sunflower oil,Kazakhstan,National Average,RETAIL,Liter,liter,1.11
2020-11-01,1.24,Sunflower oil,Kazakhstan,National Average,RETAIL,Liter,liter,1.24
2020-12-01,1.37,Sunflower oil,Kazakhstan,National Average,RETAIL,Liter,liter,1.37
2021-01-01,1.45,Sunflower oil,Kazakhstan,National Average,RETAIL,Liter,liter,1.45
2021-02-01,1.49,Sunflower oil,Kazakhstan,National Average,RETAIL,Liter,liter,1.49
2021-03-01,1.52,Sunflower oil,Kazakhstan,National Average,RETAIL,Liter,liter,1.52
2021-04-01,1.52,Sunflower oil,Kazakhstan,National Average,RETAIL,Liter,liter,1.52
2021-05-01,1.58,Sunflower oil,Kazakhstan,National Average,RETAIL,Liter,liter,1.58
2021-06-01,1.67,Sunflower oil,Kazakhstan,National Average,RETAIL,Liter,liter,1.67
2021-07-01,1.73,Sunflower oil,Kazakhstan,National Average,RETAIL,Liter,liter,1.73
2021-08-01,1.79,Sunflower oil,Kazakhstan,National Average,RETAIL,Liter,liter,1.79
2021-09-01,1.8,Sunflower oil,Kazakhstan,National Average,RETAIL,Liter,liter,1.8
2021-10-01,1.8,Sunflower oil,Kazakhstan,National Average,RETAIL,Liter,liter,1.8
2021-11-01,1.78,Sunflower oil,Kazakhstan,National Average,RETAIL,Liter,liter,1.78
2021-12-01,1.77,Sunflower oil,Kazakhstan,National Average,RETAIL,Liter,liter,1.77
2022-01-01,1.77,Sunflower oil,Kazakhstan,National Average,RETAIL,Liter,liter,1.77
2022-02-01,1.77,Sunflower oil,Kazakhstan,National Average,RETAIL,Liter,liter,1.77
2022-03-01,1.58,Sunflower oil,Kazakhstan,National Average,RETAIL,Liter,liter,1.58
2022-04-01,1.77,Sunflower oil,Kazakhstan,National Average,RETAIL,Liter,liter,1.77
2022-05-01,1.88,Sunflower oil,Kazakhstan,National Average,RETAIL,Liter,liter,1.88
2022-06-01,1.87,Sunflower oil,Kazakhstan,National Average,RETAIL,Liter,liter,1.87
2022-07-01,1.75,Sunflower oil,Kazakhstan,National Average,RETAIL,Liter,liter,1.75
2022-08-01,1.79,Sunflower oil,Kazakhstan,National Average,RETAIL,Liter,liter,1.79
2022-09-01,1.87,Sunflower oil,Kazakhstan,National Average,RETAIL,Liter,liter,1.87
2022-10-01,1.91,Sunflower oil,Kazakhstan,National Average,RETAIL,Liter,liter,1.91
2022-11-01,1.96,Sunflower oil,Kazakhstan,National Average,RETAIL,Liter,liter,1.96
2022-12-01,1.95,Sunflower oil,Kazakhstan,National Average,RETAIL,Liter,liter,1.95
2023-01-01,1.96,Sunflower oil,Kazakhstan,National Average,RETAIL,Liter,liter,1.96
2023-02-01,2.0,Sunflower oil,Kazakhstan,National Average,RETAIL,Liter,liter,2.0
2023-03-01,1.98,Sunflower oil,Kazakhstan,National Average,RETAIL,Liter,liter,1.98
2023-04-01,1.97,Sunflower oil,Kazakhstan,National Average,RETAIL,Liter,liter,1.97
2023-05-01,1.9,Sunflower oil,Kazakhstan,National Average,RETAIL,Liter,liter,1.9
2023-06-01,1.81,Sunflower oil,Kazakhstan,National Average,RETAIL,Liter,liter,1.81
2023-07-01,1.78,Sunflower oil,Kazakhstan,National Average,RETAIL,Liter,liter,1.78
2023-08-01,1.71,Sunflower oil,Kazakhstan,National Average,RETAIL,Liter,liter,1.71
2023-09-01,1.62,Sunflower oil,Kazakhstan,National Average,RETAIL,Liter,liter,1.62
2023-10-01,1.57,Sunflower oil,Kazakhstan,National Average,RETAIL,Liter,liter,1.57
2023-11-01,1.61,Sunflower oil,Kazakhstan,National Average,RETAIL,Liter,liter,1.61
2023-12-01,1.61,Sunflower oil,Kazakhstan,National Average,RETAIL,Liter,liter,1.61
2024-01-01,1.6,Sunflower oil,Kazakhstan,National Average,RETAIL,Liter,liter,1.6
2024-02-01,1.58,Sunflower oil,Kazakhstan,National Average,RETAIL,Liter,liter,1.58
2024-03-01,1.49,Sunflower oil,Kazakhstan,National Average,RETAIL,Liter,liter,1.49
2024-04-01,1.45,Sunflower oil,Kazakhstan,National Average,RETAIL,Liter,liter,1.45
2024-05-01,1.43,Sunflower oil,Kazakhstan,National Average,RETAIL,Liter,liter,1.43
2024-06-01,1.38,Sunflower oil,Kazakhstan,National Average,RETAIL,Liter,liter,1.38
2024-07-01,1.31,Sunflower oil,Kazakhstan,National Average,RETAIL,Liter,liter,1.31
2024-08-01,1.33,Sunflower oil,Kazakhstan,National Average,RETAIL,Liter,liter,1.33
2024-09-01,1.38,Sunflower oil,Kazakhstan,National Average,RETAIL,Liter,liter,1.38
2024-10-01,1.4,Sunflower oil,Kazakhstan,National Average,RETAIL,Liter,liter,1.4
2024-11-01,1.43,Sunflower oil,Kazakhstan,National Average,RETAIL,Liter,liter,1.43
2024-12-01,1.4,Sunflower oil,Kazakhstan,National Average,RETAIL,Liter,liter,1.4
2025-01-01,1.45,Sunflower oil,Kazakhstan,National Average,RETAIL,Liter,liter,1.45
2025-02-01,1.55,Sunflower oil,Kazakhstan,National Average,RETAIL,Liter,liter,1.55
2025-03-01,1.58,Sunflower oil,Kazakhstan,National Average,RETAIL,Liter,liter,1.58
2025-04-01,1.53,Sunflower oil,Kazakhstan,National Average,RETAIL,Liter,liter,1.53
2025-05-01,1.55,Sunflower oil,Kazakhstan,National Average,RETAIL,Liter,liter,1.55
2025-06-01,1.56,Sunflower oil,Kazakhstan,National Average,RETAIL,Liter,liter,1.56
2025-07-01,1.56,Sunflower oil,Kazakhstan,National Average,RETAIL,Liter,liter,1.56
2025-08-01,1.55,Sunflower oil,Kazakhstan,National Average,RETAIL,Liter,liter,1.55
2025-09-01,1.56,Sunflower oil,Kazakhstan,National Average,RETAIL,Liter,liter,1.56
2025-10-01,1.58,Sunflower oil,Kazakhstan,National Average,RETAIL,Liter,liter,1.58
2009-01-01,2.25,Sunflower oil,Kazakhstan,National Average,WHOLESALE,Liter,liter,2.25
2009-02-01,1.87,Sunflower oil,Kazakhstan,National Average,WHOLESALE,Liter,liter,1.87
2009-03-01,1.78,Sunflower oil,Kazakhstan,National Average,WHOLESALE,Liter,liter,1.78
2009-04-01,1.61,Sunflower oil,Kazakhstan,National Average,WHOLESALE,Liter,liter,1.61
2009-05-01,1.61,Sunflower oil,Kazakhstan,National Average,WHOLESALE,Liter,liter,1.61
2009-06-01,1.6,Sunflower oil,Kazakhstan,National Average,WHOLESALE,Liter,liter,1.6
2009-07-01,1.61,Sunflower oil,Kazakhstan,National Average,WHOLESALE,Liter,liter,1.61
2009-08-01,1.58,Sunflower oil,Kazakhstan,National Average,WHOLESALE,Liter,liter,1.58
2009-09-01,1.58,Sunflower oil,Kazakhstan,National Average,WHOLESALE,Liter,liter,1.58
2009-10-01,1.6,Sunflower oil,Kazakhstan,National Average,WHOLESALE,Liter,liter,1.6
2009-11-01,1.62,Sunflower oil,Kazakhstan,National Average,WHOLESALE,Liter,liter,1.62
2009-12-01,1.64,Sunflower oil,Kazakhstan,National Average,WHOLESALE,Liter,liter,1.64
2010-01-01,1.43,Sunflower oil,Kazakhstan,National Average,WHOLESALE,Liter,liter,1.43
2010-02-01,,Sunflower oil,Kazakhstan,National Average,WHOLESALE,Liter,liter,
2010-03-01,1.44,Sunflower oil,Kazakhstan,National Average,WHOLESALE,Liter,liter,1.44
2010-04-01,1.44,Sunflower oil,Kazakhstan,National Average,WHOLESALE,Liter,liter,1.44
2010-05-01,1.44,Sunflower oil,Kazakhstan,National Average,WHOLESALE,Liter,liter,1.44
2010-06-01,1.44,Sunflower oil,Kazakhstan,National Average,WHOLESALE,Liter,liter,1.44
2010-07-01,1.44,Sunflower oil,Kazakhstan,National Average,WHOLESALE,Liter,liter,1.44
2010-08-01,1.44,Sunflower oil,Kazakhstan,National Average,WHOLESALE,Liter,liter,1.44
2010-09-01,1.45,Sunflower oil,Kazakhstan,National Average,WHOLESALE,Liter,liter,1.45
2010-10-01,1.49,Sunflower oil,Kazakhstan,National Average,WHOLESALE,Liter,liter,1.49
2010-11-01,1.61,Sunflower oil,Kazakhstan,National Average,WHOLESALE,Liter,liter,1.61
2010-12-01,1.71,Sunflower oil,Kazakhstan,National Average,WHOLESALE,Liter,liter,1.71
2011-01-01,1.86,Sunflower oil,Kazakhstan,National Average,WHOLESALE,Liter,liter,1.86
2011-02-01,1.92,Sunflower oil,Kazakhstan,National Average,WHOLESALE,Liter,liter,1.92
2011-03-01,1.95,Sunflower oil,Kazakhstan,National Average,WHOLESALE,Liter,liter,1.95
2011-04-01,1.98,Sunflower oil,Kazakhstan,National Average,WHOLESALE,Liter,liter,1.98
2011-05-01,1.99,Sunflower oil,Kazakhstan,National Average,WHOLESALE,Liter,liter,1.99
2011-06-01,2.0,Sunflower oil,Kazakhstan,National Average,WHOLESALE,Liter,liter,2.0
2011-07-01,2.0,Sunflower oil,Kazakhstan,National Average,WHOLESALE,Liter,liter,2.0
2011-08-01,1.99,Sunflower oil,Kazakhstan,National Average,WHOLESALE,Liter,liter,1.99
2011-09-01,1.98,Sunflower oil,Kazakhstan,National Average,WHOLESALE,Liter,liter,1.98
2011-10-01,1.96,Sunflower oil,Kazakhstan,National Average,WHOLESALE,Liter,liter,1.96
2011-11-01,1.92,Sunflower oil,Kazakhstan,National Average,WHOLESALE,Liter,liter,1.92
2011-12-01,1.89,Sunflower oil,Kazakhstan,National Average,WHOLESALE,Liter,liter,1.89
2012-01-01,1.85,Sunflower oil,Kazakhstan,National Average,WHOLESALE,Liter,liter,1.85
2012-02-01,1.83,Sunflower oil,Kazakhstan,National Average,WHOLESALE,Liter,liter,1.83
2012-03-01,1.8,Sunflower oil,Kazakhstan,National Average,WHOLESALE,Liter,liter,1.8
2012-04-01,1.75,Sunflower oil,Kazakhstan,National Average,WHOLESALE,Liter,liter,1.75
2012-05-01,1.75,Sunflower oil,Kazakhstan,National Average,WHOLESALE,Liter,liter,1.75
2012-06-01,1.75,Sunflower oil,Kazakhstan,National Average,WHOLESALE,Liter,liter,1.75
2012-07-01,1.75,Sunflower oil,Kazakhstan,National Average,WHOLESALE,Liter,liter,1.75
2012-08-01,1.77,Sunflower oil,Kazakhstan,National Average,WHOLESALE,Liter,liter,1.77
2012-09-01,1.83,Sunflower oil,Kazakhstan,National Average,WHOLESALE,Liter,liter,1.83
2012-10-01,1.84,Sunflower oil,Kazakhstan,National Average,WHOLESALE,Liter,liter,1.84
2012-11-01,1.86,Sunflower oil,Kazakhstan,National Average,WHOLESALE,Liter,liter,1.86
2012-12-01,1.86,Sunflower oil,Kazakhstan,National Average,WHOLESALE,Liter,liter,1.86
2013-01-01,1.81,Sunflower oil,Kazakhstan,National Average,WHOLESALE,Liter,liter,1.81
2013-02-01,1.8,Sunflower oil,Kazakhstan,National Average,WHOLESALE,Liter,liter,1.8
2013-03-01,1.79,Sunflower oil,Kazakhstan,National Average,WHOLESALE,Liter,liter,1.79
2013-04-01,1.78,Sunflower oil,Kazakhstan,National Average,WHOLESALE,Liter,liter,1.78
2013-05-01,1.75,Sunflower oil,Kazakhstan,National Average,WHOLESALE,Liter,liter,1.75
2013-06-01,1.74,Sunflower oil,Kazakhstan,National Average,WHOLESALE,Liter,liter,1.74
2013-07-01,1.76,Sunflower oil,Kazakhstan,National Average,WHOLESALE,Liter,liter,1.76
2013-08-01,1.75,Sunflower oil,Kazakhstan,National Average,WHOLESALE,Liter,liter,1.75
2013-09-01,1.73,Sunflower oil,Kazakhstan,National Average,WHOLESALE,Liter,liter,1.73
2013-10-01,1.72,Sunflower oil,Kazakhstan,National Average,WHOLESALE,Liter,liter,1.72
2013-11-01,1.69,Sunflower oil,Kazakhstan,National Average,WHOLESALE,Liter,liter,1.69
2013-12-01,1.67,Sunflower oil,Kazakhstan,National Average,WHOLESALE,Liter,liter,1.67
2014-01-01,1.71,Sunflower oil,Kazakhstan,National Average,WHOLESALE,Liter,liter,1.71
2014-02-01,1.53,Sunflower oil,Kazakhstan,National Average,WHOLESALE,Liter,liter,1.53
2014-03-01,1.43,Sunflower oil,Kazakhstan,National Average,WHOLESALE,Liter,liter,1.43
2014-04-01,1.43,Sunflower oil,Kazakhstan,National Average,WHOLESALE,Liter,liter,1.43
2014-05-01,1.42,Sunflower oil,Kazakhstan,National Average,WHOLESALE,Liter,liter,1.42
2014-06-01,1.41,Sunflower oil,Kazakhstan,National Average,WHOLESALE,Liter,liter,1.41
2014-07-01,1.41,Sunflower oil,Kazakhstan,National Average,WHOLESALE,Liter,liter,1.41
2014-08-01,1.43,Sunflower oil,Kazakhstan,National Average,WHOLESALE,Liter,liter,1.43
2014-09-01,1.43,Sunflower oil,Kazakhstan,National Average,WHOLESALE,Liter,liter,1.43
2014-10-01,1.44,Sunflower oil,Kazakhstan,National Average,WHOLESALE,Liter,liter,1.44
2014-11-01,1.46,Sunflower oil,Kazakhstan,National Average,WHOLESALE,Liter,liter,1.46
2014-12-01,1.48,Sunflower oil,Kazakhstan,National Average,WHOLESALE,Liter,liter,1.48
2015-01-01,1.42,Sunflower oil,Kazakhstan,National Average,WHOLESALE,Liter,liter,1.42
2015-02-01,1.37,Sunflower oil,Kazakhstan,National Average,WHOLESALE,Liter,liter,1.37
2015-03-01,1.36,Sunflower oil,Kazakhstan,National Average,WHOLESALE,Liter,liter,1.36
2015-04-01,1.35,Sunflower oil,Kazakhstan,National Average,WHOLESALE,Liter,liter,1.35
2015-05-01,1.33,Sunflower oil,Kazakhstan,National Average,WHOLESALE,Liter,liter,1.33
2015-06-01,1.32,Sunflower oil,Kazakhstan,National Average,WHOLESALE,Liter,liter,1.32
2015-07-01,1.31,Sunflower oil,Kazakhstan,National Average,WHOLESALE,Liter,liter,1.31
2015-08-01,1.21,Sunflower oil,Kazakhstan,National Average,WHOLESALE,Liter,liter,1.21
2015-09-01,0.97,Sunflower oil,Kazakhstan,National Average,WHOLESALE,Liter,liter,0.97
2015-10-01,1.07,Sunflower oil,Kazakhstan,National Average,WHOLESALE,Liter,liter,1.07
2015-11-01,1.05,Sunflower oil,Kazakhstan,National Average,WHOLESALE,Liter,liter,1.05
2015-12-01,1.01,Sunflower oil,Kazakhstan,National Average,WHOLESALE,Liter,liter,1.01
2016-01-01,0.96,Sunflower oil,Kazakhstan,National Average,WHOLESALE,Liter,liter,0.96
2016-02-01,1.02,Sunflower oil,Kazakhstan,National Average,WHOLESALE,Liter,liter,1.02
2016-03-01,1.07,Sunflower oil,Kazakhstan,National Average,WHOLESALE,Liter,liter,1.07
2016-04-01,1.09,Sunflower oil,Kazakhstan,National Average,WHOLESALE,Liter,liter,1.09
2016-05-01,1.11,Sunflower oil,Kazakhstan,National Average,WHOLESALE,Liter,liter,1.11
2016-06-01,1.1,Sunflower oil,Kazakhstan,National Average,WHOLESALE,Liter,liter,1.1
2016-07-01,1.09,Sunflower oil,Kazakhstan,National Average,WHOLESALE,Liter,liter,1.09
2016-08-01,1.1,Sunflower oil,Kazakhstan,National Average,WHOLESALE,Liter,liter,1.1
2016-09-01,1.14,Sunflower oil,Kazakhstan,National Average,WHOLESALE,Liter,liter,1.14
2016-10-01,1.15,Sunflower oil,Kazakhstan,National Average,WHOLESALE,Liter,liter,1.15
2016-11-01,1.12,Sunflower oil,Kazakhstan,National Average,WHOLESALE,Liter,liter,1.12
2016-12-01,1.14,Sunflower oil,Kazakhstan,National Average,WHOLESALE,Liter,liter,1.14
2017-01-01,1.19,Sunflower oil,Kazakhstan,National Average,WHOLESALE,Liter,liter,1.19
2017-02-01,1.21,Sunflower oil,Kazakhstan,National Average,WHOLESALE,Liter,liter,1.21
2017-03-01,1.21,Sunflower oil,Kazakhstan,National Average,WHOLESALE,Liter,liter,1.21
2017-04-01,1.2,Sunflower oil,Kazakhstan,National Average,WHOLESALE,Liter,liter,1.2
2017-05-01,1.18,Sunflower oil,Kazakhstan,National Average,WHOLESALE,Liter,liter,1.18
2017-06-01,1.16,Sunflower oil,Kazakhstan,National Average,WHOLESALE,Liter,liter,1.16
2017-07-01,1.13,Sunflower oil,Kazakhstan,National Average,WHOLESALE,Liter,liter,1.13
2017-08-01,1.1,Sunflower oil,Kazakhstan,National Average,WHOLESALE,Liter,liter,1.1
2017-09-01,1.08,Sunflower oil,Kazakhstan,National Average,WHOLESALE,Liter,liter,1.08
2017-10-01,1.09,Sunflower oil,Kazakhstan,National Average,WHOLESALE,Liter,liter,1.09
2017-11-01,1.11,Sunflower oil,Kazakhstan,National Average,WHOLESALE,Liter,liter,1.11
2017-12-01,1.1,Sunflower oil,Kazakhstan,National Average,WHOLESALE,Liter,liter,1.1
2018-01-01,1.12,Sunflower oil,Kazakhstan,National Average,WHOLESALE,Liter,liter,1.12
2018-02-01,1.13,Sunflower oil,Kazakhstan,National Average,WHOLESALE,Liter,liter,1.13
2018-03-01,1.14,Sunflower oil,Kazakhstan,National Average,WHOLESALE,Liter,liter,1.14
2018-04-01,1.13,Sunflower oil,Kazakhstan,National Average,WHOLESALE,Liter,liter,1.13
2018-05-01,1.12,Sunflower oil,Kazakhstan,National Average,WHOLESALE,Liter,liter,1.12
2018-06-01,1.1,Sunflower oil,Kazakhstan,National Average,WHOLESALE,Liter,liter,1.1
2018-07-01,1.08,Sunflower oil,Kazakhstan,National Average,WHOLESALE,Liter,liter,1.08
2018-08-01,1.06,Sunflower oil,Kazakhstan,National Average,WHOLESALE,Liter,liter,1.06
2018-09-01,1.04,Sunflower oil,Kazakhstan,National Average,WHOLESALE,Liter,liter,1.04
2018-10-01,1.05,Sunflower oil,Kazakhstan,National Average,WHOLESALE,Liter,liter,1.05
2018-11-01,1.04,Sunflower oil,Kazakhstan,National Average,WHOLESALE,Liter,liter,1.04
2018-12-01,1.04,Sunflower oil,Kazakhstan,National Average,WHOLESALE,Liter,liter,1.04
2019-01-01,1.02,Sunflower oil,Kazakhstan,National Average,WHOLESALE,Liter,liter,1.02
2019-02-01,1.05,Sunflower oil,Kazakhstan,National Average,WHOLESALE,Liter,liter,1.05
2019-03-01,1.06,Sunflower oil,Kazakhstan,National Average,WHOLESALE,Liter,liter,1.06
2019-04-01,1.06,Sunflower oil,Kazakhstan,National Average,WHOLESALE,Liter,liter,1.06
2019-05-01,1.06,Sunflower oil,Kazakhstan,National Average,WHOLESALE,Liter,liter,1.06
2019-06-01,1.05,Sunflower oil,Kazakhstan,National Average,WHOLESALE,Liter,liter,1.05
2019-07-01,1.05,Sunflower oil,Kazakhstan,National Average,WHOLESALE,Liter,liter,1.05
2019-08-01,1.04,Sunflower oil,Kazakhstan,National Average,WHOLESALE,Liter,liter,1.04
2019-09-01,1.04,Sunflower oil,Kazakhstan,National Average,WHOLESALE,Liter,liter,1.04
2019-10-01,1.04,Sunflower oil,Kazakhstan,National Average,WHOLESALE,Liter,liter,1.04
2019-11-01,1.04,Sunflower oil,Kazakhstan,National Average,WHOLESALE,Liter,liter,1.04
2019-12-01,1.05,Sunflower oil,Kazakhstan,National Average,WHOLESALE,Liter,liter,1.05
2020-01-01,1.08,Sunflower oil,Kazakhstan,National Average,WHOLESALE,Liter,liter,1.08
2020-02-01,1.08,Sunflower oil,Kazakhstan,National Average,WHOLESALE,Liter,liter,1.08
2020-03-01,0.99,Sunflower oil,Kazakhstan,National Average,WHOLESALE,Liter,liter,0.99
2020-04-01,0.94,Sunflower oil,Kazakhstan,National Average,WHOLESALE,Liter,liter,0.94
2020-05-01,0.98,Sunflower oil,Kazakhstan,National Average,WHOLESALE,Liter,liter,0.98
2020-06-01,1.02,Sunflower oil,Kazakhstan,National Average,WHOLESALE,Liter,liter,1.02
2020-07-01,1.0,Sunflower oil,Kazakhstan,National Average,WHOLESALE,Liter,liter,1.0
2020-08-01,1.01,Sunflower oil,Kazakhstan,National Average,WHOLESALE,Liter,liter,1.01
2020-09-01,1.0,Sunflower oil,Kazakhstan,National Average,WHOLESALE,Liter,liter,1.0
2020-10-01,1.05,Sunflower oil,Kazakhstan,National Average,WHOLESALE,Liter,liter,1.05
2020-11-01,1.18,Sunflower oil,Kazakhstan,National Average,WHOLESALE,Liter,liter,1.18
2020-12-01,1.26,Sunflower oil,Kazakhstan,National Average,WHOLESALE,Liter,liter,1.26
2021-01-01,1.44,Sunflower oil,Kazakhstan,National Average,WHOLESALE,Liter,liter,1.44
2021-02-01,1.47,Sunflower oil,Kazakhstan,National Average,WHOLESALE,Liter,liter,1.47
2021-03-01,1.48,Sunflower oil,Kazakhstan,National Average,WHOLESALE,Liter,liter,1.48
2021-04-01,1.46,Sunflower oil,Kazakhstan,National Average,WHOLESALE,Liter,liter,1.46
2021-05-01,1.56,Sunflower oil,Kazakhstan,National Average,WHOLESALE,Liter,liter,1.56
2021-06-01,1.58,Sunflower oil,Kazakhstan,National Average,WHOLESALE,Liter,liter,1.58
2021-07-01,1.59,Sunflower oil,Kazakhstan,National Average,WHOLESALE,Liter,liter,1.59
2021-08-01,1.6,Sunflower oil,Kazakhstan,National Average,WHOLESALE,Liter,liter,1.6
2021-09-01,1.6,Sunflower oil,Kazakhstan,National Average,WHOLESALE,Liter,liter,1.6
2021-10-01,1.59,Sunflower oil,Kazakhstan,National Average,WHOLESALE,Liter,liter,1.59
2021-11-01,1.57,Sunflower oil,Kazakhstan,National Average,WHOLESALE,Liter,liter,1.57
2021-12-01,1.56,Sunflower oil,Kazakhstan,National Average,WHOLESALE,Liter,liter,1.56
2022-01-01,1.71,Sunflower oil,Kazakhstan,National Average,WHOLESALE,Liter,liter,1.71
2022-02-01,1.71,Sunflower oil,Kazakhstan,National Average,WHOLESALE,Liter,liter,1.71
2022-03-01,1.49,Sunflower oil,Kazakhstan,National Average,WHOLESALE,Liter,liter,1.49
2022-04-01,1.63,Sunflower oil,Kazakhstan,National Average,WHOLESALE,Liter,liter,1.63
2022-05-01,1.72,Sunflower oil,Kazakhstan,National Average,WHOLESALE,Liter,liter,1.72
2022-06-01,1.86,Sunflower oil,Kazakhstan,National Average,WHOLESALE,Liter,liter,1.86
2022-07-01,1.76,Sunflower oil,Kazakhstan,National Average,WHOLESALE,Liter,liter,1.76
2022-08-01,1.77,Sunflower oil,Kazakhstan,National Average,WHOLESALE,Liter,liter,1.77
2022-09-01,1.86,Sunflower oil,Kazakhstan,National Average,WHOLESALE,Liter,liter,1.86
2022-10-01,1.87,Sunflower oil,Kazakhstan,National Average,WHOLESALE,Liter,liter,1.87
2022-11-01,1.87,Sunflower oil,Kazakhstan,National Average,WHOLESALE,Liter,liter,1.87
2022-12-01,1.78,Sunflower oil,Kazakhstan,National Average,WHOLESALE,Liter,liter,1.78
2023-01-01,1.87,Sunflower oil,Kazakhstan,National Average,WHOLESALE,Liter,liter,1.87
2023-02-01,1.87,Sunflower oil,Kazakhstan,National Average,WHOLESALE,Liter,liter,1.87
2023-03-01,1.87,Sunflower oil,Kazakhstan,National Average,WHOLESALE,Liter,liter,1.87
2023-04-01,1.87,Sunflower oil,Kazakhstan,National Average,WHOLESALE,Liter,liter,1.87
2023-05-01,1.87,Sunflower oil,Kazakhstan,National Average,WHOLESALE,Liter,liter,1.87
2023-06-01,1.84,Sunflower oil,Kazakhstan,National Average,WHOLESALE,Liter,liter,1.84
2023-07-01,1.84,Sunflower oil,Kazakhstan,National Average,WHOLESALE,Liter,liter,1.84
2023-08-01,1.75,Sunflower oil,Kazakhstan,National Average,WHOLESALE,Liter,liter,1.75
2023-09-01,1.69,Sunflower oil,Kazakhstan,National Average,WHOLESALE,Liter,liter,1.69
2023-10-01,1.57,Sunflower oil,Kazakhstan,National Average,WHOLESALE,Liter,liter,1.57
2023-11-01,1.62,Sunflower oil,Kazakhstan,National Average,WHOLESALE,Liter,liter,1.62
2023-12-01,1.64,Sunflower oil,Kazakhstan,National Average,WHOLESALE,Liter,liter,1.64
2024-01-01,1.56,Sunflower oil,Kazakhstan,National Average,WHOLESALE,Liter,liter,1.56
2024-02-01,1.52,Sunflower oil,Kazakhstan,National Average,WHOLESALE,Liter,liter,1.52
2024-03-01,1.51,Sunflower oil,Kazakhstan,National Average,WHOLESALE,Liter,liter,1.51
2024-04-01,1.52,Sunflower oil,Kazakhstan,National Average,WHOLESALE,Liter,liter,1.52
2024-05-01,1.4,Sunflower oil,Kazakhstan,National Average,WHOLESALE,Liter,liter,1.4
2024-06-01,1.35,Sunflower oil,Kazakhstan,National Average,WHOLESALE,Liter,liter,1.35
2024-07-01,1.31,Sunflower oil,Kazakhstan,National Average,WHOLESALE,Liter,liter,1.31
2024-08-01,1.32,Sunflower oil,Kazakhstan,National Average,WHOLESALE,Liter,liter,1.32
2024-09-01,1.32,Sunflower oil,Kazakhstan,National Average,WHOLESALE,Liter,liter,1.32
2024-10-01,1.33,Sunflower oil,Kazakhstan,National Average,WHOLESALE,Liter,liter,1.33
2024-11-01,1.35,Sunflower oil,Kazakhstan,National Average,WHOLESALE,Liter,liter,1.35
2024-12-01,1.31,Sunflower oil,Kazakhstan,National Average,WHOLESALE,Liter,liter,1.31
2025-01-01,1.42,Sunflower oil,Kazakhstan,National Average,WHOLESALE,Liter,liter,1.42
2025-02-01,1.48,Sunflower oil,Kazakhstan,National Average,WHOLESALE,Liter,liter,1.48
2025-03-01,1.51,Sunflower oil,Kazakhstan,National Average,WHOLESALE,Liter,liter,1.51
2025-04-01,1.47,Sunflower oil,Kazakhstan,National Average,WHOLESALE,Liter,liter,1.47
2025-05-01,1.51,Sunflower oil,Kazakhstan,National Average,WHOLESALE,Liter,liter,1.51
2025-06-01,1.53,Sunflower oil,Kazakhstan,National Average,WHOLESALE,Liter,liter,1.53
2025-07-01,1.52,Sunflower oil,Kazakhstan,National Average,WHOLESALE,Liter,liter,1.52
2025-08-01,1.5,Sunflower oil,Kazakhstan,National Average,WHOLESALE,Liter,liter,1.5
2025-09-01,1.5,Sunflower oil,Kazakhstan,National Average,WHOLESALE,Liter,liter,1.5
2025-10-01,1.52,Sunflower oil,Kazakhstan,National Average,WHOLESALE,Liter,liter,1.52
2022-01-01,1.66,Sunflower oil,Kazakhstan,Shymkent,RETAIL,Liter,liter,1.66
2022-02-01,1.56,Sunflower oil,Kazakhstan,Shymkent,RETAIL,Liter,liter,1.56
2022-03-01,1.39,Sunflower oil,Kazakhstan,Shymkent,RETAIL,Liter,liter,1.39
2022-04-01,1.65,Sunflower oil,Kazakhstan,Shymkent,RETAIL,Liter,liter,1.65
2022-05-01,1.74,Sunflower oil,Kazakhstan,Shymkent,RETAIL,Liter,liter,1.74
2022-06-01,1.71,Sunflower oil,Kazakhstan,Shymkent,RETAIL,Liter,liter,1.71
2022-07-01,1.69,Sunflower oil,Kazakhstan,Shymkent,RETAIL,Liter,liter,1.69
2022-08-01,1.7,Sunflower oil,Kazakhstan,Shymkent,RETAIL,Liter,liter,1.7
2022-09-01,1.77,Sunflower oil,Kazakhstan,Shymkent,RETAIL,Liter,liter,1.77
2022-10-01,1.79,Sunflower oil,Kazakhstan,Shymkent,RETAIL,Liter,liter,1.79
2022-11-01,1.83,Sunflower oil,Kazakhstan,Shymkent,RETAIL,Liter,liter,1.83
2022-12-01,1.81,Sunflower oil,Kazakhstan,Shymkent,RETAIL,Liter,liter,1.81
2023-01-01,1.84,Sunflower oil,Kazakhstan,Shymkent,RETAIL,Liter,liter,1.84
2023-02-01,1.85,Sunflower oil,Kazakhstan,Shymkent,RETAIL,Liter,liter,1.85
2023-03-01,1.82,Sunflower oil,Kazakhstan,Shymkent,RETAIL,Liter,liter,1.82
2023-04-01,1.82,Sunflower oil,Kazakhstan,Shymkent,RETAIL,Liter,liter,1.82
2023-05-01,1.59,Sunflower oil,Kazakhstan,Shymkent,RETAIL,Liter,liter,1.59
2023-06-01,1.53,Sunflower oil,Kazakhstan,Shymkent,RETAIL,Liter,liter,1.53
2023-07-01,1.53,Sunflower oil,Kazakhstan,Shymkent,RETAIL,Liter,liter,1.53
2023-08-01,1.48,Sunflower oil,Kazakhstan,Shymkent,RETAIL,Liter,liter,1.48
2023-09-01,1.35,Sunflower oil,Kazakhstan,Shymkent,RETAIL,Liter,liter,1.35
2023-10-01,1.35,Sunflower oil,Kazakhstan,Shymkent,RETAIL,Liter,liter,1.35
2023-11-01,1.4,Sunflower oil,Kazakhstan,Shymkent,RETAIL,Liter,liter,1.4
2023-12-01,1.42,Sunflower oil,Kazakhstan,Shymkent,RETAIL,Liter,liter,1.42
2024-01-01,1.39,Sunflower oil,Kazakhstan,Shymkent,RETAIL,Liter,liter,1.39
2024-02-01,1.4,Sunflower oil,Kazakhstan,Shymkent,RETAIL,Liter,liter,1.4
2024-03-01,1.21,Sunflower oil,Kazakhstan,Shymkent,RETAIL,Liter,liter,1.21
2024-04-01,,Sunflower oil,Kazakhstan,Shymkent,RETAIL,Liter,liter,
2024-05-01,1.21,Sunflower oil,Kazakhstan,Shymkent,RETAIL,Liter,liter,1.21
2024-06-01,1.27,Sunflower oil,Kazakhstan,Shymkent,RETAIL,Liter,liter,1.27
2024-07-01,1.21,Sunflower oil,Kazakhstan,Shymkent,RETAIL,Liter,liter,1.21
2024-08-01,1.25,Sunflower oil,Kazakhstan,Shymkent,RETAIL,Liter,liter,1.25
2024-09-01,1.35,Sunflower oil,Kazakhstan,Shymkent,RETAIL,Liter,liter,1.35
2024-10-01,1.33,Sunflower oil,Kazakhstan,Shymkent,RETAIL,Liter,liter,1.33
2024-11-01,1.33,Sunflower oil,Kazakhstan,Shymkent,RETAIL,Liter,liter,1.33
2024-12-01,1.3,Sunflower oil,Kazakhstan,Shymkent,RETAIL,Liter,liter,1.3
2025-01-01,1.32,Sunflower oil,Kazakhstan,Shymkent,RETAIL,Liter,liter,1.32
2025-02-01,1.44,Sunflower oil,Kazakhstan,Shymkent,RETAIL,Liter,liter,1.44
2025-03-01,1.42,Sunflower oil,Kazakhstan,Shymkent,RETAIL,Liter,liter,1.42
2025-04-01,1.44,Sunflower oil,Kazakhstan,Shymkent,RETAIL,Liter,liter,1.44
2025-05-01,1.45,Sunflower oil,Kazakhstan,Shymkent,RETAIL,Liter,liter,1.45
2025-06-01,1.46,Sunflower oil,Kazakhstan,Shymkent,RETAIL,Liter,liter,1.46
2025-07-01,1.46,Sunflower oil,Kazakhstan,Shymkent,RETAIL,Liter,liter,1.46
2025-08-01,1.43,Sunflower oil,Kazakhstan,Shymkent,RETAIL,Liter,liter,1.43
2025-09-01,1.47,Sunflower oil,Kazakhstan,Shymkent,RETAIL,Liter,liter,1.47
2025-10-01,1.44,Sunflower oil,Kazakhstan,Shymkent,RETAIL,Liter,liter,1.44
2012-08-01,10.04,Sunflower oil,Lebanon,Akkar,RETAIL,5 Liter,liter,2.008
2012-09-01,10.19,Sunflower oil,Lebanon,Akkar,RETAIL,5 Liter,liter,2.038
2012-10-01,10.23,Sunflower oil,Lebanon,Akkar,RETAIL,5 Liter,liter,2.0460000000000003
2012-11-01,10.32,Sunflower oil,Lebanon,Akkar,RETAIL,5 Liter,liter,2.064
2012-12-01,10.37,Sunflower oil,Lebanon,Akkar,RETAIL,5 Liter,liter,2.074
2013-01-01,10.75,Sunflower oil,Lebanon,Akkar,RETAIL,5 Liter,liter,2.15
2013-02-01,10.77,Sunflower oil,Lebanon,Akkar,RETAIL,5 Liter,liter,2.154
2013-03-01,10.6,Sunflower oil,Lebanon,Akkar,RETAIL,5 Liter,liter,2.12
2013-04-01,10.55,Sunflower oil,Lebanon,Akkar,RETAIL,5 Liter,liter,2.1100000000000003
2013-05-01,10.53,Sunflower oil,Lebanon,Akkar,RETAIL,5 Liter,liter,2.106
2013-06-01,10.33,Sunflower oil,Lebanon,Akkar,RETAIL,5 Liter,liter,2.066
2013-07-01,10.4,Sunflower oil,Lebanon,Akkar,RETAIL,5 Liter,liter,2.08
2013-08-01,10.81,Sunflower oil,Lebanon,Akkar,RETAIL,5 Liter,liter,2.162
2013-09-01,10.69,Sunflower oil,Lebanon,Akkar,RETAIL,5 Liter,liter,2.138
2013-10-01,9.39,Sunflower oil,Lebanon,Akkar,RETAIL,5 Liter,liter,1.8780000000000001
2013-11-01,8.9,Sunflower oil,Lebanon,Akkar,RETAIL,5 Liter,liter,1.78
2013-12-01,9.29,Sunflower oil,Lebanon,Akkar,RETAIL,5 Liter,liter,1.8579999999999999
2014-01-01,8.87,Sunflower oil,Lebanon,Akkar,RETAIL,5 Liter,liter,1.7739999999999998
2014-02-01,,Sunflower oil,Lebanon,Akkar,RETAIL,5 Liter,liter,
2014-03-01,8.2,Sunflower oil,Lebanon,Akkar,RETAIL,5 Liter,liter,1.64
2014-04-01,8.69,Sunflower oil,Lebanon,Akkar,RETAIL,5 Liter,liter,1.738
2014-05-01,8.58,Sunflower oil,Lebanon,Akkar,RETAIL,5 Liter,liter,1.716
2014-06-01,8.68,Sunflower oil,Lebanon,Akkar,RETAIL,5 Liter,liter,1.736
2014-07-01,8.57,Sunflower oil,Lebanon,Akkar,RETAIL,5 Liter,liter,1.714
2014-08-01,8.49,Sunflower oil,Lebanon,Akkar,RETAIL,5 Liter,liter,1.698
2014-09-01,8.3,Sunflower oil,Lebanon,Akkar,RETAIL,5 Liter,liter,1.6600000000000001
2014-10-01,8.34,Sunflower oil,Lebanon,Akkar,RETAIL,5 Liter,liter,1.668
2014-11-01,8.19,Sunflower oil,Lebanon,Akkar,RETAIL,5 Liter,liter,1.638
2014-12-01,8.19,Sunflower oil,Lebanon,Akkar,RETAIL,5 Liter,liter,1.638
2015-01-01,8.03,Sunflower oil,Lebanon,Akkar,RETAIL,5 Liter,liter,1.6059999999999999
2015-02-01,7.57,Sunflower oil,Lebanon,Akkar,RETAIL,5 Liter,liter,1.514
2015-03-01,7.63,Sunflower oil,Lebanon,Akkar,RETAIL,5 Liter,liter,1.526
2015-04-01,7.37,Sunflower oil,Lebanon,Akkar,RETAIL,5 Liter,liter,1.474
2015-05-01,7.53,Sunflower oil,Lebanon,Akkar,RETAIL,5 Liter,liter,1.506
2015-06-01,7.31,Sunflower oil,Lebanon,Akkar,RETAIL,5 Liter,liter,1.462
2015-07-01,7.28,Sunflower oil,Lebanon,Akkar,RETAIL,5 Liter,liter,1.456
2015-08-01,7.46,Sunflower oil,Lebanon,Akkar,RETAIL,5 Liter,liter,1.492
2015-09-01,7.42,Sunflower oil,Lebanon,Akkar,RETAIL,5 Liter,liter,1.484
2015-10-01,7.16,Sunflower oil,Lebanon,Akkar,RETAIL,5 Liter,liter,1.432
2015-11-01,6.81,Sunflower oil,Lebanon,Akkar,RETAIL,5 Liter,liter,1.3619999999999999
2015-12-01,6.96,Sunflower oil,Lebanon,Akkar,RETAIL,5 Liter,liter,1.392
2016-01-01,7.25,Sunflower oil,Lebanon,Akkar,RETAIL,5 Liter,liter,1.45
2016-02-01,7.17,Sunflower oil,Lebanon,Akkar,RETAIL,5 Liter,liter,1.434
2016-03-01,6.9,Sunflower oil,Lebanon,Akkar,RETAIL,5 Liter,liter,1.3800000000000001
2016-04-01,6.85,Sunflower oil,Lebanon,Akkar,RETAIL,5 Liter,liter,1.3699999999999999
2016-05-01,,Sunflower oil,Lebanon,Akkar,RETAIL,5 Liter,liter,
2016-06-01,,Sunflower oil,Lebanon,Akkar,RETAIL,5 Liter,liter,
2016-07-01,,Sunflower oil,Lebanon,Akkar,RETAIL,5 Liter,liter,
2016-08-01,,Sunflower oil,Lebanon,Akkar,RETAIL,5 Liter,liter,
2016-09-01,,Sunflower oil,Lebanon,Akkar,RETAIL,5 Liter,liter,
2016-10-01,,Sunflower oil,Lebanon,Akkar,RETAIL,5 Liter,liter,
2016-11-01,,Sunflower oil,Lebanon,Akkar,RETAIL,5 Liter,liter,
2016-12-01,,Sunflower oil,Lebanon,Akkar,RETAIL,5 Liter,liter,
2017-01-01,7.61,Sunflower oil,Lebanon,Akkar,RETAIL,5 Liter,liter,1.522
2017-02-01,7.63,Sunflower oil,Lebanon,Akkar,RETAIL,5 Liter,liter,1.526
2017-03-01,7.59,Sunflower oil,Lebanon,Akkar,RETAIL,5 Liter,liter,1.518
2017-04-01,7.55,Sunflower oil,Lebanon,Akkar,RETAIL,5 Liter,liter,1.51
2017-05-01,7.3,Sunflower oil,Lebanon,Akkar,RETAIL,5 Liter,liter,1.46
2017-06-01,7.55,Sunflower oil,Lebanon,Akkar,RETAIL,5 Liter,liter,1.51
2017-07-01,7.46,Sunflower oil,Lebanon,Akkar,RETAIL,5 Liter,liter,1.492
2017-08-01,7.3,Sunflower oil,Lebanon,Akkar,RETAIL,5 Liter,liter,1.46
2017-09-01,7.55,Sunflower oil,Lebanon,Akkar,RETAIL,5 Liter,liter,1.51
2017-10-01,7.3,Sunflower oil,Lebanon,Akkar,RETAIL,5 Liter,liter,1.46
2017-11-01,7.55,Sunflower oil,Lebanon,Akkar,RETAIL,5 Liter,liter,1.51
2017-12-01,7.3,Sunflower oil,Lebanon,Akkar,RETAIL,5 Liter,liter,1.46
2018-01-01,7.3,Sunflower oil,Lebanon,Akkar,RETAIL,5 Liter,liter,1.46
2018-02-01,7.46,Sunflower oil,Lebanon,Akkar,RETAIL,5 Liter,liter,1.492
2018-03-01,7.46,Sunflower oil,Lebanon,Akkar,RETAIL,5 Liter,liter,1.492
2018-04-01,7.34,Sunflower oil,Lebanon,Akkar,RETAIL,5 Liter,liter,1.468
2018-05-01,7.46,Sunflower oil,Lebanon,Akkar,RETAIL,5 Liter,liter,1.492
2018-06-01,7.71,Sunflower oil,Lebanon,Akkar,RETAIL,5 Liter,liter,1.542
2018-07-01,7.46,Sunflower oil,Lebanon,Akkar,RETAIL,5 Liter,liter,1.492
2018-08-01,7.63,Sunflower oil,Lebanon,Akkar,RETAIL,5 Liter,liter,1.526
2018-09-01,7.42,Sunflower oil,Lebanon,Akkar,RETAIL,5 Liter,liter,1.484
2018-10-01,7.46,Sunflower oil,Lebanon,Akkar,RETAIL,5 Liter,liter,1.492
2018-11-01,7.21,Sunflower oil,Lebanon,Akkar,RETAIL,5 Liter,liter,1.442
2018-12-01,7.24,Sunflower oil,Lebanon,Akkar,RETAIL,5 Liter,liter,1.448
2019-01-01,7.38,Sunflower oil,Lebanon,Akkar,RETAIL,5 Liter,liter,1.476
2019-02-01,7.38,Sunflower oil,Lebanon,Akkar,RETAIL,5 Liter,liter,1.476
2019-03-01,7.34,Sunflower oil,Lebanon,Akkar,RETAIL,5 Liter,liter,1.468
2019-04-01,7.46,Sunflower oil,Lebanon,Akkar,RETAIL,5 Liter,liter,1.492
2019-05-01,7.3,Sunflower oil,Lebanon,Akkar,RETAIL,5 Liter,liter,1.46
2019-06-01,7.18,Sunflower oil,Lebanon,Akkar,RETAIL,5 Liter,liter,1.436
2019-07-01,7.17,Sunflower oil,Lebanon,Akkar,RETAIL,5 Liter,liter,1.434
2019-08-01,7.16,Sunflower oil,Lebanon,Akkar,RETAIL,5 Liter,liter,1.432
2019-09-01,7.17,Sunflower oil,Lebanon,Akkar,RETAIL,5 Liter,liter,1.434
2019-10-01,6.74,Sunflower oil,Lebanon,Akkar,RETAIL,5 Liter,liter,1.348
2019-11-01,7.08,Sunflower oil,Lebanon,Akkar,RETAIL,5 Liter,liter,1.416
2019-12-01,8.8,Sunflower oil,Lebanon,Akkar,RETAIL,5 Liter,liter,1.7600000000000002
2020-01-01,9.58,Sunflower oil,Lebanon,Akkar,RETAIL,5 Liter,liter,1.916
2020-02-01,9.8,Sunflower oil,Lebanon,Akkar,RETAIL,5 Liter,liter,1.9600000000000002
2020-03-01,10.64,Sunflower oil,Lebanon,Akkar,RETAIL,5 Liter,liter,2.128
2020-04-01,11.67,Sunflower oil,Lebanon,Akkar,RETAIL,5 Liter,liter,2.334
2020-05-01,16.8,Sunflower oil,Lebanon,Akkar,RETAIL,5 Liter,liter,3.3600000000000003
2020-06-01,16.44,Sunflower oil,Lebanon,Akkar,RETAIL,5 Liter,liter,3.2880000000000003
2020-07-01,19.87,Sunflower oil,Lebanon,Akkar,RETAIL,5 Liter,liter,3.974
2020-08-01,20.68,Sunflower oil,Lebanon,Akkar,RETAIL,5 Liter,liter,4.136
2020-09-01,24.31,Sunflower oil,Lebanon,Akkar,RETAIL,5 Liter,liter,4.862
2020-10-01,28.62,Sunflower oil,Lebanon,Akkar,RETAIL,5 Liter,liter,5.724
2020-11-01,30.13,Sunflower oil,Lebanon,Akkar,RETAIL,5 Liter,liter,6.026
2020-12-01,33.54,Sunflower oil,Lebanon,Akkar,RETAIL,5 Liter,liter,6.708
2021-01-01,38.58,Sunflower oil,Lebanon,Akkar,RETAIL,5 Liter,liter,7.715999999999999
2021-02-01,43.75,Sunflower oil,Lebanon,Akkar,RETAIL,5 Liter,liter,8.75
2021-03-01,47.8,Sunflower oil,Lebanon,Akkar,RETAIL,5 Liter,liter,9.559999999999999
2021-04-01,67.56,Sunflower oil,Lebanon,Akkar,RETAIL,5 Liter,liter,13.512
2021-05-01,72.97,Sunflower oil,Lebanon,Akkar,RETAIL,5 Liter,liter,14.594
2021-06-01,81.59,Sunflower oil,Lebanon,Akkar,RETAIL,5 Liter,liter,16.318
2021-07-01,96.6,Sunflower oil,Lebanon,Akkar,RETAIL,5 Liter,liter,19.32
2021-08-01,107.03,Sunflower oil,Lebanon,Akkar,RETAIL,5 Liter,liter,21.406
2021-09-01,103.09,Sunflower oil,Lebanon,Akkar,RETAIL,5 Liter,liter,20.618000000000002
2021-10-01,104.51,Sunflower oil,Lebanon,Akkar,RETAIL,5 Liter,liter,20.902
2021-11-01,119.42,Sunflower oil,Lebanon,Akkar,RETAIL,5 Liter,liter,23.884
2021-12-01,140.85,Sunflower oil,Lebanon,Akkar,RETAIL,5 Liter,liter,28.169999999999998
2022-01-01,164.2,Sunflower oil,Lebanon,Akkar,RETAIL,5 Liter,liter,32.839999999999996
2022-02-01,135.21,Sunflower oil,Lebanon,Akkar,RETAIL,5 Liter,liter,27.042
2022-03-01,224.48,Sunflower oil,Lebanon,Akkar,RETAIL,5 Liter,liter,44.896
2022-04-01,253.39,Sunflower oil,Lebanon,Akkar,RETAIL,5 Liter,liter,50.678
2022-05-01,253.81,Sunflower oil,Lebanon,Akkar,RETAIL,5 Liter,liter,50.762
2022-06-01,257.45,Sunflower oil,Lebanon,Akkar,RETAIL,5 Liter,liter,51.489999999999995
2022-07-01,242.03,Sunflower oil,Lebanon,Akkar,RETAIL,5 Liter,liter,48.406
2022-08-01,228.93,Sunflower oil,Lebanon,Akkar,RETAIL,5 Liter,liter,45.786
2022-09-01,240.69,Sunflower oil,Lebanon,Akkar,RETAIL,5 Liter,liter,48.138
2022-10-01,241.88,Sunflower oil,Lebanon,Akkar,RETAIL,5 Liter,liter,48.376
2022-11-01,244.31,Sunflower oil,Lebanon,Akkar,RETAIL,5 Liter,liter,48.862
2022-12-01,254.81,Sunflower oil,Lebanon,Akkar,RETAIL,5 Liter,liter,50.962
2023-01-01,273.02,Sunflower oil,Lebanon,Akkar,RETAIL,5 Liter,liter,54.604
2023-02-01,38.5,Sunflower oil,Lebanon,Akkar,RETAIL,5 Liter,liter,7.7
2023-03-01,58.17,Sunflower oil,Lebanon,Akkar,RETAIL,5 Liter,liter,11.634
2023-04-01,58.93,Sunflower oil,Lebanon,Akkar,RETAIL,5 Liter,liter,11.786
2023-05-01,46.76,Sunflower oil,Lebanon,Akkar,RETAIL,5 Liter,liter,9.352
2023-06-01,50.58,Sunflower oil,Lebanon,Akkar,RETAIL,5 Liter,liter,10.116
2023-07-01,50.29,Sunflower oil,Lebanon,Akkar,RETAIL,5 Liter,liter,10.058
2023-08-01,49.25,Sunflower oil,Lebanon,Akkar,RETAIL,5 Liter,liter,9.85
2023-09-01,49.31,Sunflower oil,Lebanon,Akkar,RETAIL,5 Liter,liter,9.862
2023-10-01,40.28,Sunflower oil,Lebanon,Akkar,RETAIL,5 Liter,liter,8.056000000000001
2023-11-01,41.55,Sunflower oil,Lebanon,Akkar,RETAIL,5 Liter,liter,8.309999999999999
2023-12-01,40.07,Sunflower oil,Lebanon,Akkar,RETAIL,5 Liter,liter,8.014
2024-01-01,38.87,Sunflower oil,Lebanon,Akkar,RETAIL,5 Liter,liter,7.773999999999999
2024-02-01,57.09,Sunflower oil,Lebanon,Akkar,RETAIL,5 Liter,liter,11.418000000000001
2024-03-01,6.6,Sunflower oil,Lebanon,Akkar,RETAIL,5 Liter,liter,1.3199999999999998
2024-04-01,6.57,Sunflower oil,Lebanon,Akkar,RETAIL,5 Liter,liter,1.314
2024-05-01,6.55,Sunflower oil,Lebanon,Akkar,RETAIL,5 Liter,liter,1.31
2024-06-01,6.67,Sunflower oil,Lebanon,Akkar,RETAIL,5 Liter,liter,1.334
2024-07-01,6.51,Sunflower oil,Lebanon,Akkar,RETAIL,5 Liter,liter,1.302
2024-08-01,6.52,Sunflower oil,Lebanon,Akkar,RETAIL,5 Liter,liter,1.3039999999999998
2024-09-01,6.67,Sunflower oil,Lebanon,Akkar,RETAIL,5 Liter,liter,1.334
2024-10-01,7.08,Sunflower oil,Lebanon,Akkar,RETAIL,5 Liter,liter,1.416
2024-11-01,8.11,Sunflower oil,Lebanon,Akkar,RETAIL,5 Liter,liter,1.6219999999999999
2024-12-01,8.03,Sunflower oil,Lebanon,Akkar,RETAIL,5 Liter,liter,1.6059999999999999
2025-01-01,8.77,Sunflower oil,Lebanon,Akkar,RETAIL,5 Liter,liter,1.754
2025-02-01,8.81,Sunflower oil,Lebanon,Akkar,RETAIL,5 Liter,liter,1.762
2025-03-01,8.71,Sunflower oil,Lebanon,Akkar,RETAIL,5 Liter,liter,1.7420000000000002
2025-04-01,8.71,Sunflower oil,Lebanon,Akkar,RETAIL,5 Liter,liter,1.7420000000000002
2025-05-01,8.92,Sunflower oil,Lebanon,Akkar,RETAIL,5 Liter,liter,1.784
2025-06-01,9.42,Sunflower oil,Lebanon,Akkar,RETAIL,5 Liter,liter,1.884
2025-07-01,8.71,Sunflower oil,Lebanon,Akkar,RETAIL,5 Liter,liter,1.7420000000000002
2013-06-01,11.28,Sunflower oil,Lebanon,Beirut,RETAIL,5 Liter,liter,2.256
2013-07-01,,Sunflower oil,Lebanon,Beirut,RETAIL,5 Liter,liter,
2013-08-01,3.98,Sunflower oil,Lebanon,Beirut,RETAIL,5 Liter,liter,0.796
2013-09-01,9.12,Sunflower oil,Lebanon,Beirut,RETAIL,5 Liter,liter,1.8239999999999998
2013-10-01,8.82,Sunflower oil,Lebanon,Beirut,RETAIL,5 Liter,liter,1.764
2013-11-01,10.61,Sunflower oil,Lebanon,Beirut,RETAIL,5 Liter,liter,2.122
2013-12-01,9.19,Sunflower oil,Lebanon,Beirut,RETAIL,5 Liter,liter,1.8379999999999999
2014-01-01,8.38,Sunflower oil,Lebanon,Beirut,RETAIL,5 Liter,liter,1.6760000000000002
2014-02-01,8.29,Sunflower oil,Lebanon,Beirut,RETAIL,5 Liter,liter,1.658
2014-03-01,,Sunflower oil,Lebanon,Beirut,RETAIL,5 Liter,liter,
2014-04-01,8.29,Sunflower oil,Lebanon,Beirut,RETAIL,5 Liter,liter,1.658
2014-05-01,8.73,Sunflower oil,Lebanon,Beirut,RETAIL,5 Liter,liter,1.746
2014-06-01,,Sunflower oil,Lebanon,Beirut,RETAIL,5 Liter,liter,
2014-07-01,9.9,Sunflower oil,Lebanon,Beirut,RETAIL,5 Liter,liter,1.98
2014-08-01,8.4,Sunflower oil,Lebanon,Beirut,RETAIL,5 Liter,liter,1.6800000000000002
2014-09-01,,Sunflower oil,Lebanon,Beirut,RETAIL,5 Liter,liter,
2014-10-01,9.46,Sunflower oil,Lebanon,Beirut,RETAIL,5 Liter,liter,1.8920000000000001
2014-11-01,7.19,Sunflower oil,Lebanon,Beirut,RETAIL,5 Liter,liter,1.4380000000000002
2014-12-01,,Sunflower oil,Lebanon,Beirut,RETAIL,5 Liter,liter,
2015-01-01,7.93,Sunflower oil,Lebanon,Beirut,RETAIL,5 Liter,liter,1.5859999999999999
2015-02-01,7.96,Sunflower oil,Lebanon,Beirut,RETAIL,5 Liter,liter,1.592
2015-03-01,7.96,Sunflower oil,Lebanon,Beirut,RETAIL,5 Liter,liter,1.592
2015-04-01,7.62,Sunflower oil,Lebanon,Beirut,RETAIL,5 Liter,liter,1.524
2015-05-01,7.96,Sunflower oil,Lebanon,Beirut,RETAIL,5 Liter,liter,1.592
2015-06-01,8.86,Sunflower oil,Lebanon,Beirut,RETAIL,5 Liter,liter,1.7719999999999998
2015-07-01,8.29,Sunflower oil,Lebanon,Beirut,RETAIL,5 Liter,liter,1.658
2015-08-01,9.1,Sunflower oil,Lebanon,Beirut,RETAIL,5 Liter,liter,1.8199999999999998
2015-09-01,8.73,Sunflower oil,Lebanon,Beirut,RETAIL,5 Liter,liter,1.746
2015-10-01,7.82,Sunflower oil,Lebanon,Beirut,RETAIL,5 Liter,liter,1.564
2015-11-01,6.97,Sunflower oil,Lebanon,Beirut,RETAIL,5 Liter,liter,1.394
2015-12-01,7.13,Sunflower oil,Lebanon,Beirut,RETAIL,5 Liter,liter,1.426
2016-01-01,5.97,Sunflower oil,Lebanon,Beirut,RETAIL,5 Liter,liter,1.194
2016-02-01,8.23,Sunflower oil,Lebanon,Beirut,RETAIL,5 Liter,liter,1.6460000000000001
2016-03-01,8.15,Sunflower oil,Lebanon,Beirut,RETAIL,5 Liter,liter,1.6300000000000001
2016-04-01,7.16,Sunflower oil,Lebanon,Beirut,RETAIL,5 Liter,liter,1.432
2016-05-01,,Sunflower oil,Lebanon,Beirut,RETAIL,5 Liter,liter,
2016-06-01,,Sunflower oil,Lebanon,Beirut,RETAIL,5 Liter,liter,
2016-07-01,,Sunflower oil,Lebanon,Beirut,RETAIL,5 Liter,liter,
2016-08-01,,Sunflower oil,Lebanon,Beirut,RETAIL,5 Liter,liter,
2016-09-01,,Sunflower oil,Lebanon,Beirut,RETAIL,5 Liter,liter,
2016-10-01,,Sunflower oil,Lebanon,Beirut,RETAIL,5 Liter,liter,
2016-11-01,,Sunflower oil,Lebanon,Beirut,RETAIL,5 Liter,liter,
2016-12-01,,Sunflower oil,Lebanon,Beirut,RETAIL,5 Liter,liter,
2017-01-01,,Sunflower oil,Lebanon,Beirut,RETAIL,5 Liter,liter,
2017-02-01,,Sunflower oil,Lebanon,Beirut,RETAIL,5 Liter,liter,
2017-03-01,,Sunflower oil,Lebanon,Beirut,RETAIL,5 Liter,liter,
2017-04-01,,Sunflower oil,Lebanon,Beirut,RETAIL,5 Liter,liter,
2017-05-01,,Sunflower oil,Lebanon,Beirut,RETAIL,5 Liter,liter,
2017-06-01,,Sunflower oil,Lebanon,Beirut,RETAIL,5 Liter,liter,
2017-07-01,,Sunflower oil,Lebanon,Beirut,RETAIL,5 Liter,liter,
2017-08-01,,Sunflower oil,Lebanon,Beirut,RETAIL,5 Liter,liter,
2017-09-01,,Sunflower oil,Lebanon,Beirut,RETAIL,5 Liter,liter,
2017-10-01,,Sunflower oil,Lebanon,Beirut,RETAIL,5 Liter,liter,
2017-11-01,,Sunflower oil,Lebanon,Beirut,RETAIL,5 Liter,liter,
2017-12-01,,Sunflower oil,Lebanon,Beirut,RETAIL,5 Liter,liter,
2018-01-01,,Sunflower oil,Lebanon,Beirut,RETAIL,5 Liter,liter,
2018-02-01,,Sunflower oil,Lebanon,Beirut,RETAIL,5 Liter,liter,
2018-03-01,,Sunflower oil,Lebanon,Beirut,RETAIL,5 Liter,liter,
2018-04-01,,Sunflower oil,Lebanon,Beirut,RETAIL,5 Liter,liter,
2018-05-01,,Sunflower oil,Lebanon,Beirut,RETAIL,5 Liter,liter,
2018-06-01,,Sunflower oil,Lebanon,Beirut,RETAIL,5 Liter,liter,
2018-07-01,,Sunflower oil,Lebanon,Beirut,RETAIL,5 Liter,liter,
2018-08-01,,Sunflower oil,Lebanon,Beirut,RETAIL,5 Liter,liter,
2018-09-01,,Sunflower oil,Lebanon,Beirut,RETAIL,5 Liter,liter,
2018-10-01,,Sunflower oil,Lebanon,Beirut,RETAIL,5 Liter,liter,
2018-11-01,,Sunflower oil,Lebanon,Beirut,RETAIL,5 Liter,liter,
2018-12-01,,Sunflower oil,Lebanon,Beirut,RETAIL,5 Liter,liter,
2019-01-01,,Sunflower oil,Lebanon,Beirut,RETAIL,5 Liter,liter,
2019-02-01,,Sunflower oil,Lebanon,Beirut,RETAIL,5 Liter,liter,
2019-03-01,,Sunflower oil,Lebanon,Beirut,RETAIL,5 Liter,liter,
2019-04-01,,Sunflower oil,Lebanon,Beirut,RETAIL,5 Liter,liter,
2019-05-01,,Sunflower oil,Lebanon,Beirut,RETAIL,5 Liter,liter,
2019-06-01,,Sunflower oil,Lebanon,Beirut,RETAIL,5 Liter,liter,
2019-07-01,,Sunflower oil,Lebanon,Beirut,RETAIL,5 Liter,liter,
2019-08-01,,Sunflower oil,Lebanon,Beirut,RETAIL,5 Liter,liter,
2019-09-01,,Sunflower oil,Lebanon,Beirut,RETAIL,5 Liter,liter,
2019-10-01,5.92,Sunflower oil,Lebanon,Beirut,RETAIL,5 Liter,liter,1.184
2019-11-01,6.6,Sunflower oil,Lebanon,Beirut,RETAIL,5 Liter,liter,1.3199999999999998
2019-12-01,7.91,Sunflower oil,Lebanon,Beirut,RETAIL,5 Liter,liter,1.582
2020-01-01,8.31,Sunflower oil,Lebanon,Beirut,RETAIL,5 Liter,liter,1.6620000000000001
2020-02-01,9.0,Sunflower oil,Lebanon,Beirut,RETAIL,5 Liter,liter,1.8
2020-03-01,9.27,Sunflower oil,Lebanon,Beirut,RETAIL,5 Liter,liter,1.8539999999999999
2020-04-01,10.18,Sunflower oil,Lebanon,Beirut,RETAIL,5 Liter,liter,2.036
2020-05-01,14.78,Sunflower oil,Lebanon,Beirut,RETAIL,5 Liter,liter,2.956
2020-06-01,14.74,Sunflower oil,Lebanon,Beirut,RETAIL,5 Liter,liter,2.948
2020-07-01,16.67,Sunflower oil,Lebanon,Beirut,RETAIL,5 Liter,liter,3.3340000000000005
2020-08-01,,Sunflower oil,Lebanon,Beirut,RETAIL,5 Liter,liter,
2020-09-01,24.59,Sunflower oil,Lebanon,Beirut,RETAIL,5 Liter,liter,4.918
2020-10-01,,Sunflower oil,Lebanon,Beirut,RETAIL,5 Liter,liter,
2020-11-01,,Sunflower oil,Lebanon,Beirut,RETAIL,5 Liter,liter,
2020-12-01,,Sunflower oil,Lebanon,Beirut,RETAIL,5 Liter,liter,
2021-01-01,46.53,Sunflower oil,Lebanon,Beirut,RETAIL,5 Liter,liter,9.306000000000001
2021-02-01,48.94,Sunflower oil,Lebanon,Beirut,RETAIL,5 Liter,liter,9.788
2021-03-01,67.74,Sunflower oil,Lebanon,Beirut,RETAIL,5 Liter,liter,13.547999999999998
2021-04-01,81.15,Sunflower oil,Lebanon,Beirut,RETAIL,5 Liter,liter,16.23
2021-05-01,76.21,Sunflower oil,Lebanon,Beirut,RETAIL,5 Liter,liter,15.241999999999999
2021-06-01,84.97,Sunflower oil,Lebanon,Beirut,RETAIL,5 Liter,liter,16.994
2021-07-01,108.68,Sunflower oil,Lebanon,Beirut,RETAIL,5 Liter,liter,21.736
2021-08-01,112.8,Sunflower oil,Lebanon,Beirut,RETAIL,5 Liter,liter,22.56
2021-09-01,111.98,Sunflower oil,Lebanon,Beirut,RETAIL,5 Liter,liter,22.396
2021-10-01,127.74,Sunflower oil,Lebanon,Beirut,RETAIL,5 Liter,liter,25.548
2021-11-01,144.03,Sunflower oil,Lebanon,Beirut,RETAIL,5 Liter,liter,28.806
2021-12-01,160.62,Sunflower oil,Lebanon,Beirut,RETAIL,5 Liter,liter,32.124
2022-01-01,187.16,Sunflower oil,Lebanon,Beirut,RETAIL,5 Liter,liter,37.432
2022-02-01,139.94,Sunflower oil,Lebanon,Beirut,RETAIL,5 Liter,liter,27.988
2022-03-01,242.21,Sunflower oil,Lebanon,Beirut,RETAIL,5 Liter,liter,48.442
2022-04-01,287.21,Sunflower oil,Lebanon,Beirut,RETAIL,5 Liter,liter,57.44199999999999
2022-05-01,296.96,Sunflower oil,Lebanon,Beirut,RETAIL,5 Liter,liter,59.391999999999996
2022-06-01,284.85,Sunflower oil,Lebanon,Beirut,RETAIL,5 Liter,liter,56.970000000000006
2022-07-01,291.37,Sunflower oil,Lebanon,Beirut,RETAIL,5 Liter,liter,58.274
2022-08-01,314.83,Sunflower oil,Lebanon,Beirut,RETAIL,5 Liter,liter,62.965999999999994
2022-09-01,347.07,Sunflower oil,Lebanon,Beirut,RETAIL,5 Liter,liter,69.414
2022-10-01,316.02,Sunflower oil,Lebanon,Beirut,RETAIL,5 Liter,liter,63.20399999999999
2022-11-01,313.72,Sunflower oil,Lebanon,Beirut,RETAIL,5 Liter,liter,62.74400000000001
2022-12-01,325.42,Sunflower oil,Lebanon,Beirut,RETAIL,5 Liter,liter,65.084
2023-01-01,358.17,Sunflower oil,Lebanon,Beirut,RETAIL,5 Liter,liter,71.634
2023-02-01,55.57,Sunflower oil,Lebanon,Beirut,RETAIL,5 Liter,liter,11.114
2023-03-01,71.5,Sunflower oil,Lebanon,Beirut,RETAIL,5 Liter,liter,14.3
2023-04-01,71.35,Sunflower oil,Lebanon,Beirut,RETAIL,5 Liter,liter,14.27
2023-05-01,57.81,Sunflower oil,Lebanon,Beirut,RETAIL,5 Liter,liter,11.562000000000001
2023-06-01,67.58,Sunflower oil,Lebanon,Beirut,RETAIL,5 Liter,liter,13.516
2023-07-01,57.74,Sunflower oil,Lebanon,Beirut,RETAIL,5 Liter,liter,11.548
2023-08-01,52.25,Sunflower oil,Lebanon,Beirut,RETAIL,5 Liter,liter,10.45
2023-09-01,57.33,Sunflower oil,Lebanon,Beirut,RETAIL,5 Liter,liter,11.466
2023-10-01,50.15,Sunflower oil,Lebanon,Beirut,RETAIL,5 Liter,liter,10.03
2023-11-01,50.76,Sunflower oil,Lebanon,Beirut,RETAIL,5 Liter,liter,10.152
2023-12-01,50.81,Sunflower oil,Lebanon,Beirut,RETAIL,5 Liter,liter,10.162
2024-01-01,51.06,Sunflower oil,Lebanon,Beirut,RETAIL,5 Liter,liter,10.212
2024-02-01,72.07,Sunflower oil,Lebanon,Beirut,RETAIL,5 Liter,liter,14.413999999999998
2024-03-01,8.05,Sunflower oil,Lebanon,Beirut,RETAIL,5 Liter,liter,1.61
2024-04-01,7.89,Sunflower oil,Lebanon,Beirut,RETAIL,5 Liter,liter,1.5779999999999998
2024-05-01,7.96,Sunflower oil,Lebanon,Beirut,RETAIL,5 Liter,liter,1.592
2024-06-01,7.83,Sunflower oil,Lebanon,Beirut,RETAIL,5 Liter,liter,1.566
2024-07-01,7.78,Sunflower oil,Lebanon,Beirut,RETAIL,5 Liter,liter,1.556
2024-08-01,7.86,Sunflower oil,Lebanon,Beirut,RETAIL,5 Liter,liter,1.572
2024-09-01,7.75,Sunflower oil,Lebanon,Beirut,RETAIL,5 Liter,liter,1.55
2024-10-01,7.77,Sunflower oil,Lebanon,Beirut,RETAIL,5 Liter,liter,1.5539999999999998
2024-11-01,9.07,Sunflower oil,Lebanon,Beirut,RETAIL,5 Liter,liter,1.814
2024-12-01,8.7,Sunflower oil,Lebanon,Beirut,RETAIL,5 Liter,liter,1.7399999999999998
2025-01-01,9.58,Sunflower oil,Lebanon,Beirut,RETAIL,5 Liter,liter,1.916
2025-02-01,9.69,Sunflower oil,Lebanon,Beirut,RETAIL,5 Liter,liter,1.938
2025-03-01,9.92,Sunflower oil,Lebanon,Beirut,RETAIL,5 Liter,liter,1.984
2025-04-01,9.92,Sunflower oil,Lebanon,Beirut,RETAIL,5 Liter,liter,1.984
2025-05-01,10.0,Sunflower oil,Lebanon,Beirut,RETAIL,5 Liter,liter,2.0
2025-06-01,10.3,Sunflower oil,Lebanon,Beirut,RETAIL,5 Liter,liter,2.06
2025-07-01,9.95,Sunflower oil,Lebanon,Beirut,RETAIL,5 Liter,liter,1.9899999999999998
2012-12-01,9.72,Sunflower oil,Lebanon,El Nabatieh,RETAIL,5 Liter,liter,1.9440000000000002
2013-01-01,9.93,Sunflower oil,Lebanon,El Nabatieh,RETAIL,5 Liter,liter,1.986
2013-02-01,,Sunflower oil,Lebanon,El Nabatieh,RETAIL,5 Liter,liter,
2013-03-01,9.52,Sunflower oil,Lebanon,El Nabatieh,RETAIL,5 Liter,liter,1.904
2013-04-01,9.21,Sunflower oil,Lebanon,El Nabatieh,RETAIL,5 Liter,liter,1.842
2013-05-01,,Sunflower oil,Lebanon,El Nabatieh,RETAIL,5 Liter,liter,
2013-06-01,9.25,Sunflower oil,Lebanon,El Nabatieh,RETAIL,5 Liter,liter,1.85
2013-07-01,8.91,Sunflower oil,Lebanon,El Nabatieh,RETAIL,5 Liter,liter,1.782
2013-08-01,,Sunflower oil,Lebanon,El Nabatieh,RETAIL,5 Liter,liter,
2013-09-01,,Sunflower oil,Lebanon,El Nabatieh,RETAIL,5 Liter,liter,
2013-10-01,9.38,Sunflower oil,Lebanon,El Nabatieh,RETAIL,5 Liter,liter,1.8760000000000001
2013-11-01,9.15,Sunflower oil,Lebanon,El Nabatieh,RETAIL,5 Liter,liter,1.83
2013-12-01,8.78,Sunflower oil,Lebanon,El Nabatieh,RETAIL,5 Liter,liter,1.7559999999999998
2014-01-01,,Sunflower oil,Lebanon,El Nabatieh,RETAIL,5 Liter,liter,
2014-02-01,7.96,Sunflower oil,Lebanon,El Nabatieh,RETAIL,5 Liter,liter,1.592
2014-03-01,7.91,Sunflower oil,Lebanon,El Nabatieh,RETAIL,5 Liter,liter,1.582
2014-04-01,,Sunflower oil,Lebanon,El Nabatieh,RETAIL,5 Liter,liter,
2014-05-01,9.04,Sunflower oil,Lebanon,El Nabatieh,RETAIL,5 Liter,liter,1.8079999999999998
2014-06-01,8.21,Sunflower oil,Lebanon,El Nabatieh,RETAIL,5 Liter,liter,1.6420000000000001
2014-07-01,,Sunflower oil,Lebanon,El Nabatieh,RETAIL,5 Liter,liter,
2014-08-01,,Sunflower oil,Lebanon,El Nabatieh,RETAIL,5 Liter,liter,
2014-09-01,7.73,Sunflower oil,Lebanon,El Nabatieh,RETAIL,5 Liter,liter,1.546
2014-10-01,,Sunflower oil,Lebanon,El Nabatieh,RETAIL,5 Liter,liter,
2014-11-01,,Sunflower oil,Lebanon,El Nabatieh,RETAIL,5 Liter,liter,
2014-12-01,7.34,Sunflower oil,Lebanon,El Nabatieh,RETAIL,5 Liter,liter,1.468
2015-01-01,7.08,Sunflower oil,Lebanon,El Nabatieh,RETAIL,5 Liter,liter,1.416
2015-02-01,6.8,Sunflower oil,Lebanon,El Nabatieh,RETAIL,5 Liter,liter,1.3599999999999999
2015-03-01,6.97,Sunflower oil,Lebanon,El Nabatieh,RETAIL,5 Liter,liter,1.394
2015-04-01,7.13,Sunflower oil,Lebanon,El Nabatieh,RETAIL,5 Liter,liter,1.426
2015-05-01,6.3,Sunflower oil,Lebanon,El Nabatieh,RETAIL,5 Liter,liter,1.26
2015-06-01,6.63,Sunflower oil,Lebanon,El Nabatieh,RETAIL,5 Liter,liter,1.326
2015-07-01,5.89,Sunflower oil,Lebanon,El Nabatieh,RETAIL,5 Liter,liter,1.178
2015-08-01,6.05,Sunflower oil,Lebanon,El Nabatieh,RETAIL,5 Liter,liter,1.21
2015-09-01,8.52,Sunflower oil,Lebanon,El Nabatieh,RETAIL,5 Liter,liter,1.704
2015-10-01,6.47,Sunflower oil,Lebanon,El Nabatieh,RETAIL,5 Liter,liter,1.294
2015-11-01,6.3,Sunflower oil,Lebanon,El Nabatieh,RETAIL,5 Liter,liter,1.26
2015-12-01,6.03,Sunflower oil,Lebanon,El Nabatieh,RETAIL,5 Liter,liter,1.206
2016-01-01,6.47,Sunflower oil,Lebanon,El Nabatieh,RETAIL,5 Liter,liter,1.294
2016-02-01,6.47,Sunflower oil,Lebanon,El Nabatieh,RETAIL,5 Liter,liter,1.294
2016-03-01,6.55,Sunflower oil,Lebanon,El Nabatieh,RETAIL,5 Liter,liter,1.31
2016-04-01,6.19,Sunflower oil,Lebanon,El Nabatieh,RETAIL,5 Liter,liter,1.238
2016-05-01,,Sunflower oil,Lebanon,El Nabatieh,RETAIL,5 Liter,liter,
2016-06-01,,Sunflower oil,Lebanon,El Nabatieh,RETAIL,5 Liter,liter,
2016-07-01,,Sunflower oil,Lebanon,El Nabatieh,RETAIL,5 Liter,liter,
2016-08-01,,Sunflower oil,Lebanon,El Nabatieh,RETAIL,5 Liter,liter,
2016-09-01,,Sunflower oil,Lebanon,El Nabatieh,RETAIL,5 Liter,liter,
2016-10-01,,Sunflower oil,Lebanon,El Nabatieh,RETAIL,5 Liter,liter,
2016-11-01,,Sunflower oil,Lebanon,El Nabatieh,RETAIL,5 Liter,liter,
2016-12-01,,Sunflower oil,Lebanon,El Nabatieh,RETAIL,5 Liter,liter,
2017-01-01,2.3,Sunflower oil,Lebanon,El Nabatieh,RETAIL,5 Liter,liter,0.45999999999999996
2017-02-01,6.87,Sunflower oil,Lebanon,El Nabatieh,RETAIL,5 Liter,liter,1.374
2017-03-01,6.72,Sunflower oil,Lebanon,El Nabatieh,RETAIL,5 Liter,liter,1.3439999999999999
2017-04-01,6.84,Sunflower oil,Lebanon,El Nabatieh,RETAIL,5 Liter,liter,1.3679999999999999
2017-05-01,6.16,Sunflower oil,Lebanon,El Nabatieh,RETAIL,5 Liter,liter,1.232
2017-06-01,6.8,Sunflower oil,Lebanon,El Nabatieh,RETAIL,5 Liter,liter,1.3599999999999999
2017-07-01,6.89,Sunflower oil,Lebanon,El Nabatieh,RETAIL,5 Liter,liter,1.378
2017-08-01,6.98,Sunflower oil,Lebanon,El Nabatieh,RETAIL,5 Liter,liter,1.3960000000000001
2017-09-01,7.08,Sunflower oil,Lebanon,El Nabatieh,RETAIL,5 Liter,liter,1.416
2017-10-01,6.84,Sunflower oil,Lebanon,El Nabatieh,RETAIL,5 Liter,liter,1.3679999999999999
2017-11-01,6.86,Sunflower oil,Lebanon,El Nabatieh,RETAIL,5 Liter,liter,1.372
2017-12-01,6.81,Sunflower oil,Lebanon,El Nabatieh,RETAIL,5 Liter,liter,1.3619999999999999
2018-01-01,6.76,Sunflower oil,Lebanon,El Nabatieh,RETAIL,5 Liter,liter,1.3519999999999999
2018-02-01,6.97,Sunflower oil,Lebanon,El Nabatieh,RETAIL,5 Liter,liter,1.394
2018-03-01,6.92,Sunflower oil,Lebanon,El Nabatieh,RETAIL,5 Liter,liter,1.384
2018-04-01,6.92,Sunflower oil,Lebanon,El Nabatieh,RETAIL,5 Liter,liter,1.384
2018-05-01,6.97,Sunflower oil,Lebanon,El Nabatieh,RETAIL,5 Liter,liter,1.394
2018-06-01,6.8,Sunflower oil,Lebanon,El Nabatieh,RETAIL,5 Liter,liter,1.3599999999999999
2018-07-01,6.74,Sunflower oil,Lebanon,El Nabatieh,RETAIL,5 Liter,liter,1.348
2018-08-01,6.96,Sunflower oil,Lebanon,El Nabatieh,RETAIL,5 Liter,liter,1.392
2018-09-01,6.96,Sunflower oil,Lebanon,El Nabatieh,RETAIL,5 Liter,liter,1.392
2018-10-01,6.96,Sunflower oil,Lebanon,El Nabatieh,RETAIL,5 Liter,liter,1.392
2018-11-01,6.8,Sunflower oil,Lebanon,El Nabatieh,RETAIL,5 Liter,liter,1.3599999999999999
2018-12-01,6.8,Sunflower oil,Lebanon,El Nabatieh,RETAIL,5 Liter,liter,1.3599999999999999
2019-01-01,6.97,Sunflower oil,Lebanon,El Nabatieh,RETAIL,5 Liter,liter,1.394
2019-02-01,6.8,Sunflower oil,Lebanon,El Nabatieh,RETAIL,5 Liter,liter,1.3599999999999999
2019-03-01,6.97,Sunflower oil,Lebanon,El Nabatieh,RETAIL,5 Liter,liter,1.394
2019-04-01,6.63,Sunflower oil,Lebanon,El Nabatieh,RETAIL,5 Liter,liter,1.326
2019-05-01,6.92,Sunflower oil,Lebanon,El Nabatieh,RETAIL,5 Liter,liter,1.384
2019-06-01,6.9,Sunflower oil,Lebanon,El Nabatieh,RETAIL,5 Liter,liter,1.3800000000000001
2019-07-01,6.93,Sunflower oil,Lebanon,El Nabatieh,RETAIL,5 Liter,liter,1.386
2019-08-01,6.82,Sunflower oil,Lebanon,El Nabatieh,RETAIL,5 Liter,liter,1.364
2019-09-01,6.96,Sunflower oil,Lebanon,El Nabatieh,RETAIL,5 Liter,liter,1.392
2019-10-01,6.06,Sunflower oil,Lebanon,El Nabatieh,RETAIL,5 Liter,liter,1.212
2019-11-01,7.06,Sunflower oil,Lebanon,El Nabatieh,RETAIL,5 Liter,liter,1.412
2019-12-01,8.37,Sunflower oil,Lebanon,El Nabatieh,RETAIL,5 Liter,liter,1.674
2020-01-01,9.28,Sunflower oil,Lebanon,El Nabatieh,RETAIL,5 Liter,liter,1.8559999999999999
2020-02-01,9.18,Sunflower oil,Lebanon,El Nabatieh,RETAIL,5 Liter,liter,1.8359999999999999
2020-03-01,10.2,Sunflower oil,Lebanon,El Nabatieh,RETAIL,5 Liter,liter,2.04
2020-04-01,11.59,Sunflower oil,Lebanon,El Nabatieh,RETAIL,5 Liter,liter,2.318
2020-05-01,16.0,Sunflower oil,Lebanon,El Nabatieh,RETAIL,5 Liter,liter,3.2
2020-06-01,17.63,Sunflower oil,Lebanon,El Nabatieh,RETAIL,5 Liter,liter,3.526
2020-07-01,24.08,Sunflower oil,Lebanon,El Nabatieh,RETAIL,5 Liter,liter,4.816
2020-08-01,26.41,Sunflower oil,Lebanon,El Nabatieh,RETAIL,5 Liter,liter,5.282
2020-09-01,25.94,Sunflower oil,Lebanon,El Nabatieh,RETAIL,5 Liter,liter,5.188000000000001
2020-10-01,31.87,Sunflower oil,Lebanon,El Nabatieh,RETAIL,5 Liter,liter,6.3740000000000006
2020-11-01,33.16,Sunflower oil,Lebanon,El Nabatieh,RETAIL,5 Liter,liter,6.632
2020-12-01,,Sunflower oil,Lebanon,El Nabatieh,RETAIL,5 Liter,liter,
2021-01-01,46.1,Sunflower oil,Lebanon,El Nabatieh,RETAIL,5 Liter,liter,9.22
2021-02-01,48.29,Sunflower oil,Lebanon,El Nabatieh,RETAIL,5 Liter,liter,9.658
2021-03-01,56.68,Sunflower oil,Lebanon,El Nabatieh,RETAIL,5 Liter,liter,11.336
2021-04-01,77.18,Sunflower oil,Lebanon,El Nabatieh,RETAIL,5 Liter,liter,15.436000000000002
2021-05-01,71.48,Sunflower oil,Lebanon,El Nabatieh,RETAIL,5 Liter,liter,14.296000000000001
2021-06-01,84.8,Sunflower oil,Lebanon,El Nabatieh,RETAIL,5 Liter,liter,16.96
2021-07-01,108.28,Sunflower oil,Lebanon,El Nabatieh,RETAIL,5 Liter,liter,21.656
2021-08-01,112.57,Sunflower oil,Lebanon,El Nabatieh,RETAIL,5 Liter,liter,22.514
2021-09-01,111.7,Sunflower oil,Lebanon,El Nabatieh,RETAIL,5 Liter,liter,22.34
2021-10-01,118.17,Sunflower oil,Lebanon,El Nabatieh,RETAIL,5 Liter,liter,23.634
2021-11-01,133.56,Sunflower oil,Lebanon,El Nabatieh,RETAIL,5 Liter,liter,26.712
2021-12-01,166.83,Sunflower oil,Lebanon,El Nabatieh,RETAIL,5 Liter,liter,33.366
2022-01-01,181.95,Sunflower oil,Lebanon,El Nabatieh,RETAIL,5 Liter,liter,36.39
2022-02-01,135.53,Sunflower oil,Lebanon,El Nabatieh,RETAIL,5 Liter,liter,27.106
2022-03-01,213.82,Sunflower oil,Lebanon,El Nabatieh,RETAIL,5 Liter,liter,42.763999999999996
2022-04-01,264.29,Sunflower oil,Lebanon,El Nabatieh,RETAIL,5 Liter,liter,52.858000000000004
2022-05-01,279.77,Sunflower oil,Lebanon,El Nabatieh,RETAIL,5 Liter,liter,55.95399999999999
2022-06-01,266.61,Sunflower oil,Lebanon,El Nabatieh,RETAIL,5 Liter,liter,53.322
2022-07-01,267.3,Sunflower oil,Lebanon,El Nabatieh,RETAIL,5 Liter,liter,53.46
2022-08-01,286.23,Sunflower oil,Lebanon,El Nabatieh,RETAIL,5 Liter,liter,57.246
2022-09-01,308.05,Sunflower oil,Lebanon,El Nabatieh,RETAIL,5 Liter,liter,61.61
2022-10-01,279.86,Sunflower oil,Lebanon,El Nabatieh,RETAIL,5 Liter,liter,55.972
2022-11-01,275.29,Sunflower oil,Lebanon,El Nabatieh,RETAIL,5 Liter,liter,55.05800000000001
2022-12-01,287.42,Sunflower oil,Lebanon,El Nabatieh,RETAIL,5 Liter,liter,57.484
2023-01-01,329.28,Sunflower oil,Lebanon,El Nabatieh,RETAIL,5 Liter,liter,65.856
2023-02-01,46.83,Sunflower oil,Lebanon,El Nabatieh,RETAIL,5 Liter,liter,9.366
2023-03-01,63.27,Sunflower oil,Lebanon,El Nabatieh,RETAIL,5 Liter,liter,12.654
2023-04-01,61.75,Sunflower oil,Lebanon,El Nabatieh,RETAIL,5 Liter,liter,12.35
2023-05-01,58.73,Sunflower oil,Lebanon,El Nabatieh,RETAIL,5 Liter,liter,11.745999999999999
2023-06-01,58.65,Sunflower oil,Lebanon,El Nabatieh,RETAIL,5 Liter,liter,11.73
2023-07-01,55.81,Sunflower oil,Lebanon,El Nabatieh,RETAIL,5 Liter,liter,11.162
2023-08-01,54.25,Sunflower oil,Lebanon,El Nabatieh,RETAIL,5 Liter,liter,10.85
2023-09-01,54.36,Sunflower oil,Lebanon,El Nabatieh,RETAIL,5 Liter,liter,10.872
2023-10-01,49.77,Sunflower oil,Lebanon,El Nabatieh,RETAIL,5 Liter,liter,9.954
2023-11-01,44.91,Sunflower oil,Lebanon,El Nabatieh,RETAIL,5 Liter,liter,8.982
2023-12-01,44.96,Sunflower oil,Lebanon,El Nabatieh,RETAIL,5 Liter,liter,8.992
2024-01-01,44.19,Sunflower oil,Lebanon,El Nabatieh,RETAIL,5 Liter,liter,8.838
2024-02-01,59.75,Sunflower oil,Lebanon,El Nabatieh,RETAIL,5 Liter,liter,11.95
2024-03-01,7.59,Sunflower oil,Lebanon,El Nabatieh,RETAIL,5 Liter,liter,1.518
2024-04-01,6.82,Sunflower oil,Lebanon,El Nabatieh,RETAIL,5 Liter,liter,1.364
2024-05-01,6.8,Sunflower oil,Lebanon,El Nabatieh,RETAIL,5 Liter,liter,1.3599999999999999
2024-06-01,7.24,Sunflower oil,Lebanon,El Nabatieh,RETAIL,5 Liter,liter,1.448
2024-07-01,7.53,Sunflower oil,Lebanon,El Nabatieh,RETAIL,5 Liter,liter,1.506
2024-08-01,6.96,Sunflower oil,Lebanon,El Nabatieh,RETAIL,5 Liter,liter,1.392
2024-09-01,7.26,Sunflower oil,Lebanon,El Nabatieh,RETAIL,5 Liter,liter,1.452
2024-10-01,8.68,Sunflower oil,Lebanon,El Nabatieh,RETAIL,5 Liter,liter,1.736
2024-11-01,8.12,Sunflower oil,Lebanon,El Nabatieh,RETAIL,5 Liter,liter,1.6239999999999999
2024-12-01,8.07,Sunflower oil,Lebanon,El Nabatieh,RETAIL,5 Liter,liter,1.614
2025-01-01,8.22,Sunflower oil,Lebanon,El Nabatieh,RETAIL,5 Liter,liter,1.6440000000000001
2025-02-01,8.9,Sunflower oil,Lebanon,El Nabatieh,RETAIL,5 Liter,liter,1.78
2025-03-01,9.34,Sunflower oil,Lebanon,El Nabatieh,RETAIL,5 Liter,liter,1.8679999999999999
2025-04-01,9.35,Sunflower oil,Lebanon,El Nabatieh,RETAIL,5 Liter,liter,1.8699999999999999
2025-05-01,9.5,Sunflower oil,Lebanon,El Nabatieh,RETAIL,5 Liter,liter,1.9
2025-06-01,10.04,Sunflower oil,Lebanon,El Nabatieh,RETAIL,5 Liter,liter,2.008
2025-07-01,9.66,Sunflower oil,Lebanon,El Nabatieh,RETAIL,5 Liter,liter,1.932
2013-01-01,9.75,Sunflower oil,Lebanon,National Average,RETAIL,5 Liter,liter,1.95
2013-02-01,9.95,Sunflower oil,Lebanon,National Average,RETAIL,5 Liter,liter,1.9899999999999998
2013-03-01,9.63,Sunflower oil,Lebanon,National Average,RETAIL,5 Liter,liter,1.9260000000000002
2013-04-01,9.46,Sunflower oil,Lebanon,National Average,RETAIL,5 Liter,liter,1.8920000000000001
2013-05-01,9.82,Sunflower oil,Lebanon,National Average,RETAIL,5 Liter,liter,1.964
2013-06-01,9.49,Sunflower oil,Lebanon,National Average,RETAIL,5 Liter,liter,1.8980000000000001
2013-07-01,9.28,Sunflower oil,Lebanon,National Average,RETAIL,5 Liter,liter,1.8559999999999999
2013-08-01,8.38,Sunflower oil,Lebanon,National Average,RETAIL,5 Liter,liter,1.6760000000000002
2013-09-01,9.61,Sunflower oil,Lebanon,National Average,RETAIL,5 Liter,liter,1.922
2013-10-01,8.88,Sunflower oil,Lebanon,National Average,RETAIL,5 Liter,liter,1.7760000000000002
2013-11-01,9.07,Sunflower oil,Lebanon,National Average,RETAIL,5 Liter,liter,1.814
2013-12-01,8.79,Sunflower oil,Lebanon,National Average,RETAIL,5 Liter,liter,1.7579999999999998
2014-01-01,8.62,Sunflower oil,Lebanon,National Average,RETAIL,5 Liter,liter,1.7239999999999998
2014-02-01,8.12,Sunflower oil,Lebanon,National Average,RETAIL,5 Liter,liter,1.6239999999999999
2014-03-01,8.26,Sunflower oil,Lebanon,National Average,RETAIL,5 Liter,liter,1.652
2014-04-01,8.34,Sunflower oil,Lebanon,National Average,RETAIL,5 Liter,liter,1.668
2014-05-01,8.25,Sunflower oil,Lebanon,National Average,RETAIL,5 Liter,liter,1.65
2014-06-01,7.96,Sunflower oil,Lebanon,National Average,RETAIL,5 Liter,liter,1.592
2014-07-01,8.11,Sunflower oil,Lebanon,National Average,RETAIL,5 Liter,liter,1.6219999999999999
2014-08-01,7.66,Sunflower oil,Lebanon,National Average,RETAIL,5 Liter,liter,1.532
2014-09-01,7.7,Sunflower oil,Lebanon,National Average,RETAIL,5 Liter,liter,1.54
2014-10-01,7.92,Sunflower oil,Lebanon,National Average,RETAIL,5 Liter,liter,1.584
2014-11-01,7.43,Sunflower oil,Lebanon,National Average,RETAIL,5 Liter,liter,1.486
2014-12-01,7.29,Sunflower oil,Lebanon,National Average,RETAIL,5 Liter,liter,1.458
2015-01-01,7.44,Sunflower oil,Lebanon,National Average,RETAIL,5 Liter,liter,1.488
2015-02-01,7.25,Sunflower oil,Lebanon,National Average,RETAIL,5 Liter,liter,1.45
2015-03-01,7.21,Sunflower oil,Lebanon,National Average,RETAIL,5 Liter,liter,1.442
2015-04-01,7.14,Sunflower oil,Lebanon,National Average,RETAIL,5 Liter,liter,1.428
2015-05-01,7.06,Sunflower oil,Lebanon,National Average,RETAIL,5 Liter,liter,1.412
2015-06-01,7.13,Sunflower oil,Lebanon,National Average,RETAIL,5 Liter,liter,1.426
2015-07-01,6.82,Sunflower oil,Lebanon,National Average,RETAIL,5 Liter,liter,1.364
2015-08-01,7.05,Sunflower oil,Lebanon,National Average,RETAIL,5 Liter,liter,1.41
2015-09-01,7.3,Sunflower oil,Lebanon,National Average,RETAIL,5 Liter,liter,1.46
2015-10-01,6.88,Sunflower oil,Lebanon,National Average,RETAIL,5 Liter,liter,1.376
2015-11-01,6.62,Sunflower oil,Lebanon,National Average,RETAIL,5 Liter,liter,1.324
2015-12-01,6.47,Sunflower oil,Lebanon,National Average,RETAIL,5 Liter,liter,1.294
2016-01-01,6.54,Sunflower oil,Lebanon,National Average,RETAIL,5 Liter,liter,1.308
2016-02-01,6.78,Sunflower oil,Lebanon,National Average,RETAIL,5 Liter,liter,1.356
2016-03-01,6.83,Sunflower oil,Lebanon,National Average,RETAIL,5 Liter,liter,1.366
2016-04-01,6.57,Sunflower oil,Lebanon,National Average,RETAIL,5 Liter,liter,1.314
2016-05-01,,Sunflower oil,Lebanon,National Average,RETAIL,5 Liter,liter,
2016-06-01,,Sunflower oil,Lebanon,National Average,RETAIL,5 Liter,liter,
2016-07-01,,Sunflower oil,Lebanon,National Average,RETAIL,5 Liter,liter,
2016-08-01,,Sunflower oil,Lebanon,National Average,RETAIL,5 Liter,liter,
2016-09-01,,Sunflower oil,Lebanon,National Average,RETAIL,5 Liter,liter,
2016-10-01,,Sunflower oil,Lebanon,National Average,RETAIL,5 Liter,liter,
2016-11-01,,Sunflower oil,Lebanon,National Average,RETAIL,5 Liter,liter,
2016-12-01,,Sunflower oil,Lebanon,National Average,RETAIL,5 Liter,liter,
2017-01-01,6.31,Sunflower oil,Lebanon,National Average,RETAIL,5 Liter,liter,1.262
2017-02-01,7.03,Sunflower oil,Lebanon,National Average,RETAIL,5 Liter,liter,1.4060000000000001
2017-03-01,7.1,Sunflower oil,Lebanon,National Average,RETAIL,5 Liter,liter,1.42
2017-04-01,7.13,Sunflower oil,Lebanon,National Average,RETAIL,5 Liter,liter,1.426
2017-05-01,6.91,Sunflower oil,Lebanon,National Average,RETAIL,5 Liter,liter,1.3820000000000001
2017-06-01,6.3,Sunflower oil,Lebanon,National Average,RETAIL,5 Liter,liter,1.26
2017-07-01,7.03,Sunflower oil,Lebanon,National Average,RETAIL,5 Liter,liter,1.4060000000000001
2017-08-01,7.14,Sunflower oil,Lebanon,National Average,RETAIL,5 Liter,liter,1.428
2017-09-01,7.11,Sunflower oil,Lebanon,National Average,RETAIL,5 Liter,liter,1.4220000000000002
2017-10-01,7.05,Sunflower oil,Lebanon,National Average,RETAIL,5 Liter,liter,1.41
2017-11-01,7.08,Sunflower oil,Lebanon,National Average,RETAIL,5 Liter,liter,1.416
2017-12-01,6.99,Sunflower oil,Lebanon,National Average,RETAIL,5 Liter,liter,1.3980000000000001
2018-01-01,7.8,Sunflower oil,Lebanon,National Average,RETAIL,5 Liter,liter,1.56
2018-02-01,7.08,Sunflower oil,Lebanon,National Average,RETAIL,5 Liter,liter,1.416
2018-03-01,7.09,Sunflower oil,Lebanon,National Average,RETAIL,5 Liter,liter,1.418
2018-04-01,7.02,Sunflower oil,Lebanon,National Average,RETAIL,5 Liter,liter,1.404
2018-05-01,7.06,Sunflower oil,Lebanon,National Average,RETAIL,5 Liter,liter,1.412
2018-06-01,7.09,Sunflower oil,Lebanon,National Average,RETAIL,5 Liter,liter,1.418
2018-07-01,7.06,Sunflower oil,Lebanon,National Average,RETAIL,5 Liter,liter,1.412
2018-08-01,7.11,Sunflower oil,Lebanon,National Average,RETAIL,5 Liter,liter,1.4220000000000002
2018-09-01,7.11,Sunflower oil,Lebanon,National Average,RETAIL,5 Liter,liter,1.4220000000000002
2018-10-01,7.04,Sunflower oil,Lebanon,National Average,RETAIL,5 Liter,liter,1.408
2018-11-01,7.05,Sunflower oil,Lebanon,National Average,RETAIL,5 Liter,liter,1.41
2018-12-01,6.91,Sunflower oil,Lebanon,National Average,RETAIL,5 Liter,liter,1.3820000000000001
2019-01-01,6.96,Sunflower oil,Lebanon,National Average,RETAIL,5 Liter,liter,1.392
2019-02-01,6.89,Sunflower oil,Lebanon,National Average,RETAIL,5 Liter,liter,1.378
2019-03-01,6.97,Sunflower oil,Lebanon,National Average,RETAIL,5 Liter,liter,1.394
2019-04-01,6.93,Sunflower oil,Lebanon,National Average,RETAIL,5 Liter,liter,1.386
2019-05-01,6.87,Sunflower oil,Lebanon,National Average,RETAIL,5 Liter,liter,1.374
2019-06-01,6.79,Sunflower oil,Lebanon,National Average,RETAIL,5 Liter,liter,1.358
2019-07-01,6.81,Sunflower oil,Lebanon,National Average,RETAIL,5 Liter,liter,1.3619999999999999
2019-08-01,6.79,Sunflower oil,Lebanon,National Average,RETAIL,5 Liter,liter,1.358
2019-09-01,6.93,Sunflower oil,Lebanon,National Average,RETAIL,5 Liter,liter,1.386
2019-10-01,6.32,Sunflower oil,Lebanon,National Average,RETAIL,5 Liter,liter,1.264
2019-11-01,6.98,Sunflower oil,Lebanon,National Average,RETAIL,5 Liter,liter,1.3960000000000001
2019-12-01,8.79,Sunflower oil,Lebanon,National Average,RETAIL,5 Liter,liter,1.7579999999999998
2020-01-01,9.6,Sunflower oil,Lebanon,National Average,RETAIL,5 Liter,liter,1.92
2020-02-01,9.6,Sunflower oil,Lebanon,National Average,RETAIL,5 Liter,liter,1.92
2020-03-01,10.36,Sunflower oil,Lebanon,National Average,RETAIL,5 Liter,liter,2.072
2020-04-01,11.76,Sunflower oil,Lebanon,National Average,RETAIL,5 Liter,liter,2.352
2020-05-01,16.46,Sunflower oil,Lebanon,National Average,RETAIL,5 Liter,liter,3.2920000000000003
2020-06-01,17.22,Sunflower oil,Lebanon,National Average,RETAIL,5 Liter,liter,3.444
2020-07-01,22.42,Sunflower oil,Lebanon,National Average,RETAIL,5 Liter,liter,4.484
2020-08-01,24.02,Sunflower oil,Lebanon,National Average,RETAIL,5 Liter,liter,4.804
2020-09-01,25.37,Sunflower oil,Lebanon,National Average,RETAIL,5 Liter,liter,5.074
2020-10-01,30.11,Sunflower oil,Lebanon,National Average,RETAIL,5 Liter,liter,6.022
2020-11-01,30.78,Sunflower oil,Lebanon,National Average,RETAIL,5 Liter,liter,6.156000000000001
2020-12-01,35.09,Sunflower oil,Lebanon,National Average,RETAIL,5 Liter,liter,7.018000000000001
2021-01-01,43.49,Sunflower oil,Lebanon,National Average,RETAIL,5 Liter,liter,8.698
2021-02-01,45.23,Sunflower oil,Lebanon,National Average,RETAIL,5 Liter,liter,9.046
2021-03-01,56.37,Sunflower oil,Lebanon,National Average,RETAIL,5 Liter,liter,11.274
2021-04-01,73.22,Sunflower oil,Lebanon,National Average,RETAIL,5 Liter,liter,14.644
2021-05-01,74.4,Sunflower oil,Lebanon,National Average,RETAIL,5 Liter,liter,14.88
2021-06-01,83.29,Sunflower oil,Lebanon,National Average,RETAIL,5 Liter,liter,16.658
2021-07-01,104.41,Sunflower oil,Lebanon,National Average,RETAIL,5 Liter,liter,20.881999999999998
2021-08-01,112.47,Sunflower oil,Lebanon,National Average,RETAIL,5 Liter,liter,22.494
2021-09-01,106.4,Sunflower oil,Lebanon,National Average,RETAIL,5 Liter,liter,21.28
2021-10-01,115.11,Sunflower oil,Lebanon,National Average,RETAIL,5 Liter,liter,23.022
2021-11-01,134.32,Sunflower oil,Lebanon,National Average,RETAIL,5 Liter,liter,26.863999999999997
2021-12-01,158.52,Sunflower oil,Lebanon,National Average,RETAIL,5 Liter,liter,31.704
2022-01-01,176.28,Sunflower oil,Lebanon,National Average,RETAIL,5 Liter,liter,35.256
2022-02-01,138.64,Sunflower oil,Lebanon,National Average,RETAIL,5 Liter,liter,27.727999999999998
2022-03-01,232.77,Sunflower oil,Lebanon,National Average,RETAIL,5 Liter,liter,46.554
2022-04-01,268.36,Sunflower oil,Lebanon,National Average,RETAIL,5 Liter,liter,53.672000000000004
2022-05-01,274.26,Sunflower oil,Lebanon,National Average,RETAIL,5 Liter,liter,54.852
2022-06-01,269.7,Sunflower oil,Lebanon,National Average,RETAIL,5 Liter,liter,53.94
2022-07-01,267.11,Sunflower oil,Lebanon,National Average,RETAIL,5 Liter,liter,53.422000000000004
2022-08-01,267.34,Sunflower oil,Lebanon,National Average,RETAIL,5 Liter,liter,53.467999999999996
2022-09-01,283.17,Sunflower oil,Lebanon,National Average,RETAIL,5 Liter,liter,56.634
2022-10-01,285.68,Sunflower oil,Lebanon,National Average,RETAIL,5 Liter,liter,57.136
2022-11-01,277.91,Sunflower oil,Lebanon,National Average,RETAIL,5 Liter,liter,55.58200000000001
2022-12-01,288.67,Sunflower oil,Lebanon,National Average,RETAIL,5 Liter,liter,57.734
2023-01-01,317.88,Sunflower oil,Lebanon,National Average,RETAIL,5 Liter,liter,63.576
2023-02-01,45.64,Sunflower oil,Lebanon,National Average,RETAIL,5 Liter,liter,9.128
2023-03-01,62.32,Sunflower oil,Lebanon,National Average,RETAIL,5 Liter,liter,12.464
2023-04-01,62.08,Sunflower oil,Lebanon,National Average,RETAIL,5 Liter,liter,12.416
2023-05-01,52.69,Sunflower oil,Lebanon,National Average,RETAIL,5 Liter,liter,10.538
2023-06-01,57.89,Sunflower oil,Lebanon,National Average,RETAIL,5 Liter,liter,11.578
2023-07-01,53.73,Sunflower oil,Lebanon,National Average,RETAIL,5 Liter,liter,10.745999999999999
2023-08-01,51.9,Sunflower oil,Lebanon,National Average,RETAIL,5 Liter,liter,10.379999999999999
2023-09-01,54.51,Sunflower oil,Lebanon,National Average,RETAIL,5 Liter,liter,10.902
2023-10-01,46.64,Sunflower oil,Lebanon,National Average,RETAIL,5 Liter,liter,9.328
2023-11-01,46.0,Sunflower oil,Lebanon,National Average,RETAIL,5 Liter,liter,9.2
2023-12-01,45.26,Sunflower oil,Lebanon,National Average,RETAIL,5 Liter,liter,9.052
2024-01-01,44.57,Sunflower oil,Lebanon,National Average,RETAIL,5 Liter,liter,8.914
2024-02-01,63.68,Sunflower oil,Lebanon,National Average,RETAIL,5 Liter,liter,12.736
2024-03-01,7.44,Sunflower oil,Lebanon,National Average,RETAIL,5 Liter,liter,1.488
2024-04-01,7.29,Sunflower oil,Lebanon,National Average,RETAIL,5 Liter,liter,1.458
2024-05-01,7.23,Sunflower oil,Lebanon,National Average,RETAIL,5 Liter,liter,1.4460000000000002
2024-06-01,7.31,Sunflower oil,Lebanon,National Average,RETAIL,5 Liter,liter,1.462
2024-07-01,7.36,Sunflower oil,Lebanon,National Average,RETAIL,5 Liter,liter,1.472
2024-08-01,7.3,Sunflower oil,Lebanon,National Average,RETAIL,5 Liter,liter,1.46
2024-09-01,7.37,Sunflower oil,Lebanon,National Average,RETAIL,5 Liter,liter,1.474
2024-10-01,7.77,Sunflower oil,Lebanon,National Average,RETAIL,5 Liter,liter,1.5539999999999998
2024-11-01,8.39,Sunflower oil,Lebanon,National Average,RETAIL,5 Liter,liter,1.6780000000000002
2024-12-01,8.39,Sunflower oil,Lebanon,National Average,RETAIL,5 Liter,liter,1.6780000000000002
2025-01-01,9.05,Sunflower oil,Lebanon,National Average,RETAIL,5 Liter,liter,1.81
2025-02-01,9.17,Sunflower oil,Lebanon,National Average,RETAIL,5 Liter,liter,1.834
2025-03-01,9.28,Sunflower oil,Lebanon,National Average,RETAIL,5 Liter,liter,1.8559999999999999
2025-04-01,9.29,Sunflower oil,Lebanon,National Average,RETAIL,5 Liter,liter,1.8579999999999999
2025-05-01,9.4,Sunflower oil,Lebanon,National Average,RETAIL,5 Liter,liter,1.8800000000000001
2025-06-01,9.76,Sunflower oil,Lebanon,National Average,RETAIL,5 Liter,liter,1.952
2025-07-01,9.28,Sunflower oil,Lebanon,National Average,RETAIL,5 Liter,liter,1.8559999999999999
2012-08-01,7.96,Sunflower oil,Lebanon,North,RETAIL,5 Liter,liter,1.592
2012-09-01,7.83,Sunflower oil,Lebanon,North,RETAIL,5 Liter,liter,1.566
2012-10-01,10.3,Sunflower oil,Lebanon,North,RETAIL,5 Liter,liter,2.06
2012-11-01,10.3,Sunflower oil,Lebanon,North,RETAIL,5 Liter,liter,2.06
2012-12-01,10.45,Sunflower oil,Lebanon,North,RETAIL,5 Liter,liter,2.09
2013-01-01,10.42,Sunflower oil,Lebanon,North,RETAIL,5 Liter,liter,2.084
2013-02-01,10.29,Sunflower oil,Lebanon,North,RETAIL,5 Liter,liter,2.058
2013-03-01,10.13,Sunflower oil,Lebanon,North,RETAIL,5 Liter,liter,2.0260000000000002
2013-04-01,10.4,Sunflower oil,Lebanon,North,RETAIL,5 Liter,liter,2.08
2013-05-01,10.35,Sunflower oil,Lebanon,North,RETAIL,5 Liter,liter,2.07
2013-06-01,9.74,Sunflower oil,Lebanon,North,RETAIL,5 Liter,liter,1.948
2013-07-01,10.23,Sunflower oil,Lebanon,North,RETAIL,5 Liter,liter,2.0460000000000003
2013-08-01,10.19,Sunflower oil,Lebanon,North,RETAIL,5 Liter,liter,2.038
2013-09-01,10.29,Sunflower oil,Lebanon,North,RETAIL,5 Liter,liter,2.058
2013-10-01,9.32,Sunflower oil,Lebanon,North,RETAIL,5 Liter,liter,1.864
2013-11-01,8.79,Sunflower oil,Lebanon,North,RETAIL,5 Liter,liter,1.7579999999999998
2013-12-01,8.6,Sunflower oil,Lebanon,North,RETAIL,5 Liter,liter,1.72
2014-01-01,9.25,Sunflower oil,Lebanon,North,RETAIL,5 Liter,liter,1.85
2014-02-01,,Sunflower oil,Lebanon,North,RETAIL,5 Liter,liter,
2014-03-01,8.68,Sunflower oil,Lebanon,North,RETAIL,5 Liter,liter,1.736
2014-04-01,8.12,Sunflower oil,Lebanon,North,RETAIL,5 Liter,liter,1.6239999999999999
2014-05-01,8.14,Sunflower oil,Lebanon,North,RETAIL,5 Liter,liter,1.6280000000000001
2014-06-01,7.73,Sunflower oil,Lebanon,North,RETAIL,5 Liter,liter,1.546
2014-07-01,7.95,Sunflower oil,Lebanon,North,RETAIL,5 Liter,liter,1.59
2014-08-01,7.71,Sunflower oil,Lebanon,North,RETAIL,5 Liter,liter,1.542
2014-09-01,7.81,Sunflower oil,Lebanon,North,RETAIL,5 Liter,liter,1.5619999999999998
2014-10-01,7.78,Sunflower oil,Lebanon,North,RETAIL,5 Liter,liter,1.556
2014-11-01,7.51,Sunflower oil,Lebanon,North,RETAIL,5 Liter,liter,1.502
2014-12-01,7.31,Sunflower oil,Lebanon,North,RETAIL,5 Liter,liter,1.462
2015-01-01,7.01,Sunflower oil,Lebanon,North,RETAIL,5 Liter,liter,1.402
2015-02-01,7.57,Sunflower oil,Lebanon,North,RETAIL,5 Liter,liter,1.514
2015-03-01,7.09,Sunflower oil,Lebanon,North,RETAIL,5 Liter,liter,1.418
2015-04-01,6.85,Sunflower oil,Lebanon,North,RETAIL,5 Liter,liter,1.3699999999999999
2015-05-01,6.39,Sunflower oil,Lebanon,North,RETAIL,5 Liter,liter,1.278
2015-06-01,6.7,Sunflower oil,Lebanon,North,RETAIL,5 Liter,liter,1.34
2015-07-01,6.41,Sunflower oil,Lebanon,North,RETAIL,5 Liter,liter,1.282
2015-08-01,6.68,Sunflower oil,Lebanon,North,RETAIL,5 Liter,liter,1.3359999999999999
2015-09-01,6.47,Sunflower oil,Lebanon,North,RETAIL,5 Liter,liter,1.294
2015-10-01,6.62,Sunflower oil,Lebanon,North,RETAIL,5 Liter,liter,1.324
2015-11-01,6.54,Sunflower oil,Lebanon,North,RETAIL,5 Liter,liter,1.308
2015-12-01,6.15,Sunflower oil,Lebanon,North,RETAIL,5 Liter,liter,1.23
2016-01-01,7.44,Sunflower oil,Lebanon,North,RETAIL,5 Liter,liter,1.488
2016-02-01,6.31,Sunflower oil,Lebanon,North,RETAIL,5 Liter,liter,1.262
2016-03-01,6.78,Sunflower oil,Lebanon,North,RETAIL,5 Liter,liter,1.356
2016-04-01,6.55,Sunflower oil,Lebanon,North,RETAIL,5 Liter,liter,1.31
2016-05-01,,Sunflower oil,Lebanon,North,RETAIL,5 Liter,liter,
2016-06-01,,Sunflower oil,Lebanon,North,RETAIL,5 Liter,liter,
2016-07-01,,Sunflower oil,Lebanon,North,RETAIL,5 Liter,liter,
2016-08-01,,Sunflower oil,Lebanon,North,RETAIL,5 Liter,liter,
2016-09-01,,Sunflower oil,Lebanon,North,RETAIL,5 Liter,liter,
2016-10-01,,Sunflower oil,Lebanon,North,RETAIL,5 Liter,liter,
2016-11-01,,Sunflower oil,Lebanon,North,RETAIL,5 Liter,liter,
2016-12-01,,Sunflower oil,Lebanon,North,RETAIL,5 Liter,liter,
2017-01-01,7.3,Sunflower oil,Lebanon,North,RETAIL,5 Liter,liter,1.46
2017-02-01,6.97,Sunflower oil,Lebanon,North,RETAIL,5 Liter,liter,1.394
2017-03-01,7.21,Sunflower oil,Lebanon,North,RETAIL,5 Liter,liter,1.442
2017-04-01,7.28,Sunflower oil,Lebanon,North,RETAIL,5 Liter,liter,1.456
2017-05-01,7.13,Sunflower oil,Lebanon,North,RETAIL,5 Liter,liter,1.426
2017-06-01,7.21,Sunflower oil,Lebanon,North,RETAIL,5 Liter,liter,1.442
2017-07-01,7.22,Sunflower oil,Lebanon,North,RETAIL,5 Liter,liter,1.444
2017-08-01,7.13,Sunflower oil,Lebanon,North,RETAIL,5 Liter,liter,1.426
2017-09-01,7.13,Sunflower oil,Lebanon,North,RETAIL,5 Liter,liter,1.426
2017-10-01,7.3,Sunflower oil,Lebanon,North,RETAIL,5 Liter,liter,1.46
2017-11-01,7.13,Sunflower oil,Lebanon,North,RETAIL,5 Liter,liter,1.426
2017-12-01,7.13,Sunflower oil,Lebanon,North,RETAIL,5 Liter,liter,1.426
2018-01-01,7.15,Sunflower oil,Lebanon,North,RETAIL,5 Liter,liter,1.4300000000000002
2018-02-01,7.21,Sunflower oil,Lebanon,North,RETAIL,5 Liter,liter,1.442
2018-03-01,7.21,Sunflower oil,Lebanon,North,RETAIL,5 Liter,liter,1.442
2018-04-01,7.3,Sunflower oil,Lebanon,North,RETAIL,5 Liter,liter,1.46
2018-05-01,7.21,Sunflower oil,Lebanon,North,RETAIL,5 Liter,liter,1.442
2018-06-01,7.21,Sunflower oil,Lebanon,North,RETAIL,5 Liter,liter,1.442
2018-07-01,7.13,Sunflower oil,Lebanon,North,RETAIL,5 Liter,liter,1.426
2018-08-01,7.13,Sunflower oil,Lebanon,North,RETAIL,5 Liter,liter,1.426
2018-09-01,7.13,Sunflower oil,Lebanon,North,RETAIL,5 Liter,liter,1.426
2018-10-01,7.13,Sunflower oil,Lebanon,North,RETAIL,5 Liter,liter,1.426
2018-11-01,7.12,Sunflower oil,Lebanon,North,RETAIL,5 Liter,liter,1.424
2018-12-01,7.13,Sunflower oil,Lebanon,North,RETAIL,5 Liter,liter,1.426
2019-01-01,7.13,Sunflower oil,Lebanon,North,RETAIL,5 Liter,liter,1.426
2019-02-01,7.13,Sunflower oil,Lebanon,North,RETAIL,5 Liter,liter,1.426
2019-03-01,6.97,Sunflower oil,Lebanon,North,RETAIL,5 Liter,liter,1.394
2019-04-01,6.96,Sunflower oil,Lebanon,North,RETAIL,5 Liter,liter,1.392
2019-05-01,6.83,Sunflower oil,Lebanon,North,RETAIL,5 Liter,liter,1.366
2019-06-01,6.8,Sunflower oil,Lebanon,North,RETAIL,5 Liter,liter,1.3599999999999999
2019-07-01,6.8,Sunflower oil,Lebanon,North,RETAIL,5 Liter,liter,1.3599999999999999
2019-08-01,6.8,Sunflower oil,Lebanon,North,RETAIL,5 Liter,liter,1.3599999999999999
2019-09-01,6.97,Sunflower oil,Lebanon,North,RETAIL,5 Liter,liter,1.394
2019-10-01,6.45,Sunflower oil,Lebanon,North,RETAIL,5 Liter,liter,1.29
2019-11-01,7.04,Sunflower oil,Lebanon,North,RETAIL,5 Liter,liter,1.408
2019-12-01,9.44,Sunflower oil,Lebanon,North,RETAIL,5 Liter,liter,1.888
2020-01-01,10.51,Sunflower oil,Lebanon,North,RETAIL,5 Liter,liter,2.102
2020-02-01,10.05,Sunflower oil,Lebanon,North,RETAIL,5 Liter,liter,2.0100000000000002
2020-03-01,10.71,Sunflower oil,Lebanon,North,RETAIL,5 Liter,liter,2.1420000000000003
2020-04-01,12.51,Sunflower oil,Lebanon,North,RETAIL,5 Liter,liter,2.502
2020-05-01,17.28,Sunflower oil,Lebanon,North,RETAIL,5 Liter,liter,3.4560000000000004
2020-06-01,18.92,Sunflower oil,Lebanon,North,RETAIL,5 Liter,liter,3.7840000000000003
2020-07-01,26.72,Sunflower oil,Lebanon,North,RETAIL,5 Liter,liter,5.343999999999999
2020-08-01,26.38,Sunflower oil,Lebanon,North,RETAIL,5 Liter,liter,5.276
2020-09-01,26.09,Sunflower oil,Lebanon,North,RETAIL,5 Liter,liter,5.218
2020-10-01,30.53,Sunflower oil,Lebanon,North,RETAIL,5 Liter,liter,6.106
2020-11-01,32.33,Sunflower oil,Lebanon,North,RETAIL,5 Liter,liter,6.465999999999999
2020-12-01,37.22,Sunflower oil,Lebanon,North,RETAIL,5 Liter,liter,7.444
2021-01-01,44.04,Sunflower oil,Lebanon,North,RETAIL,5 Liter,liter,8.808
2021-02-01,44.41,Sunflower oil,Lebanon,North,RETAIL,5 Liter,liter,8.882
2021-03-01,55.41,Sunflower oil,Lebanon,North,RETAIL,5 Liter,liter,11.081999999999999
2021-04-01,76.12,Sunflower oil,Lebanon,North,RETAIL,5 Liter,liter,15.224
2021-05-01,76.31,Sunflower oil,Lebanon,North,RETAIL,5 Liter,liter,15.262
2021-06-01,86.46,Sunflower oil,Lebanon,North,RETAIL,5 Liter,liter,17.291999999999998
2021-07-01,111.72,Sunflower oil,Lebanon,North,RETAIL,5 Liter,liter,22.344
2021-08-01,125.0,Sunflower oil,Lebanon,North,RETAIL,5 Liter,liter,25.0
2021-09-01,103.06,Sunflower oil,Lebanon,North,RETAIL,5 Liter,liter,20.612000000000002
2021-10-01,118.87,Sunflower oil,Lebanon,North,RETAIL,5 Liter,liter,23.774
2021-11-01,143.21,Sunflower oil,Lebanon,North,RETAIL,5 Liter,liter,28.642000000000003
2021-12-01,167.95,Sunflower oil,Lebanon,North,RETAIL,5 Liter,liter,33.589999999999996
2022-01-01,174.17,Sunflower oil,Lebanon,North,RETAIL,5 Liter,liter,34.833999999999996
2022-02-01,137.92,Sunflower oil,Lebanon,North,RETAIL,5 Liter,liter,27.583999999999996
2022-03-01,232.6,Sunflower oil,Lebanon,North,RETAIL,5 Liter,liter,46.519999999999996
2022-04-01,275.4,Sunflower oil,Lebanon,North,RETAIL,5 Liter,liter,55.08
2022-05-01,276.83,Sunflower oil,Lebanon,North,RETAIL,5 Liter,liter,55.366
2022-06-01,270.07,Sunflower oil,Lebanon,North,RETAIL,5 Liter,liter,54.013999999999996
2022-07-01,272.05,Sunflower oil,Lebanon,North,RETAIL,5 Liter,liter,54.410000000000004
2022-08-01,264.51,Sunflower oil,Lebanon,North,RETAIL,5 Liter,liter,52.902
2022-09-01,263.9,Sunflower oil,Lebanon,North,RETAIL,5 Liter,liter,52.779999999999994
2022-10-01,290.18,Sunflower oil,Lebanon,North,RETAIL,5 Liter,liter,58.036
2022-11-01,285.39,Sunflower oil,Lebanon,North,RETAIL,5 Liter,liter,57.077999999999996
2022-12-01,292.85,Sunflower oil,Lebanon,North,RETAIL,5 Liter,liter,58.57000000000001
2023-01-01,317.86,Sunflower oil,Lebanon,North,RETAIL,5 Liter,liter,63.572
2023-02-01,44.61,Sunflower oil,Lebanon,North,RETAIL,5 Liter,liter,8.922
2023-03-01,59.4,Sunflower oil,Lebanon,North,RETAIL,5 Liter,liter,11.879999999999999
2023-04-01,59.11,Sunflower oil,Lebanon,North,RETAIL,5 Liter,liter,11.822
2023-05-01,44.22,Sunflower oil,Lebanon,North,RETAIL,5 Liter,liter,8.844
2023-06-01,57.3,Sunflower oil,Lebanon,North,RETAIL,5 Liter,liter,11.459999999999999
2023-07-01,53.46,Sunflower oil,Lebanon,North,RETAIL,5 Liter,liter,10.692
2023-08-01,52.12,Sunflower oil,Lebanon,North,RETAIL,5 Liter,liter,10.424
2023-09-01,56.55,Sunflower oil,Lebanon,North,RETAIL,5 Liter,liter,11.309999999999999
2023-10-01,47.64,Sunflower oil,Lebanon,North,RETAIL,5 Liter,liter,9.528
2023-11-01,47.59,Sunflower oil,Lebanon,North,RETAIL,5 Liter,liter,9.518
2023-12-01,46.01,Sunflower oil,Lebanon,North,RETAIL,5 Liter,liter,9.202
2024-01-01,47.06,Sunflower oil,Lebanon,North,RETAIL,5 Liter,liter,9.412
2024-02-01,65.14,Sunflower oil,Lebanon,North,RETAIL,5 Liter,liter,13.028
2024-03-01,7.56,Sunflower oil,Lebanon,North,RETAIL,5 Liter,liter,1.512
2024-04-01,7.48,Sunflower oil,Lebanon,North,RETAIL,5 Liter,liter,1.496
2024-05-01,7.51,Sunflower oil,Lebanon,North,RETAIL,5 Liter,liter,1.502
2024-06-01,7.49,Sunflower oil,Lebanon,North,RETAIL,5 Liter,liter,1.498
2024-07-01,7.59,Sunflower oil,Lebanon,North,RETAIL,5 Liter,liter,1.518
2024-08-01,7.72,Sunflower oil,Lebanon,North,RETAIL,5 Liter,liter,1.544
2024-09-01,7.56,Sunflower oil,Lebanon,North,RETAIL,5 Liter,liter,1.512
2024-10-01,7.68,Sunflower oil,Lebanon,North,RETAIL,5 Liter,liter,1.536
2024-11-01,8.56,Sunflower oil,Lebanon,North,RETAIL,5 Liter,liter,1.7120000000000002
2024-12-01,8.69,Sunflower oil,Lebanon,North,RETAIL,5 Liter,liter,1.738
2025-01-01,9.26,Sunflower oil,Lebanon,North,RETAIL,5 Liter,liter,1.8519999999999999
2025-02-01,9.47,Sunflower oil,Lebanon,North,RETAIL,5 Liter,liter,1.8940000000000001
2025-03-01,9.42,Sunflower oil,Lebanon,North,RETAIL,5 Liter,liter,1.884
2025-04-01,9.43,Sunflower oil,Lebanon,North,RETAIL,5 Liter,liter,1.886
2025-05-01,9.31,Sunflower oil,Lebanon,North,RETAIL,5 Liter,liter,1.862
2025-06-01,9.84,Sunflower oil,Lebanon,North,RETAIL,5 Liter,liter,1.968
2025-07-01,9.45,Sunflower oil,Lebanon,North,RETAIL,5 Liter,liter,1.89
2012-12-01,8.78,Sunflower oil,Lebanon,South,RETAIL,5 Liter,liter,1.7559999999999998
2013-01-01,10.19,Sunflower oil,Lebanon,South,RETAIL,5 Liter,liter,2.038
2013-02-01,10.42,Sunflower oil,Lebanon,South,RETAIL,5 Liter,liter,2.084
2013-03-01,9.46,Sunflower oil,Lebanon,South,RETAIL,5 Liter,liter,1.8920000000000001
2013-04-01,8.61,Sunflower oil,Lebanon,South,RETAIL,5 Liter,liter,1.722
2013-05-01,10.31,Sunflower oil,Lebanon,South,RETAIL,5 Liter,liter,2.0620000000000003
2013-06-01,8.18,Sunflower oil,Lebanon,South,RETAIL,5 Liter,liter,1.636
2013-07-01,8.07,Sunflower oil,Lebanon,South,RETAIL,5 Liter,liter,1.614
2013-08-01,7.55,Sunflower oil,Lebanon,South,RETAIL,5 Liter,liter,1.51
2013-09-01,,Sunflower oil,Lebanon,South,RETAIL,5 Liter,liter,
2013-10-01,7.88,Sunflower oil,Lebanon,South,RETAIL,5 Liter,liter,1.576
2013-11-01,8.32,Sunflower oil,Lebanon,South,RETAIL,5 Liter,liter,1.6640000000000001
2013-12-01,8.37,Sunflower oil,Lebanon,South,RETAIL,5 Liter,liter,1.674
2014-01-01,8.13,Sunflower oil,Lebanon,South,RETAIL,5 Liter,liter,1.6260000000000001
2014-02-01,8.29,Sunflower oil,Lebanon,South,RETAIL,5 Liter,liter,1.658
2014-03-01,,Sunflower oil,Lebanon,South,RETAIL,5 Liter,liter,
2014-04-01,8.87,Sunflower oil,Lebanon,South,RETAIL,5 Liter,liter,1.7739999999999998
2014-05-01,7.3,Sunflower oil,Lebanon,South,RETAIL,5 Liter,liter,1.46
2014-06-01,,Sunflower oil,Lebanon,South,RETAIL,5 Liter,liter,
2014-07-01,7.38,Sunflower oil,Lebanon,South,RETAIL,5 Liter,liter,1.476
2014-08-01,6.63,Sunflower oil,Lebanon,South,RETAIL,5 Liter,liter,1.326
2014-09-01,,Sunflower oil,Lebanon,South,RETAIL,5 Liter,liter,
2014-10-01,7.63,Sunflower oil,Lebanon,South,RETAIL,5 Liter,liter,1.526
2014-11-01,7.3,Sunflower oil,Lebanon,South,RETAIL,5 Liter,liter,1.46
2014-12-01,6.63,Sunflower oil,Lebanon,South,RETAIL,5 Liter,liter,1.326
2015-01-01,8.37,Sunflower oil,Lebanon,South,RETAIL,5 Liter,liter,1.674
2015-02-01,6.47,Sunflower oil,Lebanon,South,RETAIL,5 Liter,liter,1.294
2015-03-01,7.08,Sunflower oil,Lebanon,South,RETAIL,5 Liter,liter,1.416
2015-04-01,7.31,Sunflower oil,Lebanon,South,RETAIL,5 Liter,liter,1.462
2015-05-01,6.63,Sunflower oil,Lebanon,South,RETAIL,5 Liter,liter,1.326
2015-06-01,6.57,Sunflower oil,Lebanon,South,RETAIL,5 Liter,liter,1.314
2015-07-01,6.43,Sunflower oil,Lebanon,South,RETAIL,5 Liter,liter,1.286
2015-08-01,6.44,Sunflower oil,Lebanon,South,RETAIL,5 Liter,liter,1.288
2015-09-01,6.44,Sunflower oil,Lebanon,South,RETAIL,5 Liter,liter,1.288
2015-10-01,6.97,Sunflower oil,Lebanon,South,RETAIL,5 Liter,liter,1.394
2015-11-01,6.97,Sunflower oil,Lebanon,South,RETAIL,5 Liter,liter,1.394
2015-12-01,6.63,Sunflower oil,Lebanon,South,RETAIL,5 Liter,liter,1.326
2016-01-01,6.05,Sunflower oil,Lebanon,South,RETAIL,5 Liter,liter,1.21
2016-02-01,6.08,Sunflower oil,Lebanon,South,RETAIL,5 Liter,liter,1.216
2016-03-01,6.47,Sunflower oil,Lebanon,South,RETAIL,5 Liter,liter,1.294
2016-04-01,6.49,Sunflower oil,Lebanon,South,RETAIL,5 Liter,liter,1.298
2016-05-01,,Sunflower oil,Lebanon,South,RETAIL,5 Liter,liter,
2016-06-01,,Sunflower oil,Lebanon,South,RETAIL,5 Liter,liter,
2016-07-01,,Sunflower oil,Lebanon,South,RETAIL,5 Liter,liter,
2016-08-01,,Sunflower oil,Lebanon,South,RETAIL,5 Liter,liter,
2016-09-01,,Sunflower oil,Lebanon,South,RETAIL,5 Liter,liter,
2016-10-01,,Sunflower oil,Lebanon,South,RETAIL,5 Liter,liter,
2016-11-01,,Sunflower oil,Lebanon,South,RETAIL,5 Liter,liter,
2016-12-01,,Sunflower oil,Lebanon,South,RETAIL,5 Liter,liter,
2017-01-01,6.93,Sunflower oil,Lebanon,South,RETAIL,5 Liter,liter,1.386
2017-02-01,6.97,Sunflower oil,Lebanon,South,RETAIL,5 Liter,liter,1.394
2017-03-01,6.97,Sunflower oil,Lebanon,South,RETAIL,5 Liter,liter,1.394
2017-04-01,6.97,Sunflower oil,Lebanon,South,RETAIL,5 Liter,liter,1.394
2017-05-01,6.8,Sunflower oil,Lebanon,South,RETAIL,5 Liter,liter,1.3599999999999999
2017-06-01,2.16,Sunflower oil,Lebanon,South,RETAIL,5 Liter,liter,0.43200000000000005
2017-07-01,6.72,Sunflower oil,Lebanon,South,RETAIL,5 Liter,liter,1.3439999999999999
2017-08-01,7.21,Sunflower oil,Lebanon,South,RETAIL,5 Liter,liter,1.442
2017-09-01,6.8,Sunflower oil,Lebanon,South,RETAIL,5 Liter,liter,1.3599999999999999
2017-10-01,6.8,Sunflower oil,Lebanon,South,RETAIL,5 Liter,liter,1.3599999999999999
2017-11-01,6.97,Sunflower oil,Lebanon,South,RETAIL,5 Liter,liter,1.394
2017-12-01,6.8,Sunflower oil,Lebanon,South,RETAIL,5 Liter,liter,1.3599999999999999
2018-01-01,6.97,Sunflower oil,Lebanon,South,RETAIL,5 Liter,liter,1.394
2018-02-01,6.8,Sunflower oil,Lebanon,South,RETAIL,5 Liter,liter,1.3599999999999999
2018-03-01,6.63,Sunflower oil,Lebanon,South,RETAIL,5 Liter,liter,1.326
2018-04-01,6.63,Sunflower oil,Lebanon,South,RETAIL,5 Liter,liter,1.326
2018-05-01,6.63,Sunflower oil,Lebanon,South,RETAIL,5 Liter,liter,1.326
2018-06-01,6.63,Sunflower oil,Lebanon,South,RETAIL,5 Liter,liter,1.326
2018-07-01,6.97,Sunflower oil,Lebanon,South,RETAIL,5 Liter,liter,1.394
2018-08-01,6.97,Sunflower oil,Lebanon,South,RETAIL,5 Liter,liter,1.394
2018-09-01,6.97,Sunflower oil,Lebanon,South,RETAIL,5 Liter,liter,1.394
2018-10-01,6.8,Sunflower oil,Lebanon,South,RETAIL,5 Liter,liter,1.3599999999999999
2018-11-01,6.93,Sunflower oil,Lebanon,South,RETAIL,5 Liter,liter,1.386
2018-12-01,6.63,Sunflower oil,Lebanon,South,RETAIL,5 Liter,liter,1.326
2019-01-01,6.38,Sunflower oil,Lebanon,South,RETAIL,5 Liter,liter,1.276
2019-02-01,6.47,Sunflower oil,Lebanon,South,RETAIL,5 Liter,liter,1.294
2019-03-01,6.8,Sunflower oil,Lebanon,South,RETAIL,5 Liter,liter,1.3599999999999999
2019-04-01,6.8,Sunflower oil,Lebanon,South,RETAIL,5 Liter,liter,1.3599999999999999
2019-05-01,6.55,Sunflower oil,Lebanon,South,RETAIL,5 Liter,liter,1.31
2019-06-01,6.47,Sunflower oil,Lebanon,South,RETAIL,5 Liter,liter,1.294
2019-07-01,6.38,Sunflower oil,Lebanon,South,RETAIL,5 Liter,liter,1.276
2019-08-01,6.38,Sunflower oil,Lebanon,South,RETAIL,5 Liter,liter,1.276
2019-09-01,6.38,Sunflower oil,Lebanon,South,RETAIL,5 Liter,liter,1.276
2019-10-01,6.06,Sunflower oil,Lebanon,South,RETAIL,5 Liter,liter,1.212
2019-11-01,6.81,Sunflower oil,Lebanon,South,RETAIL,5 Liter,liter,1.3619999999999999
2019-12-01,8.34,Sunflower oil,Lebanon,South,RETAIL,5 Liter,liter,1.668
2020-01-01,9.34,Sunflower oil,Lebanon,South,RETAIL,5 Liter,liter,1.8679999999999999
2020-02-01,9.27,Sunflower oil,Lebanon,South,RETAIL,5 Liter,liter,1.8539999999999999
2020-03-01,10.23,Sunflower oil,Lebanon,South,RETAIL,5 Liter,liter,2.0460000000000003
2020-04-01,11.09,Sunflower oil,Lebanon,South,RETAIL,5 Liter,liter,2.218
2020-05-01,15.33,Sunflower oil,Lebanon,South,RETAIL,5 Liter,liter,3.066
2020-06-01,16.37,Sunflower oil,Lebanon,South,RETAIL,5 Liter,liter,3.274
2020-07-01,20.77,Sunflower oil,Lebanon,South,RETAIL,5 Liter,liter,4.154
2020-08-01,24.38,Sunflower oil,Lebanon,South,RETAIL,5 Liter,liter,4.8759999999999994
2020-09-01,25.21,Sunflower oil,Lebanon,South,RETAIL,5 Liter,liter,5.042
2020-10-01,30.74,Sunflower oil,Lebanon,South,RETAIL,5 Liter,liter,6.148
2020-11-01,30.23,Sunflower oil,Lebanon,South,RETAIL,5 Liter,liter,6.046
2020-12-01,35.42,Sunflower oil,Lebanon,South,RETAIL,5 Liter,liter,7.0840000000000005
2021-01-01,43.42,Sunflower oil,Lebanon,South,RETAIL,5 Liter,liter,8.684000000000001
2021-02-01,43.44,Sunflower oil,Lebanon,South,RETAIL,5 Liter,liter,8.687999999999999
2021-03-01,55.41,Sunflower oil,Lebanon,South,RETAIL,5 Liter,liter,11.081999999999999
2021-04-01,68.54,Sunflower oil,Lebanon,South,RETAIL,5 Liter,liter,13.708000000000002
2021-05-01,72.97,Sunflower oil,Lebanon,South,RETAIL,5 Liter,liter,14.594
2021-06-01,83.16,Sunflower oil,Lebanon,South,RETAIL,5 Liter,liter,16.631999999999998
2021-07-01,106.46,Sunflower oil,Lebanon,South,RETAIL,5 Liter,liter,21.291999999999998
2021-08-01,114.18,Sunflower oil,Lebanon,South,RETAIL,5 Liter,liter,22.836000000000002
2021-09-01,103.93,Sunflower oil,Lebanon,South,RETAIL,5 Liter,liter,20.786
2021-10-01,115.16,Sunflower oil,Lebanon,South,RETAIL,5 Liter,liter,23.032
2021-11-01,138.24,Sunflower oil,Lebanon,South,RETAIL,5 Liter,liter,27.648000000000003
2021-12-01,164.59,Sunflower oil,Lebanon,South,RETAIL,5 Liter,liter,32.918
2022-01-01,181.08,Sunflower oil,Lebanon,South,RETAIL,5 Liter,liter,36.216
2022-02-01,135.05,Sunflower oil,Lebanon,South,RETAIL,5 Liter,liter,27.01
2022-03-01,224.38,Sunflower oil,Lebanon,South,RETAIL,5 Liter,liter,44.876
2022-04-01,266.08,Sunflower oil,Lebanon,South,RETAIL,5 Liter,liter,53.215999999999994
2022-05-01,268.28,Sunflower oil,Lebanon,South,RETAIL,5 Liter,liter,53.65599999999999
2022-06-01,264.19,Sunflower oil,Lebanon,South,RETAIL,5 Liter,liter,52.838
2022-07-01,273.7,Sunflower oil,Lebanon,South,RETAIL,5 Liter,liter,54.739999999999995
2022-08-01,273.07,Sunflower oil,Lebanon,South,RETAIL,5 Liter,liter,54.614
2022-09-01,287.37,Sunflower oil,Lebanon,South,RETAIL,5 Liter,liter,57.474000000000004
2022-10-01,296.93,Sunflower oil,Lebanon,South,RETAIL,5 Liter,liter,59.386
2022-11-01,292.07,Sunflower oil,Lebanon,South,RETAIL,5 Liter,liter,58.414
2022-12-01,308.04,Sunflower oil,Lebanon,South,RETAIL,5 Liter,liter,61.608000000000004
2023-01-01,335.7,Sunflower oil,Lebanon,South,RETAIL,5 Liter,liter,67.14
2023-02-01,48.39,Sunflower oil,Lebanon,South,RETAIL,5 Liter,liter,9.678
2023-03-01,65.94,Sunflower oil,Lebanon,South,RETAIL,5 Liter,liter,13.187999999999999
2023-04-01,63.35,Sunflower oil,Lebanon,South,RETAIL,5 Liter,liter,12.67
2023-05-01,50.23,Sunflower oil,Lebanon,South,RETAIL,5 Liter,liter,10.046
2023-06-01,57.56,Sunflower oil,Lebanon,South,RETAIL,5 Liter,liter,11.512
2023-07-01,56.04,Sunflower oil,Lebanon,South,RETAIL,5 Liter,liter,11.208
2023-08-01,53.77,Sunflower oil,Lebanon,South,RETAIL,5 Liter,liter,10.754000000000001
2023-09-01,54.33,Sunflower oil,Lebanon,South,RETAIL,5 Liter,liter,10.866
2023-10-01,45.2,Sunflower oil,Lebanon,South,RETAIL,5 Liter,liter,9.040000000000001
2023-11-01,45.46,Sunflower oil,Lebanon,South,RETAIL,5 Liter,liter,9.092
2023-12-01,45.8,Sunflower oil,Lebanon,South,RETAIL,5 Liter,liter,9.16
2024-01-01,42.98,Sunflower oil,Lebanon,South,RETAIL,5 Liter,liter,8.596
2024-02-01,62.35,Sunflower oil,Lebanon,South,RETAIL,5 Liter,liter,12.47
2024-03-01,7.41,Sunflower oil,Lebanon,South,RETAIL,5 Liter,liter,1.482
2024-04-01,7.6,Sunflower oil,Lebanon,South,RETAIL,5 Liter,liter,1.52
2024-05-01,7.1,Sunflower oil,Lebanon,South,RETAIL,5 Liter,liter,1.42
2024-06-01,7.32,Sunflower oil,Lebanon,South,RETAIL,5 Liter,liter,1.464
2024-07-01,7.34,Sunflower oil,Lebanon,South,RETAIL,5 Liter,liter,1.468
2024-08-01,7.43,Sunflower oil,Lebanon,South,RETAIL,5 Liter,liter,1.486
2024-09-01,7.41,Sunflower oil,Lebanon,South,RETAIL,5 Liter,liter,1.482
2024-10-01,7.78,Sunflower oil,Lebanon,South,RETAIL,5 Liter,liter,1.556
2024-11-01,8.37,Sunflower oil,Lebanon,South,RETAIL,5 Liter,liter,1.674
2024-12-01,8.88,Sunflower oil,Lebanon,South,RETAIL,5 Liter,liter,1.7760000000000002
2025-01-01,9.73,Sunflower oil,Lebanon,South,RETAIL,5 Liter,liter,1.9460000000000002
2025-02-01,9.5,Sunflower oil,Lebanon,South,RETAIL,5 Liter,liter,1.9
2025-03-01,9.55,Sunflower oil,Lebanon,South,RETAIL,5 Liter,liter,1.9100000000000001
2025-04-01,9.55,Sunflower oil,Lebanon,South,RETAIL,5 Liter,liter,1.9100000000000001
2025-05-01,9.71,Sunflower oil,Lebanon,South,RETAIL,5 Liter,liter,1.9420000000000002
2025-06-01,9.92,Sunflower oil,Lebanon,South,RETAIL,5 Liter,liter,1.984
2025-07-01,9.12,Sunflower oil,Lebanon,South,RETAIL,5 Liter,liter,1.8239999999999998
2000-01-01,0.76,Sunflower oil,South Africa,National Average,RETAIL,750 ml,liter,1.0133333333333334
2000-02-01,0.74,Sunflower oil,South Africa,National Average,RETAIL,750 ml,liter,0.9866666666666667
2000-03-01,0.69,Sunflower oil,South Africa,National Average,RETAIL,750 ml,liter,0.9199999999999999
2000-04-01,0.68,Sunflower oil,South Africa,National Average,RETAIL,750 ml,liter,0.9066666666666667
2000-05-01,0.61,Sunflower oil,South Africa,National Average,RETAIL,750 ml,liter,0.8133333333333334
2000-06-01,0.63,Sunflower oil,South Africa,National Average,RETAIL,750 ml,liter,0.84
2000-07-01,0.63,Sunflower oil,South Africa,National Average,RETAIL,750 ml,liter,0.84
2000-08-01,0.62,Sunflower oil,South Africa,National Average,RETAIL,750 ml,liter,0.8266666666666667
2000-09-01,0.6,Sunflower oil,South Africa,National Average,RETAIL,750 ml,liter,0.7999999999999999
2000-10-01,0.57,Sunflower oil,South Africa,National Average,RETAIL,750 ml,liter,0.7599999999999999
2000-11-01,0.55,Sunflower oil,South Africa,National Average,RETAIL,750 ml,liter,0.7333333333333334
2000-12-01,0.57,Sunflower oil,South Africa,National Average,RETAIL,750 ml,liter,0.7599999999999999
2001-01-01,0.55,Sunflower oil,South Africa,National Average,RETAIL,750 ml,liter,0.7333333333333334
2001-02-01,0.54,Sunflower oil,South Africa,National Average,RETAIL,750 ml,liter,0.7200000000000001
2001-03-01,0.55,Sunflower oil,South Africa,National Average,RETAIL,750 ml,liter,0.7333333333333334
2001-04-01,0.54,Sunflower oil,South Africa,National Average,RETAIL,750 ml,liter,0.7200000000000001
2001-05-01,0.55,Sunflower oil,South Africa,National Average,RETAIL,750 ml,liter,0.7333333333333334
2001-06-01,0.55,Sunflower oil,South Africa,National Average,RETAIL,750 ml,liter,0.7333333333333334
2001-07-01,0.56,Sunflower oil,South Africa,National Average,RETAIL,750 ml,liter,0.7466666666666667
2001-08-01,0.57,Sunflower oil,South Africa,National Average,RETAIL,750 ml,liter,0.7599999999999999
2001-09-01,0.58,Sunflower oil,South Africa,National Average,RETAIL,750 ml,liter,0.7733333333333333
2001-10-01,0.56,Sunflower oil,South Africa,National Average,RETAIL,750 ml,liter,0.7466666666666667
2001-11-01,0.55,Sunflower oil,South Africa,National Average,RETAIL,750 ml,liter,0.7333333333333334
2001-12-01,0.47,Sunflower oil,South Africa,National Average,RETAIL,750 ml,liter,0.6266666666666666
2002-01-01,0.49,Sunflower oil,South Africa,National Average,RETAIL,750 ml,liter,0.6533333333333333
2002-02-01,0.53,Sunflower oil,South Africa,National Average,RETAIL,750 ml,liter,0.7066666666666667
2002-03-01,0.55,Sunflower oil,South Africa,National Average,RETAIL,750 ml,liter,0.7333333333333334
2002-04-01,0.6,Sunflower oil,South Africa,National Average,RETAIL,750 ml,liter,0.7999999999999999
2002-05-01,0.66,Sunflower oil,South Africa,National Average,RETAIL,750 ml,liter,0.88
2002-06-01,0.65,Sunflower oil,South Africa,National Average,RETAIL,750 ml,liter,0.8666666666666667
2002-07-01,0.69,Sunflower oil,South Africa,National Average,RETAIL,750 ml,liter,0.9199999999999999
2002-08-01,0.65,Sunflower oil,South Africa,National Average,RETAIL,750 ml,liter,0.8666666666666667
2002-09-01,0.67,Sunflower oil,South Africa,National Average,RETAIL,750 ml,liter,0.8933333333333334
2002-10-01,0.69,Sunflower oil,South Africa,National Average,RETAIL,750 ml,liter,0.9199999999999999
2002-11-01,0.75,Sunflower oil,South Africa,National Average,RETAIL,750 ml,liter,1.0
2002-12-01,0.83,Sunflower oil,South Africa,National Average,RETAIL,750 ml,liter,1.1066666666666667
2003-01-01,0.87,Sunflower oil,South Africa,National Average,RETAIL,750 ml,liter,1.16
2003-02-01,0.91,Sunflower oil,South Africa,National Average,RETAIL,750 ml,liter,1.2133333333333334
2003-03-01,0.94,Sunflower oil,South Africa,National Average,RETAIL,750 ml,liter,1.2533333333333332
2003-04-01,0.95,Sunflower oil,South Africa,National Average,RETAIL,750 ml,liter,1.2666666666666666
2003-05-01,0.96,Sunflower oil,South Africa,National Average,RETAIL,750 ml,liter,1.28
2003-06-01,0.94,Sunflower oil,South Africa,National Average,RETAIL,750 ml,liter,1.2533333333333332
2003-07-01,0.96,Sunflower oil,South Africa,National Average,RETAIL,750 ml,liter,1.28
2003-08-01,0.96,Sunflower oil,South Africa,National Average,RETAIL,750 ml,liter,1.28
2003-09-01,1.0,Sunflower oil,South Africa,National Average,RETAIL,750 ml,liter,1.3333333333333333
2003-10-01,1.06,Sunflower oil,South Africa,National Average,RETAIL,750 ml,liter,1.4133333333333333
2003-11-01,1.08,Sunflower oil,South Africa,National Average,RETAIL,750 ml,liter,1.4400000000000002
2003-12-01,1.1,Sunflower oil,South Africa,National Average,RETAIL,750 ml,liter,1.4666666666666668
2004-01-01,1.06,Sunflower oil,South Africa,National Average,RETAIL,750 ml,liter,1.4133333333333333
2004-02-01,1.11,Sunflower oil,South Africa,National Average,RETAIL,750 ml,liter,1.4800000000000002
2004-03-01,1.13,Sunflower oil,South Africa,National Average,RETAIL,750 ml,liter,1.5066666666666666
2004-04-01,1.15,Sunflower oil,South Africa,National Average,RETAIL,750 ml,liter,1.5333333333333332
2004-05-01,1.11,Sunflower oil,South Africa,National Average,RETAIL,750 ml,liter,1.4800000000000002
2004-06-01,1.17,Sunflower oil,South Africa,National Average,RETAIL,750 ml,liter,1.5599999999999998
2004-07-01,1.22,Sunflower oil,South Africa,National Average,RETAIL,750 ml,liter,1.6266666666666667
2004-08-01,1.17,Sunflower oil,South Africa,National Average,RETAIL,750 ml,liter,1.5599999999999998
2004-09-01,1.13,Sunflower oil,South Africa,National Average,RETAIL,750 ml,liter,1.5066666666666666
2004-10-01,1.17,Sunflower oil,South Africa,National Average,RETAIL,750 ml,liter,1.5599999999999998
2004-11-01,1.23,Sunflower oil,South Africa,National Average,RETAIL,750 ml,liter,1.64
2004-12-01,1.32,Sunflower oil,South Africa,National Average,RETAIL,750 ml,liter,1.76
2005-01-01,1.28,Sunflower oil,South Africa,National Average,RETAIL,750 ml,liter,1.7066666666666668
2005-02-01,1.25,Sunflower oil,South Africa,National Average,RETAIL,750 ml,liter,1.6666666666666667
2005-03-01,1.26,Sunflower oil,South Africa,National Average,RETAIL,750 ml,liter,1.68
2005-04-01,1.22,Sunflower oil,South Africa,National Average,RETAIL,750 ml,liter,1.6266666666666667
2005-05-01,1.14,Sunflower oil,South Africa,National Average,RETAIL,750 ml,liter,1.5199999999999998
2005-06-01,1.08,Sunflower oil,South Africa,National Average,RETAIL,750 ml,liter,1.4400000000000002
2005-07-01,1.08,Sunflower oil,South Africa,National Average,RETAIL,750 ml,liter,1.4400000000000002
2005-08-01,1.1,Sunflower oil,South Africa,National Average,RETAIL,750 ml,liter,1.4666666666666668
2005-09-01,1.13,Sunflower oil,South Africa,National Average,RETAIL,750 ml,liter,1.5066666666666666
2005-10-01,1.05,Sunflower oil,South Africa,National Average,RETAIL,750 ml,liter,1.4000000000000001
2005-11-01,1.04,Sunflower oil,South Africa,National Average,RETAIL,750 ml,liter,1.3866666666666667
2005-12-01,1.1,Sunflower oil,South Africa,National Average,RETAIL,750 ml,liter,1.4666666666666668
2006-01-01,1.08,Sunflower oil,South Africa,National Average,RETAIL,750 ml,liter,1.4400000000000002
2006-02-01,1.06,Sunflower oil,South Africa,National Average,RETAIL,750 ml,liter,1.4133333333333333
2006-03-01,1.06,Sunflower oil,South Africa,National Average,RETAIL,750 ml,liter,1.4133333333333333
2006-04-01,1.04,Sunflower oil,South Africa,National Average,RETAIL,750 ml,liter,1.3866666666666667
2006-05-01,1.04,Sunflower oil,South Africa,National Average,RETAIL,750 ml,liter,1.3866666666666667
2006-06-01,0.93,Sunflower oil,South Africa,National Average,RETAIL,750 ml,liter,1.24
2006-07-01,0.93,Sunflower oil,South Africa,National Average,RETAIL,750 ml,liter,1.24
2006-08-01,0.98,Sunflower oil,South Africa,National Average,RETAIL,750 ml,liter,1.3066666666666666
2006-09-01,0.97,Sunflower oil,South Africa,National Average,RETAIL,750 ml,liter,1.2933333333333332
2006-10-01,0.96,Sunflower oil,South Africa,National Average,RETAIL,750 ml,liter,1.28
2006-11-01,1.01,Sunflower oil,South Africa,National Average,RETAIL,750 ml,liter,1.3466666666666667
2006-12-01,1.07,Sunflower oil,South Africa,National Average,RETAIL,750 ml,liter,1.4266666666666667
2007-01-01,1.07,Sunflower oil,South Africa,National Average,RETAIL,750 ml,liter,1.4266666666666667
2007-02-01,1.07,Sunflower oil,South Africa,National Average,RETAIL,750 ml,liter,1.4266666666666667
2007-03-01,1.06,Sunflower oil,South Africa,National Average,RETAIL,750 ml,liter,1.4133333333333333
2007-04-01,1.1,Sunflower oil,South Africa,National Average,RETAIL,750 ml,liter,1.4666666666666668
2007-05-01,1.12,Sunflower oil,South Africa,National Average,RETAIL,750 ml,liter,1.4933333333333334
2007-06-01,1.1,Sunflower oil,South Africa,National Average,RETAIL,750 ml,liter,1.4666666666666668
2007-07-01,1.18,Sunflower oil,South Africa,National Average,RETAIL,750 ml,liter,1.5733333333333333
2007-08-01,1.19,Sunflower oil,South Africa,National Average,RETAIL,750 ml,liter,1.5866666666666667
2007-09-01,1.25,Sunflower oil,South Africa,National Average,RETAIL,750 ml,liter,1.6666666666666667
2007-10-01,1.36,Sunflower oil,South Africa,National Average,RETAIL,750 ml,liter,1.8133333333333335
2007-11-01,1.44,Sunflower oil,South Africa,National Average,RETAIL,750 ml,liter,1.92
2007-12-01,1.66,Sunflower oil,South Africa,National Average,RETAIL,750 ml,liter,2.2133333333333334
2008-01-01,1.81,Sunflower oil,South Africa,National Average,RETAIL,750 ml,liter,2.4133333333333336
2008-02-01,1.72,Sunflower oil,South Africa,National Average,RETAIL,750 ml,liter,2.2933333333333334
2008-03-01,1.78,Sunflower oil,South Africa,National Average,RETAIL,750 ml,liter,2.3733333333333335
2008-04-01,2.03,Sunflower oil,South Africa,National Average,RETAIL,750 ml,liter,2.7066666666666666
2008-05-01,2.12,Sunflower oil,South Africa,National Average,RETAIL,750 ml,liter,2.8266666666666667
2008-06-01,2.09,Sunflower oil,South Africa,National Average,RETAIL,750 ml,liter,2.7866666666666666
2008-07-01,2.14,Sunflower oil,South Africa,National Average,RETAIL,750 ml,liter,2.8533333333333335
2008-08-01,2.12,Sunflower oil,South Africa,National Average,RETAIL,750 ml,liter,2.8266666666666667
2008-09-01,1.97,Sunflower oil,South Africa,National Average,RETAIL,750 ml,liter,2.6266666666666665
2008-10-01,1.59,Sunflower oil,South Africa,National Average,RETAIL,750 ml,liter,2.12
2008-11-01,1.46,Sunflower oil,South Africa,National Average,RETAIL,750 ml,liter,1.9466666666666665
2008-12-01,1.48,Sunflower oil,South Africa,National Average,RETAIL,750 ml,liter,1.9733333333333334
2009-01-01,1.65,Sunflower oil,South Africa,National Average,RETAIL,750 ml,liter,2.1999999999999997
2009-02-01,1.6,Sunflower oil,South Africa,National Average,RETAIL,750 ml,liter,2.1333333333333333
2009-03-01,1.44,Sunflower oil,South Africa,National Average,RETAIL,750 ml,liter,1.92
2009-04-01,1.59,Sunflower oil,South Africa,National Average,RETAIL,750 ml,liter,2.12
2009-05-01,1.66,Sunflower oil,South Africa,National Average,RETAIL,750 ml,liter,2.2133333333333334
2009-06-01,1.7,Sunflower oil,South Africa,National Average,RETAIL,750 ml,liter,2.2666666666666666
2009-07-01,1.67,Sunflower oil,South Africa,National Average,RETAIL,750 ml,liter,2.2266666666666666
2009-08-01,1.65,Sunflower oil,South Africa,National Average,RETAIL,750 ml,liter,2.1999999999999997
2009-09-01,1.72,Sunflower oil,South Africa,National Average,RETAIL,750 ml,liter,2.2933333333333334
2009-10-01,1.71,Sunflower oil,South Africa,National Average,RETAIL,750 ml,liter,2.28
2009-11-01,1.71,Sunflower oil,South Africa,National Average,RETAIL,750 ml,liter,2.28
2009-12-01,1.74,Sunflower oil,South Africa,National Average,RETAIL,750 ml,liter,2.32
2010-01-01,1.72,Sunflower oil,South Africa,National Average,RETAIL,750 ml,liter,2.2933333333333334
2010-02-01,1.7,Sunflower oil,South Africa,National Average,RETAIL,750 ml,liter,2.2666666666666666
2010-03-01,1.73,Sunflower oil,South Africa,National Average,RETAIL,750 ml,liter,2.3066666666666666
2010-04-01,1.72,Sunflower oil,South Africa,National Average,RETAIL,750 ml,liter,2.2933333333333334
2010-05-01,1.69,Sunflower oil,South Africa,National Average,RETAIL,750 ml,liter,2.2533333333333334
2010-06-01,1.71,Sunflower oil,South Africa,National Average,RETAIL,750 ml,liter,2.28
2010-07-01,1.73,Sunflower oil,South Africa,National Average,RETAIL,750 ml,liter,2.3066666666666666
2010-08-01,1.84,Sunflower oil,South Africa,National Average,RETAIL,750 ml,liter,2.4533333333333336
2010-09-01,1.88,Sunflower oil,South Africa,National Average,RETAIL,750 ml,liter,2.5066666666666664
2010-10-01,1.95,Sunflower oil,South Africa,National Average,RETAIL,750 ml,liter,2.6
2010-11-01,2.0,Sunflower oil,South Africa,National Average,RETAIL,750 ml,liter,2.6666666666666665
2010-12-01,2.12,Sunflower oil,South Africa,National Average,RETAIL,750 ml,liter,2.8266666666666667
2011-01-01,2.29,Sunflower oil,South Africa,National Average,RETAIL,750 ml,liter,3.0533333333333332
2011-02-01,2.27,Sunflower oil,South Africa,National Average,RETAIL,750 ml,liter,3.026666666666667
2011-03-01,2.37,Sunflower oil,South Africa,National Average,RETAIL,750 ml,liter,3.16
2011-04-01,2.42,Sunflower oil,South Africa,National Average,RETAIL,750 ml,liter,3.2266666666666666
2011-05-01,2.37,Sunflower oil,South Africa,National Average,RETAIL,750 ml,liter,3.16
2011-06-01,2.31,Sunflower oil,South Africa,National Average,RETAIL,750 ml,liter,3.08
2011-07-01,2.32,Sunflower oil,South Africa,National Average,RETAIL,750 ml,liter,3.0933333333333333
2011-08-01,2.24,Sunflower oil,South Africa,National Average,RETAIL,750 ml,liter,2.986666666666667
2011-09-01,2.06,Sunflower oil,South Africa,National Average,RETAIL,750 ml,liter,2.7466666666666666
2011-10-01,2.01,Sunflower oil,South Africa,National Average,RETAIL,750 ml,liter,2.6799999999999997
2011-11-01,2.03,Sunflower oil,South Africa,National Average,RETAIL,750 ml,liter,2.7066666666666666
2011-12-01,2.04,Sunflower oil,South Africa,National Average,RETAIL,750 ml,liter,2.72
2012-01-01,2.11,Sunflower oil,South Africa,National Average,RETAIL,750 ml,liter,2.813333333333333
2012-02-01,2.21,Sunflower oil,South Africa,National Average,RETAIL,750 ml,liter,2.9466666666666668
2012-03-01,2.22,Sunflower oil,South Africa,National Average,RETAIL,750 ml,liter,2.9600000000000004
2012-04-01,2.11,Sunflower oil,South Africa,National Average,RETAIL,750 ml,liter,2.813333333333333
2012-05-01,1.98,Sunflower oil,South Africa,National Average,RETAIL,750 ml,liter,2.64
2012-06-01,1.96,Sunflower oil,South Africa,National Average,RETAIL,750 ml,liter,2.6133333333333333
2012-07-01,2.02,Sunflower oil,South Africa,National Average,RETAIL,750 ml,liter,2.6933333333333334
2012-08-01,2.03,Sunflower oil,South Africa,National Average,RETAIL,750 ml,liter,2.7066666666666666
2012-09-01,2.03,Sunflower oil,South Africa,National Average,RETAIL,750 ml,liter,2.7066666666666666
2012-10-01,1.93,Sunflower oil,South Africa,National Average,RETAIL,750 ml,liter,2.5733333333333333
2012-11-01,1.97,Sunflower oil,South Africa,National Average,RETAIL,750 ml,liter,2.6266666666666665
2012-12-01,2.01,Sunflower oil,South Africa,National Average,RETAIL,750 ml,liter,2.6799999999999997
2013-01-01,1.96,Sunflower oil,South Africa,National Average,RETAIL,750 ml,liter,2.6133333333333333
2013-02-01,1.95,Sunflower oil,South Africa,National Average,RETAIL,750 ml,liter,2.6
2013-03-01,1.9,Sunflower oil,South Africa,National Average,RETAIL,750 ml,liter,2.533333333333333
2013-04-01,1.87,Sunflower oil,South Africa,National Average,RETAIL,750 ml,liter,2.4933333333333336
2013-05-01,1.82,Sunflower oil,South Africa,National Average,RETAIL,750 ml,liter,2.4266666666666667
2013-06-01,1.72,Sunflower oil,South Africa,National Average,RETAIL,750 ml,liter,2.2933333333333334
2013-07-01,1.73,Sunflower oil,South Africa,National Average,RETAIL,750 ml,liter,2.3066666666666666
2013-08-01,1.7,Sunflower oil,South Africa,National Average,RETAIL,750 ml,liter,2.2666666666666666
2013-09-01,1.73,Sunflower oil,South Africa,National Average,RETAIL,750 ml,liter,2.3066666666666666
2013-10-01,1.74,Sunflower oil,South Africa,National Average,RETAIL,750 ml,liter,2.32
2013-11-01,1.7,Sunflower oil,South Africa,National Average,RETAIL,750 ml,liter,2.2666666666666666
2013-12-01,1.68,Sunflower oil,South Africa,National Average,RETAIL,750 ml,liter,2.2399999999999998
2014-01-01,1.59,Sunflower oil,South Africa,National Average,RETAIL,750 ml,liter,2.12
2014-02-01,1.59,Sunflower oil,South Africa,National Average,RETAIL,750 ml,liter,2.12
2014-03-01,1.67,Sunflower oil,South Africa,National Average,RETAIL,750 ml,liter,2.2266666666666666
2014-04-01,1.7,Sunflower oil,South Africa,National Average,RETAIL,750 ml,liter,2.2666666666666666
2014-05-01,1.67,Sunflower oil,South Africa,National Average,RETAIL,750 ml,liter,2.2266666666666666
2014-06-01,1.64,Sunflower oil,South Africa,National Average,RETAIL,750 ml,liter,2.1866666666666665
2014-07-01,1.61,Sunflower oil,South Africa,National Average,RETAIL,750 ml,liter,2.146666666666667
2014-08-01,1.59,Sunflower oil,South Africa,National Average,RETAIL,750 ml,liter,2.12
2014-09-01,1.54,Sunflower oil,South Africa,National Average,RETAIL,750 ml,liter,2.0533333333333332
2014-10-01,1.57,Sunflower oil,South Africa,National Average,RETAIL,750 ml,liter,2.0933333333333333
2014-11-01,1.54,Sunflower oil,South Africa,National Average,RETAIL,750 ml,liter,2.0533333333333332
2014-12-01,1.56,Sunflower oil,South Africa,National Average,RETAIL,750 ml,liter,2.08
2015-01-01,1.49,Sunflower oil,South Africa,National Average,RETAIL,750 ml,liter,1.9866666666666666
2015-02-01,1.49,Sunflower oil,South Africa,National Average,RETAIL,750 ml,liter,1.9866666666666666
2015-03-01,1.48,Sunflower oil,South Africa,National Average,RETAIL,750 ml,liter,1.9733333333333334
2015-04-01,1.48,Sunflower oil,South Africa,National Average,RETAIL,750 ml,liter,1.9733333333333334
2015-05-01,1.51,Sunflower oil,South Africa,National Average,RETAIL,750 ml,liter,2.013333333333333
2015-06-01,1.48,Sunflower oil,South Africa,National Average,RETAIL,750 ml,liter,1.9733333333333334
2015-07-01,1.44,Sunflower oil,South Africa,National Average,RETAIL,750 ml,liter,1.92
2015-08-01,1.43,Sunflower oil,South Africa,National Average,RETAIL,750 ml,liter,1.9066666666666665
2015-09-01,1.35,Sunflower oil,South Africa,National Average,RETAIL,750 ml,liter,1.8
2015-10-01,1.43,Sunflower oil,South Africa,National Average,RETAIL,750 ml,liter,1.9066666666666665
2015-11-01,1.43,Sunflower oil,South Africa,National Average,RETAIL,750 ml,liter,1.9066666666666665
2015-12-01,1.38,Sunflower oil,South Africa,National Average,RETAIL,750 ml,liter,1.8399999999999999
2016-01-01,1.31,Sunflower oil,South Africa,National Average,RETAIL,750 ml,liter,1.7466666666666668
2016-02-01,1.4,Sunflower oil,South Africa,National Average,RETAIL,750 ml,liter,1.8666666666666665
2016-03-01,1.44,Sunflower oil,South Africa,National Average,RETAIL,750 ml,liter,1.92
2016-04-01,1.54,Sunflower oil,South Africa,National Average,RETAIL,750 ml,liter,2.0533333333333332
2016-05-01,1.47,Sunflower oil,South Africa,National Average,RETAIL,750 ml,liter,1.96
2016-06-01,1.52,Sunflower oil,South Africa,National Average,RETAIL,750 ml,liter,2.026666666666667
2016-07-01,1.6,Sunflower oil,South Africa,National Average,RETAIL,750 ml,liter,2.1333333333333333
2016-08-01,1.66,Sunflower oil,South Africa,National Average,RETAIL,750 ml,liter,2.2133333333333334
2016-09-01,1.61,Sunflower oil,South Africa,National Average,RETAIL,750 ml,liter,2.146666666666667
2016-10-01,1.62,Sunflower oil,South Africa,National Average,RETAIL,750 ml,liter,2.16
2016-11-01,1.63,Sunflower oil,South Africa,National Average,RETAIL,750 ml,liter,2.1733333333333333
2016-12-01,1.63,Sunflower oil,South Africa,National Average,RETAIL,750 ml,liter,2.1733333333333333
2017-01-01,1.66,Sunflower oil,South Africa,National Average,RETAIL,750 ml,liter,2.2133333333333334
2017-02-01,1.7,Sunflower oil,South Africa,National Average,RETAIL,750 ml,liter,2.2666666666666666
2017-03-01,1.74,Sunflower oil,South Africa,National Average,RETAIL,750 ml,liter,2.32
2017-04-01,1.67,Sunflower oil,South Africa,National Average,RETAIL,750 ml,liter,2.2266666666666666
2017-05-01,1.68,Sunflower oil,South Africa,National Average,RETAIL,750 ml,liter,2.2399999999999998
2017-06-01,1.69,Sunflower oil,South Africa,National Average,RETAIL,750 ml,liter,2.2533333333333334
2017-07-01,1.66,Sunflower oil,South Africa,National Average,RETAIL,750 ml,liter,2.2133333333333334
2017-08-01,1.65,Sunflower oil,South Africa,National Average,RETAIL,750 ml,liter,2.1999999999999997
2017-09-01,1.66,Sunflower oil,South Africa,National Average,RETAIL,750 ml,liter,2.2133333333333334
2017-10-01,1.62,Sunflower oil,South Africa,National Average,RETAIL,750 ml,liter,2.16
2017-11-01,1.58,Sunflower oil,South Africa,National Average,RETAIL,750 ml,liter,2.106666666666667
2017-12-01,1.66,Sunflower oil,South Africa,National Average,RETAIL,750 ml,liter,2.2133333333333334
2018-01-01,1.83,Sunflower oil,South Africa,National Average,RETAIL,750 ml,liter,2.44
2018-02-01,1.9,Sunflower oil,South Africa,National Average,RETAIL,750 ml,liter,2.533333333333333
2018-03-01,1.9,Sunflower oil,South Africa,National Average,RETAIL,750 ml,liter,2.533333333333333
2018-04-01,1.86,Sunflower oil,South Africa,National Average,RETAIL,750 ml,liter,2.48
2018-05-01,1.78,Sunflower oil,South Africa,National Average,RETAIL,750 ml,liter,2.3733333333333335
2018-06-01,1.65,Sunflower oil,South Africa,National Average,RETAIL,750 ml,liter,2.1999999999999997
2018-07-01,1.61,Sunflower oil,South Africa,National Average,RETAIL,750 ml,liter,2.146666666666667
2018-08-01,1.58,Sunflower oil,South Africa,National Average,RETAIL,750 ml,liter,2.106666666666667
2018-09-01,1.51,Sunflower oil,South Africa,National Average,RETAIL,750 ml,liter,2.013333333333333
2018-10-01,1.55,Sunflower oil,South Africa,National Average,RETAIL,750 ml,liter,2.066666666666667
2018-11-01,1.62,Sunflower oil,South Africa,National Average,RETAIL,750 ml,liter,2.16
2018-12-01,1.61,Sunflower oil,South Africa,National Average,RETAIL,750 ml,liter,2.146666666666667
2019-01-01,1.66,Sunflower oil,South Africa,National Average,RETAIL,750 ml,liter,2.2133333333333334
2019-02-01,1.65,Sunflower oil,South Africa,National Average,RETAIL,750 ml,liter,2.1999999999999997
2019-03-01,1.58,Sunflower oil,South Africa,National Average,RETAIL,750 ml,liter,2.106666666666667
2019-04-01,1.6,Sunflower oil,South Africa,National Average,RETAIL,750 ml,liter,2.1333333333333333
2019-05-01,1.52,Sunflower oil,South Africa,National Average,RETAIL,750 ml,liter,2.026666666666667
2019-06-01,1.49,Sunflower oil,South Africa,National Average,RETAIL,750 ml,liter,1.9866666666666666
2019-07-01,1.56,Sunflower oil,South Africa,National Average,RETAIL,750 ml,liter,2.08
2019-08-01,1.45,Sunflower oil,South Africa,National Average,RETAIL,750 ml,liter,1.9333333333333333
2019-09-01,1.47,Sunflower oil,South Africa,National Average,RETAIL,750 ml,liter,1.96
2019-10-01,1.47,Sunflower oil,South Africa,National Average,RETAIL,750 ml,liter,1.96
2019-11-01,1.46,Sunflower oil,South Africa,National Average,RETAIL,750 ml,liter,1.9466666666666665
2019-12-01,1.51,Sunflower oil,South Africa,National Average,RETAIL,750 ml,liter,2.013333333333333
2020-01-01,1.52,Sunflower oil,South Africa,National Average,RETAIL,750 ml,liter,2.026666666666667
2020-02-01,1.5,Sunflower oil,South Africa,National Average,RETAIL,750 ml,liter,2.0
2020-03-01,1.37,Sunflower oil,South Africa,National Average,RETAIL,750 ml,liter,1.8266666666666669
2020-04-01,1.18,Sunflower oil,South Africa,National Average,RETAIL,750 ml,liter,1.5733333333333333
2020-05-01,1.16,Sunflower oil,South Africa,National Average,RETAIL,750 ml,liter,1.5466666666666666
2020-06-01,1.23,Sunflower oil,South Africa,National Average,RETAIL,750 ml,liter,1.64
2020-07-01,1.32,Sunflower oil,South Africa,National Average,RETAIL,750 ml,liter,1.76
2020-08-01,1.32,Sunflower oil,South Africa,National Average,RETAIL,750 ml,liter,1.76
2020-09-01,1.43,Sunflower oil,South Africa,National Average,RETAIL,750 ml,liter,1.9066666666666665
2020-10-01,1.46,Sunflower oil,South Africa,National Average,RETAIL,750 ml,liter,1.9466666666666665
2020-11-01,1.59,Sunflower oil,South Africa,National Average,RETAIL,750 ml,liter,2.12
2020-12-01,1.7,Sunflower oil,South Africa,National Average,RETAIL,750 ml,liter,2.2666666666666666
2021-01-01,1.6,Sunflower oil,South Africa,National Average,RETAIL,750 ml,liter,2.1333333333333333
2021-02-01,1.7,Sunflower oil,South Africa,National Average,RETAIL,750 ml,liter,2.2666666666666666
2021-03-01,1.79,Sunflower oil,South Africa,National Average,RETAIL,750 ml,liter,2.3866666666666667
2021-04-01,1.92,Sunflower oil,South Africa,National Average,RETAIL,750 ml,liter,2.56
2021-05-01,2.09,Sunflower oil,South Africa,National Average,RETAIL,750 ml,liter,2.7866666666666666
2021-06-01,2.12,Sunflower oil,South Africa,National Average,RETAIL,750 ml,liter,2.8266666666666667
2021-07-01,1.97,Sunflower oil,South Africa,National Average,RETAIL,750 ml,liter,2.6266666666666665
2021-08-01,1.91,Sunflower oil,South Africa,National Average,RETAIL,750 ml,liter,2.5466666666666664
2021-09-01,2.13,Sunflower oil,South Africa,National Average,RETAIL,750 ml,liter,2.84
2021-10-01,2.02,Sunflower oil,South Africa,National Average,RETAIL,750 ml,liter,2.6933333333333334
2021-11-01,1.94,Sunflower oil,South Africa,National Average,RETAIL,750 ml,liter,2.5866666666666664
2021-12-01,1.9,Sunflower oil,South Africa,National Average,RETAIL,750 ml,liter,2.533333333333333
2022-01-01,2.01,Sunflower oil,South Africa,National Average,RETAIL,750 ml,liter,2.6799999999999997
2022-02-01,2.09,Sunflower oil,South Africa,National Average,RETAIL,750 ml,liter,2.7866666666666666
2022-03-01,2.09,Sunflower oil,South Africa,National Average,RETAIL,750 ml,liter,2.7866666666666666
2022-04-01,2.33,Sunflower oil,South Africa,National Average,RETAIL,750 ml,liter,3.106666666666667
2022-05-01,2.56,Sunflower oil,South Africa,National Average,RETAIL,750 ml,liter,3.4133333333333336
2022-06-01,2.79,Sunflower oil,South Africa,National Average,RETAIL,750 ml,liter,3.72
2022-07-01,2.69,Sunflower oil,South Africa,National Average,RETAIL,750 ml,liter,3.5866666666666664
2022-08-01,2.67,Sunflower oil,South Africa,National Average,RETAIL,750 ml,liter,3.56
2022-09-01,2.36,Sunflower oil,South Africa,National Average,RETAIL,750 ml,liter,3.1466666666666665
2022-10-01,2.21,Sunflower oil,South Africa,National Average,RETAIL,750 ml,liter,2.9466666666666668
2022-11-01,2.18,Sunflower oil,South Africa,National Average,RETAIL,750 ml,liter,2.9066666666666667
2022-12-01,2.24,Sunflower oil,South Africa,National Average,RETAIL,750 ml,liter,2.986666666666667
2023-01-01,2.18,Sunflower oil,South Africa,National Average,RETAIL,750 ml,liter,2.9066666666666667
2023-02-01,2.09,Sunflower oil,South Africa,National Average,RETAIL,750 ml,liter,2.7866666666666666
2023-03-01,2.02,Sunflower oil,South Africa,National Average,RETAIL,750 ml,liter,2.6933333333333334
2023-04-01,2.0,Sunflower oil,South Africa,National Average,RETAIL,750 ml,liter,2.6666666666666665
2023-05-01,1.86,Sunflower oil,South Africa,National Average,RETAIL,750 ml,liter,2.48
2023-06-01,1.9,Sunflower oil,South Africa,National Average,RETAIL,750 ml,liter,2.533333333333333
2023-07-01,1.93,Sunflower oil,South Africa,National Average,RETAIL,750 ml,liter,2.5733333333333333
2023-08-01,1.89,Sunflower oil,South Africa,National Average,RETAIL,750 ml,liter,2.52
2023-09-01,1.9,Sunflower oil,South Africa,National Average,RETAIL,750 ml,liter,2.533333333333333
2023-10-01,1.89,Sunflower oil,South Africa,National Average,RETAIL,750 ml,liter,2.52
2023-11-01,1.94,Sunflower oil,South Africa,National Average,RETAIL,750 ml,liter,2.5866666666666664
2023-12-01,1.92,Sunflower oil,South Africa,National Average,RETAIL,750 ml,liter,2.56
2024-01-01,1.9,Sunflower oil,South Africa,National Average,RETAIL,750 ml,liter,2.533333333333333
2024-02-01,1.86,Sunflower oil,South Africa,National Average,RETAIL,750 ml,liter,2.48
2024-03-01,1.86,Sunflower oil,South Africa,National Average,RETAIL,750 ml,liter,2.48
2024-04-01,1.84,Sunflower oil,South Africa,National Average,RETAIL,750 ml,liter,2.4533333333333336
2024-05-01,1.91,Sunflower oil,South Africa,National Average,RETAIL,750 ml,liter,2.5466666666666664
2024-06-01,1.9,Sunflower oil,South Africa,National Average,RETAIL,750 ml,liter,2.533333333333333
2024-07-01,1.91,Sunflower oil,South Africa,National Average,RETAIL,750 ml,liter,2.5466666666666664
2024-08-01,1.94,Sunflower oil,South Africa,National Average,RETAIL,750 ml,liter,2.5866666666666664
2024-09-01,1.96,Sunflower oil,South Africa,National Average,RETAIL,750 ml,liter,2.6133333333333333
2024-10-01,1.99,Sunflower oil,South Africa,National Average,RETAIL,750 ml,liter,2.6533333333333333
2024-11-01,1.96,Sunflower oil,South Africa,National Average,RETAIL,750 ml,liter,2.6133333333333333
2024-12-01,1.95,Sunflower oil,South Africa,National Average,RETAIL,750 ml,liter,2.6
2025-01-01,1.9,Sunflower oil,South Africa,National Average,RETAIL,750 ml,liter,2.533333333333333
2025-02-01,1.94,Sunflower oil,South Africa,National Average,RETAIL,750 ml,liter,2.5866666666666664
2025-03-01,1.96,Sunflower oil,South Africa,National Average,RETAIL,750 ml,liter,2.6133333333333333
2025-04-01,1.92,Sunflower oil,South Africa,National Average,RETAIL,750 ml,liter,2.56
2025-05-01,2.02,Sunflower oil,South Africa,National Average,RETAIL,750 ml,liter,2.6933333333333334
2025-06-01,2.06,Sunflower oil,South Africa,National Average,RETAIL,750 ml,liter,2.7466666666666666
2025-07-01,2.06,Sunflower oil,South Africa,National Average,RETAIL,750 ml,liter,2.7466666666666666
2025-08-01,2.07,Sunflower oil,South Africa,National Average,RETAIL,750 ml,liter,2.76
2025-09-01,2.11,Sunflower oil,South Africa,National Average,RETAIL,750 ml,liter,2.813333333333333
2022-05-01,2.53,Sunflower oil,Türkiye,National Average,RETAIL,Liter,liter,2.53
2022-06-01,2.15,Sunflower oil,Türkiye,National Average,RETAIL,Liter,liter,2.15
2022-07-01,2.08,Sunflower oil,Türkiye,National Average,RETAIL,Liter,liter,2.08
2022-08-01,2.03,Sunflower oil,Türkiye,National Average,RETAIL,Liter,liter,2.03
2022-09-01,2.02,Sunflower oil,Türkiye,National Average,RETAIL,Liter,liter,2.02
2022-10-01,2.04,Sunflower oil,Türkiye,National Average,RETAIL,Liter,liter,2.04
2022-11-01,2.13,Sunflower oil,Türkiye,National Average,RETAIL,Liter,liter,2.13
2022-12-01,2.11,Sunflower oil,Türkiye,National Average,RETAIL,Liter,liter,2.11
2023-01-01,2.1,Sunflower oil,Türkiye,National Average,RETAIL,Liter,liter,2.1
2023-02-01,2.09,Sunflower oil,Türkiye,National Average,RETAIL,Liter,liter,2.09
2023-03-01,2.04,Sunflower oil,Türkiye,National Average,RETAIL,Liter,liter,2.04
2023-04-01,1.98,Sunflower oil,Türkiye,National Average,RETAIL,Liter,liter,1.98
2023-05-01,1.94,Sunflower oil,Türkiye,National Average,RETAIL,Liter,liter,1.94
2023-06-01,1.68,Sunflower oil,Türkiye,National Average,RETAIL,Liter,liter,1.68
2023-07-01,1.55,Sunflower oil,Türkiye,National Average,RETAIL,Liter,liter,1.55
2023-08-01,1.69,Sunflower oil,Türkiye,National Average,RETAIL,Liter,liter,1.69
2023-09-01,1.79,Sunflower oil,Türkiye,National Average,RETAIL,Liter,liter,1.79
2023-10-01,1.79,Sunflower oil,Türkiye,National Average,RETAIL,Liter,liter,1.79
2023-11-01,1.76,Sunflower oil,Türkiye,National Average,RETAIL,Liter,liter,1.76
2023-12-01,1.84,Sunflower oil,Türkiye,National Average,RETAIL,Liter,liter,1.84
2024-01-01,1.85,Sunflower oil,Türkiye,National Average,RETAIL,Liter,liter,1.85
2024-02-01,1.91,Sunflower oil,Türkiye,National Average,RETAIL,Liter,liter,1.91
2024-03-01,1.86,Sunflower oil,Türkiye,National Average,RETAIL,Liter,liter,1.86
2024-04-01,1.88,Sunflower oil,Türkiye,National Average,RETAIL,Liter,liter,1.88
2024-05-01,1.89,Sunflower oil,Türkiye,National Average,RETAIL,Liter,liter,1.89
2024-06-01,1.88,Sunflower oil,Türkiye,National Average,RETAIL,Liter,liter,1.88
2024-07-01,1.91,Sunflower oil,Türkiye,National Average,RETAIL,Liter,liter,1.91
2024-08-01,1.88,Sunflower oil,Türkiye,National Average,RETAIL,Liter,liter,1.88
2024-09-01,1.94,Sunflower oil,Türkiye,National Average,RETAIL,Liter,liter,1.94
2024-10-01,2.09,Sunflower oil,Türkiye,National Average,RETAIL,Liter,liter,2.09
2024-11-01,2.12,Sunflower oil,Türkiye,National Average,RETAIL,Liter,liter,2.12
2024-12-01,2.12,Sunflower oil,Türkiye,National Average,RETAIL,Liter,liter,2.12
2025-01-01,2.11,Sunflower oil,Türkiye,National Average,RETAIL,Liter,liter,2.11
2025-02-01,2.07,Sunflower oil,Türkiye,National Average,RETAIL,Liter,liter,2.07
2025-03-01,2.04,Sunflower oil,Türkiye,National Average,RETAIL,Liter,liter,2.04
2025-04-01,2.04,Sunflower oil,Türkiye,National Average,RETAIL,Liter,liter,2.04
2025-05-01,2.03,Sunflower oil,Türkiye,National Average,RETAIL,Liter,liter,2.03
2025-06-01,2.02,Sunflower oil,Türkiye,National Average,RETAIL,Liter,liter,2.02
2025-07-01,2.02,Sunflower oil,Türkiye,National Average,RETAIL,Liter,liter,2.02
2025-08-01,2.04,Sunflower oil,Türkiye,National Average,RETAIL,Liter,liter,2.04
2025-09-01,2.21,Sunflower oil,Türkiye,National Average,RETAIL,Liter,liter,2.21
2022-01-01,1.76,Sunflower oil,Uzbekistan,National Average,RETAIL,Liter,liter,1.76
2022-02-01,1.75,Sunflower oil,Uzbekistan,National Average,RETAIL,Liter,liter,1.75
2022-03-01,1.71,Sunflower oil,Uzbekistan,National Average,RETAIL,Liter,liter,1.71
2022-04-01,1.76,Sunflower oil,Uzbekistan,National Average,RETAIL,Liter,liter,1.76
2022-05-01,1.82,Sunflower oil,Uzbekistan,National Average,RETAIL,Liter,liter,1.82
2022-06-01,1.9,Sunflower oil,Uzbekistan,National Average,RETAIL,Liter,liter,1.9
2022-07-01,1.92,Sunflower oil,Uzbekistan,National Average,RETAIL,Liter,liter,1.92
2022-08-01,1.92,Sunflower oil,Uzbekistan,National Average,RETAIL,Liter,liter,1.92
2022-09-01,1.9,Sunflower oil,Uzbekistan,National Average,RETAIL,Liter,liter,1.9
2022-10-01,1.89,Sunflower oil,Uzbekistan,National Average,RETAIL,Liter,liter,1.89
2022-11-01,1.86,Sunflower oil,Uzbekistan,National Average,RETAIL,Liter,liter,1.86
2022-12-01,1.82,Sunflower oil,Uzbekistan,National Average,RETAIL,Liter,liter,1.82
2023-01-01,1.82,Sunflower oil,Uzbekistan,National Average,RETAIL,Liter,liter,1.82
2023-02-01,1.8,Sunflower oil,Uzbekistan,National Average,RETAIL,Liter,liter,1.8
2023-03-01,1.77,Sunflower oil,Uzbekistan,National Average,RETAIL,Liter,liter,1.77
2023-04-01,1.69,Sunflower oil,Uzbekistan,National Average,RETAIL,Liter,liter,1.69
2023-05-01,1.59,Sunflower oil,Uzbekistan,National Average,RETAIL,Liter,liter,1.59
2023-06-01,1.54,Sunflower oil,Uzbekistan,National Average,RETAIL,Liter,liter,1.54
2023-07-01,1.49,Sunflower oil,Uzbekistan,National Average,RETAIL,Liter,liter,1.49
2023-08-01,1.44,Sunflower oil,Uzbekistan,National Average,RETAIL,Liter,liter,1.44
2023-09-01,1.4,Sunflower oil,Uzbekistan,National Average,RETAIL,Liter,liter,1.4
2023-10-01,1.39,Sunflower oil,Uzbekistan,National Average,RETAIL,Liter,liter,1.39
2023-11-01,1.36,Sunflower oil,Uzbekistan,National Average,RETAIL,Liter,liter,1.36
2023-12-01,1.34,Sunflower oil,Uzbekistan,National Average,RETAIL,Liter,liter,1.34
2024-01-01,1.32,Sunflower oil,Uzbekistan,National Average,RETAIL,Liter,liter,1.32
2024-02-01,1.26,Sunflower oil,Uzbekistan,National Average,RETAIL,Liter,liter,1.26
2024-03-01,1.22,Sunflower oil,Uzbekistan,National Average,RETAIL,Liter,liter,1.22
2024-04-01,1.21,Sunflower oil,Uzbekistan,National Average,RETAIL,Liter,liter,1.21
2024-05-01,1.2,Sunflower oil,Uzbekistan,National Average,RETAIL,Liter,liter,1.2
2024-06-01,1.21,Sunflower oil,Uzbekistan,National Average,RETAIL,Liter,liter,1.21
2024-07-01,1.22,Sunflower oil,Uzbekistan,National Average,RETAIL,Liter,liter,1.22
2024-08-01,1.25,Sunflower oil,Uzbekistan,National Average,RETAIL,Liter,liter,1.25
2024-09-01,1.27,Sunflower oil,Uzbekistan,National Average,RETAIL,Liter,liter,1.27
2024-10-01,1.3,Sunflower oil,Uzbekistan,National Average,RETAIL,Liter,liter,1.3
2024-11-01,1.36,Sunflower oil,Uzbekistan,National Average,RETAIL,Liter,liter,1.36
2024-12-01,1.42,Sunflower oil,Uzbekistan,National Average,RETAIL,Liter,liter,1.42
2025-01-01,1.43,Sunflower oil,Uzbekistan,National Average,RETAIL,Liter,liter,1.43
2025-02-01,1.45,Sunflower oil,Uzbekistan,National Average,RETAIL,Liter,liter,1.45
2025-03-01,1.47,Sunflower oil,Uzbekistan,National Average,RETAIL,Liter,liter,1.47
2025-04-01,1.54,Sunflower oil,Uzbekistan,National Average,RETAIL,Liter,liter,1.54
2025-05-01,1.58,Sunflower oil,Uzbekistan,National Average,RETAIL,Liter,liter,1.58
2025-06-01,1.61,Sunflower oil,Uzbekistan,National Average,RETAIL,Liter,liter,1.61
2025-07-01,1.62,Sunflower oil,Uzbekistan,National Average,RETAIL,Liter,liter,1.62
2025-08-01,1.65,Sunflower oil,Uzbekistan,National Average,RETAIL,Liter,liter,1.65
2025-09-01,1.68,Sunflower oil,Uzbekistan,National Average,RETAIL,Liter,liter,1.68
2025-10-01,1.74,Sunflower oil,Uzbekistan,National Average,RETAIL,Liter,liter,1.74
2022-01-01,1.76,Sunflower oil,Uzbekistan,Tashkent Region,RETAIL,Liter,liter,1.76
2022-02-01,1.71,Sunflower oil,Uzbekistan,Tashkent Region,RETAIL,Liter,liter,1.71
2022-03-01,1.73,Sunflower oil,Uzbekistan,Tashkent Region,RETAIL,Liter,liter,1.73
2022-04-01,1.81,Sunflower oil,Uzbekistan,Tashkent Region,RETAIL,Liter,liter,1.81
2022-05-01,1.9,Sunflower oil,Uzbekistan,Tashkent Region,RETAIL,Liter,liter,1.9
2022-06-01,1.97,Sunflower oil,Uzbekistan,Tashkent Region,RETAIL,Liter,liter,1.97
2022-07-01,2.02,Sunflower oil,Uzbekistan,Tashkent Region,RETAIL,Liter,liter,2.02
2022-08-01,1.95,Sunflower oil,Uzbekistan,Tashkent Region,RETAIL,Liter,liter,1.95
2022-09-01,1.93,Sunflower oil,Uzbekistan,Tashkent Region,RETAIL,Liter,liter,1.93
2022-10-01,1.89,Sunflower oil,Uzbekistan,Tashkent Region,RETAIL,Liter,liter,1.89
2022-11-01,1.86,Sunflower oil,Uzbekistan,Tashkent Region,RETAIL,Liter,liter,1.86
2022-12-01,1.83,Sunflower oil,Uzbekistan,Tashkent Region,RETAIL,Liter,liter,1.83
2023-01-01,1.83,Sunflower oil,Uzbekistan,Tashkent Region,RETAIL,Liter,liter,1.83
2023-02-01,1.81,Sunflower oil,Uzbekistan,Tashkent Region,RETAIL,Liter,liter,1.81
2023-03-01,1.77,Sunflower oil,Uzbekistan,Tashkent Region,RETAIL,Liter,liter,1.77
2023-04-01,1.69,Sunflower oil,Uzbekistan,Tashkent Region,RETAIL,Liter,liter,1.69
2023-05-01,1.6,Sunflower oil,Uzbekistan,Tashkent Region,RETAIL,Liter,liter,1.6
2023-06-01,1.51,Sunflower oil,Uzbekistan,Tashkent Region,RETAIL,Liter,liter,1.51
2023-07-01,1.45,Sunflower oil,Uzbekistan,Tashkent Region,RETAIL,Liter,liter,1.45
2023-08-01,1.41,Sunflower oil,Uzbekistan,Tashkent Region,RETAIL,Liter,liter,1.41
2023-09-01,1.38,Sunflower oil,Uzbekistan,Tashkent Region,RETAIL,Liter,liter,1.38
2023-10-01,1.37,Sunflower oil,Uzbekistan,Tashkent Region,RETAIL,Liter,liter,1.37
2023-11-01,1.35,Sunflower oil,Uzbekistan,Tashkent Region,RETAIL,Liter,liter,1.35
2023-12-01,1.34,Sunflower oil,Uzbekistan,Tashkent Region,RETAIL,Liter,liter,1.34
2024-01-01,1.32,Sunflower oil,Uzbekistan,Tashkent Region,RETAIL,Liter,liter,1.32
2024-02-01,1.27,Sunflower oil,Uzbekistan,Tashkent Region,RETAIL,Liter,liter,1.27
2024-03-01,1.22,Sunflower oil,Uzbekistan,Tashkent Region,RETAIL,Liter,liter,1.22
2024-04-01,1.2,Sunflower oil,Uzbekistan,Tashkent Region,RETAIL,Liter,liter,1.2
2024-05-01,1.21,Sunflower oil,Uzbekistan,Tashkent Region,RETAIL,Liter,liter,1.21
2024-06-01,1.22,Sunflower oil,Uzbekistan,Tashkent Region,RETAIL,Liter,liter,1.22
2024-07-01,1.24,Sunflower oil,Uzbekistan,Tashkent Region,RETAIL,Liter,liter,1.24
2024-08-01,1.26,Sunflower oil,Uzbekistan,Tashkent Region,RETAIL,Liter,liter,1.26
2024-09-01,1.29,Sunflower oil,Uzbekistan,Tashkent Region,RETAIL,Liter,liter,1.29
2024-10-01,1.3,Sunflower oil,Uzbekistan,Tashkent Region,RETAIL,Liter,liter,1.3
2024-11-01,1.36,Sunflower oil,Uzbekistan,Tashkent Region,RETAIL,Liter,liter,1.36
2024-12-01,1.4,Sunflower oil,Uzbekistan,Tashkent Region,RETAIL,Liter,liter,1.4
2025-01-01,1.41,Sunflower oil,Uzbekistan,Tashkent Region,RETAIL,Liter,liter,1.41
2025-02-01,1.44,Sunflower oil,Uzbekistan,Tashkent Region,RETAIL,Liter,liter,1.44
2025-03-01,1.46,Sunflower oil,Uzbekistan,Tashkent Region,RETAIL,Liter,liter,1.46
2025-04-01,1.5,Sunflower oil,Uzbekistan,Tashkent Region,RETAIL,Liter,liter,1.5
2025-05-01,1.53,Sunflower oil,Uzbekistan,Tashkent Region,RETAIL,Liter,liter,1.53
2025-06-01,1.56,Sunflower oil,Uzbekistan,Tashkent Region,RETAIL,Liter,liter,1.56
2025-07-01,1.57,Sunflower oil,Uzbekistan,Tashkent Region,RETAIL,Liter,liter,1.57
2025-08-01,1.59,Sunflower oil,Uzbekistan,Tashkent Region,RETAIL,Liter,liter,1.59
2025-09-01,1.62,Sunflower oil,Uzbekistan,Tashkent Region,RETAIL,Liter,liter,1.62
2025-10-01,1.68,Sunflower oil,Uzbekistan,Tashkent Region,RETAIL,Liter,liter,1.68
