commodity_name,country,market,price_type,date,price_usd,unit,uuid
Bread (Vetkoek),Namibia,Gobabis,RETAIL,2012-12-01,0.12,1 unit,bbe90981-bea6-4873-9ad9-1db1daff660a
Bread (Vetkoek),Namibia,Katima,RETAIL,2012-12-01,0.12,1 unit,e16adee0-4558-4d68-af6f-674b665b0a1f
Bread (Vetkoek),Namibia,Keetmanshoop,RETAIL,2012-12-01,0.12,1 unit,f142dfc4-c580-4116-a3bd-524252eb0b3c
Bread (Vetkoek),Namibia,Mariental,RETAIL,2012-12-01,0.17,1 unit,9cfbb592-f39b-4c39-b2ff-15b1ffd2ca13
Bread (Vetkoek),Namibia,Oshakati,RETAIL,2012-12-01,0.12,1 unit,2128be49-7301-4db6-9f8e-76d7d424b03c
Bread (Vetkoek),Namibia,Swakopmund,RETAIL,2012-12-01,0.12,1 unit,d8e92b78-a155-46cd-94a3-25cabdc0bf4d
Bread (Vetkoek),Namibia,Windhoek,RETAIL,2012-12-01,0.23,1 unit,8b869812-8d4e-411e-b047-b36373cdb37d
Bread (Vetkoek),Namibia,Gobabis,RETAIL,2013-01-01,0.11,1 unit,bbe90981-bea6-4873-9ad9-1db1daff660a
Bread (Vetkoek),Namibia,Katima,RETAIL,2013-01-01,0.11,1 unit,e16adee0-4558-4d68-af6f-674b665b0a1f
Bread (Vetkoek),Namibia,Keetmanshoop,RETAIL,2013-01-01,0.11,1 unit,f142dfc4-c580-4116-a3bd-524252eb0b3c
Bread (Vetkoek),Namibia,Mariental,RETAIL,2013-01-01,0.17,1 unit,9cfbb592-f39b-4c39-b2ff-15b1ffd2ca13
Bread (Vetkoek),Namibia,Oshakati,RETAIL,2013-01-01,0.11,1 unit,2128be49-7301-4db6-9f8e-76d7d424b03c
Bread (Vetkoek),Namibia,Swakopmund,RETAIL,2013-01-01,0.11,1 unit,d8e92b78-a155-46cd-94a3-25cabdc0bf4d
Bread (Vetkoek),Namibia,Windhoek,RETAIL,2013-01-01,0.23,1 unit,8b869812-8d4e-411e-b047-b36373cdb37d
Bread (Vetkoek),Namibia,Gobabis,RETAIL,2013-02-01,0.11,1 unit,bbe90981-bea6-4873-9ad9-1db1daff660a
Bread (Vetkoek),Namibia,Katima,RETAIL,2013-02-01,0.11,1 unit,e16adee0-4558-4d68-af6f-674b665b0a1f
Bread (Vetkoek),Namibia,Keetmanshoop,RETAIL,2013-02-01,0.11,1 unit,f142dfc4-c580-4116-a3bd-524252eb0b3c
Bread (Vetkoek),Namibia,Mariental,RETAIL,2013-02-01,0.17,1 unit,9cfbb592-f39b-4c39-b2ff-15b1ffd2ca13
Bread (Vetkoek),Namibia,Oshakati,RETAIL,2013-02-01,0.11,1 unit,2128be49-7301-4db6-9f8e-76d7d424b03c
Bread (Vetkoek),Namibia,Swakopmund,RETAIL,2013-02-01,0.11,1 unit,d8e92b78-a155-46cd-94a3-25cabdc0bf4d
Bread (Vetkoek),Namibia,Windhoek,RETAIL,2013-02-01,0.22,1 unit,8b869812-8d4e-411e-b047-b36373cdb37d
Bread (Vetkoek),Namibia,Gobabis,RETAIL,2013-03-01,0.11,1 unit,bbe90981-bea6-4873-9ad9-1db1daff660a
Bread (Vetkoek),Namibia,Katima,RETAIL,2013-03-01,0.11,1 unit,e16adee0-4558-4d68-af6f-674b665b0a1f
Bread (Vetkoek),Namibia,Keetmanshoop,RETAIL,2013-03-01,0.11,1 unit,f142dfc4-c580-4116-a3bd-524252eb0b3c
Bread (Vetkoek),Namibia,Mariental,RETAIL,2013-03-01,0.16,1 unit,9cfbb592-f39b-4c39-b2ff-15b1ffd2ca13
Bread (Vetkoek),Namibia,Oshakati,RETAIL,2013-03-01,0.11,1 unit,2128be49-7301-4db6-9f8e-76d7d424b03c
Bread (Vetkoek),Namibia,Swakopmund,RETAIL,2013-03-01,0.11,1 unit,d8e92b78-a155-46cd-94a3-25cabdc0bf4d
Bread (Vetkoek),Namibia,Windhoek,RETAIL,2013-03-01,0.22,1 unit,8b869812-8d4e-411e-b047-b36373cdb37d
Bread (Vetkoek),Namibia,Gobabis,RETAIL,2013-04-01,0.11,1 unit,bbe90981-bea6-4873-9ad9-1db1daff660a
Bread (Vetkoek),Namibia,Katima,RETAIL,2013-04-01,0.11,1 unit,e16adee0-4558-4d68-af6f-674b665b0a1f
Bread (Vetkoek),Namibia,Keetmanshoop,RETAIL,2013-04-01,0.11,1 unit,f142dfc4-c580-4116-a3bd-524252eb0b3c
Bread (Vetkoek),Namibia,Mariental,RETAIL,2013-04-01,0.16,1 unit,9cfbb592-f39b-4c39-b2ff-15b1ffd2ca13
Bread (Vetkoek),Namibia,Oshakati,RETAIL,2013-04-01,0.11,1 unit,2128be49-7301-4db6-9f8e-76d7d424b03c
Bread (Vetkoek),Namibia,Swakopmund,RETAIL,2013-04-01,0.11,1 unit,d8e92b78-a155-46cd-94a3-25cabdc0bf4d
Bread (Vetkoek),Namibia,Windhoek,RETAIL,2013-04-01,0.22,1 unit,8b869812-8d4e-411e-b047-b36373cdb37d
Bread (Vetkoek),Namibia,Gobabis,RETAIL,2013-05-01,0.11,1 unit,bbe90981-bea6-4873-9ad9-1db1daff660a
Bread (Vetkoek),Namibia,Katima,RETAIL,2013-05-01,0.11,1 unit,e16adee0-4558-4d68-af6f-674b665b0a1f
Bread (Vetkoek),Namibia,Keetmanshoop,RETAIL,2013-05-01,0.11,1 unit,f142dfc4-c580-4116-a3bd-524252eb0b3c
Bread (Vetkoek),Namibia,Mariental,RETAIL,2013-05-01,0.16,1 unit,9cfbb592-f39b-4c39-b2ff-15b1ffd2ca13
Bread (Vetkoek),Namibia,Oshakati,RETAIL,2013-05-01,0.11,1 unit,2128be49-7301-4db6-9f8e-76d7d424b03c
Bread (Vetkoek),Namibia,Swakopmund,RETAIL,2013-05-01,0.11,1 unit,d8e92b78-a155-46cd-94a3-25cabdc0bf4d
Bread (Vetkoek),Namibia,Windhoek,RETAIL,2013-05-01,0.21,1 unit,8b869812-8d4e-411e-b047-b36373cdb37d
Bread (Vetkoek),Namibia,Gobabis,RETAIL,2013-06-01,0.1,1 unit,bbe90981-bea6-4873-9ad9-1db1daff660a
Bread (Vetkoek),Namibia,Katima,RETAIL,2013-06-01,0.1,1 unit,e16adee0-4558-4d68-af6f-674b665b0a1f
Bread (Vetkoek),Namibia,Keetmanshoop,RETAIL,2013-06-01,0.1,1 unit,f142dfc4-c580-4116-a3bd-524252eb0b3c
Bread (Vetkoek),Namibia,Mariental,RETAIL,2013-06-01,0.15,1 unit,9cfbb592-f39b-4c39-b2ff-15b1ffd2ca13
Bread (Vetkoek),Namibia,Oshakati,RETAIL,2013-06-01,0.1,1 unit,2128be49-7301-4db6-9f8e-76d7d424b03c
Bread (Vetkoek),Namibia,Swakopmund,RETAIL,2013-06-01,0.1,1 unit,d8e92b78-a155-46cd-94a3-25cabdc0bf4d
Bread (Vetkoek),Namibia,Windhoek,RETAIL,2013-06-01,0.2,1 unit,8b869812-8d4e-411e-b047-b36373cdb37d
Bread (Vetkoek),Namibia,Gobabis,RETAIL,2013-07-01,0.1,1 unit,bbe90981-bea6-4873-9ad9-1db1daff660a
Bread (Vetkoek),Namibia,Katima,RETAIL,2013-07-01,0.1,1 unit,e16adee0-4558-4d68-af6f-674b665b0a1f
Bread (Vetkoek),Namibia,Keetmanshoop,RETAIL,2013-07-01,0.1,1 unit,f142dfc4-c580-4116-a3bd-524252eb0b3c
Bread (Vetkoek),Namibia,Mariental,RETAIL,2013-07-01,0.15,1 unit,9cfbb592-f39b-4c39-b2ff-15b1ffd2ca13
Bread (Vetkoek),Namibia,Oshakati,RETAIL,2013-07-01,0.1,1 unit,2128be49-7301-4db6-9f8e-76d7d424b03c
Bread (Vetkoek),Namibia,Swakopmund,RETAIL,2013-07-01,0.1,1 unit,d8e92b78-a155-46cd-94a3-25cabdc0bf4d
Bread (Vetkoek),Namibia,Windhoek,RETAIL,2013-07-01,0.2,1 unit,8b869812-8d4e-411e-b047-b36373cdb37d
Bread (Vetkoek),Namibia,Gobabis,RETAIL,2013-08-01,0.1,1 unit,bbe90981-bea6-4873-9ad9-1db1daff660a
Bread (Vetkoek),Namibia,Katima,RETAIL,2013-08-01,0.1,1 unit,e16adee0-4558-4d68-af6f-674b665b0a1f
Bread (Vetkoek),Namibia,Keetmanshoop,RETAIL,2013-08-01,0.1,1 unit,f142dfc4-c580-4116-a3bd-524252eb0b3c
Bread (Vetkoek),Namibia,Mariental,RETAIL,2013-08-01,0.15,1 unit,9cfbb592-f39b-4c39-b2ff-15b1ffd2ca13
Bread (Vetkoek),Namibia,Oshakati,RETAIL,2013-08-01,0.1,1 unit,2128be49-7301-4db6-9f8e-76d7d424b03c
Bread (Vetkoek),Namibia,Swakopmund,RETAIL,2013-08-01,0.1,1 unit,d8e92b78-a155-46cd-94a3-25cabdc0bf4d
Bread (Vetkoek),Namibia,Windhoek,RETAIL,2013-08-01,0.2,1 unit,8b869812-8d4e-411e-b047-b36373cdb37d
Bread (Vetkoek),Namibia,Gobabis,RETAIL,2013-09-01,0.1,1 unit,bbe90981-bea6-4873-9ad9-1db1daff660a
Bread (Vetkoek),Namibia,Katima,RETAIL,2013-09-01,0.1,1 unit,e16adee0-4558-4d68-af6f-674b665b0a1f
Bread (Vetkoek),Namibia,Keetmanshoop,RETAIL,2013-09-01,0.1,1 unit,f142dfc4-c580-4116-a3bd-524252eb0b3c
Bread (Vetkoek),Namibia,Mariental,RETAIL,2013-09-01,0.15,1 unit,9cfbb592-f39b-4c39-b2ff-15b1ffd2ca13
Bread (Vetkoek),Namibia,Oshakati,RETAIL,2013-09-01,0.1,1 unit,2128be49-7301-4db6-9f8e-76d7d424b03c
Bread (Vetkoek),Namibia,Swakopmund,RETAIL,2013-09-01,0.1,1 unit,d8e92b78-a155-46cd-94a3-25cabdc0bf4d
Bread (Vetkoek),Namibia,Windhoek,RETAIL,2013-09-01,0.2,1 unit,8b869812-8d4e-411e-b047-b36373cdb37d
Bread (Vetkoek),Namibia,Gobabis,RETAIL,2013-10-01,0.1,1 unit,bbe90981-bea6-4873-9ad9-1db1daff660a
Bread (Vetkoek),Namibia,Katima,RETAIL,2013-10-01,0.1,1 unit,e16adee0-4558-4d68-af6f-674b665b0a1f
Bread (Vetkoek),Namibia,Keetmanshoop,RETAIL,2013-10-01,0.1,1 unit,f142dfc4-c580-4116-a3bd-524252eb0b3c
Bread (Vetkoek),Namibia,Mariental,RETAIL,2013-10-01,0.15,1 unit,9cfbb592-f39b-4c39-b2ff-15b1ffd2ca13
Bread (Vetkoek),Namibia,Oshakati,RETAIL,2013-10-01,0.1,1 unit,2128be49-7301-4db6-9f8e-76d7d424b03c
Bread (Vetkoek),Namibia,Swakopmund,RETAIL,2013-10-01,0.1,1 unit,d8e92b78-a155-46cd-94a3-25cabdc0bf4d
Bread (Vetkoek),Namibia,Windhoek,RETAIL,2013-10-01,0.2,1 unit,8b869812-8d4e-411e-b047-b36373cdb37d
Bread (Vetkoek),Namibia,Gobabis,RETAIL,2013-11-01,0.1,1 unit,bbe90981-bea6-4873-9ad9-1db1daff660a
Bread (Vetkoek),Namibia,Katima,RETAIL,2013-11-01,0.1,1 unit,e16adee0-4558-4d68-af6f-674b665b0a1f
Bread (Vetkoek),Namibia,Keetmanshoop,RETAIL,2013-11-01,0.1,1 unit,f142dfc4-c580-4116-a3bd-524252eb0b3c
Bread (Vetkoek),Namibia,Mariental,RETAIL,2013-11-01,0.15,1 unit,9cfbb592-f39b-4c39-b2ff-15b1ffd2ca13
Bread (Vetkoek),Namibia,Oshakati,RETAIL,2013-11-01,0.1,1 unit,2128be49-7301-4db6-9f8e-76d7d424b03c
Bread (Vetkoek),Namibia,Swakopmund,RETAIL,2013-11-01,0.1,1 unit,d8e92b78-a155-46cd-94a3-25cabdc0bf4d
Bread (Vetkoek),Namibia,Windhoek,RETAIL,2013-11-01,0.2,1 unit,8b869812-8d4e-411e-b047-b36373cdb37d
Bread (Vetkoek),Namibia,Gobabis,RETAIL,2013-12-01,0.1,1 unit,bbe90981-bea6-4873-9ad9-1db1daff660a
Bread (Vetkoek),Namibia,Katima,RETAIL,2013-12-01,0.1,1 unit,e16adee0-4558-4d68-af6f-674b665b0a1f
Bread (Vetkoek),Namibia,Keetmanshoop,RETAIL,2013-12-01,0.1,1 unit,f142dfc4-c580-4116-a3bd-524252eb0b3c
Bread (Vetkoek),Namibia,Mariental,RETAIL,2013-12-01,0.14,1 unit,9cfbb592-f39b-4c39-b2ff-15b1ffd2ca13
Bread (Vetkoek),Namibia,Oshakati,RETAIL,2013-12-01,0.1,1 unit,2128be49-7301-4db6-9f8e-76d7d424b03c
Bread (Vetkoek),Namibia,Swakopmund,RETAIL,2013-12-01,0.1,1 unit,d8e92b78-a155-46cd-94a3-25cabdc0bf4d
Bread (Vetkoek),Namibia,Windhoek,RETAIL,2013-12-01,0.19,1 unit,8b869812-8d4e-411e-b047-b36373cdb37d
Bread (Vetkoek),Namibia,Gobabis,RETAIL,2014-01-01,0.09,1 unit,bbe90981-bea6-4873-9ad9-1db1daff660a
Bread (Vetkoek),Namibia,Katima,RETAIL,2014-01-01,0.09,1 unit,e16adee0-4558-4d68-af6f-674b665b0a1f
Bread (Vetkoek),Namibia,Keetmanshoop,RETAIL,2014-01-01,0.09,1 unit,f142dfc4-c580-4116-a3bd-524252eb0b3c
Bread (Vetkoek),Namibia,Mariental,RETAIL,2014-01-01,0.14,1 unit,9cfbb592-f39b-4c39-b2ff-15b1ffd2ca13
Bread (Vetkoek),Namibia,Oshakati,RETAIL,2014-01-01,0.09,1 unit,2128be49-7301-4db6-9f8e-76d7d424b03c
Bread (Vetkoek),Namibia,Swakopmund,RETAIL,2014-01-01,0.09,1 unit,d8e92b78-a155-46cd-94a3-25cabdc0bf4d
Bread (Vetkoek),Namibia,Windhoek,RETAIL,2014-01-01,0.23,1 unit,8b869812-8d4e-411e-b047-b36373cdb37d
Bread (Vetkoek),Namibia,Gobabis,RETAIL,2014-02-01,0.09,1 unit,bbe90981-bea6-4873-9ad9-1db1daff660a
Bread (Vetkoek),Namibia,Katima,RETAIL,2014-02-01,0.09,1 unit,e16adee0-4558-4d68-af6f-674b665b0a1f
Bread (Vetkoek),Namibia,Keetmanshoop,RETAIL,2014-02-01,0.09,1 unit,f142dfc4-c580-4116-a3bd-524252eb0b3c
Bread (Vetkoek),Namibia,Mariental,RETAIL,2014-02-01,0.14,1 unit,9cfbb592-f39b-4c39-b2ff-15b1ffd2ca13
Bread (Vetkoek),Namibia,Oshakati,RETAIL,2014-02-01,0.09,1 unit,2128be49-7301-4db6-9f8e-76d7d424b03c
Bread (Vetkoek),Namibia,Swakopmund,RETAIL,2014-02-01,0.09,1 unit,d8e92b78-a155-46cd-94a3-25cabdc0bf4d
Bread (Vetkoek),Namibia,Windhoek,RETAIL,2014-02-01,0.23,1 unit,8b869812-8d4e-411e-b047-b36373cdb37d
Bread (Vetkoek),Namibia,Gobabis,RETAIL,2014-03-01,0.09,1 unit,bbe90981-bea6-4873-9ad9-1db1daff660a
Bread (Vetkoek),Namibia,Katima,RETAIL,2014-03-01,0.09,1 unit,e16adee0-4558-4d68-af6f-674b665b0a1f
Bread (Vetkoek),Namibia,Keetmanshoop,RETAIL,2014-03-01,0.09,1 unit,f142dfc4-c580-4116-a3bd-524252eb0b3c
Bread (Vetkoek),Namibia,Mariental,RETAIL,2014-03-01,0.14,1 unit,9cfbb592-f39b-4c39-b2ff-15b1ffd2ca13
Bread (Vetkoek),Namibia,Oshakati,RETAIL,2014-03-01,0.09,1 unit,2128be49-7301-4db6-9f8e-76d7d424b03c
Bread (Vetkoek),Namibia,Swakopmund,RETAIL,2014-03-01,0.09,1 unit,d8e92b78-a155-46cd-94a3-25cabdc0bf4d
Bread (Vetkoek),Namibia,Windhoek,RETAIL,2014-03-01,0.23,1 unit,8b869812-8d4e-411e-b047-b36373cdb37d
Bread (Vetkoek),Namibia,Gobabis,RETAIL,2014-04-01,0.09,1 unit,bbe90981-bea6-4873-9ad9-1db1daff660a
Bread (Vetkoek),Namibia,Katima,RETAIL,2014-04-01,0.09,1 unit,e16adee0-4558-4d68-af6f-674b665b0a1f
Bread (Vetkoek),Namibia,Keetmanshoop,RETAIL,2014-04-01,0.09,1 unit,f142dfc4-c580-4116-a3bd-524252eb0b3c
Bread (Vetkoek),Namibia,Mariental,RETAIL,2014-04-01,0.14,1 unit,9cfbb592-f39b-4c39-b2ff-15b1ffd2ca13
Bread (Vetkoek),Namibia,Oshakati,RETAIL,2014-04-01,0.09,1 unit,2128be49-7301-4db6-9f8e-76d7d424b03c
Bread (Vetkoek),Namibia,Swakopmund,RETAIL,2014-04-01,0.09,1 unit,d8e92b78-a155-46cd-94a3-25cabdc0bf4d
Bread (Vetkoek),Namibia,Windhoek,RETAIL,2014-04-01,0.24,1 unit,8b869812-8d4e-411e-b047-b36373cdb37d
Bread (Vetkoek),Namibia,Gobabis,RETAIL,2014-05-01,0.1,1 unit,bbe90981-bea6-4873-9ad9-1db1daff660a
Bread (Vetkoek),Namibia,Katima,RETAIL,2014-05-01,0.1,1 unit,e16adee0-4558-4d68-af6f-674b665b0a1f
Bread (Vetkoek),Namibia,Keetmanshoop,RETAIL,2014-05-01,0.1,1 unit,f142dfc4-c580-4116-a3bd-524252eb0b3c
Bread (Vetkoek),Namibia,Mariental,RETAIL,2014-05-01,0.1,1 unit,9cfbb592-f39b-4c39-b2ff-15b1ffd2ca13
Bread (Vetkoek),Namibia,Oshakati,RETAIL,2014-05-01,0.1,1 unit,2128be49-7301-4db6-9f8e-76d7d424b03c
Bread (Vetkoek),Namibia,Swakopmund,RETAIL,2014-05-01,0.14,1 unit,d8e92b78-a155-46cd-94a3-25cabdc0bf4d
Bread (Vetkoek),Namibia,Windhoek,RETAIL,2014-05-01,0.24,1 unit,8b869812-8d4e-411e-b047-b36373cdb37d
Bread (Vetkoek),Namibia,Gobabis,RETAIL,2014-06-01,0.09,1 unit,bbe90981-bea6-4873-9ad9-1db1daff660a
Bread (Vetkoek),Namibia,Katima,RETAIL,2014-06-01,0.09,1 unit,e16adee0-4558-4d68-af6f-674b665b0a1f
Bread (Vetkoek),Namibia,Keetmanshoop,RETAIL,2014-06-01,0.09,1 unit,f142dfc4-c580-4116-a3bd-524252eb0b3c
Bread (Vetkoek),Namibia,Mariental,RETAIL,2014-06-01,0.14,1 unit,9cfbb592-f39b-4c39-b2ff-15b1ffd2ca13
Bread (Vetkoek),Namibia,Oshakati,RETAIL,2014-06-01,0.09,1 unit,2128be49-7301-4db6-9f8e-76d7d424b03c
Bread (Vetkoek),Namibia,Swakopmund,RETAIL,2014-06-01,0.14,1 unit,d8e92b78-a155-46cd-94a3-25cabdc0bf4d
Bread (Vetkoek),Namibia,Windhoek,RETAIL,2014-06-01,0.23,1 unit,8b869812-8d4e-411e-b047-b36373cdb37d
Bread (Vetkoek),Namibia,Gobabis,RETAIL,2014-07-01,0.09,1 unit,bbe90981-bea6-4873-9ad9-1db1daff660a
Bread (Vetkoek),Namibia,Katima,RETAIL,2014-07-01,0.09,1 unit,e16adee0-4558-4d68-af6f-674b665b0a1f
Bread (Vetkoek),Namibia,Keetmanshoop,RETAIL,2014-07-01,0.09,1 unit,f142dfc4-c580-4116-a3bd-524252eb0b3c
Bread (Vetkoek),Namibia,Mariental,RETAIL,2014-07-01,0.14,1 unit,9cfbb592-f39b-4c39-b2ff-15b1ffd2ca13
Bread (Vetkoek),Namibia,Oshakati,RETAIL,2014-07-01,0.09,1 unit,2128be49-7301-4db6-9f8e-76d7d424b03c
Bread (Vetkoek),Namibia,Swakopmund,RETAIL,2014-07-01,0.09,1 unit,d8e92b78-a155-46cd-94a3-25cabdc0bf4d
Bread (Vetkoek),Namibia,Windhoek,RETAIL,2014-07-01,0.23,1 unit,8b869812-8d4e-411e-b047-b36373cdb37d
Bread (Vetkoek),Namibia,Gobabis,RETAIL,2014-08-01,0.09,1 unit,bbe90981-bea6-4873-9ad9-1db1daff660a
Bread (Vetkoek),Namibia,Katima,RETAIL,2014-08-01,0.09,1 unit,e16adee0-4558-4d68-af6f-674b665b0a1f
Bread (Vetkoek),Namibia,Keetmanshoop,RETAIL,2014-08-01,0.09,1 unit,f142dfc4-c580-4116-a3bd-524252eb0b3c
Bread (Vetkoek),Namibia,Mariental,RETAIL,2014-08-01,0.4,1 unit,9cfbb592-f39b-4c39-b2ff-15b1ffd2ca13
Bread (Vetkoek),Namibia,Oshakati,RETAIL,2014-08-01,0.09,1 unit,2128be49-7301-4db6-9f8e-76d7d424b03c
Bread (Vetkoek),Namibia,Swakopmund,RETAIL,2014-08-01,0.14,1 unit,d8e92b78-a155-46cd-94a3-25cabdc0bf4d
Bread (Vetkoek),Namibia,Windhoek,RETAIL,2014-08-01,0.28,1 unit,8b869812-8d4e-411e-b047-b36373cdb37d
Bread (Vetkoek),Namibia,Gobabis,RETAIL,2014-09-01,0.09,1 unit,bbe90981-bea6-4873-9ad9-1db1daff660a
Bread (Vetkoek),Namibia,Katima,RETAIL,2014-09-01,0.09,1 unit,e16adee0-4558-4d68-af6f-674b665b0a1f
Bread (Vetkoek),Namibia,Keetmanshoop,RETAIL,2014-09-01,0.09,1 unit,f142dfc4-c580-4116-a3bd-524252eb0b3c
Bread (Vetkoek),Namibia,Mariental,RETAIL,2014-09-01,0.32,1 unit,9cfbb592-f39b-4c39-b2ff-15b1ffd2ca13
Bread (Vetkoek),Namibia,Oshakati,RETAIL,2014-09-01,0.09,1 unit,2128be49-7301-4db6-9f8e-76d7d424b03c
Bread (Vetkoek),Namibia,Swakopmund,RETAIL,2014-09-01,0.14,1 unit,d8e92b78-a155-46cd-94a3-25cabdc0bf4d
Bread (Vetkoek),Namibia,Windhoek,RETAIL,2014-09-01,0.27,1 unit,8b869812-8d4e-411e-b047-b36373cdb37d
Bread (Vetkoek),Namibia,Gobabis,RETAIL,2014-10-01,0.09,1 unit,bbe90981-bea6-4873-9ad9-1db1daff660a
Bread (Vetkoek),Namibia,Katima,RETAIL,2014-10-01,0.09,1 unit,e16adee0-4558-4d68-af6f-674b665b0a1f
Bread (Vetkoek),Namibia,Keetmanshoop,RETAIL,2014-10-01,0.09,1 unit,f142dfc4-c580-4116-a3bd-524252eb0b3c
Bread (Vetkoek),Namibia,Mariental,RETAIL,2014-10-01,0.32,1 unit,9cfbb592-f39b-4c39-b2ff-15b1ffd2ca13
Bread (Vetkoek),Namibia,Oshakati,RETAIL,2014-10-01,0.09,1 unit,2128be49-7301-4db6-9f8e-76d7d424b03c
Bread (Vetkoek),Namibia,Swakopmund,RETAIL,2014-10-01,0.14,1 unit,d8e92b78-a155-46cd-94a3-25cabdc0bf4d
Bread (Vetkoek),Namibia,Windhoek,RETAIL,2014-10-01,0.23,1 unit,8b869812-8d4e-411e-b047-b36373cdb37d
Bread (Vetkoek),Namibia,Gobabis,RETAIL,2014-11-01,0.09,1 unit,bbe90981-bea6-4873-9ad9-1db1daff660a
Bread (Vetkoek),Namibia,Katima,RETAIL,2014-11-01,0.09,1 unit,e16adee0-4558-4d68-af6f-674b665b0a1f
Bread (Vetkoek),Namibia,Keetmanshoop,RETAIL,2014-11-01,0.09,1 unit,f142dfc4-c580-4116-a3bd-524252eb0b3c
Bread (Vetkoek),Namibia,Mariental,RETAIL,2014-11-01,0.32,1 unit,9cfbb592-f39b-4c39-b2ff-15b1ffd2ca13
Bread (Vetkoek),Namibia,Oshakati,RETAIL,2014-11-01,0.09,1 unit,2128be49-7301-4db6-9f8e-76d7d424b03c
Bread (Vetkoek),Namibia,Swakopmund,RETAIL,2014-11-01,0.14,1 unit,d8e92b78-a155-46cd-94a3-25cabdc0bf4d
Bread (Vetkoek),Namibia,Windhoek,RETAIL,2014-11-01,0.23,1 unit,8b869812-8d4e-411e-b047-b36373cdb37d
Bread (Vetkoek),Namibia,Gobabis,RETAIL,2014-12-01,0.09,1 unit,bbe90981-bea6-4873-9ad9-1db1daff660a
Bread (Vetkoek),Namibia,Katima,RETAIL,2014-12-01,0.09,1 unit,e16adee0-4558-4d68-af6f-674b665b0a1f
Bread (Vetkoek),Namibia,Keetmanshoop,RETAIL,2014-12-01,0.17,1 unit,f142dfc4-c580-4116-a3bd-524252eb0b3c
Bread (Vetkoek),Namibia,Mariental,RETAIL,2014-12-01,0.31,1 unit,9cfbb592-f39b-4c39-b2ff-15b1ffd2ca13
Bread (Vetkoek),Namibia,Oshakati,RETAIL,2014-12-01,0.09,1 unit,2128be49-7301-4db6-9f8e-76d7d424b03c
Bread (Vetkoek),Namibia,Swakopmund,RETAIL,2014-12-01,0.13,1 unit,d8e92b78-a155-46cd-94a3-25cabdc0bf4d
Bread (Vetkoek),Namibia,Windhoek,RETAIL,2014-12-01,0.22,1 unit,8b869812-8d4e-411e-b047-b36373cdb37d
Bread (Vetkoek),Namibia,Gobabis,RETAIL,2015-01-01,0.09,1 unit,bbe90981-bea6-4873-9ad9-1db1daff660a
Bread (Vetkoek),Namibia,Katima,RETAIL,2015-01-01,0.09,1 unit,e16adee0-4558-4d68-af6f-674b665b0a1f
Bread (Vetkoek),Namibia,Keetmanshoop,RETAIL,2015-01-01,0.17,1 unit,f142dfc4-c580-4116-a3bd-524252eb0b3c
Bread (Vetkoek),Namibia,Mariental,RETAIL,2015-01-01,0.3,1 unit,9cfbb592-f39b-4c39-b2ff-15b1ffd2ca13
Bread (Vetkoek),Namibia,Oshakati,RETAIL,2015-01-01,0.09,1 unit,2128be49-7301-4db6-9f8e-76d7d424b03c
Bread (Vetkoek),Namibia,Swakopmund,RETAIL,2015-01-01,0.13,1 unit,d8e92b78-a155-46cd-94a3-25cabdc0bf4d
Bread (Vetkoek),Namibia,Windhoek,RETAIL,2015-01-01,0.22,1 unit,8b869812-8d4e-411e-b047-b36373cdb37d
Bread (Vetkoek),Namibia,Gobabis,RETAIL,2015-02-01,0.09,1 unit,bbe90981-bea6-4873-9ad9-1db1daff660a
Bread (Vetkoek),Namibia,Katima,RETAIL,2015-02-01,0.09,1 unit,e16adee0-4558-4d68-af6f-674b665b0a1f
Bread (Vetkoek),Namibia,Keetmanshoop,RETAIL,2015-02-01,0.09,1 unit,f142dfc4-c580-4116-a3bd-524252eb0b3c
Bread (Vetkoek),Namibia,Mariental,RETAIL,2015-02-01,0.3,1 unit,9cfbb592-f39b-4c39-b2ff-15b1ffd2ca13
Bread (Vetkoek),Namibia,Oshakati,RETAIL,2015-02-01,0.09,1 unit,2128be49-7301-4db6-9f8e-76d7d424b03c
Bread (Vetkoek),Namibia,Swakopmund,RETAIL,2015-02-01,0.13,1 unit,d8e92b78-a155-46cd-94a3-25cabdc0bf4d
Bread (Vetkoek),Namibia,Windhoek,RETAIL,2015-02-01,0.22,1 unit,8b869812-8d4e-411e-b047-b36373cdb37d
Bread (Vetkoek),Namibia,Gobabis,RETAIL,2015-03-01,0.08,1 unit,bbe90981-bea6-4873-9ad9-1db1daff660a
Bread (Vetkoek),Namibia,Katima,RETAIL,2015-03-01,0.08,1 unit,e16adee0-4558-4d68-af6f-674b665b0a1f
Bread (Vetkoek),Namibia,Keetmanshoop,RETAIL,2015-03-01,0.08,1 unit,f142dfc4-c580-4116-a3bd-524252eb0b3c
Bread (Vetkoek),Namibia,Mariental,RETAIL,2015-03-01,0.29,1 unit,9cfbb592-f39b-4c39-b2ff-15b1ffd2ca13
Bread (Vetkoek),Namibia,Oshakati,RETAIL,2015-03-01,0.08,1 unit,2128be49-7301-4db6-9f8e-76d7d424b03c
Bread (Vetkoek),Namibia,Swakopmund,RETAIL,2015-03-01,0.12,1 unit,d8e92b78-a155-46cd-94a3-25cabdc0bf4d
Bread (Vetkoek),Namibia,Windhoek,RETAIL,2015-03-01,0.21,1 unit,8b869812-8d4e-411e-b047-b36373cdb37d
Bread (Vetkoek),Namibia,Gobabis,RETAIL,2015-04-01,0.08,1 unit,bbe90981-bea6-4873-9ad9-1db1daff660a
Bread (Vetkoek),Namibia,Katima,RETAIL,2015-04-01,0.08,1 unit,e16adee0-4558-4d68-af6f-674b665b0a1f
Bread (Vetkoek),Namibia,Keetmanshoop,RETAIL,2015-04-01,0.08,1 unit,f142dfc4-c580-4116-a3bd-524252eb0b3c
Bread (Vetkoek),Namibia,Mariental,RETAIL,2015-04-01,0.37,1 unit,9cfbb592-f39b-4c39-b2ff-15b1ffd2ca13
Bread (Vetkoek),Namibia,Oshakati,RETAIL,2015-04-01,0.08,1 unit,2128be49-7301-4db6-9f8e-76d7d424b03c
Bread (Vetkoek),Namibia,Swakopmund,RETAIL,2015-04-01,0.12,1 unit,d8e92b78-a155-46cd-94a3-25cabdc0bf4d
Bread (Vetkoek),Namibia,Windhoek,RETAIL,2015-04-01,0.21,1 unit,8b869812-8d4e-411e-b047-b36373cdb37d
Bread (Vetkoek),Namibia,Gobabis,RETAIL,2015-05-01,0.08,1 unit,bbe90981-bea6-4873-9ad9-1db1daff660a
Bread (Vetkoek),Namibia,Katima,RETAIL,2015-05-01,0.08,1 unit,e16adee0-4558-4d68-af6f-674b665b0a1f
Bread (Vetkoek),Namibia,Keetmanshoop,RETAIL,2015-05-01,0.08,1 unit,f142dfc4-c580-4116-a3bd-524252eb0b3c
Bread (Vetkoek),Namibia,Mariental,RETAIL,2015-05-01,0.38,1 unit,9cfbb592-f39b-4c39-b2ff-15b1ffd2ca13
Bread (Vetkoek),Namibia,Oshakati,RETAIL,2015-05-01,0.08,1 unit,2128be49-7301-4db6-9f8e-76d7d424b03c
Bread (Vetkoek),Namibia,Swakopmund,RETAIL,2015-05-01,0.13,1 unit,d8e92b78-a155-46cd-94a3-25cabdc0bf4d
Bread (Vetkoek),Namibia,Windhoek,RETAIL,2015-05-01,0.21,1 unit,8b869812-8d4e-411e-b047-b36373cdb37d
Bread (Vetkoek),Namibia,Gobabis,RETAIL,2015-06-01,0.08,1 unit,bbe90981-bea6-4873-9ad9-1db1daff660a
Bread (Vetkoek),Namibia,Katima,RETAIL,2015-06-01,0.08,1 unit,e16adee0-4558-4d68-af6f-674b665b0a1f
Bread (Vetkoek),Namibia,Keetmanshoop,RETAIL,2015-06-01,0.08,1 unit,f142dfc4-c580-4116-a3bd-524252eb0b3c
Bread (Vetkoek),Namibia,Mariental,RETAIL,2015-06-01,0.37,1 unit,9cfbb592-f39b-4c39-b2ff-15b1ffd2ca13
Bread (Vetkoek),Namibia,Oshakati,RETAIL,2015-06-01,0.08,1 unit,2128be49-7301-4db6-9f8e-76d7d424b03c
Bread (Vetkoek),Namibia,Swakopmund,RETAIL,2015-06-01,0.12,1 unit,d8e92b78-a155-46cd-94a3-25cabdc0bf4d
Bread (Vetkoek),Namibia,Windhoek,RETAIL,2015-06-01,0.2,1 unit,8b869812-8d4e-411e-b047-b36373cdb37d
Bread (Vetkoek),Namibia,Gobabis,RETAIL,2015-07-01,0.08,1 unit,bbe90981-bea6-4873-9ad9-1db1daff660a
Bread (Vetkoek),Namibia,Katima,RETAIL,2015-07-01,0.08,1 unit,e16adee0-4558-4d68-af6f-674b665b0a1f
Bread (Vetkoek),Namibia,Keetmanshoop,RETAIL,2015-07-01,0.08,1 unit,f142dfc4-c580-4116-a3bd-524252eb0b3c
Bread (Vetkoek),Namibia,Mariental,RETAIL,2015-07-01,0.36,1 unit,9cfbb592-f39b-4c39-b2ff-15b1ffd2ca13
Bread (Vetkoek),Namibia,Oshakati,RETAIL,2015-07-01,0.08,1 unit,2128be49-7301-4db6-9f8e-76d7d424b03c
Bread (Vetkoek),Namibia,Swakopmund,RETAIL,2015-07-01,0.12,1 unit,d8e92b78-a155-46cd-94a3-25cabdc0bf4d
Bread (Vetkoek),Namibia,Windhoek,RETAIL,2015-07-01,0.2,1 unit,8b869812-8d4e-411e-b047-b36373cdb37d
Bread (Vetkoek),Namibia,Gobabis,RETAIL,2015-08-01,0.08,1 unit,bbe90981-bea6-4873-9ad9-1db1daff660a
Bread (Vetkoek),Namibia,Katima,RETAIL,2015-08-01,0.08,1 unit,e16adee0-4558-4d68-af6f-674b665b0a1f
Bread (Vetkoek),Namibia,Keetmanshoop,RETAIL,2015-08-01,0.08,1 unit,f142dfc4-c580-4116-a3bd-524252eb0b3c
Bread (Vetkoek),Namibia,Mariental,RETAIL,2015-08-01,0.35,1 unit,9cfbb592-f39b-4c39-b2ff-15b1ffd2ca13
Bread (Vetkoek),Namibia,Oshakati,RETAIL,2015-08-01,0.08,1 unit,2128be49-7301-4db6-9f8e-76d7d424b03c
Bread (Vetkoek),Namibia,Swakopmund,RETAIL,2015-08-01,0.12,1 unit,d8e92b78-a155-46cd-94a3-25cabdc0bf4d
Bread (Vetkoek),Namibia,Windhoek,RETAIL,2015-08-01,0.19,1 unit,8b869812-8d4e-411e-b047-b36373cdb37d
Bread (Vetkoek),Namibia,Gobabis,RETAIL,2015-09-01,0.07,1 unit,bbe90981-bea6-4873-9ad9-1db1daff660a
Bread (Vetkoek),Namibia,Katima,RETAIL,2015-09-01,0.07,1 unit,e16adee0-4558-4d68-af6f-674b665b0a1f
Bread (Vetkoek),Namibia,Keetmanshoop,RETAIL,2015-09-01,0.07,1 unit,f142dfc4-c580-4116-a3bd-524252eb0b3c
Bread (Vetkoek),Namibia,Mariental,RETAIL,2015-09-01,0.33,1 unit,9cfbb592-f39b-4c39-b2ff-15b1ffd2ca13
Bread (Vetkoek),Namibia,Oshakati,RETAIL,2015-09-01,0.07,1 unit,2128be49-7301-4db6-9f8e-76d7d424b03c
Bread (Vetkoek),Namibia,Swakopmund,RETAIL,2015-09-01,0.11,1 unit,d8e92b78-a155-46cd-94a3-25cabdc0bf4d
Bread (Vetkoek),Namibia,Windhoek,RETAIL,2015-09-01,0.22,1 unit,8b869812-8d4e-411e-b047-b36373cdb37d
Bread (Vetkoek),Namibia,Gobabis,RETAIL,2015-10-01,0.07,1 unit,bbe90981-bea6-4873-9ad9-1db1daff660a
Bread (Vetkoek),Namibia,Katima,RETAIL,2015-10-01,0.07,1 unit,e16adee0-4558-4d68-af6f-674b665b0a1f
Bread (Vetkoek),Namibia,Keetmanshoop,RETAIL,2015-10-01,0.07,1 unit,f142dfc4-c580-4116-a3bd-524252eb0b3c
Bread (Vetkoek),Namibia,Mariental,RETAIL,2015-10-01,0.2,1 unit,9cfbb592-f39b-4c39-b2ff-15b1ffd2ca13
Bread (Vetkoek),Namibia,Oshakati,RETAIL,2015-10-01,0.07,1 unit,2128be49-7301-4db6-9f8e-76d7d424b03c
Bread (Vetkoek),Namibia,Swakopmund,RETAIL,2015-10-01,0.11,1 unit,d8e92b78-a155-46cd-94a3-25cabdc0bf4d
Bread (Vetkoek),Namibia,Windhoek,RETAIL,2015-10-01,0.19,1 unit,8b869812-8d4e-411e-b047-b36373cdb37d
Bread (Vetkoek),Namibia,Gobabis,RETAIL,2015-11-01,0.07,1 unit,bbe90981-bea6-4873-9ad9-1db1daff660a
Bread (Vetkoek),Namibia,Katima,RETAIL,2015-11-01,0.07,1 unit,e16adee0-4558-4d68-af6f-674b665b0a1f
Bread (Vetkoek),Namibia,Keetmanshoop,RETAIL,2015-11-01,0.07,1 unit,f142dfc4-c580-4116-a3bd-524252eb0b3c
Bread (Vetkoek),Namibia,Mariental,RETAIL,2015-11-01,0.19,1 unit,9cfbb592-f39b-4c39-b2ff-15b1ffd2ca13
Bread (Vetkoek),Namibia,Oshakati,RETAIL,2015-11-01,0.07,1 unit,2128be49-7301-4db6-9f8e-76d7d424b03c
Bread (Vetkoek),Namibia,Swakopmund,RETAIL,2015-11-01,0.11,1 unit,d8e92b78-a155-46cd-94a3-25cabdc0bf4d
Bread (Vetkoek),Namibia,Windhoek,RETAIL,2015-11-01,0.18,1 unit,8b869812-8d4e-411e-b047-b36373cdb37d
Bread (Vetkoek),Namibia,Gobabis,RETAIL,2015-12-01,0.07,1 unit,bbe90981-bea6-4873-9ad9-1db1daff660a
Bread (Vetkoek),Namibia,Katima,RETAIL,2015-12-01,0.07,1 unit,e16adee0-4558-4d68-af6f-674b665b0a1f
Bread (Vetkoek),Namibia,Keetmanshoop,RETAIL,2015-12-01,0.07,1 unit,f142dfc4-c580-4116-a3bd-524252eb0b3c
Bread (Vetkoek),Namibia,Mariental,RETAIL,2015-12-01,0.23,1 unit,9cfbb592-f39b-4c39-b2ff-15b1ffd2ca13
Bread (Vetkoek),Namibia,Oshakati,RETAIL,2015-12-01,0.07,1 unit,2128be49-7301-4db6-9f8e-76d7d424b03c
Bread (Vetkoek),Namibia,Swakopmund,RETAIL,2015-12-01,0.1,1 unit,d8e92b78-a155-46cd-94a3-25cabdc0bf4d
Bread (Vetkoek),Namibia,Windhoek,RETAIL,2015-12-01,0.17,1 unit,8b869812-8d4e-411e-b047-b36373cdb37d
Bread (Vetkoek),Namibia,Gobabis,RETAIL,2016-01-01,0.06,1 unit,bbe90981-bea6-4873-9ad9-1db1daff660a
Bread (Vetkoek),Namibia,Katima,RETAIL,2016-01-01,0.06,1 unit,e16adee0-4558-4d68-af6f-674b665b0a1f
Bread (Vetkoek),Namibia,Keetmanshoop,RETAIL,2016-01-01,0.06,1 unit,f142dfc4-c580-4116-a3bd-524252eb0b3c
Bread (Vetkoek),Namibia,Mariental,RETAIL,2016-01-01,0.21,1 unit,9cfbb592-f39b-4c39-b2ff-15b1ffd2ca13
Bread (Vetkoek),Namibia,Oshakati,RETAIL,2016-01-01,0.06,1 unit,2128be49-7301-4db6-9f8e-76d7d424b03c
Bread (Vetkoek),Namibia,Swakopmund,RETAIL,2016-01-01,0.09,1 unit,d8e92b78-a155-46cd-94a3-25cabdc0bf4d
Bread (Vetkoek),Namibia,Windhoek,RETAIL,2016-01-01,0.15,1 unit,8b869812-8d4e-411e-b047-b36373cdb37d
Bread (Vetkoek),Namibia,Gobabis,RETAIL,2016-02-01,0.06,1 unit,bbe90981-bea6-4873-9ad9-1db1daff660a
Bread (Vetkoek),Namibia,Katima,RETAIL,2016-02-01,0.06,1 unit,e16adee0-4558-4d68-af6f-674b665b0a1f
Bread (Vetkoek),Namibia,Keetmanshoop,RETAIL,2016-02-01,0.06,1 unit,f142dfc4-c580-4116-a3bd-524252eb0b3c
Bread (Vetkoek),Namibia,Mariental,RETAIL,2016-02-01,0.22,1 unit,9cfbb592-f39b-4c39-b2ff-15b1ffd2ca13
Bread (Vetkoek),Namibia,Oshakati,RETAIL,2016-02-01,0.06,1 unit,2128be49-7301-4db6-9f8e-76d7d424b03c
Bread (Vetkoek),Namibia,Swakopmund,RETAIL,2016-02-01,0.1,1 unit,d8e92b78-a155-46cd-94a3-25cabdc0bf4d
Bread (Vetkoek),Namibia,Windhoek,RETAIL,2016-02-01,0.16,1 unit,8b869812-8d4e-411e-b047-b36373cdb37d
Bread (Vetkoek),Namibia,Gobabis,RETAIL,2016-03-01,0.06,1 unit,bbe90981-bea6-4873-9ad9-1db1daff660a
Bread (Vetkoek),Namibia,Katima,RETAIL,2016-03-01,0.06,1 unit,e16adee0-4558-4d68-af6f-674b665b0a1f
Bread (Vetkoek),Namibia,Keetmanshoop,RETAIL,2016-03-01,0.06,1 unit,f142dfc4-c580-4116-a3bd-524252eb0b3c
Bread (Vetkoek),Namibia,Mariental,RETAIL,2016-03-01,0.22,1 unit,9cfbb592-f39b-4c39-b2ff-15b1ffd2ca13
Bread (Vetkoek),Namibia,Oshakati,RETAIL,2016-03-01,0.06,1 unit,2128be49-7301-4db6-9f8e-76d7d424b03c
Bread (Vetkoek),Namibia,Swakopmund,RETAIL,2016-03-01,0.1,1 unit,d8e92b78-a155-46cd-94a3-25cabdc0bf4d
Bread (Vetkoek),Namibia,Windhoek,RETAIL,2016-03-01,0.16,1 unit,8b869812-8d4e-411e-b047-b36373cdb37d
Bread (Vetkoek),Namibia,Gobabis,RETAIL,2016-04-01,0.07,1 unit,bbe90981-bea6-4873-9ad9-1db1daff660a
Bread (Vetkoek),Namibia,Katima,RETAIL,2016-04-01,0.07,1 unit,e16adee0-4558-4d68-af6f-674b665b0a1f
Bread (Vetkoek),Namibia,Keetmanshoop,RETAIL,2016-04-01,0.07,1 unit,f142dfc4-c580-4116-a3bd-524252eb0b3c
Bread (Vetkoek),Namibia,Mariental,RETAIL,2016-04-01,0.24,1 unit,9cfbb592-f39b-4c39-b2ff-15b1ffd2ca13
Bread (Vetkoek),Namibia,Oshakati,RETAIL,2016-04-01,0.07,1 unit,2128be49-7301-4db6-9f8e-76d7d424b03c
Bread (Vetkoek),Namibia,Swakopmund,RETAIL,2016-04-01,0.1,1 unit,d8e92b78-a155-46cd-94a3-25cabdc0bf4d
Bread (Vetkoek),Namibia,Windhoek,RETAIL,2016-04-01,0.19,1 unit,8b869812-8d4e-411e-b047-b36373cdb37d
Bread (Vetkoek),Namibia,Gobabis,RETAIL,2016-05-01,0.07,1 unit,bbe90981-bea6-4873-9ad9-1db1daff660a
Bread (Vetkoek),Namibia,Katima,RETAIL,2016-05-01,0.07,1 unit,e16adee0-4558-4d68-af6f-674b665b0a1f
Bread (Vetkoek),Namibia,Keetmanshoop,RETAIL,2016-05-01,0.07,1 unit,f142dfc4-c580-4116-a3bd-524252eb0b3c
Bread (Vetkoek),Namibia,Mariental,RETAIL,2016-05-01,0.32,1 unit,9cfbb592-f39b-4c39-b2ff-15b1ffd2ca13
Bread (Vetkoek),Namibia,Oshakati,RETAIL,2016-05-01,0.07,1 unit,2128be49-7301-4db6-9f8e-76d7d424b03c
Bread (Vetkoek),Namibia,Swakopmund,RETAIL,2016-05-01,0.1,1 unit,d8e92b78-a155-46cd-94a3-25cabdc0bf4d
Bread (Vetkoek),Namibia,Windhoek,RETAIL,2016-05-01,0.18,1 unit,8b869812-8d4e-411e-b047-b36373cdb37d
Bread (Vetkoek),Namibia,Gobabis,RETAIL,2016-06-01,0.07,1 unit,bbe90981-bea6-4873-9ad9-1db1daff660a
Bread (Vetkoek),Namibia,Katima,RETAIL,2016-06-01,0.07,1 unit,e16adee0-4558-4d68-af6f-674b665b0a1f
Bread (Vetkoek),Namibia,Keetmanshoop,RETAIL,2016-06-01,0.07,1 unit,f142dfc4-c580-4116-a3bd-524252eb0b3c
Bread (Vetkoek),Namibia,Mariental,RETAIL,2016-06-01,0.23,1 unit,9cfbb592-f39b-4c39-b2ff-15b1ffd2ca13
Bread (Vetkoek),Namibia,Oshakati,RETAIL,2016-06-01,0.07,1 unit,2128be49-7301-4db6-9f8e-76d7d424b03c
Bread (Vetkoek),Namibia,Swakopmund,RETAIL,2016-06-01,0.1,1 unit,d8e92b78-a155-46cd-94a3-25cabdc0bf4d
Bread (Vetkoek),Namibia,Windhoek,RETAIL,2016-06-01,0.18,1 unit,8b869812-8d4e-411e-b047-b36373cdb37d
Bread (Vetkoek),Namibia,Gobabis,RETAIL,2016-07-01,0.07,1 unit,bbe90981-bea6-4873-9ad9-1db1daff660a
Bread (Vetkoek),Namibia,Katima,RETAIL,2016-07-01,0.07,1 unit,e16adee0-4558-4d68-af6f-674b665b0a1f
Bread (Vetkoek),Namibia,Keetmanshoop,RETAIL,2016-07-01,0.07,1 unit,f142dfc4-c580-4116-a3bd-524252eb0b3c
Bread (Vetkoek),Namibia,Mariental,RETAIL,2016-07-01,0.24,1 unit,9cfbb592-f39b-4c39-b2ff-15b1ffd2ca13
Bread (Vetkoek),Namibia,Oshakati,RETAIL,2016-07-01,0.07,1 unit,2128be49-7301-4db6-9f8e-76d7d424b03c
Bread (Vetkoek),Namibia,Swakopmund,RETAIL,2016-07-01,0.1,1 unit,d8e92b78-a155-46cd-94a3-25cabdc0bf4d
Bread (Vetkoek),Namibia,Windhoek,RETAIL,2016-07-01,0.19,1 unit,8b869812-8d4e-411e-b047-b36373cdb37d
Bread (Vetkoek),Namibia,Gobabis,RETAIL,2016-08-01,0.07,1 unit,bbe90981-bea6-4873-9ad9-1db1daff660a
Bread (Vetkoek),Namibia,Katima,RETAIL,2016-08-01,0.07,1 unit,e16adee0-4558-4d68-af6f-674b665b0a1f
Bread (Vetkoek),Namibia,Keetmanshoop,RETAIL,2016-08-01,0.07,1 unit,f142dfc4-c580-4116-a3bd-524252eb0b3c
Bread (Vetkoek),Namibia,Mariental,RETAIL,2016-08-01,0.25,1 unit,9cfbb592-f39b-4c39-b2ff-15b1ffd2ca13
Bread (Vetkoek),Namibia,Oshakati,RETAIL,2016-08-01,0.07,1 unit,2128be49-7301-4db6-9f8e-76d7d424b03c
Bread (Vetkoek),Namibia,Swakopmund,RETAIL,2016-08-01,0.11,1 unit,d8e92b78-a155-46cd-94a3-25cabdc0bf4d
Bread (Vetkoek),Namibia,Windhoek,RETAIL,2016-08-01,0.2,1 unit,8b869812-8d4e-411e-b047-b36373cdb37d
Bread (Vetkoek),Namibia,Gobabis,RETAIL,2016-09-01,0.07,1 unit,bbe90981-bea6-4873-9ad9-1db1daff660a
Bread (Vetkoek),Namibia,Katima,RETAIL,2016-09-01,0.07,1 unit,e16adee0-4558-4d68-af6f-674b665b0a1f
Bread (Vetkoek),Namibia,Keetmanshoop,RETAIL,2016-09-01,0.07,1 unit,f142dfc4-c580-4116-a3bd-524252eb0b3c
Bread (Vetkoek),Namibia,Mariental,RETAIL,2016-09-01,0.25,1 unit,9cfbb592-f39b-4c39-b2ff-15b1ffd2ca13
Bread (Vetkoek),Namibia,Oshakati,RETAIL,2016-09-01,0.07,1 unit,2128be49-7301-4db6-9f8e-76d7d424b03c
Bread (Vetkoek),Namibia,Swakopmund,RETAIL,2016-09-01,0.11,1 unit,d8e92b78-a155-46cd-94a3-25cabdc0bf4d
Bread (Vetkoek),Namibia,Windhoek,RETAIL,2016-09-01,0.2,1 unit,8b869812-8d4e-411e-b047-b36373cdb37d
Bread (Vetkoek),Namibia,Gobabis,RETAIL,2016-10-01,0.07,1 unit,bbe90981-bea6-4873-9ad9-1db1daff660a
Bread (Vetkoek),Namibia,Katima,RETAIL,2016-10-01,0.07,1 unit,e16adee0-4558-4d68-af6f-674b665b0a1f
Bread (Vetkoek),Namibia,Keetmanshoop,RETAIL,2016-10-01,0.07,1 unit,f142dfc4-c580-4116-a3bd-524252eb0b3c
Bread (Vetkoek),Namibia,Mariental,RETAIL,2016-10-01,0.25,1 unit,9cfbb592-f39b-4c39-b2ff-15b1ffd2ca13
Bread (Vetkoek),Namibia,Oshakati,RETAIL,2016-10-01,0.07,1 unit,2128be49-7301-4db6-9f8e-76d7d424b03c
Bread (Vetkoek),Namibia,Swakopmund,RETAIL,2016-10-01,0.11,1 unit,d8e92b78-a155-46cd-94a3-25cabdc0bf4d
Bread (Vetkoek),Namibia,Windhoek,RETAIL,2016-10-01,0.21,1 unit,8b869812-8d4e-411e-b047-b36373cdb37d
Bread (Vetkoek),Namibia,Gobabis,RETAIL,2016-11-01,0.07,1 unit,bbe90981-bea6-4873-9ad9-1db1daff660a
Bread (Vetkoek),Namibia,Katima,RETAIL,2016-11-01,0.07,1 unit,e16adee0-4558-4d68-af6f-674b665b0a1f
Bread (Vetkoek),Namibia,Keetmanshoop,RETAIL,2016-11-01,0.07,1 unit,f142dfc4-c580-4116-a3bd-524252eb0b3c
Bread (Vetkoek),Namibia,Mariental,RETAIL,2016-11-01,0.25,1 unit,9cfbb592-f39b-4c39-b2ff-15b1ffd2ca13
Bread (Vetkoek),Namibia,Oshakati,RETAIL,2016-11-01,0.07,1 unit,2128be49-7301-4db6-9f8e-76d7d424b03c
Bread (Vetkoek),Namibia,Swakopmund,RETAIL,2016-11-01,0.11,1 unit,d8e92b78-a155-46cd-94a3-25cabdc0bf4d
Bread (Vetkoek),Namibia,Windhoek,RETAIL,2016-11-01,0.22,1 unit,8b869812-8d4e-411e-b047-b36373cdb37d
Bread (Vetkoek),Namibia,Gobabis,RETAIL,2016-12-01,0.07,1 unit,bbe90981-bea6-4873-9ad9-1db1daff660a
Bread (Vetkoek),Namibia,Katima,RETAIL,2016-12-01,0.07,1 unit,e16adee0-4558-4d68-af6f-674b665b0a1f
Bread (Vetkoek),Namibia,Keetmanshoop,RETAIL,2016-12-01,0.07,1 unit,f142dfc4-c580-4116-a3bd-524252eb0b3c
Bread (Vetkoek),Namibia,Mariental,RETAIL,2016-12-01,0.25,1 unit,9cfbb592-f39b-4c39-b2ff-15b1ffd2ca13
Bread (Vetkoek),Namibia,Oshakati,RETAIL,2016-12-01,0.07,1 unit,2128be49-7301-4db6-9f8e-76d7d424b03c
Bread (Vetkoek),Namibia,Swakopmund,RETAIL,2016-12-01,0.11,1 unit,d8e92b78-a155-46cd-94a3-25cabdc0bf4d
Bread (Vetkoek),Namibia,Windhoek,RETAIL,2016-12-01,0.22,1 unit,8b869812-8d4e-411e-b047-b36373cdb37d
Bread (Vetkoek),Namibia,Gobabis,RETAIL,2017-01-01,0.07,1 unit,bbe90981-bea6-4873-9ad9-1db1daff660a
Bread (Vetkoek),Namibia,Katima,RETAIL,2017-01-01,0.07,1 unit,e16adee0-4558-4d68-af6f-674b665b0a1f
Bread (Vetkoek),Namibia,Keetmanshoop,RETAIL,2017-01-01,0.07,1 unit,f142dfc4-c580-4116-a3bd-524252eb0b3c
Bread (Vetkoek),Namibia,Mariental,RETAIL,2017-01-01,0.25,1 unit,9cfbb592-f39b-4c39-b2ff-15b1ffd2ca13
Bread (Vetkoek),Namibia,Oshakati,RETAIL,2017-01-01,0.07,1 unit,2128be49-7301-4db6-9f8e-76d7d424b03c
Bread (Vetkoek),Namibia,Swakopmund,RETAIL,2017-01-01,0.11,1 unit,d8e92b78-a155-46cd-94a3-25cabdc0bf4d
Bread (Vetkoek),Namibia,Windhoek,RETAIL,2017-01-01,0.22,1 unit,8b869812-8d4e-411e-b047-b36373cdb37d
Bread (Vetkoek),Namibia,Gobabis,RETAIL,2017-02-01,0.08,1 unit,bbe90981-bea6-4873-9ad9-1db1daff660a
Bread (Vetkoek),Namibia,Katima,RETAIL,2017-02-01,0.08,1 unit,e16adee0-4558-4d68-af6f-674b665b0a1f
Bread (Vetkoek),Namibia,Keetmanshoop,RETAIL,2017-02-01,0.08,1 unit,f142dfc4-c580-4116-a3bd-524252eb0b3c
Bread (Vetkoek),Namibia,Mariental,RETAIL,2017-02-01,0.26,1 unit,9cfbb592-f39b-4c39-b2ff-15b1ffd2ca13
Bread (Vetkoek),Namibia,Oshakati,RETAIL,2017-02-01,0.08,1 unit,2128be49-7301-4db6-9f8e-76d7d424b03c
Bread (Vetkoek),Namibia,Swakopmund,RETAIL,2017-02-01,0.11,1 unit,d8e92b78-a155-46cd-94a3-25cabdc0bf4d
Bread (Vetkoek),Namibia,Windhoek,RETAIL,2017-02-01,0.19,1 unit,8b869812-8d4e-411e-b047-b36373cdb37d
Bread (Vetkoek),Namibia,Gobabis,RETAIL,2017-03-01,0.08,1 unit,bbe90981-bea6-4873-9ad9-1db1daff660a
Bread (Vetkoek),Namibia,Katima,RETAIL,2017-03-01,0.08,1 unit,e16adee0-4558-4d68-af6f-674b665b0a1f
Bread (Vetkoek),Namibia,Keetmanshoop,RETAIL,2017-03-01,0.08,1 unit,f142dfc4-c580-4116-a3bd-524252eb0b3c
Bread (Vetkoek),Namibia,Mariental,RETAIL,2017-03-01,0.27,1 unit,9cfbb592-f39b-4c39-b2ff-15b1ffd2ca13
Bread (Vetkoek),Namibia,Oshakati,RETAIL,2017-03-01,0.08,1 unit,2128be49-7301-4db6-9f8e-76d7d424b03c
Bread (Vetkoek),Namibia,Swakopmund,RETAIL,2017-03-01,0.12,1 unit,d8e92b78-a155-46cd-94a3-25cabdc0bf4d
Bread (Vetkoek),Namibia,Windhoek,RETAIL,2017-03-01,0.19,1 unit,8b869812-8d4e-411e-b047-b36373cdb37d
Bread (Vetkoek),Namibia,Gobabis,RETAIL,2017-04-01,0.07,1 unit,bbe90981-bea6-4873-9ad9-1db1daff660a
Bread (Vetkoek),Namibia,Katima,RETAIL,2017-04-01,0.07,1 unit,e16adee0-4558-4d68-af6f-674b665b0a1f
Bread (Vetkoek),Namibia,Keetmanshoop,RETAIL,2017-04-01,0.07,1 unit,f142dfc4-c580-4116-a3bd-524252eb0b3c
Bread (Vetkoek),Namibia,Mariental,RETAIL,2017-04-01,0.26,1 unit,9cfbb592-f39b-4c39-b2ff-15b1ffd2ca13
Bread (Vetkoek),Namibia,Oshakati,RETAIL,2017-04-01,0.07,1 unit,2128be49-7301-4db6-9f8e-76d7d424b03c
Bread (Vetkoek),Namibia,Swakopmund,RETAIL,2017-04-01,0.11,1 unit,d8e92b78-a155-46cd-94a3-25cabdc0bf4d
Bread (Vetkoek),Namibia,Windhoek,RETAIL,2017-04-01,0.19,1 unit,8b869812-8d4e-411e-b047-b36373cdb37d
Bread (Vetkoek),Namibia,Gobabis,RETAIL,2017-05-01,0.08,1 unit,bbe90981-bea6-4873-9ad9-1db1daff660a
Bread (Vetkoek),Namibia,Katima,RETAIL,2017-05-01,0.08,1 unit,e16adee0-4558-4d68-af6f-674b665b0a1f
Bread (Vetkoek),Namibia,Keetmanshoop,RETAIL,2017-05-01,0.08,1 unit,f142dfc4-c580-4116-a3bd-524252eb0b3c
Bread (Vetkoek),Namibia,Mariental,RETAIL,2017-05-01,0.26,1 unit,9cfbb592-f39b-4c39-b2ff-15b1ffd2ca13
Bread (Vetkoek),Namibia,Oshakati,RETAIL,2017-05-01,0.08,1 unit,2128be49-7301-4db6-9f8e-76d7d424b03c
Bread (Vetkoek),Namibia,Swakopmund,RETAIL,2017-05-01,0.11,1 unit,d8e92b78-a155-46cd-94a3-25cabdc0bf4d
Bread (Vetkoek),Namibia,Windhoek,RETAIL,2017-05-01,0.19,1 unit,8b869812-8d4e-411e-b047-b36373cdb37d
Bread (Vetkoek),Namibia,Gobabis,RETAIL,2017-06-01,0.08,1 unit,bbe90981-bea6-4873-9ad9-1db1daff660a
Bread (Vetkoek),Namibia,Katima,RETAIL,2017-06-01,0.08,1 unit,e16adee0-4558-4d68-af6f-674b665b0a1f
Bread (Vetkoek),Namibia,Keetmanshoop,RETAIL,2017-06-01,0.08,1 unit,f142dfc4-c580-4116-a3bd-524252eb0b3c
Bread (Vetkoek),Namibia,Mariental,RETAIL,2017-06-01,0.27,1 unit,9cfbb592-f39b-4c39-b2ff-15b1ffd2ca13
Bread (Vetkoek),Namibia,Oshakati,RETAIL,2017-06-01,0.08,1 unit,2128be49-7301-4db6-9f8e-76d7d424b03c
Bread (Vetkoek),Namibia,Swakopmund,RETAIL,2017-06-01,0.12,1 unit,d8e92b78-a155-46cd-94a3-25cabdc0bf4d
Bread (Vetkoek),Namibia,Windhoek,RETAIL,2017-06-01,0.21,1 unit,8b869812-8d4e-411e-b047-b36373cdb37d
Bread (Vetkoek),Namibia,Gobabis,RETAIL,2017-07-01,0.08,1 unit,bbe90981-bea6-4873-9ad9-1db1daff660a
Bread (Vetkoek),Namibia,Katima,RETAIL,2017-07-01,0.08,1 unit,e16adee0-4558-4d68-af6f-674b665b0a1f
Bread (Vetkoek),Namibia,Keetmanshoop,RETAIL,2017-07-01,0.08,1 unit,f142dfc4-c580-4116-a3bd-524252eb0b3c
Bread (Vetkoek),Namibia,Mariental,RETAIL,2017-07-01,0.26,1 unit,9cfbb592-f39b-4c39-b2ff-15b1ffd2ca13
Bread (Vetkoek),Namibia,Oshakati,RETAIL,2017-07-01,0.08,1 unit,2128be49-7301-4db6-9f8e-76d7d424b03c
Bread (Vetkoek),Namibia,Swakopmund,RETAIL,2017-07-01,0.11,1 unit,d8e92b78-a155-46cd-94a3-25cabdc0bf4d
Bread (Vetkoek),Namibia,Windhoek,RETAIL,2017-07-01,0.21,1 unit,8b869812-8d4e-411e-b047-b36373cdb37d
Bread (Vetkoek),Namibia,Gobabis,RETAIL,2017-08-01,0.08,1 unit,bbe90981-bea6-4873-9ad9-1db1daff660a
Bread (Vetkoek),Namibia,Katima,RETAIL,2017-08-01,0.08,1 unit,e16adee0-4558-4d68-af6f-674b665b0a1f
Bread (Vetkoek),Namibia,Keetmanshoop,RETAIL,2017-08-01,0.08,1 unit,f142dfc4-c580-4116-a3bd-524252eb0b3c
Bread (Vetkoek),Namibia,Mariental,RETAIL,2017-08-01,0.26,1 unit,9cfbb592-f39b-4c39-b2ff-15b1ffd2ca13
Bread (Vetkoek),Namibia,Oshakati,RETAIL,2017-08-01,0.08,1 unit,2128be49-7301-4db6-9f8e-76d7d424b03c
Bread (Vetkoek),Namibia,Swakopmund,RETAIL,2017-08-01,0.11,1 unit,d8e92b78-a155-46cd-94a3-25cabdc0bf4d
Bread (Vetkoek),Namibia,Windhoek,RETAIL,2017-08-01,0.21,1 unit,8b869812-8d4e-411e-b047-b36373cdb37d
Bread (Vetkoek),Namibia,Gobabis,RETAIL,2017-09-01,0.08,1 unit,bbe90981-bea6-4873-9ad9-1db1daff660a
Bread (Vetkoek),Namibia,Katima,RETAIL,2017-09-01,0.08,1 unit,e16adee0-4558-4d68-af6f-674b665b0a1f
Bread (Vetkoek),Namibia,Keetmanshoop,RETAIL,2017-09-01,0.08,1 unit,f142dfc4-c580-4116-a3bd-524252eb0b3c
Bread (Vetkoek),Namibia,Mariental,RETAIL,2017-09-01,0.26,1 unit,9cfbb592-f39b-4c39-b2ff-15b1ffd2ca13
Bread (Vetkoek),Namibia,Oshakati,RETAIL,2017-09-01,0.08,1 unit,2128be49-7301-4db6-9f8e-76d7d424b03c
Bread (Vetkoek),Namibia,Swakopmund,RETAIL,2017-09-01,0.11,1 unit,d8e92b78-a155-46cd-94a3-25cabdc0bf4d
Bread (Vetkoek),Namibia,Windhoek,RETAIL,2017-09-01,0.19,1 unit,8b869812-8d4e-411e-b047-b36373cdb37d
Bread (Vetkoek),Namibia,Gobabis,RETAIL,2017-10-01,0.07,1 unit,bbe90981-bea6-4873-9ad9-1db1daff660a
Bread (Vetkoek),Namibia,Katima,RETAIL,2017-10-01,0.07,1 unit,e16adee0-4558-4d68-af6f-674b665b0a1f
Bread (Vetkoek),Namibia,Keetmanshoop,RETAIL,2017-10-01,0.07,1 unit,f142dfc4-c580-4116-a3bd-524252eb0b3c
Bread (Vetkoek),Namibia,Mariental,RETAIL,2017-10-01,0.25,1 unit,9cfbb592-f39b-4c39-b2ff-15b1ffd2ca13
Bread (Vetkoek),Namibia,Oshakati,RETAIL,2017-10-01,0.07,1 unit,2128be49-7301-4db6-9f8e-76d7d424b03c
Bread (Vetkoek),Namibia,Swakopmund,RETAIL,2017-10-01,0.11,1 unit,d8e92b78-a155-46cd-94a3-25cabdc0bf4d
Bread (Vetkoek),Namibia,Windhoek,RETAIL,2017-10-01,0.18,1 unit,8b869812-8d4e-411e-b047-b36373cdb37d
Bread (Vetkoek),Namibia,Gobabis,RETAIL,2017-11-01,0.07,1 unit,bbe90981-bea6-4873-9ad9-1db1daff660a
Bread (Vetkoek),Namibia,Katima,RETAIL,2017-11-01,0.07,1 unit,e16adee0-4558-4d68-af6f-674b665b0a1f
Bread (Vetkoek),Namibia,Keetmanshoop,RETAIL,2017-11-01,0.07,1 unit,f142dfc4-c580-4116-a3bd-524252eb0b3c
Bread (Vetkoek),Namibia,Mariental,RETAIL,2017-11-01,0.25,1 unit,9cfbb592-f39b-4c39-b2ff-15b1ffd2ca13
Bread (Vetkoek),Namibia,Oshakati,RETAIL,2017-11-01,0.07,1 unit,2128be49-7301-4db6-9f8e-76d7d424b03c
Bread (Vetkoek),Namibia,Swakopmund,RETAIL,2017-11-01,0.11,1 unit,d8e92b78-a155-46cd-94a3-25cabdc0bf4d
Bread (Vetkoek),Namibia,Windhoek,RETAIL,2017-11-01,0.18,1 unit,8b869812-8d4e-411e-b047-b36373cdb37d
Bread (Vetkoek),Namibia,Gobabis,RETAIL,2017-12-01,0.08,1 unit,bbe90981-bea6-4873-9ad9-1db1daff660a
Bread (Vetkoek),Namibia,Katima,RETAIL,2017-12-01,0.08,1 unit,e16adee0-4558-4d68-af6f-674b665b0a1f
Bread (Vetkoek),Namibia,Keetmanshoop,RETAIL,2017-12-01,0.08,1 unit,f142dfc4-c580-4116-a3bd-524252eb0b3c
Bread (Vetkoek),Namibia,Mariental,RETAIL,2017-12-01,0.26,1 unit,9cfbb592-f39b-4c39-b2ff-15b1ffd2ca13
Bread (Vetkoek),Namibia,Oshakati,RETAIL,2017-12-01,0.08,1 unit,2128be49-7301-4db6-9f8e-76d7d424b03c
Bread (Vetkoek),Namibia,Swakopmund,RETAIL,2017-12-01,0.11,1 unit,d8e92b78-a155-46cd-94a3-25cabdc0bf4d
Bread (Vetkoek),Namibia,Windhoek,RETAIL,2017-12-01,0.19,1 unit,8b869812-8d4e-411e-b047-b36373cdb37d
Bread (Vetkoek),Namibia,Gobabis,RETAIL,2018-01-01,0.08,1 unit,bbe90981-bea6-4873-9ad9-1db1daff660a
Bread (Vetkoek),Namibia,Katima,RETAIL,2018-01-01,0.08,1 unit,e16adee0-4558-4d68-af6f-674b665b0a1f
Bread (Vetkoek),Namibia,Keetmanshoop,RETAIL,2018-01-01,0.08,1 unit,f142dfc4-c580-4116-a3bd-524252eb0b3c
Bread (Vetkoek),Namibia,Mariental,RETAIL,2018-01-01,0.28,1 unit,9cfbb592-f39b-4c39-b2ff-15b1ffd2ca13
Bread (Vetkoek),Namibia,Oshakati,RETAIL,2018-01-01,0.08,1 unit,2128be49-7301-4db6-9f8e-76d7d424b03c
Bread (Vetkoek),Namibia,Swakopmund,RETAIL,2018-01-01,0.12,1 unit,d8e92b78-a155-46cd-94a3-25cabdc0bf4d
Bread (Vetkoek),Namibia,Windhoek,RETAIL,2018-01-01,0.2,1 unit,8b869812-8d4e-411e-b047-b36373cdb37d
Bread (Vetkoek),Namibia,Gobabis,RETAIL,2018-02-01,0.08,1 unit,bbe90981-bea6-4873-9ad9-1db1daff660a
Bread (Vetkoek),Namibia,Katima,RETAIL,2018-02-01,0.08,1 unit,e16adee0-4558-4d68-af6f-674b665b0a1f
Bread (Vetkoek),Namibia,Keetmanshoop,RETAIL,2018-02-01,0.08,1 unit,f142dfc4-c580-4116-a3bd-524252eb0b3c
Bread (Vetkoek),Namibia,Mariental,RETAIL,2018-02-01,0.29,1 unit,9cfbb592-f39b-4c39-b2ff-15b1ffd2ca13
Bread (Vetkoek),Namibia,Oshakati,RETAIL,2018-02-01,0.08,1 unit,2128be49-7301-4db6-9f8e-76d7d424b03c
Bread (Vetkoek),Namibia,Swakopmund,RETAIL,2018-02-01,0.13,1 unit,d8e92b78-a155-46cd-94a3-25cabdc0bf4d
Bread (Vetkoek),Namibia,Windhoek,RETAIL,2018-02-01,0.21,1 unit,8b869812-8d4e-411e-b047-b36373cdb37d
Bread (Vetkoek),Namibia,Gobabis,RETAIL,2018-03-01,0.08,1 unit,bbe90981-bea6-4873-9ad9-1db1daff660a
Bread (Vetkoek),Namibia,Katima,RETAIL,2018-03-01,0.08,1 unit,e16adee0-4558-4d68-af6f-674b665b0a1f
Bread (Vetkoek),Namibia,Keetmanshoop,RETAIL,2018-03-01,0.08,1 unit,f142dfc4-c580-4116-a3bd-524252eb0b3c
Bread (Vetkoek),Namibia,Mariental,RETAIL,2018-03-01,0.29,1 unit,9cfbb592-f39b-4c39-b2ff-15b1ffd2ca13
Bread (Vetkoek),Namibia,Oshakati,RETAIL,2018-03-01,0.08,1 unit,2128be49-7301-4db6-9f8e-76d7d424b03c
Bread (Vetkoek),Namibia,Swakopmund,RETAIL,2018-03-01,0.13,1 unit,d8e92b78-a155-46cd-94a3-25cabdc0bf4d
Bread (Vetkoek),Namibia,Windhoek,RETAIL,2018-03-01,0.21,1 unit,8b869812-8d4e-411e-b047-b36373cdb37d
Bread (Vetkoek),Namibia,Gobabis,RETAIL,2018-04-01,0.17,1 unit,bbe90981-bea6-4873-9ad9-1db1daff660a
Bread (Vetkoek),Namibia,Katima,RETAIL,2018-04-01,0.08,1 unit,e16adee0-4558-4d68-af6f-674b665b0a1f
Bread (Vetkoek),Namibia,Keetmanshoop,RETAIL,2018-04-01,0.08,1 unit,f142dfc4-c580-4116-a3bd-524252eb0b3c
Bread (Vetkoek),Namibia,Mariental,RETAIL,2018-04-01,0.28,1 unit,9cfbb592-f39b-4c39-b2ff-15b1ffd2ca13
Bread (Vetkoek),Namibia,Oshakati,RETAIL,2018-04-01,0.08,1 unit,2128be49-7301-4db6-9f8e-76d7d424b03c
Bread (Vetkoek),Namibia,Swakopmund,RETAIL,2018-04-01,0.12,1 unit,d8e92b78-a155-46cd-94a3-25cabdc0bf4d
Bread (Vetkoek),Namibia,Windhoek,RETAIL,2018-04-01,0.21,1 unit,8b869812-8d4e-411e-b047-b36373cdb37d
Bread (Vetkoek),Namibia,Gobabis,RETAIL,2018-05-01,0.16,1 unit,bbe90981-bea6-4873-9ad9-1db1daff660a
Bread (Vetkoek),Namibia,Katima,RETAIL,2018-05-01,0.08,1 unit,e16adee0-4558-4d68-af6f-674b665b0a1f
Bread (Vetkoek),Namibia,Keetmanshoop,RETAIL,2018-05-01,0.08,1 unit,f142dfc4-c580-4116-a3bd-524252eb0b3c
Bread (Vetkoek),Namibia,Mariental,RETAIL,2018-05-01,0.28,1 unit,9cfbb592-f39b-4c39-b2ff-15b1ffd2ca13
Bread (Vetkoek),Namibia,Oshakati,RETAIL,2018-05-01,0.08,1 unit,2128be49-7301-4db6-9f8e-76d7d424b03c
Bread (Vetkoek),Namibia,Swakopmund,RETAIL,2018-05-01,0.12,1 unit,d8e92b78-a155-46cd-94a3-25cabdc0bf4d
Bread (Vetkoek),Namibia,Windhoek,RETAIL,2018-05-01,0.2,1 unit,8b869812-8d4e-411e-b047-b36373cdb37d
Bread (Vetkoek),Namibia,Gobabis,RETAIL,2018-06-01,0.15,1 unit,bbe90981-bea6-4873-9ad9-1db1daff660a
Bread (Vetkoek),Namibia,Katima,RETAIL,2018-06-01,0.08,1 unit,e16adee0-4558-4d68-af6f-674b665b0a1f
Bread (Vetkoek),Namibia,Keetmanshoop,RETAIL,2018-06-01,0.08,1 unit,f142dfc4-c580-4116-a3bd-524252eb0b3c
Bread (Vetkoek),Namibia,Mariental,RETAIL,2018-06-01,0.26,1 unit,9cfbb592-f39b-4c39-b2ff-15b1ffd2ca13
Bread (Vetkoek),Namibia,Oshakati,RETAIL,2018-06-01,0.08,1 unit,2128be49-7301-4db6-9f8e-76d7d424b03c
Bread (Vetkoek),Namibia,Swakopmund,RETAIL,2018-06-01,0.11,1 unit,d8e92b78-a155-46cd-94a3-25cabdc0bf4d
Bread (Vetkoek),Namibia,Windhoek,RETAIL,2018-06-01,0.19,1 unit,8b869812-8d4e-411e-b047-b36373cdb37d
Bread (Vetkoek),Namibia,Gobabis,RETAIL,2018-07-01,0.15,1 unit,bbe90981-bea6-4873-9ad9-1db1daff660a
Bread (Vetkoek),Namibia,Katima,RETAIL,2018-07-01,0.07,1 unit,e16adee0-4558-4d68-af6f-674b665b0a1f
Bread (Vetkoek),Namibia,Keetmanshoop,RETAIL,2018-07-01,0.07,1 unit,f142dfc4-c580-4116-a3bd-524252eb0b3c
Bread (Vetkoek),Namibia,Mariental,RETAIL,2018-07-01,0.26,1 unit,9cfbb592-f39b-4c39-b2ff-15b1ffd2ca13
Bread (Vetkoek),Namibia,Oshakati,RETAIL,2018-07-01,0.07,1 unit,2128be49-7301-4db6-9f8e-76d7d424b03c
Bread (Vetkoek),Namibia,Swakopmund,RETAIL,2018-07-01,0.11,1 unit,d8e92b78-a155-46cd-94a3-25cabdc0bf4d
Bread (Vetkoek),Namibia,Windhoek,RETAIL,2018-07-01,0.19,1 unit,8b869812-8d4e-411e-b047-b36373cdb37d
Bread (Vetkoek),Namibia,Gobabis,RETAIL,2018-08-01,0.14,1 unit,bbe90981-bea6-4873-9ad9-1db1daff660a
Bread (Vetkoek),Namibia,Katima,RETAIL,2018-08-01,0.07,1 unit,e16adee0-4558-4d68-af6f-674b665b0a1f
Bread (Vetkoek),Namibia,Keetmanshoop,RETAIL,2018-08-01,0.07,1 unit,f142dfc4-c580-4116-a3bd-524252eb0b3c
Bread (Vetkoek),Namibia,Mariental,RETAIL,2018-08-01,0.24,1 unit,9cfbb592-f39b-4c39-b2ff-15b1ffd2ca13
Bread (Vetkoek),Namibia,Oshakati,RETAIL,2018-08-01,0.07,1 unit,2128be49-7301-4db6-9f8e-76d7d424b03c
Bread (Vetkoek),Namibia,Swakopmund,RETAIL,2018-08-01,0.11,1 unit,d8e92b78-a155-46cd-94a3-25cabdc0bf4d
Bread (Vetkoek),Namibia,Windhoek,RETAIL,2018-08-01,0.18,1 unit,8b869812-8d4e-411e-b047-b36373cdb37d
Bread (Vetkoek),Namibia,Gobabis,RETAIL,2018-09-01,0.14,1 unit,bbe90981-bea6-4873-9ad9-1db1daff660a
Bread (Vetkoek),Namibia,Katima,RETAIL,2018-09-01,0.07,1 unit,e16adee0-4558-4d68-af6f-674b665b0a1f
Bread (Vetkoek),Namibia,Keetmanshoop,RETAIL,2018-09-01,0.07,1 unit,f142dfc4-c580-4116-a3bd-524252eb0b3c
Bread (Vetkoek),Namibia,Mariental,RETAIL,2018-09-01,0.23,1 unit,9cfbb592-f39b-4c39-b2ff-15b1ffd2ca13
Bread (Vetkoek),Namibia,Oshakati,RETAIL,2018-09-01,0.07,1 unit,2128be49-7301-4db6-9f8e-76d7d424b03c
Bread (Vetkoek),Namibia,Swakopmund,RETAIL,2018-09-01,0.1,1 unit,d8e92b78-a155-46cd-94a3-25cabdc0bf4d
Bread (Vetkoek),Namibia,Windhoek,RETAIL,2018-09-01,0.17,1 unit,8b869812-8d4e-411e-b047-b36373cdb37d
Bread (Vetkoek),Namibia,Gobabis,RETAIL,2018-10-01,0.14,1 unit,bbe90981-bea6-4873-9ad9-1db1daff660a
Bread (Vetkoek),Namibia,Katima,RETAIL,2018-10-01,0.07,1 unit,e16adee0-4558-4d68-af6f-674b665b0a1f
Bread (Vetkoek),Namibia,Keetmanshoop,RETAIL,2018-10-01,0.07,1 unit,f142dfc4-c580-4116-a3bd-524252eb0b3c
Bread (Vetkoek),Namibia,Mariental,RETAIL,2018-10-01,0.24,1 unit,9cfbb592-f39b-4c39-b2ff-15b1ffd2ca13
Bread (Vetkoek),Namibia,Oshakati,RETAIL,2018-10-01,0.07,1 unit,2128be49-7301-4db6-9f8e-76d7d424b03c
Bread (Vetkoek),Namibia,Swakopmund,RETAIL,2018-10-01,0.1,1 unit,d8e92b78-a155-46cd-94a3-25cabdc0bf4d
Bread (Vetkoek),Namibia,Windhoek,RETAIL,2018-10-01,0.17,1 unit,8b869812-8d4e-411e-b047-b36373cdb37d
Bread (Vetkoek),Namibia,Gobabis,RETAIL,2018-11-01,0.14,1 unit,bbe90981-bea6-4873-9ad9-1db1daff660a
Bread (Vetkoek),Namibia,Katima,RETAIL,2018-11-01,0.07,1 unit,e16adee0-4558-4d68-af6f-674b665b0a1f
Bread (Vetkoek),Namibia,Keetmanshoop,RETAIL,2018-11-01,0.07,1 unit,f142dfc4-c580-4116-a3bd-524252eb0b3c
Bread (Vetkoek),Namibia,Mariental,RETAIL,2018-11-01,0.24,1 unit,9cfbb592-f39b-4c39-b2ff-15b1ffd2ca13
Bread (Vetkoek),Namibia,Oshakati,RETAIL,2018-11-01,0.07,1 unit,2128be49-7301-4db6-9f8e-76d7d424b03c
Bread (Vetkoek),Namibia,Swakopmund,RETAIL,2018-11-01,0.11,1 unit,d8e92b78-a155-46cd-94a3-25cabdc0bf4d
Bread (Vetkoek),Namibia,Windhoek,RETAIL,2018-11-01,0.18,1 unit,8b869812-8d4e-411e-b047-b36373cdb37d
Bread (Vetkoek),Namibia,Gobabis,RETAIL,2018-12-01,0.14,1 unit,bbe90981-bea6-4873-9ad9-1db1daff660a
Bread (Vetkoek),Namibia,Katima,RETAIL,2018-12-01,0.07,1 unit,e16adee0-4558-4d68-af6f-674b665b0a1f
Bread (Vetkoek),Namibia,Keetmanshoop,RETAIL,2018-12-01,0.07,1 unit,f142dfc4-c580-4116-a3bd-524252eb0b3c
Bread (Vetkoek),Namibia,Mariental,RETAIL,2018-12-01,0.26,1 unit,9cfbb592-f39b-4c39-b2ff-15b1ffd2ca13
Bread (Vetkoek),Namibia,Oshakati,RETAIL,2018-12-01,0.07,1 unit,2128be49-7301-4db6-9f8e-76d7d424b03c
Bread (Vetkoek),Namibia,Swakopmund,RETAIL,2018-12-01,0.11,1 unit,d8e92b78-a155-46cd-94a3-25cabdc0bf4d
Bread (Vetkoek),Namibia,Windhoek,RETAIL,2018-12-01,0.18,1 unit,8b869812-8d4e-411e-b047-b36373cdb37d
Bread (Vetkoek),Namibia,Gobabis,RETAIL,2019-01-01,0.07,1 unit,bbe90981-bea6-4873-9ad9-1db1daff660a
Bread (Vetkoek),Namibia,Katima,RETAIL,2019-01-01,0.07,1 unit,e16adee0-4558-4d68-af6f-674b665b0a1f
Bread (Vetkoek),Namibia,Keetmanshoop,RETAIL,2019-01-01,0.07,1 unit,f142dfc4-c580-4116-a3bd-524252eb0b3c
Bread (Vetkoek),Namibia,Mariental,RETAIL,2019-01-01,0.27,1 unit,9cfbb592-f39b-4c39-b2ff-15b1ffd2ca13
Bread (Vetkoek),Namibia,Oshakati,RETAIL,2019-01-01,0.07,1 unit,2128be49-7301-4db6-9f8e-76d7d424b03c
Bread (Vetkoek),Namibia,Swakopmund,RETAIL,2019-01-01,0.11,1 unit,d8e92b78-a155-46cd-94a3-25cabdc0bf4d
Bread (Vetkoek),Namibia,Windhoek,RETAIL,2019-01-01,0.18,1 unit,8b869812-8d4e-411e-b047-b36373cdb37d
Bread (Vetkoek),Namibia,Gobabis,RETAIL,2019-02-01,0.14,1 unit,bbe90981-bea6-4873-9ad9-1db1daff660a
Bread (Vetkoek),Namibia,Katima,RETAIL,2019-02-01,0.07,1 unit,e16adee0-4558-4d68-af6f-674b665b0a1f
Bread (Vetkoek),Namibia,Keetmanshoop,RETAIL,2019-02-01,0.07,1 unit,f142dfc4-c580-4116-a3bd-524252eb0b3c
Bread (Vetkoek),Namibia,Mariental,RETAIL,2019-02-01,0.27,1 unit,9cfbb592-f39b-4c39-b2ff-15b1ffd2ca13
Bread (Vetkoek),Namibia,Oshakati,RETAIL,2019-02-01,0.07,1 unit,2128be49-7301-4db6-9f8e-76d7d424b03c
Bread (Vetkoek),Namibia,Swakopmund,RETAIL,2019-02-01,0.11,1 unit,d8e92b78-a155-46cd-94a3-25cabdc0bf4d
Bread (Vetkoek),Namibia,Windhoek,RETAIL,2019-02-01,0.18,1 unit,8b869812-8d4e-411e-b047-b36373cdb37d
Bread (Vetkoek),Namibia,Gobabis,RETAIL,2019-03-01,0.14,1 unit,bbe90981-bea6-4873-9ad9-1db1daff660a
Bread (Vetkoek),Namibia,Katima,RETAIL,2019-03-01,0.07,1 unit,e16adee0-4558-4d68-af6f-674b665b0a1f
Bread (Vetkoek),Namibia,Keetmanshoop,RETAIL,2019-03-01,0.07,1 unit,f142dfc4-c580-4116-a3bd-524252eb0b3c
Bread (Vetkoek),Namibia,Mariental,RETAIL,2019-03-01,0.26,1 unit,9cfbb592-f39b-4c39-b2ff-15b1ffd2ca13
Bread (Vetkoek),Namibia,Oshakati,RETAIL,2019-03-01,0.07,1 unit,2128be49-7301-4db6-9f8e-76d7d424b03c
Bread (Vetkoek),Namibia,Swakopmund,RETAIL,2019-03-01,0.1,1 unit,d8e92b78-a155-46cd-94a3-25cabdc0bf4d
Bread (Vetkoek),Namibia,Windhoek,RETAIL,2019-03-01,0.17,1 unit,8b869812-8d4e-411e-b047-b36373cdb37d
Bread (Vetkoek),Namibia,Gobabis,RETAIL,2019-04-01,0.14,1 unit,bbe90981-bea6-4873-9ad9-1db1daff660a
Bread (Vetkoek),Namibia,Katima,RETAIL,2019-04-01,0.07,1 unit,e16adee0-4558-4d68-af6f-674b665b0a1f
Bread (Vetkoek),Namibia,Keetmanshoop,RETAIL,2019-04-01,0.07,1 unit,f142dfc4-c580-4116-a3bd-524252eb0b3c
Bread (Vetkoek),Namibia,Mariental,RETAIL,2019-04-01,0.07,1 unit,9cfbb592-f39b-4c39-b2ff-15b1ffd2ca13
Bread (Vetkoek),Namibia,Oshakati,RETAIL,2019-04-01,0.07,1 unit,2128be49-7301-4db6-9f8e-76d7d424b03c
Bread (Vetkoek),Namibia,Swakopmund,RETAIL,2019-04-01,0.11,1 unit,d8e92b78-a155-46cd-94a3-25cabdc0bf4d
Bread (Vetkoek),Namibia,Windhoek,RETAIL,2019-04-01,0.18,1 unit,8b869812-8d4e-411e-b047-b36373cdb37d
Bread (Vetkoek),Namibia,Gobabis,RETAIL,2019-05-01,0.14,1 unit,bbe90981-bea6-4873-9ad9-1db1daff660a
Bread (Vetkoek),Namibia,Katima,RETAIL,2019-05-01,0.07,1 unit,e16adee0-4558-4d68-af6f-674b665b0a1f
Bread (Vetkoek),Namibia,Keetmanshoop,RETAIL,2019-05-01,0.07,1 unit,f142dfc4-c580-4116-a3bd-524252eb0b3c
Bread (Vetkoek),Namibia,Mariental,RETAIL,2019-05-01,0.07,1 unit,9cfbb592-f39b-4c39-b2ff-15b1ffd2ca13
Bread (Vetkoek),Namibia,Oshakati,RETAIL,2019-05-01,0.07,1 unit,2128be49-7301-4db6-9f8e-76d7d424b03c
Bread (Vetkoek),Namibia,Swakopmund,RETAIL,2019-05-01,0.1,1 unit,d8e92b78-a155-46cd-94a3-25cabdc0bf4d
Bread (Vetkoek),Namibia,Windhoek,RETAIL,2019-05-01,0.17,1 unit,8b869812-8d4e-411e-b047-b36373cdb37d
Bread (Vetkoek),Namibia,Gobabis,RETAIL,2019-06-01,0.14,1 unit,bbe90981-bea6-4873-9ad9-1db1daff660a
Bread (Vetkoek),Namibia,Katima,RETAIL,2019-06-01,0.07,1 unit,e16adee0-4558-4d68-af6f-674b665b0a1f
Bread (Vetkoek),Namibia,Keetmanshoop,RETAIL,2019-06-01,0.07,1 unit,f142dfc4-c580-4116-a3bd-524252eb0b3c
Bread (Vetkoek),Namibia,Mariental,RETAIL,2019-06-01,0.07,1 unit,9cfbb592-f39b-4c39-b2ff-15b1ffd2ca13
Bread (Vetkoek),Namibia,Oshakati,RETAIL,2019-06-01,0.07,1 unit,2128be49-7301-4db6-9f8e-76d7d424b03c
Bread (Vetkoek),Namibia,Swakopmund,RETAIL,2019-06-01,0.1,1 unit,d8e92b78-a155-46cd-94a3-25cabdc0bf4d
Bread (Vetkoek),Namibia,Windhoek,RETAIL,2019-06-01,0.17,1 unit,8b869812-8d4e-411e-b047-b36373cdb37d
Bread (Vetkoek),Namibia,Gobabis,RETAIL,2019-07-01,0.14,1 unit,bbe90981-bea6-4873-9ad9-1db1daff660a
Bread (Vetkoek),Namibia,Katima,RETAIL,2019-07-01,0.07,1 unit,e16adee0-4558-4d68-af6f-674b665b0a1f
Bread (Vetkoek),Namibia,Keetmanshoop,RETAIL,2019-07-01,0.07,1 unit,f142dfc4-c580-4116-a3bd-524252eb0b3c
Bread (Vetkoek),Namibia,Mariental,RETAIL,2019-07-01,0.07,1 unit,9cfbb592-f39b-4c39-b2ff-15b1ffd2ca13
Bread (Vetkoek),Namibia,Oshakati,RETAIL,2019-07-01,0.07,1 unit,2128be49-7301-4db6-9f8e-76d7d424b03c
Bread (Vetkoek),Namibia,Swakopmund,RETAIL,2019-07-01,0.11,1 unit,d8e92b78-a155-46cd-94a3-25cabdc0bf4d
Bread (Vetkoek),Namibia,Windhoek,RETAIL,2019-07-01,0.18,1 unit,8b869812-8d4e-411e-b047-b36373cdb37d
Bread (Vetkoek),Namibia,Gobabis,RETAIL,2019-08-01,0.13,1 unit,bbe90981-bea6-4873-9ad9-1db1daff660a
Bread (Vetkoek),Namibia,Katima,RETAIL,2019-08-01,0.07,1 unit,e16adee0-4558-4d68-af6f-674b665b0a1f
Bread (Vetkoek),Namibia,Keetmanshoop,RETAIL,2019-08-01,0.07,1 unit,f142dfc4-c580-4116-a3bd-524252eb0b3c
Bread (Vetkoek),Namibia,Mariental,RETAIL,2019-08-01,0.07,1 unit,9cfbb592-f39b-4c39-b2ff-15b1ffd2ca13
Bread (Vetkoek),Namibia,Oshakati,RETAIL,2019-08-01,0.07,1 unit,2128be49-7301-4db6-9f8e-76d7d424b03c
Bread (Vetkoek),Namibia,Swakopmund,RETAIL,2019-08-01,0.1,1 unit,d8e92b78-a155-46cd-94a3-25cabdc0bf4d
Bread (Vetkoek),Namibia,Windhoek,RETAIL,2019-08-01,0.17,1 unit,8b869812-8d4e-411e-b047-b36373cdb37d
Bread (Vetkoek),Namibia,Gobabis,RETAIL,2019-09-01,0.13,1 unit,bbe90981-bea6-4873-9ad9-1db1daff660a
Bread (Vetkoek),Namibia,Katima,RETAIL,2019-09-01,0.07,1 unit,e16adee0-4558-4d68-af6f-674b665b0a1f
Bread (Vetkoek),Namibia,Keetmanshoop,RETAIL,2019-09-01,0.07,1 unit,f142dfc4-c580-4116-a3bd-524252eb0b3c
Bread (Vetkoek),Namibia,Mariental,RETAIL,2019-09-01,0.1,1 unit,9cfbb592-f39b-4c39-b2ff-15b1ffd2ca13
Bread (Vetkoek),Namibia,Oshakati,RETAIL,2019-09-01,0.07,1 unit,2128be49-7301-4db6-9f8e-76d7d424b03c
Bread (Vetkoek),Namibia,Swakopmund,RETAIL,2019-09-01,0.1,1 unit,d8e92b78-a155-46cd-94a3-25cabdc0bf4d
Bread (Vetkoek),Namibia,Windhoek,RETAIL,2019-09-01,0.17,1 unit,8b869812-8d4e-411e-b047-b36373cdb37d
Bread (Vetkoek),Namibia,Gobabis,RETAIL,2019-10-01,0.13,1 unit,bbe90981-bea6-4873-9ad9-1db1daff660a
Bread (Vetkoek),Namibia,Katima,RETAIL,2019-10-01,0.07,1 unit,e16adee0-4558-4d68-af6f-674b665b0a1f
Bread (Vetkoek),Namibia,Keetmanshoop,RETAIL,2019-10-01,0.07,1 unit,f142dfc4-c580-4116-a3bd-524252eb0b3c
Bread (Vetkoek),Namibia,Mariental,RETAIL,2019-10-01,0.1,1 unit,9cfbb592-f39b-4c39-b2ff-15b1ffd2ca13
Bread (Vetkoek),Namibia,Oshakati,RETAIL,2019-10-01,0.07,1 unit,2128be49-7301-4db6-9f8e-76d7d424b03c
Bread (Vetkoek),Namibia,Swakopmund,RETAIL,2019-10-01,0.1,1 unit,d8e92b78-a155-46cd-94a3-25cabdc0bf4d
Bread (Vetkoek),Namibia,Windhoek,RETAIL,2019-10-01,0.17,1 unit,8b869812-8d4e-411e-b047-b36373cdb37d
Bread (Vetkoek),Namibia,Gobabis,RETAIL,2019-11-01,0.14,1 unit,bbe90981-bea6-4873-9ad9-1db1daff660a
Bread (Vetkoek),Namibia,Katima,RETAIL,2019-11-01,0.07,1 unit,e16adee0-4558-4d68-af6f-674b665b0a1f
Bread (Vetkoek),Namibia,Keetmanshoop,RETAIL,2019-11-01,0.07,1 unit,f142dfc4-c580-4116-a3bd-524252eb0b3c
Bread (Vetkoek),Namibia,Mariental,RETAIL,2019-11-01,0.1,1 unit,9cfbb592-f39b-4c39-b2ff-15b1ffd2ca13
Bread (Vetkoek),Namibia,Oshakati,RETAIL,2019-11-01,0.07,1 unit,2128be49-7301-4db6-9f8e-76d7d424b03c
Bread (Vetkoek),Namibia,Swakopmund,RETAIL,2019-11-01,0.1,1 unit,d8e92b78-a155-46cd-94a3-25cabdc0bf4d
Bread (Vetkoek),Namibia,Windhoek,RETAIL,2019-11-01,0.17,1 unit,8b869812-8d4e-411e-b047-b36373cdb37d
Bread (Vetkoek),Namibia,Gobabis,RETAIL,2019-12-01,0.14,1 unit,bbe90981-bea6-4873-9ad9-1db1daff660a
Bread (Vetkoek),Namibia,Katima,RETAIL,2019-12-01,0.07,1 unit,e16adee0-4558-4d68-af6f-674b665b0a1f
Bread (Vetkoek),Namibia,Keetmanshoop,RETAIL,2019-12-01,0.07,1 unit,f142dfc4-c580-4116-a3bd-524252eb0b3c
Bread (Vetkoek),Namibia,Mariental,RETAIL,2019-12-01,0.1,1 unit,9cfbb592-f39b-4c39-b2ff-15b1ffd2ca13
Bread (Vetkoek),Namibia,Oshakati,RETAIL,2019-12-01,0.07,1 unit,2128be49-7301-4db6-9f8e-76d7d424b03c
Bread (Vetkoek),Namibia,Swakopmund,RETAIL,2019-12-01,0.1,1 unit,d8e92b78-a155-46cd-94a3-25cabdc0bf4d
Bread (Vetkoek),Namibia,Windhoek,RETAIL,2019-12-01,0.17,1 unit,8b869812-8d4e-411e-b047-b36373cdb37d
Bread (Vetkoek),Namibia,Gobabis,RETAIL,2020-01-01,0.14,1 unit,bbe90981-bea6-4873-9ad9-1db1daff660a
Bread (Vetkoek),Namibia,Katima,RETAIL,2020-01-01,0.07,1 unit,e16adee0-4558-4d68-af6f-674b665b0a1f
Bread (Vetkoek),Namibia,Keetmanshoop,RETAIL,2020-01-01,0.07,1 unit,f142dfc4-c580-4116-a3bd-524252eb0b3c
Bread (Vetkoek),Namibia,Mariental,RETAIL,2020-01-01,0.1,1 unit,9cfbb592-f39b-4c39-b2ff-15b1ffd2ca13
Bread (Vetkoek),Namibia,Oshakati,RETAIL,2020-01-01,0.07,1 unit,2128be49-7301-4db6-9f8e-76d7d424b03c
Bread (Vetkoek),Namibia,Swakopmund,RETAIL,2020-01-01,0.1,1 unit,d8e92b78-a155-46cd-94a3-25cabdc0bf4d
Bread (Vetkoek),Namibia,Windhoek,RETAIL,2020-01-01,0.17,1 unit,8b869812-8d4e-411e-b047-b36373cdb37d
Bread (Vetkoek),Namibia,Gobabis,RETAIL,2020-02-01,0.13,1 unit,bbe90981-bea6-4873-9ad9-1db1daff660a
Bread (Vetkoek),Namibia,Katima,RETAIL,2020-02-01,0.07,1 unit,e16adee0-4558-4d68-af6f-674b665b0a1f
Bread (Vetkoek),Namibia,Keetmanshoop,RETAIL,2020-02-01,0.07,1 unit,f142dfc4-c580-4116-a3bd-524252eb0b3c
Bread (Vetkoek),Namibia,Mariental,RETAIL,2020-02-01,0.1,1 unit,9cfbb592-f39b-4c39-b2ff-15b1ffd2ca13
Bread (Vetkoek),Namibia,Oshakati,RETAIL,2020-02-01,0.07,1 unit,2128be49-7301-4db6-9f8e-76d7d424b03c
Bread (Vetkoek),Namibia,Swakopmund,RETAIL,2020-02-01,0.1,1 unit,d8e92b78-a155-46cd-94a3-25cabdc0bf4d
Bread (Vetkoek),Namibia,Windhoek,RETAIL,2020-02-01,0.2,1 unit,8b869812-8d4e-411e-b047-b36373cdb37d
Bread (Vetkoek),Namibia,Gobabis,RETAIL,2020-03-01,0.12,1 unit,bbe90981-bea6-4873-9ad9-1db1daff660a
Bread (Vetkoek),Namibia,Katima,RETAIL,2020-03-01,0.06,1 unit,e16adee0-4558-4d68-af6f-674b665b0a1f
Bread (Vetkoek),Namibia,Keetmanshoop,RETAIL,2020-03-01,0.06,1 unit,f142dfc4-c580-4116-a3bd-524252eb0b3c
Bread (Vetkoek),Namibia,Mariental,RETAIL,2020-03-01,0.09,1 unit,9cfbb592-f39b-4c39-b2ff-15b1ffd2ca13
Bread (Vetkoek),Namibia,Oshakati,RETAIL,2020-03-01,0.06,1 unit,2128be49-7301-4db6-9f8e-76d7d424b03c
Bread (Vetkoek),Namibia,Swakopmund,RETAIL,2020-03-01,0.09,1 unit,d8e92b78-a155-46cd-94a3-25cabdc0bf4d
Bread (Vetkoek),Namibia,Windhoek,RETAIL,2020-03-01,0.15,1 unit,8b869812-8d4e-411e-b047-b36373cdb37d
Bread (Vetkoek),Namibia,Gobabis,RETAIL,2020-04-01,0.11,1 unit,bbe90981-bea6-4873-9ad9-1db1daff660a
Bread (Vetkoek),Namibia,Katima,RETAIL,2020-04-01,0.05,1 unit,e16adee0-4558-4d68-af6f-674b665b0a1f
Bread (Vetkoek),Namibia,Keetmanshoop,RETAIL,2020-04-01,0.05,1 unit,f142dfc4-c580-4116-a3bd-524252eb0b3c
Bread (Vetkoek),Namibia,Mariental,RETAIL,2020-04-01,0.08,1 unit,9cfbb592-f39b-4c39-b2ff-15b1ffd2ca13
Bread (Vetkoek),Namibia,Oshakati,RETAIL,2020-04-01,0.05,1 unit,2128be49-7301-4db6-9f8e-76d7d424b03c
Bread (Vetkoek),Namibia,Swakopmund,RETAIL,2020-04-01,0.08,1 unit,d8e92b78-a155-46cd-94a3-25cabdc0bf4d
Bread (Vetkoek),Namibia,Windhoek,RETAIL,2020-04-01,0.13,1 unit,8b869812-8d4e-411e-b047-b36373cdb37d
Bread (Vetkoek),Namibia,Gobabis,RETAIL,2020-05-01,0.11,1 unit,bbe90981-bea6-4873-9ad9-1db1daff660a
Bread (Vetkoek),Namibia,Katima,RETAIL,2020-05-01,0.06,1 unit,e16adee0-4558-4d68-af6f-674b665b0a1f
Bread (Vetkoek),Namibia,Keetmanshoop,RETAIL,2020-05-01,0.06,1 unit,f142dfc4-c580-4116-a3bd-524252eb0b3c
Bread (Vetkoek),Namibia,Mariental,RETAIL,2020-05-01,0.08,1 unit,9cfbb592-f39b-4c39-b2ff-15b1ffd2ca13
Bread (Vetkoek),Namibia,Oshakati,RETAIL,2020-05-01,0.06,1 unit,2128be49-7301-4db6-9f8e-76d7d424b03c
Bread (Vetkoek),Namibia,Swakopmund,RETAIL,2020-05-01,0.08,1 unit,d8e92b78-a155-46cd-94a3-25cabdc0bf4d
Bread (Vetkoek),Namibia,Windhoek,RETAIL,2020-05-01,0.17,1 unit,8b869812-8d4e-411e-b047-b36373cdb37d
Bread (Vetkoek),Namibia,Gobabis,RETAIL,2020-06-01,0.12,1 unit,bbe90981-bea6-4873-9ad9-1db1daff660a
Bread (Vetkoek),Namibia,Katima,RETAIL,2020-06-01,0.06,1 unit,e16adee0-4558-4d68-af6f-674b665b0a1f
Bread (Vetkoek),Namibia,Keetmanshoop,RETAIL,2020-06-01,0.06,1 unit,f142dfc4-c580-4116-a3bd-524252eb0b3c
Bread (Vetkoek),Namibia,Mariental,RETAIL,2020-06-01,0.09,1 unit,9cfbb592-f39b-4c39-b2ff-15b1ffd2ca13
Bread (Vetkoek),Namibia,Oshakati,RETAIL,2020-06-01,0.06,1 unit,2128be49-7301-4db6-9f8e-76d7d424b03c
Bread (Vetkoek),Namibia,Swakopmund,RETAIL,2020-06-01,0.09,1 unit,d8e92b78-a155-46cd-94a3-25cabdc0bf4d
Bread (Vetkoek),Namibia,Windhoek,RETAIL,2020-06-01,0.18,1 unit,8b869812-8d4e-411e-b047-b36373cdb37d
Bread (Vetkoek),Namibia,Gobabis,RETAIL,2020-07-01,0.12,1 unit,bbe90981-bea6-4873-9ad9-1db1daff660a
Bread (Vetkoek),Namibia,Katima,RETAIL,2020-07-01,0.06,1 unit,e16adee0-4558-4d68-af6f-674b665b0a1f
Bread (Vetkoek),Namibia,Keetmanshoop,RETAIL,2020-07-01,0.06,1 unit,f142dfc4-c580-4116-a3bd-524252eb0b3c
Bread (Vetkoek),Namibia,Mariental,RETAIL,2020-07-01,0.09,1 unit,9cfbb592-f39b-4c39-b2ff-15b1ffd2ca13
Bread (Vetkoek),Namibia,Oshakati,RETAIL,2020-07-01,0.06,1 unit,2128be49-7301-4db6-9f8e-76d7d424b03c
Bread (Vetkoek),Namibia,Swakopmund,RETAIL,2020-07-01,0.09,1 unit,d8e92b78-a155-46cd-94a3-25cabdc0bf4d
Bread (Vetkoek),Namibia,Windhoek,RETAIL,2020-07-01,0.18,1 unit,8b869812-8d4e-411e-b047-b36373cdb37d
Bread (Vetkoek),Namibia,Gobabis,RETAIL,2020-08-01,0.12,1 unit,bbe90981-bea6-4873-9ad9-1db1daff660a
Bread (Vetkoek),Namibia,Katima,RETAIL,2020-08-01,0.06,1 unit,e16adee0-4558-4d68-af6f-674b665b0a1f
Bread (Vetkoek),Namibia,Keetmanshoop,RETAIL,2020-08-01,0.06,1 unit,f142dfc4-c580-4116-a3bd-524252eb0b3c
Bread (Vetkoek),Namibia,Mariental,RETAIL,2020-08-01,0.09,1 unit,9cfbb592-f39b-4c39-b2ff-15b1ffd2ca13
Bread (Vetkoek),Namibia,Oshakati,RETAIL,2020-08-01,0.06,1 unit,2128be49-7301-4db6-9f8e-76d7d424b03c
Bread (Vetkoek),Namibia,Swakopmund,RETAIL,2020-08-01,0.09,1 unit,d8e92b78-a155-46cd-94a3-25cabdc0bf4d
Bread (Vetkoek),Namibia,Windhoek,RETAIL,2020-08-01,0.17,1 unit,8b869812-8d4e-411e-b047-b36373cdb37d
Bread (Vetkoek),Namibia,Gobabis,RETAIL,2020-09-01,0.12,1 unit,bbe90981-bea6-4873-9ad9-1db1daff660a
Bread (Vetkoek),Namibia,Katima,RETAIL,2020-09-01,0.06,1 unit,e16adee0-4558-4d68-af6f-674b665b0a1f
Bread (Vetkoek),Namibia,Keetmanshoop,RETAIL,2020-09-01,0.06,1 unit,f142dfc4-c580-4116-a3bd-524252eb0b3c
Bread (Vetkoek),Namibia,Mariental,RETAIL,2020-09-01,0.09,1 unit,9cfbb592-f39b-4c39-b2ff-15b1ffd2ca13
Bread (Vetkoek),Namibia,Oshakati,RETAIL,2020-09-01,0.06,1 unit,2128be49-7301-4db6-9f8e-76d7d424b03c
Bread (Vetkoek),Namibia,Swakopmund,RETAIL,2020-09-01,0.09,1 unit,d8e92b78-a155-46cd-94a3-25cabdc0bf4d
Bread (Vetkoek),Namibia,Windhoek,RETAIL,2020-09-01,0.18,1 unit,8b869812-8d4e-411e-b047-b36373cdb37d
Bread (Vetkoek),Namibia,Gobabis,RETAIL,2020-10-01,0.12,1 unit,bbe90981-bea6-4873-9ad9-1db1daff660a
Bread (Vetkoek),Namibia,Katima,RETAIL,2020-10-01,0.06,1 unit,e16adee0-4558-4d68-af6f-674b665b0a1f
Bread (Vetkoek),Namibia,Keetmanshoop,RETAIL,2020-10-01,0.06,1 unit,f142dfc4-c580-4116-a3bd-524252eb0b3c
Bread (Vetkoek),Namibia,Mariental,RETAIL,2020-10-01,0.09,1 unit,9cfbb592-f39b-4c39-b2ff-15b1ffd2ca13
Bread (Vetkoek),Namibia,Oshakati,RETAIL,2020-10-01,0.06,1 unit,2128be49-7301-4db6-9f8e-76d7d424b03c
Bread (Vetkoek),Namibia,Swakopmund,RETAIL,2020-10-01,0.09,1 unit,d8e92b78-a155-46cd-94a3-25cabdc0bf4d
Bread (Vetkoek),Namibia,Windhoek,RETAIL,2020-10-01,0.18,1 unit,8b869812-8d4e-411e-b047-b36373cdb37d
Bread (Vetkoek),Namibia,Gobabis,RETAIL,2020-11-01,0.13,1 unit,bbe90981-bea6-4873-9ad9-1db1daff660a
Bread (Vetkoek),Namibia,Katima,RETAIL,2020-11-01,0.06,1 unit,e16adee0-4558-4d68-af6f-674b665b0a1f
Bread (Vetkoek),Namibia,Keetmanshoop,RETAIL,2020-11-01,0.06,1 unit,f142dfc4-c580-4116-a3bd-524252eb0b3c
Bread (Vetkoek),Namibia,Mariental,RETAIL,2020-11-01,0.1,1 unit,9cfbb592-f39b-4c39-b2ff-15b1ffd2ca13
Bread (Vetkoek),Namibia,Oshakati,RETAIL,2020-11-01,0.06,1 unit,2128be49-7301-4db6-9f8e-76d7d424b03c
Bread (Vetkoek),Namibia,Swakopmund,RETAIL,2020-11-01,0.1,1 unit,d8e92b78-a155-46cd-94a3-25cabdc0bf4d
Bread (Vetkoek),Namibia,Windhoek,RETAIL,2020-11-01,0.19,1 unit,8b869812-8d4e-411e-b047-b36373cdb37d
Bread (Vetkoek),Namibia,Gobabis,RETAIL,2020-12-01,0.13,1 unit,bbe90981-bea6-4873-9ad9-1db1daff660a
Bread (Vetkoek),Namibia,Katima,RETAIL,2020-12-01,0.07,1 unit,e16adee0-4558-4d68-af6f-674b665b0a1f
Bread (Vetkoek),Namibia,Keetmanshoop,RETAIL,2020-12-01,0.07,1 unit,f142dfc4-c580-4116-a3bd-524252eb0b3c
Bread (Vetkoek),Namibia,Mariental,RETAIL,2020-12-01,0.1,1 unit,9cfbb592-f39b-4c39-b2ff-15b1ffd2ca13
Bread (Vetkoek),Namibia,Oshakati,RETAIL,2020-12-01,0.07,1 unit,2128be49-7301-4db6-9f8e-76d7d424b03c
Bread (Vetkoek),Namibia,Swakopmund,RETAIL,2020-12-01,0.1,1 unit,d8e92b78-a155-46cd-94a3-25cabdc0bf4d
Bread (Vetkoek),Namibia,Windhoek,RETAIL,2020-12-01,0.2,1 unit,8b869812-8d4e-411e-b047-b36373cdb37d
Bread (Vetkoek),Namibia,Gobabis,RETAIL,2021-01-01,0.13,1 unit,bbe90981-bea6-4873-9ad9-1db1daff660a
Bread (Vetkoek),Namibia,Katima,RETAIL,2021-01-01,0.07,1 unit,e16adee0-4558-4d68-af6f-674b665b0a1f
Bread (Vetkoek),Namibia,Keetmanshoop,RETAIL,2021-01-01,0.07,1 unit,f142dfc4-c580-4116-a3bd-524252eb0b3c
Bread (Vetkoek),Namibia,Mariental,RETAIL,2021-01-01,0.1,1 unit,9cfbb592-f39b-4c39-b2ff-15b1ffd2ca13
Bread (Vetkoek),Namibia,Oshakati,RETAIL,2021-01-01,0.07,1 unit,2128be49-7301-4db6-9f8e-76d7d424b03c
Bread (Vetkoek),Namibia,Swakopmund,RETAIL,2021-01-01,0.1,1 unit,d8e92b78-a155-46cd-94a3-25cabdc0bf4d
Bread (Vetkoek),Namibia,Windhoek,RETAIL,2021-01-01,0.17,1 unit,8b869812-8d4e-411e-b047-b36373cdb37d
Bread (Vetkoek),Namibia,Gobabis,RETAIL,2021-02-01,0.14,1 unit,bbe90981-bea6-4873-9ad9-1db1daff660a
Bread (Vetkoek),Namibia,Katima,RETAIL,2021-02-01,0.07,1 unit,e16adee0-4558-4d68-af6f-674b665b0a1f
Bread (Vetkoek),Namibia,Keetmanshoop,RETAIL,2021-02-01,0.07,1 unit,f142dfc4-c580-4116-a3bd-524252eb0b3c
Bread (Vetkoek),Namibia,Mariental,RETAIL,2021-02-01,0.1,1 unit,9cfbb592-f39b-4c39-b2ff-15b1ffd2ca13
Bread (Vetkoek),Namibia,Oshakati,RETAIL,2021-02-01,0.07,1 unit,2128be49-7301-4db6-9f8e-76d7d424b03c
Bread (Vetkoek),Namibia,Swakopmund,RETAIL,2021-02-01,0.11,1 unit,d8e92b78-a155-46cd-94a3-25cabdc0bf4d
Bread (Vetkoek),Namibia,Windhoek,RETAIL,2021-02-01,0.17,1 unit,8b869812-8d4e-411e-b047-b36373cdb37d
Bread (Vetkoek),Namibia,Gobabis,RETAIL,2021-03-01,0.13,1 unit,bbe90981-bea6-4873-9ad9-1db1daff660a
Bread (Vetkoek),Namibia,Katima,RETAIL,2021-03-01,0.07,1 unit,e16adee0-4558-4d68-af6f-674b665b0a1f
Bread (Vetkoek),Namibia,Keetmanshoop,RETAIL,2021-03-01,0.07,1 unit,f142dfc4-c580-4116-a3bd-524252eb0b3c
Bread (Vetkoek),Namibia,Mariental,RETAIL,2021-03-01,0.1,1 unit,9cfbb592-f39b-4c39-b2ff-15b1ffd2ca13
Bread (Vetkoek),Namibia,Oshakati,RETAIL,2021-03-01,0.07,1 unit,2128be49-7301-4db6-9f8e-76d7d424b03c
Bread (Vetkoek),Namibia,Swakopmund,RETAIL,2021-03-01,0.1,1 unit,d8e92b78-a155-46cd-94a3-25cabdc0bf4d
Bread (Vetkoek),Namibia,Windhoek,RETAIL,2021-03-01,0.17,1 unit,8b869812-8d4e-411e-b047-b36373cdb37d
Bread (Vetkoek),Namibia,Gobabis,RETAIL,2021-04-01,0.14,1 unit,bbe90981-bea6-4873-9ad9-1db1daff660a
Bread (Vetkoek),Namibia,Katima,RETAIL,2021-04-01,0.07,1 unit,e16adee0-4558-4d68-af6f-674b665b0a1f
Bread (Vetkoek),Namibia,Keetmanshoop,RETAIL,2021-04-01,0.07,1 unit,f142dfc4-c580-4116-a3bd-524252eb0b3c
Bread (Vetkoek),Namibia,Mariental,RETAIL,2021-04-01,0.1,1 unit,9cfbb592-f39b-4c39-b2ff-15b1ffd2ca13
Bread (Vetkoek),Namibia,Oshakati,RETAIL,2021-04-01,0.07,1 unit,2128be49-7301-4db6-9f8e-76d7d424b03c
Bread (Vetkoek),Namibia,Swakopmund,RETAIL,2021-04-01,0.11,1 unit,d8e92b78-a155-46cd-94a3-25cabdc0bf4d
Bread (Vetkoek),Namibia,Windhoek,RETAIL,2021-04-01,0.17,1 unit,8b869812-8d4e-411e-b047-b36373cdb37d
Bread (Vetkoek),Namibia,Gobabis,RETAIL,2021-05-01,0.14,1 unit,bbe90981-bea6-4873-9ad9-1db1daff660a
Bread (Vetkoek),Namibia,Katima,RETAIL,2021-05-01,0.07,1 unit,e16adee0-4558-4d68-af6f-674b665b0a1f
Bread (Vetkoek),Namibia,Keetmanshoop,RETAIL,2021-05-01,0.07,1 unit,f142dfc4-c580-4116-a3bd-524252eb0b3c
Bread (Vetkoek),Namibia,Mariental,RETAIL,2021-05-01,0.11,1 unit,9cfbb592-f39b-4c39-b2ff-15b1ffd2ca13
Bread (Vetkoek),Namibia,Oshakati,RETAIL,2021-05-01,0.07,1 unit,2128be49-7301-4db6-9f8e-76d7d424b03c
Bread (Vetkoek),Namibia,Swakopmund,RETAIL,2021-05-01,0.11,1 unit,d8e92b78-a155-46cd-94a3-25cabdc0bf4d
Bread (Vetkoek),Namibia,Windhoek,RETAIL,2021-05-01,0.18,1 unit,8b869812-8d4e-411e-b047-b36373cdb37d
Bread (Vetkoek),Namibia,Gobabis,RETAIL,2021-06-01,0.14,1 unit,bbe90981-bea6-4873-9ad9-1db1daff660a
Bread (Vetkoek),Namibia,Katima,RETAIL,2021-06-01,0.07,1 unit,e16adee0-4558-4d68-af6f-674b665b0a1f
Bread (Vetkoek),Namibia,Keetmanshoop,RETAIL,2021-06-01,0.07,1 unit,f142dfc4-c580-4116-a3bd-524252eb0b3c
Bread (Vetkoek),Namibia,Mariental,RETAIL,2021-06-01,0.11,1 unit,9cfbb592-f39b-4c39-b2ff-15b1ffd2ca13
Bread (Vetkoek),Namibia,Oshakati,RETAIL,2021-06-01,0.07,1 unit,2128be49-7301-4db6-9f8e-76d7d424b03c
Bread (Vetkoek),Namibia,Swakopmund,RETAIL,2021-06-01,0.12,1 unit,d8e92b78-a155-46cd-94a3-25cabdc0bf4d
Bread (Vetkoek),Namibia,Windhoek,RETAIL,2021-06-01,0.18,1 unit,8b869812-8d4e-411e-b047-b36373cdb37d
Bread (Vetkoek),Namibia,Gobabis,RETAIL,2021-07-01,0.14,1 unit,bbe90981-bea6-4873-9ad9-1db1daff660a
Bread (Vetkoek),Namibia,Katima,RETAIL,2021-07-01,0.07,1 unit,e16adee0-4558-4d68-af6f-674b665b0a1f
Bread (Vetkoek),Namibia,Keetmanshoop,RETAIL,2021-07-01,0.07,1 unit,f142dfc4-c580-4116-a3bd-524252eb0b3c
Bread (Vetkoek),Namibia,Mariental,RETAIL,2021-07-01,0.1,1 unit,9cfbb592-f39b-4c39-b2ff-15b1ffd2ca13
Bread (Vetkoek),Namibia,Oshakati,RETAIL,2021-07-01,0.07,1 unit,2128be49-7301-4db6-9f8e-76d7d424b03c
Bread (Vetkoek),Namibia,Swakopmund,RETAIL,2021-07-01,0.11,1 unit,d8e92b78-a155-46cd-94a3-25cabdc0bf4d
Bread (Vetkoek),Namibia,Windhoek,RETAIL,2021-07-01,0.17,1 unit,8b869812-8d4e-411e-b047-b36373cdb37d
Bread (Vetkoek),Namibia,Gobabis,RETAIL,2021-08-01,0.14,1 unit,bbe90981-bea6-4873-9ad9-1db1daff660a
Bread (Vetkoek),Namibia,Katima,RETAIL,2021-08-01,0.07,1 unit,e16adee0-4558-4d68-af6f-674b665b0a1f
Bread (Vetkoek),Namibia,Keetmanshoop,RETAIL,2021-08-01,0.07,1 unit,f142dfc4-c580-4116-a3bd-524252eb0b3c
Bread (Vetkoek),Namibia,Mariental,RETAIL,2021-08-01,0.1,1 unit,9cfbb592-f39b-4c39-b2ff-15b1ffd2ca13
Bread (Vetkoek),Namibia,Oshakati,RETAIL,2021-08-01,0.07,1 unit,2128be49-7301-4db6-9f8e-76d7d424b03c
Bread (Vetkoek),Namibia,Swakopmund,RETAIL,2021-08-01,0.14,1 unit,d8e92b78-a155-46cd-94a3-25cabdc0bf4d
Bread (Vetkoek),Namibia,Windhoek,RETAIL,2021-08-01,0.17,1 unit,8b869812-8d4e-411e-b047-b36373cdb37d
Bread (Vetkoek),Namibia,Gobabis,RETAIL,2021-09-01,0.14,1 unit,bbe90981-bea6-4873-9ad9-1db1daff660a
Bread (Vetkoek),Namibia,Katima,RETAIL,2021-09-01,0.07,1 unit,e16adee0-4558-4d68-af6f-674b665b0a1f
Bread (Vetkoek),Namibia,Keetmanshoop,RETAIL,2021-09-01,0.07,1 unit,f142dfc4-c580-4116-a3bd-524252eb0b3c
Bread (Vetkoek),Namibia,Mariental,RETAIL,2021-09-01,0.1,1 unit,9cfbb592-f39b-4c39-b2ff-15b1ffd2ca13
Bread (Vetkoek),Namibia,Oshakati,RETAIL,2021-09-01,0.07,1 unit,2128be49-7301-4db6-9f8e-76d7d424b03c
Bread (Vetkoek),Namibia,Swakopmund,RETAIL,2021-09-01,0.14,1 unit,d8e92b78-a155-46cd-94a3-25cabdc0bf4d
Bread (Vetkoek),Namibia,Windhoek,RETAIL,2021-09-01,0.17,1 unit,8b869812-8d4e-411e-b047-b36373cdb37d
Bread (Vetkoek),Namibia,Gobabis,RETAIL,2021-10-01,0.13,1 unit,bbe90981-bea6-4873-9ad9-1db1daff660a
Bread (Vetkoek),Namibia,Katima,RETAIL,2021-10-01,0.07,1 unit,e16adee0-4558-4d68-af6f-674b665b0a1f
Bread (Vetkoek),Namibia,Keetmanshoop,RETAIL,2021-10-01,0.07,1 unit,f142dfc4-c580-4116-a3bd-524252eb0b3c
Bread (Vetkoek),Namibia,Mariental,RETAIL,2021-10-01,0.13,1 unit,9cfbb592-f39b-4c39-b2ff-15b1ffd2ca13
Bread (Vetkoek),Namibia,Oshakati,RETAIL,2021-10-01,0.07,1 unit,2128be49-7301-4db6-9f8e-76d7d424b03c
Bread (Vetkoek),Namibia,Swakopmund,RETAIL,2021-10-01,0.13,1 unit,d8e92b78-a155-46cd-94a3-25cabdc0bf4d
Bread (Vetkoek),Namibia,Windhoek,RETAIL,2021-10-01,0.17,1 unit,8b869812-8d4e-411e-b047-b36373cdb37d
Bread (Vetkoek),Namibia,Gobabis,RETAIL,2021-11-01,0.13,1 unit,bbe90981-bea6-4873-9ad9-1db1daff660a
Bread (Vetkoek),Namibia,Katima,RETAIL,2021-11-01,0.06,1 unit,e16adee0-4558-4d68-af6f-674b665b0a1f
Bread (Vetkoek),Namibia,Keetmanshoop,RETAIL,2021-11-01,0.06,1 unit,f142dfc4-c580-4116-a3bd-524252eb0b3c
Bread (Vetkoek),Namibia,Mariental,RETAIL,2021-11-01,0.1,1 unit,9cfbb592-f39b-4c39-b2ff-15b1ffd2ca13
Bread (Vetkoek),Namibia,Oshakati,RETAIL,2021-11-01,0.06,1 unit,2128be49-7301-4db6-9f8e-76d7d424b03c
Bread (Vetkoek),Namibia,Swakopmund,RETAIL,2021-11-01,0.13,1 unit,d8e92b78-a155-46cd-94a3-25cabdc0bf4d
Bread (Vetkoek),Namibia,Windhoek,RETAIL,2021-11-01,0.16,1 unit,8b869812-8d4e-411e-b047-b36373cdb37d
Bread (Vetkoek),Namibia,Gobabis,RETAIL,2021-12-01,0.13,1 unit,bbe90981-bea6-4873-9ad9-1db1daff660a
Bread (Vetkoek),Namibia,Katima,RETAIL,2021-12-01,0.06,1 unit,e16adee0-4558-4d68-af6f-674b665b0a1f
Bread (Vetkoek),Namibia,Keetmanshoop,RETAIL,2021-12-01,0.06,1 unit,f142dfc4-c580-4116-a3bd-524252eb0b3c
Bread (Vetkoek),Namibia,Mariental,RETAIL,2021-12-01,0.09,1 unit,9cfbb592-f39b-4c39-b2ff-15b1ffd2ca13
Bread (Vetkoek),Namibia,Oshakati,RETAIL,2021-12-01,0.06,1 unit,2128be49-7301-4db6-9f8e-76d7d424b03c
Bread (Vetkoek),Namibia,Swakopmund,RETAIL,2021-12-01,0.13,1 unit,d8e92b78-a155-46cd-94a3-25cabdc0bf4d
Bread (Vetkoek),Namibia,Windhoek,RETAIL,2021-12-01,0.16,1 unit,8b869812-8d4e-411e-b047-b36373cdb37d
Bread (Vetkoek),Namibia,Gobabis,RETAIL,2022-01-01,0.19,1 unit,bbe90981-bea6-4873-9ad9-1db1daff660a
Bread (Vetkoek),Namibia,Katima,RETAIL,2022-01-01,0.06,1 unit,e16adee0-4558-4d68-af6f-674b665b0a1f
Bread (Vetkoek),Namibia,Keetmanshoop,RETAIL,2022-01-01,0.06,1 unit,f142dfc4-c580-4116-a3bd-524252eb0b3c
Bread (Vetkoek),Namibia,Mariental,RETAIL,2022-01-01,0.1,1 unit,9cfbb592-f39b-4c39-b2ff-15b1ffd2ca13
Bread (Vetkoek),Namibia,Oshakati,RETAIL,2022-01-01,0.06,1 unit,2128be49-7301-4db6-9f8e-76d7d424b03c
Bread (Vetkoek),Namibia,Swakopmund,RETAIL,2022-01-01,0.19,1 unit,d8e92b78-a155-46cd-94a3-25cabdc0bf4d
Bread (Vetkoek),Namibia,Windhoek,RETAIL,2022-01-01,0.16,1 unit,8b869812-8d4e-411e-b047-b36373cdb37d
Bread (Vetkoek),Namibia,Gobabis,RETAIL,2022-02-01,0.13,1 unit,bbe90981-bea6-4873-9ad9-1db1daff660a
Bread (Vetkoek),Namibia,Katima,RETAIL,2022-02-01,0.07,1 unit,e16adee0-4558-4d68-af6f-674b665b0a1f
Bread (Vetkoek),Namibia,Keetmanshoop,RETAIL,2022-02-01,0.07,1 unit,f142dfc4-c580-4116-a3bd-524252eb0b3c
Bread (Vetkoek),Namibia,Mariental,RETAIL,2022-02-01,0.1,1 unit,9cfbb592-f39b-4c39-b2ff-15b1ffd2ca13
Bread (Vetkoek),Namibia,Oshakati,RETAIL,2022-02-01,0.07,1 unit,2128be49-7301-4db6-9f8e-76d7d424b03c
Bread (Vetkoek),Namibia,Swakopmund,RETAIL,2022-02-01,0.13,1 unit,d8e92b78-a155-46cd-94a3-25cabdc0bf4d
Bread (Vetkoek),Namibia,Windhoek,RETAIL,2022-02-01,0.16,1 unit,8b869812-8d4e-411e-b047-b36373cdb37d
Bread (Vetkoek),Namibia,Gobabis,RETAIL,2022-03-01,0.2,1 unit,bbe90981-bea6-4873-9ad9-1db1daff660a
Bread (Vetkoek),Namibia,Katima,RETAIL,2022-03-01,0.07,1 unit,e16adee0-4558-4d68-af6f-674b665b0a1f
Bread (Vetkoek),Namibia,Keetmanshoop,RETAIL,2022-03-01,0.07,1 unit,f142dfc4-c580-4116-a3bd-524252eb0b3c
Bread (Vetkoek),Namibia,Mariental,RETAIL,2022-03-01,0.1,1 unit,9cfbb592-f39b-4c39-b2ff-15b1ffd2ca13
Bread (Vetkoek),Namibia,Oshakati,RETAIL,2022-03-01,0.2,1 unit,2128be49-7301-4db6-9f8e-76d7d424b03c
Bread (Vetkoek),Namibia,Swakopmund,RETAIL,2022-03-01,0.13,1 unit,d8e92b78-a155-46cd-94a3-25cabdc0bf4d
Bread (Vetkoek),Namibia,Windhoek,RETAIL,2022-03-01,0.17,1 unit,8b869812-8d4e-411e-b047-b36373cdb37d
Bread (Vetkoek),Namibia,Gobabis,RETAIL,2022-04-01,0.13,1 unit,bbe90981-bea6-4873-9ad9-1db1daff660a
Bread (Vetkoek),Namibia,Katima,RETAIL,2022-04-01,0.07,1 unit,e16adee0-4558-4d68-af6f-674b665b0a1f
Bread (Vetkoek),Namibia,Keetmanshoop,RETAIL,2022-04-01,0.07,1 unit,f142dfc4-c580-4116-a3bd-524252eb0b3c
Bread (Vetkoek),Namibia,Mariental,RETAIL,2022-04-01,0.1,1 unit,9cfbb592-f39b-4c39-b2ff-15b1ffd2ca13
Bread (Vetkoek),Namibia,Oshakati,RETAIL,2022-04-01,0.21,1 unit,2128be49-7301-4db6-9f8e-76d7d424b03c
Bread (Vetkoek),Namibia,Swakopmund,RETAIL,2022-04-01,0.13,1 unit,d8e92b78-a155-46cd-94a3-25cabdc0bf4d
Bread (Vetkoek),Namibia,Windhoek,RETAIL,2022-04-01,0.17,1 unit,8b869812-8d4e-411e-b047-b36373cdb37d
Bread (Vetkoek),Namibia,Gobabis,RETAIL,2022-05-01,0.13,1 unit,bbe90981-bea6-4873-9ad9-1db1daff660a
Bread (Vetkoek),Namibia,Katima,RETAIL,2022-05-01,0.06,1 unit,e16adee0-4558-4d68-af6f-674b665b0a1f
Bread (Vetkoek),Namibia,Keetmanshoop,RETAIL,2022-05-01,0.06,1 unit,f142dfc4-c580-4116-a3bd-524252eb0b3c
Bread (Vetkoek),Namibia,Mariental,RETAIL,2022-05-01,0.1,1 unit,9cfbb592-f39b-4c39-b2ff-15b1ffd2ca13
Bread (Vetkoek),Namibia,Oshakati,RETAIL,2022-05-01,0.2,1 unit,2128be49-7301-4db6-9f8e-76d7d424b03c
Bread (Vetkoek),Namibia,Swakopmund,RETAIL,2022-05-01,0.13,1 unit,d8e92b78-a155-46cd-94a3-25cabdc0bf4d
Bread (Vetkoek),Namibia,Windhoek,RETAIL,2022-05-01,0.19,1 unit,8b869812-8d4e-411e-b047-b36373cdb37d
Bread (Vetkoek),Namibia,Gobabis,RETAIL,2022-06-01,0.13,1 unit,bbe90981-bea6-4873-9ad9-1db1daff660a
Bread (Vetkoek),Namibia,Katima,RETAIL,2022-06-01,0.06,1 unit,e16adee0-4558-4d68-af6f-674b665b0a1f
Bread (Vetkoek),Namibia,Keetmanshoop,RETAIL,2022-06-01,0.06,1 unit,f142dfc4-c580-4116-a3bd-524252eb0b3c
Bread (Vetkoek),Namibia,Mariental,RETAIL,2022-06-01,0.1,1 unit,9cfbb592-f39b-4c39-b2ff-15b1ffd2ca13
Bread (Vetkoek),Namibia,Oshakati,RETAIL,2022-06-01,0.2,1 unit,2128be49-7301-4db6-9f8e-76d7d424b03c
Bread (Vetkoek),Namibia,Swakopmund,RETAIL,2022-06-01,0.13,1 unit,d8e92b78-a155-46cd-94a3-25cabdc0bf4d
Bread (Vetkoek),Namibia,Windhoek,RETAIL,2022-06-01,0.15,1 unit,8b869812-8d4e-411e-b047-b36373cdb37d
Bread (Vetkoek),Namibia,Gobabis,RETAIL,2022-07-01,0.12,1 unit,bbe90981-bea6-4873-9ad9-1db1daff660a
Bread (Vetkoek),Namibia,Katima,RETAIL,2022-07-01,0.06,1 unit,e16adee0-4558-4d68-af6f-674b665b0a1f
Bread (Vetkoek),Namibia,Keetmanshoop,RETAIL,2022-07-01,0.12,1 unit,f142dfc4-c580-4116-a3bd-524252eb0b3c
Bread (Vetkoek),Namibia,Mariental,RETAIL,2022-07-01,0.09,1 unit,9cfbb592-f39b-4c39-b2ff-15b1ffd2ca13
Bread (Vetkoek),Namibia,Oshakati,RETAIL,2022-07-01,0.2,1 unit,2128be49-7301-4db6-9f8e-76d7d424b03c
Bread (Vetkoek),Namibia,Swakopmund,RETAIL,2022-07-01,0.12,1 unit,d8e92b78-a155-46cd-94a3-25cabdc0bf4d
Bread (Vetkoek),Namibia,Windhoek,RETAIL,2022-07-01,0.18,1 unit,8b869812-8d4e-411e-b047-b36373cdb37d
Bread (Vetkoek),Namibia,Gobabis,RETAIL,2022-08-01,0.12,1 unit,bbe90981-bea6-4873-9ad9-1db1daff660a
Bread (Vetkoek),Namibia,Katima,RETAIL,2022-08-01,0.06,1 unit,e16adee0-4558-4d68-af6f-674b665b0a1f
Bread (Vetkoek),Namibia,Keetmanshoop,RETAIL,2022-08-01,0.12,1 unit,f142dfc4-c580-4116-a3bd-524252eb0b3c
Bread (Vetkoek),Namibia,Mariental,RETAIL,2022-08-01,0.09,1 unit,9cfbb592-f39b-4c39-b2ff-15b1ffd2ca13
Bread (Vetkoek),Namibia,Oshakati,RETAIL,2022-08-01,0.06,1 unit,2128be49-7301-4db6-9f8e-76d7d424b03c
Bread (Vetkoek),Namibia,Swakopmund,RETAIL,2022-08-01,0.12,1 unit,d8e92b78-a155-46cd-94a3-25cabdc0bf4d
Bread (Vetkoek),Namibia,Windhoek,RETAIL,2022-08-01,0.18,1 unit,8b869812-8d4e-411e-b047-b36373cdb37d
Bread (Vetkoek),Namibia,Gobabis,RETAIL,2022-09-01,0.11,1 unit,bbe90981-bea6-4873-9ad9-1db1daff660a
Bread (Vetkoek),Namibia,Katima,RETAIL,2022-09-01,0.06,1 unit,e16adee0-4558-4d68-af6f-674b665b0a1f
Bread (Vetkoek),Namibia,Keetmanshoop,RETAIL,2022-09-01,0.11,1 unit,f142dfc4-c580-4116-a3bd-524252eb0b3c
Bread (Vetkoek),Namibia,Mariental,RETAIL,2022-09-01,0.09,1 unit,9cfbb592-f39b-4c39-b2ff-15b1ffd2ca13
Bread (Vetkoek),Namibia,Oshakati,RETAIL,2022-09-01,0.06,1 unit,2128be49-7301-4db6-9f8e-76d7d424b03c
Bread (Vetkoek),Namibia,Swakopmund,RETAIL,2022-09-01,0.11,1 unit,d8e92b78-a155-46cd-94a3-25cabdc0bf4d
Bread (Vetkoek),Namibia,Windhoek,RETAIL,2022-09-01,0.17,1 unit,8b869812-8d4e-411e-b047-b36373cdb37d
Bread (Vetkoek),Namibia,Gobabis,RETAIL,2022-10-01,0.11,1 unit,bbe90981-bea6-4873-9ad9-1db1daff660a
Bread (Vetkoek),Namibia,Katima,RETAIL,2022-10-01,0.06,1 unit,e16adee0-4558-4d68-af6f-674b665b0a1f
Bread (Vetkoek),Namibia,Keetmanshoop,RETAIL,2022-10-01,0.11,1 unit,f142dfc4-c580-4116-a3bd-524252eb0b3c
Bread (Vetkoek),Namibia,Mariental,RETAIL,2022-10-01,0.08,1 unit,9cfbb592-f39b-4c39-b2ff-15b1ffd2ca13
Bread (Vetkoek),Namibia,Oshakati,RETAIL,2022-10-01,0.06,1 unit,2128be49-7301-4db6-9f8e-76d7d424b03c
Bread (Vetkoek),Namibia,Swakopmund,RETAIL,2022-10-01,0.11,1 unit,d8e92b78-a155-46cd-94a3-25cabdc0bf4d
Bread (Vetkoek),Namibia,Windhoek,RETAIL,2022-10-01,0.17,1 unit,8b869812-8d4e-411e-b047-b36373cdb37d
Bread (Vetkoek),Namibia,Gobabis,RETAIL,2022-11-01,0.11,1 unit,bbe90981-bea6-4873-9ad9-1db1daff660a
Bread (Vetkoek),Namibia,Katima,RETAIL,2022-11-01,0.06,1 unit,e16adee0-4558-4d68-af6f-674b665b0a1f
Bread (Vetkoek),Namibia,Keetmanshoop,RETAIL,2022-11-01,0.11,1 unit,f142dfc4-c580-4116-a3bd-524252eb0b3c
Bread (Vetkoek),Namibia,Mariental,RETAIL,2022-11-01,0.09,1 unit,9cfbb592-f39b-4c39-b2ff-15b1ffd2ca13
Bread (Vetkoek),Namibia,Oshakati,RETAIL,2022-11-01,0.06,1 unit,2128be49-7301-4db6-9f8e-76d7d424b03c
Bread (Vetkoek),Namibia,Swakopmund,RETAIL,2022-11-01,0.11,1 unit,d8e92b78-a155-46cd-94a3-25cabdc0bf4d
Bread (Vetkoek),Namibia,Windhoek,RETAIL,2022-11-01,0.17,1 unit,8b869812-8d4e-411e-b047-b36373cdb37d
Bread (Vetkoek),Namibia,Gobabis,RETAIL,2022-12-01,0.12,1 unit,bbe90981-bea6-4873-9ad9-1db1daff660a
Bread (Vetkoek),Namibia,Katima,RETAIL,2022-12-01,0.06,1 unit,e16adee0-4558-4d68-af6f-674b665b0a1f
Bread (Vetkoek),Namibia,Keetmanshoop,RETAIL,2022-12-01,0.12,1 unit,f142dfc4-c580-4116-a3bd-524252eb0b3c
Bread (Vetkoek),Namibia,Mariental,RETAIL,2022-12-01,0.09,1 unit,9cfbb592-f39b-4c39-b2ff-15b1ffd2ca13
Bread (Vetkoek),Namibia,Oshakati,RETAIL,2022-12-01,0.06,1 unit,2128be49-7301-4db6-9f8e-76d7d424b03c
Bread (Vetkoek),Namibia,Swakopmund,RETAIL,2022-12-01,0.12,1 unit,d8e92b78-a155-46cd-94a3-25cabdc0bf4d
Bread (Vetkoek),Namibia,Windhoek,RETAIL,2022-12-01,0.17,1 unit,8b869812-8d4e-411e-b047-b36373cdb37d
Bread (Vetkoek),Namibia,Gobabis,RETAIL,2023-01-01,0.12,1 unit,bbe90981-bea6-4873-9ad9-1db1daff660a
Bread (Vetkoek),Namibia,Katima,RETAIL,2023-01-01,0.06,1 unit,e16adee0-4558-4d68-af6f-674b665b0a1f
Bread (Vetkoek),Namibia,Keetmanshoop,RETAIL,2023-01-01,0.12,1 unit,f142dfc4-c580-4116-a3bd-524252eb0b3c
Bread (Vetkoek),Namibia,Mariental,RETAIL,2023-01-01,0.09,1 unit,9cfbb592-f39b-4c39-b2ff-15b1ffd2ca13
Bread (Vetkoek),Namibia,Oshakati,RETAIL,2023-01-01,0.06,1 unit,2128be49-7301-4db6-9f8e-76d7d424b03c
Bread (Vetkoek),Namibia,Swakopmund,RETAIL,2023-01-01,0.12,1 unit,d8e92b78-a155-46cd-94a3-25cabdc0bf4d
Bread (Vetkoek),Namibia,Windhoek,RETAIL,2023-01-01,0.18,1 unit,8b869812-8d4e-411e-b047-b36373cdb37d
Bread (Vetkoek),Namibia,Gobabis,RETAIL,2023-02-01,0.11,1 unit,bbe90981-bea6-4873-9ad9-1db1daff660a
Bread (Vetkoek),Namibia,Katima,RETAIL,2023-02-01,0.06,1 unit,e16adee0-4558-4d68-af6f-674b665b0a1f
Bread (Vetkoek),Namibia,Keetmanshoop,RETAIL,2023-02-01,0.11,1 unit,f142dfc4-c580-4116-a3bd-524252eb0b3c
Bread (Vetkoek),Namibia,Mariental,RETAIL,2023-02-01,0.08,1 unit,9cfbb592-f39b-4c39-b2ff-15b1ffd2ca13
Bread (Vetkoek),Namibia,Oshakati,RETAIL,2023-02-01,0.06,1 unit,2128be49-7301-4db6-9f8e-76d7d424b03c
Bread (Vetkoek),Namibia,Swakopmund,RETAIL,2023-02-01,0.11,1 unit,d8e92b78-a155-46cd-94a3-25cabdc0bf4d
Bread (Vetkoek),Namibia,Windhoek,RETAIL,2023-02-01,0.17,1 unit,8b869812-8d4e-411e-b047-b36373cdb37d
Bread (Vetkoek),Namibia,Gobabis,RETAIL,2023-03-01,0.11,1 unit,bbe90981-bea6-4873-9ad9-1db1daff660a
Bread (Vetkoek),Namibia,Katima,RETAIL,2023-03-01,0.05,1 unit,e16adee0-4558-4d68-af6f-674b665b0a1f
Bread (Vetkoek),Namibia,Keetmanshoop,RETAIL,2023-03-01,0.11,1 unit,f142dfc4-c580-4116-a3bd-524252eb0b3c
Bread (Vetkoek),Namibia,Mariental,RETAIL,2023-03-01,0.08,1 unit,9cfbb592-f39b-4c39-b2ff-15b1ffd2ca13
Bread (Vetkoek),Namibia,Oshakati,RETAIL,2023-03-01,0.05,1 unit,2128be49-7301-4db6-9f8e-76d7d424b03c
Bread (Vetkoek),Namibia,Swakopmund,RETAIL,2023-03-01,0.11,1 unit,d8e92b78-a155-46cd-94a3-25cabdc0bf4d
Bread (Vetkoek),Namibia,Windhoek,RETAIL,2023-03-01,0.16,1 unit,8b869812-8d4e-411e-b047-b36373cdb37d
Bread (Vetkoek),Namibia,Gobabis,RETAIL,2023-04-01,0.11,1 unit,bbe90981-bea6-4873-9ad9-1db1daff660a
Bread (Vetkoek),Namibia,Katima,RETAIL,2023-04-01,0.06,1 unit,e16adee0-4558-4d68-af6f-674b665b0a1f
Bread (Vetkoek),Namibia,Keetmanshoop,RETAIL,2023-04-01,0.11,1 unit,f142dfc4-c580-4116-a3bd-524252eb0b3c
Bread (Vetkoek),Namibia,Mariental,RETAIL,2023-04-01,0.08,1 unit,9cfbb592-f39b-4c39-b2ff-15b1ffd2ca13
Bread (Vetkoek),Namibia,Oshakati,RETAIL,2023-04-01,0.06,1 unit,2128be49-7301-4db6-9f8e-76d7d424b03c
Bread (Vetkoek),Namibia,Swakopmund,RETAIL,2023-04-01,0.11,1 unit,d8e92b78-a155-46cd-94a3-25cabdc0bf4d
Bread (Vetkoek),Namibia,Windhoek,RETAIL,2023-04-01,0.17,1 unit,8b869812-8d4e-411e-b047-b36373cdb37d
Bread (Vetkoek),Namibia,Gobabis,RETAIL,2023-05-01,0.1,1 unit,bbe90981-bea6-4873-9ad9-1db1daff660a
Bread (Vetkoek),Namibia,Katima,RETAIL,2023-05-01,0.05,1 unit,e16adee0-4558-4d68-af6f-674b665b0a1f
Bread (Vetkoek),Namibia,Keetmanshoop,RETAIL,2023-05-01,0.1,1 unit,f142dfc4-c580-4116-a3bd-524252eb0b3c
Bread (Vetkoek),Namibia,Mariental,RETAIL,2023-05-01,0.08,1 unit,9cfbb592-f39b-4c39-b2ff-15b1ffd2ca13
Bread (Vetkoek),Namibia,Oshakati,RETAIL,2023-05-01,0.05,1 unit,2128be49-7301-4db6-9f8e-76d7d424b03c
Bread (Vetkoek),Namibia,Swakopmund,RETAIL,2023-05-01,0.1,1 unit,d8e92b78-a155-46cd-94a3-25cabdc0bf4d
Bread (Vetkoek),Namibia,Windhoek,RETAIL,2023-05-01,0.16,1 unit,8b869812-8d4e-411e-b047-b36373cdb37d
Bread (Vetkoek),Namibia,Gobabis,RETAIL,2023-06-01,0.11,1 unit,bbe90981-bea6-4873-9ad9-1db1daff660a
Bread (Vetkoek),Namibia,Katima,RETAIL,2023-06-01,0.05,1 unit,e16adee0-4558-4d68-af6f-674b665b0a1f
Bread (Vetkoek),Namibia,Keetmanshoop,RETAIL,2023-06-01,0.11,1 unit,f142dfc4-c580-4116-a3bd-524252eb0b3c
Bread (Vetkoek),Namibia,Mariental,RETAIL,2023-06-01,0.08,1 unit,9cfbb592-f39b-4c39-b2ff-15b1ffd2ca13
Bread (Vetkoek),Namibia,Oshakati,RETAIL,2023-06-01,0.05,1 unit,2128be49-7301-4db6-9f8e-76d7d424b03c
Bread (Vetkoek),Namibia,Swakopmund,RETAIL,2023-06-01,0.11,1 unit,d8e92b78-a155-46cd-94a3-25cabdc0bf4d
Bread (Vetkoek),Namibia,Windhoek,RETAIL,2023-06-01,0.19,1 unit,8b869812-8d4e-411e-b047-b36373cdb37d
Bread (Vetkoek),Namibia,Gobabis,RETAIL,2023-07-01,0.11,1 unit,bbe90981-bea6-4873-9ad9-1db1daff660a
Bread (Vetkoek),Namibia,Katima,RETAIL,2023-07-01,0.05,1 unit,e16adee0-4558-4d68-af6f-674b665b0a1f
Bread (Vetkoek),Namibia,Keetmanshoop,RETAIL,2023-07-01,0.11,1 unit,f142dfc4-c580-4116-a3bd-524252eb0b3c
Bread (Vetkoek),Namibia,Mariental,RETAIL,2023-07-01,0.08,1 unit,9cfbb592-f39b-4c39-b2ff-15b1ffd2ca13
Bread (Vetkoek),Namibia,Oshakati,RETAIL,2023-07-01,0.05,1 unit,2128be49-7301-4db6-9f8e-76d7d424b03c
Bread (Vetkoek),Namibia,Swakopmund,RETAIL,2023-07-01,0.11,1 unit,d8e92b78-a155-46cd-94a3-25cabdc0bf4d
Bread (Vetkoek),Namibia,Windhoek,RETAIL,2023-07-01,0.23,1 unit,8b869812-8d4e-411e-b047-b36373cdb37d
Bread (Vetkoek),Namibia,Gobabis,RETAIL,2023-08-01,0.11,1 unit,bbe90981-bea6-4873-9ad9-1db1daff660a
Bread (Vetkoek),Namibia,Katima,RETAIL,2023-08-01,0.05,1 unit,e16adee0-4558-4d68-af6f-674b665b0a1f
Bread (Vetkoek),Namibia,Keetmanshoop,RETAIL,2023-08-01,0.11,1 unit,f142dfc4-c580-4116-a3bd-524252eb0b3c
Bread (Vetkoek),Namibia,Mariental,RETAIL,2023-08-01,0.08,1 unit,9cfbb592-f39b-4c39-b2ff-15b1ffd2ca13
Bread (Vetkoek),Namibia,Oshakati,RETAIL,2023-08-01,0.05,1 unit,2128be49-7301-4db6-9f8e-76d7d424b03c
Bread (Vetkoek),Namibia,Swakopmund,RETAIL,2023-08-01,0.11,1 unit,d8e92b78-a155-46cd-94a3-25cabdc0bf4d
Bread (Vetkoek),Namibia,Windhoek,RETAIL,2023-08-01,0.22,1 unit,8b869812-8d4e-411e-b047-b36373cdb37d
Bread (Vetkoek),Namibia,Gobabis,RETAIL,2023-09-01,0.11,1 unit,bbe90981-bea6-4873-9ad9-1db1daff660a
Bread (Vetkoek),Namibia,Katima,RETAIL,2023-09-01,0.05,1 unit,e16adee0-4558-4d68-af6f-674b665b0a1f
Bread (Vetkoek),Namibia,Keetmanshoop,RETAIL,2023-09-01,0.11,1 unit,f142dfc4-c580-4116-a3bd-524252eb0b3c
Bread (Vetkoek),Namibia,Mariental,RETAIL,2023-09-01,0.08,1 unit,9cfbb592-f39b-4c39-b2ff-15b1ffd2ca13
Bread (Vetkoek),Namibia,Oshakati,RETAIL,2023-09-01,0.05,1 unit,2128be49-7301-4db6-9f8e-76d7d424b03c
Bread (Vetkoek),Namibia,Swakopmund,RETAIL,2023-09-01,0.11,1 unit,d8e92b78-a155-46cd-94a3-25cabdc0bf4d
Bread (Vetkoek),Namibia,Windhoek,RETAIL,2023-09-01,0.16,1 unit,8b869812-8d4e-411e-b047-b36373cdb37d
Bread (Vetkoek),Namibia,Gobabis,RETAIL,2023-10-01,0.1,1 unit,bbe90981-bea6-4873-9ad9-1db1daff660a
Bread (Vetkoek),Namibia,Katima,RETAIL,2023-10-01,0.05,1 unit,e16adee0-4558-4d68-af6f-674b665b0a1f
Bread (Vetkoek),Namibia,Keetmanshoop,RETAIL,2023-10-01,0.1,1 unit,f142dfc4-c580-4116-a3bd-524252eb0b3c
Bread (Vetkoek),Namibia,Mariental,RETAIL,2023-10-01,0.08,1 unit,9cfbb592-f39b-4c39-b2ff-15b1ffd2ca13
Bread (Vetkoek),Namibia,Oshakati,RETAIL,2023-10-01,0.05,1 unit,2128be49-7301-4db6-9f8e-76d7d424b03c
Bread (Vetkoek),Namibia,Swakopmund,RETAIL,2023-10-01,0.1,1 unit,d8e92b78-a155-46cd-94a3-25cabdc0bf4d
Bread (Vetkoek),Namibia,Windhoek,RETAIL,2023-10-01,0.16,1 unit,8b869812-8d4e-411e-b047-b36373cdb37d
Bread (Vetkoek),Namibia,Gobabis,RETAIL,2023-11-01,0.11,1 unit,bbe90981-bea6-4873-9ad9-1db1daff660a
Bread (Vetkoek),Namibia,Katima,RETAIL,2023-11-01,0.05,1 unit,e16adee0-4558-4d68-af6f-674b665b0a1f
Bread (Vetkoek),Namibia,Keetmanshoop,RETAIL,2023-11-01,0.11,1 unit,f142dfc4-c580-4116-a3bd-524252eb0b3c
Bread (Vetkoek),Namibia,Mariental,RETAIL,2023-11-01,0.08,1 unit,9cfbb592-f39b-4c39-b2ff-15b1ffd2ca13
Bread (Vetkoek),Namibia,Oshakati,RETAIL,2023-11-01,0.05,1 unit,2128be49-7301-4db6-9f8e-76d7d424b03c
Bread (Vetkoek),Namibia,Swakopmund,RETAIL,2023-11-01,0.11,1 unit,d8e92b78-a155-46cd-94a3-25cabdc0bf4d
Bread (Vetkoek),Namibia,Windhoek,RETAIL,2023-11-01,0.13,1 unit,8b869812-8d4e-411e-b047-b36373cdb37d
Bread (Vetkoek),Namibia,Gobabis,RETAIL,2023-12-01,0.11,1 unit,bbe90981-bea6-4873-9ad9-1db1daff660a
Bread (Vetkoek),Namibia,Katima,RETAIL,2023-12-01,0.05,1 unit,e16adee0-4558-4d68-af6f-674b665b0a1f
Bread (Vetkoek),Namibia,Keetmanshoop,RETAIL,2023-12-01,0.11,1 unit,f142dfc4-c580-4116-a3bd-524252eb0b3c
Bread (Vetkoek),Namibia,Mariental,RETAIL,2023-12-01,0.11,1 unit,9cfbb592-f39b-4c39-b2ff-15b1ffd2ca13
Bread (Vetkoek),Namibia,Oshakati,RETAIL,2023-12-01,0.05,1 unit,2128be49-7301-4db6-9f8e-76d7d424b03c
Bread (Vetkoek),Namibia,Swakopmund,RETAIL,2023-12-01,0.11,1 unit,d8e92b78-a155-46cd-94a3-25cabdc0bf4d
Bread (Vetkoek),Namibia,Windhoek,RETAIL,2023-12-01,0.13,1 unit,8b869812-8d4e-411e-b047-b36373cdb37d
Bread (Vetkoek),Namibia,Gobabis,RETAIL,2024-01-01,0.11,1 unit,bbe90981-bea6-4873-9ad9-1db1daff660a
Bread (Vetkoek),Namibia,Katima,RETAIL,2024-01-01,0.05,1 unit,e16adee0-4558-4d68-af6f-674b665b0a1f
Bread (Vetkoek),Namibia,Keetmanshoop,RETAIL,2024-01-01,0.11,1 unit,f142dfc4-c580-4116-a3bd-524252eb0b3c
Bread (Vetkoek),Namibia,Mariental,RETAIL,2024-01-01,0.13,1 unit,9cfbb592-f39b-4c39-b2ff-15b1ffd2ca13
Bread (Vetkoek),Namibia,Oshakati,RETAIL,2024-01-01,0.05,1 unit,2128be49-7301-4db6-9f8e-76d7d424b03c
Bread (Vetkoek),Namibia,Swakopmund,RETAIL,2024-01-01,0.11,1 unit,d8e92b78-a155-46cd-94a3-25cabdc0bf4d
Bread (Vetkoek),Namibia,Windhoek,RETAIL,2024-01-01,0.13,1 unit,8b869812-8d4e-411e-b047-b36373cdb37d
Bread (Vetkoek),Namibia,Gobabis,RETAIL,2024-02-01,0.11,1 unit,bbe90981-bea6-4873-9ad9-1db1daff660a
Bread (Vetkoek),Namibia,Katima,RETAIL,2024-02-01,0.05,1 unit,e16adee0-4558-4d68-af6f-674b665b0a1f
Bread (Vetkoek),Namibia,Keetmanshoop,RETAIL,2024-02-01,0.11,1 unit,f142dfc4-c580-4116-a3bd-524252eb0b3c
Bread (Vetkoek),Namibia,Mariental,RETAIL,2024-02-01,0.13,1 unit,9cfbb592-f39b-4c39-b2ff-15b1ffd2ca13
Bread (Vetkoek),Namibia,Oshakati,RETAIL,2024-02-01,0.05,1 unit,2128be49-7301-4db6-9f8e-76d7d424b03c
Bread (Vetkoek),Namibia,Swakopmund,RETAIL,2024-02-01,0.11,1 unit,d8e92b78-a155-46cd-94a3-25cabdc0bf4d
Bread (Vetkoek),Namibia,Windhoek,RETAIL,2024-02-01,0.13,1 unit,8b869812-8d4e-411e-b047-b36373cdb37d
Bread (Vetkoek),Namibia,Gobabis,RETAIL,2024-03-01,0.11,1 unit,bbe90981-bea6-4873-9ad9-1db1daff660a
Bread (Vetkoek),Namibia,Katima,RETAIL,2024-03-01,0.05,1 unit,e16adee0-4558-4d68-af6f-674b665b0a1f
Bread (Vetkoek),Namibia,Keetmanshoop,RETAIL,2024-03-01,0.11,1 unit,f142dfc4-c580-4116-a3bd-524252eb0b3c
Bread (Vetkoek),Namibia,Mariental,RETAIL,2024-03-01,0.13,1 unit,9cfbb592-f39b-4c39-b2ff-15b1ffd2ca13
Bread (Vetkoek),Namibia,Oshakati,RETAIL,2024-03-01,0.05,1 unit,2128be49-7301-4db6-9f8e-76d7d424b03c
Bread (Vetkoek),Namibia,Swakopmund,RETAIL,2024-03-01,0.11,1 unit,d8e92b78-a155-46cd-94a3-25cabdc0bf4d
Bread (Vetkoek),Namibia,Windhoek,RETAIL,2024-03-01,0.13,1 unit,8b869812-8d4e-411e-b047-b36373cdb37d
Bread (Vetkoek),Namibia,Gobabis,RETAIL,2024-04-01,0.11,1 unit,bbe90981-bea6-4873-9ad9-1db1daff660a
Bread (Vetkoek),Namibia,Katima,RETAIL,2024-04-01,0.05,1 unit,e16adee0-4558-4d68-af6f-674b665b0a1f
Bread (Vetkoek),Namibia,Keetmanshoop,RETAIL,2024-04-01,0.11,1 unit,f142dfc4-c580-4116-a3bd-524252eb0b3c
Bread (Vetkoek),Namibia,Mariental,RETAIL,2024-04-01,0.13,1 unit,9cfbb592-f39b-4c39-b2ff-15b1ffd2ca13
Bread (Vetkoek),Namibia,Oshakati,RETAIL,2024-04-01,0.05,1 unit,2128be49-7301-4db6-9f8e-76d7d424b03c
Bread (Vetkoek),Namibia,Swakopmund,RETAIL,2024-04-01,0.11,1 unit,d8e92b78-a155-46cd-94a3-25cabdc0bf4d
Bread (Vetkoek),Namibia,Windhoek,RETAIL,2024-04-01,0.19,1 unit,8b869812-8d4e-411e-b047-b36373cdb37d
Bread (Vetkoek),Namibia,Gobabis,RETAIL,2024-05-01,0.11,1 unit,bbe90981-bea6-4873-9ad9-1db1daff660a
Bread (Vetkoek),Namibia,Katima,RETAIL,2024-05-01,0.05,1 unit,e16adee0-4558-4d68-af6f-674b665b0a1f
Bread (Vetkoek),Namibia,Keetmanshoop,RETAIL,2024-05-01,0.11,1 unit,f142dfc4-c580-4116-a3bd-524252eb0b3c
Bread (Vetkoek),Namibia,Mariental,RETAIL,2024-05-01,0.14,1 unit,9cfbb592-f39b-4c39-b2ff-15b1ffd2ca13
Bread (Vetkoek),Namibia,Oshakati,RETAIL,2024-05-01,0.05,1 unit,2128be49-7301-4db6-9f8e-76d7d424b03c
Bread (Vetkoek),Namibia,Swakopmund,RETAIL,2024-05-01,0.11,1 unit,d8e92b78-a155-46cd-94a3-25cabdc0bf4d
Bread (Vetkoek),Namibia,Windhoek,RETAIL,2024-05-01,0.19,1 unit,8b869812-8d4e-411e-b047-b36373cdb37d
Bread (Vetkoek),Namibia,Gobabis,RETAIL,2024-06-01,0.11,1 unit,bbe90981-bea6-4873-9ad9-1db1daff660a
Bread (Vetkoek),Namibia,Katima,RETAIL,2024-06-01,0.05,1 unit,e16adee0-4558-4d68-af6f-674b665b0a1f
Bread (Vetkoek),Namibia,Keetmanshoop,RETAIL,2024-06-01,0.11,1 unit,f142dfc4-c580-4116-a3bd-524252eb0b3c
Bread (Vetkoek),Namibia,Mariental,RETAIL,2024-06-01,0.14,1 unit,9cfbb592-f39b-4c39-b2ff-15b1ffd2ca13
Bread (Vetkoek),Namibia,Oshakati,RETAIL,2024-06-01,0.05,1 unit,2128be49-7301-4db6-9f8e-76d7d424b03c
Bread (Vetkoek),Namibia,Swakopmund,RETAIL,2024-06-01,0.11,1 unit,d8e92b78-a155-46cd-94a3-25cabdc0bf4d
Bread (Vetkoek),Namibia,Windhoek,RETAIL,2024-06-01,0.19,1 unit,8b869812-8d4e-411e-b047-b36373cdb37d
Bread (Vetkoek),Namibia,Gobabis,RETAIL,2024-07-01,0.11,1 unit,bbe90981-bea6-4873-9ad9-1db1daff660a
Bread (Vetkoek),Namibia,Katima,RETAIL,2024-07-01,0.05,1 unit,e16adee0-4558-4d68-af6f-674b665b0a1f
Bread (Vetkoek),Namibia,Keetmanshoop,RETAIL,2024-07-01,0.11,1 unit,f142dfc4-c580-4116-a3bd-524252eb0b3c
Bread (Vetkoek),Namibia,Mariental,RETAIL,2024-07-01,0.14,1 unit,9cfbb592-f39b-4c39-b2ff-15b1ffd2ca13
Bread (Vetkoek),Namibia,Oshakati,RETAIL,2024-07-01,0.05,1 unit,2128be49-7301-4db6-9f8e-76d7d424b03c
Bread (Vetkoek),Namibia,Swakopmund,RETAIL,2024-07-01,0.11,1 unit,d8e92b78-a155-46cd-94a3-25cabdc0bf4d
Bread (Vetkoek),Namibia,Windhoek,RETAIL,2024-07-01,0.19,1 unit,8b869812-8d4e-411e-b047-b36373cdb37d
Bread (Vetkoek),Namibia,Gobabis,RETAIL,2024-08-01,0.11,1 unit,bbe90981-bea6-4873-9ad9-1db1daff660a
Bread (Vetkoek),Namibia,Katima,RETAIL,2024-08-01,0.06,1 unit,e16adee0-4558-4d68-af6f-674b665b0a1f
Bread (Vetkoek),Namibia,Keetmanshoop,RETAIL,2024-08-01,0.11,1 unit,f142dfc4-c580-4116-a3bd-524252eb0b3c
Bread (Vetkoek),Namibia,Mariental,RETAIL,2024-08-01,0.14,1 unit,9cfbb592-f39b-4c39-b2ff-15b1ffd2ca13
Bread (Vetkoek),Namibia,Oshakati,RETAIL,2024-08-01,0.06,1 unit,2128be49-7301-4db6-9f8e-76d7d424b03c
Bread (Vetkoek),Namibia,Swakopmund,RETAIL,2024-08-01,0.11,1 unit,d8e92b78-a155-46cd-94a3-25cabdc0bf4d
Bread (Vetkoek),Namibia,Windhoek,RETAIL,2024-08-01,0.19,1 unit,8b869812-8d4e-411e-b047-b36373cdb37d
Bread (Vetkoek),Namibia,Gobabis,RETAIL,2024-09-01,0.11,1 unit,bbe90981-bea6-4873-9ad9-1db1daff660a
Bread (Vetkoek),Namibia,Katima,RETAIL,2024-09-01,0.06,1 unit,e16adee0-4558-4d68-af6f-674b665b0a1f
Bread (Vetkoek),Namibia,Keetmanshoop,RETAIL,2024-09-01,0.11,1 unit,f142dfc4-c580-4116-a3bd-524252eb0b3c
Bread (Vetkoek),Namibia,Mariental,RETAIL,2024-09-01,0.14,1 unit,9cfbb592-f39b-4c39-b2ff-15b1ffd2ca13
Bread (Vetkoek),Namibia,Oshakati,RETAIL,2024-09-01,0.06,1 unit,2128be49-7301-4db6-9f8e-76d7d424b03c
Bread (Vetkoek),Namibia,Swakopmund,RETAIL,2024-09-01,0.11,1 unit,d8e92b78-a155-46cd-94a3-25cabdc0bf4d
Bread (Vetkoek),Namibia,Windhoek,RETAIL,2024-09-01,0.2,1 unit,8b869812-8d4e-411e-b047-b36373cdb37d
Bread (Vetkoek),Namibia,Gobabis,RETAIL,2024-10-01,0.11,1 unit,bbe90981-bea6-4873-9ad9-1db1daff660a
Bread (Vetkoek),Namibia,Katima,RETAIL,2024-10-01,0.06,1 unit,e16adee0-4558-4d68-af6f-674b665b0a1f
Bread (Vetkoek),Namibia,Keetmanshoop,RETAIL,2024-10-01,0.11,1 unit,f142dfc4-c580-4116-a3bd-524252eb0b3c
Bread (Vetkoek),Namibia,Mariental,RETAIL,2024-10-01,0.14,1 unit,9cfbb592-f39b-4c39-b2ff-15b1ffd2ca13
Bread (Vetkoek),Namibia,Oshakati,RETAIL,2024-10-01,0.06,1 unit,2128be49-7301-4db6-9f8e-76d7d424b03c
Bread (Vetkoek),Namibia,Swakopmund,RETAIL,2024-10-01,0.11,1 unit,d8e92b78-a155-46cd-94a3-25cabdc0bf4d
Bread (Vetkoek),Namibia,Windhoek,RETAIL,2024-10-01,0.2,1 unit,8b869812-8d4e-411e-b047-b36373cdb37d
Bread (Vetkoek),Namibia,Gobabis,RETAIL,2024-11-01,0.11,1 unit,bbe90981-bea6-4873-9ad9-1db1daff660a
Bread (Vetkoek),Namibia,Katima,RETAIL,2024-11-01,0.06,1 unit,e16adee0-4558-4d68-af6f-674b665b0a1f
Bread (Vetkoek),Namibia,Keetmanshoop,RETAIL,2024-11-01,0.11,1 unit,f142dfc4-c580-4116-a3bd-524252eb0b3c
Bread (Vetkoek),Namibia,Mariental,RETAIL,2024-11-01,0.14,1 unit,9cfbb592-f39b-4c39-b2ff-15b1ffd2ca13
Bread (Vetkoek),Namibia,Oshakati,RETAIL,2024-11-01,0.06,1 unit,2128be49-7301-4db6-9f8e-76d7d424b03c
Bread (Vetkoek),Namibia,Swakopmund,RETAIL,2024-11-01,0.11,1 unit,d8e92b78-a155-46cd-94a3-25cabdc0bf4d
Bread (Vetkoek),Namibia,Windhoek,RETAIL,2024-11-01,0.2,1 unit,8b869812-8d4e-411e-b047-b36373cdb37d
Bread (Vetkoek),Namibia,Gobabis,RETAIL,2024-12-01,0.14,1 unit,bbe90981-bea6-4873-9ad9-1db1daff660a
Bread (Vetkoek),Namibia,Katima,RETAIL,2024-12-01,0.06,1 unit,e16adee0-4558-4d68-af6f-674b665b0a1f
Bread (Vetkoek),Namibia,Keetmanshoop,RETAIL,2024-12-01,0.14,1 unit,f142dfc4-c580-4116-a3bd-524252eb0b3c
Bread (Vetkoek),Namibia,Mariental,RETAIL,2024-12-01,0.14,1 unit,9cfbb592-f39b-4c39-b2ff-15b1ffd2ca13
Bread (Vetkoek),Namibia,Oshakati,RETAIL,2024-12-01,0.11,1 unit,2128be49-7301-4db6-9f8e-76d7d424b03c
Bread (Vetkoek),Namibia,Swakopmund,RETAIL,2024-12-01,0.11,1 unit,d8e92b78-a155-46cd-94a3-25cabdc0bf4d
Bread (Vetkoek),Namibia,Windhoek,RETAIL,2024-12-01,0.19,1 unit,8b869812-8d4e-411e-b047-b36373cdb37d
Bread (Vetkoek),Namibia,Gobabis,RETAIL,2025-01-01,0.11,1 unit,bbe90981-bea6-4873-9ad9-1db1daff660a
Bread (Vetkoek),Namibia,Katima,RETAIL,2025-01-01,0.05,1 unit,e16adee0-4558-4d68-af6f-674b665b0a1f
Bread (Vetkoek),Namibia,Keetmanshoop,RETAIL,2025-01-01,0.11,1 unit,f142dfc4-c580-4116-a3bd-524252eb0b3c
Bread (Vetkoek),Namibia,Mariental,RETAIL,2025-01-01,0.13,1 unit,9cfbb592-f39b-4c39-b2ff-15b1ffd2ca13
Bread (Vetkoek),Namibia,Oshakati,RETAIL,2025-01-01,0.11,1 unit,2128be49-7301-4db6-9f8e-76d7d424b03c
Bread (Vetkoek),Namibia,Swakopmund,RETAIL,2025-01-01,0.11,1 unit,d8e92b78-a155-46cd-94a3-25cabdc0bf4d
Bread (Vetkoek),Namibia,Windhoek,RETAIL,2025-01-01,0.19,1 unit,8b869812-8d4e-411e-b047-b36373cdb37d
Bread (Vetkoek),Namibia,Gobabis,RETAIL,2025-02-01,0.11,1 unit,bbe90981-bea6-4873-9ad9-1db1daff660a
Bread (Vetkoek),Namibia,Katima,RETAIL,2025-02-01,0.05,1 unit,e16adee0-4558-4d68-af6f-674b665b0a1f
Bread (Vetkoek),Namibia,Keetmanshoop,RETAIL,2025-02-01,0.11,1 unit,f142dfc4-c580-4116-a3bd-524252eb0b3c
Bread (Vetkoek),Namibia,Mariental,RETAIL,2025-02-01,0.14,1 unit,9cfbb592-f39b-4c39-b2ff-15b1ffd2ca13
Bread (Vetkoek),Namibia,Oshakati,RETAIL,2025-02-01,0.05,1 unit,2128be49-7301-4db6-9f8e-76d7d424b03c
Bread (Vetkoek),Namibia,Swakopmund,RETAIL,2025-02-01,0.11,1 unit,d8e92b78-a155-46cd-94a3-25cabdc0bf4d
Bread (Vetkoek),Namibia,Windhoek,RETAIL,2025-02-01,0.19,1 unit,8b869812-8d4e-411e-b047-b36373cdb37d
Bread (Vetkoek),Namibia,Gobabis,RETAIL,2025-03-01,0.11,1 unit,bbe90981-bea6-4873-9ad9-1db1daff660a
Bread (Vetkoek),Namibia,Katima,RETAIL,2025-03-01,0.05,1 unit,e16adee0-4558-4d68-af6f-674b665b0a1f
Bread (Vetkoek),Namibia,Keetmanshoop,RETAIL,2025-03-01,0.11,1 unit,f142dfc4-c580-4116-a3bd-524252eb0b3c
Bread (Vetkoek),Namibia,Mariental,RETAIL,2025-03-01,0.14,1 unit,9cfbb592-f39b-4c39-b2ff-15b1ffd2ca13
Bread (Vetkoek),Namibia,Oshakati,RETAIL,2025-03-01,0.05,1 unit,2128be49-7301-4db6-9f8e-76d7d424b03c
Bread (Vetkoek),Namibia,Swakopmund,RETAIL,2025-03-01,0.11,1 unit,d8e92b78-a155-46cd-94a3-25cabdc0bf4d
Bread (Vetkoek),Namibia,Windhoek,RETAIL,2025-03-01,0.22,1 unit,8b869812-8d4e-411e-b047-b36373cdb37d
Bread (Vetkoek),Namibia,Gobabis,RETAIL,2025-04-01,0.11,1 unit,bbe90981-bea6-4873-9ad9-1db1daff660a
Bread (Vetkoek),Namibia,Katima,RETAIL,2025-04-01,0.05,1 unit,e16adee0-4558-4d68-af6f-674b665b0a1f
Bread (Vetkoek),Namibia,Keetmanshoop,RETAIL,2025-04-01,0.11,1 unit,f142dfc4-c580-4116-a3bd-524252eb0b3c
Bread (Vetkoek),Namibia,Mariental,RETAIL,2025-04-01,0.13,1 unit,9cfbb592-f39b-4c39-b2ff-15b1ffd2ca13
Bread (Vetkoek),Namibia,Oshakati,RETAIL,2025-04-01,0.05,1 unit,2128be49-7301-4db6-9f8e-76d7d424b03c
Bread (Vetkoek),Namibia,Swakopmund,RETAIL,2025-04-01,0.11,1 unit,d8e92b78-a155-46cd-94a3-25cabdc0bf4d
Bread (Vetkoek),Namibia,Windhoek,RETAIL,2025-04-01,0.21,1 unit,8b869812-8d4e-411e-b047-b36373cdb37d
Bread (Vetkoek),Namibia,Gobabis,RETAIL,2025-05-01,0.11,1 unit,bbe90981-bea6-4873-9ad9-1db1daff660a
Bread (Vetkoek),Namibia,Katima,RETAIL,2025-05-01,0.06,1 unit,e16adee0-4558-4d68-af6f-674b665b0a1f
Bread (Vetkoek),Namibia,Keetmanshoop,RETAIL,2025-05-01,0.11,1 unit,f142dfc4-c580-4116-a3bd-524252eb0b3c
Bread (Vetkoek),Namibia,Mariental,RETAIL,2025-05-01,0.14,1 unit,9cfbb592-f39b-4c39-b2ff-15b1ffd2ca13
Bread (Vetkoek),Namibia,Oshakati,RETAIL,2025-05-01,0.06,1 unit,2128be49-7301-4db6-9f8e-76d7d424b03c
Bread (Vetkoek),Namibia,Swakopmund,RETAIL,2025-05-01,0.11,1 unit,d8e92b78-a155-46cd-94a3-25cabdc0bf4d
Bread (Vetkoek),Namibia,Windhoek,RETAIL,2025-05-01,0.22,1 unit,8b869812-8d4e-411e-b047-b36373cdb37d
Bread (Vetkoek),Namibia,Gobabis,RETAIL,2025-06-01,0.11,1 unit,bbe90981-bea6-4873-9ad9-1db1daff660a
Bread (Vetkoek),Namibia,Katima,RETAIL,2025-06-01,0.06,1 unit,e16adee0-4558-4d68-af6f-674b665b0a1f
Bread (Vetkoek),Namibia,Keetmanshoop,RETAIL,2025-06-01,0.11,1 unit,f142dfc4-c580-4116-a3bd-524252eb0b3c
Bread (Vetkoek),Namibia,Mariental,RETAIL,2025-06-01,0.14,1 unit,9cfbb592-f39b-4c39-b2ff-15b1ffd2ca13
Bread (Vetkoek),Namibia,Oshakati,RETAIL,2025-06-01,0.06,1 unit,2128be49-7301-4db6-9f8e-76d7d424b03c
Bread (Vetkoek),Namibia,Swakopmund,RETAIL,2025-06-01,0.11,1 unit,d8e92b78-a155-46cd-94a3-25cabdc0bf4d
Bread (Vetkoek),Namibia,Windhoek,RETAIL,2025-06-01,0.22,1 unit,8b869812-8d4e-411e-b047-b36373cdb37d
Bread (Vetkoek),Namibia,Gobabis,RETAIL,2025-07-01,0.11,1 unit,bbe90981-bea6-4873-9ad9-1db1daff660a
Bread (Vetkoek),Namibia,Katima,RETAIL,2025-07-01,0.06,1 unit,e16adee0-4558-4d68-af6f-674b665b0a1f
Bread (Vetkoek),Namibia,Keetmanshoop,RETAIL,2025-07-01,0.11,1 unit,f142dfc4-c580-4116-a3bd-524252eb0b3c
Bread (Vetkoek),Namibia,Mariental,RETAIL,2025-07-01,0.14,1 unit,9cfbb592-f39b-4c39-b2ff-15b1ffd2ca13
Bread (Vetkoek),Namibia,Oshakati,RETAIL,2025-07-01,0.06,1 unit,2128be49-7301-4db6-9f8e-76d7d424b03c
Bread (Vetkoek),Namibia,Swakopmund,RETAIL,2025-07-01,0.11,1 unit,d8e92b78-a155-46cd-94a3-25cabdc0bf4d
Bread (Vetkoek),Namibia,Windhoek,RETAIL,2025-07-01,0.23,1 unit,8b869812-8d4e-411e-b047-b36373cdb37d
Bread (Vetkoek),Namibia,Gobabis,RETAIL,2025-08-01,0.11,1 unit,bbe90981-bea6-4873-9ad9-1db1daff660a
Bread (Vetkoek),Namibia,Katima,RETAIL,2025-08-01,0.11,1 unit,e16adee0-4558-4d68-af6f-674b665b0a1f
Bread (Vetkoek),Namibia,Keetmanshoop,RETAIL,2025-08-01,0.11,1 unit,f142dfc4-c580-4116-a3bd-524252eb0b3c
Bread (Vetkoek),Namibia,Mariental,RETAIL,2025-08-01,0.14,1 unit,9cfbb592-f39b-4c39-b2ff-15b1ffd2ca13
Bread (Vetkoek),Namibia,Oshakati,RETAIL,2025-08-01,0.06,1 unit,2128be49-7301-4db6-9f8e-76d7d424b03c
Bread (Vetkoek),Namibia,Swakopmund,RETAIL,2025-08-01,0.11,1 unit,d8e92b78-a155-46cd-94a3-25cabdc0bf4d
Bread (Vetkoek),Namibia,Windhoek,RETAIL,2025-08-01,0.23,1 unit,8b869812-8d4e-411e-b047-b36373cdb37d
Bread (Vetkoek),Namibia,Gobabis,RETAIL,2025-09-01,0.11,1 unit,bbe90981-bea6-4873-9ad9-1db1daff660a
Bread (Vetkoek),Namibia,Katima,RETAIL,2025-09-01,0.11,1 unit,e16adee0-4558-4d68-af6f-674b665b0a1f
Bread (Vetkoek),Namibia,Keetmanshoop,RETAIL,2025-09-01,0.11,1 unit,f142dfc4-c580-4116-a3bd-524252eb0b3c
Bread (Vetkoek),Namibia,Mariental,RETAIL,2025-09-01,0.14,1 unit,9cfbb592-f39b-4c39-b2ff-15b1ffd2ca13
Bread (Vetkoek),Namibia,Oshakati,RETAIL,2025-09-01,0.06,1 unit,2128be49-7301-4db6-9f8e-76d7d424b03c
Bread (Vetkoek),Namibia,Swakopmund,RETAIL,2025-09-01,0.11,1 unit,d8e92b78-a155-46cd-94a3-25cabdc0bf4d
Bread (Vetkoek),Namibia,Windhoek,RETAIL,2025-09-01,0.17,1 unit,8b869812-8d4e-411e-b047-b36373cdb37d
