commodity_name,country,market,price_type,date,price_usd,unit,uuid
Gari,Togo,Amegnran,RETAIL,2001-01-01,0.12,Kg,4146c47d-0b06-41bb-8dc4-ced51ab4b3e2
Gari,Togo,Anie,RETAIL,2001-01-01,0.22,Kg,c1052c56-2741-4cab-aedf-6873f94f0719
Gari,Togo,Cinkassé,RETAIL,2001-01-01,0.17,Kg,751a447d-34fe-48af-b8a1-3687eff7135b
Gari,Togo,Kara,RETAIL,2001-01-01,0.15,Kg,8974b9f3-192d-45fc-84c4-1eec01ed2af2
Gari,Togo,Korbongou,RETAIL,2001-01-01,0.15,Kg,888efb39-5cce-4d4a-b9b5-219ffc99a7e8
Gari,Togo,Lomé,RETAIL,2001-01-01,0.37,Kg,4d715bff-fa36-4c52-bae7-9bee18a64e92
Gari,Togo,Amegnran,RETAIL,2001-02-01,0.19,Kg,4146c47d-0b06-41bb-8dc4-ced51ab4b3e2
Gari,Togo,Anie,RETAIL,2001-02-01,0.2,Kg,c1052c56-2741-4cab-aedf-6873f94f0719
Gari,Togo,Cinkassé,RETAIL,2001-02-01,0.19,Kg,751a447d-34fe-48af-b8a1-3687eff7135b
Gari,Togo,Kara,RETAIL,2001-02-01,0.18,Kg,8974b9f3-192d-45fc-84c4-1eec01ed2af2
Gari,Togo,Korbongou,RETAIL,2001-02-01,0.14,Kg,888efb39-5cce-4d4a-b9b5-219ffc99a7e8
Gari,Togo,Lomé,RETAIL,2001-02-01,0.38,Kg,4d715bff-fa36-4c52-bae7-9bee18a64e92
Gari,Togo,Amegnran,RETAIL,2001-03-01,0.14,Kg,4146c47d-0b06-41bb-8dc4-ced51ab4b3e2
Gari,Togo,Anie,RETAIL,2001-03-01,0.2,Kg,c1052c56-2741-4cab-aedf-6873f94f0719
Gari,Togo,Cinkassé,RETAIL,2001-03-01,0.2,Kg,751a447d-34fe-48af-b8a1-3687eff7135b
Gari,Togo,Kara,RETAIL,2001-03-01,0.17,Kg,8974b9f3-192d-45fc-84c4-1eec01ed2af2
Gari,Togo,Korbongou,RETAIL,2001-03-01,0.24,Kg,888efb39-5cce-4d4a-b9b5-219ffc99a7e8
Gari,Togo,Lomé,RETAIL,2001-03-01,0.4,Kg,4d715bff-fa36-4c52-bae7-9bee18a64e92
Gari,Togo,Amegnran,RETAIL,2001-04-01,0.12,Kg,4146c47d-0b06-41bb-8dc4-ced51ab4b3e2
Gari,Togo,Anie,RETAIL,2001-04-01,0.22,Kg,c1052c56-2741-4cab-aedf-6873f94f0719
Gari,Togo,Cinkassé,RETAIL,2001-04-01,0.27,Kg,751a447d-34fe-48af-b8a1-3687eff7135b
Gari,Togo,Kara,RETAIL,2001-04-01,0.16,Kg,8974b9f3-192d-45fc-84c4-1eec01ed2af2
Gari,Togo,Korbongou,RETAIL,2001-04-01,0.37,Kg,888efb39-5cce-4d4a-b9b5-219ffc99a7e8
Gari,Togo,Lomé,RETAIL,2001-04-01,0.33,Kg,4d715bff-fa36-4c52-bae7-9bee18a64e92
Gari,Togo,Amegnran,RETAIL,2001-05-01,0.13,Kg,4146c47d-0b06-41bb-8dc4-ced51ab4b3e2
Gari,Togo,Anie,RETAIL,2001-05-01,0.23,Kg,c1052c56-2741-4cab-aedf-6873f94f0719
Gari,Togo,Cinkassé,RETAIL,2001-05-01,0.42,Kg,751a447d-34fe-48af-b8a1-3687eff7135b
Gari,Togo,Kara,RETAIL,2001-05-01,0.17,Kg,8974b9f3-192d-45fc-84c4-1eec01ed2af2
Gari,Togo,Korbongou,RETAIL,2001-05-01,0.49,Kg,888efb39-5cce-4d4a-b9b5-219ffc99a7e8
Gari,Togo,Lomé,RETAIL,2001-05-01,0.34,Kg,4d715bff-fa36-4c52-bae7-9bee18a64e92
Gari,Togo,Amegnran,RETAIL,2001-06-01,0.16,Kg,4146c47d-0b06-41bb-8dc4-ced51ab4b3e2
Gari,Togo,Anie,RETAIL,2001-06-01,0.29,Kg,c1052c56-2741-4cab-aedf-6873f94f0719
Gari,Togo,Cinkassé,RETAIL,2001-06-01,0.3,Kg,751a447d-34fe-48af-b8a1-3687eff7135b
Gari,Togo,Kara,RETAIL,2001-06-01,0.19,Kg,8974b9f3-192d-45fc-84c4-1eec01ed2af2
Gari,Togo,Korbongou,RETAIL,2001-06-01,0.42,Kg,888efb39-5cce-4d4a-b9b5-219ffc99a7e8
Gari,Togo,Lomé,RETAIL,2001-06-01,0.28,Kg,4d715bff-fa36-4c52-bae7-9bee18a64e92
Gari,Togo,Amegnran,RETAIL,2001-07-01,0.15,Kg,4146c47d-0b06-41bb-8dc4-ced51ab4b3e2
Gari,Togo,Anie,RETAIL,2001-07-01,0.28,Kg,c1052c56-2741-4cab-aedf-6873f94f0719
Gari,Togo,Cinkassé,RETAIL,2001-07-01,0.38,Kg,751a447d-34fe-48af-b8a1-3687eff7135b
Gari,Togo,Kara,RETAIL,2001-07-01,0.23,Kg,8974b9f3-192d-45fc-84c4-1eec01ed2af2
Gari,Togo,Korbongou,RETAIL,2001-07-01,0.34,Kg,888efb39-5cce-4d4a-b9b5-219ffc99a7e8
Gari,Togo,Lomé,RETAIL,2001-07-01,0.34,Kg,4d715bff-fa36-4c52-bae7-9bee18a64e92
Gari,Togo,Amegnran,RETAIL,2001-08-01,0.12,Kg,4146c47d-0b06-41bb-8dc4-ced51ab4b3e2
Gari,Togo,Anie,RETAIL,2001-08-01,0.3,Kg,c1052c56-2741-4cab-aedf-6873f94f0719
Gari,Togo,Cinkassé,RETAIL,2001-08-01,0.37,Kg,751a447d-34fe-48af-b8a1-3687eff7135b
Gari,Togo,Kara,RETAIL,2001-08-01,0.22,Kg,8974b9f3-192d-45fc-84c4-1eec01ed2af2
Gari,Togo,Korbongou,RETAIL,2001-08-01,0.43,Kg,888efb39-5cce-4d4a-b9b5-219ffc99a7e8
Gari,Togo,Lomé,RETAIL,2001-08-01,0.33,Kg,4d715bff-fa36-4c52-bae7-9bee18a64e92
Gari,Togo,Amegnran,RETAIL,2001-09-01,0.16,Kg,4146c47d-0b06-41bb-8dc4-ced51ab4b3e2
Gari,Togo,Anie,RETAIL,2001-09-01,0.24,Kg,c1052c56-2741-4cab-aedf-6873f94f0719
Gari,Togo,Cinkassé,RETAIL,2001-09-01,0.2,Kg,751a447d-34fe-48af-b8a1-3687eff7135b
Gari,Togo,Kara,RETAIL,2001-09-01,0.2,Kg,8974b9f3-192d-45fc-84c4-1eec01ed2af2
Gari,Togo,Korbongou,RETAIL,2001-09-01,0.18,Kg,888efb39-5cce-4d4a-b9b5-219ffc99a7e8
Gari,Togo,Lomé,RETAIL,2001-09-01,0.26,Kg,4d715bff-fa36-4c52-bae7-9bee18a64e92
Gari,Togo,Amegnran,RETAIL,2001-10-01,0.16,Kg,4146c47d-0b06-41bb-8dc4-ced51ab4b3e2
Gari,Togo,Anie,RETAIL,2001-10-01,0.23,Kg,c1052c56-2741-4cab-aedf-6873f94f0719
Gari,Togo,Cinkassé,RETAIL,2001-10-01,0.33,Kg,751a447d-34fe-48af-b8a1-3687eff7135b
Gari,Togo,Kara,RETAIL,2001-10-01,0.2,Kg,8974b9f3-192d-45fc-84c4-1eec01ed2af2
Gari,Togo,Korbongou,RETAIL,2001-10-01,0.21,Kg,888efb39-5cce-4d4a-b9b5-219ffc99a7e8
Gari,Togo,Lomé,RETAIL,2001-10-01,0.29,Kg,4d715bff-fa36-4c52-bae7-9bee18a64e92
Gari,Togo,Amegnran,RETAIL,2001-11-01,0.14,Kg,4146c47d-0b06-41bb-8dc4-ced51ab4b3e2
Gari,Togo,Anie,RETAIL,2001-11-01,0.15,Kg,c1052c56-2741-4cab-aedf-6873f94f0719
Gari,Togo,Cinkassé,RETAIL,2001-11-01,0.29,Kg,751a447d-34fe-48af-b8a1-3687eff7135b
Gari,Togo,Kara,RETAIL,2001-11-01,0.21,Kg,8974b9f3-192d-45fc-84c4-1eec01ed2af2
Gari,Togo,Korbongou,RETAIL,2001-11-01,0.26,Kg,888efb39-5cce-4d4a-b9b5-219ffc99a7e8
Gari,Togo,Lomé,RETAIL,2001-11-01,0.18,Kg,4d715bff-fa36-4c52-bae7-9bee18a64e92
Gari,Togo,Amegnran,RETAIL,2001-12-01,0.15,Kg,4146c47d-0b06-41bb-8dc4-ced51ab4b3e2
Gari,Togo,Anie,RETAIL,2001-12-01,0.19,Kg,c1052c56-2741-4cab-aedf-6873f94f0719
Gari,Togo,Cinkassé,RETAIL,2001-12-01,0.28,Kg,751a447d-34fe-48af-b8a1-3687eff7135b
Gari,Togo,Kara,RETAIL,2001-12-01,0.21,Kg,8974b9f3-192d-45fc-84c4-1eec01ed2af2
Gari,Togo,Korbongou,RETAIL,2001-12-01,0.16,Kg,888efb39-5cce-4d4a-b9b5-219ffc99a7e8
Gari,Togo,Lomé,RETAIL,2001-12-01,0.18,Kg,4d715bff-fa36-4c52-bae7-9bee18a64e92
Gari,Togo,Amegnran,RETAIL,2002-01-01,0.11,Kg,4146c47d-0b06-41bb-8dc4-ced51ab4b3e2
Gari,Togo,Anie,RETAIL,2002-01-01,0.24,Kg,c1052c56-2741-4cab-aedf-6873f94f0719
Gari,Togo,Cinkassé,RETAIL,2002-01-01,0.3,Kg,751a447d-34fe-48af-b8a1-3687eff7135b
Gari,Togo,Kara,RETAIL,2002-01-01,0.12,Kg,8974b9f3-192d-45fc-84c4-1eec01ed2af2
Gari,Togo,Korbongou,RETAIL,2002-01-01,0.17,Kg,888efb39-5cce-4d4a-b9b5-219ffc99a7e8
Gari,Togo,Lomé,RETAIL,2002-01-01,0.23,Kg,4d715bff-fa36-4c52-bae7-9bee18a64e92
Gari,Togo,Amegnran,RETAIL,2002-02-01,0.16,Kg,4146c47d-0b06-41bb-8dc4-ced51ab4b3e2
Gari,Togo,Anie,RETAIL,2002-02-01,0.21,Kg,c1052c56-2741-4cab-aedf-6873f94f0719
Gari,Togo,Cinkassé,RETAIL,2002-02-01,0.32,Kg,751a447d-34fe-48af-b8a1-3687eff7135b
Gari,Togo,Kara,RETAIL,2002-02-01,0.19,Kg,8974b9f3-192d-45fc-84c4-1eec01ed2af2
Gari,Togo,Korbongou,RETAIL,2002-02-01,0.12,Kg,888efb39-5cce-4d4a-b9b5-219ffc99a7e8
Gari,Togo,Lomé,RETAIL,2002-02-01,0.24,Kg,4d715bff-fa36-4c52-bae7-9bee18a64e92
Gari,Togo,Amegnran,RETAIL,2002-03-01,0.13,Kg,4146c47d-0b06-41bb-8dc4-ced51ab4b3e2
Gari,Togo,Anie,RETAIL,2002-03-01,0.21,Kg,c1052c56-2741-4cab-aedf-6873f94f0719
Gari,Togo,Cinkassé,RETAIL,2002-03-01,0.16,Kg,751a447d-34fe-48af-b8a1-3687eff7135b
Gari,Togo,Kara,RETAIL,2002-03-01,0.27,Kg,8974b9f3-192d-45fc-84c4-1eec01ed2af2
Gari,Togo,Korbongou,RETAIL,2002-03-01,0.3,Kg,888efb39-5cce-4d4a-b9b5-219ffc99a7e8
Gari,Togo,Lomé,RETAIL,2002-03-01,0.23,Kg,4d715bff-fa36-4c52-bae7-9bee18a64e92
Gari,Togo,Amegnran,RETAIL,2002-04-01,0.11,Kg,4146c47d-0b06-41bb-8dc4-ced51ab4b3e2
Gari,Togo,Anie,RETAIL,2002-04-01,0.22,Kg,c1052c56-2741-4cab-aedf-6873f94f0719
Gari,Togo,Cinkassé,RETAIL,2002-04-01,0.16,Kg,751a447d-34fe-48af-b8a1-3687eff7135b
Gari,Togo,Kara,RETAIL,2002-04-01,0.2,Kg,8974b9f3-192d-45fc-84c4-1eec01ed2af2
Gari,Togo,Korbongou,RETAIL,2002-04-01,0.2,Kg,888efb39-5cce-4d4a-b9b5-219ffc99a7e8
Gari,Togo,Lomé,RETAIL,2002-04-01,0.22,Kg,4d715bff-fa36-4c52-bae7-9bee18a64e92
Gari,Togo,Amegnran,RETAIL,2002-05-01,0.13,Kg,4146c47d-0b06-41bb-8dc4-ced51ab4b3e2
Gari,Togo,Anie,RETAIL,2002-05-01,0.26,Kg,c1052c56-2741-4cab-aedf-6873f94f0719
Gari,Togo,Cinkassé,RETAIL,2002-05-01,0.17,Kg,751a447d-34fe-48af-b8a1-3687eff7135b
Gari,Togo,Kara,RETAIL,2002-05-01,0.22,Kg,8974b9f3-192d-45fc-84c4-1eec01ed2af2
Gari,Togo,Korbongou,RETAIL,2002-05-01,0.16,Kg,888efb39-5cce-4d4a-b9b5-219ffc99a7e8
Gari,Togo,Lomé,RETAIL,2002-05-01,0.23,Kg,4d715bff-fa36-4c52-bae7-9bee18a64e92
Gari,Togo,Amegnran,RETAIL,2002-06-01,0.21,Kg,4146c47d-0b06-41bb-8dc4-ced51ab4b3e2
Gari,Togo,Anie,RETAIL,2002-06-01,0.28,Kg,c1052c56-2741-4cab-aedf-6873f94f0719
Gari,Togo,Cinkassé,RETAIL,2002-06-01,0.38,Kg,751a447d-34fe-48af-b8a1-3687eff7135b
Gari,Togo,Kara,RETAIL,2002-06-01,0.26,Kg,8974b9f3-192d-45fc-84c4-1eec01ed2af2
Gari,Togo,Korbongou,RETAIL,2002-06-01,0.39,Kg,888efb39-5cce-4d4a-b9b5-219ffc99a7e8
Gari,Togo,Lomé,RETAIL,2002-06-01,0.35,Kg,4d715bff-fa36-4c52-bae7-9bee18a64e92
Gari,Togo,Amegnran,RETAIL,2002-07-01,0.16,Kg,4146c47d-0b06-41bb-8dc4-ced51ab4b3e2
Gari,Togo,Anie,RETAIL,2002-07-01,0.26,Kg,c1052c56-2741-4cab-aedf-6873f94f0719
Gari,Togo,Cinkassé,RETAIL,2002-07-01,0.35,Kg,751a447d-34fe-48af-b8a1-3687eff7135b
Gari,Togo,Kara,RETAIL,2002-07-01,0.2,Kg,8974b9f3-192d-45fc-84c4-1eec01ed2af2
Gari,Togo,Korbongou,RETAIL,2002-07-01,0.33,Kg,888efb39-5cce-4d4a-b9b5-219ffc99a7e8
Gari,Togo,Lomé,RETAIL,2002-07-01,0.26,Kg,4d715bff-fa36-4c52-bae7-9bee18a64e92
Gari,Togo,Amegnran,RETAIL,2002-08-01,0.12,Kg,4146c47d-0b06-41bb-8dc4-ced51ab4b3e2
Gari,Togo,Anie,RETAIL,2002-08-01,0.2,Kg,c1052c56-2741-4cab-aedf-6873f94f0719
Gari,Togo,Cinkassé,RETAIL,2002-08-01,0.36,Kg,751a447d-34fe-48af-b8a1-3687eff7135b
Gari,Togo,Kara,RETAIL,2002-08-01,0.21,Kg,8974b9f3-192d-45fc-84c4-1eec01ed2af2
Gari,Togo,Korbongou,RETAIL,2002-08-01,0.27,Kg,888efb39-5cce-4d4a-b9b5-219ffc99a7e8
Gari,Togo,Lomé,RETAIL,2002-08-01,0.3,Kg,4d715bff-fa36-4c52-bae7-9bee18a64e92
Gari,Togo,Amegnran,RETAIL,2002-09-01,0.15,Kg,4146c47d-0b06-41bb-8dc4-ced51ab4b3e2
Gari,Togo,Anie,RETAIL,2002-09-01,0.18,Kg,c1052c56-2741-4cab-aedf-6873f94f0719
Gari,Togo,Cinkassé,RETAIL,2002-09-01,0.34,Kg,751a447d-34fe-48af-b8a1-3687eff7135b
Gari,Togo,Kara,RETAIL,2002-09-01,0.22,Kg,8974b9f3-192d-45fc-84c4-1eec01ed2af2
Gari,Togo,Korbongou,RETAIL,2002-09-01,0.25,Kg,888efb39-5cce-4d4a-b9b5-219ffc99a7e8
Gari,Togo,Lomé,RETAIL,2002-09-01,0.27,Kg,4d715bff-fa36-4c52-bae7-9bee18a64e92
Gari,Togo,Amegnran,RETAIL,2002-10-01,0.17,Kg,4146c47d-0b06-41bb-8dc4-ced51ab4b3e2
Gari,Togo,Anie,RETAIL,2002-10-01,0.18,Kg,c1052c56-2741-4cab-aedf-6873f94f0719
Gari,Togo,Cinkassé,RETAIL,2002-10-01,0.33,Kg,751a447d-34fe-48af-b8a1-3687eff7135b
Gari,Togo,Kara,RETAIL,2002-10-01,0.22,Kg,8974b9f3-192d-45fc-84c4-1eec01ed2af2
Gari,Togo,Korbongou,RETAIL,2002-10-01,0.29,Kg,888efb39-5cce-4d4a-b9b5-219ffc99a7e8
Gari,Togo,Lomé,RETAIL,2002-10-01,0.26,Kg,4d715bff-fa36-4c52-bae7-9bee18a64e92
Gari,Togo,Amegnran,RETAIL,2002-11-01,0.15,Kg,4146c47d-0b06-41bb-8dc4-ced51ab4b3e2
Gari,Togo,Anie,RETAIL,2002-11-01,0.16,Kg,c1052c56-2741-4cab-aedf-6873f94f0719
Gari,Togo,Cinkassé,RETAIL,2002-11-01,0.3,Kg,751a447d-34fe-48af-b8a1-3687eff7135b
Gari,Togo,Kara,RETAIL,2002-11-01,0.29,Kg,8974b9f3-192d-45fc-84c4-1eec01ed2af2
Gari,Togo,Korbongou,RETAIL,2002-11-01,0.3,Kg,888efb39-5cce-4d4a-b9b5-219ffc99a7e8
Gari,Togo,Lomé,RETAIL,2002-11-01,0.27,Kg,4d715bff-fa36-4c52-bae7-9bee18a64e92
Gari,Togo,Amegnran,RETAIL,2002-12-01,0.16,Kg,4146c47d-0b06-41bb-8dc4-ced51ab4b3e2
Gari,Togo,Anie,RETAIL,2002-12-01,0.18,Kg,c1052c56-2741-4cab-aedf-6873f94f0719
Gari,Togo,Cinkassé,RETAIL,2002-12-01,0.3,Kg,751a447d-34fe-48af-b8a1-3687eff7135b
Gari,Togo,Kara,RETAIL,2002-12-01,0.12,Kg,8974b9f3-192d-45fc-84c4-1eec01ed2af2
Gari,Togo,Korbongou,RETAIL,2002-12-01,0.29,Kg,888efb39-5cce-4d4a-b9b5-219ffc99a7e8
Gari,Togo,Lomé,RETAIL,2002-12-01,0.29,Kg,4d715bff-fa36-4c52-bae7-9bee18a64e92
Gari,Togo,Amegnran,RETAIL,2003-01-01,0.17,Kg,4146c47d-0b06-41bb-8dc4-ced51ab4b3e2
Gari,Togo,Anie,RETAIL,2003-01-01,0.21,Kg,c1052c56-2741-4cab-aedf-6873f94f0719
Gari,Togo,Cinkassé,RETAIL,2003-01-01,0.32,Kg,751a447d-34fe-48af-b8a1-3687eff7135b
Gari,Togo,Kara,RETAIL,2003-01-01,0.19,Kg,8974b9f3-192d-45fc-84c4-1eec01ed2af2
Gari,Togo,Korbongou,RETAIL,2003-01-01,0.29,Kg,888efb39-5cce-4d4a-b9b5-219ffc99a7e8
Gari,Togo,Lomé,RETAIL,2003-01-01,0.19,Kg,4d715bff-fa36-4c52-bae7-9bee18a64e92
Gari,Togo,Amegnran,RETAIL,2003-02-01,0.21,Kg,4146c47d-0b06-41bb-8dc4-ced51ab4b3e2
Gari,Togo,Anie,RETAIL,2003-02-01,0.17,Kg,c1052c56-2741-4cab-aedf-6873f94f0719
Gari,Togo,Cinkassé,RETAIL,2003-02-01,0.33,Kg,751a447d-34fe-48af-b8a1-3687eff7135b
Gari,Togo,Kara,RETAIL,2003-02-01,0.19,Kg,8974b9f3-192d-45fc-84c4-1eec01ed2af2
Gari,Togo,Korbongou,RETAIL,2003-02-01,0.3,Kg,888efb39-5cce-4d4a-b9b5-219ffc99a7e8
Gari,Togo,Lomé,RETAIL,2003-02-01,0.18,Kg,4d715bff-fa36-4c52-bae7-9bee18a64e92
Gari,Togo,Amegnran,RETAIL,2003-03-01,0.14,Kg,4146c47d-0b06-41bb-8dc4-ced51ab4b3e2
Gari,Togo,Anie,RETAIL,2003-03-01,0.16,Kg,c1052c56-2741-4cab-aedf-6873f94f0719
Gari,Togo,Cinkassé,RETAIL,2003-03-01,0.32,Kg,751a447d-34fe-48af-b8a1-3687eff7135b
Gari,Togo,Kara,RETAIL,2003-03-01,0.18,Kg,8974b9f3-192d-45fc-84c4-1eec01ed2af2
Gari,Togo,Korbongou,RETAIL,2003-03-01,0.32,Kg,888efb39-5cce-4d4a-b9b5-219ffc99a7e8
Gari,Togo,Lomé,RETAIL,2003-03-01,0.16,Kg,4d715bff-fa36-4c52-bae7-9bee18a64e92
Gari,Togo,Amegnran,RETAIL,2003-04-01,0.11,Kg,4146c47d-0b06-41bb-8dc4-ced51ab4b3e2
Gari,Togo,Anie,RETAIL,2003-04-01,0.16,Kg,c1052c56-2741-4cab-aedf-6873f94f0719
Gari,Togo,Cinkassé,RETAIL,2003-04-01,0.31,Kg,751a447d-34fe-48af-b8a1-3687eff7135b
Gari,Togo,Kara,RETAIL,2003-04-01,0.19,Kg,8974b9f3-192d-45fc-84c4-1eec01ed2af2
Gari,Togo,Korbongou,RETAIL,2003-04-01,0.31,Kg,888efb39-5cce-4d4a-b9b5-219ffc99a7e8
Gari,Togo,Lomé,RETAIL,2003-04-01,0.15,Kg,4d715bff-fa36-4c52-bae7-9bee18a64e92
Gari,Togo,Amegnran,RETAIL,2003-05-01,0.12,Kg,4146c47d-0b06-41bb-8dc4-ced51ab4b3e2
Gari,Togo,Anie,RETAIL,2003-05-01,0.17,Kg,c1052c56-2741-4cab-aedf-6873f94f0719
Gari,Togo,Cinkassé,RETAIL,2003-05-01,0.35,Kg,751a447d-34fe-48af-b8a1-3687eff7135b
Gari,Togo,Kara,RETAIL,2003-05-01,0.19,Kg,8974b9f3-192d-45fc-84c4-1eec01ed2af2
Gari,Togo,Korbongou,RETAIL,2003-05-01,0.24,Kg,888efb39-5cce-4d4a-b9b5-219ffc99a7e8
Gari,Togo,Lomé,RETAIL,2003-05-01,0.16,Kg,4d715bff-fa36-4c52-bae7-9bee18a64e92
Gari,Togo,Amegnran,RETAIL,2003-06-01,0.12,Kg,4146c47d-0b06-41bb-8dc4-ced51ab4b3e2
Gari,Togo,Anie,RETAIL,2003-06-01,0.16,Kg,c1052c56-2741-4cab-aedf-6873f94f0719
Gari,Togo,Cinkassé,RETAIL,2003-06-01,0.23,Kg,751a447d-34fe-48af-b8a1-3687eff7135b
Gari,Togo,Kara,RETAIL,2003-06-01,0.21,Kg,8974b9f3-192d-45fc-84c4-1eec01ed2af2
Gari,Togo,Korbongou,RETAIL,2003-06-01,0.23,Kg,888efb39-5cce-4d4a-b9b5-219ffc99a7e8
Gari,Togo,Lomé,RETAIL,2003-06-01,0.16,Kg,4d715bff-fa36-4c52-bae7-9bee18a64e92
Gari,Togo,Amegnran,RETAIL,2003-07-01,0.11,Kg,4146c47d-0b06-41bb-8dc4-ced51ab4b3e2
Gari,Togo,Anie,RETAIL,2003-07-01,0.14,Kg,c1052c56-2741-4cab-aedf-6873f94f0719
Gari,Togo,Cinkassé,RETAIL,2003-07-01,0.21,Kg,751a447d-34fe-48af-b8a1-3687eff7135b
Gari,Togo,Kara,RETAIL,2003-07-01,0.21,Kg,8974b9f3-192d-45fc-84c4-1eec01ed2af2
Gari,Togo,Korbongou,RETAIL,2003-07-01,0.2,Kg,888efb39-5cce-4d4a-b9b5-219ffc99a7e8
Gari,Togo,Lomé,RETAIL,2003-07-01,0.14,Kg,4d715bff-fa36-4c52-bae7-9bee18a64e92
Gari,Togo,Amegnran,RETAIL,2003-08-01,0.11,Kg,4146c47d-0b06-41bb-8dc4-ced51ab4b3e2
Gari,Togo,Anie,RETAIL,2003-08-01,0.12,Kg,c1052c56-2741-4cab-aedf-6873f94f0719
Gari,Togo,Cinkassé,RETAIL,2003-08-01,0.23,Kg,751a447d-34fe-48af-b8a1-3687eff7135b
Gari,Togo,Kara,RETAIL,2003-08-01,0.17,Kg,8974b9f3-192d-45fc-84c4-1eec01ed2af2
Gari,Togo,Korbongou,RETAIL,2003-08-01,0.2,Kg,888efb39-5cce-4d4a-b9b5-219ffc99a7e8
Gari,Togo,Lomé,RETAIL,2003-08-01,0.13,Kg,4d715bff-fa36-4c52-bae7-9bee18a64e92
Gari,Togo,Amegnran,RETAIL,2003-09-01,0.13,Kg,4146c47d-0b06-41bb-8dc4-ced51ab4b3e2
Gari,Togo,Anie,RETAIL,2003-09-01,0.12,Kg,c1052c56-2741-4cab-aedf-6873f94f0719
Gari,Togo,Cinkassé,RETAIL,2003-09-01,0.21,Kg,751a447d-34fe-48af-b8a1-3687eff7135b
Gari,Togo,Kara,RETAIL,2003-09-01,0.12,Kg,8974b9f3-192d-45fc-84c4-1eec01ed2af2
Gari,Togo,Korbongou,RETAIL,2003-09-01,0.21,Kg,888efb39-5cce-4d4a-b9b5-219ffc99a7e8
Gari,Togo,Lomé,RETAIL,2003-09-01,0.15,Kg,4d715bff-fa36-4c52-bae7-9bee18a64e92
Gari,Togo,Amegnran,RETAIL,2003-10-01,0.19,Kg,4146c47d-0b06-41bb-8dc4-ced51ab4b3e2
Gari,Togo,Anie,RETAIL,2003-10-01,0.15,Kg,c1052c56-2741-4cab-aedf-6873f94f0719
Gari,Togo,Cinkassé,RETAIL,2003-10-01,0.22,Kg,751a447d-34fe-48af-b8a1-3687eff7135b
Gari,Togo,Kara,RETAIL,2003-10-01,0.14,Kg,8974b9f3-192d-45fc-84c4-1eec01ed2af2
Gari,Togo,Korbongou,RETAIL,2003-10-01,0.22,Kg,888efb39-5cce-4d4a-b9b5-219ffc99a7e8
Gari,Togo,Lomé,RETAIL,2003-10-01,0.17,Kg,4d715bff-fa36-4c52-bae7-9bee18a64e92
Gari,Togo,Amegnran,RETAIL,2003-11-01,0.13,Kg,4146c47d-0b06-41bb-8dc4-ced51ab4b3e2
Gari,Togo,Anie,RETAIL,2003-11-01,0.16,Kg,c1052c56-2741-4cab-aedf-6873f94f0719
Gari,Togo,Cinkassé,RETAIL,2003-11-01,0.19,Kg,751a447d-34fe-48af-b8a1-3687eff7135b
Gari,Togo,Kara,RETAIL,2003-11-01,0.12,Kg,8974b9f3-192d-45fc-84c4-1eec01ed2af2
Gari,Togo,Korbongou,RETAIL,2003-11-01,0.19,Kg,888efb39-5cce-4d4a-b9b5-219ffc99a7e8
Gari,Togo,Lomé,RETAIL,2003-11-01,0.19,Kg,4d715bff-fa36-4c52-bae7-9bee18a64e92
Gari,Togo,Amegnran,RETAIL,2003-12-01,0.13,Kg,4146c47d-0b06-41bb-8dc4-ced51ab4b3e2
Gari,Togo,Anie,RETAIL,2003-12-01,0.16,Kg,c1052c56-2741-4cab-aedf-6873f94f0719
Gari,Togo,Cinkassé,RETAIL,2003-12-01,0.2,Kg,751a447d-34fe-48af-b8a1-3687eff7135b
Gari,Togo,Kara,RETAIL,2003-12-01,0.14,Kg,8974b9f3-192d-45fc-84c4-1eec01ed2af2
Gari,Togo,Korbongou,RETAIL,2003-12-01,0.22,Kg,888efb39-5cce-4d4a-b9b5-219ffc99a7e8
Gari,Togo,Lomé,RETAIL,2003-12-01,0.19,Kg,4d715bff-fa36-4c52-bae7-9bee18a64e92
Gari,Togo,Amegnran,RETAIL,2004-01-01,0.18,Kg,4146c47d-0b06-41bb-8dc4-ced51ab4b3e2
Gari,Togo,Anie,RETAIL,2004-01-01,0.17,Kg,c1052c56-2741-4cab-aedf-6873f94f0719
Gari,Togo,Cinkassé,RETAIL,2004-01-01,0.23,Kg,751a447d-34fe-48af-b8a1-3687eff7135b
Gari,Togo,Kara,RETAIL,2004-01-01,0.14,Kg,8974b9f3-192d-45fc-84c4-1eec01ed2af2
Gari,Togo,Korbongou,RETAIL,2004-01-01,0.24,Kg,888efb39-5cce-4d4a-b9b5-219ffc99a7e8
Gari,Togo,Lomé,RETAIL,2004-01-01,0.24,Kg,4d715bff-fa36-4c52-bae7-9bee18a64e92
Gari,Togo,Amegnran,RETAIL,2004-02-01,0.18,Kg,4146c47d-0b06-41bb-8dc4-ced51ab4b3e2
Gari,Togo,Anie,RETAIL,2004-02-01,0.14,Kg,c1052c56-2741-4cab-aedf-6873f94f0719
Gari,Togo,Cinkassé,RETAIL,2004-02-01,0.23,Kg,751a447d-34fe-48af-b8a1-3687eff7135b
Gari,Togo,Kara,RETAIL,2004-02-01,0.13,Kg,8974b9f3-192d-45fc-84c4-1eec01ed2af2
Gari,Togo,Korbongou,RETAIL,2004-02-01,0.22,Kg,888efb39-5cce-4d4a-b9b5-219ffc99a7e8
Gari,Togo,Lomé,RETAIL,2004-02-01,0.19,Kg,4d715bff-fa36-4c52-bae7-9bee18a64e92
Gari,Togo,Amegnran,RETAIL,2004-03-01,0.14,Kg,4146c47d-0b06-41bb-8dc4-ced51ab4b3e2
Gari,Togo,Anie,RETAIL,2004-03-01,0.13,Kg,c1052c56-2741-4cab-aedf-6873f94f0719
Gari,Togo,Cinkassé,RETAIL,2004-03-01,0.26,Kg,751a447d-34fe-48af-b8a1-3687eff7135b
Gari,Togo,Kara,RETAIL,2004-03-01,0.15,Kg,8974b9f3-192d-45fc-84c4-1eec01ed2af2
Gari,Togo,Korbongou,RETAIL,2004-03-01,0.24,Kg,888efb39-5cce-4d4a-b9b5-219ffc99a7e8
Gari,Togo,Lomé,RETAIL,2004-03-01,0.17,Kg,4d715bff-fa36-4c52-bae7-9bee18a64e92
Gari,Togo,Amegnran,RETAIL,2004-04-01,0.12,Kg,4146c47d-0b06-41bb-8dc4-ced51ab4b3e2
Gari,Togo,Anie,RETAIL,2004-04-01,0.15,Kg,c1052c56-2741-4cab-aedf-6873f94f0719
Gari,Togo,Cinkassé,RETAIL,2004-04-01,0.25,Kg,751a447d-34fe-48af-b8a1-3687eff7135b
Gari,Togo,Kara,RETAIL,2004-04-01,0.14,Kg,8974b9f3-192d-45fc-84c4-1eec01ed2af2
Gari,Togo,Korbongou,RETAIL,2004-04-01,0.21,Kg,888efb39-5cce-4d4a-b9b5-219ffc99a7e8
Gari,Togo,Lomé,RETAIL,2004-04-01,0.21,Kg,4d715bff-fa36-4c52-bae7-9bee18a64e92
Gari,Togo,Amegnran,RETAIL,2004-05-01,0.18,Kg,4146c47d-0b06-41bb-8dc4-ced51ab4b3e2
Gari,Togo,Anie,RETAIL,2004-05-01,0.18,Kg,c1052c56-2741-4cab-aedf-6873f94f0719
Gari,Togo,Cinkassé,RETAIL,2004-05-01,0.2,Kg,751a447d-34fe-48af-b8a1-3687eff7135b
Gari,Togo,Kara,RETAIL,2004-05-01,0.14,Kg,8974b9f3-192d-45fc-84c4-1eec01ed2af2
Gari,Togo,Korbongou,RETAIL,2004-05-01,0.21,Kg,888efb39-5cce-4d4a-b9b5-219ffc99a7e8
Gari,Togo,Lomé,RETAIL,2004-05-01,0.26,Kg,4d715bff-fa36-4c52-bae7-9bee18a64e92
Gari,Togo,Amegnran,RETAIL,2004-06-01,0.18,Kg,4146c47d-0b06-41bb-8dc4-ced51ab4b3e2
Gari,Togo,Anie,RETAIL,2004-06-01,0.22,Kg,c1052c56-2741-4cab-aedf-6873f94f0719
Gari,Togo,Cinkassé,RETAIL,2004-06-01,0.2,Kg,751a447d-34fe-48af-b8a1-3687eff7135b
Gari,Togo,Kara,RETAIL,2004-06-01,0.19,Kg,8974b9f3-192d-45fc-84c4-1eec01ed2af2
Gari,Togo,Korbongou,RETAIL,2004-06-01,0.21,Kg,888efb39-5cce-4d4a-b9b5-219ffc99a7e8
Gari,Togo,Lomé,RETAIL,2004-06-01,0.24,Kg,4d715bff-fa36-4c52-bae7-9bee18a64e92
Gari,Togo,Amegnran,RETAIL,2004-07-01,0.21,Kg,4146c47d-0b06-41bb-8dc4-ced51ab4b3e2
Gari,Togo,Anie,RETAIL,2004-07-01,0.19,Kg,c1052c56-2741-4cab-aedf-6873f94f0719
Gari,Togo,Cinkassé,RETAIL,2004-07-01,0.23,Kg,751a447d-34fe-48af-b8a1-3687eff7135b
Gari,Togo,Kara,RETAIL,2004-07-01,0.19,Kg,8974b9f3-192d-45fc-84c4-1eec01ed2af2
Gari,Togo,Korbongou,RETAIL,2004-07-01,0.23,Kg,888efb39-5cce-4d4a-b9b5-219ffc99a7e8
Gari,Togo,Lomé,RETAIL,2004-07-01,0.27,Kg,4d715bff-fa36-4c52-bae7-9bee18a64e92
Gari,Togo,Amegnran,RETAIL,2004-08-01,0.3,Kg,4146c47d-0b06-41bb-8dc4-ced51ab4b3e2
Gari,Togo,Anie,RETAIL,2004-08-01,0.2,Kg,c1052c56-2741-4cab-aedf-6873f94f0719
Gari,Togo,Cinkassé,RETAIL,2004-08-01,0.23,Kg,751a447d-34fe-48af-b8a1-3687eff7135b
Gari,Togo,Kara,RETAIL,2004-08-01,0.2,Kg,8974b9f3-192d-45fc-84c4-1eec01ed2af2
Gari,Togo,Korbongou,RETAIL,2004-08-01,0.23,Kg,888efb39-5cce-4d4a-b9b5-219ffc99a7e8
Gari,Togo,Lomé,RETAIL,2004-08-01,0.27,Kg,4d715bff-fa36-4c52-bae7-9bee18a64e92
Gari,Togo,Amegnran,RETAIL,2004-09-01,0.31,Kg,4146c47d-0b06-41bb-8dc4-ced51ab4b3e2
Gari,Togo,Anie,RETAIL,2004-09-01,0.21,Kg,c1052c56-2741-4cab-aedf-6873f94f0719
Gari,Togo,Cinkassé,RETAIL,2004-09-01,0.24,Kg,751a447d-34fe-48af-b8a1-3687eff7135b
Gari,Togo,Kara,RETAIL,2004-09-01,0.22,Kg,8974b9f3-192d-45fc-84c4-1eec01ed2af2
Gari,Togo,Korbongou,RETAIL,2004-09-01,0.24,Kg,888efb39-5cce-4d4a-b9b5-219ffc99a7e8
Gari,Togo,Lomé,RETAIL,2004-09-01,0.27,Kg,4d715bff-fa36-4c52-bae7-9bee18a64e92
Gari,Togo,Amegnran,RETAIL,2004-10-01,0.27,Kg,4146c47d-0b06-41bb-8dc4-ced51ab4b3e2
Gari,Togo,Anie,RETAIL,2004-10-01,0.22,Kg,c1052c56-2741-4cab-aedf-6873f94f0719
Gari,Togo,Cinkassé,RETAIL,2004-10-01,0.24,Kg,751a447d-34fe-48af-b8a1-3687eff7135b
Gari,Togo,Kara,RETAIL,2004-10-01,0.19,Kg,8974b9f3-192d-45fc-84c4-1eec01ed2af2
Gari,Togo,Korbongou,RETAIL,2004-10-01,0.24,Kg,888efb39-5cce-4d4a-b9b5-219ffc99a7e8
Gari,Togo,Lomé,RETAIL,2004-10-01,0.26,Kg,4d715bff-fa36-4c52-bae7-9bee18a64e92
Gari,Togo,Amegnran,RETAIL,2004-11-01,0.3,Kg,4146c47d-0b06-41bb-8dc4-ced51ab4b3e2
Gari,Togo,Anie,RETAIL,2004-11-01,0.24,Kg,c1052c56-2741-4cab-aedf-6873f94f0719
Gari,Togo,Cinkassé,RETAIL,2004-11-01,0.26,Kg,751a447d-34fe-48af-b8a1-3687eff7135b
Gari,Togo,Kara,RETAIL,2004-11-01,0.19,Kg,8974b9f3-192d-45fc-84c4-1eec01ed2af2
Gari,Togo,Korbongou,RETAIL,2004-11-01,0.26,Kg,888efb39-5cce-4d4a-b9b5-219ffc99a7e8
Gari,Togo,Lomé,RETAIL,2004-11-01,0.27,Kg,4d715bff-fa36-4c52-bae7-9bee18a64e92
Gari,Togo,Amegnran,RETAIL,2004-12-01,0.32,Kg,4146c47d-0b06-41bb-8dc4-ced51ab4b3e2
Gari,Togo,Anie,RETAIL,2004-12-01,0.31,Kg,c1052c56-2741-4cab-aedf-6873f94f0719
Gari,Togo,Cinkassé,RETAIL,2004-12-01,0.27,Kg,751a447d-34fe-48af-b8a1-3687eff7135b
Gari,Togo,Kara,RETAIL,2004-12-01,0.26,Kg,8974b9f3-192d-45fc-84c4-1eec01ed2af2
Gari,Togo,Korbongou,RETAIL,2004-12-01,0.28,Kg,888efb39-5cce-4d4a-b9b5-219ffc99a7e8
Gari,Togo,Lomé,RETAIL,2004-12-01,0.37,Kg,4d715bff-fa36-4c52-bae7-9bee18a64e92
Gari,Togo,Amegnran,RETAIL,2005-01-01,0.34,Kg,4146c47d-0b06-41bb-8dc4-ced51ab4b3e2
Gari,Togo,Anie,RETAIL,2005-01-01,0.33,Kg,c1052c56-2741-4cab-aedf-6873f94f0719
Gari,Togo,Cinkassé,RETAIL,2005-01-01,0.27,Kg,751a447d-34fe-48af-b8a1-3687eff7135b
Gari,Togo,Kara,RETAIL,2005-01-01,0.24,Kg,8974b9f3-192d-45fc-84c4-1eec01ed2af2
Gari,Togo,Korbongou,RETAIL,2005-01-01,0.27,Kg,888efb39-5cce-4d4a-b9b5-219ffc99a7e8
Gari,Togo,Lomé,RETAIL,2005-01-01,0.37,Kg,4d715bff-fa36-4c52-bae7-9bee18a64e92
Gari,Togo,Amegnran,RETAIL,2005-02-01,0.33,Kg,4146c47d-0b06-41bb-8dc4-ced51ab4b3e2
Gari,Togo,Anie,RETAIL,2005-02-01,0.3,Kg,c1052c56-2741-4cab-aedf-6873f94f0719
Gari,Togo,Cinkassé,RETAIL,2005-02-01,0.28,Kg,751a447d-34fe-48af-b8a1-3687eff7135b
Gari,Togo,Kara,RETAIL,2005-02-01,0.25,Kg,8974b9f3-192d-45fc-84c4-1eec01ed2af2
Gari,Togo,Korbongou,RETAIL,2005-02-01,0.27,Kg,888efb39-5cce-4d4a-b9b5-219ffc99a7e8
Gari,Togo,Lomé,RETAIL,2005-02-01,0.34,Kg,4d715bff-fa36-4c52-bae7-9bee18a64e92
Gari,Togo,Amegnran,RETAIL,2005-03-01,0.32,Kg,4146c47d-0b06-41bb-8dc4-ced51ab4b3e2
Gari,Togo,Anie,RETAIL,2005-03-01,0.33,Kg,c1052c56-2741-4cab-aedf-6873f94f0719
Gari,Togo,Cinkassé,RETAIL,2005-03-01,0.34,Kg,751a447d-34fe-48af-b8a1-3687eff7135b
Gari,Togo,Kara,RETAIL,2005-03-01,0.26,Kg,8974b9f3-192d-45fc-84c4-1eec01ed2af2
Gari,Togo,Korbongou,RETAIL,2005-03-01,0.26,Kg,888efb39-5cce-4d4a-b9b5-219ffc99a7e8
Gari,Togo,Lomé,RETAIL,2005-03-01,0.36,Kg,4d715bff-fa36-4c52-bae7-9bee18a64e92
Gari,Togo,Amegnran,RETAIL,2005-04-01,0.31,Kg,4146c47d-0b06-41bb-8dc4-ced51ab4b3e2
Gari,Togo,Anie,RETAIL,2005-04-01,0.38,Kg,c1052c56-2741-4cab-aedf-6873f94f0719
Gari,Togo,Cinkassé,RETAIL,2005-04-01,0.33,Kg,751a447d-34fe-48af-b8a1-3687eff7135b
Gari,Togo,Kara,RETAIL,2005-04-01,0.28,Kg,8974b9f3-192d-45fc-84c4-1eec01ed2af2
Gari,Togo,Korbongou,RETAIL,2005-04-01,0.28,Kg,888efb39-5cce-4d4a-b9b5-219ffc99a7e8
Gari,Togo,Lomé,RETAIL,2005-04-01,0.43,Kg,4d715bff-fa36-4c52-bae7-9bee18a64e92
Gari,Togo,Amegnran,RETAIL,2005-05-01,0.42,Kg,4146c47d-0b06-41bb-8dc4-ced51ab4b3e2
Gari,Togo,Anie,RETAIL,2005-05-01,0.39,Kg,c1052c56-2741-4cab-aedf-6873f94f0719
Gari,Togo,Cinkassé,RETAIL,2005-05-01,0.36,Kg,751a447d-34fe-48af-b8a1-3687eff7135b
Gari,Togo,Kara,RETAIL,2005-05-01,0.38,Kg,8974b9f3-192d-45fc-84c4-1eec01ed2af2
Gari,Togo,Korbongou,RETAIL,2005-05-01,0.39,Kg,888efb39-5cce-4d4a-b9b5-219ffc99a7e8
Gari,Togo,Lomé,RETAIL,2005-05-01,0.49,Kg,4d715bff-fa36-4c52-bae7-9bee18a64e92
Gari,Togo,Amegnran,RETAIL,2005-06-01,0.37,Kg,4146c47d-0b06-41bb-8dc4-ced51ab4b3e2
Gari,Togo,Anie,RETAIL,2005-06-01,0.37,Kg,c1052c56-2741-4cab-aedf-6873f94f0719
Gari,Togo,Cinkassé,RETAIL,2005-06-01,0.42,Kg,751a447d-34fe-48af-b8a1-3687eff7135b
Gari,Togo,Kara,RETAIL,2005-06-01,0.38,Kg,8974b9f3-192d-45fc-84c4-1eec01ed2af2
Gari,Togo,Korbongou,RETAIL,2005-06-01,0.41,Kg,888efb39-5cce-4d4a-b9b5-219ffc99a7e8
Gari,Togo,Lomé,RETAIL,2005-06-01,0.5,Kg,4d715bff-fa36-4c52-bae7-9bee18a64e92
Gari,Togo,Amegnran,RETAIL,2005-07-01,0.46,Kg,4146c47d-0b06-41bb-8dc4-ced51ab4b3e2
Gari,Togo,Anie,RETAIL,2005-07-01,0.52,Kg,c1052c56-2741-4cab-aedf-6873f94f0719
Gari,Togo,Cinkassé,RETAIL,2005-07-01,0.51,Kg,751a447d-34fe-48af-b8a1-3687eff7135b
Gari,Togo,Kara,RETAIL,2005-07-01,0.42,Kg,8974b9f3-192d-45fc-84c4-1eec01ed2af2
Gari,Togo,Korbongou,RETAIL,2005-07-01,0.45,Kg,888efb39-5cce-4d4a-b9b5-219ffc99a7e8
Gari,Togo,Lomé,RETAIL,2005-07-01,0.53,Kg,4d715bff-fa36-4c52-bae7-9bee18a64e92
Gari,Togo,Amegnran,RETAIL,2005-08-01,0.45,Kg,4146c47d-0b06-41bb-8dc4-ced51ab4b3e2
Gari,Togo,Anie,RETAIL,2005-08-01,0.43,Kg,c1052c56-2741-4cab-aedf-6873f94f0719
Gari,Togo,Cinkassé,RETAIL,2005-08-01,0.47,Kg,751a447d-34fe-48af-b8a1-3687eff7135b
Gari,Togo,Kara,RETAIL,2005-08-01,0.43,Kg,8974b9f3-192d-45fc-84c4-1eec01ed2af2
Gari,Togo,Korbongou,RETAIL,2005-08-01,0.44,Kg,888efb39-5cce-4d4a-b9b5-219ffc99a7e8
Gari,Togo,Lomé,RETAIL,2005-08-01,0.5,Kg,4d715bff-fa36-4c52-bae7-9bee18a64e92
Gari,Togo,Amegnran,RETAIL,2005-09-01,0.46,Kg,4146c47d-0b06-41bb-8dc4-ced51ab4b3e2
Gari,Togo,Anie,RETAIL,2005-09-01,0.48,Kg,c1052c56-2741-4cab-aedf-6873f94f0719
Gari,Togo,Cinkassé,RETAIL,2005-09-01,0.45,Kg,751a447d-34fe-48af-b8a1-3687eff7135b
Gari,Togo,Kara,RETAIL,2005-09-01,0.33,Kg,8974b9f3-192d-45fc-84c4-1eec01ed2af2
Gari,Togo,Korbongou,RETAIL,2005-09-01,0.38,Kg,888efb39-5cce-4d4a-b9b5-219ffc99a7e8
Gari,Togo,Lomé,RETAIL,2005-09-01,0.44,Kg,4d715bff-fa36-4c52-bae7-9bee18a64e92
Gari,Togo,Amegnran,RETAIL,2005-10-01,0.35,Kg,4146c47d-0b06-41bb-8dc4-ced51ab4b3e2
Gari,Togo,Anie,RETAIL,2005-10-01,0.35,Kg,c1052c56-2741-4cab-aedf-6873f94f0719
Gari,Togo,Cinkassé,RETAIL,2005-10-01,0.45,Kg,751a447d-34fe-48af-b8a1-3687eff7135b
Gari,Togo,Kara,RETAIL,2005-10-01,0.37,Kg,8974b9f3-192d-45fc-84c4-1eec01ed2af2
Gari,Togo,Korbongou,RETAIL,2005-10-01,0.44,Kg,888efb39-5cce-4d4a-b9b5-219ffc99a7e8
Gari,Togo,Lomé,RETAIL,2005-10-01,0.51,Kg,4d715bff-fa36-4c52-bae7-9bee18a64e92
Gari,Togo,Amegnran,RETAIL,2005-11-01,0.3,Kg,4146c47d-0b06-41bb-8dc4-ced51ab4b3e2
Gari,Togo,Anie,RETAIL,2005-11-01,0.29,Kg,c1052c56-2741-4cab-aedf-6873f94f0719
Gari,Togo,Cinkassé,RETAIL,2005-11-01,0.45,Kg,751a447d-34fe-48af-b8a1-3687eff7135b
Gari,Togo,Kara,RETAIL,2005-11-01,0.35,Kg,8974b9f3-192d-45fc-84c4-1eec01ed2af2
Gari,Togo,Korbongou,RETAIL,2005-11-01,0.44,Kg,888efb39-5cce-4d4a-b9b5-219ffc99a7e8
Gari,Togo,Lomé,RETAIL,2005-11-01,0.48,Kg,4d715bff-fa36-4c52-bae7-9bee18a64e92
Gari,Togo,Amegnran,RETAIL,2005-12-01,0.33,Kg,4146c47d-0b06-41bb-8dc4-ced51ab4b3e2
Gari,Togo,Anie,RETAIL,2005-12-01,0.36,Kg,c1052c56-2741-4cab-aedf-6873f94f0719
Gari,Togo,Cinkassé,RETAIL,2005-12-01,0.45,Kg,751a447d-34fe-48af-b8a1-3687eff7135b
Gari,Togo,Kara,RETAIL,2005-12-01,0.35,Kg,8974b9f3-192d-45fc-84c4-1eec01ed2af2
Gari,Togo,Korbongou,RETAIL,2005-12-01,0.45,Kg,888efb39-5cce-4d4a-b9b5-219ffc99a7e8
Gari,Togo,Lomé,RETAIL,2005-12-01,0.48,Kg,4d715bff-fa36-4c52-bae7-9bee18a64e92
Gari,Togo,Amegnran,RETAIL,2006-01-01,0.25,Kg,4146c47d-0b06-41bb-8dc4-ced51ab4b3e2
Gari,Togo,Anie,RETAIL,2006-01-01,0.33,Kg,c1052c56-2741-4cab-aedf-6873f94f0719
Gari,Togo,Cinkassé,RETAIL,2006-01-01,0.46,Kg,751a447d-34fe-48af-b8a1-3687eff7135b
Gari,Togo,Kara,RETAIL,2006-01-01,0.39,Kg,8974b9f3-192d-45fc-84c4-1eec01ed2af2
Gari,Togo,Korbongou,RETAIL,2006-01-01,0.48,Kg,888efb39-5cce-4d4a-b9b5-219ffc99a7e8
Gari,Togo,Lomé,RETAIL,2006-01-01,0.29,Kg,4d715bff-fa36-4c52-bae7-9bee18a64e92
Gari,Togo,Amegnran,RETAIL,2006-02-01,0.39,Kg,4146c47d-0b06-41bb-8dc4-ced51ab4b3e2
Gari,Togo,Anie,RETAIL,2006-02-01,0.35,Kg,c1052c56-2741-4cab-aedf-6873f94f0719
Gari,Togo,Cinkassé,RETAIL,2006-02-01,0.46,Kg,751a447d-34fe-48af-b8a1-3687eff7135b
Gari,Togo,Kara,RETAIL,2006-02-01,0.46,Kg,8974b9f3-192d-45fc-84c4-1eec01ed2af2
Gari,Togo,Korbongou,RETAIL,2006-02-01,0.44,Kg,888efb39-5cce-4d4a-b9b5-219ffc99a7e8
Gari,Togo,Lomé,RETAIL,2006-02-01,0.28,Kg,4d715bff-fa36-4c52-bae7-9bee18a64e92
Gari,Togo,Amegnran,RETAIL,2006-03-01,0.23,Kg,4146c47d-0b06-41bb-8dc4-ced51ab4b3e2
Gari,Togo,Anie,RETAIL,2006-03-01,0.4,Kg,c1052c56-2741-4cab-aedf-6873f94f0719
Gari,Togo,Cinkassé,RETAIL,2006-03-01,0.45,Kg,751a447d-34fe-48af-b8a1-3687eff7135b
Gari,Togo,Kara,RETAIL,2006-03-01,0.42,Kg,8974b9f3-192d-45fc-84c4-1eec01ed2af2
Gari,Togo,Korbongou,RETAIL,2006-03-01,0.43,Kg,888efb39-5cce-4d4a-b9b5-219ffc99a7e8
Gari,Togo,Lomé,RETAIL,2006-03-01,0.29,Kg,4d715bff-fa36-4c52-bae7-9bee18a64e92
Gari,Togo,Amegnran,RETAIL,2006-04-01,0.25,Kg,4146c47d-0b06-41bb-8dc4-ced51ab4b3e2
Gari,Togo,Anie,RETAIL,2006-04-01,0.33,Kg,c1052c56-2741-4cab-aedf-6873f94f0719
Gari,Togo,Cinkassé,RETAIL,2006-04-01,0.49,Kg,751a447d-34fe-48af-b8a1-3687eff7135b
Gari,Togo,Kara,RETAIL,2006-04-01,0.39,Kg,8974b9f3-192d-45fc-84c4-1eec01ed2af2
Gari,Togo,Korbongou,RETAIL,2006-04-01,0.53,Kg,888efb39-5cce-4d4a-b9b5-219ffc99a7e8
Gari,Togo,Lomé,RETAIL,2006-04-01,0.35,Kg,4d715bff-fa36-4c52-bae7-9bee18a64e92
Gari,Togo,Amegnran,RETAIL,2006-05-01,0.33,Kg,4146c47d-0b06-41bb-8dc4-ced51ab4b3e2
Gari,Togo,Anie,RETAIL,2006-05-01,0.3,Kg,c1052c56-2741-4cab-aedf-6873f94f0719
Gari,Togo,Cinkassé,RETAIL,2006-05-01,0.48,Kg,751a447d-34fe-48af-b8a1-3687eff7135b
Gari,Togo,Kara,RETAIL,2006-05-01,0.49,Kg,8974b9f3-192d-45fc-84c4-1eec01ed2af2
Gari,Togo,Korbongou,RETAIL,2006-05-01,0.47,Kg,888efb39-5cce-4d4a-b9b5-219ffc99a7e8
Gari,Togo,Lomé,RETAIL,2006-05-01,0.41,Kg,4d715bff-fa36-4c52-bae7-9bee18a64e92
Gari,Togo,Amegnran,RETAIL,2006-06-01,0.3,Kg,4146c47d-0b06-41bb-8dc4-ced51ab4b3e2
Gari,Togo,Anie,RETAIL,2006-06-01,0.32,Kg,c1052c56-2741-4cab-aedf-6873f94f0719
Gari,Togo,Cinkassé,RETAIL,2006-06-01,0.49,Kg,751a447d-34fe-48af-b8a1-3687eff7135b
Gari,Togo,Kara,RETAIL,2006-06-01,0.35,Kg,8974b9f3-192d-45fc-84c4-1eec01ed2af2
Gari,Togo,Korbongou,RETAIL,2006-06-01,0.49,Kg,888efb39-5cce-4d4a-b9b5-219ffc99a7e8
Gari,Togo,Lomé,RETAIL,2006-06-01,0.43,Kg,4d715bff-fa36-4c52-bae7-9bee18a64e92
Gari,Togo,Amegnran,RETAIL,2006-07-01,0.31,Kg,4146c47d-0b06-41bb-8dc4-ced51ab4b3e2
Gari,Togo,Anie,RETAIL,2006-07-01,0.33,Kg,c1052c56-2741-4cab-aedf-6873f94f0719
Gari,Togo,Cinkassé,RETAIL,2006-07-01,0.45,Kg,751a447d-34fe-48af-b8a1-3687eff7135b
Gari,Togo,Kara,RETAIL,2006-07-01,0.41,Kg,8974b9f3-192d-45fc-84c4-1eec01ed2af2
Gari,Togo,Korbongou,RETAIL,2006-07-01,0.47,Kg,888efb39-5cce-4d4a-b9b5-219ffc99a7e8
Gari,Togo,Lomé,RETAIL,2006-07-01,0.46,Kg,4d715bff-fa36-4c52-bae7-9bee18a64e92
Gari,Togo,Amegnran,RETAIL,2006-08-01,0.32,Kg,4146c47d-0b06-41bb-8dc4-ced51ab4b3e2
Gari,Togo,Anie,RETAIL,2006-08-01,0.36,Kg,c1052c56-2741-4cab-aedf-6873f94f0719
Gari,Togo,Cinkassé,RETAIL,2006-08-01,0.52,Kg,751a447d-34fe-48af-b8a1-3687eff7135b
Gari,Togo,Kara,RETAIL,2006-08-01,0.36,Kg,8974b9f3-192d-45fc-84c4-1eec01ed2af2
Gari,Togo,Korbongou,RETAIL,2006-08-01,0.48,Kg,888efb39-5cce-4d4a-b9b5-219ffc99a7e8
Gari,Togo,Lomé,RETAIL,2006-08-01,0.44,Kg,4d715bff-fa36-4c52-bae7-9bee18a64e92
Gari,Togo,Amegnran,RETAIL,2006-09-01,0.36,Kg,4146c47d-0b06-41bb-8dc4-ced51ab4b3e2
Gari,Togo,Anie,RETAIL,2006-09-01,0.3,Kg,c1052c56-2741-4cab-aedf-6873f94f0719
Gari,Togo,Cinkassé,RETAIL,2006-09-01,0.5,Kg,751a447d-34fe-48af-b8a1-3687eff7135b
Gari,Togo,Kara,RETAIL,2006-09-01,0.34,Kg,8974b9f3-192d-45fc-84c4-1eec01ed2af2
Gari,Togo,Korbongou,RETAIL,2006-09-01,0.49,Kg,888efb39-5cce-4d4a-b9b5-219ffc99a7e8
Gari,Togo,Lomé,RETAIL,2006-09-01,0.43,Kg,4d715bff-fa36-4c52-bae7-9bee18a64e92
Gari,Togo,Amegnran,RETAIL,2006-10-01,0.29,Kg,4146c47d-0b06-41bb-8dc4-ced51ab4b3e2
Gari,Togo,Anie,RETAIL,2006-10-01,0.35,Kg,c1052c56-2741-4cab-aedf-6873f94f0719
Gari,Togo,Cinkassé,RETAIL,2006-10-01,0.51,Kg,751a447d-34fe-48af-b8a1-3687eff7135b
Gari,Togo,Kara,RETAIL,2006-10-01,0.35,Kg,8974b9f3-192d-45fc-84c4-1eec01ed2af2
Gari,Togo,Korbongou,RETAIL,2006-10-01,0.49,Kg,888efb39-5cce-4d4a-b9b5-219ffc99a7e8
Gari,Togo,Lomé,RETAIL,2006-10-01,0.41,Kg,4d715bff-fa36-4c52-bae7-9bee18a64e92
Gari,Togo,Amegnran,RETAIL,2006-11-01,0.28,Kg,4146c47d-0b06-41bb-8dc4-ced51ab4b3e2
Gari,Togo,Anie,RETAIL,2006-11-01,0.33,Kg,c1052c56-2741-4cab-aedf-6873f94f0719
Gari,Togo,Cinkassé,RETAIL,2006-11-01,0.52,Kg,751a447d-34fe-48af-b8a1-3687eff7135b
Gari,Togo,Kara,RETAIL,2006-11-01,0.38,Kg,8974b9f3-192d-45fc-84c4-1eec01ed2af2
Gari,Togo,Korbongou,RETAIL,2006-11-01,0.5,Kg,888efb39-5cce-4d4a-b9b5-219ffc99a7e8
Gari,Togo,Lomé,RETAIL,2006-11-01,0.38,Kg,4d715bff-fa36-4c52-bae7-9bee18a64e92
Gari,Togo,Amegnran,RETAIL,2006-12-01,0.25,Kg,4146c47d-0b06-41bb-8dc4-ced51ab4b3e2
Gari,Togo,Anie,RETAIL,2006-12-01,0.31,Kg,c1052c56-2741-4cab-aedf-6873f94f0719
Gari,Togo,Cinkassé,RETAIL,2006-12-01,0.54,Kg,751a447d-34fe-48af-b8a1-3687eff7135b
Gari,Togo,Kara,RETAIL,2006-12-01,0.4,Kg,8974b9f3-192d-45fc-84c4-1eec01ed2af2
Gari,Togo,Korbongou,RETAIL,2006-12-01,0.52,Kg,888efb39-5cce-4d4a-b9b5-219ffc99a7e8
Gari,Togo,Lomé,RETAIL,2006-12-01,0.38,Kg,4d715bff-fa36-4c52-bae7-9bee18a64e92
Gari,Togo,Amegnran,RETAIL,2007-01-01,0.2,Kg,4146c47d-0b06-41bb-8dc4-ced51ab4b3e2
Gari,Togo,Anie,RETAIL,2007-01-01,0.3,Kg,c1052c56-2741-4cab-aedf-6873f94f0719
Gari,Togo,Cinkassé,RETAIL,2007-01-01,0.47,Kg,751a447d-34fe-48af-b8a1-3687eff7135b
Gari,Togo,Kara,RETAIL,2007-01-01,0.29,Kg,8974b9f3-192d-45fc-84c4-1eec01ed2af2
Gari,Togo,Korbongou,RETAIL,2007-01-01,0.53,Kg,888efb39-5cce-4d4a-b9b5-219ffc99a7e8
Gari,Togo,Lomé,RETAIL,2007-01-01,0.31,Kg,4d715bff-fa36-4c52-bae7-9bee18a64e92
Gari,Togo,Amegnran,RETAIL,2007-02-01,0.23,Kg,4146c47d-0b06-41bb-8dc4-ced51ab4b3e2
Gari,Togo,Anie,RETAIL,2007-02-01,0.28,Kg,c1052c56-2741-4cab-aedf-6873f94f0719
Gari,Togo,Cinkassé,RETAIL,2007-02-01,0.51,Kg,751a447d-34fe-48af-b8a1-3687eff7135b
Gari,Togo,Kara,RETAIL,2007-02-01,0.3,Kg,8974b9f3-192d-45fc-84c4-1eec01ed2af2
Gari,Togo,Korbongou,RETAIL,2007-02-01,0.48,Kg,888efb39-5cce-4d4a-b9b5-219ffc99a7e8
Gari,Togo,Lomé,RETAIL,2007-02-01,0.36,Kg,4d715bff-fa36-4c52-bae7-9bee18a64e92
Gari,Togo,Amegnran,RETAIL,2007-03-01,0.2,Kg,4146c47d-0b06-41bb-8dc4-ced51ab4b3e2
Gari,Togo,Anie,RETAIL,2007-03-01,0.43,Kg,c1052c56-2741-4cab-aedf-6873f94f0719
Gari,Togo,Cinkassé,RETAIL,2007-03-01,0.48,Kg,751a447d-34fe-48af-b8a1-3687eff7135b
Gari,Togo,Kara,RETAIL,2007-03-01,0.27,Kg,8974b9f3-192d-45fc-84c4-1eec01ed2af2
Gari,Togo,Korbongou,RETAIL,2007-03-01,0.48,Kg,888efb39-5cce-4d4a-b9b5-219ffc99a7e8
Gari,Togo,Lomé,RETAIL,2007-03-01,0.35,Kg,4d715bff-fa36-4c52-bae7-9bee18a64e92
Gari,Togo,Amegnran,RETAIL,2007-04-01,0.17,Kg,4146c47d-0b06-41bb-8dc4-ced51ab4b3e2
Gari,Togo,Anie,RETAIL,2007-04-01,0.44,Kg,c1052c56-2741-4cab-aedf-6873f94f0719
Gari,Togo,Cinkassé,RETAIL,2007-04-01,0.46,Kg,751a447d-34fe-48af-b8a1-3687eff7135b
Gari,Togo,Kara,RETAIL,2007-04-01,0.3,Kg,8974b9f3-192d-45fc-84c4-1eec01ed2af2
Gari,Togo,Korbongou,RETAIL,2007-04-01,0.49,Kg,888efb39-5cce-4d4a-b9b5-219ffc99a7e8
Gari,Togo,Lomé,RETAIL,2007-04-01,0.34,Kg,4d715bff-fa36-4c52-bae7-9bee18a64e92
Gari,Togo,Amegnran,RETAIL,2007-05-01,0.21,Kg,4146c47d-0b06-41bb-8dc4-ced51ab4b3e2
Gari,Togo,Anie,RETAIL,2007-05-01,0.37,Kg,c1052c56-2741-4cab-aedf-6873f94f0719
Gari,Togo,Cinkassé,RETAIL,2007-05-01,0.44,Kg,751a447d-34fe-48af-b8a1-3687eff7135b
Gari,Togo,Kara,RETAIL,2007-05-01,0.31,Kg,8974b9f3-192d-45fc-84c4-1eec01ed2af2
Gari,Togo,Korbongou,RETAIL,2007-05-01,0.48,Kg,888efb39-5cce-4d4a-b9b5-219ffc99a7e8
Gari,Togo,Lomé,RETAIL,2007-05-01,0.33,Kg,4d715bff-fa36-4c52-bae7-9bee18a64e92
Gari,Togo,Amegnran,RETAIL,2007-06-01,0.2,Kg,4146c47d-0b06-41bb-8dc4-ced51ab4b3e2
Gari,Togo,Anie,RETAIL,2007-06-01,0.36,Kg,c1052c56-2741-4cab-aedf-6873f94f0719
Gari,Togo,Cinkassé,RETAIL,2007-06-01,0.46,Kg,751a447d-34fe-48af-b8a1-3687eff7135b
Gari,Togo,Kara,RETAIL,2007-06-01,0.39,Kg,8974b9f3-192d-45fc-84c4-1eec01ed2af2
Gari,Togo,Korbongou,RETAIL,2007-06-01,0.54,Kg,888efb39-5cce-4d4a-b9b5-219ffc99a7e8
Gari,Togo,Lomé,RETAIL,2007-06-01,0.33,Kg,4d715bff-fa36-4c52-bae7-9bee18a64e92
Gari,Togo,Amegnran,RETAIL,2007-07-01,0.21,Kg,4146c47d-0b06-41bb-8dc4-ced51ab4b3e2
Gari,Togo,Anie,RETAIL,2007-07-01,0.27,Kg,c1052c56-2741-4cab-aedf-6873f94f0719
Gari,Togo,Cinkassé,RETAIL,2007-07-01,0.41,Kg,751a447d-34fe-48af-b8a1-3687eff7135b
Gari,Togo,Kara,RETAIL,2007-07-01,0.37,Kg,8974b9f3-192d-45fc-84c4-1eec01ed2af2
Gari,Togo,Korbongou,RETAIL,2007-07-01,0.52,Kg,888efb39-5cce-4d4a-b9b5-219ffc99a7e8
Gari,Togo,Lomé,RETAIL,2007-07-01,0.33,Kg,4d715bff-fa36-4c52-bae7-9bee18a64e92
Gari,Togo,Amegnran,RETAIL,2007-08-01,0.21,Kg,4146c47d-0b06-41bb-8dc4-ced51ab4b3e2
Gari,Togo,Anie,RETAIL,2007-08-01,0.23,Kg,c1052c56-2741-4cab-aedf-6873f94f0719
Gari,Togo,Cinkassé,RETAIL,2007-08-01,0.43,Kg,751a447d-34fe-48af-b8a1-3687eff7135b
Gari,Togo,Kara,RETAIL,2007-08-01,0.29,Kg,8974b9f3-192d-45fc-84c4-1eec01ed2af2
Gari,Togo,Korbongou,RETAIL,2007-08-01,0.46,Kg,888efb39-5cce-4d4a-b9b5-219ffc99a7e8
Gari,Togo,Lomé,RETAIL,2007-08-01,0.32,Kg,4d715bff-fa36-4c52-bae7-9bee18a64e92
Gari,Togo,Amegnran,RETAIL,2007-09-01,0.21,Kg,4146c47d-0b06-41bb-8dc4-ced51ab4b3e2
Gari,Togo,Anie,RETAIL,2007-09-01,0.23,Kg,c1052c56-2741-4cab-aedf-6873f94f0719
Gari,Togo,Cinkassé,RETAIL,2007-09-01,0.43,Kg,751a447d-34fe-48af-b8a1-3687eff7135b
Gari,Togo,Kara,RETAIL,2007-09-01,0.22,Kg,8974b9f3-192d-45fc-84c4-1eec01ed2af2
Gari,Togo,Korbongou,RETAIL,2007-09-01,0.48,Kg,888efb39-5cce-4d4a-b9b5-219ffc99a7e8
Gari,Togo,Lomé,RETAIL,2007-09-01,0.35,Kg,4d715bff-fa36-4c52-bae7-9bee18a64e92
Gari,Togo,Amegnran,RETAIL,2007-10-01,0.22,Kg,4146c47d-0b06-41bb-8dc4-ced51ab4b3e2
Gari,Togo,Anie,RETAIL,2007-10-01,0.29,Kg,c1052c56-2741-4cab-aedf-6873f94f0719
Gari,Togo,Cinkassé,RETAIL,2007-10-01,0.47,Kg,751a447d-34fe-48af-b8a1-3687eff7135b
Gari,Togo,Kara,RETAIL,2007-10-01,0.3,Kg,8974b9f3-192d-45fc-84c4-1eec01ed2af2
Gari,Togo,Korbongou,RETAIL,2007-10-01,0.49,Kg,888efb39-5cce-4d4a-b9b5-219ffc99a7e8
Gari,Togo,Lomé,RETAIL,2007-10-01,0.35,Kg,4d715bff-fa36-4c52-bae7-9bee18a64e92
Gari,Togo,Amegnran,RETAIL,2007-11-01,0.22,Kg,4146c47d-0b06-41bb-8dc4-ced51ab4b3e2
Gari,Togo,Anie,RETAIL,2007-11-01,0.26,Kg,c1052c56-2741-4cab-aedf-6873f94f0719
Gari,Togo,Cinkassé,RETAIL,2007-11-01,0.5,Kg,751a447d-34fe-48af-b8a1-3687eff7135b
Gari,Togo,Kara,RETAIL,2007-11-01,0.31,Kg,8974b9f3-192d-45fc-84c4-1eec01ed2af2
Gari,Togo,Korbongou,RETAIL,2007-11-01,0.51,Kg,888efb39-5cce-4d4a-b9b5-219ffc99a7e8
Gari,Togo,Lomé,RETAIL,2007-11-01,0.36,Kg,4d715bff-fa36-4c52-bae7-9bee18a64e92
Gari,Togo,Amegnran,RETAIL,2007-12-01,0.26,Kg,4146c47d-0b06-41bb-8dc4-ced51ab4b3e2
Gari,Togo,Anie,RETAIL,2007-12-01,0.26,Kg,c1052c56-2741-4cab-aedf-6873f94f0719
Gari,Togo,Cinkassé,RETAIL,2007-12-01,0.47,Kg,751a447d-34fe-48af-b8a1-3687eff7135b
Gari,Togo,Kara,RETAIL,2007-12-01,0.32,Kg,8974b9f3-192d-45fc-84c4-1eec01ed2af2
Gari,Togo,Korbongou,RETAIL,2007-12-01,0.4,Kg,888efb39-5cce-4d4a-b9b5-219ffc99a7e8
Gari,Togo,Lomé,RETAIL,2007-12-01,0.36,Kg,4d715bff-fa36-4c52-bae7-9bee18a64e92
Gari,Togo,Amegnran,RETAIL,2008-01-01,0.22,Kg,4146c47d-0b06-41bb-8dc4-ced51ab4b3e2
Gari,Togo,Anie,RETAIL,2008-01-01,0.26,Kg,c1052c56-2741-4cab-aedf-6873f94f0719
Gari,Togo,Cinkassé,RETAIL,2008-01-01,0.47,Kg,751a447d-34fe-48af-b8a1-3687eff7135b
Gari,Togo,Kara,RETAIL,2008-01-01,0.31,Kg,8974b9f3-192d-45fc-84c4-1eec01ed2af2
Gari,Togo,Korbongou,RETAIL,2008-01-01,0.46,Kg,888efb39-5cce-4d4a-b9b5-219ffc99a7e8
Gari,Togo,Lomé,RETAIL,2008-01-01,0.33,Kg,4d715bff-fa36-4c52-bae7-9bee18a64e92
Gari,Togo,Amegnran,RETAIL,2008-02-01,0.22,Kg,4146c47d-0b06-41bb-8dc4-ced51ab4b3e2
Gari,Togo,Anie,RETAIL,2008-02-01,0.22,Kg,c1052c56-2741-4cab-aedf-6873f94f0719
Gari,Togo,Cinkassé,RETAIL,2008-02-01,0.45,Kg,751a447d-34fe-48af-b8a1-3687eff7135b
Gari,Togo,Kara,RETAIL,2008-02-01,0.35,Kg,8974b9f3-192d-45fc-84c4-1eec01ed2af2
Gari,Togo,Korbongou,RETAIL,2008-02-01,0.46,Kg,888efb39-5cce-4d4a-b9b5-219ffc99a7e8
Gari,Togo,Lomé,RETAIL,2008-02-01,0.35,Kg,4d715bff-fa36-4c52-bae7-9bee18a64e92
Gari,Togo,Amegnran,RETAIL,2008-03-01,0.2,Kg,4146c47d-0b06-41bb-8dc4-ced51ab4b3e2
Gari,Togo,Anie,RETAIL,2008-03-01,0.26,Kg,c1052c56-2741-4cab-aedf-6873f94f0719
Gari,Togo,Cinkassé,RETAIL,2008-03-01,0.45,Kg,751a447d-34fe-48af-b8a1-3687eff7135b
Gari,Togo,Kara,RETAIL,2008-03-01,0.28,Kg,8974b9f3-192d-45fc-84c4-1eec01ed2af2
Gari,Togo,Korbongou,RETAIL,2008-03-01,0.49,Kg,888efb39-5cce-4d4a-b9b5-219ffc99a7e8
Gari,Togo,Lomé,RETAIL,2008-03-01,0.32,Kg,4d715bff-fa36-4c52-bae7-9bee18a64e92
Gari,Togo,Amegnran,RETAIL,2008-04-01,0.2,Kg,4146c47d-0b06-41bb-8dc4-ced51ab4b3e2
Gari,Togo,Anie,RETAIL,2008-04-01,0.23,Kg,c1052c56-2741-4cab-aedf-6873f94f0719
Gari,Togo,Cinkassé,RETAIL,2008-04-01,0.46,Kg,751a447d-34fe-48af-b8a1-3687eff7135b
Gari,Togo,Kara,RETAIL,2008-04-01,0.34,Kg,8974b9f3-192d-45fc-84c4-1eec01ed2af2
Gari,Togo,Korbongou,RETAIL,2008-04-01,0.46,Kg,888efb39-5cce-4d4a-b9b5-219ffc99a7e8
Gari,Togo,Lomé,RETAIL,2008-04-01,0.32,Kg,4d715bff-fa36-4c52-bae7-9bee18a64e92
Gari,Togo,Amegnran,RETAIL,2008-05-01,0.32,Kg,4146c47d-0b06-41bb-8dc4-ced51ab4b3e2
Gari,Togo,Anie,RETAIL,2008-05-01,0.3,Kg,c1052c56-2741-4cab-aedf-6873f94f0719
Gari,Togo,Cinkassé,RETAIL,2008-05-01,0.51,Kg,751a447d-34fe-48af-b8a1-3687eff7135b
Gari,Togo,Kara,RETAIL,2008-05-01,0.37,Kg,8974b9f3-192d-45fc-84c4-1eec01ed2af2
Gari,Togo,Korbongou,RETAIL,2008-05-01,0.5,Kg,888efb39-5cce-4d4a-b9b5-219ffc99a7e8
Gari,Togo,Lomé,RETAIL,2008-05-01,0.33,Kg,4d715bff-fa36-4c52-bae7-9bee18a64e92
Gari,Togo,Amegnran,RETAIL,2008-06-01,0.32,Kg,4146c47d-0b06-41bb-8dc4-ced51ab4b3e2
Gari,Togo,Anie,RETAIL,2008-06-01,0.42,Kg,c1052c56-2741-4cab-aedf-6873f94f0719
Gari,Togo,Cinkassé,RETAIL,2008-06-01,0.49,Kg,751a447d-34fe-48af-b8a1-3687eff7135b
Gari,Togo,Kara,RETAIL,2008-06-01,0.5,Kg,8974b9f3-192d-45fc-84c4-1eec01ed2af2
Gari,Togo,Korbongou,RETAIL,2008-06-01,0.53,Kg,888efb39-5cce-4d4a-b9b5-219ffc99a7e8
Gari,Togo,Lomé,RETAIL,2008-06-01,0.38,Kg,4d715bff-fa36-4c52-bae7-9bee18a64e92
Gari,Togo,Amegnran,RETAIL,2008-07-01,0.4,Kg,4146c47d-0b06-41bb-8dc4-ced51ab4b3e2
Gari,Togo,Anie,RETAIL,2008-07-01,0.42,Kg,c1052c56-2741-4cab-aedf-6873f94f0719
Gari,Togo,Cinkassé,RETAIL,2008-07-01,0.5,Kg,751a447d-34fe-48af-b8a1-3687eff7135b
Gari,Togo,Kara,RETAIL,2008-07-01,0.47,Kg,8974b9f3-192d-45fc-84c4-1eec01ed2af2
Gari,Togo,Korbongou,RETAIL,2008-07-01,0.57,Kg,888efb39-5cce-4d4a-b9b5-219ffc99a7e8
Gari,Togo,Lomé,RETAIL,2008-07-01,0.45,Kg,4d715bff-fa36-4c52-bae7-9bee18a64e92
Gari,Togo,Amegnran,RETAIL,2008-08-01,0.38,Kg,4146c47d-0b06-41bb-8dc4-ced51ab4b3e2
Gari,Togo,Anie,RETAIL,2008-08-01,0.39,Kg,c1052c56-2741-4cab-aedf-6873f94f0719
Gari,Togo,Cinkassé,RETAIL,2008-08-01,0.5,Kg,751a447d-34fe-48af-b8a1-3687eff7135b
Gari,Togo,Kara,RETAIL,2008-08-01,0.46,Kg,8974b9f3-192d-45fc-84c4-1eec01ed2af2
Gari,Togo,Korbongou,RETAIL,2008-08-01,0.54,Kg,888efb39-5cce-4d4a-b9b5-219ffc99a7e8
Gari,Togo,Lomé,RETAIL,2008-08-01,0.55,Kg,4d715bff-fa36-4c52-bae7-9bee18a64e92
Gari,Togo,Amegnran,RETAIL,2008-09-01,0.44,Kg,4146c47d-0b06-41bb-8dc4-ced51ab4b3e2
Gari,Togo,Anie,RETAIL,2008-09-01,0.35,Kg,c1052c56-2741-4cab-aedf-6873f94f0719
Gari,Togo,Cinkassé,RETAIL,2008-09-01,0.46,Kg,751a447d-34fe-48af-b8a1-3687eff7135b
Gari,Togo,Kara,RETAIL,2008-09-01,0.41,Kg,8974b9f3-192d-45fc-84c4-1eec01ed2af2
Gari,Togo,Korbongou,RETAIL,2008-09-01,0.42,Kg,888efb39-5cce-4d4a-b9b5-219ffc99a7e8
Gari,Togo,Lomé,RETAIL,2008-09-01,0.57,Kg,4d715bff-fa36-4c52-bae7-9bee18a64e92
Gari,Togo,Amegnran,RETAIL,2008-10-01,0.47,Kg,4146c47d-0b06-41bb-8dc4-ced51ab4b3e2
Gari,Togo,Anie,RETAIL,2008-10-01,0.29,Kg,c1052c56-2741-4cab-aedf-6873f94f0719
Gari,Togo,Cinkassé,RETAIL,2008-10-01,0.44,Kg,751a447d-34fe-48af-b8a1-3687eff7135b
Gari,Togo,Kara,RETAIL,2008-10-01,0.31,Kg,8974b9f3-192d-45fc-84c4-1eec01ed2af2
Gari,Togo,Korbongou,RETAIL,2008-10-01,0.38,Kg,888efb39-5cce-4d4a-b9b5-219ffc99a7e8
Gari,Togo,Lomé,RETAIL,2008-10-01,0.45,Kg,4d715bff-fa36-4c52-bae7-9bee18a64e92
Gari,Togo,Amegnran,RETAIL,2008-11-01,0.49,Kg,4146c47d-0b06-41bb-8dc4-ced51ab4b3e2
Gari,Togo,Anie,RETAIL,2008-11-01,0.41,Kg,c1052c56-2741-4cab-aedf-6873f94f0719
Gari,Togo,Cinkassé,RETAIL,2008-11-01,0.39,Kg,751a447d-34fe-48af-b8a1-3687eff7135b
Gari,Togo,Kara,RETAIL,2008-11-01,0.31,Kg,8974b9f3-192d-45fc-84c4-1eec01ed2af2
Gari,Togo,Korbongou,RETAIL,2008-11-01,0.34,Kg,888efb39-5cce-4d4a-b9b5-219ffc99a7e8
Gari,Togo,Lomé,RETAIL,2008-11-01,0.42,Kg,4d715bff-fa36-4c52-bae7-9bee18a64e92
Gari,Togo,Amegnran,RETAIL,2008-12-01,0.48,Kg,4146c47d-0b06-41bb-8dc4-ced51ab4b3e2
Gari,Togo,Anie,RETAIL,2008-12-01,0.48,Kg,c1052c56-2741-4cab-aedf-6873f94f0719
Gari,Togo,Cinkassé,RETAIL,2008-12-01,0.48,Kg,751a447d-34fe-48af-b8a1-3687eff7135b
Gari,Togo,Kara,RETAIL,2008-12-01,0.31,Kg,8974b9f3-192d-45fc-84c4-1eec01ed2af2
Gari,Togo,Korbongou,RETAIL,2008-12-01,0.41,Kg,888efb39-5cce-4d4a-b9b5-219ffc99a7e8
Gari,Togo,Lomé,RETAIL,2008-12-01,0.52,Kg,4d715bff-fa36-4c52-bae7-9bee18a64e92
Gari,Togo,Amegnran,RETAIL,2009-01-01,0.28,Kg,4146c47d-0b06-41bb-8dc4-ced51ab4b3e2
Gari,Togo,Anie,RETAIL,2009-01-01,0.31,Kg,c1052c56-2741-4cab-aedf-6873f94f0719
Gari,Togo,Cinkassé,RETAIL,2009-01-01,0.45,Kg,751a447d-34fe-48af-b8a1-3687eff7135b
Gari,Togo,Kara,RETAIL,2009-01-01,0.34,Kg,8974b9f3-192d-45fc-84c4-1eec01ed2af2
Gari,Togo,Korbongou,RETAIL,2009-01-01,0.36,Kg,888efb39-5cce-4d4a-b9b5-219ffc99a7e8
Gari,Togo,Lomé,RETAIL,2009-01-01,0.44,Kg,4d715bff-fa36-4c52-bae7-9bee18a64e92
Gari,Togo,Amegnran,RETAIL,2009-02-01,0.19,Kg,4146c47d-0b06-41bb-8dc4-ced51ab4b3e2
Gari,Togo,Anie,RETAIL,2009-02-01,0.27,Kg,c1052c56-2741-4cab-aedf-6873f94f0719
Gari,Togo,Cinkassé,RETAIL,2009-02-01,0.44,Kg,751a447d-34fe-48af-b8a1-3687eff7135b
Gari,Togo,Kara,RETAIL,2009-02-01,0.38,Kg,8974b9f3-192d-45fc-84c4-1eec01ed2af2
Gari,Togo,Korbongou,RETAIL,2009-02-01,0.39,Kg,888efb39-5cce-4d4a-b9b5-219ffc99a7e8
Gari,Togo,Lomé,RETAIL,2009-02-01,0.43,Kg,4d715bff-fa36-4c52-bae7-9bee18a64e92
Gari,Togo,Amegnran,RETAIL,2009-03-01,0.23,Kg,4146c47d-0b06-41bb-8dc4-ced51ab4b3e2
Gari,Togo,Anie,RETAIL,2009-03-01,0.42,Kg,c1052c56-2741-4cab-aedf-6873f94f0719
Gari,Togo,Cinkassé,RETAIL,2009-03-01,0.45,Kg,751a447d-34fe-48af-b8a1-3687eff7135b
Gari,Togo,Kara,RETAIL,2009-03-01,0.39,Kg,8974b9f3-192d-45fc-84c4-1eec01ed2af2
Gari,Togo,Korbongou,RETAIL,2009-03-01,0.45,Kg,888efb39-5cce-4d4a-b9b5-219ffc99a7e8
Gari,Togo,Lomé,RETAIL,2009-03-01,0.4,Kg,4d715bff-fa36-4c52-bae7-9bee18a64e92
Gari,Togo,Amegnran,RETAIL,2009-04-01,0.27,Kg,4146c47d-0b06-41bb-8dc4-ced51ab4b3e2
Gari,Togo,Anie,RETAIL,2009-04-01,0.43,Kg,c1052c56-2741-4cab-aedf-6873f94f0719
Gari,Togo,Cinkassé,RETAIL,2009-04-01,0.44,Kg,751a447d-34fe-48af-b8a1-3687eff7135b
Gari,Togo,Kara,RETAIL,2009-04-01,0.42,Kg,8974b9f3-192d-45fc-84c4-1eec01ed2af2
Gari,Togo,Korbongou,RETAIL,2009-04-01,0.43,Kg,888efb39-5cce-4d4a-b9b5-219ffc99a7e8
Gari,Togo,Lomé,RETAIL,2009-04-01,0.46,Kg,4d715bff-fa36-4c52-bae7-9bee18a64e92
Gari,Togo,Amegnran,RETAIL,2009-05-01,0.3,Kg,4146c47d-0b06-41bb-8dc4-ced51ab4b3e2
Gari,Togo,Anie,RETAIL,2009-05-01,0.37,Kg,c1052c56-2741-4cab-aedf-6873f94f0719
Gari,Togo,Cinkassé,RETAIL,2009-05-01,0.46,Kg,751a447d-34fe-48af-b8a1-3687eff7135b
Gari,Togo,Kara,RETAIL,2009-05-01,0.44,Kg,8974b9f3-192d-45fc-84c4-1eec01ed2af2
Gari,Togo,Korbongou,RETAIL,2009-05-01,0.48,Kg,888efb39-5cce-4d4a-b9b5-219ffc99a7e8
Gari,Togo,Lomé,RETAIL,2009-05-01,0.53,Kg,4d715bff-fa36-4c52-bae7-9bee18a64e92
Gari,Togo,Amegnran,RETAIL,2009-06-01,0.32,Kg,4146c47d-0b06-41bb-8dc4-ced51ab4b3e2
Gari,Togo,Anie,RETAIL,2009-06-01,0.37,Kg,c1052c56-2741-4cab-aedf-6873f94f0719
Gari,Togo,Cinkassé,RETAIL,2009-06-01,0.53,Kg,751a447d-34fe-48af-b8a1-3687eff7135b
Gari,Togo,Kara,RETAIL,2009-06-01,0.53,Kg,8974b9f3-192d-45fc-84c4-1eec01ed2af2
Gari,Togo,Korbongou,RETAIL,2009-06-01,0.5,Kg,888efb39-5cce-4d4a-b9b5-219ffc99a7e8
Gari,Togo,Lomé,RETAIL,2009-06-01,0.69,Kg,4d715bff-fa36-4c52-bae7-9bee18a64e92
Gari,Togo,Amegnran,RETAIL,2009-07-01,0.4,Kg,4146c47d-0b06-41bb-8dc4-ced51ab4b3e2
Gari,Togo,Anie,RETAIL,2009-07-01,0.38,Kg,c1052c56-2741-4cab-aedf-6873f94f0719
Gari,Togo,Cinkassé,RETAIL,2009-07-01,0.52,Kg,751a447d-34fe-48af-b8a1-3687eff7135b
Gari,Togo,Kara,RETAIL,2009-07-01,0.49,Kg,8974b9f3-192d-45fc-84c4-1eec01ed2af2
Gari,Togo,Korbongou,RETAIL,2009-07-01,0.47,Kg,888efb39-5cce-4d4a-b9b5-219ffc99a7e8
Gari,Togo,Lomé,RETAIL,2009-07-01,0.56,Kg,4d715bff-fa36-4c52-bae7-9bee18a64e92
Gari,Togo,Amegnran,RETAIL,2009-08-01,0.42,Kg,4146c47d-0b06-41bb-8dc4-ced51ab4b3e2
Gari,Togo,Anie,RETAIL,2009-08-01,0.43,Kg,c1052c56-2741-4cab-aedf-6873f94f0719
Gari,Togo,Cinkassé,RETAIL,2009-08-01,0.49,Kg,751a447d-34fe-48af-b8a1-3687eff7135b
Gari,Togo,Kara,RETAIL,2009-08-01,0.43,Kg,8974b9f3-192d-45fc-84c4-1eec01ed2af2
Gari,Togo,Korbongou,RETAIL,2009-08-01,0.47,Kg,888efb39-5cce-4d4a-b9b5-219ffc99a7e8
Gari,Togo,Lomé,RETAIL,2009-08-01,0.62,Kg,4d715bff-fa36-4c52-bae7-9bee18a64e92
Gari,Togo,Amegnran,RETAIL,2009-09-01,0.44,Kg,4146c47d-0b06-41bb-8dc4-ced51ab4b3e2
Gari,Togo,Anie,RETAIL,2009-09-01,0.45,Kg,c1052c56-2741-4cab-aedf-6873f94f0719
Gari,Togo,Cinkassé,RETAIL,2009-09-01,0.49,Kg,751a447d-34fe-48af-b8a1-3687eff7135b
Gari,Togo,Kara,RETAIL,2009-09-01,0.42,Kg,8974b9f3-192d-45fc-84c4-1eec01ed2af2
Gari,Togo,Korbongou,RETAIL,2009-09-01,0.48,Kg,888efb39-5cce-4d4a-b9b5-219ffc99a7e8
Gari,Togo,Lomé,RETAIL,2009-09-01,0.82,Kg,4d715bff-fa36-4c52-bae7-9bee18a64e92
Gari,Togo,Amegnran,RETAIL,2009-10-01,0.51,Kg,4146c47d-0b06-41bb-8dc4-ced51ab4b3e2
Gari,Togo,Anie,RETAIL,2009-10-01,0.39,Kg,c1052c56-2741-4cab-aedf-6873f94f0719
Gari,Togo,Cinkassé,RETAIL,2009-10-01,0.5,Kg,751a447d-34fe-48af-b8a1-3687eff7135b
Gari,Togo,Kara,RETAIL,2009-10-01,0.43,Kg,8974b9f3-192d-45fc-84c4-1eec01ed2af2
Gari,Togo,Korbongou,RETAIL,2009-10-01,0.45,Kg,888efb39-5cce-4d4a-b9b5-219ffc99a7e8
Gari,Togo,Lomé,RETAIL,2009-10-01,0.74,Kg,4d715bff-fa36-4c52-bae7-9bee18a64e92
Gari,Togo,Amegnran,RETAIL,2009-11-01,0.52,Kg,4146c47d-0b06-41bb-8dc4-ced51ab4b3e2
Gari,Togo,Anie,RETAIL,2009-11-01,0.34,Kg,c1052c56-2741-4cab-aedf-6873f94f0719
Gari,Togo,Cinkassé,RETAIL,2009-11-01,0.5,Kg,751a447d-34fe-48af-b8a1-3687eff7135b
Gari,Togo,Kara,RETAIL,2009-11-01,0.4,Kg,8974b9f3-192d-45fc-84c4-1eec01ed2af2
Gari,Togo,Korbongou,RETAIL,2009-11-01,0.48,Kg,888efb39-5cce-4d4a-b9b5-219ffc99a7e8
Gari,Togo,Lomé,RETAIL,2009-11-01,0.66,Kg,4d715bff-fa36-4c52-bae7-9bee18a64e92
Gari,Togo,Amegnran,RETAIL,2009-12-01,0.56,Kg,4146c47d-0b06-41bb-8dc4-ced51ab4b3e2
Gari,Togo,Anie,RETAIL,2009-12-01,0.25,Kg,c1052c56-2741-4cab-aedf-6873f94f0719
Gari,Togo,Cinkassé,RETAIL,2009-12-01,0.44,Kg,751a447d-34fe-48af-b8a1-3687eff7135b
Gari,Togo,Kara,RETAIL,2009-12-01,0.32,Kg,8974b9f3-192d-45fc-84c4-1eec01ed2af2
Gari,Togo,Korbongou,RETAIL,2009-12-01,0.48,Kg,888efb39-5cce-4d4a-b9b5-219ffc99a7e8
Gari,Togo,Lomé,RETAIL,2009-12-01,0.61,Kg,4d715bff-fa36-4c52-bae7-9bee18a64e92
Gari,Togo,Amegnran,RETAIL,2010-01-01,0.49,Kg,4146c47d-0b06-41bb-8dc4-ced51ab4b3e2
Gari,Togo,Anie,RETAIL,2010-01-01,0.44,Kg,c1052c56-2741-4cab-aedf-6873f94f0719
Gari,Togo,Cinkassé,RETAIL,2010-01-01,0.51,Kg,751a447d-34fe-48af-b8a1-3687eff7135b
Gari,Togo,Kara,RETAIL,2010-01-01,0.45,Kg,8974b9f3-192d-45fc-84c4-1eec01ed2af2
Gari,Togo,Korbongou,RETAIL,2010-01-01,0.47,Kg,888efb39-5cce-4d4a-b9b5-219ffc99a7e8
Gari,Togo,Lomé,RETAIL,2010-01-01,0.76,Kg,4d715bff-fa36-4c52-bae7-9bee18a64e92
Gari,Togo,Amegnran,RETAIL,2010-02-01,0.52,Kg,4146c47d-0b06-41bb-8dc4-ced51ab4b3e2
Gari,Togo,Anie,RETAIL,2010-02-01,0.3,Kg,c1052c56-2741-4cab-aedf-6873f94f0719
Gari,Togo,Cinkassé,RETAIL,2010-02-01,0.52,Kg,751a447d-34fe-48af-b8a1-3687eff7135b
Gari,Togo,Kara,RETAIL,2010-02-01,0.51,Kg,8974b9f3-192d-45fc-84c4-1eec01ed2af2
Gari,Togo,Korbongou,RETAIL,2010-02-01,0.41,Kg,888efb39-5cce-4d4a-b9b5-219ffc99a7e8
Gari,Togo,Lomé,RETAIL,2010-02-01,0.77,Kg,4d715bff-fa36-4c52-bae7-9bee18a64e92
Gari,Togo,Amegnran,RETAIL,2010-03-01,0.33,Kg,4146c47d-0b06-41bb-8dc4-ced51ab4b3e2
Gari,Togo,Anie,RETAIL,2010-03-01,0.34,Kg,c1052c56-2741-4cab-aedf-6873f94f0719
Gari,Togo,Cinkassé,RETAIL,2010-03-01,0.51,Kg,751a447d-34fe-48af-b8a1-3687eff7135b
Gari,Togo,Kara,RETAIL,2010-03-01,0.48,Kg,8974b9f3-192d-45fc-84c4-1eec01ed2af2
Gari,Togo,Korbongou,RETAIL,2010-03-01,0.37,Kg,888efb39-5cce-4d4a-b9b5-219ffc99a7e8
Gari,Togo,Lomé,RETAIL,2010-03-01,0.81,Kg,4d715bff-fa36-4c52-bae7-9bee18a64e92
Gari,Togo,Amegnran,RETAIL,2010-04-01,0.41,Kg,4146c47d-0b06-41bb-8dc4-ced51ab4b3e2
Gari,Togo,Anie,RETAIL,2010-04-01,0.37,Kg,c1052c56-2741-4cab-aedf-6873f94f0719
Gari,Togo,Cinkassé,RETAIL,2010-04-01,0.43,Kg,751a447d-34fe-48af-b8a1-3687eff7135b
Gari,Togo,Kara,RETAIL,2010-04-01,0.43,Kg,8974b9f3-192d-45fc-84c4-1eec01ed2af2
Gari,Togo,Korbongou,RETAIL,2010-04-01,0.44,Kg,888efb39-5cce-4d4a-b9b5-219ffc99a7e8
Gari,Togo,Lomé,RETAIL,2010-04-01,0.45,Kg,4d715bff-fa36-4c52-bae7-9bee18a64e92
Gari,Togo,Amegnran,RETAIL,2010-05-01,0.38,Kg,4146c47d-0b06-41bb-8dc4-ced51ab4b3e2
Gari,Togo,Anie,RETAIL,2010-05-01,0.45,Kg,c1052c56-2741-4cab-aedf-6873f94f0719
Gari,Togo,Cinkassé,RETAIL,2010-05-01,0.4,Kg,751a447d-34fe-48af-b8a1-3687eff7135b
Gari,Togo,Kara,RETAIL,2010-05-01,0.38,Kg,8974b9f3-192d-45fc-84c4-1eec01ed2af2
Gari,Togo,Korbongou,RETAIL,2010-05-01,0.38,Kg,888efb39-5cce-4d4a-b9b5-219ffc99a7e8
Gari,Togo,Lomé,RETAIL,2010-05-01,0.58,Kg,4d715bff-fa36-4c52-bae7-9bee18a64e92
Gari,Togo,Amegnran,RETAIL,2010-06-01,0.33,Kg,4146c47d-0b06-41bb-8dc4-ced51ab4b3e2
Gari,Togo,Anie,RETAIL,2010-06-01,0.49,Kg,c1052c56-2741-4cab-aedf-6873f94f0719
Gari,Togo,Cinkassé,RETAIL,2010-06-01,0.52,Kg,751a447d-34fe-48af-b8a1-3687eff7135b
Gari,Togo,Kara,RETAIL,2010-06-01,0.43,Kg,8974b9f3-192d-45fc-84c4-1eec01ed2af2
Gari,Togo,Korbongou,RETAIL,2010-06-01,0.43,Kg,888efb39-5cce-4d4a-b9b5-219ffc99a7e8
Gari,Togo,Lomé,RETAIL,2010-06-01,0.69,Kg,4d715bff-fa36-4c52-bae7-9bee18a64e92
Gari,Togo,Amegnran,RETAIL,2010-07-01,0.41,Kg,4146c47d-0b06-41bb-8dc4-ced51ab4b3e2
Gari,Togo,Anie,RETAIL,2010-07-01,0.51,Kg,c1052c56-2741-4cab-aedf-6873f94f0719
Gari,Togo,Cinkassé,RETAIL,2010-07-01,0.52,Kg,751a447d-34fe-48af-b8a1-3687eff7135b
Gari,Togo,Kara,RETAIL,2010-07-01,0.51,Kg,8974b9f3-192d-45fc-84c4-1eec01ed2af2
Gari,Togo,Korbongou,RETAIL,2010-07-01,0.47,Kg,888efb39-5cce-4d4a-b9b5-219ffc99a7e8
Gari,Togo,Lomé,RETAIL,2010-07-01,0.68,Kg,4d715bff-fa36-4c52-bae7-9bee18a64e92
Gari,Togo,Amegnran,RETAIL,2010-08-01,0.43,Kg,4146c47d-0b06-41bb-8dc4-ced51ab4b3e2
Gari,Togo,Anie,RETAIL,2010-08-01,0.45,Kg,c1052c56-2741-4cab-aedf-6873f94f0719
Gari,Togo,Cinkassé,RETAIL,2010-08-01,0.53,Kg,751a447d-34fe-48af-b8a1-3687eff7135b
Gari,Togo,Kara,RETAIL,2010-08-01,0.46,Kg,8974b9f3-192d-45fc-84c4-1eec01ed2af2
Gari,Togo,Korbongou,RETAIL,2010-08-01,0.47,Kg,888efb39-5cce-4d4a-b9b5-219ffc99a7e8
Gari,Togo,Lomé,RETAIL,2010-08-01,0.7,Kg,4d715bff-fa36-4c52-bae7-9bee18a64e92
Gari,Togo,Amegnran,RETAIL,2010-09-01,0.37,Kg,4146c47d-0b06-41bb-8dc4-ced51ab4b3e2
Gari,Togo,Anie,RETAIL,2010-09-01,0.47,Kg,c1052c56-2741-4cab-aedf-6873f94f0719
Gari,Togo,Cinkassé,RETAIL,2010-09-01,0.51,Kg,751a447d-34fe-48af-b8a1-3687eff7135b
Gari,Togo,Kara,RETAIL,2010-09-01,0.46,Kg,8974b9f3-192d-45fc-84c4-1eec01ed2af2
Gari,Togo,Korbongou,RETAIL,2010-09-01,0.48,Kg,888efb39-5cce-4d4a-b9b5-219ffc99a7e8
Gari,Togo,Lomé,RETAIL,2010-09-01,0.7,Kg,4d715bff-fa36-4c52-bae7-9bee18a64e92
Gari,Togo,Amegnran,RETAIL,2010-10-01,0.25,Kg,4146c47d-0b06-41bb-8dc4-ced51ab4b3e2
Gari,Togo,Anie,RETAIL,2010-10-01,0.37,Kg,c1052c56-2741-4cab-aedf-6873f94f0719
Gari,Togo,Cinkassé,RETAIL,2010-10-01,0.51,Kg,751a447d-34fe-48af-b8a1-3687eff7135b
Gari,Togo,Kara,RETAIL,2010-10-01,0.48,Kg,8974b9f3-192d-45fc-84c4-1eec01ed2af2
Gari,Togo,Korbongou,RETAIL,2010-10-01,0.45,Kg,888efb39-5cce-4d4a-b9b5-219ffc99a7e8
Gari,Togo,Lomé,RETAIL,2010-10-01,0.75,Kg,4d715bff-fa36-4c52-bae7-9bee18a64e92
Gari,Togo,Amegnran,RETAIL,2010-11-01,0.26,Kg,4146c47d-0b06-41bb-8dc4-ced51ab4b3e2
Gari,Togo,Anie,RETAIL,2010-11-01,0.36,Kg,c1052c56-2741-4cab-aedf-6873f94f0719
Gari,Togo,Cinkassé,RETAIL,2010-11-01,0.46,Kg,751a447d-34fe-48af-b8a1-3687eff7135b
Gari,Togo,Kara,RETAIL,2010-11-01,0.44,Kg,8974b9f3-192d-45fc-84c4-1eec01ed2af2
Gari,Togo,Korbongou,RETAIL,2010-11-01,0.42,Kg,888efb39-5cce-4d4a-b9b5-219ffc99a7e8
Gari,Togo,Lomé,RETAIL,2010-11-01,0.78,Kg,4d715bff-fa36-4c52-bae7-9bee18a64e92
Gari,Togo,Amegnran,RETAIL,2010-12-01,0.24,Kg,4146c47d-0b06-41bb-8dc4-ced51ab4b3e2
Gari,Togo,Anie,RETAIL,2010-12-01,0.33,Kg,c1052c56-2741-4cab-aedf-6873f94f0719
Gari,Togo,Cinkassé,RETAIL,2010-12-01,0.46,Kg,751a447d-34fe-48af-b8a1-3687eff7135b
Gari,Togo,Kara,RETAIL,2010-12-01,0.49,Kg,8974b9f3-192d-45fc-84c4-1eec01ed2af2
Gari,Togo,Korbongou,RETAIL,2010-12-01,0.4,Kg,888efb39-5cce-4d4a-b9b5-219ffc99a7e8
Gari,Togo,Lomé,RETAIL,2010-12-01,0.74,Kg,4d715bff-fa36-4c52-bae7-9bee18a64e92
Gari,Togo,Amegnran,RETAIL,2011-01-01,0.47,Kg,4146c47d-0b06-41bb-8dc4-ced51ab4b3e2
Gari,Togo,Anie,RETAIL,2011-01-01,0.41,Kg,c1052c56-2741-4cab-aedf-6873f94f0719
Gari,Togo,Cinkassé,RETAIL,2011-01-01,0.52,Kg,751a447d-34fe-48af-b8a1-3687eff7135b
Gari,Togo,Kara,RETAIL,2011-01-01,0.44,Kg,8974b9f3-192d-45fc-84c4-1eec01ed2af2
Gari,Togo,Korbongou,RETAIL,2011-01-01,0.41,Kg,888efb39-5cce-4d4a-b9b5-219ffc99a7e8
Gari,Togo,Lomé,RETAIL,2011-01-01,0.75,Kg,4d715bff-fa36-4c52-bae7-9bee18a64e92
Gari,Togo,Amegnran,RETAIL,2011-02-01,0.36,Kg,4146c47d-0b06-41bb-8dc4-ced51ab4b3e2
Gari,Togo,Anie,RETAIL,2011-02-01,0.36,Kg,c1052c56-2741-4cab-aedf-6873f94f0719
Gari,Togo,Cinkassé,RETAIL,2011-02-01,0.52,Kg,751a447d-34fe-48af-b8a1-3687eff7135b
Gari,Togo,Kara,RETAIL,2011-02-01,0.45,Kg,8974b9f3-192d-45fc-84c4-1eec01ed2af2
Gari,Togo,Korbongou,RETAIL,2011-02-01,0.44,Kg,888efb39-5cce-4d4a-b9b5-219ffc99a7e8
Gari,Togo,Lomé,RETAIL,2011-02-01,0.76,Kg,4d715bff-fa36-4c52-bae7-9bee18a64e92
Gari,Togo,Amegnran,RETAIL,2011-03-01,0.29,Kg,4146c47d-0b06-41bb-8dc4-ced51ab4b3e2
Gari,Togo,Anie,RETAIL,2011-03-01,0.35,Kg,c1052c56-2741-4cab-aedf-6873f94f0719
Gari,Togo,Cinkassé,RETAIL,2011-03-01,0.52,Kg,751a447d-34fe-48af-b8a1-3687eff7135b
Gari,Togo,Kara,RETAIL,2011-03-01,0.47,Kg,8974b9f3-192d-45fc-84c4-1eec01ed2af2
Gari,Togo,Korbongou,RETAIL,2011-03-01,0.47,Kg,888efb39-5cce-4d4a-b9b5-219ffc99a7e8
Gari,Togo,Lomé,RETAIL,2011-03-01,0.8,Kg,4d715bff-fa36-4c52-bae7-9bee18a64e92
Gari,Togo,Amegnran,RETAIL,2011-04-01,0.27,Kg,4146c47d-0b06-41bb-8dc4-ced51ab4b3e2
Gari,Togo,Anie,RETAIL,2011-04-01,0.37,Kg,c1052c56-2741-4cab-aedf-6873f94f0719
Gari,Togo,Cinkassé,RETAIL,2011-04-01,0.52,Kg,751a447d-34fe-48af-b8a1-3687eff7135b
Gari,Togo,Kara,RETAIL,2011-04-01,0.52,Kg,8974b9f3-192d-45fc-84c4-1eec01ed2af2
Gari,Togo,Korbongou,RETAIL,2011-04-01,0.46,Kg,888efb39-5cce-4d4a-b9b5-219ffc99a7e8
Gari,Togo,Lomé,RETAIL,2011-04-01,0.81,Kg,4d715bff-fa36-4c52-bae7-9bee18a64e92
Gari,Togo,Amegnran,RETAIL,2011-05-01,0.26,Kg,4146c47d-0b06-41bb-8dc4-ced51ab4b3e2
Gari,Togo,Anie,RETAIL,2011-05-01,0.35,Kg,c1052c56-2741-4cab-aedf-6873f94f0719
Gari,Togo,Cinkassé,RETAIL,2011-05-01,0.51,Kg,751a447d-34fe-48af-b8a1-3687eff7135b
Gari,Togo,Kara,RETAIL,2011-05-01,0.48,Kg,8974b9f3-192d-45fc-84c4-1eec01ed2af2
Gari,Togo,Korbongou,RETAIL,2011-05-01,0.44,Kg,888efb39-5cce-4d4a-b9b5-219ffc99a7e8
Gari,Togo,Lomé,RETAIL,2011-05-01,0.8,Kg,4d715bff-fa36-4c52-bae7-9bee18a64e92
Gari,Togo,Amegnran,RETAIL,2011-06-01,0.29,Kg,4146c47d-0b06-41bb-8dc4-ced51ab4b3e2
Gari,Togo,Anie,RETAIL,2011-06-01,0.39,Kg,c1052c56-2741-4cab-aedf-6873f94f0719
Gari,Togo,Cinkassé,RETAIL,2011-06-01,0.47,Kg,751a447d-34fe-48af-b8a1-3687eff7135b
Gari,Togo,Kara,RETAIL,2011-06-01,0.48,Kg,8974b9f3-192d-45fc-84c4-1eec01ed2af2
Gari,Togo,Korbongou,RETAIL,2011-06-01,0.45,Kg,888efb39-5cce-4d4a-b9b5-219ffc99a7e8
Gari,Togo,Lomé,RETAIL,2011-06-01,0.81,Kg,4d715bff-fa36-4c52-bae7-9bee18a64e92
Gari,Togo,Amegnran,RETAIL,2011-07-01,0.34,Kg,4146c47d-0b06-41bb-8dc4-ced51ab4b3e2
Gari,Togo,Anie,RETAIL,2011-07-01,0.33,Kg,c1052c56-2741-4cab-aedf-6873f94f0719
Gari,Togo,Cinkassé,RETAIL,2011-07-01,0.45,Kg,751a447d-34fe-48af-b8a1-3687eff7135b
Gari,Togo,Kara,RETAIL,2011-07-01,0.49,Kg,8974b9f3-192d-45fc-84c4-1eec01ed2af2
Gari,Togo,Korbongou,RETAIL,2011-07-01,0.47,Kg,888efb39-5cce-4d4a-b9b5-219ffc99a7e8
Gari,Togo,Lomé,RETAIL,2011-07-01,0.8,Kg,4d715bff-fa36-4c52-bae7-9bee18a64e92
Gari,Togo,Amegnran,RETAIL,2011-08-01,0.3,Kg,4146c47d-0b06-41bb-8dc4-ced51ab4b3e2
Gari,Togo,Anie,RETAIL,2011-08-01,0.42,Kg,c1052c56-2741-4cab-aedf-6873f94f0719
Gari,Togo,Cinkassé,RETAIL,2011-08-01,0.45,Kg,751a447d-34fe-48af-b8a1-3687eff7135b
Gari,Togo,Kara,RETAIL,2011-08-01,0.5,Kg,8974b9f3-192d-45fc-84c4-1eec01ed2af2
Gari,Togo,Korbongou,RETAIL,2011-08-01,0.45,Kg,888efb39-5cce-4d4a-b9b5-219ffc99a7e8
Gari,Togo,Lomé,RETAIL,2011-08-01,0.79,Kg,4d715bff-fa36-4c52-bae7-9bee18a64e92
Gari,Togo,Amegnran,RETAIL,2011-09-01,0.3,Kg,4146c47d-0b06-41bb-8dc4-ced51ab4b3e2
Gari,Togo,Anie,RETAIL,2011-09-01,0.42,Kg,c1052c56-2741-4cab-aedf-6873f94f0719
Gari,Togo,Cinkassé,RETAIL,2011-09-01,0.42,Kg,751a447d-34fe-48af-b8a1-3687eff7135b
Gari,Togo,Kara,RETAIL,2011-09-01,0.47,Kg,8974b9f3-192d-45fc-84c4-1eec01ed2af2
Gari,Togo,Korbongou,RETAIL,2011-09-01,0.33,Kg,888efb39-5cce-4d4a-b9b5-219ffc99a7e8
Gari,Togo,Lomé,RETAIL,2011-09-01,0.74,Kg,4d715bff-fa36-4c52-bae7-9bee18a64e92
Gari,Togo,Amegnran,RETAIL,2011-10-01,0.24,Kg,4146c47d-0b06-41bb-8dc4-ced51ab4b3e2
Gari,Togo,Anie,RETAIL,2011-10-01,0.39,Kg,c1052c56-2741-4cab-aedf-6873f94f0719
Gari,Togo,Cinkassé,RETAIL,2011-10-01,0.43,Kg,751a447d-34fe-48af-b8a1-3687eff7135b
Gari,Togo,Kara,RETAIL,2011-10-01,0.47,Kg,8974b9f3-192d-45fc-84c4-1eec01ed2af2
Gari,Togo,Korbongou,RETAIL,2011-10-01,0.42,Kg,888efb39-5cce-4d4a-b9b5-219ffc99a7e8
Gari,Togo,Lomé,RETAIL,2011-10-01,0.75,Kg,4d715bff-fa36-4c52-bae7-9bee18a64e92
Gari,Togo,Amegnran,RETAIL,2011-11-01,0.28,Kg,4146c47d-0b06-41bb-8dc4-ced51ab4b3e2
Gari,Togo,Anie,RETAIL,2011-11-01,0.31,Kg,c1052c56-2741-4cab-aedf-6873f94f0719
Gari,Togo,Cinkassé,RETAIL,2011-11-01,0.43,Kg,751a447d-34fe-48af-b8a1-3687eff7135b
Gari,Togo,Kara,RETAIL,2011-11-01,0.42,Kg,8974b9f3-192d-45fc-84c4-1eec01ed2af2
Gari,Togo,Korbongou,RETAIL,2011-11-01,0.42,Kg,888efb39-5cce-4d4a-b9b5-219ffc99a7e8
Gari,Togo,Lomé,RETAIL,2011-11-01,0.71,Kg,4d715bff-fa36-4c52-bae7-9bee18a64e92
Gari,Togo,Amegnran,RETAIL,2011-12-01,0.35,Kg,4146c47d-0b06-41bb-8dc4-ced51ab4b3e2
Gari,Togo,Anie,RETAIL,2011-12-01,0.34,Kg,c1052c56-2741-4cab-aedf-6873f94f0719
Gari,Togo,Cinkassé,RETAIL,2011-12-01,0.43,Kg,751a447d-34fe-48af-b8a1-3687eff7135b
Gari,Togo,Kara,RETAIL,2011-12-01,0.53,Kg,8974b9f3-192d-45fc-84c4-1eec01ed2af2
Gari,Togo,Korbongou,RETAIL,2011-12-01,0.43,Kg,888efb39-5cce-4d4a-b9b5-219ffc99a7e8
Gari,Togo,Lomé,RETAIL,2011-12-01,0.7,Kg,4d715bff-fa36-4c52-bae7-9bee18a64e92
Gari,Togo,Amegnran,RETAIL,2012-01-01,0.44,Kg,4146c47d-0b06-41bb-8dc4-ced51ab4b3e2
Gari,Togo,Anie,RETAIL,2012-01-01,0.39,Kg,c1052c56-2741-4cab-aedf-6873f94f0719
Gari,Togo,Cinkassé,RETAIL,2012-01-01,0.42,Kg,751a447d-34fe-48af-b8a1-3687eff7135b
Gari,Togo,Kara,RETAIL,2012-01-01,0.46,Kg,8974b9f3-192d-45fc-84c4-1eec01ed2af2
Gari,Togo,Korbongou,RETAIL,2012-01-01,0.42,Kg,888efb39-5cce-4d4a-b9b5-219ffc99a7e8
Gari,Togo,Lomé,RETAIL,2012-01-01,0.64,Kg,4d715bff-fa36-4c52-bae7-9bee18a64e92
Gari,Togo,Amegnran,RETAIL,2012-02-01,0.44,Kg,4146c47d-0b06-41bb-8dc4-ced51ab4b3e2
Gari,Togo,Anie,RETAIL,2012-02-01,0.35,Kg,c1052c56-2741-4cab-aedf-6873f94f0719
Gari,Togo,Cinkassé,RETAIL,2012-02-01,0.42,Kg,751a447d-34fe-48af-b8a1-3687eff7135b
Gari,Togo,Kara,RETAIL,2012-02-01,0.46,Kg,8974b9f3-192d-45fc-84c4-1eec01ed2af2
Gari,Togo,Korbongou,RETAIL,2012-02-01,0.48,Kg,888efb39-5cce-4d4a-b9b5-219ffc99a7e8
Gari,Togo,Lomé,RETAIL,2012-02-01,0.71,Kg,4d715bff-fa36-4c52-bae7-9bee18a64e92
Gari,Togo,Amegnran,RETAIL,2012-03-01,0.4,Kg,4146c47d-0b06-41bb-8dc4-ced51ab4b3e2
Gari,Togo,Anie,RETAIL,2012-03-01,0.34,Kg,c1052c56-2741-4cab-aedf-6873f94f0719
Gari,Togo,Cinkassé,RETAIL,2012-03-01,0.44,Kg,751a447d-34fe-48af-b8a1-3687eff7135b
Gari,Togo,Kara,RETAIL,2012-03-01,0.47,Kg,8974b9f3-192d-45fc-84c4-1eec01ed2af2
Gari,Togo,Korbongou,RETAIL,2012-03-01,0.46,Kg,888efb39-5cce-4d4a-b9b5-219ffc99a7e8
Gari,Togo,Lomé,RETAIL,2012-03-01,0.74,Kg,4d715bff-fa36-4c52-bae7-9bee18a64e92
Gari,Togo,Amegnran,RETAIL,2012-04-01,0.36,Kg,4146c47d-0b06-41bb-8dc4-ced51ab4b3e2
Gari,Togo,Anie,RETAIL,2012-04-01,0.39,Kg,c1052c56-2741-4cab-aedf-6873f94f0719
Gari,Togo,Cinkassé,RETAIL,2012-04-01,0.44,Kg,751a447d-34fe-48af-b8a1-3687eff7135b
Gari,Togo,Kara,RETAIL,2012-04-01,0.47,Kg,8974b9f3-192d-45fc-84c4-1eec01ed2af2
Gari,Togo,Korbongou,RETAIL,2012-04-01,0.44,Kg,888efb39-5cce-4d4a-b9b5-219ffc99a7e8
Gari,Togo,Lomé,RETAIL,2012-04-01,0.75,Kg,4d715bff-fa36-4c52-bae7-9bee18a64e92
Gari,Togo,Amegnran,RETAIL,2012-05-01,0.44,Kg,4146c47d-0b06-41bb-8dc4-ced51ab4b3e2
Gari,Togo,Anie,RETAIL,2012-05-01,0.27,Kg,c1052c56-2741-4cab-aedf-6873f94f0719
Gari,Togo,Cinkassé,RETAIL,2012-05-01,0.42,Kg,751a447d-34fe-48af-b8a1-3687eff7135b
Gari,Togo,Kara,RETAIL,2012-05-01,0.53,Kg,8974b9f3-192d-45fc-84c4-1eec01ed2af2
Gari,Togo,Korbongou,RETAIL,2012-05-01,0.41,Kg,888efb39-5cce-4d4a-b9b5-219ffc99a7e8
Gari,Togo,Lomé,RETAIL,2012-05-01,0.7,Kg,4d715bff-fa36-4c52-bae7-9bee18a64e92
Gari,Togo,Amegnran,RETAIL,2012-06-01,0.43,Kg,4146c47d-0b06-41bb-8dc4-ced51ab4b3e2
Gari,Togo,Anie,RETAIL,2012-06-01,0.4,Kg,c1052c56-2741-4cab-aedf-6873f94f0719
Gari,Togo,Cinkassé,RETAIL,2012-06-01,0.4,Kg,751a447d-34fe-48af-b8a1-3687eff7135b
Gari,Togo,Kara,RETAIL,2012-06-01,0.49,Kg,8974b9f3-192d-45fc-84c4-1eec01ed2af2
Gari,Togo,Korbongou,RETAIL,2012-06-01,0.41,Kg,888efb39-5cce-4d4a-b9b5-219ffc99a7e8
Gari,Togo,Lomé,RETAIL,2012-06-01,0.71,Kg,4d715bff-fa36-4c52-bae7-9bee18a64e92
Gari,Togo,Amegnran,RETAIL,2012-07-01,0.43,Kg,4146c47d-0b06-41bb-8dc4-ced51ab4b3e2
Gari,Togo,Anie,RETAIL,2012-07-01,0.38,Kg,c1052c56-2741-4cab-aedf-6873f94f0719
Gari,Togo,Cinkassé,RETAIL,2012-07-01,0.4,Kg,751a447d-34fe-48af-b8a1-3687eff7135b
Gari,Togo,Kara,RETAIL,2012-07-01,0.41,Kg,8974b9f3-192d-45fc-84c4-1eec01ed2af2
Gari,Togo,Korbongou,RETAIL,2012-07-01,0.42,Kg,888efb39-5cce-4d4a-b9b5-219ffc99a7e8
Gari,Togo,Lomé,RETAIL,2012-07-01,0.66,Kg,4d715bff-fa36-4c52-bae7-9bee18a64e92
Gari,Togo,Amegnran,RETAIL,2012-08-01,0.39,Kg,4146c47d-0b06-41bb-8dc4-ced51ab4b3e2
Gari,Togo,Anie,RETAIL,2012-08-01,0.37,Kg,c1052c56-2741-4cab-aedf-6873f94f0719
Gari,Togo,Cinkassé,RETAIL,2012-08-01,0.4,Kg,751a447d-34fe-48af-b8a1-3687eff7135b
Gari,Togo,Kara,RETAIL,2012-08-01,0.41,Kg,8974b9f3-192d-45fc-84c4-1eec01ed2af2
Gari,Togo,Korbongou,RETAIL,2012-08-01,0.41,Kg,888efb39-5cce-4d4a-b9b5-219ffc99a7e8
Gari,Togo,Lomé,RETAIL,2012-08-01,0.68,Kg,4d715bff-fa36-4c52-bae7-9bee18a64e92
Gari,Togo,Amegnran,RETAIL,2012-09-01,0.51,Kg,4146c47d-0b06-41bb-8dc4-ced51ab4b3e2
Gari,Togo,Anie,RETAIL,2012-09-01,0.45,Kg,c1052c56-2741-4cab-aedf-6873f94f0719
Gari,Togo,Cinkassé,RETAIL,2012-09-01,0.42,Kg,751a447d-34fe-48af-b8a1-3687eff7135b
Gari,Togo,Kara,RETAIL,2012-09-01,0.43,Kg,8974b9f3-192d-45fc-84c4-1eec01ed2af2
Gari,Togo,Korbongou,RETAIL,2012-09-01,0.45,Kg,888efb39-5cce-4d4a-b9b5-219ffc99a7e8
Gari,Togo,Lomé,RETAIL,2012-09-01,0.74,Kg,4d715bff-fa36-4c52-bae7-9bee18a64e92
Gari,Togo,Amegnran,RETAIL,2012-10-01,0.42,Kg,4146c47d-0b06-41bb-8dc4-ced51ab4b3e2
Gari,Togo,Anie,RETAIL,2012-10-01,0.45,Kg,c1052c56-2741-4cab-aedf-6873f94f0719
Gari,Togo,Cinkassé,RETAIL,2012-10-01,0.42,Kg,751a447d-34fe-48af-b8a1-3687eff7135b
Gari,Togo,Kara,RETAIL,2012-10-01,0.48,Kg,8974b9f3-192d-45fc-84c4-1eec01ed2af2
Gari,Togo,Korbongou,RETAIL,2012-10-01,0.43,Kg,888efb39-5cce-4d4a-b9b5-219ffc99a7e8
Gari,Togo,Lomé,RETAIL,2012-10-01,0.74,Kg,4d715bff-fa36-4c52-bae7-9bee18a64e92
Gari,Togo,Amegnran,RETAIL,2012-11-01,0.44,Kg,4146c47d-0b06-41bb-8dc4-ced51ab4b3e2
Gari,Togo,Anie,RETAIL,2012-11-01,0.51,Kg,c1052c56-2741-4cab-aedf-6873f94f0719
Gari,Togo,Cinkassé,RETAIL,2012-11-01,0.41,Kg,751a447d-34fe-48af-b8a1-3687eff7135b
Gari,Togo,Kara,RETAIL,2012-11-01,0.51,Kg,8974b9f3-192d-45fc-84c4-1eec01ed2af2
Gari,Togo,Korbongou,RETAIL,2012-11-01,0.44,Kg,888efb39-5cce-4d4a-b9b5-219ffc99a7e8
Gari,Togo,Lomé,RETAIL,2012-11-01,0.69,Kg,4d715bff-fa36-4c52-bae7-9bee18a64e92
Gari,Togo,Amegnran,RETAIL,2012-12-01,0.49,Kg,4146c47d-0b06-41bb-8dc4-ced51ab4b3e2
Gari,Togo,Anie,RETAIL,2012-12-01,0.55,Kg,c1052c56-2741-4cab-aedf-6873f94f0719
Gari,Togo,Cinkassé,RETAIL,2012-12-01,0.42,Kg,751a447d-34fe-48af-b8a1-3687eff7135b
Gari,Togo,Kara,RETAIL,2012-12-01,0.49,Kg,8974b9f3-192d-45fc-84c4-1eec01ed2af2
Gari,Togo,Korbongou,RETAIL,2012-12-01,0.44,Kg,888efb39-5cce-4d4a-b9b5-219ffc99a7e8
Gari,Togo,Lomé,RETAIL,2012-12-01,0.75,Kg,4d715bff-fa36-4c52-bae7-9bee18a64e92
Gari,Togo,Amegnran,RETAIL,2013-01-01,0.74,Kg,4146c47d-0b06-41bb-8dc4-ced51ab4b3e2
Gari,Togo,Anie,RETAIL,2013-01-01,0.59,Kg,c1052c56-2741-4cab-aedf-6873f94f0719
Gari,Togo,Cinkassé,RETAIL,2013-01-01,0.5,Kg,751a447d-34fe-48af-b8a1-3687eff7135b
Gari,Togo,Kara,RETAIL,2013-01-01,0.55,Kg,8974b9f3-192d-45fc-84c4-1eec01ed2af2
Gari,Togo,Korbongou,RETAIL,2013-01-01,0.45,Kg,888efb39-5cce-4d4a-b9b5-219ffc99a7e8
Gari,Togo,Lomé,RETAIL,2013-01-01,0.76,Kg,4d715bff-fa36-4c52-bae7-9bee18a64e92
Gari,Togo,Amegnran,RETAIL,2013-02-01,0.75,Kg,4146c47d-0b06-41bb-8dc4-ced51ab4b3e2
Gari,Togo,Anie,RETAIL,2013-02-01,0.46,Kg,c1052c56-2741-4cab-aedf-6873f94f0719
Gari,Togo,Cinkassé,RETAIL,2013-02-01,0.47,Kg,751a447d-34fe-48af-b8a1-3687eff7135b
Gari,Togo,Kara,RETAIL,2013-02-01,0.48,Kg,8974b9f3-192d-45fc-84c4-1eec01ed2af2
Gari,Togo,Korbongou,RETAIL,2013-02-01,0.47,Kg,888efb39-5cce-4d4a-b9b5-219ffc99a7e8
Gari,Togo,Lomé,RETAIL,2013-02-01,0.76,Kg,4d715bff-fa36-4c52-bae7-9bee18a64e92
Gari,Togo,Amegnran,RETAIL,2013-03-01,0.45,Kg,4146c47d-0b06-41bb-8dc4-ced51ab4b3e2
Gari,Togo,Anie,RETAIL,2013-03-01,0.47,Kg,c1052c56-2741-4cab-aedf-6873f94f0719
Gari,Togo,Cinkassé,RETAIL,2013-03-01,0.44,Kg,751a447d-34fe-48af-b8a1-3687eff7135b
Gari,Togo,Kara,RETAIL,2013-03-01,0.53,Kg,8974b9f3-192d-45fc-84c4-1eec01ed2af2
Gari,Togo,Korbongou,RETAIL,2013-03-01,0.46,Kg,888efb39-5cce-4d4a-b9b5-219ffc99a7e8
Gari,Togo,Lomé,RETAIL,2013-03-01,0.7,Kg,4d715bff-fa36-4c52-bae7-9bee18a64e92
Gari,Togo,Amegnran,RETAIL,2013-04-01,0.64,Kg,4146c47d-0b06-41bb-8dc4-ced51ab4b3e2
Gari,Togo,Anie,RETAIL,2013-04-01,0.45,Kg,c1052c56-2741-4cab-aedf-6873f94f0719
Gari,Togo,Cinkassé,RETAIL,2013-04-01,0.44,Kg,751a447d-34fe-48af-b8a1-3687eff7135b
Gari,Togo,Kara,RETAIL,2013-04-01,0.57,Kg,8974b9f3-192d-45fc-84c4-1eec01ed2af2
Gari,Togo,Korbongou,RETAIL,2013-04-01,0.47,Kg,888efb39-5cce-4d4a-b9b5-219ffc99a7e8
Gari,Togo,Lomé,RETAIL,2013-04-01,0.7,Kg,4d715bff-fa36-4c52-bae7-9bee18a64e92
Gari,Togo,Amegnran,RETAIL,2013-05-01,0.66,Kg,4146c47d-0b06-41bb-8dc4-ced51ab4b3e2
Gari,Togo,Anie,RETAIL,2013-05-01,0.51,Kg,c1052c56-2741-4cab-aedf-6873f94f0719
Gari,Togo,Cinkassé,RETAIL,2013-05-01,0.42,Kg,751a447d-34fe-48af-b8a1-3687eff7135b
Gari,Togo,Kara,RETAIL,2013-05-01,0.55,Kg,8974b9f3-192d-45fc-84c4-1eec01ed2af2
Gari,Togo,Korbongou,RETAIL,2013-05-01,0.5,Kg,888efb39-5cce-4d4a-b9b5-219ffc99a7e8
Gari,Togo,Lomé,RETAIL,2013-05-01,0.73,Kg,4d715bff-fa36-4c52-bae7-9bee18a64e92
Gari,Togo,Amegnran,RETAIL,2013-06-01,0.72,Kg,4146c47d-0b06-41bb-8dc4-ced51ab4b3e2
Gari,Togo,Anie,RETAIL,2013-06-01,0.59,Kg,c1052c56-2741-4cab-aedf-6873f94f0719
Gari,Togo,Cinkassé,RETAIL,2013-06-01,0.47,Kg,751a447d-34fe-48af-b8a1-3687eff7135b
Gari,Togo,Kara,RETAIL,2013-06-01,0.61,Kg,8974b9f3-192d-45fc-84c4-1eec01ed2af2
Gari,Togo,Korbongou,RETAIL,2013-06-01,0.44,Kg,888efb39-5cce-4d4a-b9b5-219ffc99a7e8
Gari,Togo,Lomé,RETAIL,2013-06-01,0.74,Kg,4d715bff-fa36-4c52-bae7-9bee18a64e92
Gari,Togo,Amegnran,RETAIL,2013-07-01,0.73,Kg,4146c47d-0b06-41bb-8dc4-ced51ab4b3e2
Gari,Togo,Anie,RETAIL,2013-07-01,0.52,Kg,c1052c56-2741-4cab-aedf-6873f94f0719
Gari,Togo,Cinkassé,RETAIL,2013-07-01,0.46,Kg,751a447d-34fe-48af-b8a1-3687eff7135b
Gari,Togo,Kara,RETAIL,2013-07-01,0.62,Kg,8974b9f3-192d-45fc-84c4-1eec01ed2af2
Gari,Togo,Korbongou,RETAIL,2013-07-01,0.44,Kg,888efb39-5cce-4d4a-b9b5-219ffc99a7e8
Gari,Togo,Lomé,RETAIL,2013-07-01,0.78,Kg,4d715bff-fa36-4c52-bae7-9bee18a64e92
Gari,Togo,Amegnran,RETAIL,2013-08-01,0.83,Kg,4146c47d-0b06-41bb-8dc4-ced51ab4b3e2
Gari,Togo,Anie,RETAIL,2013-08-01,0.53,Kg,c1052c56-2741-4cab-aedf-6873f94f0719
Gari,Togo,Cinkassé,RETAIL,2013-08-01,0.54,Kg,751a447d-34fe-48af-b8a1-3687eff7135b
Gari,Togo,Kara,RETAIL,2013-08-01,0.64,Kg,8974b9f3-192d-45fc-84c4-1eec01ed2af2
Gari,Togo,Korbongou,RETAIL,2013-08-01,0.61,Kg,888efb39-5cce-4d4a-b9b5-219ffc99a7e8
Gari,Togo,Lomé,RETAIL,2013-08-01,0.81,Kg,4d715bff-fa36-4c52-bae7-9bee18a64e92
Gari,Togo,Amegnran,RETAIL,2013-09-01,0.73,Kg,4146c47d-0b06-41bb-8dc4-ced51ab4b3e2
Gari,Togo,Anie,RETAIL,2013-09-01,0.51,Kg,c1052c56-2741-4cab-aedf-6873f94f0719
Gari,Togo,Cinkassé,RETAIL,2013-09-01,0.6,Kg,751a447d-34fe-48af-b8a1-3687eff7135b
Gari,Togo,Kara,RETAIL,2013-09-01,0.67,Kg,8974b9f3-192d-45fc-84c4-1eec01ed2af2
Gari,Togo,Korbongou,RETAIL,2013-09-01,0.62,Kg,888efb39-5cce-4d4a-b9b5-219ffc99a7e8
Gari,Togo,Lomé,RETAIL,2013-09-01,0.76,Kg,4d715bff-fa36-4c52-bae7-9bee18a64e92
Gari,Togo,Amegnran,RETAIL,2013-10-01,0.66,Kg,4146c47d-0b06-41bb-8dc4-ced51ab4b3e2
Gari,Togo,Anie,RETAIL,2013-10-01,0.5,Kg,c1052c56-2741-4cab-aedf-6873f94f0719
Gari,Togo,Cinkassé,RETAIL,2013-10-01,0.59,Kg,751a447d-34fe-48af-b8a1-3687eff7135b
Gari,Togo,Kara,RETAIL,2013-10-01,0.69,Kg,8974b9f3-192d-45fc-84c4-1eec01ed2af2
Gari,Togo,Korbongou,RETAIL,2013-10-01,0.63,Kg,888efb39-5cce-4d4a-b9b5-219ffc99a7e8
Gari,Togo,Lomé,RETAIL,2013-10-01,0.79,Kg,4d715bff-fa36-4c52-bae7-9bee18a64e92
Gari,Togo,Amegnran,RETAIL,2013-11-01,0.64,Kg,4146c47d-0b06-41bb-8dc4-ced51ab4b3e2
Gari,Togo,Anie,RETAIL,2013-11-01,0.56,Kg,c1052c56-2741-4cab-aedf-6873f94f0719
Gari,Togo,Cinkassé,RETAIL,2013-11-01,0.57,Kg,751a447d-34fe-48af-b8a1-3687eff7135b
Gari,Togo,Kara,RETAIL,2013-11-01,0.68,Kg,8974b9f3-192d-45fc-84c4-1eec01ed2af2
Gari,Togo,Korbongou,RETAIL,2013-11-01,0.58,Kg,888efb39-5cce-4d4a-b9b5-219ffc99a7e8
Gari,Togo,Lomé,RETAIL,2013-11-01,0.78,Kg,4d715bff-fa36-4c52-bae7-9bee18a64e92
Gari,Togo,Amegnran,RETAIL,2013-12-01,0.69,Kg,4146c47d-0b06-41bb-8dc4-ced51ab4b3e2
Gari,Togo,Anie,RETAIL,2013-12-01,0.46,Kg,c1052c56-2741-4cab-aedf-6873f94f0719
Gari,Togo,Cinkassé,RETAIL,2013-12-01,0.55,Kg,751a447d-34fe-48af-b8a1-3687eff7135b
Gari,Togo,Kara,RETAIL,2013-12-01,0.63,Kg,8974b9f3-192d-45fc-84c4-1eec01ed2af2
Gari,Togo,Korbongou,RETAIL,2013-12-01,0.55,Kg,888efb39-5cce-4d4a-b9b5-219ffc99a7e8
Gari,Togo,Lomé,RETAIL,2013-12-01,0.78,Kg,4d715bff-fa36-4c52-bae7-9bee18a64e92
Gari,Togo,Amegnran,RETAIL,2014-01-01,0.55,Kg,4146c47d-0b06-41bb-8dc4-ced51ab4b3e2
Gari,Togo,Anie,RETAIL,2014-01-01,0.51,Kg,c1052c56-2741-4cab-aedf-6873f94f0719
Gari,Togo,Cinkassé,RETAIL,2014-01-01,0.54,Kg,751a447d-34fe-48af-b8a1-3687eff7135b
Gari,Togo,Kara,RETAIL,2014-01-01,0.64,Kg,8974b9f3-192d-45fc-84c4-1eec01ed2af2
Gari,Togo,Korbongou,RETAIL,2014-01-01,0.56,Kg,888efb39-5cce-4d4a-b9b5-219ffc99a7e8
Gari,Togo,Lomé,RETAIL,2014-01-01,0.79,Kg,4d715bff-fa36-4c52-bae7-9bee18a64e92
Gari,Togo,Amegnran,RETAIL,2014-02-01,0.47,Kg,4146c47d-0b06-41bb-8dc4-ced51ab4b3e2
Gari,Togo,Anie,RETAIL,2014-02-01,0.49,Kg,c1052c56-2741-4cab-aedf-6873f94f0719
Gari,Togo,Cinkassé,RETAIL,2014-02-01,0.55,Kg,751a447d-34fe-48af-b8a1-3687eff7135b
Gari,Togo,Kara,RETAIL,2014-02-01,0.62,Kg,8974b9f3-192d-45fc-84c4-1eec01ed2af2
Gari,Togo,Korbongou,RETAIL,2014-02-01,0.52,Kg,888efb39-5cce-4d4a-b9b5-219ffc99a7e8
Gari,Togo,Lomé,RETAIL,2014-02-01,0.77,Kg,4d715bff-fa36-4c52-bae7-9bee18a64e92
Gari,Togo,Amegnran,RETAIL,2014-03-01,0.42,Kg,4146c47d-0b06-41bb-8dc4-ced51ab4b3e2
Gari,Togo,Anie,RETAIL,2014-03-01,0.49,Kg,c1052c56-2741-4cab-aedf-6873f94f0719
Gari,Togo,Cinkassé,RETAIL,2014-03-01,0.55,Kg,751a447d-34fe-48af-b8a1-3687eff7135b
Gari,Togo,Kara,RETAIL,2014-03-01,0.68,Kg,8974b9f3-192d-45fc-84c4-1eec01ed2af2
Gari,Togo,Korbongou,RETAIL,2014-03-01,0.56,Kg,888efb39-5cce-4d4a-b9b5-219ffc99a7e8
Gari,Togo,Lomé,RETAIL,2014-03-01,0.78,Kg,4d715bff-fa36-4c52-bae7-9bee18a64e92
Gari,Togo,Amegnran,RETAIL,2014-04-01,0.33,Kg,4146c47d-0b06-41bb-8dc4-ced51ab4b3e2
Gari,Togo,Anie,RETAIL,2014-04-01,0.47,Kg,c1052c56-2741-4cab-aedf-6873f94f0719
Gari,Togo,Cinkassé,RETAIL,2014-04-01,0.54,Kg,751a447d-34fe-48af-b8a1-3687eff7135b
Gari,Togo,Kara,RETAIL,2014-04-01,0.59,Kg,8974b9f3-192d-45fc-84c4-1eec01ed2af2
Gari,Togo,Korbongou,RETAIL,2014-04-01,0.56,Kg,888efb39-5cce-4d4a-b9b5-219ffc99a7e8
Gari,Togo,Lomé,RETAIL,2014-04-01,0.79,Kg,4d715bff-fa36-4c52-bae7-9bee18a64e92
Gari,Togo,Amegnran,RETAIL,2014-05-01,0.28,Kg,4146c47d-0b06-41bb-8dc4-ced51ab4b3e2
Gari,Togo,Anie,RETAIL,2014-05-01,0.52,Kg,c1052c56-2741-4cab-aedf-6873f94f0719
Gari,Togo,Cinkassé,RETAIL,2014-05-01,0.52,Kg,751a447d-34fe-48af-b8a1-3687eff7135b
Gari,Togo,Kara,RETAIL,2014-05-01,0.56,Kg,8974b9f3-192d-45fc-84c4-1eec01ed2af2
Gari,Togo,Korbongou,RETAIL,2014-05-01,0.6,Kg,888efb39-5cce-4d4a-b9b5-219ffc99a7e8
Gari,Togo,Lomé,RETAIL,2014-05-01,0.77,Kg,4d715bff-fa36-4c52-bae7-9bee18a64e92
Gari,Togo,Amegnran,RETAIL,2014-06-01,0.37,Kg,4146c47d-0b06-41bb-8dc4-ced51ab4b3e2
Gari,Togo,Anie,RETAIL,2014-06-01,0.53,Kg,c1052c56-2741-4cab-aedf-6873f94f0719
Gari,Togo,Cinkassé,RETAIL,2014-06-01,0.53,Kg,751a447d-34fe-48af-b8a1-3687eff7135b
Gari,Togo,Kara,RETAIL,2014-06-01,0.54,Kg,8974b9f3-192d-45fc-84c4-1eec01ed2af2
Gari,Togo,Korbongou,RETAIL,2014-06-01,0.79,Kg,888efb39-5cce-4d4a-b9b5-219ffc99a7e8
Gari,Togo,Lomé,RETAIL,2014-06-01,0.78,Kg,4d715bff-fa36-4c52-bae7-9bee18a64e92
Gari,Togo,Amegnran,RETAIL,2014-07-01,0.31,Kg,4146c47d-0b06-41bb-8dc4-ced51ab4b3e2
Gari,Togo,Anie,RETAIL,2014-07-01,0.5,Kg,c1052c56-2741-4cab-aedf-6873f94f0719
Gari,Togo,Cinkassé,RETAIL,2014-07-01,0.51,Kg,751a447d-34fe-48af-b8a1-3687eff7135b
Gari,Togo,Kara,RETAIL,2014-07-01,0.56,Kg,8974b9f3-192d-45fc-84c4-1eec01ed2af2
Gari,Togo,Korbongou,RETAIL,2014-07-01,0.57,Kg,888efb39-5cce-4d4a-b9b5-219ffc99a7e8
Gari,Togo,Lomé,RETAIL,2014-07-01,0.77,Kg,4d715bff-fa36-4c52-bae7-9bee18a64e92
Gari,Togo,Amegnran,RETAIL,2014-08-01,0.37,Kg,4146c47d-0b06-41bb-8dc4-ced51ab4b3e2
Gari,Togo,Anie,RETAIL,2014-08-01,0.47,Kg,c1052c56-2741-4cab-aedf-6873f94f0719
Gari,Togo,Cinkassé,RETAIL,2014-08-01,0.49,Kg,751a447d-34fe-48af-b8a1-3687eff7135b
Gari,Togo,Kara,RETAIL,2014-08-01,0.54,Kg,8974b9f3-192d-45fc-84c4-1eec01ed2af2
Gari,Togo,Korbongou,RETAIL,2014-08-01,0.55,Kg,888efb39-5cce-4d4a-b9b5-219ffc99a7e8
Gari,Togo,Lomé,RETAIL,2014-08-01,0.76,Kg,4d715bff-fa36-4c52-bae7-9bee18a64e92
Gari,Togo,Amegnran,RETAIL,2014-09-01,0.35,Kg,4146c47d-0b06-41bb-8dc4-ced51ab4b3e2
Gari,Togo,Anie,RETAIL,2014-09-01,0.42,Kg,c1052c56-2741-4cab-aedf-6873f94f0719
Gari,Togo,Cinkassé,RETAIL,2014-09-01,0.47,Kg,751a447d-34fe-48af-b8a1-3687eff7135b
Gari,Togo,Kara,RETAIL,2014-09-01,0.53,Kg,8974b9f3-192d-45fc-84c4-1eec01ed2af2
Gari,Togo,Korbongou,RETAIL,2014-09-01,0.38,Kg,888efb39-5cce-4d4a-b9b5-219ffc99a7e8
Gari,Togo,Lomé,RETAIL,2014-09-01,0.59,Kg,4d715bff-fa36-4c52-bae7-9bee18a64e92
Gari,Togo,Amegnran,RETAIL,2014-10-01,0.35,Kg,4146c47d-0b06-41bb-8dc4-ced51ab4b3e2
Gari,Togo,Anie,RETAIL,2014-10-01,0.41,Kg,c1052c56-2741-4cab-aedf-6873f94f0719
Gari,Togo,Cinkassé,RETAIL,2014-10-01,0.47,Kg,751a447d-34fe-48af-b8a1-3687eff7135b
Gari,Togo,Kara,RETAIL,2014-10-01,0.51,Kg,8974b9f3-192d-45fc-84c4-1eec01ed2af2
Gari,Togo,Korbongou,RETAIL,2014-10-01,0.46,Kg,888efb39-5cce-4d4a-b9b5-219ffc99a7e8
Gari,Togo,Lomé,RETAIL,2014-10-01,0.48,Kg,4d715bff-fa36-4c52-bae7-9bee18a64e92
Gari,Togo,Amegnran,RETAIL,2014-11-01,0.34,Kg,4146c47d-0b06-41bb-8dc4-ced51ab4b3e2
Gari,Togo,Anie,RETAIL,2014-11-01,0.33,Kg,c1052c56-2741-4cab-aedf-6873f94f0719
Gari,Togo,Cinkassé,RETAIL,2014-11-01,0.43,Kg,751a447d-34fe-48af-b8a1-3687eff7135b
Gari,Togo,Kara,RETAIL,2014-11-01,0.45,Kg,8974b9f3-192d-45fc-84c4-1eec01ed2af2
Gari,Togo,Korbongou,RETAIL,2014-11-01,0.49,Kg,888efb39-5cce-4d4a-b9b5-219ffc99a7e8
Gari,Togo,Lomé,RETAIL,2014-11-01,0.48,Kg,4d715bff-fa36-4c52-bae7-9bee18a64e92
Gari,Togo,Amegnran,RETAIL,2014-12-01,0.34,Kg,4146c47d-0b06-41bb-8dc4-ced51ab4b3e2
Gari,Togo,Anie,RETAIL,2014-12-01,0.33,Kg,c1052c56-2741-4cab-aedf-6873f94f0719
Gari,Togo,Cinkassé,RETAIL,2014-12-01,0.46,Kg,751a447d-34fe-48af-b8a1-3687eff7135b
Gari,Togo,Kara,RETAIL,2014-12-01,0.46,Kg,8974b9f3-192d-45fc-84c4-1eec01ed2af2
Gari,Togo,Korbongou,RETAIL,2014-12-01,0.45,Kg,888efb39-5cce-4d4a-b9b5-219ffc99a7e8
Gari,Togo,Lomé,RETAIL,2014-12-01,0.56,Kg,4d715bff-fa36-4c52-bae7-9bee18a64e92
Gari,Togo,Amegnran,RETAIL,2015-01-01,0.29,Kg,4146c47d-0b06-41bb-8dc4-ced51ab4b3e2
Gari,Togo,Anie,RETAIL,2015-01-01,0.32,Kg,c1052c56-2741-4cab-aedf-6873f94f0719
Gari,Togo,Cinkassé,RETAIL,2015-01-01,0.45,Kg,751a447d-34fe-48af-b8a1-3687eff7135b
Gari,Togo,Kara,RETAIL,2015-01-01,0.5,Kg,8974b9f3-192d-45fc-84c4-1eec01ed2af2
Gari,Togo,Korbongou,RETAIL,2015-01-01,0.46,Kg,888efb39-5cce-4d4a-b9b5-219ffc99a7e8
Gari,Togo,Lomé,RETAIL,2015-01-01,0.44,Kg,4d715bff-fa36-4c52-bae7-9bee18a64e92
Gari,Togo,Amegnran,RETAIL,2015-02-01,0.29,Kg,4146c47d-0b06-41bb-8dc4-ced51ab4b3e2
Gari,Togo,Anie,RETAIL,2015-02-01,0.2,Kg,c1052c56-2741-4cab-aedf-6873f94f0719
Gari,Togo,Cinkassé,RETAIL,2015-02-01,0.43,Kg,751a447d-34fe-48af-b8a1-3687eff7135b
Gari,Togo,Kara,RETAIL,2015-02-01,0.47,Kg,8974b9f3-192d-45fc-84c4-1eec01ed2af2
Gari,Togo,Korbongou,RETAIL,2015-02-01,0.46,Kg,888efb39-5cce-4d4a-b9b5-219ffc99a7e8
Gari,Togo,Lomé,RETAIL,2015-02-01,0.43,Kg,4d715bff-fa36-4c52-bae7-9bee18a64e92
Gari,Togo,Amegnran,RETAIL,2015-03-01,0.22,Kg,4146c47d-0b06-41bb-8dc4-ced51ab4b3e2
Gari,Togo,Anie,RETAIL,2015-03-01,0.26,Kg,c1052c56-2741-4cab-aedf-6873f94f0719
Gari,Togo,Cinkassé,RETAIL,2015-03-01,0.42,Kg,751a447d-34fe-48af-b8a1-3687eff7135b
Gari,Togo,Kara,RETAIL,2015-03-01,0.44,Kg,8974b9f3-192d-45fc-84c4-1eec01ed2af2
Gari,Togo,Korbongou,RETAIL,2015-03-01,0.43,Kg,888efb39-5cce-4d4a-b9b5-219ffc99a7e8
Gari,Togo,Lomé,RETAIL,2015-03-01,0.37,Kg,4d715bff-fa36-4c52-bae7-9bee18a64e92
Gari,Togo,Amegnran,RETAIL,2015-04-01,0.17,Kg,4146c47d-0b06-41bb-8dc4-ced51ab4b3e2
Gari,Togo,Anie,RETAIL,2015-04-01,0.25,Kg,c1052c56-2741-4cab-aedf-6873f94f0719
Gari,Togo,Cinkassé,RETAIL,2015-04-01,0.4,Kg,751a447d-34fe-48af-b8a1-3687eff7135b
Gari,Togo,Kara,RETAIL,2015-04-01,0.44,Kg,8974b9f3-192d-45fc-84c4-1eec01ed2af2
Gari,Togo,Korbongou,RETAIL,2015-04-01,0.46,Kg,888efb39-5cce-4d4a-b9b5-219ffc99a7e8
Gari,Togo,Lomé,RETAIL,2015-04-01,0.37,Kg,4d715bff-fa36-4c52-bae7-9bee18a64e92
Gari,Togo,Amegnran,RETAIL,2015-05-01,0.19,Kg,4146c47d-0b06-41bb-8dc4-ced51ab4b3e2
Gari,Togo,Anie,RETAIL,2015-05-01,0.27,Kg,c1052c56-2741-4cab-aedf-6873f94f0719
Gari,Togo,Cinkassé,RETAIL,2015-05-01,0.41,Kg,751a447d-34fe-48af-b8a1-3687eff7135b
Gari,Togo,Kara,RETAIL,2015-05-01,0.45,Kg,8974b9f3-192d-45fc-84c4-1eec01ed2af2
Gari,Togo,Korbongou,RETAIL,2015-05-01,0.49,Kg,888efb39-5cce-4d4a-b9b5-219ffc99a7e8
Gari,Togo,Lomé,RETAIL,2015-05-01,0.42,Kg,4d715bff-fa36-4c52-bae7-9bee18a64e92
Gari,Togo,Amegnran,RETAIL,2015-06-01,0.25,Kg,4146c47d-0b06-41bb-8dc4-ced51ab4b3e2
Gari,Togo,Anie,RETAIL,2015-06-01,0.27,Kg,c1052c56-2741-4cab-aedf-6873f94f0719
Gari,Togo,Cinkassé,RETAIL,2015-06-01,0.41,Kg,751a447d-34fe-48af-b8a1-3687eff7135b
Gari,Togo,Kara,RETAIL,2015-06-01,0.44,Kg,8974b9f3-192d-45fc-84c4-1eec01ed2af2
Gari,Togo,Korbongou,RETAIL,2015-06-01,0.45,Kg,888efb39-5cce-4d4a-b9b5-219ffc99a7e8
Gari,Togo,Lomé,RETAIL,2015-06-01,0.41,Kg,4d715bff-fa36-4c52-bae7-9bee18a64e92
Gari,Togo,Amegnran,RETAIL,2015-07-01,0.24,Kg,4146c47d-0b06-41bb-8dc4-ced51ab4b3e2
Gari,Togo,Anie,RETAIL,2015-07-01,0.3,Kg,c1052c56-2741-4cab-aedf-6873f94f0719
Gari,Togo,Cinkassé,RETAIL,2015-07-01,0.4,Kg,751a447d-34fe-48af-b8a1-3687eff7135b
Gari,Togo,Kara,RETAIL,2015-07-01,0.3,Kg,8974b9f3-192d-45fc-84c4-1eec01ed2af2
Gari,Togo,Korbongou,RETAIL,2015-07-01,0.46,Kg,888efb39-5cce-4d4a-b9b5-219ffc99a7e8
Gari,Togo,Lomé,RETAIL,2015-07-01,0.5,Kg,4d715bff-fa36-4c52-bae7-9bee18a64e92
Gari,Togo,Amegnran,RETAIL,2015-08-01,0.28,Kg,4146c47d-0b06-41bb-8dc4-ced51ab4b3e2
Gari,Togo,Anie,RETAIL,2015-08-01,0.26,Kg,c1052c56-2741-4cab-aedf-6873f94f0719
Gari,Togo,Cinkassé,RETAIL,2015-08-01,0.41,Kg,751a447d-34fe-48af-b8a1-3687eff7135b
Gari,Togo,Kara,RETAIL,2015-08-01,0.31,Kg,8974b9f3-192d-45fc-84c4-1eec01ed2af2
Gari,Togo,Korbongou,RETAIL,2015-08-01,0.39,Kg,888efb39-5cce-4d4a-b9b5-219ffc99a7e8
Gari,Togo,Lomé,RETAIL,2015-08-01,0.51,Kg,4d715bff-fa36-4c52-bae7-9bee18a64e92
Gari,Togo,Amegnran,RETAIL,2015-09-01,0.28,Kg,4146c47d-0b06-41bb-8dc4-ced51ab4b3e2
Gari,Togo,Anie,RETAIL,2015-09-01,0.29,Kg,c1052c56-2741-4cab-aedf-6873f94f0719
Gari,Togo,Cinkassé,RETAIL,2015-09-01,0.41,Kg,751a447d-34fe-48af-b8a1-3687eff7135b
Gari,Togo,Kara,RETAIL,2015-09-01,0.34,Kg,8974b9f3-192d-45fc-84c4-1eec01ed2af2
Gari,Togo,Korbongou,RETAIL,2015-09-01,0.46,Kg,888efb39-5cce-4d4a-b9b5-219ffc99a7e8
Gari,Togo,Lomé,RETAIL,2015-09-01,0.51,Kg,4d715bff-fa36-4c52-bae7-9bee18a64e92
Gari,Togo,Amegnran,RETAIL,2015-10-01,0.32,Kg,4146c47d-0b06-41bb-8dc4-ced51ab4b3e2
Gari,Togo,Anie,RETAIL,2015-10-01,0.3,Kg,c1052c56-2741-4cab-aedf-6873f94f0719
Gari,Togo,Cinkassé,RETAIL,2015-10-01,0.41,Kg,751a447d-34fe-48af-b8a1-3687eff7135b
Gari,Togo,Kara,RETAIL,2015-10-01,0.34,Kg,8974b9f3-192d-45fc-84c4-1eec01ed2af2
Gari,Togo,Korbongou,RETAIL,2015-10-01,0.45,Kg,888efb39-5cce-4d4a-b9b5-219ffc99a7e8
Gari,Togo,Lomé,RETAIL,2015-10-01,0.51,Kg,4d715bff-fa36-4c52-bae7-9bee18a64e92
Gari,Togo,Amegnran,RETAIL,2015-11-01,0.3,Kg,4146c47d-0b06-41bb-8dc4-ced51ab4b3e2
Gari,Togo,Anie,RETAIL,2015-11-01,0.33,Kg,c1052c56-2741-4cab-aedf-6873f94f0719
Gari,Togo,Cinkassé,RETAIL,2015-11-01,0.4,Kg,751a447d-34fe-48af-b8a1-3687eff7135b
Gari,Togo,Kara,RETAIL,2015-11-01,0.32,Kg,8974b9f3-192d-45fc-84c4-1eec01ed2af2
Gari,Togo,Korbongou,RETAIL,2015-11-01,0.4,Kg,888efb39-5cce-4d4a-b9b5-219ffc99a7e8
Gari,Togo,Lomé,RETAIL,2015-11-01,0.49,Kg,4d715bff-fa36-4c52-bae7-9bee18a64e92
Gari,Togo,Amegnran,RETAIL,2015-12-01,0.31,Kg,4146c47d-0b06-41bb-8dc4-ced51ab4b3e2
Gari,Togo,Anie,RETAIL,2015-12-01,0.41,Kg,c1052c56-2741-4cab-aedf-6873f94f0719
Gari,Togo,Cinkassé,RETAIL,2015-12-01,0.4,Kg,751a447d-34fe-48af-b8a1-3687eff7135b
Gari,Togo,Kara,RETAIL,2015-12-01,0.33,Kg,8974b9f3-192d-45fc-84c4-1eec01ed2af2
Gari,Togo,Korbongou,RETAIL,2015-12-01,0.46,Kg,888efb39-5cce-4d4a-b9b5-219ffc99a7e8
Gari,Togo,Lomé,RETAIL,2015-12-01,0.5,Kg,4d715bff-fa36-4c52-bae7-9bee18a64e92
Gari,Togo,Amegnran,RETAIL,2016-01-01,0.23,Kg,4146c47d-0b06-41bb-8dc4-ced51ab4b3e2
Gari,Togo,Anie,RETAIL,2016-01-01,0.32,Kg,c1052c56-2741-4cab-aedf-6873f94f0719
Gari,Togo,Cinkassé,RETAIL,2016-01-01,0.41,Kg,751a447d-34fe-48af-b8a1-3687eff7135b
Gari,Togo,Kara,RETAIL,2016-01-01,0.45,Kg,8974b9f3-192d-45fc-84c4-1eec01ed2af2
Gari,Togo,Korbongou,RETAIL,2016-01-01,0.47,Kg,888efb39-5cce-4d4a-b9b5-219ffc99a7e8
Gari,Togo,Lomé,RETAIL,2016-01-01,0.33,Kg,4d715bff-fa36-4c52-bae7-9bee18a64e92
Gari,Togo,Amegnran,RETAIL,2016-02-01,0.38,Kg,4146c47d-0b06-41bb-8dc4-ced51ab4b3e2
Gari,Togo,Anie,RETAIL,2016-02-01,0.38,Kg,c1052c56-2741-4cab-aedf-6873f94f0719
Gari,Togo,Cinkassé,RETAIL,2016-02-01,0.35,Kg,751a447d-34fe-48af-b8a1-3687eff7135b
Gari,Togo,Kara,RETAIL,2016-02-01,0.45,Kg,8974b9f3-192d-45fc-84c4-1eec01ed2af2
Gari,Togo,Korbongou,RETAIL,2016-02-01,0.45,Kg,888efb39-5cce-4d4a-b9b5-219ffc99a7e8
Gari,Togo,Lomé,RETAIL,2016-02-01,0.38,Kg,4d715bff-fa36-4c52-bae7-9bee18a64e92
Gari,Togo,Amegnran,RETAIL,2016-03-01,0.38,Kg,4146c47d-0b06-41bb-8dc4-ced51ab4b3e2
Gari,Togo,Anie,RETAIL,2016-03-01,0.39,Kg,c1052c56-2741-4cab-aedf-6873f94f0719
Gari,Togo,Cinkassé,RETAIL,2016-03-01,0.35,Kg,751a447d-34fe-48af-b8a1-3687eff7135b
Gari,Togo,Kara,RETAIL,2016-03-01,0.45,Kg,8974b9f3-192d-45fc-84c4-1eec01ed2af2
Gari,Togo,Korbongou,RETAIL,2016-03-01,0.52,Kg,888efb39-5cce-4d4a-b9b5-219ffc99a7e8
Gari,Togo,Lomé,RETAIL,2016-03-01,0.51,Kg,4d715bff-fa36-4c52-bae7-9bee18a64e92
Gari,Togo,Amegnran,RETAIL,2016-04-01,0.46,Kg,4146c47d-0b06-41bb-8dc4-ced51ab4b3e2
Gari,Togo,Anie,RETAIL,2016-04-01,0.38,Kg,c1052c56-2741-4cab-aedf-6873f94f0719
Gari,Togo,Cinkassé,RETAIL,2016-04-01,0.36,Kg,751a447d-34fe-48af-b8a1-3687eff7135b
Gari,Togo,Kara,RETAIL,2016-04-01,0.45,Kg,8974b9f3-192d-45fc-84c4-1eec01ed2af2
Gari,Togo,Korbongou,RETAIL,2016-04-01,0.5,Kg,888efb39-5cce-4d4a-b9b5-219ffc99a7e8
Gari,Togo,Lomé,RETAIL,2016-04-01,0.61,Kg,4d715bff-fa36-4c52-bae7-9bee18a64e92
Gari,Togo,Amegnran,RETAIL,2016-05-01,0.65,Kg,4146c47d-0b06-41bb-8dc4-ced51ab4b3e2
Gari,Togo,Anie,RETAIL,2016-05-01,0.43,Kg,c1052c56-2741-4cab-aedf-6873f94f0719
Gari,Togo,Cinkassé,RETAIL,2016-05-01,0.39,Kg,751a447d-34fe-48af-b8a1-3687eff7135b
Gari,Togo,Kara,RETAIL,2016-05-01,0.44,Kg,8974b9f3-192d-45fc-84c4-1eec01ed2af2
Gari,Togo,Korbongou,RETAIL,2016-05-01,0.51,Kg,888efb39-5cce-4d4a-b9b5-219ffc99a7e8
Gari,Togo,Lomé,RETAIL,2016-05-01,0.69,Kg,4d715bff-fa36-4c52-bae7-9bee18a64e92
Gari,Togo,Amegnran,RETAIL,2016-06-01,0.64,Kg,4146c47d-0b06-41bb-8dc4-ced51ab4b3e2
Gari,Togo,Anie,RETAIL,2016-06-01,0.47,Kg,c1052c56-2741-4cab-aedf-6873f94f0719
Gari,Togo,Cinkassé,RETAIL,2016-06-01,0.55,Kg,751a447d-34fe-48af-b8a1-3687eff7135b
Gari,Togo,Kara,RETAIL,2016-06-01,0.55,Kg,8974b9f3-192d-45fc-84c4-1eec01ed2af2
Gari,Togo,Korbongou,RETAIL,2016-06-01,0.54,Kg,888efb39-5cce-4d4a-b9b5-219ffc99a7e8
Gari,Togo,Lomé,RETAIL,2016-06-01,0.98,Kg,4d715bff-fa36-4c52-bae7-9bee18a64e92
Gari,Togo,Amegnran,RETAIL,2016-07-01,0.84,Kg,4146c47d-0b06-41bb-8dc4-ced51ab4b3e2
Gari,Togo,Anie,RETAIL,2016-07-01,0.38,Kg,c1052c56-2741-4cab-aedf-6873f94f0719
Gari,Togo,Cinkassé,RETAIL,2016-07-01,0.49,Kg,751a447d-34fe-48af-b8a1-3687eff7135b
Gari,Togo,Kara,RETAIL,2016-07-01,0.55,Kg,8974b9f3-192d-45fc-84c4-1eec01ed2af2
Gari,Togo,Korbongou,RETAIL,2016-07-01,0.61,Kg,888efb39-5cce-4d4a-b9b5-219ffc99a7e8
Gari,Togo,Lomé,RETAIL,2016-07-01,0.8,Kg,4d715bff-fa36-4c52-bae7-9bee18a64e92
Gari,Togo,Amegnran,RETAIL,2016-08-01,0.85,Kg,4146c47d-0b06-41bb-8dc4-ced51ab4b3e2
Gari,Togo,Anie,RETAIL,2016-08-01,0.68,Kg,c1052c56-2741-4cab-aedf-6873f94f0719
Gari,Togo,Cinkassé,RETAIL,2016-08-01,0.53,Kg,751a447d-34fe-48af-b8a1-3687eff7135b
Gari,Togo,Kara,RETAIL,2016-08-01,0.53,Kg,8974b9f3-192d-45fc-84c4-1eec01ed2af2
Gari,Togo,Korbongou,RETAIL,2016-08-01,0.59,Kg,888efb39-5cce-4d4a-b9b5-219ffc99a7e8
Gari,Togo,Lomé,RETAIL,2016-08-01,0.9,Kg,4d715bff-fa36-4c52-bae7-9bee18a64e92
Gari,Togo,Amegnran,RETAIL,2016-09-01,0.68,Kg,4146c47d-0b06-41bb-8dc4-ced51ab4b3e2
Gari,Togo,Anie,RETAIL,2016-09-01,0.68,Kg,c1052c56-2741-4cab-aedf-6873f94f0719
Gari,Togo,Cinkassé,RETAIL,2016-09-01,0.49,Kg,751a447d-34fe-48af-b8a1-3687eff7135b
Gari,Togo,Kara,RETAIL,2016-09-01,0.56,Kg,8974b9f3-192d-45fc-84c4-1eec01ed2af2
Gari,Togo,Korbongou,RETAIL,2016-09-01,0.61,Kg,888efb39-5cce-4d4a-b9b5-219ffc99a7e8
Gari,Togo,Lomé,RETAIL,2016-09-01,0.98,Kg,4d715bff-fa36-4c52-bae7-9bee18a64e92
Gari,Togo,Amegnran,RETAIL,2016-10-01,0.84,Kg,4146c47d-0b06-41bb-8dc4-ced51ab4b3e2
Gari,Togo,Anie,RETAIL,2016-10-01,0.55,Kg,c1052c56-2741-4cab-aedf-6873f94f0719
Gari,Togo,Cinkassé,RETAIL,2016-10-01,0.5,Kg,751a447d-34fe-48af-b8a1-3687eff7135b
Gari,Togo,Kara,RETAIL,2016-10-01,0.5,Kg,8974b9f3-192d-45fc-84c4-1eec01ed2af2
Gari,Togo,Korbongou,RETAIL,2016-10-01,0.48,Kg,888efb39-5cce-4d4a-b9b5-219ffc99a7e8
Gari,Togo,Lomé,RETAIL,2016-10-01,0.67,Kg,4d715bff-fa36-4c52-bae7-9bee18a64e92
Gari,Togo,Amegnran,RETAIL,2016-11-01,0.77,Kg,4146c47d-0b06-41bb-8dc4-ced51ab4b3e2
Gari,Togo,Anie,RETAIL,2016-11-01,0.45,Kg,c1052c56-2741-4cab-aedf-6873f94f0719
Gari,Togo,Cinkassé,RETAIL,2016-11-01,0.48,Kg,751a447d-34fe-48af-b8a1-3687eff7135b
Gari,Togo,Kara,RETAIL,2016-11-01,0.42,Kg,8974b9f3-192d-45fc-84c4-1eec01ed2af2
Gari,Togo,Korbongou,RETAIL,2016-11-01,0.4,Kg,888efb39-5cce-4d4a-b9b5-219ffc99a7e8
Gari,Togo,Lomé,RETAIL,2016-11-01,0.66,Kg,4d715bff-fa36-4c52-bae7-9bee18a64e92
Gari,Togo,Amegnran,RETAIL,2016-12-01,0.74,Kg,4146c47d-0b06-41bb-8dc4-ced51ab4b3e2
Gari,Togo,Anie,RETAIL,2016-12-01,0.44,Kg,c1052c56-2741-4cab-aedf-6873f94f0719
Gari,Togo,Cinkassé,RETAIL,2016-12-01,0.38,Kg,751a447d-34fe-48af-b8a1-3687eff7135b
Gari,Togo,Kara,RETAIL,2016-12-01,0.48,Kg,8974b9f3-192d-45fc-84c4-1eec01ed2af2
Gari,Togo,Korbongou,RETAIL,2016-12-01,0.47,Kg,888efb39-5cce-4d4a-b9b5-219ffc99a7e8
Gari,Togo,Lomé,RETAIL,2016-12-01,0.6,Kg,4d715bff-fa36-4c52-bae7-9bee18a64e92
Gari,Togo,Amegnran,RETAIL,2017-01-01,0.4,Kg,4146c47d-0b06-41bb-8dc4-ced51ab4b3e2
Gari,Togo,Anie,RETAIL,2017-01-01,0.37,Kg,c1052c56-2741-4cab-aedf-6873f94f0719
Gari,Togo,Cinkassé,RETAIL,2017-01-01,0.42,Kg,751a447d-34fe-48af-b8a1-3687eff7135b
Gari,Togo,Kara,RETAIL,2017-01-01,0.48,Kg,8974b9f3-192d-45fc-84c4-1eec01ed2af2
Gari,Togo,Korbongou,RETAIL,2017-01-01,0.48,Kg,888efb39-5cce-4d4a-b9b5-219ffc99a7e8
Gari,Togo,Lomé,RETAIL,2017-01-01,0.49,Kg,4d715bff-fa36-4c52-bae7-9bee18a64e92
Gari,Togo,Amegnran,RETAIL,2017-02-01,0.41,Kg,4146c47d-0b06-41bb-8dc4-ced51ab4b3e2
Gari,Togo,Anie,RETAIL,2017-02-01,0.44,Kg,c1052c56-2741-4cab-aedf-6873f94f0719
Gari,Togo,Cinkassé,RETAIL,2017-02-01,0.45,Kg,751a447d-34fe-48af-b8a1-3687eff7135b
Gari,Togo,Kara,RETAIL,2017-02-01,0.49,Kg,8974b9f3-192d-45fc-84c4-1eec01ed2af2
Gari,Togo,Korbongou,RETAIL,2017-02-01,0.49,Kg,888efb39-5cce-4d4a-b9b5-219ffc99a7e8
Gari,Togo,Lomé,RETAIL,2017-02-01,0.73,Kg,4d715bff-fa36-4c52-bae7-9bee18a64e92
Gari,Togo,Amegnran,RETAIL,2017-03-01,0.41,Kg,4146c47d-0b06-41bb-8dc4-ced51ab4b3e2
Gari,Togo,Anie,RETAIL,2017-03-01,0.45,Kg,c1052c56-2741-4cab-aedf-6873f94f0719
Gari,Togo,Cinkassé,RETAIL,2017-03-01,0.44,Kg,751a447d-34fe-48af-b8a1-3687eff7135b
Gari,Togo,Kara,RETAIL,2017-03-01,0.49,Kg,8974b9f3-192d-45fc-84c4-1eec01ed2af2
Gari,Togo,Korbongou,RETAIL,2017-03-01,0.5,Kg,888efb39-5cce-4d4a-b9b5-219ffc99a7e8
Gari,Togo,Lomé,RETAIL,2017-03-01,0.73,Kg,4d715bff-fa36-4c52-bae7-9bee18a64e92
Gari,Togo,Amegnran,RETAIL,2017-04-01,0.44,Kg,4146c47d-0b06-41bb-8dc4-ced51ab4b3e2
Gari,Togo,Anie,RETAIL,2017-04-01,0.52,Kg,c1052c56-2741-4cab-aedf-6873f94f0719
Gari,Togo,Cinkassé,RETAIL,2017-04-01,0.45,Kg,751a447d-34fe-48af-b8a1-3687eff7135b
Gari,Togo,Kara,RETAIL,2017-04-01,0.5,Kg,8974b9f3-192d-45fc-84c4-1eec01ed2af2
Gari,Togo,Korbongou,RETAIL,2017-04-01,0.5,Kg,888efb39-5cce-4d4a-b9b5-219ffc99a7e8
Gari,Togo,Lomé,RETAIL,2017-04-01,0.74,Kg,4d715bff-fa36-4c52-bae7-9bee18a64e92
Gari,Togo,Amegnran,RETAIL,2017-05-01,0.44,Kg,4146c47d-0b06-41bb-8dc4-ced51ab4b3e2
Gari,Togo,Anie,RETAIL,2017-05-01,0.42,Kg,c1052c56-2741-4cab-aedf-6873f94f0719
Gari,Togo,Cinkassé,RETAIL,2017-05-01,0.47,Kg,751a447d-34fe-48af-b8a1-3687eff7135b
Gari,Togo,Kara,RETAIL,2017-05-01,0.53,Kg,8974b9f3-192d-45fc-84c4-1eec01ed2af2
Gari,Togo,Korbongou,RETAIL,2017-05-01,0.54,Kg,888efb39-5cce-4d4a-b9b5-219ffc99a7e8
Gari,Togo,Lomé,RETAIL,2017-05-01,0.93,Kg,4d715bff-fa36-4c52-bae7-9bee18a64e92
Gari,Togo,Amegnran,RETAIL,2017-06-01,0.46,Kg,4146c47d-0b06-41bb-8dc4-ced51ab4b3e2
Gari,Togo,Anie,RETAIL,2017-06-01,0.55,Kg,c1052c56-2741-4cab-aedf-6873f94f0719
Gari,Togo,Cinkassé,RETAIL,2017-06-01,0.48,Kg,751a447d-34fe-48af-b8a1-3687eff7135b
Gari,Togo,Kara,RETAIL,2017-06-01,0.54,Kg,8974b9f3-192d-45fc-84c4-1eec01ed2af2
Gari,Togo,Korbongou,RETAIL,2017-06-01,0.57,Kg,888efb39-5cce-4d4a-b9b5-219ffc99a7e8
Gari,Togo,Lomé,RETAIL,2017-06-01,0.68,Kg,4d715bff-fa36-4c52-bae7-9bee18a64e92
Gari,Guinea,National Average,RETAIL,2017-07-01,0.53,Kg,0da86f7d-b710-4633-bea5-f61054d3d94a
Gari,Togo,Amegnran,RETAIL,2017-07-01,0.47,Kg,4146c47d-0b06-41bb-8dc4-ced51ab4b3e2
Gari,Togo,Anie,RETAIL,2017-07-01,0.56,Kg,c1052c56-2741-4cab-aedf-6873f94f0719
Gari,Togo,Cinkassé,RETAIL,2017-07-01,0.5,Kg,751a447d-34fe-48af-b8a1-3687eff7135b
Gari,Togo,Kara,RETAIL,2017-07-01,0.56,Kg,8974b9f3-192d-45fc-84c4-1eec01ed2af2
Gari,Togo,Korbongou,RETAIL,2017-07-01,0.62,Kg,888efb39-5cce-4d4a-b9b5-219ffc99a7e8
Gari,Togo,Lomé,RETAIL,2017-07-01,0.7,Kg,4d715bff-fa36-4c52-bae7-9bee18a64e92
Gari,Guinea,National Average,RETAIL,2017-08-01,0.54,Kg,0da86f7d-b710-4633-bea5-f61054d3d94a
Gari,Togo,Amegnran,RETAIL,2017-08-01,0.49,Kg,4146c47d-0b06-41bb-8dc4-ced51ab4b3e2
Gari,Togo,Anie,RETAIL,2017-08-01,0.49,Kg,c1052c56-2741-4cab-aedf-6873f94f0719
Gari,Togo,Cinkassé,RETAIL,2017-08-01,0.52,Kg,751a447d-34fe-48af-b8a1-3687eff7135b
Gari,Togo,Kara,RETAIL,2017-08-01,0.58,Kg,8974b9f3-192d-45fc-84c4-1eec01ed2af2
Gari,Togo,Korbongou,RETAIL,2017-08-01,0.65,Kg,888efb39-5cce-4d4a-b9b5-219ffc99a7e8
Gari,Togo,Lomé,RETAIL,2017-08-01,0.72,Kg,4d715bff-fa36-4c52-bae7-9bee18a64e92
Gari,Guinea,National Average,RETAIL,2017-09-01,0.55,Kg,0da86f7d-b710-4633-bea5-f61054d3d94a
Gari,Togo,Amegnran,RETAIL,2017-09-01,0.49,Kg,4146c47d-0b06-41bb-8dc4-ced51ab4b3e2
Gari,Togo,Anie,RETAIL,2017-09-01,0.41,Kg,c1052c56-2741-4cab-aedf-6873f94f0719
Gari,Togo,Cinkassé,RETAIL,2017-09-01,0.51,Kg,751a447d-34fe-48af-b8a1-3687eff7135b
Gari,Togo,Kara,RETAIL,2017-09-01,0.57,Kg,8974b9f3-192d-45fc-84c4-1eec01ed2af2
Gari,Togo,Korbongou,RETAIL,2017-09-01,0.64,Kg,888efb39-5cce-4d4a-b9b5-219ffc99a7e8
Gari,Togo,Lomé,RETAIL,2017-09-01,0.73,Kg,4d715bff-fa36-4c52-bae7-9bee18a64e92
Gari,Guinea,National Average,RETAIL,2017-10-01,0.62,Kg,0da86f7d-b710-4633-bea5-f61054d3d94a
Gari,Togo,Amegnran,RETAIL,2017-10-01,0.47,Kg,4146c47d-0b06-41bb-8dc4-ced51ab4b3e2
Gari,Togo,Anie,RETAIL,2017-10-01,0.57,Kg,c1052c56-2741-4cab-aedf-6873f94f0719
Gari,Togo,Cinkassé,RETAIL,2017-10-01,0.51,Kg,751a447d-34fe-48af-b8a1-3687eff7135b
Gari,Togo,Kara,RETAIL,2017-10-01,0.56,Kg,8974b9f3-192d-45fc-84c4-1eec01ed2af2
Gari,Togo,Korbongou,RETAIL,2017-10-01,0.55,Kg,888efb39-5cce-4d4a-b9b5-219ffc99a7e8
Gari,Togo,Lomé,RETAIL,2017-10-01,0.67,Kg,4d715bff-fa36-4c52-bae7-9bee18a64e92
Gari,Guinea,National Average,RETAIL,2017-11-01,0.67,Kg,0da86f7d-b710-4633-bea5-f61054d3d94a
Gari,Togo,Amegnran,RETAIL,2017-11-01,0.33,Kg,4146c47d-0b06-41bb-8dc4-ced51ab4b3e2
Gari,Togo,Anie,RETAIL,2017-11-01,0.45,Kg,c1052c56-2741-4cab-aedf-6873f94f0719
Gari,Togo,Cinkassé,RETAIL,2017-11-01,0.52,Kg,751a447d-34fe-48af-b8a1-3687eff7135b
Gari,Togo,Kara,RETAIL,2017-11-01,0.57,Kg,8974b9f3-192d-45fc-84c4-1eec01ed2af2
Gari,Togo,Korbongou,RETAIL,2017-11-01,0.57,Kg,888efb39-5cce-4d4a-b9b5-219ffc99a7e8
Gari,Togo,Lomé,RETAIL,2017-11-01,0.72,Kg,4d715bff-fa36-4c52-bae7-9bee18a64e92
Gari,Guinea,National Average,RETAIL,2017-12-01,0.69,Kg,0da86f7d-b710-4633-bea5-f61054d3d94a
Gari,Togo,Amegnran,RETAIL,2017-12-01,0.32,Kg,4146c47d-0b06-41bb-8dc4-ced51ab4b3e2
Gari,Togo,Anie,RETAIL,2017-12-01,0.41,Kg,c1052c56-2741-4cab-aedf-6873f94f0719
Gari,Togo,Cinkassé,RETAIL,2017-12-01,0.55,Kg,751a447d-34fe-48af-b8a1-3687eff7135b
Gari,Togo,Kara,RETAIL,2017-12-01,0.56,Kg,8974b9f3-192d-45fc-84c4-1eec01ed2af2
Gari,Togo,Korbongou,RETAIL,2017-12-01,0.55,Kg,888efb39-5cce-4d4a-b9b5-219ffc99a7e8
Gari,Togo,Lomé,RETAIL,2017-12-01,0.63,Kg,4d715bff-fa36-4c52-bae7-9bee18a64e92
Gari,Guinea,National Average,RETAIL,2018-01-01,0.68,Kg,0da86f7d-b710-4633-bea5-f61054d3d94a
Gari,Togo,Amegnran,RETAIL,2018-01-01,0.34,Kg,4146c47d-0b06-41bb-8dc4-ced51ab4b3e2
Gari,Togo,Anie,RETAIL,2018-01-01,0.51,Kg,c1052c56-2741-4cab-aedf-6873f94f0719
Gari,Togo,Cinkassé,RETAIL,2018-01-01,0.56,Kg,751a447d-34fe-48af-b8a1-3687eff7135b
Gari,Togo,Kara,RETAIL,2018-01-01,0.56,Kg,8974b9f3-192d-45fc-84c4-1eec01ed2af2
Gari,Togo,Korbongou,RETAIL,2018-01-01,0.55,Kg,888efb39-5cce-4d4a-b9b5-219ffc99a7e8
Gari,Togo,Lomé,RETAIL,2018-01-01,0.56,Kg,4d715bff-fa36-4c52-bae7-9bee18a64e92
Gari,Guinea,National Average,RETAIL,2018-02-01,0.69,Kg,0da86f7d-b710-4633-bea5-f61054d3d94a
Gari,Togo,Amegnran,RETAIL,2018-02-01,0.31,Kg,4146c47d-0b06-41bb-8dc4-ced51ab4b3e2
Gari,Togo,Anie,RETAIL,2018-02-01,0.43,Kg,c1052c56-2741-4cab-aedf-6873f94f0719
Gari,Togo,Cinkassé,RETAIL,2018-02-01,0.56,Kg,751a447d-34fe-48af-b8a1-3687eff7135b
Gari,Togo,Kara,RETAIL,2018-02-01,0.56,Kg,8974b9f3-192d-45fc-84c4-1eec01ed2af2
Gari,Togo,Korbongou,RETAIL,2018-02-01,0.55,Kg,888efb39-5cce-4d4a-b9b5-219ffc99a7e8
Gari,Togo,Lomé,RETAIL,2018-02-01,0.45,Kg,4d715bff-fa36-4c52-bae7-9bee18a64e92
Gari,Guinea,National Average,RETAIL,2018-03-01,0.79,Kg,0da86f7d-b710-4633-bea5-f61054d3d94a
Gari,Togo,Amegnran,RETAIL,2018-03-01,0.28,Kg,4146c47d-0b06-41bb-8dc4-ced51ab4b3e2
Gari,Togo,Anie,RETAIL,2018-03-01,0.43,Kg,c1052c56-2741-4cab-aedf-6873f94f0719
Gari,Togo,Cinkassé,RETAIL,2018-03-01,0.54,Kg,751a447d-34fe-48af-b8a1-3687eff7135b
Gari,Togo,Kara,RETAIL,2018-03-01,0.54,Kg,8974b9f3-192d-45fc-84c4-1eec01ed2af2
Gari,Togo,Korbongou,RETAIL,2018-03-01,0.56,Kg,888efb39-5cce-4d4a-b9b5-219ffc99a7e8
Gari,Togo,Lomé,RETAIL,2018-03-01,0.45,Kg,4d715bff-fa36-4c52-bae7-9bee18a64e92
Gari,Guinea,National Average,RETAIL,2018-04-01,0.68,Kg,0da86f7d-b710-4633-bea5-f61054d3d94a
Gari,Togo,Amegnran,RETAIL,2018-04-01,0.26,Kg,4146c47d-0b06-41bb-8dc4-ced51ab4b3e2
Gari,Togo,Anie,RETAIL,2018-04-01,0.42,Kg,c1052c56-2741-4cab-aedf-6873f94f0719
Gari,Togo,Cinkassé,RETAIL,2018-04-01,0.55,Kg,751a447d-34fe-48af-b8a1-3687eff7135b
Gari,Togo,Kara,RETAIL,2018-04-01,0.54,Kg,8974b9f3-192d-45fc-84c4-1eec01ed2af2
Gari,Togo,Korbongou,RETAIL,2018-04-01,0.53,Kg,888efb39-5cce-4d4a-b9b5-219ffc99a7e8
Gari,Togo,Lomé,RETAIL,2018-04-01,0.37,Kg,4d715bff-fa36-4c52-bae7-9bee18a64e92
Gari,Guinea,National Average,RETAIL,2018-05-01,0.83,Kg,0da86f7d-b710-4633-bea5-f61054d3d94a
Gari,Togo,Amegnran,RETAIL,2018-05-01,0.23,Kg,4146c47d-0b06-41bb-8dc4-ced51ab4b3e2
Gari,Togo,Anie,RETAIL,2018-05-01,0.41,Kg,c1052c56-2741-4cab-aedf-6873f94f0719
Gari,Togo,Cinkassé,RETAIL,2018-05-01,0.54,Kg,751a447d-34fe-48af-b8a1-3687eff7135b
Gari,Togo,Kara,RETAIL,2018-05-01,0.54,Kg,8974b9f3-192d-45fc-84c4-1eec01ed2af2
Gari,Togo,Korbongou,RETAIL,2018-05-01,0.54,Kg,888efb39-5cce-4d4a-b9b5-219ffc99a7e8
Gari,Togo,Lomé,RETAIL,2018-05-01,0.39,Kg,4d715bff-fa36-4c52-bae7-9bee18a64e92
Gari,Guinea,National Average,RETAIL,2018-06-01,0.79,Kg,0da86f7d-b710-4633-bea5-f61054d3d94a
Gari,Togo,Amegnran,RETAIL,2018-06-01,0.24,Kg,4146c47d-0b06-41bb-8dc4-ced51ab4b3e2
Gari,Togo,Anie,RETAIL,2018-06-01,0.45,Kg,c1052c56-2741-4cab-aedf-6873f94f0719
Gari,Togo,Cinkassé,RETAIL,2018-06-01,0.54,Kg,751a447d-34fe-48af-b8a1-3687eff7135b
Gari,Togo,Kara,RETAIL,2018-06-01,0.54,Kg,8974b9f3-192d-45fc-84c4-1eec01ed2af2
Gari,Togo,Korbongou,RETAIL,2018-06-01,0.54,Kg,888efb39-5cce-4d4a-b9b5-219ffc99a7e8
Gari,Togo,Lomé,RETAIL,2018-06-01,0.39,Kg,4d715bff-fa36-4c52-bae7-9bee18a64e92
Gari,Guinea,National Average,RETAIL,2018-07-01,0.71,Kg,0da86f7d-b710-4633-bea5-f61054d3d94a
Gari,Togo,Amegnran,RETAIL,2018-07-01,0.24,Kg,4146c47d-0b06-41bb-8dc4-ced51ab4b3e2
Gari,Togo,Anie,RETAIL,2018-07-01,0.49,Kg,c1052c56-2741-4cab-aedf-6873f94f0719
Gari,Togo,Cinkassé,RETAIL,2018-07-01,0.55,Kg,751a447d-34fe-48af-b8a1-3687eff7135b
Gari,Togo,Kara,RETAIL,2018-07-01,0.54,Kg,8974b9f3-192d-45fc-84c4-1eec01ed2af2
Gari,Togo,Korbongou,RETAIL,2018-07-01,0.55,Kg,888efb39-5cce-4d4a-b9b5-219ffc99a7e8
Gari,Togo,Lomé,RETAIL,2018-07-01,0.36,Kg,4d715bff-fa36-4c52-bae7-9bee18a64e92
Gari,Guinea,National Average,RETAIL,2018-08-01,0.7,Kg,0da86f7d-b710-4633-bea5-f61054d3d94a
Gari,Togo,Amegnran,RETAIL,2018-08-01,0.26,Kg,4146c47d-0b06-41bb-8dc4-ced51ab4b3e2
Gari,Togo,Anie,RETAIL,2018-08-01,0.4,Kg,c1052c56-2741-4cab-aedf-6873f94f0719
Gari,Togo,Cinkassé,RETAIL,2018-08-01,0.54,Kg,751a447d-34fe-48af-b8a1-3687eff7135b
Gari,Togo,Kara,RETAIL,2018-08-01,0.54,Kg,8974b9f3-192d-45fc-84c4-1eec01ed2af2
Gari,Togo,Korbongou,RETAIL,2018-08-01,0.54,Kg,888efb39-5cce-4d4a-b9b5-219ffc99a7e8
Gari,Togo,Lomé,RETAIL,2018-08-01,0.35,Kg,4d715bff-fa36-4c52-bae7-9bee18a64e92
Gari,Guinea,National Average,RETAIL,2018-09-01,0.67,Kg,0da86f7d-b710-4633-bea5-f61054d3d94a
Gari,Togo,Amegnran,RETAIL,2018-09-01,0.24,Kg,4146c47d-0b06-41bb-8dc4-ced51ab4b3e2
Gari,Togo,Anie,RETAIL,2018-09-01,0.4,Kg,c1052c56-2741-4cab-aedf-6873f94f0719
Gari,Togo,Cinkassé,RETAIL,2018-09-01,0.53,Kg,751a447d-34fe-48af-b8a1-3687eff7135b
Gari,Togo,Kara,RETAIL,2018-09-01,0.5,Kg,8974b9f3-192d-45fc-84c4-1eec01ed2af2
Gari,Togo,Korbongou,RETAIL,2018-09-01,0.49,Kg,888efb39-5cce-4d4a-b9b5-219ffc99a7e8
Gari,Togo,Lomé,RETAIL,2018-09-01,0.36,Kg,4d715bff-fa36-4c52-bae7-9bee18a64e92
Gari,Guinea,National Average,RETAIL,2018-10-01,0.55,Kg,0da86f7d-b710-4633-bea5-f61054d3d94a
Gari,Togo,Amegnran,RETAIL,2018-10-01,0.25,Kg,4146c47d-0b06-41bb-8dc4-ced51ab4b3e2
Gari,Togo,Anie,RETAIL,2018-10-01,0.4,Kg,c1052c56-2741-4cab-aedf-6873f94f0719
Gari,Togo,Cinkassé,RETAIL,2018-10-01,0.52,Kg,751a447d-34fe-48af-b8a1-3687eff7135b
Gari,Togo,Kara,RETAIL,2018-10-01,0.52,Kg,8974b9f3-192d-45fc-84c4-1eec01ed2af2
Gari,Togo,Korbongou,RETAIL,2018-10-01,0.5,Kg,888efb39-5cce-4d4a-b9b5-219ffc99a7e8
Gari,Togo,Lomé,RETAIL,2018-10-01,0.35,Kg,4d715bff-fa36-4c52-bae7-9bee18a64e92
Gari,Guinea,National Average,RETAIL,2018-11-01,0.67,Kg,0da86f7d-b710-4633-bea5-f61054d3d94a
Gari,Togo,Amegnran,RETAIL,2018-11-01,0.24,Kg,4146c47d-0b06-41bb-8dc4-ced51ab4b3e2
Gari,Togo,Anie,RETAIL,2018-11-01,0.43,Kg,c1052c56-2741-4cab-aedf-6873f94f0719
Gari,Togo,Cinkassé,RETAIL,2018-11-01,0.47,Kg,751a447d-34fe-48af-b8a1-3687eff7135b
Gari,Togo,Kara,RETAIL,2018-11-01,0.5,Kg,8974b9f3-192d-45fc-84c4-1eec01ed2af2
Gari,Togo,Korbongou,RETAIL,2018-11-01,0.48,Kg,888efb39-5cce-4d4a-b9b5-219ffc99a7e8
Gari,Togo,Lomé,RETAIL,2018-11-01,0.35,Kg,4d715bff-fa36-4c52-bae7-9bee18a64e92
Gari,Guinea,National Average,RETAIL,2018-12-01,0.68,Kg,0da86f7d-b710-4633-bea5-f61054d3d94a
Gari,Togo,Amegnran,RETAIL,2018-12-01,0.25,Kg,4146c47d-0b06-41bb-8dc4-ced51ab4b3e2
Gari,Togo,Anie,RETAIL,2018-12-01,0.39,Kg,c1052c56-2741-4cab-aedf-6873f94f0719
Gari,Togo,Cinkassé,RETAIL,2018-12-01,0.49,Kg,751a447d-34fe-48af-b8a1-3687eff7135b
Gari,Togo,Kara,RETAIL,2018-12-01,0.5,Kg,8974b9f3-192d-45fc-84c4-1eec01ed2af2
Gari,Togo,Korbongou,RETAIL,2018-12-01,0.49,Kg,888efb39-5cce-4d4a-b9b5-219ffc99a7e8
Gari,Togo,Lomé,RETAIL,2018-12-01,0.35,Kg,4d715bff-fa36-4c52-bae7-9bee18a64e92
Gari,Guinea,National Average,RETAIL,2019-01-01,0.64,Kg,0da86f7d-b710-4633-bea5-f61054d3d94a
Gari,Togo,Amegnran,RETAIL,2019-01-01,0.26,Kg,4146c47d-0b06-41bb-8dc4-ced51ab4b3e2
Gari,Togo,Anie,RETAIL,2019-01-01,0.4,Kg,c1052c56-2741-4cab-aedf-6873f94f0719
Gari,Togo,Cinkassé,RETAIL,2019-01-01,0.49,Kg,751a447d-34fe-48af-b8a1-3687eff7135b
Gari,Togo,Kara,RETAIL,2019-01-01,0.39,Kg,8974b9f3-192d-45fc-84c4-1eec01ed2af2
Gari,Togo,Korbongou,RETAIL,2019-01-01,0.51,Kg,888efb39-5cce-4d4a-b9b5-219ffc99a7e8
Gari,Togo,Lomé,RETAIL,2019-01-01,0.43,Kg,4d715bff-fa36-4c52-bae7-9bee18a64e92
Gari,Guinea,National Average,RETAIL,2019-02-01,0.69,Kg,0da86f7d-b710-4633-bea5-f61054d3d94a
Gari,Togo,Amegnran,RETAIL,2019-02-01,0.22,Kg,4146c47d-0b06-41bb-8dc4-ced51ab4b3e2
Gari,Togo,Anie,RETAIL,2019-02-01,0.39,Kg,c1052c56-2741-4cab-aedf-6873f94f0719
Gari,Togo,Cinkassé,RETAIL,2019-02-01,0.48,Kg,751a447d-34fe-48af-b8a1-3687eff7135b
Gari,Togo,Kara,RETAIL,2019-02-01,0.38,Kg,8974b9f3-192d-45fc-84c4-1eec01ed2af2
Gari,Togo,Korbongou,RETAIL,2019-02-01,0.48,Kg,888efb39-5cce-4d4a-b9b5-219ffc99a7e8
Gari,Togo,Lomé,RETAIL,2019-02-01,0.4,Kg,4d715bff-fa36-4c52-bae7-9bee18a64e92
Gari,Guinea,National Average,RETAIL,2019-03-01,0.68,Kg,0da86f7d-b710-4633-bea5-f61054d3d94a
Gari,Togo,Amegnran,RETAIL,2019-03-01,0.17,Kg,4146c47d-0b06-41bb-8dc4-ced51ab4b3e2
Gari,Togo,Anie,RETAIL,2019-03-01,0.39,Kg,c1052c56-2741-4cab-aedf-6873f94f0719
Gari,Togo,Cinkassé,RETAIL,2019-03-01,0.48,Kg,751a447d-34fe-48af-b8a1-3687eff7135b
Gari,Togo,Kara,RETAIL,2019-03-01,0.38,Kg,8974b9f3-192d-45fc-84c4-1eec01ed2af2
Gari,Togo,Korbongou,RETAIL,2019-03-01,0.47,Kg,888efb39-5cce-4d4a-b9b5-219ffc99a7e8
Gari,Togo,Lomé,RETAIL,2019-03-01,0.4,Kg,4d715bff-fa36-4c52-bae7-9bee18a64e92
Gari,Guinea,National Average,RETAIL,2019-04-01,0.68,Kg,0da86f7d-b710-4633-bea5-f61054d3d94a
Gari,Togo,Amegnran,RETAIL,2019-04-01,0.17,Kg,4146c47d-0b06-41bb-8dc4-ced51ab4b3e2
Gari,Togo,Anie,RETAIL,2019-04-01,0.47,Kg,c1052c56-2741-4cab-aedf-6873f94f0719
Gari,Togo,Cinkassé,RETAIL,2019-04-01,0.5,Kg,751a447d-34fe-48af-b8a1-3687eff7135b
Gari,Togo,Kara,RETAIL,2019-04-01,0.38,Kg,8974b9f3-192d-45fc-84c4-1eec01ed2af2
Gari,Togo,Korbongou,RETAIL,2019-04-01,0.48,Kg,888efb39-5cce-4d4a-b9b5-219ffc99a7e8
Gari,Togo,Lomé,RETAIL,2019-04-01,0.4,Kg,4d715bff-fa36-4c52-bae7-9bee18a64e92
Gari,Guinea,National Average,RETAIL,2019-05-01,0.68,Kg,0da86f7d-b710-4633-bea5-f61054d3d94a
Gari,Togo,Amegnran,RETAIL,2019-05-01,0.17,Kg,4146c47d-0b06-41bb-8dc4-ced51ab4b3e2
Gari,Togo,Anie,RETAIL,2019-05-01,0.39,Kg,c1052c56-2741-4cab-aedf-6873f94f0719
Gari,Togo,Cinkassé,RETAIL,2019-05-01,0.49,Kg,751a447d-34fe-48af-b8a1-3687eff7135b
Gari,Togo,Kara,RETAIL,2019-05-01,0.38,Kg,8974b9f3-192d-45fc-84c4-1eec01ed2af2
Gari,Togo,Korbongou,RETAIL,2019-05-01,0.46,Kg,888efb39-5cce-4d4a-b9b5-219ffc99a7e8
Gari,Togo,Lomé,RETAIL,2019-05-01,0.41,Kg,4d715bff-fa36-4c52-bae7-9bee18a64e92
Gari,Guinea,National Average,RETAIL,2019-06-01,0.65,Kg,0da86f7d-b710-4633-bea5-f61054d3d94a
Gari,Togo,Amegnran,RETAIL,2019-06-01,0.23,Kg,4146c47d-0b06-41bb-8dc4-ced51ab4b3e2
Gari,Togo,Anie,RETAIL,2019-06-01,0.39,Kg,c1052c56-2741-4cab-aedf-6873f94f0719
Gari,Togo,Cinkassé,RETAIL,2019-06-01,0.52,Kg,751a447d-34fe-48af-b8a1-3687eff7135b
Gari,Togo,Kara,RETAIL,2019-06-01,0.38,Kg,8974b9f3-192d-45fc-84c4-1eec01ed2af2
Gari,Togo,Korbongou,RETAIL,2019-06-01,0.49,Kg,888efb39-5cce-4d4a-b9b5-219ffc99a7e8
Gari,Togo,Lomé,RETAIL,2019-06-01,0.41,Kg,4d715bff-fa36-4c52-bae7-9bee18a64e92
Gari,Guinea,National Average,RETAIL,2019-07-01,0.68,Kg,0da86f7d-b710-4633-bea5-f61054d3d94a
Gari,Togo,Amegnran,RETAIL,2019-07-01,0.23,Kg,4146c47d-0b06-41bb-8dc4-ced51ab4b3e2
Gari,Togo,Anie,RETAIL,2019-07-01,0.35,Kg,c1052c56-2741-4cab-aedf-6873f94f0719
Gari,Togo,Cinkassé,RETAIL,2019-07-01,0.5,Kg,751a447d-34fe-48af-b8a1-3687eff7135b
Gari,Togo,Kara,RETAIL,2019-07-01,0.38,Kg,8974b9f3-192d-45fc-84c4-1eec01ed2af2
Gari,Togo,Korbongou,RETAIL,2019-07-01,0.44,Kg,888efb39-5cce-4d4a-b9b5-219ffc99a7e8
Gari,Togo,Lomé,RETAIL,2019-07-01,0.41,Kg,4d715bff-fa36-4c52-bae7-9bee18a64e92
Gari,Guinea,National Average,RETAIL,2019-08-01,0.71,Kg,0da86f7d-b710-4633-bea5-f61054d3d94a
Gari,Togo,Amegnran,RETAIL,2019-08-01,0.24,Kg,4146c47d-0b06-41bb-8dc4-ced51ab4b3e2
Gari,Togo,Anie,RETAIL,2019-08-01,0.39,Kg,c1052c56-2741-4cab-aedf-6873f94f0719
Gari,Togo,Cinkassé,RETAIL,2019-08-01,0.47,Kg,751a447d-34fe-48af-b8a1-3687eff7135b
Gari,Togo,Kara,RETAIL,2019-08-01,0.38,Kg,8974b9f3-192d-45fc-84c4-1eec01ed2af2
Gari,Togo,Korbongou,RETAIL,2019-08-01,0.46,Kg,888efb39-5cce-4d4a-b9b5-219ffc99a7e8
Gari,Togo,Lomé,RETAIL,2019-08-01,0.41,Kg,4d715bff-fa36-4c52-bae7-9bee18a64e92
Gari,Guinea,National Average,RETAIL,2019-09-01,0.71,Kg,0da86f7d-b710-4633-bea5-f61054d3d94a
Gari,Togo,Amegnran,RETAIL,2019-09-01,0.23,Kg,4146c47d-0b06-41bb-8dc4-ced51ab4b3e2
Gari,Togo,Anie,RETAIL,2019-09-01,0.44,Kg,c1052c56-2741-4cab-aedf-6873f94f0719
Gari,Togo,Cinkassé,RETAIL,2019-09-01,0.48,Kg,751a447d-34fe-48af-b8a1-3687eff7135b
Gari,Togo,Kara,RETAIL,2019-09-01,0.37,Kg,8974b9f3-192d-45fc-84c4-1eec01ed2af2
Gari,Togo,Korbongou,RETAIL,2019-09-01,0.45,Kg,888efb39-5cce-4d4a-b9b5-219ffc99a7e8
Gari,Togo,Lomé,RETAIL,2019-09-01,0.4,Kg,4d715bff-fa36-4c52-bae7-9bee18a64e92
Gari,Guinea,National Average,RETAIL,2019-10-01,0.76,Kg,0da86f7d-b710-4633-bea5-f61054d3d94a
Gari,Togo,Amegnran,RETAIL,2019-10-01,0.24,Kg,4146c47d-0b06-41bb-8dc4-ced51ab4b3e2
Gari,Togo,Anie,RETAIL,2019-10-01,0.39,Kg,c1052c56-2741-4cab-aedf-6873f94f0719
Gari,Togo,Cinkassé,RETAIL,2019-10-01,0.49,Kg,751a447d-34fe-48af-b8a1-3687eff7135b
Gari,Togo,Kara,RETAIL,2019-10-01,0.37,Kg,8974b9f3-192d-45fc-84c4-1eec01ed2af2
Gari,Togo,Korbongou,RETAIL,2019-10-01,0.46,Kg,888efb39-5cce-4d4a-b9b5-219ffc99a7e8
Gari,Togo,Lomé,RETAIL,2019-10-01,0.44,Kg,4d715bff-fa36-4c52-bae7-9bee18a64e92
Gari,Guinea,National Average,RETAIL,2019-11-01,0.72,Kg,0da86f7d-b710-4633-bea5-f61054d3d94a
Gari,Togo,Amegnran,RETAIL,2019-11-01,0.23,Kg,4146c47d-0b06-41bb-8dc4-ced51ab4b3e2
Gari,Togo,Anie,RETAIL,2019-11-01,0.34,Kg,c1052c56-2741-4cab-aedf-6873f94f0719
Gari,Togo,Cinkassé,RETAIL,2019-11-01,0.42,Kg,751a447d-34fe-48af-b8a1-3687eff7135b
Gari,Togo,Kara,RETAIL,2019-11-01,0.34,Kg,8974b9f3-192d-45fc-84c4-1eec01ed2af2
Gari,Togo,Korbongou,RETAIL,2019-11-01,0.4,Kg,888efb39-5cce-4d4a-b9b5-219ffc99a7e8
Gari,Togo,Lomé,RETAIL,2019-11-01,0.45,Kg,4d715bff-fa36-4c52-bae7-9bee18a64e92
Gari,Guinea,National Average,RETAIL,2019-12-01,0.77,Kg,0da86f7d-b710-4633-bea5-f61054d3d94a
Gari,Togo,Amegnran,RETAIL,2019-12-01,0.3,Kg,4146c47d-0b06-41bb-8dc4-ced51ab4b3e2
Gari,Togo,Anie,RETAIL,2019-12-01,0.34,Kg,c1052c56-2741-4cab-aedf-6873f94f0719
Gari,Togo,Cinkassé,RETAIL,2019-12-01,0.41,Kg,751a447d-34fe-48af-b8a1-3687eff7135b
Gari,Togo,Kara,RETAIL,2019-12-01,0.34,Kg,8974b9f3-192d-45fc-84c4-1eec01ed2af2
Gari,Togo,Korbongou,RETAIL,2019-12-01,0.44,Kg,888efb39-5cce-4d4a-b9b5-219ffc99a7e8
Gari,Togo,Lomé,RETAIL,2019-12-01,0.44,Kg,4d715bff-fa36-4c52-bae7-9bee18a64e92
Gari,Togo,Savanes Region,RETAIL,2019-12-01,0.87,Kg,c3b5ad83-36d1-49b2-acec-aa60d509d7ea
Gari,Guinea,National Average,RETAIL,2020-01-01,0.77,Kg,0da86f7d-b710-4633-bea5-f61054d3d94a
Gari,Togo,Amegnran,RETAIL,2020-01-01,0.36,Kg,4146c47d-0b06-41bb-8dc4-ced51ab4b3e2
Gari,Togo,Anie,RETAIL,2020-01-01,0.34,Kg,c1052c56-2741-4cab-aedf-6873f94f0719
Gari,Togo,Centrale Region,RETAIL,2020-01-01,0.47,Kg,2953e1e1-f53d-4e01-befe-3de0c3560c46
Gari,Togo,Cinkassé,RETAIL,2020-01-01,0.41,Kg,751a447d-34fe-48af-b8a1-3687eff7135b
Gari,Togo,Kara,RETAIL,2020-01-01,0.34,Kg,8974b9f3-192d-45fc-84c4-1eec01ed2af2
Gari,Togo,Korbongou,RETAIL,2020-01-01,0.48,Kg,888efb39-5cce-4d4a-b9b5-219ffc99a7e8
Gari,Togo,Lomé,RETAIL,2020-01-01,0.46,Kg,4d715bff-fa36-4c52-bae7-9bee18a64e92
Gari,Togo,Maritime Region,RETAIL,2020-01-01,0.61,Kg,0a8aa04f-056b-4c65-8f38-c46b73465b00
Gari,Togo,Savanes Region,RETAIL,2020-01-01,0.68,Kg,c3b5ad83-36d1-49b2-acec-aa60d509d7ea
Gari,Guinea,National Average,RETAIL,2020-02-01,0.71,Kg,0da86f7d-b710-4633-bea5-f61054d3d94a
Gari,Togo,Amegnran,RETAIL,2020-02-01,0.35,Kg,4146c47d-0b06-41bb-8dc4-ced51ab4b3e2
Gari,Togo,Anie,RETAIL,2020-02-01,0.35,Kg,c1052c56-2741-4cab-aedf-6873f94f0719
Gari,Togo,Centrale Region,RETAIL,2020-02-01,0.47,Kg,2953e1e1-f53d-4e01-befe-3de0c3560c46
Gari,Togo,Cinkassé,RETAIL,2020-02-01,0.4,Kg,751a447d-34fe-48af-b8a1-3687eff7135b
Gari,Togo,Kara,RETAIL,2020-02-01,0.33,Kg,8974b9f3-192d-45fc-84c4-1eec01ed2af2
Gari,Togo,Korbongou,RETAIL,2020-02-01,0.47,Kg,888efb39-5cce-4d4a-b9b5-219ffc99a7e8
Gari,Togo,Lomé,RETAIL,2020-02-01,0.45,Kg,4d715bff-fa36-4c52-bae7-9bee18a64e92
Gari,Togo,Maritime Region,RETAIL,2020-02-01,0.59,Kg,0a8aa04f-056b-4c65-8f38-c46b73465b00
Gari,Togo,Savanes Region,RETAIL,2020-02-01,0.6,Kg,c3b5ad83-36d1-49b2-acec-aa60d509d7ea
Gari,Guinea,National Average,RETAIL,2020-03-01,0.75,Kg,0da86f7d-b710-4633-bea5-f61054d3d94a
Gari,Togo,Amegnran,RETAIL,2020-03-01,0.37,Kg,4146c47d-0b06-41bb-8dc4-ced51ab4b3e2
Gari,Togo,Anie,RETAIL,2020-03-01,0.34,Kg,c1052c56-2741-4cab-aedf-6873f94f0719
Gari,Togo,Centrale Region,RETAIL,2020-03-01,0.46,Kg,2953e1e1-f53d-4e01-befe-3de0c3560c46
Gari,Togo,Cinkassé,RETAIL,2020-03-01,0.41,Kg,751a447d-34fe-48af-b8a1-3687eff7135b
Gari,Togo,Kara,RETAIL,2020-03-01,0.37,Kg,8974b9f3-192d-45fc-84c4-1eec01ed2af2
Gari,Togo,Korbongou,RETAIL,2020-03-01,0.48,Kg,888efb39-5cce-4d4a-b9b5-219ffc99a7e8
Gari,Togo,Lomé,RETAIL,2020-03-01,0.47,Kg,4d715bff-fa36-4c52-bae7-9bee18a64e92
Gari,Togo,Maritime Region,RETAIL,2020-03-01,0.6,Kg,0a8aa04f-056b-4c65-8f38-c46b73465b00
Gari,Togo,Savanes Region,RETAIL,2020-03-01,0.74,Kg,c3b5ad83-36d1-49b2-acec-aa60d509d7ea
Gari,Guinea,National Average,RETAIL,2020-04-01,0.75,Kg,0da86f7d-b710-4633-bea5-f61054d3d94a
Gari,Togo,Amegnran,RETAIL,2020-04-01,0.41,Kg,4146c47d-0b06-41bb-8dc4-ced51ab4b3e2
Gari,Togo,Anie,RETAIL,2020-04-01,0.36,Kg,c1052c56-2741-4cab-aedf-6873f94f0719
Gari,Togo,Centrale Region,RETAIL,2020-04-01,0.45,Kg,2953e1e1-f53d-4e01-befe-3de0c3560c46
Gari,Togo,Cinkassé,RETAIL,2020-04-01,0.42,Kg,751a447d-34fe-48af-b8a1-3687eff7135b
Gari,Togo,Kara,RETAIL,2020-04-01,0.4,Kg,8974b9f3-192d-45fc-84c4-1eec01ed2af2
Gari,Togo,Korbongou,RETAIL,2020-04-01,0.45,Kg,888efb39-5cce-4d4a-b9b5-219ffc99a7e8
Gari,Togo,Lomé,RETAIL,2020-04-01,0.46,Kg,4d715bff-fa36-4c52-bae7-9bee18a64e92
Gari,Togo,Maritime Region,RETAIL,2020-04-01,0.75,Kg,0a8aa04f-056b-4c65-8f38-c46b73465b00
Gari,Togo,Savanes Region,RETAIL,2020-04-01,0.68,Kg,c3b5ad83-36d1-49b2-acec-aa60d509d7ea
Gari,Guinea,National Average,RETAIL,2020-05-01,0.76,Kg,0da86f7d-b710-4633-bea5-f61054d3d94a
Gari,Togo,Amegnran,RETAIL,2020-05-01,0.4,Kg,4146c47d-0b06-41bb-8dc4-ced51ab4b3e2
Gari,Togo,Anie,RETAIL,2020-05-01,0.33,Kg,c1052c56-2741-4cab-aedf-6873f94f0719
Gari,Togo,Centrale Region,RETAIL,2020-05-01,0.46,Kg,2953e1e1-f53d-4e01-befe-3de0c3560c46
Gari,Togo,Cinkassé,RETAIL,2020-05-01,0.4,Kg,751a447d-34fe-48af-b8a1-3687eff7135b
Gari,Togo,Kara,RETAIL,2020-05-01,0.43,Kg,8974b9f3-192d-45fc-84c4-1eec01ed2af2
Gari,Togo,Korbongou,RETAIL,2020-05-01,0.51,Kg,888efb39-5cce-4d4a-b9b5-219ffc99a7e8
Gari,Togo,Lomé,RETAIL,2020-05-01,0.47,Kg,4d715bff-fa36-4c52-bae7-9bee18a64e92
Gari,Togo,Maritime Region,RETAIL,2020-05-01,0.67,Kg,0a8aa04f-056b-4c65-8f38-c46b73465b00
Gari,Togo,Savanes Region,RETAIL,2020-05-01,0.61,Kg,c3b5ad83-36d1-49b2-acec-aa60d509d7ea
Gari,Guinea,National Average,RETAIL,2020-06-01,0.76,Kg,0da86f7d-b710-4633-bea5-f61054d3d94a
Gari,Togo,Amegnran,RETAIL,2020-06-01,0.53,Kg,4146c47d-0b06-41bb-8dc4-ced51ab4b3e2
Gari,Togo,Anie,RETAIL,2020-06-01,0.34,Kg,c1052c56-2741-4cab-aedf-6873f94f0719
Gari,Togo,Centrale Region,RETAIL,2020-06-01,0.47,Kg,2953e1e1-f53d-4e01-befe-3de0c3560c46
Gari,Togo,Cinkassé,RETAIL,2020-06-01,0.52,Kg,751a447d-34fe-48af-b8a1-3687eff7135b
Gari,Togo,Kara,RETAIL,2020-06-01,0.48,Kg,8974b9f3-192d-45fc-84c4-1eec01ed2af2
Gari,Togo,Korbongou,RETAIL,2020-06-01,0.51,Kg,888efb39-5cce-4d4a-b9b5-219ffc99a7e8
Gari,Togo,Lomé,RETAIL,2020-06-01,0.55,Kg,4d715bff-fa36-4c52-bae7-9bee18a64e92
Gari,Togo,Maritime Region,RETAIL,2020-06-01,0.66,Kg,0a8aa04f-056b-4c65-8f38-c46b73465b00
Gari,Togo,Savanes Region,RETAIL,2020-06-01,0.65,Kg,c3b5ad83-36d1-49b2-acec-aa60d509d7ea
Gari,Guinea,National Average,RETAIL,2020-07-01,0.76,Kg,0da86f7d-b710-4633-bea5-f61054d3d94a
Gari,Togo,Amegnran,RETAIL,2020-07-01,0.52,Kg,4146c47d-0b06-41bb-8dc4-ced51ab4b3e2
Gari,Togo,Anie,RETAIL,2020-07-01,0.35,Kg,c1052c56-2741-4cab-aedf-6873f94f0719
Gari,Togo,Centrale Region,RETAIL,2020-07-01,0.64,Kg,2953e1e1-f53d-4e01-befe-3de0c3560c46
Gari,Togo,Cinkassé,RETAIL,2020-07-01,0.49,Kg,751a447d-34fe-48af-b8a1-3687eff7135b
Gari,Togo,Kara,RETAIL,2020-07-01,0.46,Kg,8974b9f3-192d-45fc-84c4-1eec01ed2af2
Gari,Togo,Korbongou,RETAIL,2020-07-01,0.52,Kg,888efb39-5cce-4d4a-b9b5-219ffc99a7e8
Gari,Togo,Lomé,RETAIL,2020-07-01,0.54,Kg,4d715bff-fa36-4c52-bae7-9bee18a64e92
Gari,Togo,Maritime Region,RETAIL,2020-07-01,0.67,Kg,0a8aa04f-056b-4c65-8f38-c46b73465b00
Gari,Togo,Savanes Region,RETAIL,2020-07-01,0.97,Kg,c3b5ad83-36d1-49b2-acec-aa60d509d7ea
Gari,Guinea,National Average,RETAIL,2020-08-01,0.73,Kg,0da86f7d-b710-4633-bea5-f61054d3d94a
Gari,Togo,Amegnran,RETAIL,2020-08-01,0.56,Kg,4146c47d-0b06-41bb-8dc4-ced51ab4b3e2
Gari,Togo,Anie,RETAIL,2020-08-01,0.41,Kg,c1052c56-2741-4cab-aedf-6873f94f0719
Gari,Togo,Centrale Region,RETAIL,2020-08-01,0.72,Kg,2953e1e1-f53d-4e01-befe-3de0c3560c46
Gari,Togo,Cinkassé,RETAIL,2020-08-01,0.58,Kg,751a447d-34fe-48af-b8a1-3687eff7135b
Gari,Togo,Kara,RETAIL,2020-08-01,0.49,Kg,8974b9f3-192d-45fc-84c4-1eec01ed2af2
Gari,Togo,Korbongou,RETAIL,2020-08-01,0.55,Kg,888efb39-5cce-4d4a-b9b5-219ffc99a7e8
Gari,Togo,Lomé,RETAIL,2020-08-01,0.58,Kg,4d715bff-fa36-4c52-bae7-9bee18a64e92
Gari,Togo,Maritime Region,RETAIL,2020-08-01,0.76,Kg,0a8aa04f-056b-4c65-8f38-c46b73465b00
Gari,Togo,Savanes Region,RETAIL,2020-08-01,0.79,Kg,c3b5ad83-36d1-49b2-acec-aa60d509d7ea
Gari,Guinea,National Average,RETAIL,2020-09-01,0.71,Kg,0da86f7d-b710-4633-bea5-f61054d3d94a
Gari,Togo,Amegnran,RETAIL,2020-09-01,0.56,Kg,4146c47d-0b06-41bb-8dc4-ced51ab4b3e2
Gari,Togo,Anie,RETAIL,2020-09-01,0.4,Kg,c1052c56-2741-4cab-aedf-6873f94f0719
Gari,Togo,Centrale Region,RETAIL,2020-09-01,0.7,Kg,2953e1e1-f53d-4e01-befe-3de0c3560c46
Gari,Togo,Cinkassé,RETAIL,2020-09-01,0.58,Kg,751a447d-34fe-48af-b8a1-3687eff7135b
Gari,Togo,Kara,RETAIL,2020-09-01,0.47,Kg,8974b9f3-192d-45fc-84c4-1eec01ed2af2
Gari,Togo,Korbongou,RETAIL,2020-09-01,0.54,Kg,888efb39-5cce-4d4a-b9b5-219ffc99a7e8
Gari,Togo,Lomé,RETAIL,2020-09-01,0.58,Kg,4d715bff-fa36-4c52-bae7-9bee18a64e92
Gari,Togo,Maritime Region,RETAIL,2020-09-01,0.89,Kg,0a8aa04f-056b-4c65-8f38-c46b73465b00
Gari,Togo,Savanes Region,RETAIL,2020-09-01,0.89,Kg,c3b5ad83-36d1-49b2-acec-aa60d509d7ea
Gari,Guinea,National Average,RETAIL,2020-10-01,0.71,Kg,0da86f7d-b710-4633-bea5-f61054d3d94a
Gari,Togo,Amegnran,RETAIL,2020-10-01,0.54,Kg,4146c47d-0b06-41bb-8dc4-ced51ab4b3e2
Gari,Togo,Anie,RETAIL,2020-10-01,0.4,Kg,c1052c56-2741-4cab-aedf-6873f94f0719
Gari,Togo,Centrale Region,RETAIL,2020-10-01,0.73,Kg,2953e1e1-f53d-4e01-befe-3de0c3560c46
Gari,Togo,Cinkassé,RETAIL,2020-10-01,0.5,Kg,751a447d-34fe-48af-b8a1-3687eff7135b
Gari,Togo,Kara,RETAIL,2020-10-01,0.48,Kg,8974b9f3-192d-45fc-84c4-1eec01ed2af2
Gari,Togo,Korbongou,RETAIL,2020-10-01,0.53,Kg,888efb39-5cce-4d4a-b9b5-219ffc99a7e8
Gari,Togo,Lomé,RETAIL,2020-10-01,0.55,Kg,4d715bff-fa36-4c52-bae7-9bee18a64e92
Gari,Togo,Maritime Region,RETAIL,2020-10-01,0.88,Kg,0a8aa04f-056b-4c65-8f38-c46b73465b00
Gari,Togo,Savanes Region,RETAIL,2020-10-01,0.74,Kg,c3b5ad83-36d1-49b2-acec-aa60d509d7ea
Gari,Guinea,National Average,RETAIL,2020-11-01,0.7,Kg,0da86f7d-b710-4633-bea5-f61054d3d94a
Gari,Togo,Amegnran,RETAIL,2020-11-01,0.52,Kg,4146c47d-0b06-41bb-8dc4-ced51ab4b3e2
Gari,Togo,Anie,RETAIL,2020-11-01,0.39,Kg,c1052c56-2741-4cab-aedf-6873f94f0719
Gari,Togo,Centrale Region,RETAIL,2020-11-01,0.48,Kg,2953e1e1-f53d-4e01-befe-3de0c3560c46
Gari,Togo,Cinkassé,RETAIL,2020-11-01,0.51,Kg,751a447d-34fe-48af-b8a1-3687eff7135b
Gari,Togo,Kara,RETAIL,2020-11-01,0.48,Kg,8974b9f3-192d-45fc-84c4-1eec01ed2af2
Gari,Togo,Korbongou,RETAIL,2020-11-01,0.5,Kg,888efb39-5cce-4d4a-b9b5-219ffc99a7e8
Gari,Togo,Lomé,RETAIL,2020-11-01,0.54,Kg,4d715bff-fa36-4c52-bae7-9bee18a64e92
Gari,Togo,Maritime Region,RETAIL,2020-11-01,0.73,Kg,0a8aa04f-056b-4c65-8f38-c46b73465b00
Gari,Togo,Savanes Region,RETAIL,2020-11-01,0.82,Kg,c3b5ad83-36d1-49b2-acec-aa60d509d7ea
Gari,Guinea,National Average,RETAIL,2020-12-01,0.63,Kg,0da86f7d-b710-4633-bea5-f61054d3d94a
Gari,Togo,Amegnran,RETAIL,2020-12-01,0.54,Kg,4146c47d-0b06-41bb-8dc4-ced51ab4b3e2
Gari,Togo,Anie,RETAIL,2020-12-01,0.51,Kg,c1052c56-2741-4cab-aedf-6873f94f0719
Gari,Togo,Centrale Region,RETAIL,2020-12-01,0.64,Kg,2953e1e1-f53d-4e01-befe-3de0c3560c46
Gari,Togo,Cinkassé,RETAIL,2020-12-01,0.54,Kg,751a447d-34fe-48af-b8a1-3687eff7135b
Gari,Togo,Kara,RETAIL,2020-12-01,0.6,Kg,8974b9f3-192d-45fc-84c4-1eec01ed2af2
Gari,Togo,Korbongou,RETAIL,2020-12-01,0.52,Kg,888efb39-5cce-4d4a-b9b5-219ffc99a7e8
Gari,Togo,Lomé,RETAIL,2020-12-01,0.56,Kg,4d715bff-fa36-4c52-bae7-9bee18a64e92
Gari,Togo,Maritime Region,RETAIL,2020-12-01,0.83,Kg,0a8aa04f-056b-4c65-8f38-c46b73465b00
Gari,Togo,Savanes Region,RETAIL,2020-12-01,0.95,Kg,c3b5ad83-36d1-49b2-acec-aa60d509d7ea
Gari,Guinea,National Average,RETAIL,2021-01-01,0.63,Kg,0da86f7d-b710-4633-bea5-f61054d3d94a
Gari,Togo,Amegnran,RETAIL,2021-01-01,0.52,Kg,4146c47d-0b06-41bb-8dc4-ced51ab4b3e2
Gari,Togo,Anie,RETAIL,2021-01-01,0.52,Kg,c1052c56-2741-4cab-aedf-6873f94f0719
Gari,Togo,Centrale Region,RETAIL,2021-01-01,0.65,Kg,2953e1e1-f53d-4e01-befe-3de0c3560c46
Gari,Togo,Cinkassé,RETAIL,2021-01-01,0.56,Kg,751a447d-34fe-48af-b8a1-3687eff7135b
Gari,Togo,Kara,RETAIL,2021-01-01,0.56,Kg,8974b9f3-192d-45fc-84c4-1eec01ed2af2
Gari,Togo,Korbongou,RETAIL,2021-01-01,0.57,Kg,888efb39-5cce-4d4a-b9b5-219ffc99a7e8
Gari,Togo,Lomé,RETAIL,2021-01-01,0.57,Kg,4d715bff-fa36-4c52-bae7-9bee18a64e92
Gari,Togo,Maritime Region,RETAIL,2021-01-01,0.88,Kg,0a8aa04f-056b-4c65-8f38-c46b73465b00
Gari,Togo,Savanes Region,RETAIL,2021-01-01,0.83,Kg,c3b5ad83-36d1-49b2-acec-aa60d509d7ea
Gari,Guinea,National Average,RETAIL,2021-02-01,0.65,Kg,0da86f7d-b710-4633-bea5-f61054d3d94a
Gari,Togo,Amegnran,RETAIL,2021-02-01,0.56,Kg,4146c47d-0b06-41bb-8dc4-ced51ab4b3e2
Gari,Togo,Anie,RETAIL,2021-02-01,0.56,Kg,c1052c56-2741-4cab-aedf-6873f94f0719
Gari,Togo,Centrale Region,RETAIL,2021-02-01,0.74,Kg,2953e1e1-f53d-4e01-befe-3de0c3560c46
Gari,Togo,Cinkassé,RETAIL,2021-02-01,0.51,Kg,751a447d-34fe-48af-b8a1-3687eff7135b
Gari,Togo,Kara,RETAIL,2021-02-01,0.64,Kg,8974b9f3-192d-45fc-84c4-1eec01ed2af2
Gari,Togo,Korbongou,RETAIL,2021-02-01,0.63,Kg,888efb39-5cce-4d4a-b9b5-219ffc99a7e8
Gari,Togo,Lomé,RETAIL,2021-02-01,0.73,Kg,4d715bff-fa36-4c52-bae7-9bee18a64e92
Gari,Togo,Maritime Region,RETAIL,2021-02-01,0.91,Kg,0a8aa04f-056b-4c65-8f38-c46b73465b00
Gari,Togo,Savanes Region,RETAIL,2021-02-01,0.93,Kg,c3b5ad83-36d1-49b2-acec-aa60d509d7ea
Gari,Guinea,National Average,RETAIL,2021-03-01,0.7,Kg,0da86f7d-b710-4633-bea5-f61054d3d94a
Gari,Togo,Amegnran,RETAIL,2021-03-01,0.45,Kg,4146c47d-0b06-41bb-8dc4-ced51ab4b3e2
Gari,Togo,Anie,RETAIL,2021-03-01,0.59,Kg,c1052c56-2741-4cab-aedf-6873f94f0719
Gari,Togo,Centrale Region,RETAIL,2021-03-01,0.72,Kg,2953e1e1-f53d-4e01-befe-3de0c3560c46
Gari,Togo,Cinkassé,RETAIL,2021-03-01,0.55,Kg,751a447d-34fe-48af-b8a1-3687eff7135b
Gari,Togo,Kara,RETAIL,2021-03-01,0.66,Kg,8974b9f3-192d-45fc-84c4-1eec01ed2af2
Gari,Togo,Korbongou,RETAIL,2021-03-01,0.63,Kg,888efb39-5cce-4d4a-b9b5-219ffc99a7e8
Gari,Togo,Lomé,RETAIL,2021-03-01,0.73,Kg,4d715bff-fa36-4c52-bae7-9bee18a64e92
Gari,Togo,Maritime Region,RETAIL,2021-03-01,0.97,Kg,0a8aa04f-056b-4c65-8f38-c46b73465b00
Gari,Togo,Savanes Region,RETAIL,2021-03-01,0.97,Kg,c3b5ad83-36d1-49b2-acec-aa60d509d7ea
Gari,Guinea,National Average,RETAIL,2021-04-01,0.75,Kg,0da86f7d-b710-4633-bea5-f61054d3d94a
Gari,Togo,Amegnran,RETAIL,2021-04-01,0.43,Kg,4146c47d-0b06-41bb-8dc4-ced51ab4b3e2
Gari,Togo,Anie,RETAIL,2021-04-01,0.64,Kg,c1052c56-2741-4cab-aedf-6873f94f0719
Gari,Togo,Centrale Region,RETAIL,2021-04-01,0.83,Kg,2953e1e1-f53d-4e01-befe-3de0c3560c46
Gari,Togo,Cinkassé,RETAIL,2021-04-01,0.56,Kg,751a447d-34fe-48af-b8a1-3687eff7135b
Gari,Togo,Kara,RETAIL,2021-04-01,0.71,Kg,8974b9f3-192d-45fc-84c4-1eec01ed2af2
Gari,Togo,Korbongou,RETAIL,2021-04-01,0.63,Kg,888efb39-5cce-4d4a-b9b5-219ffc99a7e8
Gari,Togo,Lomé,RETAIL,2021-04-01,0.73,Kg,4d715bff-fa36-4c52-bae7-9bee18a64e92
Gari,Togo,Maritime Region,RETAIL,2021-04-01,0.96,Kg,0a8aa04f-056b-4c65-8f38-c46b73465b00
Gari,Togo,Savanes Region,RETAIL,2021-04-01,0.97,Kg,c3b5ad83-36d1-49b2-acec-aa60d509d7ea
Gari,Guinea,National Average,RETAIL,2021-05-01,0.75,Kg,0da86f7d-b710-4633-bea5-f61054d3d94a
Gari,Togo,Amegnran,RETAIL,2021-05-01,0.58,Kg,4146c47d-0b06-41bb-8dc4-ced51ab4b3e2
Gari,Togo,Anie,RETAIL,2021-05-01,0.65,Kg,c1052c56-2741-4cab-aedf-6873f94f0719
Gari,Togo,Centrale Region,RETAIL,2021-05-01,1.03,Kg,2953e1e1-f53d-4e01-befe-3de0c3560c46
Gari,Togo,Cinkassé,RETAIL,2021-05-01,0.73,Kg,751a447d-34fe-48af-b8a1-3687eff7135b
Gari,Togo,Kara,RETAIL,2021-05-01,0.74,Kg,8974b9f3-192d-45fc-84c4-1eec01ed2af2
Gari,Togo,Korbongou,RETAIL,2021-05-01,0.74,Kg,888efb39-5cce-4d4a-b9b5-219ffc99a7e8
Gari,Togo,Lomé,RETAIL,2021-05-01,0.84,Kg,4d715bff-fa36-4c52-bae7-9bee18a64e92
Gari,Togo,Maritime Region,RETAIL,2021-05-01,0.9,Kg,0a8aa04f-056b-4c65-8f38-c46b73465b00
Gari,Togo,Savanes Region,RETAIL,2021-05-01,1.01,Kg,c3b5ad83-36d1-49b2-acec-aa60d509d7ea
Gari,Guinea,National Average,RETAIL,2021-06-01,0.76,Kg,0da86f7d-b710-4633-bea5-f61054d3d94a
Gari,Togo,Amegnran,RETAIL,2021-06-01,0.6,Kg,4146c47d-0b06-41bb-8dc4-ced51ab4b3e2
Gari,Togo,Anie,RETAIL,2021-06-01,0.64,Kg,c1052c56-2741-4cab-aedf-6873f94f0719
Gari,Togo,Centrale Region,RETAIL,2021-06-01,0.99,Kg,2953e1e1-f53d-4e01-befe-3de0c3560c46
Gari,Togo,Cinkassé,RETAIL,2021-06-01,0.73,Kg,751a447d-34fe-48af-b8a1-3687eff7135b
Gari,Togo,Kara,RETAIL,2021-06-01,0.79,Kg,8974b9f3-192d-45fc-84c4-1eec01ed2af2
Gari,Togo,Korbongou,RETAIL,2021-06-01,0.73,Kg,888efb39-5cce-4d4a-b9b5-219ffc99a7e8
Gari,Togo,Lomé,RETAIL,2021-06-01,0.81,Kg,4d715bff-fa36-4c52-bae7-9bee18a64e92
Gari,Togo,Maritime Region,RETAIL,2021-06-01,1.08,Kg,0a8aa04f-056b-4c65-8f38-c46b73465b00
Gari,Togo,Savanes Region,RETAIL,2021-06-01,1.01,Kg,c3b5ad83-36d1-49b2-acec-aa60d509d7ea
Gari,Guinea,National Average,RETAIL,2021-07-01,0.74,Kg,0da86f7d-b710-4633-bea5-f61054d3d94a
Gari,Togo,Amegnran,RETAIL,2021-07-01,0.59,Kg,4146c47d-0b06-41bb-8dc4-ced51ab4b3e2
Gari,Togo,Anie,RETAIL,2021-07-01,0.63,Kg,c1052c56-2741-4cab-aedf-6873f94f0719
Gari,Togo,Centrale Region,RETAIL,2021-07-01,0.98,Kg,2953e1e1-f53d-4e01-befe-3de0c3560c46
Gari,Togo,Cinkassé,RETAIL,2021-07-01,0.72,Kg,751a447d-34fe-48af-b8a1-3687eff7135b
Gari,Togo,Kara,RETAIL,2021-07-01,0.75,Kg,8974b9f3-192d-45fc-84c4-1eec01ed2af2
Gari,Togo,Korbongou,RETAIL,2021-07-01,0.69,Kg,888efb39-5cce-4d4a-b9b5-219ffc99a7e8
Gari,Togo,Lomé,RETAIL,2021-07-01,0.78,Kg,4d715bff-fa36-4c52-bae7-9bee18a64e92
Gari,Togo,Maritime Region,RETAIL,2021-07-01,0.92,Kg,0a8aa04f-056b-4c65-8f38-c46b73465b00
Gari,Togo,Savanes Region,RETAIL,2021-07-01,1.16,Kg,c3b5ad83-36d1-49b2-acec-aa60d509d7ea
Gari,Guinea,National Average,RETAIL,2021-08-01,0.76,Kg,0da86f7d-b710-4633-bea5-f61054d3d94a
Gari,Togo,Amegnran,RETAIL,2021-08-01,0.57,Kg,4146c47d-0b06-41bb-8dc4-ced51ab4b3e2
Gari,Togo,Anie,RETAIL,2021-08-01,0.6,Kg,c1052c56-2741-4cab-aedf-6873f94f0719
Gari,Togo,Centrale Region,RETAIL,2021-08-01,1.15,Kg,2953e1e1-f53d-4e01-befe-3de0c3560c46
Gari,Togo,Cinkassé,RETAIL,2021-08-01,0.72,Kg,751a447d-34fe-48af-b8a1-3687eff7135b
Gari,Togo,Kara,RETAIL,2021-08-01,0.74,Kg,8974b9f3-192d-45fc-84c4-1eec01ed2af2
Gari,Togo,Korbongou,RETAIL,2021-08-01,0.77,Kg,888efb39-5cce-4d4a-b9b5-219ffc99a7e8
Gari,Togo,Lomé,RETAIL,2021-08-01,0.78,Kg,4d715bff-fa36-4c52-bae7-9bee18a64e92
Gari,Togo,Maritime Region,RETAIL,2021-08-01,0.9,Kg,0a8aa04f-056b-4c65-8f38-c46b73465b00
Gari,Togo,Savanes Region,RETAIL,2021-08-01,1.17,Kg,c3b5ad83-36d1-49b2-acec-aa60d509d7ea
Gari,Guinea,National Average,RETAIL,2021-09-01,0.74,Kg,0da86f7d-b710-4633-bea5-f61054d3d94a
Gari,Togo,Amegnran,RETAIL,2021-09-01,0.53,Kg,4146c47d-0b06-41bb-8dc4-ced51ab4b3e2
Gari,Togo,Anie,RETAIL,2021-09-01,0.6,Kg,c1052c56-2741-4cab-aedf-6873f94f0719
Gari,Togo,Centrale Region,RETAIL,2021-09-01,1.06,Kg,2953e1e1-f53d-4e01-befe-3de0c3560c46
Gari,Togo,Cinkassé,RETAIL,2021-09-01,0.75,Kg,751a447d-34fe-48af-b8a1-3687eff7135b
Gari,Togo,Kara,RETAIL,2021-09-01,0.68,Kg,8974b9f3-192d-45fc-84c4-1eec01ed2af2
Gari,Togo,Korbongou,RETAIL,2021-09-01,0.75,Kg,888efb39-5cce-4d4a-b9b5-219ffc99a7e8
Gari,Togo,Lomé,RETAIL,2021-09-01,0.68,Kg,4d715bff-fa36-4c52-bae7-9bee18a64e92
Gari,Togo,Maritime Region,RETAIL,2021-09-01,0.95,Kg,0a8aa04f-056b-4c65-8f38-c46b73465b00
Gari,Togo,Savanes Region,RETAIL,2021-09-01,1.13,Kg,c3b5ad83-36d1-49b2-acec-aa60d509d7ea
Gari,Guinea,National Average,RETAIL,2021-10-01,0.92,Kg,0da86f7d-b710-4633-bea5-f61054d3d94a
Gari,Togo,Amegnran,RETAIL,2021-10-01,0.5,Kg,4146c47d-0b06-41bb-8dc4-ced51ab4b3e2
Gari,Togo,Anie,RETAIL,2021-10-01,0.58,Kg,c1052c56-2741-4cab-aedf-6873f94f0719
Gari,Togo,Centrale Region,RETAIL,2021-10-01,1.09,Kg,2953e1e1-f53d-4e01-befe-3de0c3560c46
Gari,Togo,Cinkassé,RETAIL,2021-10-01,0.73,Kg,751a447d-34fe-48af-b8a1-3687eff7135b
Gari,Togo,Kara,RETAIL,2021-10-01,0.67,Kg,8974b9f3-192d-45fc-84c4-1eec01ed2af2
Gari,Togo,Korbongou,RETAIL,2021-10-01,0.72,Kg,888efb39-5cce-4d4a-b9b5-219ffc99a7e8
Gari,Togo,Lomé,RETAIL,2021-10-01,0.67,Kg,4d715bff-fa36-4c52-bae7-9bee18a64e92
Gari,Togo,Maritime Region,RETAIL,2021-10-01,0.89,Kg,0a8aa04f-056b-4c65-8f38-c46b73465b00
Gari,Togo,Savanes Region,RETAIL,2021-10-01,1.15,Kg,c3b5ad83-36d1-49b2-acec-aa60d509d7ea
Gari,Guinea,National Average,RETAIL,2021-11-01,0.84,Kg,0da86f7d-b710-4633-bea5-f61054d3d94a
Gari,Togo,Amegnran,RETAIL,2021-11-01,0.46,Kg,4146c47d-0b06-41bb-8dc4-ced51ab4b3e2
Gari,Togo,Anie,RETAIL,2021-11-01,0.6,Kg,c1052c56-2741-4cab-aedf-6873f94f0719
Gari,Togo,Centrale Region,RETAIL,2021-11-01,0.84,Kg,2953e1e1-f53d-4e01-befe-3de0c3560c46
Gari,Togo,Cinkassé,RETAIL,2021-11-01,0.7,Kg,751a447d-34fe-48af-b8a1-3687eff7135b
Gari,Togo,Kara,RETAIL,2021-11-01,0.67,Kg,8974b9f3-192d-45fc-84c4-1eec01ed2af2
Gari,Togo,Korbongou,RETAIL,2021-11-01,0.7,Kg,888efb39-5cce-4d4a-b9b5-219ffc99a7e8
Gari,Togo,Lomé,RETAIL,2021-11-01,0.64,Kg,4d715bff-fa36-4c52-bae7-9bee18a64e92
Gari,Togo,Maritime Region,RETAIL,2021-11-01,0.84,Kg,0a8aa04f-056b-4c65-8f38-c46b73465b00
Gari,Togo,Savanes Region,RETAIL,2021-11-01,1.02,Kg,c3b5ad83-36d1-49b2-acec-aa60d509d7ea
Gari,Guinea,National Average,RETAIL,2021-12-01,0.94,Kg,0da86f7d-b710-4633-bea5-f61054d3d94a
Gari,Togo,Amegnran,RETAIL,2021-12-01,0.47,Kg,4146c47d-0b06-41bb-8dc4-ced51ab4b3e2
Gari,Togo,Anie,RETAIL,2021-12-01,0.59,Kg,c1052c56-2741-4cab-aedf-6873f94f0719
Gari,Togo,Centrale Region,RETAIL,2021-12-01,0.92,Kg,2953e1e1-f53d-4e01-befe-3de0c3560c46
Gari,Togo,Cinkassé,RETAIL,2021-12-01,0.72,Kg,751a447d-34fe-48af-b8a1-3687eff7135b
Gari,Togo,Kara,RETAIL,2021-12-01,0.69,Kg,8974b9f3-192d-45fc-84c4-1eec01ed2af2
Gari,Togo,Korbongou,RETAIL,2021-12-01,0.73,Kg,888efb39-5cce-4d4a-b9b5-219ffc99a7e8
Gari,Togo,Lomé,RETAIL,2021-12-01,0.68,Kg,4d715bff-fa36-4c52-bae7-9bee18a64e92
Gari,Togo,Maritime Region,RETAIL,2021-12-01,0.77,Kg,0a8aa04f-056b-4c65-8f38-c46b73465b00
Gari,Togo,Savanes Region,RETAIL,2021-12-01,1.16,Kg,c3b5ad83-36d1-49b2-acec-aa60d509d7ea
Gari,Guinea,National Average,RETAIL,2022-01-01,0.67,Kg,0da86f7d-b710-4633-bea5-f61054d3d94a
Gari,Togo,Amegnran,RETAIL,2022-01-01,0.47,Kg,4146c47d-0b06-41bb-8dc4-ced51ab4b3e2
Gari,Togo,Anie,RETAIL,2022-01-01,0.62,Kg,c1052c56-2741-4cab-aedf-6873f94f0719
Gari,Togo,Centrale Region,RETAIL,2022-01-01,0.96,Kg,2953e1e1-f53d-4e01-befe-3de0c3560c46
Gari,Togo,Cinkassé,RETAIL,2022-01-01,0.76,Kg,751a447d-34fe-48af-b8a1-3687eff7135b
Gari,Togo,Kara,RETAIL,2022-01-01,0.69,Kg,8974b9f3-192d-45fc-84c4-1eec01ed2af2
Gari,Togo,Korbongou,RETAIL,2022-01-01,0.75,Kg,888efb39-5cce-4d4a-b9b5-219ffc99a7e8
Gari,Togo,Lomé,RETAIL,2022-01-01,0.68,Kg,4d715bff-fa36-4c52-bae7-9bee18a64e92
Gari,Togo,Maritime Region,RETAIL,2022-01-01,0.8,Kg,0a8aa04f-056b-4c65-8f38-c46b73465b00
Gari,Togo,Savanes Region,RETAIL,2022-01-01,1.11,Kg,c3b5ad83-36d1-49b2-acec-aa60d509d7ea
Gari,Guinea,National Average,RETAIL,2022-02-01,0.86,Kg,0da86f7d-b710-4633-bea5-f61054d3d94a
Gari,Togo,Amegnran,RETAIL,2022-02-01,0.48,Kg,4146c47d-0b06-41bb-8dc4-ced51ab4b3e2
Gari,Togo,Anie,RETAIL,2022-02-01,0.62,Kg,c1052c56-2741-4cab-aedf-6873f94f0719
Gari,Togo,Centrale Region,RETAIL,2022-02-01,0.92,Kg,2953e1e1-f53d-4e01-befe-3de0c3560c46
Gari,Togo,Cinkassé,RETAIL,2022-02-01,0.76,Kg,751a447d-34fe-48af-b8a1-3687eff7135b
Gari,Togo,Kara,RETAIL,2022-02-01,0.69,Kg,8974b9f3-192d-45fc-84c4-1eec01ed2af2
Gari,Togo,Korbongou,RETAIL,2022-02-01,0.75,Kg,888efb39-5cce-4d4a-b9b5-219ffc99a7e8
Gari,Togo,Lomé,RETAIL,2022-02-01,0.68,Kg,4d715bff-fa36-4c52-bae7-9bee18a64e92
Gari,Togo,Maritime Region,RETAIL,2022-02-01,0.86,Kg,0a8aa04f-056b-4c65-8f38-c46b73465b00
Gari,Togo,Savanes Region,RETAIL,2022-02-01,1.08,Kg,c3b5ad83-36d1-49b2-acec-aa60d509d7ea
Gari,Guinea,National Average,RETAIL,2022-03-01,0.9,Kg,0da86f7d-b710-4633-bea5-f61054d3d94a
Gari,Togo,Amegnran,RETAIL,2022-03-01,0.47,Kg,4146c47d-0b06-41bb-8dc4-ced51ab4b3e2
Gari,Togo,Anie,RETAIL,2022-03-01,0.6,Kg,c1052c56-2741-4cab-aedf-6873f94f0719
Gari,Togo,Centrale Region,RETAIL,2022-03-01,0.77,Kg,2953e1e1-f53d-4e01-befe-3de0c3560c46
Gari,Togo,Cinkassé,RETAIL,2022-03-01,0.74,Kg,751a447d-34fe-48af-b8a1-3687eff7135b
Gari,Togo,Kara,RETAIL,2022-03-01,0.67,Kg,8974b9f3-192d-45fc-84c4-1eec01ed2af2
Gari,Togo,Korbongou,RETAIL,2022-03-01,0.73,Kg,888efb39-5cce-4d4a-b9b5-219ffc99a7e8
Gari,Togo,Lomé,RETAIL,2022-03-01,0.67,Kg,4d715bff-fa36-4c52-bae7-9bee18a64e92
Gari,Togo,Maritime Region,RETAIL,2022-03-01,0.78,Kg,0a8aa04f-056b-4c65-8f38-c46b73465b00
Gari,Togo,Savanes Region,RETAIL,2022-03-01,1.09,Kg,c3b5ad83-36d1-49b2-acec-aa60d509d7ea
Gari,Guinea,National Average,RETAIL,2022-04-01,0.91,Kg,0da86f7d-b710-4633-bea5-f61054d3d94a
Gari,Togo,Amegnran,RETAIL,2022-04-01,0.5,Kg,4146c47d-0b06-41bb-8dc4-ced51ab4b3e2
Gari,Togo,Anie,RETAIL,2022-04-01,0.6,Kg,c1052c56-2741-4cab-aedf-6873f94f0719
Gari,Togo,Centrale Region,RETAIL,2022-04-01,0.92,Kg,2953e1e1-f53d-4e01-befe-3de0c3560c46
Gari,Togo,Cinkassé,RETAIL,2022-04-01,0.73,Kg,751a447d-34fe-48af-b8a1-3687eff7135b
Gari,Togo,Kara,RETAIL,2022-04-01,0.66,Kg,8974b9f3-192d-45fc-84c4-1eec01ed2af2
Gari,Togo,Korbongou,RETAIL,2022-04-01,0.72,Kg,888efb39-5cce-4d4a-b9b5-219ffc99a7e8
Gari,Togo,Lomé,RETAIL,2022-04-01,0.66,Kg,4d715bff-fa36-4c52-bae7-9bee18a64e92
Gari,Togo,Maritime Region,RETAIL,2022-04-01,0.78,Kg,0a8aa04f-056b-4c65-8f38-c46b73465b00
Gari,Togo,Savanes Region,RETAIL,2022-04-01,0.94,Kg,c3b5ad83-36d1-49b2-acec-aa60d509d7ea
Gari,Guinea,National Average,RETAIL,2022-05-01,0.91,Kg,0da86f7d-b710-4633-bea5-f61054d3d94a
Gari,Togo,Amegnran,RETAIL,2022-05-01,0.48,Kg,4146c47d-0b06-41bb-8dc4-ced51ab4b3e2
Gari,Togo,Anie,RETAIL,2022-05-01,0.52,Kg,c1052c56-2741-4cab-aedf-6873f94f0719
Gari,Togo,Centrale Region,RETAIL,2022-05-01,0.91,Kg,2953e1e1-f53d-4e01-befe-3de0c3560c46
Gari,Togo,Cinkassé,RETAIL,2022-05-01,0.69,Kg,751a447d-34fe-48af-b8a1-3687eff7135b
Gari,Togo,Kara,RETAIL,2022-05-01,0.65,Kg,8974b9f3-192d-45fc-84c4-1eec01ed2af2
Gari,Togo,Korbongou,RETAIL,2022-05-01,0.71,Kg,888efb39-5cce-4d4a-b9b5-219ffc99a7e8
Gari,Togo,Lomé,RETAIL,2022-05-01,0.65,Kg,4d715bff-fa36-4c52-bae7-9bee18a64e92
Gari,Togo,Maritime Region,RETAIL,2022-05-01,0.73,Kg,0a8aa04f-056b-4c65-8f38-c46b73465b00
Gari,Togo,Savanes Region,RETAIL,2022-05-01,0.78,Kg,c3b5ad83-36d1-49b2-acec-aa60d509d7ea
Gari,Guinea,National Average,RETAIL,2022-06-01,1.02,Kg,0da86f7d-b710-4633-bea5-f61054d3d94a
Gari,Togo,Amegnran,RETAIL,2022-06-01,0.48,Kg,4146c47d-0b06-41bb-8dc4-ced51ab4b3e2
Gari,Togo,Anie,RETAIL,2022-06-01,0.54,Kg,c1052c56-2741-4cab-aedf-6873f94f0719
Gari,Togo,Centrale Region,RETAIL,2022-06-01,0.95,Kg,2953e1e1-f53d-4e01-befe-3de0c3560c46
Gari,Togo,Cinkassé,RETAIL,2022-06-01,0.54,Kg,751a447d-34fe-48af-b8a1-3687eff7135b
Gari,Togo,Kara,RETAIL,2022-06-01,0.64,Kg,8974b9f3-192d-45fc-84c4-1eec01ed2af2
Gari,Togo,Korbongou,RETAIL,2022-06-01,0.76,Kg,888efb39-5cce-4d4a-b9b5-219ffc99a7e8
Gari,Togo,Lomé,RETAIL,2022-06-01,0.67,Kg,4d715bff-fa36-4c52-bae7-9bee18a64e92
Gari,Togo,Maritime Region,RETAIL,2022-06-01,0.84,Kg,0a8aa04f-056b-4c65-8f38-c46b73465b00
Gari,Togo,Savanes Region,RETAIL,2022-06-01,1.25,Kg,c3b5ad83-36d1-49b2-acec-aa60d509d7ea
Gari,Guinea,National Average,RETAIL,2022-07-01,0.94,Kg,0da86f7d-b710-4633-bea5-f61054d3d94a
Gari,Togo,Amegnran,RETAIL,2022-07-01,0.47,Kg,4146c47d-0b06-41bb-8dc4-ced51ab4b3e2
Gari,Togo,Anie,RETAIL,2022-07-01,0.47,Kg,c1052c56-2741-4cab-aedf-6873f94f0719
Gari,Togo,Centrale Region,RETAIL,2022-07-01,0.91,Kg,2953e1e1-f53d-4e01-befe-3de0c3560c46
Gari,Togo,Cinkassé,RETAIL,2022-07-01,0.72,Kg,751a447d-34fe-48af-b8a1-3687eff7135b
Gari,Togo,Kara,RETAIL,2022-07-01,0.58,Kg,8974b9f3-192d-45fc-84c4-1eec01ed2af2
Gari,Togo,Korbongou,RETAIL,2022-07-01,0.71,Kg,888efb39-5cce-4d4a-b9b5-219ffc99a7e8
Gari,Togo,Lomé,RETAIL,2022-07-01,0.62,Kg,4d715bff-fa36-4c52-bae7-9bee18a64e92
Gari,Togo,Maritime Region,RETAIL,2022-07-01,0.73,Kg,0a8aa04f-056b-4c65-8f38-c46b73465b00
Gari,Togo,Savanes Region,RETAIL,2022-07-01,1.02,Kg,c3b5ad83-36d1-49b2-acec-aa60d509d7ea
Gari,Guinea,National Average,RETAIL,2022-08-01,0.97,Kg,0da86f7d-b710-4633-bea5-f61054d3d94a
Gari,Togo,Amegnran,RETAIL,2022-08-01,0.46,Kg,4146c47d-0b06-41bb-8dc4-ced51ab4b3e2
Gari,Togo,Anie,RETAIL,2022-08-01,0.46,Kg,c1052c56-2741-4cab-aedf-6873f94f0719
Gari,Togo,Centrale Region,RETAIL,2022-08-01,0.92,Kg,2953e1e1-f53d-4e01-befe-3de0c3560c46
Gari,Togo,Cinkassé,RETAIL,2022-08-01,0.68,Kg,751a447d-34fe-48af-b8a1-3687eff7135b
Gari,Togo,Kara,RETAIL,2022-08-01,0.59,Kg,8974b9f3-192d-45fc-84c4-1eec01ed2af2
Gari,Togo,Korbongou,RETAIL,2022-08-01,0.66,Kg,888efb39-5cce-4d4a-b9b5-219ffc99a7e8
Gari,Togo,Lomé,RETAIL,2022-08-01,0.62,Kg,4d715bff-fa36-4c52-bae7-9bee18a64e92
Gari,Togo,Maritime Region,RETAIL,2022-08-01,0.75,Kg,0a8aa04f-056b-4c65-8f38-c46b73465b00
Gari,Togo,Savanes Region,RETAIL,2022-08-01,0.96,Kg,c3b5ad83-36d1-49b2-acec-aa60d509d7ea
Gari,Guinea,National Average,RETAIL,2022-09-01,0.95,Kg,0da86f7d-b710-4633-bea5-f61054d3d94a
Gari,Togo,Amegnran,RETAIL,2022-09-01,0.45,Kg,4146c47d-0b06-41bb-8dc4-ced51ab4b3e2
Gari,Togo,Anie,RETAIL,2022-09-01,0.45,Kg,c1052c56-2741-4cab-aedf-6873f94f0719
Gari,Togo,Centrale Region,RETAIL,2022-09-01,0.79,Kg,2953e1e1-f53d-4e01-befe-3de0c3560c46
Gari,Togo,Cinkassé,RETAIL,2022-09-01,0.67,Kg,751a447d-34fe-48af-b8a1-3687eff7135b
Gari,Togo,Kara,RETAIL,2022-09-01,0.6,Kg,8974b9f3-192d-45fc-84c4-1eec01ed2af2
Gari,Togo,Korbongou,RETAIL,2022-09-01,0.65,Kg,888efb39-5cce-4d4a-b9b5-219ffc99a7e8
Gari,Togo,Lomé,RETAIL,2022-09-01,0.6,Kg,4d715bff-fa36-4c52-bae7-9bee18a64e92
Gari,Togo,Maritime Region,RETAIL,2022-09-01,0.73,Kg,0a8aa04f-056b-4c65-8f38-c46b73465b00
Gari,Togo,Savanes Region,RETAIL,2022-09-01,1.11,Kg,c3b5ad83-36d1-49b2-acec-aa60d509d7ea
Gari,Guinea,National Average,RETAIL,2022-10-01,0.95,Kg,0da86f7d-b710-4633-bea5-f61054d3d94a
Gari,Togo,Amegnran,RETAIL,2022-10-01,0.45,Kg,4146c47d-0b06-41bb-8dc4-ced51ab4b3e2
Gari,Togo,Anie,RETAIL,2022-10-01,0.45,Kg,c1052c56-2741-4cab-aedf-6873f94f0719
Gari,Togo,Centrale Region,RETAIL,2022-10-01,0.77,Kg,2953e1e1-f53d-4e01-befe-3de0c3560c46
Gari,Togo,Cinkassé,RETAIL,2022-10-01,0.65,Kg,751a447d-34fe-48af-b8a1-3687eff7135b
Gari,Togo,Kara,RETAIL,2022-10-01,0.64,Kg,8974b9f3-192d-45fc-84c4-1eec01ed2af2
Gari,Togo,Korbongou,RETAIL,2022-10-01,0.65,Kg,888efb39-5cce-4d4a-b9b5-219ffc99a7e8
Gari,Togo,Lomé,RETAIL,2022-10-01,0.65,Kg,4d715bff-fa36-4c52-bae7-9bee18a64e92
Gari,Togo,Maritime Region,RETAIL,2022-10-01,0.7,Kg,0a8aa04f-056b-4c65-8f38-c46b73465b00
Gari,Togo,Savanes Region,RETAIL,2022-10-01,0.77,Kg,c3b5ad83-36d1-49b2-acec-aa60d509d7ea
Gari,Guinea,National Average,RETAIL,2022-11-01,0.98,Kg,0da86f7d-b710-4633-bea5-f61054d3d94a
Gari,Togo,Amegnran,RETAIL,2022-11-01,0.47,Kg,4146c47d-0b06-41bb-8dc4-ced51ab4b3e2
Gari,Togo,Anie,RETAIL,2022-11-01,0.47,Kg,c1052c56-2741-4cab-aedf-6873f94f0719
Gari,Togo,Centrale Region,RETAIL,2022-11-01,0.69,Kg,2953e1e1-f53d-4e01-befe-3de0c3560c46
Gari,Togo,Cinkassé,RETAIL,2022-11-01,0.67,Kg,751a447d-34fe-48af-b8a1-3687eff7135b
Gari,Togo,Kara,RETAIL,2022-11-01,0.64,Kg,8974b9f3-192d-45fc-84c4-1eec01ed2af2
Gari,Togo,Korbongou,RETAIL,2022-11-01,0.67,Kg,888efb39-5cce-4d4a-b9b5-219ffc99a7e8
Gari,Togo,Lomé,RETAIL,2022-11-01,0.68,Kg,4d715bff-fa36-4c52-bae7-9bee18a64e92
Gari,Togo,Maritime Region,RETAIL,2022-11-01,0.7,Kg,0a8aa04f-056b-4c65-8f38-c46b73465b00
Gari,Togo,Savanes Region,RETAIL,2022-11-01,0.84,Kg,c3b5ad83-36d1-49b2-acec-aa60d509d7ea
Gari,Guinea,National Average,RETAIL,2022-12-01,0.9,Kg,0da86f7d-b710-4633-bea5-f61054d3d94a
Gari,Togo,Amegnran,RETAIL,2022-12-01,0.48,Kg,4146c47d-0b06-41bb-8dc4-ced51ab4b3e2
Gari,Togo,Anie,RETAIL,2022-12-01,0.48,Kg,c1052c56-2741-4cab-aedf-6873f94f0719
Gari,Togo,Centrale Region,RETAIL,2022-12-01,0.71,Kg,2953e1e1-f53d-4e01-befe-3de0c3560c46
Gari,Togo,Cinkassé,RETAIL,2022-12-01,0.7,Kg,751a447d-34fe-48af-b8a1-3687eff7135b
Gari,Togo,Kara,RETAIL,2022-12-01,0.66,Kg,8974b9f3-192d-45fc-84c4-1eec01ed2af2
Gari,Togo,Korbongou,RETAIL,2022-12-01,0.7,Kg,888efb39-5cce-4d4a-b9b5-219ffc99a7e8
Gari,Togo,Lomé,RETAIL,2022-12-01,0.7,Kg,4d715bff-fa36-4c52-bae7-9bee18a64e92
Gari,Togo,Maritime Region,RETAIL,2022-12-01,0.74,Kg,0a8aa04f-056b-4c65-8f38-c46b73465b00
Gari,Togo,Savanes Region,RETAIL,2022-12-01,0.86,Kg,c3b5ad83-36d1-49b2-acec-aa60d509d7ea
Gari,Guinea,National Average,RETAIL,2023-01-01,0.96,Kg,0da86f7d-b710-4633-bea5-f61054d3d94a
Gari,Togo,Amegnran,RETAIL,2023-01-01,0.49,Kg,4146c47d-0b06-41bb-8dc4-ced51ab4b3e2
Gari,Togo,Anie,RETAIL,2023-01-01,0.49,Kg,c1052c56-2741-4cab-aedf-6873f94f0719
Gari,Togo,Centrale Region,RETAIL,2023-01-01,0.91,Kg,2953e1e1-f53d-4e01-befe-3de0c3560c46
Gari,Togo,Cinkassé,RETAIL,2023-01-01,0.72,Kg,751a447d-34fe-48af-b8a1-3687eff7135b
Gari,Togo,Kara,RETAIL,2023-01-01,0.67,Kg,8974b9f3-192d-45fc-84c4-1eec01ed2af2
Gari,Togo,Korbongou,RETAIL,2023-01-01,0.71,Kg,888efb39-5cce-4d4a-b9b5-219ffc99a7e8
Gari,Togo,Lomé,RETAIL,2023-01-01,0.7,Kg,4d715bff-fa36-4c52-bae7-9bee18a64e92
Gari,Togo,Maritime Region,RETAIL,2023-01-01,0.78,Kg,0a8aa04f-056b-4c65-8f38-c46b73465b00
Gari,Togo,Savanes Region,RETAIL,2023-01-01,1.02,Kg,c3b5ad83-36d1-49b2-acec-aa60d509d7ea
Gari,Guinea,National Average,RETAIL,2023-02-01,0.95,Kg,0da86f7d-b710-4633-bea5-f61054d3d94a
Gari,Togo,Amegnran,RETAIL,2023-02-01,0.48,Kg,4146c47d-0b06-41bb-8dc4-ced51ab4b3e2
Gari,Togo,Anie,RETAIL,2023-02-01,0.49,Kg,c1052c56-2741-4cab-aedf-6873f94f0719
Gari,Togo,Centrale Region,RETAIL,2023-02-01,0.76,Kg,2953e1e1-f53d-4e01-befe-3de0c3560c46
Gari,Togo,Cinkassé,RETAIL,2023-02-01,0.7,Kg,751a447d-34fe-48af-b8a1-3687eff7135b
Gari,Togo,Kara,RETAIL,2023-02-01,0.7,Kg,8974b9f3-192d-45fc-84c4-1eec01ed2af2
Gari,Togo,Korbongou,RETAIL,2023-02-01,0.7,Kg,888efb39-5cce-4d4a-b9b5-219ffc99a7e8
Gari,Togo,Lomé,RETAIL,2023-02-01,0.69,Kg,4d715bff-fa36-4c52-bae7-9bee18a64e92
Gari,Togo,Maritime Region,RETAIL,2023-02-01,0.81,Kg,0a8aa04f-056b-4c65-8f38-c46b73465b00
Gari,Togo,Savanes Region,RETAIL,2023-02-01,0.95,Kg,c3b5ad83-36d1-49b2-acec-aa60d509d7ea
Gari,Guinea,National Average,RETAIL,2023-03-01,0.96,Kg,0da86f7d-b710-4633-bea5-f61054d3d94a
Gari,Togo,Amegnran,RETAIL,2023-03-01,0.49,Kg,4146c47d-0b06-41bb-8dc4-ced51ab4b3e2
Gari,Togo,Anie,RETAIL,2023-03-01,0.5,Kg,c1052c56-2741-4cab-aedf-6873f94f0719
Gari,Togo,Centrale Region,RETAIL,2023-03-01,0.64,Kg,2953e1e1-f53d-4e01-befe-3de0c3560c46
Gari,Togo,Cinkassé,RETAIL,2023-03-01,0.69,Kg,751a447d-34fe-48af-b8a1-3687eff7135b
Gari,Togo,Kara,RETAIL,2023-03-01,0.69,Kg,8974b9f3-192d-45fc-84c4-1eec01ed2af2
Gari,Togo,Korbongou,RETAIL,2023-03-01,0.7,Kg,888efb39-5cce-4d4a-b9b5-219ffc99a7e8
Gari,Togo,Lomé,RETAIL,2023-03-01,0.65,Kg,4d715bff-fa36-4c52-bae7-9bee18a64e92
Gari,Togo,Maritime Region,RETAIL,2023-03-01,0.8,Kg,0a8aa04f-056b-4c65-8f38-c46b73465b00
Gari,Togo,Savanes Region,RETAIL,2023-03-01,1.03,Kg,c3b5ad83-36d1-49b2-acec-aa60d509d7ea
Gari,Guinea,National Average,RETAIL,2023-04-01,0.97,Kg,0da86f7d-b710-4633-bea5-f61054d3d94a
Gari,Togo,Amegnran,RETAIL,2023-04-01,0.43,Kg,4146c47d-0b06-41bb-8dc4-ced51ab4b3e2
Gari,Togo,Anie,RETAIL,2023-04-01,0.49,Kg,c1052c56-2741-4cab-aedf-6873f94f0719
Gari,Togo,Centrale Region,RETAIL,2023-04-01,0.77,Kg,2953e1e1-f53d-4e01-befe-3de0c3560c46
Gari,Togo,Cinkassé,RETAIL,2023-04-01,0.71,Kg,751a447d-34fe-48af-b8a1-3687eff7135b
Gari,Togo,Kara,RETAIL,2023-04-01,0.72,Kg,8974b9f3-192d-45fc-84c4-1eec01ed2af2
Gari,Togo,Korbongou,RETAIL,2023-04-01,0.73,Kg,888efb39-5cce-4d4a-b9b5-219ffc99a7e8
Gari,Togo,Lomé,RETAIL,2023-04-01,0.65,Kg,4d715bff-fa36-4c52-bae7-9bee18a64e92
Gari,Togo,Maritime Region,RETAIL,2023-04-01,0.82,Kg,0a8aa04f-056b-4c65-8f38-c46b73465b00
Gari,Togo,Savanes Region,RETAIL,2023-04-01,0.8,Kg,c3b5ad83-36d1-49b2-acec-aa60d509d7ea
Gari,Guinea,National Average,RETAIL,2023-05-01,1.0,Kg,0da86f7d-b710-4633-bea5-f61054d3d94a
Gari,Togo,Amegnran,RETAIL,2023-05-01,0.46,Kg,4146c47d-0b06-41bb-8dc4-ced51ab4b3e2
Gari,Togo,Anie,RETAIL,2023-05-01,0.5,Kg,c1052c56-2741-4cab-aedf-6873f94f0719
Gari,Togo,Centrale Region,RETAIL,2023-05-01,0.73,Kg,2953e1e1-f53d-4e01-befe-3de0c3560c46
Gari,Togo,Cinkassé,RETAIL,2023-05-01,0.71,Kg,751a447d-34fe-48af-b8a1-3687eff7135b
Gari,Togo,Kara,RETAIL,2023-05-01,0.71,Kg,8974b9f3-192d-45fc-84c4-1eec01ed2af2
Gari,Togo,Korbongou,RETAIL,2023-05-01,0.7,Kg,888efb39-5cce-4d4a-b9b5-219ffc99a7e8
Gari,Togo,Lomé,RETAIL,2023-05-01,0.66,Kg,4d715bff-fa36-4c52-bae7-9bee18a64e92
Gari,Togo,Maritime Region,RETAIL,2023-05-01,0.8,Kg,0a8aa04f-056b-4c65-8f38-c46b73465b00
Gari,Togo,Savanes Region,RETAIL,2023-05-01,0.78,Kg,c3b5ad83-36d1-49b2-acec-aa60d509d7ea
Gari,Guinea,National Average,RETAIL,2023-06-01,1.02,Kg,0da86f7d-b710-4633-bea5-f61054d3d94a
Gari,Togo,Amegnran,RETAIL,2023-06-01,0.45,Kg,4146c47d-0b06-41bb-8dc4-ced51ab4b3e2
Gari,Togo,Anie,RETAIL,2023-06-01,0.48,Kg,c1052c56-2741-4cab-aedf-6873f94f0719
Gari,Togo,Centrale Region,RETAIL,2023-06-01,0.71,Kg,2953e1e1-f53d-4e01-befe-3de0c3560c46
Gari,Togo,Cinkassé,RETAIL,2023-06-01,0.71,Kg,751a447d-34fe-48af-b8a1-3687eff7135b
Gari,Togo,Kara,RETAIL,2023-06-01,0.7,Kg,8974b9f3-192d-45fc-84c4-1eec01ed2af2
Gari,Togo,Korbongou,RETAIL,2023-06-01,0.7,Kg,888efb39-5cce-4d4a-b9b5-219ffc99a7e8
Gari,Togo,Lomé,RETAIL,2023-06-01,0.66,Kg,4d715bff-fa36-4c52-bae7-9bee18a64e92
Gari,Togo,Maritime Region,RETAIL,2023-06-01,0.84,Kg,0a8aa04f-056b-4c65-8f38-c46b73465b00
Gari,Togo,Savanes Region,RETAIL,2023-06-01,0.78,Kg,c3b5ad83-36d1-49b2-acec-aa60d509d7ea
Gari,Guinea,National Average,RETAIL,2023-07-01,1.01,Kg,0da86f7d-b710-4633-bea5-f61054d3d94a
Gari,Togo,Amegnran,RETAIL,2023-07-01,0.49,Kg,4146c47d-0b06-41bb-8dc4-ced51ab4b3e2
Gari,Togo,Anie,RETAIL,2023-07-01,0.52,Kg,c1052c56-2741-4cab-aedf-6873f94f0719
Gari,Togo,Centrale Region,RETAIL,2023-07-01,0.93,Kg,2953e1e1-f53d-4e01-befe-3de0c3560c46
Gari,Togo,Cinkassé,RETAIL,2023-07-01,0.71,Kg,751a447d-34fe-48af-b8a1-3687eff7135b
Gari,Togo,Kara,RETAIL,2023-07-01,0.73,Kg,8974b9f3-192d-45fc-84c4-1eec01ed2af2
Gari,Togo,Korbongou,RETAIL,2023-07-01,0.72,Kg,888efb39-5cce-4d4a-b9b5-219ffc99a7e8
Gari,Togo,Lomé,RETAIL,2023-07-01,0.63,Kg,4d715bff-fa36-4c52-bae7-9bee18a64e92
Gari,Togo,Maritime Region,RETAIL,2023-07-01,0.78,Kg,0a8aa04f-056b-4c65-8f38-c46b73465b00
Gari,Togo,Savanes Region,RETAIL,2023-07-01,0.92,Kg,c3b5ad83-36d1-49b2-acec-aa60d509d7ea
Gari,Guinea,National Average,RETAIL,2023-08-01,1.04,Kg,0da86f7d-b710-4633-bea5-f61054d3d94a
Gari,Togo,Amegnran,RETAIL,2023-08-01,0.5,Kg,4146c47d-0b06-41bb-8dc4-ced51ab4b3e2
Gari,Togo,Anie,RETAIL,2023-08-01,0.52,Kg,c1052c56-2741-4cab-aedf-6873f94f0719
Gari,Togo,Centrale Region,RETAIL,2023-08-01,0.86,Kg,2953e1e1-f53d-4e01-befe-3de0c3560c46
Gari,Togo,Cinkassé,RETAIL,2023-08-01,0.7,Kg,751a447d-34fe-48af-b8a1-3687eff7135b
Gari,Togo,Kara,RETAIL,2023-08-01,0.73,Kg,8974b9f3-192d-45fc-84c4-1eec01ed2af2
Gari,Togo,Korbongou,RETAIL,2023-08-01,0.72,Kg,888efb39-5cce-4d4a-b9b5-219ffc99a7e8
Gari,Togo,Lomé,RETAIL,2023-08-01,0.65,Kg,4d715bff-fa36-4c52-bae7-9bee18a64e92
Gari,Togo,Maritime Region,RETAIL,2023-08-01,0.86,Kg,0a8aa04f-056b-4c65-8f38-c46b73465b00
Gari,Togo,Savanes Region,RETAIL,2023-08-01,0.74,Kg,c3b5ad83-36d1-49b2-acec-aa60d509d7ea
Gari,Guinea,National Average,RETAIL,2023-09-01,1.01,Kg,0da86f7d-b710-4633-bea5-f61054d3d94a
Gari,Togo,Amegnran,RETAIL,2023-09-01,0.5,Kg,4146c47d-0b06-41bb-8dc4-ced51ab4b3e2
Gari,Togo,Anie,RETAIL,2023-09-01,0.49,Kg,c1052c56-2741-4cab-aedf-6873f94f0719
Gari,Togo,Centrale Region,RETAIL,2023-09-01,0.79,Kg,2953e1e1-f53d-4e01-befe-3de0c3560c46
Gari,Togo,Cinkassé,RETAIL,2023-09-01,0.67,Kg,751a447d-34fe-48af-b8a1-3687eff7135b
Gari,Togo,Kara,RETAIL,2023-09-01,0.72,Kg,8974b9f3-192d-45fc-84c4-1eec01ed2af2
Gari,Togo,Korbongou,RETAIL,2023-09-01,0.67,Kg,888efb39-5cce-4d4a-b9b5-219ffc99a7e8
Gari,Togo,Lomé,RETAIL,2023-09-01,0.6,Kg,4d715bff-fa36-4c52-bae7-9bee18a64e92
Gari,Togo,Maritime Region,RETAIL,2023-09-01,0.87,Kg,0a8aa04f-056b-4c65-8f38-c46b73465b00
Gari,Togo,Savanes Region,RETAIL,2023-09-01,0.93,Kg,c3b5ad83-36d1-49b2-acec-aa60d509d7ea
Gari,Guinea,National Average,RETAIL,2023-10-01,1.03,Kg,0da86f7d-b710-4633-bea5-f61054d3d94a
Gari,Togo,Amegnran,RETAIL,2023-10-01,0.49,Kg,4146c47d-0b06-41bb-8dc4-ced51ab4b3e2
Gari,Togo,Anie,RETAIL,2023-10-01,0.48,Kg,c1052c56-2741-4cab-aedf-6873f94f0719
Gari,Togo,Centrale Region,RETAIL,2023-10-01,0.7,Kg,2953e1e1-f53d-4e01-befe-3de0c3560c46
Gari,Togo,Cinkassé,RETAIL,2023-10-01,0.66,Kg,751a447d-34fe-48af-b8a1-3687eff7135b
Gari,Togo,Kara,RETAIL,2023-10-01,0.68,Kg,8974b9f3-192d-45fc-84c4-1eec01ed2af2
Gari,Togo,Korbongou,RETAIL,2023-10-01,0.67,Kg,888efb39-5cce-4d4a-b9b5-219ffc99a7e8
Gari,Togo,Lomé,RETAIL,2023-10-01,0.6,Kg,4d715bff-fa36-4c52-bae7-9bee18a64e92
Gari,Togo,Maritime Region,RETAIL,2023-10-01,0.9,Kg,0a8aa04f-056b-4c65-8f38-c46b73465b00
Gari,Togo,Savanes Region,RETAIL,2023-10-01,0.91,Kg,c3b5ad83-36d1-49b2-acec-aa60d509d7ea
Gari,Guinea,National Average,RETAIL,2023-11-01,1.03,Kg,0da86f7d-b710-4633-bea5-f61054d3d94a
Gari,Togo,Amegnran,RETAIL,2023-11-01,0.5,Kg,4146c47d-0b06-41bb-8dc4-ced51ab4b3e2
Gari,Togo,Anie,RETAIL,2023-11-01,0.5,Kg,c1052c56-2741-4cab-aedf-6873f94f0719
Gari,Togo,Centrale Region,RETAIL,2023-11-01,0.66,Kg,2953e1e1-f53d-4e01-befe-3de0c3560c46
Gari,Togo,Cinkassé,RETAIL,2023-11-01,0.69,Kg,751a447d-34fe-48af-b8a1-3687eff7135b
Gari,Togo,Kara,RETAIL,2023-11-01,0.66,Kg,8974b9f3-192d-45fc-84c4-1eec01ed2af2
Gari,Togo,Korbongou,RETAIL,2023-11-01,0.69,Kg,888efb39-5cce-4d4a-b9b5-219ffc99a7e8
Gari,Togo,Lomé,RETAIL,2023-11-01,0.63,Kg,4d715bff-fa36-4c52-bae7-9bee18a64e92
Gari,Togo,Maritime Region,RETAIL,2023-11-01,0.9,Kg,0a8aa04f-056b-4c65-8f38-c46b73465b00
Gari,Togo,Savanes Region,RETAIL,2023-11-01,1.03,Kg,c3b5ad83-36d1-49b2-acec-aa60d509d7ea
Gari,Guinea,National Average,RETAIL,2023-12-01,1.0,Kg,0da86f7d-b710-4633-bea5-f61054d3d94a
Gari,Togo,Amegnran,RETAIL,2023-12-01,0.5,Kg,4146c47d-0b06-41bb-8dc4-ced51ab4b3e2
Gari,Togo,Anie,RETAIL,2023-12-01,0.5,Kg,c1052c56-2741-4cab-aedf-6873f94f0719
Gari,Togo,Centrale Region,RETAIL,2023-12-01,0.71,Kg,2953e1e1-f53d-4e01-befe-3de0c3560c46
Gari,Togo,Cinkassé,RETAIL,2023-12-01,0.7,Kg,751a447d-34fe-48af-b8a1-3687eff7135b
Gari,Togo,Kara,RETAIL,2023-12-01,0.66,Kg,8974b9f3-192d-45fc-84c4-1eec01ed2af2
Gari,Togo,Korbongou,RETAIL,2023-12-01,0.7,Kg,888efb39-5cce-4d4a-b9b5-219ffc99a7e8
Gari,Togo,Lomé,RETAIL,2023-12-01,0.62,Kg,4d715bff-fa36-4c52-bae7-9bee18a64e92
Gari,Togo,Maritime Region,RETAIL,2023-12-01,0.93,Kg,0a8aa04f-056b-4c65-8f38-c46b73465b00
Gari,Togo,Savanes Region,RETAIL,2023-12-01,0.92,Kg,c3b5ad83-36d1-49b2-acec-aa60d509d7ea
Gari,Guinea,National Average,RETAIL,2024-01-01,1.04,Kg,0da86f7d-b710-4633-bea5-f61054d3d94a
Gari,Togo,Amegnran,RETAIL,2024-01-01,0.5,Kg,4146c47d-0b06-41bb-8dc4-ced51ab4b3e2
Gari,Togo,Anie,RETAIL,2024-01-01,0.52,Kg,c1052c56-2741-4cab-aedf-6873f94f0719
Gari,Togo,Centrale Region,RETAIL,2024-01-01,0.7,Kg,2953e1e1-f53d-4e01-befe-3de0c3560c46
Gari,Togo,Cinkassé,RETAIL,2024-01-01,0.7,Kg,751a447d-34fe-48af-b8a1-3687eff7135b
Gari,Togo,Kara,RETAIL,2024-01-01,0.66,Kg,8974b9f3-192d-45fc-84c4-1eec01ed2af2
Gari,Togo,Korbongou,RETAIL,2024-01-01,0.72,Kg,888efb39-5cce-4d4a-b9b5-219ffc99a7e8
Gari,Togo,Lomé,RETAIL,2024-01-01,0.69,Kg,4d715bff-fa36-4c52-bae7-9bee18a64e92
Gari,Togo,Maritime Region,RETAIL,2024-01-01,0.88,Kg,0a8aa04f-056b-4c65-8f38-c46b73465b00
Gari,Togo,Savanes Region,RETAIL,2024-01-01,1.11,Kg,c3b5ad83-36d1-49b2-acec-aa60d509d7ea
Gari,Guinea,National Average,RETAIL,2024-02-01,0.95,Kg,0da86f7d-b710-4633-bea5-f61054d3d94a
Gari,Togo,Amegnran,RETAIL,2024-02-01,0.49,Kg,4146c47d-0b06-41bb-8dc4-ced51ab4b3e2
Gari,Togo,Anie,RETAIL,2024-02-01,0.52,Kg,c1052c56-2741-4cab-aedf-6873f94f0719
Gari,Togo,Centrale Region,RETAIL,2024-02-01,0.72,Kg,2953e1e1-f53d-4e01-befe-3de0c3560c46
Gari,Togo,Cinkassé,RETAIL,2024-02-01,0.69,Kg,751a447d-34fe-48af-b8a1-3687eff7135b
Gari,Togo,Kara,RETAIL,2024-02-01,0.66,Kg,8974b9f3-192d-45fc-84c4-1eec01ed2af2
Gari,Togo,Korbongou,RETAIL,2024-02-01,0.71,Kg,888efb39-5cce-4d4a-b9b5-219ffc99a7e8
Gari,Togo,Lomé,RETAIL,2024-02-01,0.7,Kg,4d715bff-fa36-4c52-bae7-9bee18a64e92
Gari,Togo,Maritime Region,RETAIL,2024-02-01,0.87,Kg,0a8aa04f-056b-4c65-8f38-c46b73465b00
Gari,Togo,Savanes Region,RETAIL,2024-02-01,0.89,Kg,c3b5ad83-36d1-49b2-acec-aa60d509d7ea
Gari,Guinea,National Average,RETAIL,2024-03-01,0.96,Kg,0da86f7d-b710-4633-bea5-f61054d3d94a
Gari,Togo,Amegnran,RETAIL,2024-03-01,0.5,Kg,4146c47d-0b06-41bb-8dc4-ced51ab4b3e2
Gari,Togo,Anie,RETAIL,2024-03-01,0.51,Kg,c1052c56-2741-4cab-aedf-6873f94f0719
Gari,Togo,Centrale Region,RETAIL,2024-03-01,0.71,Kg,2953e1e1-f53d-4e01-befe-3de0c3560c46
Gari,Togo,Cinkassé,RETAIL,2024-03-01,0.7,Kg,751a447d-34fe-48af-b8a1-3687eff7135b
Gari,Togo,Kara,RETAIL,2024-03-01,0.66,Kg,8974b9f3-192d-45fc-84c4-1eec01ed2af2
Gari,Togo,Korbongou,RETAIL,2024-03-01,0.71,Kg,888efb39-5cce-4d4a-b9b5-219ffc99a7e8
Gari,Togo,Lomé,RETAIL,2024-03-01,0.7,Kg,4d715bff-fa36-4c52-bae7-9bee18a64e92
Gari,Togo,Maritime Region,RETAIL,2024-03-01,0.84,Kg,0a8aa04f-056b-4c65-8f38-c46b73465b00
Gari,Togo,Savanes Region,RETAIL,2024-03-01,1.07,Kg,c3b5ad83-36d1-49b2-acec-aa60d509d7ea
Gari,Guinea,National Average,RETAIL,2024-04-01,0.97,Kg,0da86f7d-b710-4633-bea5-f61054d3d94a
Gari,Togo,Amegnran,RETAIL,2024-04-01,0.5,Kg,4146c47d-0b06-41bb-8dc4-ced51ab4b3e2
Gari,Togo,Anie,RETAIL,2024-04-01,0.51,Kg,c1052c56-2741-4cab-aedf-6873f94f0719
Gari,Togo,Centrale Region,RETAIL,2024-04-01,0.77,Kg,2953e1e1-f53d-4e01-befe-3de0c3560c46
Gari,Togo,Cinkassé,RETAIL,2024-04-01,0.69,Kg,751a447d-34fe-48af-b8a1-3687eff7135b
Gari,Togo,Kara,RETAIL,2024-04-01,0.65,Kg,8974b9f3-192d-45fc-84c4-1eec01ed2af2
Gari,Togo,Korbongou,RETAIL,2024-04-01,0.7,Kg,888efb39-5cce-4d4a-b9b5-219ffc99a7e8
Gari,Togo,Lomé,RETAIL,2024-04-01,0.69,Kg,4d715bff-fa36-4c52-bae7-9bee18a64e92
Gari,Togo,Maritime Region,RETAIL,2024-04-01,0.87,Kg,0a8aa04f-056b-4c65-8f38-c46b73465b00
Gari,Togo,Savanes Region,RETAIL,2024-04-01,1.04,Kg,c3b5ad83-36d1-49b2-acec-aa60d509d7ea
Gari,Guinea,National Average,RETAIL,2024-05-01,1.05,Kg,0da86f7d-b710-4633-bea5-f61054d3d94a
Gari,Togo,Amegnran,RETAIL,2024-05-01,0.51,Kg,4146c47d-0b06-41bb-8dc4-ced51ab4b3e2
Gari,Togo,Anie,RETAIL,2024-05-01,0.51,Kg,c1052c56-2741-4cab-aedf-6873f94f0719
Gari,Togo,Centrale Region,RETAIL,2024-05-01,0.94,Kg,2953e1e1-f53d-4e01-befe-3de0c3560c46
Gari,Togo,Cinkassé,RETAIL,2024-05-01,0.7,Kg,751a447d-34fe-48af-b8a1-3687eff7135b
Gari,Togo,Kara,RETAIL,2024-05-01,0.66,Kg,8974b9f3-192d-45fc-84c4-1eec01ed2af2
Gari,Togo,Korbongou,RETAIL,2024-05-01,0.7,Kg,888efb39-5cce-4d4a-b9b5-219ffc99a7e8
Gari,Togo,Lomé,RETAIL,2024-05-01,0.69,Kg,4d715bff-fa36-4c52-bae7-9bee18a64e92
Gari,Togo,Maritime Region,RETAIL,2024-05-01,0.96,Kg,0a8aa04f-056b-4c65-8f38-c46b73465b00
Gari,Togo,Savanes Region,RETAIL,2024-05-01,1.05,Kg,c3b5ad83-36d1-49b2-acec-aa60d509d7ea
Gari,Guinea,National Average,RETAIL,2024-06-01,0.97,Kg,0da86f7d-b710-4633-bea5-f61054d3d94a
Gari,Togo,Amegnran,RETAIL,2024-06-01,0.51,Kg,4146c47d-0b06-41bb-8dc4-ced51ab4b3e2
Gari,Togo,Anie,RETAIL,2024-06-01,0.52,Kg,c1052c56-2741-4cab-aedf-6873f94f0719
Gari,Togo,Centrale Region,RETAIL,2024-06-01,1.0,Kg,2953e1e1-f53d-4e01-befe-3de0c3560c46
Gari,Togo,Cinkassé,RETAIL,2024-06-01,0.7,Kg,751a447d-34fe-48af-b8a1-3687eff7135b
Gari,Togo,Kara,RETAIL,2024-06-01,0.66,Kg,8974b9f3-192d-45fc-84c4-1eec01ed2af2
Gari,Togo,Korbongou,RETAIL,2024-06-01,0.7,Kg,888efb39-5cce-4d4a-b9b5-219ffc99a7e8
Gari,Togo,Lomé,RETAIL,2024-06-01,0.69,Kg,4d715bff-fa36-4c52-bae7-9bee18a64e92
Gari,Togo,Maritime Region,RETAIL,2024-06-01,0.93,Kg,0a8aa04f-056b-4c65-8f38-c46b73465b00
Gari,Togo,Savanes Region,RETAIL,2024-06-01,1.0,Kg,c3b5ad83-36d1-49b2-acec-aa60d509d7ea
Gari,Guinea,National Average,RETAIL,2024-07-01,1.06,Kg,0da86f7d-b710-4633-bea5-f61054d3d94a
Gari,Togo,Amegnran,RETAIL,2024-07-01,0.51,Kg,4146c47d-0b06-41bb-8dc4-ced51ab4b3e2
Gari,Togo,Anie,RETAIL,2024-07-01,0.53,Kg,c1052c56-2741-4cab-aedf-6873f94f0719
Gari,Togo,Centrale Region,RETAIL,2024-07-01,1.09,Kg,2953e1e1-f53d-4e01-befe-3de0c3560c46
Gari,Togo,Cinkassé,RETAIL,2024-07-01,0.7,Kg,751a447d-34fe-48af-b8a1-3687eff7135b
Gari,Togo,Kara,RETAIL,2024-07-01,0.66,Kg,8974b9f3-192d-45fc-84c4-1eec01ed2af2
Gari,Togo,Korbongou,RETAIL,2024-07-01,0.7,Kg,888efb39-5cce-4d4a-b9b5-219ffc99a7e8
Gari,Togo,Lomé,RETAIL,2024-07-01,0.69,Kg,4d715bff-fa36-4c52-bae7-9bee18a64e92
Gari,Togo,Maritime Region,RETAIL,2024-07-01,0.97,Kg,0a8aa04f-056b-4c65-8f38-c46b73465b00
Gari,Togo,Savanes Region,RETAIL,2024-07-01,1.0,Kg,c3b5ad83-36d1-49b2-acec-aa60d509d7ea
Gari,Guinea,National Average,RETAIL,2024-08-01,1.05,Kg,0da86f7d-b710-4633-bea5-f61054d3d94a
Gari,Togo,Amegnran,RETAIL,2024-08-01,0.54,Kg,4146c47d-0b06-41bb-8dc4-ced51ab4b3e2
Gari,Togo,Anie,RETAIL,2024-08-01,0.54,Kg,c1052c56-2741-4cab-aedf-6873f94f0719
Gari,Togo,Centrale Region,RETAIL,2024-08-01,1.0,Kg,2953e1e1-f53d-4e01-befe-3de0c3560c46
Gari,Togo,Cinkassé,RETAIL,2024-08-01,0.71,Kg,751a447d-34fe-48af-b8a1-3687eff7135b
Gari,Togo,Kara,RETAIL,2024-08-01,0.69,Kg,8974b9f3-192d-45fc-84c4-1eec01ed2af2
Gari,Togo,Korbongou,RETAIL,2024-08-01,0.71,Kg,888efb39-5cce-4d4a-b9b5-219ffc99a7e8
Gari,Togo,Lomé,RETAIL,2024-08-01,0.71,Kg,4d715bff-fa36-4c52-bae7-9bee18a64e92
Gari,Togo,Maritime Region,RETAIL,2024-08-01,1.0,Kg,0a8aa04f-056b-4c65-8f38-c46b73465b00
Gari,Togo,Savanes Region,RETAIL,2024-08-01,1.22,Kg,c3b5ad83-36d1-49b2-acec-aa60d509d7ea
Gari,Guinea,National Average,RETAIL,2024-09-01,1.09,Kg,0da86f7d-b710-4633-bea5-f61054d3d94a
Gari,Togo,Amegnran,RETAIL,2024-09-01,0.54,Kg,4146c47d-0b06-41bb-8dc4-ced51ab4b3e2
Gari,Togo,Anie,RETAIL,2024-09-01,0.55,Kg,c1052c56-2741-4cab-aedf-6873f94f0719
Gari,Togo,Centrale Region,RETAIL,2024-09-01,1.04,Kg,2953e1e1-f53d-4e01-befe-3de0c3560c46
Gari,Togo,Cinkassé,RETAIL,2024-09-01,0.72,Kg,751a447d-34fe-48af-b8a1-3687eff7135b
Gari,Togo,Kara,RETAIL,2024-09-01,0.69,Kg,8974b9f3-192d-45fc-84c4-1eec01ed2af2
Gari,Togo,Korbongou,RETAIL,2024-09-01,0.71,Kg,888efb39-5cce-4d4a-b9b5-219ffc99a7e8
Gari,Togo,Lomé,RETAIL,2024-09-01,0.69,Kg,4d715bff-fa36-4c52-bae7-9bee18a64e92
Gari,Togo,Maritime Region,RETAIL,2024-09-01,0.96,Kg,0a8aa04f-056b-4c65-8f38-c46b73465b00
Gari,Togo,Savanes Region,RETAIL,2024-09-01,1.16,Kg,c3b5ad83-36d1-49b2-acec-aa60d509d7ea
Gari,Guinea,National Average,RETAIL,2024-10-01,1.12,Kg,0da86f7d-b710-4633-bea5-f61054d3d94a
Gari,Togo,Amegnran,RETAIL,2024-10-01,0.53,Kg,4146c47d-0b06-41bb-8dc4-ced51ab4b3e2
Gari,Togo,Anie,RETAIL,2024-10-01,0.52,Kg,c1052c56-2741-4cab-aedf-6873f94f0719
Gari,Togo,Centrale Region,RETAIL,2024-10-01,0.93,Kg,2953e1e1-f53d-4e01-befe-3de0c3560c46
Gari,Togo,Cinkassé,RETAIL,2024-10-01,0.7,Kg,751a447d-34fe-48af-b8a1-3687eff7135b
Gari,Togo,Kara,RETAIL,2024-10-01,0.68,Kg,8974b9f3-192d-45fc-84c4-1eec01ed2af2
Gari,Togo,Korbongou,RETAIL,2024-10-01,0.7,Kg,888efb39-5cce-4d4a-b9b5-219ffc99a7e8
Gari,Togo,Lomé,RETAIL,2024-10-01,0.7,Kg,4d715bff-fa36-4c52-bae7-9bee18a64e92
Gari,Togo,Maritime Region,RETAIL,2024-10-01,0.97,Kg,0a8aa04f-056b-4c65-8f38-c46b73465b00
Gari,Togo,Savanes Region,RETAIL,2024-10-01,1.05,Kg,c3b5ad83-36d1-49b2-acec-aa60d509d7ea
Gari,Guinea,National Average,RETAIL,2024-11-01,1.14,Kg,0da86f7d-b710-4633-bea5-f61054d3d94a
Gari,Togo,Amegnran,RETAIL,2024-11-01,0.52,Kg,4146c47d-0b06-41bb-8dc4-ced51ab4b3e2
Gari,Togo,Anie,RETAIL,2024-11-01,0.51,Kg,c1052c56-2741-4cab-aedf-6873f94f0719
Gari,Togo,Centrale Region,RETAIL,2024-11-01,0.86,Kg,2953e1e1-f53d-4e01-befe-3de0c3560c46
Gari,Togo,Cinkassé,RETAIL,2024-11-01,0.68,Kg,751a447d-34fe-48af-b8a1-3687eff7135b
Gari,Togo,Kara,RETAIL,2024-11-01,0.66,Kg,8974b9f3-192d-45fc-84c4-1eec01ed2af2
Gari,Togo,Korbongou,RETAIL,2024-11-01,0.68,Kg,888efb39-5cce-4d4a-b9b5-219ffc99a7e8
Gari,Togo,Lomé,RETAIL,2024-11-01,0.68,Kg,4d715bff-fa36-4c52-bae7-9bee18a64e92
Gari,Togo,Maritime Region,RETAIL,2024-11-01,0.9,Kg,0a8aa04f-056b-4c65-8f38-c46b73465b00
Gari,Togo,Savanes Region,RETAIL,2024-11-01,1.01,Kg,c3b5ad83-36d1-49b2-acec-aa60d509d7ea
Gari,Guinea,National Average,RETAIL,2024-12-01,1.2,Kg,0da86f7d-b710-4633-bea5-f61054d3d94a
Gari,Togo,Amegnran,RETAIL,2024-12-01,0.51,Kg,4146c47d-0b06-41bb-8dc4-ced51ab4b3e2
Gari,Togo,Anie,RETAIL,2024-12-01,0.5,Kg,c1052c56-2741-4cab-aedf-6873f94f0719
Gari,Togo,Centrale Region,RETAIL,2024-12-01,0.83,Kg,2953e1e1-f53d-4e01-befe-3de0c3560c46
Gari,Togo,Cinkassé,RETAIL,2024-12-01,0.67,Kg,751a447d-34fe-48af-b8a1-3687eff7135b
Gari,Togo,DAGL (Lomé) Region,RETAIL,2024-12-01,0.86,Kg,3acd9fda-8412-4a5b-88f1-31ef55d859e2
Gari,Togo,Kara,RETAIL,2024-12-01,0.65,Kg,8974b9f3-192d-45fc-84c4-1eec01ed2af2
Gari,Togo,Korbongou,RETAIL,2024-12-01,0.67,Kg,888efb39-5cce-4d4a-b9b5-219ffc99a7e8
Gari,Togo,Lomé,RETAIL,2024-12-01,0.67,Kg,4d715bff-fa36-4c52-bae7-9bee18a64e92
Gari,Togo,Maritime Region,RETAIL,2024-12-01,0.67,Kg,0a8aa04f-056b-4c65-8f38-c46b73465b00
Gari,Togo,Savanes Region,RETAIL,2024-12-01,0.91,Kg,c3b5ad83-36d1-49b2-acec-aa60d509d7ea
Gari,Guinea,National Average,RETAIL,2025-01-01,1.08,Kg,0da86f7d-b710-4633-bea5-f61054d3d94a
Gari,Togo,Amegnran,RETAIL,2025-01-01,0.51,Kg,4146c47d-0b06-41bb-8dc4-ced51ab4b3e2
Gari,Togo,Anie,RETAIL,2025-01-01,0.5,Kg,c1052c56-2741-4cab-aedf-6873f94f0719
Gari,Togo,Centrale Region,RETAIL,2025-01-01,0.66,Kg,2953e1e1-f53d-4e01-befe-3de0c3560c46
Gari,Togo,Cinkassé,RETAIL,2025-01-01,0.66,Kg,751a447d-34fe-48af-b8a1-3687eff7135b
Gari,Togo,DAGL (Lomé) Region,RETAIL,2025-01-01,0.89,Kg,3acd9fda-8412-4a5b-88f1-31ef55d859e2
Gari,Togo,Kara,RETAIL,2025-01-01,0.65,Kg,8974b9f3-192d-45fc-84c4-1eec01ed2af2
Gari,Togo,Korbongou,RETAIL,2025-01-01,0.66,Kg,888efb39-5cce-4d4a-b9b5-219ffc99a7e8
Gari,Togo,Lomé,RETAIL,2025-01-01,0.65,Kg,4d715bff-fa36-4c52-bae7-9bee18a64e92
Gari,Togo,Maritime Region,RETAIL,2025-01-01,0.72,Kg,0a8aa04f-056b-4c65-8f38-c46b73465b00
Gari,Togo,Savanes Region,RETAIL,2025-01-01,0.91,Kg,c3b5ad83-36d1-49b2-acec-aa60d509d7ea
Gari,Guinea,National Average,RETAIL,2025-02-01,1.19,Kg,0da86f7d-b710-4633-bea5-f61054d3d94a
Gari,Togo,Amegnran,RETAIL,2025-02-01,0.51,Kg,4146c47d-0b06-41bb-8dc4-ced51ab4b3e2
Gari,Togo,Anie,RETAIL,2025-02-01,0.5,Kg,c1052c56-2741-4cab-aedf-6873f94f0719
Gari,Togo,Centrale Region,RETAIL,2025-02-01,0.69,Kg,2953e1e1-f53d-4e01-befe-3de0c3560c46
Gari,Togo,Cinkassé,RETAIL,2025-02-01,0.67,Kg,751a447d-34fe-48af-b8a1-3687eff7135b
Gari,Togo,DAGL (Lomé) Region,RETAIL,2025-02-01,0.9,Kg,3acd9fda-8412-4a5b-88f1-31ef55d859e2
Gari,Togo,Kara,RETAIL,2025-02-01,0.65,Kg,8974b9f3-192d-45fc-84c4-1eec01ed2af2
Gari,Togo,Korbongou,RETAIL,2025-02-01,0.67,Kg,888efb39-5cce-4d4a-b9b5-219ffc99a7e8
Gari,Togo,Lomé,RETAIL,2025-02-01,0.65,Kg,4d715bff-fa36-4c52-bae7-9bee18a64e92
Gari,Togo,Maritime Region,RETAIL,2025-02-01,0.66,Kg,0a8aa04f-056b-4c65-8f38-c46b73465b00
Gari,Togo,Savanes Region,RETAIL,2025-02-01,0.81,Kg,c3b5ad83-36d1-49b2-acec-aa60d509d7ea
Gari,Guinea,National Average,RETAIL,2025-03-01,1.16,Kg,0da86f7d-b710-4633-bea5-f61054d3d94a
Gari,Togo,Amegnran,RETAIL,2025-03-01,0.54,Kg,4146c47d-0b06-41bb-8dc4-ced51ab4b3e2
Gari,Togo,Anie,RETAIL,2025-03-01,0.54,Kg,c1052c56-2741-4cab-aedf-6873f94f0719
Gari,Togo,Centrale Region,RETAIL,2025-03-01,0.81,Kg,2953e1e1-f53d-4e01-befe-3de0c3560c46
Gari,Togo,Cinkassé,RETAIL,2025-03-01,0.69,Kg,751a447d-34fe-48af-b8a1-3687eff7135b
Gari,Togo,DAGL (Lomé) Region,RETAIL,2025-03-01,0.89,Kg,3acd9fda-8412-4a5b-88f1-31ef55d859e2
Gari,Togo,Kara,RETAIL,2025-03-01,0.68,Kg,8974b9f3-192d-45fc-84c4-1eec01ed2af2
Gari,Togo,Korbongou,RETAIL,2025-03-01,0.69,Kg,888efb39-5cce-4d4a-b9b5-219ffc99a7e8
Gari,Togo,Lomé,RETAIL,2025-03-01,0.69,Kg,4d715bff-fa36-4c52-bae7-9bee18a64e92
Gari,Togo,Maritime Region,RETAIL,2025-03-01,0.71,Kg,0a8aa04f-056b-4c65-8f38-c46b73465b00
Gari,Togo,Savanes Region,RETAIL,2025-03-01,0.89,Kg,c3b5ad83-36d1-49b2-acec-aa60d509d7ea
Gari,Guinea,National Average,RETAIL,2025-04-01,1.2,Kg,0da86f7d-b710-4633-bea5-f61054d3d94a
Gari,Togo,Amegnran,RETAIL,2025-04-01,0.56,Kg,4146c47d-0b06-41bb-8dc4-ced51ab4b3e2
Gari,Togo,Anie,RETAIL,2025-04-01,0.58,Kg,c1052c56-2741-4cab-aedf-6873f94f0719
Gari,Togo,Centrale Region,RETAIL,2025-04-01,0.89,Kg,2953e1e1-f53d-4e01-befe-3de0c3560c46
Gari,Togo,Cinkassé,RETAIL,2025-04-01,0.72,Kg,751a447d-34fe-48af-b8a1-3687eff7135b
Gari,Togo,DAGL (Lomé) Region,RETAIL,2025-04-01,0.96,Kg,3acd9fda-8412-4a5b-88f1-31ef55d859e2
Gari,Togo,Kara,RETAIL,2025-04-01,0.7,Kg,8974b9f3-192d-45fc-84c4-1eec01ed2af2
Gari,Togo,Korbongou,RETAIL,2025-04-01,0.72,Kg,888efb39-5cce-4d4a-b9b5-219ffc99a7e8
Gari,Togo,Lomé,RETAIL,2025-04-01,0.7,Kg,4d715bff-fa36-4c52-bae7-9bee18a64e92
Gari,Togo,Maritime Region,RETAIL,2025-04-01,0.69,Kg,0a8aa04f-056b-4c65-8f38-c46b73465b00
Gari,Togo,Savanes Region,RETAIL,2025-04-01,0.9,Kg,c3b5ad83-36d1-49b2-acec-aa60d509d7ea
Gari,Guinea,National Average,RETAIL,2025-05-01,1.2,Kg,0da86f7d-b710-4633-bea5-f61054d3d94a
Gari,Togo,Amegnran,RETAIL,2025-05-01,0.56,Kg,4146c47d-0b06-41bb-8dc4-ced51ab4b3e2
Gari,Togo,Anie,RETAIL,2025-05-01,0.58,Kg,c1052c56-2741-4cab-aedf-6873f94f0719
Gari,Togo,Centrale Region,RETAIL,2025-05-01,0.88,Kg,2953e1e1-f53d-4e01-befe-3de0c3560c46
Gari,Togo,Cinkassé,RETAIL,2025-05-01,0.72,Kg,751a447d-34fe-48af-b8a1-3687eff7135b
Gari,Togo,DAGL (Lomé) Region,RETAIL,2025-05-01,0.96,Kg,3acd9fda-8412-4a5b-88f1-31ef55d859e2
Gari,Togo,Kara,RETAIL,2025-05-01,0.7,Kg,8974b9f3-192d-45fc-84c4-1eec01ed2af2
Gari,Togo,Korbongou,RETAIL,2025-05-01,0.72,Kg,888efb39-5cce-4d4a-b9b5-219ffc99a7e8
Gari,Togo,Lomé,RETAIL,2025-05-01,0.7,Kg,4d715bff-fa36-4c52-bae7-9bee18a64e92
Gari,Togo,Maritime Region,RETAIL,2025-05-01,0.72,Kg,0a8aa04f-056b-4c65-8f38-c46b73465b00
Gari,Togo,Savanes Region,RETAIL,2025-05-01,0.92,Kg,c3b5ad83-36d1-49b2-acec-aa60d509d7ea
Gari,Guinea,National Average,RETAIL,2025-06-01,1.17,Kg,0da86f7d-b710-4633-bea5-f61054d3d94a
Gari,Togo,Amegnran,RETAIL,2025-06-01,0.57,Kg,4146c47d-0b06-41bb-8dc4-ced51ab4b3e2
Gari,Togo,Anie,RETAIL,2025-06-01,0.67,Kg,c1052c56-2741-4cab-aedf-6873f94f0719
Gari,Togo,Centrale Region,RETAIL,2025-06-01,0.96,Kg,2953e1e1-f53d-4e01-befe-3de0c3560c46
Gari,Togo,Cinkassé,RETAIL,2025-06-01,0.74,Kg,751a447d-34fe-48af-b8a1-3687eff7135b
Gari,Togo,DAGL (Lomé) Region,RETAIL,2025-06-01,1.02,Kg,3acd9fda-8412-4a5b-88f1-31ef55d859e2
Gari,Togo,Kara,RETAIL,2025-06-01,0.72,Kg,8974b9f3-192d-45fc-84c4-1eec01ed2af2
Gari,Togo,Korbongou,RETAIL,2025-06-01,0.74,Kg,888efb39-5cce-4d4a-b9b5-219ffc99a7e8
Gari,Togo,Lomé,RETAIL,2025-06-01,0.72,Kg,4d715bff-fa36-4c52-bae7-9bee18a64e92
Gari,Togo,Maritime Region,RETAIL,2025-06-01,0.88,Kg,0a8aa04f-056b-4c65-8f38-c46b73465b00
Gari,Togo,Savanes Region,RETAIL,2025-06-01,0.94,Kg,c3b5ad83-36d1-49b2-acec-aa60d509d7ea
Gari,Guinea,National Average,RETAIL,2025-07-01,1.11,Kg,0da86f7d-b710-4633-bea5-f61054d3d94a
Gari,Togo,Centrale Region,RETAIL,2025-07-01,0.96,Kg,2953e1e1-f53d-4e01-befe-3de0c3560c46
Gari,Togo,DAGL (Lomé) Region,RETAIL,2025-07-01,0.99,Kg,3acd9fda-8412-4a5b-88f1-31ef55d859e2
Gari,Togo,Maritime Region,RETAIL,2025-07-01,0.7,Kg,0a8aa04f-056b-4c65-8f38-c46b73465b00
Gari,Togo,Savanes Region,RETAIL,2025-07-01,1.01,Kg,c3b5ad83-36d1-49b2-acec-aa60d509d7ea
Gari,Guinea,National Average,RETAIL,2025-08-01,1.21,Kg,0da86f7d-b710-4633-bea5-f61054d3d94a
Gari,Togo,Centrale Region,RETAIL,2025-08-01,0.92,Kg,2953e1e1-f53d-4e01-befe-3de0c3560c46
Gari,Togo,DAGL (Lomé) Region,RETAIL,2025-08-01,0.95,Kg,3acd9fda-8412-4a5b-88f1-31ef55d859e2
Gari,Togo,Maritime Region,RETAIL,2025-08-01,0.75,Kg,0a8aa04f-056b-4c65-8f38-c46b73465b00
Gari,Togo,Savanes Region,RETAIL,2025-08-01,1.01,Kg,c3b5ad83-36d1-49b2-acec-aa60d509d7ea
Gari,Guinea,National Average,RETAIL,2025-09-01,1.25,Kg,0da86f7d-b710-4633-bea5-f61054d3d94a
Gari,Togo,Centrale Region,RETAIL,2025-09-01,0.89,Kg,2953e1e1-f53d-4e01-befe-3de0c3560c46
Gari,Togo,DAGL (Lomé) Region,RETAIL,2025-09-01,0.97,Kg,3acd9fda-8412-4a5b-88f1-31ef55d859e2
Gari,Togo,Maritime Region,RETAIL,2025-09-01,0.73,Kg,0a8aa04f-056b-4c65-8f38-c46b73465b00
Gari,Togo,Savanes Region,RETAIL,2025-09-01,1.01,Kg,c3b5ad83-36d1-49b2-acec-aa60d509d7ea
