commodity_name,country,market,price_type,date,price_usd,unit,uuid
Potatoes (Súper Chola),Ecuador,Ambato,WHOLESALE,2005-01-01,0.15,Kg,314586c5-54c5-4c36-8137-06c1efe4f8bd
Potatoes (Súper Chola),Ecuador,Cuenca,WHOLESALE,2005-01-01,0.23,Kg,14a28c05-5470-4dae-972d-a1571a1824ba
Potatoes (Súper Chola),Ecuador,Guayaquil,WHOLESALE,2005-01-01,0.22,Kg,4ad01c4d-5f43-4e08-9ae2-98388aef0ee6
Potatoes (Súper Chola),Ecuador,Quito,WHOLESALE,2005-01-01,0.18,Kg,ad5afb37-21b3-4348-8cd4-70045d6dfc02
Potatoes (Súper Chola),Ecuador,Ambato,WHOLESALE,2005-02-01,0.25,Kg,314586c5-54c5-4c36-8137-06c1efe4f8bd
Potatoes (Súper Chola),Ecuador,Cuenca,WHOLESALE,2005-02-01,0.29,Kg,14a28c05-5470-4dae-972d-a1571a1824ba
Potatoes (Súper Chola),Ecuador,Guayaquil,WHOLESALE,2005-02-01,0.27,Kg,4ad01c4d-5f43-4e08-9ae2-98388aef0ee6
Potatoes (Súper Chola),Ecuador,Quito,WHOLESALE,2005-02-01,0.25,Kg,ad5afb37-21b3-4348-8cd4-70045d6dfc02
Potatoes (Súper Chola),Ecuador,Ambato,WHOLESALE,2005-03-01,0.27,Kg,314586c5-54c5-4c36-8137-06c1efe4f8bd
Potatoes (Súper Chola),Ecuador,Cuenca,WHOLESALE,2005-03-01,0.32,Kg,14a28c05-5470-4dae-972d-a1571a1824ba
Potatoes (Súper Chola),Ecuador,Guayaquil,WHOLESALE,2005-03-01,0.29,Kg,4ad01c4d-5f43-4e08-9ae2-98388aef0ee6
Potatoes (Súper Chola),Ecuador,Quito,WHOLESALE,2005-03-01,0.26,Kg,ad5afb37-21b3-4348-8cd4-70045d6dfc02
Potatoes (Súper Chola),Ecuador,Ambato,WHOLESALE,2005-04-01,0.32,Kg,314586c5-54c5-4c36-8137-06c1efe4f8bd
Potatoes (Súper Chola),Ecuador,Cuenca,WHOLESALE,2005-04-01,0.36,Kg,14a28c05-5470-4dae-972d-a1571a1824ba
Potatoes (Súper Chola),Ecuador,Guayaquil,WHOLESALE,2005-04-01,0.36,Kg,4ad01c4d-5f43-4e08-9ae2-98388aef0ee6
Potatoes (Súper Chola),Ecuador,Quito,WHOLESALE,2005-04-01,0.34,Kg,ad5afb37-21b3-4348-8cd4-70045d6dfc02
Potatoes (Súper Chola),Ecuador,Ambato,WHOLESALE,2005-05-01,0.29,Kg,314586c5-54c5-4c36-8137-06c1efe4f8bd
Potatoes (Súper Chola),Ecuador,Cuenca,WHOLESALE,2005-05-01,0.33,Kg,14a28c05-5470-4dae-972d-a1571a1824ba
Potatoes (Súper Chola),Ecuador,Guayaquil,WHOLESALE,2005-05-01,0.34,Kg,4ad01c4d-5f43-4e08-9ae2-98388aef0ee6
Potatoes (Súper Chola),Ecuador,Quito,WHOLESALE,2005-05-01,0.31,Kg,ad5afb37-21b3-4348-8cd4-70045d6dfc02
Potatoes (Súper Chola),Ecuador,Ambato,WHOLESALE,2005-06-01,0.26,Kg,314586c5-54c5-4c36-8137-06c1efe4f8bd
Potatoes (Súper Chola),Ecuador,Cuenca,WHOLESALE,2005-06-01,0.26,Kg,14a28c05-5470-4dae-972d-a1571a1824ba
Potatoes (Súper Chola),Ecuador,Guayaquil,WHOLESALE,2005-06-01,0.29,Kg,4ad01c4d-5f43-4e08-9ae2-98388aef0ee6
Potatoes (Súper Chola),Ecuador,Quito,WHOLESALE,2005-06-01,0.25,Kg,ad5afb37-21b3-4348-8cd4-70045d6dfc02
Potatoes (Súper Chola),Ecuador,Ambato,WHOLESALE,2005-07-01,0.19,Kg,314586c5-54c5-4c36-8137-06c1efe4f8bd
Potatoes (Súper Chola),Ecuador,Cuenca,WHOLESALE,2005-07-01,0.32,Kg,14a28c05-5470-4dae-972d-a1571a1824ba
Potatoes (Súper Chola),Ecuador,Guayaquil,WHOLESALE,2005-07-01,0.3,Kg,4ad01c4d-5f43-4e08-9ae2-98388aef0ee6
Potatoes (Súper Chola),Ecuador,Quito,WHOLESALE,2005-07-01,0.27,Kg,ad5afb37-21b3-4348-8cd4-70045d6dfc02
Potatoes (Súper Chola),Ecuador,Ambato,WHOLESALE,2005-08-01,0.24,Kg,314586c5-54c5-4c36-8137-06c1efe4f8bd
Potatoes (Súper Chola),Ecuador,Cuenca,WHOLESALE,2005-08-01,0.35,Kg,14a28c05-5470-4dae-972d-a1571a1824ba
Potatoes (Súper Chola),Ecuador,Guayaquil,WHOLESALE,2005-08-01,0.34,Kg,4ad01c4d-5f43-4e08-9ae2-98388aef0ee6
Potatoes (Súper Chola),Ecuador,Quito,WHOLESALE,2005-08-01,0.29,Kg,ad5afb37-21b3-4348-8cd4-70045d6dfc02
Potatoes (Súper Chola),Ecuador,Ambato,WHOLESALE,2005-09-01,0.28,Kg,314586c5-54c5-4c36-8137-06c1efe4f8bd
Potatoes (Súper Chola),Ecuador,Cuenca,WHOLESALE,2005-09-01,0.43,Kg,14a28c05-5470-4dae-972d-a1571a1824ba
Potatoes (Súper Chola),Ecuador,Guayaquil,WHOLESALE,2005-09-01,0.38,Kg,4ad01c4d-5f43-4e08-9ae2-98388aef0ee6
Potatoes (Súper Chola),Ecuador,Quito,WHOLESALE,2005-09-01,0.34,Kg,ad5afb37-21b3-4348-8cd4-70045d6dfc02
Potatoes (Súper Chola),Ecuador,Ambato,WHOLESALE,2005-10-01,0.31,Kg,314586c5-54c5-4c36-8137-06c1efe4f8bd
Potatoes (Súper Chola),Ecuador,Cuenca,WHOLESALE,2005-10-01,0.45,Kg,14a28c05-5470-4dae-972d-a1571a1824ba
Potatoes (Súper Chola),Ecuador,Guayaquil,WHOLESALE,2005-10-01,0.44,Kg,4ad01c4d-5f43-4e08-9ae2-98388aef0ee6
Potatoes (Súper Chola),Ecuador,Quito,WHOLESALE,2005-10-01,0.41,Kg,ad5afb37-21b3-4348-8cd4-70045d6dfc02
Potatoes (Súper Chola),Ecuador,Ambato,WHOLESALE,2005-11-01,0.32,Kg,314586c5-54c5-4c36-8137-06c1efe4f8bd
Potatoes (Súper Chola),Ecuador,Cuenca,WHOLESALE,2005-11-01,0.43,Kg,14a28c05-5470-4dae-972d-a1571a1824ba
Potatoes (Súper Chola),Ecuador,Guayaquil,WHOLESALE,2005-11-01,0.46,Kg,4ad01c4d-5f43-4e08-9ae2-98388aef0ee6
Potatoes (Súper Chola),Ecuador,Quito,WHOLESALE,2005-11-01,0.42,Kg,ad5afb37-21b3-4348-8cd4-70045d6dfc02
Potatoes (Súper Chola),Ecuador,Ambato,WHOLESALE,2005-12-01,0.41,Kg,314586c5-54c5-4c36-8137-06c1efe4f8bd
Potatoes (Súper Chola),Ecuador,Cuenca,WHOLESALE,2005-12-01,0.46,Kg,14a28c05-5470-4dae-972d-a1571a1824ba
Potatoes (Súper Chola),Ecuador,Guayaquil,WHOLESALE,2005-12-01,0.48,Kg,4ad01c4d-5f43-4e08-9ae2-98388aef0ee6
Potatoes (Súper Chola),Ecuador,Quito,WHOLESALE,2005-12-01,0.43,Kg,ad5afb37-21b3-4348-8cd4-70045d6dfc02
Potatoes (Súper Chola),Ecuador,Ambato,WHOLESALE,2006-01-01,0.41,Kg,314586c5-54c5-4c36-8137-06c1efe4f8bd
Potatoes (Súper Chola),Ecuador,Cuenca,WHOLESALE,2006-01-01,0.47,Kg,14a28c05-5470-4dae-972d-a1571a1824ba
Potatoes (Súper Chola),Ecuador,Guayaquil,WHOLESALE,2006-01-01,0.45,Kg,4ad01c4d-5f43-4e08-9ae2-98388aef0ee6
Potatoes (Súper Chola),Ecuador,Quito,WHOLESALE,2006-01-01,0.4,Kg,ad5afb37-21b3-4348-8cd4-70045d6dfc02
Potatoes (Súper Chola),Ecuador,Ambato,WHOLESALE,2006-02-01,0.39,Kg,314586c5-54c5-4c36-8137-06c1efe4f8bd
Potatoes (Súper Chola),Ecuador,Cuenca,WHOLESALE,2006-02-01,0.41,Kg,14a28c05-5470-4dae-972d-a1571a1824ba
Potatoes (Súper Chola),Ecuador,Guayaquil,WHOLESALE,2006-02-01,0.41,Kg,4ad01c4d-5f43-4e08-9ae2-98388aef0ee6
Potatoes (Súper Chola),Ecuador,Quito,WHOLESALE,2006-02-01,0.37,Kg,ad5afb37-21b3-4348-8cd4-70045d6dfc02
Potatoes (Súper Chola),Ecuador,Ambato,WHOLESALE,2006-03-01,0.31,Kg,314586c5-54c5-4c36-8137-06c1efe4f8bd
Potatoes (Súper Chola),Ecuador,Cuenca,WHOLESALE,2006-03-01,0.41,Kg,14a28c05-5470-4dae-972d-a1571a1824ba
Potatoes (Súper Chola),Ecuador,Guayaquil,WHOLESALE,2006-03-01,0.41,Kg,4ad01c4d-5f43-4e08-9ae2-98388aef0ee6
Potatoes (Súper Chola),Ecuador,Quito,WHOLESALE,2006-03-01,0.37,Kg,ad5afb37-21b3-4348-8cd4-70045d6dfc02
Potatoes (Súper Chola),Ecuador,Ambato,WHOLESALE,2006-04-01,0.22,Kg,314586c5-54c5-4c36-8137-06c1efe4f8bd
Potatoes (Súper Chola),Ecuador,Cuenca,WHOLESALE,2006-04-01,0.26,Kg,14a28c05-5470-4dae-972d-a1571a1824ba
Potatoes (Súper Chola),Ecuador,Guayaquil,WHOLESALE,2006-04-01,0.29,Kg,4ad01c4d-5f43-4e08-9ae2-98388aef0ee6
Potatoes (Súper Chola),Ecuador,Quito,WHOLESALE,2006-04-01,0.25,Kg,ad5afb37-21b3-4348-8cd4-70045d6dfc02
Potatoes (Súper Chola),Ecuador,Ambato,WHOLESALE,2006-05-01,0.16,Kg,314586c5-54c5-4c36-8137-06c1efe4f8bd
Potatoes (Súper Chola),Ecuador,Cuenca,WHOLESALE,2006-05-01,0.19,Kg,14a28c05-5470-4dae-972d-a1571a1824ba
Potatoes (Súper Chola),Ecuador,Guayaquil,WHOLESALE,2006-05-01,0.2,Kg,4ad01c4d-5f43-4e08-9ae2-98388aef0ee6
Potatoes (Súper Chola),Ecuador,Quito,WHOLESALE,2006-05-01,0.19,Kg,ad5afb37-21b3-4348-8cd4-70045d6dfc02
Potatoes (Súper Chola),Ecuador,Ambato,WHOLESALE,2006-06-01,0.13,Kg,314586c5-54c5-4c36-8137-06c1efe4f8bd
Potatoes (Súper Chola),Ecuador,Cuenca,WHOLESALE,2006-06-01,0.18,Kg,14a28c05-5470-4dae-972d-a1571a1824ba
Potatoes (Súper Chola),Ecuador,Guayaquil,WHOLESALE,2006-06-01,0.2,Kg,4ad01c4d-5f43-4e08-9ae2-98388aef0ee6
Potatoes (Súper Chola),Ecuador,Quito,WHOLESALE,2006-06-01,0.19,Kg,ad5afb37-21b3-4348-8cd4-70045d6dfc02
Potatoes (Súper Chola),Ecuador,Ambato,WHOLESALE,2006-07-01,0.18,Kg,314586c5-54c5-4c36-8137-06c1efe4f8bd
Potatoes (Súper Chola),Ecuador,Cuenca,WHOLESALE,2006-07-01,0.26,Kg,14a28c05-5470-4dae-972d-a1571a1824ba
Potatoes (Súper Chola),Ecuador,Guayaquil,WHOLESALE,2006-07-01,0.25,Kg,4ad01c4d-5f43-4e08-9ae2-98388aef0ee6
Potatoes (Súper Chola),Ecuador,Quito,WHOLESALE,2006-07-01,0.21,Kg,ad5afb37-21b3-4348-8cd4-70045d6dfc02
Potatoes (Súper Chola),Ecuador,Ambato,WHOLESALE,2006-08-01,0.22,Kg,314586c5-54c5-4c36-8137-06c1efe4f8bd
Potatoes (Súper Chola),Ecuador,Cuenca,WHOLESALE,2006-08-01,0.3,Kg,14a28c05-5470-4dae-972d-a1571a1824ba
Potatoes (Súper Chola),Ecuador,Guayaquil,WHOLESALE,2006-08-01,0.32,Kg,4ad01c4d-5f43-4e08-9ae2-98388aef0ee6
Potatoes (Súper Chola),Ecuador,Quito,WHOLESALE,2006-08-01,0.27,Kg,ad5afb37-21b3-4348-8cd4-70045d6dfc02
Potatoes (Súper Chola),Ecuador,Ambato,WHOLESALE,2006-09-01,0.29,Kg,314586c5-54c5-4c36-8137-06c1efe4f8bd
Potatoes (Súper Chola),Ecuador,Cuenca,WHOLESALE,2006-09-01,0.37,Kg,14a28c05-5470-4dae-972d-a1571a1824ba
Potatoes (Súper Chola),Ecuador,Guayaquil,WHOLESALE,2006-09-01,0.39,Kg,4ad01c4d-5f43-4e08-9ae2-98388aef0ee6
Potatoes (Súper Chola),Ecuador,Quito,WHOLESALE,2006-09-01,0.33,Kg,ad5afb37-21b3-4348-8cd4-70045d6dfc02
Potatoes (Súper Chola),Ecuador,Ambato,WHOLESALE,2006-10-01,0.35,Kg,314586c5-54c5-4c36-8137-06c1efe4f8bd
Potatoes (Súper Chola),Ecuador,Cuenca,WHOLESALE,2006-10-01,0.41,Kg,14a28c05-5470-4dae-972d-a1571a1824ba
Potatoes (Súper Chola),Ecuador,Guayaquil,WHOLESALE,2006-10-01,0.39,Kg,4ad01c4d-5f43-4e08-9ae2-98388aef0ee6
Potatoes (Súper Chola),Ecuador,Quito,WHOLESALE,2006-10-01,0.34,Kg,ad5afb37-21b3-4348-8cd4-70045d6dfc02
Potatoes (Súper Chola),Ecuador,Ambato,WHOLESALE,2006-11-01,0.37,Kg,314586c5-54c5-4c36-8137-06c1efe4f8bd
Potatoes (Súper Chola),Ecuador,Cuenca,WHOLESALE,2006-11-01,0.37,Kg,14a28c05-5470-4dae-972d-a1571a1824ba
Potatoes (Súper Chola),Ecuador,Guayaquil,WHOLESALE,2006-11-01,0.39,Kg,4ad01c4d-5f43-4e08-9ae2-98388aef0ee6
Potatoes (Súper Chola),Ecuador,Quito,WHOLESALE,2006-11-01,0.33,Kg,ad5afb37-21b3-4348-8cd4-70045d6dfc02
Potatoes (Súper Chola),Ecuador,Ambato,WHOLESALE,2006-12-01,0.29,Kg,314586c5-54c5-4c36-8137-06c1efe4f8bd
Potatoes (Súper Chola),Ecuador,Cuenca,WHOLESALE,2006-12-01,0.31,Kg,14a28c05-5470-4dae-972d-a1571a1824ba
Potatoes (Súper Chola),Ecuador,Guayaquil,WHOLESALE,2006-12-01,0.36,Kg,4ad01c4d-5f43-4e08-9ae2-98388aef0ee6
Potatoes (Súper Chola),Ecuador,Quito,WHOLESALE,2006-12-01,0.31,Kg,ad5afb37-21b3-4348-8cd4-70045d6dfc02
Potatoes (Súper Chola),Ecuador,Ambato,WHOLESALE,2007-01-01,0.17,Kg,314586c5-54c5-4c36-8137-06c1efe4f8bd
Potatoes (Súper Chola),Ecuador,Cuenca,WHOLESALE,2007-01-01,0.29,Kg,14a28c05-5470-4dae-972d-a1571a1824ba
Potatoes (Súper Chola),Ecuador,Guayaquil,WHOLESALE,2007-01-01,0.28,Kg,4ad01c4d-5f43-4e08-9ae2-98388aef0ee6
Potatoes (Súper Chola),Ecuador,Quito,WHOLESALE,2007-01-01,0.23,Kg,ad5afb37-21b3-4348-8cd4-70045d6dfc02
Potatoes (Súper Chola),Ecuador,Ambato,WHOLESALE,2007-02-01,0.11,Kg,314586c5-54c5-4c36-8137-06c1efe4f8bd
Potatoes (Súper Chola),Ecuador,Cuenca,WHOLESALE,2007-02-01,0.26,Kg,14a28c05-5470-4dae-972d-a1571a1824ba
Potatoes (Súper Chola),Ecuador,Guayaquil,WHOLESALE,2007-02-01,0.23,Kg,4ad01c4d-5f43-4e08-9ae2-98388aef0ee6
Potatoes (Súper Chola),Ecuador,Quito,WHOLESALE,2007-02-01,0.18,Kg,ad5afb37-21b3-4348-8cd4-70045d6dfc02
Potatoes (Súper Chola),Ecuador,Ambato,WHOLESALE,2007-03-01,0.09,Kg,314586c5-54c5-4c36-8137-06c1efe4f8bd
Potatoes (Súper Chola),Ecuador,Cuenca,WHOLESALE,2007-03-01,0.22,Kg,14a28c05-5470-4dae-972d-a1571a1824ba
Potatoes (Súper Chola),Ecuador,Guayaquil,WHOLESALE,2007-03-01,0.18,Kg,4ad01c4d-5f43-4e08-9ae2-98388aef0ee6
Potatoes (Súper Chola),Ecuador,Quito,WHOLESALE,2007-03-01,0.15,Kg,ad5afb37-21b3-4348-8cd4-70045d6dfc02
Potatoes (Súper Chola),Ecuador,Ambato,WHOLESALE,2007-04-01,0.1,Kg,314586c5-54c5-4c36-8137-06c1efe4f8bd
Potatoes (Súper Chola),Ecuador,Cuenca,WHOLESALE,2007-04-01,0.19,Kg,14a28c05-5470-4dae-972d-a1571a1824ba
Potatoes (Súper Chola),Ecuador,Guayaquil,WHOLESALE,2007-04-01,0.2,Kg,4ad01c4d-5f43-4e08-9ae2-98388aef0ee6
Potatoes (Súper Chola),Ecuador,Quito,WHOLESALE,2007-04-01,0.16,Kg,ad5afb37-21b3-4348-8cd4-70045d6dfc02
Potatoes (Súper Chola),Ecuador,Ambato,WHOLESALE,2007-05-01,0.15,Kg,314586c5-54c5-4c36-8137-06c1efe4f8bd
Potatoes (Súper Chola),Ecuador,Cuenca,WHOLESALE,2007-05-01,0.18,Kg,14a28c05-5470-4dae-972d-a1571a1824ba
Potatoes (Súper Chola),Ecuador,Guayaquil,WHOLESALE,2007-05-01,0.21,Kg,4ad01c4d-5f43-4e08-9ae2-98388aef0ee6
Potatoes (Súper Chola),Ecuador,Quito,WHOLESALE,2007-05-01,0.15,Kg,ad5afb37-21b3-4348-8cd4-70045d6dfc02
Potatoes (Súper Chola),Ecuador,Ambato,WHOLESALE,2007-06-01,0.23,Kg,314586c5-54c5-4c36-8137-06c1efe4f8bd
Potatoes (Súper Chola),Ecuador,Cuenca,WHOLESALE,2007-06-01,0.25,Kg,14a28c05-5470-4dae-972d-a1571a1824ba
Potatoes (Súper Chola),Ecuador,Guayaquil,WHOLESALE,2007-06-01,0.28,Kg,4ad01c4d-5f43-4e08-9ae2-98388aef0ee6
Potatoes (Súper Chola),Ecuador,Quito,WHOLESALE,2007-06-01,0.22,Kg,ad5afb37-21b3-4348-8cd4-70045d6dfc02
Potatoes (Súper Chola),Ecuador,Ambato,WHOLESALE,2007-07-01,0.25,Kg,314586c5-54c5-4c36-8137-06c1efe4f8bd
Potatoes (Súper Chola),Ecuador,Cuenca,WHOLESALE,2007-07-01,0.2,Kg,14a28c05-5470-4dae-972d-a1571a1824ba
Potatoes (Súper Chola),Ecuador,Guayaquil,WHOLESALE,2007-07-01,0.3,Kg,4ad01c4d-5f43-4e08-9ae2-98388aef0ee6
Potatoes (Súper Chola),Ecuador,Quito,WHOLESALE,2007-07-01,0.19,Kg,ad5afb37-21b3-4348-8cd4-70045d6dfc02
Potatoes (Súper Chola),Ecuador,Ambato,WHOLESALE,2007-08-01,0.25,Kg,314586c5-54c5-4c36-8137-06c1efe4f8bd
Potatoes (Súper Chola),Ecuador,Cuenca,WHOLESALE,2007-08-01,0.24,Kg,14a28c05-5470-4dae-972d-a1571a1824ba
Potatoes (Súper Chola),Ecuador,Guayaquil,WHOLESALE,2007-08-01,0.25,Kg,4ad01c4d-5f43-4e08-9ae2-98388aef0ee6
Potatoes (Súper Chola),Ecuador,Quito,WHOLESALE,2007-08-01,0.21,Kg,ad5afb37-21b3-4348-8cd4-70045d6dfc02
Potatoes (Súper Chola),Ecuador,Ambato,WHOLESALE,2007-09-01,0.3,Kg,314586c5-54c5-4c36-8137-06c1efe4f8bd
Potatoes (Súper Chola),Ecuador,Cuenca,WHOLESALE,2007-09-01,0.29,Kg,14a28c05-5470-4dae-972d-a1571a1824ba
Potatoes (Súper Chola),Ecuador,Guayaquil,WHOLESALE,2007-09-01,0.31,Kg,4ad01c4d-5f43-4e08-9ae2-98388aef0ee6
Potatoes (Súper Chola),Ecuador,Quito,WHOLESALE,2007-09-01,0.27,Kg,ad5afb37-21b3-4348-8cd4-70045d6dfc02
Potatoes (Súper Chola),Ecuador,Ambato,WHOLESALE,2007-10-01,0.32,Kg,314586c5-54c5-4c36-8137-06c1efe4f8bd
Potatoes (Súper Chola),Ecuador,Cuenca,WHOLESALE,2007-10-01,0.29,Kg,14a28c05-5470-4dae-972d-a1571a1824ba
Potatoes (Súper Chola),Ecuador,Guayaquil,WHOLESALE,2007-10-01,0.31,Kg,4ad01c4d-5f43-4e08-9ae2-98388aef0ee6
Potatoes (Súper Chola),Ecuador,Quito,WHOLESALE,2007-10-01,0.27,Kg,ad5afb37-21b3-4348-8cd4-70045d6dfc02
Potatoes (Súper Chola),Ecuador,Ambato,WHOLESALE,2007-11-01,0.27,Kg,314586c5-54c5-4c36-8137-06c1efe4f8bd
Potatoes (Súper Chola),Ecuador,Cuenca,WHOLESALE,2007-11-01,0.3,Kg,14a28c05-5470-4dae-972d-a1571a1824ba
Potatoes (Súper Chola),Ecuador,Guayaquil,WHOLESALE,2007-11-01,0.31,Kg,4ad01c4d-5f43-4e08-9ae2-98388aef0ee6
Potatoes (Súper Chola),Ecuador,Quito,WHOLESALE,2007-11-01,0.28,Kg,ad5afb37-21b3-4348-8cd4-70045d6dfc02
Potatoes (Súper Chola),Ecuador,Ambato,WHOLESALE,2007-12-01,0.21,Kg,314586c5-54c5-4c36-8137-06c1efe4f8bd
Potatoes (Súper Chola),Ecuador,Cuenca,WHOLESALE,2007-12-01,0.28,Kg,14a28c05-5470-4dae-972d-a1571a1824ba
Potatoes (Súper Chola),Ecuador,Guayaquil,WHOLESALE,2007-12-01,0.27,Kg,4ad01c4d-5f43-4e08-9ae2-98388aef0ee6
Potatoes (Súper Chola),Ecuador,Quito,WHOLESALE,2007-12-01,0.24,Kg,ad5afb37-21b3-4348-8cd4-70045d6dfc02
Potatoes (Súper Chola),Ecuador,Ambato,WHOLESALE,2008-01-01,0.16,Kg,314586c5-54c5-4c36-8137-06c1efe4f8bd
Potatoes (Súper Chola),Ecuador,Cuenca,WHOLESALE,2008-01-01,0.27,Kg,14a28c05-5470-4dae-972d-a1571a1824ba
Potatoes (Súper Chola),Ecuador,Guayaquil,WHOLESALE,2008-01-01,0.25,Kg,4ad01c4d-5f43-4e08-9ae2-98388aef0ee6
Potatoes (Súper Chola),Ecuador,Quito,WHOLESALE,2008-01-01,0.2,Kg,ad5afb37-21b3-4348-8cd4-70045d6dfc02
Potatoes (Súper Chola),Ecuador,Ambato,WHOLESALE,2008-02-01,0.21,Kg,314586c5-54c5-4c36-8137-06c1efe4f8bd
Potatoes (Súper Chola),Ecuador,Cuenca,WHOLESALE,2008-02-01,0.28,Kg,14a28c05-5470-4dae-972d-a1571a1824ba
Potatoes (Súper Chola),Ecuador,Guayaquil,WHOLESALE,2008-02-01,0.28,Kg,4ad01c4d-5f43-4e08-9ae2-98388aef0ee6
Potatoes (Súper Chola),Ecuador,Quito,WHOLESALE,2008-02-01,0.23,Kg,ad5afb37-21b3-4348-8cd4-70045d6dfc02
Potatoes (Súper Chola),Ecuador,Ambato,WHOLESALE,2008-03-01,0.22,Kg,314586c5-54c5-4c36-8137-06c1efe4f8bd
Potatoes (Súper Chola),Ecuador,Cuenca,WHOLESALE,2008-03-01,0.31,Kg,14a28c05-5470-4dae-972d-a1571a1824ba
Potatoes (Súper Chola),Ecuador,Guayaquil,WHOLESALE,2008-03-01,0.29,Kg,4ad01c4d-5f43-4e08-9ae2-98388aef0ee6
Potatoes (Súper Chola),Ecuador,Quito,WHOLESALE,2008-03-01,0.26,Kg,ad5afb37-21b3-4348-8cd4-70045d6dfc02
Potatoes (Súper Chola),Ecuador,Ambato,WHOLESALE,2008-04-01,0.33,Kg,314586c5-54c5-4c36-8137-06c1efe4f8bd
Potatoes (Súper Chola),Ecuador,Cuenca,WHOLESALE,2008-04-01,0.4,Kg,14a28c05-5470-4dae-972d-a1571a1824ba
Potatoes (Súper Chola),Ecuador,Guayaquil,WHOLESALE,2008-04-01,0.45,Kg,4ad01c4d-5f43-4e08-9ae2-98388aef0ee6
Potatoes (Súper Chola),Ecuador,Quito,WHOLESALE,2008-04-01,0.43,Kg,ad5afb37-21b3-4348-8cd4-70045d6dfc02
Potatoes (Súper Chola),Ecuador,Ambato,WHOLESALE,2008-05-01,0.49,Kg,314586c5-54c5-4c36-8137-06c1efe4f8bd
Potatoes (Súper Chola),Ecuador,Cuenca,WHOLESALE,2008-05-01,0.64,Kg,14a28c05-5470-4dae-972d-a1571a1824ba
Potatoes (Súper Chola),Ecuador,Guayaquil,WHOLESALE,2008-05-01,0.62,Kg,4ad01c4d-5f43-4e08-9ae2-98388aef0ee6
Potatoes (Súper Chola),Ecuador,Quito,WHOLESALE,2008-05-01,0.56,Kg,ad5afb37-21b3-4348-8cd4-70045d6dfc02
Potatoes (Súper Chola),Ecuador,Ambato,WHOLESALE,2008-06-01,0.54,Kg,314586c5-54c5-4c36-8137-06c1efe4f8bd
Potatoes (Súper Chola),Ecuador,Cuenca,WHOLESALE,2008-06-01,0.67,Kg,14a28c05-5470-4dae-972d-a1571a1824ba
Potatoes (Súper Chola),Ecuador,Guayaquil,WHOLESALE,2008-06-01,0.69,Kg,4ad01c4d-5f43-4e08-9ae2-98388aef0ee6
Potatoes (Súper Chola),Ecuador,Quito,WHOLESALE,2008-06-01,0.6,Kg,ad5afb37-21b3-4348-8cd4-70045d6dfc02
Potatoes (Súper Chola),Ecuador,Ambato,WHOLESALE,2008-07-01,0.53,Kg,314586c5-54c5-4c36-8137-06c1efe4f8bd
Potatoes (Súper Chola),Ecuador,Cuenca,WHOLESALE,2008-07-01,0.68,Kg,14a28c05-5470-4dae-972d-a1571a1824ba
Potatoes (Súper Chola),Ecuador,Guayaquil,WHOLESALE,2008-07-01,0.65,Kg,4ad01c4d-5f43-4e08-9ae2-98388aef0ee6
Potatoes (Súper Chola),Ecuador,Quito,WHOLESALE,2008-07-01,0.59,Kg,ad5afb37-21b3-4348-8cd4-70045d6dfc02
Potatoes (Súper Chola),Ecuador,Ambato,WHOLESALE,2008-08-01,0.49,Kg,314586c5-54c5-4c36-8137-06c1efe4f8bd
Potatoes (Súper Chola),Ecuador,Cuenca,WHOLESALE,2008-08-01,0.61,Kg,14a28c05-5470-4dae-972d-a1571a1824ba
Potatoes (Súper Chola),Ecuador,Guayaquil,WHOLESALE,2008-08-01,0.57,Kg,4ad01c4d-5f43-4e08-9ae2-98388aef0ee6
Potatoes (Súper Chola),Ecuador,Quito,WHOLESALE,2008-08-01,0.57,Kg,ad5afb37-21b3-4348-8cd4-70045d6dfc02
Potatoes (Súper Chola),Ecuador,Ambato,WHOLESALE,2008-09-01,0.41,Kg,314586c5-54c5-4c36-8137-06c1efe4f8bd
Potatoes (Súper Chola),Ecuador,Cuenca,WHOLESALE,2008-09-01,0.58,Kg,14a28c05-5470-4dae-972d-a1571a1824ba
Potatoes (Súper Chola),Ecuador,Guayaquil,WHOLESALE,2008-09-01,0.57,Kg,4ad01c4d-5f43-4e08-9ae2-98388aef0ee6
Potatoes (Súper Chola),Ecuador,Quito,WHOLESALE,2008-09-01,0.44,Kg,ad5afb37-21b3-4348-8cd4-70045d6dfc02
Potatoes (Súper Chola),Ecuador,Ambato,WHOLESALE,2008-10-01,0.33,Kg,314586c5-54c5-4c36-8137-06c1efe4f8bd
Potatoes (Súper Chola),Ecuador,Cuenca,WHOLESALE,2008-10-01,0.44,Kg,14a28c05-5470-4dae-972d-a1571a1824ba
Potatoes (Súper Chola),Ecuador,Guayaquil,WHOLESALE,2008-10-01,0.41,Kg,4ad01c4d-5f43-4e08-9ae2-98388aef0ee6
Potatoes (Súper Chola),Ecuador,Quito,WHOLESALE,2008-10-01,0.36,Kg,ad5afb37-21b3-4348-8cd4-70045d6dfc02
Potatoes (Súper Chola),Ecuador,Ambato,WHOLESALE,2008-11-01,0.22,Kg,314586c5-54c5-4c36-8137-06c1efe4f8bd
Potatoes (Súper Chola),Ecuador,Cuenca,WHOLESALE,2008-11-01,0.33,Kg,14a28c05-5470-4dae-972d-a1571a1824ba
Potatoes (Súper Chola),Ecuador,Guayaquil,WHOLESALE,2008-11-01,0.3,Kg,4ad01c4d-5f43-4e08-9ae2-98388aef0ee6
Potatoes (Súper Chola),Ecuador,Quito,WHOLESALE,2008-11-01,0.27,Kg,ad5afb37-21b3-4348-8cd4-70045d6dfc02
Potatoes (Súper Chola),Ecuador,Ambato,WHOLESALE,2008-12-01,0.22,Kg,314586c5-54c5-4c36-8137-06c1efe4f8bd
Potatoes (Súper Chola),Ecuador,Cuenca,WHOLESALE,2008-12-01,0.32,Kg,14a28c05-5470-4dae-972d-a1571a1824ba
Potatoes (Súper Chola),Ecuador,Guayaquil,WHOLESALE,2008-12-01,0.32,Kg,4ad01c4d-5f43-4e08-9ae2-98388aef0ee6
Potatoes (Súper Chola),Ecuador,Quito,WHOLESALE,2008-12-01,0.27,Kg,ad5afb37-21b3-4348-8cd4-70045d6dfc02
Potatoes (Súper Chola),Ecuador,Ambato,WHOLESALE,2009-01-01,0.28,Kg,314586c5-54c5-4c36-8137-06c1efe4f8bd
Potatoes (Súper Chola),Ecuador,Cuenca,WHOLESALE,2009-01-01,0.37,Kg,14a28c05-5470-4dae-972d-a1571a1824ba
Potatoes (Súper Chola),Ecuador,Guayaquil,WHOLESALE,2009-01-01,0.35,Kg,4ad01c4d-5f43-4e08-9ae2-98388aef0ee6
Potatoes (Súper Chola),Ecuador,Quito,WHOLESALE,2009-01-01,0.31,Kg,ad5afb37-21b3-4348-8cd4-70045d6dfc02
Potatoes (Súper Chola),Ecuador,Ambato,WHOLESALE,2009-02-01,0.35,Kg,314586c5-54c5-4c36-8137-06c1efe4f8bd
Potatoes (Súper Chola),Ecuador,Cuenca,WHOLESALE,2009-02-01,0.39,Kg,14a28c05-5470-4dae-972d-a1571a1824ba
Potatoes (Súper Chola),Ecuador,Guayaquil,WHOLESALE,2009-02-01,0.42,Kg,4ad01c4d-5f43-4e08-9ae2-98388aef0ee6
Potatoes (Súper Chola),Ecuador,Quito,WHOLESALE,2009-02-01,0.37,Kg,ad5afb37-21b3-4348-8cd4-70045d6dfc02
Potatoes (Súper Chola),Ecuador,Ambato,WHOLESALE,2009-03-01,0.44,Kg,314586c5-54c5-4c36-8137-06c1efe4f8bd
Potatoes (Súper Chola),Ecuador,Cuenca,WHOLESALE,2009-03-01,0.5,Kg,14a28c05-5470-4dae-972d-a1571a1824ba
Potatoes (Súper Chola),Ecuador,Guayaquil,WHOLESALE,2009-03-01,0.5,Kg,4ad01c4d-5f43-4e08-9ae2-98388aef0ee6
Potatoes (Súper Chola),Ecuador,Quito,WHOLESALE,2009-03-01,0.44,Kg,ad5afb37-21b3-4348-8cd4-70045d6dfc02
Potatoes (Súper Chola),Ecuador,Ambato,WHOLESALE,2009-04-01,0.52,Kg,314586c5-54c5-4c36-8137-06c1efe4f8bd
Potatoes (Súper Chola),Ecuador,Cuenca,WHOLESALE,2009-04-01,0.5,Kg,14a28c05-5470-4dae-972d-a1571a1824ba
Potatoes (Súper Chola),Ecuador,Guayaquil,WHOLESALE,2009-04-01,0.53,Kg,4ad01c4d-5f43-4e08-9ae2-98388aef0ee6
Potatoes (Súper Chola),Ecuador,Quito,WHOLESALE,2009-04-01,0.49,Kg,ad5afb37-21b3-4348-8cd4-70045d6dfc02
Potatoes (Súper Chola),Ecuador,Ambato,WHOLESALE,2009-05-01,0.5,Kg,314586c5-54c5-4c36-8137-06c1efe4f8bd
Potatoes (Súper Chola),Ecuador,Cuenca,WHOLESALE,2009-05-01,0.5,Kg,14a28c05-5470-4dae-972d-a1571a1824ba
Potatoes (Súper Chola),Ecuador,Guayaquil,WHOLESALE,2009-05-01,0.51,Kg,4ad01c4d-5f43-4e08-9ae2-98388aef0ee6
Potatoes (Súper Chola),Ecuador,Quito,WHOLESALE,2009-05-01,0.47,Kg,ad5afb37-21b3-4348-8cd4-70045d6dfc02
Potatoes (Súper Chola),Ecuador,Ambato,WHOLESALE,2009-06-01,0.42,Kg,314586c5-54c5-4c36-8137-06c1efe4f8bd
Potatoes (Súper Chola),Ecuador,Cuenca,WHOLESALE,2009-06-01,0.45,Kg,14a28c05-5470-4dae-972d-a1571a1824ba
Potatoes (Súper Chola),Ecuador,Guayaquil,WHOLESALE,2009-06-01,0.48,Kg,4ad01c4d-5f43-4e08-9ae2-98388aef0ee6
Potatoes (Súper Chola),Ecuador,Quito,WHOLESALE,2009-06-01,0.44,Kg,ad5afb37-21b3-4348-8cd4-70045d6dfc02
Potatoes (Súper Chola),Ecuador,Ambato,WHOLESALE,2009-07-01,0.34,Kg,314586c5-54c5-4c36-8137-06c1efe4f8bd
Potatoes (Súper Chola),Ecuador,Cuenca,WHOLESALE,2009-07-01,0.35,Kg,14a28c05-5470-4dae-972d-a1571a1824ba
Potatoes (Súper Chola),Ecuador,Guayaquil,WHOLESALE,2009-07-01,0.36,Kg,4ad01c4d-5f43-4e08-9ae2-98388aef0ee6
Potatoes (Súper Chola),Ecuador,Quito,WHOLESALE,2009-07-01,0.33,Kg,ad5afb37-21b3-4348-8cd4-70045d6dfc02
Potatoes (Súper Chola),Ecuador,Ambato,WHOLESALE,2009-08-01,0.25,Kg,314586c5-54c5-4c36-8137-06c1efe4f8bd
Potatoes (Súper Chola),Ecuador,Cuenca,WHOLESALE,2009-08-01,0.28,Kg,14a28c05-5470-4dae-972d-a1571a1824ba
Potatoes (Súper Chola),Ecuador,Guayaquil,WHOLESALE,2009-08-01,0.28,Kg,4ad01c4d-5f43-4e08-9ae2-98388aef0ee6
Potatoes (Súper Chola),Ecuador,Quito,WHOLESALE,2009-08-01,0.27,Kg,ad5afb37-21b3-4348-8cd4-70045d6dfc02
Potatoes (Súper Chola),Ecuador,Ambato,WHOLESALE,2009-09-01,0.24,Kg,314586c5-54c5-4c36-8137-06c1efe4f8bd
Potatoes (Súper Chola),Ecuador,Cuenca,WHOLESALE,2009-09-01,0.27,Kg,14a28c05-5470-4dae-972d-a1571a1824ba
Potatoes (Súper Chola),Ecuador,Guayaquil,WHOLESALE,2009-09-01,0.27,Kg,4ad01c4d-5f43-4e08-9ae2-98388aef0ee6
Potatoes (Súper Chola),Ecuador,Quito,WHOLESALE,2009-09-01,0.26,Kg,ad5afb37-21b3-4348-8cd4-70045d6dfc02
Potatoes (Súper Chola),Ecuador,Ambato,WHOLESALE,2009-10-01,0.25,Kg,314586c5-54c5-4c36-8137-06c1efe4f8bd
Potatoes (Súper Chola),Ecuador,Cuenca,WHOLESALE,2009-10-01,0.31,Kg,14a28c05-5470-4dae-972d-a1571a1824ba
Potatoes (Súper Chola),Ecuador,Guayaquil,WHOLESALE,2009-10-01,0.3,Kg,4ad01c4d-5f43-4e08-9ae2-98388aef0ee6
Potatoes (Súper Chola),Ecuador,Quito,WHOLESALE,2009-10-01,0.26,Kg,ad5afb37-21b3-4348-8cd4-70045d6dfc02
Potatoes (Súper Chola),Ecuador,Ambato,WHOLESALE,2009-11-01,0.31,Kg,314586c5-54c5-4c36-8137-06c1efe4f8bd
Potatoes (Súper Chola),Ecuador,Cuenca,WHOLESALE,2009-11-01,0.33,Kg,14a28c05-5470-4dae-972d-a1571a1824ba
Potatoes (Súper Chola),Ecuador,Guayaquil,WHOLESALE,2009-11-01,0.37,Kg,4ad01c4d-5f43-4e08-9ae2-98388aef0ee6
Potatoes (Súper Chola),Ecuador,Quito,WHOLESALE,2009-11-01,0.33,Kg,ad5afb37-21b3-4348-8cd4-70045d6dfc02
Potatoes (Súper Chola),Ecuador,Ambato,WHOLESALE,2009-12-01,0.38,Kg,314586c5-54c5-4c36-8137-06c1efe4f8bd
Potatoes (Súper Chola),Ecuador,Cuenca,WHOLESALE,2009-12-01,0.42,Kg,14a28c05-5470-4dae-972d-a1571a1824ba
Potatoes (Súper Chola),Ecuador,Guayaquil,WHOLESALE,2009-12-01,0.51,Kg,4ad01c4d-5f43-4e08-9ae2-98388aef0ee6
Potatoes (Súper Chola),Ecuador,Quito,WHOLESALE,2009-12-01,0.45,Kg,ad5afb37-21b3-4348-8cd4-70045d6dfc02
Potatoes (Súper Chola),Ecuador,Ambato,WHOLESALE,2010-01-01,0.64,Kg,314586c5-54c5-4c36-8137-06c1efe4f8bd
Potatoes (Súper Chola),Ecuador,Cuenca,WHOLESALE,2010-01-01,0.28,Kg,14a28c05-5470-4dae-972d-a1571a1824ba
Potatoes (Súper Chola),Ecuador,Guayaquil,WHOLESALE,2010-01-01,0.6,Kg,4ad01c4d-5f43-4e08-9ae2-98388aef0ee6
Potatoes (Súper Chola),Ecuador,Quito,WHOLESALE,2010-01-01,0.54,Kg,ad5afb37-21b3-4348-8cd4-70045d6dfc02
Potatoes (Súper Chola),Ecuador,Ambato,WHOLESALE,2010-02-01,0.6,Kg,314586c5-54c5-4c36-8137-06c1efe4f8bd
Potatoes (Súper Chola),Ecuador,Cuenca,WHOLESALE,2010-02-01,0.45,Kg,14a28c05-5470-4dae-972d-a1571a1824ba
Potatoes (Súper Chola),Ecuador,Guayaquil,WHOLESALE,2010-02-01,0.58,Kg,4ad01c4d-5f43-4e08-9ae2-98388aef0ee6
Potatoes (Súper Chola),Ecuador,Quito,WHOLESALE,2010-02-01,0.51,Kg,ad5afb37-21b3-4348-8cd4-70045d6dfc02
Potatoes (Súper Chola),Ecuador,Ambato,WHOLESALE,2010-03-01,0.43,Kg,314586c5-54c5-4c36-8137-06c1efe4f8bd
Potatoes (Súper Chola),Ecuador,Cuenca,WHOLESALE,2010-03-01,0.31,Kg,14a28c05-5470-4dae-972d-a1571a1824ba
Potatoes (Súper Chola),Ecuador,Guayaquil,WHOLESALE,2010-03-01,0.38,Kg,4ad01c4d-5f43-4e08-9ae2-98388aef0ee6
Potatoes (Súper Chola),Ecuador,Quito,WHOLESALE,2010-03-01,0.34,Kg,ad5afb37-21b3-4348-8cd4-70045d6dfc02
Potatoes (Súper Chola),Ecuador,Ambato,WHOLESALE,2010-04-01,0.32,Kg,314586c5-54c5-4c36-8137-06c1efe4f8bd
Potatoes (Súper Chola),Ecuador,Cuenca,WHOLESALE,2010-04-01,0.23,Kg,14a28c05-5470-4dae-972d-a1571a1824ba
Potatoes (Súper Chola),Ecuador,Guayaquil,WHOLESALE,2010-04-01,0.34,Kg,4ad01c4d-5f43-4e08-9ae2-98388aef0ee6
Potatoes (Súper Chola),Ecuador,Quito,WHOLESALE,2010-04-01,0.3,Kg,ad5afb37-21b3-4348-8cd4-70045d6dfc02
Potatoes (Súper Chola),Ecuador,Ambato,WHOLESALE,2010-05-01,0.24,Kg,314586c5-54c5-4c36-8137-06c1efe4f8bd
Potatoes (Súper Chola),Ecuador,Cuenca,WHOLESALE,2010-05-01,0.2,Kg,14a28c05-5470-4dae-972d-a1571a1824ba
Potatoes (Súper Chola),Ecuador,Guayaquil,WHOLESALE,2010-05-01,0.28,Kg,4ad01c4d-5f43-4e08-9ae2-98388aef0ee6
Potatoes (Súper Chola),Ecuador,Quito,WHOLESALE,2010-05-01,0.23,Kg,ad5afb37-21b3-4348-8cd4-70045d6dfc02
Potatoes (Súper Chola),Ecuador,Ambato,WHOLESALE,2010-06-01,0.21,Kg,314586c5-54c5-4c36-8137-06c1efe4f8bd
Potatoes (Súper Chola),Ecuador,Cuenca,WHOLESALE,2010-06-01,0.19,Kg,14a28c05-5470-4dae-972d-a1571a1824ba
Potatoes (Súper Chola),Ecuador,Guayaquil,WHOLESALE,2010-06-01,0.23,Kg,4ad01c4d-5f43-4e08-9ae2-98388aef0ee6
Potatoes (Súper Chola),Ecuador,Quito,WHOLESALE,2010-06-01,0.22,Kg,ad5afb37-21b3-4348-8cd4-70045d6dfc02
Potatoes (Súper Chola),Ecuador,Ambato,WHOLESALE,2010-07-01,0.2,Kg,314586c5-54c5-4c36-8137-06c1efe4f8bd
Potatoes (Súper Chola),Ecuador,Cuenca,WHOLESALE,2010-07-01,0.18,Kg,14a28c05-5470-4dae-972d-a1571a1824ba
Potatoes (Súper Chola),Ecuador,Guayaquil,WHOLESALE,2010-07-01,0.26,Kg,4ad01c4d-5f43-4e08-9ae2-98388aef0ee6
Potatoes (Súper Chola),Ecuador,Quito,WHOLESALE,2010-07-01,0.22,Kg,ad5afb37-21b3-4348-8cd4-70045d6dfc02
Potatoes (Súper Chola),Ecuador,Ambato,WHOLESALE,2010-08-01,0.21,Kg,314586c5-54c5-4c36-8137-06c1efe4f8bd
Potatoes (Súper Chola),Ecuador,Cuenca,WHOLESALE,2010-08-01,0.21,Kg,14a28c05-5470-4dae-972d-a1571a1824ba
Potatoes (Súper Chola),Ecuador,Guayaquil,WHOLESALE,2010-08-01,0.26,Kg,4ad01c4d-5f43-4e08-9ae2-98388aef0ee6
Potatoes (Súper Chola),Ecuador,Quito,WHOLESALE,2010-08-01,0.23,Kg,ad5afb37-21b3-4348-8cd4-70045d6dfc02
Potatoes (Súper Chola),Ecuador,Ambato,WHOLESALE,2010-09-01,0.32,Kg,314586c5-54c5-4c36-8137-06c1efe4f8bd
Potatoes (Súper Chola),Ecuador,Cuenca,WHOLESALE,2010-09-01,0.28,Kg,14a28c05-5470-4dae-972d-a1571a1824ba
Potatoes (Súper Chola),Ecuador,Guayaquil,WHOLESALE,2010-09-01,0.36,Kg,4ad01c4d-5f43-4e08-9ae2-98388aef0ee6
Potatoes (Súper Chola),Ecuador,Quito,WHOLESALE,2010-09-01,0.33,Kg,ad5afb37-21b3-4348-8cd4-70045d6dfc02
Potatoes (Súper Chola),Ecuador,Ambato,WHOLESALE,2010-10-01,0.32,Kg,314586c5-54c5-4c36-8137-06c1efe4f8bd
Potatoes (Súper Chola),Ecuador,Cuenca,WHOLESALE,2010-10-01,0.3,Kg,14a28c05-5470-4dae-972d-a1571a1824ba
Potatoes (Súper Chola),Ecuador,Guayaquil,WHOLESALE,2010-10-01,0.35,Kg,4ad01c4d-5f43-4e08-9ae2-98388aef0ee6
Potatoes (Súper Chola),Ecuador,Quito,WHOLESALE,2010-10-01,0.31,Kg,ad5afb37-21b3-4348-8cd4-70045d6dfc02
Potatoes (Súper Chola),Ecuador,Ambato,WHOLESALE,2010-11-01,0.37,Kg,314586c5-54c5-4c36-8137-06c1efe4f8bd
Potatoes (Súper Chola),Ecuador,Cuenca,WHOLESALE,2010-11-01,0.37,Kg,14a28c05-5470-4dae-972d-a1571a1824ba
Potatoes (Súper Chola),Ecuador,Guayaquil,WHOLESALE,2010-11-01,0.36,Kg,4ad01c4d-5f43-4e08-9ae2-98388aef0ee6
Potatoes (Súper Chola),Ecuador,Quito,WHOLESALE,2010-11-01,0.31,Kg,ad5afb37-21b3-4348-8cd4-70045d6dfc02
Potatoes (Súper Chola),Ecuador,Cuenca,WHOLESALE,2010-12-01,0.41,Kg,14a28c05-5470-4dae-972d-a1571a1824ba
Potatoes (Súper Chola),Ecuador,Cuenca,WHOLESALE,2011-01-01,0.4,Kg,14a28c05-5470-4dae-972d-a1571a1824ba
Potatoes (Súper Chola),Ecuador,Guayaquil,WHOLESALE,2011-01-01,0.39,Kg,4ad01c4d-5f43-4e08-9ae2-98388aef0ee6
Potatoes (Súper Chola),Ecuador,Quito,WHOLESALE,2011-01-01,0.34,Kg,ad5afb37-21b3-4348-8cd4-70045d6dfc02
Potatoes (Súper Chola),Ecuador,Cuenca,WHOLESALE,2011-02-01,0.3,Kg,14a28c05-5470-4dae-972d-a1571a1824ba
Potatoes (Súper Chola),Ecuador,Guayaquil,WHOLESALE,2011-02-01,0.31,Kg,4ad01c4d-5f43-4e08-9ae2-98388aef0ee6
Potatoes (Súper Chola),Ecuador,Quito,WHOLESALE,2011-02-01,0.28,Kg,ad5afb37-21b3-4348-8cd4-70045d6dfc02
Potatoes (Súper Chola),Ecuador,Cuenca,WHOLESALE,2011-03-01,0.3,Kg,14a28c05-5470-4dae-972d-a1571a1824ba
Potatoes (Súper Chola),Ecuador,Guayaquil,WHOLESALE,2011-03-01,0.3,Kg,4ad01c4d-5f43-4e08-9ae2-98388aef0ee6
Potatoes (Súper Chola),Ecuador,Quito,WHOLESALE,2011-03-01,0.27,Kg,ad5afb37-21b3-4348-8cd4-70045d6dfc02
Potatoes (Súper Chola),Ecuador,Cuenca,WHOLESALE,2011-04-01,0.34,Kg,14a28c05-5470-4dae-972d-a1571a1824ba
Potatoes (Súper Chola),Ecuador,Guayaquil,WHOLESALE,2011-04-01,0.3,Kg,4ad01c4d-5f43-4e08-9ae2-98388aef0ee6
Potatoes (Súper Chola),Ecuador,Quito,WHOLESALE,2011-04-01,0.3,Kg,ad5afb37-21b3-4348-8cd4-70045d6dfc02
Potatoes (Súper Chola),Ecuador,Quito,WHOLESALE,2011-05-01,0.36,Kg,ad5afb37-21b3-4348-8cd4-70045d6dfc02
Potatoes (Súper Chola),Ecuador,Riobamba,WHOLESALE,2011-05-01,0.3,Kg,56be10c9-4924-45cb-83a4-8845a1fcec59
Potatoes (Súper Chola),Ecuador,Ambato,WHOLESALE,2011-06-01,0.36,Kg,314586c5-54c5-4c36-8137-06c1efe4f8bd
Potatoes (Súper Chola),Ecuador,Cuenca,WHOLESALE,2011-06-01,0.37,Kg,14a28c05-5470-4dae-972d-a1571a1824ba
Potatoes (Súper Chola),Ecuador,Quito,WHOLESALE,2011-06-01,0.36,Kg,ad5afb37-21b3-4348-8cd4-70045d6dfc02
Potatoes (Súper Chola),Ecuador,Riobamba,WHOLESALE,2011-06-01,0.32,Kg,56be10c9-4924-45cb-83a4-8845a1fcec59
Potatoes (Súper Chola),Ecuador,Ambato,WHOLESALE,2011-07-01,0.44,Kg,314586c5-54c5-4c36-8137-06c1efe4f8bd
Potatoes (Súper Chola),Ecuador,Cuenca,WHOLESALE,2011-07-01,0.44,Kg,14a28c05-5470-4dae-972d-a1571a1824ba
Potatoes (Súper Chola),Ecuador,Guayaquil,WHOLESALE,2011-07-01,0.43,Kg,4ad01c4d-5f43-4e08-9ae2-98388aef0ee6
Potatoes (Súper Chola),Ecuador,Quito,WHOLESALE,2011-07-01,0.43,Kg,ad5afb37-21b3-4348-8cd4-70045d6dfc02
Potatoes (Súper Chola),Ecuador,Riobamba,WHOLESALE,2011-07-01,0.43,Kg,56be10c9-4924-45cb-83a4-8845a1fcec59
Potatoes (Súper Chola),Ecuador,Ambato,WHOLESALE,2011-08-01,0.58,Kg,314586c5-54c5-4c36-8137-06c1efe4f8bd
Potatoes (Súper Chola),Ecuador,Cuenca,WHOLESALE,2011-08-01,0.58,Kg,14a28c05-5470-4dae-972d-a1571a1824ba
Potatoes (Súper Chola),Ecuador,Quito,WHOLESALE,2011-08-01,0.53,Kg,ad5afb37-21b3-4348-8cd4-70045d6dfc02
Potatoes (Súper Chola),Ecuador,Riobamba,WHOLESALE,2011-08-01,0.48,Kg,56be10c9-4924-45cb-83a4-8845a1fcec59
Potatoes (Súper Chola),Ecuador,Ambato,WHOLESALE,2011-09-01,0.65,Kg,314586c5-54c5-4c36-8137-06c1efe4f8bd
Potatoes (Súper Chola),Ecuador,Cuenca,WHOLESALE,2011-09-01,0.67,Kg,14a28c05-5470-4dae-972d-a1571a1824ba
Potatoes (Súper Chola),Ecuador,Guayaquil,WHOLESALE,2011-09-01,0.71,Kg,4ad01c4d-5f43-4e08-9ae2-98388aef0ee6
Potatoes (Súper Chola),Ecuador,Quito,WHOLESALE,2011-09-01,0.66,Kg,ad5afb37-21b3-4348-8cd4-70045d6dfc02
Potatoes (Súper Chola),Ecuador,Riobamba,WHOLESALE,2011-09-01,0.52,Kg,56be10c9-4924-45cb-83a4-8845a1fcec59
Potatoes (Súper Chola),Ecuador,Ambato,WHOLESALE,2011-10-01,0.7,Kg,314586c5-54c5-4c36-8137-06c1efe4f8bd
Potatoes (Súper Chola),Ecuador,Cuenca,WHOLESALE,2011-10-01,0.7,Kg,14a28c05-5470-4dae-972d-a1571a1824ba
Potatoes (Súper Chola),Ecuador,Guayaquil,WHOLESALE,2011-10-01,0.77,Kg,4ad01c4d-5f43-4e08-9ae2-98388aef0ee6
Potatoes (Súper Chola),Ecuador,Quito,WHOLESALE,2011-10-01,0.68,Kg,ad5afb37-21b3-4348-8cd4-70045d6dfc02
Potatoes (Súper Chola),Ecuador,Riobamba,WHOLESALE,2011-10-01,0.6,Kg,56be10c9-4924-45cb-83a4-8845a1fcec59
Potatoes (Súper Chola),Ecuador,Ambato,WHOLESALE,2011-11-01,0.59,Kg,314586c5-54c5-4c36-8137-06c1efe4f8bd
Potatoes (Súper Chola),Ecuador,Cuenca,WHOLESALE,2011-11-01,0.59,Kg,14a28c05-5470-4dae-972d-a1571a1824ba
Potatoes (Súper Chola),Ecuador,Guayaquil,WHOLESALE,2011-11-01,0.64,Kg,4ad01c4d-5f43-4e08-9ae2-98388aef0ee6
Potatoes (Súper Chola),Ecuador,Quito,WHOLESALE,2011-11-01,0.57,Kg,ad5afb37-21b3-4348-8cd4-70045d6dfc02
Potatoes (Súper Chola),Ecuador,Riobamba,WHOLESALE,2011-11-01,0.5,Kg,56be10c9-4924-45cb-83a4-8845a1fcec59
Potatoes (Súper Chola),Ecuador,Ambato,WHOLESALE,2011-12-01,0.47,Kg,314586c5-54c5-4c36-8137-06c1efe4f8bd
Potatoes (Súper Chola),Ecuador,Cuenca,WHOLESALE,2011-12-01,0.47,Kg,14a28c05-5470-4dae-972d-a1571a1824ba
Potatoes (Súper Chola),Ecuador,Guayaquil,WHOLESALE,2011-12-01,0.47,Kg,4ad01c4d-5f43-4e08-9ae2-98388aef0ee6
Potatoes (Súper Chola),Ecuador,Quito,WHOLESALE,2011-12-01,0.42,Kg,ad5afb37-21b3-4348-8cd4-70045d6dfc02
Potatoes (Súper Chola),Ecuador,Riobamba,WHOLESALE,2011-12-01,0.4,Kg,56be10c9-4924-45cb-83a4-8845a1fcec59
Potatoes (Súper Chola),Ecuador,Ambato,WHOLESALE,2012-01-01,0.33,Kg,314586c5-54c5-4c36-8137-06c1efe4f8bd
Potatoes (Súper Chola),Ecuador,Cuenca,WHOLESALE,2012-01-01,0.38,Kg,14a28c05-5470-4dae-972d-a1571a1824ba
Potatoes (Súper Chola),Ecuador,Guayaquil,WHOLESALE,2012-01-01,0.38,Kg,4ad01c4d-5f43-4e08-9ae2-98388aef0ee6
Potatoes (Súper Chola),Ecuador,Quito,WHOLESALE,2012-01-01,0.28,Kg,ad5afb37-21b3-4348-8cd4-70045d6dfc02
Potatoes (Súper Chola),Ecuador,Riobamba,WHOLESALE,2012-01-01,0.27,Kg,56be10c9-4924-45cb-83a4-8845a1fcec59
Potatoes (Súper Chola),Ecuador,Ambato,WHOLESALE,2012-02-01,0.32,Kg,314586c5-54c5-4c36-8137-06c1efe4f8bd
Potatoes (Súper Chola),Ecuador,Cuenca,WHOLESALE,2012-02-01,0.41,Kg,14a28c05-5470-4dae-972d-a1571a1824ba
Potatoes (Súper Chola),Ecuador,Guayaquil,WHOLESALE,2012-02-01,0.43,Kg,4ad01c4d-5f43-4e08-9ae2-98388aef0ee6
Potatoes (Súper Chola),Ecuador,Quito,WHOLESALE,2012-02-01,0.31,Kg,ad5afb37-21b3-4348-8cd4-70045d6dfc02
Potatoes (Súper Chola),Ecuador,Riobamba,WHOLESALE,2012-02-01,0.28,Kg,56be10c9-4924-45cb-83a4-8845a1fcec59
Potatoes (Súper Chola),Ecuador,Ambato,WHOLESALE,2012-03-01,0.33,Kg,314586c5-54c5-4c36-8137-06c1efe4f8bd
Potatoes (Súper Chola),Ecuador,Cuenca,WHOLESALE,2012-03-01,0.41,Kg,14a28c05-5470-4dae-972d-a1571a1824ba
Potatoes (Súper Chola),Ecuador,Guayaquil,WHOLESALE,2012-03-01,0.46,Kg,4ad01c4d-5f43-4e08-9ae2-98388aef0ee6
Potatoes (Súper Chola),Ecuador,Quito,WHOLESALE,2012-03-01,0.32,Kg,ad5afb37-21b3-4348-8cd4-70045d6dfc02
Potatoes (Súper Chola),Ecuador,Riobamba,WHOLESALE,2012-03-01,0.28,Kg,56be10c9-4924-45cb-83a4-8845a1fcec59
Potatoes (Súper Chola),Ecuador,Ambato,WHOLESALE,2012-04-01,0.38,Kg,314586c5-54c5-4c36-8137-06c1efe4f8bd
Potatoes (Súper Chola),Ecuador,Cuenca,WHOLESALE,2012-04-01,0.45,Kg,14a28c05-5470-4dae-972d-a1571a1824ba
Potatoes (Súper Chola),Ecuador,Guayaquil,WHOLESALE,2012-04-01,0.47,Kg,4ad01c4d-5f43-4e08-9ae2-98388aef0ee6
Potatoes (Súper Chola),Ecuador,Quito,WHOLESALE,2012-04-01,0.33,Kg,ad5afb37-21b3-4348-8cd4-70045d6dfc02
Potatoes (Súper Chola),Ecuador,Riobamba,WHOLESALE,2012-04-01,0.35,Kg,56be10c9-4924-45cb-83a4-8845a1fcec59
Potatoes (Súper Chola),Ecuador,Ambato,WHOLESALE,2012-05-01,0.44,Kg,314586c5-54c5-4c36-8137-06c1efe4f8bd
Potatoes (Súper Chola),Ecuador,Cuenca,WHOLESALE,2012-05-01,0.5,Kg,14a28c05-5470-4dae-972d-a1571a1824ba
Potatoes (Súper Chola),Ecuador,Guayaquil,WHOLESALE,2012-05-01,0.43,Kg,4ad01c4d-5f43-4e08-9ae2-98388aef0ee6
Potatoes (Súper Chola),Ecuador,Quito,WHOLESALE,2012-05-01,0.38,Kg,ad5afb37-21b3-4348-8cd4-70045d6dfc02
Potatoes (Súper Chola),Ecuador,Riobamba,WHOLESALE,2012-05-01,0.38,Kg,56be10c9-4924-45cb-83a4-8845a1fcec59
Potatoes (Súper Chola),Ecuador,Ambato,WHOLESALE,2012-06-01,0.53,Kg,314586c5-54c5-4c36-8137-06c1efe4f8bd
Potatoes (Súper Chola),Ecuador,Cuenca,WHOLESALE,2012-06-01,0.78,Kg,14a28c05-5470-4dae-972d-a1571a1824ba
Potatoes (Súper Chola),Ecuador,Guayaquil,WHOLESALE,2012-06-01,0.53,Kg,4ad01c4d-5f43-4e08-9ae2-98388aef0ee6
Potatoes (Súper Chola),Ecuador,Quito,WHOLESALE,2012-06-01,0.5,Kg,ad5afb37-21b3-4348-8cd4-70045d6dfc02
Potatoes (Súper Chola),Ecuador,Riobamba,WHOLESALE,2012-06-01,0.48,Kg,56be10c9-4924-45cb-83a4-8845a1fcec59
Potatoes (Súper Chola),Ecuador,Ambato,WHOLESALE,2012-07-01,0.55,Kg,314586c5-54c5-4c36-8137-06c1efe4f8bd
Potatoes (Súper Chola),Ecuador,Cuenca,WHOLESALE,2012-07-01,0.67,Kg,14a28c05-5470-4dae-972d-a1571a1824ba
Potatoes (Súper Chola),Ecuador,Guayaquil,WHOLESALE,2012-07-01,0.59,Kg,4ad01c4d-5f43-4e08-9ae2-98388aef0ee6
Potatoes (Súper Chola),Ecuador,Quito,WHOLESALE,2012-07-01,0.52,Kg,ad5afb37-21b3-4348-8cd4-70045d6dfc02
Potatoes (Súper Chola),Ecuador,Riobamba,WHOLESALE,2012-07-01,0.5,Kg,56be10c9-4924-45cb-83a4-8845a1fcec59
Potatoes (Súper Chola),Ecuador,Ambato,WHOLESALE,2012-08-01,0.58,Kg,314586c5-54c5-4c36-8137-06c1efe4f8bd
Potatoes (Súper Chola),Ecuador,Cuenca,WHOLESALE,2012-08-01,0.63,Kg,14a28c05-5470-4dae-972d-a1571a1824ba
Potatoes (Súper Chola),Ecuador,Guayaquil,WHOLESALE,2012-08-01,0.56,Kg,4ad01c4d-5f43-4e08-9ae2-98388aef0ee6
Potatoes (Súper Chola),Ecuador,Quito,WHOLESALE,2012-08-01,0.5,Kg,ad5afb37-21b3-4348-8cd4-70045d6dfc02
Potatoes (Súper Chola),Ecuador,Riobamba,WHOLESALE,2012-08-01,0.48,Kg,56be10c9-4924-45cb-83a4-8845a1fcec59
Potatoes (Súper Chola),Ecuador,Ambato,WHOLESALE,2012-09-01,0.5,Kg,314586c5-54c5-4c36-8137-06c1efe4f8bd
Potatoes (Súper Chola),Ecuador,Quito,WHOLESALE,2012-09-01,0.46,Kg,ad5afb37-21b3-4348-8cd4-70045d6dfc02
Potatoes (Súper Chola),Ecuador,Riobamba,WHOLESALE,2012-09-01,0.38,Kg,56be10c9-4924-45cb-83a4-8845a1fcec59
Potatoes (Súper Chola),Ecuador,Ambato,WHOLESALE,2012-10-01,0.5,Kg,314586c5-54c5-4c36-8137-06c1efe4f8bd
Potatoes (Súper Chola),Ecuador,Quito,WHOLESALE,2012-10-01,0.46,Kg,ad5afb37-21b3-4348-8cd4-70045d6dfc02
Potatoes (Súper Chola),Ecuador,Riobamba,WHOLESALE,2012-10-01,0.42,Kg,56be10c9-4924-45cb-83a4-8845a1fcec59
Potatoes (Súper Chola),Ecuador,Ambato,WHOLESALE,2012-11-01,0.44,Kg,314586c5-54c5-4c36-8137-06c1efe4f8bd
Potatoes (Súper Chola),Ecuador,Quito,WHOLESALE,2012-11-01,0.42,Kg,ad5afb37-21b3-4348-8cd4-70045d6dfc02
Potatoes (Súper Chola),Ecuador,Riobamba,WHOLESALE,2012-11-01,0.35,Kg,56be10c9-4924-45cb-83a4-8845a1fcec59
Potatoes (Súper Chola),Ecuador,Ambato,WHOLESALE,2012-12-01,0.43,Kg,314586c5-54c5-4c36-8137-06c1efe4f8bd
Potatoes (Súper Chola),Ecuador,Cuenca,WHOLESALE,2012-12-01,0.44,Kg,14a28c05-5470-4dae-972d-a1571a1824ba
Potatoes (Súper Chola),Ecuador,Guayaquil,WHOLESALE,2012-12-01,0.46,Kg,4ad01c4d-5f43-4e08-9ae2-98388aef0ee6
Potatoes (Súper Chola),Ecuador,Quito,WHOLESALE,2012-12-01,0.37,Kg,ad5afb37-21b3-4348-8cd4-70045d6dfc02
Potatoes (Súper Chola),Ecuador,Riobamba,WHOLESALE,2012-12-01,0.31,Kg,56be10c9-4924-45cb-83a4-8845a1fcec59
Potatoes (Súper Chola),Ecuador,Ambato,WHOLESALE,2013-01-01,0.38,Kg,314586c5-54c5-4c36-8137-06c1efe4f8bd
Potatoes (Súper Chola),Ecuador,Cuenca,WHOLESALE,2013-01-01,0.42,Kg,14a28c05-5470-4dae-972d-a1571a1824ba
Potatoes (Súper Chola),Ecuador,Guayaquil,WHOLESALE,2013-01-01,0.4,Kg,4ad01c4d-5f43-4e08-9ae2-98388aef0ee6
Potatoes (Súper Chola),Ecuador,Quito,WHOLESALE,2013-01-01,0.35,Kg,ad5afb37-21b3-4348-8cd4-70045d6dfc02
Potatoes (Súper Chola),Ecuador,Riobamba,WHOLESALE,2013-01-01,0.3,Kg,56be10c9-4924-45cb-83a4-8845a1fcec59
Potatoes (Súper Chola),Ecuador,Ambato,WHOLESALE,2013-02-01,0.34,Kg,314586c5-54c5-4c36-8137-06c1efe4f8bd
Potatoes (Súper Chola),Ecuador,Cuenca,WHOLESALE,2013-02-01,0.37,Kg,14a28c05-5470-4dae-972d-a1571a1824ba
Potatoes (Súper Chola),Ecuador,Guayaquil,WHOLESALE,2013-02-01,0.37,Kg,4ad01c4d-5f43-4e08-9ae2-98388aef0ee6
Potatoes (Súper Chola),Ecuador,Quito,WHOLESALE,2013-02-01,0.3,Kg,ad5afb37-21b3-4348-8cd4-70045d6dfc02
Potatoes (Súper Chola),Ecuador,Riobamba,WHOLESALE,2013-02-01,0.27,Kg,56be10c9-4924-45cb-83a4-8845a1fcec59
Potatoes (Súper Chola),Ecuador,Ambato,WHOLESALE,2013-03-01,0.32,Kg,314586c5-54c5-4c36-8137-06c1efe4f8bd
Potatoes (Súper Chola),Ecuador,Cuenca,WHOLESALE,2013-03-01,0.35,Kg,14a28c05-5470-4dae-972d-a1571a1824ba
Potatoes (Súper Chola),Ecuador,Guayaquil,WHOLESALE,2013-03-01,0.35,Kg,4ad01c4d-5f43-4e08-9ae2-98388aef0ee6
Potatoes (Súper Chola),Ecuador,Quito,WHOLESALE,2013-03-01,0.25,Kg,ad5afb37-21b3-4348-8cd4-70045d6dfc02
Potatoes (Súper Chola),Ecuador,Riobamba,WHOLESALE,2013-03-01,0.24,Kg,56be10c9-4924-45cb-83a4-8845a1fcec59
Potatoes (Súper Chola),Ecuador,Ambato,WHOLESALE,2013-04-01,0.28,Kg,314586c5-54c5-4c36-8137-06c1efe4f8bd
Potatoes (Súper Chola),Ecuador,Cuenca,WHOLESALE,2013-04-01,0.33,Kg,14a28c05-5470-4dae-972d-a1571a1824ba
Potatoes (Súper Chola),Ecuador,Guayaquil,WHOLESALE,2013-04-01,0.28,Kg,4ad01c4d-5f43-4e08-9ae2-98388aef0ee6
Potatoes (Súper Chola),Ecuador,Quito,WHOLESALE,2013-04-01,0.21,Kg,ad5afb37-21b3-4348-8cd4-70045d6dfc02
Potatoes (Súper Chola),Ecuador,Riobamba,WHOLESALE,2013-04-01,0.22,Kg,56be10c9-4924-45cb-83a4-8845a1fcec59
Potatoes (Súper Chola),Ecuador,Ambato,WHOLESALE,2013-05-01,0.3,Kg,314586c5-54c5-4c36-8137-06c1efe4f8bd
Potatoes (Súper Chola),Ecuador,Cuenca,WHOLESALE,2013-05-01,0.35,Kg,14a28c05-5470-4dae-972d-a1571a1824ba
Potatoes (Súper Chola),Ecuador,Guayaquil,WHOLESALE,2013-05-01,0.29,Kg,4ad01c4d-5f43-4e08-9ae2-98388aef0ee6
Potatoes (Súper Chola),Ecuador,Quito,WHOLESALE,2013-05-01,0.26,Kg,ad5afb37-21b3-4348-8cd4-70045d6dfc02
Potatoes (Súper Chola),Ecuador,Riobamba,WHOLESALE,2013-05-01,0.28,Kg,56be10c9-4924-45cb-83a4-8845a1fcec59
Potatoes (Súper Chola),Ecuador,Ambato,WHOLESALE,2013-06-01,0.27,Kg,314586c5-54c5-4c36-8137-06c1efe4f8bd
Potatoes (Súper Chola),Ecuador,Cuenca,WHOLESALE,2013-06-01,0.34,Kg,14a28c05-5470-4dae-972d-a1571a1824ba
Potatoes (Súper Chola),Ecuador,Guayaquil,WHOLESALE,2013-06-01,0.27,Kg,4ad01c4d-5f43-4e08-9ae2-98388aef0ee6
Potatoes (Súper Chola),Ecuador,Quito,WHOLESALE,2013-06-01,0.24,Kg,ad5afb37-21b3-4348-8cd4-70045d6dfc02
Potatoes (Súper Chola),Ecuador,Riobamba,WHOLESALE,2013-06-01,0.23,Kg,56be10c9-4924-45cb-83a4-8845a1fcec59
Potatoes (Súper Chola),Ecuador,Ambato,WHOLESALE,2013-07-01,0.29,Kg,314586c5-54c5-4c36-8137-06c1efe4f8bd
Potatoes (Súper Chola),Ecuador,Cuenca,WHOLESALE,2013-07-01,0.37,Kg,14a28c05-5470-4dae-972d-a1571a1824ba
Potatoes (Súper Chola),Ecuador,Guayaquil,WHOLESALE,2013-07-01,0.33,Kg,4ad01c4d-5f43-4e08-9ae2-98388aef0ee6
Potatoes (Súper Chola),Ecuador,Quito,WHOLESALE,2013-07-01,0.27,Kg,ad5afb37-21b3-4348-8cd4-70045d6dfc02
Potatoes (Súper Chola),Ecuador,Riobamba,WHOLESALE,2013-07-01,0.27,Kg,56be10c9-4924-45cb-83a4-8845a1fcec59
Potatoes (Súper Chola),Ecuador,Ambato,WHOLESALE,2013-08-01,0.31,Kg,314586c5-54c5-4c36-8137-06c1efe4f8bd
Potatoes (Súper Chola),Ecuador,Cuenca,WHOLESALE,2013-08-01,0.34,Kg,14a28c05-5470-4dae-972d-a1571a1824ba
Potatoes (Súper Chola),Ecuador,Guayaquil,WHOLESALE,2013-08-01,0.32,Kg,4ad01c4d-5f43-4e08-9ae2-98388aef0ee6
Potatoes (Súper Chola),Ecuador,Quito,WHOLESALE,2013-08-01,0.26,Kg,ad5afb37-21b3-4348-8cd4-70045d6dfc02
Potatoes (Súper Chola),Ecuador,Riobamba,WHOLESALE,2013-08-01,0.23,Kg,56be10c9-4924-45cb-83a4-8845a1fcec59
Potatoes (Súper Chola),Ecuador,Ambato,WHOLESALE,2013-09-01,0.32,Kg,314586c5-54c5-4c36-8137-06c1efe4f8bd
Potatoes (Súper Chola),Ecuador,Cuenca,WHOLESALE,2013-09-01,0.37,Kg,14a28c05-5470-4dae-972d-a1571a1824ba
Potatoes (Súper Chola),Ecuador,Guayaquil,WHOLESALE,2013-09-01,0.33,Kg,4ad01c4d-5f43-4e08-9ae2-98388aef0ee6
Potatoes (Súper Chola),Ecuador,Quito,WHOLESALE,2013-09-01,0.26,Kg,ad5afb37-21b3-4348-8cd4-70045d6dfc02
Potatoes (Súper Chola),Ecuador,Riobamba,WHOLESALE,2013-09-01,0.26,Kg,56be10c9-4924-45cb-83a4-8845a1fcec59
Potatoes (Súper Chola),Ecuador,Ambato,WHOLESALE,2013-10-01,0.39,Kg,314586c5-54c5-4c36-8137-06c1efe4f8bd
Potatoes (Súper Chola),Ecuador,Cuenca,WHOLESALE,2013-10-01,0.43,Kg,14a28c05-5470-4dae-972d-a1571a1824ba
Potatoes (Súper Chola),Ecuador,Guayaquil,WHOLESALE,2013-10-01,0.4,Kg,4ad01c4d-5f43-4e08-9ae2-98388aef0ee6
Potatoes (Súper Chola),Ecuador,Quito,WHOLESALE,2013-10-01,0.34,Kg,ad5afb37-21b3-4348-8cd4-70045d6dfc02
Potatoes (Súper Chola),Ecuador,Riobamba,WHOLESALE,2013-10-01,0.33,Kg,56be10c9-4924-45cb-83a4-8845a1fcec59
Potatoes (Súper Chola),Ecuador,Ambato,WHOLESALE,2013-11-01,0.42,Kg,314586c5-54c5-4c36-8137-06c1efe4f8bd
Potatoes (Súper Chola),Ecuador,Cuenca,WHOLESALE,2013-11-01,0.46,Kg,14a28c05-5470-4dae-972d-a1571a1824ba
Potatoes (Súper Chola),Ecuador,Guayaquil,WHOLESALE,2013-11-01,0.46,Kg,4ad01c4d-5f43-4e08-9ae2-98388aef0ee6
Potatoes (Súper Chola),Ecuador,Quito,WHOLESALE,2013-11-01,0.37,Kg,ad5afb37-21b3-4348-8cd4-70045d6dfc02
Potatoes (Súper Chola),Ecuador,Riobamba,WHOLESALE,2013-11-01,0.38,Kg,56be10c9-4924-45cb-83a4-8845a1fcec59
Potatoes (Súper Chola),Ecuador,Ambato,WHOLESALE,2013-12-01,0.55,Kg,314586c5-54c5-4c36-8137-06c1efe4f8bd
Potatoes (Súper Chola),Ecuador,Cuenca,WHOLESALE,2013-12-01,0.61,Kg,14a28c05-5470-4dae-972d-a1571a1824ba
Potatoes (Súper Chola),Ecuador,Guayaquil,WHOLESALE,2013-12-01,0.55,Kg,4ad01c4d-5f43-4e08-9ae2-98388aef0ee6
Potatoes (Súper Chola),Ecuador,Quito,WHOLESALE,2013-12-01,0.46,Kg,ad5afb37-21b3-4348-8cd4-70045d6dfc02
Potatoes (Súper Chola),Ecuador,Riobamba,WHOLESALE,2013-12-01,0.46,Kg,56be10c9-4924-45cb-83a4-8845a1fcec59
Potatoes (Súper Chola),Ecuador,Ambato,WHOLESALE,2014-01-01,0.56,Kg,314586c5-54c5-4c36-8137-06c1efe4f8bd
Potatoes (Súper Chola),Ecuador,Cuenca,WHOLESALE,2014-01-01,0.66,Kg,14a28c05-5470-4dae-972d-a1571a1824ba
Potatoes (Súper Chola),Ecuador,Guayaquil,WHOLESALE,2014-01-01,0.6,Kg,4ad01c4d-5f43-4e08-9ae2-98388aef0ee6
Potatoes (Súper Chola),Ecuador,Quito,WHOLESALE,2014-01-01,0.48,Kg,ad5afb37-21b3-4348-8cd4-70045d6dfc02
Potatoes (Súper Chola),Ecuador,Riobamba,WHOLESALE,2014-01-01,0.46,Kg,56be10c9-4924-45cb-83a4-8845a1fcec59
Potatoes (Súper Chola),Ecuador,Ambato,WHOLESALE,2014-02-01,0.48,Kg,314586c5-54c5-4c36-8137-06c1efe4f8bd
Potatoes (Súper Chola),Ecuador,Cuenca,WHOLESALE,2014-02-01,0.55,Kg,14a28c05-5470-4dae-972d-a1571a1824ba
Potatoes (Súper Chola),Ecuador,Guayaquil,WHOLESALE,2014-02-01,0.47,Kg,4ad01c4d-5f43-4e08-9ae2-98388aef0ee6
Potatoes (Súper Chola),Ecuador,Quito,WHOLESALE,2014-02-01,0.35,Kg,ad5afb37-21b3-4348-8cd4-70045d6dfc02
Potatoes (Súper Chola),Ecuador,Riobamba,WHOLESALE,2014-02-01,0.36,Kg,56be10c9-4924-45cb-83a4-8845a1fcec59
Potatoes (Súper Chola),Ecuador,Ambato,WHOLESALE,2014-03-01,0.47,Kg,314586c5-54c5-4c36-8137-06c1efe4f8bd
Potatoes (Súper Chola),Ecuador,Cuenca,WHOLESALE,2014-03-01,0.52,Kg,14a28c05-5470-4dae-972d-a1571a1824ba
Potatoes (Súper Chola),Ecuador,Guayaquil,WHOLESALE,2014-03-01,0.45,Kg,4ad01c4d-5f43-4e08-9ae2-98388aef0ee6
Potatoes (Súper Chola),Ecuador,Quito,WHOLESALE,2014-03-01,0.36,Kg,ad5afb37-21b3-4348-8cd4-70045d6dfc02
Potatoes (Súper Chola),Ecuador,Riobamba,WHOLESALE,2014-03-01,0.35,Kg,56be10c9-4924-45cb-83a4-8845a1fcec59
Potatoes (Súper Chola),Ecuador,Ambato,WHOLESALE,2014-04-01,0.44,Kg,314586c5-54c5-4c36-8137-06c1efe4f8bd
Potatoes (Súper Chola),Ecuador,Cuenca,WHOLESALE,2014-04-01,0.51,Kg,14a28c05-5470-4dae-972d-a1571a1824ba
Potatoes (Súper Chola),Ecuador,Guayaquil,WHOLESALE,2014-04-01,0.4,Kg,4ad01c4d-5f43-4e08-9ae2-98388aef0ee6
Potatoes (Súper Chola),Ecuador,Quito,WHOLESALE,2014-04-01,0.36,Kg,ad5afb37-21b3-4348-8cd4-70045d6dfc02
Potatoes (Súper Chola),Ecuador,Riobamba,WHOLESALE,2014-04-01,0.31,Kg,56be10c9-4924-45cb-83a4-8845a1fcec59
Potatoes (Súper Chola),Ecuador,Ambato,WHOLESALE,2014-05-01,0.43,Kg,314586c5-54c5-4c36-8137-06c1efe4f8bd
Potatoes (Súper Chola),Ecuador,Cuenca,WHOLESALE,2014-05-01,0.71,Kg,14a28c05-5470-4dae-972d-a1571a1824ba
Potatoes (Súper Chola),Ecuador,Guayaquil,WHOLESALE,2014-05-01,0.46,Kg,4ad01c4d-5f43-4e08-9ae2-98388aef0ee6
Potatoes (Súper Chola),Ecuador,Quito,WHOLESALE,2014-05-01,0.4,Kg,ad5afb37-21b3-4348-8cd4-70045d6dfc02
Potatoes (Súper Chola),Ecuador,Riobamba,WHOLESALE,2014-05-01,0.32,Kg,56be10c9-4924-45cb-83a4-8845a1fcec59
Potatoes (Súper Chola),Ecuador,Ambato,WHOLESALE,2014-06-01,0.44,Kg,314586c5-54c5-4c36-8137-06c1efe4f8bd
Potatoes (Súper Chola),Ecuador,Cuenca,WHOLESALE,2014-06-01,0.52,Kg,14a28c05-5470-4dae-972d-a1571a1824ba
Potatoes (Súper Chola),Ecuador,Guayaquil,WHOLESALE,2014-06-01,0.45,Kg,4ad01c4d-5f43-4e08-9ae2-98388aef0ee6
Potatoes (Súper Chola),Ecuador,Quito,WHOLESALE,2014-06-01,0.38,Kg,ad5afb37-21b3-4348-8cd4-70045d6dfc02
Potatoes (Súper Chola),Ecuador,Riobamba,WHOLESALE,2014-06-01,0.32,Kg,56be10c9-4924-45cb-83a4-8845a1fcec59
Potatoes (Súper Chola),Ecuador,Ambato,WHOLESALE,2014-07-01,0.47,Kg,314586c5-54c5-4c36-8137-06c1efe4f8bd
Potatoes (Súper Chola),Ecuador,Cuenca,WHOLESALE,2014-07-01,0.56,Kg,14a28c05-5470-4dae-972d-a1571a1824ba
Potatoes (Súper Chola),Ecuador,Guayaquil,WHOLESALE,2014-07-01,0.49,Kg,4ad01c4d-5f43-4e08-9ae2-98388aef0ee6
Potatoes (Súper Chola),Ecuador,Quito,WHOLESALE,2014-07-01,0.45,Kg,ad5afb37-21b3-4348-8cd4-70045d6dfc02
Potatoes (Súper Chola),Ecuador,Riobamba,WHOLESALE,2014-07-01,0.38,Kg,56be10c9-4924-45cb-83a4-8845a1fcec59
Potatoes (Súper Chola),Ecuador,Ambato,WHOLESALE,2014-08-01,0.47,Kg,314586c5-54c5-4c36-8137-06c1efe4f8bd
Potatoes (Súper Chola),Ecuador,Cuenca,WHOLESALE,2014-08-01,0.55,Kg,14a28c05-5470-4dae-972d-a1571a1824ba
Potatoes (Súper Chola),Ecuador,Guayaquil,WHOLESALE,2014-08-01,0.51,Kg,4ad01c4d-5f43-4e08-9ae2-98388aef0ee6
Potatoes (Súper Chola),Ecuador,Quito,WHOLESALE,2014-08-01,0.47,Kg,ad5afb37-21b3-4348-8cd4-70045d6dfc02
Potatoes (Súper Chola),Ecuador,Riobamba,WHOLESALE,2014-08-01,0.4,Kg,56be10c9-4924-45cb-83a4-8845a1fcec59
Potatoes (Súper Chola),Ecuador,Ambato,WHOLESALE,2014-09-01,0.61,Kg,314586c5-54c5-4c36-8137-06c1efe4f8bd
Potatoes (Súper Chola),Ecuador,Cuenca,WHOLESALE,2014-09-01,0.71,Kg,14a28c05-5470-4dae-972d-a1571a1824ba
Potatoes (Súper Chola),Ecuador,Guayaquil,WHOLESALE,2014-09-01,0.64,Kg,4ad01c4d-5f43-4e08-9ae2-98388aef0ee6
Potatoes (Súper Chola),Ecuador,Quito,WHOLESALE,2014-09-01,0.56,Kg,ad5afb37-21b3-4348-8cd4-70045d6dfc02
Potatoes (Súper Chola),Ecuador,Riobamba,WHOLESALE,2014-09-01,0.49,Kg,56be10c9-4924-45cb-83a4-8845a1fcec59
Potatoes (Súper Chola),Ecuador,Ambato,WHOLESALE,2014-10-01,0.69,Kg,314586c5-54c5-4c36-8137-06c1efe4f8bd
Potatoes (Súper Chola),Ecuador,Cuenca,WHOLESALE,2014-10-01,0.71,Kg,14a28c05-5470-4dae-972d-a1571a1824ba
Potatoes (Súper Chola),Ecuador,Guayaquil,WHOLESALE,2014-10-01,0.72,Kg,4ad01c4d-5f43-4e08-9ae2-98388aef0ee6
Potatoes (Súper Chola),Ecuador,Quito,WHOLESALE,2014-10-01,0.65,Kg,ad5afb37-21b3-4348-8cd4-70045d6dfc02
Potatoes (Súper Chola),Ecuador,Riobamba,WHOLESALE,2014-10-01,0.54,Kg,56be10c9-4924-45cb-83a4-8845a1fcec59
Potatoes (Súper Chola),Ecuador,Ambato,WHOLESALE,2014-11-01,0.72,Kg,314586c5-54c5-4c36-8137-06c1efe4f8bd
Potatoes (Súper Chola),Ecuador,Cuenca,WHOLESALE,2014-11-01,0.75,Kg,14a28c05-5470-4dae-972d-a1571a1824ba
Potatoes (Súper Chola),Ecuador,Guayaquil,WHOLESALE,2014-11-01,0.72,Kg,4ad01c4d-5f43-4e08-9ae2-98388aef0ee6
Potatoes (Súper Chola),Ecuador,Quito,WHOLESALE,2014-11-01,0.64,Kg,ad5afb37-21b3-4348-8cd4-70045d6dfc02
Potatoes (Súper Chola),Ecuador,Riobamba,WHOLESALE,2014-11-01,0.57,Kg,56be10c9-4924-45cb-83a4-8845a1fcec59
Potatoes (Súper Chola),Ecuador,Ambato,WHOLESALE,2014-12-01,0.67,Kg,314586c5-54c5-4c36-8137-06c1efe4f8bd
Potatoes (Súper Chola),Ecuador,Cuenca,WHOLESALE,2014-12-01,0.71,Kg,14a28c05-5470-4dae-972d-a1571a1824ba
Potatoes (Súper Chola),Ecuador,Guayaquil,WHOLESALE,2014-12-01,0.69,Kg,4ad01c4d-5f43-4e08-9ae2-98388aef0ee6
Potatoes (Súper Chola),Ecuador,Quito,WHOLESALE,2014-12-01,0.58,Kg,ad5afb37-21b3-4348-8cd4-70045d6dfc02
Potatoes (Súper Chola),Ecuador,Riobamba,WHOLESALE,2014-12-01,0.56,Kg,56be10c9-4924-45cb-83a4-8845a1fcec59
Potatoes (Súper Chola),Ecuador,Ambato,WHOLESALE,2015-01-01,0.61,Kg,314586c5-54c5-4c36-8137-06c1efe4f8bd
Potatoes (Súper Chola),Ecuador,Cuenca,WHOLESALE,2015-01-01,0.67,Kg,14a28c05-5470-4dae-972d-a1571a1824ba
Potatoes (Súper Chola),Ecuador,Guayaquil,WHOLESALE,2015-01-01,0.65,Kg,4ad01c4d-5f43-4e08-9ae2-98388aef0ee6
Potatoes (Súper Chola),Ecuador,Quito,WHOLESALE,2015-01-01,0.54,Kg,ad5afb37-21b3-4348-8cd4-70045d6dfc02
Potatoes (Súper Chola),Ecuador,Riobamba,WHOLESALE,2015-01-01,0.48,Kg,56be10c9-4924-45cb-83a4-8845a1fcec59
Potatoes (Súper Chola),Ecuador,Ambato,WHOLESALE,2015-02-01,0.44,Kg,314586c5-54c5-4c36-8137-06c1efe4f8bd
Potatoes (Súper Chola),Ecuador,Cuenca,WHOLESALE,2015-02-01,0.57,Kg,14a28c05-5470-4dae-972d-a1571a1824ba
Potatoes (Súper Chola),Ecuador,Guayaquil,WHOLESALE,2015-02-01,0.46,Kg,4ad01c4d-5f43-4e08-9ae2-98388aef0ee6
Potatoes (Súper Chola),Ecuador,Quito,WHOLESALE,2015-02-01,0.36,Kg,ad5afb37-21b3-4348-8cd4-70045d6dfc02
Potatoes (Súper Chola),Ecuador,Riobamba,WHOLESALE,2015-02-01,0.39,Kg,56be10c9-4924-45cb-83a4-8845a1fcec59
Potatoes (Súper Chola),Ecuador,Ambato,WHOLESALE,2015-03-01,0.36,Kg,314586c5-54c5-4c36-8137-06c1efe4f8bd
Potatoes (Súper Chola),Ecuador,Cuenca,WHOLESALE,2015-03-01,0.42,Kg,14a28c05-5470-4dae-972d-a1571a1824ba
Potatoes (Súper Chola),Ecuador,Guayaquil,WHOLESALE,2015-03-01,0.39,Kg,4ad01c4d-5f43-4e08-9ae2-98388aef0ee6
Potatoes (Súper Chola),Ecuador,Quito,WHOLESALE,2015-03-01,0.32,Kg,ad5afb37-21b3-4348-8cd4-70045d6dfc02
Potatoes (Súper Chola),Ecuador,Riobamba,WHOLESALE,2015-03-01,0.32,Kg,56be10c9-4924-45cb-83a4-8845a1fcec59
Potatoes (Súper Chola),Ecuador,Ambato,WHOLESALE,2015-04-01,0.35,Kg,314586c5-54c5-4c36-8137-06c1efe4f8bd
Potatoes (Súper Chola),Ecuador,Cuenca,WHOLESALE,2015-04-01,0.45,Kg,14a28c05-5470-4dae-972d-a1571a1824ba
Potatoes (Súper Chola),Ecuador,Guayaquil,WHOLESALE,2015-04-01,0.41,Kg,4ad01c4d-5f43-4e08-9ae2-98388aef0ee6
Potatoes (Súper Chola),Ecuador,Quito,WHOLESALE,2015-04-01,0.29,Kg,ad5afb37-21b3-4348-8cd4-70045d6dfc02
Potatoes (Súper Chola),Ecuador,Riobamba,WHOLESALE,2015-04-01,0.33,Kg,56be10c9-4924-45cb-83a4-8845a1fcec59
Potatoes (Súper Chola),Ecuador,Ambato,WHOLESALE,2015-05-01,0.34,Kg,314586c5-54c5-4c36-8137-06c1efe4f8bd
Potatoes (Súper Chola),Ecuador,Cuenca,WHOLESALE,2015-05-01,0.41,Kg,14a28c05-5470-4dae-972d-a1571a1824ba
Potatoes (Súper Chola),Ecuador,Guayaquil,WHOLESALE,2015-05-01,0.38,Kg,4ad01c4d-5f43-4e08-9ae2-98388aef0ee6
Potatoes (Súper Chola),Ecuador,Quito,WHOLESALE,2015-05-01,0.3,Kg,ad5afb37-21b3-4348-8cd4-70045d6dfc02
Potatoes (Súper Chola),Ecuador,Riobamba,WHOLESALE,2015-05-01,0.32,Kg,56be10c9-4924-45cb-83a4-8845a1fcec59
Potatoes (Súper Chola),Ecuador,Ambato,WHOLESALE,2015-06-01,0.46,Kg,314586c5-54c5-4c36-8137-06c1efe4f8bd
Potatoes (Súper Chola),Ecuador,Cuenca,WHOLESALE,2015-06-01,0.45,Kg,14a28c05-5470-4dae-972d-a1571a1824ba
Potatoes (Súper Chola),Ecuador,Guayaquil,WHOLESALE,2015-06-01,0.52,Kg,4ad01c4d-5f43-4e08-9ae2-98388aef0ee6
Potatoes (Súper Chola),Ecuador,Quito,WHOLESALE,2015-06-01,0.46,Kg,ad5afb37-21b3-4348-8cd4-70045d6dfc02
Potatoes (Súper Chola),Ecuador,Riobamba,WHOLESALE,2015-06-01,0.38,Kg,56be10c9-4924-45cb-83a4-8845a1fcec59
Potatoes (Súper Chola),Ecuador,Ambato,WHOLESALE,2015-07-01,0.44,Kg,314586c5-54c5-4c36-8137-06c1efe4f8bd
Potatoes (Súper Chola),Ecuador,Cuenca,WHOLESALE,2015-07-01,0.53,Kg,14a28c05-5470-4dae-972d-a1571a1824ba
Potatoes (Súper Chola),Ecuador,Guayaquil,WHOLESALE,2015-07-01,0.51,Kg,4ad01c4d-5f43-4e08-9ae2-98388aef0ee6
Potatoes (Súper Chola),Ecuador,Quito,WHOLESALE,2015-07-01,0.43,Kg,ad5afb37-21b3-4348-8cd4-70045d6dfc02
Potatoes (Súper Chola),Ecuador,Riobamba,WHOLESALE,2015-07-01,0.38,Kg,56be10c9-4924-45cb-83a4-8845a1fcec59
Potatoes (Súper Chola),Ecuador,Ambato,WHOLESALE,2015-08-01,0.43,Kg,314586c5-54c5-4c36-8137-06c1efe4f8bd
Potatoes (Súper Chola),Ecuador,Cuenca,WHOLESALE,2015-08-01,0.53,Kg,14a28c05-5470-4dae-972d-a1571a1824ba
Potatoes (Súper Chola),Ecuador,Guayaquil,WHOLESALE,2015-08-01,0.49,Kg,4ad01c4d-5f43-4e08-9ae2-98388aef0ee6
Potatoes (Súper Chola),Ecuador,Quito,WHOLESALE,2015-08-01,0.42,Kg,ad5afb37-21b3-4348-8cd4-70045d6dfc02
Potatoes (Súper Chola),Ecuador,Riobamba,WHOLESALE,2015-08-01,0.35,Kg,56be10c9-4924-45cb-83a4-8845a1fcec59
Potatoes (Súper Chola),Ecuador,Ambato,WHOLESALE,2015-09-01,0.47,Kg,314586c5-54c5-4c36-8137-06c1efe4f8bd
Potatoes (Súper Chola),Ecuador,Cuenca,WHOLESALE,2015-09-01,0.56,Kg,14a28c05-5470-4dae-972d-a1571a1824ba
Potatoes (Súper Chola),Ecuador,Guayaquil,WHOLESALE,2015-09-01,0.49,Kg,4ad01c4d-5f43-4e08-9ae2-98388aef0ee6
Potatoes (Súper Chola),Ecuador,Quito,WHOLESALE,2015-09-01,0.44,Kg,ad5afb37-21b3-4348-8cd4-70045d6dfc02
Potatoes (Súper Chola),Ecuador,Riobamba,WHOLESALE,2015-09-01,0.35,Kg,56be10c9-4924-45cb-83a4-8845a1fcec59
Potatoes (Súper Chola),Ecuador,Ambato,WHOLESALE,2015-10-01,0.48,Kg,314586c5-54c5-4c36-8137-06c1efe4f8bd
Potatoes (Súper Chola),Ecuador,Cuenca,WHOLESALE,2015-10-01,0.54,Kg,14a28c05-5470-4dae-972d-a1571a1824ba
Potatoes (Súper Chola),Ecuador,Guayaquil,WHOLESALE,2015-10-01,0.51,Kg,4ad01c4d-5f43-4e08-9ae2-98388aef0ee6
Potatoes (Súper Chola),Ecuador,Quito,WHOLESALE,2015-10-01,0.44,Kg,ad5afb37-21b3-4348-8cd4-70045d6dfc02
Potatoes (Súper Chola),Ecuador,Riobamba,WHOLESALE,2015-10-01,0.35,Kg,56be10c9-4924-45cb-83a4-8845a1fcec59
Potatoes (Súper Chola),Ecuador,Ambato,WHOLESALE,2015-11-01,0.48,Kg,314586c5-54c5-4c36-8137-06c1efe4f8bd
Potatoes (Súper Chola),Ecuador,Cuenca,WHOLESALE,2015-11-01,0.55,Kg,14a28c05-5470-4dae-972d-a1571a1824ba
Potatoes (Súper Chola),Ecuador,Guayaquil,WHOLESALE,2015-11-01,0.54,Kg,4ad01c4d-5f43-4e08-9ae2-98388aef0ee6
Potatoes (Súper Chola),Ecuador,Quito,WHOLESALE,2015-11-01,0.44,Kg,ad5afb37-21b3-4348-8cd4-70045d6dfc02
Potatoes (Súper Chola),Ecuador,Riobamba,WHOLESALE,2015-11-01,0.39,Kg,56be10c9-4924-45cb-83a4-8845a1fcec59
Potatoes (Súper Chola),Ecuador,Ambato,WHOLESALE,2015-12-01,0.45,Kg,314586c5-54c5-4c36-8137-06c1efe4f8bd
Potatoes (Súper Chola),Ecuador,Cuenca,WHOLESALE,2015-12-01,0.56,Kg,14a28c05-5470-4dae-972d-a1571a1824ba
Potatoes (Súper Chola),Ecuador,Guayaquil,WHOLESALE,2015-12-01,0.51,Kg,4ad01c4d-5f43-4e08-9ae2-98388aef0ee6
Potatoes (Súper Chola),Ecuador,Quito,WHOLESALE,2015-12-01,0.42,Kg,ad5afb37-21b3-4348-8cd4-70045d6dfc02
Potatoes (Súper Chola),Ecuador,Riobamba,WHOLESALE,2015-12-01,0.36,Kg,56be10c9-4924-45cb-83a4-8845a1fcec59
Potatoes (Súper Chola),Ecuador,Ambato,WHOLESALE,2016-01-01,0.42,Kg,314586c5-54c5-4c36-8137-06c1efe4f8bd
Potatoes (Súper Chola),Ecuador,Cuenca,WHOLESALE,2016-01-01,0.52,Kg,14a28c05-5470-4dae-972d-a1571a1824ba
Potatoes (Súper Chola),Ecuador,Guayaquil,WHOLESALE,2016-01-01,0.48,Kg,4ad01c4d-5f43-4e08-9ae2-98388aef0ee6
Potatoes (Súper Chola),Ecuador,Quito,WHOLESALE,2016-01-01,0.35,Kg,ad5afb37-21b3-4348-8cd4-70045d6dfc02
Potatoes (Súper Chola),Ecuador,Riobamba,WHOLESALE,2016-01-01,0.34,Kg,56be10c9-4924-45cb-83a4-8845a1fcec59
Potatoes (Súper Chola),Ecuador,Ambato,WHOLESALE,2016-02-01,0.39,Kg,314586c5-54c5-4c36-8137-06c1efe4f8bd
Potatoes (Súper Chola),Ecuador,Cuenca,WHOLESALE,2016-02-01,0.49,Kg,14a28c05-5470-4dae-972d-a1571a1824ba
Potatoes (Súper Chola),Ecuador,Guayaquil,WHOLESALE,2016-02-01,0.42,Kg,4ad01c4d-5f43-4e08-9ae2-98388aef0ee6
Potatoes (Súper Chola),Ecuador,Quito,WHOLESALE,2016-02-01,0.32,Kg,ad5afb37-21b3-4348-8cd4-70045d6dfc02
Potatoes (Súper Chola),Ecuador,Riobamba,WHOLESALE,2016-02-01,0.34,Kg,56be10c9-4924-45cb-83a4-8845a1fcec59
Potatoes (Súper Chola),Ecuador,Ambato,WHOLESALE,2016-03-01,0.38,Kg,314586c5-54c5-4c36-8137-06c1efe4f8bd
Potatoes (Súper Chola),Ecuador,Cuenca,WHOLESALE,2016-03-01,0.5,Kg,14a28c05-5470-4dae-972d-a1571a1824ba
Potatoes (Súper Chola),Ecuador,Guayaquil,WHOLESALE,2016-03-01,0.46,Kg,4ad01c4d-5f43-4e08-9ae2-98388aef0ee6
Potatoes (Súper Chola),Ecuador,Quito,WHOLESALE,2016-03-01,0.36,Kg,ad5afb37-21b3-4348-8cd4-70045d6dfc02
Potatoes (Súper Chola),Ecuador,Riobamba,WHOLESALE,2016-03-01,0.33,Kg,56be10c9-4924-45cb-83a4-8845a1fcec59
Potatoes (Súper Chola),Ecuador,Ambato,WHOLESALE,2016-04-01,0.43,Kg,314586c5-54c5-4c36-8137-06c1efe4f8bd
Potatoes (Súper Chola),Ecuador,Cuenca,WHOLESALE,2016-04-01,0.51,Kg,14a28c05-5470-4dae-972d-a1571a1824ba
Potatoes (Súper Chola),Ecuador,Guayaquil,WHOLESALE,2016-04-01,0.48,Kg,4ad01c4d-5f43-4e08-9ae2-98388aef0ee6
Potatoes (Súper Chola),Ecuador,Quito,WHOLESALE,2016-04-01,0.41,Kg,ad5afb37-21b3-4348-8cd4-70045d6dfc02
Potatoes (Súper Chola),Ecuador,Riobamba,WHOLESALE,2016-04-01,0.35,Kg,56be10c9-4924-45cb-83a4-8845a1fcec59
Potatoes (Súper Chola),Ecuador,Ambato,WHOLESALE,2016-05-01,0.45,Kg,314586c5-54c5-4c36-8137-06c1efe4f8bd
Potatoes (Súper Chola),Ecuador,Cuenca,WHOLESALE,2016-05-01,0.53,Kg,14a28c05-5470-4dae-972d-a1571a1824ba
Potatoes (Súper Chola),Ecuador,Guayaquil,WHOLESALE,2016-05-01,0.52,Kg,4ad01c4d-5f43-4e08-9ae2-98388aef0ee6
Potatoes (Súper Chola),Ecuador,Quito,WHOLESALE,2016-05-01,0.45,Kg,ad5afb37-21b3-4348-8cd4-70045d6dfc02
Potatoes (Súper Chola),Ecuador,Riobamba,WHOLESALE,2016-05-01,0.37,Kg,56be10c9-4924-45cb-83a4-8845a1fcec59
Potatoes (Súper Chola),Ecuador,Ambato,WHOLESALE,2016-06-01,0.46,Kg,314586c5-54c5-4c36-8137-06c1efe4f8bd
Potatoes (Súper Chola),Ecuador,Cuenca,WHOLESALE,2016-06-01,0.56,Kg,14a28c05-5470-4dae-972d-a1571a1824ba
Potatoes (Súper Chola),Ecuador,Guayaquil,WHOLESALE,2016-06-01,0.49,Kg,4ad01c4d-5f43-4e08-9ae2-98388aef0ee6
Potatoes (Súper Chola),Ecuador,Quito,WHOLESALE,2016-06-01,0.44,Kg,ad5afb37-21b3-4348-8cd4-70045d6dfc02
Potatoes (Súper Chola),Ecuador,Riobamba,WHOLESALE,2016-06-01,0.38,Kg,56be10c9-4924-45cb-83a4-8845a1fcec59
Potatoes (Súper Chola),Ecuador,Ambato,WHOLESALE,2016-07-01,0.42,Kg,314586c5-54c5-4c36-8137-06c1efe4f8bd
Potatoes (Súper Chola),Ecuador,Cuenca,WHOLESALE,2016-07-01,0.55,Kg,14a28c05-5470-4dae-972d-a1571a1824ba
Potatoes (Súper Chola),Ecuador,Guayaquil,WHOLESALE,2016-07-01,0.5,Kg,4ad01c4d-5f43-4e08-9ae2-98388aef0ee6
Potatoes (Súper Chola),Ecuador,Quito,WHOLESALE,2016-07-01,0.42,Kg,ad5afb37-21b3-4348-8cd4-70045d6dfc02
Potatoes (Súper Chola),Ecuador,Riobamba,WHOLESALE,2016-07-01,0.34,Kg,56be10c9-4924-45cb-83a4-8845a1fcec59
Potatoes (Súper Chola),Ecuador,Ambato,WHOLESALE,2016-08-01,0.41,Kg,314586c5-54c5-4c36-8137-06c1efe4f8bd
Potatoes (Súper Chola),Ecuador,Cuenca,WHOLESALE,2016-08-01,0.53,Kg,14a28c05-5470-4dae-972d-a1571a1824ba
Potatoes (Súper Chola),Ecuador,Guayaquil,WHOLESALE,2016-08-01,0.46,Kg,4ad01c4d-5f43-4e08-9ae2-98388aef0ee6
Potatoes (Súper Chola),Ecuador,Quito,WHOLESALE,2016-08-01,0.41,Kg,ad5afb37-21b3-4348-8cd4-70045d6dfc02
Potatoes (Súper Chola),Ecuador,Riobamba,WHOLESALE,2016-08-01,0.33,Kg,56be10c9-4924-45cb-83a4-8845a1fcec59
Potatoes (Súper Chola),Ecuador,Ambato,WHOLESALE,2016-09-01,0.4,Kg,314586c5-54c5-4c36-8137-06c1efe4f8bd
Potatoes (Súper Chola),Ecuador,Cuenca,WHOLESALE,2016-09-01,0.53,Kg,14a28c05-5470-4dae-972d-a1571a1824ba
Potatoes (Súper Chola),Ecuador,Guayaquil,WHOLESALE,2016-09-01,0.43,Kg,4ad01c4d-5f43-4e08-9ae2-98388aef0ee6
Potatoes (Súper Chola),Ecuador,Quito,WHOLESALE,2016-09-01,0.35,Kg,ad5afb37-21b3-4348-8cd4-70045d6dfc02
Potatoes (Súper Chola),Ecuador,Riobamba,WHOLESALE,2016-09-01,0.35,Kg,56be10c9-4924-45cb-83a4-8845a1fcec59
Potatoes (Súper Chola),Ecuador,Ambato,WHOLESALE,2016-10-01,0.41,Kg,314586c5-54c5-4c36-8137-06c1efe4f8bd
Potatoes (Súper Chola),Ecuador,Cuenca,WHOLESALE,2016-10-01,0.51,Kg,14a28c05-5470-4dae-972d-a1571a1824ba
Potatoes (Súper Chola),Ecuador,Guayaquil,WHOLESALE,2016-10-01,0.41,Kg,4ad01c4d-5f43-4e08-9ae2-98388aef0ee6
Potatoes (Súper Chola),Ecuador,Quito,WHOLESALE,2016-10-01,0.34,Kg,ad5afb37-21b3-4348-8cd4-70045d6dfc02
Potatoes (Súper Chola),Ecuador,Riobamba,WHOLESALE,2016-10-01,0.34,Kg,56be10c9-4924-45cb-83a4-8845a1fcec59
Potatoes (Súper Chola),Ecuador,Ambato,WHOLESALE,2016-11-01,0.43,Kg,314586c5-54c5-4c36-8137-06c1efe4f8bd
Potatoes (Súper Chola),Ecuador,Cuenca,WHOLESALE,2016-11-01,0.55,Kg,14a28c05-5470-4dae-972d-a1571a1824ba
Potatoes (Súper Chola),Ecuador,Guayaquil,WHOLESALE,2016-11-01,0.43,Kg,4ad01c4d-5f43-4e08-9ae2-98388aef0ee6
Potatoes (Súper Chola),Ecuador,Quito,WHOLESALE,2016-11-01,0.35,Kg,ad5afb37-21b3-4348-8cd4-70045d6dfc02
Potatoes (Súper Chola),Ecuador,Riobamba,WHOLESALE,2016-11-01,0.35,Kg,56be10c9-4924-45cb-83a4-8845a1fcec59
Potatoes (Súper Chola),Ecuador,Ambato,WHOLESALE,2016-12-01,0.43,Kg,314586c5-54c5-4c36-8137-06c1efe4f8bd
Potatoes (Súper Chola),Ecuador,Cuenca,WHOLESALE,2016-12-01,0.52,Kg,14a28c05-5470-4dae-972d-a1571a1824ba
Potatoes (Súper Chola),Ecuador,Guayaquil,WHOLESALE,2016-12-01,0.43,Kg,4ad01c4d-5f43-4e08-9ae2-98388aef0ee6
Potatoes (Súper Chola),Ecuador,Quito,WHOLESALE,2016-12-01,0.37,Kg,ad5afb37-21b3-4348-8cd4-70045d6dfc02
Potatoes (Súper Chola),Ecuador,Riobamba,WHOLESALE,2016-12-01,0.37,Kg,56be10c9-4924-45cb-83a4-8845a1fcec59
Potatoes (Súper Chola),Ecuador,Ambato,WHOLESALE,2017-01-01,0.47,Kg,314586c5-54c5-4c36-8137-06c1efe4f8bd
Potatoes (Súper Chola),Ecuador,Cuenca,WHOLESALE,2017-01-01,0.55,Kg,14a28c05-5470-4dae-972d-a1571a1824ba
Potatoes (Súper Chola),Ecuador,Guayaquil,WHOLESALE,2017-01-01,0.51,Kg,4ad01c4d-5f43-4e08-9ae2-98388aef0ee6
Potatoes (Súper Chola),Ecuador,Quito,WHOLESALE,2017-01-01,0.42,Kg,ad5afb37-21b3-4348-8cd4-70045d6dfc02
Potatoes (Súper Chola),Ecuador,Riobamba,WHOLESALE,2017-01-01,0.41,Kg,56be10c9-4924-45cb-83a4-8845a1fcec59
Potatoes (Súper Chola),Ecuador,Ambato,WHOLESALE,2017-02-01,0.45,Kg,314586c5-54c5-4c36-8137-06c1efe4f8bd
Potatoes (Súper Chola),Ecuador,Cuenca,WHOLESALE,2017-02-01,0.54,Kg,14a28c05-5470-4dae-972d-a1571a1824ba
Potatoes (Súper Chola),Ecuador,Guayaquil,WHOLESALE,2017-02-01,0.48,Kg,4ad01c4d-5f43-4e08-9ae2-98388aef0ee6
Potatoes (Súper Chola),Ecuador,Quito,WHOLESALE,2017-02-01,0.41,Kg,ad5afb37-21b3-4348-8cd4-70045d6dfc02
Potatoes (Súper Chola),Ecuador,Riobamba,WHOLESALE,2017-02-01,0.4,Kg,56be10c9-4924-45cb-83a4-8845a1fcec59
Potatoes (Súper Chola),Ecuador,Ambato,WHOLESALE,2017-03-01,0.45,Kg,314586c5-54c5-4c36-8137-06c1efe4f8bd
Potatoes (Súper Chola),Ecuador,Cuenca,WHOLESALE,2017-03-01,0.55,Kg,14a28c05-5470-4dae-972d-a1571a1824ba
Potatoes (Súper Chola),Ecuador,Guayaquil,WHOLESALE,2017-03-01,0.51,Kg,4ad01c4d-5f43-4e08-9ae2-98388aef0ee6
Potatoes (Súper Chola),Ecuador,Quito,WHOLESALE,2017-03-01,0.47,Kg,ad5afb37-21b3-4348-8cd4-70045d6dfc02
Potatoes (Súper Chola),Ecuador,Riobamba,WHOLESALE,2017-03-01,0.35,Kg,56be10c9-4924-45cb-83a4-8845a1fcec59
Potatoes (Súper Chola),Ecuador,Ambato,WHOLESALE,2017-04-01,0.41,Kg,314586c5-54c5-4c36-8137-06c1efe4f8bd
Potatoes (Súper Chola),Ecuador,Cuenca,WHOLESALE,2017-04-01,0.52,Kg,14a28c05-5470-4dae-972d-a1571a1824ba
Potatoes (Súper Chola),Ecuador,Guayaquil,WHOLESALE,2017-04-01,0.44,Kg,4ad01c4d-5f43-4e08-9ae2-98388aef0ee6
Potatoes (Súper Chola),Ecuador,Quito,WHOLESALE,2017-04-01,0.36,Kg,ad5afb37-21b3-4348-8cd4-70045d6dfc02
Potatoes (Súper Chola),Ecuador,Riobamba,WHOLESALE,2017-04-01,0.29,Kg,56be10c9-4924-45cb-83a4-8845a1fcec59
Potatoes (Súper Chola),Ecuador,Ambato,WHOLESALE,2017-05-01,0.32,Kg,314586c5-54c5-4c36-8137-06c1efe4f8bd
Potatoes (Súper Chola),Ecuador,Cuenca,WHOLESALE,2017-05-01,0.48,Kg,14a28c05-5470-4dae-972d-a1571a1824ba
Potatoes (Súper Chola),Ecuador,Guayaquil,WHOLESALE,2017-05-01,0.4,Kg,4ad01c4d-5f43-4e08-9ae2-98388aef0ee6
Potatoes (Súper Chola),Ecuador,Quito,WHOLESALE,2017-05-01,0.32,Kg,ad5afb37-21b3-4348-8cd4-70045d6dfc02
Potatoes (Súper Chola),Ecuador,Riobamba,WHOLESALE,2017-05-01,0.3,Kg,56be10c9-4924-45cb-83a4-8845a1fcec59
Potatoes (Súper Chola),Ecuador,Ambato,WHOLESALE,2017-06-01,0.32,Kg,314586c5-54c5-4c36-8137-06c1efe4f8bd
Potatoes (Súper Chola),Ecuador,Cuenca,WHOLESALE,2017-06-01,0.41,Kg,14a28c05-5470-4dae-972d-a1571a1824ba
Potatoes (Súper Chola),Ecuador,Guayaquil,WHOLESALE,2017-06-01,0.33,Kg,4ad01c4d-5f43-4e08-9ae2-98388aef0ee6
Potatoes (Súper Chola),Ecuador,Quito,WHOLESALE,2017-06-01,0.26,Kg,ad5afb37-21b3-4348-8cd4-70045d6dfc02
Potatoes (Súper Chola),Ecuador,Riobamba,WHOLESALE,2017-06-01,0.29,Kg,56be10c9-4924-45cb-83a4-8845a1fcec59
Potatoes (Súper Chola),Ecuador,Ambato,WHOLESALE,2017-07-01,0.3,Kg,314586c5-54c5-4c36-8137-06c1efe4f8bd
Potatoes (Súper Chola),Ecuador,Cuenca,WHOLESALE,2017-07-01,0.43,Kg,14a28c05-5470-4dae-972d-a1571a1824ba
Potatoes (Súper Chola),Ecuador,Guayaquil,WHOLESALE,2017-07-01,0.36,Kg,4ad01c4d-5f43-4e08-9ae2-98388aef0ee6
Potatoes (Súper Chola),Ecuador,Quito,WHOLESALE,2017-07-01,0.3,Kg,ad5afb37-21b3-4348-8cd4-70045d6dfc02
Potatoes (Súper Chola),Ecuador,Riobamba,WHOLESALE,2017-07-01,0.29,Kg,56be10c9-4924-45cb-83a4-8845a1fcec59
Potatoes (Súper Chola),Ecuador,Ambato,WHOLESALE,2017-08-01,0.32,Kg,314586c5-54c5-4c36-8137-06c1efe4f8bd
Potatoes (Súper Chola),Ecuador,Cuenca,WHOLESALE,2017-08-01,0.44,Kg,14a28c05-5470-4dae-972d-a1571a1824ba
Potatoes (Súper Chola),Ecuador,Guayaquil,WHOLESALE,2017-08-01,0.36,Kg,4ad01c4d-5f43-4e08-9ae2-98388aef0ee6
Potatoes (Súper Chola),Ecuador,Quito,WHOLESALE,2017-08-01,0.3,Kg,ad5afb37-21b3-4348-8cd4-70045d6dfc02
Potatoes (Súper Chola),Ecuador,Riobamba,WHOLESALE,2017-08-01,0.27,Kg,56be10c9-4924-45cb-83a4-8845a1fcec59
Potatoes (Súper Chola),Ecuador,Ambato,WHOLESALE,2017-09-01,0.35,Kg,314586c5-54c5-4c36-8137-06c1efe4f8bd
Potatoes (Súper Chola),Ecuador,Cuenca,WHOLESALE,2017-09-01,0.44,Kg,14a28c05-5470-4dae-972d-a1571a1824ba
Potatoes (Súper Chola),Ecuador,Guayaquil,WHOLESALE,2017-09-01,0.36,Kg,4ad01c4d-5f43-4e08-9ae2-98388aef0ee6
Potatoes (Súper Chola),Ecuador,Quito,WHOLESALE,2017-09-01,0.3,Kg,ad5afb37-21b3-4348-8cd4-70045d6dfc02
Potatoes (Súper Chola),Ecuador,Riobamba,WHOLESALE,2017-09-01,0.32,Kg,56be10c9-4924-45cb-83a4-8845a1fcec59
Potatoes (Súper Chola),Ecuador,Ambato,WHOLESALE,2017-10-01,0.45,Kg,314586c5-54c5-4c36-8137-06c1efe4f8bd
Potatoes (Súper Chola),Ecuador,Cuenca,WHOLESALE,2017-10-01,0.51,Kg,14a28c05-5470-4dae-972d-a1571a1824ba
Potatoes (Súper Chola),Ecuador,Guayaquil,WHOLESALE,2017-10-01,0.47,Kg,4ad01c4d-5f43-4e08-9ae2-98388aef0ee6
Potatoes (Súper Chola),Ecuador,Quito,WHOLESALE,2017-10-01,0.43,Kg,ad5afb37-21b3-4348-8cd4-70045d6dfc02
Potatoes (Súper Chola),Ecuador,Riobamba,WHOLESALE,2017-10-01,0.4,Kg,56be10c9-4924-45cb-83a4-8845a1fcec59
Potatoes (Súper Chola),Ecuador,Ambato,WHOLESALE,2017-11-01,0.49,Kg,314586c5-54c5-4c36-8137-06c1efe4f8bd
Potatoes (Súper Chola),Ecuador,Cuenca,WHOLESALE,2017-11-01,0.62,Kg,14a28c05-5470-4dae-972d-a1571a1824ba
Potatoes (Súper Chola),Ecuador,Guayaquil,WHOLESALE,2017-11-01,0.51,Kg,4ad01c4d-5f43-4e08-9ae2-98388aef0ee6
Potatoes (Súper Chola),Ecuador,Quito,WHOLESALE,2017-11-01,0.46,Kg,ad5afb37-21b3-4348-8cd4-70045d6dfc02
Potatoes (Súper Chola),Ecuador,Riobamba,WHOLESALE,2017-11-01,0.41,Kg,56be10c9-4924-45cb-83a4-8845a1fcec59
Potatoes (Súper Chola),Ecuador,Ambato,WHOLESALE,2017-12-01,0.5,Kg,314586c5-54c5-4c36-8137-06c1efe4f8bd
Potatoes (Súper Chola),Ecuador,Cuenca,WHOLESALE,2017-12-01,0.57,Kg,14a28c05-5470-4dae-972d-a1571a1824ba
Potatoes (Súper Chola),Ecuador,Guayaquil,WHOLESALE,2017-12-01,0.54,Kg,4ad01c4d-5f43-4e08-9ae2-98388aef0ee6
Potatoes (Súper Chola),Ecuador,Quito,WHOLESALE,2017-12-01,0.47,Kg,ad5afb37-21b3-4348-8cd4-70045d6dfc02
Potatoes (Súper Chola),Ecuador,Riobamba,WHOLESALE,2017-12-01,0.4,Kg,56be10c9-4924-45cb-83a4-8845a1fcec59
Potatoes (Súper Chola),Ecuador,Ambato,WHOLESALE,2018-01-01,0.42,Kg,314586c5-54c5-4c36-8137-06c1efe4f8bd
Potatoes (Súper Chola),Ecuador,Cuenca,WHOLESALE,2018-01-01,0.56,Kg,14a28c05-5470-4dae-972d-a1571a1824ba
Potatoes (Súper Chola),Ecuador,Guayaquil,WHOLESALE,2018-01-01,0.45,Kg,4ad01c4d-5f43-4e08-9ae2-98388aef0ee6
Potatoes (Súper Chola),Ecuador,Quito,WHOLESALE,2018-01-01,0.37,Kg,ad5afb37-21b3-4348-8cd4-70045d6dfc02
Potatoes (Súper Chola),Ecuador,Riobamba,WHOLESALE,2018-01-01,0.34,Kg,56be10c9-4924-45cb-83a4-8845a1fcec59
Potatoes (Súper Chola),Ecuador,Ambato,WHOLESALE,2018-02-01,0.33,Kg,314586c5-54c5-4c36-8137-06c1efe4f8bd
Potatoes (Súper Chola),Ecuador,Cuenca,WHOLESALE,2018-02-01,0.55,Kg,14a28c05-5470-4dae-972d-a1571a1824ba
Potatoes (Súper Chola),Ecuador,Guayaquil,WHOLESALE,2018-02-01,0.38,Kg,4ad01c4d-5f43-4e08-9ae2-98388aef0ee6
Potatoes (Súper Chola),Ecuador,Quito,WHOLESALE,2018-02-01,0.33,Kg,ad5afb37-21b3-4348-8cd4-70045d6dfc02
Potatoes (Súper Chola),Ecuador,Riobamba,WHOLESALE,2018-02-01,0.27,Kg,56be10c9-4924-45cb-83a4-8845a1fcec59
Potatoes (Súper Chola),Ecuador,Ambato,WHOLESALE,2018-03-01,0.3,Kg,314586c5-54c5-4c36-8137-06c1efe4f8bd
Potatoes (Súper Chola),Ecuador,Cuenca,WHOLESALE,2018-03-01,0.44,Kg,14a28c05-5470-4dae-972d-a1571a1824ba
Potatoes (Súper Chola),Ecuador,Guayaquil,WHOLESALE,2018-03-01,0.32,Kg,4ad01c4d-5f43-4e08-9ae2-98388aef0ee6
Potatoes (Súper Chola),Ecuador,Quito,WHOLESALE,2018-03-01,0.27,Kg,ad5afb37-21b3-4348-8cd4-70045d6dfc02
Potatoes (Súper Chola),Ecuador,Riobamba,WHOLESALE,2018-03-01,0.25,Kg,56be10c9-4924-45cb-83a4-8845a1fcec59
Potatoes (Súper Chola),Ecuador,Ambato,WHOLESALE,2018-04-01,0.27,Kg,314586c5-54c5-4c36-8137-06c1efe4f8bd
Potatoes (Súper Chola),Ecuador,Cuenca,WHOLESALE,2018-04-01,0.39,Kg,14a28c05-5470-4dae-972d-a1571a1824ba
Potatoes (Súper Chola),Ecuador,Guayaquil,WHOLESALE,2018-04-01,0.31,Kg,4ad01c4d-5f43-4e08-9ae2-98388aef0ee6
Potatoes (Súper Chola),Ecuador,Quito,WHOLESALE,2018-04-01,0.23,Kg,ad5afb37-21b3-4348-8cd4-70045d6dfc02
Potatoes (Súper Chola),Ecuador,Riobamba,WHOLESALE,2018-04-01,0.24,Kg,56be10c9-4924-45cb-83a4-8845a1fcec59
Potatoes (Súper Chola),Ecuador,Ambato,WHOLESALE,2018-05-01,0.27,Kg,314586c5-54c5-4c36-8137-06c1efe4f8bd
Potatoes (Súper Chola),Ecuador,Cuenca,WHOLESALE,2018-05-01,0.42,Kg,14a28c05-5470-4dae-972d-a1571a1824ba
Potatoes (Súper Chola),Ecuador,Guayaquil,WHOLESALE,2018-05-01,0.28,Kg,4ad01c4d-5f43-4e08-9ae2-98388aef0ee6
Potatoes (Súper Chola),Ecuador,Quito,WHOLESALE,2018-05-01,0.22,Kg,ad5afb37-21b3-4348-8cd4-70045d6dfc02
Potatoes (Súper Chola),Ecuador,Riobamba,WHOLESALE,2018-05-01,0.22,Kg,56be10c9-4924-45cb-83a4-8845a1fcec59
Potatoes (Súper Chola),Ecuador,Ambato,WHOLESALE,2018-06-01,0.25,Kg,314586c5-54c5-4c36-8137-06c1efe4f8bd
Potatoes (Súper Chola),Ecuador,Cuenca,WHOLESALE,2018-06-01,0.43,Kg,14a28c05-5470-4dae-972d-a1571a1824ba
Potatoes (Súper Chola),Ecuador,Guayaquil,WHOLESALE,2018-06-01,0.25,Kg,4ad01c4d-5f43-4e08-9ae2-98388aef0ee6
Potatoes (Súper Chola),Ecuador,Quito,WHOLESALE,2018-06-01,0.21,Kg,ad5afb37-21b3-4348-8cd4-70045d6dfc02
Potatoes (Súper Chola),Ecuador,Riobamba,WHOLESALE,2018-06-01,0.22,Kg,56be10c9-4924-45cb-83a4-8845a1fcec59
Potatoes (Súper Chola),Ecuador,Ambato,WHOLESALE,2018-07-01,0.29,Kg,314586c5-54c5-4c36-8137-06c1efe4f8bd
Potatoes (Súper Chola),Ecuador,Cuenca,WHOLESALE,2018-07-01,0.44,Kg,14a28c05-5470-4dae-972d-a1571a1824ba
Potatoes (Súper Chola),Ecuador,Guayaquil,WHOLESALE,2018-07-01,0.35,Kg,4ad01c4d-5f43-4e08-9ae2-98388aef0ee6
Potatoes (Súper Chola),Ecuador,Quito,WHOLESALE,2018-07-01,0.28,Kg,ad5afb37-21b3-4348-8cd4-70045d6dfc02
Potatoes (Súper Chola),Ecuador,Riobamba,WHOLESALE,2018-07-01,0.26,Kg,56be10c9-4924-45cb-83a4-8845a1fcec59
Potatoes (Súper Chola),Ecuador,Ambato,WHOLESALE,2018-08-01,0.36,Kg,314586c5-54c5-4c36-8137-06c1efe4f8bd
Potatoes (Súper Chola),Ecuador,Cuenca,WHOLESALE,2018-08-01,0.51,Kg,14a28c05-5470-4dae-972d-a1571a1824ba
Potatoes (Súper Chola),Ecuador,Guayaquil,WHOLESALE,2018-08-01,0.39,Kg,4ad01c4d-5f43-4e08-9ae2-98388aef0ee6
Potatoes (Súper Chola),Ecuador,Quito,WHOLESALE,2018-08-01,0.33,Kg,ad5afb37-21b3-4348-8cd4-70045d6dfc02
Potatoes (Súper Chola),Ecuador,Riobamba,WHOLESALE,2018-08-01,0.31,Kg,56be10c9-4924-45cb-83a4-8845a1fcec59
Potatoes (Súper Chola),Ecuador,Ambato,WHOLESALE,2018-09-01,0.39,Kg,314586c5-54c5-4c36-8137-06c1efe4f8bd
Potatoes (Súper Chola),Ecuador,Cuenca,WHOLESALE,2018-09-01,0.52,Kg,14a28c05-5470-4dae-972d-a1571a1824ba
Potatoes (Súper Chola),Ecuador,Guayaquil,WHOLESALE,2018-09-01,0.4,Kg,4ad01c4d-5f43-4e08-9ae2-98388aef0ee6
Potatoes (Súper Chola),Ecuador,Quito,WHOLESALE,2018-09-01,0.35,Kg,ad5afb37-21b3-4348-8cd4-70045d6dfc02
Potatoes (Súper Chola),Ecuador,Riobamba,WHOLESALE,2018-09-01,0.39,Kg,56be10c9-4924-45cb-83a4-8845a1fcec59
Potatoes (Súper Chola),Ecuador,Ambato,WHOLESALE,2018-10-01,0.41,Kg,314586c5-54c5-4c36-8137-06c1efe4f8bd
Potatoes (Súper Chola),Ecuador,Cuenca,WHOLESALE,2018-10-01,0.48,Kg,14a28c05-5470-4dae-972d-a1571a1824ba
Potatoes (Súper Chola),Ecuador,Guayaquil,WHOLESALE,2018-10-01,0.45,Kg,4ad01c4d-5f43-4e08-9ae2-98388aef0ee6
Potatoes (Súper Chola),Ecuador,Quito,WHOLESALE,2018-10-01,0.39,Kg,ad5afb37-21b3-4348-8cd4-70045d6dfc02
Potatoes (Súper Chola),Ecuador,Riobamba,WHOLESALE,2018-10-01,0.36,Kg,56be10c9-4924-45cb-83a4-8845a1fcec59
Potatoes (Súper Chola),Ecuador,Ambato,WHOLESALE,2018-11-01,0.48,Kg,314586c5-54c5-4c36-8137-06c1efe4f8bd
Potatoes (Súper Chola),Ecuador,Cuenca,WHOLESALE,2018-11-01,0.56,Kg,14a28c05-5470-4dae-972d-a1571a1824ba
Potatoes (Súper Chola),Ecuador,Guayaquil,WHOLESALE,2018-11-01,0.5,Kg,4ad01c4d-5f43-4e08-9ae2-98388aef0ee6
Potatoes (Súper Chola),Ecuador,Quito,WHOLESALE,2018-11-01,0.44,Kg,ad5afb37-21b3-4348-8cd4-70045d6dfc02
Potatoes (Súper Chola),Ecuador,Riobamba,WHOLESALE,2018-11-01,0.39,Kg,56be10c9-4924-45cb-83a4-8845a1fcec59
Potatoes (Súper Chola),Ecuador,Ambato,WHOLESALE,2018-12-01,0.49,Kg,314586c5-54c5-4c36-8137-06c1efe4f8bd
Potatoes (Súper Chola),Ecuador,Cuenca,WHOLESALE,2018-12-01,0.54,Kg,14a28c05-5470-4dae-972d-a1571a1824ba
Potatoes (Súper Chola),Ecuador,Guayaquil,WHOLESALE,2018-12-01,0.48,Kg,4ad01c4d-5f43-4e08-9ae2-98388aef0ee6
Potatoes (Súper Chola),Ecuador,Quito,WHOLESALE,2018-12-01,0.42,Kg,ad5afb37-21b3-4348-8cd4-70045d6dfc02
Potatoes (Súper Chola),Ecuador,Riobamba,WHOLESALE,2018-12-01,0.37,Kg,56be10c9-4924-45cb-83a4-8845a1fcec59
Potatoes (Súper Chola),Ecuador,Ambato,WHOLESALE,2019-01-01,0.5,Kg,314586c5-54c5-4c36-8137-06c1efe4f8bd
Potatoes (Súper Chola),Ecuador,Cuenca,WHOLESALE,2019-01-01,0.61,Kg,14a28c05-5470-4dae-972d-a1571a1824ba
Potatoes (Súper Chola),Ecuador,Guayaquil,WHOLESALE,2019-01-01,0.57,Kg,4ad01c4d-5f43-4e08-9ae2-98388aef0ee6
Potatoes (Súper Chola),Ecuador,Quito,WHOLESALE,2019-01-01,0.53,Kg,ad5afb37-21b3-4348-8cd4-70045d6dfc02
Potatoes (Súper Chola),Ecuador,Riobamba,WHOLESALE,2019-01-01,0.42,Kg,56be10c9-4924-45cb-83a4-8845a1fcec59
Potatoes (Súper Chola),Ecuador,Ambato,WHOLESALE,2019-02-01,0.44,Kg,314586c5-54c5-4c36-8137-06c1efe4f8bd
Potatoes (Súper Chola),Ecuador,Cuenca,WHOLESALE,2019-02-01,0.58,Kg,14a28c05-5470-4dae-972d-a1571a1824ba
Potatoes (Súper Chola),Ecuador,Guayaquil,WHOLESALE,2019-02-01,0.45,Kg,4ad01c4d-5f43-4e08-9ae2-98388aef0ee6
Potatoes (Súper Chola),Ecuador,Quito,WHOLESALE,2019-02-01,0.41,Kg,ad5afb37-21b3-4348-8cd4-70045d6dfc02
Potatoes (Súper Chola),Ecuador,Riobamba,WHOLESALE,2019-02-01,0.37,Kg,56be10c9-4924-45cb-83a4-8845a1fcec59
Potatoes (Súper Chola),Ecuador,Ambato,WHOLESALE,2019-03-01,0.41,Kg,314586c5-54c5-4c36-8137-06c1efe4f8bd
Potatoes (Súper Chola),Ecuador,Cuenca,WHOLESALE,2019-03-01,0.55,Kg,14a28c05-5470-4dae-972d-a1571a1824ba
Potatoes (Súper Chola),Ecuador,Guayaquil,WHOLESALE,2019-03-01,0.41,Kg,4ad01c4d-5f43-4e08-9ae2-98388aef0ee6
Potatoes (Súper Chola),Ecuador,Quito,WHOLESALE,2019-03-01,0.34,Kg,ad5afb37-21b3-4348-8cd4-70045d6dfc02
Potatoes (Súper Chola),Ecuador,Riobamba,WHOLESALE,2019-03-01,0.33,Kg,56be10c9-4924-45cb-83a4-8845a1fcec59
Potatoes (Súper Chola),Ecuador,Ambato,WHOLESALE,2019-04-01,0.43,Kg,314586c5-54c5-4c36-8137-06c1efe4f8bd
Potatoes (Súper Chola),Ecuador,Cuenca,WHOLESALE,2019-04-01,0.56,Kg,14a28c05-5470-4dae-972d-a1571a1824ba
Potatoes (Súper Chola),Ecuador,Guayaquil,WHOLESALE,2019-04-01,0.43,Kg,4ad01c4d-5f43-4e08-9ae2-98388aef0ee6
Potatoes (Súper Chola),Ecuador,Quito,WHOLESALE,2019-04-01,0.37,Kg,ad5afb37-21b3-4348-8cd4-70045d6dfc02
Potatoes (Súper Chola),Ecuador,Riobamba,WHOLESALE,2019-04-01,0.37,Kg,56be10c9-4924-45cb-83a4-8845a1fcec59
Potatoes (Súper Chola),Ecuador,Ambato,WHOLESALE,2019-05-01,0.47,Kg,314586c5-54c5-4c36-8137-06c1efe4f8bd
Potatoes (Súper Chola),Ecuador,Cuenca,WHOLESALE,2019-05-01,0.58,Kg,14a28c05-5470-4dae-972d-a1571a1824ba
Potatoes (Súper Chola),Ecuador,Guayaquil,WHOLESALE,2019-05-01,0.46,Kg,4ad01c4d-5f43-4e08-9ae2-98388aef0ee6
Potatoes (Súper Chola),Ecuador,Quito,WHOLESALE,2019-05-01,0.4,Kg,ad5afb37-21b3-4348-8cd4-70045d6dfc02
Potatoes (Súper Chola),Ecuador,Riobamba,WHOLESALE,2019-05-01,0.41,Kg,56be10c9-4924-45cb-83a4-8845a1fcec59
Potatoes (Súper Chola),Ecuador,Ambato,WHOLESALE,2019-06-01,0.54,Kg,314586c5-54c5-4c36-8137-06c1efe4f8bd
Potatoes (Súper Chola),Ecuador,Cuenca,WHOLESALE,2019-06-01,0.65,Kg,14a28c05-5470-4dae-972d-a1571a1824ba
Potatoes (Súper Chola),Ecuador,Guayaquil,WHOLESALE,2019-06-01,0.57,Kg,4ad01c4d-5f43-4e08-9ae2-98388aef0ee6
Potatoes (Súper Chola),Ecuador,Quito,WHOLESALE,2019-06-01,0.49,Kg,ad5afb37-21b3-4348-8cd4-70045d6dfc02
Potatoes (Súper Chola),Ecuador,Riobamba,WHOLESALE,2019-06-01,0.47,Kg,56be10c9-4924-45cb-83a4-8845a1fcec59
Potatoes (Súper Chola),Ecuador,Ambato,WHOLESALE,2019-07-01,0.49,Kg,314586c5-54c5-4c36-8137-06c1efe4f8bd
Potatoes (Súper Chola),Ecuador,Cuenca,WHOLESALE,2019-07-01,0.64,Kg,14a28c05-5470-4dae-972d-a1571a1824ba
Potatoes (Súper Chola),Ecuador,Guayaquil,WHOLESALE,2019-07-01,0.48,Kg,4ad01c4d-5f43-4e08-9ae2-98388aef0ee6
Potatoes (Súper Chola),Ecuador,Quito,WHOLESALE,2019-07-01,0.43,Kg,ad5afb37-21b3-4348-8cd4-70045d6dfc02
Potatoes (Súper Chola),Ecuador,Riobamba,WHOLESALE,2019-07-01,0.43,Kg,56be10c9-4924-45cb-83a4-8845a1fcec59
Potatoes (Súper Chola),Ecuador,Ambato,WHOLESALE,2019-08-01,0.48,Kg,314586c5-54c5-4c36-8137-06c1efe4f8bd
Potatoes (Súper Chola),Ecuador,Cuenca,WHOLESALE,2019-08-01,0.64,Kg,14a28c05-5470-4dae-972d-a1571a1824ba
Potatoes (Súper Chola),Ecuador,Guayaquil,WHOLESALE,2019-08-01,0.49,Kg,4ad01c4d-5f43-4e08-9ae2-98388aef0ee6
Potatoes (Súper Chola),Ecuador,Quito,WHOLESALE,2019-08-01,0.44,Kg,ad5afb37-21b3-4348-8cd4-70045d6dfc02
Potatoes (Súper Chola),Ecuador,Riobamba,WHOLESALE,2019-08-01,0.44,Kg,56be10c9-4924-45cb-83a4-8845a1fcec59
Potatoes (Súper Chola),Ecuador,Ambato,WHOLESALE,2019-09-01,0.56,Kg,314586c5-54c5-4c36-8137-06c1efe4f8bd
Potatoes (Súper Chola),Ecuador,Cuenca,WHOLESALE,2019-09-01,0.69,Kg,14a28c05-5470-4dae-972d-a1571a1824ba
Potatoes (Súper Chola),Ecuador,Guayaquil,WHOLESALE,2019-09-01,0.59,Kg,4ad01c4d-5f43-4e08-9ae2-98388aef0ee6
Potatoes (Súper Chola),Ecuador,Quito,WHOLESALE,2019-09-01,0.54,Kg,ad5afb37-21b3-4348-8cd4-70045d6dfc02
Potatoes (Súper Chola),Ecuador,Riobamba,WHOLESALE,2019-09-01,0.51,Kg,56be10c9-4924-45cb-83a4-8845a1fcec59
Potatoes (Súper Chola),Ecuador,Ambato,WHOLESALE,2019-10-01,0.63,Kg,314586c5-54c5-4c36-8137-06c1efe4f8bd
Potatoes (Súper Chola),Ecuador,Cuenca,WHOLESALE,2019-10-01,0.74,Kg,14a28c05-5470-4dae-972d-a1571a1824ba
Potatoes (Súper Chola),Ecuador,Guayaquil,WHOLESALE,2019-10-01,0.8,Kg,4ad01c4d-5f43-4e08-9ae2-98388aef0ee6
Potatoes (Súper Chola),Ecuador,Quito,WHOLESALE,2019-10-01,0.61,Kg,ad5afb37-21b3-4348-8cd4-70045d6dfc02
Potatoes (Súper Chola),Ecuador,Riobamba,WHOLESALE,2019-10-01,0.53,Kg,56be10c9-4924-45cb-83a4-8845a1fcec59
Potatoes (Súper Chola),Ecuador,Ambato,WHOLESALE,2019-11-01,0.51,Kg,314586c5-54c5-4c36-8137-06c1efe4f8bd
Potatoes (Súper Chola),Ecuador,Cuenca,WHOLESALE,2019-11-01,0.6,Kg,14a28c05-5470-4dae-972d-a1571a1824ba
Potatoes (Súper Chola),Ecuador,Guayaquil,WHOLESALE,2019-11-01,0.51,Kg,4ad01c4d-5f43-4e08-9ae2-98388aef0ee6
Potatoes (Súper Chola),Ecuador,Quito,WHOLESALE,2019-11-01,0.46,Kg,ad5afb37-21b3-4348-8cd4-70045d6dfc02
Potatoes (Súper Chola),Ecuador,Riobamba,WHOLESALE,2019-11-01,0.35,Kg,56be10c9-4924-45cb-83a4-8845a1fcec59
Potatoes (Súper Chola),Ecuador,Ambato,WHOLESALE,2019-12-01,0.44,Kg,314586c5-54c5-4c36-8137-06c1efe4f8bd
Potatoes (Súper Chola),Ecuador,Cuenca,WHOLESALE,2019-12-01,0.55,Kg,14a28c05-5470-4dae-972d-a1571a1824ba
Potatoes (Súper Chola),Ecuador,Guayaquil,WHOLESALE,2019-12-01,0.45,Kg,4ad01c4d-5f43-4e08-9ae2-98388aef0ee6
Potatoes (Súper Chola),Ecuador,Quito,WHOLESALE,2019-12-01,0.39,Kg,ad5afb37-21b3-4348-8cd4-70045d6dfc02
Potatoes (Súper Chola),Ecuador,Riobamba,WHOLESALE,2019-12-01,0.34,Kg,56be10c9-4924-45cb-83a4-8845a1fcec59
Potatoes (Súper Chola),Ecuador,Ambato,WHOLESALE,2020-01-01,0.4,Kg,314586c5-54c5-4c36-8137-06c1efe4f8bd
Potatoes (Súper Chola),Ecuador,Cuenca,WHOLESALE,2020-01-01,0.52,Kg,14a28c05-5470-4dae-972d-a1571a1824ba
Potatoes (Súper Chola),Ecuador,Guayaquil,WHOLESALE,2020-01-01,0.39,Kg,4ad01c4d-5f43-4e08-9ae2-98388aef0ee6
Potatoes (Súper Chola),Ecuador,Quito,WHOLESALE,2020-01-01,0.34,Kg,ad5afb37-21b3-4348-8cd4-70045d6dfc02
Potatoes (Súper Chola),Ecuador,Riobamba,WHOLESALE,2020-01-01,0.28,Kg,56be10c9-4924-45cb-83a4-8845a1fcec59
Potatoes (Súper Chola),Ecuador,Ambato,WHOLESALE,2020-02-01,0.34,Kg,314586c5-54c5-4c36-8137-06c1efe4f8bd
Potatoes (Súper Chola),Ecuador,Cuenca,WHOLESALE,2020-02-01,0.49,Kg,14a28c05-5470-4dae-972d-a1571a1824ba
Potatoes (Súper Chola),Ecuador,Guayaquil,WHOLESALE,2020-02-01,0.33,Kg,4ad01c4d-5f43-4e08-9ae2-98388aef0ee6
Potatoes (Súper Chola),Ecuador,Quito,WHOLESALE,2020-02-01,0.31,Kg,ad5afb37-21b3-4348-8cd4-70045d6dfc02
Potatoes (Súper Chola),Ecuador,Riobamba,WHOLESALE,2020-02-01,0.29,Kg,56be10c9-4924-45cb-83a4-8845a1fcec59
Potatoes (Súper Chola),Ecuador,Ambato,WHOLESALE,2020-03-01,0.36,Kg,314586c5-54c5-4c36-8137-06c1efe4f8bd
Potatoes (Súper Chola),Ecuador,Cuenca,WHOLESALE,2020-03-01,0.51,Kg,14a28c05-5470-4dae-972d-a1571a1824ba
Potatoes (Súper Chola),Ecuador,Guayaquil,WHOLESALE,2020-03-01,0.43,Kg,4ad01c4d-5f43-4e08-9ae2-98388aef0ee6
Potatoes (Súper Chola),Ecuador,Quito,WHOLESALE,2020-03-01,0.32,Kg,ad5afb37-21b3-4348-8cd4-70045d6dfc02
Potatoes (Súper Chola),Ecuador,Riobamba,WHOLESALE,2020-03-01,0.34,Kg,56be10c9-4924-45cb-83a4-8845a1fcec59
Potatoes (Súper Chola),Ecuador,Ambato,WHOLESALE,2020-04-01,0.33,Kg,314586c5-54c5-4c36-8137-06c1efe4f8bd
Potatoes (Súper Chola),Ecuador,Cuenca,WHOLESALE,2020-04-01,0.52,Kg,14a28c05-5470-4dae-972d-a1571a1824ba
Potatoes (Súper Chola),Ecuador,Guayaquil,WHOLESALE,2020-04-01,0.38,Kg,4ad01c4d-5f43-4e08-9ae2-98388aef0ee6
Potatoes (Súper Chola),Ecuador,Quito,WHOLESALE,2020-04-01,0.26,Kg,ad5afb37-21b3-4348-8cd4-70045d6dfc02
Potatoes (Súper Chola),Ecuador,Riobamba,WHOLESALE,2020-04-01,0.33,Kg,56be10c9-4924-45cb-83a4-8845a1fcec59
Potatoes (Súper Chola),Ecuador,Ambato,WHOLESALE,2020-05-01,0.32,Kg,314586c5-54c5-4c36-8137-06c1efe4f8bd
Potatoes (Súper Chola),Ecuador,Cuenca,WHOLESALE,2020-05-01,0.44,Kg,14a28c05-5470-4dae-972d-a1571a1824ba
Potatoes (Súper Chola),Ecuador,Guayaquil,WHOLESALE,2020-05-01,0.32,Kg,4ad01c4d-5f43-4e08-9ae2-98388aef0ee6
Potatoes (Súper Chola),Ecuador,Quito,WHOLESALE,2020-05-01,0.26,Kg,ad5afb37-21b3-4348-8cd4-70045d6dfc02
Potatoes (Súper Chola),Ecuador,Riobamba,WHOLESALE,2020-05-01,0.29,Kg,56be10c9-4924-45cb-83a4-8845a1fcec59
Potatoes (Súper Chola),Ecuador,Ambato,WHOLESALE,2020-06-01,0.32,Kg,314586c5-54c5-4c36-8137-06c1efe4f8bd
Potatoes (Súper Chola),Ecuador,Cuenca,WHOLESALE,2020-06-01,0.44,Kg,14a28c05-5470-4dae-972d-a1571a1824ba
Potatoes (Súper Chola),Ecuador,Guayaquil,WHOLESALE,2020-06-01,0.32,Kg,4ad01c4d-5f43-4e08-9ae2-98388aef0ee6
Potatoes (Súper Chola),Ecuador,Quito,WHOLESALE,2020-06-01,0.27,Kg,ad5afb37-21b3-4348-8cd4-70045d6dfc02
Potatoes (Súper Chola),Ecuador,Riobamba,WHOLESALE,2020-06-01,0.28,Kg,56be10c9-4924-45cb-83a4-8845a1fcec59
Potatoes (Súper Chola),Ecuador,Ambato,WHOLESALE,2020-07-01,0.3,Kg,314586c5-54c5-4c36-8137-06c1efe4f8bd
Potatoes (Súper Chola),Ecuador,Cuenca,WHOLESALE,2020-07-01,0.46,Kg,14a28c05-5470-4dae-972d-a1571a1824ba
Potatoes (Súper Chola),Ecuador,Guayaquil,WHOLESALE,2020-07-01,0.31,Kg,4ad01c4d-5f43-4e08-9ae2-98388aef0ee6
Potatoes (Súper Chola),Ecuador,Quito,WHOLESALE,2020-07-01,0.26,Kg,ad5afb37-21b3-4348-8cd4-70045d6dfc02
Potatoes (Súper Chola),Ecuador,Riobamba,WHOLESALE,2020-07-01,0.28,Kg,56be10c9-4924-45cb-83a4-8845a1fcec59
Potatoes (Súper Chola),Ecuador,Ambato,WHOLESALE,2020-08-01,0.27,Kg,314586c5-54c5-4c36-8137-06c1efe4f8bd
Potatoes (Súper Chola),Ecuador,Cuenca,WHOLESALE,2020-08-01,0.44,Kg,14a28c05-5470-4dae-972d-a1571a1824ba
Potatoes (Súper Chola),Ecuador,Guayaquil,WHOLESALE,2020-08-01,0.32,Kg,4ad01c4d-5f43-4e08-9ae2-98388aef0ee6
Potatoes (Súper Chola),Ecuador,Quito,WHOLESALE,2020-08-01,0.25,Kg,ad5afb37-21b3-4348-8cd4-70045d6dfc02
Potatoes (Súper Chola),Ecuador,Riobamba,WHOLESALE,2020-08-01,0.24,Kg,56be10c9-4924-45cb-83a4-8845a1fcec59
Potatoes (Súper Chola),Ecuador,Ambato,WHOLESALE,2020-09-01,0.26,Kg,314586c5-54c5-4c36-8137-06c1efe4f8bd
Potatoes (Súper Chola),Ecuador,Cuenca,WHOLESALE,2020-09-01,0.39,Kg,14a28c05-5470-4dae-972d-a1571a1824ba
Potatoes (Súper Chola),Ecuador,Guayaquil,WHOLESALE,2020-09-01,0.27,Kg,4ad01c4d-5f43-4e08-9ae2-98388aef0ee6
Potatoes (Súper Chola),Ecuador,Quito,WHOLESALE,2020-09-01,0.23,Kg,ad5afb37-21b3-4348-8cd4-70045d6dfc02
Potatoes (Súper Chola),Ecuador,Riobamba,WHOLESALE,2020-09-01,0.23,Kg,56be10c9-4924-45cb-83a4-8845a1fcec59
Potatoes (Súper Chola),Ecuador,Ambato,WHOLESALE,2020-10-01,0.24,Kg,314586c5-54c5-4c36-8137-06c1efe4f8bd
Potatoes (Súper Chola),Ecuador,Cuenca,WHOLESALE,2020-10-01,0.34,Kg,14a28c05-5470-4dae-972d-a1571a1824ba
Potatoes (Súper Chola),Ecuador,Guayaquil,WHOLESALE,2020-10-01,0.25,Kg,4ad01c4d-5f43-4e08-9ae2-98388aef0ee6
Potatoes (Súper Chola),Ecuador,Quito,WHOLESALE,2020-10-01,0.21,Kg,ad5afb37-21b3-4348-8cd4-70045d6dfc02
Potatoes (Súper Chola),Ecuador,Riobamba,WHOLESALE,2020-10-01,0.21,Kg,56be10c9-4924-45cb-83a4-8845a1fcec59
Potatoes (Súper Chola),Ecuador,Ambato,WHOLESALE,2020-11-01,0.25,Kg,314586c5-54c5-4c36-8137-06c1efe4f8bd
Potatoes (Súper Chola),Ecuador,Cuenca,WHOLESALE,2020-11-01,0.36,Kg,14a28c05-5470-4dae-972d-a1571a1824ba
Potatoes (Súper Chola),Ecuador,Guayaquil,WHOLESALE,2020-11-01,0.27,Kg,4ad01c4d-5f43-4e08-9ae2-98388aef0ee6
Potatoes (Súper Chola),Ecuador,Quito,WHOLESALE,2020-11-01,0.22,Kg,ad5afb37-21b3-4348-8cd4-70045d6dfc02
Potatoes (Súper Chola),Ecuador,Riobamba,WHOLESALE,2020-11-01,0.21,Kg,56be10c9-4924-45cb-83a4-8845a1fcec59
Potatoes (Súper Chola),Ecuador,Ambato,WHOLESALE,2020-12-01,0.26,Kg,314586c5-54c5-4c36-8137-06c1efe4f8bd
Potatoes (Súper Chola),Ecuador,Cuenca,WHOLESALE,2020-12-01,0.38,Kg,14a28c05-5470-4dae-972d-a1571a1824ba
Potatoes (Súper Chola),Ecuador,Guayaquil,WHOLESALE,2020-12-01,0.27,Kg,4ad01c4d-5f43-4e08-9ae2-98388aef0ee6
Potatoes (Súper Chola),Ecuador,Quito,WHOLESALE,2020-12-01,0.22,Kg,ad5afb37-21b3-4348-8cd4-70045d6dfc02
Potatoes (Súper Chola),Ecuador,Riobamba,WHOLESALE,2020-12-01,0.22,Kg,56be10c9-4924-45cb-83a4-8845a1fcec59
Potatoes (Súper Chola),Ecuador,Ambato,WHOLESALE,2021-01-01,0.36,Kg,314586c5-54c5-4c36-8137-06c1efe4f8bd
Potatoes (Súper Chola),Ecuador,Cuenca,WHOLESALE,2021-01-01,0.41,Kg,14a28c05-5470-4dae-972d-a1571a1824ba
Potatoes (Súper Chola),Ecuador,Guayaquil,WHOLESALE,2021-01-01,0.37,Kg,4ad01c4d-5f43-4e08-9ae2-98388aef0ee6
Potatoes (Súper Chola),Ecuador,Quito,WHOLESALE,2021-01-01,0.33,Kg,ad5afb37-21b3-4348-8cd4-70045d6dfc02
Potatoes (Súper Chola),Ecuador,Riobamba,WHOLESALE,2021-01-01,0.32,Kg,56be10c9-4924-45cb-83a4-8845a1fcec59
Potatoes (Súper Chola),Ecuador,Ambato,WHOLESALE,2021-02-01,0.47,Kg,314586c5-54c5-4c36-8137-06c1efe4f8bd
Potatoes (Súper Chola),Ecuador,Cuenca,WHOLESALE,2021-02-01,0.53,Kg,14a28c05-5470-4dae-972d-a1571a1824ba
Potatoes (Súper Chola),Ecuador,Guayaquil,WHOLESALE,2021-02-01,0.48,Kg,4ad01c4d-5f43-4e08-9ae2-98388aef0ee6
Potatoes (Súper Chola),Ecuador,Quito,WHOLESALE,2021-02-01,0.45,Kg,ad5afb37-21b3-4348-8cd4-70045d6dfc02
Potatoes (Súper Chola),Ecuador,Riobamba,WHOLESALE,2021-02-01,0.42,Kg,56be10c9-4924-45cb-83a4-8845a1fcec59
Potatoes (Súper Chola),Ecuador,Ambato,WHOLESALE,2021-03-01,0.5,Kg,314586c5-54c5-4c36-8137-06c1efe4f8bd
Potatoes (Súper Chola),Ecuador,Cuenca,WHOLESALE,2021-03-01,0.59,Kg,14a28c05-5470-4dae-972d-a1571a1824ba
Potatoes (Súper Chola),Ecuador,Guayaquil,WHOLESALE,2021-03-01,0.52,Kg,4ad01c4d-5f43-4e08-9ae2-98388aef0ee6
Potatoes (Súper Chola),Ecuador,Quito,WHOLESALE,2021-03-01,0.46,Kg,ad5afb37-21b3-4348-8cd4-70045d6dfc02
Potatoes (Súper Chola),Ecuador,Riobamba,WHOLESALE,2021-03-01,0.41,Kg,56be10c9-4924-45cb-83a4-8845a1fcec59
Potatoes (Súper Chola),Ecuador,Ambato,WHOLESALE,2021-04-01,0.4,Kg,314586c5-54c5-4c36-8137-06c1efe4f8bd
Potatoes (Súper Chola),Ecuador,Cuenca,WHOLESALE,2021-04-01,0.53,Kg,14a28c05-5470-4dae-972d-a1571a1824ba
Potatoes (Súper Chola),Ecuador,Guayaquil,WHOLESALE,2021-04-01,0.44,Kg,4ad01c4d-5f43-4e08-9ae2-98388aef0ee6
Potatoes (Súper Chola),Ecuador,Quito,WHOLESALE,2021-04-01,0.35,Kg,ad5afb37-21b3-4348-8cd4-70045d6dfc02
Potatoes (Súper Chola),Ecuador,Riobamba,WHOLESALE,2021-04-01,0.37,Kg,56be10c9-4924-45cb-83a4-8845a1fcec59
Potatoes (Súper Chola),Ecuador,Ambato,WHOLESALE,2021-05-01,0.39,Kg,314586c5-54c5-4c36-8137-06c1efe4f8bd
Potatoes (Súper Chola),Ecuador,Cuenca,WHOLESALE,2021-05-01,0.56,Kg,14a28c05-5470-4dae-972d-a1571a1824ba
Potatoes (Súper Chola),Ecuador,Guayaquil,WHOLESALE,2021-05-01,0.43,Kg,4ad01c4d-5f43-4e08-9ae2-98388aef0ee6
Potatoes (Súper Chola),Ecuador,Quito,WHOLESALE,2021-05-01,0.36,Kg,ad5afb37-21b3-4348-8cd4-70045d6dfc02
Potatoes (Súper Chola),Ecuador,Riobamba,WHOLESALE,2021-05-01,0.36,Kg,56be10c9-4924-45cb-83a4-8845a1fcec59
Potatoes (Súper Chola),Ecuador,Ambato,WHOLESALE,2021-06-01,0.4,Kg,314586c5-54c5-4c36-8137-06c1efe4f8bd
Potatoes (Súper Chola),Ecuador,Cuenca,WHOLESALE,2021-06-01,0.57,Kg,14a28c05-5470-4dae-972d-a1571a1824ba
Potatoes (Súper Chola),Ecuador,Guayaquil,WHOLESALE,2021-06-01,0.46,Kg,4ad01c4d-5f43-4e08-9ae2-98388aef0ee6
Potatoes (Súper Chola),Ecuador,Quito,WHOLESALE,2021-06-01,0.39,Kg,ad5afb37-21b3-4348-8cd4-70045d6dfc02
Potatoes (Súper Chola),Ecuador,Riobamba,WHOLESALE,2021-06-01,0.36,Kg,56be10c9-4924-45cb-83a4-8845a1fcec59
Potatoes (Súper Chola),Ecuador,Ambato,WHOLESALE,2021-07-01,0.43,Kg,314586c5-54c5-4c36-8137-06c1efe4f8bd
Potatoes (Súper Chola),Ecuador,Cuenca,WHOLESALE,2021-07-01,0.6,Kg,14a28c05-5470-4dae-972d-a1571a1824ba
Potatoes (Súper Chola),Ecuador,Guayaquil,WHOLESALE,2021-07-01,0.48,Kg,4ad01c4d-5f43-4e08-9ae2-98388aef0ee6
Potatoes (Súper Chola),Ecuador,Quito,WHOLESALE,2021-07-01,0.44,Kg,ad5afb37-21b3-4348-8cd4-70045d6dfc02
Potatoes (Súper Chola),Ecuador,Riobamba,WHOLESALE,2021-07-01,0.36,Kg,56be10c9-4924-45cb-83a4-8845a1fcec59
Potatoes (Súper Chola),Ecuador,Ambato,WHOLESALE,2021-08-01,0.37,Kg,314586c5-54c5-4c36-8137-06c1efe4f8bd
Potatoes (Súper Chola),Ecuador,Cuenca,WHOLESALE,2021-08-01,0.57,Kg,14a28c05-5470-4dae-972d-a1571a1824ba
Potatoes (Súper Chola),Ecuador,Guayaquil,WHOLESALE,2021-08-01,0.44,Kg,4ad01c4d-5f43-4e08-9ae2-98388aef0ee6
Potatoes (Súper Chola),Ecuador,Quito,WHOLESALE,2021-08-01,0.38,Kg,ad5afb37-21b3-4348-8cd4-70045d6dfc02
Potatoes (Súper Chola),Ecuador,Riobamba,WHOLESALE,2021-08-01,0.35,Kg,56be10c9-4924-45cb-83a4-8845a1fcec59
Potatoes (Súper Chola),Ecuador,Ambato,WHOLESALE,2021-09-01,0.39,Kg,314586c5-54c5-4c36-8137-06c1efe4f8bd
Potatoes (Súper Chola),Ecuador,Cuenca,WHOLESALE,2021-09-01,0.53,Kg,14a28c05-5470-4dae-972d-a1571a1824ba
Potatoes (Súper Chola),Ecuador,Guayaquil,WHOLESALE,2021-09-01,0.42,Kg,4ad01c4d-5f43-4e08-9ae2-98388aef0ee6
Potatoes (Súper Chola),Ecuador,Quito,WHOLESALE,2021-09-01,0.38,Kg,ad5afb37-21b3-4348-8cd4-70045d6dfc02
Potatoes (Súper Chola),Ecuador,Riobamba,WHOLESALE,2021-09-01,0.35,Kg,56be10c9-4924-45cb-83a4-8845a1fcec59
Potatoes (Súper Chola),Ecuador,Ambato,WHOLESALE,2021-10-01,0.45,Kg,314586c5-54c5-4c36-8137-06c1efe4f8bd
Potatoes (Súper Chola),Ecuador,Cuenca,WHOLESALE,2021-10-01,0.6,Kg,14a28c05-5470-4dae-972d-a1571a1824ba
Potatoes (Súper Chola),Ecuador,Guayaquil,WHOLESALE,2021-10-01,0.48,Kg,4ad01c4d-5f43-4e08-9ae2-98388aef0ee6
Potatoes (Súper Chola),Ecuador,Quito,WHOLESALE,2021-10-01,0.41,Kg,ad5afb37-21b3-4348-8cd4-70045d6dfc02
Potatoes (Súper Chola),Ecuador,Riobamba,WHOLESALE,2021-10-01,0.42,Kg,56be10c9-4924-45cb-83a4-8845a1fcec59
Potatoes (Súper Chola),Ecuador,Ambato,WHOLESALE,2021-11-01,0.56,Kg,314586c5-54c5-4c36-8137-06c1efe4f8bd
Potatoes (Súper Chola),Ecuador,Cuenca,WHOLESALE,2021-11-01,0.69,Kg,14a28c05-5470-4dae-972d-a1571a1824ba
Potatoes (Súper Chola),Ecuador,Guayaquil,WHOLESALE,2021-11-01,0.58,Kg,4ad01c4d-5f43-4e08-9ae2-98388aef0ee6
Potatoes (Súper Chola),Ecuador,Quito,WHOLESALE,2021-11-01,0.53,Kg,ad5afb37-21b3-4348-8cd4-70045d6dfc02
Potatoes (Súper Chola),Ecuador,Riobamba,WHOLESALE,2021-11-01,0.51,Kg,56be10c9-4924-45cb-83a4-8845a1fcec59
Potatoes (Súper Chola),Ecuador,Ambato,WHOLESALE,2021-12-01,0.65,Kg,314586c5-54c5-4c36-8137-06c1efe4f8bd
Potatoes (Súper Chola),Ecuador,Cuenca,WHOLESALE,2021-12-01,0.74,Kg,14a28c05-5470-4dae-972d-a1571a1824ba
Potatoes (Súper Chola),Ecuador,Guayaquil,WHOLESALE,2021-12-01,0.66,Kg,4ad01c4d-5f43-4e08-9ae2-98388aef0ee6
Potatoes (Súper Chola),Ecuador,Quito,WHOLESALE,2021-12-01,0.58,Kg,ad5afb37-21b3-4348-8cd4-70045d6dfc02
Potatoes (Súper Chola),Ecuador,Riobamba,WHOLESALE,2021-12-01,0.56,Kg,56be10c9-4924-45cb-83a4-8845a1fcec59
Potatoes (Súper Chola),Ecuador,Ambato,WHOLESALE,2022-01-01,0.57,Kg,314586c5-54c5-4c36-8137-06c1efe4f8bd
Potatoes (Súper Chola),Ecuador,Cuenca,WHOLESALE,2022-01-01,0.71,Kg,14a28c05-5470-4dae-972d-a1571a1824ba
Potatoes (Súper Chola),Ecuador,Guayaquil,WHOLESALE,2022-01-01,0.57,Kg,4ad01c4d-5f43-4e08-9ae2-98388aef0ee6
Potatoes (Súper Chola),Ecuador,Quito,WHOLESALE,2022-01-01,0.52,Kg,ad5afb37-21b3-4348-8cd4-70045d6dfc02
Potatoes (Súper Chola),Ecuador,Riobamba,WHOLESALE,2022-01-01,0.51,Kg,56be10c9-4924-45cb-83a4-8845a1fcec59
Potatoes (Súper Chola),Ecuador,Ambato,WHOLESALE,2022-02-01,0.64,Kg,314586c5-54c5-4c36-8137-06c1efe4f8bd
Potatoes (Súper Chola),Ecuador,Cuenca,WHOLESALE,2022-02-01,0.74,Kg,14a28c05-5470-4dae-972d-a1571a1824ba
Potatoes (Súper Chola),Ecuador,Guayaquil,WHOLESALE,2022-02-01,0.61,Kg,4ad01c4d-5f43-4e08-9ae2-98388aef0ee6
Potatoes (Súper Chola),Ecuador,Quito,WHOLESALE,2022-02-01,0.58,Kg,ad5afb37-21b3-4348-8cd4-70045d6dfc02
Potatoes (Súper Chola),Ecuador,Riobamba,WHOLESALE,2022-02-01,0.57,Kg,56be10c9-4924-45cb-83a4-8845a1fcec59
Potatoes (Súper Chola),Ecuador,Ambato,WHOLESALE,2022-03-01,0.66,Kg,314586c5-54c5-4c36-8137-06c1efe4f8bd
Potatoes (Súper Chola),Ecuador,Cuenca,WHOLESALE,2022-03-01,0.8,Kg,14a28c05-5470-4dae-972d-a1571a1824ba
Potatoes (Súper Chola),Ecuador,Guayaquil,WHOLESALE,2022-03-01,0.65,Kg,4ad01c4d-5f43-4e08-9ae2-98388aef0ee6
Potatoes (Súper Chola),Ecuador,Quito,WHOLESALE,2022-03-01,0.61,Kg,ad5afb37-21b3-4348-8cd4-70045d6dfc02
Potatoes (Súper Chola),Ecuador,Riobamba,WHOLESALE,2022-03-01,0.61,Kg,56be10c9-4924-45cb-83a4-8845a1fcec59
Potatoes (Súper Chola),Ecuador,Ambato,WHOLESALE,2022-04-01,0.66,Kg,314586c5-54c5-4c36-8137-06c1efe4f8bd
Potatoes (Súper Chola),Ecuador,Cuenca,WHOLESALE,2022-04-01,0.81,Kg,14a28c05-5470-4dae-972d-a1571a1824ba
Potatoes (Súper Chola),Ecuador,Guayaquil,WHOLESALE,2022-04-01,0.68,Kg,4ad01c4d-5f43-4e08-9ae2-98388aef0ee6
Potatoes (Súper Chola),Ecuador,Quito,WHOLESALE,2022-04-01,0.61,Kg,ad5afb37-21b3-4348-8cd4-70045d6dfc02
Potatoes (Súper Chola),Ecuador,Riobamba,WHOLESALE,2022-04-01,0.61,Kg,56be10c9-4924-45cb-83a4-8845a1fcec59
Potatoes (Súper Chola),Ecuador,Ambato,WHOLESALE,2022-05-01,0.5,Kg,314586c5-54c5-4c36-8137-06c1efe4f8bd
Potatoes (Súper Chola),Ecuador,Cuenca,WHOLESALE,2022-05-01,0.81,Kg,14a28c05-5470-4dae-972d-a1571a1824ba
Potatoes (Súper Chola),Ecuador,Guayaquil,WHOLESALE,2022-05-01,0.56,Kg,4ad01c4d-5f43-4e08-9ae2-98388aef0ee6
Potatoes (Súper Chola),Ecuador,Quito,WHOLESALE,2022-05-01,0.49,Kg,ad5afb37-21b3-4348-8cd4-70045d6dfc02
Potatoes (Súper Chola),Ecuador,Riobamba,WHOLESALE,2022-05-01,0.45,Kg,56be10c9-4924-45cb-83a4-8845a1fcec59
Potatoes (Súper Chola),Ecuador,Ambato,WHOLESALE,2022-06-01,0.49,Kg,314586c5-54c5-4c36-8137-06c1efe4f8bd
Potatoes (Súper Chola),Ecuador,Cuenca,WHOLESALE,2022-06-01,0.99,Kg,14a28c05-5470-4dae-972d-a1571a1824ba
Potatoes (Súper Chola),Ecuador,Guayaquil,WHOLESALE,2022-06-01,0.61,Kg,4ad01c4d-5f43-4e08-9ae2-98388aef0ee6
Potatoes (Súper Chola),Ecuador,Quito,WHOLESALE,2022-06-01,0.55,Kg,ad5afb37-21b3-4348-8cd4-70045d6dfc02
Potatoes (Súper Chola),Ecuador,Riobamba,WHOLESALE,2022-06-01,0.43,Kg,56be10c9-4924-45cb-83a4-8845a1fcec59
Potatoes (Súper Chola),Ecuador,Ambato,WHOLESALE,2022-07-01,0.38,Kg,314586c5-54c5-4c36-8137-06c1efe4f8bd
Potatoes (Súper Chola),Ecuador,Cuenca,WHOLESALE,2022-07-01,0.71,Kg,14a28c05-5470-4dae-972d-a1571a1824ba
Potatoes (Súper Chola),Ecuador,Guayaquil,WHOLESALE,2022-07-01,0.48,Kg,4ad01c4d-5f43-4e08-9ae2-98388aef0ee6
Potatoes (Súper Chola),Ecuador,Quito,WHOLESALE,2022-07-01,0.34,Kg,ad5afb37-21b3-4348-8cd4-70045d6dfc02
Potatoes (Súper Chola),Ecuador,Riobamba,WHOLESALE,2022-07-01,0.32,Kg,56be10c9-4924-45cb-83a4-8845a1fcec59
Potatoes (Súper Chola),Ecuador,Ambato,WHOLESALE,2022-08-01,0.29,Kg,314586c5-54c5-4c36-8137-06c1efe4f8bd
Potatoes (Súper Chola),Ecuador,Cuenca,WHOLESALE,2022-08-01,0.6,Kg,14a28c05-5470-4dae-972d-a1571a1824ba
Potatoes (Súper Chola),Ecuador,Guayaquil,WHOLESALE,2022-08-01,0.35,Kg,4ad01c4d-5f43-4e08-9ae2-98388aef0ee6
Potatoes (Súper Chola),Ecuador,Quito,WHOLESALE,2022-08-01,0.27,Kg,ad5afb37-21b3-4348-8cd4-70045d6dfc02
Potatoes (Súper Chola),Ecuador,Riobamba,WHOLESALE,2022-08-01,0.28,Kg,56be10c9-4924-45cb-83a4-8845a1fcec59
Potatoes (Súper Chola),Ecuador,Ambato,WHOLESALE,2022-09-01,0.34,Kg,314586c5-54c5-4c36-8137-06c1efe4f8bd
Potatoes (Súper Chola),Ecuador,Cuenca,WHOLESALE,2022-09-01,0.7,Kg,14a28c05-5470-4dae-972d-a1571a1824ba
Potatoes (Súper Chola),Ecuador,Guayaquil,WHOLESALE,2022-09-01,0.37,Kg,4ad01c4d-5f43-4e08-9ae2-98388aef0ee6
Potatoes (Súper Chola),Ecuador,Quito,WHOLESALE,2022-09-01,0.33,Kg,ad5afb37-21b3-4348-8cd4-70045d6dfc02
Potatoes (Súper Chola),Ecuador,Riobamba,WHOLESALE,2022-09-01,0.31,Kg,56be10c9-4924-45cb-83a4-8845a1fcec59
Potatoes (Súper Chola),Ecuador,Ambato,WHOLESALE,2022-10-01,0.38,Kg,314586c5-54c5-4c36-8137-06c1efe4f8bd
Potatoes (Súper Chola),Ecuador,Cuenca,WHOLESALE,2022-10-01,0.62,Kg,14a28c05-5470-4dae-972d-a1571a1824ba
Potatoes (Súper Chola),Ecuador,Guayaquil,WHOLESALE,2022-10-01,0.42,Kg,4ad01c4d-5f43-4e08-9ae2-98388aef0ee6
Potatoes (Súper Chola),Ecuador,Quito,WHOLESALE,2022-10-01,0.38,Kg,ad5afb37-21b3-4348-8cd4-70045d6dfc02
Potatoes (Súper Chola),Ecuador,Riobamba,WHOLESALE,2022-10-01,0.36,Kg,56be10c9-4924-45cb-83a4-8845a1fcec59
Potatoes (Súper Chola),Ecuador,Ambato,WHOLESALE,2022-11-01,0.45,Kg,314586c5-54c5-4c36-8137-06c1efe4f8bd
Potatoes (Súper Chola),Ecuador,Cuenca,WHOLESALE,2022-11-01,0.68,Kg,14a28c05-5470-4dae-972d-a1571a1824ba
Potatoes (Súper Chola),Ecuador,Guayaquil,WHOLESALE,2022-11-01,0.46,Kg,4ad01c4d-5f43-4e08-9ae2-98388aef0ee6
Potatoes (Súper Chola),Ecuador,Quito,WHOLESALE,2022-11-01,0.38,Kg,ad5afb37-21b3-4348-8cd4-70045d6dfc02
Potatoes (Súper Chola),Ecuador,Riobamba,WHOLESALE,2022-11-01,0.38,Kg,56be10c9-4924-45cb-83a4-8845a1fcec59
Potatoes (Súper Chola),Ecuador,Ambato,WHOLESALE,2022-12-01,0.49,Kg,314586c5-54c5-4c36-8137-06c1efe4f8bd
Potatoes (Súper Chola),Ecuador,Cuenca,WHOLESALE,2022-12-01,0.68,Kg,14a28c05-5470-4dae-972d-a1571a1824ba
Potatoes (Súper Chola),Ecuador,Guayaquil,WHOLESALE,2022-12-01,0.51,Kg,4ad01c4d-5f43-4e08-9ae2-98388aef0ee6
Potatoes (Súper Chola),Ecuador,Quito,WHOLESALE,2022-12-01,0.46,Kg,ad5afb37-21b3-4348-8cd4-70045d6dfc02
Potatoes (Súper Chola),Ecuador,Riobamba,WHOLESALE,2022-12-01,0.44,Kg,56be10c9-4924-45cb-83a4-8845a1fcec59
Potatoes (Súper Chola),Ecuador,Ambato,WHOLESALE,2023-01-01,0.5,Kg,314586c5-54c5-4c36-8137-06c1efe4f8bd
Potatoes (Súper Chola),Ecuador,Cuenca,WHOLESALE,2023-01-01,0.67,Kg,14a28c05-5470-4dae-972d-a1571a1824ba
Potatoes (Súper Chola),Ecuador,Guayaquil,WHOLESALE,2023-01-01,0.51,Kg,4ad01c4d-5f43-4e08-9ae2-98388aef0ee6
Potatoes (Súper Chola),Ecuador,Quito,WHOLESALE,2023-01-01,0.46,Kg,ad5afb37-21b3-4348-8cd4-70045d6dfc02
Potatoes (Súper Chola),Ecuador,Riobamba,WHOLESALE,2023-01-01,0.44,Kg,56be10c9-4924-45cb-83a4-8845a1fcec59
Potatoes (Súper Chola),Ecuador,Ambato,WHOLESALE,2023-02-01,0.42,Kg,314586c5-54c5-4c36-8137-06c1efe4f8bd
Potatoes (Súper Chola),Ecuador,Cuenca,WHOLESALE,2023-02-01,0.7,Kg,14a28c05-5470-4dae-972d-a1571a1824ba
Potatoes (Súper Chola),Ecuador,Guayaquil,WHOLESALE,2023-02-01,0.47,Kg,4ad01c4d-5f43-4e08-9ae2-98388aef0ee6
Potatoes (Súper Chola),Ecuador,Quito,WHOLESALE,2023-02-01,0.36,Kg,ad5afb37-21b3-4348-8cd4-70045d6dfc02
Potatoes (Súper Chola),Ecuador,Riobamba,WHOLESALE,2023-02-01,0.37,Kg,56be10c9-4924-45cb-83a4-8845a1fcec59
Potatoes (Súper Chola),Ecuador,Ambato,WHOLESALE,2023-03-01,0.34,Kg,314586c5-54c5-4c36-8137-06c1efe4f8bd
Potatoes (Súper Chola),Ecuador,Cuenca,WHOLESALE,2023-03-01,0.65,Kg,14a28c05-5470-4dae-972d-a1571a1824ba
Potatoes (Súper Chola),Ecuador,Guayaquil,WHOLESALE,2023-03-01,0.42,Kg,4ad01c4d-5f43-4e08-9ae2-98388aef0ee6
Potatoes (Súper Chola),Ecuador,Quito,WHOLESALE,2023-03-01,0.27,Kg,ad5afb37-21b3-4348-8cd4-70045d6dfc02
Potatoes (Súper Chola),Ecuador,Riobamba,WHOLESALE,2023-03-01,0.32,Kg,56be10c9-4924-45cb-83a4-8845a1fcec59
Potatoes (Súper Chola),Ecuador,Ambato,WHOLESALE,2023-04-01,0.34,Kg,314586c5-54c5-4c36-8137-06c1efe4f8bd
Potatoes (Súper Chola),Ecuador,Cuenca,WHOLESALE,2023-04-01,0.62,Kg,14a28c05-5470-4dae-972d-a1571a1824ba
Potatoes (Súper Chola),Ecuador,Guayaquil,WHOLESALE,2023-04-01,0.32,Kg,4ad01c4d-5f43-4e08-9ae2-98388aef0ee6
Potatoes (Súper Chola),Ecuador,Quito,WHOLESALE,2023-04-01,0.24,Kg,ad5afb37-21b3-4348-8cd4-70045d6dfc02
Potatoes (Súper Chola),Ecuador,Riobamba,WHOLESALE,2023-04-01,0.26,Kg,56be10c9-4924-45cb-83a4-8845a1fcec59
Potatoes (Súper Chola),Ecuador,Ambato,WHOLESALE,2023-05-01,0.32,Kg,314586c5-54c5-4c36-8137-06c1efe4f8bd
Potatoes (Súper Chola),Ecuador,Cuenca,WHOLESALE,2023-05-01,0.55,Kg,14a28c05-5470-4dae-972d-a1571a1824ba
Potatoes (Súper Chola),Ecuador,Guayaquil,WHOLESALE,2023-05-01,0.31,Kg,4ad01c4d-5f43-4e08-9ae2-98388aef0ee6
Potatoes (Súper Chola),Ecuador,Quito,WHOLESALE,2023-05-01,0.27,Kg,ad5afb37-21b3-4348-8cd4-70045d6dfc02
Potatoes (Súper Chola),Ecuador,Riobamba,WHOLESALE,2023-05-01,0.23,Kg,56be10c9-4924-45cb-83a4-8845a1fcec59
Potatoes (Súper Chola),Ecuador,Ambato,WHOLESALE,2023-06-01,0.32,Kg,314586c5-54c5-4c36-8137-06c1efe4f8bd
Potatoes (Súper Chola),Ecuador,Cuenca,WHOLESALE,2023-06-01,0.56,Kg,14a28c05-5470-4dae-972d-a1571a1824ba
Potatoes (Súper Chola),Ecuador,Guayaquil,WHOLESALE,2023-06-01,0.35,Kg,4ad01c4d-5f43-4e08-9ae2-98388aef0ee6
Potatoes (Súper Chola),Ecuador,Quito,WHOLESALE,2023-06-01,0.27,Kg,ad5afb37-21b3-4348-8cd4-70045d6dfc02
Potatoes (Súper Chola),Ecuador,Riobamba,WHOLESALE,2023-06-01,0.24,Kg,56be10c9-4924-45cb-83a4-8845a1fcec59
Potatoes (Súper Chola),Ecuador,Ambato,WHOLESALE,2023-07-01,0.32,Kg,314586c5-54c5-4c36-8137-06c1efe4f8bd
Potatoes (Súper Chola),Ecuador,Cuenca,WHOLESALE,2023-07-01,0.56,Kg,14a28c05-5470-4dae-972d-a1571a1824ba
Potatoes (Súper Chola),Ecuador,Guayaquil,WHOLESALE,2023-07-01,0.4,Kg,4ad01c4d-5f43-4e08-9ae2-98388aef0ee6
Potatoes (Súper Chola),Ecuador,Quito,WHOLESALE,2023-07-01,0.32,Kg,ad5afb37-21b3-4348-8cd4-70045d6dfc02
Potatoes (Súper Chola),Ecuador,Riobamba,WHOLESALE,2023-07-01,0.3,Kg,56be10c9-4924-45cb-83a4-8845a1fcec59
Potatoes (Súper Chola),Ecuador,Ambato,WHOLESALE,2023-08-01,0.37,Kg,314586c5-54c5-4c36-8137-06c1efe4f8bd
Potatoes (Súper Chola),Ecuador,Cuenca,WHOLESALE,2023-08-01,0.68,Kg,14a28c05-5470-4dae-972d-a1571a1824ba
Potatoes (Súper Chola),Ecuador,Guayaquil,WHOLESALE,2023-08-01,0.44,Kg,4ad01c4d-5f43-4e08-9ae2-98388aef0ee6
Potatoes (Súper Chola),Ecuador,Quito,WHOLESALE,2023-08-01,0.38,Kg,ad5afb37-21b3-4348-8cd4-70045d6dfc02
Potatoes (Súper Chola),Ecuador,Riobamba,WHOLESALE,2023-08-01,0.34,Kg,56be10c9-4924-45cb-83a4-8845a1fcec59
Potatoes (Súper Chola),Ecuador,Ambato,WHOLESALE,2023-09-01,0.45,Kg,314586c5-54c5-4c36-8137-06c1efe4f8bd
Potatoes (Súper Chola),Ecuador,Cuenca,WHOLESALE,2023-09-01,0.71,Kg,14a28c05-5470-4dae-972d-a1571a1824ba
Potatoes (Súper Chola),Ecuador,Guayaquil,WHOLESALE,2023-09-01,0.48,Kg,4ad01c4d-5f43-4e08-9ae2-98388aef0ee6
Potatoes (Súper Chola),Ecuador,Quito,WHOLESALE,2023-09-01,0.44,Kg,ad5afb37-21b3-4348-8cd4-70045d6dfc02
Potatoes (Súper Chola),Ecuador,Riobamba,WHOLESALE,2023-09-01,0.42,Kg,56be10c9-4924-45cb-83a4-8845a1fcec59
Potatoes (Súper Chola),Ecuador,Ambato,WHOLESALE,2023-10-01,0.62,Kg,314586c5-54c5-4c36-8137-06c1efe4f8bd
Potatoes (Súper Chola),Ecuador,Cuenca,WHOLESALE,2023-10-01,0.77,Kg,14a28c05-5470-4dae-972d-a1571a1824ba
Potatoes (Súper Chola),Ecuador,Guayaquil,WHOLESALE,2023-10-01,0.72,Kg,4ad01c4d-5f43-4e08-9ae2-98388aef0ee6
Potatoes (Súper Chola),Ecuador,Quito,WHOLESALE,2023-10-01,0.59,Kg,ad5afb37-21b3-4348-8cd4-70045d6dfc02
Potatoes (Súper Chola),Ecuador,Riobamba,WHOLESALE,2023-10-01,0.6,Kg,56be10c9-4924-45cb-83a4-8845a1fcec59
Potatoes (Súper Chola),Ecuador,Ambato,WHOLESALE,2023-11-01,0.7,Kg,314586c5-54c5-4c36-8137-06c1efe4f8bd
Potatoes (Súper Chola),Ecuador,Cuenca,WHOLESALE,2023-11-01,0.79,Kg,14a28c05-5470-4dae-972d-a1571a1824ba
Potatoes (Súper Chola),Ecuador,Guayaquil,WHOLESALE,2023-11-01,0.75,Kg,4ad01c4d-5f43-4e08-9ae2-98388aef0ee6
Potatoes (Súper Chola),Ecuador,Quito,WHOLESALE,2023-11-01,0.68,Kg,ad5afb37-21b3-4348-8cd4-70045d6dfc02
Potatoes (Súper Chola),Ecuador,Riobamba,WHOLESALE,2023-11-01,0.65,Kg,56be10c9-4924-45cb-83a4-8845a1fcec59
Potatoes (Súper Chola),Ecuador,Ambato,WHOLESALE,2023-12-01,0.77,Kg,314586c5-54c5-4c36-8137-06c1efe4f8bd
Potatoes (Súper Chola),Ecuador,Cuenca,WHOLESALE,2023-12-01,0.88,Kg,14a28c05-5470-4dae-972d-a1571a1824ba
Potatoes (Súper Chola),Ecuador,Guayaquil,WHOLESALE,2023-12-01,0.79,Kg,4ad01c4d-5f43-4e08-9ae2-98388aef0ee6
Potatoes (Súper Chola),Ecuador,Quito,WHOLESALE,2023-12-01,0.7,Kg,ad5afb37-21b3-4348-8cd4-70045d6dfc02
Potatoes (Súper Chola),Ecuador,Riobamba,WHOLESALE,2023-12-01,0.7,Kg,56be10c9-4924-45cb-83a4-8845a1fcec59
Potatoes (Súper Chola),Ecuador,Ambato,WHOLESALE,2024-01-01,0.7,Kg,314586c5-54c5-4c36-8137-06c1efe4f8bd
Potatoes (Súper Chola),Ecuador,Cuenca,WHOLESALE,2024-01-01,0.92,Kg,14a28c05-5470-4dae-972d-a1571a1824ba
Potatoes (Súper Chola),Ecuador,Guayaquil,WHOLESALE,2024-01-01,0.74,Kg,4ad01c4d-5f43-4e08-9ae2-98388aef0ee6
Potatoes (Súper Chola),Ecuador,Quito,WHOLESALE,2024-01-01,0.62,Kg,ad5afb37-21b3-4348-8cd4-70045d6dfc02
Potatoes (Súper Chola),Ecuador,Riobamba,WHOLESALE,2024-01-01,0.58,Kg,56be10c9-4924-45cb-83a4-8845a1fcec59
Potatoes (Súper Chola),Ecuador,Ambato,WHOLESALE,2024-02-01,0.58,Kg,314586c5-54c5-4c36-8137-06c1efe4f8bd
Potatoes (Súper Chola),Ecuador,Cuenca,WHOLESALE,2024-02-01,0.85,Kg,14a28c05-5470-4dae-972d-a1571a1824ba
Potatoes (Súper Chola),Ecuador,Guayaquil,WHOLESALE,2024-02-01,0.62,Kg,4ad01c4d-5f43-4e08-9ae2-98388aef0ee6
Potatoes (Súper Chola),Ecuador,Quito,WHOLESALE,2024-02-01,0.49,Kg,ad5afb37-21b3-4348-8cd4-70045d6dfc02
Potatoes (Súper Chola),Ecuador,Riobamba,WHOLESALE,2024-02-01,0.48,Kg,56be10c9-4924-45cb-83a4-8845a1fcec59
Potatoes (Súper Chola),Ecuador,Ambato,WHOLESALE,2024-03-01,0.54,Kg,314586c5-54c5-4c36-8137-06c1efe4f8bd
Potatoes (Súper Chola),Ecuador,Cuenca,WHOLESALE,2024-03-01,0.62,Kg,14a28c05-5470-4dae-972d-a1571a1824ba
Potatoes (Súper Chola),Ecuador,Guayaquil,WHOLESALE,2024-03-01,0.55,Kg,4ad01c4d-5f43-4e08-9ae2-98388aef0ee6
Potatoes (Súper Chola),Ecuador,Quito,WHOLESALE,2024-03-01,0.46,Kg,ad5afb37-21b3-4348-8cd4-70045d6dfc02
Potatoes (Súper Chola),Ecuador,Riobamba,WHOLESALE,2024-03-01,0.42,Kg,56be10c9-4924-45cb-83a4-8845a1fcec59
Potatoes (Súper Chola),Ecuador,Ambato,WHOLESALE,2024-04-01,0.54,Kg,314586c5-54c5-4c36-8137-06c1efe4f8bd
Potatoes (Súper Chola),Ecuador,Cuenca,WHOLESALE,2024-04-01,0.58,Kg,14a28c05-5470-4dae-972d-a1571a1824ba
Potatoes (Súper Chola),Ecuador,Guayaquil,WHOLESALE,2024-04-01,0.56,Kg,4ad01c4d-5f43-4e08-9ae2-98388aef0ee6
Potatoes (Súper Chola),Ecuador,Quito,WHOLESALE,2024-04-01,0.48,Kg,ad5afb37-21b3-4348-8cd4-70045d6dfc02
Potatoes (Súper Chola),Ecuador,Riobamba,WHOLESALE,2024-04-01,0.47,Kg,56be10c9-4924-45cb-83a4-8845a1fcec59
Potatoes (Súper Chola),Ecuador,Ambato,WHOLESALE,2024-05-01,0.58,Kg,314586c5-54c5-4c36-8137-06c1efe4f8bd
Potatoes (Súper Chola),Ecuador,Cuenca,WHOLESALE,2024-05-01,0.51,Kg,14a28c05-5470-4dae-972d-a1571a1824ba
Potatoes (Súper Chola),Ecuador,Guayaquil,WHOLESALE,2024-05-01,0.61,Kg,4ad01c4d-5f43-4e08-9ae2-98388aef0ee6
Potatoes (Súper Chola),Ecuador,Quito,WHOLESALE,2024-05-01,0.54,Kg,ad5afb37-21b3-4348-8cd4-70045d6dfc02
Potatoes (Súper Chola),Ecuador,Riobamba,WHOLESALE,2024-05-01,0.51,Kg,56be10c9-4924-45cb-83a4-8845a1fcec59
Potatoes (Súper Chola),Ecuador,Ambato,WHOLESALE,2024-06-01,0.6,Kg,314586c5-54c5-4c36-8137-06c1efe4f8bd
Potatoes (Súper Chola),Ecuador,Cuenca,WHOLESALE,2024-06-01,0.66,Kg,14a28c05-5470-4dae-972d-a1571a1824ba
Potatoes (Súper Chola),Ecuador,Guayaquil,WHOLESALE,2024-06-01,0.58,Kg,4ad01c4d-5f43-4e08-9ae2-98388aef0ee6
Potatoes (Súper Chola),Ecuador,Quito,WHOLESALE,2024-06-01,0.57,Kg,ad5afb37-21b3-4348-8cd4-70045d6dfc02
Potatoes (Súper Chola),Ecuador,Riobamba,WHOLESALE,2024-06-01,0.55,Kg,56be10c9-4924-45cb-83a4-8845a1fcec59
Potatoes (Súper Chola),Ecuador,Ambato,WHOLESALE,2024-07-01,0.68,Kg,314586c5-54c5-4c36-8137-06c1efe4f8bd
Potatoes (Súper Chola),Ecuador,Cuenca,WHOLESALE,2024-07-01,0.8,Kg,14a28c05-5470-4dae-972d-a1571a1824ba
Potatoes (Súper Chola),Ecuador,Guayaquil,WHOLESALE,2024-07-01,0.79,Kg,4ad01c4d-5f43-4e08-9ae2-98388aef0ee6
Potatoes (Súper Chola),Ecuador,Quito,WHOLESALE,2024-07-01,0.68,Kg,ad5afb37-21b3-4348-8cd4-70045d6dfc02
Potatoes (Súper Chola),Ecuador,Riobamba,WHOLESALE,2024-07-01,0.72,Kg,56be10c9-4924-45cb-83a4-8845a1fcec59
Potatoes (Súper Chola),Ecuador,Ambato,WHOLESALE,2024-08-01,0.72,Kg,314586c5-54c5-4c36-8137-06c1efe4f8bd
Potatoes (Súper Chola),Ecuador,Cuenca,WHOLESALE,2024-08-01,0.72,Kg,14a28c05-5470-4dae-972d-a1571a1824ba
Potatoes (Súper Chola),Ecuador,Guayaquil,WHOLESALE,2024-08-01,0.74,Kg,4ad01c4d-5f43-4e08-9ae2-98388aef0ee6
Potatoes (Súper Chola),Ecuador,Quito,WHOLESALE,2024-08-01,0.66,Kg,ad5afb37-21b3-4348-8cd4-70045d6dfc02
Potatoes (Súper Chola),Ecuador,Riobamba,WHOLESALE,2024-08-01,0.67,Kg,56be10c9-4924-45cb-83a4-8845a1fcec59
Potatoes (Súper Chola),Ecuador,Ambato,WHOLESALE,2024-09-01,0.75,Kg,314586c5-54c5-4c36-8137-06c1efe4f8bd
Potatoes (Súper Chola),Ecuador,Cuenca,WHOLESALE,2024-09-01,0.75,Kg,14a28c05-5470-4dae-972d-a1571a1824ba
Potatoes (Súper Chola),Ecuador,Guayaquil,WHOLESALE,2024-09-01,0.77,Kg,4ad01c4d-5f43-4e08-9ae2-98388aef0ee6
Potatoes (Súper Chola),Ecuador,Quito,WHOLESALE,2024-09-01,0.66,Kg,ad5afb37-21b3-4348-8cd4-70045d6dfc02
Potatoes (Súper Chola),Ecuador,Riobamba,WHOLESALE,2024-09-01,0.68,Kg,56be10c9-4924-45cb-83a4-8845a1fcec59
Potatoes (Súper Chola),Ecuador,Ambato,WHOLESALE,2024-10-01,0.69,Kg,314586c5-54c5-4c36-8137-06c1efe4f8bd
Potatoes (Súper Chola),Ecuador,Cuenca,WHOLESALE,2024-10-01,0.78,Kg,14a28c05-5470-4dae-972d-a1571a1824ba
Potatoes (Súper Chola),Ecuador,Guayaquil,WHOLESALE,2024-10-01,0.73,Kg,4ad01c4d-5f43-4e08-9ae2-98388aef0ee6
Potatoes (Súper Chola),Ecuador,Quito,WHOLESALE,2024-10-01,0.67,Kg,ad5afb37-21b3-4348-8cd4-70045d6dfc02
Potatoes (Súper Chola),Ecuador,Riobamba,WHOLESALE,2024-10-01,0.66,Kg,56be10c9-4924-45cb-83a4-8845a1fcec59
Potatoes (Súper Chola),Ecuador,Ambato,WHOLESALE,2024-11-01,0.7,Kg,314586c5-54c5-4c36-8137-06c1efe4f8bd
Potatoes (Súper Chola),Ecuador,Cuenca,WHOLESALE,2024-11-01,0.77,Kg,14a28c05-5470-4dae-972d-a1571a1824ba
Potatoes (Súper Chola),Ecuador,Guayaquil,WHOLESALE,2024-11-01,0.78,Kg,4ad01c4d-5f43-4e08-9ae2-98388aef0ee6
Potatoes (Súper Chola),Ecuador,Quito,WHOLESALE,2024-11-01,0.65,Kg,ad5afb37-21b3-4348-8cd4-70045d6dfc02
Potatoes (Súper Chola),Ecuador,Riobamba,WHOLESALE,2024-11-01,0.66,Kg,56be10c9-4924-45cb-83a4-8845a1fcec59
Potatoes (Súper Chola),Ecuador,Ambato,WHOLESALE,2024-12-01,0.75,Kg,314586c5-54c5-4c36-8137-06c1efe4f8bd
Potatoes (Súper Chola),Ecuador,Cuenca,WHOLESALE,2024-12-01,0.77,Kg,14a28c05-5470-4dae-972d-a1571a1824ba
Potatoes (Súper Chola),Ecuador,Guayaquil,WHOLESALE,2024-12-01,0.79,Kg,4ad01c4d-5f43-4e08-9ae2-98388aef0ee6
Potatoes (Súper Chola),Ecuador,Quito,WHOLESALE,2024-12-01,0.67,Kg,ad5afb37-21b3-4348-8cd4-70045d6dfc02
Potatoes (Súper Chola),Ecuador,Riobamba,WHOLESALE,2024-12-01,0.67,Kg,56be10c9-4924-45cb-83a4-8845a1fcec59
Potatoes (Súper Chola),Ecuador,Ambato,WHOLESALE,2025-01-01,0.6,Kg,314586c5-54c5-4c36-8137-06c1efe4f8bd
Potatoes (Súper Chola),Ecuador,Cuenca,WHOLESALE,2025-01-01,0.66,Kg,14a28c05-5470-4dae-972d-a1571a1824ba
Potatoes (Súper Chola),Ecuador,Guayaquil,WHOLESALE,2025-01-01,0.57,Kg,4ad01c4d-5f43-4e08-9ae2-98388aef0ee6
Potatoes (Súper Chola),Ecuador,Quito,WHOLESALE,2025-01-01,0.48,Kg,ad5afb37-21b3-4348-8cd4-70045d6dfc02
Potatoes (Súper Chola),Ecuador,Riobamba,WHOLESALE,2025-01-01,0.52,Kg,56be10c9-4924-45cb-83a4-8845a1fcec59
Potatoes (Súper Chola),Ecuador,Ambato,WHOLESALE,2025-02-01,0.44,Kg,314586c5-54c5-4c36-8137-06c1efe4f8bd
Potatoes (Súper Chola),Ecuador,Cuenca,WHOLESALE,2025-02-01,0.43,Kg,14a28c05-5470-4dae-972d-a1571a1824ba
Potatoes (Súper Chola),Ecuador,Guayaquil,WHOLESALE,2025-02-01,0.44,Kg,4ad01c4d-5f43-4e08-9ae2-98388aef0ee6
Potatoes (Súper Chola),Ecuador,Quito,WHOLESALE,2025-02-01,0.36,Kg,ad5afb37-21b3-4348-8cd4-70045d6dfc02
Potatoes (Súper Chola),Ecuador,Riobamba,WHOLESALE,2025-02-01,0.34,Kg,56be10c9-4924-45cb-83a4-8845a1fcec59
Potatoes (Súper Chola),Ecuador,Ambato,WHOLESALE,2025-03-01,0.4,Kg,314586c5-54c5-4c36-8137-06c1efe4f8bd
Potatoes (Súper Chola),Ecuador,Cuenca,WHOLESALE,2025-03-01,0.37,Kg,14a28c05-5470-4dae-972d-a1571a1824ba
Potatoes (Súper Chola),Ecuador,Guayaquil,WHOLESALE,2025-03-01,0.4,Kg,4ad01c4d-5f43-4e08-9ae2-98388aef0ee6
Potatoes (Súper Chola),Ecuador,Quito,WHOLESALE,2025-03-01,0.28,Kg,ad5afb37-21b3-4348-8cd4-70045d6dfc02
Potatoes (Súper Chola),Ecuador,Riobamba,WHOLESALE,2025-03-01,0.31,Kg,56be10c9-4924-45cb-83a4-8845a1fcec59
Potatoes (Súper Chola),Ecuador,Ambato,WHOLESALE,2025-04-01,0.29,Kg,314586c5-54c5-4c36-8137-06c1efe4f8bd
Potatoes (Súper Chola),Ecuador,Cuenca,WHOLESALE,2025-04-01,0.33,Kg,14a28c05-5470-4dae-972d-a1571a1824ba
Potatoes (Súper Chola),Ecuador,Guayaquil,WHOLESALE,2025-04-01,0.35,Kg,4ad01c4d-5f43-4e08-9ae2-98388aef0ee6
Potatoes (Súper Chola),Ecuador,Quito,WHOLESALE,2025-04-01,0.24,Kg,ad5afb37-21b3-4348-8cd4-70045d6dfc02
Potatoes (Súper Chola),Ecuador,Riobamba,WHOLESALE,2025-04-01,0.26,Kg,56be10c9-4924-45cb-83a4-8845a1fcec59
Potatoes (Súper Chola),Ecuador,Ambato,WHOLESALE,2025-05-01,0.24,Kg,314586c5-54c5-4c36-8137-06c1efe4f8bd
Potatoes (Súper Chola),Ecuador,Cuenca,WHOLESALE,2025-05-01,0.33,Kg,14a28c05-5470-4dae-972d-a1571a1824ba
Potatoes (Súper Chola),Ecuador,Guayaquil,WHOLESALE,2025-05-01,0.31,Kg,4ad01c4d-5f43-4e08-9ae2-98388aef0ee6
Potatoes (Súper Chola),Ecuador,Quito,WHOLESALE,2025-05-01,0.22,Kg,ad5afb37-21b3-4348-8cd4-70045d6dfc02
Potatoes (Súper Chola),Ecuador,Riobamba,WHOLESALE,2025-05-01,0.26,Kg,56be10c9-4924-45cb-83a4-8845a1fcec59
Potatoes (Súper Chola),Ecuador,Ambato,WHOLESALE,2025-06-01,0.27,Kg,314586c5-54c5-4c36-8137-06c1efe4f8bd
Potatoes (Súper Chola),Ecuador,Cuenca,WHOLESALE,2025-06-01,0.34,Kg,14a28c05-5470-4dae-972d-a1571a1824ba
Potatoes (Súper Chola),Ecuador,Guayaquil,WHOLESALE,2025-06-01,0.35,Kg,4ad01c4d-5f43-4e08-9ae2-98388aef0ee6
Potatoes (Súper Chola),Ecuador,Quito,WHOLESALE,2025-06-01,0.27,Kg,ad5afb37-21b3-4348-8cd4-70045d6dfc02
Potatoes (Súper Chola),Ecuador,Riobamba,WHOLESALE,2025-06-01,0.26,Kg,56be10c9-4924-45cb-83a4-8845a1fcec59
Potatoes (Súper Chola),Ecuador,Ambato,WHOLESALE,2025-07-01,0.35,Kg,314586c5-54c5-4c36-8137-06c1efe4f8bd
Potatoes (Súper Chola),Ecuador,Cuenca,WHOLESALE,2025-07-01,0.49,Kg,14a28c05-5470-4dae-972d-a1571a1824ba
Potatoes (Súper Chola),Ecuador,Guayaquil,WHOLESALE,2025-07-01,0.53,Kg,4ad01c4d-5f43-4e08-9ae2-98388aef0ee6
Potatoes (Súper Chola),Ecuador,Quito,WHOLESALE,2025-07-01,0.38,Kg,ad5afb37-21b3-4348-8cd4-70045d6dfc02
Potatoes (Súper Chola),Ecuador,Riobamba,WHOLESALE,2025-07-01,0.32,Kg,56be10c9-4924-45cb-83a4-8845a1fcec59
Potatoes (Súper Chola),Ecuador,Ambato,WHOLESALE,2025-08-01,0.41,Kg,314586c5-54c5-4c36-8137-06c1efe4f8bd
Potatoes (Súper Chola),Ecuador,Cuenca,WHOLESALE,2025-08-01,0.5,Kg,14a28c05-5470-4dae-972d-a1571a1824ba
Potatoes (Súper Chola),Ecuador,Guayaquil,WHOLESALE,2025-08-01,0.5,Kg,4ad01c4d-5f43-4e08-9ae2-98388aef0ee6
Potatoes (Súper Chola),Ecuador,Quito,WHOLESALE,2025-08-01,0.42,Kg,ad5afb37-21b3-4348-8cd4-70045d6dfc02
Potatoes (Súper Chola),Ecuador,Riobamba,WHOLESALE,2025-08-01,0.35,Kg,56be10c9-4924-45cb-83a4-8845a1fcec59
Potatoes (Súper Chola),Ecuador,Ambato,WHOLESALE,2025-09-01,0.57,Kg,314586c5-54c5-4c36-8137-06c1efe4f8bd
Potatoes (Súper Chola),Ecuador,Cuenca,WHOLESALE,2025-09-01,0.87,Kg,14a28c05-5470-4dae-972d-a1571a1824ba
Potatoes (Súper Chola),Ecuador,Guayaquil,WHOLESALE,2025-09-01,0.71,Kg,4ad01c4d-5f43-4e08-9ae2-98388aef0ee6
Potatoes (Súper Chola),Ecuador,Quito,WHOLESALE,2025-09-01,0.63,Kg,ad5afb37-21b3-4348-8cd4-70045d6dfc02
Potatoes (Súper Chola),Ecuador,Riobamba,WHOLESALE,2025-09-01,0.47,Kg,56be10c9-4924-45cb-83a4-8845a1fcec59
Potatoes (Súper Chola),Ecuador,Ambato,WHOLESALE,2025-10-01,0.61,Kg,314586c5-54c5-4c36-8137-06c1efe4f8bd
Potatoes (Súper Chola),Ecuador,Cuenca,WHOLESALE,2025-10-01,0.84,Kg,14a28c05-5470-4dae-972d-a1571a1824ba
Potatoes (Súper Chola),Ecuador,Guayaquil,WHOLESALE,2025-10-01,0.64,Kg,4ad01c4d-5f43-4e08-9ae2-98388aef0ee6
Potatoes (Súper Chola),Ecuador,Quito,WHOLESALE,2025-10-01,0.57,Kg,ad5afb37-21b3-4348-8cd4-70045d6dfc02
Potatoes (Súper Chola),Ecuador,Riobamba,WHOLESALE,2025-10-01,0.49,Kg,56be10c9-4924-45cb-83a4-8845a1fcec59
