commodity_name,country,market,price_type,date,price_usd,unit,uuid
Potatoes (Imilla),Bolivia (Plurinational State of),Cochabamba,WHOLESALE,2008-01-01,13.35,Spanish quintal (46 kg),31c72748-007d-4502-a390-c4275436b512
Potatoes (Imilla),Bolivia (Plurinational State of),La Paz,WHOLESALE,2008-01-01,13.41,Spanish quintal (46 kg),7066fed1-f4d6-46f4-babe-ca2cb3a44ede
Potatoes (Imilla),Bolivia (Plurinational State of),Cochabamba,WHOLESALE,2008-02-01,13.09,Spanish quintal (46 kg),31c72748-007d-4502-a390-c4275436b512
Potatoes (Imilla),Bolivia (Plurinational State of),La Paz,WHOLESALE,2008-02-01,13.4,Spanish quintal (46 kg),7066fed1-f4d6-46f4-babe-ca2cb3a44ede
Potatoes (Imilla),Bolivia (Plurinational State of),Cochabamba,WHOLESALE,2008-03-01,13.37,Spanish quintal (46 kg),31c72748-007d-4502-a390-c4275436b512
Potatoes (Imilla),Bolivia (Plurinational State of),La Paz,WHOLESALE,2008-03-01,13.31,Spanish quintal (46 kg),7066fed1-f4d6-46f4-babe-ca2cb3a44ede
Potatoes (Imilla),Bolivia (Plurinational State of),Cochabamba,WHOLESALE,2008-04-01,14.17,Spanish quintal (46 kg),31c72748-007d-4502-a390-c4275436b512
Potatoes (Imilla),Bolivia (Plurinational State of),La Paz,WHOLESALE,2008-04-01,14.27,Spanish quintal (46 kg),7066fed1-f4d6-46f4-babe-ca2cb3a44ede
Potatoes (Imilla),Bolivia (Plurinational State of),Cochabamba,WHOLESALE,2008-05-01,18.44,Spanish quintal (46 kg),31c72748-007d-4502-a390-c4275436b512
Potatoes (Imilla),Bolivia (Plurinational State of),La Paz,WHOLESALE,2008-05-01,18.05,Spanish quintal (46 kg),7066fed1-f4d6-46f4-babe-ca2cb3a44ede
Potatoes (Imilla),Bolivia (Plurinational State of),Santa Cruz,WHOLESALE,2008-05-01,17.85,Spanish quintal (46 kg),60422170-b51e-4c4c-958d-80f1105c5063
Potatoes (Imilla),Bolivia (Plurinational State of),Cochabamba,WHOLESALE,2008-06-01,20.76,Spanish quintal (46 kg),31c72748-007d-4502-a390-c4275436b512
Potatoes (Imilla),Bolivia (Plurinational State of),La Paz,WHOLESALE,2008-06-01,17.64,Spanish quintal (46 kg),7066fed1-f4d6-46f4-babe-ca2cb3a44ede
Potatoes (Imilla),Bolivia (Plurinational State of),Santa Cruz,WHOLESALE,2008-06-01,20.1,Spanish quintal (46 kg),60422170-b51e-4c4c-958d-80f1105c5063
Potatoes (Imilla),Bolivia (Plurinational State of),Cochabamba,WHOLESALE,2008-07-01,20.41,Spanish quintal (46 kg),31c72748-007d-4502-a390-c4275436b512
Potatoes (Imilla),Bolivia (Plurinational State of),La Paz,WHOLESALE,2008-07-01,18.47,Spanish quintal (46 kg),7066fed1-f4d6-46f4-babe-ca2cb3a44ede
Potatoes (Imilla),Bolivia (Plurinational State of),Oruro,WHOLESALE,2008-07-01,19.79,Spanish quintal (46 kg),63228be8-f4d2-42d8-8be0-44156fa46a1c
Potatoes (Imilla),Bolivia (Plurinational State of),Santa Cruz,WHOLESALE,2008-07-01,19.59,Spanish quintal (46 kg),60422170-b51e-4c4c-958d-80f1105c5063
Potatoes (Imilla),Bolivia (Plurinational State of),Cochabamba,WHOLESALE,2008-08-01,19.83,Spanish quintal (46 kg),31c72748-007d-4502-a390-c4275436b512
Potatoes (Imilla),Bolivia (Plurinational State of),La Paz,WHOLESALE,2008-08-01,18.0,Spanish quintal (46 kg),7066fed1-f4d6-46f4-babe-ca2cb3a44ede
Potatoes (Imilla),Bolivia (Plurinational State of),Oruro,WHOLESALE,2008-08-01,19.93,Spanish quintal (46 kg),63228be8-f4d2-42d8-8be0-44156fa46a1c
Potatoes (Imilla),Bolivia (Plurinational State of),Santa Cruz,WHOLESALE,2008-08-01,16.15,Spanish quintal (46 kg),60422170-b51e-4c4c-958d-80f1105c5063
Potatoes (Imilla),Bolivia (Plurinational State of),Cochabamba,WHOLESALE,2008-09-01,19.87,Spanish quintal (46 kg),31c72748-007d-4502-a390-c4275436b512
Potatoes (Imilla),Bolivia (Plurinational State of),La Paz,WHOLESALE,2008-09-01,18.46,Spanish quintal (46 kg),7066fed1-f4d6-46f4-babe-ca2cb3a44ede
Potatoes (Imilla),Bolivia (Plurinational State of),Oruro,WHOLESALE,2008-09-01,19.55,Spanish quintal (46 kg),63228be8-f4d2-42d8-8be0-44156fa46a1c
Potatoes (Imilla),Bolivia (Plurinational State of),Santa Cruz,WHOLESALE,2008-09-01,16.87,Spanish quintal (46 kg),60422170-b51e-4c4c-958d-80f1105c5063
Potatoes (Imilla),Bolivia (Plurinational State of),Cochabamba,WHOLESALE,2008-10-01,22.23,Spanish quintal (46 kg),31c72748-007d-4502-a390-c4275436b512
Potatoes (Imilla),Bolivia (Plurinational State of),La Paz,WHOLESALE,2008-10-01,21.49,Spanish quintal (46 kg),7066fed1-f4d6-46f4-babe-ca2cb3a44ede
Potatoes (Imilla),Bolivia (Plurinational State of),Oruro,WHOLESALE,2008-10-01,22.22,Spanish quintal (46 kg),63228be8-f4d2-42d8-8be0-44156fa46a1c
Potatoes (Imilla),Bolivia (Plurinational State of),Santa Cruz,WHOLESALE,2008-10-01,19.24,Spanish quintal (46 kg),60422170-b51e-4c4c-958d-80f1105c5063
Potatoes (Imilla),Bolivia (Plurinational State of),Cochabamba,WHOLESALE,2008-11-01,23.8,Spanish quintal (46 kg),31c72748-007d-4502-a390-c4275436b512
Potatoes (Imilla),Bolivia (Plurinational State of),La Paz,WHOLESALE,2008-11-01,22.2,Spanish quintal (46 kg),7066fed1-f4d6-46f4-babe-ca2cb3a44ede
Potatoes (Imilla),Bolivia (Plurinational State of),Oruro,WHOLESALE,2008-11-01,21.8,Spanish quintal (46 kg),63228be8-f4d2-42d8-8be0-44156fa46a1c
Potatoes (Imilla),Bolivia (Plurinational State of),Santa Cruz,WHOLESALE,2008-11-01,20.27,Spanish quintal (46 kg),60422170-b51e-4c4c-958d-80f1105c5063
Potatoes (Imilla),Bolivia (Plurinational State of),Cochabamba,WHOLESALE,2008-12-01,22.79,Spanish quintal (46 kg),31c72748-007d-4502-a390-c4275436b512
Potatoes (Imilla),Bolivia (Plurinational State of),La Paz,WHOLESALE,2008-12-01,23.06,Spanish quintal (46 kg),7066fed1-f4d6-46f4-babe-ca2cb3a44ede
Potatoes (Imilla),Bolivia (Plurinational State of),Oruro,WHOLESALE,2008-12-01,22.79,Spanish quintal (46 kg),63228be8-f4d2-42d8-8be0-44156fa46a1c
Potatoes (Imilla),Bolivia (Plurinational State of),Santa Cruz,WHOLESALE,2008-12-01,19.83,Spanish quintal (46 kg),60422170-b51e-4c4c-958d-80f1105c5063
Potatoes (Imilla),Bolivia (Plurinational State of),Cochabamba,WHOLESALE,2009-01-01,19.53,Spanish quintal (46 kg),31c72748-007d-4502-a390-c4275436b512
Potatoes (Imilla),Bolivia (Plurinational State of),La Paz,WHOLESALE,2009-01-01,18.87,Spanish quintal (46 kg),7066fed1-f4d6-46f4-babe-ca2cb3a44ede
Potatoes (Imilla),Bolivia (Plurinational State of),Oruro,WHOLESALE,2009-01-01,21.23,Spanish quintal (46 kg),63228be8-f4d2-42d8-8be0-44156fa46a1c
Potatoes (Imilla),Bolivia (Plurinational State of),Santa Cruz,WHOLESALE,2009-01-01,15.79,Spanish quintal (46 kg),60422170-b51e-4c4c-958d-80f1105c5063
Potatoes (Imilla),Bolivia (Plurinational State of),Cochabamba,WHOLESALE,2009-02-01,15.51,Spanish quintal (46 kg),31c72748-007d-4502-a390-c4275436b512
Potatoes (Imilla),Bolivia (Plurinational State of),La Paz,WHOLESALE,2009-02-01,16.8,Spanish quintal (46 kg),7066fed1-f4d6-46f4-babe-ca2cb3a44ede
Potatoes (Imilla),Bolivia (Plurinational State of),Oruro,WHOLESALE,2009-02-01,17.73,Spanish quintal (46 kg),63228be8-f4d2-42d8-8be0-44156fa46a1c
Potatoes (Imilla),Bolivia (Plurinational State of),Santa Cruz,WHOLESALE,2009-02-01,15.31,Spanish quintal (46 kg),60422170-b51e-4c4c-958d-80f1105c5063
Potatoes (Imilla),Bolivia (Plurinational State of),Cochabamba,WHOLESALE,2009-03-01,14.22,Spanish quintal (46 kg),31c72748-007d-4502-a390-c4275436b512
Potatoes (Imilla),Bolivia (Plurinational State of),La Paz,WHOLESALE,2009-03-01,16.03,Spanish quintal (46 kg),7066fed1-f4d6-46f4-babe-ca2cb3a44ede
Potatoes (Imilla),Bolivia (Plurinational State of),Oruro,WHOLESALE,2009-03-01,18.48,Spanish quintal (46 kg),63228be8-f4d2-42d8-8be0-44156fa46a1c
Potatoes (Imilla),Bolivia (Plurinational State of),Santa Cruz,WHOLESALE,2009-03-01,13.15,Spanish quintal (46 kg),60422170-b51e-4c4c-958d-80f1105c5063
Potatoes (Imilla),Bolivia (Plurinational State of),Cochabamba,WHOLESALE,2009-04-01,12.43,Spanish quintal (46 kg),31c72748-007d-4502-a390-c4275436b512
Potatoes (Imilla),Bolivia (Plurinational State of),La Paz,WHOLESALE,2009-04-01,13.66,Spanish quintal (46 kg),7066fed1-f4d6-46f4-babe-ca2cb3a44ede
Potatoes (Imilla),Bolivia (Plurinational State of),Oruro,WHOLESALE,2009-04-01,17.22,Spanish quintal (46 kg),63228be8-f4d2-42d8-8be0-44156fa46a1c
Potatoes (Imilla),Bolivia (Plurinational State of),Santa Cruz,WHOLESALE,2009-04-01,11.66,Spanish quintal (46 kg),60422170-b51e-4c4c-958d-80f1105c5063
Potatoes (Imilla),Bolivia (Plurinational State of),Cochabamba,WHOLESALE,2009-05-01,11.6,Spanish quintal (46 kg),31c72748-007d-4502-a390-c4275436b512
Potatoes (Imilla),Bolivia (Plurinational State of),La Paz,WHOLESALE,2009-05-01,14.05,Spanish quintal (46 kg),7066fed1-f4d6-46f4-babe-ca2cb3a44ede
Potatoes (Imilla),Bolivia (Plurinational State of),Oruro,WHOLESALE,2009-05-01,16.16,Spanish quintal (46 kg),63228be8-f4d2-42d8-8be0-44156fa46a1c
Potatoes (Imilla),Bolivia (Plurinational State of),Santa Cruz,WHOLESALE,2009-05-01,9.97,Spanish quintal (46 kg),60422170-b51e-4c4c-958d-80f1105c5063
Potatoes (Imilla),Bolivia (Plurinational State of),Cochabamba,WHOLESALE,2009-06-01,11.27,Spanish quintal (46 kg),31c72748-007d-4502-a390-c4275436b512
Potatoes (Imilla),Bolivia (Plurinational State of),La Paz,WHOLESALE,2009-06-01,13.6,Spanish quintal (46 kg),7066fed1-f4d6-46f4-babe-ca2cb3a44ede
Potatoes (Imilla),Bolivia (Plurinational State of),Oruro,WHOLESALE,2009-06-01,14.9,Spanish quintal (46 kg),63228be8-f4d2-42d8-8be0-44156fa46a1c
Potatoes (Imilla),Bolivia (Plurinational State of),Santa Cruz,WHOLESALE,2009-06-01,11.19,Spanish quintal (46 kg),60422170-b51e-4c4c-958d-80f1105c5063
Potatoes (Imilla),Bolivia (Plurinational State of),Cochabamba,WHOLESALE,2009-07-01,13.53,Spanish quintal (46 kg),31c72748-007d-4502-a390-c4275436b512
Potatoes (Imilla),Bolivia (Plurinational State of),La Paz,WHOLESALE,2009-07-01,13.77,Spanish quintal (46 kg),7066fed1-f4d6-46f4-babe-ca2cb3a44ede
Potatoes (Imilla),Bolivia (Plurinational State of),Oruro,WHOLESALE,2009-07-01,14.54,Spanish quintal (46 kg),63228be8-f4d2-42d8-8be0-44156fa46a1c
Potatoes (Imilla),Bolivia (Plurinational State of),Santa Cruz,WHOLESALE,2009-07-01,11.76,Spanish quintal (46 kg),60422170-b51e-4c4c-958d-80f1105c5063
Potatoes (Imilla),Bolivia (Plurinational State of),Cochabamba,WHOLESALE,2009-08-01,15.26,Spanish quintal (46 kg),31c72748-007d-4502-a390-c4275436b512
Potatoes (Imilla),Bolivia (Plurinational State of),La Paz,WHOLESALE,2009-08-01,14.76,Spanish quintal (46 kg),7066fed1-f4d6-46f4-babe-ca2cb3a44ede
Potatoes (Imilla),Bolivia (Plurinational State of),Oruro,WHOLESALE,2009-08-01,13.59,Spanish quintal (46 kg),63228be8-f4d2-42d8-8be0-44156fa46a1c
Potatoes (Imilla),Bolivia (Plurinational State of),Santa Cruz,WHOLESALE,2009-08-01,11.15,Spanish quintal (46 kg),60422170-b51e-4c4c-958d-80f1105c5063
Potatoes (Imilla),Bolivia (Plurinational State of),Cochabamba,WHOLESALE,2009-09-01,14.68,Spanish quintal (46 kg),31c72748-007d-4502-a390-c4275436b512
Potatoes (Imilla),Bolivia (Plurinational State of),La Paz,WHOLESALE,2009-09-01,14.05,Spanish quintal (46 kg),7066fed1-f4d6-46f4-babe-ca2cb3a44ede
Potatoes (Imilla),Bolivia (Plurinational State of),Oruro,WHOLESALE,2009-09-01,13.83,Spanish quintal (46 kg),63228be8-f4d2-42d8-8be0-44156fa46a1c
Potatoes (Imilla),Bolivia (Plurinational State of),Santa Cruz,WHOLESALE,2009-09-01,10.4,Spanish quintal (46 kg),60422170-b51e-4c4c-958d-80f1105c5063
Potatoes (Imilla),Bolivia (Plurinational State of),Cochabamba,WHOLESALE,2009-10-01,15.78,Spanish quintal (46 kg),31c72748-007d-4502-a390-c4275436b512
Potatoes (Imilla),Bolivia (Plurinational State of),La Paz,WHOLESALE,2009-10-01,16.33,Spanish quintal (46 kg),7066fed1-f4d6-46f4-babe-ca2cb3a44ede
Potatoes (Imilla),Bolivia (Plurinational State of),Oruro,WHOLESALE,2009-10-01,13.78,Spanish quintal (46 kg),63228be8-f4d2-42d8-8be0-44156fa46a1c
Potatoes (Imilla),Bolivia (Plurinational State of),Santa Cruz,WHOLESALE,2009-10-01,15.23,Spanish quintal (46 kg),60422170-b51e-4c4c-958d-80f1105c5063
Potatoes (Imilla),Bolivia (Plurinational State of),Cochabamba,WHOLESALE,2009-11-01,18.51,Spanish quintal (46 kg),31c72748-007d-4502-a390-c4275436b512
Potatoes (Imilla),Bolivia (Plurinational State of),La Paz,WHOLESALE,2009-11-01,17.17,Spanish quintal (46 kg),7066fed1-f4d6-46f4-babe-ca2cb3a44ede
Potatoes (Imilla),Bolivia (Plurinational State of),Oruro,WHOLESALE,2009-11-01,15.42,Spanish quintal (46 kg),63228be8-f4d2-42d8-8be0-44156fa46a1c
Potatoes (Imilla),Bolivia (Plurinational State of),Santa Cruz,WHOLESALE,2009-11-01,14.88,Spanish quintal (46 kg),60422170-b51e-4c4c-958d-80f1105c5063
Potatoes (Imilla),Bolivia (Plurinational State of),Cochabamba,WHOLESALE,2009-12-01,17.16,Spanish quintal (46 kg),31c72748-007d-4502-a390-c4275436b512
Potatoes (Imilla),Bolivia (Plurinational State of),La Paz,WHOLESALE,2009-12-01,17.48,Spanish quintal (46 kg),7066fed1-f4d6-46f4-babe-ca2cb3a44ede
Potatoes (Imilla),Bolivia (Plurinational State of),Oruro,WHOLESALE,2009-12-01,18.62,Spanish quintal (46 kg),63228be8-f4d2-42d8-8be0-44156fa46a1c
Potatoes (Imilla),Bolivia (Plurinational State of),Santa Cruz,WHOLESALE,2009-12-01,14.47,Spanish quintal (46 kg),60422170-b51e-4c4c-958d-80f1105c5063
Potatoes (Imilla),Bolivia (Plurinational State of),Cochabamba,WHOLESALE,2010-01-01,17.17,Spanish quintal (46 kg),31c72748-007d-4502-a390-c4275436b512
Potatoes (Imilla),Bolivia (Plurinational State of),La Paz,WHOLESALE,2010-01-01,18.01,Spanish quintal (46 kg),7066fed1-f4d6-46f4-babe-ca2cb3a44ede
Potatoes (Imilla),Bolivia (Plurinational State of),Oruro,WHOLESALE,2010-01-01,17.62,Spanish quintal (46 kg),63228be8-f4d2-42d8-8be0-44156fa46a1c
Potatoes (Imilla),Bolivia (Plurinational State of),Santa Cruz,WHOLESALE,2010-01-01,14.21,Spanish quintal (46 kg),60422170-b51e-4c4c-958d-80f1105c5063
Potatoes (Imilla),Bolivia (Plurinational State of),Cochabamba,WHOLESALE,2010-02-01,14.69,Spanish quintal (46 kg),31c72748-007d-4502-a390-c4275436b512
Potatoes (Imilla),Bolivia (Plurinational State of),La Paz,WHOLESALE,2010-02-01,14.43,Spanish quintal (46 kg),7066fed1-f4d6-46f4-babe-ca2cb3a44ede
Potatoes (Imilla),Bolivia (Plurinational State of),Oruro,WHOLESALE,2010-02-01,16.41,Spanish quintal (46 kg),63228be8-f4d2-42d8-8be0-44156fa46a1c
Potatoes (Imilla),Bolivia (Plurinational State of),Santa Cruz,WHOLESALE,2010-02-01,11.96,Spanish quintal (46 kg),60422170-b51e-4c4c-958d-80f1105c5063
Potatoes (Imilla),Bolivia (Plurinational State of),Cochabamba,WHOLESALE,2010-03-01,11.39,Spanish quintal (46 kg),31c72748-007d-4502-a390-c4275436b512
Potatoes (Imilla),Bolivia (Plurinational State of),La Paz,WHOLESALE,2010-03-01,11.04,Spanish quintal (46 kg),7066fed1-f4d6-46f4-babe-ca2cb3a44ede
Potatoes (Imilla),Bolivia (Plurinational State of),Oruro,WHOLESALE,2010-03-01,13.27,Spanish quintal (46 kg),63228be8-f4d2-42d8-8be0-44156fa46a1c
Potatoes (Imilla),Bolivia (Plurinational State of),Santa Cruz,WHOLESALE,2010-03-01,10.21,Spanish quintal (46 kg),60422170-b51e-4c4c-958d-80f1105c5063
Potatoes (Imilla),Bolivia (Plurinational State of),Cochabamba,WHOLESALE,2010-04-01,9.81,Spanish quintal (46 kg),31c72748-007d-4502-a390-c4275436b512
Potatoes (Imilla),Bolivia (Plurinational State of),La Paz,WHOLESALE,2010-04-01,11.03,Spanish quintal (46 kg),7066fed1-f4d6-46f4-babe-ca2cb3a44ede
Potatoes (Imilla),Bolivia (Plurinational State of),Oruro,WHOLESALE,2010-04-01,11.36,Spanish quintal (46 kg),63228be8-f4d2-42d8-8be0-44156fa46a1c
Potatoes (Imilla),Bolivia (Plurinational State of),Santa Cruz,WHOLESALE,2010-04-01,9.75,Spanish quintal (46 kg),60422170-b51e-4c4c-958d-80f1105c5063
Potatoes (Imilla),Bolivia (Plurinational State of),Trinidad,WHOLESALE,2010-04-01,18.07,Spanish quintal (46 kg),eefd2ad6-5d87-48f9-a9eb-0622e38cddaf
Potatoes (Imilla),Bolivia (Plurinational State of),Cochabamba,WHOLESALE,2010-05-01,9.51,Spanish quintal (46 kg),31c72748-007d-4502-a390-c4275436b512
Potatoes (Imilla),Bolivia (Plurinational State of),La Paz,WHOLESALE,2010-05-01,11.64,Spanish quintal (46 kg),7066fed1-f4d6-46f4-babe-ca2cb3a44ede
Potatoes (Imilla),Bolivia (Plurinational State of),Oruro,WHOLESALE,2010-05-01,10.67,Spanish quintal (46 kg),63228be8-f4d2-42d8-8be0-44156fa46a1c
Potatoes (Imilla),Bolivia (Plurinational State of),Santa Cruz,WHOLESALE,2010-05-01,10.45,Spanish quintal (46 kg),60422170-b51e-4c4c-958d-80f1105c5063
Potatoes (Imilla),Bolivia (Plurinational State of),Trinidad,WHOLESALE,2010-05-01,18.13,Spanish quintal (46 kg),eefd2ad6-5d87-48f9-a9eb-0622e38cddaf
Potatoes (Imilla),Bolivia (Plurinational State of),Cochabamba,WHOLESALE,2010-06-01,11.47,Spanish quintal (46 kg),31c72748-007d-4502-a390-c4275436b512
Potatoes (Imilla),Bolivia (Plurinational State of),La Paz,WHOLESALE,2010-06-01,12.13,Spanish quintal (46 kg),7066fed1-f4d6-46f4-babe-ca2cb3a44ede
Potatoes (Imilla),Bolivia (Plurinational State of),Oruro,WHOLESALE,2010-06-01,11.49,Spanish quintal (46 kg),63228be8-f4d2-42d8-8be0-44156fa46a1c
Potatoes (Imilla),Bolivia (Plurinational State of),Santa Cruz,WHOLESALE,2010-06-01,12.33,Spanish quintal (46 kg),60422170-b51e-4c4c-958d-80f1105c5063
Potatoes (Imilla),Bolivia (Plurinational State of),Trinidad,WHOLESALE,2010-06-01,21.19,Spanish quintal (46 kg),eefd2ad6-5d87-48f9-a9eb-0622e38cddaf
Potatoes (Imilla),Bolivia (Plurinational State of),Cochabamba,WHOLESALE,2010-07-01,14.08,Spanish quintal (46 kg),31c72748-007d-4502-a390-c4275436b512
Potatoes (Imilla),Bolivia (Plurinational State of),La Paz,WHOLESALE,2010-07-01,14.63,Spanish quintal (46 kg),7066fed1-f4d6-46f4-babe-ca2cb3a44ede
Potatoes (Imilla),Bolivia (Plurinational State of),Oruro,WHOLESALE,2010-07-01,12.37,Spanish quintal (46 kg),63228be8-f4d2-42d8-8be0-44156fa46a1c
Potatoes (Imilla),Bolivia (Plurinational State of),Santa Cruz,WHOLESALE,2010-07-01,15.24,Spanish quintal (46 kg),60422170-b51e-4c4c-958d-80f1105c5063
Potatoes (Imilla),Bolivia (Plurinational State of),Trinidad,WHOLESALE,2010-07-01,21.03,Spanish quintal (46 kg),eefd2ad6-5d87-48f9-a9eb-0622e38cddaf
Potatoes (Imilla),Bolivia (Plurinational State of),Cochabamba,WHOLESALE,2010-08-01,17.93,Spanish quintal (46 kg),31c72748-007d-4502-a390-c4275436b512
Potatoes (Imilla),Bolivia (Plurinational State of),La Paz,WHOLESALE,2010-08-01,18.19,Spanish quintal (46 kg),7066fed1-f4d6-46f4-babe-ca2cb3a44ede
Potatoes (Imilla),Bolivia (Plurinational State of),Oruro,WHOLESALE,2010-08-01,16.14,Spanish quintal (46 kg),63228be8-f4d2-42d8-8be0-44156fa46a1c
Potatoes (Imilla),Bolivia (Plurinational State of),Santa Cruz,WHOLESALE,2010-08-01,18.95,Spanish quintal (46 kg),60422170-b51e-4c4c-958d-80f1105c5063
Potatoes (Imilla),Bolivia (Plurinational State of),Trinidad,WHOLESALE,2010-08-01,26.16,Spanish quintal (46 kg),eefd2ad6-5d87-48f9-a9eb-0622e38cddaf
Potatoes (Imilla),Bolivia (Plurinational State of),Cochabamba,WHOLESALE,2010-09-01,23.05,Spanish quintal (46 kg),31c72748-007d-4502-a390-c4275436b512
Potatoes (Imilla),Bolivia (Plurinational State of),La Paz,WHOLESALE,2010-09-01,23.11,Spanish quintal (46 kg),7066fed1-f4d6-46f4-babe-ca2cb3a44ede
Potatoes (Imilla),Bolivia (Plurinational State of),Oruro,WHOLESALE,2010-09-01,18.92,Spanish quintal (46 kg),63228be8-f4d2-42d8-8be0-44156fa46a1c
Potatoes (Imilla),Bolivia (Plurinational State of),Santa Cruz,WHOLESALE,2010-09-01,20.88,Spanish quintal (46 kg),60422170-b51e-4c4c-958d-80f1105c5063
Potatoes (Imilla),Bolivia (Plurinational State of),Trinidad,WHOLESALE,2010-09-01,27.18,Spanish quintal (46 kg),eefd2ad6-5d87-48f9-a9eb-0622e38cddaf
Potatoes (Imilla),Bolivia (Plurinational State of),Cochabamba,WHOLESALE,2010-10-01,23.81,Spanish quintal (46 kg),31c72748-007d-4502-a390-c4275436b512
Potatoes (Imilla),Bolivia (Plurinational State of),La Paz,WHOLESALE,2010-10-01,24.71,Spanish quintal (46 kg),7066fed1-f4d6-46f4-babe-ca2cb3a44ede
Potatoes (Imilla),Bolivia (Plurinational State of),Oruro,WHOLESALE,2010-10-01,21.95,Spanish quintal (46 kg),63228be8-f4d2-42d8-8be0-44156fa46a1c
Potatoes (Imilla),Bolivia (Plurinational State of),Santa Cruz,WHOLESALE,2010-10-01,22.09,Spanish quintal (46 kg),60422170-b51e-4c4c-958d-80f1105c5063
Potatoes (Imilla),Bolivia (Plurinational State of),Trinidad,WHOLESALE,2010-10-01,27.75,Spanish quintal (46 kg),eefd2ad6-5d87-48f9-a9eb-0622e38cddaf
Potatoes (Imilla),Bolivia (Plurinational State of),Cochabamba,WHOLESALE,2010-11-01,24.96,Spanish quintal (46 kg),31c72748-007d-4502-a390-c4275436b512
Potatoes (Imilla),Bolivia (Plurinational State of),La Paz,WHOLESALE,2010-11-01,23.29,Spanish quintal (46 kg),7066fed1-f4d6-46f4-babe-ca2cb3a44ede
Potatoes (Imilla),Bolivia (Plurinational State of),Oruro,WHOLESALE,2010-11-01,25.37,Spanish quintal (46 kg),63228be8-f4d2-42d8-8be0-44156fa46a1c
Potatoes (Imilla),Bolivia (Plurinational State of),Santa Cruz,WHOLESALE,2010-11-01,18.74,Spanish quintal (46 kg),60422170-b51e-4c4c-958d-80f1105c5063
Potatoes (Imilla),Bolivia (Plurinational State of),Trinidad,WHOLESALE,2010-11-01,26.01,Spanish quintal (46 kg),eefd2ad6-5d87-48f9-a9eb-0622e38cddaf
Potatoes (Imilla),Bolivia (Plurinational State of),Cochabamba,WHOLESALE,2010-12-01,24.56,Spanish quintal (46 kg),31c72748-007d-4502-a390-c4275436b512
Potatoes (Imilla),Bolivia (Plurinational State of),La Paz,WHOLESALE,2010-12-01,26.22,Spanish quintal (46 kg),7066fed1-f4d6-46f4-babe-ca2cb3a44ede
Potatoes (Imilla),Bolivia (Plurinational State of),Oruro,WHOLESALE,2010-12-01,25.56,Spanish quintal (46 kg),63228be8-f4d2-42d8-8be0-44156fa46a1c
Potatoes (Imilla),Bolivia (Plurinational State of),Santa Cruz,WHOLESALE,2010-12-01,21.92,Spanish quintal (46 kg),60422170-b51e-4c4c-958d-80f1105c5063
Potatoes (Imilla),Bolivia (Plurinational State of),Trinidad,WHOLESALE,2010-12-01,23.69,Spanish quintal (46 kg),eefd2ad6-5d87-48f9-a9eb-0622e38cddaf
Potatoes (Imilla),Bolivia (Plurinational State of),Cochabamba,WHOLESALE,2011-01-01,23.4,Spanish quintal (46 kg),31c72748-007d-4502-a390-c4275436b512
Potatoes (Imilla),Bolivia (Plurinational State of),La Paz,WHOLESALE,2011-01-01,22.49,Spanish quintal (46 kg),7066fed1-f4d6-46f4-babe-ca2cb3a44ede
Potatoes (Imilla),Bolivia (Plurinational State of),Oruro,WHOLESALE,2011-01-01,23.72,Spanish quintal (46 kg),63228be8-f4d2-42d8-8be0-44156fa46a1c
Potatoes (Imilla),Bolivia (Plurinational State of),Santa Cruz,WHOLESALE,2011-01-01,18.95,Spanish quintal (46 kg),60422170-b51e-4c4c-958d-80f1105c5063
Potatoes (Imilla),Bolivia (Plurinational State of),Trinidad,WHOLESALE,2011-01-01,27.58,Spanish quintal (46 kg),eefd2ad6-5d87-48f9-a9eb-0622e38cddaf
Potatoes (Imilla),Bolivia (Plurinational State of),Cochabamba,WHOLESALE,2011-02-01,23.48,Spanish quintal (46 kg),31c72748-007d-4502-a390-c4275436b512
Potatoes (Imilla),Bolivia (Plurinational State of),La Paz,WHOLESALE,2011-02-01,23.4,Spanish quintal (46 kg),7066fed1-f4d6-46f4-babe-ca2cb3a44ede
Potatoes (Imilla),Bolivia (Plurinational State of),Oruro,WHOLESALE,2011-02-01,20.94,Spanish quintal (46 kg),63228be8-f4d2-42d8-8be0-44156fa46a1c
Potatoes (Imilla),Bolivia (Plurinational State of),Santa Cruz,WHOLESALE,2011-02-01,20.19,Spanish quintal (46 kg),60422170-b51e-4c4c-958d-80f1105c5063
Potatoes (Imilla),Bolivia (Plurinational State of),Trinidad,WHOLESALE,2011-02-01,27.39,Spanish quintal (46 kg),eefd2ad6-5d87-48f9-a9eb-0622e38cddaf
Potatoes (Imilla),Bolivia (Plurinational State of),Cochabamba,WHOLESALE,2011-03-01,24.07,Spanish quintal (46 kg),31c72748-007d-4502-a390-c4275436b512
Potatoes (Imilla),Bolivia (Plurinational State of),La Paz,WHOLESALE,2011-03-01,20.58,Spanish quintal (46 kg),7066fed1-f4d6-46f4-babe-ca2cb3a44ede
Potatoes (Imilla),Bolivia (Plurinational State of),Oruro,WHOLESALE,2011-03-01,21.95,Spanish quintal (46 kg),63228be8-f4d2-42d8-8be0-44156fa46a1c
Potatoes (Imilla),Bolivia (Plurinational State of),Santa Cruz,WHOLESALE,2011-03-01,19.73,Spanish quintal (46 kg),60422170-b51e-4c4c-958d-80f1105c5063
Potatoes (Imilla),Bolivia (Plurinational State of),Trinidad,WHOLESALE,2011-03-01,27.2,Spanish quintal (46 kg),eefd2ad6-5d87-48f9-a9eb-0622e38cddaf
Potatoes (Imilla),Bolivia (Plurinational State of),Cochabamba,WHOLESALE,2011-04-01,17.58,Spanish quintal (46 kg),31c72748-007d-4502-a390-c4275436b512
Potatoes (Imilla),Bolivia (Plurinational State of),La Paz,WHOLESALE,2011-04-01,16.79,Spanish quintal (46 kg),7066fed1-f4d6-46f4-babe-ca2cb3a44ede
Potatoes (Imilla),Bolivia (Plurinational State of),Oruro,WHOLESALE,2011-04-01,18.19,Spanish quintal (46 kg),63228be8-f4d2-42d8-8be0-44156fa46a1c
Potatoes (Imilla),Bolivia (Plurinational State of),Santa Cruz,WHOLESALE,2011-04-01,17.38,Spanish quintal (46 kg),60422170-b51e-4c4c-958d-80f1105c5063
Potatoes (Imilla),Bolivia (Plurinational State of),Trinidad,WHOLESALE,2011-04-01,25.06,Spanish quintal (46 kg),eefd2ad6-5d87-48f9-a9eb-0622e38cddaf
Potatoes (Imilla),Bolivia (Plurinational State of),Cochabamba,WHOLESALE,2011-05-01,19.7,Spanish quintal (46 kg),31c72748-007d-4502-a390-c4275436b512
Potatoes (Imilla),Bolivia (Plurinational State of),La Paz,WHOLESALE,2011-05-01,18.41,Spanish quintal (46 kg),7066fed1-f4d6-46f4-babe-ca2cb3a44ede
Potatoes (Imilla),Bolivia (Plurinational State of),Oruro,WHOLESALE,2011-05-01,16.87,Spanish quintal (46 kg),63228be8-f4d2-42d8-8be0-44156fa46a1c
Potatoes (Imilla),Bolivia (Plurinational State of),Santa Cruz,WHOLESALE,2011-05-01,17.49,Spanish quintal (46 kg),60422170-b51e-4c4c-958d-80f1105c5063
Potatoes (Imilla),Bolivia (Plurinational State of),Trinidad,WHOLESALE,2011-05-01,25.15,Spanish quintal (46 kg),eefd2ad6-5d87-48f9-a9eb-0622e38cddaf
Potatoes (Imilla),Bolivia (Plurinational State of),Cochabamba,WHOLESALE,2011-06-01,21.78,Spanish quintal (46 kg),31c72748-007d-4502-a390-c4275436b512
Potatoes (Imilla),Bolivia (Plurinational State of),La Paz,WHOLESALE,2011-06-01,18.91,Spanish quintal (46 kg),7066fed1-f4d6-46f4-babe-ca2cb3a44ede
Potatoes (Imilla),Bolivia (Plurinational State of),Oruro,WHOLESALE,2011-06-01,16.69,Spanish quintal (46 kg),63228be8-f4d2-42d8-8be0-44156fa46a1c
Potatoes (Imilla),Bolivia (Plurinational State of),Trinidad,WHOLESALE,2011-06-01,25.93,Spanish quintal (46 kg),eefd2ad6-5d87-48f9-a9eb-0622e38cddaf
Potatoes (Imilla),Bolivia (Plurinational State of),Cochabamba,WHOLESALE,2011-07-01,21.87,Spanish quintal (46 kg),31c72748-007d-4502-a390-c4275436b512
Potatoes (Imilla),Bolivia (Plurinational State of),La Paz,WHOLESALE,2011-07-01,19.5,Spanish quintal (46 kg),7066fed1-f4d6-46f4-babe-ca2cb3a44ede
Potatoes (Imilla),Bolivia (Plurinational State of),Oruro,WHOLESALE,2011-07-01,17.68,Spanish quintal (46 kg),63228be8-f4d2-42d8-8be0-44156fa46a1c
Potatoes (Imilla),Bolivia (Plurinational State of),Santa Cruz,WHOLESALE,2011-07-01,20.67,Spanish quintal (46 kg),60422170-b51e-4c4c-958d-80f1105c5063
Potatoes (Imilla),Bolivia (Plurinational State of),Trinidad,WHOLESALE,2011-07-01,26.2,Spanish quintal (46 kg),eefd2ad6-5d87-48f9-a9eb-0622e38cddaf
Potatoes (Imilla),Bolivia (Plurinational State of),Cochabamba,WHOLESALE,2011-08-01,19.55,Spanish quintal (46 kg),31c72748-007d-4502-a390-c4275436b512
Potatoes (Imilla),Bolivia (Plurinational State of),La Paz,WHOLESALE,2011-08-01,20.92,Spanish quintal (46 kg),7066fed1-f4d6-46f4-babe-ca2cb3a44ede
Potatoes (Imilla),Bolivia (Plurinational State of),Oruro,WHOLESALE,2011-08-01,19.76,Spanish quintal (46 kg),63228be8-f4d2-42d8-8be0-44156fa46a1c
Potatoes (Imilla),Bolivia (Plurinational State of),Santa Cruz,WHOLESALE,2011-08-01,19.1,Spanish quintal (46 kg),60422170-b51e-4c4c-958d-80f1105c5063
Potatoes (Imilla),Bolivia (Plurinational State of),Trinidad,WHOLESALE,2011-08-01,27.63,Spanish quintal (46 kg),eefd2ad6-5d87-48f9-a9eb-0622e38cddaf
Potatoes (Imilla),Bolivia (Plurinational State of),Cochabamba,WHOLESALE,2011-09-01,21.55,Spanish quintal (46 kg),31c72748-007d-4502-a390-c4275436b512
Potatoes (Imilla),Bolivia (Plurinational State of),La Paz,WHOLESALE,2011-09-01,22.06,Spanish quintal (46 kg),7066fed1-f4d6-46f4-babe-ca2cb3a44ede
Potatoes (Imilla),Bolivia (Plurinational State of),Oruro,WHOLESALE,2011-09-01,19.92,Spanish quintal (46 kg),63228be8-f4d2-42d8-8be0-44156fa46a1c
Potatoes (Imilla),Bolivia (Plurinational State of),Santa Cruz,WHOLESALE,2011-09-01,17.28,Spanish quintal (46 kg),60422170-b51e-4c4c-958d-80f1105c5063
Potatoes (Imilla),Bolivia (Plurinational State of),Trinidad,WHOLESALE,2011-09-01,26.95,Spanish quintal (46 kg),eefd2ad6-5d87-48f9-a9eb-0622e38cddaf
Potatoes (Imilla),Bolivia (Plurinational State of),Cochabamba,WHOLESALE,2011-10-01,22.57,Spanish quintal (46 kg),31c72748-007d-4502-a390-c4275436b512
Potatoes (Imilla),Bolivia (Plurinational State of),La Paz,WHOLESALE,2011-10-01,24.28,Spanish quintal (46 kg),7066fed1-f4d6-46f4-babe-ca2cb3a44ede
Potatoes (Imilla),Bolivia (Plurinational State of),Oruro,WHOLESALE,2011-10-01,20.13,Spanish quintal (46 kg),63228be8-f4d2-42d8-8be0-44156fa46a1c
Potatoes (Imilla),Bolivia (Plurinational State of),Santa Cruz,WHOLESALE,2011-10-01,23.08,Spanish quintal (46 kg),60422170-b51e-4c4c-958d-80f1105c5063
Potatoes (Imilla),Bolivia (Plurinational State of),Trinidad,WHOLESALE,2011-10-01,29.52,Spanish quintal (46 kg),eefd2ad6-5d87-48f9-a9eb-0622e38cddaf
Potatoes (Imilla),Bolivia (Plurinational State of),Cochabamba,WHOLESALE,2011-11-01,22.32,Spanish quintal (46 kg),31c72748-007d-4502-a390-c4275436b512
Potatoes (Imilla),Bolivia (Plurinational State of),La Paz,WHOLESALE,2011-11-01,22.98,Spanish quintal (46 kg),7066fed1-f4d6-46f4-babe-ca2cb3a44ede
Potatoes (Imilla),Bolivia (Plurinational State of),Oruro,WHOLESALE,2011-11-01,19.89,Spanish quintal (46 kg),63228be8-f4d2-42d8-8be0-44156fa46a1c
Potatoes (Imilla),Bolivia (Plurinational State of),Santa Cruz,WHOLESALE,2011-11-01,19.74,Spanish quintal (46 kg),60422170-b51e-4c4c-958d-80f1105c5063
Potatoes (Imilla),Bolivia (Plurinational State of),Trinidad,WHOLESALE,2011-11-01,29.53,Spanish quintal (46 kg),eefd2ad6-5d87-48f9-a9eb-0622e38cddaf
Potatoes (Imilla),Bolivia (Plurinational State of),Cochabamba,WHOLESALE,2011-12-01,19.46,Spanish quintal (46 kg),31c72748-007d-4502-a390-c4275436b512
Potatoes (Imilla),Bolivia (Plurinational State of),La Paz,WHOLESALE,2011-12-01,21.24,Spanish quintal (46 kg),7066fed1-f4d6-46f4-babe-ca2cb3a44ede
Potatoes (Imilla),Bolivia (Plurinational State of),Oruro,WHOLESALE,2011-12-01,19.3,Spanish quintal (46 kg),63228be8-f4d2-42d8-8be0-44156fa46a1c
Potatoes (Imilla),Bolivia (Plurinational State of),Santa Cruz,WHOLESALE,2011-12-01,16.58,Spanish quintal (46 kg),60422170-b51e-4c4c-958d-80f1105c5063
Potatoes (Imilla),Bolivia (Plurinational State of),Trinidad,WHOLESALE,2011-12-01,24.85,Spanish quintal (46 kg),eefd2ad6-5d87-48f9-a9eb-0622e38cddaf
Potatoes (Imilla),Bolivia (Plurinational State of),Cochabamba,WHOLESALE,2012-01-01,16.27,Spanish quintal (46 kg),31c72748-007d-4502-a390-c4275436b512
Potatoes (Imilla),Bolivia (Plurinational State of),La Paz,WHOLESALE,2012-01-01,17.84,Spanish quintal (46 kg),7066fed1-f4d6-46f4-babe-ca2cb3a44ede
Potatoes (Imilla),Bolivia (Plurinational State of),Oruro,WHOLESALE,2012-01-01,18.31,Spanish quintal (46 kg),63228be8-f4d2-42d8-8be0-44156fa46a1c
Potatoes (Imilla),Bolivia (Plurinational State of),Santa Cruz,WHOLESALE,2012-01-01,12.99,Spanish quintal (46 kg),60422170-b51e-4c4c-958d-80f1105c5063
Potatoes (Imilla),Bolivia (Plurinational State of),Trinidad,WHOLESALE,2012-01-01,23.71,Spanish quintal (46 kg),eefd2ad6-5d87-48f9-a9eb-0622e38cddaf
Potatoes (Imilla),Bolivia (Plurinational State of),Cochabamba,WHOLESALE,2012-02-01,15.92,Spanish quintal (46 kg),31c72748-007d-4502-a390-c4275436b512
Potatoes (Imilla),Bolivia (Plurinational State of),La Paz,WHOLESALE,2012-02-01,17.07,Spanish quintal (46 kg),7066fed1-f4d6-46f4-babe-ca2cb3a44ede
Potatoes (Imilla),Bolivia (Plurinational State of),Oruro,WHOLESALE,2012-02-01,18.24,Spanish quintal (46 kg),63228be8-f4d2-42d8-8be0-44156fa46a1c
Potatoes (Imilla),Bolivia (Plurinational State of),Santa Cruz,WHOLESALE,2012-02-01,13.17,Spanish quintal (46 kg),60422170-b51e-4c4c-958d-80f1105c5063
Potatoes (Imilla),Bolivia (Plurinational State of),Trinidad,WHOLESALE,2012-02-01,23.76,Spanish quintal (46 kg),eefd2ad6-5d87-48f9-a9eb-0622e38cddaf
Potatoes (Imilla),Bolivia (Plurinational State of),Cochabamba,WHOLESALE,2012-03-01,12.48,Spanish quintal (46 kg),31c72748-007d-4502-a390-c4275436b512
Potatoes (Imilla),Bolivia (Plurinational State of),La Paz,WHOLESALE,2012-03-01,14.88,Spanish quintal (46 kg),7066fed1-f4d6-46f4-babe-ca2cb3a44ede
Potatoes (Imilla),Bolivia (Plurinational State of),Oruro,WHOLESALE,2012-03-01,16.77,Spanish quintal (46 kg),63228be8-f4d2-42d8-8be0-44156fa46a1c
Potatoes (Imilla),Bolivia (Plurinational State of),Santa Cruz,WHOLESALE,2012-03-01,13.52,Spanish quintal (46 kg),60422170-b51e-4c4c-958d-80f1105c5063
Potatoes (Imilla),Bolivia (Plurinational State of),Trinidad,WHOLESALE,2012-03-01,22.45,Spanish quintal (46 kg),eefd2ad6-5d87-48f9-a9eb-0622e38cddaf
Potatoes (Imilla),Bolivia (Plurinational State of),Cochabamba,WHOLESALE,2012-04-01,12.4,Spanish quintal (46 kg),31c72748-007d-4502-a390-c4275436b512
Potatoes (Imilla),Bolivia (Plurinational State of),La Paz,WHOLESALE,2012-04-01,14.09,Spanish quintal (46 kg),7066fed1-f4d6-46f4-babe-ca2cb3a44ede
Potatoes (Imilla),Bolivia (Plurinational State of),Oruro,WHOLESALE,2012-04-01,15.98,Spanish quintal (46 kg),63228be8-f4d2-42d8-8be0-44156fa46a1c
Potatoes (Imilla),Bolivia (Plurinational State of),Santa Cruz,WHOLESALE,2012-04-01,11.83,Spanish quintal (46 kg),60422170-b51e-4c4c-958d-80f1105c5063
Potatoes (Imilla),Bolivia (Plurinational State of),Trinidad,WHOLESALE,2012-04-01,20.47,Spanish quintal (46 kg),eefd2ad6-5d87-48f9-a9eb-0622e38cddaf
Potatoes (Imilla),Bolivia (Plurinational State of),Cochabamba,WHOLESALE,2012-05-01,11.48,Spanish quintal (46 kg),31c72748-007d-4502-a390-c4275436b512
Potatoes (Imilla),Bolivia (Plurinational State of),La Paz,WHOLESALE,2012-05-01,13.44,Spanish quintal (46 kg),7066fed1-f4d6-46f4-babe-ca2cb3a44ede
Potatoes (Imilla),Bolivia (Plurinational State of),Oruro,WHOLESALE,2012-05-01,13.9,Spanish quintal (46 kg),63228be8-f4d2-42d8-8be0-44156fa46a1c
Potatoes (Imilla),Bolivia (Plurinational State of),Santa Cruz,WHOLESALE,2012-05-01,11.56,Spanish quintal (46 kg),60422170-b51e-4c4c-958d-80f1105c5063
Potatoes (Imilla),Bolivia (Plurinational State of),Trinidad,WHOLESALE,2012-05-01,19.14,Spanish quintal (46 kg),eefd2ad6-5d87-48f9-a9eb-0622e38cddaf
Potatoes (Imilla),Bolivia (Plurinational State of),Cochabamba,WHOLESALE,2012-06-01,11.52,Spanish quintal (46 kg),31c72748-007d-4502-a390-c4275436b512
Potatoes (Imilla),Bolivia (Plurinational State of),La Paz,WHOLESALE,2012-06-01,13.74,Spanish quintal (46 kg),7066fed1-f4d6-46f4-babe-ca2cb3a44ede
Potatoes (Imilla),Bolivia (Plurinational State of),Oruro,WHOLESALE,2012-06-01,13.85,Spanish quintal (46 kg),63228be8-f4d2-42d8-8be0-44156fa46a1c
Potatoes (Imilla),Bolivia (Plurinational State of),Santa Cruz,WHOLESALE,2012-06-01,11.03,Spanish quintal (46 kg),60422170-b51e-4c4c-958d-80f1105c5063
Potatoes (Imilla),Bolivia (Plurinational State of),Trinidad,WHOLESALE,2012-06-01,18.76,Spanish quintal (46 kg),eefd2ad6-5d87-48f9-a9eb-0622e38cddaf
Potatoes (Imilla),Bolivia (Plurinational State of),Cochabamba,WHOLESALE,2012-07-01,10.08,Spanish quintal (46 kg),31c72748-007d-4502-a390-c4275436b512
Potatoes (Imilla),Bolivia (Plurinational State of),La Paz,WHOLESALE,2012-07-01,14.8,Spanish quintal (46 kg),7066fed1-f4d6-46f4-babe-ca2cb3a44ede
Potatoes (Imilla),Bolivia (Plurinational State of),Oruro,WHOLESALE,2012-07-01,14.0,Spanish quintal (46 kg),63228be8-f4d2-42d8-8be0-44156fa46a1c
Potatoes (Imilla),Bolivia (Plurinational State of),Santa Cruz,WHOLESALE,2012-07-01,12.04,Spanish quintal (46 kg),60422170-b51e-4c4c-958d-80f1105c5063
Potatoes (Imilla),Bolivia (Plurinational State of),Trinidad,WHOLESALE,2012-07-01,19.44,Spanish quintal (46 kg),eefd2ad6-5d87-48f9-a9eb-0622e38cddaf
Potatoes (Imilla),Bolivia (Plurinational State of),Cochabamba,WHOLESALE,2012-08-01,10.08,Spanish quintal (46 kg),31c72748-007d-4502-a390-c4275436b512
Potatoes (Imilla),Bolivia (Plurinational State of),La Paz,WHOLESALE,2012-08-01,14.44,Spanish quintal (46 kg),7066fed1-f4d6-46f4-babe-ca2cb3a44ede
Potatoes (Imilla),Bolivia (Plurinational State of),Oruro,WHOLESALE,2012-08-01,14.17,Spanish quintal (46 kg),63228be8-f4d2-42d8-8be0-44156fa46a1c
Potatoes (Imilla),Bolivia (Plurinational State of),Santa Cruz,WHOLESALE,2012-08-01,11.03,Spanish quintal (46 kg),60422170-b51e-4c4c-958d-80f1105c5063
Potatoes (Imilla),Bolivia (Plurinational State of),Trinidad,WHOLESALE,2012-08-01,22.15,Spanish quintal (46 kg),eefd2ad6-5d87-48f9-a9eb-0622e38cddaf
Potatoes (Imilla),Bolivia (Plurinational State of),Cochabamba,WHOLESALE,2012-09-01,12.29,Spanish quintal (46 kg),31c72748-007d-4502-a390-c4275436b512
Potatoes (Imilla),Bolivia (Plurinational State of),La Paz,WHOLESALE,2012-09-01,15.65,Spanish quintal (46 kg),7066fed1-f4d6-46f4-babe-ca2cb3a44ede
Potatoes (Imilla),Bolivia (Plurinational State of),Oruro,WHOLESALE,2012-09-01,14.89,Spanish quintal (46 kg),63228be8-f4d2-42d8-8be0-44156fa46a1c
Potatoes (Imilla),Bolivia (Plurinational State of),Santa Cruz,WHOLESALE,2012-09-01,11.95,Spanish quintal (46 kg),60422170-b51e-4c4c-958d-80f1105c5063
Potatoes (Imilla),Bolivia (Plurinational State of),Trinidad,WHOLESALE,2012-09-01,22.83,Spanish quintal (46 kg),eefd2ad6-5d87-48f9-a9eb-0622e38cddaf
Potatoes (Imilla),Bolivia (Plurinational State of),Cochabamba,WHOLESALE,2012-10-01,16.54,Spanish quintal (46 kg),31c72748-007d-4502-a390-c4275436b512
Potatoes (Imilla),Bolivia (Plurinational State of),La Paz,WHOLESALE,2012-10-01,19.34,Spanish quintal (46 kg),7066fed1-f4d6-46f4-babe-ca2cb3a44ede
Potatoes (Imilla),Bolivia (Plurinational State of),Oruro,WHOLESALE,2012-10-01,15.8,Spanish quintal (46 kg),63228be8-f4d2-42d8-8be0-44156fa46a1c
Potatoes (Imilla),Bolivia (Plurinational State of),Santa Cruz,WHOLESALE,2012-10-01,17.46,Spanish quintal (46 kg),60422170-b51e-4c4c-958d-80f1105c5063
Potatoes (Imilla),Bolivia (Plurinational State of),Trinidad,WHOLESALE,2012-10-01,23.63,Spanish quintal (46 kg),eefd2ad6-5d87-48f9-a9eb-0622e38cddaf
Potatoes (Imilla),Bolivia (Plurinational State of),Cochabamba,WHOLESALE,2012-11-01,20.86,Spanish quintal (46 kg),31c72748-007d-4502-a390-c4275436b512
Potatoes (Imilla),Bolivia (Plurinational State of),La Paz,WHOLESALE,2012-11-01,23.17,Spanish quintal (46 kg),7066fed1-f4d6-46f4-babe-ca2cb3a44ede
Potatoes (Imilla),Bolivia (Plurinational State of),Oruro,WHOLESALE,2012-11-01,16.87,Spanish quintal (46 kg),63228be8-f4d2-42d8-8be0-44156fa46a1c
Potatoes (Imilla),Bolivia (Plurinational State of),Santa Cruz,WHOLESALE,2012-11-01,23.72,Spanish quintal (46 kg),60422170-b51e-4c4c-958d-80f1105c5063
Potatoes (Imilla),Bolivia (Plurinational State of),Trinidad,WHOLESALE,2012-11-01,26.28,Spanish quintal (46 kg),eefd2ad6-5d87-48f9-a9eb-0622e38cddaf
Potatoes (Imilla),Bolivia (Plurinational State of),Cochabamba,WHOLESALE,2012-12-01,23.39,Spanish quintal (46 kg),31c72748-007d-4502-a390-c4275436b512
Potatoes (Imilla),Bolivia (Plurinational State of),La Paz,WHOLESALE,2012-12-01,25.15,Spanish quintal (46 kg),7066fed1-f4d6-46f4-babe-ca2cb3a44ede
Potatoes (Imilla),Bolivia (Plurinational State of),Oruro,WHOLESALE,2012-12-01,16.58,Spanish quintal (46 kg),63228be8-f4d2-42d8-8be0-44156fa46a1c
Potatoes (Imilla),Bolivia (Plurinational State of),Santa Cruz,WHOLESALE,2012-12-01,22.08,Spanish quintal (46 kg),60422170-b51e-4c4c-958d-80f1105c5063
Potatoes (Imilla),Bolivia (Plurinational State of),Trinidad,WHOLESALE,2012-12-01,28.6,Spanish quintal (46 kg),eefd2ad6-5d87-48f9-a9eb-0622e38cddaf
Potatoes (Imilla),Bolivia (Plurinational State of),Cochabamba,WHOLESALE,2013-01-01,21.15,Spanish quintal (46 kg),31c72748-007d-4502-a390-c4275436b512
Potatoes (Imilla),Bolivia (Plurinational State of),La Paz,WHOLESALE,2013-01-01,21.72,Spanish quintal (46 kg),7066fed1-f4d6-46f4-babe-ca2cb3a44ede
Potatoes (Imilla),Bolivia (Plurinational State of),Oruro,WHOLESALE,2013-01-01,16.14,Spanish quintal (46 kg),63228be8-f4d2-42d8-8be0-44156fa46a1c
Potatoes (Imilla),Bolivia (Plurinational State of),Santa Cruz,WHOLESALE,2013-01-01,17.81,Spanish quintal (46 kg),60422170-b51e-4c4c-958d-80f1105c5063
Potatoes (Imilla),Bolivia (Plurinational State of),Trinidad,WHOLESALE,2013-01-01,27.7,Spanish quintal (46 kg),eefd2ad6-5d87-48f9-a9eb-0622e38cddaf
Potatoes (Imilla),Bolivia (Plurinational State of),Cochabamba,WHOLESALE,2013-02-01,17.45,Spanish quintal (46 kg),31c72748-007d-4502-a390-c4275436b512
Potatoes (Imilla),Bolivia (Plurinational State of),La Paz,WHOLESALE,2013-02-01,17.96,Spanish quintal (46 kg),7066fed1-f4d6-46f4-babe-ca2cb3a44ede
Potatoes (Imilla),Bolivia (Plurinational State of),Oruro,WHOLESALE,2013-02-01,16.46,Spanish quintal (46 kg),63228be8-f4d2-42d8-8be0-44156fa46a1c
Potatoes (Imilla),Bolivia (Plurinational State of),Santa Cruz,WHOLESALE,2013-02-01,16.3,Spanish quintal (46 kg),60422170-b51e-4c4c-958d-80f1105c5063
Potatoes (Imilla),Bolivia (Plurinational State of),Trinidad,WHOLESALE,2013-02-01,25.68,Spanish quintal (46 kg),eefd2ad6-5d87-48f9-a9eb-0622e38cddaf
Potatoes (Imilla),Bolivia (Plurinational State of),Cochabamba,WHOLESALE,2013-03-01,16.15,Spanish quintal (46 kg),31c72748-007d-4502-a390-c4275436b512
Potatoes (Imilla),Bolivia (Plurinational State of),La Paz,WHOLESALE,2013-03-01,15.72,Spanish quintal (46 kg),7066fed1-f4d6-46f4-babe-ca2cb3a44ede
Potatoes (Imilla),Bolivia (Plurinational State of),Oruro,WHOLESALE,2013-03-01,15.1,Spanish quintal (46 kg),63228be8-f4d2-42d8-8be0-44156fa46a1c
Potatoes (Imilla),Bolivia (Plurinational State of),Santa Cruz,WHOLESALE,2013-03-01,14.21,Spanish quintal (46 kg),60422170-b51e-4c4c-958d-80f1105c5063
Potatoes (Imilla),Bolivia (Plurinational State of),Trinidad,WHOLESALE,2013-03-01,24.82,Spanish quintal (46 kg),eefd2ad6-5d87-48f9-a9eb-0622e38cddaf
Potatoes (Imilla),Bolivia (Plurinational State of),Cochabamba,WHOLESALE,2013-04-01,13.2,Spanish quintal (46 kg),31c72748-007d-4502-a390-c4275436b512
Potatoes (Imilla),Bolivia (Plurinational State of),La Paz,WHOLESALE,2013-04-01,14.63,Spanish quintal (46 kg),7066fed1-f4d6-46f4-babe-ca2cb3a44ede
Potatoes (Imilla),Bolivia (Plurinational State of),Oruro,WHOLESALE,2013-04-01,13.16,Spanish quintal (46 kg),63228be8-f4d2-42d8-8be0-44156fa46a1c
Potatoes (Imilla),Bolivia (Plurinational State of),Santa Cruz,WHOLESALE,2013-04-01,13.37,Spanish quintal (46 kg),60422170-b51e-4c4c-958d-80f1105c5063
Potatoes (Imilla),Bolivia (Plurinational State of),Trinidad,WHOLESALE,2013-04-01,23.29,Spanish quintal (46 kg),eefd2ad6-5d87-48f9-a9eb-0622e38cddaf
Potatoes (Imilla),Bolivia (Plurinational State of),Cochabamba,WHOLESALE,2013-05-01,12.29,Spanish quintal (46 kg),31c72748-007d-4502-a390-c4275436b512
Potatoes (Imilla),Bolivia (Plurinational State of),La Paz,WHOLESALE,2013-05-01,14.98,Spanish quintal (46 kg),7066fed1-f4d6-46f4-babe-ca2cb3a44ede
Potatoes (Imilla),Bolivia (Plurinational State of),Oruro,WHOLESALE,2013-05-01,14.0,Spanish quintal (46 kg),63228be8-f4d2-42d8-8be0-44156fa46a1c
Potatoes (Imilla),Bolivia (Plurinational State of),Santa Cruz,WHOLESALE,2013-05-01,13.55,Spanish quintal (46 kg),60422170-b51e-4c4c-958d-80f1105c5063
Potatoes (Imilla),Bolivia (Plurinational State of),Trinidad,WHOLESALE,2013-05-01,22.89,Spanish quintal (46 kg),eefd2ad6-5d87-48f9-a9eb-0622e38cddaf
Potatoes (Imilla),Bolivia (Plurinational State of),Cochabamba,WHOLESALE,2013-06-01,13.79,Spanish quintal (46 kg),31c72748-007d-4502-a390-c4275436b512
Potatoes (Imilla),Bolivia (Plurinational State of),La Paz,WHOLESALE,2013-06-01,15.53,Spanish quintal (46 kg),7066fed1-f4d6-46f4-babe-ca2cb3a44ede
Potatoes (Imilla),Bolivia (Plurinational State of),Oruro,WHOLESALE,2013-06-01,14.92,Spanish quintal (46 kg),63228be8-f4d2-42d8-8be0-44156fa46a1c
Potatoes (Imilla),Bolivia (Plurinational State of),Santa Cruz,WHOLESALE,2013-06-01,16.12,Spanish quintal (46 kg),60422170-b51e-4c4c-958d-80f1105c5063
Potatoes (Imilla),Bolivia (Plurinational State of),Trinidad,WHOLESALE,2013-06-01,23.11,Spanish quintal (46 kg),eefd2ad6-5d87-48f9-a9eb-0622e38cddaf
Potatoes (Imilla),Bolivia (Plurinational State of),Cochabamba,WHOLESALE,2013-07-01,17.22,Spanish quintal (46 kg),31c72748-007d-4502-a390-c4275436b512
Potatoes (Imilla),Bolivia (Plurinational State of),Oruro,WHOLESALE,2013-07-01,17.62,Spanish quintal (46 kg),63228be8-f4d2-42d8-8be0-44156fa46a1c
Potatoes (Imilla),Bolivia (Plurinational State of),Santa Cruz,WHOLESALE,2013-07-01,19.46,Spanish quintal (46 kg),60422170-b51e-4c4c-958d-80f1105c5063
Potatoes (Imilla),Bolivia (Plurinational State of),Trinidad,WHOLESALE,2013-07-01,25.88,Spanish quintal (46 kg),eefd2ad6-5d87-48f9-a9eb-0622e38cddaf
Potatoes (Imilla),Bolivia (Plurinational State of),Cochabamba,WHOLESALE,2013-08-01,20.62,Spanish quintal (46 kg),31c72748-007d-4502-a390-c4275436b512
Potatoes (Imilla),Bolivia (Plurinational State of),Oruro,WHOLESALE,2013-08-01,19.26,Spanish quintal (46 kg),63228be8-f4d2-42d8-8be0-44156fa46a1c
Potatoes (Imilla),Bolivia (Plurinational State of),Santa Cruz,WHOLESALE,2013-08-01,23.37,Spanish quintal (46 kg),60422170-b51e-4c4c-958d-80f1105c5063
Potatoes (Imilla),Bolivia (Plurinational State of),Trinidad,WHOLESALE,2013-08-01,29.12,Spanish quintal (46 kg),eefd2ad6-5d87-48f9-a9eb-0622e38cddaf
Potatoes (Imilla),Bolivia (Plurinational State of),Cochabamba,WHOLESALE,2013-09-01,27.15,Spanish quintal (46 kg),31c72748-007d-4502-a390-c4275436b512
Potatoes (Imilla),Bolivia (Plurinational State of),La Paz,WHOLESALE,2013-09-01,28.94,Spanish quintal (46 kg),7066fed1-f4d6-46f4-babe-ca2cb3a44ede
Potatoes (Imilla),Bolivia (Plurinational State of),Oruro,WHOLESALE,2013-09-01,27.52,Spanish quintal (46 kg),63228be8-f4d2-42d8-8be0-44156fa46a1c
Potatoes (Imilla),Bolivia (Plurinational State of),Santa Cruz,WHOLESALE,2013-09-01,30.95,Spanish quintal (46 kg),60422170-b51e-4c4c-958d-80f1105c5063
Potatoes (Imilla),Bolivia (Plurinational State of),Trinidad,WHOLESALE,2013-09-01,36.17,Spanish quintal (46 kg),eefd2ad6-5d87-48f9-a9eb-0622e38cddaf
Potatoes (Imilla),Bolivia (Plurinational State of),Cochabamba,WHOLESALE,2013-10-01,32.31,Spanish quintal (46 kg),31c72748-007d-4502-a390-c4275436b512
Potatoes (Imilla),Bolivia (Plurinational State of),La Paz,WHOLESALE,2013-10-01,37.17,Spanish quintal (46 kg),7066fed1-f4d6-46f4-babe-ca2cb3a44ede
Potatoes (Imilla),Bolivia (Plurinational State of),Oruro,WHOLESALE,2013-10-01,33.99,Spanish quintal (46 kg),63228be8-f4d2-42d8-8be0-44156fa46a1c
Potatoes (Imilla),Bolivia (Plurinational State of),Santa Cruz,WHOLESALE,2013-10-01,33.79,Spanish quintal (46 kg),60422170-b51e-4c4c-958d-80f1105c5063
Potatoes (Imilla),Bolivia (Plurinational State of),Trinidad,WHOLESALE,2013-10-01,40.3,Spanish quintal (46 kg),eefd2ad6-5d87-48f9-a9eb-0622e38cddaf
Potatoes (Imilla),Bolivia (Plurinational State of),Cochabamba,WHOLESALE,2013-11-01,31.71,Spanish quintal (46 kg),31c72748-007d-4502-a390-c4275436b512
Potatoes (Imilla),Bolivia (Plurinational State of),La Paz,WHOLESALE,2013-11-01,29.8,Spanish quintal (46 kg),7066fed1-f4d6-46f4-babe-ca2cb3a44ede
Potatoes (Imilla),Bolivia (Plurinational State of),Oruro,WHOLESALE,2013-11-01,31.54,Spanish quintal (46 kg),63228be8-f4d2-42d8-8be0-44156fa46a1c
Potatoes (Imilla),Bolivia (Plurinational State of),Santa Cruz,WHOLESALE,2013-11-01,29.29,Spanish quintal (46 kg),60422170-b51e-4c4c-958d-80f1105c5063
Potatoes (Imilla),Bolivia (Plurinational State of),Trinidad,WHOLESALE,2013-11-01,35.96,Spanish quintal (46 kg),eefd2ad6-5d87-48f9-a9eb-0622e38cddaf
Potatoes (Imilla),Bolivia (Plurinational State of),Cochabamba,WHOLESALE,2013-12-01,26.17,Spanish quintal (46 kg),31c72748-007d-4502-a390-c4275436b512
Potatoes (Imilla),Bolivia (Plurinational State of),La Paz,WHOLESALE,2013-12-01,24.63,Spanish quintal (46 kg),7066fed1-f4d6-46f4-babe-ca2cb3a44ede
Potatoes (Imilla),Bolivia (Plurinational State of),Oruro,WHOLESALE,2013-12-01,24.79,Spanish quintal (46 kg),63228be8-f4d2-42d8-8be0-44156fa46a1c
Potatoes (Imilla),Bolivia (Plurinational State of),Santa Cruz,WHOLESALE,2013-12-01,23.24,Spanish quintal (46 kg),60422170-b51e-4c4c-958d-80f1105c5063
Potatoes (Imilla),Bolivia (Plurinational State of),Trinidad,WHOLESALE,2013-12-01,35.0,Spanish quintal (46 kg),eefd2ad6-5d87-48f9-a9eb-0622e38cddaf
Potatoes (Imilla),Bolivia (Plurinational State of),Cochabamba,WHOLESALE,2014-01-01,21.1,Spanish quintal (46 kg),31c72748-007d-4502-a390-c4275436b512
Potatoes (Imilla),Bolivia (Plurinational State of),La Paz,WHOLESALE,2014-01-01,20.67,Spanish quintal (46 kg),7066fed1-f4d6-46f4-babe-ca2cb3a44ede
Potatoes (Imilla),Bolivia (Plurinational State of),Oruro,WHOLESALE,2014-01-01,18.88,Spanish quintal (46 kg),63228be8-f4d2-42d8-8be0-44156fa46a1c
Potatoes (Imilla),Bolivia (Plurinational State of),Santa Cruz,WHOLESALE,2014-01-01,19.24,Spanish quintal (46 kg),60422170-b51e-4c4c-958d-80f1105c5063
Potatoes (Imilla),Bolivia (Plurinational State of),Trinidad,WHOLESALE,2014-01-01,27.97,Spanish quintal (46 kg),eefd2ad6-5d87-48f9-a9eb-0622e38cddaf
Potatoes (Imilla),Bolivia (Plurinational State of),Cochabamba,WHOLESALE,2014-02-01,20.76,Spanish quintal (46 kg),31c72748-007d-4502-a390-c4275436b512
Potatoes (Imilla),Bolivia (Plurinational State of),La Paz,WHOLESALE,2014-02-01,21.74,Spanish quintal (46 kg),7066fed1-f4d6-46f4-babe-ca2cb3a44ede
Potatoes (Imilla),Bolivia (Plurinational State of),Oruro,WHOLESALE,2014-02-01,20.29,Spanish quintal (46 kg),63228be8-f4d2-42d8-8be0-44156fa46a1c
Potatoes (Imilla),Bolivia (Plurinational State of),Santa Cruz,WHOLESALE,2014-02-01,18.27,Spanish quintal (46 kg),60422170-b51e-4c4c-958d-80f1105c5063
Potatoes (Imilla),Bolivia (Plurinational State of),Trinidad,WHOLESALE,2014-02-01,27.16,Spanish quintal (46 kg),eefd2ad6-5d87-48f9-a9eb-0622e38cddaf
Potatoes (Imilla),Bolivia (Plurinational State of),Cochabamba,WHOLESALE,2014-03-01,16.84,Spanish quintal (46 kg),31c72748-007d-4502-a390-c4275436b512
Potatoes (Imilla),Bolivia (Plurinational State of),La Paz,WHOLESALE,2014-03-01,18.48,Spanish quintal (46 kg),7066fed1-f4d6-46f4-babe-ca2cb3a44ede
Potatoes (Imilla),Bolivia (Plurinational State of),Oruro,WHOLESALE,2014-03-01,17.94,Spanish quintal (46 kg),63228be8-f4d2-42d8-8be0-44156fa46a1c
Potatoes (Imilla),Bolivia (Plurinational State of),Santa Cruz,WHOLESALE,2014-03-01,15.89,Spanish quintal (46 kg),60422170-b51e-4c4c-958d-80f1105c5063
Potatoes (Imilla),Bolivia (Plurinational State of),Trinidad,WHOLESALE,2014-03-01,23.18,Spanish quintal (46 kg),eefd2ad6-5d87-48f9-a9eb-0622e38cddaf
Potatoes (Imilla),Bolivia (Plurinational State of),Cochabamba,WHOLESALE,2014-04-01,17.29,Spanish quintal (46 kg),31c72748-007d-4502-a390-c4275436b512
Potatoes (Imilla),Bolivia (Plurinational State of),La Paz,WHOLESALE,2014-04-01,18.05,Spanish quintal (46 kg),7066fed1-f4d6-46f4-babe-ca2cb3a44ede
Potatoes (Imilla),Bolivia (Plurinational State of),Oruro,WHOLESALE,2014-04-01,17.04,Spanish quintal (46 kg),63228be8-f4d2-42d8-8be0-44156fa46a1c
Potatoes (Imilla),Bolivia (Plurinational State of),Santa Cruz,WHOLESALE,2014-04-01,17.69,Spanish quintal (46 kg),60422170-b51e-4c4c-958d-80f1105c5063
Potatoes (Imilla),Bolivia (Plurinational State of),Trinidad,WHOLESALE,2014-04-01,23.37,Spanish quintal (46 kg),eefd2ad6-5d87-48f9-a9eb-0622e38cddaf
Potatoes (Imilla),Bolivia (Plurinational State of),Cochabamba,WHOLESALE,2014-05-01,22.75,Spanish quintal (46 kg),31c72748-007d-4502-a390-c4275436b512
Potatoes (Imilla),Bolivia (Plurinational State of),La Paz,WHOLESALE,2014-05-01,22.01,Spanish quintal (46 kg),7066fed1-f4d6-46f4-babe-ca2cb3a44ede
Potatoes (Imilla),Bolivia (Plurinational State of),Oruro,WHOLESALE,2014-05-01,19.32,Spanish quintal (46 kg),63228be8-f4d2-42d8-8be0-44156fa46a1c
Potatoes (Imilla),Bolivia (Plurinational State of),Santa Cruz,WHOLESALE,2014-05-01,21.98,Spanish quintal (46 kg),60422170-b51e-4c4c-958d-80f1105c5063
Potatoes (Imilla),Bolivia (Plurinational State of),Trinidad,WHOLESALE,2014-05-01,27.51,Spanish quintal (46 kg),eefd2ad6-5d87-48f9-a9eb-0622e38cddaf
Potatoes (Imilla),Bolivia (Plurinational State of),Cochabamba,WHOLESALE,2014-06-01,24.72,Spanish quintal (46 kg),31c72748-007d-4502-a390-c4275436b512
Potatoes (Imilla),Bolivia (Plurinational State of),La Paz,WHOLESALE,2014-06-01,22.77,Spanish quintal (46 kg),7066fed1-f4d6-46f4-babe-ca2cb3a44ede
Potatoes (Imilla),Bolivia (Plurinational State of),Oruro,WHOLESALE,2014-06-01,24.07,Spanish quintal (46 kg),63228be8-f4d2-42d8-8be0-44156fa46a1c
Potatoes (Imilla),Bolivia (Plurinational State of),Santa Cruz,WHOLESALE,2014-06-01,25.24,Spanish quintal (46 kg),60422170-b51e-4c4c-958d-80f1105c5063
Potatoes (Imilla),Bolivia (Plurinational State of),Trinidad,WHOLESALE,2014-06-01,34.06,Spanish quintal (46 kg),eefd2ad6-5d87-48f9-a9eb-0622e38cddaf
Potatoes (Imilla),Bolivia (Plurinational State of),Cochabamba,WHOLESALE,2014-07-01,24.94,Spanish quintal (46 kg),31c72748-007d-4502-a390-c4275436b512
Potatoes (Imilla),Bolivia (Plurinational State of),La Paz,WHOLESALE,2014-07-01,22.56,Spanish quintal (46 kg),7066fed1-f4d6-46f4-babe-ca2cb3a44ede
Potatoes (Imilla),Bolivia (Plurinational State of),Oruro,WHOLESALE,2014-07-01,25.0,Spanish quintal (46 kg),63228be8-f4d2-42d8-8be0-44156fa46a1c
Potatoes (Imilla),Bolivia (Plurinational State of),Santa Cruz,WHOLESALE,2014-07-01,25.01,Spanish quintal (46 kg),60422170-b51e-4c4c-958d-80f1105c5063
Potatoes (Imilla),Bolivia (Plurinational State of),Trinidad,WHOLESALE,2014-07-01,33.5,Spanish quintal (46 kg),eefd2ad6-5d87-48f9-a9eb-0622e38cddaf
Potatoes (Imilla),Bolivia (Plurinational State of),Cochabamba,WHOLESALE,2014-08-01,25.06,Spanish quintal (46 kg),31c72748-007d-4502-a390-c4275436b512
Potatoes (Imilla),Bolivia (Plurinational State of),La Paz,WHOLESALE,2014-08-01,22.58,Spanish quintal (46 kg),7066fed1-f4d6-46f4-babe-ca2cb3a44ede
Potatoes (Imilla),Bolivia (Plurinational State of),Oruro,WHOLESALE,2014-08-01,22.26,Spanish quintal (46 kg),63228be8-f4d2-42d8-8be0-44156fa46a1c
Potatoes (Imilla),Bolivia (Plurinational State of),Santa Cruz,WHOLESALE,2014-08-01,23.87,Spanish quintal (46 kg),60422170-b51e-4c4c-958d-80f1105c5063
Potatoes (Imilla),Bolivia (Plurinational State of),Trinidad,WHOLESALE,2014-08-01,32.17,Spanish quintal (46 kg),eefd2ad6-5d87-48f9-a9eb-0622e38cddaf
Potatoes (Imilla),Bolivia (Plurinational State of),Cochabamba,WHOLESALE,2014-09-01,26.0,Spanish quintal (46 kg),31c72748-007d-4502-a390-c4275436b512
Potatoes (Imilla),Bolivia (Plurinational State of),La Paz,WHOLESALE,2014-09-01,23.47,Spanish quintal (46 kg),7066fed1-f4d6-46f4-babe-ca2cb3a44ede
Potatoes (Imilla),Bolivia (Plurinational State of),Oruro,WHOLESALE,2014-09-01,20.12,Spanish quintal (46 kg),63228be8-f4d2-42d8-8be0-44156fa46a1c
Potatoes (Imilla),Bolivia (Plurinational State of),Santa Cruz,WHOLESALE,2014-09-01,21.16,Spanish quintal (46 kg),60422170-b51e-4c4c-958d-80f1105c5063
Potatoes (Imilla),Bolivia (Plurinational State of),Trinidad,WHOLESALE,2014-09-01,30.17,Spanish quintal (46 kg),eefd2ad6-5d87-48f9-a9eb-0622e38cddaf
Potatoes (Imilla),Bolivia (Plurinational State of),Cochabamba,WHOLESALE,2014-10-01,24.3,Spanish quintal (46 kg),31c72748-007d-4502-a390-c4275436b512
Potatoes (Imilla),Bolivia (Plurinational State of),La Paz,WHOLESALE,2014-10-01,23.44,Spanish quintal (46 kg),7066fed1-f4d6-46f4-babe-ca2cb3a44ede
Potatoes (Imilla),Bolivia (Plurinational State of),Oruro,WHOLESALE,2014-10-01,19.42,Spanish quintal (46 kg),63228be8-f4d2-42d8-8be0-44156fa46a1c
Potatoes (Imilla),Bolivia (Plurinational State of),Santa Cruz,WHOLESALE,2014-10-01,19.83,Spanish quintal (46 kg),60422170-b51e-4c4c-958d-80f1105c5063
Potatoes (Imilla),Bolivia (Plurinational State of),Trinidad,WHOLESALE,2014-10-01,29.01,Spanish quintal (46 kg),eefd2ad6-5d87-48f9-a9eb-0622e38cddaf
Potatoes (Imilla),Bolivia (Plurinational State of),Cochabamba,WHOLESALE,2014-11-01,20.51,Spanish quintal (46 kg),31c72748-007d-4502-a390-c4275436b512
Potatoes (Imilla),Bolivia (Plurinational State of),La Paz,WHOLESALE,2014-11-01,21.5,Spanish quintal (46 kg),7066fed1-f4d6-46f4-babe-ca2cb3a44ede
Potatoes (Imilla),Bolivia (Plurinational State of),Oruro,WHOLESALE,2014-11-01,18.96,Spanish quintal (46 kg),63228be8-f4d2-42d8-8be0-44156fa46a1c
Potatoes (Imilla),Bolivia (Plurinational State of),Santa Cruz,WHOLESALE,2014-11-01,18.16,Spanish quintal (46 kg),60422170-b51e-4c4c-958d-80f1105c5063
Potatoes (Imilla),Bolivia (Plurinational State of),Trinidad,WHOLESALE,2014-11-01,28.3,Spanish quintal (46 kg),eefd2ad6-5d87-48f9-a9eb-0622e38cddaf
Potatoes (Imilla),Bolivia (Plurinational State of),Cochabamba,WHOLESALE,2014-12-01,21.99,Spanish quintal (46 kg),31c72748-007d-4502-a390-c4275436b512
Potatoes (Imilla),Bolivia (Plurinational State of),La Paz,WHOLESALE,2014-12-01,21.96,Spanish quintal (46 kg),7066fed1-f4d6-46f4-babe-ca2cb3a44ede
Potatoes (Imilla),Bolivia (Plurinational State of),Oruro,WHOLESALE,2014-12-01,21.1,Spanish quintal (46 kg),63228be8-f4d2-42d8-8be0-44156fa46a1c
Potatoes (Imilla),Bolivia (Plurinational State of),Santa Cruz,WHOLESALE,2014-12-01,18.51,Spanish quintal (46 kg),60422170-b51e-4c4c-958d-80f1105c5063
Potatoes (Imilla),Bolivia (Plurinational State of),Trinidad,WHOLESALE,2014-12-01,29.02,Spanish quintal (46 kg),eefd2ad6-5d87-48f9-a9eb-0622e38cddaf
Potatoes (Imilla),Bolivia (Plurinational State of),Cochabamba,WHOLESALE,2015-01-01,23.58,Spanish quintal (46 kg),31c72748-007d-4502-a390-c4275436b512
Potatoes (Imilla),Bolivia (Plurinational State of),La Paz,WHOLESALE,2015-01-01,25.09,Spanish quintal (46 kg),7066fed1-f4d6-46f4-babe-ca2cb3a44ede
Potatoes (Imilla),Bolivia (Plurinational State of),Oruro,WHOLESALE,2015-01-01,24.05,Spanish quintal (46 kg),63228be8-f4d2-42d8-8be0-44156fa46a1c
Potatoes (Imilla),Bolivia (Plurinational State of),Santa Cruz,WHOLESALE,2015-01-01,20.55,Spanish quintal (46 kg),60422170-b51e-4c4c-958d-80f1105c5063
Potatoes (Imilla),Bolivia (Plurinational State of),Trinidad,WHOLESALE,2015-01-01,32.57,Spanish quintal (46 kg),eefd2ad6-5d87-48f9-a9eb-0622e38cddaf
Potatoes (Imilla),Bolivia (Plurinational State of),Cochabamba,WHOLESALE,2015-02-01,22.37,Spanish quintal (46 kg),31c72748-007d-4502-a390-c4275436b512
Potatoes (Imilla),Bolivia (Plurinational State of),La Paz,WHOLESALE,2015-02-01,24.58,Spanish quintal (46 kg),7066fed1-f4d6-46f4-babe-ca2cb3a44ede
Potatoes (Imilla),Bolivia (Plurinational State of),Oruro,WHOLESALE,2015-02-01,23.72,Spanish quintal (46 kg),63228be8-f4d2-42d8-8be0-44156fa46a1c
Potatoes (Imilla),Bolivia (Plurinational State of),Santa Cruz,WHOLESALE,2015-02-01,20.72,Spanish quintal (46 kg),60422170-b51e-4c4c-958d-80f1105c5063
Potatoes (Imilla),Bolivia (Plurinational State of),Trinidad,WHOLESALE,2015-02-01,32.2,Spanish quintal (46 kg),eefd2ad6-5d87-48f9-a9eb-0622e38cddaf
Potatoes (Imilla),Bolivia (Plurinational State of),Cochabamba,WHOLESALE,2015-03-01,19.09,Spanish quintal (46 kg),31c72748-007d-4502-a390-c4275436b512
Potatoes (Imilla),Bolivia (Plurinational State of),La Paz,WHOLESALE,2015-03-01,21.25,Spanish quintal (46 kg),7066fed1-f4d6-46f4-babe-ca2cb3a44ede
Potatoes (Imilla),Bolivia (Plurinational State of),Oruro,WHOLESALE,2015-03-01,22.12,Spanish quintal (46 kg),63228be8-f4d2-42d8-8be0-44156fa46a1c
Potatoes (Imilla),Bolivia (Plurinational State of),Santa Cruz,WHOLESALE,2015-03-01,21.46,Spanish quintal (46 kg),60422170-b51e-4c4c-958d-80f1105c5063
Potatoes (Imilla),Bolivia (Plurinational State of),Trinidad,WHOLESALE,2015-03-01,29.9,Spanish quintal (46 kg),eefd2ad6-5d87-48f9-a9eb-0622e38cddaf
Potatoes (Imilla),Bolivia (Plurinational State of),Cochabamba,WHOLESALE,2015-04-01,16.6,Spanish quintal (46 kg),31c72748-007d-4502-a390-c4275436b512
Potatoes (Imilla),Bolivia (Plurinational State of),La Paz,WHOLESALE,2015-04-01,18.26,Spanish quintal (46 kg),7066fed1-f4d6-46f4-babe-ca2cb3a44ede
Potatoes (Imilla),Bolivia (Plurinational State of),Oruro,WHOLESALE,2015-04-01,20.09,Spanish quintal (46 kg),63228be8-f4d2-42d8-8be0-44156fa46a1c
Potatoes (Imilla),Bolivia (Plurinational State of),Santa Cruz,WHOLESALE,2015-04-01,19.5,Spanish quintal (46 kg),60422170-b51e-4c4c-958d-80f1105c5063
Potatoes (Imilla),Bolivia (Plurinational State of),Trinidad,WHOLESALE,2015-04-01,27.09,Spanish quintal (46 kg),eefd2ad6-5d87-48f9-a9eb-0622e38cddaf
Potatoes (Imilla),Bolivia (Plurinational State of),Cochabamba,WHOLESALE,2015-05-01,14.57,Spanish quintal (46 kg),31c72748-007d-4502-a390-c4275436b512
Potatoes (Imilla),Bolivia (Plurinational State of),La Paz,WHOLESALE,2015-05-01,17.35,Spanish quintal (46 kg),7066fed1-f4d6-46f4-babe-ca2cb3a44ede
Potatoes (Imilla),Bolivia (Plurinational State of),Oruro,WHOLESALE,2015-05-01,19.63,Spanish quintal (46 kg),63228be8-f4d2-42d8-8be0-44156fa46a1c
Potatoes (Imilla),Bolivia (Plurinational State of),Santa Cruz,WHOLESALE,2015-05-01,17.61,Spanish quintal (46 kg),60422170-b51e-4c4c-958d-80f1105c5063
Potatoes (Imilla),Bolivia (Plurinational State of),Trinidad,WHOLESALE,2015-05-01,25.45,Spanish quintal (46 kg),eefd2ad6-5d87-48f9-a9eb-0622e38cddaf
Potatoes (Imilla),Bolivia (Plurinational State of),Cochabamba,WHOLESALE,2015-06-01,15.09,Spanish quintal (46 kg),31c72748-007d-4502-a390-c4275436b512
Potatoes (Imilla),Bolivia (Plurinational State of),La Paz,WHOLESALE,2015-06-01,17.55,Spanish quintal (46 kg),7066fed1-f4d6-46f4-babe-ca2cb3a44ede
Potatoes (Imilla),Bolivia (Plurinational State of),Oruro,WHOLESALE,2015-06-01,18.73,Spanish quintal (46 kg),63228be8-f4d2-42d8-8be0-44156fa46a1c
Potatoes (Imilla),Bolivia (Plurinational State of),Santa Cruz,WHOLESALE,2015-06-01,17.25,Spanish quintal (46 kg),60422170-b51e-4c4c-958d-80f1105c5063
Potatoes (Imilla),Bolivia (Plurinational State of),Trinidad,WHOLESALE,2015-06-01,25.16,Spanish quintal (46 kg),eefd2ad6-5d87-48f9-a9eb-0622e38cddaf
Potatoes (Imilla),Bolivia (Plurinational State of),Cochabamba,WHOLESALE,2015-07-01,14.72,Spanish quintal (46 kg),31c72748-007d-4502-a390-c4275436b512
Potatoes (Imilla),Bolivia (Plurinational State of),La Paz,WHOLESALE,2015-07-01,17.93,Spanish quintal (46 kg),7066fed1-f4d6-46f4-babe-ca2cb3a44ede
Potatoes (Imilla),Bolivia (Plurinational State of),Oruro,WHOLESALE,2015-07-01,17.37,Spanish quintal (46 kg),63228be8-f4d2-42d8-8be0-44156fa46a1c
Potatoes (Imilla),Bolivia (Plurinational State of),Santa Cruz,WHOLESALE,2015-07-01,17.22,Spanish quintal (46 kg),60422170-b51e-4c4c-958d-80f1105c5063
Potatoes (Imilla),Bolivia (Plurinational State of),Trinidad,WHOLESALE,2015-07-01,23.23,Spanish quintal (46 kg),eefd2ad6-5d87-48f9-a9eb-0622e38cddaf
Potatoes (Imilla),Bolivia (Plurinational State of),Cochabamba,WHOLESALE,2015-08-01,13.94,Spanish quintal (46 kg),31c72748-007d-4502-a390-c4275436b512
Potatoes (Imilla),Bolivia (Plurinational State of),La Paz,WHOLESALE,2015-08-01,18.0,Spanish quintal (46 kg),7066fed1-f4d6-46f4-babe-ca2cb3a44ede
Potatoes (Imilla),Bolivia (Plurinational State of),Oruro,WHOLESALE,2015-08-01,16.54,Spanish quintal (46 kg),63228be8-f4d2-42d8-8be0-44156fa46a1c
Potatoes (Imilla),Bolivia (Plurinational State of),Santa Cruz,WHOLESALE,2015-08-01,16.72,Spanish quintal (46 kg),60422170-b51e-4c4c-958d-80f1105c5063
Potatoes (Imilla),Bolivia (Plurinational State of),Trinidad,WHOLESALE,2015-08-01,24.29,Spanish quintal (46 kg),eefd2ad6-5d87-48f9-a9eb-0622e38cddaf
Potatoes (Imilla),Bolivia (Plurinational State of),Cochabamba,WHOLESALE,2015-09-01,13.11,Spanish quintal (46 kg),31c72748-007d-4502-a390-c4275436b512
Potatoes (Imilla),Bolivia (Plurinational State of),La Paz,WHOLESALE,2015-09-01,17.91,Spanish quintal (46 kg),7066fed1-f4d6-46f4-babe-ca2cb3a44ede
Potatoes (Imilla),Bolivia (Plurinational State of),Oruro,WHOLESALE,2015-09-01,16.28,Spanish quintal (46 kg),63228be8-f4d2-42d8-8be0-44156fa46a1c
Potatoes (Imilla),Bolivia (Plurinational State of),Santa Cruz,WHOLESALE,2015-09-01,15.99,Spanish quintal (46 kg),60422170-b51e-4c4c-958d-80f1105c5063
Potatoes (Imilla),Bolivia (Plurinational State of),Trinidad,WHOLESALE,2015-09-01,26.08,Spanish quintal (46 kg),eefd2ad6-5d87-48f9-a9eb-0622e38cddaf
Potatoes (Imilla),Bolivia (Plurinational State of),Cochabamba,WHOLESALE,2015-10-01,18.68,Spanish quintal (46 kg),31c72748-007d-4502-a390-c4275436b512
Potatoes (Imilla),Bolivia (Plurinational State of),La Paz,WHOLESALE,2015-10-01,19.91,Spanish quintal (46 kg),7066fed1-f4d6-46f4-babe-ca2cb3a44ede
Potatoes (Imilla),Bolivia (Plurinational State of),Oruro,WHOLESALE,2015-10-01,16.39,Spanish quintal (46 kg),63228be8-f4d2-42d8-8be0-44156fa46a1c
Potatoes (Imilla),Bolivia (Plurinational State of),Santa Cruz,WHOLESALE,2015-10-01,17.98,Spanish quintal (46 kg),60422170-b51e-4c4c-958d-80f1105c5063
Potatoes (Imilla),Bolivia (Plurinational State of),Trinidad,WHOLESALE,2015-10-01,29.71,Spanish quintal (46 kg),eefd2ad6-5d87-48f9-a9eb-0622e38cddaf
Potatoes (Imilla),Bolivia (Plurinational State of),Cochabamba,WHOLESALE,2015-11-01,25.18,Spanish quintal (46 kg),31c72748-007d-4502-a390-c4275436b512
Potatoes (Imilla),Bolivia (Plurinational State of),La Paz,WHOLESALE,2015-11-01,24.02,Spanish quintal (46 kg),7066fed1-f4d6-46f4-babe-ca2cb3a44ede
Potatoes (Imilla),Bolivia (Plurinational State of),Oruro,WHOLESALE,2015-11-01,21.04,Spanish quintal (46 kg),63228be8-f4d2-42d8-8be0-44156fa46a1c
Potatoes (Imilla),Bolivia (Plurinational State of),Santa Cruz,WHOLESALE,2015-11-01,21.23,Spanish quintal (46 kg),60422170-b51e-4c4c-958d-80f1105c5063
Potatoes (Imilla),Bolivia (Plurinational State of),Trinidad,WHOLESALE,2015-11-01,32.71,Spanish quintal (46 kg),eefd2ad6-5d87-48f9-a9eb-0622e38cddaf
Potatoes (Imilla),Bolivia (Plurinational State of),Cochabamba,WHOLESALE,2015-12-01,27.24,Spanish quintal (46 kg),31c72748-007d-4502-a390-c4275436b512
Potatoes (Imilla),Bolivia (Plurinational State of),La Paz,WHOLESALE,2015-12-01,26.48,Spanish quintal (46 kg),7066fed1-f4d6-46f4-babe-ca2cb3a44ede
Potatoes (Imilla),Bolivia (Plurinational State of),Oruro,WHOLESALE,2015-12-01,24.49,Spanish quintal (46 kg),63228be8-f4d2-42d8-8be0-44156fa46a1c
Potatoes (Imilla),Bolivia (Plurinational State of),Santa Cruz,WHOLESALE,2015-12-01,22.11,Spanish quintal (46 kg),60422170-b51e-4c4c-958d-80f1105c5063
Potatoes (Imilla),Bolivia (Plurinational State of),Trinidad,WHOLESALE,2015-12-01,32.05,Spanish quintal (46 kg),eefd2ad6-5d87-48f9-a9eb-0622e38cddaf
Potatoes (Imilla),Bolivia (Plurinational State of),Cochabamba,WHOLESALE,2016-01-01,24.68,Spanish quintal (46 kg),31c72748-007d-4502-a390-c4275436b512
Potatoes (Imilla),Bolivia (Plurinational State of),La Paz,WHOLESALE,2016-01-01,23.24,Spanish quintal (46 kg),7066fed1-f4d6-46f4-babe-ca2cb3a44ede
Potatoes (Imilla),Bolivia (Plurinational State of),Oruro,WHOLESALE,2016-01-01,23.15,Spanish quintal (46 kg),63228be8-f4d2-42d8-8be0-44156fa46a1c
Potatoes (Imilla),Bolivia (Plurinational State of),Santa Cruz,WHOLESALE,2016-01-01,23.44,Spanish quintal (46 kg),60422170-b51e-4c4c-958d-80f1105c5063
Potatoes (Imilla),Bolivia (Plurinational State of),Trinidad,WHOLESALE,2016-01-01,32.92,Spanish quintal (46 kg),eefd2ad6-5d87-48f9-a9eb-0622e38cddaf
Potatoes (Imilla),Bolivia (Plurinational State of),Cochabamba,WHOLESALE,2016-02-01,21.51,Spanish quintal (46 kg),31c72748-007d-4502-a390-c4275436b512
Potatoes (Imilla),Bolivia (Plurinational State of),La Paz,WHOLESALE,2016-02-01,21.74,Spanish quintal (46 kg),7066fed1-f4d6-46f4-babe-ca2cb3a44ede
Potatoes (Imilla),Bolivia (Plurinational State of),Oruro,WHOLESALE,2016-02-01,22.05,Spanish quintal (46 kg),63228be8-f4d2-42d8-8be0-44156fa46a1c
Potatoes (Imilla),Bolivia (Plurinational State of),Santa Cruz,WHOLESALE,2016-02-01,24.51,Spanish quintal (46 kg),60422170-b51e-4c4c-958d-80f1105c5063
Potatoes (Imilla),Bolivia (Plurinational State of),Trinidad,WHOLESALE,2016-02-01,32.66,Spanish quintal (46 kg),eefd2ad6-5d87-48f9-a9eb-0622e38cddaf
Potatoes (Imilla),Bolivia (Plurinational State of),Cochabamba,WHOLESALE,2016-03-01,17.77,Spanish quintal (46 kg),31c72748-007d-4502-a390-c4275436b512
Potatoes (Imilla),Bolivia (Plurinational State of),La Paz,WHOLESALE,2016-03-01,21.14,Spanish quintal (46 kg),7066fed1-f4d6-46f4-babe-ca2cb3a44ede
Potatoes (Imilla),Bolivia (Plurinational State of),Oruro,WHOLESALE,2016-03-01,19.97,Spanish quintal (46 kg),63228be8-f4d2-42d8-8be0-44156fa46a1c
Potatoes (Imilla),Bolivia (Plurinational State of),Santa Cruz,WHOLESALE,2016-03-01,22.51,Spanish quintal (46 kg),60422170-b51e-4c4c-958d-80f1105c5063
Potatoes (Imilla),Bolivia (Plurinational State of),Trinidad,WHOLESALE,2016-03-01,26.8,Spanish quintal (46 kg),eefd2ad6-5d87-48f9-a9eb-0622e38cddaf
Potatoes (Imilla),Bolivia (Plurinational State of),Cochabamba,WHOLESALE,2016-04-01,17.66,Spanish quintal (46 kg),31c72748-007d-4502-a390-c4275436b512
Potatoes (Imilla),Bolivia (Plurinational State of),La Paz,WHOLESALE,2016-04-01,20.03,Spanish quintal (46 kg),7066fed1-f4d6-46f4-babe-ca2cb3a44ede
Potatoes (Imilla),Bolivia (Plurinational State of),Oruro,WHOLESALE,2016-04-01,18.7,Spanish quintal (46 kg),63228be8-f4d2-42d8-8be0-44156fa46a1c
Potatoes (Imilla),Bolivia (Plurinational State of),Santa Cruz,WHOLESALE,2016-04-01,20.62,Spanish quintal (46 kg),60422170-b51e-4c4c-958d-80f1105c5063
Potatoes (Imilla),Bolivia (Plurinational State of),Trinidad,WHOLESALE,2016-04-01,24.55,Spanish quintal (46 kg),eefd2ad6-5d87-48f9-a9eb-0622e38cddaf
Potatoes (Imilla),Bolivia (Plurinational State of),Cochabamba,WHOLESALE,2016-05-01,21.95,Spanish quintal (46 kg),31c72748-007d-4502-a390-c4275436b512
Potatoes (Imilla),Bolivia (Plurinational State of),La Paz,WHOLESALE,2016-05-01,21.27,Spanish quintal (46 kg),7066fed1-f4d6-46f4-babe-ca2cb3a44ede
Potatoes (Imilla),Bolivia (Plurinational State of),Oruro,WHOLESALE,2016-05-01,23.0,Spanish quintal (46 kg),63228be8-f4d2-42d8-8be0-44156fa46a1c
Potatoes (Imilla),Bolivia (Plurinational State of),Santa Cruz,WHOLESALE,2016-05-01,21.3,Spanish quintal (46 kg),60422170-b51e-4c4c-958d-80f1105c5063
Potatoes (Imilla),Bolivia (Plurinational State of),Trinidad,WHOLESALE,2016-05-01,24.6,Spanish quintal (46 kg),eefd2ad6-5d87-48f9-a9eb-0622e38cddaf
Potatoes (Imilla),Bolivia (Plurinational State of),Cochabamba,WHOLESALE,2016-06-01,24.24,Spanish quintal (46 kg),31c72748-007d-4502-a390-c4275436b512
Potatoes (Imilla),Bolivia (Plurinational State of),La Paz,WHOLESALE,2016-06-01,24.85,Spanish quintal (46 kg),7066fed1-f4d6-46f4-babe-ca2cb3a44ede
Potatoes (Imilla),Bolivia (Plurinational State of),Oruro,WHOLESALE,2016-06-01,25.06,Spanish quintal (46 kg),63228be8-f4d2-42d8-8be0-44156fa46a1c
Potatoes (Imilla),Bolivia (Plurinational State of),Santa Cruz,WHOLESALE,2016-06-01,23.59,Spanish quintal (46 kg),60422170-b51e-4c4c-958d-80f1105c5063
Potatoes (Imilla),Bolivia (Plurinational State of),Trinidad,WHOLESALE,2016-06-01,28.65,Spanish quintal (46 kg),eefd2ad6-5d87-48f9-a9eb-0622e38cddaf
Potatoes (Imilla),Bolivia (Plurinational State of),Cochabamba,WHOLESALE,2016-07-01,25.56,Spanish quintal (46 kg),31c72748-007d-4502-a390-c4275436b512
Potatoes (Imilla),Bolivia (Plurinational State of),La Paz,WHOLESALE,2016-07-01,26.97,Spanish quintal (46 kg),7066fed1-f4d6-46f4-babe-ca2cb3a44ede
Potatoes (Imilla),Bolivia (Plurinational State of),Oruro,WHOLESALE,2016-07-01,29.03,Spanish quintal (46 kg),63228be8-f4d2-42d8-8be0-44156fa46a1c
Potatoes (Imilla),Bolivia (Plurinational State of),Santa Cruz,WHOLESALE,2016-07-01,25.76,Spanish quintal (46 kg),60422170-b51e-4c4c-958d-80f1105c5063
Potatoes (Imilla),Bolivia (Plurinational State of),Trinidad,WHOLESALE,2016-07-01,31.89,Spanish quintal (46 kg),eefd2ad6-5d87-48f9-a9eb-0622e38cddaf
Potatoes (Imilla),Bolivia (Plurinational State of),Cochabamba,WHOLESALE,2016-08-01,29.95,Spanish quintal (46 kg),31c72748-007d-4502-a390-c4275436b512
Potatoes (Imilla),Bolivia (Plurinational State of),La Paz,WHOLESALE,2016-08-01,29.97,Spanish quintal (46 kg),7066fed1-f4d6-46f4-babe-ca2cb3a44ede
Potatoes (Imilla),Bolivia (Plurinational State of),Oruro,WHOLESALE,2016-08-01,33.33,Spanish quintal (46 kg),63228be8-f4d2-42d8-8be0-44156fa46a1c
Potatoes (Imilla),Bolivia (Plurinational State of),Santa Cruz,WHOLESALE,2016-08-01,29.12,Spanish quintal (46 kg),60422170-b51e-4c4c-958d-80f1105c5063
Potatoes (Imilla),Bolivia (Plurinational State of),Trinidad,WHOLESALE,2016-08-01,35.23,Spanish quintal (46 kg),eefd2ad6-5d87-48f9-a9eb-0622e38cddaf
Potatoes (Imilla),Bolivia (Plurinational State of),Cochabamba,WHOLESALE,2016-09-01,31.2,Spanish quintal (46 kg),31c72748-007d-4502-a390-c4275436b512
Potatoes (Imilla),Bolivia (Plurinational State of),La Paz,WHOLESALE,2016-09-01,34.92,Spanish quintal (46 kg),7066fed1-f4d6-46f4-babe-ca2cb3a44ede
Potatoes (Imilla),Bolivia (Plurinational State of),Oruro,WHOLESALE,2016-09-01,37.74,Spanish quintal (46 kg),63228be8-f4d2-42d8-8be0-44156fa46a1c
Potatoes (Imilla),Bolivia (Plurinational State of),Santa Cruz,WHOLESALE,2016-09-01,30.03,Spanish quintal (46 kg),60422170-b51e-4c4c-958d-80f1105c5063
Potatoes (Imilla),Bolivia (Plurinational State of),Trinidad,WHOLESALE,2016-09-01,35.73,Spanish quintal (46 kg),eefd2ad6-5d87-48f9-a9eb-0622e38cddaf
Potatoes (Imilla),Bolivia (Plurinational State of),Cochabamba,WHOLESALE,2016-10-01,38.62,Spanish quintal (46 kg),31c72748-007d-4502-a390-c4275436b512
Potatoes (Imilla),Bolivia (Plurinational State of),La Paz,WHOLESALE,2016-10-01,35.97,Spanish quintal (46 kg),7066fed1-f4d6-46f4-babe-ca2cb3a44ede
Potatoes (Imilla),Bolivia (Plurinational State of),Oruro,WHOLESALE,2016-10-01,37.17,Spanish quintal (46 kg),63228be8-f4d2-42d8-8be0-44156fa46a1c
Potatoes (Imilla),Bolivia (Plurinational State of),Santa Cruz,WHOLESALE,2016-10-01,35.85,Spanish quintal (46 kg),60422170-b51e-4c4c-958d-80f1105c5063
Potatoes (Imilla),Bolivia (Plurinational State of),Trinidad,WHOLESALE,2016-10-01,38.8,Spanish quintal (46 kg),eefd2ad6-5d87-48f9-a9eb-0622e38cddaf
Potatoes (Imilla),Bolivia (Plurinational State of),Cochabamba,WHOLESALE,2016-11-01,39.89,Spanish quintal (46 kg),31c72748-007d-4502-a390-c4275436b512
Potatoes (Imilla),Bolivia (Plurinational State of),La Paz,WHOLESALE,2016-11-01,37.85,Spanish quintal (46 kg),7066fed1-f4d6-46f4-babe-ca2cb3a44ede
Potatoes (Imilla),Bolivia (Plurinational State of),Oruro,WHOLESALE,2016-11-01,35.86,Spanish quintal (46 kg),63228be8-f4d2-42d8-8be0-44156fa46a1c
Potatoes (Imilla),Bolivia (Plurinational State of),Santa Cruz,WHOLESALE,2016-11-01,35.36,Spanish quintal (46 kg),60422170-b51e-4c4c-958d-80f1105c5063
Potatoes (Imilla),Bolivia (Plurinational State of),Trinidad,WHOLESALE,2016-11-01,41.1,Spanish quintal (46 kg),eefd2ad6-5d87-48f9-a9eb-0622e38cddaf
Potatoes (Imilla),Bolivia (Plurinational State of),Cochabamba,WHOLESALE,2016-12-01,34.4,Spanish quintal (46 kg),31c72748-007d-4502-a390-c4275436b512
Potatoes (Imilla),Bolivia (Plurinational State of),La Paz,WHOLESALE,2016-12-01,33.72,Spanish quintal (46 kg),7066fed1-f4d6-46f4-babe-ca2cb3a44ede
Potatoes (Imilla),Bolivia (Plurinational State of),Oruro,WHOLESALE,2016-12-01,31.53,Spanish quintal (46 kg),63228be8-f4d2-42d8-8be0-44156fa46a1c
Potatoes (Imilla),Bolivia (Plurinational State of),Santa Cruz,WHOLESALE,2016-12-01,32.31,Spanish quintal (46 kg),60422170-b51e-4c4c-958d-80f1105c5063
Potatoes (Imilla),Bolivia (Plurinational State of),Trinidad,WHOLESALE,2016-12-01,46.31,Spanish quintal (46 kg),eefd2ad6-5d87-48f9-a9eb-0622e38cddaf
Potatoes (Imilla),Bolivia (Plurinational State of),Cochabamba,WHOLESALE,2017-01-01,25.25,Spanish quintal (46 kg),31c72748-007d-4502-a390-c4275436b512
Potatoes (Imilla),Bolivia (Plurinational State of),La Paz,WHOLESALE,2017-01-01,26.12,Spanish quintal (46 kg),7066fed1-f4d6-46f4-babe-ca2cb3a44ede
Potatoes (Imilla),Bolivia (Plurinational State of),Oruro,WHOLESALE,2017-01-01,25.54,Spanish quintal (46 kg),63228be8-f4d2-42d8-8be0-44156fa46a1c
Potatoes (Imilla),Bolivia (Plurinational State of),Santa Cruz,WHOLESALE,2017-01-01,24.0,Spanish quintal (46 kg),60422170-b51e-4c4c-958d-80f1105c5063
Potatoes (Imilla),Bolivia (Plurinational State of),Trinidad,WHOLESALE,2017-01-01,37.63,Spanish quintal (46 kg),eefd2ad6-5d87-48f9-a9eb-0622e38cddaf
Potatoes (Imilla),Bolivia (Plurinational State of),Cochabamba,WHOLESALE,2017-02-01,18.9,Spanish quintal (46 kg),31c72748-007d-4502-a390-c4275436b512
Potatoes (Imilla),Bolivia (Plurinational State of),La Paz,WHOLESALE,2017-02-01,21.71,Spanish quintal (46 kg),7066fed1-f4d6-46f4-babe-ca2cb3a44ede
Potatoes (Imilla),Bolivia (Plurinational State of),Oruro,WHOLESALE,2017-02-01,22.75,Spanish quintal (46 kg),63228be8-f4d2-42d8-8be0-44156fa46a1c
Potatoes (Imilla),Bolivia (Plurinational State of),Santa Cruz,WHOLESALE,2017-02-01,23.42,Spanish quintal (46 kg),60422170-b51e-4c4c-958d-80f1105c5063
Potatoes (Imilla),Bolivia (Plurinational State of),Trinidad,WHOLESALE,2017-02-01,35.32,Spanish quintal (46 kg),eefd2ad6-5d87-48f9-a9eb-0622e38cddaf
Potatoes (Imilla),Bolivia (Plurinational State of),Cochabamba,WHOLESALE,2017-03-01,20.11,Spanish quintal (46 kg),31c72748-007d-4502-a390-c4275436b512
Potatoes (Imilla),Bolivia (Plurinational State of),La Paz,WHOLESALE,2017-03-01,22.8,Spanish quintal (46 kg),7066fed1-f4d6-46f4-babe-ca2cb3a44ede
Potatoes (Imilla),Bolivia (Plurinational State of),Oruro,WHOLESALE,2017-03-01,23.38,Spanish quintal (46 kg),63228be8-f4d2-42d8-8be0-44156fa46a1c
Potatoes (Imilla),Bolivia (Plurinational State of),Santa Cruz,WHOLESALE,2017-03-01,23.33,Spanish quintal (46 kg),60422170-b51e-4c4c-958d-80f1105c5063
Potatoes (Imilla),Bolivia (Plurinational State of),Trinidad,WHOLESALE,2017-03-01,33.12,Spanish quintal (46 kg),eefd2ad6-5d87-48f9-a9eb-0622e38cddaf
Potatoes (Imilla),Bolivia (Plurinational State of),Cochabamba,WHOLESALE,2017-04-01,16.86,Spanish quintal (46 kg),31c72748-007d-4502-a390-c4275436b512
Potatoes (Imilla),Bolivia (Plurinational State of),La Paz,WHOLESALE,2017-04-01,19.03,Spanish quintal (46 kg),7066fed1-f4d6-46f4-babe-ca2cb3a44ede
Potatoes (Imilla),Bolivia (Plurinational State of),Oruro,WHOLESALE,2017-04-01,21.59,Spanish quintal (46 kg),63228be8-f4d2-42d8-8be0-44156fa46a1c
Potatoes (Imilla),Bolivia (Plurinational State of),Santa Cruz,WHOLESALE,2017-04-01,21.09,Spanish quintal (46 kg),60422170-b51e-4c4c-958d-80f1105c5063
Potatoes (Imilla),Bolivia (Plurinational State of),Trinidad,WHOLESALE,2017-04-01,30.89,Spanish quintal (46 kg),eefd2ad6-5d87-48f9-a9eb-0622e38cddaf
Potatoes (Imilla),Bolivia (Plurinational State of),Cochabamba,WHOLESALE,2017-05-01,16.56,Spanish quintal (46 kg),31c72748-007d-4502-a390-c4275436b512
Potatoes (Imilla),Bolivia (Plurinational State of),La Paz,WHOLESALE,2017-05-01,18.55,Spanish quintal (46 kg),7066fed1-f4d6-46f4-babe-ca2cb3a44ede
Potatoes (Imilla),Bolivia (Plurinational State of),Oruro,WHOLESALE,2017-05-01,21.0,Spanish quintal (46 kg),63228be8-f4d2-42d8-8be0-44156fa46a1c
Potatoes (Imilla),Bolivia (Plurinational State of),Santa Cruz,WHOLESALE,2017-05-01,20.06,Spanish quintal (46 kg),60422170-b51e-4c4c-958d-80f1105c5063
Potatoes (Imilla),Bolivia (Plurinational State of),Trinidad,WHOLESALE,2017-05-01,30.22,Spanish quintal (46 kg),eefd2ad6-5d87-48f9-a9eb-0622e38cddaf
Potatoes (Imilla),Bolivia (Plurinational State of),Cochabamba,WHOLESALE,2017-06-01,16.9,Spanish quintal (46 kg),31c72748-007d-4502-a390-c4275436b512
Potatoes (Imilla),Bolivia (Plurinational State of),La Paz,WHOLESALE,2017-06-01,19.44,Spanish quintal (46 kg),7066fed1-f4d6-46f4-babe-ca2cb3a44ede
Potatoes (Imilla),Bolivia (Plurinational State of),Oruro,WHOLESALE,2017-06-01,21.92,Spanish quintal (46 kg),63228be8-f4d2-42d8-8be0-44156fa46a1c
Potatoes (Imilla),Bolivia (Plurinational State of),Santa Cruz,WHOLESALE,2017-06-01,20.88,Spanish quintal (46 kg),60422170-b51e-4c4c-958d-80f1105c5063
Potatoes (Imilla),Bolivia (Plurinational State of),Trinidad,WHOLESALE,2017-06-01,31.84,Spanish quintal (46 kg),eefd2ad6-5d87-48f9-a9eb-0622e38cddaf
Potatoes (Imilla),Bolivia (Plurinational State of),Cochabamba,WHOLESALE,2017-07-01,16.96,Spanish quintal (46 kg),31c72748-007d-4502-a390-c4275436b512
Potatoes (Imilla),Bolivia (Plurinational State of),La Paz,WHOLESALE,2017-07-01,20.23,Spanish quintal (46 kg),7066fed1-f4d6-46f4-babe-ca2cb3a44ede
Potatoes (Imilla),Bolivia (Plurinational State of),Oruro,WHOLESALE,2017-07-01,22.07,Spanish quintal (46 kg),63228be8-f4d2-42d8-8be0-44156fa46a1c
Potatoes (Imilla),Bolivia (Plurinational State of),Santa Cruz,WHOLESALE,2017-07-01,20.7,Spanish quintal (46 kg),60422170-b51e-4c4c-958d-80f1105c5063
Potatoes (Imilla),Bolivia (Plurinational State of),Trinidad,WHOLESALE,2017-07-01,27.88,Spanish quintal (46 kg),eefd2ad6-5d87-48f9-a9eb-0622e38cddaf
Potatoes (Imilla),Bolivia (Plurinational State of),Cochabamba,WHOLESALE,2017-08-01,17.08,Spanish quintal (46 kg),31c72748-007d-4502-a390-c4275436b512
Potatoes (Imilla),Bolivia (Plurinational State of),La Paz,WHOLESALE,2017-08-01,20.56,Spanish quintal (46 kg),7066fed1-f4d6-46f4-babe-ca2cb3a44ede
Potatoes (Imilla),Bolivia (Plurinational State of),Oruro,WHOLESALE,2017-08-01,22.36,Spanish quintal (46 kg),63228be8-f4d2-42d8-8be0-44156fa46a1c
Potatoes (Imilla),Bolivia (Plurinational State of),Santa Cruz,WHOLESALE,2017-08-01,21.99,Spanish quintal (46 kg),60422170-b51e-4c4c-958d-80f1105c5063
Potatoes (Imilla),Bolivia (Plurinational State of),Trinidad,WHOLESALE,2017-08-01,28.94,Spanish quintal (46 kg),eefd2ad6-5d87-48f9-a9eb-0622e38cddaf
Potatoes (Imilla),Bolivia (Plurinational State of),Cochabamba,WHOLESALE,2017-09-01,17.66,Spanish quintal (46 kg),31c72748-007d-4502-a390-c4275436b512
Potatoes (Imilla),Bolivia (Plurinational State of),La Paz,WHOLESALE,2017-09-01,20.6,Spanish quintal (46 kg),7066fed1-f4d6-46f4-babe-ca2cb3a44ede
Potatoes (Imilla),Bolivia (Plurinational State of),Oruro,WHOLESALE,2017-09-01,20.79,Spanish quintal (46 kg),63228be8-f4d2-42d8-8be0-44156fa46a1c
Potatoes (Imilla),Bolivia (Plurinational State of),Santa Cruz,WHOLESALE,2017-09-01,22.0,Spanish quintal (46 kg),60422170-b51e-4c4c-958d-80f1105c5063
Potatoes (Imilla),Bolivia (Plurinational State of),Trinidad,WHOLESALE,2017-09-01,29.22,Spanish quintal (46 kg),eefd2ad6-5d87-48f9-a9eb-0622e38cddaf
Potatoes (Imilla),Bolivia (Plurinational State of),Cochabamba,WHOLESALE,2017-10-01,18.53,Spanish quintal (46 kg),31c72748-007d-4502-a390-c4275436b512
Potatoes (Imilla),Bolivia (Plurinational State of),La Paz,WHOLESALE,2017-10-01,19.61,Spanish quintal (46 kg),7066fed1-f4d6-46f4-babe-ca2cb3a44ede
Potatoes (Imilla),Bolivia (Plurinational State of),Oruro,WHOLESALE,2017-10-01,19.63,Spanish quintal (46 kg),63228be8-f4d2-42d8-8be0-44156fa46a1c
Potatoes (Imilla),Bolivia (Plurinational State of),Santa Cruz,WHOLESALE,2017-10-01,22.31,Spanish quintal (46 kg),60422170-b51e-4c4c-958d-80f1105c5063
Potatoes (Imilla),Bolivia (Plurinational State of),Trinidad,WHOLESALE,2017-10-01,28.33,Spanish quintal (46 kg),eefd2ad6-5d87-48f9-a9eb-0622e38cddaf
Potatoes (Imilla),Bolivia (Plurinational State of),Cochabamba,WHOLESALE,2017-11-01,18.4,Spanish quintal (46 kg),31c72748-007d-4502-a390-c4275436b512
Potatoes (Imilla),Bolivia (Plurinational State of),La Paz,WHOLESALE,2017-11-01,20.54,Spanish quintal (46 kg),7066fed1-f4d6-46f4-babe-ca2cb3a44ede
Potatoes (Imilla),Bolivia (Plurinational State of),Oruro,WHOLESALE,2017-11-01,17.79,Spanish quintal (46 kg),63228be8-f4d2-42d8-8be0-44156fa46a1c
Potatoes (Imilla),Bolivia (Plurinational State of),Santa Cruz,WHOLESALE,2017-11-01,22.63,Spanish quintal (46 kg),60422170-b51e-4c4c-958d-80f1105c5063
Potatoes (Imilla),Bolivia (Plurinational State of),Trinidad,WHOLESALE,2017-11-01,28.94,Spanish quintal (46 kg),eefd2ad6-5d87-48f9-a9eb-0622e38cddaf
Potatoes (Imilla),Bolivia (Plurinational State of),Cochabamba,WHOLESALE,2017-12-01,21.01,Spanish quintal (46 kg),31c72748-007d-4502-a390-c4275436b512
Potatoes (Imilla),Bolivia (Plurinational State of),La Paz,WHOLESALE,2017-12-01,21.2,Spanish quintal (46 kg),7066fed1-f4d6-46f4-babe-ca2cb3a44ede
Potatoes (Imilla),Bolivia (Plurinational State of),Oruro,WHOLESALE,2017-12-01,20.7,Spanish quintal (46 kg),63228be8-f4d2-42d8-8be0-44156fa46a1c
Potatoes (Imilla),Bolivia (Plurinational State of),Santa Cruz,WHOLESALE,2017-12-01,19.92,Spanish quintal (46 kg),60422170-b51e-4c4c-958d-80f1105c5063
Potatoes (Imilla),Bolivia (Plurinational State of),Trinidad,WHOLESALE,2017-12-01,28.94,Spanish quintal (46 kg),eefd2ad6-5d87-48f9-a9eb-0622e38cddaf
Potatoes (Imilla),Bolivia (Plurinational State of),Cochabamba,WHOLESALE,2018-01-01,20.66,Spanish quintal (46 kg),31c72748-007d-4502-a390-c4275436b512
Potatoes (Imilla),Bolivia (Plurinational State of),La Paz,WHOLESALE,2018-01-01,18.73,Spanish quintal (46 kg),7066fed1-f4d6-46f4-babe-ca2cb3a44ede
Potatoes (Imilla),Bolivia (Plurinational State of),Oruro,WHOLESALE,2018-01-01,19.44,Spanish quintal (46 kg),63228be8-f4d2-42d8-8be0-44156fa46a1c
Potatoes (Imilla),Bolivia (Plurinational State of),Santa Cruz,WHOLESALE,2018-01-01,19.68,Spanish quintal (46 kg),60422170-b51e-4c4c-958d-80f1105c5063
Potatoes (Imilla),Bolivia (Plurinational State of),Trinidad,WHOLESALE,2018-01-01,28.94,Spanish quintal (46 kg),eefd2ad6-5d87-48f9-a9eb-0622e38cddaf
Potatoes (Imilla),Bolivia (Plurinational State of),Cochabamba,WHOLESALE,2018-02-01,19.21,Spanish quintal (46 kg),31c72748-007d-4502-a390-c4275436b512
Potatoes (Imilla),Bolivia (Plurinational State of),La Paz,WHOLESALE,2018-02-01,18.82,Spanish quintal (46 kg),7066fed1-f4d6-46f4-babe-ca2cb3a44ede
Potatoes (Imilla),Bolivia (Plurinational State of),Oruro,WHOLESALE,2018-02-01,19.7,Spanish quintal (46 kg),63228be8-f4d2-42d8-8be0-44156fa46a1c
Potatoes (Imilla),Bolivia (Plurinational State of),Santa Cruz,WHOLESALE,2018-02-01,19.68,Spanish quintal (46 kg),60422170-b51e-4c4c-958d-80f1105c5063
Potatoes (Imilla),Bolivia (Plurinational State of),Cochabamba,WHOLESALE,2018-03-01,15.64,Spanish quintal (46 kg),31c72748-007d-4502-a390-c4275436b512
Potatoes (Imilla),Bolivia (Plurinational State of),La Paz,WHOLESALE,2018-03-01,17.62,Spanish quintal (46 kg),7066fed1-f4d6-46f4-babe-ca2cb3a44ede
Potatoes (Imilla),Bolivia (Plurinational State of),Oruro,WHOLESALE,2018-03-01,18.65,Spanish quintal (46 kg),63228be8-f4d2-42d8-8be0-44156fa46a1c
Potatoes (Imilla),Bolivia (Plurinational State of),Santa Cruz,WHOLESALE,2018-03-01,19.68,Spanish quintal (46 kg),60422170-b51e-4c4c-958d-80f1105c5063
Potatoes (Imilla),Bolivia (Plurinational State of),Trinidad,WHOLESALE,2018-03-01,23.31,Spanish quintal (46 kg),eefd2ad6-5d87-48f9-a9eb-0622e38cddaf
Potatoes (Imilla),Bolivia (Plurinational State of),Cochabamba,WHOLESALE,2018-04-01,13.74,Spanish quintal (46 kg),31c72748-007d-4502-a390-c4275436b512
Potatoes (Imilla),Bolivia (Plurinational State of),La Paz,WHOLESALE,2018-04-01,16.39,Spanish quintal (46 kg),7066fed1-f4d6-46f4-babe-ca2cb3a44ede
Potatoes (Imilla),Bolivia (Plurinational State of),Oruro,WHOLESALE,2018-04-01,17.39,Spanish quintal (46 kg),63228be8-f4d2-42d8-8be0-44156fa46a1c
Potatoes (Imilla),Bolivia (Plurinational State of),Santa Cruz,WHOLESALE,2018-04-01,17.55,Spanish quintal (46 kg),60422170-b51e-4c4c-958d-80f1105c5063
Potatoes (Imilla),Bolivia (Plurinational State of),Trinidad,WHOLESALE,2018-04-01,23.24,Spanish quintal (46 kg),eefd2ad6-5d87-48f9-a9eb-0622e38cddaf
Potatoes (Imilla),Bolivia (Plurinational State of),Cochabamba,WHOLESALE,2018-05-01,13.25,Spanish quintal (46 kg),31c72748-007d-4502-a390-c4275436b512
Potatoes (Imilla),Bolivia (Plurinational State of),La Paz,WHOLESALE,2018-05-01,14.83,Spanish quintal (46 kg),7066fed1-f4d6-46f4-babe-ca2cb3a44ede
Potatoes (Imilla),Bolivia (Plurinational State of),Oruro,WHOLESALE,2018-05-01,16.58,Spanish quintal (46 kg),63228be8-f4d2-42d8-8be0-44156fa46a1c
Potatoes (Imilla),Bolivia (Plurinational State of),Santa Cruz,WHOLESALE,2018-05-01,17.37,Spanish quintal (46 kg),60422170-b51e-4c4c-958d-80f1105c5063
Potatoes (Imilla),Bolivia (Plurinational State of),Trinidad,WHOLESALE,2018-05-01,22.25,Spanish quintal (46 kg),eefd2ad6-5d87-48f9-a9eb-0622e38cddaf
Potatoes (Imilla),Bolivia (Plurinational State of),Cochabamba,WHOLESALE,2018-06-01,14.2,Spanish quintal (46 kg),31c72748-007d-4502-a390-c4275436b512
Potatoes (Imilla),Bolivia (Plurinational State of),La Paz,WHOLESALE,2018-06-01,14.47,Spanish quintal (46 kg),7066fed1-f4d6-46f4-babe-ca2cb3a44ede
Potatoes (Imilla),Bolivia (Plurinational State of),Oruro,WHOLESALE,2018-06-01,16.18,Spanish quintal (46 kg),63228be8-f4d2-42d8-8be0-44156fa46a1c
Potatoes (Imilla),Bolivia (Plurinational State of),Santa Cruz,WHOLESALE,2018-06-01,17.04,Spanish quintal (46 kg),60422170-b51e-4c4c-958d-80f1105c5063
Potatoes (Imilla),Bolivia (Plurinational State of),Trinidad,WHOLESALE,2018-06-01,21.42,Spanish quintal (46 kg),eefd2ad6-5d87-48f9-a9eb-0622e38cddaf
Potatoes (Imilla),Bolivia (Plurinational State of),Cochabamba,WHOLESALE,2018-07-01,15.07,Spanish quintal (46 kg),31c72748-007d-4502-a390-c4275436b512
Potatoes (Imilla),Bolivia (Plurinational State of),La Paz,WHOLESALE,2018-07-01,14.47,Spanish quintal (46 kg),7066fed1-f4d6-46f4-babe-ca2cb3a44ede
Potatoes (Imilla),Bolivia (Plurinational State of),Oruro,WHOLESALE,2018-07-01,16.14,Spanish quintal (46 kg),63228be8-f4d2-42d8-8be0-44156fa46a1c
Potatoes (Imilla),Bolivia (Plurinational State of),Santa Cruz,WHOLESALE,2018-07-01,16.21,Spanish quintal (46 kg),60422170-b51e-4c4c-958d-80f1105c5063
Potatoes (Imilla),Bolivia (Plurinational State of),Trinidad,WHOLESALE,2018-07-01,21.48,Spanish quintal (46 kg),eefd2ad6-5d87-48f9-a9eb-0622e38cddaf
Potatoes (Imilla),Bolivia (Plurinational State of),Cochabamba,WHOLESALE,2018-08-01,17.81,Spanish quintal (46 kg),31c72748-007d-4502-a390-c4275436b512
Potatoes (Imilla),Bolivia (Plurinational State of),La Paz,WHOLESALE,2018-08-01,14.47,Spanish quintal (46 kg),7066fed1-f4d6-46f4-babe-ca2cb3a44ede
Potatoes (Imilla),Bolivia (Plurinational State of),Oruro,WHOLESALE,2018-08-01,15.86,Spanish quintal (46 kg),63228be8-f4d2-42d8-8be0-44156fa46a1c
Potatoes (Imilla),Bolivia (Plurinational State of),Santa Cruz,WHOLESALE,2018-08-01,16.21,Spanish quintal (46 kg),60422170-b51e-4c4c-958d-80f1105c5063
Potatoes (Imilla),Bolivia (Plurinational State of),Trinidad,WHOLESALE,2018-08-01,25.43,Spanish quintal (46 kg),eefd2ad6-5d87-48f9-a9eb-0622e38cddaf
Potatoes (Imilla),Bolivia (Plurinational State of),Cochabamba,WHOLESALE,2018-09-01,15.26,Spanish quintal (46 kg),31c72748-007d-4502-a390-c4275436b512
Potatoes (Imilla),Bolivia (Plurinational State of),La Paz,WHOLESALE,2018-09-01,14.7,Spanish quintal (46 kg),7066fed1-f4d6-46f4-babe-ca2cb3a44ede
Potatoes (Imilla),Bolivia (Plurinational State of),Oruro,WHOLESALE,2018-09-01,13.26,Spanish quintal (46 kg),63228be8-f4d2-42d8-8be0-44156fa46a1c
Potatoes (Imilla),Bolivia (Plurinational State of),Santa Cruz,WHOLESALE,2018-09-01,16.21,Spanish quintal (46 kg),60422170-b51e-4c4c-958d-80f1105c5063
Potatoes (Imilla),Bolivia (Plurinational State of),Trinidad,WHOLESALE,2018-09-01,25.24,Spanish quintal (46 kg),eefd2ad6-5d87-48f9-a9eb-0622e38cddaf
Potatoes (Imilla),Bolivia (Plurinational State of),Cochabamba,WHOLESALE,2018-10-01,17.68,Spanish quintal (46 kg),31c72748-007d-4502-a390-c4275436b512
Potatoes (Imilla),Bolivia (Plurinational State of),La Paz,WHOLESALE,2018-10-01,16.88,Spanish quintal (46 kg),7066fed1-f4d6-46f4-babe-ca2cb3a44ede
Potatoes (Imilla),Bolivia (Plurinational State of),Oruro,WHOLESALE,2018-10-01,14.07,Spanish quintal (46 kg),63228be8-f4d2-42d8-8be0-44156fa46a1c
Potatoes (Imilla),Bolivia (Plurinational State of),Santa Cruz,WHOLESALE,2018-10-01,16.32,Spanish quintal (46 kg),60422170-b51e-4c4c-958d-80f1105c5063
Potatoes (Imilla),Bolivia (Plurinational State of),Trinidad,WHOLESALE,2018-10-01,24.85,Spanish quintal (46 kg),eefd2ad6-5d87-48f9-a9eb-0622e38cddaf
Potatoes (Imilla),Bolivia (Plurinational State of),Cochabamba,WHOLESALE,2018-11-01,20.74,Spanish quintal (46 kg),31c72748-007d-4502-a390-c4275436b512
Potatoes (Imilla),Bolivia (Plurinational State of),La Paz,WHOLESALE,2018-11-01,19.09,Spanish quintal (46 kg),7066fed1-f4d6-46f4-babe-ca2cb3a44ede
Potatoes (Imilla),Bolivia (Plurinational State of),Oruro,WHOLESALE,2018-11-01,16.75,Spanish quintal (46 kg),63228be8-f4d2-42d8-8be0-44156fa46a1c
Potatoes (Imilla),Bolivia (Plurinational State of),Santa Cruz,WHOLESALE,2018-11-01,17.0,Spanish quintal (46 kg),60422170-b51e-4c4c-958d-80f1105c5063
Potatoes (Imilla),Bolivia (Plurinational State of),Trinidad,WHOLESALE,2018-11-01,24.96,Spanish quintal (46 kg),eefd2ad6-5d87-48f9-a9eb-0622e38cddaf
Potatoes (Imilla),Bolivia (Plurinational State of),Cochabamba,WHOLESALE,2018-12-01,19.94,Spanish quintal (46 kg),31c72748-007d-4502-a390-c4275436b512
Potatoes (Imilla),Bolivia (Plurinational State of),La Paz,WHOLESALE,2018-12-01,21.1,Spanish quintal (46 kg),7066fed1-f4d6-46f4-babe-ca2cb3a44ede
Potatoes (Imilla),Bolivia (Plurinational State of),Oruro,WHOLESALE,2018-12-01,19.14,Spanish quintal (46 kg),63228be8-f4d2-42d8-8be0-44156fa46a1c
Potatoes (Imilla),Bolivia (Plurinational State of),Santa Cruz,WHOLESALE,2018-12-01,17.64,Spanish quintal (46 kg),60422170-b51e-4c4c-958d-80f1105c5063
Potatoes (Imilla),Bolivia (Plurinational State of),Trinidad,WHOLESALE,2018-12-01,22.88,Spanish quintal (46 kg),eefd2ad6-5d87-48f9-a9eb-0622e38cddaf
Potatoes (Imilla),Bolivia (Plurinational State of),Cochabamba,WHOLESALE,2019-01-01,20.81,Spanish quintal (46 kg),31c72748-007d-4502-a390-c4275436b512
Potatoes (Imilla),Bolivia (Plurinational State of),La Paz,WHOLESALE,2019-01-01,22.43,Spanish quintal (46 kg),7066fed1-f4d6-46f4-babe-ca2cb3a44ede
Potatoes (Imilla),Bolivia (Plurinational State of),Oruro,WHOLESALE,2019-01-01,21.07,Spanish quintal (46 kg),63228be8-f4d2-42d8-8be0-44156fa46a1c
Potatoes (Imilla),Bolivia (Plurinational State of),Santa Cruz,WHOLESALE,2019-01-01,18.48,Spanish quintal (46 kg),60422170-b51e-4c4c-958d-80f1105c5063
Potatoes (Imilla),Bolivia (Plurinational State of),Trinidad,WHOLESALE,2019-01-01,23.15,Spanish quintal (46 kg),eefd2ad6-5d87-48f9-a9eb-0622e38cddaf
Potatoes (Imilla),Bolivia (Plurinational State of),Cochabamba,WHOLESALE,2019-02-01,20.34,Spanish quintal (46 kg),31c72748-007d-4502-a390-c4275436b512
Potatoes (Imilla),Bolivia (Plurinational State of),La Paz,WHOLESALE,2019-02-01,22.22,Spanish quintal (46 kg),7066fed1-f4d6-46f4-babe-ca2cb3a44ede
Potatoes (Imilla),Bolivia (Plurinational State of),Oruro,WHOLESALE,2019-02-01,21.39,Spanish quintal (46 kg),63228be8-f4d2-42d8-8be0-44156fa46a1c
Potatoes (Imilla),Bolivia (Plurinational State of),Santa Cruz,WHOLESALE,2019-02-01,18.78,Spanish quintal (46 kg),60422170-b51e-4c4c-958d-80f1105c5063
Potatoes (Imilla),Bolivia (Plurinational State of),Trinidad,WHOLESALE,2019-02-01,22.19,Spanish quintal (46 kg),eefd2ad6-5d87-48f9-a9eb-0622e38cddaf
Potatoes (Imilla),Bolivia (Plurinational State of),Cochabamba,WHOLESALE,2019-03-01,19.16,Spanish quintal (46 kg),31c72748-007d-4502-a390-c4275436b512
Potatoes (Imilla),Bolivia (Plurinational State of),La Paz,WHOLESALE,2019-03-01,19.9,Spanish quintal (46 kg),7066fed1-f4d6-46f4-babe-ca2cb3a44ede
Potatoes (Imilla),Bolivia (Plurinational State of),Oruro,WHOLESALE,2019-03-01,20.36,Spanish quintal (46 kg),63228be8-f4d2-42d8-8be0-44156fa46a1c
Potatoes (Imilla),Bolivia (Plurinational State of),Santa Cruz,WHOLESALE,2019-03-01,17.51,Spanish quintal (46 kg),60422170-b51e-4c4c-958d-80f1105c5063
Potatoes (Imilla),Bolivia (Plurinational State of),Trinidad,WHOLESALE,2019-03-01,23.1,Spanish quintal (46 kg),eefd2ad6-5d87-48f9-a9eb-0622e38cddaf
Potatoes (Imilla),Bolivia (Plurinational State of),Cochabamba,WHOLESALE,2019-04-01,15.65,Spanish quintal (46 kg),31c72748-007d-4502-a390-c4275436b512
Potatoes (Imilla),Bolivia (Plurinational State of),La Paz,WHOLESALE,2019-04-01,19.81,Spanish quintal (46 kg),7066fed1-f4d6-46f4-babe-ca2cb3a44ede
Potatoes (Imilla),Bolivia (Plurinational State of),Oruro,WHOLESALE,2019-04-01,19.05,Spanish quintal (46 kg),63228be8-f4d2-42d8-8be0-44156fa46a1c
Potatoes (Imilla),Bolivia (Plurinational State of),Santa Cruz,WHOLESALE,2019-04-01,16.78,Spanish quintal (46 kg),60422170-b51e-4c4c-958d-80f1105c5063
Potatoes (Imilla),Bolivia (Plurinational State of),Trinidad,WHOLESALE,2019-04-01,23.15,Spanish quintal (46 kg),eefd2ad6-5d87-48f9-a9eb-0622e38cddaf
Potatoes (Imilla),Bolivia (Plurinational State of),Cochabamba,WHOLESALE,2019-05-01,15.09,Spanish quintal (46 kg),31c72748-007d-4502-a390-c4275436b512
Potatoes (Imilla),Bolivia (Plurinational State of),La Paz,WHOLESALE,2019-05-01,18.49,Spanish quintal (46 kg),7066fed1-f4d6-46f4-babe-ca2cb3a44ede
Potatoes (Imilla),Bolivia (Plurinational State of),Oruro,WHOLESALE,2019-05-01,19.04,Spanish quintal (46 kg),63228be8-f4d2-42d8-8be0-44156fa46a1c
Potatoes (Imilla),Bolivia (Plurinational State of),Santa Cruz,WHOLESALE,2019-05-01,14.22,Spanish quintal (46 kg),60422170-b51e-4c4c-958d-80f1105c5063
Potatoes (Imilla),Bolivia (Plurinational State of),Trinidad,WHOLESALE,2019-05-01,23.15,Spanish quintal (46 kg),eefd2ad6-5d87-48f9-a9eb-0622e38cddaf
Potatoes (Imilla),Bolivia (Plurinational State of),Cochabamba,WHOLESALE,2019-06-01,17.25,Spanish quintal (46 kg),31c72748-007d-4502-a390-c4275436b512
Potatoes (Imilla),Bolivia (Plurinational State of),La Paz,WHOLESALE,2019-06-01,17.98,Spanish quintal (46 kg),7066fed1-f4d6-46f4-babe-ca2cb3a44ede
Potatoes (Imilla),Bolivia (Plurinational State of),Oruro,WHOLESALE,2019-06-01,19.12,Spanish quintal (46 kg),63228be8-f4d2-42d8-8be0-44156fa46a1c
Potatoes (Imilla),Bolivia (Plurinational State of),Santa Cruz,WHOLESALE,2019-06-01,16.0,Spanish quintal (46 kg),60422170-b51e-4c4c-958d-80f1105c5063
Potatoes (Imilla),Bolivia (Plurinational State of),Trinidad,WHOLESALE,2019-06-01,26.04,Spanish quintal (46 kg),eefd2ad6-5d87-48f9-a9eb-0622e38cddaf
Potatoes (Imilla),Bolivia (Plurinational State of),Cochabamba,WHOLESALE,2019-07-01,21.77,Spanish quintal (46 kg),31c72748-007d-4502-a390-c4275436b512
Potatoes (Imilla),Bolivia (Plurinational State of),La Paz,WHOLESALE,2019-07-01,19.63,Spanish quintal (46 kg),7066fed1-f4d6-46f4-babe-ca2cb3a44ede
Potatoes (Imilla),Bolivia (Plurinational State of),Oruro,WHOLESALE,2019-07-01,20.73,Spanish quintal (46 kg),63228be8-f4d2-42d8-8be0-44156fa46a1c
Potatoes (Imilla),Bolivia (Plurinational State of),Santa Cruz,WHOLESALE,2019-07-01,21.1,Spanish quintal (46 kg),60422170-b51e-4c4c-958d-80f1105c5063
Potatoes (Imilla),Bolivia (Plurinational State of),Trinidad,WHOLESALE,2019-07-01,30.77,Spanish quintal (46 kg),eefd2ad6-5d87-48f9-a9eb-0622e38cddaf
Potatoes (Imilla),Bolivia (Plurinational State of),Cochabamba,WHOLESALE,2019-08-01,29.96,Spanish quintal (46 kg),31c72748-007d-4502-a390-c4275436b512
Potatoes (Imilla),Bolivia (Plurinational State of),La Paz,WHOLESALE,2019-08-01,23.68,Spanish quintal (46 kg),7066fed1-f4d6-46f4-babe-ca2cb3a44ede
Potatoes (Imilla),Bolivia (Plurinational State of),Oruro,WHOLESALE,2019-08-01,29.56,Spanish quintal (46 kg),63228be8-f4d2-42d8-8be0-44156fa46a1c
Potatoes (Imilla),Bolivia (Plurinational State of),Santa Cruz,WHOLESALE,2019-08-01,28.27,Spanish quintal (46 kg),60422170-b51e-4c4c-958d-80f1105c5063
Potatoes (Imilla),Bolivia (Plurinational State of),Trinidad,WHOLESALE,2019-08-01,35.58,Spanish quintal (46 kg),eefd2ad6-5d87-48f9-a9eb-0622e38cddaf
Potatoes (Imilla),Bolivia (Plurinational State of),Cochabamba,WHOLESALE,2019-09-01,33.6,Spanish quintal (46 kg),31c72748-007d-4502-a390-c4275436b512
Potatoes (Imilla),Bolivia (Plurinational State of),La Paz,WHOLESALE,2019-09-01,26.35,Spanish quintal (46 kg),7066fed1-f4d6-46f4-babe-ca2cb3a44ede
Potatoes (Imilla),Bolivia (Plurinational State of),Oruro,WHOLESALE,2019-09-01,30.98,Spanish quintal (46 kg),63228be8-f4d2-42d8-8be0-44156fa46a1c
Potatoes (Imilla),Bolivia (Plurinational State of),Santa Cruz,WHOLESALE,2019-09-01,26.82,Spanish quintal (46 kg),60422170-b51e-4c4c-958d-80f1105c5063
Potatoes (Imilla),Bolivia (Plurinational State of),Trinidad,WHOLESALE,2019-09-01,36.08,Spanish quintal (46 kg),eefd2ad6-5d87-48f9-a9eb-0622e38cddaf
Potatoes (Imilla),Bolivia (Plurinational State of),Cochabamba,WHOLESALE,2019-10-01,36.7,Spanish quintal (46 kg),31c72748-007d-4502-a390-c4275436b512
Potatoes (Imilla),Bolivia (Plurinational State of),La Paz,WHOLESALE,2019-10-01,34.09,Spanish quintal (46 kg),7066fed1-f4d6-46f4-babe-ca2cb3a44ede
Potatoes (Imilla),Bolivia (Plurinational State of),Oruro,WHOLESALE,2019-10-01,34.6,Spanish quintal (46 kg),63228be8-f4d2-42d8-8be0-44156fa46a1c
Potatoes (Imilla),Bolivia (Plurinational State of),Santa Cruz,WHOLESALE,2019-10-01,28.78,Spanish quintal (46 kg),60422170-b51e-4c4c-958d-80f1105c5063
Potatoes (Imilla),Bolivia (Plurinational State of),Trinidad,WHOLESALE,2019-10-01,33.57,Spanish quintal (46 kg),eefd2ad6-5d87-48f9-a9eb-0622e38cddaf
Potatoes (Imilla),Bolivia (Plurinational State of),Cochabamba,WHOLESALE,2019-11-01,35.7,Spanish quintal (46 kg),31c72748-007d-4502-a390-c4275436b512
Potatoes (Imilla),Bolivia (Plurinational State of),La Paz,WHOLESALE,2019-11-01,31.24,Spanish quintal (46 kg),7066fed1-f4d6-46f4-babe-ca2cb3a44ede
Potatoes (Imilla),Bolivia (Plurinational State of),Oruro,WHOLESALE,2019-11-01,34.45,Spanish quintal (46 kg),63228be8-f4d2-42d8-8be0-44156fa46a1c
Potatoes (Imilla),Bolivia (Plurinational State of),Santa Cruz,WHOLESALE,2019-11-01,34.37,Spanish quintal (46 kg),60422170-b51e-4c4c-958d-80f1105c5063
Potatoes (Imilla),Bolivia (Plurinational State of),Trinidad,WHOLESALE,2019-11-01,36.86,Spanish quintal (46 kg),eefd2ad6-5d87-48f9-a9eb-0622e38cddaf
Potatoes (Imilla),Bolivia (Plurinational State of),Cochabamba,WHOLESALE,2019-12-01,22.15,Spanish quintal (46 kg),31c72748-007d-4502-a390-c4275436b512
Potatoes (Imilla),Bolivia (Plurinational State of),La Paz,WHOLESALE,2019-12-01,23.31,Spanish quintal (46 kg),7066fed1-f4d6-46f4-babe-ca2cb3a44ede
Potatoes (Imilla),Bolivia (Plurinational State of),Oruro,WHOLESALE,2019-12-01,21.15,Spanish quintal (46 kg),63228be8-f4d2-42d8-8be0-44156fa46a1c
Potatoes (Imilla),Bolivia (Plurinational State of),Santa Cruz,WHOLESALE,2019-12-01,16.02,Spanish quintal (46 kg),60422170-b51e-4c4c-958d-80f1105c5063
Potatoes (Imilla),Bolivia (Plurinational State of),Trinidad,WHOLESALE,2019-12-01,24.08,Spanish quintal (46 kg),eefd2ad6-5d87-48f9-a9eb-0622e38cddaf
Potatoes (Imilla),Bolivia (Plurinational State of),Cochabamba,WHOLESALE,2020-01-01,19.68,Spanish quintal (46 kg),31c72748-007d-4502-a390-c4275436b512
Potatoes (Imilla),Bolivia (Plurinational State of),La Paz,WHOLESALE,2020-01-01,21.41,Spanish quintal (46 kg),7066fed1-f4d6-46f4-babe-ca2cb3a44ede
Potatoes (Imilla),Bolivia (Plurinational State of),Oruro,WHOLESALE,2020-01-01,19.55,Spanish quintal (46 kg),63228be8-f4d2-42d8-8be0-44156fa46a1c
Potatoes (Imilla),Bolivia (Plurinational State of),Santa Cruz,WHOLESALE,2020-01-01,16.35,Spanish quintal (46 kg),60422170-b51e-4c4c-958d-80f1105c5063
Potatoes (Imilla),Bolivia (Plurinational State of),Trinidad,WHOLESALE,2020-01-01,25.47,Spanish quintal (46 kg),eefd2ad6-5d87-48f9-a9eb-0622e38cddaf
Potatoes (Imilla),Bolivia (Plurinational State of),Cochabamba,WHOLESALE,2020-02-01,19.02,Spanish quintal (46 kg),31c72748-007d-4502-a390-c4275436b512
Potatoes (Imilla),Bolivia (Plurinational State of),La Paz,WHOLESALE,2020-02-01,19.98,Spanish quintal (46 kg),7066fed1-f4d6-46f4-babe-ca2cb3a44ede
Potatoes (Imilla),Bolivia (Plurinational State of),Oruro,WHOLESALE,2020-02-01,18.86,Spanish quintal (46 kg),63228be8-f4d2-42d8-8be0-44156fa46a1c
Potatoes (Imilla),Bolivia (Plurinational State of),Santa Cruz,WHOLESALE,2020-02-01,19.06,Spanish quintal (46 kg),60422170-b51e-4c4c-958d-80f1105c5063
Potatoes (Imilla),Bolivia (Plurinational State of),Cochabamba,WHOLESALE,2020-03-01,18.81,Spanish quintal (46 kg),31c72748-007d-4502-a390-c4275436b512
Potatoes (Imilla),Bolivia (Plurinational State of),La Paz,WHOLESALE,2020-03-01,19.37,Spanish quintal (46 kg),7066fed1-f4d6-46f4-babe-ca2cb3a44ede
Potatoes (Imilla),Bolivia (Plurinational State of),Oruro,WHOLESALE,2020-03-01,17.4,Spanish quintal (46 kg),63228be8-f4d2-42d8-8be0-44156fa46a1c
Potatoes (Imilla),Bolivia (Plurinational State of),Santa Cruz,WHOLESALE,2020-03-01,17.96,Spanish quintal (46 kg),60422170-b51e-4c4c-958d-80f1105c5063
Potatoes (Imilla),Bolivia (Plurinational State of),Cochabamba,WHOLESALE,2020-06-01,16.62,Spanish quintal (46 kg),31c72748-007d-4502-a390-c4275436b512
Potatoes (Imilla),Bolivia (Plurinational State of),La Paz,WHOLESALE,2020-06-01,20.49,Spanish quintal (46 kg),7066fed1-f4d6-46f4-babe-ca2cb3a44ede
Potatoes (Imilla),Bolivia (Plurinational State of),Oruro,WHOLESALE,2020-06-01,21.13,Spanish quintal (46 kg),63228be8-f4d2-42d8-8be0-44156fa46a1c
Potatoes (Imilla),Bolivia (Plurinational State of),Santa Cruz,WHOLESALE,2020-06-01,23.04,Spanish quintal (46 kg),60422170-b51e-4c4c-958d-80f1105c5063
Potatoes (Imilla),Bolivia (Plurinational State of),Cochabamba,WHOLESALE,2020-07-01,26.63,Spanish quintal (46 kg),31c72748-007d-4502-a390-c4275436b512
Potatoes (Imilla),Bolivia (Plurinational State of),La Paz,WHOLESALE,2020-07-01,21.86,Spanish quintal (46 kg),7066fed1-f4d6-46f4-babe-ca2cb3a44ede
Potatoes (Imilla),Bolivia (Plurinational State of),Oruro,WHOLESALE,2020-07-01,21.28,Spanish quintal (46 kg),63228be8-f4d2-42d8-8be0-44156fa46a1c
Potatoes (Imilla),Bolivia (Plurinational State of),Santa Cruz,WHOLESALE,2020-07-01,24.72,Spanish quintal (46 kg),60422170-b51e-4c4c-958d-80f1105c5063
Potatoes (Imilla),Bolivia (Plurinational State of),Cochabamba,WHOLESALE,2020-08-01,23.15,Spanish quintal (46 kg),31c72748-007d-4502-a390-c4275436b512
Potatoes (Imilla),Bolivia (Plurinational State of),La Paz,WHOLESALE,2020-08-01,24.3,Spanish quintal (46 kg),7066fed1-f4d6-46f4-babe-ca2cb3a44ede
Potatoes (Imilla),Bolivia (Plurinational State of),Oruro,WHOLESALE,2020-08-01,27.62,Spanish quintal (46 kg),63228be8-f4d2-42d8-8be0-44156fa46a1c
Potatoes (Imilla),Bolivia (Plurinational State of),Santa Cruz,WHOLESALE,2020-08-01,20.28,Spanish quintal (46 kg),60422170-b51e-4c4c-958d-80f1105c5063
Potatoes (Imilla),Bolivia (Plurinational State of),Cochabamba,WHOLESALE,2020-09-01,18.31,Spanish quintal (46 kg),31c72748-007d-4502-a390-c4275436b512
Potatoes (Imilla),Bolivia (Plurinational State of),La Paz,WHOLESALE,2020-09-01,21.4,Spanish quintal (46 kg),7066fed1-f4d6-46f4-babe-ca2cb3a44ede
Potatoes (Imilla),Bolivia (Plurinational State of),Oruro,WHOLESALE,2020-09-01,19.37,Spanish quintal (46 kg),63228be8-f4d2-42d8-8be0-44156fa46a1c
Potatoes (Imilla),Bolivia (Plurinational State of),Santa Cruz,WHOLESALE,2020-09-01,14.45,Spanish quintal (46 kg),60422170-b51e-4c4c-958d-80f1105c5063
Potatoes (Imilla),Bolivia (Plurinational State of),Cochabamba,WHOLESALE,2020-10-01,18.23,Spanish quintal (46 kg),31c72748-007d-4502-a390-c4275436b512
Potatoes (Imilla),Bolivia (Plurinational State of),La Paz,WHOLESALE,2020-10-01,21.43,Spanish quintal (46 kg),7066fed1-f4d6-46f4-babe-ca2cb3a44ede
Potatoes (Imilla),Bolivia (Plurinational State of),Oruro,WHOLESALE,2020-10-01,20.71,Spanish quintal (46 kg),63228be8-f4d2-42d8-8be0-44156fa46a1c
Potatoes (Imilla),Bolivia (Plurinational State of),Santa Cruz,WHOLESALE,2020-10-01,15.75,Spanish quintal (46 kg),60422170-b51e-4c4c-958d-80f1105c5063
Potatoes (Imilla),Bolivia (Plurinational State of),Cochabamba,WHOLESALE,2020-11-01,15.87,Spanish quintal (46 kg),31c72748-007d-4502-a390-c4275436b512
Potatoes (Imilla),Bolivia (Plurinational State of),La Paz,WHOLESALE,2020-11-01,18.19,Spanish quintal (46 kg),7066fed1-f4d6-46f4-babe-ca2cb3a44ede
Potatoes (Imilla),Bolivia (Plurinational State of),Oruro,WHOLESALE,2020-11-01,16.7,Spanish quintal (46 kg),63228be8-f4d2-42d8-8be0-44156fa46a1c
Potatoes (Imilla),Bolivia (Plurinational State of),Santa Cruz,WHOLESALE,2020-11-01,14.92,Spanish quintal (46 kg),60422170-b51e-4c4c-958d-80f1105c5063
Potatoes (Imilla),Bolivia (Plurinational State of),Cochabamba,WHOLESALE,2020-12-01,18.32,Spanish quintal (46 kg),31c72748-007d-4502-a390-c4275436b512
Potatoes (Imilla),Bolivia (Plurinational State of),La Paz,WHOLESALE,2020-12-01,18.78,Spanish quintal (46 kg),7066fed1-f4d6-46f4-babe-ca2cb3a44ede
Potatoes (Imilla),Bolivia (Plurinational State of),Oruro,WHOLESALE,2020-12-01,17.92,Spanish quintal (46 kg),63228be8-f4d2-42d8-8be0-44156fa46a1c
Potatoes (Imilla),Bolivia (Plurinational State of),Santa Cruz,WHOLESALE,2020-12-01,12.96,Spanish quintal (46 kg),60422170-b51e-4c4c-958d-80f1105c5063
Potatoes (Imilla),Bolivia (Plurinational State of),Cochabamba,WHOLESALE,2021-01-01,20.58,Spanish quintal (46 kg),31c72748-007d-4502-a390-c4275436b512
Potatoes (Imilla),Bolivia (Plurinational State of),La Paz,WHOLESALE,2021-01-01,19.9,Spanish quintal (46 kg),7066fed1-f4d6-46f4-babe-ca2cb3a44ede
Potatoes (Imilla),Bolivia (Plurinational State of),Oruro,WHOLESALE,2021-01-01,17.75,Spanish quintal (46 kg),63228be8-f4d2-42d8-8be0-44156fa46a1c
Potatoes (Imilla),Bolivia (Plurinational State of),Santa Cruz,WHOLESALE,2021-01-01,14.81,Spanish quintal (46 kg),60422170-b51e-4c4c-958d-80f1105c5063
Potatoes (Imilla),Bolivia (Plurinational State of),Cochabamba,WHOLESALE,2021-02-01,16.28,Spanish quintal (46 kg),31c72748-007d-4502-a390-c4275436b512
Potatoes (Imilla),Bolivia (Plurinational State of),La Paz,WHOLESALE,2021-02-01,17.85,Spanish quintal (46 kg),7066fed1-f4d6-46f4-babe-ca2cb3a44ede
Potatoes (Imilla),Bolivia (Plurinational State of),Oruro,WHOLESALE,2021-02-01,18.27,Spanish quintal (46 kg),63228be8-f4d2-42d8-8be0-44156fa46a1c
Potatoes (Imilla),Bolivia (Plurinational State of),Santa Cruz,WHOLESALE,2021-02-01,17.95,Spanish quintal (46 kg),60422170-b51e-4c4c-958d-80f1105c5063
Potatoes (Imilla),Bolivia (Plurinational State of),Cochabamba,WHOLESALE,2021-03-01,15.81,Spanish quintal (46 kg),31c72748-007d-4502-a390-c4275436b512
Potatoes (Imilla),Bolivia (Plurinational State of),La Paz,WHOLESALE,2021-03-01,18.1,Spanish quintal (46 kg),7066fed1-f4d6-46f4-babe-ca2cb3a44ede
Potatoes (Imilla),Bolivia (Plurinational State of),Oruro,WHOLESALE,2021-03-01,18.39,Spanish quintal (46 kg),63228be8-f4d2-42d8-8be0-44156fa46a1c
Potatoes (Imilla),Bolivia (Plurinational State of),Santa Cruz,WHOLESALE,2021-03-01,16.83,Spanish quintal (46 kg),60422170-b51e-4c4c-958d-80f1105c5063
Potatoes (Imilla),Bolivia (Plurinational State of),Trinidad,WHOLESALE,2021-03-01,24.22,Spanish quintal (46 kg),eefd2ad6-5d87-48f9-a9eb-0622e38cddaf
Potatoes (Imilla),Bolivia (Plurinational State of),Cochabamba,WHOLESALE,2021-04-01,15.36,Spanish quintal (46 kg),31c72748-007d-4502-a390-c4275436b512
Potatoes (Imilla),Bolivia (Plurinational State of),La Paz,WHOLESALE,2021-04-01,18.1,Spanish quintal (46 kg),7066fed1-f4d6-46f4-babe-ca2cb3a44ede
Potatoes (Imilla),Bolivia (Plurinational State of),Oruro,WHOLESALE,2021-04-01,20.03,Spanish quintal (46 kg),63228be8-f4d2-42d8-8be0-44156fa46a1c
Potatoes (Imilla),Bolivia (Plurinational State of),Santa Cruz,WHOLESALE,2021-04-01,17.1,Spanish quintal (46 kg),60422170-b51e-4c4c-958d-80f1105c5063
Potatoes (Imilla),Bolivia (Plurinational State of),Trinidad,WHOLESALE,2021-04-01,23.15,Spanish quintal (46 kg),eefd2ad6-5d87-48f9-a9eb-0622e38cddaf
Potatoes (Imilla),Bolivia (Plurinational State of),Cochabamba,WHOLESALE,2021-05-01,15.15,Spanish quintal (46 kg),31c72748-007d-4502-a390-c4275436b512
Potatoes (Imilla),Bolivia (Plurinational State of),La Paz,WHOLESALE,2021-05-01,20.32,Spanish quintal (46 kg),7066fed1-f4d6-46f4-babe-ca2cb3a44ede
Potatoes (Imilla),Bolivia (Plurinational State of),Oruro,WHOLESALE,2021-05-01,19.64,Spanish quintal (46 kg),63228be8-f4d2-42d8-8be0-44156fa46a1c
Potatoes (Imilla),Bolivia (Plurinational State of),Santa Cruz,WHOLESALE,2021-05-01,16.44,Spanish quintal (46 kg),60422170-b51e-4c4c-958d-80f1105c5063
Potatoes (Imilla),Bolivia (Plurinational State of),Trinidad,WHOLESALE,2021-05-01,23.15,Spanish quintal (46 kg),eefd2ad6-5d87-48f9-a9eb-0622e38cddaf
Potatoes (Imilla),Bolivia (Plurinational State of),Cochabamba,WHOLESALE,2021-06-01,15.51,Spanish quintal (46 kg),31c72748-007d-4502-a390-c4275436b512
Potatoes (Imilla),Bolivia (Plurinational State of),La Paz,WHOLESALE,2021-06-01,20.38,Spanish quintal (46 kg),7066fed1-f4d6-46f4-babe-ca2cb3a44ede
Potatoes (Imilla),Bolivia (Plurinational State of),Oruro,WHOLESALE,2021-06-01,19.19,Spanish quintal (46 kg),63228be8-f4d2-42d8-8be0-44156fa46a1c
Potatoes (Imilla),Bolivia (Plurinational State of),Santa Cruz,WHOLESALE,2021-06-01,16.54,Spanish quintal (46 kg),60422170-b51e-4c4c-958d-80f1105c5063
Potatoes (Imilla),Bolivia (Plurinational State of),Trinidad,WHOLESALE,2021-06-01,23.15,Spanish quintal (46 kg),eefd2ad6-5d87-48f9-a9eb-0622e38cddaf
Potatoes (Imilla),Bolivia (Plurinational State of),Cochabamba,WHOLESALE,2021-07-01,15.35,Spanish quintal (46 kg),31c72748-007d-4502-a390-c4275436b512
Potatoes (Imilla),Bolivia (Plurinational State of),La Paz,WHOLESALE,2021-07-01,19.58,Spanish quintal (46 kg),7066fed1-f4d6-46f4-babe-ca2cb3a44ede
Potatoes (Imilla),Bolivia (Plurinational State of),Oruro,WHOLESALE,2021-07-01,17.02,Spanish quintal (46 kg),63228be8-f4d2-42d8-8be0-44156fa46a1c
Potatoes (Imilla),Bolivia (Plurinational State of),Santa Cruz,WHOLESALE,2021-07-01,16.32,Spanish quintal (46 kg),60422170-b51e-4c4c-958d-80f1105c5063
Potatoes (Imilla),Bolivia (Plurinational State of),Trinidad,WHOLESALE,2021-07-01,21.69,Spanish quintal (46 kg),eefd2ad6-5d87-48f9-a9eb-0622e38cddaf
Potatoes (Imilla),Bolivia (Plurinational State of),Cochabamba,WHOLESALE,2021-08-01,15.22,Spanish quintal (46 kg),31c72748-007d-4502-a390-c4275436b512
Potatoes (Imilla),Bolivia (Plurinational State of),La Paz,WHOLESALE,2021-08-01,18.59,Spanish quintal (46 kg),7066fed1-f4d6-46f4-babe-ca2cb3a44ede
Potatoes (Imilla),Bolivia (Plurinational State of),Oruro,WHOLESALE,2021-08-01,17.14,Spanish quintal (46 kg),63228be8-f4d2-42d8-8be0-44156fa46a1c
Potatoes (Imilla),Bolivia (Plurinational State of),Santa Cruz,WHOLESALE,2021-08-01,17.63,Spanish quintal (46 kg),60422170-b51e-4c4c-958d-80f1105c5063
Potatoes (Imilla),Bolivia (Plurinational State of),Trinidad,WHOLESALE,2021-08-01,21.42,Spanish quintal (46 kg),eefd2ad6-5d87-48f9-a9eb-0622e38cddaf
Potatoes (Imilla),Bolivia (Plurinational State of),Cochabamba,WHOLESALE,2021-09-01,15.14,Spanish quintal (46 kg),31c72748-007d-4502-a390-c4275436b512
Potatoes (Imilla),Bolivia (Plurinational State of),La Paz,WHOLESALE,2021-09-01,17.81,Spanish quintal (46 kg),7066fed1-f4d6-46f4-babe-ca2cb3a44ede
Potatoes (Imilla),Bolivia (Plurinational State of),Oruro,WHOLESALE,2021-09-01,14.84,Spanish quintal (46 kg),63228be8-f4d2-42d8-8be0-44156fa46a1c
Potatoes (Imilla),Bolivia (Plurinational State of),Santa Cruz,WHOLESALE,2021-09-01,13.64,Spanish quintal (46 kg),60422170-b51e-4c4c-958d-80f1105c5063
Potatoes (Imilla),Bolivia (Plurinational State of),Trinidad,WHOLESALE,2021-09-01,21.63,Spanish quintal (46 kg),eefd2ad6-5d87-48f9-a9eb-0622e38cddaf
Potatoes (Imilla),Bolivia (Plurinational State of),Cochabamba,WHOLESALE,2021-10-01,15.12,Spanish quintal (46 kg),31c72748-007d-4502-a390-c4275436b512
Potatoes (Imilla),Bolivia (Plurinational State of),La Paz,WHOLESALE,2021-10-01,17.87,Spanish quintal (46 kg),7066fed1-f4d6-46f4-babe-ca2cb3a44ede
Potatoes (Imilla),Bolivia (Plurinational State of),Oruro,WHOLESALE,2021-10-01,15.54,Spanish quintal (46 kg),63228be8-f4d2-42d8-8be0-44156fa46a1c
Potatoes (Imilla),Bolivia (Plurinational State of),Santa Cruz,WHOLESALE,2021-10-01,10.73,Spanish quintal (46 kg),60422170-b51e-4c4c-958d-80f1105c5063
Potatoes (Imilla),Bolivia (Plurinational State of),Trinidad,WHOLESALE,2021-10-01,22.93,Spanish quintal (46 kg),eefd2ad6-5d87-48f9-a9eb-0622e38cddaf
Potatoes (Imilla),Bolivia (Plurinational State of),Cochabamba,WHOLESALE,2021-11-01,15.6,Spanish quintal (46 kg),31c72748-007d-4502-a390-c4275436b512
Potatoes (Imilla),Bolivia (Plurinational State of),La Paz,WHOLESALE,2021-11-01,18.01,Spanish quintal (46 kg),7066fed1-f4d6-46f4-babe-ca2cb3a44ede
Potatoes (Imilla),Bolivia (Plurinational State of),Oruro,WHOLESALE,2021-11-01,19.31,Spanish quintal (46 kg),63228be8-f4d2-42d8-8be0-44156fa46a1c
Potatoes (Imilla),Bolivia (Plurinational State of),Santa Cruz,WHOLESALE,2021-11-01,15.14,Spanish quintal (46 kg),60422170-b51e-4c4c-958d-80f1105c5063
Potatoes (Imilla),Bolivia (Plurinational State of),Trinidad,WHOLESALE,2021-11-01,25.01,Spanish quintal (46 kg),eefd2ad6-5d87-48f9-a9eb-0622e38cddaf
Potatoes (Imilla),Bolivia (Plurinational State of),Cochabamba,WHOLESALE,2021-12-01,16.36,Spanish quintal (46 kg),31c72748-007d-4502-a390-c4275436b512
Potatoes (Imilla),Bolivia (Plurinational State of),La Paz,WHOLESALE,2021-12-01,18.76,Spanish quintal (46 kg),7066fed1-f4d6-46f4-babe-ca2cb3a44ede
Potatoes (Imilla),Bolivia (Plurinational State of),Oruro,WHOLESALE,2021-12-01,22.71,Spanish quintal (46 kg),63228be8-f4d2-42d8-8be0-44156fa46a1c
Potatoes (Imilla),Bolivia (Plurinational State of),Santa Cruz,WHOLESALE,2021-12-01,20.13,Spanish quintal (46 kg),60422170-b51e-4c4c-958d-80f1105c5063
Potatoes (Imilla),Bolivia (Plurinational State of),Trinidad,WHOLESALE,2021-12-01,26.05,Spanish quintal (46 kg),eefd2ad6-5d87-48f9-a9eb-0622e38cddaf
Potatoes (Imilla),Bolivia (Plurinational State of),Cochabamba,WHOLESALE,2022-02-01,20.27,Spanish quintal (46 kg),31c72748-007d-4502-a390-c4275436b512
Potatoes (Imilla),Bolivia (Plurinational State of),La Paz,WHOLESALE,2022-02-01,19.73,Spanish quintal (46 kg),7066fed1-f4d6-46f4-babe-ca2cb3a44ede
Potatoes (Imilla),Bolivia (Plurinational State of),Oruro,WHOLESALE,2022-02-01,20.01,Spanish quintal (46 kg),63228be8-f4d2-42d8-8be0-44156fa46a1c
Potatoes (Imilla),Bolivia (Plurinational State of),Santa Cruz,WHOLESALE,2022-02-01,21.09,Spanish quintal (46 kg),60422170-b51e-4c4c-958d-80f1105c5063
Potatoes (Imilla),Bolivia (Plurinational State of),Trinidad,WHOLESALE,2022-02-01,27.5,Spanish quintal (46 kg),eefd2ad6-5d87-48f9-a9eb-0622e38cddaf
Potatoes (Imilla),Bolivia (Plurinational State of),Cochabamba,WHOLESALE,2022-03-01,18.46,Spanish quintal (46 kg),31c72748-007d-4502-a390-c4275436b512
Potatoes (Imilla),Bolivia (Plurinational State of),La Paz,WHOLESALE,2022-03-01,20.08,Spanish quintal (46 kg),7066fed1-f4d6-46f4-babe-ca2cb3a44ede
Potatoes (Imilla),Bolivia (Plurinational State of),Oruro,WHOLESALE,2022-03-01,19.73,Spanish quintal (46 kg),63228be8-f4d2-42d8-8be0-44156fa46a1c
Potatoes (Imilla),Bolivia (Plurinational State of),Santa Cruz,WHOLESALE,2022-03-01,17.58,Spanish quintal (46 kg),60422170-b51e-4c4c-958d-80f1105c5063
Potatoes (Imilla),Bolivia (Plurinational State of),Trinidad,WHOLESALE,2022-03-01,26.68,Spanish quintal (46 kg),eefd2ad6-5d87-48f9-a9eb-0622e38cddaf
Potatoes (Imilla),Bolivia (Plurinational State of),Cochabamba,WHOLESALE,2022-04-01,15.47,Spanish quintal (46 kg),31c72748-007d-4502-a390-c4275436b512
Potatoes (Imilla),Bolivia (Plurinational State of),La Paz,WHOLESALE,2022-04-01,19.46,Spanish quintal (46 kg),7066fed1-f4d6-46f4-babe-ca2cb3a44ede
Potatoes (Imilla),Bolivia (Plurinational State of),Oruro,WHOLESALE,2022-04-01,16.81,Spanish quintal (46 kg),63228be8-f4d2-42d8-8be0-44156fa46a1c
Potatoes (Imilla),Bolivia (Plurinational State of),Santa Cruz,WHOLESALE,2022-04-01,15.53,Spanish quintal (46 kg),60422170-b51e-4c4c-958d-80f1105c5063
Potatoes (Imilla),Bolivia (Plurinational State of),Trinidad,WHOLESALE,2022-04-01,27.5,Spanish quintal (46 kg),eefd2ad6-5d87-48f9-a9eb-0622e38cddaf
Potatoes (Imilla),Bolivia (Plurinational State of),Cochabamba,WHOLESALE,2022-05-01,14.98,Spanish quintal (46 kg),31c72748-007d-4502-a390-c4275436b512
Potatoes (Imilla),Bolivia (Plurinational State of),La Paz,WHOLESALE,2022-05-01,19.32,Spanish quintal (46 kg),7066fed1-f4d6-46f4-babe-ca2cb3a44ede
Potatoes (Imilla),Bolivia (Plurinational State of),Oruro,WHOLESALE,2022-05-01,17.41,Spanish quintal (46 kg),63228be8-f4d2-42d8-8be0-44156fa46a1c
Potatoes (Imilla),Bolivia (Plurinational State of),Santa Cruz,WHOLESALE,2022-05-01,14.54,Spanish quintal (46 kg),60422170-b51e-4c4c-958d-80f1105c5063
Potatoes (Imilla),Bolivia (Plurinational State of),Trinidad,WHOLESALE,2022-05-01,27.03,Spanish quintal (46 kg),eefd2ad6-5d87-48f9-a9eb-0622e38cddaf
Potatoes (Imilla),Bolivia (Plurinational State of),Cochabamba,WHOLESALE,2022-06-01,16.26,Spanish quintal (46 kg),31c72748-007d-4502-a390-c4275436b512
Potatoes (Imilla),Bolivia (Plurinational State of),La Paz,WHOLESALE,2022-06-01,20.83,Spanish quintal (46 kg),7066fed1-f4d6-46f4-babe-ca2cb3a44ede
Potatoes (Imilla),Bolivia (Plurinational State of),Oruro,WHOLESALE,2022-06-01,19.47,Spanish quintal (46 kg),63228be8-f4d2-42d8-8be0-44156fa46a1c
Potatoes (Imilla),Bolivia (Plurinational State of),Santa Cruz,WHOLESALE,2022-06-01,17.08,Spanish quintal (46 kg),60422170-b51e-4c4c-958d-80f1105c5063
Potatoes (Imilla),Bolivia (Plurinational State of),Trinidad,WHOLESALE,2022-06-01,27.46,Spanish quintal (46 kg),eefd2ad6-5d87-48f9-a9eb-0622e38cddaf
Potatoes (Imilla),Bolivia (Plurinational State of),Cochabamba,WHOLESALE,2022-07-01,17.08,Spanish quintal (46 kg),31c72748-007d-4502-a390-c4275436b512
Potatoes (Imilla),Bolivia (Plurinational State of),La Paz,WHOLESALE,2022-07-01,21.98,Spanish quintal (46 kg),7066fed1-f4d6-46f4-babe-ca2cb3a44ede
Potatoes (Imilla),Bolivia (Plurinational State of),Oruro,WHOLESALE,2022-07-01,22.33,Spanish quintal (46 kg),63228be8-f4d2-42d8-8be0-44156fa46a1c
Potatoes (Imilla),Bolivia (Plurinational State of),Santa Cruz,WHOLESALE,2022-07-01,17.65,Spanish quintal (46 kg),60422170-b51e-4c4c-958d-80f1105c5063
Potatoes (Imilla),Bolivia (Plurinational State of),Trinidad,WHOLESALE,2022-07-01,28.94,Spanish quintal (46 kg),eefd2ad6-5d87-48f9-a9eb-0622e38cddaf
Potatoes (Imilla),Bolivia (Plurinational State of),Cochabamba,WHOLESALE,2022-08-01,25.76,Spanish quintal (46 kg),31c72748-007d-4502-a390-c4275436b512
Potatoes (Imilla),Bolivia (Plurinational State of),La Paz,WHOLESALE,2022-08-01,28.02,Spanish quintal (46 kg),7066fed1-f4d6-46f4-babe-ca2cb3a44ede
Potatoes (Imilla),Bolivia (Plurinational State of),Oruro,WHOLESALE,2022-08-01,28.14,Spanish quintal (46 kg),63228be8-f4d2-42d8-8be0-44156fa46a1c
Potatoes (Imilla),Bolivia (Plurinational State of),Santa Cruz,WHOLESALE,2022-08-01,28.41,Spanish quintal (46 kg),60422170-b51e-4c4c-958d-80f1105c5063
Potatoes (Imilla),Bolivia (Plurinational State of),Trinidad,WHOLESALE,2022-08-01,28.41,Spanish quintal (46 kg),eefd2ad6-5d87-48f9-a9eb-0622e38cddaf
Potatoes (Imilla),Bolivia (Plurinational State of),Cochabamba,WHOLESALE,2022-09-01,32.22,Spanish quintal (46 kg),31c72748-007d-4502-a390-c4275436b512
Potatoes (Imilla),Bolivia (Plurinational State of),La Paz,WHOLESALE,2022-09-01,32.84,Spanish quintal (46 kg),7066fed1-f4d6-46f4-babe-ca2cb3a44ede
Potatoes (Imilla),Bolivia (Plurinational State of),Oruro,WHOLESALE,2022-09-01,32.13,Spanish quintal (46 kg),63228be8-f4d2-42d8-8be0-44156fa46a1c
Potatoes (Imilla),Bolivia (Plurinational State of),Santa Cruz,WHOLESALE,2022-09-01,32.45,Spanish quintal (46 kg),60422170-b51e-4c4c-958d-80f1105c5063
Potatoes (Imilla),Bolivia (Plurinational State of),Trinidad,WHOLESALE,2022-09-01,30.41,Spanish quintal (46 kg),eefd2ad6-5d87-48f9-a9eb-0622e38cddaf
Potatoes (Imilla),Bolivia (Plurinational State of),Cochabamba,WHOLESALE,2022-10-01,33.65,Spanish quintal (46 kg),31c72748-007d-4502-a390-c4275436b512
Potatoes (Imilla),Bolivia (Plurinational State of),La Paz,WHOLESALE,2022-10-01,36.49,Spanish quintal (46 kg),7066fed1-f4d6-46f4-babe-ca2cb3a44ede
Potatoes (Imilla),Bolivia (Plurinational State of),Oruro,WHOLESALE,2022-10-01,33.05,Spanish quintal (46 kg),63228be8-f4d2-42d8-8be0-44156fa46a1c
Potatoes (Imilla),Bolivia (Plurinational State of),Santa Cruz,WHOLESALE,2022-10-01,35.38,Spanish quintal (46 kg),60422170-b51e-4c4c-958d-80f1105c5063
Potatoes (Imilla),Bolivia (Plurinational State of),Trinidad,WHOLESALE,2022-10-01,36.11,Spanish quintal (46 kg),eefd2ad6-5d87-48f9-a9eb-0622e38cddaf
Potatoes (Imilla),Bolivia (Plurinational State of),Cochabamba,WHOLESALE,2022-11-01,31.81,Spanish quintal (46 kg),31c72748-007d-4502-a390-c4275436b512
Potatoes (Imilla),Bolivia (Plurinational State of),La Paz,WHOLESALE,2022-11-01,36.84,Spanish quintal (46 kg),7066fed1-f4d6-46f4-babe-ca2cb3a44ede
Potatoes (Imilla),Bolivia (Plurinational State of),Oruro,WHOLESALE,2022-11-01,34.03,Spanish quintal (46 kg),63228be8-f4d2-42d8-8be0-44156fa46a1c
Potatoes (Imilla),Bolivia (Plurinational State of),Santa Cruz,WHOLESALE,2022-11-01,35.4,Spanish quintal (46 kg),60422170-b51e-4c4c-958d-80f1105c5063
Potatoes (Imilla),Bolivia (Plurinational State of),Trinidad,WHOLESALE,2022-11-01,43.59,Spanish quintal (46 kg),eefd2ad6-5d87-48f9-a9eb-0622e38cddaf
Potatoes (Imilla),Bolivia (Plurinational State of),Cochabamba,WHOLESALE,2022-12-01,31.16,Spanish quintal (46 kg),31c72748-007d-4502-a390-c4275436b512
Potatoes (Imilla),Bolivia (Plurinational State of),La Paz,WHOLESALE,2022-12-01,36.42,Spanish quintal (46 kg),7066fed1-f4d6-46f4-babe-ca2cb3a44ede
Potatoes (Imilla),Bolivia (Plurinational State of),Oruro,WHOLESALE,2022-12-01,33.78,Spanish quintal (46 kg),63228be8-f4d2-42d8-8be0-44156fa46a1c
Potatoes (Imilla),Bolivia (Plurinational State of),Santa Cruz,WHOLESALE,2022-12-01,34.2,Spanish quintal (46 kg),60422170-b51e-4c4c-958d-80f1105c5063
Potatoes (Imilla),Bolivia (Plurinational State of),Trinidad,WHOLESALE,2022-12-01,34.21,Spanish quintal (46 kg),eefd2ad6-5d87-48f9-a9eb-0622e38cddaf
Potatoes (Imilla),Bolivia (Plurinational State of),Cochabamba,WHOLESALE,2023-01-01,38.13,Spanish quintal (46 kg),31c72748-007d-4502-a390-c4275436b512
Potatoes (Imilla),Bolivia (Plurinational State of),La Paz,WHOLESALE,2023-01-01,40.18,Spanish quintal (46 kg),7066fed1-f4d6-46f4-babe-ca2cb3a44ede
Potatoes (Imilla),Bolivia (Plurinational State of),Oruro,WHOLESALE,2023-01-01,39.99,Spanish quintal (46 kg),63228be8-f4d2-42d8-8be0-44156fa46a1c
Potatoes (Imilla),Bolivia (Plurinational State of),Santa Cruz,WHOLESALE,2023-01-01,39.68,Spanish quintal (46 kg),60422170-b51e-4c4c-958d-80f1105c5063
Potatoes (Imilla),Bolivia (Plurinational State of),Cochabamba,WHOLESALE,2023-02-01,35.56,Spanish quintal (46 kg),31c72748-007d-4502-a390-c4275436b512
Potatoes (Imilla),Bolivia (Plurinational State of),La Paz,WHOLESALE,2023-02-01,43.81,Spanish quintal (46 kg),7066fed1-f4d6-46f4-babe-ca2cb3a44ede
Potatoes (Imilla),Bolivia (Plurinational State of),Oruro,WHOLESALE,2023-02-01,41.06,Spanish quintal (46 kg),63228be8-f4d2-42d8-8be0-44156fa46a1c
Potatoes (Imilla),Bolivia (Plurinational State of),Santa Cruz,WHOLESALE,2023-02-01,40.57,Spanish quintal (46 kg),60422170-b51e-4c4c-958d-80f1105c5063
Potatoes (Imilla),Bolivia (Plurinational State of),Trinidad,WHOLESALE,2023-02-01,44.43,Spanish quintal (46 kg),eefd2ad6-5d87-48f9-a9eb-0622e38cddaf
Potatoes (Imilla),Bolivia (Plurinational State of),Cochabamba,WHOLESALE,2023-03-01,24.06,Spanish quintal (46 kg),31c72748-007d-4502-a390-c4275436b512
Potatoes (Imilla),Bolivia (Plurinational State of),La Paz,WHOLESALE,2023-03-01,34.5,Spanish quintal (46 kg),7066fed1-f4d6-46f4-babe-ca2cb3a44ede
Potatoes (Imilla),Bolivia (Plurinational State of),Oruro,WHOLESALE,2023-03-01,31.99,Spanish quintal (46 kg),63228be8-f4d2-42d8-8be0-44156fa46a1c
Potatoes (Imilla),Bolivia (Plurinational State of),Santa Cruz,WHOLESALE,2023-03-01,28.57,Spanish quintal (46 kg),60422170-b51e-4c4c-958d-80f1105c5063
Potatoes (Imilla),Bolivia (Plurinational State of),Trinidad,WHOLESALE,2023-03-01,39.39,Spanish quintal (46 kg),eefd2ad6-5d87-48f9-a9eb-0622e38cddaf
Potatoes (Imilla),Bolivia (Plurinational State of),Cochabamba,WHOLESALE,2023-04-01,20.07,Spanish quintal (46 kg),31c72748-007d-4502-a390-c4275436b512
Potatoes (Imilla),Bolivia (Plurinational State of),La Paz,WHOLESALE,2023-04-01,32.47,Spanish quintal (46 kg),7066fed1-f4d6-46f4-babe-ca2cb3a44ede
Potatoes (Imilla),Bolivia (Plurinational State of),Oruro,WHOLESALE,2023-04-01,31.77,Spanish quintal (46 kg),63228be8-f4d2-42d8-8be0-44156fa46a1c
Potatoes (Imilla),Bolivia (Plurinational State of),Santa Cruz,WHOLESALE,2023-04-01,26.4,Spanish quintal (46 kg),60422170-b51e-4c4c-958d-80f1105c5063
Potatoes (Imilla),Bolivia (Plurinational State of),Trinidad,WHOLESALE,2023-04-01,30.39,Spanish quintal (46 kg),eefd2ad6-5d87-48f9-a9eb-0622e38cddaf
Potatoes (Imilla),Bolivia (Plurinational State of),Cochabamba,WHOLESALE,2023-05-01,21.39,Spanish quintal (46 kg),31c72748-007d-4502-a390-c4275436b512
Potatoes (Imilla),Bolivia (Plurinational State of),La Paz,WHOLESALE,2023-05-01,30.72,Spanish quintal (46 kg),7066fed1-f4d6-46f4-babe-ca2cb3a44ede
Potatoes (Imilla),Bolivia (Plurinational State of),Oruro,WHOLESALE,2023-05-01,30.15,Spanish quintal (46 kg),63228be8-f4d2-42d8-8be0-44156fa46a1c
Potatoes (Imilla),Bolivia (Plurinational State of),Santa Cruz,WHOLESALE,2023-05-01,25.51,Spanish quintal (46 kg),60422170-b51e-4c4c-958d-80f1105c5063
Potatoes (Imilla),Bolivia (Plurinational State of),Trinidad,WHOLESALE,2023-05-01,27.5,Spanish quintal (46 kg),eefd2ad6-5d87-48f9-a9eb-0622e38cddaf
Potatoes (Imilla),Bolivia (Plurinational State of),Cochabamba,WHOLESALE,2023-06-01,22.42,Spanish quintal (46 kg),31c72748-007d-4502-a390-c4275436b512
Potatoes (Imilla),Bolivia (Plurinational State of),La Paz,WHOLESALE,2023-06-01,29.46,Spanish quintal (46 kg),7066fed1-f4d6-46f4-babe-ca2cb3a44ede
Potatoes (Imilla),Bolivia (Plurinational State of),Oruro,WHOLESALE,2023-06-01,29.89,Spanish quintal (46 kg),63228be8-f4d2-42d8-8be0-44156fa46a1c
Potatoes (Imilla),Bolivia (Plurinational State of),Santa Cruz,WHOLESALE,2023-06-01,23.9,Spanish quintal (46 kg),60422170-b51e-4c4c-958d-80f1105c5063
Potatoes (Imilla),Bolivia (Plurinational State of),Trinidad,WHOLESALE,2023-06-01,27.5,Spanish quintal (46 kg),eefd2ad6-5d87-48f9-a9eb-0622e38cddaf
Potatoes (Imilla),Bolivia (Plurinational State of),Cochabamba,WHOLESALE,2023-07-01,23.19,Spanish quintal (46 kg),31c72748-007d-4502-a390-c4275436b512
Potatoes (Imilla),Bolivia (Plurinational State of),La Paz,WHOLESALE,2023-07-01,32.03,Spanish quintal (46 kg),7066fed1-f4d6-46f4-babe-ca2cb3a44ede
Potatoes (Imilla),Bolivia (Plurinational State of),Oruro,WHOLESALE,2023-07-01,28.93,Spanish quintal (46 kg),63228be8-f4d2-42d8-8be0-44156fa46a1c
Potatoes (Imilla),Bolivia (Plurinational State of),Santa Cruz,WHOLESALE,2023-07-01,24.49,Spanish quintal (46 kg),60422170-b51e-4c4c-958d-80f1105c5063
Potatoes (Imilla),Bolivia (Plurinational State of),Cochabamba,WHOLESALE,2023-08-01,26.69,Spanish quintal (46 kg),31c72748-007d-4502-a390-c4275436b512
Potatoes (Imilla),Bolivia (Plurinational State of),La Paz,WHOLESALE,2023-08-01,32.29,Spanish quintal (46 kg),7066fed1-f4d6-46f4-babe-ca2cb3a44ede
Potatoes (Imilla),Bolivia (Plurinational State of),Oruro,WHOLESALE,2023-08-01,31.38,Spanish quintal (46 kg),63228be8-f4d2-42d8-8be0-44156fa46a1c
Potatoes (Imilla),Bolivia (Plurinational State of),Santa Cruz,WHOLESALE,2023-08-01,26.74,Spanish quintal (46 kg),60422170-b51e-4c4c-958d-80f1105c5063
Potatoes (Imilla),Bolivia (Plurinational State of),Trinidad,WHOLESALE,2023-08-01,32.63,Spanish quintal (46 kg),eefd2ad6-5d87-48f9-a9eb-0622e38cddaf
Potatoes (Imilla),Bolivia (Plurinational State of),Cochabamba,WHOLESALE,2023-09-01,26.59,Spanish quintal (46 kg),31c72748-007d-4502-a390-c4275436b512
Potatoes (Imilla),Bolivia (Plurinational State of),La Paz,WHOLESALE,2023-09-01,33.76,Spanish quintal (46 kg),7066fed1-f4d6-46f4-babe-ca2cb3a44ede
Potatoes (Imilla),Bolivia (Plurinational State of),Oruro,WHOLESALE,2023-09-01,30.07,Spanish quintal (46 kg),63228be8-f4d2-42d8-8be0-44156fa46a1c
Potatoes (Imilla),Bolivia (Plurinational State of),Santa Cruz,WHOLESALE,2023-09-01,27.38,Spanish quintal (46 kg),60422170-b51e-4c4c-958d-80f1105c5063
Potatoes (Imilla),Bolivia (Plurinational State of),Trinidad,WHOLESALE,2023-09-01,33.44,Spanish quintal (46 kg),eefd2ad6-5d87-48f9-a9eb-0622e38cddaf
Potatoes (Imilla),Bolivia (Plurinational State of),Cochabamba,WHOLESALE,2023-10-01,30.9,Spanish quintal (46 kg),31c72748-007d-4502-a390-c4275436b512
Potatoes (Imilla),Bolivia (Plurinational State of),La Paz,WHOLESALE,2023-10-01,36.1,Spanish quintal (46 kg),7066fed1-f4d6-46f4-babe-ca2cb3a44ede
Potatoes (Imilla),Bolivia (Plurinational State of),Oruro,WHOLESALE,2023-10-01,34.4,Spanish quintal (46 kg),63228be8-f4d2-42d8-8be0-44156fa46a1c
Potatoes (Imilla),Bolivia (Plurinational State of),Santa Cruz,WHOLESALE,2023-10-01,29.43,Spanish quintal (46 kg),60422170-b51e-4c4c-958d-80f1105c5063
Potatoes (Imilla),Bolivia (Plurinational State of),Trinidad,WHOLESALE,2023-10-01,32.82,Spanish quintal (46 kg),eefd2ad6-5d87-48f9-a9eb-0622e38cddaf
Potatoes (Imilla),Bolivia (Plurinational State of),Cochabamba,WHOLESALE,2023-11-01,32.9,Spanish quintal (46 kg),31c72748-007d-4502-a390-c4275436b512
Potatoes (Imilla),Bolivia (Plurinational State of),La Paz,WHOLESALE,2023-11-01,39.21,Spanish quintal (46 kg),7066fed1-f4d6-46f4-babe-ca2cb3a44ede
Potatoes (Imilla),Bolivia (Plurinational State of),Oruro,WHOLESALE,2023-11-01,37.95,Spanish quintal (46 kg),63228be8-f4d2-42d8-8be0-44156fa46a1c
Potatoes (Imilla),Bolivia (Plurinational State of),Santa Cruz,WHOLESALE,2023-11-01,32.53,Spanish quintal (46 kg),60422170-b51e-4c4c-958d-80f1105c5063
Potatoes (Imilla),Bolivia (Plurinational State of),Trinidad,WHOLESALE,2023-11-01,40.0,Spanish quintal (46 kg),eefd2ad6-5d87-48f9-a9eb-0622e38cddaf
Potatoes (Imilla),Bolivia (Plurinational State of),Cochabamba,WHOLESALE,2023-12-01,32.46,Spanish quintal (46 kg),31c72748-007d-4502-a390-c4275436b512
Potatoes (Imilla),Bolivia (Plurinational State of),Oruro,WHOLESALE,2023-12-01,38.08,Spanish quintal (46 kg),63228be8-f4d2-42d8-8be0-44156fa46a1c
Potatoes (Imilla),Bolivia (Plurinational State of),Santa Cruz,WHOLESALE,2023-12-01,37.02,Spanish quintal (46 kg),60422170-b51e-4c4c-958d-80f1105c5063
Potatoes (Imilla),Bolivia (Plurinational State of),Trinidad,WHOLESALE,2023-12-01,43.42,Spanish quintal (46 kg),eefd2ad6-5d87-48f9-a9eb-0622e38cddaf
Potatoes (Imilla),Bolivia (Plurinational State of),Cochabamba,WHOLESALE,2024-04-01,11.95,Spanish quintal (46 kg),31c72748-007d-4502-a390-c4275436b512
Potatoes (Imilla),Bolivia (Plurinational State of),La Paz,WHOLESALE,2024-04-01,17.73,Spanish quintal (46 kg),7066fed1-f4d6-46f4-babe-ca2cb3a44ede
Potatoes (Imilla),Bolivia (Plurinational State of),Oruro,WHOLESALE,2024-04-01,17.64,Spanish quintal (46 kg),63228be8-f4d2-42d8-8be0-44156fa46a1c
Potatoes (Imilla),Bolivia (Plurinational State of),Santa Cruz,WHOLESALE,2024-04-01,14.47,Spanish quintal (46 kg),60422170-b51e-4c4c-958d-80f1105c5063
Potatoes (Imilla),Bolivia (Plurinational State of),Trinidad,WHOLESALE,2024-04-01,26.05,Spanish quintal (46 kg),eefd2ad6-5d87-48f9-a9eb-0622e38cddaf
Potatoes (Imilla),Bolivia (Plurinational State of),Cochabamba,WHOLESALE,2024-05-01,13.29,Spanish quintal (46 kg),31c72748-007d-4502-a390-c4275436b512
Potatoes (Imilla),Bolivia (Plurinational State of),La Paz,WHOLESALE,2024-05-01,20.47,Spanish quintal (46 kg),7066fed1-f4d6-46f4-babe-ca2cb3a44ede
Potatoes (Imilla),Bolivia (Plurinational State of),Oruro,WHOLESALE,2024-05-01,18.91,Spanish quintal (46 kg),63228be8-f4d2-42d8-8be0-44156fa46a1c
Potatoes (Imilla),Bolivia (Plurinational State of),Santa Cruz,WHOLESALE,2024-05-01,15.65,Spanish quintal (46 kg),60422170-b51e-4c4c-958d-80f1105c5063
Potatoes (Imilla),Bolivia (Plurinational State of),Trinidad,WHOLESALE,2024-05-01,24.64,Spanish quintal (46 kg),eefd2ad6-5d87-48f9-a9eb-0622e38cddaf
Potatoes (Imilla),Bolivia (Plurinational State of),Cochabamba,WHOLESALE,2024-06-01,16.49,Spanish quintal (46 kg),31c72748-007d-4502-a390-c4275436b512
Potatoes (Imilla),Bolivia (Plurinational State of),La Paz,WHOLESALE,2024-06-01,21.71,Spanish quintal (46 kg),7066fed1-f4d6-46f4-babe-ca2cb3a44ede
Potatoes (Imilla),Bolivia (Plurinational State of),Oruro,WHOLESALE,2024-06-01,19.88,Spanish quintal (46 kg),63228be8-f4d2-42d8-8be0-44156fa46a1c
Potatoes (Imilla),Bolivia (Plurinational State of),Santa Cruz,WHOLESALE,2024-06-01,17.15,Spanish quintal (46 kg),60422170-b51e-4c4c-958d-80f1105c5063
Potatoes (Imilla),Bolivia (Plurinational State of),Trinidad,WHOLESALE,2024-06-01,35.38,Spanish quintal (46 kg),eefd2ad6-5d87-48f9-a9eb-0622e38cddaf
Potatoes (Imilla),Bolivia (Plurinational State of),Cochabamba,WHOLESALE,2024-07-01,20.68,Spanish quintal (46 kg),31c72748-007d-4502-a390-c4275436b512
Potatoes (Imilla),Bolivia (Plurinational State of),La Paz,WHOLESALE,2024-07-01,22.61,Spanish quintal (46 kg),7066fed1-f4d6-46f4-babe-ca2cb3a44ede
Potatoes (Imilla),Bolivia (Plurinational State of),Oruro,WHOLESALE,2024-07-01,20.09,Spanish quintal (46 kg),63228be8-f4d2-42d8-8be0-44156fa46a1c
Potatoes (Imilla),Bolivia (Plurinational State of),Santa Cruz,WHOLESALE,2024-07-01,24.33,Spanish quintal (46 kg),60422170-b51e-4c4c-958d-80f1105c5063
Potatoes (Imilla),Bolivia (Plurinational State of),Cochabamba,WHOLESALE,2024-08-01,26.89,Spanish quintal (46 kg),31c72748-007d-4502-a390-c4275436b512
Potatoes (Imilla),Bolivia (Plurinational State of),La Paz,WHOLESALE,2024-08-01,26.04,Spanish quintal (46 kg),7066fed1-f4d6-46f4-babe-ca2cb3a44ede
Potatoes (Imilla),Bolivia (Plurinational State of),Oruro,WHOLESALE,2024-08-01,23.69,Spanish quintal (46 kg),63228be8-f4d2-42d8-8be0-44156fa46a1c
Potatoes (Imilla),Bolivia (Plurinational State of),Santa Cruz,WHOLESALE,2024-08-01,25.29,Spanish quintal (46 kg),60422170-b51e-4c4c-958d-80f1105c5063
Potatoes (Imilla),Bolivia (Plurinational State of),Cochabamba,WHOLESALE,2024-09-01,28.69,Spanish quintal (46 kg),31c72748-007d-4502-a390-c4275436b512
Potatoes (Imilla),Bolivia (Plurinational State of),La Paz,WHOLESALE,2024-09-01,28.23,Spanish quintal (46 kg),7066fed1-f4d6-46f4-babe-ca2cb3a44ede
Potatoes (Imilla),Bolivia (Plurinational State of),Oruro,WHOLESALE,2024-09-01,26.95,Spanish quintal (46 kg),63228be8-f4d2-42d8-8be0-44156fa46a1c
Potatoes (Imilla),Bolivia (Plurinational State of),Santa Cruz,WHOLESALE,2024-09-01,27.54,Spanish quintal (46 kg),60422170-b51e-4c4c-958d-80f1105c5063
Potatoes (Imilla),Bolivia (Plurinational State of),Cochabamba,WHOLESALE,2024-10-01,30.23,Spanish quintal (46 kg),31c72748-007d-4502-a390-c4275436b512
Potatoes (Imilla),Bolivia (Plurinational State of),La Paz,WHOLESALE,2024-10-01,29.82,Spanish quintal (46 kg),7066fed1-f4d6-46f4-babe-ca2cb3a44ede
Potatoes (Imilla),Bolivia (Plurinational State of),Oruro,WHOLESALE,2024-10-01,28.94,Spanish quintal (46 kg),63228be8-f4d2-42d8-8be0-44156fa46a1c
Potatoes (Imilla),Bolivia (Plurinational State of),Santa Cruz,WHOLESALE,2024-10-01,29.25,Spanish quintal (46 kg),60422170-b51e-4c4c-958d-80f1105c5063
Potatoes (Imilla),Bolivia (Plurinational State of),Cochabamba,WHOLESALE,2024-11-01,27.61,Spanish quintal (46 kg),31c72748-007d-4502-a390-c4275436b512
Potatoes (Imilla),Bolivia (Plurinational State of),La Paz,WHOLESALE,2024-11-01,30.8,Spanish quintal (46 kg),7066fed1-f4d6-46f4-babe-ca2cb3a44ede
Potatoes (Imilla),Bolivia (Plurinational State of),Santa Cruz,WHOLESALE,2024-11-01,29.53,Spanish quintal (46 kg),60422170-b51e-4c4c-958d-80f1105c5063
Potatoes (Imilla),Bolivia (Plurinational State of),Cochabamba,WHOLESALE,2024-12-01,25.44,Spanish quintal (46 kg),31c72748-007d-4502-a390-c4275436b512
Potatoes (Imilla),Bolivia (Plurinational State of),La Paz,WHOLESALE,2024-12-01,29.65,Spanish quintal (46 kg),7066fed1-f4d6-46f4-babe-ca2cb3a44ede
Potatoes (Imilla),Bolivia (Plurinational State of),Santa Cruz,WHOLESALE,2024-12-01,29.46,Spanish quintal (46 kg),60422170-b51e-4c4c-958d-80f1105c5063
Potatoes (Imilla),Bolivia (Plurinational State of),Trinidad,WHOLESALE,2024-12-01,46.31,Spanish quintal (46 kg),eefd2ad6-5d87-48f9-a9eb-0622e38cddaf
Potatoes (Imilla),Bolivia (Plurinational State of),La Paz,WHOLESALE,2025-01-01,27.74,Spanish quintal (46 kg),7066fed1-f4d6-46f4-babe-ca2cb3a44ede
Potatoes (Imilla),Bolivia (Plurinational State of),Cochabamba,WHOLESALE,2025-02-01,20.37,Spanish quintal (46 kg),31c72748-007d-4502-a390-c4275436b512
Potatoes (Imilla),Bolivia (Plurinational State of),La Paz,WHOLESALE,2025-02-01,23.76,Spanish quintal (46 kg),7066fed1-f4d6-46f4-babe-ca2cb3a44ede
Potatoes (Imilla),Bolivia (Plurinational State of),Cochabamba,WHOLESALE,2025-03-01,24.55,Spanish quintal (46 kg),31c72748-007d-4502-a390-c4275436b512
Potatoes (Imilla),Bolivia (Plurinational State of),La Paz,WHOLESALE,2025-03-01,26.13,Spanish quintal (46 kg),7066fed1-f4d6-46f4-babe-ca2cb3a44ede
Potatoes (Imilla),Bolivia (Plurinational State of),Oruro,WHOLESALE,2025-03-01,30.62,Spanish quintal (46 kg),63228be8-f4d2-42d8-8be0-44156fa46a1c
Potatoes (Imilla),Bolivia (Plurinational State of),Santa Cruz,WHOLESALE,2025-03-01,26.18,Spanish quintal (46 kg),60422170-b51e-4c4c-958d-80f1105c5063
Potatoes (Imilla),Bolivia (Plurinational State of),Cochabamba,WHOLESALE,2025-04-01,19.85,Spanish quintal (46 kg),31c72748-007d-4502-a390-c4275436b512
Potatoes (Imilla),Bolivia (Plurinational State of),La Paz,WHOLESALE,2025-04-01,24.64,Spanish quintal (46 kg),7066fed1-f4d6-46f4-babe-ca2cb3a44ede
Potatoes (Imilla),Bolivia (Plurinational State of),Oruro,WHOLESALE,2025-04-01,23.49,Spanish quintal (46 kg),63228be8-f4d2-42d8-8be0-44156fa46a1c
Potatoes (Imilla),Bolivia (Plurinational State of),Santa Cruz,WHOLESALE,2025-04-01,23.18,Spanish quintal (46 kg),60422170-b51e-4c4c-958d-80f1105c5063
Potatoes (Imilla),Bolivia (Plurinational State of),Cochabamba,WHOLESALE,2025-05-01,25.57,Spanish quintal (46 kg),31c72748-007d-4502-a390-c4275436b512
Potatoes (Imilla),Bolivia (Plurinational State of),La Paz,WHOLESALE,2025-05-01,27.02,Spanish quintal (46 kg),7066fed1-f4d6-46f4-babe-ca2cb3a44ede
Potatoes (Imilla),Bolivia (Plurinational State of),Oruro,WHOLESALE,2025-05-01,25.19,Spanish quintal (46 kg),63228be8-f4d2-42d8-8be0-44156fa46a1c
Potatoes (Imilla),Bolivia (Plurinational State of),Santa Cruz,WHOLESALE,2025-05-01,24.24,Spanish quintal (46 kg),60422170-b51e-4c4c-958d-80f1105c5063
Potatoes (Imilla),Bolivia (Plurinational State of),Cochabamba,WHOLESALE,2025-06-01,33.74,Spanish quintal (46 kg),31c72748-007d-4502-a390-c4275436b512
Potatoes (Imilla),Bolivia (Plurinational State of),La Paz,WHOLESALE,2025-06-01,29.39,Spanish quintal (46 kg),7066fed1-f4d6-46f4-babe-ca2cb3a44ede
Potatoes (Imilla),Bolivia (Plurinational State of),Oruro,WHOLESALE,2025-06-01,33.64,Spanish quintal (46 kg),63228be8-f4d2-42d8-8be0-44156fa46a1c
Potatoes (Imilla),Bolivia (Plurinational State of),Santa Cruz,WHOLESALE,2025-06-01,23.87,Spanish quintal (46 kg),60422170-b51e-4c4c-958d-80f1105c5063
