date,price_usd,commodity_name,country,market,price_type,unit,unit_std,price_per_unit
2005-01-01,0.39,"Wheat (flour, first grade)",Armenia,National Average,RETAIL,Kg,kg,0.39
2005-02-01,0.4,"Wheat (flour, first grade)",Armenia,National Average,RETAIL,Kg,kg,0.4
2005-03-01,0.41,"Wheat (flour, first grade)",Armenia,National Average,RETAIL,Kg,kg,0.41
2005-04-01,0.42,"Wheat (flour, first grade)",Armenia,National Average,RETAIL,Kg,kg,0.42
2005-05-01,0.4,"Wheat (flour, first grade)",Armenia,National Average,RETAIL,Kg,kg,0.4
2005-06-01,0.38,"Wheat (flour, first grade)",Armenia,National Average,RETAIL,Kg,kg,0.38
2005-07-01,0.38,"Wheat (flour, first grade)",Armenia,National Average,RETAIL,Kg,kg,0.38
2005-08-01,0.35,"Wheat (flour, first grade)",Armenia,National Average,RETAIL,Kg,kg,0.35
2005-09-01,0.35,"Wheat (flour, first grade)",Armenia,National Average,RETAIL,Kg,kg,0.35
2005-10-01,0.35,"Wheat (flour, first grade)",Armenia,National Average,RETAIL,Kg,kg,0.35
2005-11-01,0.34,"Wheat (flour, first grade)",Armenia,National Average,RETAIL,Kg,kg,0.34
2005-12-01,0.35,"Wheat (flour, first grade)",Armenia,National Average,RETAIL,Kg,kg,0.35
2006-01-01,0.34,"Wheat (flour, first grade)",Armenia,National Average,RETAIL,Kg,kg,0.34
2006-02-01,0.34,"Wheat (flour, first grade)",Armenia,National Average,RETAIL,Kg,kg,0.34
2006-03-01,0.35,"Wheat (flour, first grade)",Armenia,National Average,RETAIL,Kg,kg,0.35
2006-04-01,0.35,"Wheat (flour, first grade)",Armenia,National Average,RETAIL,Kg,kg,0.35
2006-05-01,0.36,"Wheat (flour, first grade)",Armenia,National Average,RETAIL,Kg,kg,0.36
2006-06-01,0.38,"Wheat (flour, first grade)",Armenia,National Average,RETAIL,Kg,kg,0.38
2006-07-01,0.38,"Wheat (flour, first grade)",Armenia,National Average,RETAIL,Kg,kg,0.38
2006-08-01,0.39,"Wheat (flour, first grade)",Armenia,National Average,RETAIL,Kg,kg,0.39
2006-09-01,0.41,"Wheat (flour, first grade)",Armenia,National Average,RETAIL,Kg,kg,0.41
2006-10-01,0.42,"Wheat (flour, first grade)",Armenia,National Average,RETAIL,Kg,kg,0.42
2006-11-01,0.43,"Wheat (flour, first grade)",Armenia,National Average,RETAIL,Kg,kg,0.43
2006-12-01,0.44,"Wheat (flour, first grade)",Armenia,National Average,RETAIL,Kg,kg,0.44
2007-01-01,0.44,"Wheat (flour, first grade)",Armenia,National Average,RETAIL,Kg,kg,0.44
2007-02-01,0.45,"Wheat (flour, first grade)",Armenia,National Average,RETAIL,Kg,kg,0.45
2007-03-01,0.45,"Wheat (flour, first grade)",Armenia,National Average,RETAIL,Kg,kg,0.45
2007-04-01,0.44,"Wheat (flour, first grade)",Armenia,National Average,RETAIL,Kg,kg,0.44
2007-05-01,0.46,"Wheat (flour, first grade)",Armenia,National Average,RETAIL,Kg,kg,0.46
2007-06-01,0.51,"Wheat (flour, first grade)",Armenia,National Average,RETAIL,Kg,kg,0.51
2007-07-01,0.52,"Wheat (flour, first grade)",Armenia,National Average,RETAIL,Kg,kg,0.52
2007-08-01,0.53,"Wheat (flour, first grade)",Armenia,National Average,RETAIL,Kg,kg,0.53
2007-09-01,0.54,"Wheat (flour, first grade)",Armenia,National Average,RETAIL,Kg,kg,0.54
2007-10-01,0.65,"Wheat (flour, first grade)",Armenia,National Average,RETAIL,Kg,kg,0.65
2007-11-01,0.69,"Wheat (flour, first grade)",Armenia,National Average,RETAIL,Kg,kg,0.69
2007-12-01,0.72,"Wheat (flour, first grade)",Armenia,National Average,RETAIL,Kg,kg,0.72
2008-01-01,0.71,"Wheat (flour, first grade)",Armenia,National Average,RETAIL,Kg,kg,0.71
2008-02-01,0.71,"Wheat (flour, first grade)",Armenia,National Average,RETAIL,Kg,kg,0.71
2008-03-01,0.76,"Wheat (flour, first grade)",Armenia,National Average,RETAIL,Kg,kg,0.76
2008-04-01,0.81,"Wheat (flour, first grade)",Armenia,National Average,RETAIL,Kg,kg,0.81
2008-05-01,0.81,"Wheat (flour, first grade)",Armenia,National Average,RETAIL,Kg,kg,0.81
2008-06-01,0.82,"Wheat (flour, first grade)",Armenia,National Average,RETAIL,Kg,kg,0.82
2008-07-01,0.81,"Wheat (flour, first grade)",Armenia,National Average,RETAIL,Kg,kg,0.81
2008-08-01,0.8,"Wheat (flour, first grade)",Armenia,National Average,RETAIL,Kg,kg,0.8
2008-09-01,0.79,"Wheat (flour, first grade)",Armenia,National Average,RETAIL,Kg,kg,0.79
2008-10-01,0.78,"Wheat (flour, first grade)",Armenia,National Average,RETAIL,Kg,kg,0.78
2008-11-01,0.72,"Wheat (flour, first grade)",Armenia,National Average,RETAIL,Kg,kg,0.72
2008-12-01,0.65,"Wheat (flour, first grade)",Armenia,National Average,RETAIL,Kg,kg,0.65
2009-01-01,0.65,"Wheat (flour, first grade)",Armenia,National Average,RETAIL,Kg,kg,0.65
2009-02-01,0.62,"Wheat (flour, first grade)",Armenia,National Average,RETAIL,Kg,kg,0.62
2009-03-01,0.54,"Wheat (flour, first grade)",Armenia,National Average,RETAIL,Kg,kg,0.54
2009-04-01,0.54,"Wheat (flour, first grade)",Armenia,National Average,RETAIL,Kg,kg,0.54
2009-05-01,0.53,"Wheat (flour, first grade)",Armenia,National Average,RETAIL,Kg,kg,0.53
2009-06-01,0.53,"Wheat (flour, first grade)",Armenia,National Average,RETAIL,Kg,kg,0.53
2009-07-01,0.53,"Wheat (flour, first grade)",Armenia,National Average,RETAIL,Kg,kg,0.53
2009-08-01,0.52,"Wheat (flour, first grade)",Armenia,National Average,RETAIL,Kg,kg,0.52
2009-09-01,0.51,"Wheat (flour, first grade)",Armenia,National Average,RETAIL,Kg,kg,0.51
2009-10-01,0.5,"Wheat (flour, first grade)",Armenia,National Average,RETAIL,Kg,kg,0.5
2009-11-01,0.5,"Wheat (flour, first grade)",Armenia,National Average,RETAIL,Kg,kg,0.5
2009-12-01,0.51,"Wheat (flour, first grade)",Armenia,National Average,RETAIL,Kg,kg,0.51
2010-01-01,0.51,"Wheat (flour, first grade)",Armenia,National Average,RETAIL,Kg,kg,0.51
2010-02-01,0.5,"Wheat (flour, first grade)",Armenia,National Average,RETAIL,Kg,kg,0.5
2010-03-01,0.48,"Wheat (flour, first grade)",Armenia,National Average,RETAIL,Kg,kg,0.48
2010-04-01,0.48,"Wheat (flour, first grade)",Armenia,National Average,RETAIL,Kg,kg,0.48
2010-05-01,0.5,"Wheat (flour, first grade)",Armenia,National Average,RETAIL,Kg,kg,0.5
2010-06-01,0.51,"Wheat (flour, first grade)",Armenia,National Average,RETAIL,Kg,kg,0.51
2010-07-01,0.52,"Wheat (flour, first grade)",Armenia,National Average,RETAIL,Kg,kg,0.52
2010-08-01,0.55,"Wheat (flour, first grade)",Armenia,National Average,RETAIL,Kg,kg,0.55
2010-09-01,0.56,"Wheat (flour, first grade)",Armenia,National Average,RETAIL,Kg,kg,0.56
2010-10-01,0.59,"Wheat (flour, first grade)",Armenia,National Average,RETAIL,Kg,kg,0.59
2010-11-01,0.6,"Wheat (flour, first grade)",Armenia,National Average,RETAIL,Kg,kg,0.6
2010-12-01,0.6,"Wheat (flour, first grade)",Armenia,National Average,RETAIL,Kg,kg,0.6
2011-01-01,0.6,"Wheat (flour, first grade)",Armenia,National Average,RETAIL,Kg,kg,0.6
2011-02-01,0.64,"Wheat (flour, first grade)",Armenia,National Average,RETAIL,Kg,kg,0.64
2011-03-01,0.66,"Wheat (flour, first grade)",Armenia,National Average,RETAIL,Kg,kg,0.66
2011-04-01,0.66,"Wheat (flour, first grade)",Armenia,National Average,RETAIL,Kg,kg,0.66
2011-05-01,0.65,"Wheat (flour, first grade)",Armenia,National Average,RETAIL,Kg,kg,0.65
2011-06-01,0.65,"Wheat (flour, first grade)",Armenia,National Average,RETAIL,Kg,kg,0.65
2011-07-01,0.65,"Wheat (flour, first grade)",Armenia,National Average,RETAIL,Kg,kg,0.65
2011-08-01,0.63,"Wheat (flour, first grade)",Armenia,National Average,RETAIL,Kg,kg,0.63
2011-09-01,0.62,"Wheat (flour, first grade)",Armenia,National Average,RETAIL,Kg,kg,0.62
2011-10-01,0.6,"Wheat (flour, first grade)",Armenia,National Average,RETAIL,Kg,kg,0.6
2011-11-01,0.59,"Wheat (flour, first grade)",Armenia,National Average,RETAIL,Kg,kg,0.59
2011-12-01,0.58,"Wheat (flour, first grade)",Armenia,National Average,RETAIL,Kg,kg,0.58
2012-01-01,0.58,"Wheat (flour, first grade)",Armenia,National Average,RETAIL,Kg,kg,0.58
2012-02-01,0.57,"Wheat (flour, first grade)",Armenia,National Average,RETAIL,Kg,kg,0.57
2012-03-01,0.58,"Wheat (flour, first grade)",Armenia,National Average,RETAIL,Kg,kg,0.58
2012-04-01,0.58,"Wheat (flour, first grade)",Armenia,National Average,RETAIL,Kg,kg,0.58
2012-05-01,0.58,"Wheat (flour, first grade)",Armenia,National Average,RETAIL,Kg,kg,0.58
2012-06-01,0.56,"Wheat (flour, first grade)",Armenia,National Average,RETAIL,Kg,kg,0.56
2012-07-01,0.57,"Wheat (flour, first grade)",Armenia,National Average,RETAIL,Kg,kg,0.57
2012-08-01,0.59,"Wheat (flour, first grade)",Armenia,National Average,RETAIL,Kg,kg,0.59
2012-09-01,0.59,"Wheat (flour, first grade)",Armenia,National Average,RETAIL,Kg,kg,0.59
2012-10-01,0.64,"Wheat (flour, first grade)",Armenia,National Average,RETAIL,Kg,kg,0.64
2012-11-01,0.66,"Wheat (flour, first grade)",Armenia,National Average,RETAIL,Kg,kg,0.66
2012-12-01,0.67,"Wheat (flour, first grade)",Armenia,National Average,RETAIL,Kg,kg,0.67
2013-01-01,0.68,"Wheat (flour, first grade)",Armenia,National Average,RETAIL,Kg,kg,0.68
2013-02-01,0.68,"Wheat (flour, first grade)",Armenia,National Average,RETAIL,Kg,kg,0.68
2013-03-01,0.67,"Wheat (flour, first grade)",Armenia,National Average,RETAIL,Kg,kg,0.67
2013-04-01,0.67,"Wheat (flour, first grade)",Armenia,National Average,RETAIL,Kg,kg,0.67
2013-05-01,0.67,"Wheat (flour, first grade)",Armenia,National Average,RETAIL,Kg,kg,0.67
2013-06-01,0.68,"Wheat (flour, first grade)",Armenia,National Average,RETAIL,Kg,kg,0.68
2013-07-01,0.68,"Wheat (flour, first grade)",Armenia,National Average,RETAIL,Kg,kg,0.68
2013-08-01,0.66,"Wheat (flour, first grade)",Armenia,National Average,RETAIL,Kg,kg,0.66
2013-09-01,0.61,"Wheat (flour, first grade)",Armenia,National Average,RETAIL,Kg,kg,0.61
2013-10-01,0.6,"Wheat (flour, first grade)",Armenia,National Average,RETAIL,Kg,kg,0.6
2013-11-01,0.6,"Wheat (flour, first grade)",Armenia,National Average,RETAIL,Kg,kg,0.6
2013-12-01,0.61,"Wheat (flour, first grade)",Armenia,National Average,RETAIL,Kg,kg,0.61
2014-01-01,0.62,"Wheat (flour, first grade)",Armenia,National Average,RETAIL,Kg,kg,0.62
2014-02-01,0.61,"Wheat (flour, first grade)",Armenia,National Average,RETAIL,Kg,kg,0.61
2014-03-01,0.61,"Wheat (flour, first grade)",Armenia,National Average,RETAIL,Kg,kg,0.61
2014-04-01,0.62,"Wheat (flour, first grade)",Armenia,National Average,RETAIL,Kg,kg,0.62
2014-05-01,0.62,"Wheat (flour, first grade)",Armenia,National Average,RETAIL,Kg,kg,0.62
2014-06-01,0.64,"Wheat (flour, first grade)",Armenia,National Average,RETAIL,Kg,kg,0.64
2014-07-01,0.65,"Wheat (flour, first grade)",Armenia,National Average,RETAIL,Kg,kg,0.65
2014-08-01,0.64,"Wheat (flour, first grade)",Armenia,National Average,RETAIL,Kg,kg,0.64
2014-09-01,0.64,"Wheat (flour, first grade)",Armenia,National Average,RETAIL,Kg,kg,0.64
2014-10-01,0.64,"Wheat (flour, first grade)",Armenia,National Average,RETAIL,Kg,kg,0.64
2014-11-01,0.62,"Wheat (flour, first grade)",Armenia,National Average,RETAIL,Kg,kg,0.62
2014-12-01,0.61,"Wheat (flour, first grade)",Armenia,National Average,RETAIL,Kg,kg,0.61
2015-01-01,0.61,"Wheat (flour, first grade)",Armenia,National Average,RETAIL,Kg,kg,0.61
2015-02-01,0.58,"Wheat (flour, first grade)",Armenia,National Average,RETAIL,Kg,kg,0.58
2015-03-01,0.54,"Wheat (flour, first grade)",Armenia,National Average,RETAIL,Kg,kg,0.54
2015-04-01,0.53,"Wheat (flour, first grade)",Armenia,National Average,RETAIL,Kg,kg,0.53
2015-05-01,0.52,"Wheat (flour, first grade)",Armenia,National Average,RETAIL,Kg,kg,0.52
2015-06-01,0.54,"Wheat (flour, first grade)",Armenia,National Average,RETAIL,Kg,kg,0.54
2015-07-01,0.53,"Wheat (flour, first grade)",Armenia,National Average,RETAIL,Kg,kg,0.53
2015-08-01,0.53,"Wheat (flour, first grade)",Armenia,National Average,RETAIL,Kg,kg,0.53
2015-09-01,0.52,"Wheat (flour, first grade)",Armenia,National Average,RETAIL,Kg,kg,0.52
2015-10-01,0.53,"Wheat (flour, first grade)",Armenia,National Average,RETAIL,Kg,kg,0.53
2015-11-01,0.52,"Wheat (flour, first grade)",Armenia,National Average,RETAIL,Kg,kg,0.52
2015-12-01,0.51,"Wheat (flour, first grade)",Armenia,National Average,RETAIL,Kg,kg,0.51
2016-01-01,0.51,"Wheat (flour, first grade)",Armenia,National Average,RETAIL,Kg,kg,0.51
2016-02-01,0.47,"Wheat (flour, first grade)",Armenia,National Average,RETAIL,Kg,kg,0.47
2016-03-01,0.47,"Wheat (flour, first grade)",Armenia,National Average,RETAIL,Kg,kg,0.47
2016-04-01,0.47,"Wheat (flour, first grade)",Armenia,National Average,RETAIL,Kg,kg,0.47
2016-05-01,0.48,"Wheat (flour, first grade)",Armenia,National Average,RETAIL,Kg,kg,0.48
2016-06-01,0.48,"Wheat (flour, first grade)",Armenia,National Average,RETAIL,Kg,kg,0.48
2016-07-01,0.48,"Wheat (flour, first grade)",Armenia,National Average,RETAIL,Kg,kg,0.48
2016-08-01,0.48,"Wheat (flour, first grade)",Armenia,National Average,RETAIL,Kg,kg,0.48
2016-09-01,0.48,"Wheat (flour, first grade)",Armenia,National Average,RETAIL,Kg,kg,0.48
2016-10-01,0.48,"Wheat (flour, first grade)",Armenia,National Average,RETAIL,Kg,kg,0.48
2016-11-01,0.47,"Wheat (flour, first grade)",Armenia,National Average,RETAIL,Kg,kg,0.47
2016-12-01,0.46,"Wheat (flour, first grade)",Armenia,National Average,RETAIL,Kg,kg,0.46
2017-01-01,0.46,"Wheat (flour, first grade)",Armenia,National Average,RETAIL,Kg,kg,0.46
2017-02-01,0.46,"Wheat (flour, first grade)",Armenia,National Average,RETAIL,Kg,kg,0.46
2017-03-01,0.46,"Wheat (flour, first grade)",Armenia,National Average,RETAIL,Kg,kg,0.46
2017-04-01,0.45,"Wheat (flour, first grade)",Armenia,National Average,RETAIL,Kg,kg,0.45
2017-05-01,0.45,"Wheat (flour, first grade)",Armenia,National Average,RETAIL,Kg,kg,0.45
2017-06-01,0.46,"Wheat (flour, first grade)",Armenia,National Average,RETAIL,Kg,kg,0.46
2017-07-01,0.45,"Wheat (flour, first grade)",Armenia,National Average,RETAIL,Kg,kg,0.45
2017-08-01,0.45,"Wheat (flour, first grade)",Armenia,National Average,RETAIL,Kg,kg,0.45
2017-09-01,0.44,"Wheat (flour, first grade)",Armenia,National Average,RETAIL,Kg,kg,0.44
2017-10-01,0.43,"Wheat (flour, first grade)",Armenia,National Average,RETAIL,Kg,kg,0.43
2017-11-01,0.42,"Wheat (flour, first grade)",Armenia,National Average,RETAIL,Kg,kg,0.42
2017-12-01,0.42,"Wheat (flour, first grade)",Armenia,National Average,RETAIL,Kg,kg,0.42
2018-01-01,0.42,"Wheat (flour, first grade)",Armenia,National Average,RETAIL,Kg,kg,0.42
2018-02-01,0.42,"Wheat (flour, first grade)",Armenia,National Average,RETAIL,Kg,kg,0.42
2018-03-01,0.42,"Wheat (flour, first grade)",Armenia,National Average,RETAIL,Kg,kg,0.42
2018-04-01,0.42,"Wheat (flour, first grade)",Armenia,National Average,RETAIL,Kg,kg,0.42
2018-05-01,0.42,"Wheat (flour, first grade)",Armenia,National Average,RETAIL,Kg,kg,0.42
2018-06-01,0.42,"Wheat (flour, first grade)",Armenia,National Average,RETAIL,Kg,kg,0.42
2018-07-01,0.41,"Wheat (flour, first grade)",Armenia,National Average,RETAIL,Kg,kg,0.41
2018-08-01,0.41,"Wheat (flour, first grade)",Armenia,National Average,RETAIL,Kg,kg,0.41
2018-09-01,0.42,"Wheat (flour, first grade)",Armenia,National Average,RETAIL,Kg,kg,0.42
2018-10-01,0.42,"Wheat (flour, first grade)",Armenia,National Average,RETAIL,Kg,kg,0.42
2018-11-01,0.42,"Wheat (flour, first grade)",Armenia,National Average,RETAIL,Kg,kg,0.42
2018-12-01,0.42,"Wheat (flour, first grade)",Armenia,National Average,RETAIL,Kg,kg,0.42
2019-01-01,0.42,"Wheat (flour, first grade)",Armenia,National Average,RETAIL,Kg,kg,0.42
2019-02-01,0.42,"Wheat (flour, first grade)",Armenia,National Average,RETAIL,Kg,kg,0.42
2019-03-01,0.43,"Wheat (flour, first grade)",Armenia,National Average,RETAIL,Kg,kg,0.43
2019-04-01,0.45,"Wheat (flour, first grade)",Armenia,National Average,RETAIL,Kg,kg,0.45
2019-05-01,0.45,"Wheat (flour, first grade)",Armenia,National Average,RETAIL,Kg,kg,0.45
2019-06-01,0.45,"Wheat (flour, first grade)",Armenia,National Average,RETAIL,Kg,kg,0.45
2019-07-01,0.45,"Wheat (flour, first grade)",Armenia,National Average,RETAIL,Kg,kg,0.45
2019-08-01,0.45,"Wheat (flour, first grade)",Armenia,National Average,RETAIL,Kg,kg,0.45
2019-09-01,0.45,"Wheat (flour, first grade)",Armenia,National Average,RETAIL,Kg,kg,0.45
2019-10-01,0.45,"Wheat (flour, first grade)",Armenia,National Average,RETAIL,Kg,kg,0.45
2019-11-01,0.45,"Wheat (flour, first grade)",Armenia,National Average,RETAIL,Kg,kg,0.45
2019-12-01,0.45,"Wheat (flour, first grade)",Armenia,National Average,RETAIL,Kg,kg,0.45
2020-01-01,0.45,"Wheat (flour, first grade)",Armenia,National Average,RETAIL,Kg,kg,0.45
2020-02-01,0.45,"Wheat (flour, first grade)",Armenia,National Average,RETAIL,Kg,kg,0.45
2020-03-01,0.44,"Wheat (flour, first grade)",Armenia,National Average,RETAIL,Kg,kg,0.44
2020-04-01,0.45,"Wheat (flour, first grade)",Armenia,National Average,RETAIL,Kg,kg,0.45
2020-05-01,0.45,"Wheat (flour, first grade)",Armenia,National Average,RETAIL,Kg,kg,0.45
2020-06-01,0.46,"Wheat (flour, first grade)",Armenia,National Average,RETAIL,Kg,kg,0.46
2020-07-01,0.45,"Wheat (flour, first grade)",Armenia,National Average,RETAIL,Kg,kg,0.45
2020-08-01,0.45,"Wheat (flour, first grade)",Armenia,National Average,RETAIL,Kg,kg,0.45
2020-09-01,0.45,"Wheat (flour, first grade)",Armenia,National Average,RETAIL,Kg,kg,0.45
2020-10-01,0.45,"Wheat (flour, first grade)",Armenia,National Average,RETAIL,Kg,kg,0.45
2020-11-01,0.44,"Wheat (flour, first grade)",Armenia,National Average,RETAIL,Kg,kg,0.44
2020-12-01,0.44,"Wheat (flour, first grade)",Armenia,National Average,RETAIL,Kg,kg,0.44
2021-01-01,0.44,"Wheat (flour, first grade)",Armenia,National Average,RETAIL,Kg,kg,0.44
2021-02-01,0.44,"Wheat (flour, first grade)",Armenia,National Average,RETAIL,Kg,kg,0.44
2021-03-01,0.44,"Wheat (flour, first grade)",Armenia,National Average,RETAIL,Kg,kg,0.44
2021-04-01,0.45,"Wheat (flour, first grade)",Armenia,National Average,RETAIL,Kg,kg,0.45
2021-05-01,0.45,"Wheat (flour, first grade)",Armenia,National Average,RETAIL,Kg,kg,0.45
2021-06-01,0.46,"Wheat (flour, first grade)",Armenia,National Average,RETAIL,Kg,kg,0.46
2021-07-01,0.48,"Wheat (flour, first grade)",Armenia,National Average,RETAIL,Kg,kg,0.48
2021-08-01,0.48,"Wheat (flour, first grade)",Armenia,National Average,RETAIL,Kg,kg,0.48
2021-09-01,0.49,"Wheat (flour, first grade)",Armenia,National Average,RETAIL,Kg,kg,0.49
2021-10-01,0.5,"Wheat (flour, first grade)",Armenia,National Average,RETAIL,Kg,kg,0.5
2021-11-01,0.51,"Wheat (flour, first grade)",Armenia,National Average,RETAIL,Kg,kg,0.51
2021-12-01,0.51,"Wheat (flour, first grade)",Armenia,National Average,RETAIL,Kg,kg,0.51
2022-01-01,0.52,"Wheat (flour, first grade)",Armenia,National Average,RETAIL,Kg,kg,0.52
2022-02-01,0.52,"Wheat (flour, first grade)",Armenia,National Average,RETAIL,Kg,kg,0.52
2022-03-01,0.52,"Wheat (flour, first grade)",Armenia,National Average,RETAIL,Kg,kg,0.52
2022-04-01,0.55,"Wheat (flour, first grade)",Armenia,National Average,RETAIL,Kg,kg,0.55
2022-05-01,0.56,"Wheat (flour, first grade)",Armenia,National Average,RETAIL,Kg,kg,0.56
2022-06-01,0.64,"Wheat (flour, first grade)",Armenia,National Average,RETAIL,Kg,kg,0.64
2022-07-01,0.65,"Wheat (flour, first grade)",Armenia,National Average,RETAIL,Kg,kg,0.65
2022-08-01,0.66,"Wheat (flour, first grade)",Armenia,National Average,RETAIL,Kg,kg,0.66
2022-09-01,0.65,"Wheat (flour, first grade)",Armenia,National Average,RETAIL,Kg,kg,0.65
2022-10-01,0.67,"Wheat (flour, first grade)",Armenia,National Average,RETAIL,Kg,kg,0.67
2022-11-01,0.68,"Wheat (flour, first grade)",Armenia,National Average,RETAIL,Kg,kg,0.68
2022-12-01,0.68,"Wheat (flour, first grade)",Armenia,National Average,RETAIL,Kg,kg,0.68
2023-01-01,0.67,"Wheat (flour, first grade)",Armenia,National Average,RETAIL,Kg,kg,0.67
2023-02-01,0.67,"Wheat (flour, first grade)",Armenia,National Average,RETAIL,Kg,kg,0.67
2023-03-01,0.66,"Wheat (flour, first grade)",Armenia,National Average,RETAIL,Kg,kg,0.66
2023-04-01,0.64,"Wheat (flour, first grade)",Armenia,National Average,RETAIL,Kg,kg,0.64
2023-05-01,0.63,"Wheat (flour, first grade)",Armenia,National Average,RETAIL,Kg,kg,0.63
2023-06-01,0.62,"Wheat (flour, first grade)",Armenia,National Average,RETAIL,Kg,kg,0.62
2023-07-01,0.61,"Wheat (flour, first grade)",Armenia,National Average,RETAIL,Kg,kg,0.61
2023-08-01,0.6,"Wheat (flour, first grade)",Armenia,National Average,RETAIL,Kg,kg,0.6
2023-09-01,0.59,"Wheat (flour, first grade)",Armenia,National Average,RETAIL,Kg,kg,0.59
2023-10-01,0.57,"Wheat (flour, first grade)",Armenia,National Average,RETAIL,Kg,kg,0.57
2023-11-01,0.56,"Wheat (flour, first grade)",Armenia,National Average,RETAIL,Kg,kg,0.56
2023-12-01,0.56,"Wheat (flour, first grade)",Armenia,National Average,RETAIL,Kg,kg,0.56
2024-01-01,0.55,"Wheat (flour, first grade)",Armenia,National Average,RETAIL,Kg,kg,0.55
2024-02-01,0.55,"Wheat (flour, first grade)",Armenia,National Average,RETAIL,Kg,kg,0.55
2024-03-01,0.55,"Wheat (flour, first grade)",Armenia,National Average,RETAIL,Kg,kg,0.55
2024-04-01,0.56,"Wheat (flour, first grade)",Armenia,National Average,RETAIL,Kg,kg,0.56
2024-05-01,0.56,"Wheat (flour, first grade)",Armenia,National Average,RETAIL,Kg,kg,0.56
2024-06-01,0.57,"Wheat (flour, first grade)",Armenia,National Average,RETAIL,Kg,kg,0.57
2024-07-01,0.57,"Wheat (flour, first grade)",Armenia,National Average,RETAIL,Kg,kg,0.57
2024-08-01,0.57,"Wheat (flour, first grade)",Armenia,National Average,RETAIL,Kg,kg,0.57
2024-09-01,0.57,"Wheat (flour, first grade)",Armenia,National Average,RETAIL,Kg,kg,0.57
2024-10-01,0.57,"Wheat (flour, first grade)",Armenia,National Average,RETAIL,Kg,kg,0.57
2024-11-01,0.57,"Wheat (flour, first grade)",Armenia,National Average,RETAIL,Kg,kg,0.57
2024-12-01,0.56,"Wheat (flour, first grade)",Armenia,National Average,RETAIL,Kg,kg,0.56
2025-01-01,0.53,"Wheat (flour, first grade)",Armenia,National Average,RETAIL,Kg,kg,0.53
2025-02-01,0.54,"Wheat (flour, first grade)",Armenia,National Average,RETAIL,Kg,kg,0.54
2025-03-01,0.54,"Wheat (flour, first grade)",Armenia,National Average,RETAIL,Kg,kg,0.54
2025-04-01,0.56,"Wheat (flour, first grade)",Armenia,National Average,RETAIL,Kg,kg,0.56
2025-05-01,0.57,"Wheat (flour, first grade)",Armenia,National Average,RETAIL,Kg,kg,0.57
2025-06-01,0.58,"Wheat (flour, first grade)",Armenia,National Average,RETAIL,Kg,kg,0.58
2025-07-01,0.58,"Wheat (flour, first grade)",Armenia,National Average,RETAIL,Kg,kg,0.58
2025-08-01,0.58,"Wheat (flour, first grade)",Armenia,National Average,RETAIL,Kg,kg,0.58
2025-09-01,0.58,"Wheat (flour, first grade)",Armenia,National Average,RETAIL,Kg,kg,0.58
2025-10-01,0.6,"Wheat (flour, first grade)",Armenia,National Average,RETAIL,Kg,kg,0.6
2014-01-01,543.91,"Wheat (flour, first grade)",China (mainland),Hangzhou,WHOLESALE,tonne,kg,0.54391
2014-02-01,543.08,"Wheat (flour, first grade)",China (mainland),Hangzhou,WHOLESALE,tonne,kg,0.54308
2014-03-01,540.99,"Wheat (flour, first grade)",China (mainland),Hangzhou,WHOLESALE,tonne,kg,0.54099
2014-04-01,539.39,"Wheat (flour, first grade)",China (mainland),Hangzhou,WHOLESALE,tonne,kg,0.53939
2014-05-01,545.2,"Wheat (flour, first grade)",China (mainland),Hangzhou,WHOLESALE,tonne,kg,0.5452
2014-06-01,545.78,"Wheat (flour, first grade)",China (mainland),Hangzhou,WHOLESALE,tonne,kg,0.5457799999999999
2014-07-01,544.79,"Wheat (flour, first grade)",China (mainland),Hangzhou,WHOLESALE,tonne,kg,0.54479
2014-08-01,547.02,"Wheat (flour, first grade)",China (mainland),Hangzhou,WHOLESALE,tonne,kg,0.54702
2014-09-01,552.66,"Wheat (flour, first grade)",China (mainland),Hangzhou,WHOLESALE,tonne,kg,0.5526599999999999
2014-10-01,551.75,"Wheat (flour, first grade)",China (mainland),Hangzhou,WHOLESALE,tonne,kg,0.55175
2014-11-01,546.85,"Wheat (flour, first grade)",China (mainland),Hangzhou,WHOLESALE,tonne,kg,0.5468500000000001
2014-12-01,548.64,"Wheat (flour, first grade)",China (mainland),Hangzhou,WHOLESALE,tonne,kg,0.54864
2015-01-01,548.36,"Wheat (flour, first grade)",China (mainland),Hangzhou,WHOLESALE,tonne,kg,0.54836
2015-02-01,552.08,"Wheat (flour, first grade)",China (mainland),Hangzhou,WHOLESALE,tonne,kg,0.55208
2015-03-01,555.4,"Wheat (flour, first grade)",China (mainland),Hangzhou,WHOLESALE,tonne,kg,0.5554
2015-04-01,561.19,"Wheat (flour, first grade)",China (mainland),Hangzhou,WHOLESALE,tonne,kg,0.5611900000000001
2015-05-01,562.63,"Wheat (flour, first grade)",China (mainland),Hangzhou,WHOLESALE,tonne,kg,0.56263
2015-06-01,562.45,"Wheat (flour, first grade)",China (mainland),Hangzhou,WHOLESALE,tonne,kg,0.56245
2015-07-01,562.39,"Wheat (flour, first grade)",China (mainland),Hangzhou,WHOLESALE,tonne,kg,0.56239
2015-08-01,540.47,"Wheat (flour, first grade)",China (mainland),Hangzhou,WHOLESALE,tonne,kg,0.54047
2015-09-01,533.91,"Wheat (flour, first grade)",China (mainland),Hangzhou,WHOLESALE,tonne,kg,0.53391
2015-10-01,535.43,"Wheat (flour, first grade)",China (mainland),Hangzhou,WHOLESALE,tonne,kg,0.53543
2015-11-01,527.33,"Wheat (flour, first grade)",China (mainland),Hangzhou,WHOLESALE,tonne,kg,0.5273300000000001
2015-12-01,515.29,"Wheat (flour, first grade)",China (mainland),Hangzhou,WHOLESALE,tonne,kg,0.5152899999999999
2016-01-01,505.33,"Wheat (flour, first grade)",China (mainland),Hangzhou,WHOLESALE,tonne,kg,0.50533
2016-02-01,507.65,"Wheat (flour, first grade)",China (mainland),Hangzhou,WHOLESALE,tonne,kg,0.5076499999999999
2016-03-01,509.98,"Wheat (flour, first grade)",China (mainland),Hangzhou,WHOLESALE,tonne,kg,0.50998
2016-04-01,510.03,"Wheat (flour, first grade)",China (mainland),Hangzhou,WHOLESALE,tonne,kg,0.51003
2016-05-01,505.36,"Wheat (flour, first grade)",China (mainland),Hangzhou,WHOLESALE,tonne,kg,0.50536
2016-06-01,500.0,"Wheat (flour, first grade)",China (mainland),Hangzhou,WHOLESALE,tonne,kg,0.5
2016-07-01,494.01,"Wheat (flour, first grade)",China (mainland),Hangzhou,WHOLESALE,tonne,kg,0.49401
2016-08-01,496.24,"Wheat (flour, first grade)",China (mainland),Hangzhou,WHOLESALE,tonne,kg,0.49624
2016-09-01,503.75,"Wheat (flour, first grade)",China (mainland),Hangzhou,WHOLESALE,tonne,kg,0.50375
2016-10-01,497.78,"Wheat (flour, first grade)",China (mainland),Hangzhou,WHOLESALE,tonne,kg,0.49778
2016-11-01,491.95,"Wheat (flour, first grade)",China (mainland),Hangzhou,WHOLESALE,tonne,kg,0.49195
2016-12-01,485.55,"Wheat (flour, first grade)",China (mainland),Hangzhou,WHOLESALE,tonne,kg,0.48555000000000004
2017-01-01,486.96,"Wheat (flour, first grade)",China (mainland),Hangzhou,WHOLESALE,tonne,kg,0.48696
2017-02-01,489.08,"Wheat (flour, first grade)",China (mainland),Hangzhou,WHOLESALE,tonne,kg,0.48907999999999996
2017-03-01,487.15,"Wheat (flour, first grade)",China (mainland),Hangzhou,WHOLESALE,tonne,kg,0.48714999999999997
2017-04-01,487.55,"Wheat (flour, first grade)",China (mainland),Hangzhou,WHOLESALE,tonne,kg,0.48755000000000004
2017-05-01,487.66,"Wheat (flour, first grade)",China (mainland),Hangzhou,WHOLESALE,tonne,kg,0.48766000000000004
2017-06-01,493.39,"Wheat (flour, first grade)",China (mainland),Hangzhou,WHOLESALE,tonne,kg,0.49339
2017-07-01,496.31,"Wheat (flour, first grade)",China (mainland),Hangzhou,WHOLESALE,tonne,kg,0.49631000000000003
2017-08-01,503.75,"Wheat (flour, first grade)",China (mainland),Hangzhou,WHOLESALE,tonne,kg,0.50375
2017-09-01,511.42,"Wheat (flour, first grade)",China (mainland),Hangzhou,WHOLESALE,tonne,kg,0.51142
2017-10-01,507.55,"Wheat (flour, first grade)",China (mainland),Hangzhou,WHOLESALE,tonne,kg,0.5075500000000001
2017-11-01,506.79,"Wheat (flour, first grade)",China (mainland),Hangzhou,WHOLESALE,tonne,kg,0.5067900000000001
2017-12-01,509.86,"Wheat (flour, first grade)",China (mainland),Hangzhou,WHOLESALE,tonne,kg,0.50986
2018-01-01,522.63,"Wheat (flour, first grade)",China (mainland),Hangzhou,WHOLESALE,tonne,kg,0.52263
2018-02-01,532.49,"Wheat (flour, first grade)",China (mainland),Hangzhou,WHOLESALE,tonne,kg,0.53249
2018-03-01,531.65,"Wheat (flour, first grade)",China (mainland),Hangzhou,WHOLESALE,tonne,kg,0.53165
2018-04-01,533.33,"Wheat (flour, first grade)",China (mainland),Hangzhou,WHOLESALE,tonne,kg,0.5333300000000001
2018-05-01,527.12,"Wheat (flour, first grade)",China (mainland),Hangzhou,WHOLESALE,tonne,kg,0.52712
2018-06-01,519.67,"Wheat (flour, first grade)",China (mainland),Hangzhou,WHOLESALE,tonne,kg,0.51967
2018-07-01,500.08,"Wheat (flour, first grade)",China (mainland),Hangzhou,WHOLESALE,tonne,kg,0.50008
2018-08-01,490.38,"Wheat (flour, first grade)",China (mainland),Hangzhou,WHOLESALE,tonne,kg,0.49038
2018-09-01,490.04,"Wheat (flour, first grade)",China (mainland),Hangzhou,WHOLESALE,tonne,kg,0.49004000000000003
2018-10-01,484.4,"Wheat (flour, first grade)",China (mainland),Hangzhou,WHOLESALE,tonne,kg,0.4844
2018-11-01,484.09,"Wheat (flour, first grade)",China (mainland),Hangzhou,WHOLESALE,tonne,kg,0.48408999999999996
2018-12-01,487.98,"Wheat (flour, first grade)",China (mainland),Hangzhou,WHOLESALE,tonne,kg,0.48798
2019-01-01,495.02,"Wheat (flour, first grade)",China (mainland),Hangzhou,WHOLESALE,tonne,kg,0.49501999999999996
2019-02-01,498.84,"Wheat (flour, first grade)",China (mainland),Hangzhou,WHOLESALE,tonne,kg,0.49883999999999995
2019-03-01,500.62,"Wheat (flour, first grade)",China (mainland),Hangzhou,WHOLESALE,tonne,kg,0.50062
2019-04-01,500.25,"Wheat (flour, first grade)",China (mainland),Hangzhou,WHOLESALE,tonne,kg,0.50025
2019-05-01,489.06,"Wheat (flour, first grade)",China (mainland),Hangzhou,WHOLESALE,tonne,kg,0.48906
2019-06-01,486.86,"Wheat (flour, first grade)",China (mainland),Hangzhou,WHOLESALE,tonne,kg,0.48686
2019-07-01,488.55,"Wheat (flour, first grade)",China (mainland),Hangzhou,WHOLESALE,tonne,kg,0.48855
2019-08-01,475.78,"Wheat (flour, first grade)",China (mainland),Hangzhou,WHOLESALE,tonne,kg,0.47578
2019-09-01,472.18,"Wheat (flour, first grade)",China (mainland),Hangzhou,WHOLESALE,tonne,kg,0.47218
2019-10-01,474.37,"Wheat (flour, first grade)",China (mainland),Hangzhou,WHOLESALE,tonne,kg,0.47437
2019-11-01,478.75,"Wheat (flour, first grade)",China (mainland),Hangzhou,WHOLESALE,tonne,kg,0.47875
2019-12-01,512.78,"Wheat (flour, first grade)",China (mainland),Hangzhou,WHOLESALE,tonne,kg,0.51278
2020-01-01,520.23,"Wheat (flour, first grade)",China (mainland),Hangzhou,WHOLESALE,tonne,kg,0.52023
2020-02-01,522.86,"Wheat (flour, first grade)",China (mainland),Hangzhou,WHOLESALE,tonne,kg,0.52286
2020-03-01,524.22,"Wheat (flour, first grade)",China (mainland),Hangzhou,WHOLESALE,tonne,kg,0.52422
2020-04-01,520.51,"Wheat (flour, first grade)",China (mainland),Hangzhou,WHOLESALE,tonne,kg,0.52051
2020-05-01,517.58,"Wheat (flour, first grade)",China (mainland),Hangzhou,WHOLESALE,tonne,kg,0.51758
2020-06-01,519.04,"Wheat (flour, first grade)",China (mainland),Hangzhou,WHOLESALE,tonne,kg,0.51904
2020-07-01,524.96,"Wheat (flour, first grade)",China (mainland),Hangzhou,WHOLESALE,tonne,kg,0.52496
2020-08-01,531.02,"Wheat (flour, first grade)",China (mainland),Hangzhou,WHOLESALE,tonne,kg,0.5310199999999999
2020-09-01,540.38,"Wheat (flour, first grade)",China (mainland),Hangzhou,WHOLESALE,tonne,kg,0.54038
2020-10-01,549.25,"Wheat (flour, first grade)",China (mainland),Hangzhou,WHOLESALE,tonne,kg,0.54925
2020-11-01,565.81,"Wheat (flour, first grade)",China (mainland),Hangzhou,WHOLESALE,tonne,kg,0.5658099999999999
2020-12-01,581.04,"Wheat (flour, first grade)",China (mainland),Hangzhou,WHOLESALE,tonne,kg,0.58104
2021-01-01,587.46,"Wheat (flour, first grade)",China (mainland),Hangzhou,WHOLESALE,tonne,kg,0.58746
2021-02-01,619.23,"Wheat (flour, first grade)",China (mainland),Hangzhou,WHOLESALE,tonne,kg,0.6192300000000001
2021-03-01,614.49,"Wheat (flour, first grade)",China (mainland),Hangzhou,WHOLESALE,tonne,kg,0.61449
2021-04-01,582.9,"Wheat (flour, first grade)",China (mainland),Hangzhou,WHOLESALE,tonne,kg,0.5829
2021-05-01,575.35,"Wheat (flour, first grade)",China (mainland),Hangzhou,WHOLESALE,tonne,kg,0.57535
2021-06-01,575.92,"Wheat (flour, first grade)",China (mainland),Hangzhou,WHOLESALE,tonne,kg,0.57592
2021-07-01,563.73,"Wheat (flour, first grade)",China (mainland),Hangzhou,WHOLESALE,tonne,kg,0.5637300000000001
2021-08-01,555.89,"Wheat (flour, first grade)",China (mainland),Hangzhou,WHOLESALE,tonne,kg,0.55589
2021-09-01,557.6,"Wheat (flour, first grade)",China (mainland),Hangzhou,WHOLESALE,tonne,kg,0.5576
2021-10-01,583.34,"Wheat (flour, first grade)",China (mainland),Hangzhou,WHOLESALE,tonne,kg,0.5833400000000001
2021-11-01,620.96,"Wheat (flour, first grade)",China (mainland),Hangzhou,WHOLESALE,tonne,kg,0.6209600000000001
2021-12-01,618.01,"Wheat (flour, first grade)",China (mainland),Hangzhou,WHOLESALE,tonne,kg,0.61801
2022-01-01,615.17,"Wheat (flour, first grade)",China (mainland),Hangzhou,WHOLESALE,tonne,kg,0.61517
2022-02-01,616.59,"Wheat (flour, first grade)",China (mainland),Hangzhou,WHOLESALE,tonne,kg,0.6165900000000001
2022-03-01,670.2,"Wheat (flour, first grade)",China (mainland),Hangzhou,WHOLESALE,tonne,kg,0.6702
2022-04-01,673.92,"Wheat (flour, first grade)",China (mainland),Hangzhou,WHOLESALE,tonne,kg,0.67392
2022-05-01,655.01,"Wheat (flour, first grade)",China (mainland),Hangzhou,WHOLESALE,tonne,kg,0.65501
2022-06-01,617.9,"Wheat (flour, first grade)",China (mainland),Hangzhou,WHOLESALE,tonne,kg,0.6179
2022-07-01,593.88,"Wheat (flour, first grade)",China (mainland),Hangzhou,WHOLESALE,tonne,kg,0.59388
2022-08-01,605.69,"Wheat (flour, first grade)",China (mainland),Hangzhou,WHOLESALE,tonne,kg,0.6056900000000001
2022-09-01,597.42,"Wheat (flour, first grade)",China (mainland),Hangzhou,WHOLESALE,tonne,kg,0.59742
2022-10-01,578.54,"Wheat (flour, first grade)",China (mainland),Hangzhou,WHOLESALE,tonne,kg,0.5785399999999999
2022-11-01,579.32,"Wheat (flour, first grade)",China (mainland),Hangzhou,WHOLESALE,tonne,kg,0.5793200000000001
2022-12-01,602.9,"Wheat (flour, first grade)",China (mainland),Hangzhou,WHOLESALE,tonne,kg,0.6029
2023-01-01,626.9,"Wheat (flour, first grade)",China (mainland),Hangzhou,WHOLESALE,tonne,kg,0.6269
2023-02-01,621.02,"Wheat (flour, first grade)",China (mainland),Hangzhou,WHOLESALE,tonne,kg,0.62102
2023-03-01,614.77,"Wheat (flour, first grade)",China (mainland),Hangzhou,WHOLESALE,tonne,kg,0.6147699999999999
2023-04-01,608.74,"Wheat (flour, first grade)",China (mainland),Hangzhou,WHOLESALE,tonne,kg,0.6087400000000001
2023-05-01,569.59,"Wheat (flour, first grade)",China (mainland),Hangzhou,WHOLESALE,tonne,kg,0.56959
2023-06-01,548.23,"Wheat (flour, first grade)",China (mainland),Hangzhou,WHOLESALE,tonne,kg,0.54823
2023-07-01,553.91,"Wheat (flour, first grade)",China (mainland),Hangzhou,WHOLESALE,tonne,kg,0.55391
2023-08-01,551.5,"Wheat (flour, first grade)",China (mainland),Hangzhou,WHOLESALE,tonne,kg,0.5515
2023-09-01,558.96,"Wheat (flour, first grade)",China (mainland),Hangzhou,WHOLESALE,tonne,kg,0.55896
2023-10-01,558.02,"Wheat (flour, first grade)",China (mainland),Hangzhou,WHOLESALE,tonne,kg,0.55802
2023-11-01,558.29,"Wheat (flour, first grade)",China (mainland),Hangzhou,WHOLESALE,tonne,kg,0.55829
2023-12-01,565.07,"Wheat (flour, first grade)",China (mainland),Hangzhou,WHOLESALE,tonne,kg,0.5650700000000001
2024-01-01,563.35,"Wheat (flour, first grade)",China (mainland),Hangzhou,WHOLESALE,tonne,kg,0.56335
2024-02-01,561.64,"Wheat (flour, first grade)",China (mainland),Hangzhou,WHOLESALE,tonne,kg,0.56164
2024-03-01,560.92,"Wheat (flour, first grade)",China (mainland),Hangzhou,WHOLESALE,tonne,kg,0.56092
2024-04-01,558.05,"Wheat (flour, first grade)",China (mainland),Hangzhou,WHOLESALE,tonne,kg,0.5580499999999999
2024-05-01,551.65,"Wheat (flour, first grade)",China (mainland),Hangzhou,WHOLESALE,tonne,kg,0.55165
2024-06-01,437.36,"Wheat (flour, first grade)",China (mainland),Hangzhou,WHOLESALE,tonne,kg,0.43736
2024-07-01,523.22,"Wheat (flour, first grade)",China (mainland),Hangzhou,WHOLESALE,tonne,kg,0.52322
2024-08-01,531.27,"Wheat (flour, first grade)",China (mainland),Hangzhou,WHOLESALE,tonne,kg,0.53127
2024-09-01,537.08,"Wheat (flour, first grade)",China (mainland),Hangzhou,WHOLESALE,tonne,kg,0.53708
2024-10-01,532.74,"Wheat (flour, first grade)",China (mainland),Hangzhou,WHOLESALE,tonne,kg,0.53274
2024-11-01,521.88,"Wheat (flour, first grade)",China (mainland),Hangzhou,WHOLESALE,tonne,kg,0.52188
2024-12-01,516.72,"Wheat (flour, first grade)",China (mainland),Hangzhou,WHOLESALE,tonne,kg,0.5167200000000001
2025-01-01,514.43,"Wheat (flour, first grade)",China (mainland),Hangzhou,WHOLESALE,tonne,kg,0.5144299999999999
2025-02-01,516.56,"Wheat (flour, first grade)",China (mainland),Hangzhou,WHOLESALE,tonne,kg,0.5165599999999999
2025-03-01,515.76,"Wheat (flour, first grade)",China (mainland),Hangzhou,WHOLESALE,tonne,kg,0.51576
2025-04-01,512.2,"Wheat (flour, first grade)",China (mainland),Hangzhou,WHOLESALE,tonne,kg,0.5122000000000001
2025-05-01,518.79,"Wheat (flour, first grade)",China (mainland),Hangzhou,WHOLESALE,tonne,kg,0.51879
2025-06-01,520.82,"Wheat (flour, first grade)",China (mainland),Hangzhou,WHOLESALE,tonne,kg,0.5208200000000001
2025-07-01,521.41,"Wheat (flour, first grade)",China (mainland),Hangzhou,WHOLESALE,tonne,kg,0.5214099999999999
2025-08-01,524.6,"Wheat (flour, first grade)",China (mainland),Hangzhou,WHOLESALE,tonne,kg,0.5246000000000001
2025-09-01,538.97,"Wheat (flour, first grade)",China (mainland),Hangzhou,WHOLESALE,tonne,kg,0.5389700000000001
2025-10-01,539.33,"Wheat (flour, first grade)",China (mainland),Hangzhou,WHOLESALE,tonne,kg,0.5393300000000001
2025-11-01,3840.0,"Wheat (flour, first grade)",China (mainland),Hangzhou,WHOLESALE,tonne,kg,3.84
2014-01-01,517.7,"Wheat (flour, first grade)",China (mainland),Jiujiang,WHOLESALE,tonne,kg,0.5177
2014-02-01,516.91,"Wheat (flour, first grade)",China (mainland),Jiujiang,WHOLESALE,tonne,kg,0.51691
2014-03-01,514.92,"Wheat (flour, first grade)",China (mainland),Jiujiang,WHOLESALE,tonne,kg,0.5149199999999999
2014-04-01,510.96,"Wheat (flour, first grade)",China (mainland),Jiujiang,WHOLESALE,tonne,kg,0.51096
2014-05-01,511.12,"Wheat (flour, first grade)",China (mainland),Jiujiang,WHOLESALE,tonne,kg,0.51112
2014-06-01,511.99,"Wheat (flour, first grade)",China (mainland),Jiujiang,WHOLESALE,tonne,kg,0.5119900000000001
2014-07-01,509.12,"Wheat (flour, first grade)",China (mainland),Jiujiang,WHOLESALE,tonne,kg,0.50912
2014-08-01,509.69,"Wheat (flour, first grade)",China (mainland),Jiujiang,WHOLESALE,tonne,kg,0.50969
2014-09-01,515.27,"Wheat (flour, first grade)",China (mainland),Jiujiang,WHOLESALE,tonne,kg,0.51527
2014-10-01,520.83,"Wheat (flour, first grade)",China (mainland),Jiujiang,WHOLESALE,tonne,kg,0.52083
2014-11-01,520.81,"Wheat (flour, first grade)",China (mainland),Jiujiang,WHOLESALE,tonne,kg,0.52081
2014-12-01,522.52,"Wheat (flour, first grade)",China (mainland),Jiujiang,WHOLESALE,tonne,kg,0.52252
2015-01-01,522.25,"Wheat (flour, first grade)",China (mainland),Jiujiang,WHOLESALE,tonne,kg,0.52225
2015-02-01,521.65,"Wheat (flour, first grade)",China (mainland),Jiujiang,WHOLESALE,tonne,kg,0.52165
2015-03-01,516.7,"Wheat (flour, first grade)",China (mainland),Jiujiang,WHOLESALE,tonne,kg,0.5167
2015-04-01,518.78,"Wheat (flour, first grade)",China (mainland),Jiujiang,WHOLESALE,tonne,kg,0.51878
2015-05-01,519.45,"Wheat (flour, first grade)",China (mainland),Jiujiang,WHOLESALE,tonne,kg,0.5194500000000001
2015-06-01,519.94,"Wheat (flour, first grade)",China (mainland),Jiujiang,WHOLESALE,tonne,kg,0.5199400000000001
2015-07-01,519.89,"Wheat (flour, first grade)",China (mainland),Jiujiang,WHOLESALE,tonne,kg,0.51989
2015-08-01,504.32,"Wheat (flour, first grade)",China (mainland),Jiujiang,WHOLESALE,tonne,kg,0.50432
2015-09-01,499.36,"Wheat (flour, first grade)",China (mainland),Jiujiang,WHOLESALE,tonne,kg,0.49936
2015-10-01,496.06,"Wheat (flour, first grade)",China (mainland),Jiujiang,WHOLESALE,tonne,kg,0.49606
2015-11-01,490.25,"Wheat (flour, first grade)",China (mainland),Jiujiang,WHOLESALE,tonne,kg,0.49025
2015-12-01,488.17,"Wheat (flour, first grade)",China (mainland),Jiujiang,WHOLESALE,tonne,kg,0.48817
2016-01-01,480.97,"Wheat (flour, first grade)",China (mainland),Jiujiang,WHOLESALE,tonne,kg,0.48097
2016-02-01,483.18,"Wheat (flour, first grade)",China (mainland),Jiujiang,WHOLESALE,tonne,kg,0.48318
2016-03-01,485.41,"Wheat (flour, first grade)",China (mainland),Jiujiang,WHOLESALE,tonne,kg,0.48541
2016-04-01,456.79,"Wheat (flour, first grade)",China (mainland),Jiujiang,WHOLESALE,tonne,kg,0.45679000000000003
2016-05-01,453.29,"Wheat (flour, first grade)",China (mainland),Jiujiang,WHOLESALE,tonne,kg,0.45329
2016-06-01,453.03,"Wheat (flour, first grade)",China (mainland),Jiujiang,WHOLESALE,tonne,kg,0.45303
2016-07-01,446.11,"Wheat (flour, first grade)",China (mainland),Jiujiang,WHOLESALE,tonne,kg,0.44611
2016-08-01,448.12,"Wheat (flour, first grade)",China (mainland),Jiujiang,WHOLESALE,tonne,kg,0.44812
2016-09-01,461.77,"Wheat (flour, first grade)",China (mainland),Jiujiang,WHOLESALE,tonne,kg,0.46176999999999996
2016-10-01,454.07,"Wheat (flour, first grade)",China (mainland),Jiujiang,WHOLESALE,tonne,kg,0.45407
2016-11-01,454.98,"Wheat (flour, first grade)",China (mainland),Jiujiang,WHOLESALE,tonne,kg,0.45498
2016-12-01,488.08,"Wheat (flour, first grade)",China (mainland),Jiujiang,WHOLESALE,tonne,kg,0.48807999999999996
2017-01-01,492.75,"Wheat (flour, first grade)",China (mainland),Jiujiang,WHOLESALE,tonne,kg,0.49275
2017-02-01,510.92,"Wheat (flour, first grade)",China (mainland),Jiujiang,WHOLESALE,tonne,kg,0.51092
2017-03-01,516.15,"Wheat (flour, first grade)",China (mainland),Jiujiang,WHOLESALE,tonne,kg,0.51615
2017-04-01,516.57,"Wheat (flour, first grade)",China (mainland),Jiujiang,WHOLESALE,tonne,kg,0.5165700000000001
2017-05-01,516.69,"Wheat (flour, first grade)",China (mainland),Jiujiang,WHOLESALE,tonne,kg,0.5166900000000001
2017-06-01,522.76,"Wheat (flour, first grade)",China (mainland),Jiujiang,WHOLESALE,tonne,kg,0.52276
2017-07-01,525.85,"Wheat (flour, first grade)",China (mainland),Jiujiang,WHOLESALE,tonne,kg,0.52585
2017-08-01,514.54,"Wheat (flour, first grade)",China (mainland),Jiujiang,WHOLESALE,tonne,kg,0.51454
2017-09-01,514.46,"Wheat (flour, first grade)",China (mainland),Jiujiang,WHOLESALE,tonne,kg,0.51446
2017-10-01,510.57,"Wheat (flour, first grade)",China (mainland),Jiujiang,WHOLESALE,tonne,kg,0.51057
2017-11-01,509.8,"Wheat (flour, first grade)",China (mainland),Jiujiang,WHOLESALE,tonne,kg,0.5098
2017-12-01,514.42,"Wheat (flour, first grade)",China (mainland),Jiujiang,WHOLESALE,tonne,kg,0.51442
2018-01-01,528.85,"Wheat (flour, first grade)",China (mainland),Jiujiang,WHOLESALE,tonne,kg,0.52885
2018-02-01,538.83,"Wheat (flour, first grade)",China (mainland),Jiujiang,WHOLESALE,tonne,kg,0.53883
2018-03-01,545.09,"Wheat (flour, first grade)",China (mainland),Jiujiang,WHOLESALE,tonne,kg,0.5450900000000001
2018-04-01,549.21,"Wheat (flour, first grade)",China (mainland),Jiujiang,WHOLESALE,tonne,kg,0.5492100000000001
2018-05-01,542.81,"Wheat (flour, first grade)",China (mainland),Jiujiang,WHOLESALE,tonne,kg,0.5428099999999999
2018-06-01,535.91,"Wheat (flour, first grade)",China (mainland),Jiujiang,WHOLESALE,tonne,kg,0.53591
2018-07-01,509.01,"Wheat (flour, first grade)",China (mainland),Jiujiang,WHOLESALE,tonne,kg,0.50901
2018-08-01,499.14,"Wheat (flour, first grade)",China (mainland),Jiujiang,WHOLESALE,tonne,kg,0.49914
2018-09-01,499.89,"Wheat (flour, first grade)",China (mainland),Jiujiang,WHOLESALE,tonne,kg,0.49989
2018-10-01,493.77,"Wheat (flour, first grade)",China (mainland),Jiujiang,WHOLESALE,tonne,kg,0.49377
2018-11-01,492.74,"Wheat (flour, first grade)",China (mainland),Jiujiang,WHOLESALE,tonne,kg,0.49274
2018-12-01,502.5,"Wheat (flour, first grade)",China (mainland),Jiujiang,WHOLESALE,tonne,kg,0.5025
2019-01-01,509.75,"Wheat (flour, first grade)",China (mainland),Jiujiang,WHOLESALE,tonne,kg,0.50975
2019-02-01,510.72,"Wheat (flour, first grade)",China (mainland),Jiujiang,WHOLESALE,tonne,kg,0.5107200000000001
2019-03-01,514.53,"Wheat (flour, first grade)",China (mainland),Jiujiang,WHOLESALE,tonne,kg,0.5145299999999999
2019-04-01,515.14,"Wheat (flour, first grade)",China (mainland),Jiujiang,WHOLESALE,tonne,kg,0.5151399999999999
2019-05-01,503.62,"Wheat (flour, first grade)",China (mainland),Jiujiang,WHOLESALE,tonne,kg,0.50362
2019-06-01,501.35,"Wheat (flour, first grade)",China (mainland),Jiujiang,WHOLESALE,tonne,kg,0.5013500000000001
2019-07-01,465.29,"Wheat (flour, first grade)",China (mainland),Jiujiang,WHOLESALE,tonne,kg,0.46529000000000004
2019-08-01,453.12,"Wheat (flour, first grade)",China (mainland),Jiujiang,WHOLESALE,tonne,kg,0.45312
2019-09-01,449.7,"Wheat (flour, first grade)",China (mainland),Jiujiang,WHOLESALE,tonne,kg,0.4497
2019-10-01,451.78,"Wheat (flour, first grade)",China (mainland),Jiujiang,WHOLESALE,tonne,kg,0.45177999999999996
2019-11-01,467.35,"Wheat (flour, first grade)",China (mainland),Jiujiang,WHOLESALE,tonne,kg,0.46735000000000004
2019-12-01,467.2,"Wheat (flour, first grade)",China (mainland),Jiujiang,WHOLESALE,tonne,kg,0.4672
2020-01-01,471.1,"Wheat (flour, first grade)",China (mainland),Jiujiang,WHOLESALE,tonne,kg,0.4711
2020-02-01,464.64,"Wheat (flour, first grade)",China (mainland),Jiujiang,WHOLESALE,tonne,kg,0.46464
2020-03-01,462.96,"Wheat (flour, first grade)",China (mainland),Jiujiang,WHOLESALE,tonne,kg,0.46296
2020-04-01,469.59,"Wheat (flour, first grade)",China (mainland),Jiujiang,WHOLESALE,tonne,kg,0.46958999999999995
2020-05-01,471.17,"Wheat (flour, first grade)",China (mainland),Jiujiang,WHOLESALE,tonne,kg,0.47117000000000003
2020-06-01,476.73,"Wheat (flour, first grade)",China (mainland),Jiujiang,WHOLESALE,tonne,kg,0.47673000000000004
2020-07-01,482.17,"Wheat (flour, first grade)",China (mainland),Jiujiang,WHOLESALE,tonne,kg,0.48217000000000004
2020-08-01,487.73,"Wheat (flour, first grade)",China (mainland),Jiujiang,WHOLESALE,tonne,kg,0.48773
2020-09-01,496.33,"Wheat (flour, first grade)",China (mainland),Jiujiang,WHOLESALE,tonne,kg,0.49633
2020-10-01,479.85,"Wheat (flour, first grade)",China (mainland),Jiujiang,WHOLESALE,tonne,kg,0.47985
2020-11-01,478.06,"Wheat (flour, first grade)",China (mainland),Jiujiang,WHOLESALE,tonne,kg,0.47806
2020-12-01,488.53,"Wheat (flour, first grade)",China (mainland),Jiujiang,WHOLESALE,tonne,kg,0.48852999999999996
2021-01-01,510.16,"Wheat (flour, first grade)",China (mainland),Jiujiang,WHOLESALE,tonne,kg,0.5101600000000001
2021-02-01,510.87,"Wheat (flour, first grade)",China (mainland),Jiujiang,WHOLESALE,tonne,kg,0.51087
2021-03-01,531.54,"Wheat (flour, first grade)",China (mainland),Jiujiang,WHOLESALE,tonne,kg,0.53154
2021-04-01,522.31,"Wheat (flour, first grade)",China (mainland),Jiujiang,WHOLESALE,tonne,kg,0.5223099999999999
2021-05-01,491.38,"Wheat (flour, first grade)",China (mainland),Jiujiang,WHOLESALE,tonne,kg,0.49138
2021-06-01,505.57,"Wheat (flour, first grade)",China (mainland),Jiujiang,WHOLESALE,tonne,kg,0.50557
2021-07-01,503.5,"Wheat (flour, first grade)",China (mainland),Jiujiang,WHOLESALE,tonne,kg,0.5035
2021-08-01,555.89,"Wheat (flour, first grade)",China (mainland),Jiujiang,WHOLESALE,tonne,kg,0.55589
2021-09-01,540.05,"Wheat (flour, first grade)",China (mainland),Jiujiang,WHOLESALE,tonne,kg,0.5400499999999999
2021-10-01,508.47,"Wheat (flour, first grade)",China (mainland),Jiujiang,WHOLESALE,tonne,kg,0.50847
2021-11-01,560.87,"Wheat (flour, first grade)",China (mainland),Jiujiang,WHOLESALE,tonne,kg,0.56087
2021-12-01,596.81,"Wheat (flour, first grade)",China (mainland),Jiujiang,WHOLESALE,tonne,kg,0.59681
2022-01-01,597.86,"Wheat (flour, first grade)",China (mainland),Jiujiang,WHOLESALE,tonne,kg,0.5978600000000001
2022-02-01,572.96,"Wheat (flour, first grade)",China (mainland),Jiujiang,WHOLESALE,tonne,kg,0.57296
2022-03-01,587.41,"Wheat (flour, first grade)",China (mainland),Jiujiang,WHOLESALE,tonne,kg,0.58741
2022-04-01,622.08,"Wheat (flour, first grade)",China (mainland),Jiujiang,WHOLESALE,tonne,kg,0.6220800000000001
2022-05-01,595.46,"Wheat (flour, first grade)",China (mainland),Jiujiang,WHOLESALE,tonne,kg,0.59546
2022-06-01,541.36,"Wheat (flour, first grade)",China (mainland),Jiujiang,WHOLESALE,tonne,kg,0.5413600000000001
2022-07-01,519.65,"Wheat (flour, first grade)",China (mainland),Jiujiang,WHOLESALE,tonne,kg,0.51965
2022-08-01,514.54,"Wheat (flour, first grade)",China (mainland),Jiujiang,WHOLESALE,tonne,kg,0.51454
2022-09-01,516.82,"Wheat (flour, first grade)",China (mainland),Jiujiang,WHOLESALE,tonne,kg,0.5168200000000001
2022-10-01,546.7,"Wheat (flour, first grade)",China (mainland),Jiujiang,WHOLESALE,tonne,kg,0.5467000000000001
2022-11-01,557.04,"Wheat (flour, first grade)",China (mainland),Jiujiang,WHOLESALE,tonne,kg,0.55704
2022-12-01,572.83,"Wheat (flour, first grade)",China (mainland),Jiujiang,WHOLESALE,tonne,kg,0.5728300000000001
2023-01-01,607.77,"Wheat (flour, first grade)",China (mainland),Jiujiang,WHOLESALE,tonne,kg,0.60777
2023-02-01,599.08,"Wheat (flour, first grade)",China (mainland),Jiujiang,WHOLESALE,tonne,kg,0.5990800000000001
2023-03-01,589.04,"Wheat (flour, first grade)",China (mainland),Jiujiang,WHOLESALE,tonne,kg,0.58904
2023-04-01,573.41,"Wheat (flour, first grade)",China (mainland),Jiujiang,WHOLESALE,tonne,kg,0.57341
2023-05-01,543.29,"Wheat (flour, first grade)",China (mainland),Jiujiang,WHOLESALE,tonne,kg,0.5432899999999999
2023-06-01,536.13,"Wheat (flour, first grade)",China (mainland),Jiujiang,WHOLESALE,tonne,kg,0.53613
2023-07-01,535.82,"Wheat (flour, first grade)",China (mainland),Jiujiang,WHOLESALE,tonne,kg,0.5358200000000001
2023-08-01,530.82,"Wheat (flour, first grade)",China (mainland),Jiujiang,WHOLESALE,tonne,kg,0.5308200000000001
2023-09-01,527.45,"Wheat (flour, first grade)",China (mainland),Jiujiang,WHOLESALE,tonne,kg,0.5274500000000001
2023-10-01,533.41,"Wheat (flour, first grade)",China (mainland),Jiujiang,WHOLESALE,tonne,kg,0.5334099999999999
2023-11-01,538.95,"Wheat (flour, first grade)",China (mainland),Jiujiang,WHOLESALE,tonne,kg,0.53895
2023-12-01,545.49,"Wheat (flour, first grade)",China (mainland),Jiujiang,WHOLESALE,tonne,kg,0.54549
2024-01-01,543.83,"Wheat (flour, first grade)",China (mainland),Jiujiang,WHOLESALE,tonne,kg,0.54383
2024-02-01,521.33,"Wheat (flour, first grade)",China (mainland),Jiujiang,WHOLESALE,tonne,kg,0.5213300000000001
2024-03-01,507.47,"Wheat (flour, first grade)",China (mainland),Jiujiang,WHOLESALE,tonne,kg,0.50747
2024-04-01,491.75,"Wheat (flour, first grade)",China (mainland),Jiujiang,WHOLESALE,tonne,kg,0.49175
2024-05-01,490.81,"Wheat (flour, first grade)",China (mainland),Jiujiang,WHOLESALE,tonne,kg,0.49081
2024-06-01,485.13,"Wheat (flour, first grade)",China (mainland),Jiujiang,WHOLESALE,tonne,kg,0.48513
2024-07-01,479.16,"Wheat (flour, first grade)",China (mainland),Jiujiang,WHOLESALE,tonne,kg,0.47916000000000003
2024-08-01,486.53,"Wheat (flour, first grade)",China (mainland),Jiujiang,WHOLESALE,tonne,kg,0.48652999999999996
2024-09-01,491.85,"Wheat (flour, first grade)",China (mainland),Jiujiang,WHOLESALE,tonne,kg,0.49185
2024-10-01,477.56,"Wheat (flour, first grade)",China (mainland),Jiujiang,WHOLESALE,tonne,kg,0.47756
2024-11-01,452.48,"Wheat (flour, first grade)",China (mainland),Jiujiang,WHOLESALE,tonne,kg,0.45248
2024-12-01,448.01,"Wheat (flour, first grade)",China (mainland),Jiujiang,WHOLESALE,tonne,kg,0.44800999999999996
2025-01-01,446.02,"Wheat (flour, first grade)",China (mainland),Jiujiang,WHOLESALE,tonne,kg,0.44601999999999997
2025-02-01,447.87,"Wheat (flour, first grade)",China (mainland),Jiujiang,WHOLESALE,tonne,kg,0.44787
2025-03-01,449.57,"Wheat (flour, first grade)",China (mainland),Jiujiang,WHOLESALE,tonne,kg,0.44956999999999997
2025-04-01,446.47,"Wheat (flour, first grade)",China (mainland),Jiujiang,WHOLESALE,tonne,kg,0.44647000000000003
2025-05-01,452.21,"Wheat (flour, first grade)",China (mainland),Jiujiang,WHOLESALE,tonne,kg,0.45221
2025-06-01,439.36,"Wheat (flour, first grade)",China (mainland),Jiujiang,WHOLESALE,tonne,kg,0.43936000000000003
2025-07-01,434.98,"Wheat (flour, first grade)",China (mainland),Jiujiang,WHOLESALE,tonne,kg,0.43498000000000003
2025-08-01,433.33,"Wheat (flour, first grade)",China (mainland),Jiujiang,WHOLESALE,tonne,kg,0.43333
2025-09-01,432.3,"Wheat (flour, first grade)",China (mainland),Jiujiang,WHOLESALE,tonne,kg,0.4323
2025-10-01,440.08,"Wheat (flour, first grade)",China (mainland),Jiujiang,WHOLESALE,tonne,kg,0.44007999999999997
2025-11-01,3160.0,"Wheat (flour, first grade)",China (mainland),Jiujiang,WHOLESALE,tonne,kg,3.16
2014-01-01,536.54,"Wheat (flour, first grade)",China (mainland),National Average,WHOLESALE,tonne,kg,0.53654
2014-02-01,535.72,"Wheat (flour, first grade)",China (mainland),National Average,WHOLESALE,tonne,kg,0.53572
2014-03-01,542.78,"Wheat (flour, first grade)",China (mainland),National Average,WHOLESALE,tonne,kg,0.5427799999999999
2014-04-01,546.09,"Wheat (flour, first grade)",China (mainland),National Average,WHOLESALE,tonne,kg,0.5460900000000001
2014-05-01,548.85,"Wheat (flour, first grade)",China (mainland),National Average,WHOLESALE,tonne,kg,0.5488500000000001
2014-06-01,551.14,"Wheat (flour, first grade)",China (mainland),National Average,WHOLESALE,tonne,kg,0.55114
2014-07-01,547.63,"Wheat (flour, first grade)",China (mainland),National Average,WHOLESALE,tonne,kg,0.54763
2014-08-01,550.68,"Wheat (flour, first grade)",China (mainland),National Average,WHOLESALE,tonne,kg,0.55068
2014-09-01,553.88,"Wheat (flour, first grade)",China (mainland),National Average,WHOLESALE,tonne,kg,0.55388
2014-10-01,556.64,"Wheat (flour, first grade)",China (mainland),National Average,WHOLESALE,tonne,kg,0.55664
2014-11-01,555.8,"Wheat (flour, first grade)",China (mainland),National Average,WHOLESALE,tonne,kg,0.5558
2014-12-01,558.44,"Wheat (flour, first grade)",China (mainland),National Average,WHOLESALE,tonne,kg,0.55844
2015-01-01,558.15,"Wheat (flour, first grade)",China (mainland),National Average,WHOLESALE,tonne,kg,0.5581499999999999
2015-02-01,559.96,"Wheat (flour, first grade)",China (mainland),National Average,WHOLESALE,tonne,kg,0.55996
2015-03-01,557.43,"Wheat (flour, first grade)",China (mainland),National Average,WHOLESALE,tonne,kg,0.55743
2015-04-01,560.38,"Wheat (flour, first grade)",China (mainland),National Average,WHOLESALE,tonne,kg,0.56038
2015-05-01,561.65,"Wheat (flour, first grade)",China (mainland),National Average,WHOLESALE,tonne,kg,0.56165
2015-06-01,565.72,"Wheat (flour, first grade)",China (mainland),National Average,WHOLESALE,tonne,kg,0.56572
2015-07-01,590.19,"Wheat (flour, first grade)",China (mainland),National Average,WHOLESALE,tonne,kg,0.5901900000000001
2015-08-01,570.45,"Wheat (flour, first grade)",China (mainland),National Average,WHOLESALE,tonne,kg,0.57045
2015-09-01,560.87,"Wheat (flour, first grade)",China (mainland),National Average,WHOLESALE,tonne,kg,0.56087
2015-10-01,544.09,"Wheat (flour, first grade)",China (mainland),National Average,WHOLESALE,tonne,kg,0.5440900000000001
2015-11-01,530.63,"Wheat (flour, first grade)",China (mainland),National Average,WHOLESALE,tonne,kg,0.53063
2015-12-01,523.23,"Wheat (flour, first grade)",China (mainland),National Average,WHOLESALE,tonne,kg,0.52323
2016-01-01,514.46,"Wheat (flour, first grade)",China (mainland),National Average,WHOLESALE,tonne,kg,0.51446
2016-02-01,516.82,"Wheat (flour, first grade)",China (mainland),National Average,WHOLESALE,tonne,kg,0.5168200000000001
2016-03-01,519.2,"Wheat (flour, first grade)",China (mainland),National Average,WHOLESALE,tonne,kg,0.5192
2016-04-01,511.29,"Wheat (flour, first grade)",China (mainland),National Average,WHOLESALE,tonne,kg,0.51129
2016-05-01,506.89,"Wheat (flour, first grade)",China (mainland),National Average,WHOLESALE,tonne,kg,0.50689
2016-06-01,501.42,"Wheat (flour, first grade)",China (mainland),National Average,WHOLESALE,tonne,kg,0.50142
2016-07-01,496.26,"Wheat (flour, first grade)",China (mainland),National Average,WHOLESALE,tonne,kg,0.49626
2016-08-01,499.17,"Wheat (flour, first grade)",China (mainland),National Average,WHOLESALE,tonne,kg,0.49917
2016-09-01,506.37,"Wheat (flour, first grade)",China (mainland),National Average,WHOLESALE,tonne,kg,0.50637
2016-10-01,501.48,"Wheat (flour, first grade)",China (mainland),National Average,WHOLESALE,tonne,kg,0.50148
2016-11-01,495.97,"Wheat (flour, first grade)",China (mainland),National Average,WHOLESALE,tonne,kg,0.49597
2016-12-01,505.15,"Wheat (flour, first grade)",China (mainland),National Average,WHOLESALE,tonne,kg,0.50515
2017-01-01,507.97,"Wheat (flour, first grade)",China (mainland),National Average,WHOLESALE,tonne,kg,0.50797
2017-02-01,515.28,"Wheat (flour, first grade)",China (mainland),National Average,WHOLESALE,tonne,kg,0.51528
2017-03-01,515.42,"Wheat (flour, first grade)",China (mainland),National Average,WHOLESALE,tonne,kg,0.51542
2017-04-01,515.85,"Wheat (flour, first grade)",China (mainland),National Average,WHOLESALE,tonne,kg,0.51585
2017-05-01,515.97,"Wheat (flour, first grade)",China (mainland),National Average,WHOLESALE,tonne,kg,0.51597
2017-06-01,522.03,"Wheat (flour, first grade)",China (mainland),National Average,WHOLESALE,tonne,kg,0.52203
2017-07-01,525.48,"Wheat (flour, first grade)",China (mainland),National Average,WHOLESALE,tonne,kg,0.5254800000000001
2017-08-01,528.56,"Wheat (flour, first grade)",China (mainland),National Average,WHOLESALE,tonne,kg,0.5285599999999999
2017-09-01,538.43,"Wheat (flour, first grade)",China (mainland),National Average,WHOLESALE,tonne,kg,0.53843
2017-10-01,534.37,"Wheat (flour, first grade)",China (mainland),National Average,WHOLESALE,tonne,kg,0.53437
2017-11-01,536.95,"Wheat (flour, first grade)",China (mainland),National Average,WHOLESALE,tonne,kg,0.53695
2017-12-01,540.59,"Wheat (flour, first grade)",China (mainland),National Average,WHOLESALE,tonne,kg,0.54059
2018-01-01,554.52,"Wheat (flour, first grade)",China (mainland),National Average,WHOLESALE,tonne,kg,0.55452
2018-02-01,564.98,"Wheat (flour, first grade)",China (mainland),National Average,WHOLESALE,tonne,kg,0.56498
2018-03-01,564.28,"Wheat (flour, first grade)",China (mainland),National Average,WHOLESALE,tonne,kg,0.56428
2018-04-01,564.29,"Wheat (flour, first grade)",China (mainland),National Average,WHOLESALE,tonne,kg,0.56429
2018-05-01,557.71,"Wheat (flour, first grade)",China (mainland),National Average,WHOLESALE,tonne,kg,0.55771
2018-06-01,550.02,"Wheat (flour, first grade)",China (mainland),National Average,WHOLESALE,tonne,kg,0.55002
2018-07-01,526.27,"Wheat (flour, first grade)",China (mainland),National Average,WHOLESALE,tonne,kg,0.52627
2018-08-01,515.92,"Wheat (flour, first grade)",China (mainland),National Average,WHOLESALE,tonne,kg,0.5159199999999999
2018-09-01,516.57,"Wheat (flour, first grade)",China (mainland),National Average,WHOLESALE,tonne,kg,0.5165700000000001
2018-10-01,510.53,"Wheat (flour, first grade)",China (mainland),National Average,WHOLESALE,tonne,kg,0.5105299999999999
2018-11-01,510.03,"Wheat (flour, first grade)",China (mainland),National Average,WHOLESALE,tonne,kg,0.51003
2018-12-01,515.57,"Wheat (flour, first grade)",China (mainland),National Average,WHOLESALE,tonne,kg,0.5155700000000001
2019-01-01,513.63,"Wheat (flour, first grade)",China (mainland),National Average,WHOLESALE,tonne,kg,0.51363
2019-02-01,527.49,"Wheat (flour, first grade)",China (mainland),National Average,WHOLESALE,tonne,kg,0.52749
2019-03-01,519.6,"Wheat (flour, first grade)",China (mainland),National Average,WHOLESALE,tonne,kg,0.5196000000000001
2019-04-01,529.73,"Wheat (flour, first grade)",China (mainland),National Average,WHOLESALE,tonne,kg,0.52973
2019-05-01,517.88,"Wheat (flour, first grade)",China (mainland),National Average,WHOLESALE,tonne,kg,0.51788
2019-06-01,515.55,"Wheat (flour, first grade)",China (mainland),National Average,WHOLESALE,tonne,kg,0.51555
2019-07-01,507.89,"Wheat (flour, first grade)",China (mainland),National Average,WHOLESALE,tonne,kg,0.50789
2019-08-01,490.65,"Wheat (flour, first grade)",China (mainland),National Average,WHOLESALE,tonne,kg,0.49065
2019-09-01,488.25,"Wheat (flour, first grade)",China (mainland),National Average,WHOLESALE,tonne,kg,0.48825
2019-10-01,493.14,"Wheat (flour, first grade)",China (mainland),National Average,WHOLESALE,tonne,kg,0.49313999999999997
2019-11-01,500.55,"Wheat (flour, first grade)",China (mainland),National Average,WHOLESALE,tonne,kg,0.50055
2019-12-01,508.93,"Wheat (flour, first grade)",China (mainland),National Average,WHOLESALE,tonne,kg,0.50893
2020-01-01,515.61,"Wheat (flour, first grade)",China (mainland),National Average,WHOLESALE,tonne,kg,0.51561
2020-02-01,511.54,"Wheat (flour, first grade)",China (mainland),National Average,WHOLESALE,tonne,kg,0.51154
2020-03-01,510.68,"Wheat (flour, first grade)",China (mainland),National Average,WHOLESALE,tonne,kg,0.51068
2020-04-01,509.62,"Wheat (flour, first grade)",China (mainland),National Average,WHOLESALE,tonne,kg,0.50962
2020-05-01,507.81,"Wheat (flour, first grade)",China (mainland),National Average,WHOLESALE,tonne,kg,0.50781
2020-06-01,510.3,"Wheat (flour, first grade)",China (mainland),National Average,WHOLESALE,tonne,kg,0.5103
2020-07-01,516.12,"Wheat (flour, first grade)",China (mainland),National Average,WHOLESALE,tonne,kg,0.51612
2020-08-01,522.08,"Wheat (flour, first grade)",China (mainland),National Average,WHOLESALE,tonne,kg,0.52208
2020-09-01,531.28,"Wheat (flour, first grade)",China (mainland),National Average,WHOLESALE,tonne,kg,0.53128
2020-10-01,533.84,"Wheat (flour, first grade)",China (mainland),National Average,WHOLESALE,tonne,kg,0.53384
2020-11-01,543.34,"Wheat (flour, first grade)",China (mainland),National Average,WHOLESALE,tonne,kg,0.54334
2020-12-01,554.47,"Wheat (flour, first grade)",China (mainland),National Average,WHOLESALE,tonne,kg,0.55447
2021-01-01,563.5,"Wheat (flour, first grade)",China (mainland),National Average,WHOLESALE,tonne,kg,0.5635
2021-02-01,572.02,"Wheat (flour, first grade)",China (mainland),National Average,WHOLESALE,tonne,kg,0.57202
2021-03-01,573.78,"Wheat (flour, first grade)",China (mainland),National Average,WHOLESALE,tonne,kg,0.57378
2021-04-01,563.15,"Wheat (flour, first grade)",China (mainland),National Average,WHOLESALE,tonne,kg,0.5631499999999999
2021-05-01,557.47,"Wheat (flour, first grade)",China (mainland),National Average,WHOLESALE,tonne,kg,0.55747
2021-06-01,561.45,"Wheat (flour, first grade)",China (mainland),National Average,WHOLESALE,tonne,kg,0.56145
2021-07-01,555.62,"Wheat (flour, first grade)",China (mainland),National Average,WHOLESALE,tonne,kg,0.55562
2021-08-01,553.57,"Wheat (flour, first grade)",China (mainland),National Average,WHOLESALE,tonne,kg,0.55357
2021-09-01,555.28,"Wheat (flour, first grade)",China (mainland),National Average,WHOLESALE,tonne,kg,0.55528
2021-10-01,564.62,"Wheat (flour, first grade)",China (mainland),National Average,WHOLESALE,tonne,kg,0.56462
2021-11-01,592.79,"Wheat (flour, first grade)",China (mainland),National Average,WHOLESALE,tonne,kg,0.5927899999999999
2021-12-01,601.37,"Wheat (flour, first grade)",China (mainland),National Average,WHOLESALE,tonne,kg,0.60137
2022-01-01,601.48,"Wheat (flour, first grade)",China (mainland),National Average,WHOLESALE,tonne,kg,0.60148
2022-02-01,600.5,"Wheat (flour, first grade)",China (mainland),National Average,WHOLESALE,tonne,kg,0.6005
2022-03-01,621.71,"Wheat (flour, first grade)",China (mainland),National Average,WHOLESALE,tonne,kg,0.62171
2022-04-01,627.27,"Wheat (flour, first grade)",China (mainland),National Average,WHOLESALE,tonne,kg,0.62727
2022-05-01,602.91,"Wheat (flour, first grade)",China (mainland),National Average,WHOLESALE,tonne,kg,0.60291
2022-06-01,586.69,"Wheat (flour, first grade)",China (mainland),National Average,WHOLESALE,tonne,kg,0.58669
2022-07-01,571.61,"Wheat (flour, first grade)",China (mainland),National Average,WHOLESALE,tonne,kg,0.5716100000000001
2022-08-01,572.61,"Wheat (flour, first grade)",China (mainland),National Average,WHOLESALE,tonne,kg,0.5726100000000001
2022-09-01,563.04,"Wheat (flour, first grade)",China (mainland),National Average,WHOLESALE,tonne,kg,0.56304
2022-10-01,558.36,"Wheat (flour, first grade)",China (mainland),National Average,WHOLESALE,tonne,kg,0.55836
2022-11-01,562.61,"Wheat (flour, first grade)",China (mainland),National Average,WHOLESALE,tonne,kg,0.56261
2022-12-01,580.34,"Wheat (flour, first grade)",China (mainland),National Average,WHOLESALE,tonne,kg,0.5803400000000001
2023-01-01,603.06,"Wheat (flour, first grade)",China (mainland),National Average,WHOLESALE,tonne,kg,0.6030599999999999
2023-02-01,590.3,"Wheat (flour, first grade)",China (mainland),National Average,WHOLESALE,tonne,kg,0.5902999999999999
2023-03-01,583.71,"Wheat (flour, first grade)",China (mainland),National Average,WHOLESALE,tonne,kg,0.5837100000000001
2023-04-01,578.69,"Wheat (flour, first grade)",China (mainland),National Average,WHOLESALE,tonne,kg,0.57869
2023-05-01,557.01,"Wheat (flour, first grade)",China (mainland),National Average,WHOLESALE,tonne,kg,0.55701
2023-06-01,543.34,"Wheat (flour, first grade)",China (mainland),National Average,WHOLESALE,tonne,kg,0.54334
2023-07-01,544.31,"Wheat (flour, first grade)",China (mainland),National Average,WHOLESALE,tonne,kg,0.54431
2023-08-01,539.51,"Wheat (flour, first grade)",China (mainland),National Average,WHOLESALE,tonne,kg,0.53951
2023-09-01,538.82,"Wheat (flour, first grade)",China (mainland),National Average,WHOLESALE,tonne,kg,0.5388200000000001
2023-10-01,539.56,"Wheat (flour, first grade)",China (mainland),National Average,WHOLESALE,tonne,kg,0.5395599999999999
2023-11-01,543.78,"Wheat (flour, first grade)",China (mainland),National Average,WHOLESALE,tonne,kg,0.5437799999999999
2023-12-01,550.38,"Wheat (flour, first grade)",China (mainland),National Average,WHOLESALE,tonne,kg,0.55038
2024-01-01,548.71,"Wheat (flour, first grade)",China (mainland),National Average,WHOLESALE,tonne,kg,0.54871
2024-02-01,541.9,"Wheat (flour, first grade)",China (mainland),National Average,WHOLESALE,tonne,kg,0.5418999999999999
2024-03-01,537.88,"Wheat (flour, first grade)",China (mainland),National Average,WHOLESALE,tonne,kg,0.53788
2024-04-01,531.8,"Wheat (flour, first grade)",China (mainland),National Average,WHOLESALE,tonne,kg,0.5317999999999999
2024-05-01,530.22,"Wheat (flour, first grade)",China (mainland),National Average,WHOLESALE,tonne,kg,0.53022
2024-06-01,522.35,"Wheat (flour, first grade)",China (mainland),National Average,WHOLESALE,tonne,kg,0.52235
2024-07-01,519.09,"Wheat (flour, first grade)",China (mainland),National Average,WHOLESALE,tonne,kg,0.51909
2024-08-01,527.08,"Wheat (flour, first grade)",China (mainland),National Average,WHOLESALE,tonne,kg,0.52708
2024-09-01,532.84,"Wheat (flour, first grade)",China (mainland),National Average,WHOLESALE,tonne,kg,0.53284
2024-10-01,527.11,"Wheat (flour, first grade)",China (mainland),National Average,WHOLESALE,tonne,kg,0.52711
2024-11-01,514.25,"Wheat (flour, first grade)",China (mainland),National Average,WHOLESALE,tonne,kg,0.51425
2024-12-01,509.16,"Wheat (flour, first grade)",China (mainland),National Average,WHOLESALE,tonne,kg,0.5091600000000001
2025-01-01,506.9,"Wheat (flour, first grade)",China (mainland),National Average,WHOLESALE,tonne,kg,0.5069
2025-02-01,509.01,"Wheat (flour, first grade)",China (mainland),National Average,WHOLESALE,tonne,kg,0.50901
2025-03-01,510.24,"Wheat (flour, first grade)",China (mainland),National Average,WHOLESALE,tonne,kg,0.51024
2025-04-01,506.73,"Wheat (flour, first grade)",China (mainland),National Average,WHOLESALE,tonne,kg,0.50673
2025-05-01,513.24,"Wheat (flour, first grade)",China (mainland),National Average,WHOLESALE,tonne,kg,0.51324
2025-06-01,511.59,"Wheat (flour, first grade)",China (mainland),National Average,WHOLESALE,tonne,kg,0.51159
2025-07-01,510.96,"Wheat (flour, first grade)",China (mainland),National Average,WHOLESALE,tonne,kg,0.51096
2025-08-01,508.96,"Wheat (flour, first grade)",China (mainland),National Average,WHOLESALE,tonne,kg,0.50896
2025-09-01,516.52,"Wheat (flour, first grade)",China (mainland),National Average,WHOLESALE,tonne,kg,0.51652
2025-10-01,518.73,"Wheat (flour, first grade)",China (mainland),National Average,WHOLESALE,tonne,kg,0.51873
2025-11-01,3700.0,"Wheat (flour, first grade)",China (mainland),National Average,WHOLESALE,tonne,kg,3.7
2014-01-01,511.15,"Wheat (flour, first grade)",China (mainland),Yuncheng,WHOLESALE,tonne,kg,0.51115
2014-02-01,510.37,"Wheat (flour, first grade)",China (mainland),Yuncheng,WHOLESALE,tonne,kg,0.51037
2014-03-01,541.64,"Wheat (flour, first grade)",China (mainland),Yuncheng,WHOLESALE,tonne,kg,0.54164
2014-04-01,562.13,"Wheat (flour, first grade)",China (mainland),Yuncheng,WHOLESALE,tonne,kg,0.56213
2014-05-01,561.43,"Wheat (flour, first grade)",China (mainland),Yuncheng,WHOLESALE,tonne,kg,0.56143
2014-06-01,562.02,"Wheat (flour, first grade)",China (mainland),Yuncheng,WHOLESALE,tonne,kg,0.56202
2014-07-01,561.01,"Wheat (flour, first grade)",China (mainland),Yuncheng,WHOLESALE,tonne,kg,0.56101
2014-08-01,561.63,"Wheat (flour, first grade)",China (mainland),Yuncheng,WHOLESALE,tonne,kg,0.56163
2014-09-01,562.41,"Wheat (flour, first grade)",China (mainland),Yuncheng,WHOLESALE,tonne,kg,0.56241
2014-10-01,568.03,"Wheat (flour, first grade)",China (mainland),Yuncheng,WHOLESALE,tonne,kg,0.5680299999999999
2014-11-01,572.89,"Wheat (flour, first grade)",China (mainland),Yuncheng,WHOLESALE,tonne,kg,0.57289
2014-12-01,574.77,"Wheat (flour, first grade)",China (mainland),Yuncheng,WHOLESALE,tonne,kg,0.57477
2015-01-01,574.47,"Wheat (flour, first grade)",China (mainland),Yuncheng,WHOLESALE,tonne,kg,0.57447
2015-02-01,573.82,"Wheat (flour, first grade)",China (mainland),Yuncheng,WHOLESALE,tonne,kg,0.57382
2015-03-01,572.31,"Wheat (flour, first grade)",China (mainland),Yuncheng,WHOLESALE,tonne,kg,0.57231
2015-04-01,574.25,"Wheat (flour, first grade)",China (mainland),Yuncheng,WHOLESALE,tonne,kg,0.57425
2015-05-01,575.71,"Wheat (flour, first grade)",China (mainland),Yuncheng,WHOLESALE,tonne,kg,0.57571
2015-06-01,575.53,"Wheat (flour, first grade)",China (mainland),Yuncheng,WHOLESALE,tonne,kg,0.57553
2015-07-01,575.47,"Wheat (flour, first grade)",China (mainland),Yuncheng,WHOLESALE,tonne,kg,0.57547
2015-08-01,558.24,"Wheat (flour, first grade)",China (mainland),Yuncheng,WHOLESALE,tonne,kg,0.55824
2015-09-01,550.66,"Wheat (flour, first grade)",China (mainland),Yuncheng,WHOLESALE,tonne,kg,0.5506599999999999
2015-10-01,554.33,"Wheat (flour, first grade)",China (mainland),Yuncheng,WHOLESALE,tonne,kg,0.55433
2015-11-01,540.53,"Wheat (flour, first grade)",China (mainland),Yuncheng,WHOLESALE,tonne,kg,0.54053
2015-12-01,533.11,"Wheat (flour, first grade)",China (mainland),Yuncheng,WHOLESALE,tonne,kg,0.53311
2016-01-01,523.59,"Wheat (flour, first grade)",China (mainland),Yuncheng,WHOLESALE,tonne,kg,0.52359
2016-02-01,525.99,"Wheat (flour, first grade)",China (mainland),Yuncheng,WHOLESALE,tonne,kg,0.52599
2016-03-01,528.42,"Wheat (flour, first grade)",China (mainland),Yuncheng,WHOLESALE,tonne,kg,0.52842
2016-04-01,520.45,"Wheat (flour, first grade)",China (mainland),Yuncheng,WHOLESALE,tonne,kg,0.5204500000000001
2016-05-01,513.02,"Wheat (flour, first grade)",China (mainland),Yuncheng,WHOLESALE,tonne,kg,0.51302
2016-06-01,507.58,"Wheat (flour, first grade)",China (mainland),Yuncheng,WHOLESALE,tonne,kg,0.50758
2016-07-01,501.5,"Wheat (flour, first grade)",China (mainland),Yuncheng,WHOLESALE,tonne,kg,0.5015
2016-08-01,503.76,"Wheat (flour, first grade)",China (mainland),Yuncheng,WHOLESALE,tonne,kg,0.50376
2016-09-01,502.25,"Wheat (flour, first grade)",China (mainland),Yuncheng,WHOLESALE,tonne,kg,0.50225
2016-10-01,497.04,"Wheat (flour, first grade)",China (mainland),Yuncheng,WHOLESALE,tonne,kg,0.49704000000000004
2016-11-01,492.31,"Wheat (flour, first grade)",China (mainland),Yuncheng,WHOLESALE,tonne,kg,0.49231
2016-12-01,491.33,"Wheat (flour, first grade)",China (mainland),Yuncheng,WHOLESALE,tonne,kg,0.49133
2017-01-01,492.75,"Wheat (flour, first grade)",China (mainland),Yuncheng,WHOLESALE,tonne,kg,0.49275
2017-02-01,494.91,"Wheat (flour, first grade)",China (mainland),Yuncheng,WHOLESALE,tonne,kg,0.49491
2017-03-01,492.95,"Wheat (flour, first grade)",China (mainland),Yuncheng,WHOLESALE,tonne,kg,0.49295
2017-04-01,493.36,"Wheat (flour, first grade)",China (mainland),Yuncheng,WHOLESALE,tonne,kg,0.49336
2017-05-01,493.47,"Wheat (flour, first grade)",China (mainland),Yuncheng,WHOLESALE,tonne,kg,0.49347
2017-06-01,499.27,"Wheat (flour, first grade)",China (mainland),Yuncheng,WHOLESALE,tonne,kg,0.49927
2017-07-01,502.22,"Wheat (flour, first grade)",China (mainland),Yuncheng,WHOLESALE,tonne,kg,0.50222
2017-08-01,509.75,"Wheat (flour, first grade)",China (mainland),Yuncheng,WHOLESALE,tonne,kg,0.50975
2017-09-01,517.5,"Wheat (flour, first grade)",China (mainland),Yuncheng,WHOLESALE,tonne,kg,0.5175
2017-10-01,513.6,"Wheat (flour, first grade)",China (mainland),Yuncheng,WHOLESALE,tonne,kg,0.5136000000000001
2017-11-01,512.82,"Wheat (flour, first grade)",China (mainland),Yuncheng,WHOLESALE,tonne,kg,0.51282
2017-12-01,515.93,"Wheat (flour, first grade)",China (mainland),Yuncheng,WHOLESALE,tonne,kg,0.51593
2018-01-01,528.85,"Wheat (flour, first grade)",China (mainland),Yuncheng,WHOLESALE,tonne,kg,0.52885
2018-02-01,538.83,"Wheat (flour, first grade)",China (mainland),Yuncheng,WHOLESALE,tonne,kg,0.53883
2018-03-01,537.97,"Wheat (flour, first grade)",China (mainland),Yuncheng,WHOLESALE,tonne,kg,0.5379700000000001
2018-04-01,539.68,"Wheat (flour, first grade)",China (mainland),Yuncheng,WHOLESALE,tonne,kg,0.5396799999999999
2018-05-01,533.39,"Wheat (flour, first grade)",China (mainland),Yuncheng,WHOLESALE,tonne,kg,0.53339
2018-06-01,525.85,"Wheat (flour, first grade)",China (mainland),Yuncheng,WHOLESALE,tonne,kg,0.52585
2018-07-01,506.03,"Wheat (flour, first grade)",China (mainland),Yuncheng,WHOLESALE,tonne,kg,0.50603
2018-08-01,496.22,"Wheat (flour, first grade)",China (mainland),Yuncheng,WHOLESALE,tonne,kg,0.49622000000000005
2018-09-01,495.88,"Wheat (flour, first grade)",China (mainland),Yuncheng,WHOLESALE,tonne,kg,0.49588
2018-10-01,490.16,"Wheat (flour, first grade)",China (mainland),Yuncheng,WHOLESALE,tonne,kg,0.49016000000000004
2018-11-01,489.86,"Wheat (flour, first grade)",China (mainland),Yuncheng,WHOLESALE,tonne,kg,0.48986
2018-12-01,493.79,"Wheat (flour, first grade)",China (mainland),Yuncheng,WHOLESALE,tonne,kg,0.49379
2019-01-01,500.91,"Wheat (flour, first grade)",China (mainland),Yuncheng,WHOLESALE,tonne,kg,0.5009100000000001
2019-02-01,504.78,"Wheat (flour, first grade)",China (mainland),Yuncheng,WHOLESALE,tonne,kg,0.50478
2019-03-01,506.58,"Wheat (flour, first grade)",China (mainland),Yuncheng,WHOLESALE,tonne,kg,0.50658
2019-04-01,506.2,"Wheat (flour, first grade)",China (mainland),Yuncheng,WHOLESALE,tonne,kg,0.5062
2019-05-01,494.89,"Wheat (flour, first grade)",China (mainland),Yuncheng,WHOLESALE,tonne,kg,0.49489
2019-06-01,492.66,"Wheat (flour, first grade)",China (mainland),Yuncheng,WHOLESALE,tonne,kg,0.49266000000000004
2019-07-01,494.37,"Wheat (flour, first grade)",China (mainland),Yuncheng,WHOLESALE,tonne,kg,0.49437000000000003
2019-08-01,481.44,"Wheat (flour, first grade)",China (mainland),Yuncheng,WHOLESALE,tonne,kg,0.48144
2019-09-01,477.8,"Wheat (flour, first grade)",China (mainland),Yuncheng,WHOLESALE,tonne,kg,0.4778
2019-10-01,480.01,"Wheat (flour, first grade)",China (mainland),Yuncheng,WHOLESALE,tonne,kg,0.48001
2019-11-01,484.45,"Wheat (flour, first grade)",China (mainland),Yuncheng,WHOLESALE,tonne,kg,0.48445
2019-12-01,484.29,"Wheat (flour, first grade)",China (mainland),Yuncheng,WHOLESALE,tonne,kg,0.48429
2020-01-01,491.33,"Wheat (flour, first grade)",China (mainland),Yuncheng,WHOLESALE,tonne,kg,0.49133
2020-02-01,485.71,"Wheat (flour, first grade)",China (mainland),Yuncheng,WHOLESALE,tonne,kg,0.48571
2020-03-01,484.33,"Wheat (flour, first grade)",China (mainland),Yuncheng,WHOLESALE,tonne,kg,0.48433
2020-04-01,480.91,"Wheat (flour, first grade)",China (mainland),Yuncheng,WHOLESALE,tonne,kg,0.48091
2020-05-01,478.2,"Wheat (flour, first grade)",China (mainland),Yuncheng,WHOLESALE,tonne,kg,0.4782
2020-06-01,479.55,"Wheat (flour, first grade)",China (mainland),Yuncheng,WHOLESALE,tonne,kg,0.47955000000000003
2020-07-01,485.02,"Wheat (flour, first grade)",China (mainland),Yuncheng,WHOLESALE,tonne,kg,0.48502
2020-08-01,490.62,"Wheat (flour, first grade)",China (mainland),Yuncheng,WHOLESALE,tonne,kg,0.49062
2020-09-01,499.27,"Wheat (flour, first grade)",China (mainland),Yuncheng,WHOLESALE,tonne,kg,0.49927
2020-10-01,507.46,"Wheat (flour, first grade)",China (mainland),Yuncheng,WHOLESALE,tonne,kg,0.50746
2020-11-01,514.37,"Wheat (flour, first grade)",China (mainland),Yuncheng,WHOLESALE,tonne,kg,0.51437
2020-12-01,519.88,"Wheat (flour, first grade)",China (mainland),Yuncheng,WHOLESALE,tonne,kg,0.51988
2021-01-01,525.62,"Wheat (flour, first grade)",China (mainland),Yuncheng,WHOLESALE,tonne,kg,0.52562
2021-02-01,526.35,"Wheat (flour, first grade)",China (mainland),Yuncheng,WHOLESALE,tonne,kg,0.52635
2021-03-01,522.32,"Wheat (flour, first grade)",China (mainland),Yuncheng,WHOLESALE,tonne,kg,0.52232
2021-04-01,521.54,"Wheat (flour, first grade)",China (mainland),Yuncheng,WHOLESALE,tonne,kg,0.52154
2021-05-01,528.7,"Wheat (flour, first grade)",China (mainland),Yuncheng,WHOLESALE,tonne,kg,0.5287000000000001
2021-06-01,529.22,"Wheat (flour, first grade)",China (mainland),Yuncheng,WHOLESALE,tonne,kg,0.52922
2021-07-01,525.12,"Wheat (flour, first grade)",China (mainland),Yuncheng,WHOLESALE,tonne,kg,0.52512
2021-08-01,525.01,"Wheat (flour, first grade)",China (mainland),Yuncheng,WHOLESALE,tonne,kg,0.52501
2021-09-01,526.63,"Wheat (flour, first grade)",China (mainland),Yuncheng,WHOLESALE,tonne,kg,0.52663
2021-10-01,530.31,"Wheat (flour, first grade)",China (mainland),Yuncheng,WHOLESALE,tonne,kg,0.53031
2021-11-01,564.0,"Wheat (flour, first grade)",China (mainland),Yuncheng,WHOLESALE,tonne,kg,0.564
2021-12-01,533.99,"Wheat (flour, first grade)",China (mainland),Yuncheng,WHOLESALE,tonne,kg,0.53399
2022-01-01,534.93,"Wheat (flour, first grade)",China (mainland),Yuncheng,WHOLESALE,tonne,kg,0.5349299999999999
2022-02-01,557.19,"Wheat (flour, first grade)",China (mainland),Yuncheng,WHOLESALE,tonne,kg,0.5571900000000001
2022-03-01,599.24,"Wheat (flour, first grade)",China (mainland),Yuncheng,WHOLESALE,tonne,kg,0.59924
2022-04-01,590.98,"Wheat (flour, first grade)",China (mainland),Yuncheng,WHOLESALE,tonne,kg,0.5909800000000001
2022-05-01,565.69,"Wheat (flour, first grade)",China (mainland),Yuncheng,WHOLESALE,tonne,kg,0.56569
2022-06-01,567.5,"Wheat (flour, first grade)",China (mainland),Yuncheng,WHOLESALE,tonne,kg,0.5675
2022-07-01,564.19,"Wheat (flour, first grade)",China (mainland),Yuncheng,WHOLESALE,tonne,kg,0.5641900000000001
2022-08-01,558.64,"Wheat (flour, first grade)",China (mainland),Yuncheng,WHOLESALE,tonne,kg,0.55864
2022-09-01,540.52,"Wheat (flour, first grade)",China (mainland),Yuncheng,WHOLESALE,tonne,kg,0.54052
2022-10-01,525.94,"Wheat (flour, first grade)",China (mainland),Yuncheng,WHOLESALE,tonne,kg,0.5259400000000001
2022-11-01,529.19,"Wheat (flour, first grade)",China (mainland),Yuncheng,WHOLESALE,tonne,kg,0.52919
2022-12-01,544.18,"Wheat (flour, first grade)",China (mainland),Yuncheng,WHOLESALE,tonne,kg,0.54418
2023-01-01,559.21,"Wheat (flour, first grade)",China (mainland),Yuncheng,WHOLESALE,tonne,kg,0.55921
2023-02-01,555.92,"Wheat (flour, first grade)",China (mainland),Yuncheng,WHOLESALE,tonne,kg,0.55592
2023-03-01,550.98,"Wheat (flour, first grade)",China (mainland),Yuncheng,WHOLESALE,tonne,kg,0.55098
2023-04-01,551.64,"Wheat (flour, first grade)",China (mainland),Yuncheng,WHOLESALE,tonne,kg,0.55164
2023-05-01,543.29,"Wheat (flour, first grade)",China (mainland),Yuncheng,WHOLESALE,tonne,kg,0.5432899999999999
2023-06-01,530.54,"Wheat (flour, first grade)",China (mainland),Yuncheng,WHOLESALE,tonne,kg,0.53054
2023-07-01,528.86,"Wheat (flour, first grade)",China (mainland),Yuncheng,WHOLESALE,tonne,kg,0.52886
2023-08-01,523.93,"Wheat (flour, first grade)",China (mainland),Yuncheng,WHOLESALE,tonne,kg,0.5239299999999999
2023-09-01,520.6,"Wheat (flour, first grade)",China (mainland),Yuncheng,WHOLESALE,tonne,kg,0.5206000000000001
2023-10-01,519.73,"Wheat (flour, first grade)",China (mainland),Yuncheng,WHOLESALE,tonne,kg,0.51973
2023-11-01,525.13,"Wheat (flour, first grade)",China (mainland),Yuncheng,WHOLESALE,tonne,kg,0.52513
2023-12-01,531.5,"Wheat (flour, first grade)",China (mainland),Yuncheng,WHOLESALE,tonne,kg,0.5315
2024-01-01,529.88,"Wheat (flour, first grade)",China (mainland),Yuncheng,WHOLESALE,tonne,kg,0.52988
2024-02-01,528.28,"Wheat (flour, first grade)",China (mainland),Yuncheng,WHOLESALE,tonne,kg,0.52828
2024-03-01,527.6,"Wheat (flour, first grade)",China (mainland),Yuncheng,WHOLESALE,tonne,kg,0.5276000000000001
2024-04-01,524.9,"Wheat (flour, first grade)",China (mainland),Yuncheng,WHOLESALE,tonne,kg,0.5248999999999999
2024-05-01,525.38,"Wheat (flour, first grade)",China (mainland),Yuncheng,WHOLESALE,tonne,kg,0.52538
2024-06-01,523.72,"Wheat (flour, first grade)",China (mainland),Yuncheng,WHOLESALE,tonne,kg,0.5237200000000001
2024-07-01,523.22,"Wheat (flour, first grade)",China (mainland),Yuncheng,WHOLESALE,tonne,kg,0.52322
2024-08-01,531.27,"Wheat (flour, first grade)",China (mainland),Yuncheng,WHOLESALE,tonne,kg,0.53127
2024-09-01,537.08,"Wheat (flour, first grade)",China (mainland),Yuncheng,WHOLESALE,tonne,kg,0.53708
2024-10-01,535.0,"Wheat (flour, first grade)",China (mainland),Yuncheng,WHOLESALE,tonne,kg,0.535
2024-11-01,527.44,"Wheat (flour, first grade)",China (mainland),Yuncheng,WHOLESALE,tonne,kg,0.52744
2024-12-01,522.22,"Wheat (flour, first grade)",China (mainland),Yuncheng,WHOLESALE,tonne,kg,0.52222
2025-01-01,519.9,"Wheat (flour, first grade)",China (mainland),Yuncheng,WHOLESALE,tonne,kg,0.5199
2025-02-01,522.06,"Wheat (flour, first grade)",China (mainland),Yuncheng,WHOLESALE,tonne,kg,0.52206
2025-03-01,524.03,"Wheat (flour, first grade)",China (mainland),Yuncheng,WHOLESALE,tonne,kg,0.52403
2025-04-01,520.42,"Wheat (flour, first grade)",China (mainland),Yuncheng,WHOLESALE,tonne,kg,0.52042
2025-05-01,527.11,"Wheat (flour, first grade)",China (mainland),Yuncheng,WHOLESALE,tonne,kg,0.52711
2025-06-01,529.18,"Wheat (flour, first grade)",China (mainland),Yuncheng,WHOLESALE,tonne,kg,0.52918
2025-07-01,529.78,"Wheat (flour, first grade)",China (mainland),Yuncheng,WHOLESALE,tonne,kg,0.5297799999999999
2025-08-01,529.47,"Wheat (flour, first grade)",China (mainland),Yuncheng,WHOLESALE,tonne,kg,0.52947
2025-09-01,533.36,"Wheat (flour, first grade)",China (mainland),Yuncheng,WHOLESALE,tonne,kg,0.5333600000000001
2025-10-01,533.71,"Wheat (flour, first grade)",China (mainland),Yuncheng,WHOLESALE,tonne,kg,0.53371
2025-11-01,3800.0,"Wheat (flour, first grade)",China (mainland),Yuncheng,WHOLESALE,tonne,kg,3.8
2005-11-01,0.37,"Wheat (flour, first grade)",Kazakhstan,Aktau,RETAIL,Kg,kg,0.37
2005-12-01,0.4,"Wheat (flour, first grade)",Kazakhstan,Aktau,RETAIL,Kg,kg,0.4
2006-01-01,0.41,"Wheat (flour, first grade)",Kazakhstan,Aktau,RETAIL,Kg,kg,0.41
2006-02-01,0.41,"Wheat (flour, first grade)",Kazakhstan,Aktau,RETAIL,Kg,kg,0.41
2006-03-01,0.42,"Wheat (flour, first grade)",Kazakhstan,Aktau,RETAIL,Kg,kg,0.42
2006-04-01,0.43,"Wheat (flour, first grade)",Kazakhstan,Aktau,RETAIL,Kg,kg,0.43
2006-05-01,0.44,"Wheat (flour, first grade)",Kazakhstan,Aktau,RETAIL,Kg,kg,0.44
2006-06-01,0.47,"Wheat (flour, first grade)",Kazakhstan,Aktau,RETAIL,Kg,kg,0.47
2006-07-01,0.46,"Wheat (flour, first grade)",Kazakhstan,Aktau,RETAIL,Kg,kg,0.46
2006-08-01,0.44,"Wheat (flour, first grade)",Kazakhstan,Aktau,RETAIL,Kg,kg,0.44
2006-09-01,0.43,"Wheat (flour, first grade)",Kazakhstan,Aktau,RETAIL,Kg,kg,0.43
2006-10-01,0.42,"Wheat (flour, first grade)",Kazakhstan,Aktau,RETAIL,Kg,kg,0.42
2006-11-01,0.42,"Wheat (flour, first grade)",Kazakhstan,Aktau,RETAIL,Kg,kg,0.42
2006-12-01,0.42,"Wheat (flour, first grade)",Kazakhstan,Aktau,RETAIL,Kg,kg,0.42
2007-01-01,0.43,"Wheat (flour, first grade)",Kazakhstan,Aktau,RETAIL,Kg,kg,0.43
2007-02-01,0.45,"Wheat (flour, first grade)",Kazakhstan,Aktau,RETAIL,Kg,kg,0.45
2007-03-01,0.45,"Wheat (flour, first grade)",Kazakhstan,Aktau,RETAIL,Kg,kg,0.45
2007-04-01,0.46,"Wheat (flour, first grade)",Kazakhstan,Aktau,RETAIL,Kg,kg,0.46
2007-05-01,0.47,"Wheat (flour, first grade)",Kazakhstan,Aktau,RETAIL,Kg,kg,0.47
2007-06-01,0.46,"Wheat (flour, first grade)",Kazakhstan,Aktau,RETAIL,Kg,kg,0.46
2007-07-01,0.46,"Wheat (flour, first grade)",Kazakhstan,Aktau,RETAIL,Kg,kg,0.46
2007-08-01,0.45,"Wheat (flour, first grade)",Kazakhstan,Aktau,RETAIL,Kg,kg,0.45
2007-09-01,0.49,"Wheat (flour, first grade)",Kazakhstan,Aktau,RETAIL,Kg,kg,0.49
2007-10-01,0.63,"Wheat (flour, first grade)",Kazakhstan,Aktau,RETAIL,Kg,kg,0.63
2007-11-01,0.63,"Wheat (flour, first grade)",Kazakhstan,Aktau,RETAIL,Kg,kg,0.63
2007-12-01,0.63,"Wheat (flour, first grade)",Kazakhstan,Aktau,RETAIL,Kg,kg,0.63
2008-01-01,0.63,"Wheat (flour, first grade)",Kazakhstan,Aktau,RETAIL,Kg,kg,0.63
2008-02-01,0.63,"Wheat (flour, first grade)",Kazakhstan,Aktau,RETAIL,Kg,kg,0.63
2008-03-01,0.63,"Wheat (flour, first grade)",Kazakhstan,Aktau,RETAIL,Kg,kg,0.63
2008-04-01,0.69,"Wheat (flour, first grade)",Kazakhstan,Aktau,RETAIL,Kg,kg,0.69
2008-05-01,0.69,"Wheat (flour, first grade)",Kazakhstan,Aktau,RETAIL,Kg,kg,0.69
2008-06-01,0.69,"Wheat (flour, first grade)",Kazakhstan,Aktau,RETAIL,Kg,kg,0.69
2008-07-01,0.86,"Wheat (flour, first grade)",Kazakhstan,Aktau,RETAIL,Kg,kg,0.86
2008-08-01,0.86,"Wheat (flour, first grade)",Kazakhstan,Aktau,RETAIL,Kg,kg,0.86
2008-09-01,0.86,"Wheat (flour, first grade)",Kazakhstan,Aktau,RETAIL,Kg,kg,0.86
2008-10-01,0.86,"Wheat (flour, first grade)",Kazakhstan,Aktau,RETAIL,Kg,kg,0.86
2008-11-01,0.86,"Wheat (flour, first grade)",Kazakhstan,Aktau,RETAIL,Kg,kg,0.86
2008-12-01,0.85,"Wheat (flour, first grade)",Kazakhstan,Aktau,RETAIL,Kg,kg,0.85
2009-01-01,0.85,"Wheat (flour, first grade)",Kazakhstan,Aktau,RETAIL,Kg,kg,0.85
2009-02-01,0.71,"Wheat (flour, first grade)",Kazakhstan,Aktau,RETAIL,Kg,kg,0.71
2009-03-01,0.68,"Wheat (flour, first grade)",Kazakhstan,Aktau,RETAIL,Kg,kg,0.68
2009-04-01,0.68,"Wheat (flour, first grade)",Kazakhstan,Aktau,RETAIL,Kg,kg,0.68
2009-05-01,0.66,"Wheat (flour, first grade)",Kazakhstan,Aktau,RETAIL,Kg,kg,0.66
2009-06-01,0.66,"Wheat (flour, first grade)",Kazakhstan,Aktau,RETAIL,Kg,kg,0.66
2009-07-01,0.66,"Wheat (flour, first grade)",Kazakhstan,Aktau,RETAIL,Kg,kg,0.66
2009-08-01,0.66,"Wheat (flour, first grade)",Kazakhstan,Aktau,RETAIL,Kg,kg,0.66
2009-09-01,0.66,"Wheat (flour, first grade)",Kazakhstan,Aktau,RETAIL,Kg,kg,0.66
2009-10-01,0.66,"Wheat (flour, first grade)",Kazakhstan,Aktau,RETAIL,Kg,kg,0.66
2009-11-01,0.66,"Wheat (flour, first grade)",Kazakhstan,Aktau,RETAIL,Kg,kg,0.66
2009-12-01,0.67,"Wheat (flour, first grade)",Kazakhstan,Aktau,RETAIL,Kg,kg,0.67
2010-01-01,0.64,"Wheat (flour, first grade)",Kazakhstan,Aktau,RETAIL,Kg,kg,0.64
2010-02-01,0.64,"Wheat (flour, first grade)",Kazakhstan,Aktau,RETAIL,Kg,kg,0.64
2010-03-01,0.65,"Wheat (flour, first grade)",Kazakhstan,Aktau,RETAIL,Kg,kg,0.65
2010-04-01,0.65,"Wheat (flour, first grade)",Kazakhstan,Aktau,RETAIL,Kg,kg,0.65
2010-05-01,0.64,"Wheat (flour, first grade)",Kazakhstan,Aktau,RETAIL,Kg,kg,0.64
2010-06-01,0.64,"Wheat (flour, first grade)",Kazakhstan,Aktau,RETAIL,Kg,kg,0.64
2010-07-01,0.64,"Wheat (flour, first grade)",Kazakhstan,Aktau,RETAIL,Kg,kg,0.64
2010-08-01,0.64,"Wheat (flour, first grade)",Kazakhstan,Aktau,RETAIL,Kg,kg,0.64
2010-09-01,0.64,"Wheat (flour, first grade)",Kazakhstan,Aktau,RETAIL,Kg,kg,0.64
2010-10-01,0.65,"Wheat (flour, first grade)",Kazakhstan,Aktau,RETAIL,Kg,kg,0.65
2010-11-01,0.65,"Wheat (flour, first grade)",Kazakhstan,Aktau,RETAIL,Kg,kg,0.65
2010-12-01,0.65,"Wheat (flour, first grade)",Kazakhstan,Aktau,RETAIL,Kg,kg,0.65
2011-01-01,0.69,"Wheat (flour, first grade)",Kazakhstan,Aktau,RETAIL,Kg,kg,0.69
2011-02-01,0.7,"Wheat (flour, first grade)",Kazakhstan,Aktau,RETAIL,Kg,kg,0.7
2011-03-01,0.73,"Wheat (flour, first grade)",Kazakhstan,Aktau,RETAIL,Kg,kg,0.73
2011-04-01,0.76,"Wheat (flour, first grade)",Kazakhstan,Aktau,RETAIL,Kg,kg,0.76
2011-05-01,0.78,"Wheat (flour, first grade)",Kazakhstan,Aktau,RETAIL,Kg,kg,0.78
2011-06-01,0.8,"Wheat (flour, first grade)",Kazakhstan,Aktau,RETAIL,Kg,kg,0.8
2011-07-01,0.84,"Wheat (flour, first grade)",Kazakhstan,Aktau,RETAIL,Kg,kg,0.84
2011-08-01,0.84,"Wheat (flour, first grade)",Kazakhstan,Aktau,RETAIL,Kg,kg,0.84
2011-09-01,0.85,"Wheat (flour, first grade)",Kazakhstan,Aktau,RETAIL,Kg,kg,0.85
2011-10-01,0.86,"Wheat (flour, first grade)",Kazakhstan,Aktau,RETAIL,Kg,kg,0.86
2011-11-01,0.79,"Wheat (flour, first grade)",Kazakhstan,Aktau,RETAIL,Kg,kg,0.79
2011-12-01,0.78,"Wheat (flour, first grade)",Kazakhstan,Aktau,RETAIL,Kg,kg,0.78
2012-01-01,0.73,"Wheat (flour, first grade)",Kazakhstan,Aktau,RETAIL,Kg,kg,0.73
2012-02-01,0.71,"Wheat (flour, first grade)",Kazakhstan,Aktau,RETAIL,Kg,kg,0.71
2012-03-01,0.72,"Wheat (flour, first grade)",Kazakhstan,Aktau,RETAIL,Kg,kg,0.72
2012-04-01,0.72,"Wheat (flour, first grade)",Kazakhstan,Aktau,RETAIL,Kg,kg,0.72
2012-05-01,0.69,"Wheat (flour, first grade)",Kazakhstan,Aktau,RETAIL,Kg,kg,0.69
2012-06-01,0.66,"Wheat (flour, first grade)",Kazakhstan,Aktau,RETAIL,Kg,kg,0.66
2012-07-01,0.65,"Wheat (flour, first grade)",Kazakhstan,Aktau,RETAIL,Kg,kg,0.65
2012-08-01,0.68,"Wheat (flour, first grade)",Kazakhstan,Aktau,RETAIL,Kg,kg,0.68
2012-09-01,0.72,"Wheat (flour, first grade)",Kazakhstan,Aktau,RETAIL,Kg,kg,0.72
2012-10-01,0.76,"Wheat (flour, first grade)",Kazakhstan,Aktau,RETAIL,Kg,kg,0.76
2012-11-01,0.78,"Wheat (flour, first grade)",Kazakhstan,Aktau,RETAIL,Kg,kg,0.78
2012-12-01,0.78,"Wheat (flour, first grade)",Kazakhstan,Aktau,RETAIL,Kg,kg,0.78
2013-01-01,0.78,"Wheat (flour, first grade)",Kazakhstan,Aktau,RETAIL,Kg,kg,0.78
2013-02-01,0.78,"Wheat (flour, first grade)",Kazakhstan,Aktau,RETAIL,Kg,kg,0.78
2013-03-01,0.78,"Wheat (flour, first grade)",Kazakhstan,Aktau,RETAIL,Kg,kg,0.78
2013-04-01,0.78,"Wheat (flour, first grade)",Kazakhstan,Aktau,RETAIL,Kg,kg,0.78
2013-05-01,0.78,"Wheat (flour, first grade)",Kazakhstan,Aktau,RETAIL,Kg,kg,0.78
2013-06-01,0.79,"Wheat (flour, first grade)",Kazakhstan,Aktau,RETAIL,Kg,kg,0.79
2013-07-01,0.79,"Wheat (flour, first grade)",Kazakhstan,Aktau,RETAIL,Kg,kg,0.79
2013-08-01,0.78,"Wheat (flour, first grade)",Kazakhstan,Aktau,RETAIL,Kg,kg,0.78
2013-09-01,0.78,"Wheat (flour, first grade)",Kazakhstan,Aktau,RETAIL,Kg,kg,0.78
2013-10-01,0.78,"Wheat (flour, first grade)",Kazakhstan,Aktau,RETAIL,Kg,kg,0.78
2013-11-01,0.78,"Wheat (flour, first grade)",Kazakhstan,Aktau,RETAIL,Kg,kg,0.78
2013-12-01,0.78,"Wheat (flour, first grade)",Kazakhstan,Aktau,RETAIL,Kg,kg,0.78
2014-01-01,0.77,"Wheat (flour, first grade)",Kazakhstan,Aktau,RETAIL,Kg,kg,0.77
2014-02-01,0.69,"Wheat (flour, first grade)",Kazakhstan,Aktau,RETAIL,Kg,kg,0.69
2014-03-01,0.66,"Wheat (flour, first grade)",Kazakhstan,Aktau,RETAIL,Kg,kg,0.66
2014-04-01,0.64,"Wheat (flour, first grade)",Kazakhstan,Aktau,RETAIL,Kg,kg,0.64
2014-05-01,0.64,"Wheat (flour, first grade)",Kazakhstan,Aktau,RETAIL,Kg,kg,0.64
2014-06-01,0.64,"Wheat (flour, first grade)",Kazakhstan,Aktau,RETAIL,Kg,kg,0.64
2014-07-01,0.64,"Wheat (flour, first grade)",Kazakhstan,Aktau,RETAIL,Kg,kg,0.64
2014-08-01,0.7,"Wheat (flour, first grade)",Kazakhstan,Aktau,RETAIL,Kg,kg,0.7
2014-09-01,0.7,"Wheat (flour, first grade)",Kazakhstan,Aktau,RETAIL,Kg,kg,0.7
2014-10-01,0.71,"Wheat (flour, first grade)",Kazakhstan,Aktau,RETAIL,Kg,kg,0.71
2014-11-01,0.73,"Wheat (flour, first grade)",Kazakhstan,Aktau,RETAIL,Kg,kg,0.73
2014-12-01,0.73,"Wheat (flour, first grade)",Kazakhstan,Aktau,RETAIL,Kg,kg,0.73
2015-01-01,0.72,"Wheat (flour, first grade)",Kazakhstan,Aktau,RETAIL,Kg,kg,0.72
2015-02-01,0.71,"Wheat (flour, first grade)",Kazakhstan,Aktau,RETAIL,Kg,kg,0.71
2015-03-01,0.71,"Wheat (flour, first grade)",Kazakhstan,Aktau,RETAIL,Kg,kg,0.71
2015-04-01,0.71,"Wheat (flour, first grade)",Kazakhstan,Aktau,RETAIL,Kg,kg,0.71
2015-05-01,0.71,"Wheat (flour, first grade)",Kazakhstan,Aktau,RETAIL,Kg,kg,0.71
2015-06-01,0.71,"Wheat (flour, first grade)",Kazakhstan,Aktau,RETAIL,Kg,kg,0.71
2015-07-01,0.71,"Wheat (flour, first grade)",Kazakhstan,Aktau,RETAIL,Kg,kg,0.71
2015-08-01,0.65,"Wheat (flour, first grade)",Kazakhstan,Aktau,RETAIL,Kg,kg,0.65
2015-09-01,0.52,"Wheat (flour, first grade)",Kazakhstan,Aktau,RETAIL,Kg,kg,0.52
2015-10-01,0.49,"Wheat (flour, first grade)",Kazakhstan,Aktau,RETAIL,Kg,kg,0.49
2015-11-01,0.51,"Wheat (flour, first grade)",Kazakhstan,Aktau,RETAIL,Kg,kg,0.51
2015-12-01,0.49,"Wheat (flour, first grade)",Kazakhstan,Aktau,RETAIL,Kg,kg,0.49
2016-01-01,0.43,"Wheat (flour, first grade)",Kazakhstan,Aktau,RETAIL,Kg,kg,0.43
2016-02-01,0.44,"Wheat (flour, first grade)",Kazakhstan,Aktau,RETAIL,Kg,kg,0.44
2016-03-01,0.46,"Wheat (flour, first grade)",Kazakhstan,Aktau,RETAIL,Kg,kg,0.46
2016-04-01,0.47,"Wheat (flour, first grade)",Kazakhstan,Aktau,RETAIL,Kg,kg,0.47
2016-05-01,0.48,"Wheat (flour, first grade)",Kazakhstan,Aktau,RETAIL,Kg,kg,0.48
2016-06-01,0.47,"Wheat (flour, first grade)",Kazakhstan,Aktau,RETAIL,Kg,kg,0.47
2016-07-01,0.47,"Wheat (flour, first grade)",Kazakhstan,Aktau,RETAIL,Kg,kg,0.47
2016-08-01,0.46,"Wheat (flour, first grade)",Kazakhstan,Aktau,RETAIL,Kg,kg,0.46
2016-09-01,0.47,"Wheat (flour, first grade)",Kazakhstan,Aktau,RETAIL,Kg,kg,0.47
2016-10-01,0.48,"Wheat (flour, first grade)",Kazakhstan,Aktau,RETAIL,Kg,kg,0.48
2016-11-01,0.47,"Wheat (flour, first grade)",Kazakhstan,Aktau,RETAIL,Kg,kg,0.47
2016-12-01,0.48,"Wheat (flour, first grade)",Kazakhstan,Aktau,RETAIL,Kg,kg,0.48
2017-01-01,0.48,"Wheat (flour, first grade)",Kazakhstan,Aktau,RETAIL,Kg,kg,0.48
2017-02-01,0.5,"Wheat (flour, first grade)",Kazakhstan,Aktau,RETAIL,Kg,kg,0.5
2017-03-01,0.5,"Wheat (flour, first grade)",Kazakhstan,Aktau,RETAIL,Kg,kg,0.5
2017-04-01,0.51,"Wheat (flour, first grade)",Kazakhstan,Aktau,RETAIL,Kg,kg,0.51
2017-05-01,0.51,"Wheat (flour, first grade)",Kazakhstan,Aktau,RETAIL,Kg,kg,0.51
2017-06-01,0.5,"Wheat (flour, first grade)",Kazakhstan,Aktau,RETAIL,Kg,kg,0.5
2017-07-01,0.49,"Wheat (flour, first grade)",Kazakhstan,Aktau,RETAIL,Kg,kg,0.49
2017-08-01,0.48,"Wheat (flour, first grade)",Kazakhstan,Aktau,RETAIL,Kg,kg,0.48
2017-09-01,0.47,"Wheat (flour, first grade)",Kazakhstan,Aktau,RETAIL,Kg,kg,0.47
2017-10-01,0.47,"Wheat (flour, first grade)",Kazakhstan,Aktau,RETAIL,Kg,kg,0.47
2017-11-01,0.48,"Wheat (flour, first grade)",Kazakhstan,Aktau,RETAIL,Kg,kg,0.48
2017-12-01,0.48,"Wheat (flour, first grade)",Kazakhstan,Aktau,RETAIL,Kg,kg,0.48
2018-01-01,0.49,"Wheat (flour, first grade)",Kazakhstan,Aktau,RETAIL,Kg,kg,0.49
2018-02-01,0.5,"Wheat (flour, first grade)",Kazakhstan,Aktau,RETAIL,Kg,kg,0.5
2018-03-01,0.5,"Wheat (flour, first grade)",Kazakhstan,Aktau,RETAIL,Kg,kg,0.5
2018-04-01,0.49,"Wheat (flour, first grade)",Kazakhstan,Aktau,RETAIL,Kg,kg,0.49
2018-05-01,0.49,"Wheat (flour, first grade)",Kazakhstan,Aktau,RETAIL,Kg,kg,0.49
2018-06-01,0.48,"Wheat (flour, first grade)",Kazakhstan,Aktau,RETAIL,Kg,kg,0.48
2018-07-01,0.48,"Wheat (flour, first grade)",Kazakhstan,Aktau,RETAIL,Kg,kg,0.48
2018-08-01,0.46,"Wheat (flour, first grade)",Kazakhstan,Aktau,RETAIL,Kg,kg,0.46
2018-09-01,0.44,"Wheat (flour, first grade)",Kazakhstan,Aktau,RETAIL,Kg,kg,0.44
2018-10-01,0.44,"Wheat (flour, first grade)",Kazakhstan,Aktau,RETAIL,Kg,kg,0.44
2018-11-01,0.46,"Wheat (flour, first grade)",Kazakhstan,Aktau,RETAIL,Kg,kg,0.46
2018-12-01,0.47,"Wheat (flour, first grade)",Kazakhstan,Aktau,RETAIL,Kg,kg,0.47
2019-01-01,0.46,"Wheat (flour, first grade)",Kazakhstan,Aktau,RETAIL,Kg,kg,0.46
2019-02-01,0.46,"Wheat (flour, first grade)",Kazakhstan,Aktau,RETAIL,Kg,kg,0.46
2019-03-01,0.49,"Wheat (flour, first grade)",Kazakhstan,Aktau,RETAIL,Kg,kg,0.49
2019-04-01,0.5,"Wheat (flour, first grade)",Kazakhstan,Aktau,RETAIL,Kg,kg,0.5
2019-05-01,0.51,"Wheat (flour, first grade)",Kazakhstan,Aktau,RETAIL,Kg,kg,0.51
2019-06-01,0.52,"Wheat (flour, first grade)",Kazakhstan,Aktau,RETAIL,Kg,kg,0.52
2019-07-01,0.51,"Wheat (flour, first grade)",Kazakhstan,Aktau,RETAIL,Kg,kg,0.51
2019-08-01,0.51,"Wheat (flour, first grade)",Kazakhstan,Aktau,RETAIL,Kg,kg,0.51
2019-09-01,0.51,"Wheat (flour, first grade)",Kazakhstan,Aktau,RETAIL,Kg,kg,0.51
2019-10-01,0.55,"Wheat (flour, first grade)",Kazakhstan,Aktau,RETAIL,Kg,kg,0.55
2019-11-01,0.59,"Wheat (flour, first grade)",Kazakhstan,Aktau,RETAIL,Kg,kg,0.59
2019-12-01,0.61,"Wheat (flour, first grade)",Kazakhstan,Aktau,RETAIL,Kg,kg,0.61
2020-01-01,0.63,"Wheat (flour, first grade)",Kazakhstan,Aktau,RETAIL,Kg,kg,0.63
2020-02-01,0.63,"Wheat (flour, first grade)",Kazakhstan,Aktau,RETAIL,Kg,kg,0.63
2020-03-01,0.58,"Wheat (flour, first grade)",Kazakhstan,Aktau,RETAIL,Kg,kg,0.58
2020-04-01,0.54,"Wheat (flour, first grade)",Kazakhstan,Aktau,RETAIL,Kg,kg,0.54
2020-05-01,0.56,"Wheat (flour, first grade)",Kazakhstan,Aktau,RETAIL,Kg,kg,0.56
2020-06-01,0.58,"Wheat (flour, first grade)",Kazakhstan,Aktau,RETAIL,Kg,kg,0.58
2020-07-01,0.57,"Wheat (flour, first grade)",Kazakhstan,Aktau,RETAIL,Kg,kg,0.57
2020-08-01,0.57,"Wheat (flour, first grade)",Kazakhstan,Aktau,RETAIL,Kg,kg,0.57
2020-09-01,0.56,"Wheat (flour, first grade)",Kazakhstan,Aktau,RETAIL,Kg,kg,0.56
2020-10-01,0.56,"Wheat (flour, first grade)",Kazakhstan,Aktau,RETAIL,Kg,kg,0.56
2020-11-01,0.56,"Wheat (flour, first grade)",Kazakhstan,Aktau,RETAIL,Kg,kg,0.56
2020-12-01,0.57,"Wheat (flour, first grade)",Kazakhstan,Aktau,RETAIL,Kg,kg,0.57
2021-01-01,0.59,"Wheat (flour, first grade)",Kazakhstan,Aktau,RETAIL,Kg,kg,0.59
2021-02-01,0.59,"Wheat (flour, first grade)",Kazakhstan,Aktau,RETAIL,Kg,kg,0.59
2021-03-01,0.59,"Wheat (flour, first grade)",Kazakhstan,Aktau,RETAIL,Kg,kg,0.59
2021-04-01,0.57,"Wheat (flour, first grade)",Kazakhstan,Aktau,RETAIL,Kg,kg,0.57
2021-05-01,0.58,"Wheat (flour, first grade)",Kazakhstan,Aktau,RETAIL,Kg,kg,0.58
2021-06-01,0.58,"Wheat (flour, first grade)",Kazakhstan,Aktau,RETAIL,Kg,kg,0.58
2021-07-01,0.6,"Wheat (flour, first grade)",Kazakhstan,Aktau,RETAIL,Kg,kg,0.6
2021-08-01,0.6,"Wheat (flour, first grade)",Kazakhstan,Aktau,RETAIL,Kg,kg,0.6
2021-09-01,0.6,"Wheat (flour, first grade)",Kazakhstan,Aktau,RETAIL,Kg,kg,0.6
2021-10-01,0.6,"Wheat (flour, first grade)",Kazakhstan,Aktau,RETAIL,Kg,kg,0.6
2021-11-01,0.6,"Wheat (flour, first grade)",Kazakhstan,Aktau,RETAIL,Kg,kg,0.6
2021-12-01,0.59,"Wheat (flour, first grade)",Kazakhstan,Aktau,RETAIL,Kg,kg,0.59
2022-01-01,0.59,"Wheat (flour, first grade)",Kazakhstan,Aktau,RETAIL,Kg,kg,0.59
2022-02-01,0.59,"Wheat (flour, first grade)",Kazakhstan,Aktau,RETAIL,Kg,kg,0.59
2022-03-01,0.52,"Wheat (flour, first grade)",Kazakhstan,Aktau,RETAIL,Kg,kg,0.52
2022-04-01,0.57,"Wheat (flour, first grade)",Kazakhstan,Aktau,RETAIL,Kg,kg,0.57
2022-05-01,0.62,"Wheat (flour, first grade)",Kazakhstan,Aktau,RETAIL,Kg,kg,0.62
2022-06-01,0.61,"Wheat (flour, first grade)",Kazakhstan,Aktau,RETAIL,Kg,kg,0.61
2022-07-01,0.58,"Wheat (flour, first grade)",Kazakhstan,Aktau,RETAIL,Kg,kg,0.58
2022-08-01,0.62,"Wheat (flour, first grade)",Kazakhstan,Aktau,RETAIL,Kg,kg,0.62
2022-09-01,0.69,"Wheat (flour, first grade)",Kazakhstan,Aktau,RETAIL,Kg,kg,0.69
2022-10-01,0.71,"Wheat (flour, first grade)",Kazakhstan,Aktau,RETAIL,Kg,kg,0.71
2022-11-01,0.74,"Wheat (flour, first grade)",Kazakhstan,Aktau,RETAIL,Kg,kg,0.74
2022-12-01,0.74,"Wheat (flour, first grade)",Kazakhstan,Aktau,RETAIL,Kg,kg,0.74
2023-01-01,0.72,"Wheat (flour, first grade)",Kazakhstan,Aktau,RETAIL,Kg,kg,0.72
2023-02-01,0.74,"Wheat (flour, first grade)",Kazakhstan,Aktau,RETAIL,Kg,kg,0.74
2023-03-01,0.74,"Wheat (flour, first grade)",Kazakhstan,Aktau,RETAIL,Kg,kg,0.74
2023-04-01,0.74,"Wheat (flour, first grade)",Kazakhstan,Aktau,RETAIL,Kg,kg,0.74
2023-05-01,0.75,"Wheat (flour, first grade)",Kazakhstan,Aktau,RETAIL,Kg,kg,0.75
2023-06-01,0.75,"Wheat (flour, first grade)",Kazakhstan,Aktau,RETAIL,Kg,kg,0.75
2023-07-01,0.75,"Wheat (flour, first grade)",Kazakhstan,Aktau,RETAIL,Kg,kg,0.75
2023-08-01,0.74,"Wheat (flour, first grade)",Kazakhstan,Aktau,RETAIL,Kg,kg,0.74
2023-09-01,0.72,"Wheat (flour, first grade)",Kazakhstan,Aktau,RETAIL,Kg,kg,0.72
2023-10-01,0.7,"Wheat (flour, first grade)",Kazakhstan,Aktau,RETAIL,Kg,kg,0.7
2023-11-01,0.75,"Wheat (flour, first grade)",Kazakhstan,Aktau,RETAIL,Kg,kg,0.75
2023-12-01,0.76,"Wheat (flour, first grade)",Kazakhstan,Aktau,RETAIL,Kg,kg,0.76
2024-01-01,0.77,"Wheat (flour, first grade)",Kazakhstan,Aktau,RETAIL,Kg,kg,0.77
2024-02-01,0.77,"Wheat (flour, first grade)",Kazakhstan,Aktau,RETAIL,Kg,kg,0.77
2024-03-01,0.77,"Wheat (flour, first grade)",Kazakhstan,Aktau,RETAIL,Kg,kg,0.77
2024-04-01,0.78,"Wheat (flour, first grade)",Kazakhstan,Aktau,RETAIL,Kg,kg,0.78
2024-05-01,0.79,"Wheat (flour, first grade)",Kazakhstan,Aktau,RETAIL,Kg,kg,0.79
2024-06-01,0.7,"Wheat (flour, first grade)",Kazakhstan,Aktau,RETAIL,Kg,kg,0.7
2024-07-01,0.66,"Wheat (flour, first grade)",Kazakhstan,Aktau,RETAIL,Kg,kg,0.66
2024-08-01,0.63,"Wheat (flour, first grade)",Kazakhstan,Aktau,RETAIL,Kg,kg,0.63
2024-09-01,0.63,"Wheat (flour, first grade)",Kazakhstan,Aktau,RETAIL,Kg,kg,0.63
2024-10-01,0.62,"Wheat (flour, first grade)",Kazakhstan,Aktau,RETAIL,Kg,kg,0.62
2024-11-01,0.61,"Wheat (flour, first grade)",Kazakhstan,Aktau,RETAIL,Kg,kg,0.61
2024-12-01,0.59,"Wheat (flour, first grade)",Kazakhstan,Aktau,RETAIL,Kg,kg,0.59
2025-01-01,0.59,"Wheat (flour, first grade)",Kazakhstan,Aktau,RETAIL,Kg,kg,0.59
2025-02-01,0.61,"Wheat (flour, first grade)",Kazakhstan,Aktau,RETAIL,Kg,kg,0.61
2025-03-01,0.62,"Wheat (flour, first grade)",Kazakhstan,Aktau,RETAIL,Kg,kg,0.62
2025-04-01,0.61,"Wheat (flour, first grade)",Kazakhstan,Aktau,RETAIL,Kg,kg,0.61
2025-05-01,0.61,"Wheat (flour, first grade)",Kazakhstan,Aktau,RETAIL,Kg,kg,0.61
2025-06-01,0.59,"Wheat (flour, first grade)",Kazakhstan,Aktau,RETAIL,Kg,kg,0.59
2025-07-01,0.58,"Wheat (flour, first grade)",Kazakhstan,Aktau,RETAIL,Kg,kg,0.58
2025-08-01,0.57,"Wheat (flour, first grade)",Kazakhstan,Aktau,RETAIL,Kg,kg,0.57
2025-09-01,0.57,"Wheat (flour, first grade)",Kazakhstan,Aktau,RETAIL,Kg,kg,0.57
2025-10-01,0.57,"Wheat (flour, first grade)",Kazakhstan,Aktau,RETAIL,Kg,kg,0.57
2005-11-01,0.4,"Wheat (flour, first grade)",Kazakhstan,Almaty,RETAIL,Kg,kg,0.4
2005-12-01,0.4,"Wheat (flour, first grade)",Kazakhstan,Almaty,RETAIL,Kg,kg,0.4
2006-01-01,0.41,"Wheat (flour, first grade)",Kazakhstan,Almaty,RETAIL,Kg,kg,0.41
2006-02-01,0.41,"Wheat (flour, first grade)",Kazakhstan,Almaty,RETAIL,Kg,kg,0.41
2006-03-01,0.42,"Wheat (flour, first grade)",Kazakhstan,Almaty,RETAIL,Kg,kg,0.42
2006-04-01,0.43,"Wheat (flour, first grade)",Kazakhstan,Almaty,RETAIL,Kg,kg,0.43
2006-05-01,0.44,"Wheat (flour, first grade)",Kazakhstan,Almaty,RETAIL,Kg,kg,0.44
2006-06-01,0.45,"Wheat (flour, first grade)",Kazakhstan,Almaty,RETAIL,Kg,kg,0.45
2006-07-01,0.46,"Wheat (flour, first grade)",Kazakhstan,Almaty,RETAIL,Kg,kg,0.46
2006-08-01,0.44,"Wheat (flour, first grade)",Kazakhstan,Almaty,RETAIL,Kg,kg,0.44
2006-09-01,0.43,"Wheat (flour, first grade)",Kazakhstan,Almaty,RETAIL,Kg,kg,0.43
2006-10-01,0.41,"Wheat (flour, first grade)",Kazakhstan,Almaty,RETAIL,Kg,kg,0.41
2006-11-01,0.41,"Wheat (flour, first grade)",Kazakhstan,Almaty,RETAIL,Kg,kg,0.41
2006-12-01,0.41,"Wheat (flour, first grade)",Kazakhstan,Almaty,RETAIL,Kg,kg,0.41
2007-01-01,0.41,"Wheat (flour, first grade)",Kazakhstan,Almaty,RETAIL,Kg,kg,0.41
2007-02-01,0.42,"Wheat (flour, first grade)",Kazakhstan,Almaty,RETAIL,Kg,kg,0.42
2007-03-01,0.44,"Wheat (flour, first grade)",Kazakhstan,Almaty,RETAIL,Kg,kg,0.44
2007-04-01,0.46,"Wheat (flour, first grade)",Kazakhstan,Almaty,RETAIL,Kg,kg,0.46
2007-05-01,0.47,"Wheat (flour, first grade)",Kazakhstan,Almaty,RETAIL,Kg,kg,0.47
2007-06-01,0.46,"Wheat (flour, first grade)",Kazakhstan,Almaty,RETAIL,Kg,kg,0.46
2007-07-01,0.46,"Wheat (flour, first grade)",Kazakhstan,Almaty,RETAIL,Kg,kg,0.46
2007-08-01,0.46,"Wheat (flour, first grade)",Kazakhstan,Almaty,RETAIL,Kg,kg,0.46
2007-09-01,0.6,"Wheat (flour, first grade)",Kazakhstan,Almaty,RETAIL,Kg,kg,0.6
2007-10-01,0.67,"Wheat (flour, first grade)",Kazakhstan,Almaty,RETAIL,Kg,kg,0.67
2007-11-01,0.83,"Wheat (flour, first grade)",Kazakhstan,Almaty,RETAIL,Kg,kg,0.83
2007-12-01,0.83,"Wheat (flour, first grade)",Kazakhstan,Almaty,RETAIL,Kg,kg,0.83
2008-01-01,0.83,"Wheat (flour, first grade)",Kazakhstan,Almaty,RETAIL,Kg,kg,0.83
2008-02-01,0.83,"Wheat (flour, first grade)",Kazakhstan,Almaty,RETAIL,Kg,kg,0.83
2008-03-01,0.85,"Wheat (flour, first grade)",Kazakhstan,Almaty,RETAIL,Kg,kg,0.85
2008-04-01,0.91,"Wheat (flour, first grade)",Kazakhstan,Almaty,RETAIL,Kg,kg,0.91
2008-05-01,0.91,"Wheat (flour, first grade)",Kazakhstan,Almaty,RETAIL,Kg,kg,0.91
2008-06-01,0.91,"Wheat (flour, first grade)",Kazakhstan,Almaty,RETAIL,Kg,kg,0.91
2008-07-01,0.94,"Wheat (flour, first grade)",Kazakhstan,Almaty,RETAIL,Kg,kg,0.94
2008-08-01,0.94,"Wheat (flour, first grade)",Kazakhstan,Almaty,RETAIL,Kg,kg,0.94
2008-09-01,0.94,"Wheat (flour, first grade)",Kazakhstan,Almaty,RETAIL,Kg,kg,0.94
2008-10-01,0.94,"Wheat (flour, first grade)",Kazakhstan,Almaty,RETAIL,Kg,kg,0.94
2008-11-01,0.94,"Wheat (flour, first grade)",Kazakhstan,Almaty,RETAIL,Kg,kg,0.94
2008-12-01,0.94,"Wheat (flour, first grade)",Kazakhstan,Almaty,RETAIL,Kg,kg,0.94
2009-01-01,0.92,"Wheat (flour, first grade)",Kazakhstan,Almaty,RETAIL,Kg,kg,0.92
2009-02-01,0.77,"Wheat (flour, first grade)",Kazakhstan,Almaty,RETAIL,Kg,kg,0.77
2009-03-01,0.73,"Wheat (flour, first grade)",Kazakhstan,Almaty,RETAIL,Kg,kg,0.73
2009-04-01,0.71,"Wheat (flour, first grade)",Kazakhstan,Almaty,RETAIL,Kg,kg,0.71
2009-05-01,0.71,"Wheat (flour, first grade)",Kazakhstan,Almaty,RETAIL,Kg,kg,0.71
2009-06-01,0.71,"Wheat (flour, first grade)",Kazakhstan,Almaty,RETAIL,Kg,kg,0.71
2009-07-01,0.7,"Wheat (flour, first grade)",Kazakhstan,Almaty,RETAIL,Kg,kg,0.7
2009-08-01,0.7,"Wheat (flour, first grade)",Kazakhstan,Almaty,RETAIL,Kg,kg,0.7
2009-09-01,0.69,"Wheat (flour, first grade)",Kazakhstan,Almaty,RETAIL,Kg,kg,0.69
2009-10-01,0.68,"Wheat (flour, first grade)",Kazakhstan,Almaty,RETAIL,Kg,kg,0.68
2009-11-01,0.69,"Wheat (flour, first grade)",Kazakhstan,Almaty,RETAIL,Kg,kg,0.69
2009-12-01,0.64,"Wheat (flour, first grade)",Kazakhstan,Almaty,RETAIL,Kg,kg,0.64
2010-01-01,0.63,"Wheat (flour, first grade)",Kazakhstan,Almaty,RETAIL,Kg,kg,0.63
2010-02-01,0.62,"Wheat (flour, first grade)",Kazakhstan,Almaty,RETAIL,Kg,kg,0.62
2010-03-01,0.6,"Wheat (flour, first grade)",Kazakhstan,Almaty,RETAIL,Kg,kg,0.6
2010-04-01,0.58,"Wheat (flour, first grade)",Kazakhstan,Almaty,RETAIL,Kg,kg,0.58
2010-05-01,0.58,"Wheat (flour, first grade)",Kazakhstan,Almaty,RETAIL,Kg,kg,0.58
2010-06-01,0.56,"Wheat (flour, first grade)",Kazakhstan,Almaty,RETAIL,Kg,kg,0.56
2010-07-01,0.54,"Wheat (flour, first grade)",Kazakhstan,Almaty,RETAIL,Kg,kg,0.54
2010-08-01,0.54,"Wheat (flour, first grade)",Kazakhstan,Almaty,RETAIL,Kg,kg,0.54
2010-09-01,0.54,"Wheat (flour, first grade)",Kazakhstan,Almaty,RETAIL,Kg,kg,0.54
2010-10-01,0.54,"Wheat (flour, first grade)",Kazakhstan,Almaty,RETAIL,Kg,kg,0.54
2010-11-01,0.56,"Wheat (flour, first grade)",Kazakhstan,Almaty,RETAIL,Kg,kg,0.56
2010-12-01,0.57,"Wheat (flour, first grade)",Kazakhstan,Almaty,RETAIL,Kg,kg,0.57
2011-01-01,0.57,"Wheat (flour, first grade)",Kazakhstan,Almaty,RETAIL,Kg,kg,0.57
2011-02-01,0.6,"Wheat (flour, first grade)",Kazakhstan,Almaty,RETAIL,Kg,kg,0.6
2011-03-01,0.66,"Wheat (flour, first grade)",Kazakhstan,Almaty,RETAIL,Kg,kg,0.66
2011-04-01,0.69,"Wheat (flour, first grade)",Kazakhstan,Almaty,RETAIL,Kg,kg,0.69
2011-05-01,0.69,"Wheat (flour, first grade)",Kazakhstan,Almaty,RETAIL,Kg,kg,0.69
2011-06-01,0.73,"Wheat (flour, first grade)",Kazakhstan,Almaty,RETAIL,Kg,kg,0.73
2011-07-01,0.72,"Wheat (flour, first grade)",Kazakhstan,Almaty,RETAIL,Kg,kg,0.72
2011-08-01,0.72,"Wheat (flour, first grade)",Kazakhstan,Almaty,RETAIL,Kg,kg,0.72
2011-09-01,0.71,"Wheat (flour, first grade)",Kazakhstan,Almaty,RETAIL,Kg,kg,0.71
2011-10-01,0.7,"Wheat (flour, first grade)",Kazakhstan,Almaty,RETAIL,Kg,kg,0.7
2011-11-01,0.7,"Wheat (flour, first grade)",Kazakhstan,Almaty,RETAIL,Kg,kg,0.7
2011-12-01,0.69,"Wheat (flour, first grade)",Kazakhstan,Almaty,RETAIL,Kg,kg,0.69
2012-01-01,0.67,"Wheat (flour, first grade)",Kazakhstan,Almaty,RETAIL,Kg,kg,0.67
2012-02-01,0.67,"Wheat (flour, first grade)",Kazakhstan,Almaty,RETAIL,Kg,kg,0.67
2012-03-01,0.68,"Wheat (flour, first grade)",Kazakhstan,Almaty,RETAIL,Kg,kg,0.68
2012-04-01,0.69,"Wheat (flour, first grade)",Kazakhstan,Almaty,RETAIL,Kg,kg,0.69
2012-05-01,0.66,"Wheat (flour, first grade)",Kazakhstan,Almaty,RETAIL,Kg,kg,0.66
2012-06-01,0.65,"Wheat (flour, first grade)",Kazakhstan,Almaty,RETAIL,Kg,kg,0.65
2012-07-01,0.63,"Wheat (flour, first grade)",Kazakhstan,Almaty,RETAIL,Kg,kg,0.63
2012-08-01,0.65,"Wheat (flour, first grade)",Kazakhstan,Almaty,RETAIL,Kg,kg,0.65
2012-09-01,0.66,"Wheat (flour, first grade)",Kazakhstan,Almaty,RETAIL,Kg,kg,0.66
2012-10-01,0.7,"Wheat (flour, first grade)",Kazakhstan,Almaty,RETAIL,Kg,kg,0.7
2012-11-01,0.7,"Wheat (flour, first grade)",Kazakhstan,Almaty,RETAIL,Kg,kg,0.7
2012-12-01,0.7,"Wheat (flour, first grade)",Kazakhstan,Almaty,RETAIL,Kg,kg,0.7
2013-01-01,0.72,"Wheat (flour, first grade)",Kazakhstan,Almaty,RETAIL,Kg,kg,0.72
2013-02-01,0.72,"Wheat (flour, first grade)",Kazakhstan,Almaty,RETAIL,Kg,kg,0.72
2013-03-01,0.72,"Wheat (flour, first grade)",Kazakhstan,Almaty,RETAIL,Kg,kg,0.72
2013-04-01,0.72,"Wheat (flour, first grade)",Kazakhstan,Almaty,RETAIL,Kg,kg,0.72
2013-05-01,0.72,"Wheat (flour, first grade)",Kazakhstan,Almaty,RETAIL,Kg,kg,0.72
2013-06-01,0.71,"Wheat (flour, first grade)",Kazakhstan,Almaty,RETAIL,Kg,kg,0.71
2013-07-01,0.7,"Wheat (flour, first grade)",Kazakhstan,Almaty,RETAIL,Kg,kg,0.7
2013-08-01,0.7,"Wheat (flour, first grade)",Kazakhstan,Almaty,RETAIL,Kg,kg,0.7
2013-09-01,0.7,"Wheat (flour, first grade)",Kazakhstan,Almaty,RETAIL,Kg,kg,0.7
2013-10-01,0.69,"Wheat (flour, first grade)",Kazakhstan,Almaty,RETAIL,Kg,kg,0.69
2013-11-01,0.71,"Wheat (flour, first grade)",Kazakhstan,Almaty,RETAIL,Kg,kg,0.71
2013-12-01,0.71,"Wheat (flour, first grade)",Kazakhstan,Almaty,RETAIL,Kg,kg,0.71
2014-01-01,0.7,"Wheat (flour, first grade)",Kazakhstan,Almaty,RETAIL,Kg,kg,0.7
2014-02-01,0.63,"Wheat (flour, first grade)",Kazakhstan,Almaty,RETAIL,Kg,kg,0.63
2014-03-01,0.6,"Wheat (flour, first grade)",Kazakhstan,Almaty,RETAIL,Kg,kg,0.6
2014-04-01,0.6,"Wheat (flour, first grade)",Kazakhstan,Almaty,RETAIL,Kg,kg,0.6
2014-05-01,0.6,"Wheat (flour, first grade)",Kazakhstan,Almaty,RETAIL,Kg,kg,0.6
2014-06-01,0.59,"Wheat (flour, first grade)",Kazakhstan,Almaty,RETAIL,Kg,kg,0.59
2014-07-01,0.62,"Wheat (flour, first grade)",Kazakhstan,Almaty,RETAIL,Kg,kg,0.62
2014-08-01,0.63,"Wheat (flour, first grade)",Kazakhstan,Almaty,RETAIL,Kg,kg,0.63
2014-09-01,0.66,"Wheat (flour, first grade)",Kazakhstan,Almaty,RETAIL,Kg,kg,0.66
2014-10-01,0.67,"Wheat (flour, first grade)",Kazakhstan,Almaty,RETAIL,Kg,kg,0.67
2014-11-01,0.69,"Wheat (flour, first grade)",Kazakhstan,Almaty,RETAIL,Kg,kg,0.69
2014-12-01,0.69,"Wheat (flour, first grade)",Kazakhstan,Almaty,RETAIL,Kg,kg,0.69
2015-01-01,0.7,"Wheat (flour, first grade)",Kazakhstan,Almaty,RETAIL,Kg,kg,0.7
2015-02-01,0.7,"Wheat (flour, first grade)",Kazakhstan,Almaty,RETAIL,Kg,kg,0.7
2015-03-01,0.7,"Wheat (flour, first grade)",Kazakhstan,Almaty,RETAIL,Kg,kg,0.7
2015-04-01,0.7,"Wheat (flour, first grade)",Kazakhstan,Almaty,RETAIL,Kg,kg,0.7
2015-05-01,0.7,"Wheat (flour, first grade)",Kazakhstan,Almaty,RETAIL,Kg,kg,0.7
2015-06-01,0.7,"Wheat (flour, first grade)",Kazakhstan,Almaty,RETAIL,Kg,kg,0.7
2015-07-01,0.7,"Wheat (flour, first grade)",Kazakhstan,Almaty,RETAIL,Kg,kg,0.7
2015-08-01,0.64,"Wheat (flour, first grade)",Kazakhstan,Almaty,RETAIL,Kg,kg,0.64
2015-09-01,0.5,"Wheat (flour, first grade)",Kazakhstan,Almaty,RETAIL,Kg,kg,0.5
2015-10-01,0.48,"Wheat (flour, first grade)",Kazakhstan,Almaty,RETAIL,Kg,kg,0.48
2015-11-01,0.46,"Wheat (flour, first grade)",Kazakhstan,Almaty,RETAIL,Kg,kg,0.46
2015-12-01,0.43,"Wheat (flour, first grade)",Kazakhstan,Almaty,RETAIL,Kg,kg,0.43
2016-01-01,0.38,"Wheat (flour, first grade)",Kazakhstan,Almaty,RETAIL,Kg,kg,0.38
2016-02-01,0.39,"Wheat (flour, first grade)",Kazakhstan,Almaty,RETAIL,Kg,kg,0.39
2016-03-01,0.4,"Wheat (flour, first grade)",Kazakhstan,Almaty,RETAIL,Kg,kg,0.4
2016-04-01,0.39,"Wheat (flour, first grade)",Kazakhstan,Almaty,RETAIL,Kg,kg,0.39
2016-05-01,0.4,"Wheat (flour, first grade)",Kazakhstan,Almaty,RETAIL,Kg,kg,0.4
2016-06-01,0.4,"Wheat (flour, first grade)",Kazakhstan,Almaty,RETAIL,Kg,kg,0.4
2016-07-01,0.4,"Wheat (flour, first grade)",Kazakhstan,Almaty,RETAIL,Kg,kg,0.4
2016-08-01,0.41,"Wheat (flour, first grade)",Kazakhstan,Almaty,RETAIL,Kg,kg,0.41
2016-09-01,0.43,"Wheat (flour, first grade)",Kazakhstan,Almaty,RETAIL,Kg,kg,0.43
2016-10-01,0.42,"Wheat (flour, first grade)",Kazakhstan,Almaty,RETAIL,Kg,kg,0.42
2016-11-01,0.41,"Wheat (flour, first grade)",Kazakhstan,Almaty,RETAIL,Kg,kg,0.41
2016-12-01,0.42,"Wheat (flour, first grade)",Kazakhstan,Almaty,RETAIL,Kg,kg,0.42
2017-01-01,0.44,"Wheat (flour, first grade)",Kazakhstan,Almaty,RETAIL,Kg,kg,0.44
2017-02-01,0.45,"Wheat (flour, first grade)",Kazakhstan,Almaty,RETAIL,Kg,kg,0.45
2017-03-01,0.47,"Wheat (flour, first grade)",Kazakhstan,Almaty,RETAIL,Kg,kg,0.47
2017-04-01,0.52,"Wheat (flour, first grade)",Kazakhstan,Almaty,RETAIL,Kg,kg,0.52
2017-05-01,0.51,"Wheat (flour, first grade)",Kazakhstan,Almaty,RETAIL,Kg,kg,0.51
2017-06-01,0.51,"Wheat (flour, first grade)",Kazakhstan,Almaty,RETAIL,Kg,kg,0.51
2017-07-01,0.49,"Wheat (flour, first grade)",Kazakhstan,Almaty,RETAIL,Kg,kg,0.49
2017-08-01,0.48,"Wheat (flour, first grade)",Kazakhstan,Almaty,RETAIL,Kg,kg,0.48
2017-09-01,0.47,"Wheat (flour, first grade)",Kazakhstan,Almaty,RETAIL,Kg,kg,0.47
2017-10-01,0.48,"Wheat (flour, first grade)",Kazakhstan,Almaty,RETAIL,Kg,kg,0.48
2017-11-01,0.49,"Wheat (flour, first grade)",Kazakhstan,Almaty,RETAIL,Kg,kg,0.49
2017-12-01,0.49,"Wheat (flour, first grade)",Kazakhstan,Almaty,RETAIL,Kg,kg,0.49
2018-01-01,0.5,"Wheat (flour, first grade)",Kazakhstan,Almaty,RETAIL,Kg,kg,0.5
2018-02-01,0.5,"Wheat (flour, first grade)",Kazakhstan,Almaty,RETAIL,Kg,kg,0.5
2018-03-01,0.51,"Wheat (flour, first grade)",Kazakhstan,Almaty,RETAIL,Kg,kg,0.51
2018-04-01,0.5,"Wheat (flour, first grade)",Kazakhstan,Almaty,RETAIL,Kg,kg,0.5
2018-05-01,0.49,"Wheat (flour, first grade)",Kazakhstan,Almaty,RETAIL,Kg,kg,0.49
2018-06-01,0.48,"Wheat (flour, first grade)",Kazakhstan,Almaty,RETAIL,Kg,kg,0.48
2018-07-01,0.47,"Wheat (flour, first grade)",Kazakhstan,Almaty,RETAIL,Kg,kg,0.47
2018-08-01,0.46,"Wheat (flour, first grade)",Kazakhstan,Almaty,RETAIL,Kg,kg,0.46
2018-09-01,0.45,"Wheat (flour, first grade)",Kazakhstan,Almaty,RETAIL,Kg,kg,0.45
2018-10-01,0.46,"Wheat (flour, first grade)",Kazakhstan,Almaty,RETAIL,Kg,kg,0.46
2018-11-01,0.46,"Wheat (flour, first grade)",Kazakhstan,Almaty,RETAIL,Kg,kg,0.46
2018-12-01,0.46,"Wheat (flour, first grade)",Kazakhstan,Almaty,RETAIL,Kg,kg,0.46
2019-01-01,0.45,"Wheat (flour, first grade)",Kazakhstan,Almaty,RETAIL,Kg,kg,0.45
2019-02-01,0.46,"Wheat (flour, first grade)",Kazakhstan,Almaty,RETAIL,Kg,kg,0.46
2019-03-01,0.47,"Wheat (flour, first grade)",Kazakhstan,Almaty,RETAIL,Kg,kg,0.47
2019-04-01,0.49,"Wheat (flour, first grade)",Kazakhstan,Almaty,RETAIL,Kg,kg,0.49
2019-05-01,0.5,"Wheat (flour, first grade)",Kazakhstan,Almaty,RETAIL,Kg,kg,0.5
2019-06-01,0.51,"Wheat (flour, first grade)",Kazakhstan,Almaty,RETAIL,Kg,kg,0.51
2019-07-01,0.51,"Wheat (flour, first grade)",Kazakhstan,Almaty,RETAIL,Kg,kg,0.51
2019-08-01,0.52,"Wheat (flour, first grade)",Kazakhstan,Almaty,RETAIL,Kg,kg,0.52
2019-09-01,0.52,"Wheat (flour, first grade)",Kazakhstan,Almaty,RETAIL,Kg,kg,0.52
2019-10-01,0.53,"Wheat (flour, first grade)",Kazakhstan,Almaty,RETAIL,Kg,kg,0.53
2019-11-01,0.56,"Wheat (flour, first grade)",Kazakhstan,Almaty,RETAIL,Kg,kg,0.56
2019-12-01,0.57,"Wheat (flour, first grade)",Kazakhstan,Almaty,RETAIL,Kg,kg,0.57
2020-01-01,0.58,"Wheat (flour, first grade)",Kazakhstan,Almaty,RETAIL,Kg,kg,0.58
2020-02-01,0.58,"Wheat (flour, first grade)",Kazakhstan,Almaty,RETAIL,Kg,kg,0.58
2020-03-01,0.54,"Wheat (flour, first grade)",Kazakhstan,Almaty,RETAIL,Kg,kg,0.54
2020-04-01,0.49,"Wheat (flour, first grade)",Kazakhstan,Almaty,RETAIL,Kg,kg,0.49
2020-05-01,0.51,"Wheat (flour, first grade)",Kazakhstan,Almaty,RETAIL,Kg,kg,0.51
2020-06-01,0.53,"Wheat (flour, first grade)",Kazakhstan,Almaty,RETAIL,Kg,kg,0.53
2020-07-01,0.53,"Wheat (flour, first grade)",Kazakhstan,Almaty,RETAIL,Kg,kg,0.53
2020-08-01,0.54,"Wheat (flour, first grade)",Kazakhstan,Almaty,RETAIL,Kg,kg,0.54
2020-09-01,0.53,"Wheat (flour, first grade)",Kazakhstan,Almaty,RETAIL,Kg,kg,0.53
2020-10-01,0.55,"Wheat (flour, first grade)",Kazakhstan,Almaty,RETAIL,Kg,kg,0.55
2020-11-01,0.56,"Wheat (flour, first grade)",Kazakhstan,Almaty,RETAIL,Kg,kg,0.56
2020-12-01,0.58,"Wheat (flour, first grade)",Kazakhstan,Almaty,RETAIL,Kg,kg,0.58
2021-01-01,0.55,"Wheat (flour, first grade)",Kazakhstan,Almaty,RETAIL,Kg,kg,0.55
2021-02-01,0.55,"Wheat (flour, first grade)",Kazakhstan,Almaty,RETAIL,Kg,kg,0.55
2021-03-01,0.54,"Wheat (flour, first grade)",Kazakhstan,Almaty,RETAIL,Kg,kg,0.54
2021-04-01,0.55,"Wheat (flour, first grade)",Kazakhstan,Almaty,RETAIL,Kg,kg,0.55
2021-05-01,0.55,"Wheat (flour, first grade)",Kazakhstan,Almaty,RETAIL,Kg,kg,0.55
2021-06-01,0.55,"Wheat (flour, first grade)",Kazakhstan,Almaty,RETAIL,Kg,kg,0.55
2021-07-01,0.55,"Wheat (flour, first grade)",Kazakhstan,Almaty,RETAIL,Kg,kg,0.55
2021-08-01,0.56,"Wheat (flour, first grade)",Kazakhstan,Almaty,RETAIL,Kg,kg,0.56
2021-09-01,0.55,"Wheat (flour, first grade)",Kazakhstan,Almaty,RETAIL,Kg,kg,0.55
2021-10-01,0.55,"Wheat (flour, first grade)",Kazakhstan,Almaty,RETAIL,Kg,kg,0.55
2021-11-01,0.55,"Wheat (flour, first grade)",Kazakhstan,Almaty,RETAIL,Kg,kg,0.55
2021-12-01,0.54,"Wheat (flour, first grade)",Kazakhstan,Almaty,RETAIL,Kg,kg,0.54
2022-01-01,0.54,"Wheat (flour, first grade)",Kazakhstan,Almaty,RETAIL,Kg,kg,0.54
2022-02-01,0.54,"Wheat (flour, first grade)",Kazakhstan,Almaty,RETAIL,Kg,kg,0.54
2022-03-01,0.47,"Wheat (flour, first grade)",Kazakhstan,Almaty,RETAIL,Kg,kg,0.47
2022-04-01,0.52,"Wheat (flour, first grade)",Kazakhstan,Almaty,RETAIL,Kg,kg,0.52
2022-05-01,0.6,"Wheat (flour, first grade)",Kazakhstan,Almaty,RETAIL,Kg,kg,0.6
2022-06-01,0.58,"Wheat (flour, first grade)",Kazakhstan,Almaty,RETAIL,Kg,kg,0.58
2022-07-01,0.54,"Wheat (flour, first grade)",Kazakhstan,Almaty,RETAIL,Kg,kg,0.54
2022-08-01,0.54,"Wheat (flour, first grade)",Kazakhstan,Almaty,RETAIL,Kg,kg,0.54
2022-09-01,0.54,"Wheat (flour, first grade)",Kazakhstan,Almaty,RETAIL,Kg,kg,0.54
2022-10-01,0.65,"Wheat (flour, first grade)",Kazakhstan,Almaty,RETAIL,Kg,kg,0.65
2022-11-01,0.66,"Wheat (flour, first grade)",Kazakhstan,Almaty,RETAIL,Kg,kg,0.66
2022-12-01,0.65,"Wheat (flour, first grade)",Kazakhstan,Almaty,RETAIL,Kg,kg,0.65
2023-01-01,0.66,"Wheat (flour, first grade)",Kazakhstan,Almaty,RETAIL,Kg,kg,0.66
2023-02-01,0.68,"Wheat (flour, first grade)",Kazakhstan,Almaty,RETAIL,Kg,kg,0.68
2023-03-01,0.68,"Wheat (flour, first grade)",Kazakhstan,Almaty,RETAIL,Kg,kg,0.68
2023-04-01,0.68,"Wheat (flour, first grade)",Kazakhstan,Almaty,RETAIL,Kg,kg,0.68
2023-05-01,0.69,"Wheat (flour, first grade)",Kazakhstan,Almaty,RETAIL,Kg,kg,0.69
2023-06-01,0.68,"Wheat (flour, first grade)",Kazakhstan,Almaty,RETAIL,Kg,kg,0.68
2023-07-01,0.69,"Wheat (flour, first grade)",Kazakhstan,Almaty,RETAIL,Kg,kg,0.69
2023-08-01,0.68,"Wheat (flour, first grade)",Kazakhstan,Almaty,RETAIL,Kg,kg,0.68
2023-09-01,0.61,"Wheat (flour, first grade)",Kazakhstan,Almaty,RETAIL,Kg,kg,0.61
2023-10-01,0.65,"Wheat (flour, first grade)",Kazakhstan,Almaty,RETAIL,Kg,kg,0.65
2023-11-01,0.68,"Wheat (flour, first grade)",Kazakhstan,Almaty,RETAIL,Kg,kg,0.68
2023-12-01,0.69,"Wheat (flour, first grade)",Kazakhstan,Almaty,RETAIL,Kg,kg,0.69
2024-01-01,0.7,"Wheat (flour, first grade)",Kazakhstan,Almaty,RETAIL,Kg,kg,0.7
2024-02-01,0.7,"Wheat (flour, first grade)",Kazakhstan,Almaty,RETAIL,Kg,kg,0.7
2024-03-01,0.7,"Wheat (flour, first grade)",Kazakhstan,Almaty,RETAIL,Kg,kg,0.7
2024-04-01,,"Wheat (flour, first grade)",Kazakhstan,Almaty,RETAIL,Kg,kg,
2024-05-01,0.71,"Wheat (flour, first grade)",Kazakhstan,Almaty,RETAIL,Kg,kg,0.71
2024-06-01,0.69,"Wheat (flour, first grade)",Kazakhstan,Almaty,RETAIL,Kg,kg,0.69
2024-07-01,0.62,"Wheat (flour, first grade)",Kazakhstan,Almaty,RETAIL,Kg,kg,0.62
2024-08-01,0.61,"Wheat (flour, first grade)",Kazakhstan,Almaty,RETAIL,Kg,kg,0.61
2024-09-01,0.61,"Wheat (flour, first grade)",Kazakhstan,Almaty,RETAIL,Kg,kg,0.61
2024-10-01,0.59,"Wheat (flour, first grade)",Kazakhstan,Almaty,RETAIL,Kg,kg,0.59
2024-11-01,0.57,"Wheat (flour, first grade)",Kazakhstan,Almaty,RETAIL,Kg,kg,0.57
2024-12-01,0.55,"Wheat (flour, first grade)",Kazakhstan,Almaty,RETAIL,Kg,kg,0.55
2025-01-01,0.54,"Wheat (flour, first grade)",Kazakhstan,Almaty,RETAIL,Kg,kg,0.54
2025-02-01,0.56,"Wheat (flour, first grade)",Kazakhstan,Almaty,RETAIL,Kg,kg,0.56
2025-03-01,0.58,"Wheat (flour, first grade)",Kazakhstan,Almaty,RETAIL,Kg,kg,0.58
2005-11-01,0.45,"Wheat (flour, first grade)",Kazakhstan,Astana,RETAIL,Kg,kg,0.45
2005-12-01,0.46,"Wheat (flour, first grade)",Kazakhstan,Astana,RETAIL,Kg,kg,0.46
2006-01-01,0.44,"Wheat (flour, first grade)",Kazakhstan,Astana,RETAIL,Kg,kg,0.44
2006-02-01,0.44,"Wheat (flour, first grade)",Kazakhstan,Astana,RETAIL,Kg,kg,0.44
2006-03-01,0.45,"Wheat (flour, first grade)",Kazakhstan,Astana,RETAIL,Kg,kg,0.45
2006-04-01,0.46,"Wheat (flour, first grade)",Kazakhstan,Astana,RETAIL,Kg,kg,0.46
2006-05-01,0.47,"Wheat (flour, first grade)",Kazakhstan,Astana,RETAIL,Kg,kg,0.47
2006-06-01,0.48,"Wheat (flour, first grade)",Kazakhstan,Astana,RETAIL,Kg,kg,0.48
2006-07-01,0.49,"Wheat (flour, first grade)",Kazakhstan,Astana,RETAIL,Kg,kg,0.49
2006-08-01,0.47,"Wheat (flour, first grade)",Kazakhstan,Astana,RETAIL,Kg,kg,0.47
2006-09-01,0.46,"Wheat (flour, first grade)",Kazakhstan,Astana,RETAIL,Kg,kg,0.46
2006-10-01,0.45,"Wheat (flour, first grade)",Kazakhstan,Astana,RETAIL,Kg,kg,0.45
2006-11-01,0.45,"Wheat (flour, first grade)",Kazakhstan,Astana,RETAIL,Kg,kg,0.45
2006-12-01,0.45,"Wheat (flour, first grade)",Kazakhstan,Astana,RETAIL,Kg,kg,0.45
2007-01-01,0.46,"Wheat (flour, first grade)",Kazakhstan,Astana,RETAIL,Kg,kg,0.46
2007-02-01,0.46,"Wheat (flour, first grade)",Kazakhstan,Astana,RETAIL,Kg,kg,0.46
2007-03-01,0.48,"Wheat (flour, first grade)",Kazakhstan,Astana,RETAIL,Kg,kg,0.48
2007-04-01,0.5,"Wheat (flour, first grade)",Kazakhstan,Astana,RETAIL,Kg,kg,0.5
2007-05-01,0.51,"Wheat (flour, first grade)",Kazakhstan,Astana,RETAIL,Kg,kg,0.51
2007-06-01,0.5,"Wheat (flour, first grade)",Kazakhstan,Astana,RETAIL,Kg,kg,0.5
2007-07-01,0.5,"Wheat (flour, first grade)",Kazakhstan,Astana,RETAIL,Kg,kg,0.5
2007-08-01,0.49,"Wheat (flour, first grade)",Kazakhstan,Astana,RETAIL,Kg,kg,0.49
2007-09-01,0.6,"Wheat (flour, first grade)",Kazakhstan,Astana,RETAIL,Kg,kg,0.6
2007-10-01,0.69,"Wheat (flour, first grade)",Kazakhstan,Astana,RETAIL,Kg,kg,0.69
2007-11-01,0.75,"Wheat (flour, first grade)",Kazakhstan,Astana,RETAIL,Kg,kg,0.75
2007-12-01,0.77,"Wheat (flour, first grade)",Kazakhstan,Astana,RETAIL,Kg,kg,0.77
2008-01-01,0.77,"Wheat (flour, first grade)",Kazakhstan,Astana,RETAIL,Kg,kg,0.77
2008-02-01,0.8,"Wheat (flour, first grade)",Kazakhstan,Astana,RETAIL,Kg,kg,0.8
2008-03-01,0.91,"Wheat (flour, first grade)",Kazakhstan,Astana,RETAIL,Kg,kg,0.91
2008-04-01,0.91,"Wheat (flour, first grade)",Kazakhstan,Astana,RETAIL,Kg,kg,0.91
2008-05-01,0.98,"Wheat (flour, first grade)",Kazakhstan,Astana,RETAIL,Kg,kg,0.98
2008-06-01,0.98,"Wheat (flour, first grade)",Kazakhstan,Astana,RETAIL,Kg,kg,0.98
2008-07-01,0.98,"Wheat (flour, first grade)",Kazakhstan,Astana,RETAIL,Kg,kg,0.98
2008-08-01,0.98,"Wheat (flour, first grade)",Kazakhstan,Astana,RETAIL,Kg,kg,0.98
2008-09-01,0.99,"Wheat (flour, first grade)",Kazakhstan,Astana,RETAIL,Kg,kg,0.99
2008-10-01,0.98,"Wheat (flour, first grade)",Kazakhstan,Astana,RETAIL,Kg,kg,0.98
2008-11-01,0.97,"Wheat (flour, first grade)",Kazakhstan,Astana,RETAIL,Kg,kg,0.97
2008-12-01,1.02,"Wheat (flour, first grade)",Kazakhstan,Astana,RETAIL,Kg,kg,1.02
2009-01-01,1.01,"Wheat (flour, first grade)",Kazakhstan,Astana,RETAIL,Kg,kg,1.01
2009-02-01,0.85,"Wheat (flour, first grade)",Kazakhstan,Astana,RETAIL,Kg,kg,0.85
2009-03-01,0.82,"Wheat (flour, first grade)",Kazakhstan,Astana,RETAIL,Kg,kg,0.82
2009-04-01,0.82,"Wheat (flour, first grade)",Kazakhstan,Astana,RETAIL,Kg,kg,0.82
2009-05-01,0.82,"Wheat (flour, first grade)",Kazakhstan,Astana,RETAIL,Kg,kg,0.82
2009-06-01,0.82,"Wheat (flour, first grade)",Kazakhstan,Astana,RETAIL,Kg,kg,0.82
2009-07-01,0.82,"Wheat (flour, first grade)",Kazakhstan,Astana,RETAIL,Kg,kg,0.82
2009-08-01,0.82,"Wheat (flour, first grade)",Kazakhstan,Astana,RETAIL,Kg,kg,0.82
2009-09-01,0.83,"Wheat (flour, first grade)",Kazakhstan,Astana,RETAIL,Kg,kg,0.83
2009-10-01,0.83,"Wheat (flour, first grade)",Kazakhstan,Astana,RETAIL,Kg,kg,0.83
2009-11-01,0.83,"Wheat (flour, first grade)",Kazakhstan,Astana,RETAIL,Kg,kg,0.83
2009-12-01,0.72,"Wheat (flour, first grade)",Kazakhstan,Astana,RETAIL,Kg,kg,0.72
2010-01-01,0.72,"Wheat (flour, first grade)",Kazakhstan,Astana,RETAIL,Kg,kg,0.72
2010-02-01,0.72,"Wheat (flour, first grade)",Kazakhstan,Astana,RETAIL,Kg,kg,0.72
2010-03-01,0.64,"Wheat (flour, first grade)",Kazakhstan,Astana,RETAIL,Kg,kg,0.64
2010-04-01,0.64,"Wheat (flour, first grade)",Kazakhstan,Astana,RETAIL,Kg,kg,0.64
2010-05-01,0.64,"Wheat (flour, first grade)",Kazakhstan,Astana,RETAIL,Kg,kg,0.64
2010-06-01,0.64,"Wheat (flour, first grade)",Kazakhstan,Astana,RETAIL,Kg,kg,0.64
2010-07-01,0.64,"Wheat (flour, first grade)",Kazakhstan,Astana,RETAIL,Kg,kg,0.64
2010-08-01,0.66,"Wheat (flour, first grade)",Kazakhstan,Astana,RETAIL,Kg,kg,0.66
2010-09-01,0.66,"Wheat (flour, first grade)",Kazakhstan,Astana,RETAIL,Kg,kg,0.66
2010-10-01,0.66,"Wheat (flour, first grade)",Kazakhstan,Astana,RETAIL,Kg,kg,0.66
2010-11-01,0.61,"Wheat (flour, first grade)",Kazakhstan,Astana,RETAIL,Kg,kg,0.61
2010-12-01,0.64,"Wheat (flour, first grade)",Kazakhstan,Astana,RETAIL,Kg,kg,0.64
2011-01-01,0.64,"Wheat (flour, first grade)",Kazakhstan,Astana,RETAIL,Kg,kg,0.64
2011-02-01,0.64,"Wheat (flour, first grade)",Kazakhstan,Astana,RETAIL,Kg,kg,0.64
2011-03-01,0.64,"Wheat (flour, first grade)",Kazakhstan,Astana,RETAIL,Kg,kg,0.64
2011-04-01,0.65,"Wheat (flour, first grade)",Kazakhstan,Astana,RETAIL,Kg,kg,0.65
2011-05-01,0.65,"Wheat (flour, first grade)",Kazakhstan,Astana,RETAIL,Kg,kg,0.65
2011-06-01,0.64,"Wheat (flour, first grade)",Kazakhstan,Astana,RETAIL,Kg,kg,0.64
2011-07-01,0.64,"Wheat (flour, first grade)",Kazakhstan,Astana,RETAIL,Kg,kg,0.64
2011-08-01,0.64,"Wheat (flour, first grade)",Kazakhstan,Astana,RETAIL,Kg,kg,0.64
2011-09-01,0.64,"Wheat (flour, first grade)",Kazakhstan,Astana,RETAIL,Kg,kg,0.64
2011-10-01,0.64,"Wheat (flour, first grade)",Kazakhstan,Astana,RETAIL,Kg,kg,0.64
2011-11-01,0.64,"Wheat (flour, first grade)",Kazakhstan,Astana,RETAIL,Kg,kg,0.64
2011-12-01,0.64,"Wheat (flour, first grade)",Kazakhstan,Astana,RETAIL,Kg,kg,0.64
2012-01-01,0.59,"Wheat (flour, first grade)",Kazakhstan,Astana,RETAIL,Kg,kg,0.59
2012-02-01,0.6,"Wheat (flour, first grade)",Kazakhstan,Astana,RETAIL,Kg,kg,0.6
2012-03-01,0.6,"Wheat (flour, first grade)",Kazakhstan,Astana,RETAIL,Kg,kg,0.6
2012-04-01,0.6,"Wheat (flour, first grade)",Kazakhstan,Astana,RETAIL,Kg,kg,0.6
2012-05-01,0.6,"Wheat (flour, first grade)",Kazakhstan,Astana,RETAIL,Kg,kg,0.6
2012-06-01,0.57,"Wheat (flour, first grade)",Kazakhstan,Astana,RETAIL,Kg,kg,0.57
2012-07-01,0.56,"Wheat (flour, first grade)",Kazakhstan,Astana,RETAIL,Kg,kg,0.56
2012-08-01,0.6,"Wheat (flour, first grade)",Kazakhstan,Astana,RETAIL,Kg,kg,0.6
2012-09-01,0.69,"Wheat (flour, first grade)",Kazakhstan,Astana,RETAIL,Kg,kg,0.69
2012-10-01,0.64,"Wheat (flour, first grade)",Kazakhstan,Astana,RETAIL,Kg,kg,0.64
2012-11-01,0.63,"Wheat (flour, first grade)",Kazakhstan,Astana,RETAIL,Kg,kg,0.63
2012-12-01,0.63,"Wheat (flour, first grade)",Kazakhstan,Astana,RETAIL,Kg,kg,0.63
2013-01-01,0.61,"Wheat (flour, first grade)",Kazakhstan,Astana,RETAIL,Kg,kg,0.61
2013-02-01,0.61,"Wheat (flour, first grade)",Kazakhstan,Astana,RETAIL,Kg,kg,0.61
2013-03-01,0.62,"Wheat (flour, first grade)",Kazakhstan,Astana,RETAIL,Kg,kg,0.62
2013-04-01,0.62,"Wheat (flour, first grade)",Kazakhstan,Astana,RETAIL,Kg,kg,0.62
2013-05-01,0.63,"Wheat (flour, first grade)",Kazakhstan,Astana,RETAIL,Kg,kg,0.63
2013-06-01,0.67,"Wheat (flour, first grade)",Kazakhstan,Astana,RETAIL,Kg,kg,0.67
2013-07-01,0.67,"Wheat (flour, first grade)",Kazakhstan,Astana,RETAIL,Kg,kg,0.67
2013-08-01,0.66,"Wheat (flour, first grade)",Kazakhstan,Astana,RETAIL,Kg,kg,0.66
2013-09-01,0.67,"Wheat (flour, first grade)",Kazakhstan,Astana,RETAIL,Kg,kg,0.67
2013-10-01,0.66,"Wheat (flour, first grade)",Kazakhstan,Astana,RETAIL,Kg,kg,0.66
2013-11-01,0.66,"Wheat (flour, first grade)",Kazakhstan,Astana,RETAIL,Kg,kg,0.66
2013-12-01,0.66,"Wheat (flour, first grade)",Kazakhstan,Astana,RETAIL,Kg,kg,0.66
2014-01-01,0.65,"Wheat (flour, first grade)",Kazakhstan,Astana,RETAIL,Kg,kg,0.65
2014-02-01,0.58,"Wheat (flour, first grade)",Kazakhstan,Astana,RETAIL,Kg,kg,0.58
2014-03-01,0.55,"Wheat (flour, first grade)",Kazakhstan,Astana,RETAIL,Kg,kg,0.55
2014-04-01,0.57,"Wheat (flour, first grade)",Kazakhstan,Astana,RETAIL,Kg,kg,0.57
2014-05-01,0.57,"Wheat (flour, first grade)",Kazakhstan,Astana,RETAIL,Kg,kg,0.57
2014-06-01,0.64,"Wheat (flour, first grade)",Kazakhstan,Astana,RETAIL,Kg,kg,0.64
2014-07-01,0.73,"Wheat (flour, first grade)",Kazakhstan,Astana,RETAIL,Kg,kg,0.73
2014-08-01,0.76,"Wheat (flour, first grade)",Kazakhstan,Astana,RETAIL,Kg,kg,0.76
2014-09-01,0.76,"Wheat (flour, first grade)",Kazakhstan,Astana,RETAIL,Kg,kg,0.76
2014-10-01,0.77,"Wheat (flour, first grade)",Kazakhstan,Astana,RETAIL,Kg,kg,0.77
2014-11-01,0.77,"Wheat (flour, first grade)",Kazakhstan,Astana,RETAIL,Kg,kg,0.77
2014-12-01,0.77,"Wheat (flour, first grade)",Kazakhstan,Astana,RETAIL,Kg,kg,0.77
2015-01-01,0.76,"Wheat (flour, first grade)",Kazakhstan,Astana,RETAIL,Kg,kg,0.76
2015-02-01,0.76,"Wheat (flour, first grade)",Kazakhstan,Astana,RETAIL,Kg,kg,0.76
2015-03-01,0.76,"Wheat (flour, first grade)",Kazakhstan,Astana,RETAIL,Kg,kg,0.76
2015-04-01,0.75,"Wheat (flour, first grade)",Kazakhstan,Astana,RETAIL,Kg,kg,0.75
2015-05-01,0.75,"Wheat (flour, first grade)",Kazakhstan,Astana,RETAIL,Kg,kg,0.75
2015-06-01,0.75,"Wheat (flour, first grade)",Kazakhstan,Astana,RETAIL,Kg,kg,0.75
2015-07-01,0.75,"Wheat (flour, first grade)",Kazakhstan,Astana,RETAIL,Kg,kg,0.75
2015-08-01,0.69,"Wheat (flour, first grade)",Kazakhstan,Astana,RETAIL,Kg,kg,0.69
2015-09-01,0.53,"Wheat (flour, first grade)",Kazakhstan,Astana,RETAIL,Kg,kg,0.53
2015-10-01,0.49,"Wheat (flour, first grade)",Kazakhstan,Astana,RETAIL,Kg,kg,0.49
2015-11-01,0.45,"Wheat (flour, first grade)",Kazakhstan,Astana,RETAIL,Kg,kg,0.45
2015-12-01,0.42,"Wheat (flour, first grade)",Kazakhstan,Astana,RETAIL,Kg,kg,0.42
2016-01-01,0.37,"Wheat (flour, first grade)",Kazakhstan,Astana,RETAIL,Kg,kg,0.37
2016-02-01,0.38,"Wheat (flour, first grade)",Kazakhstan,Astana,RETAIL,Kg,kg,0.38
2016-03-01,0.39,"Wheat (flour, first grade)",Kazakhstan,Astana,RETAIL,Kg,kg,0.39
2016-04-01,0.41,"Wheat (flour, first grade)",Kazakhstan,Astana,RETAIL,Kg,kg,0.41
2016-05-01,0.41,"Wheat (flour, first grade)",Kazakhstan,Astana,RETAIL,Kg,kg,0.41
2016-06-01,0.41,"Wheat (flour, first grade)",Kazakhstan,Astana,RETAIL,Kg,kg,0.41
2016-07-01,0.42,"Wheat (flour, first grade)",Kazakhstan,Astana,RETAIL,Kg,kg,0.42
2016-08-01,0.43,"Wheat (flour, first grade)",Kazakhstan,Astana,RETAIL,Kg,kg,0.43
2016-09-01,0.43,"Wheat (flour, first grade)",Kazakhstan,Astana,RETAIL,Kg,kg,0.43
2016-10-01,0.44,"Wheat (flour, first grade)",Kazakhstan,Astana,RETAIL,Kg,kg,0.44
2016-11-01,0.42,"Wheat (flour, first grade)",Kazakhstan,Astana,RETAIL,Kg,kg,0.42
2016-12-01,0.43,"Wheat (flour, first grade)",Kazakhstan,Astana,RETAIL,Kg,kg,0.43
2017-01-01,0.43,"Wheat (flour, first grade)",Kazakhstan,Astana,RETAIL,Kg,kg,0.43
2017-02-01,0.44,"Wheat (flour, first grade)",Kazakhstan,Astana,RETAIL,Kg,kg,0.44
2017-03-01,0.45,"Wheat (flour, first grade)",Kazakhstan,Astana,RETAIL,Kg,kg,0.45
2017-04-01,0.45,"Wheat (flour, first grade)",Kazakhstan,Astana,RETAIL,Kg,kg,0.45
2017-05-01,0.47,"Wheat (flour, first grade)",Kazakhstan,Astana,RETAIL,Kg,kg,0.47
2017-06-01,0.46,"Wheat (flour, first grade)",Kazakhstan,Astana,RETAIL,Kg,kg,0.46
2017-07-01,0.48,"Wheat (flour, first grade)",Kazakhstan,Astana,RETAIL,Kg,kg,0.48
2017-08-01,0.47,"Wheat (flour, first grade)",Kazakhstan,Astana,RETAIL,Kg,kg,0.47
2017-09-01,0.46,"Wheat (flour, first grade)",Kazakhstan,Astana,RETAIL,Kg,kg,0.46
2017-10-01,0.46,"Wheat (flour, first grade)",Kazakhstan,Astana,RETAIL,Kg,kg,0.46
2017-11-01,0.47,"Wheat (flour, first grade)",Kazakhstan,Astana,RETAIL,Kg,kg,0.47
2017-12-01,0.47,"Wheat (flour, first grade)",Kazakhstan,Astana,RETAIL,Kg,kg,0.47
2018-01-01,0.49,"Wheat (flour, first grade)",Kazakhstan,Astana,RETAIL,Kg,kg,0.49
2018-02-01,0.49,"Wheat (flour, first grade)",Kazakhstan,Astana,RETAIL,Kg,kg,0.49
2018-03-01,0.5,"Wheat (flour, first grade)",Kazakhstan,Astana,RETAIL,Kg,kg,0.5
2018-04-01,0.49,"Wheat (flour, first grade)",Kazakhstan,Astana,RETAIL,Kg,kg,0.49
2018-05-01,0.48,"Wheat (flour, first grade)",Kazakhstan,Astana,RETAIL,Kg,kg,0.48
2018-06-01,0.47,"Wheat (flour, first grade)",Kazakhstan,Astana,RETAIL,Kg,kg,0.47
2018-07-01,0.46,"Wheat (flour, first grade)",Kazakhstan,Astana,RETAIL,Kg,kg,0.46
2018-08-01,0.45,"Wheat (flour, first grade)",Kazakhstan,Astana,RETAIL,Kg,kg,0.45
2018-09-01,0.44,"Wheat (flour, first grade)",Kazakhstan,Astana,RETAIL,Kg,kg,0.44
2018-10-01,0.44,"Wheat (flour, first grade)",Kazakhstan,Astana,RETAIL,Kg,kg,0.44
2018-11-01,0.44,"Wheat (flour, first grade)",Kazakhstan,Astana,RETAIL,Kg,kg,0.44
2018-12-01,0.44,"Wheat (flour, first grade)",Kazakhstan,Astana,RETAIL,Kg,kg,0.44
2019-01-01,0.45,"Wheat (flour, first grade)",Kazakhstan,Astana,RETAIL,Kg,kg,0.45
2019-02-01,0.47,"Wheat (flour, first grade)",Kazakhstan,Astana,RETAIL,Kg,kg,0.47
2019-03-01,0.49,"Wheat (flour, first grade)",Kazakhstan,Astana,RETAIL,Kg,kg,0.49
2019-04-01,0.51,"Wheat (flour, first grade)",Kazakhstan,Astana,RETAIL,Kg,kg,0.51
2019-05-01,0.54,"Wheat (flour, first grade)",Kazakhstan,Astana,RETAIL,Kg,kg,0.54
2019-06-01,0.54,"Wheat (flour, first grade)",Kazakhstan,Astana,RETAIL,Kg,kg,0.54
2019-07-01,0.52,"Wheat (flour, first grade)",Kazakhstan,Astana,RETAIL,Kg,kg,0.52
2019-08-01,0.52,"Wheat (flour, first grade)",Kazakhstan,Astana,RETAIL,Kg,kg,0.52
2019-09-01,0.52,"Wheat (flour, first grade)",Kazakhstan,Astana,RETAIL,Kg,kg,0.52
2019-10-01,0.53,"Wheat (flour, first grade)",Kazakhstan,Astana,RETAIL,Kg,kg,0.53
2019-11-01,0.58,"Wheat (flour, first grade)",Kazakhstan,Astana,RETAIL,Kg,kg,0.58
2019-12-01,0.6,"Wheat (flour, first grade)",Kazakhstan,Astana,RETAIL,Kg,kg,0.6
2020-01-01,0.61,"Wheat (flour, first grade)",Kazakhstan,Astana,RETAIL,Kg,kg,0.61
2020-02-01,0.63,"Wheat (flour, first grade)",Kazakhstan,Astana,RETAIL,Kg,kg,0.63
2020-03-01,0.57,"Wheat (flour, first grade)",Kazakhstan,Astana,RETAIL,Kg,kg,0.57
2020-04-01,0.55,"Wheat (flour, first grade)",Kazakhstan,Astana,RETAIL,Kg,kg,0.55
2020-05-01,0.56,"Wheat (flour, first grade)",Kazakhstan,Astana,RETAIL,Kg,kg,0.56
2020-06-01,0.58,"Wheat (flour, first grade)",Kazakhstan,Astana,RETAIL,Kg,kg,0.58
2020-07-01,0.61,"Wheat (flour, first grade)",Kazakhstan,Astana,RETAIL,Kg,kg,0.61
2020-08-01,0.61,"Wheat (flour, first grade)",Kazakhstan,Astana,RETAIL,Kg,kg,0.61
2020-09-01,0.6,"Wheat (flour, first grade)",Kazakhstan,Astana,RETAIL,Kg,kg,0.6
2020-10-01,0.6,"Wheat (flour, first grade)",Kazakhstan,Astana,RETAIL,Kg,kg,0.6
2020-11-01,0.6,"Wheat (flour, first grade)",Kazakhstan,Astana,RETAIL,Kg,kg,0.6
2020-12-01,0.62,"Wheat (flour, first grade)",Kazakhstan,Astana,RETAIL,Kg,kg,0.62
2021-01-01,0.51,"Wheat (flour, first grade)",Kazakhstan,Astana,RETAIL,Kg,kg,0.51
2021-02-01,0.54,"Wheat (flour, first grade)",Kazakhstan,Astana,RETAIL,Kg,kg,0.54
2021-03-01,0.54,"Wheat (flour, first grade)",Kazakhstan,Astana,RETAIL,Kg,kg,0.54
2021-04-01,0.53,"Wheat (flour, first grade)",Kazakhstan,Astana,RETAIL,Kg,kg,0.53
2021-05-01,0.54,"Wheat (flour, first grade)",Kazakhstan,Astana,RETAIL,Kg,kg,0.54
2021-06-01,0.54,"Wheat (flour, first grade)",Kazakhstan,Astana,RETAIL,Kg,kg,0.54
2021-07-01,0.54,"Wheat (flour, first grade)",Kazakhstan,Astana,RETAIL,Kg,kg,0.54
2021-08-01,0.56,"Wheat (flour, first grade)",Kazakhstan,Astana,RETAIL,Kg,kg,0.56
2021-09-01,0.56,"Wheat (flour, first grade)",Kazakhstan,Astana,RETAIL,Kg,kg,0.56
2021-10-01,0.59,"Wheat (flour, first grade)",Kazakhstan,Astana,RETAIL,Kg,kg,0.59
2021-11-01,0.57,"Wheat (flour, first grade)",Kazakhstan,Astana,RETAIL,Kg,kg,0.57
2021-12-01,0.58,"Wheat (flour, first grade)",Kazakhstan,Astana,RETAIL,Kg,kg,0.58
2022-01-01,0.57,"Wheat (flour, first grade)",Kazakhstan,Astana,RETAIL,Kg,kg,0.57
2022-02-01,0.57,"Wheat (flour, first grade)",Kazakhstan,Astana,RETAIL,Kg,kg,0.57
2022-03-01,0.5,"Wheat (flour, first grade)",Kazakhstan,Astana,RETAIL,Kg,kg,0.5
2022-04-01,0.58,"Wheat (flour, first grade)",Kazakhstan,Astana,RETAIL,Kg,kg,0.58
2022-05-01,0.61,"Wheat (flour, first grade)",Kazakhstan,Astana,RETAIL,Kg,kg,0.61
2022-06-01,0.59,"Wheat (flour, first grade)",Kazakhstan,Astana,RETAIL,Kg,kg,0.59
2022-07-01,0.57,"Wheat (flour, first grade)",Kazakhstan,Astana,RETAIL,Kg,kg,0.57
2022-08-01,0.62,"Wheat (flour, first grade)",Kazakhstan,Astana,RETAIL,Kg,kg,0.62
2022-09-01,0.62,"Wheat (flour, first grade)",Kazakhstan,Astana,RETAIL,Kg,kg,0.62
2022-10-01,0.63,"Wheat (flour, first grade)",Kazakhstan,Astana,RETAIL,Kg,kg,0.63
2022-11-01,0.64,"Wheat (flour, first grade)",Kazakhstan,Astana,RETAIL,Kg,kg,0.64
2022-12-01,0.65,"Wheat (flour, first grade)",Kazakhstan,Astana,RETAIL,Kg,kg,0.65
2023-01-01,0.65,"Wheat (flour, first grade)",Kazakhstan,Astana,RETAIL,Kg,kg,0.65
2023-02-01,0.66,"Wheat (flour, first grade)",Kazakhstan,Astana,RETAIL,Kg,kg,0.66
2023-03-01,0.66,"Wheat (flour, first grade)",Kazakhstan,Astana,RETAIL,Kg,kg,0.66
2023-04-01,0.66,"Wheat (flour, first grade)",Kazakhstan,Astana,RETAIL,Kg,kg,0.66
2023-05-01,0.63,"Wheat (flour, first grade)",Kazakhstan,Astana,RETAIL,Kg,kg,0.63
2023-06-01,0.61,"Wheat (flour, first grade)",Kazakhstan,Astana,RETAIL,Kg,kg,0.61
2023-07-01,0.61,"Wheat (flour, first grade)",Kazakhstan,Astana,RETAIL,Kg,kg,0.61
2023-08-01,0.6,"Wheat (flour, first grade)",Kazakhstan,Astana,RETAIL,Kg,kg,0.6
2023-09-01,0.6,"Wheat (flour, first grade)",Kazakhstan,Astana,RETAIL,Kg,kg,0.6
2023-10-01,0.66,"Wheat (flour, first grade)",Kazakhstan,Astana,RETAIL,Kg,kg,0.66
2023-11-01,0.68,"Wheat (flour, first grade)",Kazakhstan,Astana,RETAIL,Kg,kg,0.68
2023-12-01,0.66,"Wheat (flour, first grade)",Kazakhstan,Astana,RETAIL,Kg,kg,0.66
2024-01-01,0.64,"Wheat (flour, first grade)",Kazakhstan,Astana,RETAIL,Kg,kg,0.64
2024-02-01,0.64,"Wheat (flour, first grade)",Kazakhstan,Astana,RETAIL,Kg,kg,0.64
2024-03-01,0.65,"Wheat (flour, first grade)",Kazakhstan,Astana,RETAIL,Kg,kg,0.65
2024-04-01,,"Wheat (flour, first grade)",Kazakhstan,Astana,RETAIL,Kg,kg,
2024-05-01,0.66,"Wheat (flour, first grade)",Kazakhstan,Astana,RETAIL,Kg,kg,0.66
2024-06-01,0.62,"Wheat (flour, first grade)",Kazakhstan,Astana,RETAIL,Kg,kg,0.62
2024-07-01,0.61,"Wheat (flour, first grade)",Kazakhstan,Astana,RETAIL,Kg,kg,0.61
2024-08-01,0.6,"Wheat (flour, first grade)",Kazakhstan,Astana,RETAIL,Kg,kg,0.6
2024-09-01,0.6,"Wheat (flour, first grade)",Kazakhstan,Astana,RETAIL,Kg,kg,0.6
2024-10-01,0.6,"Wheat (flour, first grade)",Kazakhstan,Astana,RETAIL,Kg,kg,0.6
2024-11-01,0.58,"Wheat (flour, first grade)",Kazakhstan,Astana,RETAIL,Kg,kg,0.58
2024-12-01,0.56,"Wheat (flour, first grade)",Kazakhstan,Astana,RETAIL,Kg,kg,0.56
2025-01-01,0.55,"Wheat (flour, first grade)",Kazakhstan,Astana,RETAIL,Kg,kg,0.55
2025-02-01,0.56,"Wheat (flour, first grade)",Kazakhstan,Astana,RETAIL,Kg,kg,0.56
2025-03-01,0.57,"Wheat (flour, first grade)",Kazakhstan,Astana,RETAIL,Kg,kg,0.57
2025-04-01,0.55,"Wheat (flour, first grade)",Kazakhstan,Astana,RETAIL,Kg,kg,0.55
2025-05-01,0.56,"Wheat (flour, first grade)",Kazakhstan,Astana,RETAIL,Kg,kg,0.56
2025-06-01,0.55,"Wheat (flour, first grade)",Kazakhstan,Astana,RETAIL,Kg,kg,0.55
2025-07-01,0.53,"Wheat (flour, first grade)",Kazakhstan,Astana,RETAIL,Kg,kg,0.53
2025-08-01,0.52,"Wheat (flour, first grade)",Kazakhstan,Astana,RETAIL,Kg,kg,0.52
2025-09-01,0.53,"Wheat (flour, first grade)",Kazakhstan,Astana,RETAIL,Kg,kg,0.53
2025-10-01,0.54,"Wheat (flour, first grade)",Kazakhstan,Astana,RETAIL,Kg,kg,0.54
2005-11-01,0.29,"Wheat (flour, first grade)",Kazakhstan,Kostanay,RETAIL,Kg,kg,0.29
2005-12-01,0.29,"Wheat (flour, first grade)",Kazakhstan,Kostanay,RETAIL,Kg,kg,0.29
2006-01-01,0.29,"Wheat (flour, first grade)",Kazakhstan,Kostanay,RETAIL,Kg,kg,0.29
2006-02-01,0.3,"Wheat (flour, first grade)",Kazakhstan,Kostanay,RETAIL,Kg,kg,0.3
2006-03-01,0.3,"Wheat (flour, first grade)",Kazakhstan,Kostanay,RETAIL,Kg,kg,0.3
2006-04-01,0.31,"Wheat (flour, first grade)",Kazakhstan,Kostanay,RETAIL,Kg,kg,0.31
2006-05-01,0.32,"Wheat (flour, first grade)",Kazakhstan,Kostanay,RETAIL,Kg,kg,0.32
2006-06-01,0.33,"Wheat (flour, first grade)",Kazakhstan,Kostanay,RETAIL,Kg,kg,0.33
2006-07-01,0.33,"Wheat (flour, first grade)",Kazakhstan,Kostanay,RETAIL,Kg,kg,0.33
2006-08-01,0.32,"Wheat (flour, first grade)",Kazakhstan,Kostanay,RETAIL,Kg,kg,0.32
2006-09-01,0.31,"Wheat (flour, first grade)",Kazakhstan,Kostanay,RETAIL,Kg,kg,0.31
2006-10-01,0.31,"Wheat (flour, first grade)",Kazakhstan,Kostanay,RETAIL,Kg,kg,0.31
2006-11-01,0.3,"Wheat (flour, first grade)",Kazakhstan,Kostanay,RETAIL,Kg,kg,0.3
2006-12-01,0.3,"Wheat (flour, first grade)",Kazakhstan,Kostanay,RETAIL,Kg,kg,0.3
2007-01-01,0.31,"Wheat (flour, first grade)",Kazakhstan,Kostanay,RETAIL,Kg,kg,0.31
2007-02-01,0.31,"Wheat (flour, first grade)",Kazakhstan,Kostanay,RETAIL,Kg,kg,0.31
2007-03-01,0.31,"Wheat (flour, first grade)",Kazakhstan,Kostanay,RETAIL,Kg,kg,0.31
2007-04-01,0.32,"Wheat (flour, first grade)",Kazakhstan,Kostanay,RETAIL,Kg,kg,0.32
2007-05-01,0.32,"Wheat (flour, first grade)",Kazakhstan,Kostanay,RETAIL,Kg,kg,0.32
2007-06-01,0.32,"Wheat (flour, first grade)",Kazakhstan,Kostanay,RETAIL,Kg,kg,0.32
2007-07-01,0.32,"Wheat (flour, first grade)",Kazakhstan,Kostanay,RETAIL,Kg,kg,0.32
2007-08-01,0.34,"Wheat (flour, first grade)",Kazakhstan,Kostanay,RETAIL,Kg,kg,0.34
2007-09-01,0.38,"Wheat (flour, first grade)",Kazakhstan,Kostanay,RETAIL,Kg,kg,0.38
2007-10-01,0.48,"Wheat (flour, first grade)",Kazakhstan,Kostanay,RETAIL,Kg,kg,0.48
2007-11-01,0.51,"Wheat (flour, first grade)",Kazakhstan,Kostanay,RETAIL,Kg,kg,0.51
2007-12-01,0.52,"Wheat (flour, first grade)",Kazakhstan,Kostanay,RETAIL,Kg,kg,0.52
2008-01-01,0.52,"Wheat (flour, first grade)",Kazakhstan,Kostanay,RETAIL,Kg,kg,0.52
2008-02-01,0.52,"Wheat (flour, first grade)",Kazakhstan,Kostanay,RETAIL,Kg,kg,0.52
2008-03-01,0.54,"Wheat (flour, first grade)",Kazakhstan,Kostanay,RETAIL,Kg,kg,0.54
2008-04-01,0.54,"Wheat (flour, first grade)",Kazakhstan,Kostanay,RETAIL,Kg,kg,0.54
2008-05-01,0.54,"Wheat (flour, first grade)",Kazakhstan,Kostanay,RETAIL,Kg,kg,0.54
2008-06-01,0.57,"Wheat (flour, first grade)",Kazakhstan,Kostanay,RETAIL,Kg,kg,0.57
2008-07-01,0.58,"Wheat (flour, first grade)",Kazakhstan,Kostanay,RETAIL,Kg,kg,0.58
2008-08-01,0.58,"Wheat (flour, first grade)",Kazakhstan,Kostanay,RETAIL,Kg,kg,0.58
2008-09-01,0.58,"Wheat (flour, first grade)",Kazakhstan,Kostanay,RETAIL,Kg,kg,0.58
2008-10-01,0.58,"Wheat (flour, first grade)",Kazakhstan,Kostanay,RETAIL,Kg,kg,0.58
2008-11-01,0.57,"Wheat (flour, first grade)",Kazakhstan,Kostanay,RETAIL,Kg,kg,0.57
2008-12-01,0.56,"Wheat (flour, first grade)",Kazakhstan,Kostanay,RETAIL,Kg,kg,0.56
2009-01-01,0.55,"Wheat (flour, first grade)",Kazakhstan,Kostanay,RETAIL,Kg,kg,0.55
2009-02-01,0.45,"Wheat (flour, first grade)",Kazakhstan,Kostanay,RETAIL,Kg,kg,0.45
2009-03-01,0.43,"Wheat (flour, first grade)",Kazakhstan,Kostanay,RETAIL,Kg,kg,0.43
2009-04-01,0.42,"Wheat (flour, first grade)",Kazakhstan,Kostanay,RETAIL,Kg,kg,0.42
2009-05-01,0.4,"Wheat (flour, first grade)",Kazakhstan,Kostanay,RETAIL,Kg,kg,0.4
2009-06-01,0.4,"Wheat (flour, first grade)",Kazakhstan,Kostanay,RETAIL,Kg,kg,0.4
2009-07-01,0.4,"Wheat (flour, first grade)",Kazakhstan,Kostanay,RETAIL,Kg,kg,0.4
2009-08-01,0.4,"Wheat (flour, first grade)",Kazakhstan,Kostanay,RETAIL,Kg,kg,0.4
2009-09-01,0.4,"Wheat (flour, first grade)",Kazakhstan,Kostanay,RETAIL,Kg,kg,0.4
2009-10-01,0.38,"Wheat (flour, first grade)",Kazakhstan,Kostanay,RETAIL,Kg,kg,0.38
2009-11-01,0.37,"Wheat (flour, first grade)",Kazakhstan,Kostanay,RETAIL,Kg,kg,0.37
2009-12-01,0.35,"Wheat (flour, first grade)",Kazakhstan,Kostanay,RETAIL,Kg,kg,0.35
2010-01-01,0.34,"Wheat (flour, first grade)",Kazakhstan,Kostanay,RETAIL,Kg,kg,0.34
2010-02-01,0.34,"Wheat (flour, first grade)",Kazakhstan,Kostanay,RETAIL,Kg,kg,0.34
2010-03-01,0.34,"Wheat (flour, first grade)",Kazakhstan,Kostanay,RETAIL,Kg,kg,0.34
2010-04-01,0.34,"Wheat (flour, first grade)",Kazakhstan,Kostanay,RETAIL,Kg,kg,0.34
2010-05-01,0.34,"Wheat (flour, first grade)",Kazakhstan,Kostanay,RETAIL,Kg,kg,0.34
2010-06-01,0.34,"Wheat (flour, first grade)",Kazakhstan,Kostanay,RETAIL,Kg,kg,0.34
2010-07-01,0.34,"Wheat (flour, first grade)",Kazakhstan,Kostanay,RETAIL,Kg,kg,0.34
2010-08-01,0.34,"Wheat (flour, first grade)",Kazakhstan,Kostanay,RETAIL,Kg,kg,0.34
2010-09-01,0.34,"Wheat (flour, first grade)",Kazakhstan,Kostanay,RETAIL,Kg,kg,0.34
2010-10-01,0.37,"Wheat (flour, first grade)",Kazakhstan,Kostanay,RETAIL,Kg,kg,0.37
2010-11-01,0.38,"Wheat (flour, first grade)",Kazakhstan,Kostanay,RETAIL,Kg,kg,0.38
2010-12-01,0.39,"Wheat (flour, first grade)",Kazakhstan,Kostanay,RETAIL,Kg,kg,0.39
2011-01-01,0.39,"Wheat (flour, first grade)",Kazakhstan,Kostanay,RETAIL,Kg,kg,0.39
2011-02-01,0.41,"Wheat (flour, first grade)",Kazakhstan,Kostanay,RETAIL,Kg,kg,0.41
2011-03-01,0.41,"Wheat (flour, first grade)",Kazakhstan,Kostanay,RETAIL,Kg,kg,0.41
2011-04-01,0.41,"Wheat (flour, first grade)",Kazakhstan,Kostanay,RETAIL,Kg,kg,0.41
2011-05-01,0.41,"Wheat (flour, first grade)",Kazakhstan,Kostanay,RETAIL,Kg,kg,0.41
2011-06-01,0.44,"Wheat (flour, first grade)",Kazakhstan,Kostanay,RETAIL,Kg,kg,0.44
2011-07-01,0.44,"Wheat (flour, first grade)",Kazakhstan,Kostanay,RETAIL,Kg,kg,0.44
2011-08-01,0.44,"Wheat (flour, first grade)",Kazakhstan,Kostanay,RETAIL,Kg,kg,0.44
2011-09-01,0.43,"Wheat (flour, first grade)",Kazakhstan,Kostanay,RETAIL,Kg,kg,0.43
2011-10-01,0.43,"Wheat (flour, first grade)",Kazakhstan,Kostanay,RETAIL,Kg,kg,0.43
2011-11-01,0.41,"Wheat (flour, first grade)",Kazakhstan,Kostanay,RETAIL,Kg,kg,0.41
2011-12-01,0.39,"Wheat (flour, first grade)",Kazakhstan,Kostanay,RETAIL,Kg,kg,0.39
2012-01-01,0.38,"Wheat (flour, first grade)",Kazakhstan,Kostanay,RETAIL,Kg,kg,0.38
2012-02-01,0.38,"Wheat (flour, first grade)",Kazakhstan,Kostanay,RETAIL,Kg,kg,0.38
2012-03-01,0.37,"Wheat (flour, first grade)",Kazakhstan,Kostanay,RETAIL,Kg,kg,0.37
2012-04-01,0.37,"Wheat (flour, first grade)",Kazakhstan,Kostanay,RETAIL,Kg,kg,0.37
2012-05-01,0.37,"Wheat (flour, first grade)",Kazakhstan,Kostanay,RETAIL,Kg,kg,0.37
2012-06-01,0.37,"Wheat (flour, first grade)",Kazakhstan,Kostanay,RETAIL,Kg,kg,0.37
2012-07-01,0.37,"Wheat (flour, first grade)",Kazakhstan,Kostanay,RETAIL,Kg,kg,0.37
2012-08-01,0.39,"Wheat (flour, first grade)",Kazakhstan,Kostanay,RETAIL,Kg,kg,0.39
2012-09-01,0.4,"Wheat (flour, first grade)",Kazakhstan,Kostanay,RETAIL,Kg,kg,0.4
2012-10-01,0.4,"Wheat (flour, first grade)",Kazakhstan,Kostanay,RETAIL,Kg,kg,0.4
2012-11-01,0.4,"Wheat (flour, first grade)",Kazakhstan,Kostanay,RETAIL,Kg,kg,0.4
2012-12-01,0.4,"Wheat (flour, first grade)",Kazakhstan,Kostanay,RETAIL,Kg,kg,0.4
2013-01-01,0.4,"Wheat (flour, first grade)",Kazakhstan,Kostanay,RETAIL,Kg,kg,0.4
2013-02-01,0.4,"Wheat (flour, first grade)",Kazakhstan,Kostanay,RETAIL,Kg,kg,0.4
2013-03-01,0.4,"Wheat (flour, first grade)",Kazakhstan,Kostanay,RETAIL,Kg,kg,0.4
2013-04-01,0.4,"Wheat (flour, first grade)",Kazakhstan,Kostanay,RETAIL,Kg,kg,0.4
2013-05-01,0.4,"Wheat (flour, first grade)",Kazakhstan,Kostanay,RETAIL,Kg,kg,0.4
2013-06-01,0.4,"Wheat (flour, first grade)",Kazakhstan,Kostanay,RETAIL,Kg,kg,0.4
2013-07-01,0.39,"Wheat (flour, first grade)",Kazakhstan,Kostanay,RETAIL,Kg,kg,0.39
2013-08-01,0.39,"Wheat (flour, first grade)",Kazakhstan,Kostanay,RETAIL,Kg,kg,0.39
2013-09-01,0.39,"Wheat (flour, first grade)",Kazakhstan,Kostanay,RETAIL,Kg,kg,0.39
2013-10-01,0.39,"Wheat (flour, first grade)",Kazakhstan,Kostanay,RETAIL,Kg,kg,0.39
2013-11-01,0.39,"Wheat (flour, first grade)",Kazakhstan,Kostanay,RETAIL,Kg,kg,0.39
2013-12-01,0.4,"Wheat (flour, first grade)",Kazakhstan,Kostanay,RETAIL,Kg,kg,0.4
2014-01-01,0.39,"Wheat (flour, first grade)",Kazakhstan,Kostanay,RETAIL,Kg,kg,0.39
2014-02-01,0.37,"Wheat (flour, first grade)",Kazakhstan,Kostanay,RETAIL,Kg,kg,0.37
2014-03-01,0.37,"Wheat (flour, first grade)",Kazakhstan,Kostanay,RETAIL,Kg,kg,0.37
2014-04-01,0.37,"Wheat (flour, first grade)",Kazakhstan,Kostanay,RETAIL,Kg,kg,0.37
2014-05-01,0.39,"Wheat (flour, first grade)",Kazakhstan,Kostanay,RETAIL,Kg,kg,0.39
2014-06-01,0.4,"Wheat (flour, first grade)",Kazakhstan,Kostanay,RETAIL,Kg,kg,0.4
2014-07-01,0.4,"Wheat (flour, first grade)",Kazakhstan,Kostanay,RETAIL,Kg,kg,0.4
2014-08-01,0.4,"Wheat (flour, first grade)",Kazakhstan,Kostanay,RETAIL,Kg,kg,0.4
2014-09-01,0.43,"Wheat (flour, first grade)",Kazakhstan,Kostanay,RETAIL,Kg,kg,0.43
2014-10-01,0.43,"Wheat (flour, first grade)",Kazakhstan,Kostanay,RETAIL,Kg,kg,0.43
2014-11-01,0.44,"Wheat (flour, first grade)",Kazakhstan,Kostanay,RETAIL,Kg,kg,0.44
2014-12-01,0.43,"Wheat (flour, first grade)",Kazakhstan,Kostanay,RETAIL,Kg,kg,0.43
2015-01-01,0.43,"Wheat (flour, first grade)",Kazakhstan,Kostanay,RETAIL,Kg,kg,0.43
2015-02-01,0.43,"Wheat (flour, first grade)",Kazakhstan,Kostanay,RETAIL,Kg,kg,0.43
2015-03-01,0.43,"Wheat (flour, first grade)",Kazakhstan,Kostanay,RETAIL,Kg,kg,0.43
2015-04-01,0.43,"Wheat (flour, first grade)",Kazakhstan,Kostanay,RETAIL,Kg,kg,0.43
2015-05-01,0.43,"Wheat (flour, first grade)",Kazakhstan,Kostanay,RETAIL,Kg,kg,0.43
2015-06-01,0.45,"Wheat (flour, first grade)",Kazakhstan,Kostanay,RETAIL,Kg,kg,0.45
2015-07-01,0.45,"Wheat (flour, first grade)",Kazakhstan,Kostanay,RETAIL,Kg,kg,0.45
2015-08-01,0.41,"Wheat (flour, first grade)",Kazakhstan,Kostanay,RETAIL,Kg,kg,0.41
2015-09-01,0.34,"Wheat (flour, first grade)",Kazakhstan,Kostanay,RETAIL,Kg,kg,0.34
2015-10-01,0.31,"Wheat (flour, first grade)",Kazakhstan,Kostanay,RETAIL,Kg,kg,0.31
2015-11-01,0.33,"Wheat (flour, first grade)",Kazakhstan,Kostanay,RETAIL,Kg,kg,0.33
2015-12-01,0.31,"Wheat (flour, first grade)",Kazakhstan,Kostanay,RETAIL,Kg,kg,0.31
2016-01-01,0.28,"Wheat (flour, first grade)",Kazakhstan,Kostanay,RETAIL,Kg,kg,0.28
2016-02-01,0.27,"Wheat (flour, first grade)",Kazakhstan,Kostanay,RETAIL,Kg,kg,0.27
2016-03-01,0.28,"Wheat (flour, first grade)",Kazakhstan,Kostanay,RETAIL,Kg,kg,0.28
2016-04-01,0.29,"Wheat (flour, first grade)",Kazakhstan,Kostanay,RETAIL,Kg,kg,0.29
2016-05-01,0.3,"Wheat (flour, first grade)",Kazakhstan,Kostanay,RETAIL,Kg,kg,0.3
2016-06-01,0.31,"Wheat (flour, first grade)",Kazakhstan,Kostanay,RETAIL,Kg,kg,0.31
2016-07-01,0.31,"Wheat (flour, first grade)",Kazakhstan,Kostanay,RETAIL,Kg,kg,0.31
2016-08-01,0.32,"Wheat (flour, first grade)",Kazakhstan,Kostanay,RETAIL,Kg,kg,0.32
2016-09-01,0.33,"Wheat (flour, first grade)",Kazakhstan,Kostanay,RETAIL,Kg,kg,0.33
2016-10-01,0.32,"Wheat (flour, first grade)",Kazakhstan,Kostanay,RETAIL,Kg,kg,0.32
2016-11-01,0.32,"Wheat (flour, first grade)",Kazakhstan,Kostanay,RETAIL,Kg,kg,0.32
2016-12-01,0.32,"Wheat (flour, first grade)",Kazakhstan,Kostanay,RETAIL,Kg,kg,0.32
2017-01-01,0.32,"Wheat (flour, first grade)",Kazakhstan,Kostanay,RETAIL,Kg,kg,0.32
2017-02-01,0.33,"Wheat (flour, first grade)",Kazakhstan,Kostanay,RETAIL,Kg,kg,0.33
2017-03-01,0.34,"Wheat (flour, first grade)",Kazakhstan,Kostanay,RETAIL,Kg,kg,0.34
2017-04-01,0.32,"Wheat (flour, first grade)",Kazakhstan,Kostanay,RETAIL,Kg,kg,0.32
2017-05-01,0.32,"Wheat (flour, first grade)",Kazakhstan,Kostanay,RETAIL,Kg,kg,0.32
2017-06-01,0.31,"Wheat (flour, first grade)",Kazakhstan,Kostanay,RETAIL,Kg,kg,0.31
2017-07-01,0.31,"Wheat (flour, first grade)",Kazakhstan,Kostanay,RETAIL,Kg,kg,0.31
2017-08-01,0.3,"Wheat (flour, first grade)",Kazakhstan,Kostanay,RETAIL,Kg,kg,0.3
2017-09-01,0.29,"Wheat (flour, first grade)",Kazakhstan,Kostanay,RETAIL,Kg,kg,0.29
2017-10-01,0.29,"Wheat (flour, first grade)",Kazakhstan,Kostanay,RETAIL,Kg,kg,0.29
2017-11-01,0.29,"Wheat (flour, first grade)",Kazakhstan,Kostanay,RETAIL,Kg,kg,0.29
2017-12-01,0.29,"Wheat (flour, first grade)",Kazakhstan,Kostanay,RETAIL,Kg,kg,0.29
2018-01-01,0.29,"Wheat (flour, first grade)",Kazakhstan,Kostanay,RETAIL,Kg,kg,0.29
2018-02-01,0.3,"Wheat (flour, first grade)",Kazakhstan,Kostanay,RETAIL,Kg,kg,0.3
2018-03-01,0.3,"Wheat (flour, first grade)",Kazakhstan,Kostanay,RETAIL,Kg,kg,0.3
2018-04-01,0.3,"Wheat (flour, first grade)",Kazakhstan,Kostanay,RETAIL,Kg,kg,0.3
2018-05-01,0.29,"Wheat (flour, first grade)",Kazakhstan,Kostanay,RETAIL,Kg,kg,0.29
2018-06-01,0.29,"Wheat (flour, first grade)",Kazakhstan,Kostanay,RETAIL,Kg,kg,0.29
2018-07-01,0.28,"Wheat (flour, first grade)",Kazakhstan,Kostanay,RETAIL,Kg,kg,0.28
2018-08-01,0.27,"Wheat (flour, first grade)",Kazakhstan,Kostanay,RETAIL,Kg,kg,0.27
2018-09-01,0.26,"Wheat (flour, first grade)",Kazakhstan,Kostanay,RETAIL,Kg,kg,0.26
2018-10-01,0.27,"Wheat (flour, first grade)",Kazakhstan,Kostanay,RETAIL,Kg,kg,0.27
2018-11-01,0.27,"Wheat (flour, first grade)",Kazakhstan,Kostanay,RETAIL,Kg,kg,0.27
2018-12-01,0.28,"Wheat (flour, first grade)",Kazakhstan,Kostanay,RETAIL,Kg,kg,0.28
2019-01-01,0.27,"Wheat (flour, first grade)",Kazakhstan,Kostanay,RETAIL,Kg,kg,0.27
2019-02-01,0.29,"Wheat (flour, first grade)",Kazakhstan,Kostanay,RETAIL,Kg,kg,0.29
2019-03-01,0.3,"Wheat (flour, first grade)",Kazakhstan,Kostanay,RETAIL,Kg,kg,0.3
2019-04-01,0.32,"Wheat (flour, first grade)",Kazakhstan,Kostanay,RETAIL,Kg,kg,0.32
2019-05-01,0.32,"Wheat (flour, first grade)",Kazakhstan,Kostanay,RETAIL,Kg,kg,0.32
2019-06-01,0.31,"Wheat (flour, first grade)",Kazakhstan,Kostanay,RETAIL,Kg,kg,0.31
2019-07-01,0.32,"Wheat (flour, first grade)",Kazakhstan,Kostanay,RETAIL,Kg,kg,0.32
2019-08-01,0.33,"Wheat (flour, first grade)",Kazakhstan,Kostanay,RETAIL,Kg,kg,0.33
2019-09-01,0.34,"Wheat (flour, first grade)",Kazakhstan,Kostanay,RETAIL,Kg,kg,0.34
2019-10-01,0.34,"Wheat (flour, first grade)",Kazakhstan,Kostanay,RETAIL,Kg,kg,0.34
2019-11-01,0.38,"Wheat (flour, first grade)",Kazakhstan,Kostanay,RETAIL,Kg,kg,0.38
2019-12-01,0.38,"Wheat (flour, first grade)",Kazakhstan,Kostanay,RETAIL,Kg,kg,0.38
2020-01-01,0.39,"Wheat (flour, first grade)",Kazakhstan,Kostanay,RETAIL,Kg,kg,0.39
2020-02-01,0.39,"Wheat (flour, first grade)",Kazakhstan,Kostanay,RETAIL,Kg,kg,0.39
2020-03-01,0.35,"Wheat (flour, first grade)",Kazakhstan,Kostanay,RETAIL,Kg,kg,0.35
2020-04-01,0.34,"Wheat (flour, first grade)",Kazakhstan,Kostanay,RETAIL,Kg,kg,0.34
2020-05-01,0.36,"Wheat (flour, first grade)",Kazakhstan,Kostanay,RETAIL,Kg,kg,0.36
2020-06-01,0.38,"Wheat (flour, first grade)",Kazakhstan,Kostanay,RETAIL,Kg,kg,0.38
2020-07-01,0.37,"Wheat (flour, first grade)",Kazakhstan,Kostanay,RETAIL,Kg,kg,0.37
2020-08-01,0.37,"Wheat (flour, first grade)",Kazakhstan,Kostanay,RETAIL,Kg,kg,0.37
2020-09-01,0.38,"Wheat (flour, first grade)",Kazakhstan,Kostanay,RETAIL,Kg,kg,0.38
2020-10-01,0.37,"Wheat (flour, first grade)",Kazakhstan,Kostanay,RETAIL,Kg,kg,0.37
2020-11-01,0.37,"Wheat (flour, first grade)",Kazakhstan,Kostanay,RETAIL,Kg,kg,0.37
2020-12-01,0.38,"Wheat (flour, first grade)",Kazakhstan,Kostanay,RETAIL,Kg,kg,0.38
2021-01-01,0.38,"Wheat (flour, first grade)",Kazakhstan,Kostanay,RETAIL,Kg,kg,0.38
2021-02-01,0.36,"Wheat (flour, first grade)",Kazakhstan,Kostanay,RETAIL,Kg,kg,0.36
2021-03-01,0.36,"Wheat (flour, first grade)",Kazakhstan,Kostanay,RETAIL,Kg,kg,0.36
2021-04-01,0.35,"Wheat (flour, first grade)",Kazakhstan,Kostanay,RETAIL,Kg,kg,0.35
2021-05-01,0.35,"Wheat (flour, first grade)",Kazakhstan,Kostanay,RETAIL,Kg,kg,0.35
2021-06-01,0.35,"Wheat (flour, first grade)",Kazakhstan,Kostanay,RETAIL,Kg,kg,0.35
2021-07-01,0.35,"Wheat (flour, first grade)",Kazakhstan,Kostanay,RETAIL,Kg,kg,0.35
2021-08-01,0.35,"Wheat (flour, first grade)",Kazakhstan,Kostanay,RETAIL,Kg,kg,0.35
2021-09-01,0.35,"Wheat (flour, first grade)",Kazakhstan,Kostanay,RETAIL,Kg,kg,0.35
2021-10-01,0.35,"Wheat (flour, first grade)",Kazakhstan,Kostanay,RETAIL,Kg,kg,0.35
2021-11-01,0.35,"Wheat (flour, first grade)",Kazakhstan,Kostanay,RETAIL,Kg,kg,0.35
2021-12-01,0.35,"Wheat (flour, first grade)",Kazakhstan,Kostanay,RETAIL,Kg,kg,0.35
2022-01-01,0.35,"Wheat (flour, first grade)",Kazakhstan,Kostanay,RETAIL,Kg,kg,0.35
2022-02-01,0.35,"Wheat (flour, first grade)",Kazakhstan,Kostanay,RETAIL,Kg,kg,0.35
2022-03-01,0.32,"Wheat (flour, first grade)",Kazakhstan,Kostanay,RETAIL,Kg,kg,0.32
2022-04-01,0.36,"Wheat (flour, first grade)",Kazakhstan,Kostanay,RETAIL,Kg,kg,0.36
2022-05-01,0.45,"Wheat (flour, first grade)",Kazakhstan,Kostanay,RETAIL,Kg,kg,0.45
2022-06-01,0.44,"Wheat (flour, first grade)",Kazakhstan,Kostanay,RETAIL,Kg,kg,0.44
2022-07-01,0.44,"Wheat (flour, first grade)",Kazakhstan,Kostanay,RETAIL,Kg,kg,0.44
2022-08-01,0.44,"Wheat (flour, first grade)",Kazakhstan,Kostanay,RETAIL,Kg,kg,0.44
2022-09-01,0.44,"Wheat (flour, first grade)",Kazakhstan,Kostanay,RETAIL,Kg,kg,0.44
2022-10-01,0.44,"Wheat (flour, first grade)",Kazakhstan,Kostanay,RETAIL,Kg,kg,0.44
2022-11-01,0.45,"Wheat (flour, first grade)",Kazakhstan,Kostanay,RETAIL,Kg,kg,0.45
2022-12-01,0.45,"Wheat (flour, first grade)",Kazakhstan,Kostanay,RETAIL,Kg,kg,0.45
2023-01-01,0.45,"Wheat (flour, first grade)",Kazakhstan,Kostanay,RETAIL,Kg,kg,0.45
2023-02-01,0.46,"Wheat (flour, first grade)",Kazakhstan,Kostanay,RETAIL,Kg,kg,0.46
2023-03-01,0.47,"Wheat (flour, first grade)",Kazakhstan,Kostanay,RETAIL,Kg,kg,0.47
2023-04-01,0.47,"Wheat (flour, first grade)",Kazakhstan,Kostanay,RETAIL,Kg,kg,0.47
2023-05-01,0.47,"Wheat (flour, first grade)",Kazakhstan,Kostanay,RETAIL,Kg,kg,0.47
2023-06-01,0.47,"Wheat (flour, first grade)",Kazakhstan,Kostanay,RETAIL,Kg,kg,0.47
2023-07-01,0.46,"Wheat (flour, first grade)",Kazakhstan,Kostanay,RETAIL,Kg,kg,0.46
2023-08-01,0.45,"Wheat (flour, first grade)",Kazakhstan,Kostanay,RETAIL,Kg,kg,0.45
2023-09-01,0.44,"Wheat (flour, first grade)",Kazakhstan,Kostanay,RETAIL,Kg,kg,0.44
2023-10-01,0.43,"Wheat (flour, first grade)",Kazakhstan,Kostanay,RETAIL,Kg,kg,0.43
2023-11-01,0.44,"Wheat (flour, first grade)",Kazakhstan,Kostanay,RETAIL,Kg,kg,0.44
2023-12-01,0.45,"Wheat (flour, first grade)",Kazakhstan,Kostanay,RETAIL,Kg,kg,0.45
2024-01-01,0.45,"Wheat (flour, first grade)",Kazakhstan,Kostanay,RETAIL,Kg,kg,0.45
2024-02-01,0.44,"Wheat (flour, first grade)",Kazakhstan,Kostanay,RETAIL,Kg,kg,0.44
2024-03-01,0.44,"Wheat (flour, first grade)",Kazakhstan,Kostanay,RETAIL,Kg,kg,0.44
2024-04-01,,"Wheat (flour, first grade)",Kazakhstan,Kostanay,RETAIL,Kg,kg,
2024-05-01,0.45,"Wheat (flour, first grade)",Kazakhstan,Kostanay,RETAIL,Kg,kg,0.45
2024-06-01,0.44,"Wheat (flour, first grade)",Kazakhstan,Kostanay,RETAIL,Kg,kg,0.44
2024-07-01,0.42,"Wheat (flour, first grade)",Kazakhstan,Kostanay,RETAIL,Kg,kg,0.42
2024-08-01,0.41,"Wheat (flour, first grade)",Kazakhstan,Kostanay,RETAIL,Kg,kg,0.41
2024-09-01,0.41,"Wheat (flour, first grade)",Kazakhstan,Kostanay,RETAIL,Kg,kg,0.41
2024-10-01,0.41,"Wheat (flour, first grade)",Kazakhstan,Kostanay,RETAIL,Kg,kg,0.41
2024-11-01,0.4,"Wheat (flour, first grade)",Kazakhstan,Kostanay,RETAIL,Kg,kg,0.4
2024-12-01,0.38,"Wheat (flour, first grade)",Kazakhstan,Kostanay,RETAIL,Kg,kg,0.38
2025-01-01,0.36,"Wheat (flour, first grade)",Kazakhstan,Kostanay,RETAIL,Kg,kg,0.36
2025-02-01,0.38,"Wheat (flour, first grade)",Kazakhstan,Kostanay,RETAIL,Kg,kg,0.38
2025-03-01,0.37,"Wheat (flour, first grade)",Kazakhstan,Kostanay,RETAIL,Kg,kg,0.37
2005-11-01,0.33,"Wheat (flour, first grade)",Kazakhstan,National Average,RETAIL,Kg,kg,0.33
2005-12-01,0.33,"Wheat (flour, first grade)",Kazakhstan,National Average,RETAIL,Kg,kg,0.33
2006-01-01,0.33,"Wheat (flour, first grade)",Kazakhstan,National Average,RETAIL,Kg,kg,0.33
2006-02-01,0.34,"Wheat (flour, first grade)",Kazakhstan,National Average,RETAIL,Kg,kg,0.34
2006-03-01,0.35,"Wheat (flour, first grade)",Kazakhstan,National Average,RETAIL,Kg,kg,0.35
2006-04-01,0.35,"Wheat (flour, first grade)",Kazakhstan,National Average,RETAIL,Kg,kg,0.35
2006-05-01,0.36,"Wheat (flour, first grade)",Kazakhstan,National Average,RETAIL,Kg,kg,0.36
2006-06-01,0.37,"Wheat (flour, first grade)",Kazakhstan,National Average,RETAIL,Kg,kg,0.37
2006-07-01,0.38,"Wheat (flour, first grade)",Kazakhstan,National Average,RETAIL,Kg,kg,0.38
2006-08-01,0.36,"Wheat (flour, first grade)",Kazakhstan,National Average,RETAIL,Kg,kg,0.36
2006-09-01,0.35,"Wheat (flour, first grade)",Kazakhstan,National Average,RETAIL,Kg,kg,0.35
2006-10-01,0.35,"Wheat (flour, first grade)",Kazakhstan,National Average,RETAIL,Kg,kg,0.35
2006-11-01,0.35,"Wheat (flour, first grade)",Kazakhstan,National Average,RETAIL,Kg,kg,0.35
2006-12-01,0.35,"Wheat (flour, first grade)",Kazakhstan,National Average,RETAIL,Kg,kg,0.35
2007-01-01,0.36,"Wheat (flour, first grade)",Kazakhstan,National Average,RETAIL,Kg,kg,0.36
2007-02-01,0.37,"Wheat (flour, first grade)",Kazakhstan,National Average,RETAIL,Kg,kg,0.37
2007-03-01,0.37,"Wheat (flour, first grade)",Kazakhstan,National Average,RETAIL,Kg,kg,0.37
2007-04-01,0.38,"Wheat (flour, first grade)",Kazakhstan,National Average,RETAIL,Kg,kg,0.38
2007-05-01,0.38,"Wheat (flour, first grade)",Kazakhstan,National Average,RETAIL,Kg,kg,0.38
2007-06-01,0.38,"Wheat (flour, first grade)",Kazakhstan,National Average,RETAIL,Kg,kg,0.38
2007-07-01,0.38,"Wheat (flour, first grade)",Kazakhstan,National Average,RETAIL,Kg,kg,0.38
2007-08-01,0.39,"Wheat (flour, first grade)",Kazakhstan,National Average,RETAIL,Kg,kg,0.39
2007-09-01,0.45,"Wheat (flour, first grade)",Kazakhstan,National Average,RETAIL,Kg,kg,0.45
2007-10-01,0.54,"Wheat (flour, first grade)",Kazakhstan,National Average,RETAIL,Kg,kg,0.54
2007-11-01,0.6,"Wheat (flour, first grade)",Kazakhstan,National Average,RETAIL,Kg,kg,0.6
2007-12-01,0.62,"Wheat (flour, first grade)",Kazakhstan,National Average,RETAIL,Kg,kg,0.62
2008-01-01,0.62,"Wheat (flour, first grade)",Kazakhstan,National Average,RETAIL,Kg,kg,0.62
2008-02-01,0.63,"Wheat (flour, first grade)",Kazakhstan,National Average,RETAIL,Kg,kg,0.63
2008-03-01,0.64,"Wheat (flour, first grade)",Kazakhstan,National Average,RETAIL,Kg,kg,0.64
2008-04-01,0.67,"Wheat (flour, first grade)",Kazakhstan,National Average,RETAIL,Kg,kg,0.67
2008-05-01,0.69,"Wheat (flour, first grade)",Kazakhstan,National Average,RETAIL,Kg,kg,0.69
2008-06-01,0.71,"Wheat (flour, first grade)",Kazakhstan,National Average,RETAIL,Kg,kg,0.71
2008-07-01,0.73,"Wheat (flour, first grade)",Kazakhstan,National Average,RETAIL,Kg,kg,0.73
2008-08-01,0.74,"Wheat (flour, first grade)",Kazakhstan,National Average,RETAIL,Kg,kg,0.74
2008-09-01,0.74,"Wheat (flour, first grade)",Kazakhstan,National Average,RETAIL,Kg,kg,0.74
2008-10-01,0.74,"Wheat (flour, first grade)",Kazakhstan,National Average,RETAIL,Kg,kg,0.74
2008-11-01,0.74,"Wheat (flour, first grade)",Kazakhstan,National Average,RETAIL,Kg,kg,0.74
2008-12-01,0.73,"Wheat (flour, first grade)",Kazakhstan,National Average,RETAIL,Kg,kg,0.73
2009-01-01,0.71,"Wheat (flour, first grade)",Kazakhstan,National Average,RETAIL,Kg,kg,0.71
2009-02-01,0.59,"Wheat (flour, first grade)",Kazakhstan,National Average,RETAIL,Kg,kg,0.59
2009-03-01,0.56,"Wheat (flour, first grade)",Kazakhstan,National Average,RETAIL,Kg,kg,0.56
2009-04-01,0.55,"Wheat (flour, first grade)",Kazakhstan,National Average,RETAIL,Kg,kg,0.55
2009-05-01,0.54,"Wheat (flour, first grade)",Kazakhstan,National Average,RETAIL,Kg,kg,0.54
2009-06-01,0.54,"Wheat (flour, first grade)",Kazakhstan,National Average,RETAIL,Kg,kg,0.54
2009-07-01,0.54,"Wheat (flour, first grade)",Kazakhstan,National Average,RETAIL,Kg,kg,0.54
2009-08-01,0.53,"Wheat (flour, first grade)",Kazakhstan,National Average,RETAIL,Kg,kg,0.53
2009-09-01,0.53,"Wheat (flour, first grade)",Kazakhstan,National Average,RETAIL,Kg,kg,0.53
2009-10-01,0.52,"Wheat (flour, first grade)",Kazakhstan,National Average,RETAIL,Kg,kg,0.52
2009-11-01,0.51,"Wheat (flour, first grade)",Kazakhstan,National Average,RETAIL,Kg,kg,0.51
2009-12-01,0.49,"Wheat (flour, first grade)",Kazakhstan,National Average,RETAIL,Kg,kg,0.49
2010-01-01,0.48,"Wheat (flour, first grade)",Kazakhstan,National Average,RETAIL,Kg,kg,0.48
2010-02-01,0.48,"Wheat (flour, first grade)",Kazakhstan,National Average,RETAIL,Kg,kg,0.48
2010-03-01,0.47,"Wheat (flour, first grade)",Kazakhstan,National Average,RETAIL,Kg,kg,0.47
2010-04-01,0.46,"Wheat (flour, first grade)",Kazakhstan,National Average,RETAIL,Kg,kg,0.46
2010-05-01,0.45,"Wheat (flour, first grade)",Kazakhstan,National Average,RETAIL,Kg,kg,0.45
2010-06-01,0.44,"Wheat (flour, first grade)",Kazakhstan,National Average,RETAIL,Kg,kg,0.44
2010-07-01,0.44,"Wheat (flour, first grade)",Kazakhstan,National Average,RETAIL,Kg,kg,0.44
2010-08-01,0.44,"Wheat (flour, first grade)",Kazakhstan,National Average,RETAIL,Kg,kg,0.44
2010-09-01,0.45,"Wheat (flour, first grade)",Kazakhstan,National Average,RETAIL,Kg,kg,0.45
2010-10-01,0.47,"Wheat (flour, first grade)",Kazakhstan,National Average,RETAIL,Kg,kg,0.47
2010-11-01,0.49,"Wheat (flour, first grade)",Kazakhstan,National Average,RETAIL,Kg,kg,0.49
2010-12-01,0.5,"Wheat (flour, first grade)",Kazakhstan,National Average,RETAIL,Kg,kg,0.5
2011-01-01,0.48,"Wheat (flour, first grade)",Kazakhstan,National Average,RETAIL,Kg,kg,0.48
2011-02-01,0.51,"Wheat (flour, first grade)",Kazakhstan,National Average,RETAIL,Kg,kg,0.51
2011-03-01,0.53,"Wheat (flour, first grade)",Kazakhstan,National Average,RETAIL,Kg,kg,0.53
2011-04-01,0.54,"Wheat (flour, first grade)",Kazakhstan,National Average,RETAIL,Kg,kg,0.54
2011-05-01,0.54,"Wheat (flour, first grade)",Kazakhstan,National Average,RETAIL,Kg,kg,0.54
2011-06-01,0.55,"Wheat (flour, first grade)",Kazakhstan,National Average,RETAIL,Kg,kg,0.55
2011-07-01,0.55,"Wheat (flour, first grade)",Kazakhstan,National Average,RETAIL,Kg,kg,0.55
2011-08-01,0.54,"Wheat (flour, first grade)",Kazakhstan,National Average,RETAIL,Kg,kg,0.54
2011-09-01,0.54,"Wheat (flour, first grade)",Kazakhstan,National Average,RETAIL,Kg,kg,0.54
2011-10-01,0.53,"Wheat (flour, first grade)",Kazakhstan,National Average,RETAIL,Kg,kg,0.53
2011-11-01,0.52,"Wheat (flour, first grade)",Kazakhstan,National Average,RETAIL,Kg,kg,0.52
2011-12-01,0.51,"Wheat (flour, first grade)",Kazakhstan,National Average,RETAIL,Kg,kg,0.51
2012-01-01,0.49,"Wheat (flour, first grade)",Kazakhstan,National Average,RETAIL,Kg,kg,0.49
2012-02-01,0.49,"Wheat (flour, first grade)",Kazakhstan,National Average,RETAIL,Kg,kg,0.49
2012-03-01,0.49,"Wheat (flour, first grade)",Kazakhstan,National Average,RETAIL,Kg,kg,0.49
2012-04-01,0.49,"Wheat (flour, first grade)",Kazakhstan,National Average,RETAIL,Kg,kg,0.49
2012-05-01,0.48,"Wheat (flour, first grade)",Kazakhstan,National Average,RETAIL,Kg,kg,0.48
2012-06-01,0.47,"Wheat (flour, first grade)",Kazakhstan,National Average,RETAIL,Kg,kg,0.47
2012-07-01,0.46,"Wheat (flour, first grade)",Kazakhstan,National Average,RETAIL,Kg,kg,0.46
2012-08-01,0.49,"Wheat (flour, first grade)",Kazakhstan,National Average,RETAIL,Kg,kg,0.49
2012-09-01,0.51,"Wheat (flour, first grade)",Kazakhstan,National Average,RETAIL,Kg,kg,0.51
2012-10-01,0.51,"Wheat (flour, first grade)",Kazakhstan,National Average,RETAIL,Kg,kg,0.51
2012-11-01,0.51,"Wheat (flour, first grade)",Kazakhstan,National Average,RETAIL,Kg,kg,0.51
2012-12-01,0.52,"Wheat (flour, first grade)",Kazakhstan,National Average,RETAIL,Kg,kg,0.52
2013-01-01,0.52,"Wheat (flour, first grade)",Kazakhstan,National Average,RETAIL,Kg,kg,0.52
2013-02-01,0.52,"Wheat (flour, first grade)",Kazakhstan,National Average,RETAIL,Kg,kg,0.52
2013-03-01,0.52,"Wheat (flour, first grade)",Kazakhstan,National Average,RETAIL,Kg,kg,0.52
2013-04-01,0.52,"Wheat (flour, first grade)",Kazakhstan,National Average,RETAIL,Kg,kg,0.52
2013-05-01,0.52,"Wheat (flour, first grade)",Kazakhstan,National Average,RETAIL,Kg,kg,0.52
2013-06-01,0.53,"Wheat (flour, first grade)",Kazakhstan,National Average,RETAIL,Kg,kg,0.53
2013-07-01,0.52,"Wheat (flour, first grade)",Kazakhstan,National Average,RETAIL,Kg,kg,0.52
2013-08-01,0.52,"Wheat (flour, first grade)",Kazakhstan,National Average,RETAIL,Kg,kg,0.52
2013-09-01,0.52,"Wheat (flour, first grade)",Kazakhstan,National Average,RETAIL,Kg,kg,0.52
2013-10-01,0.52,"Wheat (flour, first grade)",Kazakhstan,National Average,RETAIL,Kg,kg,0.52
2013-11-01,0.52,"Wheat (flour, first grade)",Kazakhstan,National Average,RETAIL,Kg,kg,0.52
2013-12-01,0.52,"Wheat (flour, first grade)",Kazakhstan,National Average,RETAIL,Kg,kg,0.52
2014-01-01,0.52,"Wheat (flour, first grade)",Kazakhstan,National Average,RETAIL,Kg,kg,0.52
2014-02-01,0.47,"Wheat (flour, first grade)",Kazakhstan,National Average,RETAIL,Kg,kg,0.47
2014-03-01,0.45,"Wheat (flour, first grade)",Kazakhstan,National Average,RETAIL,Kg,kg,0.45
2014-04-01,0.45,"Wheat (flour, first grade)",Kazakhstan,National Average,RETAIL,Kg,kg,0.45
2014-05-01,0.46,"Wheat (flour, first grade)",Kazakhstan,National Average,RETAIL,Kg,kg,0.46
2014-06-01,0.46,"Wheat (flour, first grade)",Kazakhstan,National Average,RETAIL,Kg,kg,0.46
2014-07-01,0.48,"Wheat (flour, first grade)",Kazakhstan,National Average,RETAIL,Kg,kg,0.48
2014-08-01,0.49,"Wheat (flour, first grade)",Kazakhstan,National Average,RETAIL,Kg,kg,0.49
2014-09-01,0.51,"Wheat (flour, first grade)",Kazakhstan,National Average,RETAIL,Kg,kg,0.51
2014-10-01,0.51,"Wheat (flour, first grade)",Kazakhstan,National Average,RETAIL,Kg,kg,0.51
2014-11-01,0.53,"Wheat (flour, first grade)",Kazakhstan,National Average,RETAIL,Kg,kg,0.53
2014-12-01,0.52,"Wheat (flour, first grade)",Kazakhstan,National Average,RETAIL,Kg,kg,0.52
2015-01-01,0.52,"Wheat (flour, first grade)",Kazakhstan,National Average,RETAIL,Kg,kg,0.52
2015-02-01,0.52,"Wheat (flour, first grade)",Kazakhstan,National Average,RETAIL,Kg,kg,0.52
2015-03-01,0.52,"Wheat (flour, first grade)",Kazakhstan,National Average,RETAIL,Kg,kg,0.52
2015-04-01,0.51,"Wheat (flour, first grade)",Kazakhstan,National Average,RETAIL,Kg,kg,0.51
2015-05-01,0.51,"Wheat (flour, first grade)",Kazakhstan,National Average,RETAIL,Kg,kg,0.51
2015-06-01,0.51,"Wheat (flour, first grade)",Kazakhstan,National Average,RETAIL,Kg,kg,0.51
2015-07-01,0.51,"Wheat (flour, first grade)",Kazakhstan,National Average,RETAIL,Kg,kg,0.51
2015-08-01,0.47,"Wheat (flour, first grade)",Kazakhstan,National Average,RETAIL,Kg,kg,0.47
2015-09-01,0.37,"Wheat (flour, first grade)",Kazakhstan,National Average,RETAIL,Kg,kg,0.37
2015-10-01,0.36,"Wheat (flour, first grade)",Kazakhstan,National Average,RETAIL,Kg,kg,0.36
2015-11-01,0.34,"Wheat (flour, first grade)",Kazakhstan,National Average,RETAIL,Kg,kg,0.34
2015-12-01,0.32,"Wheat (flour, first grade)",Kazakhstan,National Average,RETAIL,Kg,kg,0.32
2016-01-01,0.3,"Wheat (flour, first grade)",Kazakhstan,National Average,RETAIL,Kg,kg,0.3
2016-02-01,0.31,"Wheat (flour, first grade)",Kazakhstan,National Average,RETAIL,Kg,kg,0.31
2016-03-01,0.32,"Wheat (flour, first grade)",Kazakhstan,National Average,RETAIL,Kg,kg,0.32
2016-04-01,0.33,"Wheat (flour, first grade)",Kazakhstan,National Average,RETAIL,Kg,kg,0.33
2016-05-01,0.34,"Wheat (flour, first grade)",Kazakhstan,National Average,RETAIL,Kg,kg,0.34
2016-06-01,0.34,"Wheat (flour, first grade)",Kazakhstan,National Average,RETAIL,Kg,kg,0.34
2016-07-01,0.34,"Wheat (flour, first grade)",Kazakhstan,National Average,RETAIL,Kg,kg,0.34
2016-08-01,0.34,"Wheat (flour, first grade)",Kazakhstan,National Average,RETAIL,Kg,kg,0.34
2016-09-01,0.35,"Wheat (flour, first grade)",Kazakhstan,National Average,RETAIL,Kg,kg,0.35
2016-10-01,0.35,"Wheat (flour, first grade)",Kazakhstan,National Average,RETAIL,Kg,kg,0.35
2016-11-01,0.35,"Wheat (flour, first grade)",Kazakhstan,National Average,RETAIL,Kg,kg,0.35
2016-12-01,0.35,"Wheat (flour, first grade)",Kazakhstan,National Average,RETAIL,Kg,kg,0.35
2017-01-01,0.36,"Wheat (flour, first grade)",Kazakhstan,National Average,RETAIL,Kg,kg,0.36
2017-02-01,0.37,"Wheat (flour, first grade)",Kazakhstan,National Average,RETAIL,Kg,kg,0.37
2017-03-01,0.38,"Wheat (flour, first grade)",Kazakhstan,National Average,RETAIL,Kg,kg,0.38
2017-04-01,0.39,"Wheat (flour, first grade)",Kazakhstan,National Average,RETAIL,Kg,kg,0.39
2017-05-01,0.39,"Wheat (flour, first grade)",Kazakhstan,National Average,RETAIL,Kg,kg,0.39
2017-06-01,0.38,"Wheat (flour, first grade)",Kazakhstan,National Average,RETAIL,Kg,kg,0.38
2017-07-01,0.37,"Wheat (flour, first grade)",Kazakhstan,National Average,RETAIL,Kg,kg,0.37
2017-08-01,0.36,"Wheat (flour, first grade)",Kazakhstan,National Average,RETAIL,Kg,kg,0.36
2017-09-01,0.36,"Wheat (flour, first grade)",Kazakhstan,National Average,RETAIL,Kg,kg,0.36
2017-10-01,0.36,"Wheat (flour, first grade)",Kazakhstan,National Average,RETAIL,Kg,kg,0.36
2017-11-01,0.37,"Wheat (flour, first grade)",Kazakhstan,National Average,RETAIL,Kg,kg,0.37
2017-12-01,0.36,"Wheat (flour, first grade)",Kazakhstan,National Average,RETAIL,Kg,kg,0.36
2018-01-01,0.37,"Wheat (flour, first grade)",Kazakhstan,National Average,RETAIL,Kg,kg,0.37
2018-02-01,0.38,"Wheat (flour, first grade)",Kazakhstan,National Average,RETAIL,Kg,kg,0.38
2018-03-01,0.38,"Wheat (flour, first grade)",Kazakhstan,National Average,RETAIL,Kg,kg,0.38
2018-04-01,0.38,"Wheat (flour, first grade)",Kazakhstan,National Average,RETAIL,Kg,kg,0.38
2018-05-01,0.37,"Wheat (flour, first grade)",Kazakhstan,National Average,RETAIL,Kg,kg,0.37
2018-06-01,0.36,"Wheat (flour, first grade)",Kazakhstan,National Average,RETAIL,Kg,kg,0.36
2018-07-01,0.35,"Wheat (flour, first grade)",Kazakhstan,National Average,RETAIL,Kg,kg,0.35
2018-08-01,0.34,"Wheat (flour, first grade)",Kazakhstan,National Average,RETAIL,Kg,kg,0.34
2018-09-01,0.33,"Wheat (flour, first grade)",Kazakhstan,National Average,RETAIL,Kg,kg,0.33
2018-10-01,0.34,"Wheat (flour, first grade)",Kazakhstan,National Average,RETAIL,Kg,kg,0.34
2018-11-01,0.34,"Wheat (flour, first grade)",Kazakhstan,National Average,RETAIL,Kg,kg,0.34
2018-12-01,0.34,"Wheat (flour, first grade)",Kazakhstan,National Average,RETAIL,Kg,kg,0.34
2019-01-01,0.34,"Wheat (flour, first grade)",Kazakhstan,National Average,RETAIL,Kg,kg,0.34
2019-02-01,0.35,"Wheat (flour, first grade)",Kazakhstan,National Average,RETAIL,Kg,kg,0.35
2019-03-01,0.36,"Wheat (flour, first grade)",Kazakhstan,National Average,RETAIL,Kg,kg,0.36
2019-04-01,0.37,"Wheat (flour, first grade)",Kazakhstan,National Average,RETAIL,Kg,kg,0.37
2019-05-01,0.38,"Wheat (flour, first grade)",Kazakhstan,National Average,RETAIL,Kg,kg,0.38
2019-06-01,0.38,"Wheat (flour, first grade)",Kazakhstan,National Average,RETAIL,Kg,kg,0.38
2019-07-01,0.38,"Wheat (flour, first grade)",Kazakhstan,National Average,RETAIL,Kg,kg,0.38
2019-08-01,0.38,"Wheat (flour, first grade)",Kazakhstan,National Average,RETAIL,Kg,kg,0.38
2019-09-01,0.38,"Wheat (flour, first grade)",Kazakhstan,National Average,RETAIL,Kg,kg,0.38
2019-10-01,0.4,"Wheat (flour, first grade)",Kazakhstan,National Average,RETAIL,Kg,kg,0.4
2019-11-01,0.42,"Wheat (flour, first grade)",Kazakhstan,National Average,RETAIL,Kg,kg,0.42
2019-12-01,0.44,"Wheat (flour, first grade)",Kazakhstan,National Average,RETAIL,Kg,kg,0.44
2020-01-01,0.44,"Wheat (flour, first grade)",Kazakhstan,National Average,RETAIL,Kg,kg,0.44
2020-02-01,0.45,"Wheat (flour, first grade)",Kazakhstan,National Average,RETAIL,Kg,kg,0.45
2020-03-01,0.42,"Wheat (flour, first grade)",Kazakhstan,National Average,RETAIL,Kg,kg,0.42
2020-04-01,0.39,"Wheat (flour, first grade)",Kazakhstan,National Average,RETAIL,Kg,kg,0.39
2020-05-01,0.41,"Wheat (flour, first grade)",Kazakhstan,National Average,RETAIL,Kg,kg,0.41
2020-06-01,0.43,"Wheat (flour, first grade)",Kazakhstan,National Average,RETAIL,Kg,kg,0.43
2020-07-01,0.43,"Wheat (flour, first grade)",Kazakhstan,National Average,RETAIL,Kg,kg,0.43
2020-08-01,0.43,"Wheat (flour, first grade)",Kazakhstan,National Average,RETAIL,Kg,kg,0.43
2020-09-01,0.43,"Wheat (flour, first grade)",Kazakhstan,National Average,RETAIL,Kg,kg,0.43
2020-10-01,0.42,"Wheat (flour, first grade)",Kazakhstan,National Average,RETAIL,Kg,kg,0.42
2020-11-01,0.43,"Wheat (flour, first grade)",Kazakhstan,National Average,RETAIL,Kg,kg,0.43
2020-12-01,0.44,"Wheat (flour, first grade)",Kazakhstan,National Average,RETAIL,Kg,kg,0.44
2021-01-01,0.43,"Wheat (flour, first grade)",Kazakhstan,National Average,RETAIL,Kg,kg,0.43
2021-02-01,0.43,"Wheat (flour, first grade)",Kazakhstan,National Average,RETAIL,Kg,kg,0.43
2021-03-01,0.43,"Wheat (flour, first grade)",Kazakhstan,National Average,RETAIL,Kg,kg,0.43
2021-04-01,0.42,"Wheat (flour, first grade)",Kazakhstan,National Average,RETAIL,Kg,kg,0.42
2021-05-01,0.42,"Wheat (flour, first grade)",Kazakhstan,National Average,RETAIL,Kg,kg,0.42
2021-06-01,0.43,"Wheat (flour, first grade)",Kazakhstan,National Average,RETAIL,Kg,kg,0.43
2021-07-01,0.43,"Wheat (flour, first grade)",Kazakhstan,National Average,RETAIL,Kg,kg,0.43
2021-08-01,0.43,"Wheat (flour, first grade)",Kazakhstan,National Average,RETAIL,Kg,kg,0.43
2021-09-01,0.43,"Wheat (flour, first grade)",Kazakhstan,National Average,RETAIL,Kg,kg,0.43
2021-10-01,0.43,"Wheat (flour, first grade)",Kazakhstan,National Average,RETAIL,Kg,kg,0.43
2021-11-01,0.43,"Wheat (flour, first grade)",Kazakhstan,National Average,RETAIL,Kg,kg,0.43
2021-12-01,0.43,"Wheat (flour, first grade)",Kazakhstan,National Average,RETAIL,Kg,kg,0.43
2022-01-01,0.43,"Wheat (flour, first grade)",Kazakhstan,National Average,RETAIL,Kg,kg,0.43
2022-02-01,0.43,"Wheat (flour, first grade)",Kazakhstan,National Average,RETAIL,Kg,kg,0.43
2022-03-01,0.38,"Wheat (flour, first grade)",Kazakhstan,National Average,RETAIL,Kg,kg,0.38
2022-04-01,0.44,"Wheat (flour, first grade)",Kazakhstan,National Average,RETAIL,Kg,kg,0.44
2022-05-01,0.49,"Wheat (flour, first grade)",Kazakhstan,National Average,RETAIL,Kg,kg,0.49
2022-06-01,0.48,"Wheat (flour, first grade)",Kazakhstan,National Average,RETAIL,Kg,kg,0.48
2022-07-01,0.47,"Wheat (flour, first grade)",Kazakhstan,National Average,RETAIL,Kg,kg,0.47
2022-08-01,0.48,"Wheat (flour, first grade)",Kazakhstan,National Average,RETAIL,Kg,kg,0.48
2022-09-01,0.49,"Wheat (flour, first grade)",Kazakhstan,National Average,RETAIL,Kg,kg,0.49
2022-10-01,0.52,"Wheat (flour, first grade)",Kazakhstan,National Average,RETAIL,Kg,kg,0.52
2022-11-01,0.52,"Wheat (flour, first grade)",Kazakhstan,National Average,RETAIL,Kg,kg,0.52
2022-12-01,0.52,"Wheat (flour, first grade)",Kazakhstan,National Average,RETAIL,Kg,kg,0.52
2023-01-01,0.52,"Wheat (flour, first grade)",Kazakhstan,National Average,RETAIL,Kg,kg,0.52
2023-02-01,0.53,"Wheat (flour, first grade)",Kazakhstan,National Average,RETAIL,Kg,kg,0.53
2023-03-01,0.54,"Wheat (flour, first grade)",Kazakhstan,National Average,RETAIL,Kg,kg,0.54
2023-04-01,0.53,"Wheat (flour, first grade)",Kazakhstan,National Average,RETAIL,Kg,kg,0.53
2023-05-01,0.53,"Wheat (flour, first grade)",Kazakhstan,National Average,RETAIL,Kg,kg,0.53
2023-06-01,0.52,"Wheat (flour, first grade)",Kazakhstan,National Average,RETAIL,Kg,kg,0.52
2023-07-01,0.52,"Wheat (flour, first grade)",Kazakhstan,National Average,RETAIL,Kg,kg,0.52
2023-08-01,0.51,"Wheat (flour, first grade)",Kazakhstan,National Average,RETAIL,Kg,kg,0.51
2023-09-01,0.49,"Wheat (flour, first grade)",Kazakhstan,National Average,RETAIL,Kg,kg,0.49
2023-10-01,0.5,"Wheat (flour, first grade)",Kazakhstan,National Average,RETAIL,Kg,kg,0.5
2023-11-01,0.52,"Wheat (flour, first grade)",Kazakhstan,National Average,RETAIL,Kg,kg,0.52
2023-12-01,0.52,"Wheat (flour, first grade)",Kazakhstan,National Average,RETAIL,Kg,kg,0.52
2024-01-01,0.52,"Wheat (flour, first grade)",Kazakhstan,National Average,RETAIL,Kg,kg,0.52
2024-02-01,0.52,"Wheat (flour, first grade)",Kazakhstan,National Average,RETAIL,Kg,kg,0.52
2024-03-01,0.52,"Wheat (flour, first grade)",Kazakhstan,National Average,RETAIL,Kg,kg,0.52
2024-04-01,,"Wheat (flour, first grade)",Kazakhstan,National Average,RETAIL,Kg,kg,
2024-05-01,0.53,"Wheat (flour, first grade)",Kazakhstan,National Average,RETAIL,Kg,kg,0.53
2024-06-01,0.51,"Wheat (flour, first grade)",Kazakhstan,National Average,RETAIL,Kg,kg,0.51
2024-07-01,0.48,"Wheat (flour, first grade)",Kazakhstan,National Average,RETAIL,Kg,kg,0.48
2024-08-01,0.48,"Wheat (flour, first grade)",Kazakhstan,National Average,RETAIL,Kg,kg,0.48
2024-09-01,0.48,"Wheat (flour, first grade)",Kazakhstan,National Average,RETAIL,Kg,kg,0.48
2024-10-01,0.46,"Wheat (flour, first grade)",Kazakhstan,National Average,RETAIL,Kg,kg,0.46
2024-11-01,0.45,"Wheat (flour, first grade)",Kazakhstan,National Average,RETAIL,Kg,kg,0.45
2024-12-01,0.43,"Wheat (flour, first grade)",Kazakhstan,National Average,RETAIL,Kg,kg,0.43
2025-01-01,0.43,"Wheat (flour, first grade)",Kazakhstan,National Average,RETAIL,Kg,kg,0.43
2025-02-01,0.44,"Wheat (flour, first grade)",Kazakhstan,National Average,RETAIL,Kg,kg,0.44
2025-03-01,0.45,"Wheat (flour, first grade)",Kazakhstan,National Average,RETAIL,Kg,kg,0.45
2025-04-01,0.43,"Wheat (flour, first grade)",Kazakhstan,National Average,RETAIL,Kg,kg,0.43
2025-05-01,0.43,"Wheat (flour, first grade)",Kazakhstan,National Average,RETAIL,Kg,kg,0.43
2025-06-01,0.43,"Wheat (flour, first grade)",Kazakhstan,National Average,RETAIL,Kg,kg,0.43
2025-07-01,0.42,"Wheat (flour, first grade)",Kazakhstan,National Average,RETAIL,Kg,kg,0.42
2025-08-01,0.42,"Wheat (flour, first grade)",Kazakhstan,National Average,RETAIL,Kg,kg,0.42
2025-09-01,0.42,"Wheat (flour, first grade)",Kazakhstan,National Average,RETAIL,Kg,kg,0.42
2025-10-01,0.42,"Wheat (flour, first grade)",Kazakhstan,National Average,RETAIL,Kg,kg,0.42
2022-01-01,0.39,"Wheat (flour, first grade)",Kazakhstan,Shymkent,RETAIL,Kg,kg,0.39
2022-02-01,0.4,"Wheat (flour, first grade)",Kazakhstan,Shymkent,RETAIL,Kg,kg,0.4
2022-03-01,0.35,"Wheat (flour, first grade)",Kazakhstan,Shymkent,RETAIL,Kg,kg,0.35
2022-04-01,0.41,"Wheat (flour, first grade)",Kazakhstan,Shymkent,RETAIL,Kg,kg,0.41
2022-05-01,0.45,"Wheat (flour, first grade)",Kazakhstan,Shymkent,RETAIL,Kg,kg,0.45
2022-06-01,0.45,"Wheat (flour, first grade)",Kazakhstan,Shymkent,RETAIL,Kg,kg,0.45
2022-07-01,0.42,"Wheat (flour, first grade)",Kazakhstan,Shymkent,RETAIL,Kg,kg,0.42
2022-08-01,0.43,"Wheat (flour, first grade)",Kazakhstan,Shymkent,RETAIL,Kg,kg,0.43
2022-09-01,0.43,"Wheat (flour, first grade)",Kazakhstan,Shymkent,RETAIL,Kg,kg,0.43
2022-10-01,0.43,"Wheat (flour, first grade)",Kazakhstan,Shymkent,RETAIL,Kg,kg,0.43
2022-11-01,0.43,"Wheat (flour, first grade)",Kazakhstan,Shymkent,RETAIL,Kg,kg,0.43
2022-12-01,0.43,"Wheat (flour, first grade)",Kazakhstan,Shymkent,RETAIL,Kg,kg,0.43
2023-01-01,0.42,"Wheat (flour, first grade)",Kazakhstan,Shymkent,RETAIL,Kg,kg,0.42
2023-02-01,0.43,"Wheat (flour, first grade)",Kazakhstan,Shymkent,RETAIL,Kg,kg,0.43
2023-03-01,0.43,"Wheat (flour, first grade)",Kazakhstan,Shymkent,RETAIL,Kg,kg,0.43
2023-04-01,0.43,"Wheat (flour, first grade)",Kazakhstan,Shymkent,RETAIL,Kg,kg,0.43
2023-05-01,0.41,"Wheat (flour, first grade)",Kazakhstan,Shymkent,RETAIL,Kg,kg,0.41
2023-06-01,0.4,"Wheat (flour, first grade)",Kazakhstan,Shymkent,RETAIL,Kg,kg,0.4
2023-07-01,0.4,"Wheat (flour, first grade)",Kazakhstan,Shymkent,RETAIL,Kg,kg,0.4
2023-08-01,0.39,"Wheat (flour, first grade)",Kazakhstan,Shymkent,RETAIL,Kg,kg,0.39
2023-09-01,0.39,"Wheat (flour, first grade)",Kazakhstan,Shymkent,RETAIL,Kg,kg,0.39
2023-10-01,0.39,"Wheat (flour, first grade)",Kazakhstan,Shymkent,RETAIL,Kg,kg,0.39
2023-11-01,0.4,"Wheat (flour, first grade)",Kazakhstan,Shymkent,RETAIL,Kg,kg,0.4
2023-12-01,0.4,"Wheat (flour, first grade)",Kazakhstan,Shymkent,RETAIL,Kg,kg,0.4
2024-01-01,0.41,"Wheat (flour, first grade)",Kazakhstan,Shymkent,RETAIL,Kg,kg,0.41
2024-02-01,0.4,"Wheat (flour, first grade)",Kazakhstan,Shymkent,RETAIL,Kg,kg,0.4
2024-03-01,0.38,"Wheat (flour, first grade)",Kazakhstan,Shymkent,RETAIL,Kg,kg,0.38
2024-04-01,,"Wheat (flour, first grade)",Kazakhstan,Shymkent,RETAIL,Kg,kg,
2024-05-01,0.39,"Wheat (flour, first grade)",Kazakhstan,Shymkent,RETAIL,Kg,kg,0.39
2024-06-01,0.38,"Wheat (flour, first grade)",Kazakhstan,Shymkent,RETAIL,Kg,kg,0.38
2024-07-01,0.36,"Wheat (flour, first grade)",Kazakhstan,Shymkent,RETAIL,Kg,kg,0.36
2024-08-01,0.36,"Wheat (flour, first grade)",Kazakhstan,Shymkent,RETAIL,Kg,kg,0.36
2024-09-01,0.36,"Wheat (flour, first grade)",Kazakhstan,Shymkent,RETAIL,Kg,kg,0.36
2024-10-01,0.35,"Wheat (flour, first grade)",Kazakhstan,Shymkent,RETAIL,Kg,kg,0.35
2024-11-01,0.34,"Wheat (flour, first grade)",Kazakhstan,Shymkent,RETAIL,Kg,kg,0.34
2024-12-01,0.32,"Wheat (flour, first grade)",Kazakhstan,Shymkent,RETAIL,Kg,kg,0.32
2025-01-01,0.32,"Wheat (flour, first grade)",Kazakhstan,Shymkent,RETAIL,Kg,kg,0.32
2025-02-01,0.34,"Wheat (flour, first grade)",Kazakhstan,Shymkent,RETAIL,Kg,kg,0.34
2025-03-01,0.34,"Wheat (flour, first grade)",Kazakhstan,Shymkent,RETAIL,Kg,kg,0.34
2025-04-01,0.33,"Wheat (flour, first grade)",Kazakhstan,Shymkent,RETAIL,Kg,kg,0.33
2025-05-01,0.33,"Wheat (flour, first grade)",Kazakhstan,Shymkent,RETAIL,Kg,kg,0.33
2025-06-01,0.33,"Wheat (flour, first grade)",Kazakhstan,Shymkent,RETAIL,Kg,kg,0.33
2025-07-01,0.32,"Wheat (flour, first grade)",Kazakhstan,Shymkent,RETAIL,Kg,kg,0.32
2025-08-01,0.32,"Wheat (flour, first grade)",Kazakhstan,Shymkent,RETAIL,Kg,kg,0.32
2025-09-01,0.32,"Wheat (flour, first grade)",Kazakhstan,Shymkent,RETAIL,Kg,kg,0.32
2025-10-01,0.32,"Wheat (flour, first grade)",Kazakhstan,Shymkent,RETAIL,Kg,kg,0.32
2005-01-01,0.32,"Wheat (flour, first grade)",Kyrgyzstan,Batken,RETAIL,Kg,kg,0.32
2005-02-01,0.32,"Wheat (flour, first grade)",Kyrgyzstan,Batken,RETAIL,Kg,kg,0.32
2005-03-01,0.33,"Wheat (flour, first grade)",Kyrgyzstan,Batken,RETAIL,Kg,kg,0.33
2005-04-01,0.36,"Wheat (flour, first grade)",Kyrgyzstan,Batken,RETAIL,Kg,kg,0.36
2005-05-01,0.37,"Wheat (flour, first grade)",Kyrgyzstan,Batken,RETAIL,Kg,kg,0.37
2005-06-01,0.37,"Wheat (flour, first grade)",Kyrgyzstan,Batken,RETAIL,Kg,kg,0.37
2005-07-01,0.37,"Wheat (flour, first grade)",Kyrgyzstan,Batken,RETAIL,Kg,kg,0.37
2005-08-01,0.37,"Wheat (flour, first grade)",Kyrgyzstan,Batken,RETAIL,Kg,kg,0.37
2005-09-01,0.37,"Wheat (flour, first grade)",Kyrgyzstan,Batken,RETAIL,Kg,kg,0.37
2005-10-01,0.37,"Wheat (flour, first grade)",Kyrgyzstan,Batken,RETAIL,Kg,kg,0.37
2005-11-01,0.37,"Wheat (flour, first grade)",Kyrgyzstan,Batken,RETAIL,Kg,kg,0.37
2005-12-01,0.36,"Wheat (flour, first grade)",Kyrgyzstan,Batken,RETAIL,Kg,kg,0.36
2006-01-01,0.36,"Wheat (flour, first grade)",Kyrgyzstan,Batken,RETAIL,Kg,kg,0.36
2006-02-01,0.31,"Wheat (flour, first grade)",Kyrgyzstan,Batken,RETAIL,Kg,kg,0.31
2006-03-01,0.31,"Wheat (flour, first grade)",Kyrgyzstan,Batken,RETAIL,Kg,kg,0.31
2006-04-01,0.32,"Wheat (flour, first grade)",Kyrgyzstan,Batken,RETAIL,Kg,kg,0.32
2006-05-01,0.32,"Wheat (flour, first grade)",Kyrgyzstan,Batken,RETAIL,Kg,kg,0.32
2006-06-01,0.32,"Wheat (flour, first grade)",Kyrgyzstan,Batken,RETAIL,Kg,kg,0.32
2006-07-01,0.33,"Wheat (flour, first grade)",Kyrgyzstan,Batken,RETAIL,Kg,kg,0.33
2006-08-01,0.33,"Wheat (flour, first grade)",Kyrgyzstan,Batken,RETAIL,Kg,kg,0.33
2006-09-01,0.33,"Wheat (flour, first grade)",Kyrgyzstan,Batken,RETAIL,Kg,kg,0.33
2006-10-01,0.33,"Wheat (flour, first grade)",Kyrgyzstan,Batken,RETAIL,Kg,kg,0.33
2006-11-01,0.33,"Wheat (flour, first grade)",Kyrgyzstan,Batken,RETAIL,Kg,kg,0.33
2006-12-01,0.34,"Wheat (flour, first grade)",Kyrgyzstan,Batken,RETAIL,Kg,kg,0.34
2007-01-01,0.35,"Wheat (flour, first grade)",Kyrgyzstan,Batken,RETAIL,Kg,kg,0.35
2007-02-01,0.36,"Wheat (flour, first grade)",Kyrgyzstan,Batken,RETAIL,Kg,kg,0.36
2007-03-01,0.37,"Wheat (flour, first grade)",Kyrgyzstan,Batken,RETAIL,Kg,kg,0.37
2007-04-01,0.37,"Wheat (flour, first grade)",Kyrgyzstan,Batken,RETAIL,Kg,kg,0.37
2007-05-01,0.37,"Wheat (flour, first grade)",Kyrgyzstan,Batken,RETAIL,Kg,kg,0.37
2007-06-01,0.37,"Wheat (flour, first grade)",Kyrgyzstan,Batken,RETAIL,Kg,kg,0.37
2007-07-01,0.42,"Wheat (flour, first grade)",Kyrgyzstan,Batken,RETAIL,Kg,kg,0.42
2007-08-01,0.52,"Wheat (flour, first grade)",Kyrgyzstan,Batken,RETAIL,Kg,kg,0.52
2007-09-01,0.6,"Wheat (flour, first grade)",Kyrgyzstan,Batken,RETAIL,Kg,kg,0.6
2007-10-01,0.83,"Wheat (flour, first grade)",Kyrgyzstan,Batken,RETAIL,Kg,kg,0.83
2007-11-01,0.79,"Wheat (flour, first grade)",Kyrgyzstan,Batken,RETAIL,Kg,kg,0.79
2007-12-01,0.77,"Wheat (flour, first grade)",Kyrgyzstan,Batken,RETAIL,Kg,kg,0.77
2008-01-01,0.75,"Wheat (flour, first grade)",Kyrgyzstan,Batken,RETAIL,Kg,kg,0.75
2008-02-01,0.74,"Wheat (flour, first grade)",Kyrgyzstan,Batken,RETAIL,Kg,kg,0.74
2008-03-01,0.73,"Wheat (flour, first grade)",Kyrgyzstan,Batken,RETAIL,Kg,kg,0.73
2008-04-01,0.7,"Wheat (flour, first grade)",Kyrgyzstan,Batken,RETAIL,Kg,kg,0.7
2008-05-01,0.77,"Wheat (flour, first grade)",Kyrgyzstan,Batken,RETAIL,Kg,kg,0.77
2008-06-01,0.83,"Wheat (flour, first grade)",Kyrgyzstan,Batken,RETAIL,Kg,kg,0.83
2008-07-01,0.85,"Wheat (flour, first grade)",Kyrgyzstan,Batken,RETAIL,Kg,kg,0.85
2008-08-01,0.86,"Wheat (flour, first grade)",Kyrgyzstan,Batken,RETAIL,Kg,kg,0.86
2008-09-01,0.82,"Wheat (flour, first grade)",Kyrgyzstan,Batken,RETAIL,Kg,kg,0.82
2008-10-01,0.76,"Wheat (flour, first grade)",Kyrgyzstan,Batken,RETAIL,Kg,kg,0.76
2008-11-01,0.69,"Wheat (flour, first grade)",Kyrgyzstan,Batken,RETAIL,Kg,kg,0.69
2008-12-01,0.63,"Wheat (flour, first grade)",Kyrgyzstan,Batken,RETAIL,Kg,kg,0.63
2009-01-01,0.53,"Wheat (flour, first grade)",Kyrgyzstan,Batken,RETAIL,Kg,kg,0.53
2009-02-01,0.49,"Wheat (flour, first grade)",Kyrgyzstan,Batken,RETAIL,Kg,kg,0.49
2009-03-01,0.46,"Wheat (flour, first grade)",Kyrgyzstan,Batken,RETAIL,Kg,kg,0.46
2009-04-01,0.43,"Wheat (flour, first grade)",Kyrgyzstan,Batken,RETAIL,Kg,kg,0.43
2009-05-01,0.42,"Wheat (flour, first grade)",Kyrgyzstan,Batken,RETAIL,Kg,kg,0.42
2009-06-01,0.42,"Wheat (flour, first grade)",Kyrgyzstan,Batken,RETAIL,Kg,kg,0.42
2009-07-01,0.41,"Wheat (flour, first grade)",Kyrgyzstan,Batken,RETAIL,Kg,kg,0.41
2009-08-01,0.41,"Wheat (flour, first grade)",Kyrgyzstan,Batken,RETAIL,Kg,kg,0.41
2009-09-01,0.39,"Wheat (flour, first grade)",Kyrgyzstan,Batken,RETAIL,Kg,kg,0.39
2009-10-01,0.42,"Wheat (flour, first grade)",Kyrgyzstan,Batken,RETAIL,Kg,kg,0.42
2009-11-01,0.43,"Wheat (flour, first grade)",Kyrgyzstan,Batken,RETAIL,Kg,kg,0.43
2009-12-01,0.43,"Wheat (flour, first grade)",Kyrgyzstan,Batken,RETAIL,Kg,kg,0.43
2010-01-01,0.41,"Wheat (flour, first grade)",Kyrgyzstan,Batken,RETAIL,Kg,kg,0.41
2010-02-01,0.38,"Wheat (flour, first grade)",Kyrgyzstan,Batken,RETAIL,Kg,kg,0.38
2010-03-01,0.41,"Wheat (flour, first grade)",Kyrgyzstan,Batken,RETAIL,Kg,kg,0.41
2010-04-01,0.36,"Wheat (flour, first grade)",Kyrgyzstan,Batken,RETAIL,Kg,kg,0.36
2010-05-01,0.36,"Wheat (flour, first grade)",Kyrgyzstan,Batken,RETAIL,Kg,kg,0.36
2010-06-01,0.4,"Wheat (flour, first grade)",Kyrgyzstan,Batken,RETAIL,Kg,kg,0.4
2010-07-01,0.41,"Wheat (flour, first grade)",Kyrgyzstan,Batken,RETAIL,Kg,kg,0.41
2010-08-01,0.48,"Wheat (flour, first grade)",Kyrgyzstan,Batken,RETAIL,Kg,kg,0.48
2010-09-01,0.53,"Wheat (flour, first grade)",Kyrgyzstan,Batken,RETAIL,Kg,kg,0.53
2010-10-01,0.54,"Wheat (flour, first grade)",Kyrgyzstan,Batken,RETAIL,Kg,kg,0.54
2010-11-01,0.58,"Wheat (flour, first grade)",Kyrgyzstan,Batken,RETAIL,Kg,kg,0.58
2010-12-01,0.59,"Wheat (flour, first grade)",Kyrgyzstan,Batken,RETAIL,Kg,kg,0.59
2011-01-01,0.6,"Wheat (flour, first grade)",Kyrgyzstan,Batken,RETAIL,Kg,kg,0.6
2011-02-01,0.62,"Wheat (flour, first grade)",Kyrgyzstan,Batken,RETAIL,Kg,kg,0.62
2011-03-01,0.63,"Wheat (flour, first grade)",Kyrgyzstan,Batken,RETAIL,Kg,kg,0.63
2011-04-01,0.64,"Wheat (flour, first grade)",Kyrgyzstan,Batken,RETAIL,Kg,kg,0.64
2011-05-01,0.64,"Wheat (flour, first grade)",Kyrgyzstan,Batken,RETAIL,Kg,kg,0.64
2011-06-01,0.64,"Wheat (flour, first grade)",Kyrgyzstan,Batken,RETAIL,Kg,kg,0.64
2011-07-01,0.64,"Wheat (flour, first grade)",Kyrgyzstan,Batken,RETAIL,Kg,kg,0.64
2011-08-01,0.66,"Wheat (flour, first grade)",Kyrgyzstan,Batken,RETAIL,Kg,kg,0.66
2011-09-01,0.67,"Wheat (flour, first grade)",Kyrgyzstan,Batken,RETAIL,Kg,kg,0.67
2011-10-01,0.65,"Wheat (flour, first grade)",Kyrgyzstan,Batken,RETAIL,Kg,kg,0.65
2011-11-01,0.62,"Wheat (flour, first grade)",Kyrgyzstan,Batken,RETAIL,Kg,kg,0.62
2011-12-01,0.58,"Wheat (flour, first grade)",Kyrgyzstan,Batken,RETAIL,Kg,kg,0.58
2012-01-01,0.58,"Wheat (flour, first grade)",Kyrgyzstan,Batken,RETAIL,Kg,kg,0.58
2012-02-01,0.56,"Wheat (flour, first grade)",Kyrgyzstan,Batken,RETAIL,Kg,kg,0.56
2012-03-01,0.54,"Wheat (flour, first grade)",Kyrgyzstan,Batken,RETAIL,Kg,kg,0.54
2012-04-01,0.53,"Wheat (flour, first grade)",Kyrgyzstan,Batken,RETAIL,Kg,kg,0.53
2012-05-01,0.53,"Wheat (flour, first grade)",Kyrgyzstan,Batken,RETAIL,Kg,kg,0.53
2012-06-01,0.49,"Wheat (flour, first grade)",Kyrgyzstan,Batken,RETAIL,Kg,kg,0.49
2012-07-01,0.45,"Wheat (flour, first grade)",Kyrgyzstan,Batken,RETAIL,Kg,kg,0.45
2012-08-01,0.59,"Wheat (flour, first grade)",Kyrgyzstan,Batken,RETAIL,Kg,kg,0.59
2012-09-01,0.58,"Wheat (flour, first grade)",Kyrgyzstan,Batken,RETAIL,Kg,kg,0.58
2012-10-01,0.66,"Wheat (flour, first grade)",Kyrgyzstan,Batken,RETAIL,Kg,kg,0.66
2012-11-01,0.66,"Wheat (flour, first grade)",Kyrgyzstan,Batken,RETAIL,Kg,kg,0.66
2012-12-01,0.64,"Wheat (flour, first grade)",Kyrgyzstan,Batken,RETAIL,Kg,kg,0.64
2013-01-01,0.63,"Wheat (flour, first grade)",Kyrgyzstan,Batken,RETAIL,Kg,kg,0.63
2013-02-01,0.63,"Wheat (flour, first grade)",Kyrgyzstan,Batken,RETAIL,Kg,kg,0.63
2013-03-01,0.63,"Wheat (flour, first grade)",Kyrgyzstan,Batken,RETAIL,Kg,kg,0.63
2013-04-01,0.62,"Wheat (flour, first grade)",Kyrgyzstan,Batken,RETAIL,Kg,kg,0.62
2013-05-01,0.6,"Wheat (flour, first grade)",Kyrgyzstan,Batken,RETAIL,Kg,kg,0.6
2013-06-01,0.58,"Wheat (flour, first grade)",Kyrgyzstan,Batken,RETAIL,Kg,kg,0.58
2013-07-01,0.55,"Wheat (flour, first grade)",Kyrgyzstan,Batken,RETAIL,Kg,kg,0.55
2013-08-01,0.59,"Wheat (flour, first grade)",Kyrgyzstan,Batken,RETAIL,Kg,kg,0.59
2013-09-01,0.6,"Wheat (flour, first grade)",Kyrgyzstan,Batken,RETAIL,Kg,kg,0.6
2013-10-01,0.61,"Wheat (flour, first grade)",Kyrgyzstan,Batken,RETAIL,Kg,kg,0.61
2013-11-01,0.6,"Wheat (flour, first grade)",Kyrgyzstan,Batken,RETAIL,Kg,kg,0.6
2013-12-01,0.56,"Wheat (flour, first grade)",Kyrgyzstan,Batken,RETAIL,Kg,kg,0.56
2014-01-01,0.55,"Wheat (flour, first grade)",Kyrgyzstan,Batken,RETAIL,Kg,kg,0.55
2014-02-01,0.57,"Wheat (flour, first grade)",Kyrgyzstan,Batken,RETAIL,Kg,kg,0.57
2014-03-01,0.54,"Wheat (flour, first grade)",Kyrgyzstan,Batken,RETAIL,Kg,kg,0.54
2014-04-01,0.54,"Wheat (flour, first grade)",Kyrgyzstan,Batken,RETAIL,Kg,kg,0.54
2014-05-01,0.56,"Wheat (flour, first grade)",Kyrgyzstan,Batken,RETAIL,Kg,kg,0.56
2014-06-01,0.57,"Wheat (flour, first grade)",Kyrgyzstan,Batken,RETAIL,Kg,kg,0.57
2014-07-01,0.57,"Wheat (flour, first grade)",Kyrgyzstan,Batken,RETAIL,Kg,kg,0.57
2014-08-01,0.58,"Wheat (flour, first grade)",Kyrgyzstan,Batken,RETAIL,Kg,kg,0.58
2014-09-01,0.58,"Wheat (flour, first grade)",Kyrgyzstan,Batken,RETAIL,Kg,kg,0.58
2014-10-01,0.57,"Wheat (flour, first grade)",Kyrgyzstan,Batken,RETAIL,Kg,kg,0.57
2014-11-01,0.59,"Wheat (flour, first grade)",Kyrgyzstan,Batken,RETAIL,Kg,kg,0.59
2014-12-01,0.67,"Wheat (flour, first grade)",Kyrgyzstan,Batken,RETAIL,Kg,kg,0.67
2015-01-01,0.6,"Wheat (flour, first grade)",Kyrgyzstan,Batken,RETAIL,Kg,kg,0.6
2015-02-01,0.58,"Wheat (flour, first grade)",Kyrgyzstan,Batken,RETAIL,Kg,kg,0.58
2015-03-01,0.55,"Wheat (flour, first grade)",Kyrgyzstan,Batken,RETAIL,Kg,kg,0.55
2015-04-01,0.54,"Wheat (flour, first grade)",Kyrgyzstan,Batken,RETAIL,Kg,kg,0.54
2015-05-01,0.59,"Wheat (flour, first grade)",Kyrgyzstan,Batken,RETAIL,Kg,kg,0.59
2015-06-01,0.55,"Wheat (flour, first grade)",Kyrgyzstan,Batken,RETAIL,Kg,kg,0.55
2015-07-01,0.54,"Wheat (flour, first grade)",Kyrgyzstan,Batken,RETAIL,Kg,kg,0.54
2015-08-01,0.56,"Wheat (flour, first grade)",Kyrgyzstan,Batken,RETAIL,Kg,kg,0.56
2015-09-01,0.51,"Wheat (flour, first grade)",Kyrgyzstan,Batken,RETAIL,Kg,kg,0.51
2015-10-01,0.48,"Wheat (flour, first grade)",Kyrgyzstan,Batken,RETAIL,Kg,kg,0.48
2015-11-01,0.44,"Wheat (flour, first grade)",Kyrgyzstan,Batken,RETAIL,Kg,kg,0.44
2015-12-01,0.4,"Wheat (flour, first grade)",Kyrgyzstan,Batken,RETAIL,Kg,kg,0.4
2016-01-01,0.41,"Wheat (flour, first grade)",Kyrgyzstan,Batken,RETAIL,Kg,kg,0.41
2016-02-01,0.41,"Wheat (flour, first grade)",Kyrgyzstan,Batken,RETAIL,Kg,kg,0.41
2016-03-01,0.35,"Wheat (flour, first grade)",Kyrgyzstan,Batken,RETAIL,Kg,kg,0.35
2016-04-01,0.37,"Wheat (flour, first grade)",Kyrgyzstan,Batken,RETAIL,Kg,kg,0.37
2016-05-01,0.4,"Wheat (flour, first grade)",Kyrgyzstan,Batken,RETAIL,Kg,kg,0.4
2016-06-01,0.42,"Wheat (flour, first grade)",Kyrgyzstan,Batken,RETAIL,Kg,kg,0.42
2016-07-01,0.41,"Wheat (flour, first grade)",Kyrgyzstan,Batken,RETAIL,Kg,kg,0.41
2016-08-01,0.42,"Wheat (flour, first grade)",Kyrgyzstan,Batken,RETAIL,Kg,kg,0.42
2016-09-01,0.41,"Wheat (flour, first grade)",Kyrgyzstan,Batken,RETAIL,Kg,kg,0.41
2016-10-01,0.41,"Wheat (flour, first grade)",Kyrgyzstan,Batken,RETAIL,Kg,kg,0.41
2016-11-01,0.41,"Wheat (flour, first grade)",Kyrgyzstan,Batken,RETAIL,Kg,kg,0.41
2016-12-01,0.41,"Wheat (flour, first grade)",Kyrgyzstan,Batken,RETAIL,Kg,kg,0.41
2017-01-01,0.41,"Wheat (flour, first grade)",Kyrgyzstan,Batken,RETAIL,Kg,kg,0.41
2017-02-01,0.41,"Wheat (flour, first grade)",Kyrgyzstan,Batken,RETAIL,Kg,kg,0.41
2017-03-01,0.41,"Wheat (flour, first grade)",Kyrgyzstan,Batken,RETAIL,Kg,kg,0.41
2017-04-01,0.4,"Wheat (flour, first grade)",Kyrgyzstan,Batken,RETAIL,Kg,kg,0.4
2017-05-01,0.4,"Wheat (flour, first grade)",Kyrgyzstan,Batken,RETAIL,Kg,kg,0.4
2017-06-01,0.39,"Wheat (flour, first grade)",Kyrgyzstan,Batken,RETAIL,Kg,kg,0.39
2017-07-01,0.39,"Wheat (flour, first grade)",Kyrgyzstan,Batken,RETAIL,Kg,kg,0.39
2017-08-01,0.39,"Wheat (flour, first grade)",Kyrgyzstan,Batken,RETAIL,Kg,kg,0.39
2017-09-01,0.39,"Wheat (flour, first grade)",Kyrgyzstan,Batken,RETAIL,Kg,kg,0.39
2017-10-01,0.38,"Wheat (flour, first grade)",Kyrgyzstan,Batken,RETAIL,Kg,kg,0.38
2017-11-01,0.39,"Wheat (flour, first grade)",Kyrgyzstan,Batken,RETAIL,Kg,kg,0.39
2017-12-01,0.42,"Wheat (flour, first grade)",Kyrgyzstan,Batken,RETAIL,Kg,kg,0.42
2018-01-01,0.38,"Wheat (flour, first grade)",Kyrgyzstan,Batken,RETAIL,Kg,kg,0.38
2018-02-01,0.37,"Wheat (flour, first grade)",Kyrgyzstan,Batken,RETAIL,Kg,kg,0.37
2018-03-01,0.37,"Wheat (flour, first grade)",Kyrgyzstan,Batken,RETAIL,Kg,kg,0.37
2018-04-01,0.38,"Wheat (flour, first grade)",Kyrgyzstan,Batken,RETAIL,Kg,kg,0.38
2018-05-01,0.38,"Wheat (flour, first grade)",Kyrgyzstan,Batken,RETAIL,Kg,kg,0.38
2018-06-01,0.38,"Wheat (flour, first grade)",Kyrgyzstan,Batken,RETAIL,Kg,kg,0.38
2018-07-01,0.38,"Wheat (flour, first grade)",Kyrgyzstan,Batken,RETAIL,Kg,kg,0.38
2018-08-01,0.38,"Wheat (flour, first grade)",Kyrgyzstan,Batken,RETAIL,Kg,kg,0.38
2018-09-01,0.37,"Wheat (flour, first grade)",Kyrgyzstan,Batken,RETAIL,Kg,kg,0.37
2018-10-01,0.38,"Wheat (flour, first grade)",Kyrgyzstan,Batken,RETAIL,Kg,kg,0.38
2018-11-01,0.39,"Wheat (flour, first grade)",Kyrgyzstan,Batken,RETAIL,Kg,kg,0.39
2018-12-01,0.39,"Wheat (flour, first grade)",Kyrgyzstan,Batken,RETAIL,Kg,kg,0.39
2019-01-01,0.39,"Wheat (flour, first grade)",Kyrgyzstan,Batken,RETAIL,Kg,kg,0.39
2019-02-01,0.39,"Wheat (flour, first grade)",Kyrgyzstan,Batken,RETAIL,Kg,kg,0.39
2019-03-01,0.43,"Wheat (flour, first grade)",Kyrgyzstan,Batken,RETAIL,Kg,kg,0.43
2019-04-01,0.43,"Wheat (flour, first grade)",Kyrgyzstan,Batken,RETAIL,Kg,kg,0.43
2019-05-01,0.43,"Wheat (flour, first grade)",Kyrgyzstan,Batken,RETAIL,Kg,kg,0.43
2019-06-01,0.42,"Wheat (flour, first grade)",Kyrgyzstan,Batken,RETAIL,Kg,kg,0.42
2019-07-01,0.41,"Wheat (flour, first grade)",Kyrgyzstan,Batken,RETAIL,Kg,kg,0.41
2019-08-01,0.4,"Wheat (flour, first grade)",Kyrgyzstan,Batken,RETAIL,Kg,kg,0.4
2019-09-01,0.4,"Wheat (flour, first grade)",Kyrgyzstan,Batken,RETAIL,Kg,kg,0.4
2019-10-01,0.42,"Wheat (flour, first grade)",Kyrgyzstan,Batken,RETAIL,Kg,kg,0.42
2019-11-01,0.46,"Wheat (flour, first grade)",Kyrgyzstan,Batken,RETAIL,Kg,kg,0.46
2019-12-01,0.47,"Wheat (flour, first grade)",Kyrgyzstan,Batken,RETAIL,Kg,kg,0.47
2020-01-01,0.47,"Wheat (flour, first grade)",Kyrgyzstan,Batken,RETAIL,Kg,kg,0.47
2020-02-01,0.47,"Wheat (flour, first grade)",Kyrgyzstan,Batken,RETAIL,Kg,kg,0.47
2020-03-01,0.47,"Wheat (flour, first grade)",Kyrgyzstan,Batken,RETAIL,Kg,kg,0.47
2020-04-01,0.47,"Wheat (flour, first grade)",Kyrgyzstan,Batken,RETAIL,Kg,kg,0.47
2020-05-01,0.49,"Wheat (flour, first grade)",Kyrgyzstan,Batken,RETAIL,Kg,kg,0.49
2020-06-01,0.49,"Wheat (flour, first grade)",Kyrgyzstan,Batken,RETAIL,Kg,kg,0.49
2020-07-01,0.48,"Wheat (flour, first grade)",Kyrgyzstan,Batken,RETAIL,Kg,kg,0.48
2020-08-01,0.5,"Wheat (flour, first grade)",Kyrgyzstan,Batken,RETAIL,Kg,kg,0.5
2020-09-01,0.48,"Wheat (flour, first grade)",Kyrgyzstan,Batken,RETAIL,Kg,kg,0.48
2020-10-01,0.48,"Wheat (flour, first grade)",Kyrgyzstan,Batken,RETAIL,Kg,kg,0.48
2020-11-01,0.46,"Wheat (flour, first grade)",Kyrgyzstan,Batken,RETAIL,Kg,kg,0.46
2020-12-01,0.46,"Wheat (flour, first grade)",Kyrgyzstan,Batken,RETAIL,Kg,kg,0.46
2021-01-01,0.46,"Wheat (flour, first grade)",Kyrgyzstan,Batken,RETAIL,Kg,kg,0.46
2021-02-01,0.45,"Wheat (flour, first grade)",Kyrgyzstan,Batken,RETAIL,Kg,kg,0.45
2021-03-01,0.45,"Wheat (flour, first grade)",Kyrgyzstan,Batken,RETAIL,Kg,kg,0.45
2021-04-01,0.45,"Wheat (flour, first grade)",Kyrgyzstan,Batken,RETAIL,Kg,kg,0.45
2021-05-01,0.46,"Wheat (flour, first grade)",Kyrgyzstan,Batken,RETAIL,Kg,kg,0.46
2021-06-01,0.45,"Wheat (flour, first grade)",Kyrgyzstan,Batken,RETAIL,Kg,kg,0.45
2021-07-01,0.44,"Wheat (flour, first grade)",Kyrgyzstan,Batken,RETAIL,Kg,kg,0.44
2021-08-01,0.44,"Wheat (flour, first grade)",Kyrgyzstan,Batken,RETAIL,Kg,kg,0.44
2021-09-01,0.44,"Wheat (flour, first grade)",Kyrgyzstan,Batken,RETAIL,Kg,kg,0.44
2021-10-01,0.45,"Wheat (flour, first grade)",Kyrgyzstan,Batken,RETAIL,Kg,kg,0.45
2021-11-01,0.47,"Wheat (flour, first grade)",Kyrgyzstan,Batken,RETAIL,Kg,kg,0.47
2021-12-01,0.49,"Wheat (flour, first grade)",Kyrgyzstan,Batken,RETAIL,Kg,kg,0.49
2022-01-01,0.49,"Wheat (flour, first grade)",Kyrgyzstan,Batken,RETAIL,Kg,kg,0.49
2022-02-01,0.49,"Wheat (flour, first grade)",Kyrgyzstan,Batken,RETAIL,Kg,kg,0.49
2022-03-01,0.44,"Wheat (flour, first grade)",Kyrgyzstan,Batken,RETAIL,Kg,kg,0.44
2022-04-01,0.52,"Wheat (flour, first grade)",Kyrgyzstan,Batken,RETAIL,Kg,kg,0.52
2022-05-01,0.54,"Wheat (flour, first grade)",Kyrgyzstan,Batken,RETAIL,Kg,kg,0.54
2022-06-01,0.56,"Wheat (flour, first grade)",Kyrgyzstan,Batken,RETAIL,Kg,kg,0.56
2022-07-01,0.62,"Wheat (flour, first grade)",Kyrgyzstan,Batken,RETAIL,Kg,kg,0.62
2022-08-01,0.63,"Wheat (flour, first grade)",Kyrgyzstan,Batken,RETAIL,Kg,kg,0.63
2022-09-01,0.64,"Wheat (flour, first grade)",Kyrgyzstan,Batken,RETAIL,Kg,kg,0.64
2022-10-01,0.66,"Wheat (flour, first grade)",Kyrgyzstan,Batken,RETAIL,Kg,kg,0.66
2022-11-01,0.65,"Wheat (flour, first grade)",Kyrgyzstan,Batken,RETAIL,Kg,kg,0.65
2022-12-01,0.64,"Wheat (flour, first grade)",Kyrgyzstan,Batken,RETAIL,Kg,kg,0.64
2023-01-01,0.63,"Wheat (flour, first grade)",Kyrgyzstan,Batken,RETAIL,Kg,kg,0.63
2023-02-01,0.62,"Wheat (flour, first grade)",Kyrgyzstan,Batken,RETAIL,Kg,kg,0.62
2023-03-01,0.62,"Wheat (flour, first grade)",Kyrgyzstan,Batken,RETAIL,Kg,kg,0.62
2023-04-01,0.62,"Wheat (flour, first grade)",Kyrgyzstan,Batken,RETAIL,Kg,kg,0.62
2023-05-01,0.61,"Wheat (flour, first grade)",Kyrgyzstan,Batken,RETAIL,Kg,kg,0.61
2023-06-01,0.6,"Wheat (flour, first grade)",Kyrgyzstan,Batken,RETAIL,Kg,kg,0.6
2023-07-01,0.59,"Wheat (flour, first grade)",Kyrgyzstan,Batken,RETAIL,Kg,kg,0.59
2023-08-01,0.59,"Wheat (flour, first grade)",Kyrgyzstan,Batken,RETAIL,Kg,kg,0.59
2023-09-01,0.57,"Wheat (flour, first grade)",Kyrgyzstan,Batken,RETAIL,Kg,kg,0.57
2023-10-01,0.57,"Wheat (flour, first grade)",Kyrgyzstan,Batken,RETAIL,Kg,kg,0.57
2023-11-01,0.58,"Wheat (flour, first grade)",Kyrgyzstan,Batken,RETAIL,Kg,kg,0.58
2023-12-01,0.59,"Wheat (flour, first grade)",Kyrgyzstan,Batken,RETAIL,Kg,kg,0.59
2024-01-01,0.59,"Wheat (flour, first grade)",Kyrgyzstan,Batken,RETAIL,Kg,kg,0.59
2024-02-01,0.59,"Wheat (flour, first grade)",Kyrgyzstan,Batken,RETAIL,Kg,kg,0.59
2024-03-01,0.59,"Wheat (flour, first grade)",Kyrgyzstan,Batken,RETAIL,Kg,kg,0.59
2024-04-01,0.6,"Wheat (flour, first grade)",Kyrgyzstan,Batken,RETAIL,Kg,kg,0.6
2024-05-01,0.59,"Wheat (flour, first grade)",Kyrgyzstan,Batken,RETAIL,Kg,kg,0.59
2024-06-01,0.53,"Wheat (flour, first grade)",Kyrgyzstan,Batken,RETAIL,Kg,kg,0.53
2024-07-01,0.54,"Wheat (flour, first grade)",Kyrgyzstan,Batken,RETAIL,Kg,kg,0.54
2024-08-01,0.55,"Wheat (flour, first grade)",Kyrgyzstan,Batken,RETAIL,Kg,kg,0.55
2024-09-01,0.63,"Wheat (flour, first grade)",Kyrgyzstan,Batken,RETAIL,Kg,kg,0.63
2024-10-01,0.63,"Wheat (flour, first grade)",Kyrgyzstan,Batken,RETAIL,Kg,kg,0.63
2024-11-01,0.62,"Wheat (flour, first grade)",Kyrgyzstan,Batken,RETAIL,Kg,kg,0.62
2024-12-01,0.62,"Wheat (flour, first grade)",Kyrgyzstan,Batken,RETAIL,Kg,kg,0.62
2025-01-01,0.61,"Wheat (flour, first grade)",Kyrgyzstan,Batken,RETAIL,Kg,kg,0.61
2025-02-01,0.62,"Wheat (flour, first grade)",Kyrgyzstan,Batken,RETAIL,Kg,kg,0.62
2025-03-01,0.63,"Wheat (flour, first grade)",Kyrgyzstan,Batken,RETAIL,Kg,kg,0.63
2025-04-01,0.63,"Wheat (flour, first grade)",Kyrgyzstan,Batken,RETAIL,Kg,kg,0.63
2025-05-01,0.64,"Wheat (flour, first grade)",Kyrgyzstan,Batken,RETAIL,Kg,kg,0.64
2025-06-01,0.64,"Wheat (flour, first grade)",Kyrgyzstan,Batken,RETAIL,Kg,kg,0.64
2025-07-01,0.64,"Wheat (flour, first grade)",Kyrgyzstan,Batken,RETAIL,Kg,kg,0.64
2025-08-01,0.64,"Wheat (flour, first grade)",Kyrgyzstan,Batken,RETAIL,Kg,kg,0.64
2025-09-01,0.68,"Wheat (flour, first grade)",Kyrgyzstan,Batken,RETAIL,Kg,kg,0.68
2025-10-01,0.7,"Wheat (flour, first grade)",Kyrgyzstan,Batken,RETAIL,Kg,kg,0.7
2005-01-01,0.39,"Wheat (flour, first grade)",Kyrgyzstan,Bishkek,RETAIL,Kg,kg,0.39
2005-02-01,0.39,"Wheat (flour, first grade)",Kyrgyzstan,Bishkek,RETAIL,Kg,kg,0.39
2005-03-01,0.39,"Wheat (flour, first grade)",Kyrgyzstan,Bishkek,RETAIL,Kg,kg,0.39
2005-04-01,0.39,"Wheat (flour, first grade)",Kyrgyzstan,Bishkek,RETAIL,Kg,kg,0.39
2005-05-01,0.4,"Wheat (flour, first grade)",Kyrgyzstan,Bishkek,RETAIL,Kg,kg,0.4
2005-06-01,0.4,"Wheat (flour, first grade)",Kyrgyzstan,Bishkek,RETAIL,Kg,kg,0.4
2005-07-01,0.4,"Wheat (flour, first grade)",Kyrgyzstan,Bishkek,RETAIL,Kg,kg,0.4
2005-08-01,0.38,"Wheat (flour, first grade)",Kyrgyzstan,Bishkek,RETAIL,Kg,kg,0.38
2005-09-01,0.38,"Wheat (flour, first grade)",Kyrgyzstan,Bishkek,RETAIL,Kg,kg,0.38
2005-10-01,0.38,"Wheat (flour, first grade)",Kyrgyzstan,Bishkek,RETAIL,Kg,kg,0.38
2005-11-01,0.38,"Wheat (flour, first grade)",Kyrgyzstan,Bishkek,RETAIL,Kg,kg,0.38
2005-12-01,0.37,"Wheat (flour, first grade)",Kyrgyzstan,Bishkek,RETAIL,Kg,kg,0.37
2006-01-01,0.37,"Wheat (flour, first grade)",Kyrgyzstan,Bishkek,RETAIL,Kg,kg,0.37
2006-02-01,0.37,"Wheat (flour, first grade)",Kyrgyzstan,Bishkek,RETAIL,Kg,kg,0.37
2006-03-01,0.37,"Wheat (flour, first grade)",Kyrgyzstan,Bishkek,RETAIL,Kg,kg,0.37
2006-04-01,0.37,"Wheat (flour, first grade)",Kyrgyzstan,Bishkek,RETAIL,Kg,kg,0.37
2006-05-01,0.38,"Wheat (flour, first grade)",Kyrgyzstan,Bishkek,RETAIL,Kg,kg,0.38
2006-06-01,0.38,"Wheat (flour, first grade)",Kyrgyzstan,Bishkek,RETAIL,Kg,kg,0.38
2006-07-01,0.38,"Wheat (flour, first grade)",Kyrgyzstan,Bishkek,RETAIL,Kg,kg,0.38
2006-08-01,0.39,"Wheat (flour, first grade)",Kyrgyzstan,Bishkek,RETAIL,Kg,kg,0.39
2006-09-01,0.39,"Wheat (flour, first grade)",Kyrgyzstan,Bishkek,RETAIL,Kg,kg,0.39
2006-10-01,0.39,"Wheat (flour, first grade)",Kyrgyzstan,Bishkek,RETAIL,Kg,kg,0.39
2006-11-01,0.4,"Wheat (flour, first grade)",Kyrgyzstan,Bishkek,RETAIL,Kg,kg,0.4
2006-12-01,0.4,"Wheat (flour, first grade)",Kyrgyzstan,Bishkek,RETAIL,Kg,kg,0.4
2007-01-01,0.41,"Wheat (flour, first grade)",Kyrgyzstan,Bishkek,RETAIL,Kg,kg,0.41
2007-02-01,0.4,"Wheat (flour, first grade)",Kyrgyzstan,Bishkek,RETAIL,Kg,kg,0.4
2007-03-01,0.41,"Wheat (flour, first grade)",Kyrgyzstan,Bishkek,RETAIL,Kg,kg,0.41
2007-04-01,0.41,"Wheat (flour, first grade)",Kyrgyzstan,Bishkek,RETAIL,Kg,kg,0.41
2007-05-01,0.41,"Wheat (flour, first grade)",Kyrgyzstan,Bishkek,RETAIL,Kg,kg,0.41
2007-06-01,0.42,"Wheat (flour, first grade)",Kyrgyzstan,Bishkek,RETAIL,Kg,kg,0.42
2007-07-01,0.43,"Wheat (flour, first grade)",Kyrgyzstan,Bishkek,RETAIL,Kg,kg,0.43
2007-08-01,0.51,"Wheat (flour, first grade)",Kyrgyzstan,Bishkek,RETAIL,Kg,kg,0.51
2007-09-01,0.58,"Wheat (flour, first grade)",Kyrgyzstan,Bishkek,RETAIL,Kg,kg,0.58
2007-10-01,0.9,"Wheat (flour, first grade)",Kyrgyzstan,Bishkek,RETAIL,Kg,kg,0.9
2007-11-01,0.79,"Wheat (flour, first grade)",Kyrgyzstan,Bishkek,RETAIL,Kg,kg,0.79
2007-12-01,0.68,"Wheat (flour, first grade)",Kyrgyzstan,Bishkek,RETAIL,Kg,kg,0.68
2008-01-01,0.67,"Wheat (flour, first grade)",Kyrgyzstan,Bishkek,RETAIL,Kg,kg,0.67
2008-02-01,0.68,"Wheat (flour, first grade)",Kyrgyzstan,Bishkek,RETAIL,Kg,kg,0.68
2008-03-01,0.73,"Wheat (flour, first grade)",Kyrgyzstan,Bishkek,RETAIL,Kg,kg,0.73
2008-04-01,0.74,"Wheat (flour, first grade)",Kyrgyzstan,Bishkek,RETAIL,Kg,kg,0.74
2008-05-01,0.78,"Wheat (flour, first grade)",Kyrgyzstan,Bishkek,RETAIL,Kg,kg,0.78
2008-06-01,0.86,"Wheat (flour, first grade)",Kyrgyzstan,Bishkek,RETAIL,Kg,kg,0.86
2008-07-01,0.87,"Wheat (flour, first grade)",Kyrgyzstan,Bishkek,RETAIL,Kg,kg,0.87
2008-08-01,0.87,"Wheat (flour, first grade)",Kyrgyzstan,Bishkek,RETAIL,Kg,kg,0.87
2008-09-01,0.84,"Wheat (flour, first grade)",Kyrgyzstan,Bishkek,RETAIL,Kg,kg,0.84
2008-10-01,0.76,"Wheat (flour, first grade)",Kyrgyzstan,Bishkek,RETAIL,Kg,kg,0.76
2008-11-01,0.68,"Wheat (flour, first grade)",Kyrgyzstan,Bishkek,RETAIL,Kg,kg,0.68
2008-12-01,0.66,"Wheat (flour, first grade)",Kyrgyzstan,Bishkek,RETAIL,Kg,kg,0.66
2009-01-01,0.63,"Wheat (flour, first grade)",Kyrgyzstan,Bishkek,RETAIL,Kg,kg,0.63
2009-02-01,0.58,"Wheat (flour, first grade)",Kyrgyzstan,Bishkek,RETAIL,Kg,kg,0.58
2009-03-01,0.56,"Wheat (flour, first grade)",Kyrgyzstan,Bishkek,RETAIL,Kg,kg,0.56
2009-04-01,0.53,"Wheat (flour, first grade)",Kyrgyzstan,Bishkek,RETAIL,Kg,kg,0.53
2009-05-01,0.5,"Wheat (flour, first grade)",Kyrgyzstan,Bishkek,RETAIL,Kg,kg,0.5
2009-06-01,0.5,"Wheat (flour, first grade)",Kyrgyzstan,Bishkek,RETAIL,Kg,kg,0.5
2009-07-01,0.47,"Wheat (flour, first grade)",Kyrgyzstan,Bishkek,RETAIL,Kg,kg,0.47
2009-08-01,0.45,"Wheat (flour, first grade)",Kyrgyzstan,Bishkek,RETAIL,Kg,kg,0.45
2009-09-01,0.44,"Wheat (flour, first grade)",Kyrgyzstan,Bishkek,RETAIL,Kg,kg,0.44
2009-10-01,0.44,"Wheat (flour, first grade)",Kyrgyzstan,Bishkek,RETAIL,Kg,kg,0.44
2009-11-01,0.43,"Wheat (flour, first grade)",Kyrgyzstan,Bishkek,RETAIL,Kg,kg,0.43
2009-12-01,0.42,"Wheat (flour, first grade)",Kyrgyzstan,Bishkek,RETAIL,Kg,kg,0.42
2010-01-01,0.42,"Wheat (flour, first grade)",Kyrgyzstan,Bishkek,RETAIL,Kg,kg,0.42
2010-02-01,0.42,"Wheat (flour, first grade)",Kyrgyzstan,Bishkek,RETAIL,Kg,kg,0.42
2010-03-01,0.41,"Wheat (flour, first grade)",Kyrgyzstan,Bishkek,RETAIL,Kg,kg,0.41
2010-04-01,0.4,"Wheat (flour, first grade)",Kyrgyzstan,Bishkek,RETAIL,Kg,kg,0.4
2010-05-01,0.4,"Wheat (flour, first grade)",Kyrgyzstan,Bishkek,RETAIL,Kg,kg,0.4
2010-06-01,0.4,"Wheat (flour, first grade)",Kyrgyzstan,Bishkek,RETAIL,Kg,kg,0.4
2010-07-01,0.4,"Wheat (flour, first grade)",Kyrgyzstan,Bishkek,RETAIL,Kg,kg,0.4
2010-08-01,0.48,"Wheat (flour, first grade)",Kyrgyzstan,Bishkek,RETAIL,Kg,kg,0.48
2010-09-01,0.55,"Wheat (flour, first grade)",Kyrgyzstan,Bishkek,RETAIL,Kg,kg,0.55
2010-10-01,0.55,"Wheat (flour, first grade)",Kyrgyzstan,Bishkek,RETAIL,Kg,kg,0.55
2010-11-01,0.57,"Wheat (flour, first grade)",Kyrgyzstan,Bishkek,RETAIL,Kg,kg,0.57
2010-12-01,0.6,"Wheat (flour, first grade)",Kyrgyzstan,Bishkek,RETAIL,Kg,kg,0.6
2011-01-01,0.61,"Wheat (flour, first grade)",Kyrgyzstan,Bishkek,RETAIL,Kg,kg,0.61
2011-02-01,0.65,"Wheat (flour, first grade)",Kyrgyzstan,Bishkek,RETAIL,Kg,kg,0.65
2011-03-01,0.74,"Wheat (flour, first grade)",Kyrgyzstan,Bishkek,RETAIL,Kg,kg,0.74
2011-04-01,0.74,"Wheat (flour, first grade)",Kyrgyzstan,Bishkek,RETAIL,Kg,kg,0.74
2011-05-01,0.73,"Wheat (flour, first grade)",Kyrgyzstan,Bishkek,RETAIL,Kg,kg,0.73
2011-06-01,0.73,"Wheat (flour, first grade)",Kyrgyzstan,Bishkek,RETAIL,Kg,kg,0.73
2011-07-01,0.72,"Wheat (flour, first grade)",Kyrgyzstan,Bishkek,RETAIL,Kg,kg,0.72
2011-08-01,0.72,"Wheat (flour, first grade)",Kyrgyzstan,Bishkek,RETAIL,Kg,kg,0.72
2011-09-01,0.66,"Wheat (flour, first grade)",Kyrgyzstan,Bishkek,RETAIL,Kg,kg,0.66
2011-10-01,0.64,"Wheat (flour, first grade)",Kyrgyzstan,Bishkek,RETAIL,Kg,kg,0.64
2011-11-01,0.61,"Wheat (flour, first grade)",Kyrgyzstan,Bishkek,RETAIL,Kg,kg,0.61
2011-12-01,0.59,"Wheat (flour, first grade)",Kyrgyzstan,Bishkek,RETAIL,Kg,kg,0.59
2012-01-01,0.56,"Wheat (flour, first grade)",Kyrgyzstan,Bishkek,RETAIL,Kg,kg,0.56
2012-02-01,0.53,"Wheat (flour, first grade)",Kyrgyzstan,Bishkek,RETAIL,Kg,kg,0.53
2012-03-01,0.53,"Wheat (flour, first grade)",Kyrgyzstan,Bishkek,RETAIL,Kg,kg,0.53
2012-04-01,0.53,"Wheat (flour, first grade)",Kyrgyzstan,Bishkek,RETAIL,Kg,kg,0.53
2012-05-01,0.52,"Wheat (flour, first grade)",Kyrgyzstan,Bishkek,RETAIL,Kg,kg,0.52
2012-06-01,0.51,"Wheat (flour, first grade)",Kyrgyzstan,Bishkek,RETAIL,Kg,kg,0.51
2012-07-01,0.52,"Wheat (flour, first grade)",Kyrgyzstan,Bishkek,RETAIL,Kg,kg,0.52
2012-08-01,0.58,"Wheat (flour, first grade)",Kyrgyzstan,Bishkek,RETAIL,Kg,kg,0.58
2012-09-01,0.59,"Wheat (flour, first grade)",Kyrgyzstan,Bishkek,RETAIL,Kg,kg,0.59
2012-10-01,0.64,"Wheat (flour, first grade)",Kyrgyzstan,Bishkek,RETAIL,Kg,kg,0.64
2012-11-01,0.65,"Wheat (flour, first grade)",Kyrgyzstan,Bishkek,RETAIL,Kg,kg,0.65
2012-12-01,0.65,"Wheat (flour, first grade)",Kyrgyzstan,Bishkek,RETAIL,Kg,kg,0.65
2013-01-01,0.65,"Wheat (flour, first grade)",Kyrgyzstan,Bishkek,RETAIL,Kg,kg,0.65
2013-02-01,0.65,"Wheat (flour, first grade)",Kyrgyzstan,Bishkek,RETAIL,Kg,kg,0.65
2013-03-01,0.65,"Wheat (flour, first grade)",Kyrgyzstan,Bishkek,RETAIL,Kg,kg,0.65
2013-04-01,0.64,"Wheat (flour, first grade)",Kyrgyzstan,Bishkek,RETAIL,Kg,kg,0.64
2013-05-01,0.64,"Wheat (flour, first grade)",Kyrgyzstan,Bishkek,RETAIL,Kg,kg,0.64
2013-06-01,0.64,"Wheat (flour, first grade)",Kyrgyzstan,Bishkek,RETAIL,Kg,kg,0.64
2013-07-01,0.62,"Wheat (flour, first grade)",Kyrgyzstan,Bishkek,RETAIL,Kg,kg,0.62
2013-08-01,0.62,"Wheat (flour, first grade)",Kyrgyzstan,Bishkek,RETAIL,Kg,kg,0.62
2013-09-01,0.61,"Wheat (flour, first grade)",Kyrgyzstan,Bishkek,RETAIL,Kg,kg,0.61
2013-10-01,0.62,"Wheat (flour, first grade)",Kyrgyzstan,Bishkek,RETAIL,Kg,kg,0.62
2013-11-01,0.62,"Wheat (flour, first grade)",Kyrgyzstan,Bishkek,RETAIL,Kg,kg,0.62
2013-12-01,0.61,"Wheat (flour, first grade)",Kyrgyzstan,Bishkek,RETAIL,Kg,kg,0.61
2014-01-01,0.61,"Wheat (flour, first grade)",Kyrgyzstan,Bishkek,RETAIL,Kg,kg,0.61
2014-02-01,0.59,"Wheat (flour, first grade)",Kyrgyzstan,Bishkek,RETAIL,Kg,kg,0.59
2014-03-01,0.56,"Wheat (flour, first grade)",Kyrgyzstan,Bishkek,RETAIL,Kg,kg,0.56
2014-04-01,0.56,"Wheat (flour, first grade)",Kyrgyzstan,Bishkek,RETAIL,Kg,kg,0.56
2014-05-01,0.58,"Wheat (flour, first grade)",Kyrgyzstan,Bishkek,RETAIL,Kg,kg,0.58
2014-06-01,0.59,"Wheat (flour, first grade)",Kyrgyzstan,Bishkek,RETAIL,Kg,kg,0.59
2014-07-01,0.6,"Wheat (flour, first grade)",Kyrgyzstan,Bishkek,RETAIL,Kg,kg,0.6
2014-08-01,0.6,"Wheat (flour, first grade)",Kyrgyzstan,Bishkek,RETAIL,Kg,kg,0.6
2014-09-01,0.58,"Wheat (flour, first grade)",Kyrgyzstan,Bishkek,RETAIL,Kg,kg,0.58
2014-10-01,0.57,"Wheat (flour, first grade)",Kyrgyzstan,Bishkek,RETAIL,Kg,kg,0.57
2014-11-01,0.57,"Wheat (flour, first grade)",Kyrgyzstan,Bishkek,RETAIL,Kg,kg,0.57
2014-12-01,0.57,"Wheat (flour, first grade)",Kyrgyzstan,Bishkek,RETAIL,Kg,kg,0.57
2015-01-01,0.57,"Wheat (flour, first grade)",Kyrgyzstan,Bishkek,RETAIL,Kg,kg,0.57
2015-02-01,0.55,"Wheat (flour, first grade)",Kyrgyzstan,Bishkek,RETAIL,Kg,kg,0.55
2015-03-01,0.55,"Wheat (flour, first grade)",Kyrgyzstan,Bishkek,RETAIL,Kg,kg,0.55
2015-04-01,0.54,"Wheat (flour, first grade)",Kyrgyzstan,Bishkek,RETAIL,Kg,kg,0.54
2015-05-01,0.58,"Wheat (flour, first grade)",Kyrgyzstan,Bishkek,RETAIL,Kg,kg,0.58
2015-06-01,0.57,"Wheat (flour, first grade)",Kyrgyzstan,Bishkek,RETAIL,Kg,kg,0.57
2015-07-01,0.55,"Wheat (flour, first grade)",Kyrgyzstan,Bishkek,RETAIL,Kg,kg,0.55
2015-08-01,0.55,"Wheat (flour, first grade)",Kyrgyzstan,Bishkek,RETAIL,Kg,kg,0.55
2015-09-01,0.51,"Wheat (flour, first grade)",Kyrgyzstan,Bishkek,RETAIL,Kg,kg,0.51
2015-10-01,0.5,"Wheat (flour, first grade)",Kyrgyzstan,Bishkek,RETAIL,Kg,kg,0.5
2015-11-01,0.48,"Wheat (flour, first grade)",Kyrgyzstan,Bishkek,RETAIL,Kg,kg,0.48
2015-12-01,0.45,"Wheat (flour, first grade)",Kyrgyzstan,Bishkek,RETAIL,Kg,kg,0.45
2016-01-01,0.45,"Wheat (flour, first grade)",Kyrgyzstan,Bishkek,RETAIL,Kg,kg,0.45
2016-02-01,0.44,"Wheat (flour, first grade)",Kyrgyzstan,Bishkek,RETAIL,Kg,kg,0.44
2016-03-01,0.45,"Wheat (flour, first grade)",Kyrgyzstan,Bishkek,RETAIL,Kg,kg,0.45
2016-04-01,0.45,"Wheat (flour, first grade)",Kyrgyzstan,Bishkek,RETAIL,Kg,kg,0.45
2016-05-01,0.45,"Wheat (flour, first grade)",Kyrgyzstan,Bishkek,RETAIL,Kg,kg,0.45
2016-06-01,0.45,"Wheat (flour, first grade)",Kyrgyzstan,Bishkek,RETAIL,Kg,kg,0.45
2016-07-01,0.43,"Wheat (flour, first grade)",Kyrgyzstan,Bishkek,RETAIL,Kg,kg,0.43
2016-08-01,0.42,"Wheat (flour, first grade)",Kyrgyzstan,Bishkek,RETAIL,Kg,kg,0.42
2016-09-01,0.42,"Wheat (flour, first grade)",Kyrgyzstan,Bishkek,RETAIL,Kg,kg,0.42
2016-10-01,0.42,"Wheat (flour, first grade)",Kyrgyzstan,Bishkek,RETAIL,Kg,kg,0.42
2016-11-01,0.42,"Wheat (flour, first grade)",Kyrgyzstan,Bishkek,RETAIL,Kg,kg,0.42
2016-12-01,0.42,"Wheat (flour, first grade)",Kyrgyzstan,Bishkek,RETAIL,Kg,kg,0.42
2017-01-01,0.42,"Wheat (flour, first grade)",Kyrgyzstan,Bishkek,RETAIL,Kg,kg,0.42
2017-02-01,0.42,"Wheat (flour, first grade)",Kyrgyzstan,Bishkek,RETAIL,Kg,kg,0.42
2017-03-01,0.42,"Wheat (flour, first grade)",Kyrgyzstan,Bishkek,RETAIL,Kg,kg,0.42
2017-04-01,0.43,"Wheat (flour, first grade)",Kyrgyzstan,Bishkek,RETAIL,Kg,kg,0.43
2017-05-01,0.43,"Wheat (flour, first grade)",Kyrgyzstan,Bishkek,RETAIL,Kg,kg,0.43
2017-06-01,0.43,"Wheat (flour, first grade)",Kyrgyzstan,Bishkek,RETAIL,Kg,kg,0.43
2017-07-01,0.43,"Wheat (flour, first grade)",Kyrgyzstan,Bishkek,RETAIL,Kg,kg,0.43
2017-08-01,0.43,"Wheat (flour, first grade)",Kyrgyzstan,Bishkek,RETAIL,Kg,kg,0.43
2017-09-01,0.43,"Wheat (flour, first grade)",Kyrgyzstan,Bishkek,RETAIL,Kg,kg,0.43
2017-10-01,0.43,"Wheat (flour, first grade)",Kyrgyzstan,Bishkek,RETAIL,Kg,kg,0.43
2017-11-01,0.42,"Wheat (flour, first grade)",Kyrgyzstan,Bishkek,RETAIL,Kg,kg,0.42
2017-12-01,0.42,"Wheat (flour, first grade)",Kyrgyzstan,Bishkek,RETAIL,Kg,kg,0.42
2018-01-01,0.43,"Wheat (flour, first grade)",Kyrgyzstan,Bishkek,RETAIL,Kg,kg,0.43
2018-02-01,0.43,"Wheat (flour, first grade)",Kyrgyzstan,Bishkek,RETAIL,Kg,kg,0.43
2018-03-01,0.43,"Wheat (flour, first grade)",Kyrgyzstan,Bishkek,RETAIL,Kg,kg,0.43
2018-04-01,0.43,"Wheat (flour, first grade)",Kyrgyzstan,Bishkek,RETAIL,Kg,kg,0.43
2018-05-01,0.43,"Wheat (flour, first grade)",Kyrgyzstan,Bishkek,RETAIL,Kg,kg,0.43
2018-06-01,0.43,"Wheat (flour, first grade)",Kyrgyzstan,Bishkek,RETAIL,Kg,kg,0.43
2018-07-01,0.43,"Wheat (flour, first grade)",Kyrgyzstan,Bishkek,RETAIL,Kg,kg,0.43
2018-08-01,0.42,"Wheat (flour, first grade)",Kyrgyzstan,Bishkek,RETAIL,Kg,kg,0.42
2018-09-01,0.42,"Wheat (flour, first grade)",Kyrgyzstan,Bishkek,RETAIL,Kg,kg,0.42
2018-10-01,0.42,"Wheat (flour, first grade)",Kyrgyzstan,Bishkek,RETAIL,Kg,kg,0.42
2018-11-01,0.42,"Wheat (flour, first grade)",Kyrgyzstan,Bishkek,RETAIL,Kg,kg,0.42
2018-12-01,0.42,"Wheat (flour, first grade)",Kyrgyzstan,Bishkek,RETAIL,Kg,kg,0.42
2019-01-01,0.41,"Wheat (flour, first grade)",Kyrgyzstan,Bishkek,RETAIL,Kg,kg,0.41
2019-02-01,0.42,"Wheat (flour, first grade)",Kyrgyzstan,Bishkek,RETAIL,Kg,kg,0.42
2019-03-01,0.42,"Wheat (flour, first grade)",Kyrgyzstan,Bishkek,RETAIL,Kg,kg,0.42
2019-04-01,0.42,"Wheat (flour, first grade)",Kyrgyzstan,Bishkek,RETAIL,Kg,kg,0.42
2019-05-01,0.42,"Wheat (flour, first grade)",Kyrgyzstan,Bishkek,RETAIL,Kg,kg,0.42
2019-06-01,0.42,"Wheat (flour, first grade)",Kyrgyzstan,Bishkek,RETAIL,Kg,kg,0.42
2019-07-01,0.42,"Wheat (flour, first grade)",Kyrgyzstan,Bishkek,RETAIL,Kg,kg,0.42
2019-08-01,0.42,"Wheat (flour, first grade)",Kyrgyzstan,Bishkek,RETAIL,Kg,kg,0.42
2019-09-01,0.42,"Wheat (flour, first grade)",Kyrgyzstan,Bishkek,RETAIL,Kg,kg,0.42
2019-10-01,0.43,"Wheat (flour, first grade)",Kyrgyzstan,Bishkek,RETAIL,Kg,kg,0.43
2019-11-01,0.46,"Wheat (flour, first grade)",Kyrgyzstan,Bishkek,RETAIL,Kg,kg,0.46
2019-12-01,0.46,"Wheat (flour, first grade)",Kyrgyzstan,Bishkek,RETAIL,Kg,kg,0.46
2020-01-01,0.47,"Wheat (flour, first grade)",Kyrgyzstan,Bishkek,RETAIL,Kg,kg,0.47
2020-02-01,0.47,"Wheat (flour, first grade)",Kyrgyzstan,Bishkek,RETAIL,Kg,kg,0.47
2020-03-01,0.45,"Wheat (flour, first grade)",Kyrgyzstan,Bishkek,RETAIL,Kg,kg,0.45
2020-04-01,0.49,"Wheat (flour, first grade)",Kyrgyzstan,Bishkek,RETAIL,Kg,kg,0.49
2020-05-01,0.51,"Wheat (flour, first grade)",Kyrgyzstan,Bishkek,RETAIL,Kg,kg,0.51
2020-06-01,0.53,"Wheat (flour, first grade)",Kyrgyzstan,Bishkek,RETAIL,Kg,kg,0.53
2020-07-01,0.52,"Wheat (flour, first grade)",Kyrgyzstan,Bishkek,RETAIL,Kg,kg,0.52
2020-08-01,0.52,"Wheat (flour, first grade)",Kyrgyzstan,Bishkek,RETAIL,Kg,kg,0.52
2020-09-01,0.51,"Wheat (flour, first grade)",Kyrgyzstan,Bishkek,RETAIL,Kg,kg,0.51
2020-10-01,0.5,"Wheat (flour, first grade)",Kyrgyzstan,Bishkek,RETAIL,Kg,kg,0.5
2020-11-01,0.48,"Wheat (flour, first grade)",Kyrgyzstan,Bishkek,RETAIL,Kg,kg,0.48
2020-12-01,0.48,"Wheat (flour, first grade)",Kyrgyzstan,Bishkek,RETAIL,Kg,kg,0.48
2021-01-01,0.47,"Wheat (flour, first grade)",Kyrgyzstan,Bishkek,RETAIL,Kg,kg,0.47
2021-02-01,0.47,"Wheat (flour, first grade)",Kyrgyzstan,Bishkek,RETAIL,Kg,kg,0.47
2021-03-01,0.46,"Wheat (flour, first grade)",Kyrgyzstan,Bishkek,RETAIL,Kg,kg,0.46
2021-04-01,0.46,"Wheat (flour, first grade)",Kyrgyzstan,Bishkek,RETAIL,Kg,kg,0.46
2021-05-01,0.46,"Wheat (flour, first grade)",Kyrgyzstan,Bishkek,RETAIL,Kg,kg,0.46
2021-06-01,0.45,"Wheat (flour, first grade)",Kyrgyzstan,Bishkek,RETAIL,Kg,kg,0.45
2021-07-01,0.46,"Wheat (flour, first grade)",Kyrgyzstan,Bishkek,RETAIL,Kg,kg,0.46
2021-08-01,0.46,"Wheat (flour, first grade)",Kyrgyzstan,Bishkek,RETAIL,Kg,kg,0.46
2021-09-01,0.46,"Wheat (flour, first grade)",Kyrgyzstan,Bishkek,RETAIL,Kg,kg,0.46
2021-10-01,0.47,"Wheat (flour, first grade)",Kyrgyzstan,Bishkek,RETAIL,Kg,kg,0.47
2021-11-01,0.47,"Wheat (flour, first grade)",Kyrgyzstan,Bishkek,RETAIL,Kg,kg,0.47
2021-12-01,0.48,"Wheat (flour, first grade)",Kyrgyzstan,Bishkek,RETAIL,Kg,kg,0.48
2022-01-01,0.48,"Wheat (flour, first grade)",Kyrgyzstan,Bishkek,RETAIL,Kg,kg,0.48
2022-02-01,0.49,"Wheat (flour, first grade)",Kyrgyzstan,Bishkek,RETAIL,Kg,kg,0.49
2022-03-01,0.43,"Wheat (flour, first grade)",Kyrgyzstan,Bishkek,RETAIL,Kg,kg,0.43
2022-04-01,0.56,"Wheat (flour, first grade)",Kyrgyzstan,Bishkek,RETAIL,Kg,kg,0.56
2022-05-01,0.61,"Wheat (flour, first grade)",Kyrgyzstan,Bishkek,RETAIL,Kg,kg,0.61
2022-06-01,0.62,"Wheat (flour, first grade)",Kyrgyzstan,Bishkek,RETAIL,Kg,kg,0.62
2022-07-01,0.64,"Wheat (flour, first grade)",Kyrgyzstan,Bishkek,RETAIL,Kg,kg,0.64
2022-08-01,0.64,"Wheat (flour, first grade)",Kyrgyzstan,Bishkek,RETAIL,Kg,kg,0.64
2022-09-01,0.64,"Wheat (flour, first grade)",Kyrgyzstan,Bishkek,RETAIL,Kg,kg,0.64
2022-10-01,0.64,"Wheat (flour, first grade)",Kyrgyzstan,Bishkek,RETAIL,Kg,kg,0.64
2022-11-01,0.64,"Wheat (flour, first grade)",Kyrgyzstan,Bishkek,RETAIL,Kg,kg,0.64
2022-12-01,0.63,"Wheat (flour, first grade)",Kyrgyzstan,Bishkek,RETAIL,Kg,kg,0.63
2023-01-01,0.62,"Wheat (flour, first grade)",Kyrgyzstan,Bishkek,RETAIL,Kg,kg,0.62
2023-02-01,0.61,"Wheat (flour, first grade)",Kyrgyzstan,Bishkek,RETAIL,Kg,kg,0.61
2023-03-01,0.61,"Wheat (flour, first grade)",Kyrgyzstan,Bishkek,RETAIL,Kg,kg,0.61
2023-04-01,0.6,"Wheat (flour, first grade)",Kyrgyzstan,Bishkek,RETAIL,Kg,kg,0.6
2023-05-01,0.6,"Wheat (flour, first grade)",Kyrgyzstan,Bishkek,RETAIL,Kg,kg,0.6
2023-06-01,0.61,"Wheat (flour, first grade)",Kyrgyzstan,Bishkek,RETAIL,Kg,kg,0.61
2023-07-01,0.61,"Wheat (flour, first grade)",Kyrgyzstan,Bishkek,RETAIL,Kg,kg,0.61
2023-08-01,0.61,"Wheat (flour, first grade)",Kyrgyzstan,Bishkek,RETAIL,Kg,kg,0.61
2023-09-01,0.61,"Wheat (flour, first grade)",Kyrgyzstan,Bishkek,RETAIL,Kg,kg,0.61
2023-10-01,0.62,"Wheat (flour, first grade)",Kyrgyzstan,Bishkek,RETAIL,Kg,kg,0.62
2023-11-01,0.6,"Wheat (flour, first grade)",Kyrgyzstan,Bishkek,RETAIL,Kg,kg,0.6
2023-12-01,0.6,"Wheat (flour, first grade)",Kyrgyzstan,Bishkek,RETAIL,Kg,kg,0.6
2024-01-01,0.6,"Wheat (flour, first grade)",Kyrgyzstan,Bishkek,RETAIL,Kg,kg,0.6
2024-02-01,0.61,"Wheat (flour, first grade)",Kyrgyzstan,Bishkek,RETAIL,Kg,kg,0.61
2024-03-01,0.61,"Wheat (flour, first grade)",Kyrgyzstan,Bishkek,RETAIL,Kg,kg,0.61
2024-04-01,0.6,"Wheat (flour, first grade)",Kyrgyzstan,Bishkek,RETAIL,Kg,kg,0.6
2024-05-01,0.6,"Wheat (flour, first grade)",Kyrgyzstan,Bishkek,RETAIL,Kg,kg,0.6
2024-06-01,0.61,"Wheat (flour, first grade)",Kyrgyzstan,Bishkek,RETAIL,Kg,kg,0.61
2024-07-01,0.62,"Wheat (flour, first grade)",Kyrgyzstan,Bishkek,RETAIL,Kg,kg,0.62
2024-08-01,0.62,"Wheat (flour, first grade)",Kyrgyzstan,Bishkek,RETAIL,Kg,kg,0.62
2024-09-01,0.62,"Wheat (flour, first grade)",Kyrgyzstan,Bishkek,RETAIL,Kg,kg,0.62
2024-10-01,0.61,"Wheat (flour, first grade)",Kyrgyzstan,Bishkek,RETAIL,Kg,kg,0.61
2024-11-01,0.6,"Wheat (flour, first grade)",Kyrgyzstan,Bishkek,RETAIL,Kg,kg,0.6
2024-12-01,0.59,"Wheat (flour, first grade)",Kyrgyzstan,Bishkek,RETAIL,Kg,kg,0.59
2025-01-01,0.58,"Wheat (flour, first grade)",Kyrgyzstan,Bishkek,RETAIL,Kg,kg,0.58
2025-02-01,0.57,"Wheat (flour, first grade)",Kyrgyzstan,Bishkek,RETAIL,Kg,kg,0.57
2025-03-01,0.57,"Wheat (flour, first grade)",Kyrgyzstan,Bishkek,RETAIL,Kg,kg,0.57
2025-04-01,0.57,"Wheat (flour, first grade)",Kyrgyzstan,Bishkek,RETAIL,Kg,kg,0.57
2025-05-01,0.6,"Wheat (flour, first grade)",Kyrgyzstan,Bishkek,RETAIL,Kg,kg,0.6
2025-06-01,0.62,"Wheat (flour, first grade)",Kyrgyzstan,Bishkek,RETAIL,Kg,kg,0.62
2025-07-01,0.63,"Wheat (flour, first grade)",Kyrgyzstan,Bishkek,RETAIL,Kg,kg,0.63
2025-08-01,0.64,"Wheat (flour, first grade)",Kyrgyzstan,Bishkek,RETAIL,Kg,kg,0.64
2025-09-01,0.64,"Wheat (flour, first grade)",Kyrgyzstan,Bishkek,RETAIL,Kg,kg,0.64
2025-10-01,0.64,"Wheat (flour, first grade)",Kyrgyzstan,Bishkek,RETAIL,Kg,kg,0.64
2005-01-01,0.3,"Wheat (flour, first grade)",Kyrgyzstan,Manas,RETAIL,Kg,kg,0.3
2005-02-01,0.3,"Wheat (flour, first grade)",Kyrgyzstan,Manas,RETAIL,Kg,kg,0.3
2005-03-01,0.3,"Wheat (flour, first grade)",Kyrgyzstan,Manas,RETAIL,Kg,kg,0.3
2005-04-01,0.3,"Wheat (flour, first grade)",Kyrgyzstan,Manas,RETAIL,Kg,kg,0.3
2005-05-01,0.28,"Wheat (flour, first grade)",Kyrgyzstan,Manas,RETAIL,Kg,kg,0.28
2005-06-01,0.28,"Wheat (flour, first grade)",Kyrgyzstan,Manas,RETAIL,Kg,kg,0.28
2005-07-01,0.27,"Wheat (flour, first grade)",Kyrgyzstan,Manas,RETAIL,Kg,kg,0.27
2005-08-01,0.27,"Wheat (flour, first grade)",Kyrgyzstan,Manas,RETAIL,Kg,kg,0.27
2005-09-01,0.27,"Wheat (flour, first grade)",Kyrgyzstan,Manas,RETAIL,Kg,kg,0.27
2005-10-01,0.27,"Wheat (flour, first grade)",Kyrgyzstan,Manas,RETAIL,Kg,kg,0.27
2005-11-01,0.27,"Wheat (flour, first grade)",Kyrgyzstan,Manas,RETAIL,Kg,kg,0.27
2005-12-01,0.27,"Wheat (flour, first grade)",Kyrgyzstan,Manas,RETAIL,Kg,kg,0.27
2006-01-01,0.28,"Wheat (flour, first grade)",Kyrgyzstan,Manas,RETAIL,Kg,kg,0.28
2006-02-01,0.28,"Wheat (flour, first grade)",Kyrgyzstan,Manas,RETAIL,Kg,kg,0.28
2006-03-01,0.28,"Wheat (flour, first grade)",Kyrgyzstan,Manas,RETAIL,Kg,kg,0.28
2006-04-01,0.28,"Wheat (flour, first grade)",Kyrgyzstan,Manas,RETAIL,Kg,kg,0.28
2006-05-01,0.28,"Wheat (flour, first grade)",Kyrgyzstan,Manas,RETAIL,Kg,kg,0.28
2006-06-01,0.29,"Wheat (flour, first grade)",Kyrgyzstan,Manas,RETAIL,Kg,kg,0.29
2006-07-01,0.29,"Wheat (flour, first grade)",Kyrgyzstan,Manas,RETAIL,Kg,kg,0.29
2006-08-01,0.29,"Wheat (flour, first grade)",Kyrgyzstan,Manas,RETAIL,Kg,kg,0.29
2006-09-01,0.3,"Wheat (flour, first grade)",Kyrgyzstan,Manas,RETAIL,Kg,kg,0.3
2006-10-01,0.32,"Wheat (flour, first grade)",Kyrgyzstan,Manas,RETAIL,Kg,kg,0.32
2006-11-01,0.32,"Wheat (flour, first grade)",Kyrgyzstan,Manas,RETAIL,Kg,kg,0.32
2006-12-01,0.33,"Wheat (flour, first grade)",Kyrgyzstan,Manas,RETAIL,Kg,kg,0.33
2007-01-01,0.33,"Wheat (flour, first grade)",Kyrgyzstan,Manas,RETAIL,Kg,kg,0.33
2007-02-01,0.33,"Wheat (flour, first grade)",Kyrgyzstan,Manas,RETAIL,Kg,kg,0.33
2007-03-01,0.33,"Wheat (flour, first grade)",Kyrgyzstan,Manas,RETAIL,Kg,kg,0.33
2007-04-01,0.33,"Wheat (flour, first grade)",Kyrgyzstan,Manas,RETAIL,Kg,kg,0.33
2007-05-01,0.33,"Wheat (flour, first grade)",Kyrgyzstan,Manas,RETAIL,Kg,kg,0.33
2007-06-01,0.33,"Wheat (flour, first grade)",Kyrgyzstan,Manas,RETAIL,Kg,kg,0.33
2007-07-01,0.34,"Wheat (flour, first grade)",Kyrgyzstan,Manas,RETAIL,Kg,kg,0.34
2007-08-01,0.5,"Wheat (flour, first grade)",Kyrgyzstan,Manas,RETAIL,Kg,kg,0.5
2007-09-01,0.6,"Wheat (flour, first grade)",Kyrgyzstan,Manas,RETAIL,Kg,kg,0.6
2007-10-01,0.79,"Wheat (flour, first grade)",Kyrgyzstan,Manas,RETAIL,Kg,kg,0.79
2007-11-01,0.77,"Wheat (flour, first grade)",Kyrgyzstan,Manas,RETAIL,Kg,kg,0.77
2007-12-01,0.73,"Wheat (flour, first grade)",Kyrgyzstan,Manas,RETAIL,Kg,kg,0.73
2008-01-01,0.69,"Wheat (flour, first grade)",Kyrgyzstan,Manas,RETAIL,Kg,kg,0.69
2008-02-01,0.64,"Wheat (flour, first grade)",Kyrgyzstan,Manas,RETAIL,Kg,kg,0.64
2008-03-01,0.64,"Wheat (flour, first grade)",Kyrgyzstan,Manas,RETAIL,Kg,kg,0.64
2008-04-01,0.66,"Wheat (flour, first grade)",Kyrgyzstan,Manas,RETAIL,Kg,kg,0.66
2008-05-01,0.73,"Wheat (flour, first grade)",Kyrgyzstan,Manas,RETAIL,Kg,kg,0.73
2008-06-01,0.8,"Wheat (flour, first grade)",Kyrgyzstan,Manas,RETAIL,Kg,kg,0.8
2008-07-01,0.82,"Wheat (flour, first grade)",Kyrgyzstan,Manas,RETAIL,Kg,kg,0.82
2008-08-01,0.82,"Wheat (flour, first grade)",Kyrgyzstan,Manas,RETAIL,Kg,kg,0.82
2008-09-01,0.79,"Wheat (flour, first grade)",Kyrgyzstan,Manas,RETAIL,Kg,kg,0.79
2008-10-01,0.68,"Wheat (flour, first grade)",Kyrgyzstan,Manas,RETAIL,Kg,kg,0.68
2008-11-01,0.63,"Wheat (flour, first grade)",Kyrgyzstan,Manas,RETAIL,Kg,kg,0.63
2008-12-01,0.6,"Wheat (flour, first grade)",Kyrgyzstan,Manas,RETAIL,Kg,kg,0.6
2009-01-01,0.57,"Wheat (flour, first grade)",Kyrgyzstan,Manas,RETAIL,Kg,kg,0.57
2009-02-01,0.53,"Wheat (flour, first grade)",Kyrgyzstan,Manas,RETAIL,Kg,kg,0.53
2009-03-01,0.45,"Wheat (flour, first grade)",Kyrgyzstan,Manas,RETAIL,Kg,kg,0.45
2009-04-01,0.41,"Wheat (flour, first grade)",Kyrgyzstan,Manas,RETAIL,Kg,kg,0.41
2009-05-01,0.41,"Wheat (flour, first grade)",Kyrgyzstan,Manas,RETAIL,Kg,kg,0.41
2009-06-01,0.41,"Wheat (flour, first grade)",Kyrgyzstan,Manas,RETAIL,Kg,kg,0.41
2009-07-01,0.41,"Wheat (flour, first grade)",Kyrgyzstan,Manas,RETAIL,Kg,kg,0.41
2009-08-01,0.41,"Wheat (flour, first grade)",Kyrgyzstan,Manas,RETAIL,Kg,kg,0.41
2009-09-01,0.41,"Wheat (flour, first grade)",Kyrgyzstan,Manas,RETAIL,Kg,kg,0.41
2009-10-01,0.41,"Wheat (flour, first grade)",Kyrgyzstan,Manas,RETAIL,Kg,kg,0.41
2009-11-01,0.41,"Wheat (flour, first grade)",Kyrgyzstan,Manas,RETAIL,Kg,kg,0.41
2009-12-01,0.41,"Wheat (flour, first grade)",Kyrgyzstan,Manas,RETAIL,Kg,kg,0.41
2010-01-01,0.4,"Wheat (flour, first grade)",Kyrgyzstan,Manas,RETAIL,Kg,kg,0.4
2010-02-01,0.39,"Wheat (flour, first grade)",Kyrgyzstan,Manas,RETAIL,Kg,kg,0.39
2010-03-01,0.39,"Wheat (flour, first grade)",Kyrgyzstan,Manas,RETAIL,Kg,kg,0.39
2010-04-01,0.39,"Wheat (flour, first grade)",Kyrgyzstan,Manas,RETAIL,Kg,kg,0.39
2010-05-01,0.38,"Wheat (flour, first grade)",Kyrgyzstan,Manas,RETAIL,Kg,kg,0.38
2010-06-01,0.39,"Wheat (flour, first grade)",Kyrgyzstan,Manas,RETAIL,Kg,kg,0.39
2010-07-01,0.39,"Wheat (flour, first grade)",Kyrgyzstan,Manas,RETAIL,Kg,kg,0.39
2010-08-01,0.44,"Wheat (flour, first grade)",Kyrgyzstan,Manas,RETAIL,Kg,kg,0.44
2010-09-01,0.51,"Wheat (flour, first grade)",Kyrgyzstan,Manas,RETAIL,Kg,kg,0.51
2010-10-01,0.5,"Wheat (flour, first grade)",Kyrgyzstan,Manas,RETAIL,Kg,kg,0.5
2010-11-01,0.57,"Wheat (flour, first grade)",Kyrgyzstan,Manas,RETAIL,Kg,kg,0.57
2010-12-01,0.57,"Wheat (flour, first grade)",Kyrgyzstan,Manas,RETAIL,Kg,kg,0.57
2011-01-01,0.55,"Wheat (flour, first grade)",Kyrgyzstan,Manas,RETAIL,Kg,kg,0.55
2011-02-01,0.59,"Wheat (flour, first grade)",Kyrgyzstan,Manas,RETAIL,Kg,kg,0.59
2011-03-01,0.62,"Wheat (flour, first grade)",Kyrgyzstan,Manas,RETAIL,Kg,kg,0.62
2011-04-01,0.63,"Wheat (flour, first grade)",Kyrgyzstan,Manas,RETAIL,Kg,kg,0.63
2011-05-01,0.64,"Wheat (flour, first grade)",Kyrgyzstan,Manas,RETAIL,Kg,kg,0.64
2011-06-01,0.65,"Wheat (flour, first grade)",Kyrgyzstan,Manas,RETAIL,Kg,kg,0.65
2011-07-01,0.63,"Wheat (flour, first grade)",Kyrgyzstan,Manas,RETAIL,Kg,kg,0.63
2011-08-01,0.6,"Wheat (flour, first grade)",Kyrgyzstan,Manas,RETAIL,Kg,kg,0.6
2011-09-01,0.55,"Wheat (flour, first grade)",Kyrgyzstan,Manas,RETAIL,Kg,kg,0.55
2011-10-01,0.54,"Wheat (flour, first grade)",Kyrgyzstan,Manas,RETAIL,Kg,kg,0.54
2011-11-01,0.52,"Wheat (flour, first grade)",Kyrgyzstan,Manas,RETAIL,Kg,kg,0.52
2011-12-01,0.49,"Wheat (flour, first grade)",Kyrgyzstan,Manas,RETAIL,Kg,kg,0.49
2012-01-01,0.49,"Wheat (flour, first grade)",Kyrgyzstan,Manas,RETAIL,Kg,kg,0.49
2012-02-01,0.48,"Wheat (flour, first grade)",Kyrgyzstan,Manas,RETAIL,Kg,kg,0.48
2012-03-01,0.46,"Wheat (flour, first grade)",Kyrgyzstan,Manas,RETAIL,Kg,kg,0.46
2012-04-01,0.46,"Wheat (flour, first grade)",Kyrgyzstan,Manas,RETAIL,Kg,kg,0.46
2012-05-01,0.43,"Wheat (flour, first grade)",Kyrgyzstan,Manas,RETAIL,Kg,kg,0.43
2012-06-01,0.42,"Wheat (flour, first grade)",Kyrgyzstan,Manas,RETAIL,Kg,kg,0.42
2012-07-01,0.48,"Wheat (flour, first grade)",Kyrgyzstan,Manas,RETAIL,Kg,kg,0.48
2012-08-01,0.61,"Wheat (flour, first grade)",Kyrgyzstan,Manas,RETAIL,Kg,kg,0.61
2012-09-01,0.61,"Wheat (flour, first grade)",Kyrgyzstan,Manas,RETAIL,Kg,kg,0.61
2012-10-01,0.66,"Wheat (flour, first grade)",Kyrgyzstan,Manas,RETAIL,Kg,kg,0.66
2012-11-01,0.67,"Wheat (flour, first grade)",Kyrgyzstan,Manas,RETAIL,Kg,kg,0.67
2012-12-01,0.65,"Wheat (flour, first grade)",Kyrgyzstan,Manas,RETAIL,Kg,kg,0.65
2013-01-01,0.65,"Wheat (flour, first grade)",Kyrgyzstan,Manas,RETAIL,Kg,kg,0.65
2013-02-01,0.65,"Wheat (flour, first grade)",Kyrgyzstan,Manas,RETAIL,Kg,kg,0.65
2013-03-01,0.65,"Wheat (flour, first grade)",Kyrgyzstan,Manas,RETAIL,Kg,kg,0.65
2013-04-01,0.63,"Wheat (flour, first grade)",Kyrgyzstan,Manas,RETAIL,Kg,kg,0.63
2013-05-01,0.61,"Wheat (flour, first grade)",Kyrgyzstan,Manas,RETAIL,Kg,kg,0.61
2013-06-01,0.58,"Wheat (flour, first grade)",Kyrgyzstan,Manas,RETAIL,Kg,kg,0.58
2013-07-01,0.57,"Wheat (flour, first grade)",Kyrgyzstan,Manas,RETAIL,Kg,kg,0.57
2013-08-01,0.59,"Wheat (flour, first grade)",Kyrgyzstan,Manas,RETAIL,Kg,kg,0.59
2013-09-01,0.61,"Wheat (flour, first grade)",Kyrgyzstan,Manas,RETAIL,Kg,kg,0.61
2013-10-01,0.6,"Wheat (flour, first grade)",Kyrgyzstan,Manas,RETAIL,Kg,kg,0.6
2013-11-01,0.59,"Wheat (flour, first grade)",Kyrgyzstan,Manas,RETAIL,Kg,kg,0.59
2013-12-01,0.59,"Wheat (flour, first grade)",Kyrgyzstan,Manas,RETAIL,Kg,kg,0.59
2014-01-01,0.59,"Wheat (flour, first grade)",Kyrgyzstan,Manas,RETAIL,Kg,kg,0.59
2014-02-01,0.57,"Wheat (flour, first grade)",Kyrgyzstan,Manas,RETAIL,Kg,kg,0.57
2014-03-01,0.56,"Wheat (flour, first grade)",Kyrgyzstan,Manas,RETAIL,Kg,kg,0.56
2014-04-01,0.56,"Wheat (flour, first grade)",Kyrgyzstan,Manas,RETAIL,Kg,kg,0.56
2014-05-01,0.64,"Wheat (flour, first grade)",Kyrgyzstan,Manas,RETAIL,Kg,kg,0.64
2014-06-01,0.62,"Wheat (flour, first grade)",Kyrgyzstan,Manas,RETAIL,Kg,kg,0.62
2014-07-01,0.62,"Wheat (flour, first grade)",Kyrgyzstan,Manas,RETAIL,Kg,kg,0.62
2014-08-01,0.63,"Wheat (flour, first grade)",Kyrgyzstan,Manas,RETAIL,Kg,kg,0.63
2014-09-01,0.62,"Wheat (flour, first grade)",Kyrgyzstan,Manas,RETAIL,Kg,kg,0.62
2014-10-01,0.62,"Wheat (flour, first grade)",Kyrgyzstan,Manas,RETAIL,Kg,kg,0.62
2014-11-01,0.61,"Wheat (flour, first grade)",Kyrgyzstan,Manas,RETAIL,Kg,kg,0.61
2014-12-01,0.6,"Wheat (flour, first grade)",Kyrgyzstan,Manas,RETAIL,Kg,kg,0.6
2015-01-01,0.59,"Wheat (flour, first grade)",Kyrgyzstan,Manas,RETAIL,Kg,kg,0.59
2015-02-01,0.59,"Wheat (flour, first grade)",Kyrgyzstan,Manas,RETAIL,Kg,kg,0.59
2015-03-01,0.56,"Wheat (flour, first grade)",Kyrgyzstan,Manas,RETAIL,Kg,kg,0.56
2015-04-01,0.55,"Wheat (flour, first grade)",Kyrgyzstan,Manas,RETAIL,Kg,kg,0.55
2015-05-01,0.58,"Wheat (flour, first grade)",Kyrgyzstan,Manas,RETAIL,Kg,kg,0.58
2015-06-01,0.57,"Wheat (flour, first grade)",Kyrgyzstan,Manas,RETAIL,Kg,kg,0.57
2015-07-01,0.55,"Wheat (flour, first grade)",Kyrgyzstan,Manas,RETAIL,Kg,kg,0.55
2015-08-01,0.55,"Wheat (flour, first grade)",Kyrgyzstan,Manas,RETAIL,Kg,kg,0.55
2015-09-01,0.51,"Wheat (flour, first grade)",Kyrgyzstan,Manas,RETAIL,Kg,kg,0.51
2015-10-01,0.5,"Wheat (flour, first grade)",Kyrgyzstan,Manas,RETAIL,Kg,kg,0.5
2015-11-01,0.48,"Wheat (flour, first grade)",Kyrgyzstan,Manas,RETAIL,Kg,kg,0.48
2015-12-01,0.45,"Wheat (flour, first grade)",Kyrgyzstan,Manas,RETAIL,Kg,kg,0.45
2016-01-01,0.45,"Wheat (flour, first grade)",Kyrgyzstan,Manas,RETAIL,Kg,kg,0.45
2016-02-01,0.43,"Wheat (flour, first grade)",Kyrgyzstan,Manas,RETAIL,Kg,kg,0.43
2016-03-01,0.43,"Wheat (flour, first grade)",Kyrgyzstan,Manas,RETAIL,Kg,kg,0.43
2016-04-01,0.43,"Wheat (flour, first grade)",Kyrgyzstan,Manas,RETAIL,Kg,kg,0.43
2016-05-01,0.4,"Wheat (flour, first grade)",Kyrgyzstan,Manas,RETAIL,Kg,kg,0.4
2016-06-01,0.4,"Wheat (flour, first grade)",Kyrgyzstan,Manas,RETAIL,Kg,kg,0.4
2016-07-01,0.4,"Wheat (flour, first grade)",Kyrgyzstan,Manas,RETAIL,Kg,kg,0.4
2016-08-01,0.39,"Wheat (flour, first grade)",Kyrgyzstan,Manas,RETAIL,Kg,kg,0.39
2016-09-01,0.4,"Wheat (flour, first grade)",Kyrgyzstan,Manas,RETAIL,Kg,kg,0.4
2016-10-01,0.41,"Wheat (flour, first grade)",Kyrgyzstan,Manas,RETAIL,Kg,kg,0.41
2016-11-01,0.41,"Wheat (flour, first grade)",Kyrgyzstan,Manas,RETAIL,Kg,kg,0.41
2016-12-01,0.41,"Wheat (flour, first grade)",Kyrgyzstan,Manas,RETAIL,Kg,kg,0.41
2017-01-01,0.41,"Wheat (flour, first grade)",Kyrgyzstan,Manas,RETAIL,Kg,kg,0.41
2017-02-01,0.41,"Wheat (flour, first grade)",Kyrgyzstan,Manas,RETAIL,Kg,kg,0.41
2017-03-01,0.41,"Wheat (flour, first grade)",Kyrgyzstan,Manas,RETAIL,Kg,kg,0.41
2017-04-01,0.42,"Wheat (flour, first grade)",Kyrgyzstan,Manas,RETAIL,Kg,kg,0.42
2017-05-01,0.41,"Wheat (flour, first grade)",Kyrgyzstan,Manas,RETAIL,Kg,kg,0.41
2017-06-01,0.4,"Wheat (flour, first grade)",Kyrgyzstan,Manas,RETAIL,Kg,kg,0.4
2017-07-01,0.39,"Wheat (flour, first grade)",Kyrgyzstan,Manas,RETAIL,Kg,kg,0.39
2017-08-01,0.39,"Wheat (flour, first grade)",Kyrgyzstan,Manas,RETAIL,Kg,kg,0.39
2017-09-01,0.41,"Wheat (flour, first grade)",Kyrgyzstan,Manas,RETAIL,Kg,kg,0.41
2017-10-01,0.41,"Wheat (flour, first grade)",Kyrgyzstan,Manas,RETAIL,Kg,kg,0.41
2017-11-01,0.4,"Wheat (flour, first grade)",Kyrgyzstan,Manas,RETAIL,Kg,kg,0.4
2017-12-01,0.39,"Wheat (flour, first grade)",Kyrgyzstan,Manas,RETAIL,Kg,kg,0.39
2018-01-01,0.4,"Wheat (flour, first grade)",Kyrgyzstan,Manas,RETAIL,Kg,kg,0.4
2018-02-01,0.4,"Wheat (flour, first grade)",Kyrgyzstan,Manas,RETAIL,Kg,kg,0.4
2018-03-01,0.4,"Wheat (flour, first grade)",Kyrgyzstan,Manas,RETAIL,Kg,kg,0.4
2018-04-01,0.4,"Wheat (flour, first grade)",Kyrgyzstan,Manas,RETAIL,Kg,kg,0.4
2018-05-01,0.4,"Wheat (flour, first grade)",Kyrgyzstan,Manas,RETAIL,Kg,kg,0.4
2018-06-01,0.41,"Wheat (flour, first grade)",Kyrgyzstan,Manas,RETAIL,Kg,kg,0.41
2018-07-01,0.41,"Wheat (flour, first grade)",Kyrgyzstan,Manas,RETAIL,Kg,kg,0.41
2018-08-01,0.4,"Wheat (flour, first grade)",Kyrgyzstan,Manas,RETAIL,Kg,kg,0.4
2018-09-01,0.39,"Wheat (flour, first grade)",Kyrgyzstan,Manas,RETAIL,Kg,kg,0.39
2018-10-01,0.4,"Wheat (flour, first grade)",Kyrgyzstan,Manas,RETAIL,Kg,kg,0.4
2018-11-01,0.4,"Wheat (flour, first grade)",Kyrgyzstan,Manas,RETAIL,Kg,kg,0.4
2018-12-01,0.4,"Wheat (flour, first grade)",Kyrgyzstan,Manas,RETAIL,Kg,kg,0.4
2019-01-01,0.4,"Wheat (flour, first grade)",Kyrgyzstan,Manas,RETAIL,Kg,kg,0.4
2019-02-01,0.4,"Wheat (flour, first grade)",Kyrgyzstan,Manas,RETAIL,Kg,kg,0.4
2019-03-01,0.4,"Wheat (flour, first grade)",Kyrgyzstan,Manas,RETAIL,Kg,kg,0.4
2019-04-01,0.41,"Wheat (flour, first grade)",Kyrgyzstan,Manas,RETAIL,Kg,kg,0.41
2019-05-01,0.41,"Wheat (flour, first grade)",Kyrgyzstan,Manas,RETAIL,Kg,kg,0.41
2019-06-01,0.4,"Wheat (flour, first grade)",Kyrgyzstan,Manas,RETAIL,Kg,kg,0.4
2019-07-01,0.41,"Wheat (flour, first grade)",Kyrgyzstan,Manas,RETAIL,Kg,kg,0.41
2019-08-01,0.41,"Wheat (flour, first grade)",Kyrgyzstan,Manas,RETAIL,Kg,kg,0.41
2019-09-01,0.41,"Wheat (flour, first grade)",Kyrgyzstan,Manas,RETAIL,Kg,kg,0.41
2019-10-01,0.44,"Wheat (flour, first grade)",Kyrgyzstan,Manas,RETAIL,Kg,kg,0.44
2019-11-01,0.46,"Wheat (flour, first grade)",Kyrgyzstan,Manas,RETAIL,Kg,kg,0.46
2019-12-01,0.47,"Wheat (flour, first grade)",Kyrgyzstan,Manas,RETAIL,Kg,kg,0.47
2020-01-01,0.47,"Wheat (flour, first grade)",Kyrgyzstan,Manas,RETAIL,Kg,kg,0.47
2020-02-01,0.47,"Wheat (flour, first grade)",Kyrgyzstan,Manas,RETAIL,Kg,kg,0.47
2020-03-01,0.47,"Wheat (flour, first grade)",Kyrgyzstan,Manas,RETAIL,Kg,kg,0.47
2020-04-01,0.47,"Wheat (flour, first grade)",Kyrgyzstan,Manas,RETAIL,Kg,kg,0.47
2020-05-01,0.5,"Wheat (flour, first grade)",Kyrgyzstan,Manas,RETAIL,Kg,kg,0.5
2020-06-01,0.47,"Wheat (flour, first grade)",Kyrgyzstan,Manas,RETAIL,Kg,kg,0.47
2020-07-01,0.47,"Wheat (flour, first grade)",Kyrgyzstan,Manas,RETAIL,Kg,kg,0.47
2020-08-01,0.47,"Wheat (flour, first grade)",Kyrgyzstan,Manas,RETAIL,Kg,kg,0.47
2020-09-01,0.47,"Wheat (flour, first grade)",Kyrgyzstan,Manas,RETAIL,Kg,kg,0.47
2020-10-01,0.46,"Wheat (flour, first grade)",Kyrgyzstan,Manas,RETAIL,Kg,kg,0.46
2020-11-01,0.46,"Wheat (flour, first grade)",Kyrgyzstan,Manas,RETAIL,Kg,kg,0.46
2020-12-01,0.47,"Wheat (flour, first grade)",Kyrgyzstan,Manas,RETAIL,Kg,kg,0.47
2021-01-01,0.47,"Wheat (flour, first grade)",Kyrgyzstan,Manas,RETAIL,Kg,kg,0.47
2021-02-01,0.47,"Wheat (flour, first grade)",Kyrgyzstan,Manas,RETAIL,Kg,kg,0.47
2021-03-01,0.46,"Wheat (flour, first grade)",Kyrgyzstan,Manas,RETAIL,Kg,kg,0.46
2021-04-01,0.46,"Wheat (flour, first grade)",Kyrgyzstan,Manas,RETAIL,Kg,kg,0.46
2021-05-01,0.46,"Wheat (flour, first grade)",Kyrgyzstan,Manas,RETAIL,Kg,kg,0.46
2021-06-01,0.45,"Wheat (flour, first grade)",Kyrgyzstan,Manas,RETAIL,Kg,kg,0.45
2021-07-01,0.45,"Wheat (flour, first grade)",Kyrgyzstan,Manas,RETAIL,Kg,kg,0.45
2021-08-01,0.47,"Wheat (flour, first grade)",Kyrgyzstan,Manas,RETAIL,Kg,kg,0.47
2021-09-01,0.48,"Wheat (flour, first grade)",Kyrgyzstan,Manas,RETAIL,Kg,kg,0.48
2021-10-01,0.48,"Wheat (flour, first grade)",Kyrgyzstan,Manas,RETAIL,Kg,kg,0.48
2021-11-01,0.48,"Wheat (flour, first grade)",Kyrgyzstan,Manas,RETAIL,Kg,kg,0.48
2021-12-01,0.48,"Wheat (flour, first grade)",Kyrgyzstan,Manas,RETAIL,Kg,kg,0.48
2022-01-01,0.48,"Wheat (flour, first grade)",Kyrgyzstan,Manas,RETAIL,Kg,kg,0.48
2022-02-01,0.48,"Wheat (flour, first grade)",Kyrgyzstan,Manas,RETAIL,Kg,kg,0.48
2022-03-01,0.44,"Wheat (flour, first grade)",Kyrgyzstan,Manas,RETAIL,Kg,kg,0.44
2022-04-01,0.52,"Wheat (flour, first grade)",Kyrgyzstan,Manas,RETAIL,Kg,kg,0.52
2022-05-01,0.54,"Wheat (flour, first grade)",Kyrgyzstan,Manas,RETAIL,Kg,kg,0.54
2022-06-01,0.58,"Wheat (flour, first grade)",Kyrgyzstan,Manas,RETAIL,Kg,kg,0.58
2022-07-01,0.63,"Wheat (flour, first grade)",Kyrgyzstan,Manas,RETAIL,Kg,kg,0.63
2022-08-01,0.64,"Wheat (flour, first grade)",Kyrgyzstan,Manas,RETAIL,Kg,kg,0.64
2022-09-01,0.63,"Wheat (flour, first grade)",Kyrgyzstan,Manas,RETAIL,Kg,kg,0.63
2022-10-01,0.62,"Wheat (flour, first grade)",Kyrgyzstan,Manas,RETAIL,Kg,kg,0.62
2022-11-01,0.61,"Wheat (flour, first grade)",Kyrgyzstan,Manas,RETAIL,Kg,kg,0.61
2022-12-01,0.6,"Wheat (flour, first grade)",Kyrgyzstan,Manas,RETAIL,Kg,kg,0.6
2023-01-01,0.61,"Wheat (flour, first grade)",Kyrgyzstan,Manas,RETAIL,Kg,kg,0.61
2023-02-01,0.6,"Wheat (flour, first grade)",Kyrgyzstan,Manas,RETAIL,Kg,kg,0.6
2023-03-01,0.59,"Wheat (flour, first grade)",Kyrgyzstan,Manas,RETAIL,Kg,kg,0.59
2023-04-01,0.58,"Wheat (flour, first grade)",Kyrgyzstan,Manas,RETAIL,Kg,kg,0.58
2023-05-01,0.58,"Wheat (flour, first grade)",Kyrgyzstan,Manas,RETAIL,Kg,kg,0.58
2023-06-01,0.57,"Wheat (flour, first grade)",Kyrgyzstan,Manas,RETAIL,Kg,kg,0.57
2023-07-01,0.57,"Wheat (flour, first grade)",Kyrgyzstan,Manas,RETAIL,Kg,kg,0.57
2023-08-01,0.57,"Wheat (flour, first grade)",Kyrgyzstan,Manas,RETAIL,Kg,kg,0.57
2023-09-01,0.57,"Wheat (flour, first grade)",Kyrgyzstan,Manas,RETAIL,Kg,kg,0.57
2023-10-01,0.66,"Wheat (flour, first grade)",Kyrgyzstan,Manas,RETAIL,Kg,kg,0.66
2023-11-01,0.66,"Wheat (flour, first grade)",Kyrgyzstan,Manas,RETAIL,Kg,kg,0.66
2023-12-01,0.66,"Wheat (flour, first grade)",Kyrgyzstan,Manas,RETAIL,Kg,kg,0.66
2024-01-01,0.64,"Wheat (flour, first grade)",Kyrgyzstan,Manas,RETAIL,Kg,kg,0.64
2024-02-01,0.63,"Wheat (flour, first grade)",Kyrgyzstan,Manas,RETAIL,Kg,kg,0.63
2024-03-01,0.63,"Wheat (flour, first grade)",Kyrgyzstan,Manas,RETAIL,Kg,kg,0.63
2024-04-01,0.61,"Wheat (flour, first grade)",Kyrgyzstan,Manas,RETAIL,Kg,kg,0.61
2024-05-01,0.62,"Wheat (flour, first grade)",Kyrgyzstan,Manas,RETAIL,Kg,kg,0.62
2024-06-01,0.62,"Wheat (flour, first grade)",Kyrgyzstan,Manas,RETAIL,Kg,kg,0.62
2024-07-01,0.64,"Wheat (flour, first grade)",Kyrgyzstan,Manas,RETAIL,Kg,kg,0.64
2024-08-01,0.64,"Wheat (flour, first grade)",Kyrgyzstan,Manas,RETAIL,Kg,kg,0.64
2024-09-01,0.65,"Wheat (flour, first grade)",Kyrgyzstan,Manas,RETAIL,Kg,kg,0.65
2024-10-01,0.64,"Wheat (flour, first grade)",Kyrgyzstan,Manas,RETAIL,Kg,kg,0.64
2024-11-01,0.61,"Wheat (flour, first grade)",Kyrgyzstan,Manas,RETAIL,Kg,kg,0.61
2024-12-01,0.68,"Wheat (flour, first grade)",Kyrgyzstan,Manas,RETAIL,Kg,kg,0.68
2025-01-01,0.68,"Wheat (flour, first grade)",Kyrgyzstan,Manas,RETAIL,Kg,kg,0.68
2025-02-01,0.67,"Wheat (flour, first grade)",Kyrgyzstan,Manas,RETAIL,Kg,kg,0.67
2025-03-01,0.68,"Wheat (flour, first grade)",Kyrgyzstan,Manas,RETAIL,Kg,kg,0.68
2025-04-01,0.66,"Wheat (flour, first grade)",Kyrgyzstan,Manas,RETAIL,Kg,kg,0.66
2025-05-01,0.66,"Wheat (flour, first grade)",Kyrgyzstan,Manas,RETAIL,Kg,kg,0.66
2025-06-01,0.66,"Wheat (flour, first grade)",Kyrgyzstan,Manas,RETAIL,Kg,kg,0.66
2025-07-01,0.66,"Wheat (flour, first grade)",Kyrgyzstan,Manas,RETAIL,Kg,kg,0.66
2025-08-01,0.66,"Wheat (flour, first grade)",Kyrgyzstan,Manas,RETAIL,Kg,kg,0.66
2025-09-01,0.65,"Wheat (flour, first grade)",Kyrgyzstan,Manas,RETAIL,Kg,kg,0.65
2025-10-01,0.63,"Wheat (flour, first grade)",Kyrgyzstan,Manas,RETAIL,Kg,kg,0.63
2005-01-01,0.32,"Wheat (flour, first grade)",Kyrgyzstan,Naryn,RETAIL,Kg,kg,0.32
2005-02-01,0.32,"Wheat (flour, first grade)",Kyrgyzstan,Naryn,RETAIL,Kg,kg,0.32
2005-03-01,0.32,"Wheat (flour, first grade)",Kyrgyzstan,Naryn,RETAIL,Kg,kg,0.32
2005-04-01,0.33,"Wheat (flour, first grade)",Kyrgyzstan,Naryn,RETAIL,Kg,kg,0.33
2005-05-01,0.33,"Wheat (flour, first grade)",Kyrgyzstan,Naryn,RETAIL,Kg,kg,0.33
2005-06-01,0.33,"Wheat (flour, first grade)",Kyrgyzstan,Naryn,RETAIL,Kg,kg,0.33
2005-07-01,0.31,"Wheat (flour, first grade)",Kyrgyzstan,Naryn,RETAIL,Kg,kg,0.31
2005-08-01,0.29,"Wheat (flour, first grade)",Kyrgyzstan,Naryn,RETAIL,Kg,kg,0.29
2005-09-01,0.29,"Wheat (flour, first grade)",Kyrgyzstan,Naryn,RETAIL,Kg,kg,0.29
2005-10-01,0.29,"Wheat (flour, first grade)",Kyrgyzstan,Naryn,RETAIL,Kg,kg,0.29
2005-11-01,0.29,"Wheat (flour, first grade)",Kyrgyzstan,Naryn,RETAIL,Kg,kg,0.29
2005-12-01,0.29,"Wheat (flour, first grade)",Kyrgyzstan,Naryn,RETAIL,Kg,kg,0.29
2006-01-01,0.29,"Wheat (flour, first grade)",Kyrgyzstan,Naryn,RETAIL,Kg,kg,0.29
2006-02-01,0.29,"Wheat (flour, first grade)",Kyrgyzstan,Naryn,RETAIL,Kg,kg,0.29
2006-03-01,0.29,"Wheat (flour, first grade)",Kyrgyzstan,Naryn,RETAIL,Kg,kg,0.29
2006-04-01,0.29,"Wheat (flour, first grade)",Kyrgyzstan,Naryn,RETAIL,Kg,kg,0.29
2006-05-01,0.29,"Wheat (flour, first grade)",Kyrgyzstan,Naryn,RETAIL,Kg,kg,0.29
2006-06-01,0.3,"Wheat (flour, first grade)",Kyrgyzstan,Naryn,RETAIL,Kg,kg,0.3
2006-07-01,0.3,"Wheat (flour, first grade)",Kyrgyzstan,Naryn,RETAIL,Kg,kg,0.3
2006-08-01,0.32,"Wheat (flour, first grade)",Kyrgyzstan,Naryn,RETAIL,Kg,kg,0.32
2006-09-01,0.32,"Wheat (flour, first grade)",Kyrgyzstan,Naryn,RETAIL,Kg,kg,0.32
2006-10-01,0.32,"Wheat (flour, first grade)",Kyrgyzstan,Naryn,RETAIL,Kg,kg,0.32
2006-11-01,0.32,"Wheat (flour, first grade)",Kyrgyzstan,Naryn,RETAIL,Kg,kg,0.32
2006-12-01,0.32,"Wheat (flour, first grade)",Kyrgyzstan,Naryn,RETAIL,Kg,kg,0.32
2007-01-01,0.33,"Wheat (flour, first grade)",Kyrgyzstan,Naryn,RETAIL,Kg,kg,0.33
2007-02-01,0.32,"Wheat (flour, first grade)",Kyrgyzstan,Naryn,RETAIL,Kg,kg,0.32
2007-03-01,0.33,"Wheat (flour, first grade)",Kyrgyzstan,Naryn,RETAIL,Kg,kg,0.33
2007-04-01,0.33,"Wheat (flour, first grade)",Kyrgyzstan,Naryn,RETAIL,Kg,kg,0.33
2007-05-01,0.33,"Wheat (flour, first grade)",Kyrgyzstan,Naryn,RETAIL,Kg,kg,0.33
2007-06-01,0.33,"Wheat (flour, first grade)",Kyrgyzstan,Naryn,RETAIL,Kg,kg,0.33
2007-07-01,0.34,"Wheat (flour, first grade)",Kyrgyzstan,Naryn,RETAIL,Kg,kg,0.34
2007-08-01,0.47,"Wheat (flour, first grade)",Kyrgyzstan,Naryn,RETAIL,Kg,kg,0.47
2007-09-01,0.56,"Wheat (flour, first grade)",Kyrgyzstan,Naryn,RETAIL,Kg,kg,0.56
2007-10-01,0.85,"Wheat (flour, first grade)",Kyrgyzstan,Naryn,RETAIL,Kg,kg,0.85
2007-11-01,0.76,"Wheat (flour, first grade)",Kyrgyzstan,Naryn,RETAIL,Kg,kg,0.76
2007-12-01,0.77,"Wheat (flour, first grade)",Kyrgyzstan,Naryn,RETAIL,Kg,kg,0.77
2008-01-01,0.78,"Wheat (flour, first grade)",Kyrgyzstan,Naryn,RETAIL,Kg,kg,0.78
2008-02-01,0.72,"Wheat (flour, first grade)",Kyrgyzstan,Naryn,RETAIL,Kg,kg,0.72
2008-03-01,0.72,"Wheat (flour, first grade)",Kyrgyzstan,Naryn,RETAIL,Kg,kg,0.72
2008-04-01,0.74,"Wheat (flour, first grade)",Kyrgyzstan,Naryn,RETAIL,Kg,kg,0.74
2008-05-01,0.77,"Wheat (flour, first grade)",Kyrgyzstan,Naryn,RETAIL,Kg,kg,0.77
2008-06-01,0.83,"Wheat (flour, first grade)",Kyrgyzstan,Naryn,RETAIL,Kg,kg,0.83
2008-07-01,0.85,"Wheat (flour, first grade)",Kyrgyzstan,Naryn,RETAIL,Kg,kg,0.85
2008-08-01,0.86,"Wheat (flour, first grade)",Kyrgyzstan,Naryn,RETAIL,Kg,kg,0.86
2008-09-01,0.77,"Wheat (flour, first grade)",Kyrgyzstan,Naryn,RETAIL,Kg,kg,0.77
2008-10-01,0.69,"Wheat (flour, first grade)",Kyrgyzstan,Naryn,RETAIL,Kg,kg,0.69
2008-11-01,0.62,"Wheat (flour, first grade)",Kyrgyzstan,Naryn,RETAIL,Kg,kg,0.62
2008-12-01,0.62,"Wheat (flour, first grade)",Kyrgyzstan,Naryn,RETAIL,Kg,kg,0.62
2009-01-01,0.59,"Wheat (flour, first grade)",Kyrgyzstan,Naryn,RETAIL,Kg,kg,0.59
2009-02-01,0.57,"Wheat (flour, first grade)",Kyrgyzstan,Naryn,RETAIL,Kg,kg,0.57
2009-03-01,0.55,"Wheat (flour, first grade)",Kyrgyzstan,Naryn,RETAIL,Kg,kg,0.55
2009-04-01,0.52,"Wheat (flour, first grade)",Kyrgyzstan,Naryn,RETAIL,Kg,kg,0.52
2009-05-01,0.49,"Wheat (flour, first grade)",Kyrgyzstan,Naryn,RETAIL,Kg,kg,0.49
2009-06-01,0.45,"Wheat (flour, first grade)",Kyrgyzstan,Naryn,RETAIL,Kg,kg,0.45
2009-07-01,0.43,"Wheat (flour, first grade)",Kyrgyzstan,Naryn,RETAIL,Kg,kg,0.43
2009-08-01,0.43,"Wheat (flour, first grade)",Kyrgyzstan,Naryn,RETAIL,Kg,kg,0.43
2009-09-01,0.42,"Wheat (flour, first grade)",Kyrgyzstan,Naryn,RETAIL,Kg,kg,0.42
2009-10-01,0.43,"Wheat (flour, first grade)",Kyrgyzstan,Naryn,RETAIL,Kg,kg,0.43
2009-11-01,0.42,"Wheat (flour, first grade)",Kyrgyzstan,Naryn,RETAIL,Kg,kg,0.42
2009-12-01,0.41,"Wheat (flour, first grade)",Kyrgyzstan,Naryn,RETAIL,Kg,kg,0.41
2010-01-01,0.4,"Wheat (flour, first grade)",Kyrgyzstan,Naryn,RETAIL,Kg,kg,0.4
2010-02-01,0.4,"Wheat (flour, first grade)",Kyrgyzstan,Naryn,RETAIL,Kg,kg,0.4
2010-03-01,0.4,"Wheat (flour, first grade)",Kyrgyzstan,Naryn,RETAIL,Kg,kg,0.4
2010-04-01,0.39,"Wheat (flour, first grade)",Kyrgyzstan,Naryn,RETAIL,Kg,kg,0.39
2010-05-01,0.39,"Wheat (flour, first grade)",Kyrgyzstan,Naryn,RETAIL,Kg,kg,0.39
2010-06-01,0.39,"Wheat (flour, first grade)",Kyrgyzstan,Naryn,RETAIL,Kg,kg,0.39
2010-07-01,0.39,"Wheat (flour, first grade)",Kyrgyzstan,Naryn,RETAIL,Kg,kg,0.39
2010-08-01,0.46,"Wheat (flour, first grade)",Kyrgyzstan,Naryn,RETAIL,Kg,kg,0.46
2010-09-01,0.51,"Wheat (flour, first grade)",Kyrgyzstan,Naryn,RETAIL,Kg,kg,0.51
2010-10-01,0.52,"Wheat (flour, first grade)",Kyrgyzstan,Naryn,RETAIL,Kg,kg,0.52
2010-11-01,0.54,"Wheat (flour, first grade)",Kyrgyzstan,Naryn,RETAIL,Kg,kg,0.54
2010-12-01,0.55,"Wheat (flour, first grade)",Kyrgyzstan,Naryn,RETAIL,Kg,kg,0.55
2011-01-01,0.55,"Wheat (flour, first grade)",Kyrgyzstan,Naryn,RETAIL,Kg,kg,0.55
2011-02-01,0.6,"Wheat (flour, first grade)",Kyrgyzstan,Naryn,RETAIL,Kg,kg,0.6
2011-03-01,0.7,"Wheat (flour, first grade)",Kyrgyzstan,Naryn,RETAIL,Kg,kg,0.7
2011-04-01,0.69,"Wheat (flour, first grade)",Kyrgyzstan,Naryn,RETAIL,Kg,kg,0.69
2011-05-01,0.7,"Wheat (flour, first grade)",Kyrgyzstan,Naryn,RETAIL,Kg,kg,0.7
2011-06-01,0.71,"Wheat (flour, first grade)",Kyrgyzstan,Naryn,RETAIL,Kg,kg,0.71
2011-07-01,0.67,"Wheat (flour, first grade)",Kyrgyzstan,Naryn,RETAIL,Kg,kg,0.67
2011-08-01,0.62,"Wheat (flour, first grade)",Kyrgyzstan,Naryn,RETAIL,Kg,kg,0.62
2011-09-01,0.62,"Wheat (flour, first grade)",Kyrgyzstan,Naryn,RETAIL,Kg,kg,0.62
2011-10-01,0.58,"Wheat (flour, first grade)",Kyrgyzstan,Naryn,RETAIL,Kg,kg,0.58
2011-11-01,0.55,"Wheat (flour, first grade)",Kyrgyzstan,Naryn,RETAIL,Kg,kg,0.55
2011-12-01,0.53,"Wheat (flour, first grade)",Kyrgyzstan,Naryn,RETAIL,Kg,kg,0.53
2012-01-01,0.5,"Wheat (flour, first grade)",Kyrgyzstan,Naryn,RETAIL,Kg,kg,0.5
2012-02-01,0.5,"Wheat (flour, first grade)",Kyrgyzstan,Naryn,RETAIL,Kg,kg,0.5
2012-03-01,0.5,"Wheat (flour, first grade)",Kyrgyzstan,Naryn,RETAIL,Kg,kg,0.5
2012-04-01,0.5,"Wheat (flour, first grade)",Kyrgyzstan,Naryn,RETAIL,Kg,kg,0.5
2012-05-01,0.49,"Wheat (flour, first grade)",Kyrgyzstan,Naryn,RETAIL,Kg,kg,0.49
2012-06-01,0.49,"Wheat (flour, first grade)",Kyrgyzstan,Naryn,RETAIL,Kg,kg,0.49
2012-07-01,0.51,"Wheat (flour, first grade)",Kyrgyzstan,Naryn,RETAIL,Kg,kg,0.51
2012-08-01,0.64,"Wheat (flour, first grade)",Kyrgyzstan,Naryn,RETAIL,Kg,kg,0.64
2012-09-01,0.62,"Wheat (flour, first grade)",Kyrgyzstan,Naryn,RETAIL,Kg,kg,0.62
2012-10-01,0.68,"Wheat (flour, first grade)",Kyrgyzstan,Naryn,RETAIL,Kg,kg,0.68
2012-11-01,0.68,"Wheat (flour, first grade)",Kyrgyzstan,Naryn,RETAIL,Kg,kg,0.68
2012-12-01,0.68,"Wheat (flour, first grade)",Kyrgyzstan,Naryn,RETAIL,Kg,kg,0.68
2013-01-01,0.67,"Wheat (flour, first grade)",Kyrgyzstan,Naryn,RETAIL,Kg,kg,0.67
2013-02-01,0.67,"Wheat (flour, first grade)",Kyrgyzstan,Naryn,RETAIL,Kg,kg,0.67
2013-03-01,0.66,"Wheat (flour, first grade)",Kyrgyzstan,Naryn,RETAIL,Kg,kg,0.66
2013-04-01,0.64,"Wheat (flour, first grade)",Kyrgyzstan,Naryn,RETAIL,Kg,kg,0.64
2013-05-01,0.59,"Wheat (flour, first grade)",Kyrgyzstan,Naryn,RETAIL,Kg,kg,0.59
2013-06-01,0.58,"Wheat (flour, first grade)",Kyrgyzstan,Naryn,RETAIL,Kg,kg,0.58
2013-07-01,0.59,"Wheat (flour, first grade)",Kyrgyzstan,Naryn,RETAIL,Kg,kg,0.59
2013-08-01,0.6,"Wheat (flour, first grade)",Kyrgyzstan,Naryn,RETAIL,Kg,kg,0.6
2013-09-01,0.57,"Wheat (flour, first grade)",Kyrgyzstan,Naryn,RETAIL,Kg,kg,0.57
2013-10-01,0.56,"Wheat (flour, first grade)",Kyrgyzstan,Naryn,RETAIL,Kg,kg,0.56
2013-11-01,0.57,"Wheat (flour, first grade)",Kyrgyzstan,Naryn,RETAIL,Kg,kg,0.57
2013-12-01,0.56,"Wheat (flour, first grade)",Kyrgyzstan,Naryn,RETAIL,Kg,kg,0.56
2014-01-01,0.57,"Wheat (flour, first grade)",Kyrgyzstan,Naryn,RETAIL,Kg,kg,0.57
2014-02-01,0.56,"Wheat (flour, first grade)",Kyrgyzstan,Naryn,RETAIL,Kg,kg,0.56
2014-03-01,0.58,"Wheat (flour, first grade)",Kyrgyzstan,Naryn,RETAIL,Kg,kg,0.58
2014-04-01,0.56,"Wheat (flour, first grade)",Kyrgyzstan,Naryn,RETAIL,Kg,kg,0.56
2014-05-01,0.58,"Wheat (flour, first grade)",Kyrgyzstan,Naryn,RETAIL,Kg,kg,0.58
2014-06-01,0.59,"Wheat (flour, first grade)",Kyrgyzstan,Naryn,RETAIL,Kg,kg,0.59
2014-07-01,0.6,"Wheat (flour, first grade)",Kyrgyzstan,Naryn,RETAIL,Kg,kg,0.6
2014-08-01,0.59,"Wheat (flour, first grade)",Kyrgyzstan,Naryn,RETAIL,Kg,kg,0.59
2014-09-01,0.57,"Wheat (flour, first grade)",Kyrgyzstan,Naryn,RETAIL,Kg,kg,0.57
2014-10-01,0.56,"Wheat (flour, first grade)",Kyrgyzstan,Naryn,RETAIL,Kg,kg,0.56
2014-11-01,0.57,"Wheat (flour, first grade)",Kyrgyzstan,Naryn,RETAIL,Kg,kg,0.57
2014-12-01,0.58,"Wheat (flour, first grade)",Kyrgyzstan,Naryn,RETAIL,Kg,kg,0.58
2015-01-01,0.58,"Wheat (flour, first grade)",Kyrgyzstan,Naryn,RETAIL,Kg,kg,0.58
2015-02-01,0.55,"Wheat (flour, first grade)",Kyrgyzstan,Naryn,RETAIL,Kg,kg,0.55
2015-03-01,0.54,"Wheat (flour, first grade)",Kyrgyzstan,Naryn,RETAIL,Kg,kg,0.54
2015-04-01,0.54,"Wheat (flour, first grade)",Kyrgyzstan,Naryn,RETAIL,Kg,kg,0.54
2015-05-01,0.57,"Wheat (flour, first grade)",Kyrgyzstan,Naryn,RETAIL,Kg,kg,0.57
2015-06-01,0.56,"Wheat (flour, first grade)",Kyrgyzstan,Naryn,RETAIL,Kg,kg,0.56
2015-07-01,0.55,"Wheat (flour, first grade)",Kyrgyzstan,Naryn,RETAIL,Kg,kg,0.55
2015-08-01,0.55,"Wheat (flour, first grade)",Kyrgyzstan,Naryn,RETAIL,Kg,kg,0.55
2015-09-01,0.5,"Wheat (flour, first grade)",Kyrgyzstan,Naryn,RETAIL,Kg,kg,0.5
2015-10-01,0.49,"Wheat (flour, first grade)",Kyrgyzstan,Naryn,RETAIL,Kg,kg,0.49
2015-11-01,0.47,"Wheat (flour, first grade)",Kyrgyzstan,Naryn,RETAIL,Kg,kg,0.47
2015-12-01,0.44,"Wheat (flour, first grade)",Kyrgyzstan,Naryn,RETAIL,Kg,kg,0.44
2016-01-01,0.43,"Wheat (flour, first grade)",Kyrgyzstan,Naryn,RETAIL,Kg,kg,0.43
2016-02-01,0.44,"Wheat (flour, first grade)",Kyrgyzstan,Naryn,RETAIL,Kg,kg,0.44
2016-03-01,0.46,"Wheat (flour, first grade)",Kyrgyzstan,Naryn,RETAIL,Kg,kg,0.46
2016-04-01,0.48,"Wheat (flour, first grade)",Kyrgyzstan,Naryn,RETAIL,Kg,kg,0.48
2016-05-01,0.47,"Wheat (flour, first grade)",Kyrgyzstan,Naryn,RETAIL,Kg,kg,0.47
2016-06-01,0.46,"Wheat (flour, first grade)",Kyrgyzstan,Naryn,RETAIL,Kg,kg,0.46
2016-07-01,0.46,"Wheat (flour, first grade)",Kyrgyzstan,Naryn,RETAIL,Kg,kg,0.46
2016-08-01,0.43,"Wheat (flour, first grade)",Kyrgyzstan,Naryn,RETAIL,Kg,kg,0.43
2016-09-01,0.43,"Wheat (flour, first grade)",Kyrgyzstan,Naryn,RETAIL,Kg,kg,0.43
2016-10-01,0.43,"Wheat (flour, first grade)",Kyrgyzstan,Naryn,RETAIL,Kg,kg,0.43
2016-11-01,0.42,"Wheat (flour, first grade)",Kyrgyzstan,Naryn,RETAIL,Kg,kg,0.42
2016-12-01,0.42,"Wheat (flour, first grade)",Kyrgyzstan,Naryn,RETAIL,Kg,kg,0.42
2017-01-01,0.42,"Wheat (flour, first grade)",Kyrgyzstan,Naryn,RETAIL,Kg,kg,0.42
2017-02-01,0.42,"Wheat (flour, first grade)",Kyrgyzstan,Naryn,RETAIL,Kg,kg,0.42
2017-03-01,0.42,"Wheat (flour, first grade)",Kyrgyzstan,Naryn,RETAIL,Kg,kg,0.42
2017-04-01,0.41,"Wheat (flour, first grade)",Kyrgyzstan,Naryn,RETAIL,Kg,kg,0.41
2017-05-01,0.4,"Wheat (flour, first grade)",Kyrgyzstan,Naryn,RETAIL,Kg,kg,0.4
2017-06-01,0.4,"Wheat (flour, first grade)",Kyrgyzstan,Naryn,RETAIL,Kg,kg,0.4
2017-07-01,0.39,"Wheat (flour, first grade)",Kyrgyzstan,Naryn,RETAIL,Kg,kg,0.39
2017-08-01,0.39,"Wheat (flour, first grade)",Kyrgyzstan,Naryn,RETAIL,Kg,kg,0.39
2017-09-01,0.4,"Wheat (flour, first grade)",Kyrgyzstan,Naryn,RETAIL,Kg,kg,0.4
2017-10-01,0.4,"Wheat (flour, first grade)",Kyrgyzstan,Naryn,RETAIL,Kg,kg,0.4
2017-11-01,0.39,"Wheat (flour, first grade)",Kyrgyzstan,Naryn,RETAIL,Kg,kg,0.39
2017-12-01,0.39,"Wheat (flour, first grade)",Kyrgyzstan,Naryn,RETAIL,Kg,kg,0.39
2018-01-01,0.39,"Wheat (flour, first grade)",Kyrgyzstan,Naryn,RETAIL,Kg,kg,0.39
2018-02-01,0.4,"Wheat (flour, first grade)",Kyrgyzstan,Naryn,RETAIL,Kg,kg,0.4
2018-03-01,0.4,"Wheat (flour, first grade)",Kyrgyzstan,Naryn,RETAIL,Kg,kg,0.4
2018-04-01,0.4,"Wheat (flour, first grade)",Kyrgyzstan,Naryn,RETAIL,Kg,kg,0.4
2018-05-01,0.4,"Wheat (flour, first grade)",Kyrgyzstan,Naryn,RETAIL,Kg,kg,0.4
2018-06-01,0.4,"Wheat (flour, first grade)",Kyrgyzstan,Naryn,RETAIL,Kg,kg,0.4
2018-07-01,0.4,"Wheat (flour, first grade)",Kyrgyzstan,Naryn,RETAIL,Kg,kg,0.4
2018-08-01,0.4,"Wheat (flour, first grade)",Kyrgyzstan,Naryn,RETAIL,Kg,kg,0.4
2018-09-01,0.39,"Wheat (flour, first grade)",Kyrgyzstan,Naryn,RETAIL,Kg,kg,0.39
2018-10-01,0.39,"Wheat (flour, first grade)",Kyrgyzstan,Naryn,RETAIL,Kg,kg,0.39
2018-11-01,0.39,"Wheat (flour, first grade)",Kyrgyzstan,Naryn,RETAIL,Kg,kg,0.39
2018-12-01,0.39,"Wheat (flour, first grade)",Kyrgyzstan,Naryn,RETAIL,Kg,kg,0.39
2019-01-01,0.39,"Wheat (flour, first grade)",Kyrgyzstan,Naryn,RETAIL,Kg,kg,0.39
2019-02-01,0.4,"Wheat (flour, first grade)",Kyrgyzstan,Naryn,RETAIL,Kg,kg,0.4
2019-03-01,0.41,"Wheat (flour, first grade)",Kyrgyzstan,Naryn,RETAIL,Kg,kg,0.41
2019-04-01,0.42,"Wheat (flour, first grade)",Kyrgyzstan,Naryn,RETAIL,Kg,kg,0.42
2019-05-01,0.42,"Wheat (flour, first grade)",Kyrgyzstan,Naryn,RETAIL,Kg,kg,0.42
2019-06-01,0.42,"Wheat (flour, first grade)",Kyrgyzstan,Naryn,RETAIL,Kg,kg,0.42
2019-07-01,0.42,"Wheat (flour, first grade)",Kyrgyzstan,Naryn,RETAIL,Kg,kg,0.42
2019-08-01,0.42,"Wheat (flour, first grade)",Kyrgyzstan,Naryn,RETAIL,Kg,kg,0.42
2019-09-01,0.43,"Wheat (flour, first grade)",Kyrgyzstan,Naryn,RETAIL,Kg,kg,0.43
2019-10-01,0.45,"Wheat (flour, first grade)",Kyrgyzstan,Naryn,RETAIL,Kg,kg,0.45
2019-11-01,0.47,"Wheat (flour, first grade)",Kyrgyzstan,Naryn,RETAIL,Kg,kg,0.47
2019-12-01,0.49,"Wheat (flour, first grade)",Kyrgyzstan,Naryn,RETAIL,Kg,kg,0.49
2020-01-01,0.49,"Wheat (flour, first grade)",Kyrgyzstan,Naryn,RETAIL,Kg,kg,0.49
2020-02-01,0.49,"Wheat (flour, first grade)",Kyrgyzstan,Naryn,RETAIL,Kg,kg,0.49
2020-03-01,0.47,"Wheat (flour, first grade)",Kyrgyzstan,Naryn,RETAIL,Kg,kg,0.47
2020-04-01,0.45,"Wheat (flour, first grade)",Kyrgyzstan,Naryn,RETAIL,Kg,kg,0.45
2020-05-01,0.48,"Wheat (flour, first grade)",Kyrgyzstan,Naryn,RETAIL,Kg,kg,0.48
2020-06-01,0.49,"Wheat (flour, first grade)",Kyrgyzstan,Naryn,RETAIL,Kg,kg,0.49
2020-07-01,0.47,"Wheat (flour, first grade)",Kyrgyzstan,Naryn,RETAIL,Kg,kg,0.47
2020-08-01,0.47,"Wheat (flour, first grade)",Kyrgyzstan,Naryn,RETAIL,Kg,kg,0.47
2020-09-01,0.45,"Wheat (flour, first grade)",Kyrgyzstan,Naryn,RETAIL,Kg,kg,0.45
2020-10-01,0.44,"Wheat (flour, first grade)",Kyrgyzstan,Naryn,RETAIL,Kg,kg,0.44
2020-11-01,0.42,"Wheat (flour, first grade)",Kyrgyzstan,Naryn,RETAIL,Kg,kg,0.42
2020-12-01,0.43,"Wheat (flour, first grade)",Kyrgyzstan,Naryn,RETAIL,Kg,kg,0.43
2021-01-01,0.43,"Wheat (flour, first grade)",Kyrgyzstan,Naryn,RETAIL,Kg,kg,0.43
2021-02-01,0.42,"Wheat (flour, first grade)",Kyrgyzstan,Naryn,RETAIL,Kg,kg,0.42
2021-03-01,0.42,"Wheat (flour, first grade)",Kyrgyzstan,Naryn,RETAIL,Kg,kg,0.42
2021-04-01,0.42,"Wheat (flour, first grade)",Kyrgyzstan,Naryn,RETAIL,Kg,kg,0.42
2021-05-01,0.43,"Wheat (flour, first grade)",Kyrgyzstan,Naryn,RETAIL,Kg,kg,0.43
2021-06-01,0.43,"Wheat (flour, first grade)",Kyrgyzstan,Naryn,RETAIL,Kg,kg,0.43
2021-07-01,0.43,"Wheat (flour, first grade)",Kyrgyzstan,Naryn,RETAIL,Kg,kg,0.43
2021-08-01,0.43,"Wheat (flour, first grade)",Kyrgyzstan,Naryn,RETAIL,Kg,kg,0.43
2021-09-01,0.43,"Wheat (flour, first grade)",Kyrgyzstan,Naryn,RETAIL,Kg,kg,0.43
2021-10-01,0.45,"Wheat (flour, first grade)",Kyrgyzstan,Naryn,RETAIL,Kg,kg,0.45
2021-11-01,0.45,"Wheat (flour, first grade)",Kyrgyzstan,Naryn,RETAIL,Kg,kg,0.45
2021-12-01,0.46,"Wheat (flour, first grade)",Kyrgyzstan,Naryn,RETAIL,Kg,kg,0.46
2022-01-01,0.47,"Wheat (flour, first grade)",Kyrgyzstan,Naryn,RETAIL,Kg,kg,0.47
2022-02-01,0.47,"Wheat (flour, first grade)",Kyrgyzstan,Naryn,RETAIL,Kg,kg,0.47
2022-03-01,0.45,"Wheat (flour, first grade)",Kyrgyzstan,Naryn,RETAIL,Kg,kg,0.45
2022-04-01,0.55,"Wheat (flour, first grade)",Kyrgyzstan,Naryn,RETAIL,Kg,kg,0.55
2022-05-01,0.63,"Wheat (flour, first grade)",Kyrgyzstan,Naryn,RETAIL,Kg,kg,0.63
2022-06-01,0.67,"Wheat (flour, first grade)",Kyrgyzstan,Naryn,RETAIL,Kg,kg,0.67
2022-07-01,0.7,"Wheat (flour, first grade)",Kyrgyzstan,Naryn,RETAIL,Kg,kg,0.7
2022-08-01,0.68,"Wheat (flour, first grade)",Kyrgyzstan,Naryn,RETAIL,Kg,kg,0.68
2022-09-01,0.6,"Wheat (flour, first grade)",Kyrgyzstan,Naryn,RETAIL,Kg,kg,0.6
2022-10-01,0.57,"Wheat (flour, first grade)",Kyrgyzstan,Naryn,RETAIL,Kg,kg,0.57
2022-11-01,0.56,"Wheat (flour, first grade)",Kyrgyzstan,Naryn,RETAIL,Kg,kg,0.56
2022-12-01,0.56,"Wheat (flour, first grade)",Kyrgyzstan,Naryn,RETAIL,Kg,kg,0.56
2023-01-01,0.56,"Wheat (flour, first grade)",Kyrgyzstan,Naryn,RETAIL,Kg,kg,0.56
2023-02-01,0.55,"Wheat (flour, first grade)",Kyrgyzstan,Naryn,RETAIL,Kg,kg,0.55
2023-03-01,0.53,"Wheat (flour, first grade)",Kyrgyzstan,Naryn,RETAIL,Kg,kg,0.53
2023-04-01,0.53,"Wheat (flour, first grade)",Kyrgyzstan,Naryn,RETAIL,Kg,kg,0.53
2023-05-01,0.52,"Wheat (flour, first grade)",Kyrgyzstan,Naryn,RETAIL,Kg,kg,0.52
2023-06-01,0.51,"Wheat (flour, first grade)",Kyrgyzstan,Naryn,RETAIL,Kg,kg,0.51
2023-07-01,0.51,"Wheat (flour, first grade)",Kyrgyzstan,Naryn,RETAIL,Kg,kg,0.51
2023-08-01,0.5,"Wheat (flour, first grade)",Kyrgyzstan,Naryn,RETAIL,Kg,kg,0.5
2023-09-01,0.51,"Wheat (flour, first grade)",Kyrgyzstan,Naryn,RETAIL,Kg,kg,0.51
2023-10-01,0.52,"Wheat (flour, first grade)",Kyrgyzstan,Naryn,RETAIL,Kg,kg,0.52
2023-11-01,0.52,"Wheat (flour, first grade)",Kyrgyzstan,Naryn,RETAIL,Kg,kg,0.52
2023-12-01,0.52,"Wheat (flour, first grade)",Kyrgyzstan,Naryn,RETAIL,Kg,kg,0.52
2024-01-01,0.5,"Wheat (flour, first grade)",Kyrgyzstan,Naryn,RETAIL,Kg,kg,0.5
2024-02-01,0.5,"Wheat (flour, first grade)",Kyrgyzstan,Naryn,RETAIL,Kg,kg,0.5
2024-03-01,0.5,"Wheat (flour, first grade)",Kyrgyzstan,Naryn,RETAIL,Kg,kg,0.5
2024-04-01,0.49,"Wheat (flour, first grade)",Kyrgyzstan,Naryn,RETAIL,Kg,kg,0.49
2024-05-01,0.51,"Wheat (flour, first grade)",Kyrgyzstan,Naryn,RETAIL,Kg,kg,0.51
2024-06-01,0.51,"Wheat (flour, first grade)",Kyrgyzstan,Naryn,RETAIL,Kg,kg,0.51
2024-07-01,0.53,"Wheat (flour, first grade)",Kyrgyzstan,Naryn,RETAIL,Kg,kg,0.53
2024-08-01,0.53,"Wheat (flour, first grade)",Kyrgyzstan,Naryn,RETAIL,Kg,kg,0.53
2024-09-01,0.54,"Wheat (flour, first grade)",Kyrgyzstan,Naryn,RETAIL,Kg,kg,0.54
2024-10-01,0.54,"Wheat (flour, first grade)",Kyrgyzstan,Naryn,RETAIL,Kg,kg,0.54
2024-11-01,0.54,"Wheat (flour, first grade)",Kyrgyzstan,Naryn,RETAIL,Kg,kg,0.54
2024-12-01,0.54,"Wheat (flour, first grade)",Kyrgyzstan,Naryn,RETAIL,Kg,kg,0.54
2025-01-01,0.52,"Wheat (flour, first grade)",Kyrgyzstan,Naryn,RETAIL,Kg,kg,0.52
2025-02-01,0.52,"Wheat (flour, first grade)",Kyrgyzstan,Naryn,RETAIL,Kg,kg,0.52
2025-03-01,0.52,"Wheat (flour, first grade)",Kyrgyzstan,Naryn,RETAIL,Kg,kg,0.52
2025-04-01,0.52,"Wheat (flour, first grade)",Kyrgyzstan,Naryn,RETAIL,Kg,kg,0.52
2025-05-01,0.52,"Wheat (flour, first grade)",Kyrgyzstan,Naryn,RETAIL,Kg,kg,0.52
2025-06-01,0.52,"Wheat (flour, first grade)",Kyrgyzstan,Naryn,RETAIL,Kg,kg,0.52
2025-07-01,0.52,"Wheat (flour, first grade)",Kyrgyzstan,Naryn,RETAIL,Kg,kg,0.52
2025-08-01,0.52,"Wheat (flour, first grade)",Kyrgyzstan,Naryn,RETAIL,Kg,kg,0.52
2025-09-01,0.52,"Wheat (flour, first grade)",Kyrgyzstan,Naryn,RETAIL,Kg,kg,0.52
2025-10-01,0.52,"Wheat (flour, first grade)",Kyrgyzstan,Naryn,RETAIL,Kg,kg,0.52
2005-01-01,0.36,"Wheat (flour, first grade)",Kyrgyzstan,National Average,RETAIL,Kg,kg,0.36
2005-02-01,0.36,"Wheat (flour, first grade)",Kyrgyzstan,National Average,RETAIL,Kg,kg,0.36
2005-03-01,0.36,"Wheat (flour, first grade)",Kyrgyzstan,National Average,RETAIL,Kg,kg,0.36
2005-04-01,0.37,"Wheat (flour, first grade)",Kyrgyzstan,National Average,RETAIL,Kg,kg,0.37
2005-05-01,0.37,"Wheat (flour, first grade)",Kyrgyzstan,National Average,RETAIL,Kg,kg,0.37
2005-06-01,0.37,"Wheat (flour, first grade)",Kyrgyzstan,National Average,RETAIL,Kg,kg,0.37
2005-07-01,0.37,"Wheat (flour, first grade)",Kyrgyzstan,National Average,RETAIL,Kg,kg,0.37
2005-08-01,0.35,"Wheat (flour, first grade)",Kyrgyzstan,National Average,RETAIL,Kg,kg,0.35
2005-09-01,0.35,"Wheat (flour, first grade)",Kyrgyzstan,National Average,RETAIL,Kg,kg,0.35
2005-10-01,0.35,"Wheat (flour, first grade)",Kyrgyzstan,National Average,RETAIL,Kg,kg,0.35
2005-11-01,0.35,"Wheat (flour, first grade)",Kyrgyzstan,National Average,RETAIL,Kg,kg,0.35
2005-12-01,0.35,"Wheat (flour, first grade)",Kyrgyzstan,National Average,RETAIL,Kg,kg,0.35
2006-01-01,0.34,"Wheat (flour, first grade)",Kyrgyzstan,National Average,RETAIL,Kg,kg,0.34
2006-02-01,0.34,"Wheat (flour, first grade)",Kyrgyzstan,National Average,RETAIL,Kg,kg,0.34
2006-03-01,0.34,"Wheat (flour, first grade)",Kyrgyzstan,National Average,RETAIL,Kg,kg,0.34
2006-04-01,0.34,"Wheat (flour, first grade)",Kyrgyzstan,National Average,RETAIL,Kg,kg,0.34
2006-05-01,0.35,"Wheat (flour, first grade)",Kyrgyzstan,National Average,RETAIL,Kg,kg,0.35
2006-06-01,0.35,"Wheat (flour, first grade)",Kyrgyzstan,National Average,RETAIL,Kg,kg,0.35
2006-07-01,0.36,"Wheat (flour, first grade)",Kyrgyzstan,National Average,RETAIL,Kg,kg,0.36
2006-08-01,0.36,"Wheat (flour, first grade)",Kyrgyzstan,National Average,RETAIL,Kg,kg,0.36
2006-09-01,0.37,"Wheat (flour, first grade)",Kyrgyzstan,National Average,RETAIL,Kg,kg,0.37
2006-10-01,0.37,"Wheat (flour, first grade)",Kyrgyzstan,National Average,RETAIL,Kg,kg,0.37
2006-11-01,0.38,"Wheat (flour, first grade)",Kyrgyzstan,National Average,RETAIL,Kg,kg,0.38
2006-12-01,0.38,"Wheat (flour, first grade)",Kyrgyzstan,National Average,RETAIL,Kg,kg,0.38
2007-01-01,0.38,"Wheat (flour, first grade)",Kyrgyzstan,National Average,RETAIL,Kg,kg,0.38
2007-02-01,0.38,"Wheat (flour, first grade)",Kyrgyzstan,National Average,RETAIL,Kg,kg,0.38
2007-03-01,0.39,"Wheat (flour, first grade)",Kyrgyzstan,National Average,RETAIL,Kg,kg,0.39
2007-04-01,0.39,"Wheat (flour, first grade)",Kyrgyzstan,National Average,RETAIL,Kg,kg,0.39
2007-05-01,0.39,"Wheat (flour, first grade)",Kyrgyzstan,National Average,RETAIL,Kg,kg,0.39
2007-06-01,0.39,"Wheat (flour, first grade)",Kyrgyzstan,National Average,RETAIL,Kg,kg,0.39
2007-07-01,0.41,"Wheat (flour, first grade)",Kyrgyzstan,National Average,RETAIL,Kg,kg,0.41
2007-08-01,0.5,"Wheat (flour, first grade)",Kyrgyzstan,National Average,RETAIL,Kg,kg,0.5
2007-09-01,0.58,"Wheat (flour, first grade)",Kyrgyzstan,National Average,RETAIL,Kg,kg,0.58
2007-10-01,0.87,"Wheat (flour, first grade)",Kyrgyzstan,National Average,RETAIL,Kg,kg,0.87
2007-11-01,0.78,"Wheat (flour, first grade)",Kyrgyzstan,National Average,RETAIL,Kg,kg,0.78
2007-12-01,0.69,"Wheat (flour, first grade)",Kyrgyzstan,National Average,RETAIL,Kg,kg,0.69
2008-01-01,0.68,"Wheat (flour, first grade)",Kyrgyzstan,National Average,RETAIL,Kg,kg,0.68
2008-02-01,0.67,"Wheat (flour, first grade)",Kyrgyzstan,National Average,RETAIL,Kg,kg,0.67
2008-03-01,0.72,"Wheat (flour, first grade)",Kyrgyzstan,National Average,RETAIL,Kg,kg,0.72
2008-04-01,0.73,"Wheat (flour, first grade)",Kyrgyzstan,National Average,RETAIL,Kg,kg,0.73
2008-05-01,0.78,"Wheat (flour, first grade)",Kyrgyzstan,National Average,RETAIL,Kg,kg,0.78
2008-06-01,0.85,"Wheat (flour, first grade)",Kyrgyzstan,National Average,RETAIL,Kg,kg,0.85
2008-07-01,0.87,"Wheat (flour, first grade)",Kyrgyzstan,National Average,RETAIL,Kg,kg,0.87
2008-08-01,0.87,"Wheat (flour, first grade)",Kyrgyzstan,National Average,RETAIL,Kg,kg,0.87
2008-09-01,0.84,"Wheat (flour, first grade)",Kyrgyzstan,National Average,RETAIL,Kg,kg,0.84
2008-10-01,0.77,"Wheat (flour, first grade)",Kyrgyzstan,National Average,RETAIL,Kg,kg,0.77
2008-11-01,0.7,"Wheat (flour, first grade)",Kyrgyzstan,National Average,RETAIL,Kg,kg,0.7
2008-12-01,0.68,"Wheat (flour, first grade)",Kyrgyzstan,National Average,RETAIL,Kg,kg,0.68
2009-01-01,0.63,"Wheat (flour, first grade)",Kyrgyzstan,National Average,RETAIL,Kg,kg,0.63
2009-02-01,0.58,"Wheat (flour, first grade)",Kyrgyzstan,National Average,RETAIL,Kg,kg,0.58
2009-03-01,0.55,"Wheat (flour, first grade)",Kyrgyzstan,National Average,RETAIL,Kg,kg,0.55
2009-04-01,0.51,"Wheat (flour, first grade)",Kyrgyzstan,National Average,RETAIL,Kg,kg,0.51
2009-05-01,0.49,"Wheat (flour, first grade)",Kyrgyzstan,National Average,RETAIL,Kg,kg,0.49
2009-06-01,0.48,"Wheat (flour, first grade)",Kyrgyzstan,National Average,RETAIL,Kg,kg,0.48
2009-07-01,0.47,"Wheat (flour, first grade)",Kyrgyzstan,National Average,RETAIL,Kg,kg,0.47
2009-08-01,0.45,"Wheat (flour, first grade)",Kyrgyzstan,National Average,RETAIL,Kg,kg,0.45
2009-09-01,0.44,"Wheat (flour, first grade)",Kyrgyzstan,National Average,RETAIL,Kg,kg,0.44
2009-10-01,0.44,"Wheat (flour, first grade)",Kyrgyzstan,National Average,RETAIL,Kg,kg,0.44
2009-11-01,0.44,"Wheat (flour, first grade)",Kyrgyzstan,National Average,RETAIL,Kg,kg,0.44
2009-12-01,0.43,"Wheat (flour, first grade)",Kyrgyzstan,National Average,RETAIL,Kg,kg,0.43
2010-01-01,0.42,"Wheat (flour, first grade)",Kyrgyzstan,National Average,RETAIL,Kg,kg,0.42
2010-02-01,0.42,"Wheat (flour, first grade)",Kyrgyzstan,National Average,RETAIL,Kg,kg,0.42
2010-03-01,0.41,"Wheat (flour, first grade)",Kyrgyzstan,National Average,RETAIL,Kg,kg,0.41
2010-04-01,0.41,"Wheat (flour, first grade)",Kyrgyzstan,National Average,RETAIL,Kg,kg,0.41
2010-05-01,0.4,"Wheat (flour, first grade)",Kyrgyzstan,National Average,RETAIL,Kg,kg,0.4
2010-06-01,0.4,"Wheat (flour, first grade)",Kyrgyzstan,National Average,RETAIL,Kg,kg,0.4
2010-07-01,0.4,"Wheat (flour, first grade)",Kyrgyzstan,National Average,RETAIL,Kg,kg,0.4
2010-08-01,0.48,"Wheat (flour, first grade)",Kyrgyzstan,National Average,RETAIL,Kg,kg,0.48
2010-09-01,0.53,"Wheat (flour, first grade)",Kyrgyzstan,National Average,RETAIL,Kg,kg,0.53
2010-10-01,0.53,"Wheat (flour, first grade)",Kyrgyzstan,National Average,RETAIL,Kg,kg,0.53
2010-11-01,0.57,"Wheat (flour, first grade)",Kyrgyzstan,National Average,RETAIL,Kg,kg,0.57
2010-12-01,0.59,"Wheat (flour, first grade)",Kyrgyzstan,National Average,RETAIL,Kg,kg,0.59
2011-01-01,0.59,"Wheat (flour, first grade)",Kyrgyzstan,National Average,RETAIL,Kg,kg,0.59
2011-02-01,0.63,"Wheat (flour, first grade)",Kyrgyzstan,National Average,RETAIL,Kg,kg,0.63
2011-03-01,0.7,"Wheat (flour, first grade)",Kyrgyzstan,National Average,RETAIL,Kg,kg,0.7
2011-04-01,0.71,"Wheat (flour, first grade)",Kyrgyzstan,National Average,RETAIL,Kg,kg,0.71
2011-05-01,0.71,"Wheat (flour, first grade)",Kyrgyzstan,National Average,RETAIL,Kg,kg,0.71
2011-06-01,0.71,"Wheat (flour, first grade)",Kyrgyzstan,National Average,RETAIL,Kg,kg,0.71
2011-07-01,0.7,"Wheat (flour, first grade)",Kyrgyzstan,National Average,RETAIL,Kg,kg,0.7
2011-08-01,0.69,"Wheat (flour, first grade)",Kyrgyzstan,National Average,RETAIL,Kg,kg,0.69
2011-09-01,0.64,"Wheat (flour, first grade)",Kyrgyzstan,National Average,RETAIL,Kg,kg,0.64
2011-10-01,0.62,"Wheat (flour, first grade)",Kyrgyzstan,National Average,RETAIL,Kg,kg,0.62
2011-11-01,0.6,"Wheat (flour, first grade)",Kyrgyzstan,National Average,RETAIL,Kg,kg,0.6
2011-12-01,0.58,"Wheat (flour, first grade)",Kyrgyzstan,National Average,RETAIL,Kg,kg,0.58
2012-01-01,0.55,"Wheat (flour, first grade)",Kyrgyzstan,National Average,RETAIL,Kg,kg,0.55
2012-02-01,0.53,"Wheat (flour, first grade)",Kyrgyzstan,National Average,RETAIL,Kg,kg,0.53
2012-03-01,0.52,"Wheat (flour, first grade)",Kyrgyzstan,National Average,RETAIL,Kg,kg,0.52
2012-04-01,0.52,"Wheat (flour, first grade)",Kyrgyzstan,National Average,RETAIL,Kg,kg,0.52
2012-05-01,0.51,"Wheat (flour, first grade)",Kyrgyzstan,National Average,RETAIL,Kg,kg,0.51
2012-06-01,0.5,"Wheat (flour, first grade)",Kyrgyzstan,National Average,RETAIL,Kg,kg,0.5
2012-07-01,0.51,"Wheat (flour, first grade)",Kyrgyzstan,National Average,RETAIL,Kg,kg,0.51
2012-08-01,0.59,"Wheat (flour, first grade)",Kyrgyzstan,National Average,RETAIL,Kg,kg,0.59
2012-09-01,0.6,"Wheat (flour, first grade)",Kyrgyzstan,National Average,RETAIL,Kg,kg,0.6
2012-10-01,0.65,"Wheat (flour, first grade)",Kyrgyzstan,National Average,RETAIL,Kg,kg,0.65
2012-11-01,0.66,"Wheat (flour, first grade)",Kyrgyzstan,National Average,RETAIL,Kg,kg,0.66
2012-12-01,0.65,"Wheat (flour, first grade)",Kyrgyzstan,National Average,RETAIL,Kg,kg,0.65
2013-01-01,0.65,"Wheat (flour, first grade)",Kyrgyzstan,National Average,RETAIL,Kg,kg,0.65
2013-02-01,0.65,"Wheat (flour, first grade)",Kyrgyzstan,National Average,RETAIL,Kg,kg,0.65
2013-03-01,0.65,"Wheat (flour, first grade)",Kyrgyzstan,National Average,RETAIL,Kg,kg,0.65
2013-04-01,0.63,"Wheat (flour, first grade)",Kyrgyzstan,National Average,RETAIL,Kg,kg,0.63
2013-05-01,0.63,"Wheat (flour, first grade)",Kyrgyzstan,National Average,RETAIL,Kg,kg,0.63
2013-06-01,0.61,"Wheat (flour, first grade)",Kyrgyzstan,National Average,RETAIL,Kg,kg,0.61
2013-07-01,0.61,"Wheat (flour, first grade)",Kyrgyzstan,National Average,RETAIL,Kg,kg,0.61
2013-08-01,0.61,"Wheat (flour, first grade)",Kyrgyzstan,National Average,RETAIL,Kg,kg,0.61
2013-09-01,0.6,"Wheat (flour, first grade)",Kyrgyzstan,National Average,RETAIL,Kg,kg,0.6
2013-10-01,0.61,"Wheat (flour, first grade)",Kyrgyzstan,National Average,RETAIL,Kg,kg,0.61
2013-11-01,0.61,"Wheat (flour, first grade)",Kyrgyzstan,National Average,RETAIL,Kg,kg,0.61
2013-12-01,0.6,"Wheat (flour, first grade)",Kyrgyzstan,National Average,RETAIL,Kg,kg,0.6
2014-01-01,0.6,"Wheat (flour, first grade)",Kyrgyzstan,National Average,RETAIL,Kg,kg,0.6
2014-02-01,0.58,"Wheat (flour, first grade)",Kyrgyzstan,National Average,RETAIL,Kg,kg,0.58
2014-03-01,0.56,"Wheat (flour, first grade)",Kyrgyzstan,National Average,RETAIL,Kg,kg,0.56
2014-04-01,0.57,"Wheat (flour, first grade)",Kyrgyzstan,National Average,RETAIL,Kg,kg,0.57
2014-05-01,0.6,"Wheat (flour, first grade)",Kyrgyzstan,National Average,RETAIL,Kg,kg,0.6
2014-06-01,0.61,"Wheat (flour, first grade)",Kyrgyzstan,National Average,RETAIL,Kg,kg,0.61
2014-07-01,0.62,"Wheat (flour, first grade)",Kyrgyzstan,National Average,RETAIL,Kg,kg,0.62
2014-08-01,0.62,"Wheat (flour, first grade)",Kyrgyzstan,National Average,RETAIL,Kg,kg,0.62
2014-09-01,0.6,"Wheat (flour, first grade)",Kyrgyzstan,National Average,RETAIL,Kg,kg,0.6
2014-10-01,0.6,"Wheat (flour, first grade)",Kyrgyzstan,National Average,RETAIL,Kg,kg,0.6
2014-11-01,0.6,"Wheat (flour, first grade)",Kyrgyzstan,National Average,RETAIL,Kg,kg,0.6
2014-12-01,0.6,"Wheat (flour, first grade)",Kyrgyzstan,National Average,RETAIL,Kg,kg,0.6
2015-01-01,0.59,"Wheat (flour, first grade)",Kyrgyzstan,National Average,RETAIL,Kg,kg,0.59
2015-02-01,0.57,"Wheat (flour, first grade)",Kyrgyzstan,National Average,RETAIL,Kg,kg,0.57
2015-03-01,0.56,"Wheat (flour, first grade)",Kyrgyzstan,National Average,RETAIL,Kg,kg,0.56
2015-04-01,0.55,"Wheat (flour, first grade)",Kyrgyzstan,National Average,RETAIL,Kg,kg,0.55
2015-05-01,0.59,"Wheat (flour, first grade)",Kyrgyzstan,National Average,RETAIL,Kg,kg,0.59
2015-06-01,0.58,"Wheat (flour, first grade)",Kyrgyzstan,National Average,RETAIL,Kg,kg,0.58
2015-07-01,0.56,"Wheat (flour, first grade)",Kyrgyzstan,National Average,RETAIL,Kg,kg,0.56
2015-08-01,0.56,"Wheat (flour, first grade)",Kyrgyzstan,National Average,RETAIL,Kg,kg,0.56
2015-09-01,0.51,"Wheat (flour, first grade)",Kyrgyzstan,National Average,RETAIL,Kg,kg,0.51
2015-10-01,0.5,"Wheat (flour, first grade)",Kyrgyzstan,National Average,RETAIL,Kg,kg,0.5
2015-11-01,0.48,"Wheat (flour, first grade)",Kyrgyzstan,National Average,RETAIL,Kg,kg,0.48
2015-12-01,0.45,"Wheat (flour, first grade)",Kyrgyzstan,National Average,RETAIL,Kg,kg,0.45
2016-01-01,0.45,"Wheat (flour, first grade)",Kyrgyzstan,National Average,RETAIL,Kg,kg,0.45
2016-02-01,0.45,"Wheat (flour, first grade)",Kyrgyzstan,National Average,RETAIL,Kg,kg,0.45
2016-03-01,0.45,"Wheat (flour, first grade)",Kyrgyzstan,National Average,RETAIL,Kg,kg,0.45
2016-04-01,0.46,"Wheat (flour, first grade)",Kyrgyzstan,National Average,RETAIL,Kg,kg,0.46
2016-05-01,0.46,"Wheat (flour, first grade)",Kyrgyzstan,National Average,RETAIL,Kg,kg,0.46
2016-06-01,0.46,"Wheat (flour, first grade)",Kyrgyzstan,National Average,RETAIL,Kg,kg,0.46
2016-07-01,0.45,"Wheat (flour, first grade)",Kyrgyzstan,National Average,RETAIL,Kg,kg,0.45
2016-08-01,0.46,"Wheat (flour, first grade)",Kyrgyzstan,National Average,RETAIL,Kg,kg,0.46
2016-09-01,0.43,"Wheat (flour, first grade)",Kyrgyzstan,National Average,RETAIL,Kg,kg,0.43
2016-10-01,0.44,"Wheat (flour, first grade)",Kyrgyzstan,National Average,RETAIL,Kg,kg,0.44
2016-11-01,0.43,"Wheat (flour, first grade)",Kyrgyzstan,National Average,RETAIL,Kg,kg,0.43
2016-12-01,0.43,"Wheat (flour, first grade)",Kyrgyzstan,National Average,RETAIL,Kg,kg,0.43
2017-01-01,0.43,"Wheat (flour, first grade)",Kyrgyzstan,National Average,RETAIL,Kg,kg,0.43
2017-02-01,0.43,"Wheat (flour, first grade)",Kyrgyzstan,National Average,RETAIL,Kg,kg,0.43
2017-03-01,0.43,"Wheat (flour, first grade)",Kyrgyzstan,National Average,RETAIL,Kg,kg,0.43
2017-04-01,0.44,"Wheat (flour, first grade)",Kyrgyzstan,National Average,RETAIL,Kg,kg,0.44
2017-05-01,0.44,"Wheat (flour, first grade)",Kyrgyzstan,National Average,RETAIL,Kg,kg,0.44
2017-06-01,0.43,"Wheat (flour, first grade)",Kyrgyzstan,National Average,RETAIL,Kg,kg,0.43
2017-07-01,0.42,"Wheat (flour, first grade)",Kyrgyzstan,National Average,RETAIL,Kg,kg,0.42
2017-08-01,0.42,"Wheat (flour, first grade)",Kyrgyzstan,National Average,RETAIL,Kg,kg,0.42
2017-09-01,0.42,"Wheat (flour, first grade)",Kyrgyzstan,National Average,RETAIL,Kg,kg,0.42
2017-10-01,0.42,"Wheat (flour, first grade)",Kyrgyzstan,National Average,RETAIL,Kg,kg,0.42
2017-11-01,0.42,"Wheat (flour, first grade)",Kyrgyzstan,National Average,RETAIL,Kg,kg,0.42
2017-12-01,0.42,"Wheat (flour, first grade)",Kyrgyzstan,National Average,RETAIL,Kg,kg,0.42
2018-01-01,0.43,"Wheat (flour, first grade)",Kyrgyzstan,National Average,RETAIL,Kg,kg,0.43
2018-02-01,0.43,"Wheat (flour, first grade)",Kyrgyzstan,National Average,RETAIL,Kg,kg,0.43
2018-03-01,0.43,"Wheat (flour, first grade)",Kyrgyzstan,National Average,RETAIL,Kg,kg,0.43
2018-04-01,0.43,"Wheat (flour, first grade)",Kyrgyzstan,National Average,RETAIL,Kg,kg,0.43
2018-05-01,0.43,"Wheat (flour, first grade)",Kyrgyzstan,National Average,RETAIL,Kg,kg,0.43
2018-06-01,0.43,"Wheat (flour, first grade)",Kyrgyzstan,National Average,RETAIL,Kg,kg,0.43
2018-07-01,0.43,"Wheat (flour, first grade)",Kyrgyzstan,National Average,RETAIL,Kg,kg,0.43
2018-08-01,0.42,"Wheat (flour, first grade)",Kyrgyzstan,National Average,RETAIL,Kg,kg,0.42
2018-09-01,0.42,"Wheat (flour, first grade)",Kyrgyzstan,National Average,RETAIL,Kg,kg,0.42
2018-10-01,0.42,"Wheat (flour, first grade)",Kyrgyzstan,National Average,RETAIL,Kg,kg,0.42
2018-11-01,0.42,"Wheat (flour, first grade)",Kyrgyzstan,National Average,RETAIL,Kg,kg,0.42
2018-12-01,0.42,"Wheat (flour, first grade)",Kyrgyzstan,National Average,RETAIL,Kg,kg,0.42
2019-01-01,0.42,"Wheat (flour, first grade)",Kyrgyzstan,National Average,RETAIL,Kg,kg,0.42
2019-02-01,0.42,"Wheat (flour, first grade)",Kyrgyzstan,National Average,RETAIL,Kg,kg,0.42
2019-03-01,0.42,"Wheat (flour, first grade)",Kyrgyzstan,National Average,RETAIL,Kg,kg,0.42
2019-04-01,0.43,"Wheat (flour, first grade)",Kyrgyzstan,National Average,RETAIL,Kg,kg,0.43
2019-05-01,0.43,"Wheat (flour, first grade)",Kyrgyzstan,National Average,RETAIL,Kg,kg,0.43
2019-06-01,0.43,"Wheat (flour, first grade)",Kyrgyzstan,National Average,RETAIL,Kg,kg,0.43
2019-07-01,0.43,"Wheat (flour, first grade)",Kyrgyzstan,National Average,RETAIL,Kg,kg,0.43
2019-08-01,0.43,"Wheat (flour, first grade)",Kyrgyzstan,National Average,RETAIL,Kg,kg,0.43
2019-09-01,0.43,"Wheat (flour, first grade)",Kyrgyzstan,National Average,RETAIL,Kg,kg,0.43
2019-10-01,0.44,"Wheat (flour, first grade)",Kyrgyzstan,National Average,RETAIL,Kg,kg,0.44
2019-11-01,0.47,"Wheat (flour, first grade)",Kyrgyzstan,National Average,RETAIL,Kg,kg,0.47
2019-12-01,0.48,"Wheat (flour, first grade)",Kyrgyzstan,National Average,RETAIL,Kg,kg,0.48
2020-01-01,0.48,"Wheat (flour, first grade)",Kyrgyzstan,National Average,RETAIL,Kg,kg,0.48
2020-02-01,0.48,"Wheat (flour, first grade)",Kyrgyzstan,National Average,RETAIL,Kg,kg,0.48
2020-03-01,0.46,"Wheat (flour, first grade)",Kyrgyzstan,National Average,RETAIL,Kg,kg,0.46
2020-04-01,0.48,"Wheat (flour, first grade)",Kyrgyzstan,National Average,RETAIL,Kg,kg,0.48
2020-05-01,0.51,"Wheat (flour, first grade)",Kyrgyzstan,National Average,RETAIL,Kg,kg,0.51
2020-06-01,0.52,"Wheat (flour, first grade)",Kyrgyzstan,National Average,RETAIL,Kg,kg,0.52
2020-07-01,0.51,"Wheat (flour, first grade)",Kyrgyzstan,National Average,RETAIL,Kg,kg,0.51
2020-08-01,0.51,"Wheat (flour, first grade)",Kyrgyzstan,National Average,RETAIL,Kg,kg,0.51
2020-09-01,0.5,"Wheat (flour, first grade)",Kyrgyzstan,National Average,RETAIL,Kg,kg,0.5
2020-10-01,0.49,"Wheat (flour, first grade)",Kyrgyzstan,National Average,RETAIL,Kg,kg,0.49
2020-11-01,0.47,"Wheat (flour, first grade)",Kyrgyzstan,National Average,RETAIL,Kg,kg,0.47
2020-12-01,0.47,"Wheat (flour, first grade)",Kyrgyzstan,National Average,RETAIL,Kg,kg,0.47
2021-01-01,0.47,"Wheat (flour, first grade)",Kyrgyzstan,National Average,RETAIL,Kg,kg,0.47
2021-02-01,0.47,"Wheat (flour, first grade)",Kyrgyzstan,National Average,RETAIL,Kg,kg,0.47
2021-03-01,0.46,"Wheat (flour, first grade)",Kyrgyzstan,National Average,RETAIL,Kg,kg,0.46
2021-04-01,0.46,"Wheat (flour, first grade)",Kyrgyzstan,National Average,RETAIL,Kg,kg,0.46
2021-05-01,0.46,"Wheat (flour, first grade)",Kyrgyzstan,National Average,RETAIL,Kg,kg,0.46
2021-06-01,0.46,"Wheat (flour, first grade)",Kyrgyzstan,National Average,RETAIL,Kg,kg,0.46
2021-07-01,0.46,"Wheat (flour, first grade)",Kyrgyzstan,National Average,RETAIL,Kg,kg,0.46
2021-08-01,0.46,"Wheat (flour, first grade)",Kyrgyzstan,National Average,RETAIL,Kg,kg,0.46
2021-09-01,0.46,"Wheat (flour, first grade)",Kyrgyzstan,National Average,RETAIL,Kg,kg,0.46
2021-10-01,0.47,"Wheat (flour, first grade)",Kyrgyzstan,National Average,RETAIL,Kg,kg,0.47
2021-11-01,0.48,"Wheat (flour, first grade)",Kyrgyzstan,National Average,RETAIL,Kg,kg,0.48
2021-12-01,0.48,"Wheat (flour, first grade)",Kyrgyzstan,National Average,RETAIL,Kg,kg,0.48
2022-01-01,0.49,"Wheat (flour, first grade)",Kyrgyzstan,National Average,RETAIL,Kg,kg,0.49
2022-02-01,0.49,"Wheat (flour, first grade)",Kyrgyzstan,National Average,RETAIL,Kg,kg,0.49
2022-03-01,0.45,"Wheat (flour, first grade)",Kyrgyzstan,National Average,RETAIL,Kg,kg,0.45
2022-04-01,0.56,"Wheat (flour, first grade)",Kyrgyzstan,National Average,RETAIL,Kg,kg,0.56
2022-05-01,0.6,"Wheat (flour, first grade)",Kyrgyzstan,National Average,RETAIL,Kg,kg,0.6
2022-06-01,0.61,"Wheat (flour, first grade)",Kyrgyzstan,National Average,RETAIL,Kg,kg,0.61
2022-07-01,0.64,"Wheat (flour, first grade)",Kyrgyzstan,National Average,RETAIL,Kg,kg,0.64
2022-08-01,0.63,"Wheat (flour, first grade)",Kyrgyzstan,National Average,RETAIL,Kg,kg,0.63
2022-09-01,0.64,"Wheat (flour, first grade)",Kyrgyzstan,National Average,RETAIL,Kg,kg,0.64
2022-10-01,0.63,"Wheat (flour, first grade)",Kyrgyzstan,National Average,RETAIL,Kg,kg,0.63
2022-11-01,0.62,"Wheat (flour, first grade)",Kyrgyzstan,National Average,RETAIL,Kg,kg,0.62
2022-12-01,0.61,"Wheat (flour, first grade)",Kyrgyzstan,National Average,RETAIL,Kg,kg,0.61
2023-01-01,0.61,"Wheat (flour, first grade)",Kyrgyzstan,National Average,RETAIL,Kg,kg,0.61
2023-02-01,0.6,"Wheat (flour, first grade)",Kyrgyzstan,National Average,RETAIL,Kg,kg,0.6
2023-03-01,0.6,"Wheat (flour, first grade)",Kyrgyzstan,National Average,RETAIL,Kg,kg,0.6
2023-04-01,0.59,"Wheat (flour, first grade)",Kyrgyzstan,National Average,RETAIL,Kg,kg,0.59
2023-05-01,0.59,"Wheat (flour, first grade)",Kyrgyzstan,National Average,RETAIL,Kg,kg,0.59
2023-06-01,0.58,"Wheat (flour, first grade)",Kyrgyzstan,National Average,RETAIL,Kg,kg,0.58
2023-07-01,0.58,"Wheat (flour, first grade)",Kyrgyzstan,National Average,RETAIL,Kg,kg,0.58
2023-08-01,0.58,"Wheat (flour, first grade)",Kyrgyzstan,National Average,RETAIL,Kg,kg,0.58
2023-09-01,0.59,"Wheat (flour, first grade)",Kyrgyzstan,National Average,RETAIL,Kg,kg,0.59
2023-10-01,0.6,"Wheat (flour, first grade)",Kyrgyzstan,National Average,RETAIL,Kg,kg,0.6
2023-11-01,0.59,"Wheat (flour, first grade)",Kyrgyzstan,National Average,RETAIL,Kg,kg,0.59
2023-12-01,0.59,"Wheat (flour, first grade)",Kyrgyzstan,National Average,RETAIL,Kg,kg,0.59
2024-01-01,0.59,"Wheat (flour, first grade)",Kyrgyzstan,National Average,RETAIL,Kg,kg,0.59
2024-02-01,0.59,"Wheat (flour, first grade)",Kyrgyzstan,National Average,RETAIL,Kg,kg,0.59
2024-03-01,0.59,"Wheat (flour, first grade)",Kyrgyzstan,National Average,RETAIL,Kg,kg,0.59
2024-04-01,0.59,"Wheat (flour, first grade)",Kyrgyzstan,National Average,RETAIL,Kg,kg,0.59
2024-05-01,0.59,"Wheat (flour, first grade)",Kyrgyzstan,National Average,RETAIL,Kg,kg,0.59
2024-06-01,0.59,"Wheat (flour, first grade)",Kyrgyzstan,National Average,RETAIL,Kg,kg,0.59
2024-07-01,0.61,"Wheat (flour, first grade)",Kyrgyzstan,National Average,RETAIL,Kg,kg,0.61
2024-08-01,0.61,"Wheat (flour, first grade)",Kyrgyzstan,National Average,RETAIL,Kg,kg,0.61
2024-09-01,0.61,"Wheat (flour, first grade)",Kyrgyzstan,National Average,RETAIL,Kg,kg,0.61
2024-10-01,0.61,"Wheat (flour, first grade)",Kyrgyzstan,National Average,RETAIL,Kg,kg,0.61
2024-11-01,0.6,"Wheat (flour, first grade)",Kyrgyzstan,National Average,RETAIL,Kg,kg,0.6
2024-12-01,0.6,"Wheat (flour, first grade)",Kyrgyzstan,National Average,RETAIL,Kg,kg,0.6
2025-01-01,0.59,"Wheat (flour, first grade)",Kyrgyzstan,National Average,RETAIL,Kg,kg,0.59
2025-02-01,0.59,"Wheat (flour, first grade)",Kyrgyzstan,National Average,RETAIL,Kg,kg,0.59
2025-03-01,0.59,"Wheat (flour, first grade)",Kyrgyzstan,National Average,RETAIL,Kg,kg,0.59
2025-04-01,0.59,"Wheat (flour, first grade)",Kyrgyzstan,National Average,RETAIL,Kg,kg,0.59
2025-05-01,0.6,"Wheat (flour, first grade)",Kyrgyzstan,National Average,RETAIL,Kg,kg,0.6
2025-06-01,0.61,"Wheat (flour, first grade)",Kyrgyzstan,National Average,RETAIL,Kg,kg,0.61
2025-07-01,0.61,"Wheat (flour, first grade)",Kyrgyzstan,National Average,RETAIL,Kg,kg,0.61
2025-08-01,0.62,"Wheat (flour, first grade)",Kyrgyzstan,National Average,RETAIL,Kg,kg,0.62
2025-09-01,0.62,"Wheat (flour, first grade)",Kyrgyzstan,National Average,RETAIL,Kg,kg,0.62
2025-10-01,0.62,"Wheat (flour, first grade)",Kyrgyzstan,National Average,RETAIL,Kg,kg,0.62
2005-01-01,0.33,"Wheat (flour, first grade)",Kyrgyzstan,Osh,RETAIL,Kg,kg,0.33
2005-02-01,0.33,"Wheat (flour, first grade)",Kyrgyzstan,Osh,RETAIL,Kg,kg,0.33
2005-03-01,0.33,"Wheat (flour, first grade)",Kyrgyzstan,Osh,RETAIL,Kg,kg,0.33
2005-04-01,0.32,"Wheat (flour, first grade)",Kyrgyzstan,Osh,RETAIL,Kg,kg,0.32
2005-05-01,0.32,"Wheat (flour, first grade)",Kyrgyzstan,Osh,RETAIL,Kg,kg,0.32
2005-06-01,0.32,"Wheat (flour, first grade)",Kyrgyzstan,Osh,RETAIL,Kg,kg,0.32
2005-07-01,0.32,"Wheat (flour, first grade)",Kyrgyzstan,Osh,RETAIL,Kg,kg,0.32
2005-08-01,0.3,"Wheat (flour, first grade)",Kyrgyzstan,Osh,RETAIL,Kg,kg,0.3
2005-09-01,0.3,"Wheat (flour, first grade)",Kyrgyzstan,Osh,RETAIL,Kg,kg,0.3
2005-10-01,0.3,"Wheat (flour, first grade)",Kyrgyzstan,Osh,RETAIL,Kg,kg,0.3
2005-11-01,0.3,"Wheat (flour, first grade)",Kyrgyzstan,Osh,RETAIL,Kg,kg,0.3
2005-12-01,0.3,"Wheat (flour, first grade)",Kyrgyzstan,Osh,RETAIL,Kg,kg,0.3
2006-01-01,0.29,"Wheat (flour, first grade)",Kyrgyzstan,Osh,RETAIL,Kg,kg,0.29
2006-02-01,0.29,"Wheat (flour, first grade)",Kyrgyzstan,Osh,RETAIL,Kg,kg,0.29
2006-03-01,0.29,"Wheat (flour, first grade)",Kyrgyzstan,Osh,RETAIL,Kg,kg,0.29
2006-04-01,0.29,"Wheat (flour, first grade)",Kyrgyzstan,Osh,RETAIL,Kg,kg,0.29
2006-05-01,0.29,"Wheat (flour, first grade)",Kyrgyzstan,Osh,RETAIL,Kg,kg,0.29
2006-06-01,0.3,"Wheat (flour, first grade)",Kyrgyzstan,Osh,RETAIL,Kg,kg,0.3
2006-07-01,0.3,"Wheat (flour, first grade)",Kyrgyzstan,Osh,RETAIL,Kg,kg,0.3
2006-08-01,0.32,"Wheat (flour, first grade)",Kyrgyzstan,Osh,RETAIL,Kg,kg,0.32
2006-09-01,0.33,"Wheat (flour, first grade)",Kyrgyzstan,Osh,RETAIL,Kg,kg,0.33
2006-10-01,0.33,"Wheat (flour, first grade)",Kyrgyzstan,Osh,RETAIL,Kg,kg,0.33
2006-11-01,0.33,"Wheat (flour, first grade)",Kyrgyzstan,Osh,RETAIL,Kg,kg,0.33
2006-12-01,0.33,"Wheat (flour, first grade)",Kyrgyzstan,Osh,RETAIL,Kg,kg,0.33
2007-01-01,0.33,"Wheat (flour, first grade)",Kyrgyzstan,Osh,RETAIL,Kg,kg,0.33
2007-02-01,0.33,"Wheat (flour, first grade)",Kyrgyzstan,Osh,RETAIL,Kg,kg,0.33
2007-03-01,0.34,"Wheat (flour, first grade)",Kyrgyzstan,Osh,RETAIL,Kg,kg,0.34
2007-04-01,0.34,"Wheat (flour, first grade)",Kyrgyzstan,Osh,RETAIL,Kg,kg,0.34
2007-05-01,0.34,"Wheat (flour, first grade)",Kyrgyzstan,Osh,RETAIL,Kg,kg,0.34
2007-06-01,0.34,"Wheat (flour, first grade)",Kyrgyzstan,Osh,RETAIL,Kg,kg,0.34
2007-07-01,0.36,"Wheat (flour, first grade)",Kyrgyzstan,Osh,RETAIL,Kg,kg,0.36
2007-08-01,0.46,"Wheat (flour, first grade)",Kyrgyzstan,Osh,RETAIL,Kg,kg,0.46
2007-09-01,0.6,"Wheat (flour, first grade)",Kyrgyzstan,Osh,RETAIL,Kg,kg,0.6
2007-10-01,0.79,"Wheat (flour, first grade)",Kyrgyzstan,Osh,RETAIL,Kg,kg,0.79
2007-11-01,0.74,"Wheat (flour, first grade)",Kyrgyzstan,Osh,RETAIL,Kg,kg,0.74
2007-12-01,0.68,"Wheat (flour, first grade)",Kyrgyzstan,Osh,RETAIL,Kg,kg,0.68
2008-01-01,0.61,"Wheat (flour, first grade)",Kyrgyzstan,Osh,RETAIL,Kg,kg,0.61
2008-02-01,0.62,"Wheat (flour, first grade)",Kyrgyzstan,Osh,RETAIL,Kg,kg,0.62
2008-03-01,0.64,"Wheat (flour, first grade)",Kyrgyzstan,Osh,RETAIL,Kg,kg,0.64
2008-04-01,0.65,"Wheat (flour, first grade)",Kyrgyzstan,Osh,RETAIL,Kg,kg,0.65
2008-05-01,0.74,"Wheat (flour, first grade)",Kyrgyzstan,Osh,RETAIL,Kg,kg,0.74
2008-06-01,0.83,"Wheat (flour, first grade)",Kyrgyzstan,Osh,RETAIL,Kg,kg,0.83
2008-07-01,0.84,"Wheat (flour, first grade)",Kyrgyzstan,Osh,RETAIL,Kg,kg,0.84
2008-08-01,0.85,"Wheat (flour, first grade)",Kyrgyzstan,Osh,RETAIL,Kg,kg,0.85
2008-09-01,0.84,"Wheat (flour, first grade)",Kyrgyzstan,Osh,RETAIL,Kg,kg,0.84
2008-10-01,0.79,"Wheat (flour, first grade)",Kyrgyzstan,Osh,RETAIL,Kg,kg,0.79
2008-11-01,0.78,"Wheat (flour, first grade)",Kyrgyzstan,Osh,RETAIL,Kg,kg,0.78
2008-12-01,0.78,"Wheat (flour, first grade)",Kyrgyzstan,Osh,RETAIL,Kg,kg,0.78
2009-01-01,0.66,"Wheat (flour, first grade)",Kyrgyzstan,Osh,RETAIL,Kg,kg,0.66
2009-02-01,0.58,"Wheat (flour, first grade)",Kyrgyzstan,Osh,RETAIL,Kg,kg,0.58
2009-03-01,0.54,"Wheat (flour, first grade)",Kyrgyzstan,Osh,RETAIL,Kg,kg,0.54
2009-04-01,0.47,"Wheat (flour, first grade)",Kyrgyzstan,Osh,RETAIL,Kg,kg,0.47
2009-05-01,0.45,"Wheat (flour, first grade)",Kyrgyzstan,Osh,RETAIL,Kg,kg,0.45
2009-06-01,0.45,"Wheat (flour, first grade)",Kyrgyzstan,Osh,RETAIL,Kg,kg,0.45
2009-07-01,0.45,"Wheat (flour, first grade)",Kyrgyzstan,Osh,RETAIL,Kg,kg,0.45
2009-08-01,0.44,"Wheat (flour, first grade)",Kyrgyzstan,Osh,RETAIL,Kg,kg,0.44
2009-09-01,0.44,"Wheat (flour, first grade)",Kyrgyzstan,Osh,RETAIL,Kg,kg,0.44
2009-10-01,0.44,"Wheat (flour, first grade)",Kyrgyzstan,Osh,RETAIL,Kg,kg,0.44
2009-11-01,0.44,"Wheat (flour, first grade)",Kyrgyzstan,Osh,RETAIL,Kg,kg,0.44
2009-12-01,0.44,"Wheat (flour, first grade)",Kyrgyzstan,Osh,RETAIL,Kg,kg,0.44
2010-01-01,0.44,"Wheat (flour, first grade)",Kyrgyzstan,Osh,RETAIL,Kg,kg,0.44
2010-02-01,0.43,"Wheat (flour, first grade)",Kyrgyzstan,Osh,RETAIL,Kg,kg,0.43
2010-03-01,0.43,"Wheat (flour, first grade)",Kyrgyzstan,Osh,RETAIL,Kg,kg,0.43
2010-04-01,0.43,"Wheat (flour, first grade)",Kyrgyzstan,Osh,RETAIL,Kg,kg,0.43
2010-05-01,0.39,"Wheat (flour, first grade)",Kyrgyzstan,Osh,RETAIL,Kg,kg,0.39
2010-06-01,0.38,"Wheat (flour, first grade)",Kyrgyzstan,Osh,RETAIL,Kg,kg,0.38
2010-07-01,0.39,"Wheat (flour, first grade)",Kyrgyzstan,Osh,RETAIL,Kg,kg,0.39
2010-08-01,0.48,"Wheat (flour, first grade)",Kyrgyzstan,Osh,RETAIL,Kg,kg,0.48
2010-09-01,0.5,"Wheat (flour, first grade)",Kyrgyzstan,Osh,RETAIL,Kg,kg,0.5
2010-10-01,0.5,"Wheat (flour, first grade)",Kyrgyzstan,Osh,RETAIL,Kg,kg,0.5
2010-11-01,0.6,"Wheat (flour, first grade)",Kyrgyzstan,Osh,RETAIL,Kg,kg,0.6
2010-12-01,0.6,"Wheat (flour, first grade)",Kyrgyzstan,Osh,RETAIL,Kg,kg,0.6
2011-01-01,0.59,"Wheat (flour, first grade)",Kyrgyzstan,Osh,RETAIL,Kg,kg,0.59
2011-02-01,0.6,"Wheat (flour, first grade)",Kyrgyzstan,Osh,RETAIL,Kg,kg,0.6
2011-03-01,0.64,"Wheat (flour, first grade)",Kyrgyzstan,Osh,RETAIL,Kg,kg,0.64
2011-04-01,0.69,"Wheat (flour, first grade)",Kyrgyzstan,Osh,RETAIL,Kg,kg,0.69
2011-05-01,0.7,"Wheat (flour, first grade)",Kyrgyzstan,Osh,RETAIL,Kg,kg,0.7
2011-06-01,0.71,"Wheat (flour, first grade)",Kyrgyzstan,Osh,RETAIL,Kg,kg,0.71
2011-07-01,0.71,"Wheat (flour, first grade)",Kyrgyzstan,Osh,RETAIL,Kg,kg,0.71
2011-08-01,0.69,"Wheat (flour, first grade)",Kyrgyzstan,Osh,RETAIL,Kg,kg,0.69
2011-09-01,0.67,"Wheat (flour, first grade)",Kyrgyzstan,Osh,RETAIL,Kg,kg,0.67
2011-10-01,0.66,"Wheat (flour, first grade)",Kyrgyzstan,Osh,RETAIL,Kg,kg,0.66
2011-11-01,0.63,"Wheat (flour, first grade)",Kyrgyzstan,Osh,RETAIL,Kg,kg,0.63
2011-12-01,0.63,"Wheat (flour, first grade)",Kyrgyzstan,Osh,RETAIL,Kg,kg,0.63
2012-01-01,0.63,"Wheat (flour, first grade)",Kyrgyzstan,Osh,RETAIL,Kg,kg,0.63
2012-02-01,0.59,"Wheat (flour, first grade)",Kyrgyzstan,Osh,RETAIL,Kg,kg,0.59
2012-03-01,0.56,"Wheat (flour, first grade)",Kyrgyzstan,Osh,RETAIL,Kg,kg,0.56
2012-04-01,0.55,"Wheat (flour, first grade)",Kyrgyzstan,Osh,RETAIL,Kg,kg,0.55
2012-05-01,0.54,"Wheat (flour, first grade)",Kyrgyzstan,Osh,RETAIL,Kg,kg,0.54
2012-06-01,0.52,"Wheat (flour, first grade)",Kyrgyzstan,Osh,RETAIL,Kg,kg,0.52
2012-07-01,0.53,"Wheat (flour, first grade)",Kyrgyzstan,Osh,RETAIL,Kg,kg,0.53
2012-08-01,0.61,"Wheat (flour, first grade)",Kyrgyzstan,Osh,RETAIL,Kg,kg,0.61
2012-09-01,0.63,"Wheat (flour, first grade)",Kyrgyzstan,Osh,RETAIL,Kg,kg,0.63
2012-10-01,0.74,"Wheat (flour, first grade)",Kyrgyzstan,Osh,RETAIL,Kg,kg,0.74
2012-11-01,0.71,"Wheat (flour, first grade)",Kyrgyzstan,Osh,RETAIL,Kg,kg,0.71
2012-12-01,0.7,"Wheat (flour, first grade)",Kyrgyzstan,Osh,RETAIL,Kg,kg,0.7
2013-01-01,0.67,"Wheat (flour, first grade)",Kyrgyzstan,Osh,RETAIL,Kg,kg,0.67
2013-02-01,0.67,"Wheat (flour, first grade)",Kyrgyzstan,Osh,RETAIL,Kg,kg,0.67
2013-03-01,0.66,"Wheat (flour, first grade)",Kyrgyzstan,Osh,RETAIL,Kg,kg,0.66
2013-04-01,0.63,"Wheat (flour, first grade)",Kyrgyzstan,Osh,RETAIL,Kg,kg,0.63
2013-05-01,0.61,"Wheat (flour, first grade)",Kyrgyzstan,Osh,RETAIL,Kg,kg,0.61
2013-06-01,0.58,"Wheat (flour, first grade)",Kyrgyzstan,Osh,RETAIL,Kg,kg,0.58
2013-07-01,0.58,"Wheat (flour, first grade)",Kyrgyzstan,Osh,RETAIL,Kg,kg,0.58
2013-08-01,0.6,"Wheat (flour, first grade)",Kyrgyzstan,Osh,RETAIL,Kg,kg,0.6
2013-09-01,0.59,"Wheat (flour, first grade)",Kyrgyzstan,Osh,RETAIL,Kg,kg,0.59
2013-10-01,0.6,"Wheat (flour, first grade)",Kyrgyzstan,Osh,RETAIL,Kg,kg,0.6
2013-11-01,0.6,"Wheat (flour, first grade)",Kyrgyzstan,Osh,RETAIL,Kg,kg,0.6
2013-12-01,0.6,"Wheat (flour, first grade)",Kyrgyzstan,Osh,RETAIL,Kg,kg,0.6
2014-01-01,0.59,"Wheat (flour, first grade)",Kyrgyzstan,Osh,RETAIL,Kg,kg,0.59
2014-02-01,0.59,"Wheat (flour, first grade)",Kyrgyzstan,Osh,RETAIL,Kg,kg,0.59
2014-03-01,0.61,"Wheat (flour, first grade)",Kyrgyzstan,Osh,RETAIL,Kg,kg,0.61
2014-04-01,0.63,"Wheat (flour, first grade)",Kyrgyzstan,Osh,RETAIL,Kg,kg,0.63
2014-05-01,0.66,"Wheat (flour, first grade)",Kyrgyzstan,Osh,RETAIL,Kg,kg,0.66
2014-06-01,0.67,"Wheat (flour, first grade)",Kyrgyzstan,Osh,RETAIL,Kg,kg,0.67
2014-07-01,0.66,"Wheat (flour, first grade)",Kyrgyzstan,Osh,RETAIL,Kg,kg,0.66
2014-08-01,0.66,"Wheat (flour, first grade)",Kyrgyzstan,Osh,RETAIL,Kg,kg,0.66
2014-09-01,0.64,"Wheat (flour, first grade)",Kyrgyzstan,Osh,RETAIL,Kg,kg,0.64
2014-10-01,0.67,"Wheat (flour, first grade)",Kyrgyzstan,Osh,RETAIL,Kg,kg,0.67
2014-11-01,0.69,"Wheat (flour, first grade)",Kyrgyzstan,Osh,RETAIL,Kg,kg,0.69
2014-12-01,0.69,"Wheat (flour, first grade)",Kyrgyzstan,Osh,RETAIL,Kg,kg,0.69
2015-01-01,0.67,"Wheat (flour, first grade)",Kyrgyzstan,Osh,RETAIL,Kg,kg,0.67
2015-02-01,0.65,"Wheat (flour, first grade)",Kyrgyzstan,Osh,RETAIL,Kg,kg,0.65
2015-03-01,0.63,"Wheat (flour, first grade)",Kyrgyzstan,Osh,RETAIL,Kg,kg,0.63
2015-04-01,0.62,"Wheat (flour, first grade)",Kyrgyzstan,Osh,RETAIL,Kg,kg,0.62
2015-05-01,0.66,"Wheat (flour, first grade)",Kyrgyzstan,Osh,RETAIL,Kg,kg,0.66
2015-06-01,0.64,"Wheat (flour, first grade)",Kyrgyzstan,Osh,RETAIL,Kg,kg,0.64
2015-07-01,0.62,"Wheat (flour, first grade)",Kyrgyzstan,Osh,RETAIL,Kg,kg,0.62
2015-08-01,0.61,"Wheat (flour, first grade)",Kyrgyzstan,Osh,RETAIL,Kg,kg,0.61
2015-09-01,0.57,"Wheat (flour, first grade)",Kyrgyzstan,Osh,RETAIL,Kg,kg,0.57
2015-10-01,0.56,"Wheat (flour, first grade)",Kyrgyzstan,Osh,RETAIL,Kg,kg,0.56
2015-11-01,0.54,"Wheat (flour, first grade)",Kyrgyzstan,Osh,RETAIL,Kg,kg,0.54
2015-12-01,0.5,"Wheat (flour, first grade)",Kyrgyzstan,Osh,RETAIL,Kg,kg,0.5
2016-01-01,0.5,"Wheat (flour, first grade)",Kyrgyzstan,Osh,RETAIL,Kg,kg,0.5
2016-02-01,0.5,"Wheat (flour, first grade)",Kyrgyzstan,Osh,RETAIL,Kg,kg,0.5
2016-03-01,0.5,"Wheat (flour, first grade)",Kyrgyzstan,Osh,RETAIL,Kg,kg,0.5
2016-04-01,0.52,"Wheat (flour, first grade)",Kyrgyzstan,Osh,RETAIL,Kg,kg,0.52
2016-05-01,0.52,"Wheat (flour, first grade)",Kyrgyzstan,Osh,RETAIL,Kg,kg,0.52
2016-06-01,0.53,"Wheat (flour, first grade)",Kyrgyzstan,Osh,RETAIL,Kg,kg,0.53
2016-07-01,0.53,"Wheat (flour, first grade)",Kyrgyzstan,Osh,RETAIL,Kg,kg,0.53
2016-08-01,0.52,"Wheat (flour, first grade)",Kyrgyzstan,Osh,RETAIL,Kg,kg,0.52
2016-09-01,0.5,"Wheat (flour, first grade)",Kyrgyzstan,Osh,RETAIL,Kg,kg,0.5
2016-10-01,0.5,"Wheat (flour, first grade)",Kyrgyzstan,Osh,RETAIL,Kg,kg,0.5
2016-11-01,0.49,"Wheat (flour, first grade)",Kyrgyzstan,Osh,RETAIL,Kg,kg,0.49
2016-12-01,0.5,"Wheat (flour, first grade)",Kyrgyzstan,Osh,RETAIL,Kg,kg,0.5
2017-01-01,0.5,"Wheat (flour, first grade)",Kyrgyzstan,Osh,RETAIL,Kg,kg,0.5
2017-02-01,0.5,"Wheat (flour, first grade)",Kyrgyzstan,Osh,RETAIL,Kg,kg,0.5
2017-03-01,0.5,"Wheat (flour, first grade)",Kyrgyzstan,Osh,RETAIL,Kg,kg,0.5
2017-04-01,0.51,"Wheat (flour, first grade)",Kyrgyzstan,Osh,RETAIL,Kg,kg,0.51
2017-05-01,0.5,"Wheat (flour, first grade)",Kyrgyzstan,Osh,RETAIL,Kg,kg,0.5
2017-06-01,0.46,"Wheat (flour, first grade)",Kyrgyzstan,Osh,RETAIL,Kg,kg,0.46
2017-07-01,0.45,"Wheat (flour, first grade)",Kyrgyzstan,Osh,RETAIL,Kg,kg,0.45
2017-08-01,0.44,"Wheat (flour, first grade)",Kyrgyzstan,Osh,RETAIL,Kg,kg,0.44
2017-09-01,0.44,"Wheat (flour, first grade)",Kyrgyzstan,Osh,RETAIL,Kg,kg,0.44
2017-10-01,0.45,"Wheat (flour, first grade)",Kyrgyzstan,Osh,RETAIL,Kg,kg,0.45
2017-11-01,0.46,"Wheat (flour, first grade)",Kyrgyzstan,Osh,RETAIL,Kg,kg,0.46
2017-12-01,0.46,"Wheat (flour, first grade)",Kyrgyzstan,Osh,RETAIL,Kg,kg,0.46
2018-01-01,0.47,"Wheat (flour, first grade)",Kyrgyzstan,Osh,RETAIL,Kg,kg,0.47
2018-02-01,0.47,"Wheat (flour, first grade)",Kyrgyzstan,Osh,RETAIL,Kg,kg,0.47
2018-03-01,0.47,"Wheat (flour, first grade)",Kyrgyzstan,Osh,RETAIL,Kg,kg,0.47
2018-04-01,0.46,"Wheat (flour, first grade)",Kyrgyzstan,Osh,RETAIL,Kg,kg,0.46
2018-05-01,0.46,"Wheat (flour, first grade)",Kyrgyzstan,Osh,RETAIL,Kg,kg,0.46
2018-06-01,0.46,"Wheat (flour, first grade)",Kyrgyzstan,Osh,RETAIL,Kg,kg,0.46
2018-07-01,0.47,"Wheat (flour, first grade)",Kyrgyzstan,Osh,RETAIL,Kg,kg,0.47
2018-08-01,0.46,"Wheat (flour, first grade)",Kyrgyzstan,Osh,RETAIL,Kg,kg,0.46
2018-09-01,0.46,"Wheat (flour, first grade)",Kyrgyzstan,Osh,RETAIL,Kg,kg,0.46
2018-10-01,0.46,"Wheat (flour, first grade)",Kyrgyzstan,Osh,RETAIL,Kg,kg,0.46
2018-11-01,0.46,"Wheat (flour, first grade)",Kyrgyzstan,Osh,RETAIL,Kg,kg,0.46
2018-12-01,0.46,"Wheat (flour, first grade)",Kyrgyzstan,Osh,RETAIL,Kg,kg,0.46
2019-01-01,0.46,"Wheat (flour, first grade)",Kyrgyzstan,Osh,RETAIL,Kg,kg,0.46
2019-02-01,0.45,"Wheat (flour, first grade)",Kyrgyzstan,Osh,RETAIL,Kg,kg,0.45
2019-03-01,0.44,"Wheat (flour, first grade)",Kyrgyzstan,Osh,RETAIL,Kg,kg,0.44
2019-04-01,0.44,"Wheat (flour, first grade)",Kyrgyzstan,Osh,RETAIL,Kg,kg,0.44
2019-05-01,0.45,"Wheat (flour, first grade)",Kyrgyzstan,Osh,RETAIL,Kg,kg,0.45
2019-06-01,0.45,"Wheat (flour, first grade)",Kyrgyzstan,Osh,RETAIL,Kg,kg,0.45
2019-07-01,0.46,"Wheat (flour, first grade)",Kyrgyzstan,Osh,RETAIL,Kg,kg,0.46
2019-08-01,0.46,"Wheat (flour, first grade)",Kyrgyzstan,Osh,RETAIL,Kg,kg,0.46
2019-09-01,0.46,"Wheat (flour, first grade)",Kyrgyzstan,Osh,RETAIL,Kg,kg,0.46
2019-10-01,0.46,"Wheat (flour, first grade)",Kyrgyzstan,Osh,RETAIL,Kg,kg,0.46
2019-11-01,0.48,"Wheat (flour, first grade)",Kyrgyzstan,Osh,RETAIL,Kg,kg,0.48
2019-12-01,0.5,"Wheat (flour, first grade)",Kyrgyzstan,Osh,RETAIL,Kg,kg,0.5
2020-01-01,0.5,"Wheat (flour, first grade)",Kyrgyzstan,Osh,RETAIL,Kg,kg,0.5
2020-02-01,0.5,"Wheat (flour, first grade)",Kyrgyzstan,Osh,RETAIL,Kg,kg,0.5
2020-03-01,0.47,"Wheat (flour, first grade)",Kyrgyzstan,Osh,RETAIL,Kg,kg,0.47
2020-04-01,0.44,"Wheat (flour, first grade)",Kyrgyzstan,Osh,RETAIL,Kg,kg,0.44
2020-05-01,0.47,"Wheat (flour, first grade)",Kyrgyzstan,Osh,RETAIL,Kg,kg,0.47
2020-06-01,0.49,"Wheat (flour, first grade)",Kyrgyzstan,Osh,RETAIL,Kg,kg,0.49
2020-07-01,0.47,"Wheat (flour, first grade)",Kyrgyzstan,Osh,RETAIL,Kg,kg,0.47
2020-08-01,0.47,"Wheat (flour, first grade)",Kyrgyzstan,Osh,RETAIL,Kg,kg,0.47
2020-09-01,0.47,"Wheat (flour, first grade)",Kyrgyzstan,Osh,RETAIL,Kg,kg,0.47
2020-10-01,0.47,"Wheat (flour, first grade)",Kyrgyzstan,Osh,RETAIL,Kg,kg,0.47
2020-11-01,0.45,"Wheat (flour, first grade)",Kyrgyzstan,Osh,RETAIL,Kg,kg,0.45
2020-12-01,0.46,"Wheat (flour, first grade)",Kyrgyzstan,Osh,RETAIL,Kg,kg,0.46
2021-01-01,0.45,"Wheat (flour, first grade)",Kyrgyzstan,Osh,RETAIL,Kg,kg,0.45
2021-02-01,0.46,"Wheat (flour, first grade)",Kyrgyzstan,Osh,RETAIL,Kg,kg,0.46
2021-03-01,0.46,"Wheat (flour, first grade)",Kyrgyzstan,Osh,RETAIL,Kg,kg,0.46
2021-04-01,0.46,"Wheat (flour, first grade)",Kyrgyzstan,Osh,RETAIL,Kg,kg,0.46
2021-05-01,0.44,"Wheat (flour, first grade)",Kyrgyzstan,Osh,RETAIL,Kg,kg,0.44
2021-06-01,0.44,"Wheat (flour, first grade)",Kyrgyzstan,Osh,RETAIL,Kg,kg,0.44
2021-07-01,0.43,"Wheat (flour, first grade)",Kyrgyzstan,Osh,RETAIL,Kg,kg,0.43
2021-08-01,0.43,"Wheat (flour, first grade)",Kyrgyzstan,Osh,RETAIL,Kg,kg,0.43
2021-09-01,0.44,"Wheat (flour, first grade)",Kyrgyzstan,Osh,RETAIL,Kg,kg,0.44
2021-10-01,0.46,"Wheat (flour, first grade)",Kyrgyzstan,Osh,RETAIL,Kg,kg,0.46
2021-11-01,0.47,"Wheat (flour, first grade)",Kyrgyzstan,Osh,RETAIL,Kg,kg,0.47
2021-12-01,0.49,"Wheat (flour, first grade)",Kyrgyzstan,Osh,RETAIL,Kg,kg,0.49
2022-01-01,0.49,"Wheat (flour, first grade)",Kyrgyzstan,Osh,RETAIL,Kg,kg,0.49
2022-02-01,0.49,"Wheat (flour, first grade)",Kyrgyzstan,Osh,RETAIL,Kg,kg,0.49
2022-03-01,0.45,"Wheat (flour, first grade)",Kyrgyzstan,Osh,RETAIL,Kg,kg,0.45
2022-04-01,0.63,"Wheat (flour, first grade)",Kyrgyzstan,Osh,RETAIL,Kg,kg,0.63
2022-05-01,0.65,"Wheat (flour, first grade)",Kyrgyzstan,Osh,RETAIL,Kg,kg,0.65
2022-06-01,0.66,"Wheat (flour, first grade)",Kyrgyzstan,Osh,RETAIL,Kg,kg,0.66
2022-07-01,0.66,"Wheat (flour, first grade)",Kyrgyzstan,Osh,RETAIL,Kg,kg,0.66
2022-08-01,0.65,"Wheat (flour, first grade)",Kyrgyzstan,Osh,RETAIL,Kg,kg,0.65
2022-09-01,0.65,"Wheat (flour, first grade)",Kyrgyzstan,Osh,RETAIL,Kg,kg,0.65
2022-10-01,0.64,"Wheat (flour, first grade)",Kyrgyzstan,Osh,RETAIL,Kg,kg,0.64
2022-11-01,0.63,"Wheat (flour, first grade)",Kyrgyzstan,Osh,RETAIL,Kg,kg,0.63
2022-12-01,0.62,"Wheat (flour, first grade)",Kyrgyzstan,Osh,RETAIL,Kg,kg,0.62
2023-01-01,0.63,"Wheat (flour, first grade)",Kyrgyzstan,Osh,RETAIL,Kg,kg,0.63
2023-02-01,0.62,"Wheat (flour, first grade)",Kyrgyzstan,Osh,RETAIL,Kg,kg,0.62
2023-03-01,0.61,"Wheat (flour, first grade)",Kyrgyzstan,Osh,RETAIL,Kg,kg,0.61
2023-04-01,0.61,"Wheat (flour, first grade)",Kyrgyzstan,Osh,RETAIL,Kg,kg,0.61
2023-05-01,0.6,"Wheat (flour, first grade)",Kyrgyzstan,Osh,RETAIL,Kg,kg,0.6
2023-06-01,0.59,"Wheat (flour, first grade)",Kyrgyzstan,Osh,RETAIL,Kg,kg,0.59
2023-07-01,0.59,"Wheat (flour, first grade)",Kyrgyzstan,Osh,RETAIL,Kg,kg,0.59
2023-08-01,0.58,"Wheat (flour, first grade)",Kyrgyzstan,Osh,RETAIL,Kg,kg,0.58
2023-09-01,0.6,"Wheat (flour, first grade)",Kyrgyzstan,Osh,RETAIL,Kg,kg,0.6
2023-10-01,0.63,"Wheat (flour, first grade)",Kyrgyzstan,Osh,RETAIL,Kg,kg,0.63
2023-11-01,0.63,"Wheat (flour, first grade)",Kyrgyzstan,Osh,RETAIL,Kg,kg,0.63
2023-12-01,0.62,"Wheat (flour, first grade)",Kyrgyzstan,Osh,RETAIL,Kg,kg,0.62
2024-01-01,0.61,"Wheat (flour, first grade)",Kyrgyzstan,Osh,RETAIL,Kg,kg,0.61
2024-02-01,0.61,"Wheat (flour, first grade)",Kyrgyzstan,Osh,RETAIL,Kg,kg,0.61
2024-03-01,0.61,"Wheat (flour, first grade)",Kyrgyzstan,Osh,RETAIL,Kg,kg,0.61
2024-04-01,0.62,"Wheat (flour, first grade)",Kyrgyzstan,Osh,RETAIL,Kg,kg,0.62
2024-05-01,0.61,"Wheat (flour, first grade)",Kyrgyzstan,Osh,RETAIL,Kg,kg,0.61
2024-06-01,0.61,"Wheat (flour, first grade)",Kyrgyzstan,Osh,RETAIL,Kg,kg,0.61
2024-07-01,0.62,"Wheat (flour, first grade)",Kyrgyzstan,Osh,RETAIL,Kg,kg,0.62
2024-08-01,0.62,"Wheat (flour, first grade)",Kyrgyzstan,Osh,RETAIL,Kg,kg,0.62
2024-09-01,0.64,"Wheat (flour, first grade)",Kyrgyzstan,Osh,RETAIL,Kg,kg,0.64
2024-10-01,0.63,"Wheat (flour, first grade)",Kyrgyzstan,Osh,RETAIL,Kg,kg,0.63
2024-11-01,0.63,"Wheat (flour, first grade)",Kyrgyzstan,Osh,RETAIL,Kg,kg,0.63
2024-12-01,0.62,"Wheat (flour, first grade)",Kyrgyzstan,Osh,RETAIL,Kg,kg,0.62
2025-01-01,0.61,"Wheat (flour, first grade)",Kyrgyzstan,Osh,RETAIL,Kg,kg,0.61
2025-02-01,0.61,"Wheat (flour, first grade)",Kyrgyzstan,Osh,RETAIL,Kg,kg,0.61
2025-03-01,0.61,"Wheat (flour, first grade)",Kyrgyzstan,Osh,RETAIL,Kg,kg,0.61
2025-04-01,0.61,"Wheat (flour, first grade)",Kyrgyzstan,Osh,RETAIL,Kg,kg,0.61
2025-05-01,0.6,"Wheat (flour, first grade)",Kyrgyzstan,Osh,RETAIL,Kg,kg,0.6
2025-06-01,0.6,"Wheat (flour, first grade)",Kyrgyzstan,Osh,RETAIL,Kg,kg,0.6
2025-07-01,0.6,"Wheat (flour, first grade)",Kyrgyzstan,Osh,RETAIL,Kg,kg,0.6
2025-08-01,0.59,"Wheat (flour, first grade)",Kyrgyzstan,Osh,RETAIL,Kg,kg,0.59
2025-09-01,0.59,"Wheat (flour, first grade)",Kyrgyzstan,Osh,RETAIL,Kg,kg,0.59
2025-10-01,0.6,"Wheat (flour, first grade)",Kyrgyzstan,Osh,RETAIL,Kg,kg,0.6
2009-12-01,0.37,"Wheat (flour, first grade)",Tajikistan,Bokhtar (Kurgonteppa),RETAIL,Kg,kg,0.37
2010-01-01,0.35,"Wheat (flour, first grade)",Tajikistan,Bokhtar (Kurgonteppa),RETAIL,Kg,kg,0.35
2010-02-01,0.32,"Wheat (flour, first grade)",Tajikistan,Bokhtar (Kurgonteppa),RETAIL,Kg,kg,0.32
2010-03-01,0.3,"Wheat (flour, first grade)",Tajikistan,Bokhtar (Kurgonteppa),RETAIL,Kg,kg,0.3
2010-04-01,0.3,"Wheat (flour, first grade)",Tajikistan,Bokhtar (Kurgonteppa),RETAIL,Kg,kg,0.3
2010-05-01,0.31,"Wheat (flour, first grade)",Tajikistan,Bokhtar (Kurgonteppa),RETAIL,Kg,kg,0.31
2010-06-01,0.35,"Wheat (flour, first grade)",Tajikistan,Bokhtar (Kurgonteppa),RETAIL,Kg,kg,0.35
2010-07-01,0.44,"Wheat (flour, first grade)",Tajikistan,Bokhtar (Kurgonteppa),RETAIL,Kg,kg,0.44
2010-08-01,0.46,"Wheat (flour, first grade)",Tajikistan,Bokhtar (Kurgonteppa),RETAIL,Kg,kg,0.46
2010-09-01,0.52,"Wheat (flour, first grade)",Tajikistan,Bokhtar (Kurgonteppa),RETAIL,Kg,kg,0.52
2010-10-01,0.57,"Wheat (flour, first grade)",Tajikistan,Bokhtar (Kurgonteppa),RETAIL,Kg,kg,0.57
2010-11-01,0.56,"Wheat (flour, first grade)",Tajikistan,Bokhtar (Kurgonteppa),RETAIL,Kg,kg,0.56
2010-12-01,0.56,"Wheat (flour, first grade)",Tajikistan,Bokhtar (Kurgonteppa),RETAIL,Kg,kg,0.56
2011-01-01,0.58,"Wheat (flour, first grade)",Tajikistan,Bokhtar (Kurgonteppa),RETAIL,Kg,kg,0.58
2011-02-01,0.61,"Wheat (flour, first grade)",Tajikistan,Bokhtar (Kurgonteppa),RETAIL,Kg,kg,0.61
2011-03-01,0.63,"Wheat (flour, first grade)",Tajikistan,Bokhtar (Kurgonteppa),RETAIL,Kg,kg,0.63
2011-04-01,0.62,"Wheat (flour, first grade)",Tajikistan,Bokhtar (Kurgonteppa),RETAIL,Kg,kg,0.62
2011-05-01,0.61,"Wheat (flour, first grade)",Tajikistan,Bokhtar (Kurgonteppa),RETAIL,Kg,kg,0.61
2011-06-01,0.6,"Wheat (flour, first grade)",Tajikistan,Bokhtar (Kurgonteppa),RETAIL,Kg,kg,0.6
2011-07-01,0.59,"Wheat (flour, first grade)",Tajikistan,Bokhtar (Kurgonteppa),RETAIL,Kg,kg,0.59
2011-08-01,0.59,"Wheat (flour, first grade)",Tajikistan,Bokhtar (Kurgonteppa),RETAIL,Kg,kg,0.59
2011-09-01,0.56,"Wheat (flour, first grade)",Tajikistan,Bokhtar (Kurgonteppa),RETAIL,Kg,kg,0.56
2011-10-01,0.52,"Wheat (flour, first grade)",Tajikistan,Bokhtar (Kurgonteppa),RETAIL,Kg,kg,0.52
2011-11-01,0.53,"Wheat (flour, first grade)",Tajikistan,Bokhtar (Kurgonteppa),RETAIL,Kg,kg,0.53
2011-12-01,0.51,"Wheat (flour, first grade)",Tajikistan,Bokhtar (Kurgonteppa),RETAIL,Kg,kg,0.51
2012-01-01,0.49,"Wheat (flour, first grade)",Tajikistan,Bokhtar (Kurgonteppa),RETAIL,Kg,kg,0.49
2012-02-01,0.48,"Wheat (flour, first grade)",Tajikistan,Bokhtar (Kurgonteppa),RETAIL,Kg,kg,0.48
2012-03-01,0.48,"Wheat (flour, first grade)",Tajikistan,Bokhtar (Kurgonteppa),RETAIL,Kg,kg,0.48
2012-04-01,0.48,"Wheat (flour, first grade)",Tajikistan,Bokhtar (Kurgonteppa),RETAIL,Kg,kg,0.48
2012-05-01,0.47,"Wheat (flour, first grade)",Tajikistan,Bokhtar (Kurgonteppa),RETAIL,Kg,kg,0.47
2012-06-01,0.47,"Wheat (flour, first grade)",Tajikistan,Bokhtar (Kurgonteppa),RETAIL,Kg,kg,0.47
2012-07-01,0.53,"Wheat (flour, first grade)",Tajikistan,Bokhtar (Kurgonteppa),RETAIL,Kg,kg,0.53
2012-08-01,0.59,"Wheat (flour, first grade)",Tajikistan,Bokhtar (Kurgonteppa),RETAIL,Kg,kg,0.59
2012-09-01,0.65,"Wheat (flour, first grade)",Tajikistan,Bokhtar (Kurgonteppa),RETAIL,Kg,kg,0.65
2012-10-01,0.7,"Wheat (flour, first grade)",Tajikistan,Bokhtar (Kurgonteppa),RETAIL,Kg,kg,0.7
2012-11-01,0.75,"Wheat (flour, first grade)",Tajikistan,Bokhtar (Kurgonteppa),RETAIL,Kg,kg,0.75
2012-12-01,0.68,"Wheat (flour, first grade)",Tajikistan,Bokhtar (Kurgonteppa),RETAIL,Kg,kg,0.68
2013-01-01,0.69,"Wheat (flour, first grade)",Tajikistan,Bokhtar (Kurgonteppa),RETAIL,Kg,kg,0.69
2013-02-01,0.69,"Wheat (flour, first grade)",Tajikistan,Bokhtar (Kurgonteppa),RETAIL,Kg,kg,0.69
2013-03-01,0.69,"Wheat (flour, first grade)",Tajikistan,Bokhtar (Kurgonteppa),RETAIL,Kg,kg,0.69
2013-04-01,0.65,"Wheat (flour, first grade)",Tajikistan,Bokhtar (Kurgonteppa),RETAIL,Kg,kg,0.65
2013-05-01,0.61,"Wheat (flour, first grade)",Tajikistan,Bokhtar (Kurgonteppa),RETAIL,Kg,kg,0.61
2013-06-01,0.61,"Wheat (flour, first grade)",Tajikistan,Bokhtar (Kurgonteppa),RETAIL,Kg,kg,0.61
2013-07-01,0.61,"Wheat (flour, first grade)",Tajikistan,Bokhtar (Kurgonteppa),RETAIL,Kg,kg,0.61
2013-08-01,0.61,"Wheat (flour, first grade)",Tajikistan,Bokhtar (Kurgonteppa),RETAIL,Kg,kg,0.61
2013-09-01,0.6,"Wheat (flour, first grade)",Tajikistan,Bokhtar (Kurgonteppa),RETAIL,Kg,kg,0.6
2013-10-01,0.59,"Wheat (flour, first grade)",Tajikistan,Bokhtar (Kurgonteppa),RETAIL,Kg,kg,0.59
2013-11-01,0.59,"Wheat (flour, first grade)",Tajikistan,Bokhtar (Kurgonteppa),RETAIL,Kg,kg,0.59
2013-12-01,0.59,"Wheat (flour, first grade)",Tajikistan,Bokhtar (Kurgonteppa),RETAIL,Kg,kg,0.59
2014-01-01,0.59,"Wheat (flour, first grade)",Tajikistan,Bokhtar (Kurgonteppa),RETAIL,Kg,kg,0.59
2014-02-01,0.58,"Wheat (flour, first grade)",Tajikistan,Bokhtar (Kurgonteppa),RETAIL,Kg,kg,0.58
2014-03-01,0.54,"Wheat (flour, first grade)",Tajikistan,Bokhtar (Kurgonteppa),RETAIL,Kg,kg,0.54
2014-04-01,0.57,"Wheat (flour, first grade)",Tajikistan,Bokhtar (Kurgonteppa),RETAIL,Kg,kg,0.57
2014-05-01,0.57,"Wheat (flour, first grade)",Tajikistan,Bokhtar (Kurgonteppa),RETAIL,Kg,kg,0.57
2014-06-01,0.57,"Wheat (flour, first grade)",Tajikistan,Bokhtar (Kurgonteppa),RETAIL,Kg,kg,0.57
2014-07-01,0.59,"Wheat (flour, first grade)",Tajikistan,Bokhtar (Kurgonteppa),RETAIL,Kg,kg,0.59
2014-08-01,0.58,"Wheat (flour, first grade)",Tajikistan,Bokhtar (Kurgonteppa),RETAIL,Kg,kg,0.58
2014-09-01,0.58,"Wheat (flour, first grade)",Tajikistan,Bokhtar (Kurgonteppa),RETAIL,Kg,kg,0.58
2014-10-01,0.59,"Wheat (flour, first grade)",Tajikistan,Bokhtar (Kurgonteppa),RETAIL,Kg,kg,0.59
2014-11-01,0.63,"Wheat (flour, first grade)",Tajikistan,Bokhtar (Kurgonteppa),RETAIL,Kg,kg,0.63
2014-12-01,0.64,"Wheat (flour, first grade)",Tajikistan,Bokhtar (Kurgonteppa),RETAIL,Kg,kg,0.64
2015-01-01,0.6,"Wheat (flour, first grade)",Tajikistan,Bokhtar (Kurgonteppa),RETAIL,Kg,kg,0.6
2015-02-01,0.6,"Wheat (flour, first grade)",Tajikistan,Bokhtar (Kurgonteppa),RETAIL,Kg,kg,0.6
2015-03-01,0.6,"Wheat (flour, first grade)",Tajikistan,Bokhtar (Kurgonteppa),RETAIL,Kg,kg,0.6
2015-04-01,0.56,"Wheat (flour, first grade)",Tajikistan,Bokhtar (Kurgonteppa),RETAIL,Kg,kg,0.56
2015-05-01,0.53,"Wheat (flour, first grade)",Tajikistan,Bokhtar (Kurgonteppa),RETAIL,Kg,kg,0.53
2015-06-01,0.56,"Wheat (flour, first grade)",Tajikistan,Bokhtar (Kurgonteppa),RETAIL,Kg,kg,0.56
2015-07-01,0.56,"Wheat (flour, first grade)",Tajikistan,Bokhtar (Kurgonteppa),RETAIL,Kg,kg,0.56
2015-08-01,0.56,"Wheat (flour, first grade)",Tajikistan,Bokhtar (Kurgonteppa),RETAIL,Kg,kg,0.56
2015-09-01,0.54,"Wheat (flour, first grade)",Tajikistan,Bokhtar (Kurgonteppa),RETAIL,Kg,kg,0.54
2015-10-01,0.51,"Wheat (flour, first grade)",Tajikistan,Bokhtar (Kurgonteppa),RETAIL,Kg,kg,0.51
2015-11-01,0.48,"Wheat (flour, first grade)",Tajikistan,Bokhtar (Kurgonteppa),RETAIL,Kg,kg,0.48
2015-12-01,0.48,"Wheat (flour, first grade)",Tajikistan,Bokhtar (Kurgonteppa),RETAIL,Kg,kg,0.48
2016-01-01,0.47,"Wheat (flour, first grade)",Tajikistan,Bokhtar (Kurgonteppa),RETAIL,Kg,kg,0.47
2016-02-01,0.43,"Wheat (flour, first grade)",Tajikistan,Bokhtar (Kurgonteppa),RETAIL,Kg,kg,0.43
2016-03-01,0.39,"Wheat (flour, first grade)",Tajikistan,Bokhtar (Kurgonteppa),RETAIL,Kg,kg,0.39
2016-04-01,0.38,"Wheat (flour, first grade)",Tajikistan,Bokhtar (Kurgonteppa),RETAIL,Kg,kg,0.38
2016-05-01,0.38,"Wheat (flour, first grade)",Tajikistan,Bokhtar (Kurgonteppa),RETAIL,Kg,kg,0.38
2016-06-01,0.38,"Wheat (flour, first grade)",Tajikistan,Bokhtar (Kurgonteppa),RETAIL,Kg,kg,0.38
2016-07-01,0.38,"Wheat (flour, first grade)",Tajikistan,Bokhtar (Kurgonteppa),RETAIL,Kg,kg,0.38
2016-08-01,0.38,"Wheat (flour, first grade)",Tajikistan,Bokhtar (Kurgonteppa),RETAIL,Kg,kg,0.38
2016-09-01,0.38,"Wheat (flour, first grade)",Tajikistan,Bokhtar (Kurgonteppa),RETAIL,Kg,kg,0.38
2016-10-01,0.39,"Wheat (flour, first grade)",Tajikistan,Bokhtar (Kurgonteppa),RETAIL,Kg,kg,0.39
2016-11-01,0.4,"Wheat (flour, first grade)",Tajikistan,Bokhtar (Kurgonteppa),RETAIL,Kg,kg,0.4
2016-12-01,0.4,"Wheat (flour, first grade)",Tajikistan,Bokhtar (Kurgonteppa),RETAIL,Kg,kg,0.4
2017-01-01,0.39,"Wheat (flour, first grade)",Tajikistan,Bokhtar (Kurgonteppa),RETAIL,Kg,kg,0.39
2017-02-01,0.4,"Wheat (flour, first grade)",Tajikistan,Bokhtar (Kurgonteppa),RETAIL,Kg,kg,0.4
2017-03-01,0.39,"Wheat (flour, first grade)",Tajikistan,Bokhtar (Kurgonteppa),RETAIL,Kg,kg,0.39
2017-04-01,0.39,"Wheat (flour, first grade)",Tajikistan,Bokhtar (Kurgonteppa),RETAIL,Kg,kg,0.39
2017-05-01,0.38,"Wheat (flour, first grade)",Tajikistan,Bokhtar (Kurgonteppa),RETAIL,Kg,kg,0.38
2017-06-01,0.36,"Wheat (flour, first grade)",Tajikistan,Bokhtar (Kurgonteppa),RETAIL,Kg,kg,0.36
2017-07-01,0.36,"Wheat (flour, first grade)",Tajikistan,Bokhtar (Kurgonteppa),RETAIL,Kg,kg,0.36
2017-08-01,0.36,"Wheat (flour, first grade)",Tajikistan,Bokhtar (Kurgonteppa),RETAIL,Kg,kg,0.36
2017-09-01,0.37,"Wheat (flour, first grade)",Tajikistan,Bokhtar (Kurgonteppa),RETAIL,Kg,kg,0.37
2017-10-01,0.36,"Wheat (flour, first grade)",Tajikistan,Bokhtar (Kurgonteppa),RETAIL,Kg,kg,0.36
2017-11-01,0.36,"Wheat (flour, first grade)",Tajikistan,Bokhtar (Kurgonteppa),RETAIL,Kg,kg,0.36
2017-12-01,0.36,"Wheat (flour, first grade)",Tajikistan,Bokhtar (Kurgonteppa),RETAIL,Kg,kg,0.36
2018-01-01,0.35,"Wheat (flour, first grade)",Tajikistan,Bokhtar (Kurgonteppa),RETAIL,Kg,kg,0.35
2018-02-01,0.33,"Wheat (flour, first grade)",Tajikistan,Bokhtar (Kurgonteppa),RETAIL,Kg,kg,0.33
2018-03-01,0.32,"Wheat (flour, first grade)",Tajikistan,Bokhtar (Kurgonteppa),RETAIL,Kg,kg,0.32
2018-04-01,0.31,"Wheat (flour, first grade)",Tajikistan,Bokhtar (Kurgonteppa),RETAIL,Kg,kg,0.31
2018-05-01,0.31,"Wheat (flour, first grade)",Tajikistan,Bokhtar (Kurgonteppa),RETAIL,Kg,kg,0.31
2018-06-01,0.31,"Wheat (flour, first grade)",Tajikistan,Bokhtar (Kurgonteppa),RETAIL,Kg,kg,0.31
2018-07-01,0.3,"Wheat (flour, first grade)",Tajikistan,Bokhtar (Kurgonteppa),RETAIL,Kg,kg,0.3
2018-08-01,0.31,"Wheat (flour, first grade)",Tajikistan,Bokhtar (Kurgonteppa),RETAIL,Kg,kg,0.31
2018-09-01,0.34,"Wheat (flour, first grade)",Tajikistan,Bokhtar (Kurgonteppa),RETAIL,Kg,kg,0.34
2018-10-01,0.36,"Wheat (flour, first grade)",Tajikistan,Bokhtar (Kurgonteppa),RETAIL,Kg,kg,0.36
2018-11-01,0.37,"Wheat (flour, first grade)",Tajikistan,Bokhtar (Kurgonteppa),RETAIL,Kg,kg,0.37
2018-12-01,0.37,"Wheat (flour, first grade)",Tajikistan,Bokhtar (Kurgonteppa),RETAIL,Kg,kg,0.37
2019-01-01,0.38,"Wheat (flour, first grade)",Tajikistan,Bokhtar (Kurgonteppa),RETAIL,Kg,kg,0.38
2019-02-01,0.39,"Wheat (flour, first grade)",Tajikistan,Bokhtar (Kurgonteppa),RETAIL,Kg,kg,0.39
2019-03-01,0.38,"Wheat (flour, first grade)",Tajikistan,Bokhtar (Kurgonteppa),RETAIL,Kg,kg,0.38
2019-04-01,0.38,"Wheat (flour, first grade)",Tajikistan,Bokhtar (Kurgonteppa),RETAIL,Kg,kg,0.38
2019-05-01,0.38,"Wheat (flour, first grade)",Tajikistan,Bokhtar (Kurgonteppa),RETAIL,Kg,kg,0.38
2019-06-01,0.38,"Wheat (flour, first grade)",Tajikistan,Bokhtar (Kurgonteppa),RETAIL,Kg,kg,0.38
2019-07-01,0.38,"Wheat (flour, first grade)",Tajikistan,Bokhtar (Kurgonteppa),RETAIL,Kg,kg,0.38
2019-08-01,0.39,"Wheat (flour, first grade)",Tajikistan,Bokhtar (Kurgonteppa),RETAIL,Kg,kg,0.39
2019-09-01,0.42,"Wheat (flour, first grade)",Tajikistan,Bokhtar (Kurgonteppa),RETAIL,Kg,kg,0.42
2019-10-01,0.43,"Wheat (flour, first grade)",Tajikistan,Bokhtar (Kurgonteppa),RETAIL,Kg,kg,0.43
2019-11-01,0.43,"Wheat (flour, first grade)",Tajikistan,Bokhtar (Kurgonteppa),RETAIL,Kg,kg,0.43
2019-12-01,0.43,"Wheat (flour, first grade)",Tajikistan,Bokhtar (Kurgonteppa),RETAIL,Kg,kg,0.43
2020-01-01,0.43,"Wheat (flour, first grade)",Tajikistan,Bokhtar (Kurgonteppa),RETAIL,Kg,kg,0.43
2020-02-01,0.43,"Wheat (flour, first grade)",Tajikistan,Bokhtar (Kurgonteppa),RETAIL,Kg,kg,0.43
2020-03-01,0.44,"Wheat (flour, first grade)",Tajikistan,Bokhtar (Kurgonteppa),RETAIL,Kg,kg,0.44
2020-04-01,0.48,"Wheat (flour, first grade)",Tajikistan,Bokhtar (Kurgonteppa),RETAIL,Kg,kg,0.48
2020-05-01,0.5,"Wheat (flour, first grade)",Tajikistan,Bokhtar (Kurgonteppa),RETAIL,Kg,kg,0.5
2020-06-01,0.48,"Wheat (flour, first grade)",Tajikistan,Bokhtar (Kurgonteppa),RETAIL,Kg,kg,0.48
2020-07-01,0.47,"Wheat (flour, first grade)",Tajikistan,Bokhtar (Kurgonteppa),RETAIL,Kg,kg,0.47
2020-08-01,0.47,"Wheat (flour, first grade)",Tajikistan,Bokhtar (Kurgonteppa),RETAIL,Kg,kg,0.47
2020-09-01,0.46,"Wheat (flour, first grade)",Tajikistan,Bokhtar (Kurgonteppa),RETAIL,Kg,kg,0.46
2020-10-01,0.47,"Wheat (flour, first grade)",Tajikistan,Bokhtar (Kurgonteppa),RETAIL,Kg,kg,0.47
2020-11-01,0.46,"Wheat (flour, first grade)",Tajikistan,Bokhtar (Kurgonteppa),RETAIL,Kg,kg,0.46
2020-12-01,0.43,"Wheat (flour, first grade)",Tajikistan,Bokhtar (Kurgonteppa),RETAIL,Kg,kg,0.43
2021-01-01,0.42,"Wheat (flour, first grade)",Tajikistan,Bokhtar (Kurgonteppa),RETAIL,Kg,kg,0.42
2021-02-01,0.42,"Wheat (flour, first grade)",Tajikistan,Bokhtar (Kurgonteppa),RETAIL,Kg,kg,0.42
2021-03-01,0.42,"Wheat (flour, first grade)",Tajikistan,Bokhtar (Kurgonteppa),RETAIL,Kg,kg,0.42
2021-04-01,0.42,"Wheat (flour, first grade)",Tajikistan,Bokhtar (Kurgonteppa),RETAIL,Kg,kg,0.42
2021-05-01,0.42,"Wheat (flour, first grade)",Tajikistan,Bokhtar (Kurgonteppa),RETAIL,Kg,kg,0.42
2021-06-01,0.41,"Wheat (flour, first grade)",Tajikistan,Bokhtar (Kurgonteppa),RETAIL,Kg,kg,0.41
2021-07-01,0.41,"Wheat (flour, first grade)",Tajikistan,Bokhtar (Kurgonteppa),RETAIL,Kg,kg,0.41
2021-08-01,0.43,"Wheat (flour, first grade)",Tajikistan,Bokhtar (Kurgonteppa),RETAIL,Kg,kg,0.43
2021-09-01,0.45,"Wheat (flour, first grade)",Tajikistan,Bokhtar (Kurgonteppa),RETAIL,Kg,kg,0.45
2021-10-01,0.48,"Wheat (flour, first grade)",Tajikistan,Bokhtar (Kurgonteppa),RETAIL,Kg,kg,0.48
2021-11-01,0.48,"Wheat (flour, first grade)",Tajikistan,Bokhtar (Kurgonteppa),RETAIL,Kg,kg,0.48
2021-12-01,0.48,"Wheat (flour, first grade)",Tajikistan,Bokhtar (Kurgonteppa),RETAIL,Kg,kg,0.48
2022-01-01,0.48,"Wheat (flour, first grade)",Tajikistan,Bokhtar (Kurgonteppa),RETAIL,Kg,kg,0.48
2022-02-01,0.49,"Wheat (flour, first grade)",Tajikistan,Bokhtar (Kurgonteppa),RETAIL,Kg,kg,0.49
2022-03-01,0.49,"Wheat (flour, first grade)",Tajikistan,Bokhtar (Kurgonteppa),RETAIL,Kg,kg,0.49
2022-04-01,0.54,"Wheat (flour, first grade)",Tajikistan,Bokhtar (Kurgonteppa),RETAIL,Kg,kg,0.54
2022-05-01,0.61,"Wheat (flour, first grade)",Tajikistan,Bokhtar (Kurgonteppa),RETAIL,Kg,kg,0.61
2022-06-01,0.68,"Wheat (flour, first grade)",Tajikistan,Bokhtar (Kurgonteppa),RETAIL,Kg,kg,0.68
2022-07-01,0.69,"Wheat (flour, first grade)",Tajikistan,Bokhtar (Kurgonteppa),RETAIL,Kg,kg,0.69
2022-08-01,0.68,"Wheat (flour, first grade)",Tajikistan,Bokhtar (Kurgonteppa),RETAIL,Kg,kg,0.68
2022-09-01,0.67,"Wheat (flour, first grade)",Tajikistan,Bokhtar (Kurgonteppa),RETAIL,Kg,kg,0.67
2022-10-01,0.64,"Wheat (flour, first grade)",Tajikistan,Bokhtar (Kurgonteppa),RETAIL,Kg,kg,0.64
2022-11-01,0.62,"Wheat (flour, first grade)",Tajikistan,Bokhtar (Kurgonteppa),RETAIL,Kg,kg,0.62
2022-12-01,0.56,"Wheat (flour, first grade)",Tajikistan,Bokhtar (Kurgonteppa),RETAIL,Kg,kg,0.56
2023-01-01,0.52,"Wheat (flour, first grade)",Tajikistan,Bokhtar (Kurgonteppa),RETAIL,Kg,kg,0.52
2023-02-01,0.51,"Wheat (flour, first grade)",Tajikistan,Bokhtar (Kurgonteppa),RETAIL,Kg,kg,0.51
2023-03-01,0.48,"Wheat (flour, first grade)",Tajikistan,Bokhtar (Kurgonteppa),RETAIL,Kg,kg,0.48
2023-04-01,0.47,"Wheat (flour, first grade)",Tajikistan,Bokhtar (Kurgonteppa),RETAIL,Kg,kg,0.47
2023-05-01,0.44,"Wheat (flour, first grade)",Tajikistan,Bokhtar (Kurgonteppa),RETAIL,Kg,kg,0.44
2023-06-01,0.42,"Wheat (flour, first grade)",Tajikistan,Bokhtar (Kurgonteppa),RETAIL,Kg,kg,0.42
2023-07-01,0.43,"Wheat (flour, first grade)",Tajikistan,Bokhtar (Kurgonteppa),RETAIL,Kg,kg,0.43
2023-08-01,0.46,"Wheat (flour, first grade)",Tajikistan,Bokhtar (Kurgonteppa),RETAIL,Kg,kg,0.46
2023-09-01,0.52,"Wheat (flour, first grade)",Tajikistan,Bokhtar (Kurgonteppa),RETAIL,Kg,kg,0.52
2023-10-01,0.57,"Wheat (flour, first grade)",Tajikistan,Bokhtar (Kurgonteppa),RETAIL,Kg,kg,0.57
2023-11-01,0.55,"Wheat (flour, first grade)",Tajikistan,Bokhtar (Kurgonteppa),RETAIL,Kg,kg,0.55
2023-12-01,0.52,"Wheat (flour, first grade)",Tajikistan,Bokhtar (Kurgonteppa),RETAIL,Kg,kg,0.52
2024-01-01,0.51,"Wheat (flour, first grade)",Tajikistan,Bokhtar (Kurgonteppa),RETAIL,Kg,kg,0.51
2024-02-01,0.5,"Wheat (flour, first grade)",Tajikistan,Bokhtar (Kurgonteppa),RETAIL,Kg,kg,0.5
2024-03-01,0.5,"Wheat (flour, first grade)",Tajikistan,Bokhtar (Kurgonteppa),RETAIL,Kg,kg,0.5
2024-04-01,0.5,"Wheat (flour, first grade)",Tajikistan,Bokhtar (Kurgonteppa),RETAIL,Kg,kg,0.5
2024-05-01,0.51,"Wheat (flour, first grade)",Tajikistan,Bokhtar (Kurgonteppa),RETAIL,Kg,kg,0.51
2024-06-01,0.51,"Wheat (flour, first grade)",Tajikistan,Bokhtar (Kurgonteppa),RETAIL,Kg,kg,0.51
2024-07-01,0.51,"Wheat (flour, first grade)",Tajikistan,Bokhtar (Kurgonteppa),RETAIL,Kg,kg,0.51
2024-08-01,0.5,"Wheat (flour, first grade)",Tajikistan,Bokhtar (Kurgonteppa),RETAIL,Kg,kg,0.5
2024-09-01,0.49,"Wheat (flour, first grade)",Tajikistan,Bokhtar (Kurgonteppa),RETAIL,Kg,kg,0.49
2024-10-01,0.49,"Wheat (flour, first grade)",Tajikistan,Bokhtar (Kurgonteppa),RETAIL,Kg,kg,0.49
2024-11-01,0.47,"Wheat (flour, first grade)",Tajikistan,Bokhtar (Kurgonteppa),RETAIL,Kg,kg,0.47
2024-12-01,0.48,"Wheat (flour, first grade)",Tajikistan,Bokhtar (Kurgonteppa),RETAIL,Kg,kg,0.48
2025-01-01,0.46,"Wheat (flour, first grade)",Tajikistan,Bokhtar (Kurgonteppa),RETAIL,Kg,kg,0.46
2025-02-01,0.45,"Wheat (flour, first grade)",Tajikistan,Bokhtar (Kurgonteppa),RETAIL,Kg,kg,0.45
2025-03-01,0.44,"Wheat (flour, first grade)",Tajikistan,Bokhtar (Kurgonteppa),RETAIL,Kg,kg,0.44
2025-04-01,0.45,"Wheat (flour, first grade)",Tajikistan,Bokhtar (Kurgonteppa),RETAIL,Kg,kg,0.45
2025-05-01,0.47,"Wheat (flour, first grade)",Tajikistan,Bokhtar (Kurgonteppa),RETAIL,Kg,kg,0.47
2025-06-01,0.49,"Wheat (flour, first grade)",Tajikistan,Bokhtar (Kurgonteppa),RETAIL,Kg,kg,0.49
2025-07-01,0.51,"Wheat (flour, first grade)",Tajikistan,Bokhtar (Kurgonteppa),RETAIL,Kg,kg,0.51
2025-08-01,0.52,"Wheat (flour, first grade)",Tajikistan,Bokhtar (Kurgonteppa),RETAIL,Kg,kg,0.52
2025-09-01,0.52,"Wheat (flour, first grade)",Tajikistan,Bokhtar (Kurgonteppa),RETAIL,Kg,kg,0.52
2025-10-01,0.52,"Wheat (flour, first grade)",Tajikistan,Bokhtar (Kurgonteppa),RETAIL,Kg,kg,0.52
2014-12-01,0.64,"Wheat (flour, first grade)",Tajikistan,Dushanbe,RETAIL,Kg,kg,0.64
2015-01-01,0.6,"Wheat (flour, first grade)",Tajikistan,Dushanbe,RETAIL,Kg,kg,0.6
2015-02-01,0.6,"Wheat (flour, first grade)",Tajikistan,Dushanbe,RETAIL,Kg,kg,0.6
2015-03-01,0.61,"Wheat (flour, first grade)",Tajikistan,Dushanbe,RETAIL,Kg,kg,0.61
2015-04-01,0.53,"Wheat (flour, first grade)",Tajikistan,Dushanbe,RETAIL,Kg,kg,0.53
2015-05-01,0.52,"Wheat (flour, first grade)",Tajikistan,Dushanbe,RETAIL,Kg,kg,0.52
2015-06-01,0.53,"Wheat (flour, first grade)",Tajikistan,Dushanbe,RETAIL,Kg,kg,0.53
2015-07-01,0.53,"Wheat (flour, first grade)",Tajikistan,Dushanbe,RETAIL,Kg,kg,0.53
2015-08-01,0.55,"Wheat (flour, first grade)",Tajikistan,Dushanbe,RETAIL,Kg,kg,0.55
2015-09-01,0.55,"Wheat (flour, first grade)",Tajikistan,Dushanbe,RETAIL,Kg,kg,0.55
2015-10-01,0.53,"Wheat (flour, first grade)",Tajikistan,Dushanbe,RETAIL,Kg,kg,0.53
2015-11-01,0.49,"Wheat (flour, first grade)",Tajikistan,Dushanbe,RETAIL,Kg,kg,0.49
2015-12-01,0.48,"Wheat (flour, first grade)",Tajikistan,Dushanbe,RETAIL,Kg,kg,0.48
2016-01-01,0.46,"Wheat (flour, first grade)",Tajikistan,Dushanbe,RETAIL,Kg,kg,0.46
2016-02-01,0.43,"Wheat (flour, first grade)",Tajikistan,Dushanbe,RETAIL,Kg,kg,0.43
2016-03-01,0.4,"Wheat (flour, first grade)",Tajikistan,Dushanbe,RETAIL,Kg,kg,0.4
2016-04-01,0.39,"Wheat (flour, first grade)",Tajikistan,Dushanbe,RETAIL,Kg,kg,0.39
2016-05-01,0.4,"Wheat (flour, first grade)",Tajikistan,Dushanbe,RETAIL,Kg,kg,0.4
2016-06-01,0.4,"Wheat (flour, first grade)",Tajikistan,Dushanbe,RETAIL,Kg,kg,0.4
2016-07-01,0.39,"Wheat (flour, first grade)",Tajikistan,Dushanbe,RETAIL,Kg,kg,0.39
2016-08-01,0.4,"Wheat (flour, first grade)",Tajikistan,Dushanbe,RETAIL,Kg,kg,0.4
2016-09-01,0.39,"Wheat (flour, first grade)",Tajikistan,Dushanbe,RETAIL,Kg,kg,0.39
2016-10-01,0.4,"Wheat (flour, first grade)",Tajikistan,Dushanbe,RETAIL,Kg,kg,0.4
2016-11-01,0.4,"Wheat (flour, first grade)",Tajikistan,Dushanbe,RETAIL,Kg,kg,0.4
2016-12-01,0.39,"Wheat (flour, first grade)",Tajikistan,Dushanbe,RETAIL,Kg,kg,0.39
2017-01-01,0.39,"Wheat (flour, first grade)",Tajikistan,Dushanbe,RETAIL,Kg,kg,0.39
2017-02-01,0.39,"Wheat (flour, first grade)",Tajikistan,Dushanbe,RETAIL,Kg,kg,0.39
2017-03-01,0.38,"Wheat (flour, first grade)",Tajikistan,Dushanbe,RETAIL,Kg,kg,0.38
2017-04-01,0.37,"Wheat (flour, first grade)",Tajikistan,Dushanbe,RETAIL,Kg,kg,0.37
2017-05-01,0.38,"Wheat (flour, first grade)",Tajikistan,Dushanbe,RETAIL,Kg,kg,0.38
2017-06-01,0.36,"Wheat (flour, first grade)",Tajikistan,Dushanbe,RETAIL,Kg,kg,0.36
2017-07-01,0.36,"Wheat (flour, first grade)",Tajikistan,Dushanbe,RETAIL,Kg,kg,0.36
2017-08-01,0.36,"Wheat (flour, first grade)",Tajikistan,Dushanbe,RETAIL,Kg,kg,0.36
2017-09-01,0.35,"Wheat (flour, first grade)",Tajikistan,Dushanbe,RETAIL,Kg,kg,0.35
2017-10-01,0.36,"Wheat (flour, first grade)",Tajikistan,Dushanbe,RETAIL,Kg,kg,0.36
2017-11-01,0.36,"Wheat (flour, first grade)",Tajikistan,Dushanbe,RETAIL,Kg,kg,0.36
2017-12-01,0.36,"Wheat (flour, first grade)",Tajikistan,Dushanbe,RETAIL,Kg,kg,0.36
2018-01-01,0.36,"Wheat (flour, first grade)",Tajikistan,Dushanbe,RETAIL,Kg,kg,0.36
2018-02-01,0.35,"Wheat (flour, first grade)",Tajikistan,Dushanbe,RETAIL,Kg,kg,0.35
2018-03-01,0.34,"Wheat (flour, first grade)",Tajikistan,Dushanbe,RETAIL,Kg,kg,0.34
2018-04-01,0.33,"Wheat (flour, first grade)",Tajikistan,Dushanbe,RETAIL,Kg,kg,0.33
2018-05-01,0.33,"Wheat (flour, first grade)",Tajikistan,Dushanbe,RETAIL,Kg,kg,0.33
2018-06-01,0.33,"Wheat (flour, first grade)",Tajikistan,Dushanbe,RETAIL,Kg,kg,0.33
2018-07-01,0.32,"Wheat (flour, first grade)",Tajikistan,Dushanbe,RETAIL,Kg,kg,0.32
2018-08-01,0.33,"Wheat (flour, first grade)",Tajikistan,Dushanbe,RETAIL,Kg,kg,0.33
2018-09-01,0.34,"Wheat (flour, first grade)",Tajikistan,Dushanbe,RETAIL,Kg,kg,0.34
2018-10-01,0.36,"Wheat (flour, first grade)",Tajikistan,Dushanbe,RETAIL,Kg,kg,0.36
2018-11-01,0.36,"Wheat (flour, first grade)",Tajikistan,Dushanbe,RETAIL,Kg,kg,0.36
2018-12-01,0.37,"Wheat (flour, first grade)",Tajikistan,Dushanbe,RETAIL,Kg,kg,0.37
2019-01-01,0.37,"Wheat (flour, first grade)",Tajikistan,Dushanbe,RETAIL,Kg,kg,0.37
2019-02-01,0.38,"Wheat (flour, first grade)",Tajikistan,Dushanbe,RETAIL,Kg,kg,0.38
2019-03-01,0.38,"Wheat (flour, first grade)",Tajikistan,Dushanbe,RETAIL,Kg,kg,0.38
2019-04-01,0.38,"Wheat (flour, first grade)",Tajikistan,Dushanbe,RETAIL,Kg,kg,0.38
2019-05-01,0.38,"Wheat (flour, first grade)",Tajikistan,Dushanbe,RETAIL,Kg,kg,0.38
2019-06-01,0.37,"Wheat (flour, first grade)",Tajikistan,Dushanbe,RETAIL,Kg,kg,0.37
2019-07-01,0.39,"Wheat (flour, first grade)",Tajikistan,Dushanbe,RETAIL,Kg,kg,0.39
2019-08-01,0.39,"Wheat (flour, first grade)",Tajikistan,Dushanbe,RETAIL,Kg,kg,0.39
2019-09-01,0.42,"Wheat (flour, first grade)",Tajikistan,Dushanbe,RETAIL,Kg,kg,0.42
2019-10-01,0.43,"Wheat (flour, first grade)",Tajikistan,Dushanbe,RETAIL,Kg,kg,0.43
2019-11-01,0.44,"Wheat (flour, first grade)",Tajikistan,Dushanbe,RETAIL,Kg,kg,0.44
2019-12-01,0.44,"Wheat (flour, first grade)",Tajikistan,Dushanbe,RETAIL,Kg,kg,0.44
2020-01-01,0.42,"Wheat (flour, first grade)",Tajikistan,Dushanbe,RETAIL,Kg,kg,0.42
2020-02-01,0.42,"Wheat (flour, first grade)",Tajikistan,Dushanbe,RETAIL,Kg,kg,0.42
2020-03-01,0.43,"Wheat (flour, first grade)",Tajikistan,Dushanbe,RETAIL,Kg,kg,0.43
2020-04-01,0.46,"Wheat (flour, first grade)",Tajikistan,Dushanbe,RETAIL,Kg,kg,0.46
2020-05-01,0.48,"Wheat (flour, first grade)",Tajikistan,Dushanbe,RETAIL,Kg,kg,0.48
2020-06-01,0.46,"Wheat (flour, first grade)",Tajikistan,Dushanbe,RETAIL,Kg,kg,0.46
2020-07-01,0.45,"Wheat (flour, first grade)",Tajikistan,Dushanbe,RETAIL,Kg,kg,0.45
2020-08-01,0.44,"Wheat (flour, first grade)",Tajikistan,Dushanbe,RETAIL,Kg,kg,0.44
2020-09-01,0.45,"Wheat (flour, first grade)",Tajikistan,Dushanbe,RETAIL,Kg,kg,0.45
2020-10-01,0.45,"Wheat (flour, first grade)",Tajikistan,Dushanbe,RETAIL,Kg,kg,0.45
2020-11-01,0.44,"Wheat (flour, first grade)",Tajikistan,Dushanbe,RETAIL,Kg,kg,0.44
2020-12-01,0.43,"Wheat (flour, first grade)",Tajikistan,Dushanbe,RETAIL,Kg,kg,0.43
2021-01-01,0.42,"Wheat (flour, first grade)",Tajikistan,Dushanbe,RETAIL,Kg,kg,0.42
2021-02-01,0.42,"Wheat (flour, first grade)",Tajikistan,Dushanbe,RETAIL,Kg,kg,0.42
2021-03-01,0.42,"Wheat (flour, first grade)",Tajikistan,Dushanbe,RETAIL,Kg,kg,0.42
2021-04-01,0.42,"Wheat (flour, first grade)",Tajikistan,Dushanbe,RETAIL,Kg,kg,0.42
2021-05-01,0.41,"Wheat (flour, first grade)",Tajikistan,Dushanbe,RETAIL,Kg,kg,0.41
2021-06-01,0.4,"Wheat (flour, first grade)",Tajikistan,Dushanbe,RETAIL,Kg,kg,0.4
2021-07-01,0.4,"Wheat (flour, first grade)",Tajikistan,Dushanbe,RETAIL,Kg,kg,0.4
2021-08-01,0.43,"Wheat (flour, first grade)",Tajikistan,Dushanbe,RETAIL,Kg,kg,0.43
2021-09-01,0.44,"Wheat (flour, first grade)",Tajikistan,Dushanbe,RETAIL,Kg,kg,0.44
2021-10-01,0.45,"Wheat (flour, first grade)",Tajikistan,Dushanbe,RETAIL,Kg,kg,0.45
2021-11-01,0.48,"Wheat (flour, first grade)",Tajikistan,Dushanbe,RETAIL,Kg,kg,0.48
2021-12-01,0.48,"Wheat (flour, first grade)",Tajikistan,Dushanbe,RETAIL,Kg,kg,0.48
2022-01-01,0.48,"Wheat (flour, first grade)",Tajikistan,Dushanbe,RETAIL,Kg,kg,0.48
2022-02-01,0.49,"Wheat (flour, first grade)",Tajikistan,Dushanbe,RETAIL,Kg,kg,0.49
2022-03-01,0.47,"Wheat (flour, first grade)",Tajikistan,Dushanbe,RETAIL,Kg,kg,0.47
2022-04-01,0.52,"Wheat (flour, first grade)",Tajikistan,Dushanbe,RETAIL,Kg,kg,0.52
2022-05-01,0.57,"Wheat (flour, first grade)",Tajikistan,Dushanbe,RETAIL,Kg,kg,0.57
2022-06-01,0.66,"Wheat (flour, first grade)",Tajikistan,Dushanbe,RETAIL,Kg,kg,0.66
2022-07-01,0.68,"Wheat (flour, first grade)",Tajikistan,Dushanbe,RETAIL,Kg,kg,0.68
2022-08-01,0.64,"Wheat (flour, first grade)",Tajikistan,Dushanbe,RETAIL,Kg,kg,0.64
2022-09-01,0.6,"Wheat (flour, first grade)",Tajikistan,Dushanbe,RETAIL,Kg,kg,0.6
2022-10-01,0.59,"Wheat (flour, first grade)",Tajikistan,Dushanbe,RETAIL,Kg,kg,0.59
2022-11-01,0.59,"Wheat (flour, first grade)",Tajikistan,Dushanbe,RETAIL,Kg,kg,0.59
2022-12-01,0.57,"Wheat (flour, first grade)",Tajikistan,Dushanbe,RETAIL,Kg,kg,0.57
2023-01-01,0.53,"Wheat (flour, first grade)",Tajikistan,Dushanbe,RETAIL,Kg,kg,0.53
2023-02-01,0.49,"Wheat (flour, first grade)",Tajikistan,Dushanbe,RETAIL,Kg,kg,0.49
2023-03-01,0.48,"Wheat (flour, first grade)",Tajikistan,Dushanbe,RETAIL,Kg,kg,0.48
2023-04-01,0.48,"Wheat (flour, first grade)",Tajikistan,Dushanbe,RETAIL,Kg,kg,0.48
2023-05-01,0.46,"Wheat (flour, first grade)",Tajikistan,Dushanbe,RETAIL,Kg,kg,0.46
2023-06-01,0.44,"Wheat (flour, first grade)",Tajikistan,Dushanbe,RETAIL,Kg,kg,0.44
2023-07-01,0.43,"Wheat (flour, first grade)",Tajikistan,Dushanbe,RETAIL,Kg,kg,0.43
2023-08-01,0.45,"Wheat (flour, first grade)",Tajikistan,Dushanbe,RETAIL,Kg,kg,0.45
2023-09-01,0.5,"Wheat (flour, first grade)",Tajikistan,Dushanbe,RETAIL,Kg,kg,0.5
2023-10-01,0.54,"Wheat (flour, first grade)",Tajikistan,Dushanbe,RETAIL,Kg,kg,0.54
2023-11-01,0.53,"Wheat (flour, first grade)",Tajikistan,Dushanbe,RETAIL,Kg,kg,0.53
2023-12-01,0.52,"Wheat (flour, first grade)",Tajikistan,Dushanbe,RETAIL,Kg,kg,0.52
2024-01-01,0.51,"Wheat (flour, first grade)",Tajikistan,Dushanbe,RETAIL,Kg,kg,0.51
2024-02-01,0.5,"Wheat (flour, first grade)",Tajikistan,Dushanbe,RETAIL,Kg,kg,0.5
2024-03-01,0.5,"Wheat (flour, first grade)",Tajikistan,Dushanbe,RETAIL,Kg,kg,0.5
2024-04-01,0.5,"Wheat (flour, first grade)",Tajikistan,Dushanbe,RETAIL,Kg,kg,0.5
2024-05-01,0.5,"Wheat (flour, first grade)",Tajikistan,Dushanbe,RETAIL,Kg,kg,0.5
2024-06-01,0.5,"Wheat (flour, first grade)",Tajikistan,Dushanbe,RETAIL,Kg,kg,0.5
2024-07-01,0.51,"Wheat (flour, first grade)",Tajikistan,Dushanbe,RETAIL,Kg,kg,0.51
2024-08-01,0.52,"Wheat (flour, first grade)",Tajikistan,Dushanbe,RETAIL,Kg,kg,0.52
2024-09-01,0.55,"Wheat (flour, first grade)",Tajikistan,Dushanbe,RETAIL,Kg,kg,0.55
2024-10-01,0.51,"Wheat (flour, first grade)",Tajikistan,Dushanbe,RETAIL,Kg,kg,0.51
2024-11-01,0.49,"Wheat (flour, first grade)",Tajikistan,Dushanbe,RETAIL,Kg,kg,0.49
2024-12-01,0.47,"Wheat (flour, first grade)",Tajikistan,Dushanbe,RETAIL,Kg,kg,0.47
2025-01-01,0.46,"Wheat (flour, first grade)",Tajikistan,Dushanbe,RETAIL,Kg,kg,0.46
2025-02-01,0.45,"Wheat (flour, first grade)",Tajikistan,Dushanbe,RETAIL,Kg,kg,0.45
2025-03-01,0.44,"Wheat (flour, first grade)",Tajikistan,Dushanbe,RETAIL,Kg,kg,0.44
2025-04-01,0.44,"Wheat (flour, first grade)",Tajikistan,Dushanbe,RETAIL,Kg,kg,0.44
2025-05-01,0.47,"Wheat (flour, first grade)",Tajikistan,Dushanbe,RETAIL,Kg,kg,0.47
2025-06-01,0.47,"Wheat (flour, first grade)",Tajikistan,Dushanbe,RETAIL,Kg,kg,0.47
2025-07-01,0.49,"Wheat (flour, first grade)",Tajikistan,Dushanbe,RETAIL,Kg,kg,0.49
2025-08-01,0.5,"Wheat (flour, first grade)",Tajikistan,Dushanbe,RETAIL,Kg,kg,0.5
2025-09-01,0.5,"Wheat (flour, first grade)",Tajikistan,Dushanbe,RETAIL,Kg,kg,0.5
2025-10-01,0.51,"Wheat (flour, first grade)",Tajikistan,Dushanbe,RETAIL,Kg,kg,0.51
2010-01-01,0.41,"Wheat (flour, first grade)",Tajikistan,Khatlon,RETAIL,Kg,kg,0.41
2010-02-01,0.41,"Wheat (flour, first grade)",Tajikistan,Khatlon,RETAIL,Kg,kg,0.41
2010-03-01,0.41,"Wheat (flour, first grade)",Tajikistan,Khatlon,RETAIL,Kg,kg,0.41
2010-04-01,0.41,"Wheat (flour, first grade)",Tajikistan,Khatlon,RETAIL,Kg,kg,0.41
2010-05-01,0.41,"Wheat (flour, first grade)",Tajikistan,Khatlon,RETAIL,Kg,kg,0.41
2010-06-01,0.41,"Wheat (flour, first grade)",Tajikistan,Khatlon,RETAIL,Kg,kg,0.41
2010-07-01,0.43,"Wheat (flour, first grade)",Tajikistan,Khatlon,RETAIL,Kg,kg,0.43
2010-08-01,0.46,"Wheat (flour, first grade)",Tajikistan,Khatlon,RETAIL,Kg,kg,0.46
2010-09-01,0.52,"Wheat (flour, first grade)",Tajikistan,Khatlon,RETAIL,Kg,kg,0.52
2010-10-01,0.57,"Wheat (flour, first grade)",Tajikistan,Khatlon,RETAIL,Kg,kg,0.57
2010-11-01,0.57,"Wheat (flour, first grade)",Tajikistan,Khatlon,RETAIL,Kg,kg,0.57
2010-12-01,0.57,"Wheat (flour, first grade)",Tajikistan,Khatlon,RETAIL,Kg,kg,0.57
2011-01-01,0.56,"Wheat (flour, first grade)",Tajikistan,Khatlon,RETAIL,Kg,kg,0.56
2011-02-01,0.59,"Wheat (flour, first grade)",Tajikistan,Khatlon,RETAIL,Kg,kg,0.59
2011-03-01,0.61,"Wheat (flour, first grade)",Tajikistan,Khatlon,RETAIL,Kg,kg,0.61
2011-04-01,0.6,"Wheat (flour, first grade)",Tajikistan,Khatlon,RETAIL,Kg,kg,0.6
2011-05-01,0.6,"Wheat (flour, first grade)",Tajikistan,Khatlon,RETAIL,Kg,kg,0.6
2011-06-01,0.6,"Wheat (flour, first grade)",Tajikistan,Khatlon,RETAIL,Kg,kg,0.6
2011-07-01,0.6,"Wheat (flour, first grade)",Tajikistan,Khatlon,RETAIL,Kg,kg,0.6
2011-08-01,0.59,"Wheat (flour, first grade)",Tajikistan,Khatlon,RETAIL,Kg,kg,0.59
2011-09-01,0.58,"Wheat (flour, first grade)",Tajikistan,Khatlon,RETAIL,Kg,kg,0.58
2011-10-01,0.55,"Wheat (flour, first grade)",Tajikistan,Khatlon,RETAIL,Kg,kg,0.55
2011-11-01,0.54,"Wheat (flour, first grade)",Tajikistan,Khatlon,RETAIL,Kg,kg,0.54
2011-12-01,,"Wheat (flour, first grade)",Tajikistan,Khatlon,RETAIL,Kg,kg,
2012-01-01,0.53,"Wheat (flour, first grade)",Tajikistan,Khatlon,RETAIL,Kg,kg,0.53
2012-02-01,0.51,"Wheat (flour, first grade)",Tajikistan,Khatlon,RETAIL,Kg,kg,0.51
2012-03-01,0.48,"Wheat (flour, first grade)",Tajikistan,Khatlon,RETAIL,Kg,kg,0.48
2012-04-01,0.48,"Wheat (flour, first grade)",Tajikistan,Khatlon,RETAIL,Kg,kg,0.48
2012-05-01,0.47,"Wheat (flour, first grade)",Tajikistan,Khatlon,RETAIL,Kg,kg,0.47
2012-06-01,0.47,"Wheat (flour, first grade)",Tajikistan,Khatlon,RETAIL,Kg,kg,0.47
2012-07-01,0.51,"Wheat (flour, first grade)",Tajikistan,Khatlon,RETAIL,Kg,kg,0.51
2012-08-01,0.59,"Wheat (flour, first grade)",Tajikistan,Khatlon,RETAIL,Kg,kg,0.59
2012-09-01,0.67,"Wheat (flour, first grade)",Tajikistan,Khatlon,RETAIL,Kg,kg,0.67
2012-10-01,0.69,"Wheat (flour, first grade)",Tajikistan,Khatlon,RETAIL,Kg,kg,0.69
2012-11-01,0.74,"Wheat (flour, first grade)",Tajikistan,Khatlon,RETAIL,Kg,kg,0.74
2012-12-01,0.69,"Wheat (flour, first grade)",Tajikistan,Khatlon,RETAIL,Kg,kg,0.69
2013-01-01,0.69,"Wheat (flour, first grade)",Tajikistan,Khatlon,RETAIL,Kg,kg,0.69
2013-02-01,0.69,"Wheat (flour, first grade)",Tajikistan,Khatlon,RETAIL,Kg,kg,0.69
2013-03-01,0.68,"Wheat (flour, first grade)",Tajikistan,Khatlon,RETAIL,Kg,kg,0.68
2013-04-01,0.66,"Wheat (flour, first grade)",Tajikistan,Khatlon,RETAIL,Kg,kg,0.66
2013-05-01,0.64,"Wheat (flour, first grade)",Tajikistan,Khatlon,RETAIL,Kg,kg,0.64
2013-06-01,0.62,"Wheat (flour, first grade)",Tajikistan,Khatlon,RETAIL,Kg,kg,0.62
2013-07-01,0.62,"Wheat (flour, first grade)",Tajikistan,Khatlon,RETAIL,Kg,kg,0.62
2013-08-01,0.63,"Wheat (flour, first grade)",Tajikistan,Khatlon,RETAIL,Kg,kg,0.63
2013-09-01,0.63,"Wheat (flour, first grade)",Tajikistan,Khatlon,RETAIL,Kg,kg,0.63
2013-10-01,0.63,"Wheat (flour, first grade)",Tajikistan,Khatlon,RETAIL,Kg,kg,0.63
2013-11-01,0.63,"Wheat (flour, first grade)",Tajikistan,Khatlon,RETAIL,Kg,kg,0.63
2013-12-01,0.62,"Wheat (flour, first grade)",Tajikistan,Khatlon,RETAIL,Kg,kg,0.62
2014-01-01,0.59,"Wheat (flour, first grade)",Tajikistan,Khatlon,RETAIL,Kg,kg,0.59
2014-02-01,0.57,"Wheat (flour, first grade)",Tajikistan,Khatlon,RETAIL,Kg,kg,0.57
2014-03-01,0.56,"Wheat (flour, first grade)",Tajikistan,Khatlon,RETAIL,Kg,kg,0.56
2014-04-01,0.56,"Wheat (flour, first grade)",Tajikistan,Khatlon,RETAIL,Kg,kg,0.56
2014-05-01,0.56,"Wheat (flour, first grade)",Tajikistan,Khatlon,RETAIL,Kg,kg,0.56
2014-06-01,0.58,"Wheat (flour, first grade)",Tajikistan,Khatlon,RETAIL,Kg,kg,0.58
2014-07-01,0.58,"Wheat (flour, first grade)",Tajikistan,Khatlon,RETAIL,Kg,kg,0.58
2014-08-01,0.58,"Wheat (flour, first grade)",Tajikistan,Khatlon,RETAIL,Kg,kg,0.58
2014-09-01,0.59,"Wheat (flour, first grade)",Tajikistan,Khatlon,RETAIL,Kg,kg,0.59
2014-10-01,0.59,"Wheat (flour, first grade)",Tajikistan,Khatlon,RETAIL,Kg,kg,0.59
2014-11-01,0.61,"Wheat (flour, first grade)",Tajikistan,Khatlon,RETAIL,Kg,kg,0.61
2014-12-01,0.64,"Wheat (flour, first grade)",Tajikistan,Khatlon,RETAIL,Kg,kg,0.64
2015-01-01,0.6,"Wheat (flour, first grade)",Tajikistan,Khatlon,RETAIL,Kg,kg,0.6
2015-02-01,0.6,"Wheat (flour, first grade)",Tajikistan,Khatlon,RETAIL,Kg,kg,0.6
2015-03-01,0.6,"Wheat (flour, first grade)",Tajikistan,Khatlon,RETAIL,Kg,kg,0.6
2015-04-01,0.56,"Wheat (flour, first grade)",Tajikistan,Khatlon,RETAIL,Kg,kg,0.56
2015-05-01,0.55,"Wheat (flour, first grade)",Tajikistan,Khatlon,RETAIL,Kg,kg,0.55
2015-06-01,0.54,"Wheat (flour, first grade)",Tajikistan,Khatlon,RETAIL,Kg,kg,0.54
2015-07-01,0.56,"Wheat (flour, first grade)",Tajikistan,Khatlon,RETAIL,Kg,kg,0.56
2015-08-01,0.56,"Wheat (flour, first grade)",Tajikistan,Khatlon,RETAIL,Kg,kg,0.56
2015-09-01,0.55,"Wheat (flour, first grade)",Tajikistan,Khatlon,RETAIL,Kg,kg,0.55
2015-10-01,0.53,"Wheat (flour, first grade)",Tajikistan,Khatlon,RETAIL,Kg,kg,0.53
2015-11-01,0.53,"Wheat (flour, first grade)",Tajikistan,Khatlon,RETAIL,Kg,kg,0.53
2015-12-01,0.51,"Wheat (flour, first grade)",Tajikistan,Khatlon,RETAIL,Kg,kg,0.51
2016-01-01,0.48,"Wheat (flour, first grade)",Tajikistan,Khatlon,RETAIL,Kg,kg,0.48
2016-02-01,0.45,"Wheat (flour, first grade)",Tajikistan,Khatlon,RETAIL,Kg,kg,0.45
2016-03-01,0.44,"Wheat (flour, first grade)",Tajikistan,Khatlon,RETAIL,Kg,kg,0.44
2016-04-01,0.44,"Wheat (flour, first grade)",Tajikistan,Khatlon,RETAIL,Kg,kg,0.44
2016-05-01,0.44,"Wheat (flour, first grade)",Tajikistan,Khatlon,RETAIL,Kg,kg,0.44
2016-06-01,0.44,"Wheat (flour, first grade)",Tajikistan,Khatlon,RETAIL,Kg,kg,0.44
2016-07-01,0.44,"Wheat (flour, first grade)",Tajikistan,Khatlon,RETAIL,Kg,kg,0.44
2016-08-01,0.44,"Wheat (flour, first grade)",Tajikistan,Khatlon,RETAIL,Kg,kg,0.44
2016-09-01,0.44,"Wheat (flour, first grade)",Tajikistan,Khatlon,RETAIL,Kg,kg,0.44
2016-10-01,0.44,"Wheat (flour, first grade)",Tajikistan,Khatlon,RETAIL,Kg,kg,0.44
2016-11-01,0.44,"Wheat (flour, first grade)",Tajikistan,Khatlon,RETAIL,Kg,kg,0.44
2016-12-01,0.44,"Wheat (flour, first grade)",Tajikistan,Khatlon,RETAIL,Kg,kg,0.44
2017-01-01,0.44,"Wheat (flour, first grade)",Tajikistan,Khatlon,RETAIL,Kg,kg,0.44
2017-02-01,0.44,"Wheat (flour, first grade)",Tajikistan,Khatlon,RETAIL,Kg,kg,0.44
2017-03-01,0.42,"Wheat (flour, first grade)",Tajikistan,Khatlon,RETAIL,Kg,kg,0.42
2017-04-01,0.4,"Wheat (flour, first grade)",Tajikistan,Khatlon,RETAIL,Kg,kg,0.4
2017-05-01,0.4,"Wheat (flour, first grade)",Tajikistan,Khatlon,RETAIL,Kg,kg,0.4
2017-06-01,0.39,"Wheat (flour, first grade)",Tajikistan,Khatlon,RETAIL,Kg,kg,0.39
2017-07-01,0.39,"Wheat (flour, first grade)",Tajikistan,Khatlon,RETAIL,Kg,kg,0.39
2017-08-01,0.39,"Wheat (flour, first grade)",Tajikistan,Khatlon,RETAIL,Kg,kg,0.39
2017-09-01,0.39,"Wheat (flour, first grade)",Tajikistan,Khatlon,RETAIL,Kg,kg,0.39
2017-10-01,0.39,"Wheat (flour, first grade)",Tajikistan,Khatlon,RETAIL,Kg,kg,0.39
2017-11-01,0.39,"Wheat (flour, first grade)",Tajikistan,Khatlon,RETAIL,Kg,kg,0.39
2017-12-01,0.39,"Wheat (flour, first grade)",Tajikistan,Khatlon,RETAIL,Kg,kg,0.39
2018-01-01,0.39,"Wheat (flour, first grade)",Tajikistan,Khatlon,RETAIL,Kg,kg,0.39
2018-02-01,0.39,"Wheat (flour, first grade)",Tajikistan,Khatlon,RETAIL,Kg,kg,0.39
2018-03-01,0.39,"Wheat (flour, first grade)",Tajikistan,Khatlon,RETAIL,Kg,kg,0.39
2018-04-01,0.38,"Wheat (flour, first grade)",Tajikistan,Khatlon,RETAIL,Kg,kg,0.38
2018-05-01,0.38,"Wheat (flour, first grade)",Tajikistan,Khatlon,RETAIL,Kg,kg,0.38
2018-06-01,0.37,"Wheat (flour, first grade)",Tajikistan,Khatlon,RETAIL,Kg,kg,0.37
2018-07-01,0.36,"Wheat (flour, first grade)",Tajikistan,Khatlon,RETAIL,Kg,kg,0.36
2018-08-01,0.36,"Wheat (flour, first grade)",Tajikistan,Khatlon,RETAIL,Kg,kg,0.36
2018-09-01,0.36,"Wheat (flour, first grade)",Tajikistan,Khatlon,RETAIL,Kg,kg,0.36
2018-10-01,0.37,"Wheat (flour, first grade)",Tajikistan,Khatlon,RETAIL,Kg,kg,0.37
2018-11-01,0.38,"Wheat (flour, first grade)",Tajikistan,Khatlon,RETAIL,Kg,kg,0.38
2018-12-01,0.38,"Wheat (flour, first grade)",Tajikistan,Khatlon,RETAIL,Kg,kg,0.38
2019-01-01,0.38,"Wheat (flour, first grade)",Tajikistan,Khatlon,RETAIL,Kg,kg,0.38
2019-02-01,0.4,"Wheat (flour, first grade)",Tajikistan,Khatlon,RETAIL,Kg,kg,0.4
2019-03-01,0.4,"Wheat (flour, first grade)",Tajikistan,Khatlon,RETAIL,Kg,kg,0.4
2019-04-01,0.41,"Wheat (flour, first grade)",Tajikistan,Khatlon,RETAIL,Kg,kg,0.41
2019-05-01,0.41,"Wheat (flour, first grade)",Tajikistan,Khatlon,RETAIL,Kg,kg,0.41
2019-06-01,0.41,"Wheat (flour, first grade)",Tajikistan,Khatlon,RETAIL,Kg,kg,0.41
2019-07-01,0.41,"Wheat (flour, first grade)",Tajikistan,Khatlon,RETAIL,Kg,kg,0.41
2019-08-01,0.41,"Wheat (flour, first grade)",Tajikistan,Khatlon,RETAIL,Kg,kg,0.41
2019-09-01,0.42,"Wheat (flour, first grade)",Tajikistan,Khatlon,RETAIL,Kg,kg,0.42
2019-10-01,0.44,"Wheat (flour, first grade)",Tajikistan,Khatlon,RETAIL,Kg,kg,0.44
2019-11-01,0.44,"Wheat (flour, first grade)",Tajikistan,Khatlon,RETAIL,Kg,kg,0.44
2019-12-01,0.44,"Wheat (flour, first grade)",Tajikistan,Khatlon,RETAIL,Kg,kg,0.44
2020-01-01,0.44,"Wheat (flour, first grade)",Tajikistan,Khatlon,RETAIL,Kg,kg,0.44
2020-02-01,,"Wheat (flour, first grade)",Tajikistan,Khatlon,RETAIL,Kg,kg,
2020-03-01,0.43,"Wheat (flour, first grade)",Tajikistan,Khatlon,RETAIL,Kg,kg,0.43
2020-04-01,0.42,"Wheat (flour, first grade)",Tajikistan,Khatlon,RETAIL,Kg,kg,0.42
2020-05-01,0.52,"Wheat (flour, first grade)",Tajikistan,Khatlon,RETAIL,Kg,kg,0.52
2020-06-01,0.51,"Wheat (flour, first grade)",Tajikistan,Khatlon,RETAIL,Kg,kg,0.51
2020-07-01,0.51,"Wheat (flour, first grade)",Tajikistan,Khatlon,RETAIL,Kg,kg,0.51
2020-08-01,0.51,"Wheat (flour, first grade)",Tajikistan,Khatlon,RETAIL,Kg,kg,0.51
2020-09-01,0.51,"Wheat (flour, first grade)",Tajikistan,Khatlon,RETAIL,Kg,kg,0.51
2020-10-01,0.5,"Wheat (flour, first grade)",Tajikistan,Khatlon,RETAIL,Kg,kg,0.5
2020-11-01,0.46,"Wheat (flour, first grade)",Tajikistan,Khatlon,RETAIL,Kg,kg,0.46
2020-12-01,0.46,"Wheat (flour, first grade)",Tajikistan,Khatlon,RETAIL,Kg,kg,0.46
2021-01-01,0.46,"Wheat (flour, first grade)",Tajikistan,Khatlon,RETAIL,Kg,kg,0.46
2021-02-01,0.46,"Wheat (flour, first grade)",Tajikistan,Khatlon,RETAIL,Kg,kg,0.46
2021-03-01,0.46,"Wheat (flour, first grade)",Tajikistan,Khatlon,RETAIL,Kg,kg,0.46
2021-04-01,0.45,"Wheat (flour, first grade)",Tajikistan,Khatlon,RETAIL,Kg,kg,0.45
2021-05-01,0.45,"Wheat (flour, first grade)",Tajikistan,Khatlon,RETAIL,Kg,kg,0.45
2021-06-01,0.44,"Wheat (flour, first grade)",Tajikistan,Khatlon,RETAIL,Kg,kg,0.44
2021-07-01,0.43,"Wheat (flour, first grade)",Tajikistan,Khatlon,RETAIL,Kg,kg,0.43
2021-08-01,0.44,"Wheat (flour, first grade)",Tajikistan,Khatlon,RETAIL,Kg,kg,0.44
2021-09-01,0.48,"Wheat (flour, first grade)",Tajikistan,Khatlon,RETAIL,Kg,kg,0.48
2021-10-01,0.49,"Wheat (flour, first grade)",Tajikistan,Khatlon,RETAIL,Kg,kg,0.49
2021-11-01,0.5,"Wheat (flour, first grade)",Tajikistan,Khatlon,RETAIL,Kg,kg,0.5
2021-12-01,0.5,"Wheat (flour, first grade)",Tajikistan,Khatlon,RETAIL,Kg,kg,0.5
2022-01-01,0.5,"Wheat (flour, first grade)",Tajikistan,Khatlon,RETAIL,Kg,kg,0.5
2022-02-01,0.5,"Wheat (flour, first grade)",Tajikistan,Khatlon,RETAIL,Kg,kg,0.5
2022-03-01,0.53,"Wheat (flour, first grade)",Tajikistan,Khatlon,RETAIL,Kg,kg,0.53
2022-04-01,0.55,"Wheat (flour, first grade)",Tajikistan,Khatlon,RETAIL,Kg,kg,0.55
2022-05-01,0.66,"Wheat (flour, first grade)",Tajikistan,Khatlon,RETAIL,Kg,kg,0.66
2022-06-01,0.67,"Wheat (flour, first grade)",Tajikistan,Khatlon,RETAIL,Kg,kg,0.67
2022-07-01,0.71,"Wheat (flour, first grade)",Tajikistan,Khatlon,RETAIL,Kg,kg,0.71
2022-08-01,0.71,"Wheat (flour, first grade)",Tajikistan,Khatlon,RETAIL,Kg,kg,0.71
2022-09-01,0.7,"Wheat (flour, first grade)",Tajikistan,Khatlon,RETAIL,Kg,kg,0.7
2022-10-01,0.7,"Wheat (flour, first grade)",Tajikistan,Khatlon,RETAIL,Kg,kg,0.7
2022-11-01,0.69,"Wheat (flour, first grade)",Tajikistan,Khatlon,RETAIL,Kg,kg,0.69
2022-12-01,0.68,"Wheat (flour, first grade)",Tajikistan,Khatlon,RETAIL,Kg,kg,0.68
2023-01-01,0.68,"Wheat (flour, first grade)",Tajikistan,Khatlon,RETAIL,Kg,kg,0.68
2023-02-01,0.66,"Wheat (flour, first grade)",Tajikistan,Khatlon,RETAIL,Kg,kg,0.66
2023-03-01,0.63,"Wheat (flour, first grade)",Tajikistan,Khatlon,RETAIL,Kg,kg,0.63
2023-04-01,0.47,"Wheat (flour, first grade)",Tajikistan,Khatlon,RETAIL,Kg,kg,0.47
2023-05-01,,"Wheat (flour, first grade)",Tajikistan,Khatlon,RETAIL,Kg,kg,
2023-06-01,0.47,"Wheat (flour, first grade)",Tajikistan,Khatlon,RETAIL,Kg,kg,0.47
2023-07-01,0.47,"Wheat (flour, first grade)",Tajikistan,Khatlon,RETAIL,Kg,kg,0.47
2023-08-01,0.47,"Wheat (flour, first grade)",Tajikistan,Khatlon,RETAIL,Kg,kg,0.47
2023-09-01,0.62,"Wheat (flour, first grade)",Tajikistan,Khatlon,RETAIL,Kg,kg,0.62
2023-10-01,0.64,"Wheat (flour, first grade)",Tajikistan,Khatlon,RETAIL,Kg,kg,0.64
2023-11-01,0.64,"Wheat (flour, first grade)",Tajikistan,Khatlon,RETAIL,Kg,kg,0.64
2023-12-01,0.64,"Wheat (flour, first grade)",Tajikistan,Khatlon,RETAIL,Kg,kg,0.64
2024-01-01,0.58,"Wheat (flour, first grade)",Tajikistan,Khatlon,RETAIL,Kg,kg,0.58
2024-02-01,0.56,"Wheat (flour, first grade)",Tajikistan,Khatlon,RETAIL,Kg,kg,0.56
2024-03-01,0.56,"Wheat (flour, first grade)",Tajikistan,Khatlon,RETAIL,Kg,kg,0.56
2024-04-01,0.56,"Wheat (flour, first grade)",Tajikistan,Khatlon,RETAIL,Kg,kg,0.56
2024-05-01,0.56,"Wheat (flour, first grade)",Tajikistan,Khatlon,RETAIL,Kg,kg,0.56
2024-06-01,0.56,"Wheat (flour, first grade)",Tajikistan,Khatlon,RETAIL,Kg,kg,0.56
2024-07-01,0.58,"Wheat (flour, first grade)",Tajikistan,Khatlon,RETAIL,Kg,kg,0.58
2024-08-01,0.57,"Wheat (flour, first grade)",Tajikistan,Khatlon,RETAIL,Kg,kg,0.57
2024-09-01,0.55,"Wheat (flour, first grade)",Tajikistan,Khatlon,RETAIL,Kg,kg,0.55
2024-10-01,0.55,"Wheat (flour, first grade)",Tajikistan,Khatlon,RETAIL,Kg,kg,0.55
2024-11-01,0.55,"Wheat (flour, first grade)",Tajikistan,Khatlon,RETAIL,Kg,kg,0.55
2024-12-01,0.53,"Wheat (flour, first grade)",Tajikistan,Khatlon,RETAIL,Kg,kg,0.53
2025-01-01,0.53,"Wheat (flour, first grade)",Tajikistan,Khatlon,RETAIL,Kg,kg,0.53
2025-02-01,0.53,"Wheat (flour, first grade)",Tajikistan,Khatlon,RETAIL,Kg,kg,0.53
2025-03-01,0.53,"Wheat (flour, first grade)",Tajikistan,Khatlon,RETAIL,Kg,kg,0.53
2025-04-01,0.54,"Wheat (flour, first grade)",Tajikistan,Khatlon,RETAIL,Kg,kg,0.54
2025-05-01,0.56,"Wheat (flour, first grade)",Tajikistan,Khatlon,RETAIL,Kg,kg,0.56
2025-06-01,0.58,"Wheat (flour, first grade)",Tajikistan,Khatlon,RETAIL,Kg,kg,0.58
2025-07-01,0.6,"Wheat (flour, first grade)",Tajikistan,Khatlon,RETAIL,Kg,kg,0.6
2025-08-01,0.55,"Wheat (flour, first grade)",Tajikistan,Khatlon,RETAIL,Kg,kg,0.55
2025-09-01,0.55,"Wheat (flour, first grade)",Tajikistan,Khatlon,RETAIL,Kg,kg,0.55
2009-12-01,0.48,"Wheat (flour, first grade)",Tajikistan,Khorugh,RETAIL,Kg,kg,0.48
2010-01-01,0.48,"Wheat (flour, first grade)",Tajikistan,Khorugh,RETAIL,Kg,kg,0.48
2010-02-01,0.46,"Wheat (flour, first grade)",Tajikistan,Khorugh,RETAIL,Kg,kg,0.46
2010-03-01,0.44,"Wheat (flour, first grade)",Tajikistan,Khorugh,RETAIL,Kg,kg,0.44
2010-04-01,0.44,"Wheat (flour, first grade)",Tajikistan,Khorugh,RETAIL,Kg,kg,0.44
2010-05-01,0.43,"Wheat (flour, first grade)",Tajikistan,Khorugh,RETAIL,Kg,kg,0.43
2010-06-01,0.43,"Wheat (flour, first grade)",Tajikistan,Khorugh,RETAIL,Kg,kg,0.43
2010-07-01,0.45,"Wheat (flour, first grade)",Tajikistan,Khorugh,RETAIL,Kg,kg,0.45
2010-08-01,0.55,"Wheat (flour, first grade)",Tajikistan,Khorugh,RETAIL,Kg,kg,0.55
2010-09-01,0.59,"Wheat (flour, first grade)",Tajikistan,Khorugh,RETAIL,Kg,kg,0.59
2010-10-01,0.63,"Wheat (flour, first grade)",Tajikistan,Khorugh,RETAIL,Kg,kg,0.63
2010-11-01,0.59,"Wheat (flour, first grade)",Tajikistan,Khorugh,RETAIL,Kg,kg,0.59
2010-12-01,0.59,"Wheat (flour, first grade)",Tajikistan,Khorugh,RETAIL,Kg,kg,0.59
2011-01-01,0.61,"Wheat (flour, first grade)",Tajikistan,Khorugh,RETAIL,Kg,kg,0.61
2011-02-01,0.68,"Wheat (flour, first grade)",Tajikistan,Khorugh,RETAIL,Kg,kg,0.68
2011-03-01,0.7,"Wheat (flour, first grade)",Tajikistan,Khorugh,RETAIL,Kg,kg,0.7
2011-04-01,0.69,"Wheat (flour, first grade)",Tajikistan,Khorugh,RETAIL,Kg,kg,0.69
2011-05-01,0.69,"Wheat (flour, first grade)",Tajikistan,Khorugh,RETAIL,Kg,kg,0.69
2011-06-01,0.67,"Wheat (flour, first grade)",Tajikistan,Khorugh,RETAIL,Kg,kg,0.67
2011-07-01,0.66,"Wheat (flour, first grade)",Tajikistan,Khorugh,RETAIL,Kg,kg,0.66
2011-08-01,0.65,"Wheat (flour, first grade)",Tajikistan,Khorugh,RETAIL,Kg,kg,0.65
2011-09-01,0.65,"Wheat (flour, first grade)",Tajikistan,Khorugh,RETAIL,Kg,kg,0.65
2011-10-01,0.64,"Wheat (flour, first grade)",Tajikistan,Khorugh,RETAIL,Kg,kg,0.64
2011-11-01,0.59,"Wheat (flour, first grade)",Tajikistan,Khorugh,RETAIL,Kg,kg,0.59
2011-12-01,0.58,"Wheat (flour, first grade)",Tajikistan,Khorugh,RETAIL,Kg,kg,0.58
2012-01-01,0.6,"Wheat (flour, first grade)",Tajikistan,Khorugh,RETAIL,Kg,kg,0.6
2012-02-01,0.58,"Wheat (flour, first grade)",Tajikistan,Khorugh,RETAIL,Kg,kg,0.58
2012-03-01,0.57,"Wheat (flour, first grade)",Tajikistan,Khorugh,RETAIL,Kg,kg,0.57
2012-04-01,0.57,"Wheat (flour, first grade)",Tajikistan,Khorugh,RETAIL,Kg,kg,0.57
2012-05-01,0.57,"Wheat (flour, first grade)",Tajikistan,Khorugh,RETAIL,Kg,kg,0.57
2012-06-01,0.56,"Wheat (flour, first grade)",Tajikistan,Khorugh,RETAIL,Kg,kg,0.56
2012-07-01,0.56,"Wheat (flour, first grade)",Tajikistan,Khorugh,RETAIL,Kg,kg,0.56
2012-08-01,0.59,"Wheat (flour, first grade)",Tajikistan,Khorugh,RETAIL,Kg,kg,0.59
2012-09-01,0.62,"Wheat (flour, first grade)",Tajikistan,Khorugh,RETAIL,Kg,kg,0.62
2012-10-01,0.7,"Wheat (flour, first grade)",Tajikistan,Khorugh,RETAIL,Kg,kg,0.7
2012-11-01,0.77,"Wheat (flour, first grade)",Tajikistan,Khorugh,RETAIL,Kg,kg,0.77
2012-12-01,0.73,"Wheat (flour, first grade)",Tajikistan,Khorugh,RETAIL,Kg,kg,0.73
2013-01-01,0.73,"Wheat (flour, first grade)",Tajikistan,Khorugh,RETAIL,Kg,kg,0.73
2013-02-01,0.74,"Wheat (flour, first grade)",Tajikistan,Khorugh,RETAIL,Kg,kg,0.74
2013-03-01,0.73,"Wheat (flour, first grade)",Tajikistan,Khorugh,RETAIL,Kg,kg,0.73
2013-04-01,0.72,"Wheat (flour, first grade)",Tajikistan,Khorugh,RETAIL,Kg,kg,0.72
2013-05-01,0.73,"Wheat (flour, first grade)",Tajikistan,Khorugh,RETAIL,Kg,kg,0.73
2013-06-01,0.69,"Wheat (flour, first grade)",Tajikistan,Khorugh,RETAIL,Kg,kg,0.69
2013-07-01,0.67,"Wheat (flour, first grade)",Tajikistan,Khorugh,RETAIL,Kg,kg,0.67
2013-08-01,0.67,"Wheat (flour, first grade)",Tajikistan,Khorugh,RETAIL,Kg,kg,0.67
2013-09-01,0.66,"Wheat (flour, first grade)",Tajikistan,Khorugh,RETAIL,Kg,kg,0.66
2013-10-01,0.65,"Wheat (flour, first grade)",Tajikistan,Khorugh,RETAIL,Kg,kg,0.65
2013-11-01,0.65,"Wheat (flour, first grade)",Tajikistan,Khorugh,RETAIL,Kg,kg,0.65
2013-12-01,0.63,"Wheat (flour, first grade)",Tajikistan,Khorugh,RETAIL,Kg,kg,0.63
2014-01-01,0.64,"Wheat (flour, first grade)",Tajikistan,Khorugh,RETAIL,Kg,kg,0.64
2014-02-01,0.63,"Wheat (flour, first grade)",Tajikistan,Khorugh,RETAIL,Kg,kg,0.63
2014-03-01,0.62,"Wheat (flour, first grade)",Tajikistan,Khorugh,RETAIL,Kg,kg,0.62
2014-04-01,0.62,"Wheat (flour, first grade)",Tajikistan,Khorugh,RETAIL,Kg,kg,0.62
2014-05-01,0.62,"Wheat (flour, first grade)",Tajikistan,Khorugh,RETAIL,Kg,kg,0.62
2014-06-01,0.64,"Wheat (flour, first grade)",Tajikistan,Khorugh,RETAIL,Kg,kg,0.64
2014-07-01,0.65,"Wheat (flour, first grade)",Tajikistan,Khorugh,RETAIL,Kg,kg,0.65
2014-08-01,0.64,"Wheat (flour, first grade)",Tajikistan,Khorugh,RETAIL,Kg,kg,0.64
2014-09-01,0.66,"Wheat (flour, first grade)",Tajikistan,Khorugh,RETAIL,Kg,kg,0.66
2014-10-01,0.66,"Wheat (flour, first grade)",Tajikistan,Khorugh,RETAIL,Kg,kg,0.66
2014-11-01,0.69,"Wheat (flour, first grade)",Tajikistan,Khorugh,RETAIL,Kg,kg,0.69
2014-12-01,0.71,"Wheat (flour, first grade)",Tajikistan,Khorugh,RETAIL,Kg,kg,0.71
2015-01-01,0.68,"Wheat (flour, first grade)",Tajikistan,Khorugh,RETAIL,Kg,kg,0.68
2015-02-01,0.67,"Wheat (flour, first grade)",Tajikistan,Khorugh,RETAIL,Kg,kg,0.67
2015-03-01,0.67,"Wheat (flour, first grade)",Tajikistan,Khorugh,RETAIL,Kg,kg,0.67
2015-04-01,0.63,"Wheat (flour, first grade)",Tajikistan,Khorugh,RETAIL,Kg,kg,0.63
2015-05-01,0.6,"Wheat (flour, first grade)",Tajikistan,Khorugh,RETAIL,Kg,kg,0.6
2015-06-01,0.58,"Wheat (flour, first grade)",Tajikistan,Khorugh,RETAIL,Kg,kg,0.58
2015-07-01,0.62,"Wheat (flour, first grade)",Tajikistan,Khorugh,RETAIL,Kg,kg,0.62
2015-08-01,0.61,"Wheat (flour, first grade)",Tajikistan,Khorugh,RETAIL,Kg,kg,0.61
2015-09-01,0.6,"Wheat (flour, first grade)",Tajikistan,Khorugh,RETAIL,Kg,kg,0.6
2015-10-01,0.58,"Wheat (flour, first grade)",Tajikistan,Khorugh,RETAIL,Kg,kg,0.58
2015-11-01,0.55,"Wheat (flour, first grade)",Tajikistan,Khorugh,RETAIL,Kg,kg,0.55
2015-12-01,0.53,"Wheat (flour, first grade)",Tajikistan,Khorugh,RETAIL,Kg,kg,0.53
2016-01-01,0.49,"Wheat (flour, first grade)",Tajikistan,Khorugh,RETAIL,Kg,kg,0.49
2016-02-01,0.44,"Wheat (flour, first grade)",Tajikistan,Khorugh,RETAIL,Kg,kg,0.44
2016-03-01,0.43,"Wheat (flour, first grade)",Tajikistan,Khorugh,RETAIL,Kg,kg,0.43
2016-04-01,0.42,"Wheat (flour, first grade)",Tajikistan,Khorugh,RETAIL,Kg,kg,0.42
2016-05-01,0.41,"Wheat (flour, first grade)",Tajikistan,Khorugh,RETAIL,Kg,kg,0.41
2016-06-01,0.41,"Wheat (flour, first grade)",Tajikistan,Khorugh,RETAIL,Kg,kg,0.41
2016-07-01,0.41,"Wheat (flour, first grade)",Tajikistan,Khorugh,RETAIL,Kg,kg,0.41
2016-08-01,0.41,"Wheat (flour, first grade)",Tajikistan,Khorugh,RETAIL,Kg,kg,0.41
2016-09-01,0.41,"Wheat (flour, first grade)",Tajikistan,Khorugh,RETAIL,Kg,kg,0.41
2016-10-01,0.41,"Wheat (flour, first grade)",Tajikistan,Khorugh,RETAIL,Kg,kg,0.41
2016-11-01,0.41,"Wheat (flour, first grade)",Tajikistan,Khorugh,RETAIL,Kg,kg,0.41
2016-12-01,0.41,"Wheat (flour, first grade)",Tajikistan,Khorugh,RETAIL,Kg,kg,0.41
2017-01-01,0.41,"Wheat (flour, first grade)",Tajikistan,Khorugh,RETAIL,Kg,kg,0.41
2017-02-01,0.41,"Wheat (flour, first grade)",Tajikistan,Khorugh,RETAIL,Kg,kg,0.41
2017-03-01,0.42,"Wheat (flour, first grade)",Tajikistan,Khorugh,RETAIL,Kg,kg,0.42
2017-04-01,0.41,"Wheat (flour, first grade)",Tajikistan,Khorugh,RETAIL,Kg,kg,0.41
2017-05-01,0.4,"Wheat (flour, first grade)",Tajikistan,Khorugh,RETAIL,Kg,kg,0.4
2017-06-01,0.39,"Wheat (flour, first grade)",Tajikistan,Khorugh,RETAIL,Kg,kg,0.39
2017-07-01,0.39,"Wheat (flour, first grade)",Tajikistan,Khorugh,RETAIL,Kg,kg,0.39
2017-08-01,0.39,"Wheat (flour, first grade)",Tajikistan,Khorugh,RETAIL,Kg,kg,0.39
2017-09-01,0.39,"Wheat (flour, first grade)",Tajikistan,Khorugh,RETAIL,Kg,kg,0.39
2017-10-01,0.39,"Wheat (flour, first grade)",Tajikistan,Khorugh,RETAIL,Kg,kg,0.39
2017-11-01,0.39,"Wheat (flour, first grade)",Tajikistan,Khorugh,RETAIL,Kg,kg,0.39
2017-12-01,0.39,"Wheat (flour, first grade)",Tajikistan,Khorugh,RETAIL,Kg,kg,0.39
2018-01-01,0.39,"Wheat (flour, first grade)",Tajikistan,Khorugh,RETAIL,Kg,kg,0.39
2018-02-01,0.39,"Wheat (flour, first grade)",Tajikistan,Khorugh,RETAIL,Kg,kg,0.39
2018-03-01,0.37,"Wheat (flour, first grade)",Tajikistan,Khorugh,RETAIL,Kg,kg,0.37
2018-04-01,0.36,"Wheat (flour, first grade)",Tajikistan,Khorugh,RETAIL,Kg,kg,0.36
2018-05-01,0.36,"Wheat (flour, first grade)",Tajikistan,Khorugh,RETAIL,Kg,kg,0.36
2018-06-01,0.36,"Wheat (flour, first grade)",Tajikistan,Khorugh,RETAIL,Kg,kg,0.36
2018-07-01,0.35,"Wheat (flour, first grade)",Tajikistan,Khorugh,RETAIL,Kg,kg,0.35
2018-08-01,0.35,"Wheat (flour, first grade)",Tajikistan,Khorugh,RETAIL,Kg,kg,0.35
2018-09-01,0.36,"Wheat (flour, first grade)",Tajikistan,Khorugh,RETAIL,Kg,kg,0.36
2018-10-01,0.39,"Wheat (flour, first grade)",Tajikistan,Khorugh,RETAIL,Kg,kg,0.39
2018-11-01,0.4,"Wheat (flour, first grade)",Tajikistan,Khorugh,RETAIL,Kg,kg,0.4
2018-12-01,0.4,"Wheat (flour, first grade)",Tajikistan,Khorugh,RETAIL,Kg,kg,0.4
2019-01-01,0.4,"Wheat (flour, first grade)",Tajikistan,Khorugh,RETAIL,Kg,kg,0.4
2019-02-01,0.4,"Wheat (flour, first grade)",Tajikistan,Khorugh,RETAIL,Kg,kg,0.4
2019-03-01,0.4,"Wheat (flour, first grade)",Tajikistan,Khorugh,RETAIL,Kg,kg,0.4
2019-04-01,0.4,"Wheat (flour, first grade)",Tajikistan,Khorugh,RETAIL,Kg,kg,0.4
2019-05-01,0.4,"Wheat (flour, first grade)",Tajikistan,Khorugh,RETAIL,Kg,kg,0.4
2019-06-01,0.4,"Wheat (flour, first grade)",Tajikistan,Khorugh,RETAIL,Kg,kg,0.4
2019-07-01,0.4,"Wheat (flour, first grade)",Tajikistan,Khorugh,RETAIL,Kg,kg,0.4
2019-08-01,0.4,"Wheat (flour, first grade)",Tajikistan,Khorugh,RETAIL,Kg,kg,0.4
2019-09-01,0.44,"Wheat (flour, first grade)",Tajikistan,Khorugh,RETAIL,Kg,kg,0.44
2019-10-01,0.46,"Wheat (flour, first grade)",Tajikistan,Khorugh,RETAIL,Kg,kg,0.46
2019-11-01,0.47,"Wheat (flour, first grade)",Tajikistan,Khorugh,RETAIL,Kg,kg,0.47
2019-12-01,0.47,"Wheat (flour, first grade)",Tajikistan,Khorugh,RETAIL,Kg,kg,0.47
2020-01-01,0.47,"Wheat (flour, first grade)",Tajikistan,Khorugh,RETAIL,Kg,kg,0.47
2020-02-01,0.47,"Wheat (flour, first grade)",Tajikistan,Khorugh,RETAIL,Kg,kg,0.47
2020-03-01,0.46,"Wheat (flour, first grade)",Tajikistan,Khorugh,RETAIL,Kg,kg,0.46
2020-04-01,0.47,"Wheat (flour, first grade)",Tajikistan,Khorugh,RETAIL,Kg,kg,0.47
2020-05-01,0.52,"Wheat (flour, first grade)",Tajikistan,Khorugh,RETAIL,Kg,kg,0.52
2020-06-01,0.51,"Wheat (flour, first grade)",Tajikistan,Khorugh,RETAIL,Kg,kg,0.51
2020-07-01,0.48,"Wheat (flour, first grade)",Tajikistan,Khorugh,RETAIL,Kg,kg,0.48
2020-08-01,0.48,"Wheat (flour, first grade)",Tajikistan,Khorugh,RETAIL,Kg,kg,0.48
2020-09-01,0.47,"Wheat (flour, first grade)",Tajikistan,Khorugh,RETAIL,Kg,kg,0.47
2020-10-01,0.49,"Wheat (flour, first grade)",Tajikistan,Khorugh,RETAIL,Kg,kg,0.49
2020-11-01,0.48,"Wheat (flour, first grade)",Tajikistan,Khorugh,RETAIL,Kg,kg,0.48
2020-12-01,0.47,"Wheat (flour, first grade)",Tajikistan,Khorugh,RETAIL,Kg,kg,0.47
2021-01-01,0.47,"Wheat (flour, first grade)",Tajikistan,Khorugh,RETAIL,Kg,kg,0.47
2021-02-01,0.46,"Wheat (flour, first grade)",Tajikistan,Khorugh,RETAIL,Kg,kg,0.46
2021-03-01,0.46,"Wheat (flour, first grade)",Tajikistan,Khorugh,RETAIL,Kg,kg,0.46
2021-04-01,0.46,"Wheat (flour, first grade)",Tajikistan,Khorugh,RETAIL,Kg,kg,0.46
2021-05-01,0.46,"Wheat (flour, first grade)",Tajikistan,Khorugh,RETAIL,Kg,kg,0.46
2021-06-01,0.45,"Wheat (flour, first grade)",Tajikistan,Khorugh,RETAIL,Kg,kg,0.45
2021-07-01,0.44,"Wheat (flour, first grade)",Tajikistan,Khorugh,RETAIL,Kg,kg,0.44
2021-08-01,0.46,"Wheat (flour, first grade)",Tajikistan,Khorugh,RETAIL,Kg,kg,0.46
2021-09-01,0.48,"Wheat (flour, first grade)",Tajikistan,Khorugh,RETAIL,Kg,kg,0.48
2021-10-01,0.51,"Wheat (flour, first grade)",Tajikistan,Khorugh,RETAIL,Kg,kg,0.51
2021-11-01,0.53,"Wheat (flour, first grade)",Tajikistan,Khorugh,RETAIL,Kg,kg,0.53
2021-12-01,0.52,"Wheat (flour, first grade)",Tajikistan,Khorugh,RETAIL,Kg,kg,0.52
2022-01-01,0.52,"Wheat (flour, first grade)",Tajikistan,Khorugh,RETAIL,Kg,kg,0.52
2022-02-01,0.54,"Wheat (flour, first grade)",Tajikistan,Khorugh,RETAIL,Kg,kg,0.54
2022-03-01,0.55,"Wheat (flour, first grade)",Tajikistan,Khorugh,RETAIL,Kg,kg,0.55
2022-04-01,0.59,"Wheat (flour, first grade)",Tajikistan,Khorugh,RETAIL,Kg,kg,0.59
2022-05-01,0.66,"Wheat (flour, first grade)",Tajikistan,Khorugh,RETAIL,Kg,kg,0.66
2022-06-01,0.74,"Wheat (flour, first grade)",Tajikistan,Khorugh,RETAIL,Kg,kg,0.74
2022-07-01,0.78,"Wheat (flour, first grade)",Tajikistan,Khorugh,RETAIL,Kg,kg,0.78
2022-08-01,0.76,"Wheat (flour, first grade)",Tajikistan,Khorugh,RETAIL,Kg,kg,0.76
2022-09-01,0.74,"Wheat (flour, first grade)",Tajikistan,Khorugh,RETAIL,Kg,kg,0.74
2022-10-01,0.7,"Wheat (flour, first grade)",Tajikistan,Khorugh,RETAIL,Kg,kg,0.7
2022-11-01,0.69,"Wheat (flour, first grade)",Tajikistan,Khorugh,RETAIL,Kg,kg,0.69
2022-12-01,0.65,"Wheat (flour, first grade)",Tajikistan,Khorugh,RETAIL,Kg,kg,0.65
2023-01-01,0.62,"Wheat (flour, first grade)",Tajikistan,Khorugh,RETAIL,Kg,kg,0.62
2023-02-01,0.57,"Wheat (flour, first grade)",Tajikistan,Khorugh,RETAIL,Kg,kg,0.57
2023-03-01,0.54,"Wheat (flour, first grade)",Tajikistan,Khorugh,RETAIL,Kg,kg,0.54
2023-04-01,0.53,"Wheat (flour, first grade)",Tajikistan,Khorugh,RETAIL,Kg,kg,0.53
2023-05-01,0.52,"Wheat (flour, first grade)",Tajikistan,Khorugh,RETAIL,Kg,kg,0.52
2023-06-01,0.49,"Wheat (flour, first grade)",Tajikistan,Khorugh,RETAIL,Kg,kg,0.49
2023-07-01,0.49,"Wheat (flour, first grade)",Tajikistan,Khorugh,RETAIL,Kg,kg,0.49
2023-08-01,0.54,"Wheat (flour, first grade)",Tajikistan,Khorugh,RETAIL,Kg,kg,0.54
2023-09-01,0.59,"Wheat (flour, first grade)",Tajikistan,Khorugh,RETAIL,Kg,kg,0.59
2023-10-01,0.66,"Wheat (flour, first grade)",Tajikistan,Khorugh,RETAIL,Kg,kg,0.66
2023-11-01,0.62,"Wheat (flour, first grade)",Tajikistan,Khorugh,RETAIL,Kg,kg,0.62
2023-12-01,0.59,"Wheat (flour, first grade)",Tajikistan,Khorugh,RETAIL,Kg,kg,0.59
2024-01-01,0.55,"Wheat (flour, first grade)",Tajikistan,Khorugh,RETAIL,Kg,kg,0.55
2024-02-01,0.55,"Wheat (flour, first grade)",Tajikistan,Khorugh,RETAIL,Kg,kg,0.55
2024-03-01,0.55,"Wheat (flour, first grade)",Tajikistan,Khorugh,RETAIL,Kg,kg,0.55
2024-04-01,0.54,"Wheat (flour, first grade)",Tajikistan,Khorugh,RETAIL,Kg,kg,0.54
2024-05-01,0.59,"Wheat (flour, first grade)",Tajikistan,Khorugh,RETAIL,Kg,kg,0.59
2024-06-01,0.58,"Wheat (flour, first grade)",Tajikistan,Khorugh,RETAIL,Kg,kg,0.58
2024-07-01,0.56,"Wheat (flour, first grade)",Tajikistan,Khorugh,RETAIL,Kg,kg,0.56
2024-08-01,0.57,"Wheat (flour, first grade)",Tajikistan,Khorugh,RETAIL,Kg,kg,0.57
2024-09-01,0.55,"Wheat (flour, first grade)",Tajikistan,Khorugh,RETAIL,Kg,kg,0.55
2024-10-01,0.57,"Wheat (flour, first grade)",Tajikistan,Khorugh,RETAIL,Kg,kg,0.57
2024-11-01,0.57,"Wheat (flour, first grade)",Tajikistan,Khorugh,RETAIL,Kg,kg,0.57
2024-12-01,0.54,"Wheat (flour, first grade)",Tajikistan,Khorugh,RETAIL,Kg,kg,0.54
2025-01-01,0.53,"Wheat (flour, first grade)",Tajikistan,Khorugh,RETAIL,Kg,kg,0.53
2025-02-01,0.5,"Wheat (flour, first grade)",Tajikistan,Khorugh,RETAIL,Kg,kg,0.5
2025-03-01,0.49,"Wheat (flour, first grade)",Tajikistan,Khorugh,RETAIL,Kg,kg,0.49
2025-04-01,0.55,"Wheat (flour, first grade)",Tajikistan,Khorugh,RETAIL,Kg,kg,0.55
2025-05-01,0.57,"Wheat (flour, first grade)",Tajikistan,Khorugh,RETAIL,Kg,kg,0.57
2025-06-01,0.59,"Wheat (flour, first grade)",Tajikistan,Khorugh,RETAIL,Kg,kg,0.59
2025-07-01,0.61,"Wheat (flour, first grade)",Tajikistan,Khorugh,RETAIL,Kg,kg,0.61
2025-08-01,0.63,"Wheat (flour, first grade)",Tajikistan,Khorugh,RETAIL,Kg,kg,0.63
2025-09-01,0.63,"Wheat (flour, first grade)",Tajikistan,Khorugh,RETAIL,Kg,kg,0.63
2025-10-01,0.64,"Wheat (flour, first grade)",Tajikistan,Khorugh,RETAIL,Kg,kg,0.64
2009-12-01,0.34,"Wheat (flour, first grade)",Tajikistan,Khujand,RETAIL,Kg,kg,0.34
2010-01-01,0.33,"Wheat (flour, first grade)",Tajikistan,Khujand,RETAIL,Kg,kg,0.33
2010-02-01,0.3,"Wheat (flour, first grade)",Tajikistan,Khujand,RETAIL,Kg,kg,0.3
2010-03-01,0.3,"Wheat (flour, first grade)",Tajikistan,Khujand,RETAIL,Kg,kg,0.3
2010-04-01,0.3,"Wheat (flour, first grade)",Tajikistan,Khujand,RETAIL,Kg,kg,0.3
2010-05-01,0.3,"Wheat (flour, first grade)",Tajikistan,Khujand,RETAIL,Kg,kg,0.3
2010-06-01,0.32,"Wheat (flour, first grade)",Tajikistan,Khujand,RETAIL,Kg,kg,0.32
2010-07-01,0.42,"Wheat (flour, first grade)",Tajikistan,Khujand,RETAIL,Kg,kg,0.42
2010-08-01,0.45,"Wheat (flour, first grade)",Tajikistan,Khujand,RETAIL,Kg,kg,0.45
2010-09-01,0.51,"Wheat (flour, first grade)",Tajikistan,Khujand,RETAIL,Kg,kg,0.51
2010-10-01,0.56,"Wheat (flour, first grade)",Tajikistan,Khujand,RETAIL,Kg,kg,0.56
2010-11-01,0.53,"Wheat (flour, first grade)",Tajikistan,Khujand,RETAIL,Kg,kg,0.53
2010-12-01,0.54,"Wheat (flour, first grade)",Tajikistan,Khujand,RETAIL,Kg,kg,0.54
2011-01-01,0.57,"Wheat (flour, first grade)",Tajikistan,Khujand,RETAIL,Kg,kg,0.57
2011-02-01,0.59,"Wheat (flour, first grade)",Tajikistan,Khujand,RETAIL,Kg,kg,0.59
2011-03-01,0.55,"Wheat (flour, first grade)",Tajikistan,Khujand,RETAIL,Kg,kg,0.55
2011-04-01,0.53,"Wheat (flour, first grade)",Tajikistan,Khujand,RETAIL,Kg,kg,0.53
2011-05-01,0.55,"Wheat (flour, first grade)",Tajikistan,Khujand,RETAIL,Kg,kg,0.55
2011-06-01,0.56,"Wheat (flour, first grade)",Tajikistan,Khujand,RETAIL,Kg,kg,0.56
2011-07-01,0.54,"Wheat (flour, first grade)",Tajikistan,Khujand,RETAIL,Kg,kg,0.54
2011-08-01,0.53,"Wheat (flour, first grade)",Tajikistan,Khujand,RETAIL,Kg,kg,0.53
2011-09-01,0.52,"Wheat (flour, first grade)",Tajikistan,Khujand,RETAIL,Kg,kg,0.52
2011-10-01,0.51,"Wheat (flour, first grade)",Tajikistan,Khujand,RETAIL,Kg,kg,0.51
2011-11-01,0.47,"Wheat (flour, first grade)",Tajikistan,Khujand,RETAIL,Kg,kg,0.47
2011-12-01,0.44,"Wheat (flour, first grade)",Tajikistan,Khujand,RETAIL,Kg,kg,0.44
2012-01-01,0.42,"Wheat (flour, first grade)",Tajikistan,Khujand,RETAIL,Kg,kg,0.42
2012-02-01,0.4,"Wheat (flour, first grade)",Tajikistan,Khujand,RETAIL,Kg,kg,0.4
2012-03-01,0.39,"Wheat (flour, first grade)",Tajikistan,Khujand,RETAIL,Kg,kg,0.39
2012-04-01,0.38,"Wheat (flour, first grade)",Tajikistan,Khujand,RETAIL,Kg,kg,0.38
2012-05-01,0.39,"Wheat (flour, first grade)",Tajikistan,Khujand,RETAIL,Kg,kg,0.39
2012-06-01,0.42,"Wheat (flour, first grade)",Tajikistan,Khujand,RETAIL,Kg,kg,0.42
2012-07-01,0.51,"Wheat (flour, first grade)",Tajikistan,Khujand,RETAIL,Kg,kg,0.51
2012-08-01,0.55,"Wheat (flour, first grade)",Tajikistan,Khujand,RETAIL,Kg,kg,0.55
2012-09-01,0.6,"Wheat (flour, first grade)",Tajikistan,Khujand,RETAIL,Kg,kg,0.6
2012-10-01,0.65,"Wheat (flour, first grade)",Tajikistan,Khujand,RETAIL,Kg,kg,0.65
2012-11-01,0.67,"Wheat (flour, first grade)",Tajikistan,Khujand,RETAIL,Kg,kg,0.67
2012-12-01,0.61,"Wheat (flour, first grade)",Tajikistan,Khujand,RETAIL,Kg,kg,0.61
2013-01-01,0.62,"Wheat (flour, first grade)",Tajikistan,Khujand,RETAIL,Kg,kg,0.62
2013-02-01,0.63,"Wheat (flour, first grade)",Tajikistan,Khujand,RETAIL,Kg,kg,0.63
2013-03-01,0.61,"Wheat (flour, first grade)",Tajikistan,Khujand,RETAIL,Kg,kg,0.61
2013-04-01,0.58,"Wheat (flour, first grade)",Tajikistan,Khujand,RETAIL,Kg,kg,0.58
2013-05-01,0.56,"Wheat (flour, first grade)",Tajikistan,Khujand,RETAIL,Kg,kg,0.56
2013-06-01,0.56,"Wheat (flour, first grade)",Tajikistan,Khujand,RETAIL,Kg,kg,0.56
2013-07-01,0.54,"Wheat (flour, first grade)",Tajikistan,Khujand,RETAIL,Kg,kg,0.54
2013-08-01,0.54,"Wheat (flour, first grade)",Tajikistan,Khujand,RETAIL,Kg,kg,0.54
2013-09-01,0.56,"Wheat (flour, first grade)",Tajikistan,Khujand,RETAIL,Kg,kg,0.56
2013-10-01,0.54,"Wheat (flour, first grade)",Tajikistan,Khujand,RETAIL,Kg,kg,0.54
2013-11-01,0.53,"Wheat (flour, first grade)",Tajikistan,Khujand,RETAIL,Kg,kg,0.53
2013-12-01,0.53,"Wheat (flour, first grade)",Tajikistan,Khujand,RETAIL,Kg,kg,0.53
2014-01-01,0.51,"Wheat (flour, first grade)",Tajikistan,Khujand,RETAIL,Kg,kg,0.51
2014-02-01,0.51,"Wheat (flour, first grade)",Tajikistan,Khujand,RETAIL,Kg,kg,0.51
2014-03-01,0.51,"Wheat (flour, first grade)",Tajikistan,Khujand,RETAIL,Kg,kg,0.51
2014-04-01,0.51,"Wheat (flour, first grade)",Tajikistan,Khujand,RETAIL,Kg,kg,0.51
2014-05-01,0.53,"Wheat (flour, first grade)",Tajikistan,Khujand,RETAIL,Kg,kg,0.53
2014-06-01,0.53,"Wheat (flour, first grade)",Tajikistan,Khujand,RETAIL,Kg,kg,0.53
2014-07-01,0.54,"Wheat (flour, first grade)",Tajikistan,Khujand,RETAIL,Kg,kg,0.54
2014-08-01,0.54,"Wheat (flour, first grade)",Tajikistan,Khujand,RETAIL,Kg,kg,0.54
2014-09-01,0.56,"Wheat (flour, first grade)",Tajikistan,Khujand,RETAIL,Kg,kg,0.56
2014-10-01,0.57,"Wheat (flour, first grade)",Tajikistan,Khujand,RETAIL,Kg,kg,0.57
2014-11-01,0.61,"Wheat (flour, first grade)",Tajikistan,Khujand,RETAIL,Kg,kg,0.61
2014-12-01,0.58,"Wheat (flour, first grade)",Tajikistan,Khujand,RETAIL,Kg,kg,0.58
2015-01-01,0.57,"Wheat (flour, first grade)",Tajikistan,Khujand,RETAIL,Kg,kg,0.57
2015-02-01,0.56,"Wheat (flour, first grade)",Tajikistan,Khujand,RETAIL,Kg,kg,0.56
2015-03-01,0.58,"Wheat (flour, first grade)",Tajikistan,Khujand,RETAIL,Kg,kg,0.58
2015-04-01,0.53,"Wheat (flour, first grade)",Tajikistan,Khujand,RETAIL,Kg,kg,0.53
2015-05-01,0.53,"Wheat (flour, first grade)",Tajikistan,Khujand,RETAIL,Kg,kg,0.53
2015-06-01,0.52,"Wheat (flour, first grade)",Tajikistan,Khujand,RETAIL,Kg,kg,0.52
2015-07-01,0.52,"Wheat (flour, first grade)",Tajikistan,Khujand,RETAIL,Kg,kg,0.52
2015-08-01,0.52,"Wheat (flour, first grade)",Tajikistan,Khujand,RETAIL,Kg,kg,0.52
2015-09-01,0.51,"Wheat (flour, first grade)",Tajikistan,Khujand,RETAIL,Kg,kg,0.51
2015-10-01,0.47,"Wheat (flour, first grade)",Tajikistan,Khujand,RETAIL,Kg,kg,0.47
2015-11-01,0.44,"Wheat (flour, first grade)",Tajikistan,Khujand,RETAIL,Kg,kg,0.44
2015-12-01,0.45,"Wheat (flour, first grade)",Tajikistan,Khujand,RETAIL,Kg,kg,0.45
2016-01-01,0.45,"Wheat (flour, first grade)",Tajikistan,Khujand,RETAIL,Kg,kg,0.45
2016-02-01,0.37,"Wheat (flour, first grade)",Tajikistan,Khujand,RETAIL,Kg,kg,0.37
2016-03-01,0.34,"Wheat (flour, first grade)",Tajikistan,Khujand,RETAIL,Kg,kg,0.34
2016-04-01,0.35,"Wheat (flour, first grade)",Tajikistan,Khujand,RETAIL,Kg,kg,0.35
2016-05-01,0.37,"Wheat (flour, first grade)",Tajikistan,Khujand,RETAIL,Kg,kg,0.37
2016-06-01,0.37,"Wheat (flour, first grade)",Tajikistan,Khujand,RETAIL,Kg,kg,0.37
2016-07-01,0.37,"Wheat (flour, first grade)",Tajikistan,Khujand,RETAIL,Kg,kg,0.37
2016-08-01,0.36,"Wheat (flour, first grade)",Tajikistan,Khujand,RETAIL,Kg,kg,0.36
2016-09-01,0.36,"Wheat (flour, first grade)",Tajikistan,Khujand,RETAIL,Kg,kg,0.36
2016-10-01,0.36,"Wheat (flour, first grade)",Tajikistan,Khujand,RETAIL,Kg,kg,0.36
2016-11-01,0.36,"Wheat (flour, first grade)",Tajikistan,Khujand,RETAIL,Kg,kg,0.36
2016-12-01,0.36,"Wheat (flour, first grade)",Tajikistan,Khujand,RETAIL,Kg,kg,0.36
2017-01-01,0.36,"Wheat (flour, first grade)",Tajikistan,Khujand,RETAIL,Kg,kg,0.36
2017-02-01,0.35,"Wheat (flour, first grade)",Tajikistan,Khujand,RETAIL,Kg,kg,0.35
2017-03-01,0.35,"Wheat (flour, first grade)",Tajikistan,Khujand,RETAIL,Kg,kg,0.35
2017-04-01,0.35,"Wheat (flour, first grade)",Tajikistan,Khujand,RETAIL,Kg,kg,0.35
2017-05-01,0.34,"Wheat (flour, first grade)",Tajikistan,Khujand,RETAIL,Kg,kg,0.34
2017-06-01,0.33,"Wheat (flour, first grade)",Tajikistan,Khujand,RETAIL,Kg,kg,0.33
2017-07-01,0.33,"Wheat (flour, first grade)",Tajikistan,Khujand,RETAIL,Kg,kg,0.33
2017-08-01,0.33,"Wheat (flour, first grade)",Tajikistan,Khujand,RETAIL,Kg,kg,0.33
2017-09-01,0.33,"Wheat (flour, first grade)",Tajikistan,Khujand,RETAIL,Kg,kg,0.33
2017-10-01,0.32,"Wheat (flour, first grade)",Tajikistan,Khujand,RETAIL,Kg,kg,0.32
2017-11-01,0.32,"Wheat (flour, first grade)",Tajikistan,Khujand,RETAIL,Kg,kg,0.32
2017-12-01,0.31,"Wheat (flour, first grade)",Tajikistan,Khujand,RETAIL,Kg,kg,0.31
2018-01-01,0.3,"Wheat (flour, first grade)",Tajikistan,Khujand,RETAIL,Kg,kg,0.3
2018-02-01,0.29,"Wheat (flour, first grade)",Tajikistan,Khujand,RETAIL,Kg,kg,0.29
2018-03-01,0.28,"Wheat (flour, first grade)",Tajikistan,Khujand,RETAIL,Kg,kg,0.28
2018-04-01,0.29,"Wheat (flour, first grade)",Tajikistan,Khujand,RETAIL,Kg,kg,0.29
2018-05-01,0.3,"Wheat (flour, first grade)",Tajikistan,Khujand,RETAIL,Kg,kg,0.3
2018-06-01,0.29,"Wheat (flour, first grade)",Tajikistan,Khujand,RETAIL,Kg,kg,0.29
2018-07-01,0.29,"Wheat (flour, first grade)",Tajikistan,Khujand,RETAIL,Kg,kg,0.29
2018-08-01,0.3,"Wheat (flour, first grade)",Tajikistan,Khujand,RETAIL,Kg,kg,0.3
2018-09-01,0.32,"Wheat (flour, first grade)",Tajikistan,Khujand,RETAIL,Kg,kg,0.32
2018-10-01,0.34,"Wheat (flour, first grade)",Tajikistan,Khujand,RETAIL,Kg,kg,0.34
2018-11-01,0.34,"Wheat (flour, first grade)",Tajikistan,Khujand,RETAIL,Kg,kg,0.34
2018-12-01,0.34,"Wheat (flour, first grade)",Tajikistan,Khujand,RETAIL,Kg,kg,0.34
2019-01-01,0.36,"Wheat (flour, first grade)",Tajikistan,Khujand,RETAIL,Kg,kg,0.36
2019-02-01,0.36,"Wheat (flour, first grade)",Tajikistan,Khujand,RETAIL,Kg,kg,0.36
2019-03-01,0.36,"Wheat (flour, first grade)",Tajikistan,Khujand,RETAIL,Kg,kg,0.36
2019-04-01,0.35,"Wheat (flour, first grade)",Tajikistan,Khujand,RETAIL,Kg,kg,0.35
2019-05-01,0.35,"Wheat (flour, first grade)",Tajikistan,Khujand,RETAIL,Kg,kg,0.35
2019-06-01,0.35,"Wheat (flour, first grade)",Tajikistan,Khujand,RETAIL,Kg,kg,0.35
2019-07-01,0.36,"Wheat (flour, first grade)",Tajikistan,Khujand,RETAIL,Kg,kg,0.36
2019-08-01,0.36,"Wheat (flour, first grade)",Tajikistan,Khujand,RETAIL,Kg,kg,0.36
2019-09-01,0.39,"Wheat (flour, first grade)",Tajikistan,Khujand,RETAIL,Kg,kg,0.39
2019-10-01,0.41,"Wheat (flour, first grade)",Tajikistan,Khujand,RETAIL,Kg,kg,0.41
2019-11-01,0.41,"Wheat (flour, first grade)",Tajikistan,Khujand,RETAIL,Kg,kg,0.41
2019-12-01,0.41,"Wheat (flour, first grade)",Tajikistan,Khujand,RETAIL,Kg,kg,0.41
2020-01-01,0.4,"Wheat (flour, first grade)",Tajikistan,Khujand,RETAIL,Kg,kg,0.4
2020-02-01,0.39,"Wheat (flour, first grade)",Tajikistan,Khujand,RETAIL,Kg,kg,0.39
2020-03-01,0.41,"Wheat (flour, first grade)",Tajikistan,Khujand,RETAIL,Kg,kg,0.41
2020-04-01,0.45,"Wheat (flour, first grade)",Tajikistan,Khujand,RETAIL,Kg,kg,0.45
2020-05-01,0.47,"Wheat (flour, first grade)",Tajikistan,Khujand,RETAIL,Kg,kg,0.47
2020-06-01,0.46,"Wheat (flour, first grade)",Tajikistan,Khujand,RETAIL,Kg,kg,0.46
2020-07-01,0.43,"Wheat (flour, first grade)",Tajikistan,Khujand,RETAIL,Kg,kg,0.43
2020-08-01,0.43,"Wheat (flour, first grade)",Tajikistan,Khujand,RETAIL,Kg,kg,0.43
2020-09-01,0.42,"Wheat (flour, first grade)",Tajikistan,Khujand,RETAIL,Kg,kg,0.42
2020-10-01,0.43,"Wheat (flour, first grade)",Tajikistan,Khujand,RETAIL,Kg,kg,0.43
2020-11-01,0.42,"Wheat (flour, first grade)",Tajikistan,Khujand,RETAIL,Kg,kg,0.42
2020-12-01,0.41,"Wheat (flour, first grade)",Tajikistan,Khujand,RETAIL,Kg,kg,0.41
2021-01-01,0.4,"Wheat (flour, first grade)",Tajikistan,Khujand,RETAIL,Kg,kg,0.4
2021-02-01,0.41,"Wheat (flour, first grade)",Tajikistan,Khujand,RETAIL,Kg,kg,0.41
2021-03-01,0.39,"Wheat (flour, first grade)",Tajikistan,Khujand,RETAIL,Kg,kg,0.39
2021-04-01,0.39,"Wheat (flour, first grade)",Tajikistan,Khujand,RETAIL,Kg,kg,0.39
2021-05-01,0.39,"Wheat (flour, first grade)",Tajikistan,Khujand,RETAIL,Kg,kg,0.39
2021-06-01,0.38,"Wheat (flour, first grade)",Tajikistan,Khujand,RETAIL,Kg,kg,0.38
2021-07-01,0.39,"Wheat (flour, first grade)",Tajikistan,Khujand,RETAIL,Kg,kg,0.39
2021-08-01,0.42,"Wheat (flour, first grade)",Tajikistan,Khujand,RETAIL,Kg,kg,0.42
2021-09-01,0.45,"Wheat (flour, first grade)",Tajikistan,Khujand,RETAIL,Kg,kg,0.45
2021-10-01,0.47,"Wheat (flour, first grade)",Tajikistan,Khujand,RETAIL,Kg,kg,0.47
2021-11-01,0.47,"Wheat (flour, first grade)",Tajikistan,Khujand,RETAIL,Kg,kg,0.47
2021-12-01,0.46,"Wheat (flour, first grade)",Tajikistan,Khujand,RETAIL,Kg,kg,0.46
2022-01-01,0.45,"Wheat (flour, first grade)",Tajikistan,Khujand,RETAIL,Kg,kg,0.45
2022-02-01,0.46,"Wheat (flour, first grade)",Tajikistan,Khujand,RETAIL,Kg,kg,0.46
2022-03-01,0.47,"Wheat (flour, first grade)",Tajikistan,Khujand,RETAIL,Kg,kg,0.47
2022-04-01,0.51,"Wheat (flour, first grade)",Tajikistan,Khujand,RETAIL,Kg,kg,0.51
2022-05-01,0.57,"Wheat (flour, first grade)",Tajikistan,Khujand,RETAIL,Kg,kg,0.57
2022-06-01,0.64,"Wheat (flour, first grade)",Tajikistan,Khujand,RETAIL,Kg,kg,0.64
2022-07-01,0.66,"Wheat (flour, first grade)",Tajikistan,Khujand,RETAIL,Kg,kg,0.66
2022-08-01,0.63,"Wheat (flour, first grade)",Tajikistan,Khujand,RETAIL,Kg,kg,0.63
2022-09-01,0.6,"Wheat (flour, first grade)",Tajikistan,Khujand,RETAIL,Kg,kg,0.6
2022-10-01,0.59,"Wheat (flour, first grade)",Tajikistan,Khujand,RETAIL,Kg,kg,0.59
2022-11-01,0.57,"Wheat (flour, first grade)",Tajikistan,Khujand,RETAIL,Kg,kg,0.57
2022-12-01,0.52,"Wheat (flour, first grade)",Tajikistan,Khujand,RETAIL,Kg,kg,0.52
2023-01-01,0.48,"Wheat (flour, first grade)",Tajikistan,Khujand,RETAIL,Kg,kg,0.48
2023-02-01,0.46,"Wheat (flour, first grade)",Tajikistan,Khujand,RETAIL,Kg,kg,0.46
2023-03-01,0.43,"Wheat (flour, first grade)",Tajikistan,Khujand,RETAIL,Kg,kg,0.43
2023-04-01,0.42,"Wheat (flour, first grade)",Tajikistan,Khujand,RETAIL,Kg,kg,0.42
2023-05-01,0.4,"Wheat (flour, first grade)",Tajikistan,Khujand,RETAIL,Kg,kg,0.4
2023-06-01,0.4,"Wheat (flour, first grade)",Tajikistan,Khujand,RETAIL,Kg,kg,0.4
2023-07-01,0.39,"Wheat (flour, first grade)",Tajikistan,Khujand,RETAIL,Kg,kg,0.39
2023-08-01,0.45,"Wheat (flour, first grade)",Tajikistan,Khujand,RETAIL,Kg,kg,0.45
2023-09-01,0.51,"Wheat (flour, first grade)",Tajikistan,Khujand,RETAIL,Kg,kg,0.51
2023-10-01,0.54,"Wheat (flour, first grade)",Tajikistan,Khujand,RETAIL,Kg,kg,0.54
2023-11-01,0.52,"Wheat (flour, first grade)",Tajikistan,Khujand,RETAIL,Kg,kg,0.52
2023-12-01,0.5,"Wheat (flour, first grade)",Tajikistan,Khujand,RETAIL,Kg,kg,0.5
2024-01-01,0.49,"Wheat (flour, first grade)",Tajikistan,Khujand,RETAIL,Kg,kg,0.49
2024-02-01,0.49,"Wheat (flour, first grade)",Tajikistan,Khujand,RETAIL,Kg,kg,0.49
2024-03-01,0.49,"Wheat (flour, first grade)",Tajikistan,Khujand,RETAIL,Kg,kg,0.49
2024-04-01,0.49,"Wheat (flour, first grade)",Tajikistan,Khujand,RETAIL,Kg,kg,0.49
2024-05-01,0.48,"Wheat (flour, first grade)",Tajikistan,Khujand,RETAIL,Kg,kg,0.48
2024-06-01,0.48,"Wheat (flour, first grade)",Tajikistan,Khujand,RETAIL,Kg,kg,0.48
2024-07-01,0.48,"Wheat (flour, first grade)",Tajikistan,Khujand,RETAIL,Kg,kg,0.48
2024-08-01,0.48,"Wheat (flour, first grade)",Tajikistan,Khujand,RETAIL,Kg,kg,0.48
2024-09-01,0.47,"Wheat (flour, first grade)",Tajikistan,Khujand,RETAIL,Kg,kg,0.47
2024-10-01,0.46,"Wheat (flour, first grade)",Tajikistan,Khujand,RETAIL,Kg,kg,0.46
2024-11-01,0.46,"Wheat (flour, first grade)",Tajikistan,Khujand,RETAIL,Kg,kg,0.46
2024-12-01,0.44,"Wheat (flour, first grade)",Tajikistan,Khujand,RETAIL,Kg,kg,0.44
2025-01-01,0.44,"Wheat (flour, first grade)",Tajikistan,Khujand,RETAIL,Kg,kg,0.44
2025-02-01,0.43,"Wheat (flour, first grade)",Tajikistan,Khujand,RETAIL,Kg,kg,0.43
2025-03-01,0.43,"Wheat (flour, first grade)",Tajikistan,Khujand,RETAIL,Kg,kg,0.43
2025-04-01,0.43,"Wheat (flour, first grade)",Tajikistan,Khujand,RETAIL,Kg,kg,0.43
2025-05-01,0.44,"Wheat (flour, first grade)",Tajikistan,Khujand,RETAIL,Kg,kg,0.44
2025-06-01,0.44,"Wheat (flour, first grade)",Tajikistan,Khujand,RETAIL,Kg,kg,0.44
2025-07-01,0.45,"Wheat (flour, first grade)",Tajikistan,Khujand,RETAIL,Kg,kg,0.45
2025-08-01,0.46,"Wheat (flour, first grade)",Tajikistan,Khujand,RETAIL,Kg,kg,0.46
2025-09-01,0.46,"Wheat (flour, first grade)",Tajikistan,Khujand,RETAIL,Kg,kg,0.46
2025-10-01,0.47,"Wheat (flour, first grade)",Tajikistan,Khujand,RETAIL,Kg,kg,0.47
2010-01-01,0.4,"Wheat (flour, first grade)",Tajikistan,National Average,RETAIL,Kg,kg,0.4
2010-02-01,0.4,"Wheat (flour, first grade)",Tajikistan,National Average,RETAIL,Kg,kg,0.4
2010-03-01,0.39,"Wheat (flour, first grade)",Tajikistan,National Average,RETAIL,Kg,kg,0.39
2010-04-01,0.39,"Wheat (flour, first grade)",Tajikistan,National Average,RETAIL,Kg,kg,0.39
2010-05-01,0.39,"Wheat (flour, first grade)",Tajikistan,National Average,RETAIL,Kg,kg,0.39
2010-06-01,0.39,"Wheat (flour, first grade)",Tajikistan,National Average,RETAIL,Kg,kg,0.39
2010-07-01,0.42,"Wheat (flour, first grade)",Tajikistan,National Average,RETAIL,Kg,kg,0.42
2010-08-01,0.45,"Wheat (flour, first grade)",Tajikistan,National Average,RETAIL,Kg,kg,0.45
2010-09-01,0.5,"Wheat (flour, first grade)",Tajikistan,National Average,RETAIL,Kg,kg,0.5
2010-10-01,0.53,"Wheat (flour, first grade)",Tajikistan,National Average,RETAIL,Kg,kg,0.53
2010-11-01,0.53,"Wheat (flour, first grade)",Tajikistan,National Average,RETAIL,Kg,kg,0.53
2010-12-01,0.53,"Wheat (flour, first grade)",Tajikistan,National Average,RETAIL,Kg,kg,0.53
2011-01-01,0.56,"Wheat (flour, first grade)",Tajikistan,National Average,RETAIL,Kg,kg,0.56
2011-02-01,0.58,"Wheat (flour, first grade)",Tajikistan,National Average,RETAIL,Kg,kg,0.58
2011-03-01,0.59,"Wheat (flour, first grade)",Tajikistan,National Average,RETAIL,Kg,kg,0.59
2011-04-01,0.58,"Wheat (flour, first grade)",Tajikistan,National Average,RETAIL,Kg,kg,0.58
2011-05-01,0.58,"Wheat (flour, first grade)",Tajikistan,National Average,RETAIL,Kg,kg,0.58
2011-06-01,0.57,"Wheat (flour, first grade)",Tajikistan,National Average,RETAIL,Kg,kg,0.57
2011-07-01,0.57,"Wheat (flour, first grade)",Tajikistan,National Average,RETAIL,Kg,kg,0.57
2011-08-01,0.56,"Wheat (flour, first grade)",Tajikistan,National Average,RETAIL,Kg,kg,0.56
2011-09-01,0.55,"Wheat (flour, first grade)",Tajikistan,National Average,RETAIL,Kg,kg,0.55
2011-10-01,0.53,"Wheat (flour, first grade)",Tajikistan,National Average,RETAIL,Kg,kg,0.53
2011-11-01,0.51,"Wheat (flour, first grade)",Tajikistan,National Average,RETAIL,Kg,kg,0.51
2011-12-01,,"Wheat (flour, first grade)",Tajikistan,National Average,RETAIL,Kg,kg,
2012-01-01,0.49,"Wheat (flour, first grade)",Tajikistan,National Average,RETAIL,Kg,kg,0.49
2012-02-01,0.48,"Wheat (flour, first grade)",Tajikistan,National Average,RETAIL,Kg,kg,0.48
2012-03-01,0.46,"Wheat (flour, first grade)",Tajikistan,National Average,RETAIL,Kg,kg,0.46
2012-04-01,0.45,"Wheat (flour, first grade)",Tajikistan,National Average,RETAIL,Kg,kg,0.45
2012-05-01,0.45,"Wheat (flour, first grade)",Tajikistan,National Average,RETAIL,Kg,kg,0.45
2012-06-01,0.45,"Wheat (flour, first grade)",Tajikistan,National Average,RETAIL,Kg,kg,0.45
2012-07-01,0.5,"Wheat (flour, first grade)",Tajikistan,National Average,RETAIL,Kg,kg,0.5
2012-08-01,0.57,"Wheat (flour, first grade)",Tajikistan,National Average,RETAIL,Kg,kg,0.57
2012-09-01,0.63,"Wheat (flour, first grade)",Tajikistan,National Average,RETAIL,Kg,kg,0.63
2012-10-01,0.68,"Wheat (flour, first grade)",Tajikistan,National Average,RETAIL,Kg,kg,0.68
2012-11-01,0.72,"Wheat (flour, first grade)",Tajikistan,National Average,RETAIL,Kg,kg,0.72
2012-12-01,0.67,"Wheat (flour, first grade)",Tajikistan,National Average,RETAIL,Kg,kg,0.67
2013-01-01,0.67,"Wheat (flour, first grade)",Tajikistan,National Average,RETAIL,Kg,kg,0.67
2013-02-01,0.67,"Wheat (flour, first grade)",Tajikistan,National Average,RETAIL,Kg,kg,0.67
2013-03-01,0.66,"Wheat (flour, first grade)",Tajikistan,National Average,RETAIL,Kg,kg,0.66
2013-04-01,0.63,"Wheat (flour, first grade)",Tajikistan,National Average,RETAIL,Kg,kg,0.63
2013-05-01,0.61,"Wheat (flour, first grade)",Tajikistan,National Average,RETAIL,Kg,kg,0.61
2013-06-01,0.61,"Wheat (flour, first grade)",Tajikistan,National Average,RETAIL,Kg,kg,0.61
2013-07-01,0.6,"Wheat (flour, first grade)",Tajikistan,National Average,RETAIL,Kg,kg,0.6
2013-08-01,0.6,"Wheat (flour, first grade)",Tajikistan,National Average,RETAIL,Kg,kg,0.6
2013-09-01,0.6,"Wheat (flour, first grade)",Tajikistan,National Average,RETAIL,Kg,kg,0.6
2013-10-01,0.6,"Wheat (flour, first grade)",Tajikistan,National Average,RETAIL,Kg,kg,0.6
2013-11-01,0.6,"Wheat (flour, first grade)",Tajikistan,National Average,RETAIL,Kg,kg,0.6
2013-12-01,0.59,"Wheat (flour, first grade)",Tajikistan,National Average,RETAIL,Kg,kg,0.59
2014-01-01,0.56,"Wheat (flour, first grade)",Tajikistan,National Average,RETAIL,Kg,kg,0.56
2014-02-01,0.55,"Wheat (flour, first grade)",Tajikistan,National Average,RETAIL,Kg,kg,0.55
2014-03-01,0.54,"Wheat (flour, first grade)",Tajikistan,National Average,RETAIL,Kg,kg,0.54
2014-04-01,0.55,"Wheat (flour, first grade)",Tajikistan,National Average,RETAIL,Kg,kg,0.55
2014-05-01,0.55,"Wheat (flour, first grade)",Tajikistan,National Average,RETAIL,Kg,kg,0.55
2014-06-01,0.57,"Wheat (flour, first grade)",Tajikistan,National Average,RETAIL,Kg,kg,0.57
2014-07-01,0.57,"Wheat (flour, first grade)",Tajikistan,National Average,RETAIL,Kg,kg,0.57
2014-08-01,0.57,"Wheat (flour, first grade)",Tajikistan,National Average,RETAIL,Kg,kg,0.57
2014-09-01,0.58,"Wheat (flour, first grade)",Tajikistan,National Average,RETAIL,Kg,kg,0.58
2014-10-01,0.58,"Wheat (flour, first grade)",Tajikistan,National Average,RETAIL,Kg,kg,0.58
2014-11-01,0.6,"Wheat (flour, first grade)",Tajikistan,National Average,RETAIL,Kg,kg,0.6
2014-12-01,0.61,"Wheat (flour, first grade)",Tajikistan,National Average,RETAIL,Kg,kg,0.61
2015-01-01,0.6,"Wheat (flour, first grade)",Tajikistan,National Average,RETAIL,Kg,kg,0.6
2015-02-01,0.59,"Wheat (flour, first grade)",Tajikistan,National Average,RETAIL,Kg,kg,0.59
2015-03-01,0.59,"Wheat (flour, first grade)",Tajikistan,National Average,RETAIL,Kg,kg,0.59
2015-04-01,0.56,"Wheat (flour, first grade)",Tajikistan,National Average,RETAIL,Kg,kg,0.56
2015-05-01,0.54,"Wheat (flour, first grade)",Tajikistan,National Average,RETAIL,Kg,kg,0.54
2015-06-01,0.53,"Wheat (flour, first grade)",Tajikistan,National Average,RETAIL,Kg,kg,0.53
2015-07-01,0.55,"Wheat (flour, first grade)",Tajikistan,National Average,RETAIL,Kg,kg,0.55
2015-08-01,0.55,"Wheat (flour, first grade)",Tajikistan,National Average,RETAIL,Kg,kg,0.55
2015-09-01,0.54,"Wheat (flour, first grade)",Tajikistan,National Average,RETAIL,Kg,kg,0.54
2015-10-01,0.52,"Wheat (flour, first grade)",Tajikistan,National Average,RETAIL,Kg,kg,0.52
2015-11-01,0.51,"Wheat (flour, first grade)",Tajikistan,National Average,RETAIL,Kg,kg,0.51
2015-12-01,0.5,"Wheat (flour, first grade)",Tajikistan,National Average,RETAIL,Kg,kg,0.5
2016-01-01,0.47,"Wheat (flour, first grade)",Tajikistan,National Average,RETAIL,Kg,kg,0.47
2016-02-01,0.44,"Wheat (flour, first grade)",Tajikistan,National Average,RETAIL,Kg,kg,0.44
2016-03-01,0.43,"Wheat (flour, first grade)",Tajikistan,National Average,RETAIL,Kg,kg,0.43
2016-04-01,0.43,"Wheat (flour, first grade)",Tajikistan,National Average,RETAIL,Kg,kg,0.43
2016-05-01,0.43,"Wheat (flour, first grade)",Tajikistan,National Average,RETAIL,Kg,kg,0.43
2016-06-01,0.43,"Wheat (flour, first grade)",Tajikistan,National Average,RETAIL,Kg,kg,0.43
2016-07-01,0.43,"Wheat (flour, first grade)",Tajikistan,National Average,RETAIL,Kg,kg,0.43
2016-08-01,0.43,"Wheat (flour, first grade)",Tajikistan,National Average,RETAIL,Kg,kg,0.43
2016-09-01,0.43,"Wheat (flour, first grade)",Tajikistan,National Average,RETAIL,Kg,kg,0.43
2016-10-01,0.43,"Wheat (flour, first grade)",Tajikistan,National Average,RETAIL,Kg,kg,0.43
2016-11-01,0.43,"Wheat (flour, first grade)",Tajikistan,National Average,RETAIL,Kg,kg,0.43
2016-12-01,0.43,"Wheat (flour, first grade)",Tajikistan,National Average,RETAIL,Kg,kg,0.43
2017-01-01,0.44,"Wheat (flour, first grade)",Tajikistan,National Average,RETAIL,Kg,kg,0.44
2017-02-01,0.43,"Wheat (flour, first grade)",Tajikistan,National Average,RETAIL,Kg,kg,0.43
2017-03-01,0.42,"Wheat (flour, first grade)",Tajikistan,National Average,RETAIL,Kg,kg,0.42
2017-04-01,0.41,"Wheat (flour, first grade)",Tajikistan,National Average,RETAIL,Kg,kg,0.41
2017-05-01,0.41,"Wheat (flour, first grade)",Tajikistan,National Average,RETAIL,Kg,kg,0.41
2017-06-01,0.4,"Wheat (flour, first grade)",Tajikistan,National Average,RETAIL,Kg,kg,0.4
2017-07-01,0.4,"Wheat (flour, first grade)",Tajikistan,National Average,RETAIL,Kg,kg,0.4
2017-08-01,0.4,"Wheat (flour, first grade)",Tajikistan,National Average,RETAIL,Kg,kg,0.4
2017-09-01,0.4,"Wheat (flour, first grade)",Tajikistan,National Average,RETAIL,Kg,kg,0.4
2017-10-01,0.4,"Wheat (flour, first grade)",Tajikistan,National Average,RETAIL,Kg,kg,0.4
2017-11-01,0.4,"Wheat (flour, first grade)",Tajikistan,National Average,RETAIL,Kg,kg,0.4
2017-12-01,0.4,"Wheat (flour, first grade)",Tajikistan,National Average,RETAIL,Kg,kg,0.4
2018-01-01,0.39,"Wheat (flour, first grade)",Tajikistan,National Average,RETAIL,Kg,kg,0.39
2018-02-01,0.39,"Wheat (flour, first grade)",Tajikistan,National Average,RETAIL,Kg,kg,0.39
2018-03-01,0.39,"Wheat (flour, first grade)",Tajikistan,National Average,RETAIL,Kg,kg,0.39
2018-04-01,0.38,"Wheat (flour, first grade)",Tajikistan,National Average,RETAIL,Kg,kg,0.38
2018-05-01,0.38,"Wheat (flour, first grade)",Tajikistan,National Average,RETAIL,Kg,kg,0.38
2018-06-01,0.37,"Wheat (flour, first grade)",Tajikistan,National Average,RETAIL,Kg,kg,0.37
2018-07-01,0.37,"Wheat (flour, first grade)",Tajikistan,National Average,RETAIL,Kg,kg,0.37
2018-08-01,0.36,"Wheat (flour, first grade)",Tajikistan,National Average,RETAIL,Kg,kg,0.36
2018-09-01,0.37,"Wheat (flour, first grade)",Tajikistan,National Average,RETAIL,Kg,kg,0.37
2018-10-01,0.38,"Wheat (flour, first grade)",Tajikistan,National Average,RETAIL,Kg,kg,0.38
2018-11-01,0.38,"Wheat (flour, first grade)",Tajikistan,National Average,RETAIL,Kg,kg,0.38
2018-12-01,0.38,"Wheat (flour, first grade)",Tajikistan,National Average,RETAIL,Kg,kg,0.38
2019-01-01,0.38,"Wheat (flour, first grade)",Tajikistan,National Average,RETAIL,Kg,kg,0.38
2019-02-01,0.38,"Wheat (flour, first grade)",Tajikistan,National Average,RETAIL,Kg,kg,0.38
2019-03-01,0.38,"Wheat (flour, first grade)",Tajikistan,National Average,RETAIL,Kg,kg,0.38
2019-04-01,0.38,"Wheat (flour, first grade)",Tajikistan,National Average,RETAIL,Kg,kg,0.38
2019-05-01,0.38,"Wheat (flour, first grade)",Tajikistan,National Average,RETAIL,Kg,kg,0.38
2019-06-01,0.38,"Wheat (flour, first grade)",Tajikistan,National Average,RETAIL,Kg,kg,0.38
2019-07-01,0.38,"Wheat (flour, first grade)",Tajikistan,National Average,RETAIL,Kg,kg,0.38
2019-08-01,0.38,"Wheat (flour, first grade)",Tajikistan,National Average,RETAIL,Kg,kg,0.38
2019-09-01,0.37,"Wheat (flour, first grade)",Tajikistan,National Average,RETAIL,Kg,kg,0.37
2019-10-01,0.37,"Wheat (flour, first grade)",Tajikistan,National Average,RETAIL,Kg,kg,0.37
2019-11-01,0.37,"Wheat (flour, first grade)",Tajikistan,National Average,RETAIL,Kg,kg,0.37
2019-12-01,0.37,"Wheat (flour, first grade)",Tajikistan,National Average,RETAIL,Kg,kg,0.37
2020-01-01,0.44,"Wheat (flour, first grade)",Tajikistan,National Average,RETAIL,Kg,kg,0.44
2020-02-01,,"Wheat (flour, first grade)",Tajikistan,National Average,RETAIL,Kg,kg,
2020-03-01,0.44,"Wheat (flour, first grade)",Tajikistan,National Average,RETAIL,Kg,kg,0.44
2020-04-01,0.45,"Wheat (flour, first grade)",Tajikistan,National Average,RETAIL,Kg,kg,0.45
2020-05-01,0.51,"Wheat (flour, first grade)",Tajikistan,National Average,RETAIL,Kg,kg,0.51
2020-06-01,0.5,"Wheat (flour, first grade)",Tajikistan,National Average,RETAIL,Kg,kg,0.5
2020-07-01,0.49,"Wheat (flour, first grade)",Tajikistan,National Average,RETAIL,Kg,kg,0.49
2020-08-01,0.49,"Wheat (flour, first grade)",Tajikistan,National Average,RETAIL,Kg,kg,0.49
2020-09-01,0.49,"Wheat (flour, first grade)",Tajikistan,National Average,RETAIL,Kg,kg,0.49
2020-10-01,0.48,"Wheat (flour, first grade)",Tajikistan,National Average,RETAIL,Kg,kg,0.48
2020-11-01,0.45,"Wheat (flour, first grade)",Tajikistan,National Average,RETAIL,Kg,kg,0.45
2020-12-01,0.44,"Wheat (flour, first grade)",Tajikistan,National Average,RETAIL,Kg,kg,0.44
2021-01-01,0.44,"Wheat (flour, first grade)",Tajikistan,National Average,RETAIL,Kg,kg,0.44
2021-02-01,0.45,"Wheat (flour, first grade)",Tajikistan,National Average,RETAIL,Kg,kg,0.45
2021-03-01,0.45,"Wheat (flour, first grade)",Tajikistan,National Average,RETAIL,Kg,kg,0.45
2021-04-01,0.45,"Wheat (flour, first grade)",Tajikistan,National Average,RETAIL,Kg,kg,0.45
2021-05-01,0.45,"Wheat (flour, first grade)",Tajikistan,National Average,RETAIL,Kg,kg,0.45
2021-06-01,0.44,"Wheat (flour, first grade)",Tajikistan,National Average,RETAIL,Kg,kg,0.44
2021-07-01,0.43,"Wheat (flour, first grade)",Tajikistan,National Average,RETAIL,Kg,kg,0.43
2021-08-01,0.44,"Wheat (flour, first grade)",Tajikistan,National Average,RETAIL,Kg,kg,0.44
2021-09-01,0.47,"Wheat (flour, first grade)",Tajikistan,National Average,RETAIL,Kg,kg,0.47
2021-10-01,0.5,"Wheat (flour, first grade)",Tajikistan,National Average,RETAIL,Kg,kg,0.5
2021-11-01,0.51,"Wheat (flour, first grade)",Tajikistan,National Average,RETAIL,Kg,kg,0.51
2021-12-01,0.51,"Wheat (flour, first grade)",Tajikistan,National Average,RETAIL,Kg,kg,0.51
2022-01-01,0.62,"Wheat (flour, first grade)",Tajikistan,National Average,RETAIL,Kg,kg,0.62
2022-02-01,0.62,"Wheat (flour, first grade)",Tajikistan,National Average,RETAIL,Kg,kg,0.62
2022-03-01,0.6,"Wheat (flour, first grade)",Tajikistan,National Average,RETAIL,Kg,kg,0.6
2022-04-01,0.62,"Wheat (flour, first grade)",Tajikistan,National Average,RETAIL,Kg,kg,0.62
2022-05-01,0.73,"Wheat (flour, first grade)",Tajikistan,National Average,RETAIL,Kg,kg,0.73
2022-06-01,0.75,"Wheat (flour, first grade)",Tajikistan,National Average,RETAIL,Kg,kg,0.75
2022-07-01,0.79,"Wheat (flour, first grade)",Tajikistan,National Average,RETAIL,Kg,kg,0.79
2022-08-01,0.79,"Wheat (flour, first grade)",Tajikistan,National Average,RETAIL,Kg,kg,0.79
2022-09-01,0.78,"Wheat (flour, first grade)",Tajikistan,National Average,RETAIL,Kg,kg,0.78
2022-10-01,0.77,"Wheat (flour, first grade)",Tajikistan,National Average,RETAIL,Kg,kg,0.77
2022-11-01,0.76,"Wheat (flour, first grade)",Tajikistan,National Average,RETAIL,Kg,kg,0.76
2022-12-01,0.76,"Wheat (flour, first grade)",Tajikistan,National Average,RETAIL,Kg,kg,0.76
2023-01-01,0.76,"Wheat (flour, first grade)",Tajikistan,National Average,RETAIL,Kg,kg,0.76
2023-02-01,0.74,"Wheat (flour, first grade)",Tajikistan,National Average,RETAIL,Kg,kg,0.74
2023-03-01,0.71,"Wheat (flour, first grade)",Tajikistan,National Average,RETAIL,Kg,kg,0.71
2023-04-01,0.65,"Wheat (flour, first grade)",Tajikistan,National Average,RETAIL,Kg,kg,0.65
2023-05-01,,"Wheat (flour, first grade)",Tajikistan,National Average,RETAIL,Kg,kg,
2023-06-01,0.65,"Wheat (flour, first grade)",Tajikistan,National Average,RETAIL,Kg,kg,0.65
2023-07-01,0.64,"Wheat (flour, first grade)",Tajikistan,National Average,RETAIL,Kg,kg,0.64
2023-08-01,0.65,"Wheat (flour, first grade)",Tajikistan,National Average,RETAIL,Kg,kg,0.65
2023-09-01,0.73,"Wheat (flour, first grade)",Tajikistan,National Average,RETAIL,Kg,kg,0.73
2023-10-01,0.79,"Wheat (flour, first grade)",Tajikistan,National Average,RETAIL,Kg,kg,0.79
2023-11-01,0.77,"Wheat (flour, first grade)",Tajikistan,National Average,RETAIL,Kg,kg,0.77
2023-12-01,0.77,"Wheat (flour, first grade)",Tajikistan,National Average,RETAIL,Kg,kg,0.77
2024-01-01,0.76,"Wheat (flour, first grade)",Tajikistan,National Average,RETAIL,Kg,kg,0.76
2024-02-01,0.75,"Wheat (flour, first grade)",Tajikistan,National Average,RETAIL,Kg,kg,0.75
2024-03-01,0.75,"Wheat (flour, first grade)",Tajikistan,National Average,RETAIL,Kg,kg,0.75
2024-04-01,0.75,"Wheat (flour, first grade)",Tajikistan,National Average,RETAIL,Kg,kg,0.75
2024-05-01,0.75,"Wheat (flour, first grade)",Tajikistan,National Average,RETAIL,Kg,kg,0.75
2024-06-01,0.75,"Wheat (flour, first grade)",Tajikistan,National Average,RETAIL,Kg,kg,0.75
2024-07-01,0.62,"Wheat (flour, first grade)",Tajikistan,National Average,RETAIL,Kg,kg,0.62
2024-08-01,0.63,"Wheat (flour, first grade)",Tajikistan,National Average,RETAIL,Kg,kg,0.63
2024-09-01,0.61,"Wheat (flour, first grade)",Tajikistan,National Average,RETAIL,Kg,kg,0.61
2024-10-01,0.78,"Wheat (flour, first grade)",Tajikistan,National Average,RETAIL,Kg,kg,0.78
2024-11-01,0.77,"Wheat (flour, first grade)",Tajikistan,National Average,RETAIL,Kg,kg,0.77
2024-12-01,0.74,"Wheat (flour, first grade)",Tajikistan,National Average,RETAIL,Kg,kg,0.74
2025-01-01,0.72,"Wheat (flour, first grade)",Tajikistan,National Average,RETAIL,Kg,kg,0.72
2025-02-01,0.72,"Wheat (flour, first grade)",Tajikistan,National Average,RETAIL,Kg,kg,0.72
2025-03-01,0.72,"Wheat (flour, first grade)",Tajikistan,National Average,RETAIL,Kg,kg,0.72
2025-04-01,0.72,"Wheat (flour, first grade)",Tajikistan,National Average,RETAIL,Kg,kg,0.72
2025-05-01,0.76,"Wheat (flour, first grade)",Tajikistan,National Average,RETAIL,Kg,kg,0.76
2025-06-01,0.79,"Wheat (flour, first grade)",Tajikistan,National Average,RETAIL,Kg,kg,0.79
2025-07-01,0.81,"Wheat (flour, first grade)",Tajikistan,National Average,RETAIL,Kg,kg,0.81
2025-08-01,0.81,"Wheat (flour, first grade)",Tajikistan,National Average,RETAIL,Kg,kg,0.81
2025-09-01,0.81,"Wheat (flour, first grade)",Tajikistan,National Average,RETAIL,Kg,kg,0.81
2010-01-01,0.37,"Wheat (flour, first grade)",Tajikistan,Sughd,RETAIL,Kg,kg,0.37
2010-02-01,0.37,"Wheat (flour, first grade)",Tajikistan,Sughd,RETAIL,Kg,kg,0.37
2010-03-01,0.34,"Wheat (flour, first grade)",Tajikistan,Sughd,RETAIL,Kg,kg,0.34
2010-04-01,0.34,"Wheat (flour, first grade)",Tajikistan,Sughd,RETAIL,Kg,kg,0.34
2010-05-01,0.34,"Wheat (flour, first grade)",Tajikistan,Sughd,RETAIL,Kg,kg,0.34
2010-06-01,0.34,"Wheat (flour, first grade)",Tajikistan,Sughd,RETAIL,Kg,kg,0.34
2010-07-01,0.39,"Wheat (flour, first grade)",Tajikistan,Sughd,RETAIL,Kg,kg,0.39
2010-08-01,0.43,"Wheat (flour, first grade)",Tajikistan,Sughd,RETAIL,Kg,kg,0.43
2010-09-01,0.48,"Wheat (flour, first grade)",Tajikistan,Sughd,RETAIL,Kg,kg,0.48
2010-10-01,0.48,"Wheat (flour, first grade)",Tajikistan,Sughd,RETAIL,Kg,kg,0.48
2010-11-01,0.48,"Wheat (flour, first grade)",Tajikistan,Sughd,RETAIL,Kg,kg,0.48
2010-12-01,0.48,"Wheat (flour, first grade)",Tajikistan,Sughd,RETAIL,Kg,kg,0.48
2011-01-01,0.55,"Wheat (flour, first grade)",Tajikistan,Sughd,RETAIL,Kg,kg,0.55
2011-02-01,0.55,"Wheat (flour, first grade)",Tajikistan,Sughd,RETAIL,Kg,kg,0.55
2011-03-01,0.55,"Wheat (flour, first grade)",Tajikistan,Sughd,RETAIL,Kg,kg,0.55
2011-04-01,0.54,"Wheat (flour, first grade)",Tajikistan,Sughd,RETAIL,Kg,kg,0.54
2011-05-01,0.54,"Wheat (flour, first grade)",Tajikistan,Sughd,RETAIL,Kg,kg,0.54
2011-06-01,0.54,"Wheat (flour, first grade)",Tajikistan,Sughd,RETAIL,Kg,kg,0.54
2011-07-01,0.53,"Wheat (flour, first grade)",Tajikistan,Sughd,RETAIL,Kg,kg,0.53
2011-08-01,0.53,"Wheat (flour, first grade)",Tajikistan,Sughd,RETAIL,Kg,kg,0.53
2011-09-01,0.5,"Wheat (flour, first grade)",Tajikistan,Sughd,RETAIL,Kg,kg,0.5
2011-10-01,0.49,"Wheat (flour, first grade)",Tajikistan,Sughd,RETAIL,Kg,kg,0.49
2011-11-01,0.46,"Wheat (flour, first grade)",Tajikistan,Sughd,RETAIL,Kg,kg,0.46
2011-12-01,,"Wheat (flour, first grade)",Tajikistan,Sughd,RETAIL,Kg,kg,
2012-01-01,0.42,"Wheat (flour, first grade)",Tajikistan,Sughd,RETAIL,Kg,kg,0.42
2012-02-01,0.41,"Wheat (flour, first grade)",Tajikistan,Sughd,RETAIL,Kg,kg,0.41
2012-03-01,0.4,"Wheat (flour, first grade)",Tajikistan,Sughd,RETAIL,Kg,kg,0.4
2012-04-01,0.38,"Wheat (flour, first grade)",Tajikistan,Sughd,RETAIL,Kg,kg,0.38
2012-05-01,0.4,"Wheat (flour, first grade)",Tajikistan,Sughd,RETAIL,Kg,kg,0.4
2012-06-01,0.4,"Wheat (flour, first grade)",Tajikistan,Sughd,RETAIL,Kg,kg,0.4
2012-07-01,0.48,"Wheat (flour, first grade)",Tajikistan,Sughd,RETAIL,Kg,kg,0.48
2012-08-01,0.54,"Wheat (flour, first grade)",Tajikistan,Sughd,RETAIL,Kg,kg,0.54
2012-09-01,0.58,"Wheat (flour, first grade)",Tajikistan,Sughd,RETAIL,Kg,kg,0.58
2012-10-01,0.66,"Wheat (flour, first grade)",Tajikistan,Sughd,RETAIL,Kg,kg,0.66
2012-11-01,0.69,"Wheat (flour, first grade)",Tajikistan,Sughd,RETAIL,Kg,kg,0.69
2012-12-01,0.64,"Wheat (flour, first grade)",Tajikistan,Sughd,RETAIL,Kg,kg,0.64
2013-01-01,0.62,"Wheat (flour, first grade)",Tajikistan,Sughd,RETAIL,Kg,kg,0.62
2013-02-01,0.62,"Wheat (flour, first grade)",Tajikistan,Sughd,RETAIL,Kg,kg,0.62
2013-03-01,0.62,"Wheat (flour, first grade)",Tajikistan,Sughd,RETAIL,Kg,kg,0.62
2013-04-01,0.6,"Wheat (flour, first grade)",Tajikistan,Sughd,RETAIL,Kg,kg,0.6
2013-05-01,0.58,"Wheat (flour, first grade)",Tajikistan,Sughd,RETAIL,Kg,kg,0.58
2013-06-01,0.58,"Wheat (flour, first grade)",Tajikistan,Sughd,RETAIL,Kg,kg,0.58
2013-07-01,0.57,"Wheat (flour, first grade)",Tajikistan,Sughd,RETAIL,Kg,kg,0.57
2013-08-01,0.57,"Wheat (flour, first grade)",Tajikistan,Sughd,RETAIL,Kg,kg,0.57
2013-09-01,0.57,"Wheat (flour, first grade)",Tajikistan,Sughd,RETAIL,Kg,kg,0.57
2013-10-01,0.56,"Wheat (flour, first grade)",Tajikistan,Sughd,RETAIL,Kg,kg,0.56
2013-11-01,0.55,"Wheat (flour, first grade)",Tajikistan,Sughd,RETAIL,Kg,kg,0.55
2013-12-01,0.55,"Wheat (flour, first grade)",Tajikistan,Sughd,RETAIL,Kg,kg,0.55
2014-01-01,0.5,"Wheat (flour, first grade)",Tajikistan,Sughd,RETAIL,Kg,kg,0.5
2014-02-01,0.5,"Wheat (flour, first grade)",Tajikistan,Sughd,RETAIL,Kg,kg,0.5
2014-03-01,0.5,"Wheat (flour, first grade)",Tajikistan,Sughd,RETAIL,Kg,kg,0.5
2014-04-01,0.5,"Wheat (flour, first grade)",Tajikistan,Sughd,RETAIL,Kg,kg,0.5
2014-05-01,0.53,"Wheat (flour, first grade)",Tajikistan,Sughd,RETAIL,Kg,kg,0.53
2014-06-01,0.54,"Wheat (flour, first grade)",Tajikistan,Sughd,RETAIL,Kg,kg,0.54
2014-07-01,0.54,"Wheat (flour, first grade)",Tajikistan,Sughd,RETAIL,Kg,kg,0.54
2014-08-01,0.54,"Wheat (flour, first grade)",Tajikistan,Sughd,RETAIL,Kg,kg,0.54
2014-09-01,0.55,"Wheat (flour, first grade)",Tajikistan,Sughd,RETAIL,Kg,kg,0.55
2014-10-01,0.55,"Wheat (flour, first grade)",Tajikistan,Sughd,RETAIL,Kg,kg,0.55
2014-11-01,0.58,"Wheat (flour, first grade)",Tajikistan,Sughd,RETAIL,Kg,kg,0.58
2014-12-01,0.58,"Wheat (flour, first grade)",Tajikistan,Sughd,RETAIL,Kg,kg,0.58
2015-01-01,0.57,"Wheat (flour, first grade)",Tajikistan,Sughd,RETAIL,Kg,kg,0.57
2015-02-01,0.56,"Wheat (flour, first grade)",Tajikistan,Sughd,RETAIL,Kg,kg,0.56
2015-03-01,0.56,"Wheat (flour, first grade)",Tajikistan,Sughd,RETAIL,Kg,kg,0.56
2015-04-01,0.54,"Wheat (flour, first grade)",Tajikistan,Sughd,RETAIL,Kg,kg,0.54
2015-05-01,0.52,"Wheat (flour, first grade)",Tajikistan,Sughd,RETAIL,Kg,kg,0.52
2015-06-01,0.5,"Wheat (flour, first grade)",Tajikistan,Sughd,RETAIL,Kg,kg,0.5
2015-07-01,0.52,"Wheat (flour, first grade)",Tajikistan,Sughd,RETAIL,Kg,kg,0.52
2015-08-01,0.52,"Wheat (flour, first grade)",Tajikistan,Sughd,RETAIL,Kg,kg,0.52
2015-09-01,0.51,"Wheat (flour, first grade)",Tajikistan,Sughd,RETAIL,Kg,kg,0.51
2015-10-01,0.49,"Wheat (flour, first grade)",Tajikistan,Sughd,RETAIL,Kg,kg,0.49
2015-11-01,0.48,"Wheat (flour, first grade)",Tajikistan,Sughd,RETAIL,Kg,kg,0.48
2015-12-01,0.47,"Wheat (flour, first grade)",Tajikistan,Sughd,RETAIL,Kg,kg,0.47
2016-01-01,0.46,"Wheat (flour, first grade)",Tajikistan,Sughd,RETAIL,Kg,kg,0.46
2016-02-01,0.42,"Wheat (flour, first grade)",Tajikistan,Sughd,RETAIL,Kg,kg,0.42
2016-03-01,0.4,"Wheat (flour, first grade)",Tajikistan,Sughd,RETAIL,Kg,kg,0.4
2016-04-01,0.4,"Wheat (flour, first grade)",Tajikistan,Sughd,RETAIL,Kg,kg,0.4
2016-05-01,0.4,"Wheat (flour, first grade)",Tajikistan,Sughd,RETAIL,Kg,kg,0.4
2016-06-01,0.41,"Wheat (flour, first grade)",Tajikistan,Sughd,RETAIL,Kg,kg,0.41
2016-07-01,0.41,"Wheat (flour, first grade)",Tajikistan,Sughd,RETAIL,Kg,kg,0.41
2016-08-01,0.41,"Wheat (flour, first grade)",Tajikistan,Sughd,RETAIL,Kg,kg,0.41
2016-09-01,0.41,"Wheat (flour, first grade)",Tajikistan,Sughd,RETAIL,Kg,kg,0.41
2016-10-01,0.41,"Wheat (flour, first grade)",Tajikistan,Sughd,RETAIL,Kg,kg,0.41
2016-11-01,0.41,"Wheat (flour, first grade)",Tajikistan,Sughd,RETAIL,Kg,kg,0.41
2016-12-01,0.41,"Wheat (flour, first grade)",Tajikistan,Sughd,RETAIL,Kg,kg,0.41
2017-01-01,0.41,"Wheat (flour, first grade)",Tajikistan,Sughd,RETAIL,Kg,kg,0.41
2017-02-01,0.41,"Wheat (flour, first grade)",Tajikistan,Sughd,RETAIL,Kg,kg,0.41
2017-03-01,0.4,"Wheat (flour, first grade)",Tajikistan,Sughd,RETAIL,Kg,kg,0.4
2017-04-01,0.38,"Wheat (flour, first grade)",Tajikistan,Sughd,RETAIL,Kg,kg,0.38
2017-05-01,0.38,"Wheat (flour, first grade)",Tajikistan,Sughd,RETAIL,Kg,kg,0.38
2017-06-01,0.37,"Wheat (flour, first grade)",Tajikistan,Sughd,RETAIL,Kg,kg,0.37
2017-07-01,0.37,"Wheat (flour, first grade)",Tajikistan,Sughd,RETAIL,Kg,kg,0.37
2017-08-01,0.37,"Wheat (flour, first grade)",Tajikistan,Sughd,RETAIL,Kg,kg,0.37
2017-09-01,0.37,"Wheat (flour, first grade)",Tajikistan,Sughd,RETAIL,Kg,kg,0.37
2017-10-01,0.37,"Wheat (flour, first grade)",Tajikistan,Sughd,RETAIL,Kg,kg,0.37
2017-11-01,0.37,"Wheat (flour, first grade)",Tajikistan,Sughd,RETAIL,Kg,kg,0.37
2017-12-01,0.37,"Wheat (flour, first grade)",Tajikistan,Sughd,RETAIL,Kg,kg,0.37
2018-01-01,0.36,"Wheat (flour, first grade)",Tajikistan,Sughd,RETAIL,Kg,kg,0.36
2018-02-01,0.36,"Wheat (flour, first grade)",Tajikistan,Sughd,RETAIL,Kg,kg,0.36
2018-03-01,0.36,"Wheat (flour, first grade)",Tajikistan,Sughd,RETAIL,Kg,kg,0.36
2018-04-01,0.36,"Wheat (flour, first grade)",Tajikistan,Sughd,RETAIL,Kg,kg,0.36
2018-05-01,0.36,"Wheat (flour, first grade)",Tajikistan,Sughd,RETAIL,Kg,kg,0.36
2018-06-01,0.35,"Wheat (flour, first grade)",Tajikistan,Sughd,RETAIL,Kg,kg,0.35
2018-07-01,0.34,"Wheat (flour, first grade)",Tajikistan,Sughd,RETAIL,Kg,kg,0.34
2018-08-01,0.34,"Wheat (flour, first grade)",Tajikistan,Sughd,RETAIL,Kg,kg,0.34
2018-09-01,0.35,"Wheat (flour, first grade)",Tajikistan,Sughd,RETAIL,Kg,kg,0.35
2018-10-01,0.37,"Wheat (flour, first grade)",Tajikistan,Sughd,RETAIL,Kg,kg,0.37
2018-11-01,0.38,"Wheat (flour, first grade)",Tajikistan,Sughd,RETAIL,Kg,kg,0.38
2018-12-01,0.37,"Wheat (flour, first grade)",Tajikistan,Sughd,RETAIL,Kg,kg,0.37
2019-01-01,0.4,"Wheat (flour, first grade)",Tajikistan,Sughd,RETAIL,Kg,kg,0.4
2019-02-01,0.39,"Wheat (flour, first grade)",Tajikistan,Sughd,RETAIL,Kg,kg,0.39
2019-03-01,0.38,"Wheat (flour, first grade)",Tajikistan,Sughd,RETAIL,Kg,kg,0.38
2019-04-01,0.37,"Wheat (flour, first grade)",Tajikistan,Sughd,RETAIL,Kg,kg,0.37
2019-05-01,0.37,"Wheat (flour, first grade)",Tajikistan,Sughd,RETAIL,Kg,kg,0.37
2019-06-01,0.37,"Wheat (flour, first grade)",Tajikistan,Sughd,RETAIL,Kg,kg,0.37
2019-07-01,0.37,"Wheat (flour, first grade)",Tajikistan,Sughd,RETAIL,Kg,kg,0.37
2019-08-01,0.38,"Wheat (flour, first grade)",Tajikistan,Sughd,RETAIL,Kg,kg,0.38
2019-09-01,0.4,"Wheat (flour, first grade)",Tajikistan,Sughd,RETAIL,Kg,kg,0.4
2019-10-01,0.42,"Wheat (flour, first grade)",Tajikistan,Sughd,RETAIL,Kg,kg,0.42
2019-11-01,0.44,"Wheat (flour, first grade)",Tajikistan,Sughd,RETAIL,Kg,kg,0.44
2019-12-01,0.44,"Wheat (flour, first grade)",Tajikistan,Sughd,RETAIL,Kg,kg,0.44
2020-01-01,0.44,"Wheat (flour, first grade)",Tajikistan,Sughd,RETAIL,Kg,kg,0.44
2020-02-01,,"Wheat (flour, first grade)",Tajikistan,Sughd,RETAIL,Kg,kg,
2020-03-01,0.43,"Wheat (flour, first grade)",Tajikistan,Sughd,RETAIL,Kg,kg,0.43
2020-04-01,0.46,"Wheat (flour, first grade)",Tajikistan,Sughd,RETAIL,Kg,kg,0.46
2020-05-01,0.52,"Wheat (flour, first grade)",Tajikistan,Sughd,RETAIL,Kg,kg,0.52
2020-06-01,0.51,"Wheat (flour, first grade)",Tajikistan,Sughd,RETAIL,Kg,kg,0.51
2020-07-01,0.51,"Wheat (flour, first grade)",Tajikistan,Sughd,RETAIL,Kg,kg,0.51
2020-08-01,0.51,"Wheat (flour, first grade)",Tajikistan,Sughd,RETAIL,Kg,kg,0.51
2020-09-01,0.51,"Wheat (flour, first grade)",Tajikistan,Sughd,RETAIL,Kg,kg,0.51
2020-10-01,0.48,"Wheat (flour, first grade)",Tajikistan,Sughd,RETAIL,Kg,kg,0.48
2020-11-01,0.45,"Wheat (flour, first grade)",Tajikistan,Sughd,RETAIL,Kg,kg,0.45
2020-12-01,0.42,"Wheat (flour, first grade)",Tajikistan,Sughd,RETAIL,Kg,kg,0.42
2021-01-01,0.42,"Wheat (flour, first grade)",Tajikistan,Sughd,RETAIL,Kg,kg,0.42
2021-02-01,0.44,"Wheat (flour, first grade)",Tajikistan,Sughd,RETAIL,Kg,kg,0.44
2021-03-01,0.45,"Wheat (flour, first grade)",Tajikistan,Sughd,RETAIL,Kg,kg,0.45
2021-04-01,0.45,"Wheat (flour, first grade)",Tajikistan,Sughd,RETAIL,Kg,kg,0.45
2021-05-01,0.45,"Wheat (flour, first grade)",Tajikistan,Sughd,RETAIL,Kg,kg,0.45
2021-06-01,0.45,"Wheat (flour, first grade)",Tajikistan,Sughd,RETAIL,Kg,kg,0.45
2021-07-01,0.45,"Wheat (flour, first grade)",Tajikistan,Sughd,RETAIL,Kg,kg,0.45
2021-08-01,0.45,"Wheat (flour, first grade)",Tajikistan,Sughd,RETAIL,Kg,kg,0.45
2021-09-01,0.45,"Wheat (flour, first grade)",Tajikistan,Sughd,RETAIL,Kg,kg,0.45
2021-10-01,0.52,"Wheat (flour, first grade)",Tajikistan,Sughd,RETAIL,Kg,kg,0.52
2021-11-01,0.53,"Wheat (flour, first grade)",Tajikistan,Sughd,RETAIL,Kg,kg,0.53
2021-12-01,0.54,"Wheat (flour, first grade)",Tajikistan,Sughd,RETAIL,Kg,kg,0.54
2022-01-01,0.94,"Wheat (flour, first grade)",Tajikistan,Sughd,RETAIL,Kg,kg,0.94
2022-02-01,0.94,"Wheat (flour, first grade)",Tajikistan,Sughd,RETAIL,Kg,kg,0.94
2022-03-01,0.85,"Wheat (flour, first grade)",Tajikistan,Sughd,RETAIL,Kg,kg,0.85
2022-04-01,0.85,"Wheat (flour, first grade)",Tajikistan,Sughd,RETAIL,Kg,kg,0.85
2022-05-01,0.87,"Wheat (flour, first grade)",Tajikistan,Sughd,RETAIL,Kg,kg,0.87
2022-06-01,0.97,"Wheat (flour, first grade)",Tajikistan,Sughd,RETAIL,Kg,kg,0.97
2022-07-01,1.02,"Wheat (flour, first grade)",Tajikistan,Sughd,RETAIL,Kg,kg,1.02
2022-08-01,1.02,"Wheat (flour, first grade)",Tajikistan,Sughd,RETAIL,Kg,kg,1.02
2022-09-01,1.03,"Wheat (flour, first grade)",Tajikistan,Sughd,RETAIL,Kg,kg,1.03
2022-10-01,1.02,"Wheat (flour, first grade)",Tajikistan,Sughd,RETAIL,Kg,kg,1.02
2022-11-01,1.02,"Wheat (flour, first grade)",Tajikistan,Sughd,RETAIL,Kg,kg,1.02
2022-12-01,1.02,"Wheat (flour, first grade)",Tajikistan,Sughd,RETAIL,Kg,kg,1.02
2023-01-01,1.12,"Wheat (flour, first grade)",Tajikistan,Sughd,RETAIL,Kg,kg,1.12
2023-02-01,1.09,"Wheat (flour, first grade)",Tajikistan,Sughd,RETAIL,Kg,kg,1.09
2023-03-01,1.05,"Wheat (flour, first grade)",Tajikistan,Sughd,RETAIL,Kg,kg,1.05
2023-04-01,1.05,"Wheat (flour, first grade)",Tajikistan,Sughd,RETAIL,Kg,kg,1.05
2023-05-01,,"Wheat (flour, first grade)",Tajikistan,Sughd,RETAIL,Kg,kg,
2023-06-01,1.05,"Wheat (flour, first grade)",Tajikistan,Sughd,RETAIL,Kg,kg,1.05
2023-07-01,1.05,"Wheat (flour, first grade)",Tajikistan,Sughd,RETAIL,Kg,kg,1.05
2023-08-01,1.05,"Wheat (flour, first grade)",Tajikistan,Sughd,RETAIL,Kg,kg,1.05
2023-09-01,1.05,"Wheat (flour, first grade)",Tajikistan,Sughd,RETAIL,Kg,kg,1.05
2023-10-01,1.05,"Wheat (flour, first grade)",Tajikistan,Sughd,RETAIL,Kg,kg,1.05
2023-11-01,1.05,"Wheat (flour, first grade)",Tajikistan,Sughd,RETAIL,Kg,kg,1.05
2023-12-01,1.05,"Wheat (flour, first grade)",Tajikistan,Sughd,RETAIL,Kg,kg,1.05
2024-01-01,1.05,"Wheat (flour, first grade)",Tajikistan,Sughd,RETAIL,Kg,kg,1.05
2024-02-01,1.05,"Wheat (flour, first grade)",Tajikistan,Sughd,RETAIL,Kg,kg,1.05
2024-03-01,1.05,"Wheat (flour, first grade)",Tajikistan,Sughd,RETAIL,Kg,kg,1.05
2024-04-01,1.05,"Wheat (flour, first grade)",Tajikistan,Sughd,RETAIL,Kg,kg,1.05
2024-05-01,1.05,"Wheat (flour, first grade)",Tajikistan,Sughd,RETAIL,Kg,kg,1.05
2024-06-01,1.05,"Wheat (flour, first grade)",Tajikistan,Sughd,RETAIL,Kg,kg,1.05
2024-07-01,1.06,"Wheat (flour, first grade)",Tajikistan,Sughd,RETAIL,Kg,kg,1.06
2024-08-01,1.06,"Wheat (flour, first grade)",Tajikistan,Sughd,RETAIL,Kg,kg,1.06
2024-09-01,1.05,"Wheat (flour, first grade)",Tajikistan,Sughd,RETAIL,Kg,kg,1.05
2024-10-01,1.08,"Wheat (flour, first grade)",Tajikistan,Sughd,RETAIL,Kg,kg,1.08
2024-11-01,1.07,"Wheat (flour, first grade)",Tajikistan,Sughd,RETAIL,Kg,kg,1.07
2024-12-01,1.05,"Wheat (flour, first grade)",Tajikistan,Sughd,RETAIL,Kg,kg,1.05
2025-01-01,1.05,"Wheat (flour, first grade)",Tajikistan,Sughd,RETAIL,Kg,kg,1.05
2025-02-01,1.05,"Wheat (flour, first grade)",Tajikistan,Sughd,RETAIL,Kg,kg,1.05
2025-03-01,1.05,"Wheat (flour, first grade)",Tajikistan,Sughd,RETAIL,Kg,kg,1.05
2025-04-01,1.06,"Wheat (flour, first grade)",Tajikistan,Sughd,RETAIL,Kg,kg,1.06
2025-05-01,1.11,"Wheat (flour, first grade)",Tajikistan,Sughd,RETAIL,Kg,kg,1.11
2025-06-01,1.15,"Wheat (flour, first grade)",Tajikistan,Sughd,RETAIL,Kg,kg,1.15
2025-07-01,1.19,"Wheat (flour, first grade)",Tajikistan,Sughd,RETAIL,Kg,kg,1.19
2025-08-01,1.22,"Wheat (flour, first grade)",Tajikistan,Sughd,RETAIL,Kg,kg,1.22
2025-09-01,1.22,"Wheat (flour, first grade)",Tajikistan,Sughd,RETAIL,Kg,kg,1.22
2022-01-01,0.4,"Wheat (flour, first grade)",Uzbekistan,National Average,RETAIL,Kg,kg,0.4
2022-02-01,0.4,"Wheat (flour, first grade)",Uzbekistan,National Average,RETAIL,Kg,kg,0.4
2022-03-01,0.39,"Wheat (flour, first grade)",Uzbekistan,National Average,RETAIL,Kg,kg,0.39
2022-04-01,0.4,"Wheat (flour, first grade)",Uzbekistan,National Average,RETAIL,Kg,kg,0.4
2022-05-01,0.43,"Wheat (flour, first grade)",Uzbekistan,National Average,RETAIL,Kg,kg,0.43
2022-06-01,0.54,"Wheat (flour, first grade)",Uzbekistan,National Average,RETAIL,Kg,kg,0.54
2022-07-01,0.54,"Wheat (flour, first grade)",Uzbekistan,National Average,RETAIL,Kg,kg,0.54
2022-08-01,0.55,"Wheat (flour, first grade)",Uzbekistan,National Average,RETAIL,Kg,kg,0.55
2022-09-01,0.56,"Wheat (flour, first grade)",Uzbekistan,National Average,RETAIL,Kg,kg,0.56
2022-10-01,0.6,"Wheat (flour, first grade)",Uzbekistan,National Average,RETAIL,Kg,kg,0.6
2022-11-01,0.6,"Wheat (flour, first grade)",Uzbekistan,National Average,RETAIL,Kg,kg,0.6
2022-12-01,0.6,"Wheat (flour, first grade)",Uzbekistan,National Average,RETAIL,Kg,kg,0.6
2023-01-01,0.62,"Wheat (flour, first grade)",Uzbekistan,National Average,RETAIL,Kg,kg,0.62
2023-02-01,0.61,"Wheat (flour, first grade)",Uzbekistan,National Average,RETAIL,Kg,kg,0.61
2023-03-01,0.6,"Wheat (flour, first grade)",Uzbekistan,National Average,RETAIL,Kg,kg,0.6
2023-04-01,0.57,"Wheat (flour, first grade)",Uzbekistan,National Average,RETAIL,Kg,kg,0.57
2023-05-01,0.55,"Wheat (flour, first grade)",Uzbekistan,National Average,RETAIL,Kg,kg,0.55
2023-06-01,0.54,"Wheat (flour, first grade)",Uzbekistan,National Average,RETAIL,Kg,kg,0.54
2023-07-01,0.52,"Wheat (flour, first grade)",Uzbekistan,National Average,RETAIL,Kg,kg,0.52
2023-08-01,0.5,"Wheat (flour, first grade)",Uzbekistan,National Average,RETAIL,Kg,kg,0.5
2023-09-01,0.51,"Wheat (flour, first grade)",Uzbekistan,National Average,RETAIL,Kg,kg,0.51
2023-10-01,0.54,"Wheat (flour, first grade)",Uzbekistan,National Average,RETAIL,Kg,kg,0.54
2023-11-01,0.53,"Wheat (flour, first grade)",Uzbekistan,National Average,RETAIL,Kg,kg,0.53
2023-12-01,0.53,"Wheat (flour, first grade)",Uzbekistan,National Average,RETAIL,Kg,kg,0.53
2024-01-01,0.52,"Wheat (flour, first grade)",Uzbekistan,National Average,RETAIL,Kg,kg,0.52
2024-02-01,0.5,"Wheat (flour, first grade)",Uzbekistan,National Average,RETAIL,Kg,kg,0.5
2024-03-01,0.5,"Wheat (flour, first grade)",Uzbekistan,National Average,RETAIL,Kg,kg,0.5
2024-04-01,0.49,"Wheat (flour, first grade)",Uzbekistan,National Average,RETAIL,Kg,kg,0.49
2024-05-01,0.49,"Wheat (flour, first grade)",Uzbekistan,National Average,RETAIL,Kg,kg,0.49
2024-06-01,0.49,"Wheat (flour, first grade)",Uzbekistan,National Average,RETAIL,Kg,kg,0.49
2024-07-01,0.49,"Wheat (flour, first grade)",Uzbekistan,National Average,RETAIL,Kg,kg,0.49
2024-08-01,0.49,"Wheat (flour, first grade)",Uzbekistan,National Average,RETAIL,Kg,kg,0.49
2024-09-01,0.48,"Wheat (flour, first grade)",Uzbekistan,National Average,RETAIL,Kg,kg,0.48
2024-10-01,0.48,"Wheat (flour, first grade)",Uzbekistan,National Average,RETAIL,Kg,kg,0.48
2024-11-01,0.48,"Wheat (flour, first grade)",Uzbekistan,National Average,RETAIL,Kg,kg,0.48
2024-12-01,0.48,"Wheat (flour, first grade)",Uzbekistan,National Average,RETAIL,Kg,kg,0.48
2025-01-01,0.47,"Wheat (flour, first grade)",Uzbekistan,National Average,RETAIL,Kg,kg,0.47
2025-02-01,0.47,"Wheat (flour, first grade)",Uzbekistan,National Average,RETAIL,Kg,kg,0.47
2025-03-01,0.47,"Wheat (flour, first grade)",Uzbekistan,National Average,RETAIL,Kg,kg,0.47
2025-04-01,0.47,"Wheat (flour, first grade)",Uzbekistan,National Average,RETAIL,Kg,kg,0.47
2025-05-01,0.47,"Wheat (flour, first grade)",Uzbekistan,National Average,RETAIL,Kg,kg,0.47
2025-06-01,0.48,"Wheat (flour, first grade)",Uzbekistan,National Average,RETAIL,Kg,kg,0.48
2025-07-01,0.48,"Wheat (flour, first grade)",Uzbekistan,National Average,RETAIL,Kg,kg,0.48
2025-08-01,0.48,"Wheat (flour, first grade)",Uzbekistan,National Average,RETAIL,Kg,kg,0.48
2025-09-01,0.49,"Wheat (flour, first grade)",Uzbekistan,National Average,RETAIL,Kg,kg,0.49
2025-10-01,0.5,"Wheat (flour, first grade)",Uzbekistan,National Average,RETAIL,Kg,kg,0.5
2022-01-01,0.42,"Wheat (flour, first grade)",Uzbekistan,Tashkent Region,RETAIL,Kg,kg,0.42
2022-02-01,0.42,"Wheat (flour, first grade)",Uzbekistan,Tashkent Region,RETAIL,Kg,kg,0.42
2022-03-01,0.41,"Wheat (flour, first grade)",Uzbekistan,Tashkent Region,RETAIL,Kg,kg,0.41
2022-04-01,0.44,"Wheat (flour, first grade)",Uzbekistan,Tashkent Region,RETAIL,Kg,kg,0.44
2022-05-01,0.49,"Wheat (flour, first grade)",Uzbekistan,Tashkent Region,RETAIL,Kg,kg,0.49
2022-06-01,0.63,"Wheat (flour, first grade)",Uzbekistan,Tashkent Region,RETAIL,Kg,kg,0.63
2022-07-01,0.62,"Wheat (flour, first grade)",Uzbekistan,Tashkent Region,RETAIL,Kg,kg,0.62
2022-08-01,0.62,"Wheat (flour, first grade)",Uzbekistan,Tashkent Region,RETAIL,Kg,kg,0.62
2022-09-01,0.62,"Wheat (flour, first grade)",Uzbekistan,Tashkent Region,RETAIL,Kg,kg,0.62
2022-10-01,0.65,"Wheat (flour, first grade)",Uzbekistan,Tashkent Region,RETAIL,Kg,kg,0.65
2022-11-01,0.65,"Wheat (flour, first grade)",Uzbekistan,Tashkent Region,RETAIL,Kg,kg,0.65
2022-12-01,0.65,"Wheat (flour, first grade)",Uzbekistan,Tashkent Region,RETAIL,Kg,kg,0.65
2023-01-01,0.67,"Wheat (flour, first grade)",Uzbekistan,Tashkent Region,RETAIL,Kg,kg,0.67
2023-02-01,0.65,"Wheat (flour, first grade)",Uzbekistan,Tashkent Region,RETAIL,Kg,kg,0.65
2023-03-01,0.63,"Wheat (flour, first grade)",Uzbekistan,Tashkent Region,RETAIL,Kg,kg,0.63
2023-04-01,0.59,"Wheat (flour, first grade)",Uzbekistan,Tashkent Region,RETAIL,Kg,kg,0.59
2023-05-01,0.57,"Wheat (flour, first grade)",Uzbekistan,Tashkent Region,RETAIL,Kg,kg,0.57
2023-06-01,0.55,"Wheat (flour, first grade)",Uzbekistan,Tashkent Region,RETAIL,Kg,kg,0.55
2023-07-01,0.55,"Wheat (flour, first grade)",Uzbekistan,Tashkent Region,RETAIL,Kg,kg,0.55
2023-08-01,0.53,"Wheat (flour, first grade)",Uzbekistan,Tashkent Region,RETAIL,Kg,kg,0.53
2023-09-01,0.56,"Wheat (flour, first grade)",Uzbekistan,Tashkent Region,RETAIL,Kg,kg,0.56
2023-10-01,0.63,"Wheat (flour, first grade)",Uzbekistan,Tashkent Region,RETAIL,Kg,kg,0.63
2023-11-01,0.61,"Wheat (flour, first grade)",Uzbekistan,Tashkent Region,RETAIL,Kg,kg,0.61
2023-12-01,0.6,"Wheat (flour, first grade)",Uzbekistan,Tashkent Region,RETAIL,Kg,kg,0.6
2024-01-01,0.58,"Wheat (flour, first grade)",Uzbekistan,Tashkent Region,RETAIL,Kg,kg,0.58
2024-02-01,0.56,"Wheat (flour, first grade)",Uzbekistan,Tashkent Region,RETAIL,Kg,kg,0.56
2024-03-01,0.54,"Wheat (flour, first grade)",Uzbekistan,Tashkent Region,RETAIL,Kg,kg,0.54
2024-04-01,0.54,"Wheat (flour, first grade)",Uzbekistan,Tashkent Region,RETAIL,Kg,kg,0.54
2024-05-01,0.54,"Wheat (flour, first grade)",Uzbekistan,Tashkent Region,RETAIL,Kg,kg,0.54
2024-06-01,0.54,"Wheat (flour, first grade)",Uzbekistan,Tashkent Region,RETAIL,Kg,kg,0.54
2024-07-01,0.54,"Wheat (flour, first grade)",Uzbekistan,Tashkent Region,RETAIL,Kg,kg,0.54
2024-08-01,0.55,"Wheat (flour, first grade)",Uzbekistan,Tashkent Region,RETAIL,Kg,kg,0.55
2024-09-01,0.54,"Wheat (flour, first grade)",Uzbekistan,Tashkent Region,RETAIL,Kg,kg,0.54
2024-10-01,0.54,"Wheat (flour, first grade)",Uzbekistan,Tashkent Region,RETAIL,Kg,kg,0.54
2024-11-01,0.54,"Wheat (flour, first grade)",Uzbekistan,Tashkent Region,RETAIL,Kg,kg,0.54
2024-12-01,0.53,"Wheat (flour, first grade)",Uzbekistan,Tashkent Region,RETAIL,Kg,kg,0.53
2025-01-01,0.53,"Wheat (flour, first grade)",Uzbekistan,Tashkent Region,RETAIL,Kg,kg,0.53
2025-02-01,0.52,"Wheat (flour, first grade)",Uzbekistan,Tashkent Region,RETAIL,Kg,kg,0.52
2025-03-01,0.52,"Wheat (flour, first grade)",Uzbekistan,Tashkent Region,RETAIL,Kg,kg,0.52
2025-04-01,0.52,"Wheat (flour, first grade)",Uzbekistan,Tashkent Region,RETAIL,Kg,kg,0.52
2025-05-01,0.52,"Wheat (flour, first grade)",Uzbekistan,Tashkent Region,RETAIL,Kg,kg,0.52
2025-06-01,0.53,"Wheat (flour, first grade)",Uzbekistan,Tashkent Region,RETAIL,Kg,kg,0.53
2025-07-01,0.53,"Wheat (flour, first grade)",Uzbekistan,Tashkent Region,RETAIL,Kg,kg,0.53
2025-08-01,0.53,"Wheat (flour, first grade)",Uzbekistan,Tashkent Region,RETAIL,Kg,kg,0.53
2025-09-01,0.54,"Wheat (flour, first grade)",Uzbekistan,Tashkent Region,RETAIL,Kg,kg,0.54
2025-10-01,0.55,"Wheat (flour, first grade)",Uzbekistan,Tashkent Region,RETAIL,Kg,kg,0.55
