date,price_usd,commodity_name,country,market,price_type,unit,unit_std,price_per_unit
2013-01-01,0.52,Maize,Benin,Cotonou,RETAIL,Kg,kg,0.52
2013-02-01,0.52,Maize,Benin,Cotonou,RETAIL,Kg,kg,0.52
2013-03-01,0.46,Maize,Benin,Cotonou,RETAIL,Kg,kg,0.46
2013-04-01,,Maize,Benin,Cotonou,RETAIL,Kg,kg,
2013-05-01,,Maize,Benin,Cotonou,RETAIL,Kg,kg,
2013-06-01,,Maize,Benin,Cotonou,RETAIL,Kg,kg,
2013-07-01,,Maize,Benin,Cotonou,RETAIL,Kg,kg,
2013-08-01,,Maize,Benin,Cotonou,RETAIL,Kg,kg,
2013-09-01,,Maize,Benin,Cotonou,RETAIL,Kg,kg,
2013-10-01,,Maize,Benin,Cotonou,RETAIL,Kg,kg,
2013-11-01,,Maize,Benin,Cotonou,RETAIL,Kg,kg,
2013-12-01,,Maize,Benin,Cotonou,RETAIL,Kg,kg,
2014-01-01,,Maize,Benin,Cotonou,RETAIL,Kg,kg,
2014-02-01,,Maize,Benin,Cotonou,RETAIL,Kg,kg,
2014-03-01,,Maize,Benin,Cotonou,RETAIL,Kg,kg,
2014-04-01,,Maize,Benin,Cotonou,RETAIL,Kg,kg,
2014-05-01,,Maize,Benin,Cotonou,RETAIL,Kg,kg,
2014-06-01,,Maize,Benin,Cotonou,RETAIL,Kg,kg,
2014-07-01,0.4,Maize,Benin,Cotonou,RETAIL,Kg,kg,0.4
2014-08-01,0.38,Maize,Benin,Cotonou,RETAIL,Kg,kg,0.38
2014-09-01,0.36,Maize,Benin,Cotonou,RETAIL,Kg,kg,0.36
2014-10-01,0.35,Maize,Benin,Cotonou,RETAIL,Kg,kg,0.35
2014-11-01,0.34,Maize,Benin,Cotonou,RETAIL,Kg,kg,0.34
2014-12-01,0.33,Maize,Benin,Cotonou,RETAIL,Kg,kg,0.33
2015-01-01,,Maize,Benin,Cotonou,RETAIL,Kg,kg,
2015-02-01,,Maize,Benin,Cotonou,RETAIL,Kg,kg,
2015-03-01,,Maize,Benin,Cotonou,RETAIL,Kg,kg,
2015-04-01,0.27,Maize,Benin,Cotonou,RETAIL,Kg,kg,0.27
2015-05-01,0.4,Maize,Benin,Cotonou,RETAIL,Kg,kg,0.4
2015-06-01,0.39,Maize,Benin,Cotonou,RETAIL,Kg,kg,0.39
2015-07-01,0.41,Maize,Benin,Cotonou,RETAIL,Kg,kg,0.41
2015-08-01,0.42,Maize,Benin,Cotonou,RETAIL,Kg,kg,0.42
2015-09-01,0.44,Maize,Benin,Cotonou,RETAIL,Kg,kg,0.44
2015-10-01,0.45,Maize,Benin,Cotonou,RETAIL,Kg,kg,0.45
2015-11-01,,Maize,Benin,Cotonou,RETAIL,Kg,kg,
2015-12-01,,Maize,Benin,Cotonou,RETAIL,Kg,kg,
2016-01-01,,Maize,Benin,Cotonou,RETAIL,Kg,kg,
2016-02-01,,Maize,Benin,Cotonou,RETAIL,Kg,kg,
2016-03-01,0.37,Maize,Benin,Cotonou,RETAIL,Kg,kg,0.37
2016-04-01,,Maize,Benin,Cotonou,RETAIL,Kg,kg,
2016-05-01,,Maize,Benin,Cotonou,RETAIL,Kg,kg,
2016-06-01,,Maize,Benin,Cotonou,RETAIL,Kg,kg,
2016-07-01,,Maize,Benin,Cotonou,RETAIL,Kg,kg,
2016-08-01,,Maize,Benin,Cotonou,RETAIL,Kg,kg,
2016-09-01,,Maize,Benin,Cotonou,RETAIL,Kg,kg,
2016-10-01,,Maize,Benin,Cotonou,RETAIL,Kg,kg,
2016-11-01,,Maize,Benin,Cotonou,RETAIL,Kg,kg,
2016-12-01,0.28,Maize,Benin,Cotonou,RETAIL,Kg,kg,0.28
2017-01-01,0.32,Maize,Benin,Cotonou,RETAIL,Kg,kg,0.32
2017-02-01,0.31,Maize,Benin,Cotonou,RETAIL,Kg,kg,0.31
2017-03-01,0.32,Maize,Benin,Cotonou,RETAIL,Kg,kg,0.32
2017-04-01,,Maize,Benin,Cotonou,RETAIL,Kg,kg,
2017-05-01,0.41,Maize,Benin,Cotonou,RETAIL,Kg,kg,0.41
2017-06-01,0.44,Maize,Benin,Cotonou,RETAIL,Kg,kg,0.44
2017-07-01,0.43,Maize,Benin,Cotonou,RETAIL,Kg,kg,0.43
2017-08-01,0.42,Maize,Benin,Cotonou,RETAIL,Kg,kg,0.42
2017-09-01,0.42,Maize,Benin,Cotonou,RETAIL,Kg,kg,0.42
2017-10-01,0.39,Maize,Benin,Cotonou,RETAIL,Kg,kg,0.39
2017-11-01,,Maize,Benin,Cotonou,RETAIL,Kg,kg,
2017-12-01,,Maize,Benin,Cotonou,RETAIL,Kg,kg,
2018-01-01,0.44,Maize,Benin,Cotonou,RETAIL,Kg,kg,0.44
2018-02-01,,Maize,Benin,Cotonou,RETAIL,Kg,kg,
2018-03-01,,Maize,Benin,Cotonou,RETAIL,Kg,kg,
2018-04-01,0.33,Maize,Benin,Cotonou,RETAIL,Kg,kg,0.33
2018-05-01,0.4,Maize,Benin,Cotonou,RETAIL,Kg,kg,0.4
2018-06-01,,Maize,Benin,Cotonou,RETAIL,Kg,kg,
2018-07-01,0.39,Maize,Benin,Cotonou,RETAIL,Kg,kg,0.39
2018-08-01,0.37,Maize,Benin,Cotonou,RETAIL,Kg,kg,0.37
2018-09-01,0.37,Maize,Benin,Cotonou,RETAIL,Kg,kg,0.37
2018-10-01,0.32,Maize,Benin,Cotonou,RETAIL,Kg,kg,0.32
2018-11-01,0.31,Maize,Benin,Cotonou,RETAIL,Kg,kg,0.31
2018-12-01,0.33,Maize,Benin,Cotonou,RETAIL,Kg,kg,0.33
2019-01-01,0.34,Maize,Benin,Cotonou,RETAIL,Kg,kg,0.34
2019-02-01,0.32,Maize,Benin,Cotonou,RETAIL,Kg,kg,0.32
2019-03-01,0.3,Maize,Benin,Cotonou,RETAIL,Kg,kg,0.3
2019-04-01,0.33,Maize,Benin,Cotonou,RETAIL,Kg,kg,0.33
2019-05-01,0.34,Maize,Benin,Cotonou,RETAIL,Kg,kg,0.34
2019-06-01,0.33,Maize,Benin,Cotonou,RETAIL,Kg,kg,0.33
2019-07-01,0.34,Maize,Benin,Cotonou,RETAIL,Kg,kg,0.34
2019-08-01,0.33,Maize,Benin,Cotonou,RETAIL,Kg,kg,0.33
2019-09-01,0.33,Maize,Benin,Cotonou,RETAIL,Kg,kg,0.33
2019-10-01,0.33,Maize,Benin,Cotonou,RETAIL,Kg,kg,0.33
2019-11-01,0.34,Maize,Benin,Cotonou,RETAIL,Kg,kg,0.34
2019-12-01,0.34,Maize,Benin,Cotonou,RETAIL,Kg,kg,0.34
2020-01-01,0.34,Maize,Benin,Cotonou,RETAIL,Kg,kg,0.34
2020-02-01,0.32,Maize,Benin,Cotonou,RETAIL,Kg,kg,0.32
2020-03-01,0.33,Maize,Benin,Cotonou,RETAIL,Kg,kg,0.33
2020-04-01,0.33,Maize,Benin,Cotonou,RETAIL,Kg,kg,0.33
2020-05-01,0.34,Maize,Benin,Cotonou,RETAIL,Kg,kg,0.34
2020-06-01,0.37,Maize,Benin,Cotonou,RETAIL,Kg,kg,0.37
2020-07-01,0.41,Maize,Benin,Cotonou,RETAIL,Kg,kg,0.41
2020-08-01,0.43,Maize,Benin,Cotonou,RETAIL,Kg,kg,0.43
2020-09-01,0.44,Maize,Benin,Cotonou,RETAIL,Kg,kg,0.44
2020-10-01,0.44,Maize,Benin,Cotonou,RETAIL,Kg,kg,0.44
2020-11-01,0.44,Maize,Benin,Cotonou,RETAIL,Kg,kg,0.44
2020-12-01,0.45,Maize,Benin,Cotonou,RETAIL,Kg,kg,0.45
2021-01-01,0.46,Maize,Benin,Cotonou,RETAIL,Kg,kg,0.46
2021-02-01,0.45,Maize,Benin,Cotonou,RETAIL,Kg,kg,0.45
2021-03-01,0.46,Maize,Benin,Cotonou,RETAIL,Kg,kg,0.46
2021-04-01,0.54,Maize,Benin,Cotonou,RETAIL,Kg,kg,0.54
2021-05-01,0.55,Maize,Benin,Cotonou,RETAIL,Kg,kg,0.55
2021-06-01,0.56,Maize,Benin,Cotonou,RETAIL,Kg,kg,0.56
2021-07-01,0.53,Maize,Benin,Cotonou,RETAIL,Kg,kg,0.53
2021-08-01,0.52,Maize,Benin,Cotonou,RETAIL,Kg,kg,0.52
2021-09-01,0.6,Maize,Benin,Cotonou,RETAIL,Kg,kg,0.6
2021-10-01,0.54,Maize,Benin,Cotonou,RETAIL,Kg,kg,0.54
2021-11-01,0.42,Maize,Benin,Cotonou,RETAIL,Kg,kg,0.42
2021-12-01,0.43,Maize,Benin,Cotonou,RETAIL,Kg,kg,0.43
2022-01-01,0.49,Maize,Benin,Cotonou,RETAIL,Kg,kg,0.49
2022-02-01,0.52,Maize,Benin,Cotonou,RETAIL,Kg,kg,0.52
2022-03-01,0.5,Maize,Benin,Cotonou,RETAIL,Kg,kg,0.5
2022-04-01,0.48,Maize,Benin,Cotonou,RETAIL,Kg,kg,0.48
2022-05-01,0.47,Maize,Benin,Cotonou,RETAIL,Kg,kg,0.47
2022-06-01,0.47,Maize,Benin,Cotonou,RETAIL,Kg,kg,0.47
2022-07-01,0.41,Maize,Benin,Cotonou,RETAIL,Kg,kg,0.41
2022-08-01,0.37,Maize,Benin,Cotonou,RETAIL,Kg,kg,0.37
2022-09-01,0.34,Maize,Benin,Cotonou,RETAIL,Kg,kg,0.34
2022-10-01,0.3,Maize,Benin,Cotonou,RETAIL,Kg,kg,0.3
2022-11-01,0.3,Maize,Benin,Cotonou,RETAIL,Kg,kg,0.3
2022-12-01,0.36,Maize,Benin,Cotonou,RETAIL,Kg,kg,0.36
2023-01-01,0.37,Maize,Benin,Cotonou,RETAIL,Kg,kg,0.37
2023-02-01,0.37,Maize,Benin,Cotonou,RETAIL,Kg,kg,0.37
2023-03-01,0.38,Maize,Benin,Cotonou,RETAIL,Kg,kg,0.38
2023-04-01,0.4,Maize,Benin,Cotonou,RETAIL,Kg,kg,0.4
2023-05-01,0.4,Maize,Benin,Cotonou,RETAIL,Kg,kg,0.4
2023-06-01,0.41,Maize,Benin,Cotonou,RETAIL,Kg,kg,0.41
2023-07-01,0.47,Maize,Benin,Cotonou,RETAIL,Kg,kg,0.47
2023-08-01,0.5,Maize,Benin,Cotonou,RETAIL,Kg,kg,0.5
2023-09-01,0.56,Maize,Benin,Cotonou,RETAIL,Kg,kg,0.56
2023-10-01,0.55,Maize,Benin,Cotonou,RETAIL,Kg,kg,0.55
2023-11-01,0.43,Maize,Benin,Cotonou,RETAIL,Kg,kg,0.43
2023-12-01,0.41,Maize,Benin,Cotonou,RETAIL,Kg,kg,0.41
2024-01-01,0.41,Maize,Benin,Cotonou,RETAIL,Kg,kg,0.41
2024-02-01,0.49,Maize,Benin,Cotonou,RETAIL,Kg,kg,0.49
2024-03-01,0.6,Maize,Benin,Cotonou,RETAIL,Kg,kg,0.6
2024-04-01,0.67,Maize,Benin,Cotonou,RETAIL,Kg,kg,0.67
2024-05-01,0.63,Maize,Benin,Cotonou,RETAIL,Kg,kg,0.63
2024-06-01,0.6,Maize,Benin,Cotonou,RETAIL,Kg,kg,0.6
2024-07-01,0.64,Maize,Benin,Cotonou,RETAIL,Kg,kg,0.64
2024-08-01,0.54,Maize,Benin,Cotonou,RETAIL,Kg,kg,0.54
2024-09-01,0.41,Maize,Benin,Cotonou,RETAIL,Kg,kg,0.41
2024-10-01,0.41,Maize,Benin,Cotonou,RETAIL,Kg,kg,0.41
2024-11-01,0.4,Maize,Benin,Cotonou,RETAIL,Kg,kg,0.4
2024-12-01,0.39,Maize,Benin,Cotonou,RETAIL,Kg,kg,0.39
2025-01-01,0.39,Maize,Benin,Cotonou,RETAIL,Kg,kg,0.39
2025-02-01,0.42,Maize,Benin,Cotonou,RETAIL,Kg,kg,0.42
2025-03-01,0.49,Maize,Benin,Cotonou,RETAIL,Kg,kg,0.49
2025-04-01,0.51,Maize,Benin,Cotonou,RETAIL,Kg,kg,0.51
2025-05-01,0.51,Maize,Benin,Cotonou,RETAIL,Kg,kg,0.51
2025-06-01,0.5,Maize,Benin,Cotonou,RETAIL,Kg,kg,0.5
2025-07-01,0.44,Maize,Benin,Cotonou,RETAIL,Kg,kg,0.44
2025-08-01,0.39,Maize,Benin,Cotonou,RETAIL,Kg,kg,0.39
2025-09-01,0.39,Maize,Benin,Cotonou,RETAIL,Kg,kg,0.39
2025-10-01,0.38,Maize,Benin,Cotonou,RETAIL,Kg,kg,0.38
2014-07-01,0.31,Maize,Benin,Natitingou,RETAIL,Kg,kg,0.31
2014-08-01,0.29,Maize,Benin,Natitingou,RETAIL,Kg,kg,0.29
2014-09-01,0.26,Maize,Benin,Natitingou,RETAIL,Kg,kg,0.26
2014-10-01,0.23,Maize,Benin,Natitingou,RETAIL,Kg,kg,0.23
2014-11-01,0.25,Maize,Benin,Natitingou,RETAIL,Kg,kg,0.25
2014-12-01,0.26,Maize,Benin,Natitingou,RETAIL,Kg,kg,0.26
2015-01-01,,Maize,Benin,Natitingou,RETAIL,Kg,kg,
2015-02-01,,Maize,Benin,Natitingou,RETAIL,Kg,kg,
2015-03-01,,Maize,Benin,Natitingou,RETAIL,Kg,kg,
2015-04-01,0.21,Maize,Benin,Natitingou,RETAIL,Kg,kg,0.21
2015-05-01,0.25,Maize,Benin,Natitingou,RETAIL,Kg,kg,0.25
2015-06-01,0.27,Maize,Benin,Natitingou,RETAIL,Kg,kg,0.27
2015-07-01,0.29,Maize,Benin,Natitingou,RETAIL,Kg,kg,0.29
2015-08-01,0.29,Maize,Benin,Natitingou,RETAIL,Kg,kg,0.29
2015-09-01,0.31,Maize,Benin,Natitingou,RETAIL,Kg,kg,0.31
2015-10-01,0.31,Maize,Benin,Natitingou,RETAIL,Kg,kg,0.31
2015-11-01,,Maize,Benin,Natitingou,RETAIL,Kg,kg,
2015-12-01,,Maize,Benin,Natitingou,RETAIL,Kg,kg,
2016-01-01,,Maize,Benin,Natitingou,RETAIL,Kg,kg,
2016-02-01,,Maize,Benin,Natitingou,RETAIL,Kg,kg,
2016-03-01,0.31,Maize,Benin,Natitingou,RETAIL,Kg,kg,0.31
2016-04-01,,Maize,Benin,Natitingou,RETAIL,Kg,kg,
2016-05-01,,Maize,Benin,Natitingou,RETAIL,Kg,kg,
2016-06-01,,Maize,Benin,Natitingou,RETAIL,Kg,kg,
2016-07-01,,Maize,Benin,Natitingou,RETAIL,Kg,kg,
2016-08-01,,Maize,Benin,Natitingou,RETAIL,Kg,kg,
2016-09-01,,Maize,Benin,Natitingou,RETAIL,Kg,kg,
2016-10-01,,Maize,Benin,Natitingou,RETAIL,Kg,kg,
2016-11-01,,Maize,Benin,Natitingou,RETAIL,Kg,kg,
2016-12-01,,Maize,Benin,Natitingou,RETAIL,Kg,kg,
2017-01-01,,Maize,Benin,Natitingou,RETAIL,Kg,kg,
2017-02-01,,Maize,Benin,Natitingou,RETAIL,Kg,kg,
2017-03-01,,Maize,Benin,Natitingou,RETAIL,Kg,kg,
2017-04-01,,Maize,Benin,Natitingou,RETAIL,Kg,kg,
2017-05-01,,Maize,Benin,Natitingou,RETAIL,Kg,kg,
2017-06-01,,Maize,Benin,Natitingou,RETAIL,Kg,kg,
2017-07-01,,Maize,Benin,Natitingou,RETAIL,Kg,kg,
2017-08-01,,Maize,Benin,Natitingou,RETAIL,Kg,kg,
2017-09-01,,Maize,Benin,Natitingou,RETAIL,Kg,kg,
2017-10-01,,Maize,Benin,Natitingou,RETAIL,Kg,kg,
2017-11-01,,Maize,Benin,Natitingou,RETAIL,Kg,kg,
2017-12-01,,Maize,Benin,Natitingou,RETAIL,Kg,kg,
2018-01-01,,Maize,Benin,Natitingou,RETAIL,Kg,kg,
2018-02-01,,Maize,Benin,Natitingou,RETAIL,Kg,kg,
2018-03-01,,Maize,Benin,Natitingou,RETAIL,Kg,kg,
2018-04-01,,Maize,Benin,Natitingou,RETAIL,Kg,kg,
2018-05-01,0.32,Maize,Benin,Natitingou,RETAIL,Kg,kg,0.32
2018-06-01,,Maize,Benin,Natitingou,RETAIL,Kg,kg,
2018-07-01,0.27,Maize,Benin,Natitingou,RETAIL,Kg,kg,0.27
2018-08-01,0.27,Maize,Benin,Natitingou,RETAIL,Kg,kg,0.27
2018-09-01,0.32,Maize,Benin,Natitingou,RETAIL,Kg,kg,0.32
2018-10-01,0.31,Maize,Benin,Natitingou,RETAIL,Kg,kg,0.31
2018-11-01,0.27,Maize,Benin,Natitingou,RETAIL,Kg,kg,0.27
2018-12-01,0.25,Maize,Benin,Natitingou,RETAIL,Kg,kg,0.25
2019-01-01,0.25,Maize,Benin,Natitingou,RETAIL,Kg,kg,0.25
2019-02-01,0.22,Maize,Benin,Natitingou,RETAIL,Kg,kg,0.22
2019-03-01,0.24,Maize,Benin,Natitingou,RETAIL,Kg,kg,0.24
2019-04-01,0.25,Maize,Benin,Natitingou,RETAIL,Kg,kg,0.25
2019-05-01,0.26,Maize,Benin,Natitingou,RETAIL,Kg,kg,0.26
2019-06-01,0.26,Maize,Benin,Natitingou,RETAIL,Kg,kg,0.26
2019-07-01,0.28,Maize,Benin,Natitingou,RETAIL,Kg,kg,0.28
2019-08-01,0.26,Maize,Benin,Natitingou,RETAIL,Kg,kg,0.26
2019-09-01,0.22,Maize,Benin,Natitingou,RETAIL,Kg,kg,0.22
2019-10-01,0.22,Maize,Benin,Natitingou,RETAIL,Kg,kg,0.22
2019-11-01,0.25,Maize,Benin,Natitingou,RETAIL,Kg,kg,0.25
2019-12-01,0.26,Maize,Benin,Natitingou,RETAIL,Kg,kg,0.26
2020-01-01,0.25,Maize,Benin,Natitingou,RETAIL,Kg,kg,0.25
2020-02-01,0.24,Maize,Benin,Natitingou,RETAIL,Kg,kg,0.24
2020-03-01,0.25,Maize,Benin,Natitingou,RETAIL,Kg,kg,0.25
2020-04-01,0.25,Maize,Benin,Natitingou,RETAIL,Kg,kg,0.25
2020-05-01,0.27,Maize,Benin,Natitingou,RETAIL,Kg,kg,0.27
2020-06-01,0.27,Maize,Benin,Natitingou,RETAIL,Kg,kg,0.27
2020-07-01,0.35,Maize,Benin,Natitingou,RETAIL,Kg,kg,0.35
2020-08-01,0.38,Maize,Benin,Natitingou,RETAIL,Kg,kg,0.38
2020-09-01,0.39,Maize,Benin,Natitingou,RETAIL,Kg,kg,0.39
2020-10-01,0.36,Maize,Benin,Natitingou,RETAIL,Kg,kg,0.36
2020-11-01,0.3,Maize,Benin,Natitingou,RETAIL,Kg,kg,0.3
2020-12-01,0.29,Maize,Benin,Natitingou,RETAIL,Kg,kg,0.29
2021-01-01,0.35,Maize,Benin,Natitingou,RETAIL,Kg,kg,0.35
2021-02-01,0.38,Maize,Benin,Natitingou,RETAIL,Kg,kg,0.38
2021-03-01,0.38,Maize,Benin,Natitingou,RETAIL,Kg,kg,0.38
2021-04-01,0.39,Maize,Benin,Natitingou,RETAIL,Kg,kg,0.39
2021-05-01,0.39,Maize,Benin,Natitingou,RETAIL,Kg,kg,0.39
2021-06-01,0.39,Maize,Benin,Natitingou,RETAIL,Kg,kg,0.39
2021-07-01,0.39,Maize,Benin,Natitingou,RETAIL,Kg,kg,0.39
2021-08-01,0.48,Maize,Benin,Natitingou,RETAIL,Kg,kg,0.48
2021-09-01,0.46,Maize,Benin,Natitingou,RETAIL,Kg,kg,0.46
2021-10-01,0.4,Maize,Benin,Natitingou,RETAIL,Kg,kg,0.4
2021-11-01,0.32,Maize,Benin,Natitingou,RETAIL,Kg,kg,0.32
2021-12-01,0.36,Maize,Benin,Natitingou,RETAIL,Kg,kg,0.36
2022-01-01,0.39,Maize,Benin,Natitingou,RETAIL,Kg,kg,0.39
2022-02-01,0.38,Maize,Benin,Natitingou,RETAIL,Kg,kg,0.38
2022-03-01,0.36,Maize,Benin,Natitingou,RETAIL,Kg,kg,0.36
2022-04-01,0.35,Maize,Benin,Natitingou,RETAIL,Kg,kg,0.35
2022-05-01,0.34,Maize,Benin,Natitingou,RETAIL,Kg,kg,0.34
2022-06-01,0.35,Maize,Benin,Natitingou,RETAIL,Kg,kg,0.35
2022-07-01,0.33,Maize,Benin,Natitingou,RETAIL,Kg,kg,0.33
2022-08-01,0.32,Maize,Benin,Natitingou,RETAIL,Kg,kg,0.32
2022-09-01,0.32,Maize,Benin,Natitingou,RETAIL,Kg,kg,0.32
2022-10-01,0.32,Maize,Benin,Natitingou,RETAIL,Kg,kg,0.32
2022-11-01,0.33,Maize,Benin,Natitingou,RETAIL,Kg,kg,0.33
2022-12-01,0.35,Maize,Benin,Natitingou,RETAIL,Kg,kg,0.35
2023-01-01,0.35,Maize,Benin,Natitingou,RETAIL,Kg,kg,0.35
2023-02-01,0.35,Maize,Benin,Natitingou,RETAIL,Kg,kg,0.35
2023-03-01,0.35,Maize,Benin,Natitingou,RETAIL,Kg,kg,0.35
2023-04-01,0.36,Maize,Benin,Natitingou,RETAIL,Kg,kg,0.36
2023-05-01,0.35,Maize,Benin,Natitingou,RETAIL,Kg,kg,0.35
2023-06-01,0.35,Maize,Benin,Natitingou,RETAIL,Kg,kg,0.35
2023-07-01,0.4,Maize,Benin,Natitingou,RETAIL,Kg,kg,0.4
2023-08-01,0.44,Maize,Benin,Natitingou,RETAIL,Kg,kg,0.44
2023-09-01,0.44,Maize,Benin,Natitingou,RETAIL,Kg,kg,0.44
2023-10-01,0.44,Maize,Benin,Natitingou,RETAIL,Kg,kg,0.44
2023-11-01,0.35,Maize,Benin,Natitingou,RETAIL,Kg,kg,0.35
2023-12-01,0.33,Maize,Benin,Natitingou,RETAIL,Kg,kg,0.33
2024-01-01,0.33,Maize,Benin,Natitingou,RETAIL,Kg,kg,0.33
2024-02-01,0.36,Maize,Benin,Natitingou,RETAIL,Kg,kg,0.36
2024-03-01,0.48,Maize,Benin,Natitingou,RETAIL,Kg,kg,0.48
2024-04-01,0.51,Maize,Benin,Natitingou,RETAIL,Kg,kg,0.51
2024-05-01,0.49,Maize,Benin,Natitingou,RETAIL,Kg,kg,0.49
2024-06-01,0.47,Maize,Benin,Natitingou,RETAIL,Kg,kg,0.47
2024-07-01,0.54,Maize,Benin,Natitingou,RETAIL,Kg,kg,0.54
2024-08-01,0.54,Maize,Benin,Natitingou,RETAIL,Kg,kg,0.54
2024-09-01,0.44,Maize,Benin,Natitingou,RETAIL,Kg,kg,0.44
2024-10-01,0.35,Maize,Benin,Natitingou,RETAIL,Kg,kg,0.35
2024-11-01,0.34,Maize,Benin,Natitingou,RETAIL,Kg,kg,0.34
2024-12-01,0.33,Maize,Benin,Natitingou,RETAIL,Kg,kg,0.33
2025-01-01,0.33,Maize,Benin,Natitingou,RETAIL,Kg,kg,0.33
2025-02-01,0.33,Maize,Benin,Natitingou,RETAIL,Kg,kg,0.33
2025-03-01,0.36,Maize,Benin,Natitingou,RETAIL,Kg,kg,0.36
2025-04-01,0.37,Maize,Benin,Natitingou,RETAIL,Kg,kg,0.37
2025-05-01,0.37,Maize,Benin,Natitingou,RETAIL,Kg,kg,0.37
2025-06-01,0.38,Maize,Benin,Natitingou,RETAIL,Kg,kg,0.38
2025-07-01,0.38,Maize,Benin,Natitingou,RETAIL,Kg,kg,0.38
2025-08-01,0.38,Maize,Benin,Natitingou,RETAIL,Kg,kg,0.38
2025-09-01,0.39,Maize,Benin,Natitingou,RETAIL,Kg,kg,0.39
2025-10-01,0.31,Maize,Benin,Natitingou,RETAIL,Kg,kg,0.31
2013-01-01,0.5,Maize,Benin,Parakou,RETAIL,Kg,kg,0.5
2013-02-01,0.51,Maize,Benin,Parakou,RETAIL,Kg,kg,0.51
2013-03-01,0.43,Maize,Benin,Parakou,RETAIL,Kg,kg,0.43
2013-04-01,,Maize,Benin,Parakou,RETAIL,Kg,kg,
2013-05-01,,Maize,Benin,Parakou,RETAIL,Kg,kg,
2013-06-01,,Maize,Benin,Parakou,RETAIL,Kg,kg,
2013-07-01,,Maize,Benin,Parakou,RETAIL,Kg,kg,
2013-08-01,,Maize,Benin,Parakou,RETAIL,Kg,kg,
2013-09-01,,Maize,Benin,Parakou,RETAIL,Kg,kg,
2013-10-01,,Maize,Benin,Parakou,RETAIL,Kg,kg,
2013-11-01,,Maize,Benin,Parakou,RETAIL,Kg,kg,
2013-12-01,,Maize,Benin,Parakou,RETAIL,Kg,kg,
2014-01-01,,Maize,Benin,Parakou,RETAIL,Kg,kg,
2014-02-01,,Maize,Benin,Parakou,RETAIL,Kg,kg,
2014-03-01,,Maize,Benin,Parakou,RETAIL,Kg,kg,
2014-04-01,,Maize,Benin,Parakou,RETAIL,Kg,kg,
2014-05-01,,Maize,Benin,Parakou,RETAIL,Kg,kg,
2014-06-01,,Maize,Benin,Parakou,RETAIL,Kg,kg,
2014-07-01,0.42,Maize,Benin,Parakou,RETAIL,Kg,kg,0.42
2014-08-01,0.41,Maize,Benin,Parakou,RETAIL,Kg,kg,0.41
2014-09-01,0.33,Maize,Benin,Parakou,RETAIL,Kg,kg,0.33
2014-10-01,0.33,Maize,Benin,Parakou,RETAIL,Kg,kg,0.33
2014-11-01,0.38,Maize,Benin,Parakou,RETAIL,Kg,kg,0.38
2014-12-01,0.4,Maize,Benin,Parakou,RETAIL,Kg,kg,0.4
2015-01-01,,Maize,Benin,Parakou,RETAIL,Kg,kg,
2015-02-01,,Maize,Benin,Parakou,RETAIL,Kg,kg,
2015-03-01,,Maize,Benin,Parakou,RETAIL,Kg,kg,
2015-04-01,0.3,Maize,Benin,Parakou,RETAIL,Kg,kg,0.3
2015-05-01,0.41,Maize,Benin,Parakou,RETAIL,Kg,kg,0.41
2015-06-01,0.42,Maize,Benin,Parakou,RETAIL,Kg,kg,0.42
2015-07-01,0.43,Maize,Benin,Parakou,RETAIL,Kg,kg,0.43
2015-08-01,0.41,Maize,Benin,Parakou,RETAIL,Kg,kg,0.41
2015-09-01,0.41,Maize,Benin,Parakou,RETAIL,Kg,kg,0.41
2015-10-01,0.41,Maize,Benin,Parakou,RETAIL,Kg,kg,0.41
2015-11-01,,Maize,Benin,Parakou,RETAIL,Kg,kg,
2015-12-01,,Maize,Benin,Parakou,RETAIL,Kg,kg,
2016-01-01,,Maize,Benin,Parakou,RETAIL,Kg,kg,
2016-02-01,,Maize,Benin,Parakou,RETAIL,Kg,kg,
2016-03-01,0.43,Maize,Benin,Parakou,RETAIL,Kg,kg,0.43
2016-04-01,,Maize,Benin,Parakou,RETAIL,Kg,kg,
2016-05-01,,Maize,Benin,Parakou,RETAIL,Kg,kg,
2016-06-01,,Maize,Benin,Parakou,RETAIL,Kg,kg,
2016-07-01,,Maize,Benin,Parakou,RETAIL,Kg,kg,
2016-08-01,,Maize,Benin,Parakou,RETAIL,Kg,kg,
2016-09-01,,Maize,Benin,Parakou,RETAIL,Kg,kg,
2016-10-01,,Maize,Benin,Parakou,RETAIL,Kg,kg,
2016-11-01,,Maize,Benin,Parakou,RETAIL,Kg,kg,
2016-12-01,,Maize,Benin,Parakou,RETAIL,Kg,kg,
2017-01-01,,Maize,Benin,Parakou,RETAIL,Kg,kg,
2017-02-01,,Maize,Benin,Parakou,RETAIL,Kg,kg,
2017-03-01,,Maize,Benin,Parakou,RETAIL,Kg,kg,
2017-04-01,,Maize,Benin,Parakou,RETAIL,Kg,kg,
2017-05-01,,Maize,Benin,Parakou,RETAIL,Kg,kg,
2017-06-01,,Maize,Benin,Parakou,RETAIL,Kg,kg,
2017-07-01,,Maize,Benin,Parakou,RETAIL,Kg,kg,
2017-08-01,,Maize,Benin,Parakou,RETAIL,Kg,kg,
2017-09-01,,Maize,Benin,Parakou,RETAIL,Kg,kg,
2017-10-01,,Maize,Benin,Parakou,RETAIL,Kg,kg,
2017-11-01,,Maize,Benin,Parakou,RETAIL,Kg,kg,
2017-12-01,,Maize,Benin,Parakou,RETAIL,Kg,kg,
2018-01-01,,Maize,Benin,Parakou,RETAIL,Kg,kg,
2018-02-01,,Maize,Benin,Parakou,RETAIL,Kg,kg,
2018-03-01,,Maize,Benin,Parakou,RETAIL,Kg,kg,
2018-04-01,,Maize,Benin,Parakou,RETAIL,Kg,kg,
2018-05-01,0.47,Maize,Benin,Parakou,RETAIL,Kg,kg,0.47
2018-06-01,,Maize,Benin,Parakou,RETAIL,Kg,kg,
2018-07-01,0.5,Maize,Benin,Parakou,RETAIL,Kg,kg,0.5
2018-08-01,0.49,Maize,Benin,Parakou,RETAIL,Kg,kg,0.49
2018-09-01,0.41,Maize,Benin,Parakou,RETAIL,Kg,kg,0.41
2018-10-01,0.39,Maize,Benin,Parakou,RETAIL,Kg,kg,0.39
2018-11-01,0.36,Maize,Benin,Parakou,RETAIL,Kg,kg,0.36
2018-12-01,0.36,Maize,Benin,Parakou,RETAIL,Kg,kg,0.36
2019-01-01,0.26,Maize,Benin,Parakou,RETAIL,Kg,kg,0.26
2019-02-01,0.27,Maize,Benin,Parakou,RETAIL,Kg,kg,0.27
2019-03-01,0.28,Maize,Benin,Parakou,RETAIL,Kg,kg,0.28
2019-04-01,0.29,Maize,Benin,Parakou,RETAIL,Kg,kg,0.29
2019-05-01,0.32,Maize,Benin,Parakou,RETAIL,Kg,kg,0.32
2019-06-01,0.31,Maize,Benin,Parakou,RETAIL,Kg,kg,0.31
2019-07-01,0.29,Maize,Benin,Parakou,RETAIL,Kg,kg,0.29
2019-08-01,0.29,Maize,Benin,Parakou,RETAIL,Kg,kg,0.29
2019-09-01,0.22,Maize,Benin,Parakou,RETAIL,Kg,kg,0.22
2019-10-01,0.24,Maize,Benin,Parakou,RETAIL,Kg,kg,0.24
2019-11-01,0.28,Maize,Benin,Parakou,RETAIL,Kg,kg,0.28
2019-12-01,0.28,Maize,Benin,Parakou,RETAIL,Kg,kg,0.28
2020-01-01,0.27,Maize,Benin,Parakou,RETAIL,Kg,kg,0.27
2020-02-01,0.26,Maize,Benin,Parakou,RETAIL,Kg,kg,0.26
2020-03-01,0.27,Maize,Benin,Parakou,RETAIL,Kg,kg,0.27
2020-04-01,0.28,Maize,Benin,Parakou,RETAIL,Kg,kg,0.28
2020-05-01,0.29,Maize,Benin,Parakou,RETAIL,Kg,kg,0.29
2020-06-01,0.31,Maize,Benin,Parakou,RETAIL,Kg,kg,0.31
2020-07-01,0.4,Maize,Benin,Parakou,RETAIL,Kg,kg,0.4
2020-08-01,0.45,Maize,Benin,Parakou,RETAIL,Kg,kg,0.45
2020-09-01,0.45,Maize,Benin,Parakou,RETAIL,Kg,kg,0.45
2020-10-01,0.44,Maize,Benin,Parakou,RETAIL,Kg,kg,0.44
2020-11-01,0.39,Maize,Benin,Parakou,RETAIL,Kg,kg,0.39
2020-12-01,0.4,Maize,Benin,Parakou,RETAIL,Kg,kg,0.4
2021-01-01,0.45,Maize,Benin,Parakou,RETAIL,Kg,kg,0.45
2021-02-01,0.45,Maize,Benin,Parakou,RETAIL,Kg,kg,0.45
2021-03-01,0.44,Maize,Benin,Parakou,RETAIL,Kg,kg,0.44
2021-04-01,0.45,Maize,Benin,Parakou,RETAIL,Kg,kg,0.45
2021-05-01,0.54,Maize,Benin,Parakou,RETAIL,Kg,kg,0.54
2021-06-01,0.45,Maize,Benin,Parakou,RETAIL,Kg,kg,0.45
2021-07-01,0.44,Maize,Benin,Parakou,RETAIL,Kg,kg,0.44
2021-08-01,0.53,Maize,Benin,Parakou,RETAIL,Kg,kg,0.53
2021-09-01,0.46,Maize,Benin,Parakou,RETAIL,Kg,kg,0.46
2021-10-01,0.44,Maize,Benin,Parakou,RETAIL,Kg,kg,0.44
2021-11-01,0.41,Maize,Benin,Parakou,RETAIL,Kg,kg,0.41
2021-12-01,0.42,Maize,Benin,Parakou,RETAIL,Kg,kg,0.42
2022-01-01,0.43,Maize,Benin,Parakou,RETAIL,Kg,kg,0.43
2022-02-01,0.43,Maize,Benin,Parakou,RETAIL,Kg,kg,0.43
2022-03-01,0.41,Maize,Benin,Parakou,RETAIL,Kg,kg,0.41
2022-04-01,0.41,Maize,Benin,Parakou,RETAIL,Kg,kg,0.41
2022-05-01,0.4,Maize,Benin,Parakou,RETAIL,Kg,kg,0.4
2022-06-01,0.4,Maize,Benin,Parakou,RETAIL,Kg,kg,0.4
2022-07-01,0.39,Maize,Benin,Parakou,RETAIL,Kg,kg,0.39
2022-08-01,0.38,Maize,Benin,Parakou,RETAIL,Kg,kg,0.38
2022-09-01,0.37,Maize,Benin,Parakou,RETAIL,Kg,kg,0.37
2022-10-01,0.36,Maize,Benin,Parakou,RETAIL,Kg,kg,0.36
2022-11-01,0.38,Maize,Benin,Parakou,RETAIL,Kg,kg,0.38
2022-12-01,0.4,Maize,Benin,Parakou,RETAIL,Kg,kg,0.4
2023-01-01,0.41,Maize,Benin,Parakou,RETAIL,Kg,kg,0.41
2023-02-01,0.41,Maize,Benin,Parakou,RETAIL,Kg,kg,0.41
2023-03-01,0.41,Maize,Benin,Parakou,RETAIL,Kg,kg,0.41
2023-04-01,0.43,Maize,Benin,Parakou,RETAIL,Kg,kg,0.43
2023-05-01,0.43,Maize,Benin,Parakou,RETAIL,Kg,kg,0.43
2023-06-01,0.42,Maize,Benin,Parakou,RETAIL,Kg,kg,0.42
2023-07-01,0.48,Maize,Benin,Parakou,RETAIL,Kg,kg,0.48
2023-08-01,0.5,Maize,Benin,Parakou,RETAIL,Kg,kg,0.5
2023-09-01,0.49,Maize,Benin,Parakou,RETAIL,Kg,kg,0.49
2023-10-01,0.48,Maize,Benin,Parakou,RETAIL,Kg,kg,0.48
2023-11-01,0.42,Maize,Benin,Parakou,RETAIL,Kg,kg,0.42
2023-12-01,0.41,Maize,Benin,Parakou,RETAIL,Kg,kg,0.41
2024-01-01,0.41,Maize,Benin,Parakou,RETAIL,Kg,kg,0.41
2024-02-01,0.46,Maize,Benin,Parakou,RETAIL,Kg,kg,0.46
2024-03-01,0.56,Maize,Benin,Parakou,RETAIL,Kg,kg,0.56
2024-04-01,0.57,Maize,Benin,Parakou,RETAIL,Kg,kg,0.57
2024-05-01,0.51,Maize,Benin,Parakou,RETAIL,Kg,kg,0.51
2024-06-01,0.49,Maize,Benin,Parakou,RETAIL,Kg,kg,0.49
2024-07-01,0.52,Maize,Benin,Parakou,RETAIL,Kg,kg,0.52
2024-08-01,0.58,Maize,Benin,Parakou,RETAIL,Kg,kg,0.58
2024-09-01,0.49,Maize,Benin,Parakou,RETAIL,Kg,kg,0.49
2024-10-01,0.41,Maize,Benin,Parakou,RETAIL,Kg,kg,0.41
2024-11-01,0.36,Maize,Benin,Parakou,RETAIL,Kg,kg,0.36
2024-12-01,0.38,Maize,Benin,Parakou,RETAIL,Kg,kg,0.38
2025-01-01,0.39,Maize,Benin,Parakou,RETAIL,Kg,kg,0.39
2025-02-01,0.39,Maize,Benin,Parakou,RETAIL,Kg,kg,0.39
2025-03-01,0.41,Maize,Benin,Parakou,RETAIL,Kg,kg,0.41
2025-04-01,0.42,Maize,Benin,Parakou,RETAIL,Kg,kg,0.42
2025-05-01,0.42,Maize,Benin,Parakou,RETAIL,Kg,kg,0.42
2025-06-01,0.43,Maize,Benin,Parakou,RETAIL,Kg,kg,0.43
2025-07-01,0.44,Maize,Benin,Parakou,RETAIL,Kg,kg,0.44
2025-08-01,0.44,Maize,Benin,Parakou,RETAIL,Kg,kg,0.44
2025-09-01,0.4,Maize,Benin,Parakou,RETAIL,Kg,kg,0.4
2025-10-01,0.35,Maize,Benin,Parakou,RETAIL,Kg,kg,0.35
2008-01-01,1.0,Maize,Cabo Verde,S.Antão,RETAIL,Kg,kg,1.0
2008-02-01,1.02,Maize,Cabo Verde,S.Antão,RETAIL,Kg,kg,1.02
2008-03-01,1.05,Maize,Cabo Verde,S.Antão,RETAIL,Kg,kg,1.05
2008-04-01,1.09,Maize,Cabo Verde,S.Antão,RETAIL,Kg,kg,1.09
2008-05-01,1.08,Maize,Cabo Verde,S.Antão,RETAIL,Kg,kg,1.08
2008-06-01,1.08,Maize,Cabo Verde,S.Antão,RETAIL,Kg,kg,1.08
2008-07-01,1.09,Maize,Cabo Verde,S.Antão,RETAIL,Kg,kg,1.09
2008-08-01,1.04,Maize,Cabo Verde,S.Antão,RETAIL,Kg,kg,1.04
2008-09-01,1.01,Maize,Cabo Verde,S.Antão,RETAIL,Kg,kg,1.01
2008-10-01,0.95,Maize,Cabo Verde,S.Antão,RETAIL,Kg,kg,0.95
2008-11-01,0.92,Maize,Cabo Verde,S.Antão,RETAIL,Kg,kg,0.92
2008-12-01,0.98,Maize,Cabo Verde,S.Antão,RETAIL,Kg,kg,0.98
2009-01-01,0.9,Maize,Cabo Verde,S.Antão,RETAIL,Kg,kg,0.9
2009-02-01,0.77,Maize,Cabo Verde,S.Antão,RETAIL,Kg,kg,0.77
2009-03-01,0.79,Maize,Cabo Verde,S.Antão,RETAIL,Kg,kg,0.79
2009-04-01,0.79,Maize,Cabo Verde,S.Antão,RETAIL,Kg,kg,0.79
2009-05-01,0.79,Maize,Cabo Verde,S.Antão,RETAIL,Kg,kg,0.79
2009-06-01,0.81,Maize,Cabo Verde,S.Antão,RETAIL,Kg,kg,0.81
2009-07-01,0.82,Maize,Cabo Verde,S.Antão,RETAIL,Kg,kg,0.82
2009-08-01,0.83,Maize,Cabo Verde,S.Antão,RETAIL,Kg,kg,0.83
2009-09-01,0.85,Maize,Cabo Verde,S.Antão,RETAIL,Kg,kg,0.85
2009-10-01,0.86,Maize,Cabo Verde,S.Antão,RETAIL,Kg,kg,0.86
2009-11-01,0.87,Maize,Cabo Verde,S.Antão,RETAIL,Kg,kg,0.87
2009-12-01,0.85,Maize,Cabo Verde,S.Antão,RETAIL,Kg,kg,0.85
2010-01-01,0.82,Maize,Cabo Verde,S.Antão,RETAIL,Kg,kg,0.82
2010-02-01,0.79,Maize,Cabo Verde,S.Antão,RETAIL,Kg,kg,0.79
2010-03-01,0.77,Maize,Cabo Verde,S.Antão,RETAIL,Kg,kg,0.77
2010-04-01,0.77,Maize,Cabo Verde,S.Antão,RETAIL,Kg,kg,0.77
2010-05-01,0.72,Maize,Cabo Verde,S.Antão,RETAIL,Kg,kg,0.72
2010-06-01,0.7,Maize,Cabo Verde,S.Antão,RETAIL,Kg,kg,0.7
2010-07-01,0.73,Maize,Cabo Verde,S.Antão,RETAIL,Kg,kg,0.73
2010-08-01,0.73,Maize,Cabo Verde,S.Antão,RETAIL,Kg,kg,0.73
2010-09-01,0.95,Maize,Cabo Verde,S.Antão,RETAIL,Kg,kg,0.95
2010-10-01,0.78,Maize,Cabo Verde,S.Antão,RETAIL,Kg,kg,0.78
2010-11-01,0.77,Maize,Cabo Verde,S.Antão,RETAIL,Kg,kg,0.77
2010-12-01,0.75,Maize,Cabo Verde,S.Antão,RETAIL,Kg,kg,0.75
2011-01-01,0.75,Maize,Cabo Verde,S.Antão,RETAIL,Kg,kg,0.75
2011-02-01,0.82,Maize,Cabo Verde,S.Antão,RETAIL,Kg,kg,0.82
2011-03-01,0.82,Maize,Cabo Verde,S.Antão,RETAIL,Kg,kg,0.82
2011-04-01,0.84,Maize,Cabo Verde,S.Antão,RETAIL,Kg,kg,0.84
2011-05-01,0.84,Maize,Cabo Verde,S.Antão,RETAIL,Kg,kg,0.84
2011-06-01,0.85,Maize,Cabo Verde,S.Antão,RETAIL,Kg,kg,0.85
2011-07-01,0.84,Maize,Cabo Verde,S.Antão,RETAIL,Kg,kg,0.84
2011-08-01,0.84,Maize,Cabo Verde,S.Antão,RETAIL,Kg,kg,0.84
2011-09-01,0.81,Maize,Cabo Verde,S.Antão,RETAIL,Kg,kg,0.81
2011-10-01,0.81,Maize,Cabo Verde,S.Antão,RETAIL,Kg,kg,0.81
2011-11-01,0.8,Maize,Cabo Verde,S.Antão,RETAIL,Kg,kg,0.8
2011-12-01,0.77,Maize,Cabo Verde,S.Antão,RETAIL,Kg,kg,0.77
2012-01-01,0.76,Maize,Cabo Verde,S.Antão,RETAIL,Kg,kg,0.76
2012-02-01,0.78,Maize,Cabo Verde,S.Antão,RETAIL,Kg,kg,0.78
2012-03-01,0.78,Maize,Cabo Verde,S.Antão,RETAIL,Kg,kg,0.78
2012-04-01,0.77,Maize,Cabo Verde,S.Antão,RETAIL,Kg,kg,0.77
2012-05-01,0.75,Maize,Cabo Verde,S.Antão,RETAIL,Kg,kg,0.75
2012-06-01,0.74,Maize,Cabo Verde,S.Antão,RETAIL,Kg,kg,0.74
2012-07-01,0.72,Maize,Cabo Verde,S.Antão,RETAIL,Kg,kg,0.72
2012-08-01,0.73,Maize,Cabo Verde,S.Antão,RETAIL,Kg,kg,0.73
2012-09-01,0.8,Maize,Cabo Verde,S.Antão,RETAIL,Kg,kg,0.8
2012-10-01,0.81,Maize,Cabo Verde,S.Antão,RETAIL,Kg,kg,0.81
2012-11-01,0.8,Maize,Cabo Verde,S.Antão,RETAIL,Kg,kg,0.8
2012-12-01,0.82,Maize,Cabo Verde,S.Antão,RETAIL,Kg,kg,0.82
2013-01-01,0.83,Maize,Cabo Verde,S.Antão,RETAIL,Kg,kg,0.83
2013-02-01,0.85,Maize,Cabo Verde,S.Antão,RETAIL,Kg,kg,0.85
2013-03-01,0.83,Maize,Cabo Verde,S.Antão,RETAIL,Kg,kg,0.83
2013-04-01,0.82,Maize,Cabo Verde,S.Antão,RETAIL,Kg,kg,0.82
2013-05-01,0.82,Maize,Cabo Verde,S.Antão,RETAIL,Kg,kg,0.82
2013-06-01,0.84,Maize,Cabo Verde,S.Antão,RETAIL,Kg,kg,0.84
2013-07-01,0.83,Maize,Cabo Verde,S.Antão,RETAIL,Kg,kg,0.83
2013-08-01,0.85,Maize,Cabo Verde,S.Antão,RETAIL,Kg,kg,0.85
2013-09-01,0.85,Maize,Cabo Verde,S.Antão,RETAIL,Kg,kg,0.85
2013-10-01,0.91,Maize,Cabo Verde,S.Antão,RETAIL,Kg,kg,0.91
2013-11-01,0.9,Maize,Cabo Verde,S.Antão,RETAIL,Kg,kg,0.9
2013-12-01,0.91,Maize,Cabo Verde,S.Antão,RETAIL,Kg,kg,0.91
2014-01-01,0.9,Maize,Cabo Verde,S.Antão,RETAIL,Kg,kg,0.9
2014-02-01,0.91,Maize,Cabo Verde,S.Antão,RETAIL,Kg,kg,0.91
2014-03-01,0.92,Maize,Cabo Verde,S.Antão,RETAIL,Kg,kg,0.92
2014-04-01,0.92,Maize,Cabo Verde,S.Antão,RETAIL,Kg,kg,0.92
2014-05-01,0.9,Maize,Cabo Verde,S.Antão,RETAIL,Kg,kg,0.9
2014-06-01,0.9,Maize,Cabo Verde,S.Antão,RETAIL,Kg,kg,0.9
2014-07-01,,Maize,Cabo Verde,S.Antão,RETAIL,Kg,kg,
2014-08-01,,Maize,Cabo Verde,S.Antão,RETAIL,Kg,kg,
2014-09-01,0.86,Maize,Cabo Verde,S.Antão,RETAIL,Kg,kg,0.86
2014-10-01,0.85,Maize,Cabo Verde,S.Antão,RETAIL,Kg,kg,0.85
2014-11-01,0.83,Maize,Cabo Verde,S.Antão,RETAIL,Kg,kg,0.83
2014-12-01,0.82,Maize,Cabo Verde,S.Antão,RETAIL,Kg,kg,0.82
2015-01-01,,Maize,Cabo Verde,S.Antão,RETAIL,Kg,kg,
2015-02-01,0.79,Maize,Cabo Verde,S.Antão,RETAIL,Kg,kg,0.79
2015-03-01,0.76,Maize,Cabo Verde,S.Antão,RETAIL,Kg,kg,0.76
2015-04-01,0.75,Maize,Cabo Verde,S.Antão,RETAIL,Kg,kg,0.75
2015-05-01,0.78,Maize,Cabo Verde,S.Antão,RETAIL,Kg,kg,0.78
2015-06-01,0.79,Maize,Cabo Verde,S.Antão,RETAIL,Kg,kg,0.79
2015-07-01,0.92,Maize,Cabo Verde,S.Antão,RETAIL,Kg,kg,0.92
2015-08-01,0.93,Maize,Cabo Verde,S.Antão,RETAIL,Kg,kg,0.93
2015-09-01,,Maize,Cabo Verde,S.Antão,RETAIL,Kg,kg,
2015-10-01,0.94,Maize,Cabo Verde,S.Antão,RETAIL,Kg,kg,0.94
2015-11-01,0.89,Maize,Cabo Verde,S.Antão,RETAIL,Kg,kg,0.89
2015-12-01,0.96,Maize,Cabo Verde,S.Antão,RETAIL,Kg,kg,0.96
2016-01-01,0.97,Maize,Cabo Verde,S.Antão,RETAIL,Kg,kg,0.97
2016-02-01,1.0,Maize,Cabo Verde,S.Antão,RETAIL,Kg,kg,1.0
2016-03-01,1.0,Maize,Cabo Verde,S.Antão,RETAIL,Kg,kg,1.0
2016-04-01,,Maize,Cabo Verde,S.Antão,RETAIL,Kg,kg,
2016-05-01,1.03,Maize,Cabo Verde,S.Antão,RETAIL,Kg,kg,1.03
2016-06-01,1.02,Maize,Cabo Verde,S.Antão,RETAIL,Kg,kg,1.02
2016-07-01,1.01,Maize,Cabo Verde,S.Antão,RETAIL,Kg,kg,1.01
2016-08-01,1.02,Maize,Cabo Verde,S.Antão,RETAIL,Kg,kg,1.02
2016-09-01,1.02,Maize,Cabo Verde,S.Antão,RETAIL,Kg,kg,1.02
2016-10-01,1.0,Maize,Cabo Verde,S.Antão,RETAIL,Kg,kg,1.0
2016-11-01,0.97,Maize,Cabo Verde,S.Antão,RETAIL,Kg,kg,0.97
2016-12-01,0.95,Maize,Cabo Verde,S.Antão,RETAIL,Kg,kg,0.95
2017-01-01,,Maize,Cabo Verde,S.Antão,RETAIL,Kg,kg,
2017-02-01,0.95,Maize,Cabo Verde,S.Antão,RETAIL,Kg,kg,0.95
2017-03-01,0.95,Maize,Cabo Verde,S.Antão,RETAIL,Kg,kg,0.95
2017-04-01,0.96,Maize,Cabo Verde,S.Antão,RETAIL,Kg,kg,0.96
2017-05-01,0.99,Maize,Cabo Verde,S.Antão,RETAIL,Kg,kg,0.99
2017-06-01,1.0,Maize,Cabo Verde,S.Antão,RETAIL,Kg,kg,1.0
2017-07-01,1.03,Maize,Cabo Verde,S.Antão,RETAIL,Kg,kg,1.03
2017-08-01,1.05,Maize,Cabo Verde,S.Antão,RETAIL,Kg,kg,1.05
2017-09-01,1.07,Maize,Cabo Verde,S.Antão,RETAIL,Kg,kg,1.07
2017-10-01,1.1,Maize,Cabo Verde,S.Antão,RETAIL,Kg,kg,1.1
2017-11-01,1.13,Maize,Cabo Verde,S.Antão,RETAIL,Kg,kg,1.13
2017-12-01,1.14,Maize,Cabo Verde,S.Antão,RETAIL,Kg,kg,1.14
2018-01-01,1.19,Maize,Cabo Verde,S.Antão,RETAIL,Kg,kg,1.19
2018-02-01,1.33,Maize,Cabo Verde,S.Antão,RETAIL,Kg,kg,1.33
2018-03-01,1.3,Maize,Cabo Verde,S.Antão,RETAIL,Kg,kg,1.3
2018-04-01,1.3,Maize,Cabo Verde,S.Antão,RETAIL,Kg,kg,1.3
2018-05-01,1.25,Maize,Cabo Verde,S.Antão,RETAIL,Kg,kg,1.25
2018-06-01,1.26,Maize,Cabo Verde,S.Antão,RETAIL,Kg,kg,1.26
2018-07-01,1.29,Maize,Cabo Verde,S.Antão,RETAIL,Kg,kg,1.29
2018-08-01,1.3,Maize,Cabo Verde,S.Antão,RETAIL,Kg,kg,1.3
2018-09-01,1.31,Maize,Cabo Verde,S.Antão,RETAIL,Kg,kg,1.31
2018-10-01,1.3,Maize,Cabo Verde,S.Antão,RETAIL,Kg,kg,1.3
2018-11-01,1.28,Maize,Cabo Verde,S.Antão,RETAIL,Kg,kg,1.28
2018-12-01,1.26,Maize,Cabo Verde,S.Antão,RETAIL,Kg,kg,1.26
2019-01-01,1.31,Maize,Cabo Verde,S.Antão,RETAIL,Kg,kg,1.31
2019-02-01,1.31,Maize,Cabo Verde,S.Antão,RETAIL,Kg,kg,1.31
2019-03-01,1.21,Maize,Cabo Verde,S.Antão,RETAIL,Kg,kg,1.21
2019-04-01,1.21,Maize,Cabo Verde,S.Antão,RETAIL,Kg,kg,1.21
2019-05-01,1.2,Maize,Cabo Verde,S.Antão,RETAIL,Kg,kg,1.2
2019-06-01,1.2,Maize,Cabo Verde,S.Antão,RETAIL,Kg,kg,1.2
2019-07-01,1.19,Maize,Cabo Verde,S.Antão,RETAIL,Kg,kg,1.19
2019-08-01,1.2,Maize,Cabo Verde,S.Antão,RETAIL,Kg,kg,1.2
2019-09-01,1.15,Maize,Cabo Verde,S.Antão,RETAIL,Kg,kg,1.15
2019-10-01,1.16,Maize,Cabo Verde,S.Antão,RETAIL,Kg,kg,1.16
2019-11-01,1.2,Maize,Cabo Verde,S.Antão,RETAIL,Kg,kg,1.2
2019-12-01,1.05,Maize,Cabo Verde,S.Antão,RETAIL,Kg,kg,1.05
2020-01-01,1.09,Maize,Cabo Verde,S.Antão,RETAIL,Kg,kg,1.09
2020-02-01,1.08,Maize,Cabo Verde,S.Antão,RETAIL,Kg,kg,1.08
2020-03-01,1.25,Maize,Cabo Verde,S.Antão,RETAIL,Kg,kg,1.25
2020-04-01,1.14,Maize,Cabo Verde,S.Antão,RETAIL,Kg,kg,1.14
2020-05-01,1.13,Maize,Cabo Verde,S.Antão,RETAIL,Kg,kg,1.13
2020-06-01,1.15,Maize,Cabo Verde,S.Antão,RETAIL,Kg,kg,1.15
2020-07-01,1.15,Maize,Cabo Verde,S.Antão,RETAIL,Kg,kg,1.15
2020-08-01,1.17,Maize,Cabo Verde,S.Antão,RETAIL,Kg,kg,1.17
2020-09-01,1.15,Maize,Cabo Verde,S.Antão,RETAIL,Kg,kg,1.15
2020-10-01,1.1,Maize,Cabo Verde,S.Antão,RETAIL,Kg,kg,1.1
2020-11-01,1.22,Maize,Cabo Verde,S.Antão,RETAIL,Kg,kg,1.22
2020-12-01,1.23,Maize,Cabo Verde,S.Antão,RETAIL,Kg,kg,1.23
2021-01-01,1.23,Maize,Cabo Verde,S.Antão,RETAIL,Kg,kg,1.23
2021-02-01,1.23,Maize,Cabo Verde,S.Antão,RETAIL,Kg,kg,1.23
2021-03-01,1.21,Maize,Cabo Verde,S.Antão,RETAIL,Kg,kg,1.21
2021-04-01,1.26,Maize,Cabo Verde,S.Antão,RETAIL,Kg,kg,1.26
2021-05-01,1.27,Maize,Cabo Verde,S.Antão,RETAIL,Kg,kg,1.27
2021-06-01,1.29,Maize,Cabo Verde,S.Antão,RETAIL,Kg,kg,1.29
2021-07-01,1.29,Maize,Cabo Verde,S.Antão,RETAIL,Kg,kg,1.29
2021-08-01,1.26,Maize,Cabo Verde,S.Antão,RETAIL,Kg,kg,1.26
2021-09-01,1.32,Maize,Cabo Verde,S.Antão,RETAIL,Kg,kg,1.32
2021-10-01,1.29,Maize,Cabo Verde,S.Antão,RETAIL,Kg,kg,1.29
2021-11-01,1.28,Maize,Cabo Verde,S.Antão,RETAIL,Kg,kg,1.28
2021-12-01,1.28,Maize,Cabo Verde,S.Antão,RETAIL,Kg,kg,1.28
2022-01-01,1.47,Maize,Cabo Verde,S.Antão,RETAIL,Kg,kg,1.47
2022-02-01,1.5,Maize,Cabo Verde,S.Antão,RETAIL,Kg,kg,1.5
2022-03-01,1.46,Maize,Cabo Verde,S.Antão,RETAIL,Kg,kg,1.46
2022-04-01,1.43,Maize,Cabo Verde,S.Antão,RETAIL,Kg,kg,1.43
2022-05-01,1.43,Maize,Cabo Verde,S.Antão,RETAIL,Kg,kg,1.43
2022-06-01,1.43,Maize,Cabo Verde,S.Antão,RETAIL,Kg,kg,1.43
2022-07-01,1.37,Maize,Cabo Verde,S.Antão,RETAIL,Kg,kg,1.37
2022-08-01,1.38,Maize,Cabo Verde,S.Antão,RETAIL,Kg,kg,1.38
2022-09-01,1.37,Maize,Cabo Verde,S.Antão,RETAIL,Kg,kg,1.37
2022-10-01,1.37,Maize,Cabo Verde,S.Antão,RETAIL,Kg,kg,1.37
2022-11-01,1.39,Maize,Cabo Verde,S.Antão,RETAIL,Kg,kg,1.39
2022-12-01,1.44,Maize,Cabo Verde,S.Antão,RETAIL,Kg,kg,1.44
2023-01-01,1.57,Maize,Cabo Verde,S.Antão,RETAIL,Kg,kg,1.57
2023-02-01,1.57,Maize,Cabo Verde,S.Antão,RETAIL,Kg,kg,1.57
2023-03-01,1.56,Maize,Cabo Verde,S.Antão,RETAIL,Kg,kg,1.56
2023-04-01,1.54,Maize,Cabo Verde,S.Antão,RETAIL,Kg,kg,1.54
2023-05-01,1.58,Maize,Cabo Verde,S.Antão,RETAIL,Kg,kg,1.58
2023-06-01,1.57,Maize,Cabo Verde,S.Antão,RETAIL,Kg,kg,1.57
2023-07-01,1.57,Maize,Cabo Verde,S.Antão,RETAIL,Kg,kg,1.57
2023-08-01,1.56,Maize,Cabo Verde,S.Antão,RETAIL,Kg,kg,1.56
2023-09-01,1.55,Maize,Cabo Verde,S.Antão,RETAIL,Kg,kg,1.55
2023-10-01,1.58,Maize,Cabo Verde,S.Antão,RETAIL,Kg,kg,1.58
2023-11-01,1.54,Maize,Cabo Verde,S.Antão,RETAIL,Kg,kg,1.54
2023-12-01,1.59,Maize,Cabo Verde,S.Antão,RETAIL,Kg,kg,1.59
2024-01-01,1.57,Maize,Cabo Verde,S.Antão,RETAIL,Kg,kg,1.57
2024-02-01,1.56,Maize,Cabo Verde,S.Antão,RETAIL,Kg,kg,1.56
2024-03-01,1.57,Maize,Cabo Verde,S.Antão,RETAIL,Kg,kg,1.57
2024-04-01,1.56,Maize,Cabo Verde,S.Antão,RETAIL,Kg,kg,1.56
2024-05-01,1.57,Maize,Cabo Verde,S.Antão,RETAIL,Kg,kg,1.57
2024-06-01,1.56,Maize,Cabo Verde,S.Antão,RETAIL,Kg,kg,1.56
2024-07-01,1.58,Maize,Cabo Verde,S.Antão,RETAIL,Kg,kg,1.58
2024-08-01,1.6,Maize,Cabo Verde,S.Antão,RETAIL,Kg,kg,1.6
2024-09-01,1.6,Maize,Cabo Verde,S.Antão,RETAIL,Kg,kg,1.6
2024-10-01,1.58,Maize,Cabo Verde,S.Antão,RETAIL,Kg,kg,1.58
2024-11-01,1.53,Maize,Cabo Verde,S.Antão,RETAIL,Kg,kg,1.53
2024-12-01,1.51,Maize,Cabo Verde,S.Antão,RETAIL,Kg,kg,1.51
2025-01-01,1.49,Maize,Cabo Verde,S.Antão,RETAIL,Kg,kg,1.49
2025-02-01,1.5,Maize,Cabo Verde,S.Antão,RETAIL,Kg,kg,1.5
2025-03-01,1.56,Maize,Cabo Verde,S.Antão,RETAIL,Kg,kg,1.56
2025-04-01,1.69,Maize,Cabo Verde,S.Antão,RETAIL,Kg,kg,1.69
2025-05-01,1.7,Maize,Cabo Verde,S.Antão,RETAIL,Kg,kg,1.7
2025-06-01,1.73,Maize,Cabo Verde,S.Antão,RETAIL,Kg,kg,1.73
2025-07-01,1.71,Maize,Cabo Verde,S.Antão,RETAIL,Kg,kg,1.71
2025-08-01,1.75,Maize,Cabo Verde,S.Antão,RETAIL,Kg,kg,1.75
2025-09-01,1.76,Maize,Cabo Verde,S.Antão,RETAIL,Kg,kg,1.76
2006-01-01,0.66,Maize,Cabo Verde,Santiago,RETAIL,Kg,kg,0.66
2006-02-01,0.65,Maize,Cabo Verde,Santiago,RETAIL,Kg,kg,0.65
2006-03-01,0.65,Maize,Cabo Verde,Santiago,RETAIL,Kg,kg,0.65
2006-04-01,0.67,Maize,Cabo Verde,Santiago,RETAIL,Kg,kg,0.67
2006-05-01,0.64,Maize,Cabo Verde,Santiago,RETAIL,Kg,kg,0.64
2006-06-01,0.63,Maize,Cabo Verde,Santiago,RETAIL,Kg,kg,0.63
2006-07-01,0.63,Maize,Cabo Verde,Santiago,RETAIL,Kg,kg,0.63
2006-08-01,0.64,Maize,Cabo Verde,Santiago,RETAIL,Kg,kg,0.64
2006-09-01,0.63,Maize,Cabo Verde,Santiago,RETAIL,Kg,kg,0.63
2006-10-01,0.63,Maize,Cabo Verde,Santiago,RETAIL,Kg,kg,0.63
2006-11-01,0.64,Maize,Cabo Verde,Santiago,RETAIL,Kg,kg,0.64
2006-12-01,0.66,Maize,Cabo Verde,Santiago,RETAIL,Kg,kg,0.66
2007-01-01,0.55,Maize,Cabo Verde,Santiago,RETAIL,Kg,kg,0.55
2007-02-01,0.65,Maize,Cabo Verde,Santiago,RETAIL,Kg,kg,0.65
2007-03-01,0.66,Maize,Cabo Verde,Santiago,RETAIL,Kg,kg,0.66
2007-04-01,0.67,Maize,Cabo Verde,Santiago,RETAIL,Kg,kg,0.67
2007-05-01,0.67,Maize,Cabo Verde,Santiago,RETAIL,Kg,kg,0.67
2007-06-01,0.67,Maize,Cabo Verde,Santiago,RETAIL,Kg,kg,0.67
2007-07-01,0.68,Maize,Cabo Verde,Santiago,RETAIL,Kg,kg,0.68
2007-08-01,0.62,Maize,Cabo Verde,Santiago,RETAIL,Kg,kg,0.62
2007-09-01,0.63,Maize,Cabo Verde,Santiago,RETAIL,Kg,kg,0.63
2007-10-01,0.65,Maize,Cabo Verde,Santiago,RETAIL,Kg,kg,0.65
2007-11-01,0.67,Maize,Cabo Verde,Santiago,RETAIL,Kg,kg,0.67
2007-12-01,0.73,Maize,Cabo Verde,Santiago,RETAIL,Kg,kg,0.73
2008-01-01,0.7,Maize,Cabo Verde,Santiago,RETAIL,Kg,kg,0.7
2008-02-01,0.65,Maize,Cabo Verde,Santiago,RETAIL,Kg,kg,0.65
2008-03-01,0.68,Maize,Cabo Verde,Santiago,RETAIL,Kg,kg,0.68
2008-04-01,0.72,Maize,Cabo Verde,Santiago,RETAIL,Kg,kg,0.72
2008-05-01,0.79,Maize,Cabo Verde,Santiago,RETAIL,Kg,kg,0.79
2008-06-01,0.88,Maize,Cabo Verde,Santiago,RETAIL,Kg,kg,0.88
2008-07-01,1.01,Maize,Cabo Verde,Santiago,RETAIL,Kg,kg,1.01
2008-08-01,0.96,Maize,Cabo Verde,Santiago,RETAIL,Kg,kg,0.96
2008-09-01,0.92,Maize,Cabo Verde,Santiago,RETAIL,Kg,kg,0.92
2008-10-01,0.83,Maize,Cabo Verde,Santiago,RETAIL,Kg,kg,0.83
2008-11-01,0.78,Maize,Cabo Verde,Santiago,RETAIL,Kg,kg,0.78
2008-12-01,0.8,Maize,Cabo Verde,Santiago,RETAIL,Kg,kg,0.8
2009-01-01,0.78,Maize,Cabo Verde,Santiago,RETAIL,Kg,kg,0.78
2009-02-01,0.75,Maize,Cabo Verde,Santiago,RETAIL,Kg,kg,0.75
2009-03-01,0.76,Maize,Cabo Verde,Santiago,RETAIL,Kg,kg,0.76
2009-04-01,0.77,Maize,Cabo Verde,Santiago,RETAIL,Kg,kg,0.77
2009-05-01,0.8,Maize,Cabo Verde,Santiago,RETAIL,Kg,kg,0.8
2009-06-01,0.82,Maize,Cabo Verde,Santiago,RETAIL,Kg,kg,0.82
2009-07-01,0.83,Maize,Cabo Verde,Santiago,RETAIL,Kg,kg,0.83
2009-08-01,0.84,Maize,Cabo Verde,Santiago,RETAIL,Kg,kg,0.84
2009-09-01,0.85,Maize,Cabo Verde,Santiago,RETAIL,Kg,kg,0.85
2009-10-01,0.87,Maize,Cabo Verde,Santiago,RETAIL,Kg,kg,0.87
2009-11-01,0.87,Maize,Cabo Verde,Santiago,RETAIL,Kg,kg,0.87
2009-12-01,0.86,Maize,Cabo Verde,Santiago,RETAIL,Kg,kg,0.86
2010-01-01,0.86,Maize,Cabo Verde,Santiago,RETAIL,Kg,kg,0.86
2010-02-01,0.8,Maize,Cabo Verde,Santiago,RETAIL,Kg,kg,0.8
2010-03-01,0.8,Maize,Cabo Verde,Santiago,RETAIL,Kg,kg,0.8
2010-04-01,0.81,Maize,Cabo Verde,Santiago,RETAIL,Kg,kg,0.81
2010-05-01,0.74,Maize,Cabo Verde,Santiago,RETAIL,Kg,kg,0.74
2010-06-01,0.72,Maize,Cabo Verde,Santiago,RETAIL,Kg,kg,0.72
2010-07-01,0.75,Maize,Cabo Verde,Santiago,RETAIL,Kg,kg,0.75
2010-08-01,0.76,Maize,Cabo Verde,Santiago,RETAIL,Kg,kg,0.76
2010-09-01,0.8,Maize,Cabo Verde,Santiago,RETAIL,Kg,kg,0.8
2010-10-01,0.85,Maize,Cabo Verde,Santiago,RETAIL,Kg,kg,0.85
2010-11-01,0.82,Maize,Cabo Verde,Santiago,RETAIL,Kg,kg,0.82
2010-12-01,0.79,Maize,Cabo Verde,Santiago,RETAIL,Kg,kg,0.79
2011-01-01,0.8,Maize,Cabo Verde,Santiago,RETAIL,Kg,kg,0.8
2011-02-01,0.82,Maize,Cabo Verde,Santiago,RETAIL,Kg,kg,0.82
2011-03-01,0.84,Maize,Cabo Verde,Santiago,RETAIL,Kg,kg,0.84
2011-04-01,0.96,Maize,Cabo Verde,Santiago,RETAIL,Kg,kg,0.96
2011-05-01,0.86,Maize,Cabo Verde,Santiago,RETAIL,Kg,kg,0.86
2011-06-01,0.86,Maize,Cabo Verde,Santiago,RETAIL,Kg,kg,0.86
2011-07-01,0.85,Maize,Cabo Verde,Santiago,RETAIL,Kg,kg,0.85
2011-08-01,0.86,Maize,Cabo Verde,Santiago,RETAIL,Kg,kg,0.86
2011-09-01,0.82,Maize,Cabo Verde,Santiago,RETAIL,Kg,kg,0.82
2011-10-01,0.82,Maize,Cabo Verde,Santiago,RETAIL,Kg,kg,0.82
2011-11-01,0.81,Maize,Cabo Verde,Santiago,RETAIL,Kg,kg,0.81
2011-12-01,0.79,Maize,Cabo Verde,Santiago,RETAIL,Kg,kg,0.79
2012-01-01,0.77,Maize,Cabo Verde,Santiago,RETAIL,Kg,kg,0.77
2012-02-01,0.79,Maize,Cabo Verde,Santiago,RETAIL,Kg,kg,0.79
2012-03-01,0.79,Maize,Cabo Verde,Santiago,RETAIL,Kg,kg,0.79
2012-04-01,0.79,Maize,Cabo Verde,Santiago,RETAIL,Kg,kg,0.79
2012-05-01,0.77,Maize,Cabo Verde,Santiago,RETAIL,Kg,kg,0.77
2012-06-01,0.75,Maize,Cabo Verde,Santiago,RETAIL,Kg,kg,0.75
2012-07-01,0.74,Maize,Cabo Verde,Santiago,RETAIL,Kg,kg,0.74
2012-08-01,0.74,Maize,Cabo Verde,Santiago,RETAIL,Kg,kg,0.74
2012-09-01,0.77,Maize,Cabo Verde,Santiago,RETAIL,Kg,kg,0.77
2012-10-01,0.78,Maize,Cabo Verde,Santiago,RETAIL,Kg,kg,0.78
2012-11-01,0.77,Maize,Cabo Verde,Santiago,RETAIL,Kg,kg,0.77
2012-12-01,0.81,Maize,Cabo Verde,Santiago,RETAIL,Kg,kg,0.81
2013-01-01,0.82,Maize,Cabo Verde,Santiago,RETAIL,Kg,kg,0.82
2013-02-01,0.8,Maize,Cabo Verde,Santiago,RETAIL,Kg,kg,0.8
2013-03-01,0.78,Maize,Cabo Verde,Santiago,RETAIL,Kg,kg,0.78
2013-04-01,0.78,Maize,Cabo Verde,Santiago,RETAIL,Kg,kg,0.78
2013-05-01,0.78,Maize,Cabo Verde,Santiago,RETAIL,Kg,kg,0.78
2013-06-01,0.79,Maize,Cabo Verde,Santiago,RETAIL,Kg,kg,0.79
2013-07-01,0.78,Maize,Cabo Verde,Santiago,RETAIL,Kg,kg,0.78
2013-08-01,0.8,Maize,Cabo Verde,Santiago,RETAIL,Kg,kg,0.8
2013-09-01,0.8,Maize,Cabo Verde,Santiago,RETAIL,Kg,kg,0.8
2013-10-01,0.82,Maize,Cabo Verde,Santiago,RETAIL,Kg,kg,0.82
2013-11-01,0.81,Maize,Cabo Verde,Santiago,RETAIL,Kg,kg,0.81
2013-12-01,0.82,Maize,Cabo Verde,Santiago,RETAIL,Kg,kg,0.82
2014-01-01,0.82,Maize,Cabo Verde,Santiago,RETAIL,Kg,kg,0.82
2014-02-01,0.82,Maize,Cabo Verde,Santiago,RETAIL,Kg,kg,0.82
2014-03-01,0.85,Maize,Cabo Verde,Santiago,RETAIL,Kg,kg,0.85
2014-04-01,0.83,Maize,Cabo Verde,Santiago,RETAIL,Kg,kg,0.83
2014-05-01,0.79,Maize,Cabo Verde,Santiago,RETAIL,Kg,kg,0.79
2014-06-01,0.81,Maize,Cabo Verde,Santiago,RETAIL,Kg,kg,0.81
2014-07-01,,Maize,Cabo Verde,Santiago,RETAIL,Kg,kg,
2014-08-01,,Maize,Cabo Verde,Santiago,RETAIL,Kg,kg,
2014-09-01,0.79,Maize,Cabo Verde,Santiago,RETAIL,Kg,kg,0.79
2014-10-01,0.92,Maize,Cabo Verde,Santiago,RETAIL,Kg,kg,0.92
2014-11-01,1.09,Maize,Cabo Verde,Santiago,RETAIL,Kg,kg,1.09
2014-12-01,1.04,Maize,Cabo Verde,Santiago,RETAIL,Kg,kg,1.04
2015-01-01,,Maize,Cabo Verde,Santiago,RETAIL,Kg,kg,
2015-02-01,1.16,Maize,Cabo Verde,Santiago,RETAIL,Kg,kg,1.16
2015-03-01,1.04,Maize,Cabo Verde,Santiago,RETAIL,Kg,kg,1.04
2015-04-01,1.11,Maize,Cabo Verde,Santiago,RETAIL,Kg,kg,1.11
2015-05-01,1.14,Maize,Cabo Verde,Santiago,RETAIL,Kg,kg,1.14
2015-06-01,1.18,Maize,Cabo Verde,Santiago,RETAIL,Kg,kg,1.18
2015-07-01,1.06,Maize,Cabo Verde,Santiago,RETAIL,Kg,kg,1.06
2015-08-01,1.07,Maize,Cabo Verde,Santiago,RETAIL,Kg,kg,1.07
2015-09-01,,Maize,Cabo Verde,Santiago,RETAIL,Kg,kg,
2015-10-01,1.08,Maize,Cabo Verde,Santiago,RETAIL,Kg,kg,1.08
2015-11-01,1.12,Maize,Cabo Verde,Santiago,RETAIL,Kg,kg,1.12
2015-12-01,1.03,Maize,Cabo Verde,Santiago,RETAIL,Kg,kg,1.03
2016-01-01,1.1,Maize,Cabo Verde,Santiago,RETAIL,Kg,kg,1.1
2016-02-01,1.06,Maize,Cabo Verde,Santiago,RETAIL,Kg,kg,1.06
2016-03-01,1.12,Maize,Cabo Verde,Santiago,RETAIL,Kg,kg,1.12
2016-04-01,,Maize,Cabo Verde,Santiago,RETAIL,Kg,kg,
2016-05-01,1.13,Maize,Cabo Verde,Santiago,RETAIL,Kg,kg,1.13
2016-06-01,1.12,Maize,Cabo Verde,Santiago,RETAIL,Kg,kg,1.12
2016-07-01,1.09,Maize,Cabo Verde,Santiago,RETAIL,Kg,kg,1.09
2016-08-01,1.03,Maize,Cabo Verde,Santiago,RETAIL,Kg,kg,1.03
2016-09-01,1.03,Maize,Cabo Verde,Santiago,RETAIL,Kg,kg,1.03
2016-10-01,1.0,Maize,Cabo Verde,Santiago,RETAIL,Kg,kg,1.0
2016-11-01,1.04,Maize,Cabo Verde,Santiago,RETAIL,Kg,kg,1.04
2016-12-01,0.98,Maize,Cabo Verde,Santiago,RETAIL,Kg,kg,0.98
2017-01-01,,Maize,Cabo Verde,Santiago,RETAIL,Kg,kg,
2017-02-01,1.01,Maize,Cabo Verde,Santiago,RETAIL,Kg,kg,1.01
2017-03-01,0.98,Maize,Cabo Verde,Santiago,RETAIL,Kg,kg,0.98
2017-04-01,1.0,Maize,Cabo Verde,Santiago,RETAIL,Kg,kg,1.0
2017-05-01,1.05,Maize,Cabo Verde,Santiago,RETAIL,Kg,kg,1.05
2017-06-01,1.0,Maize,Cabo Verde,Santiago,RETAIL,Kg,kg,1.0
2017-07-01,1.04,Maize,Cabo Verde,Santiago,RETAIL,Kg,kg,1.04
2017-08-01,1.08,Maize,Cabo Verde,Santiago,RETAIL,Kg,kg,1.08
2017-09-01,1.22,Maize,Cabo Verde,Santiago,RETAIL,Kg,kg,1.22
2017-10-01,1.2,Maize,Cabo Verde,Santiago,RETAIL,Kg,kg,1.2
2017-11-01,1.15,Maize,Cabo Verde,Santiago,RETAIL,Kg,kg,1.15
2017-12-01,1.16,Maize,Cabo Verde,Santiago,RETAIL,Kg,kg,1.16
2018-01-01,1.28,Maize,Cabo Verde,Santiago,RETAIL,Kg,kg,1.28
2018-02-01,1.23,Maize,Cabo Verde,Santiago,RETAIL,Kg,kg,1.23
2018-03-01,1.22,Maize,Cabo Verde,Santiago,RETAIL,Kg,kg,1.22
2018-04-01,1.24,Maize,Cabo Verde,Santiago,RETAIL,Kg,kg,1.24
2018-05-01,1.26,Maize,Cabo Verde,Santiago,RETAIL,Kg,kg,1.26
2018-06-01,1.25,Maize,Cabo Verde,Santiago,RETAIL,Kg,kg,1.25
2018-07-01,1.19,Maize,Cabo Verde,Santiago,RETAIL,Kg,kg,1.19
2018-08-01,1.2,Maize,Cabo Verde,Santiago,RETAIL,Kg,kg,1.2
2018-09-01,1.23,Maize,Cabo Verde,Santiago,RETAIL,Kg,kg,1.23
2018-10-01,1.2,Maize,Cabo Verde,Santiago,RETAIL,Kg,kg,1.2
2018-11-01,1.15,Maize,Cabo Verde,Santiago,RETAIL,Kg,kg,1.15
2018-12-01,1.24,Maize,Cabo Verde,Santiago,RETAIL,Kg,kg,1.24
2019-01-01,1.24,Maize,Cabo Verde,Santiago,RETAIL,Kg,kg,1.24
2019-02-01,1.28,Maize,Cabo Verde,Santiago,RETAIL,Kg,kg,1.28
2019-03-01,1.21,Maize,Cabo Verde,Santiago,RETAIL,Kg,kg,1.21
2019-04-01,1.2,Maize,Cabo Verde,Santiago,RETAIL,Kg,kg,1.2
2019-05-01,1.2,Maize,Cabo Verde,Santiago,RETAIL,Kg,kg,1.2
2019-06-01,1.29,Maize,Cabo Verde,Santiago,RETAIL,Kg,kg,1.29
2019-07-01,1.3,Maize,Cabo Verde,Santiago,RETAIL,Kg,kg,1.3
2019-08-01,1.3,Maize,Cabo Verde,Santiago,RETAIL,Kg,kg,1.3
2019-09-01,1.26,Maize,Cabo Verde,Santiago,RETAIL,Kg,kg,1.26
2019-10-01,1.27,Maize,Cabo Verde,Santiago,RETAIL,Kg,kg,1.27
2019-11-01,1.24,Maize,Cabo Verde,Santiago,RETAIL,Kg,kg,1.24
2019-12-01,1.2,Maize,Cabo Verde,Santiago,RETAIL,Kg,kg,1.2
2020-01-01,1.18,Maize,Cabo Verde,Santiago,RETAIL,Kg,kg,1.18
2020-02-01,1.14,Maize,Cabo Verde,Santiago,RETAIL,Kg,kg,1.14
2020-03-01,1.17,Maize,Cabo Verde,Santiago,RETAIL,Kg,kg,1.17
2020-04-01,1.16,Maize,Cabo Verde,Santiago,RETAIL,Kg,kg,1.16
2020-05-01,1.14,Maize,Cabo Verde,Santiago,RETAIL,Kg,kg,1.14
2020-06-01,1.24,Maize,Cabo Verde,Santiago,RETAIL,Kg,kg,1.24
2020-07-01,1.25,Maize,Cabo Verde,Santiago,RETAIL,Kg,kg,1.25
2020-08-01,1.23,Maize,Cabo Verde,Santiago,RETAIL,Kg,kg,1.23
2020-09-01,1.22,Maize,Cabo Verde,Santiago,RETAIL,Kg,kg,1.22
2020-10-01,1.25,Maize,Cabo Verde,Santiago,RETAIL,Kg,kg,1.25
2020-11-01,1.22,Maize,Cabo Verde,Santiago,RETAIL,Kg,kg,1.22
2020-12-01,1.28,Maize,Cabo Verde,Santiago,RETAIL,Kg,kg,1.28
2021-01-01,1.29,Maize,Cabo Verde,Santiago,RETAIL,Kg,kg,1.29
2021-02-01,1.28,Maize,Cabo Verde,Santiago,RETAIL,Kg,kg,1.28
2021-03-01,1.26,Maize,Cabo Verde,Santiago,RETAIL,Kg,kg,1.26
2021-04-01,1.29,Maize,Cabo Verde,Santiago,RETAIL,Kg,kg,1.29
2021-05-01,1.29,Maize,Cabo Verde,Santiago,RETAIL,Kg,kg,1.29
2021-06-01,1.28,Maize,Cabo Verde,Santiago,RETAIL,Kg,kg,1.28
2021-07-01,1.3,Maize,Cabo Verde,Santiago,RETAIL,Kg,kg,1.3
2021-08-01,1.25,Maize,Cabo Verde,Santiago,RETAIL,Kg,kg,1.25
2021-09-01,1.25,Maize,Cabo Verde,Santiago,RETAIL,Kg,kg,1.25
2021-10-01,1.28,Maize,Cabo Verde,Santiago,RETAIL,Kg,kg,1.28
2021-11-01,1.26,Maize,Cabo Verde,Santiago,RETAIL,Kg,kg,1.26
2021-12-01,1.24,Maize,Cabo Verde,Santiago,RETAIL,Kg,kg,1.24
2022-01-01,1.47,Maize,Cabo Verde,Santiago,RETAIL,Kg,kg,1.47
2022-02-01,1.51,Maize,Cabo Verde,Santiago,RETAIL,Kg,kg,1.51
2022-03-01,1.29,Maize,Cabo Verde,Santiago,RETAIL,Kg,kg,1.29
2022-04-01,1.37,Maize,Cabo Verde,Santiago,RETAIL,Kg,kg,1.37
2022-05-01,1.25,Maize,Cabo Verde,Santiago,RETAIL,Kg,kg,1.25
2022-06-01,1.43,Maize,Cabo Verde,Santiago,RETAIL,Kg,kg,1.43
2022-07-01,1.31,Maize,Cabo Verde,Santiago,RETAIL,Kg,kg,1.31
2022-08-01,1.53,Maize,Cabo Verde,Santiago,RETAIL,Kg,kg,1.53
2022-09-01,1.29,Maize,Cabo Verde,Santiago,RETAIL,Kg,kg,1.29
2022-10-01,1.15,Maize,Cabo Verde,Santiago,RETAIL,Kg,kg,1.15
2022-11-01,1.15,Maize,Cabo Verde,Santiago,RETAIL,Kg,kg,1.15
2022-12-01,1.17,Maize,Cabo Verde,Santiago,RETAIL,Kg,kg,1.17
2023-01-01,1.38,Maize,Cabo Verde,Santiago,RETAIL,Kg,kg,1.38
2023-02-01,1.38,Maize,Cabo Verde,Santiago,RETAIL,Kg,kg,1.38
2023-03-01,1.38,Maize,Cabo Verde,Santiago,RETAIL,Kg,kg,1.38
2023-04-01,1.37,Maize,Cabo Verde,Santiago,RETAIL,Kg,kg,1.37
2023-05-01,1.35,Maize,Cabo Verde,Santiago,RETAIL,Kg,kg,1.35
2023-06-01,1.42,Maize,Cabo Verde,Santiago,RETAIL,Kg,kg,1.42
2023-07-01,1.64,Maize,Cabo Verde,Santiago,RETAIL,Kg,kg,1.64
2023-08-01,1.67,Maize,Cabo Verde,Santiago,RETAIL,Kg,kg,1.67
2023-09-01,1.65,Maize,Cabo Verde,Santiago,RETAIL,Kg,kg,1.65
2023-10-01,1.78,Maize,Cabo Verde,Santiago,RETAIL,Kg,kg,1.78
2023-11-01,1.56,Maize,Cabo Verde,Santiago,RETAIL,Kg,kg,1.56
2023-12-01,1.61,Maize,Cabo Verde,Santiago,RETAIL,Kg,kg,1.61
2024-01-01,1.36,Maize,Cabo Verde,Santiago,RETAIL,Kg,kg,1.36
2024-02-01,1.37,Maize,Cabo Verde,Santiago,RETAIL,Kg,kg,1.37
2024-03-01,1.4,Maize,Cabo Verde,Santiago,RETAIL,Kg,kg,1.4
2024-04-01,1.38,Maize,Cabo Verde,Santiago,RETAIL,Kg,kg,1.38
2024-05-01,1.3,Maize,Cabo Verde,Santiago,RETAIL,Kg,kg,1.3
2024-06-01,1.23,Maize,Cabo Verde,Santiago,RETAIL,Kg,kg,1.23
2024-07-01,1.36,Maize,Cabo Verde,Santiago,RETAIL,Kg,kg,1.36
2024-08-01,1.26,Maize,Cabo Verde,Santiago,RETAIL,Kg,kg,1.26
2024-09-01,1.24,Maize,Cabo Verde,Santiago,RETAIL,Kg,kg,1.24
2024-10-01,1.27,Maize,Cabo Verde,Santiago,RETAIL,Kg,kg,1.27
2024-11-01,1.15,Maize,Cabo Verde,Santiago,RETAIL,Kg,kg,1.15
2024-12-01,1.2,Maize,Cabo Verde,Santiago,RETAIL,Kg,kg,1.2
2025-01-01,1.19,Maize,Cabo Verde,Santiago,RETAIL,Kg,kg,1.19
2025-02-01,1.19,Maize,Cabo Verde,Santiago,RETAIL,Kg,kg,1.19
2025-03-01,1.24,Maize,Cabo Verde,Santiago,RETAIL,Kg,kg,1.24
2025-04-01,1.29,Maize,Cabo Verde,Santiago,RETAIL,Kg,kg,1.29
2025-05-01,1.22,Maize,Cabo Verde,Santiago,RETAIL,Kg,kg,1.22
2025-06-01,1.25,Maize,Cabo Verde,Santiago,RETAIL,Kg,kg,1.25
2025-07-01,1.24,Maize,Cabo Verde,Santiago,RETAIL,Kg,kg,1.24
2025-08-01,1.26,Maize,Cabo Verde,Santiago,RETAIL,Kg,kg,1.26
2025-09-01,1.27,Maize,Cabo Verde,Santiago,RETAIL,Kg,kg,1.27
2005-01-01,0.51,Maize,Cameroon,Bafoussam,RETAIL,Kg,kg,0.51
2005-02-01,0.5,Maize,Cameroon,Bafoussam,RETAIL,Kg,kg,0.5
2005-03-01,0.48,Maize,Cameroon,Bafoussam,RETAIL,Kg,kg,0.48
2005-04-01,0.44,Maize,Cameroon,Bafoussam,RETAIL,Kg,kg,0.44
2005-05-01,0.43,Maize,Cameroon,Bafoussam,RETAIL,Kg,kg,0.43
2005-06-01,0.42,Maize,Cameroon,Bafoussam,RETAIL,Kg,kg,0.42
2005-07-01,0.31,Maize,Cameroon,Bafoussam,RETAIL,Kg,kg,0.31
2005-08-01,0.32,Maize,Cameroon,Bafoussam,RETAIL,Kg,kg,0.32
2005-09-01,0.35,Maize,Cameroon,Bafoussam,RETAIL,Kg,kg,0.35
2005-10-01,0.39,Maize,Cameroon,Bafoussam,RETAIL,Kg,kg,0.39
2005-11-01,0.38,Maize,Cameroon,Bafoussam,RETAIL,Kg,kg,0.38
2005-12-01,0.4,Maize,Cameroon,Bafoussam,RETAIL,Kg,kg,0.4
2006-01-01,0.44,Maize,Cameroon,Bafoussam,RETAIL,Kg,kg,0.44
2006-02-01,0.44,Maize,Cameroon,Bafoussam,RETAIL,Kg,kg,0.44
2006-03-01,0.42,Maize,Cameroon,Bafoussam,RETAIL,Kg,kg,0.42
2006-04-01,0.42,Maize,Cameroon,Bafoussam,RETAIL,Kg,kg,0.42
2006-05-01,0.44,Maize,Cameroon,Bafoussam,RETAIL,Kg,kg,0.44
2006-06-01,0.44,Maize,Cameroon,Bafoussam,RETAIL,Kg,kg,0.44
2006-07-01,0.43,Maize,Cameroon,Bafoussam,RETAIL,Kg,kg,0.43
2006-08-01,0.47,Maize,Cameroon,Bafoussam,RETAIL,Kg,kg,0.47
2006-09-01,0.35,Maize,Cameroon,Bafoussam,RETAIL,Kg,kg,0.35
2006-10-01,0.36,Maize,Cameroon,Bafoussam,RETAIL,Kg,kg,0.36
2006-11-01,0.31,Maize,Cameroon,Bafoussam,RETAIL,Kg,kg,0.31
2006-12-01,0.32,Maize,Cameroon,Bafoussam,RETAIL,Kg,kg,0.32
2007-01-01,0.33,Maize,Cameroon,Bafoussam,RETAIL,Kg,kg,0.33
2007-02-01,0.34,Maize,Cameroon,Bafoussam,RETAIL,Kg,kg,0.34
2007-03-01,0.38,Maize,Cameroon,Bafoussam,RETAIL,Kg,kg,0.38
2007-04-01,0.43,Maize,Cameroon,Bafoussam,RETAIL,Kg,kg,0.43
2007-05-01,0.43,Maize,Cameroon,Bafoussam,RETAIL,Kg,kg,0.43
2007-06-01,0.43,Maize,Cameroon,Bafoussam,RETAIL,Kg,kg,0.43
2007-07-01,0.43,Maize,Cameroon,Bafoussam,RETAIL,Kg,kg,0.43
2007-08-01,0.35,Maize,Cameroon,Bafoussam,RETAIL,Kg,kg,0.35
2007-09-01,0.31,Maize,Cameroon,Bafoussam,RETAIL,Kg,kg,0.31
2007-10-01,0.31,Maize,Cameroon,Bafoussam,RETAIL,Kg,kg,0.31
2007-11-01,0.31,Maize,Cameroon,Bafoussam,RETAIL,Kg,kg,0.31
2007-12-01,0.3,Maize,Cameroon,Bafoussam,RETAIL,Kg,kg,0.3
2008-01-01,0.35,Maize,Cameroon,Bafoussam,RETAIL,Kg,kg,0.35
2008-02-01,0.39,Maize,Cameroon,Bafoussam,RETAIL,Kg,kg,0.39
2008-03-01,0.48,Maize,Cameroon,Bafoussam,RETAIL,Kg,kg,0.48
2008-04-01,0.48,Maize,Cameroon,Bafoussam,RETAIL,Kg,kg,0.48
2008-05-01,0.44,Maize,Cameroon,Bafoussam,RETAIL,Kg,kg,0.44
2008-06-01,0.43,Maize,Cameroon,Bafoussam,RETAIL,Kg,kg,0.43
2008-07-01,0.48,Maize,Cameroon,Bafoussam,RETAIL,Kg,kg,0.48
2008-08-01,0.45,Maize,Cameroon,Bafoussam,RETAIL,Kg,kg,0.45
2008-09-01,0.42,Maize,Cameroon,Bafoussam,RETAIL,Kg,kg,0.42
2008-10-01,0.39,Maize,Cameroon,Bafoussam,RETAIL,Kg,kg,0.39
2008-11-01,0.39,Maize,Cameroon,Bafoussam,RETAIL,Kg,kg,0.39
2008-12-01,0.44,Maize,Cameroon,Bafoussam,RETAIL,Kg,kg,0.44
2009-01-01,0.44,Maize,Cameroon,Bafoussam,RETAIL,Kg,kg,0.44
2009-02-01,0.45,Maize,Cameroon,Bafoussam,RETAIL,Kg,kg,0.45
2009-03-01,0.46,Maize,Cameroon,Bafoussam,RETAIL,Kg,kg,0.46
2009-04-01,0.47,Maize,Cameroon,Bafoussam,RETAIL,Kg,kg,0.47
2009-05-01,0.5,Maize,Cameroon,Bafoussam,RETAIL,Kg,kg,0.5
2009-06-01,0.56,Maize,Cameroon,Bafoussam,RETAIL,Kg,kg,0.56
2009-07-01,0.56,Maize,Cameroon,Bafoussam,RETAIL,Kg,kg,0.56
2009-08-01,0.62,Maize,Cameroon,Bafoussam,RETAIL,Kg,kg,0.62
2009-09-01,0.57,Maize,Cameroon,Bafoussam,RETAIL,Kg,kg,0.57
2009-10-01,0.55,Maize,Cameroon,Bafoussam,RETAIL,Kg,kg,0.55
2009-11-01,0.54,Maize,Cameroon,Bafoussam,RETAIL,Kg,kg,0.54
2009-12-01,0.52,Maize,Cameroon,Bafoussam,RETAIL,Kg,kg,0.52
2010-01-01,0.49,Maize,Cameroon,Bafoussam,RETAIL,Kg,kg,0.49
2010-02-01,0.46,Maize,Cameroon,Bafoussam,RETAIL,Kg,kg,0.46
2010-03-01,0.45,Maize,Cameroon,Bafoussam,RETAIL,Kg,kg,0.45
2010-04-01,0.42,Maize,Cameroon,Bafoussam,RETAIL,Kg,kg,0.42
2010-05-01,0.39,Maize,Cameroon,Bafoussam,RETAIL,Kg,kg,0.39
2010-06-01,0.37,Maize,Cameroon,Bafoussam,RETAIL,Kg,kg,0.37
2010-07-01,0.39,Maize,Cameroon,Bafoussam,RETAIL,Kg,kg,0.39
2010-08-01,0.4,Maize,Cameroon,Bafoussam,RETAIL,Kg,kg,0.4
2010-09-01,0.39,Maize,Cameroon,Bafoussam,RETAIL,Kg,kg,0.39
2010-10-01,0.38,Maize,Cameroon,Bafoussam,RETAIL,Kg,kg,0.38
2010-11-01,0.37,Maize,Cameroon,Bafoussam,RETAIL,Kg,kg,0.37
2010-12-01,0.39,Maize,Cameroon,Bafoussam,RETAIL,Kg,kg,0.39
2011-01-01,0.41,Maize,Cameroon,Bafoussam,RETAIL,Kg,kg,0.41
2011-02-01,0.44,Maize,Cameroon,Bafoussam,RETAIL,Kg,kg,0.44
2011-03-01,0.46,Maize,Cameroon,Bafoussam,RETAIL,Kg,kg,0.46
2011-04-01,0.5,Maize,Cameroon,Bafoussam,RETAIL,Kg,kg,0.5
2011-05-01,0.53,Maize,Cameroon,Bafoussam,RETAIL,Kg,kg,0.53
2011-06-01,0.59,Maize,Cameroon,Bafoussam,RETAIL,Kg,kg,0.59
2011-07-01,0.65,Maize,Cameroon,Bafoussam,RETAIL,Kg,kg,0.65
2011-08-01,0.63,Maize,Cameroon,Bafoussam,RETAIL,Kg,kg,0.63
2011-09-01,0.5,Maize,Cameroon,Bafoussam,RETAIL,Kg,kg,0.5
2011-10-01,0.44,Maize,Cameroon,Bafoussam,RETAIL,Kg,kg,0.44
2011-11-01,0.44,Maize,Cameroon,Bafoussam,RETAIL,Kg,kg,0.44
2011-12-01,0.43,Maize,Cameroon,Bafoussam,RETAIL,Kg,kg,0.43
2012-01-01,0.52,Maize,Cameroon,Bafoussam,RETAIL,Kg,kg,0.52
2012-02-01,0.6,Maize,Cameroon,Bafoussam,RETAIL,Kg,kg,0.6
2012-03-01,0.57,Maize,Cameroon,Bafoussam,RETAIL,Kg,kg,0.57
2012-04-01,0.61,Maize,Cameroon,Bafoussam,RETAIL,Kg,kg,0.61
2012-05-01,0.59,Maize,Cameroon,Bafoussam,RETAIL,Kg,kg,0.59
2012-06-01,0.57,Maize,Cameroon,Bafoussam,RETAIL,Kg,kg,0.57
2012-07-01,0.56,Maize,Cameroon,Bafoussam,RETAIL,Kg,kg,0.56
2012-08-01,0.5,Maize,Cameroon,Bafoussam,RETAIL,Kg,kg,0.5
2012-09-01,0.42,Maize,Cameroon,Bafoussam,RETAIL,Kg,kg,0.42
2012-10-01,0.42,Maize,Cameroon,Bafoussam,RETAIL,Kg,kg,0.42
2012-11-01,0.41,Maize,Cameroon,Bafoussam,RETAIL,Kg,kg,0.41
2012-12-01,0.53,Maize,Cameroon,Bafoussam,RETAIL,Kg,kg,0.53
2013-01-01,0.54,Maize,Cameroon,Bafoussam,RETAIL,Kg,kg,0.54
2013-02-01,0.54,Maize,Cameroon,Bafoussam,RETAIL,Kg,kg,0.54
2013-03-01,0.53,Maize,Cameroon,Bafoussam,RETAIL,Kg,kg,0.53
2013-04-01,0.48,Maize,Cameroon,Bafoussam,RETAIL,Kg,kg,0.48
2013-05-01,0.53,Maize,Cameroon,Bafoussam,RETAIL,Kg,kg,0.53
2013-06-01,0.53,Maize,Cameroon,Bafoussam,RETAIL,Kg,kg,0.53
2013-07-01,0.5,Maize,Cameroon,Bafoussam,RETAIL,Kg,kg,0.5
2013-08-01,0.51,Maize,Cameroon,Bafoussam,RETAIL,Kg,kg,0.51
2013-09-01,0.44,Maize,Cameroon,Bafoussam,RETAIL,Kg,kg,0.44
2013-10-01,0.47,Maize,Cameroon,Bafoussam,RETAIL,Kg,kg,0.47
2013-11-01,0.6,Maize,Cameroon,Bafoussam,RETAIL,Kg,kg,0.6
2013-12-01,0.52,Maize,Cameroon,Bafoussam,RETAIL,Kg,kg,0.52
2014-01-01,0.43,Maize,Cameroon,Bafoussam,RETAIL,Kg,kg,0.43
2014-02-01,0.43,Maize,Cameroon,Bafoussam,RETAIL,Kg,kg,0.43
2014-03-01,0.52,Maize,Cameroon,Bafoussam,RETAIL,Kg,kg,0.52
2014-04-01,0.56,Maize,Cameroon,Bafoussam,RETAIL,Kg,kg,0.56
2014-05-01,0.55,Maize,Cameroon,Bafoussam,RETAIL,Kg,kg,0.55
2014-06-01,0.55,Maize,Cameroon,Bafoussam,RETAIL,Kg,kg,0.55
2014-07-01,0.54,Maize,Cameroon,Bafoussam,RETAIL,Kg,kg,0.54
2014-08-01,0.44,Maize,Cameroon,Bafoussam,RETAIL,Kg,kg,0.44
2014-09-01,0.4,Maize,Cameroon,Bafoussam,RETAIL,Kg,kg,0.4
2014-10-01,0.39,Maize,Cameroon,Bafoussam,RETAIL,Kg,kg,0.39
2014-11-01,0.41,Maize,Cameroon,Bafoussam,RETAIL,Kg,kg,0.41
2014-12-01,0.42,Maize,Cameroon,Bafoussam,RETAIL,Kg,kg,0.42
2015-01-01,0.42,Maize,Cameroon,Bafoussam,RETAIL,Kg,kg,0.42
2015-02-01,0.45,Maize,Cameroon,Bafoussam,RETAIL,Kg,kg,0.45
2015-03-01,0.42,Maize,Cameroon,Bafoussam,RETAIL,Kg,kg,0.42
2015-04-01,0.48,Maize,Cameroon,Bafoussam,RETAIL,Kg,kg,0.48
2015-05-01,0.5,Maize,Cameroon,Bafoussam,RETAIL,Kg,kg,0.5
2015-06-01,0.5,Maize,Cameroon,Bafoussam,RETAIL,Kg,kg,0.5
2015-07-01,0.5,Maize,Cameroon,Bafoussam,RETAIL,Kg,kg,0.5
2015-08-01,0.35,Maize,Cameroon,Bafoussam,RETAIL,Kg,kg,0.35
2015-09-01,0.38,Maize,Cameroon,Bafoussam,RETAIL,Kg,kg,0.38
2015-10-01,0.36,Maize,Cameroon,Bafoussam,RETAIL,Kg,kg,0.36
2015-11-01,0.34,Maize,Cameroon,Bafoussam,RETAIL,Kg,kg,0.34
2015-12-01,0.42,Maize,Cameroon,Bafoussam,RETAIL,Kg,kg,0.42
2016-01-01,0.43,Maize,Cameroon,Bafoussam,RETAIL,Kg,kg,0.43
2016-02-01,0.44,Maize,Cameroon,Bafoussam,RETAIL,Kg,kg,0.44
2016-03-01,0.45,Maize,Cameroon,Bafoussam,RETAIL,Kg,kg,0.45
2016-04-01,0.45,Maize,Cameroon,Bafoussam,RETAIL,Kg,kg,0.45
2016-05-01,0.46,Maize,Cameroon,Bafoussam,RETAIL,Kg,kg,0.46
2016-06-01,0.49,Maize,Cameroon,Bafoussam,RETAIL,Kg,kg,0.49
2016-07-01,0.43,Maize,Cameroon,Bafoussam,RETAIL,Kg,kg,0.43
2016-08-01,0.38,Maize,Cameroon,Bafoussam,RETAIL,Kg,kg,0.38
2016-09-01,0.4,Maize,Cameroon,Bafoussam,RETAIL,Kg,kg,0.4
2016-10-01,0.39,Maize,Cameroon,Bafoussam,RETAIL,Kg,kg,0.39
2016-11-01,0.38,Maize,Cameroon,Bafoussam,RETAIL,Kg,kg,0.38
2016-12-01,0.37,Maize,Cameroon,Bafoussam,RETAIL,Kg,kg,0.37
2017-01-01,0.39,Maize,Cameroon,Bafoussam,RETAIL,Kg,kg,0.39
2017-02-01,0.45,Maize,Cameroon,Bafoussam,RETAIL,Kg,kg,0.45
2017-03-01,0.45,Maize,Cameroon,Bafoussam,RETAIL,Kg,kg,0.45
2017-04-01,0.44,Maize,Cameroon,Bafoussam,RETAIL,Kg,kg,0.44
2017-05-01,0.49,Maize,Cameroon,Bafoussam,RETAIL,Kg,kg,0.49
2017-06-01,0.5,Maize,Cameroon,Bafoussam,RETAIL,Kg,kg,0.5
2017-07-01,0.56,Maize,Cameroon,Bafoussam,RETAIL,Kg,kg,0.56
2017-08-01,0.46,Maize,Cameroon,Bafoussam,RETAIL,Kg,kg,0.46
2017-09-01,0.41,Maize,Cameroon,Bafoussam,RETAIL,Kg,kg,0.41
2017-10-01,0.4,Maize,Cameroon,Bafoussam,RETAIL,Kg,kg,0.4
2017-11-01,0.41,Maize,Cameroon,Bafoussam,RETAIL,Kg,kg,0.41
2017-12-01,0.43,Maize,Cameroon,Bafoussam,RETAIL,Kg,kg,0.43
2018-01-01,0.45,Maize,Cameroon,Bafoussam,RETAIL,Kg,kg,0.45
2018-02-01,0.45,Maize,Cameroon,Bafoussam,RETAIL,Kg,kg,0.45
2018-03-01,0.45,Maize,Cameroon,Bafoussam,RETAIL,Kg,kg,0.45
2018-04-01,0.46,Maize,Cameroon,Bafoussam,RETAIL,Kg,kg,0.46
2018-05-01,0.43,Maize,Cameroon,Bafoussam,RETAIL,Kg,kg,0.43
2018-06-01,0.38,Maize,Cameroon,Bafoussam,RETAIL,Kg,kg,0.38
2018-07-01,0.37,Maize,Cameroon,Bafoussam,RETAIL,Kg,kg,0.37
2018-08-01,0.36,Maize,Cameroon,Bafoussam,RETAIL,Kg,kg,0.36
2018-09-01,0.37,Maize,Cameroon,Bafoussam,RETAIL,Kg,kg,0.37
2018-10-01,0.36,Maize,Cameroon,Bafoussam,RETAIL,Kg,kg,0.36
2018-11-01,0.41,Maize,Cameroon,Bafoussam,RETAIL,Kg,kg,0.41
2018-12-01,0.36,Maize,Cameroon,Bafoussam,RETAIL,Kg,kg,0.36
2019-01-01,0.42,Maize,Cameroon,Bafoussam,RETAIL,Kg,kg,0.42
2019-02-01,0.4,Maize,Cameroon,Bafoussam,RETAIL,Kg,kg,0.4
2019-03-01,0.45,Maize,Cameroon,Bafoussam,RETAIL,Kg,kg,0.45
2019-04-01,0.45,Maize,Cameroon,Bafoussam,RETAIL,Kg,kg,0.45
2019-05-01,0.45,Maize,Cameroon,Bafoussam,RETAIL,Kg,kg,0.45
2019-06-01,0.45,Maize,Cameroon,Bafoussam,RETAIL,Kg,kg,0.45
2019-07-01,0.52,Maize,Cameroon,Bafoussam,RETAIL,Kg,kg,0.52
2019-08-01,0.52,Maize,Cameroon,Bafoussam,RETAIL,Kg,kg,0.52
2019-09-01,0.44,Maize,Cameroon,Bafoussam,RETAIL,Kg,kg,0.44
2019-10-01,0.39,Maize,Cameroon,Bafoussam,RETAIL,Kg,kg,0.39
2019-11-01,0.43,Maize,Cameroon,Bafoussam,RETAIL,Kg,kg,0.43
2019-12-01,0.41,Maize,Cameroon,Bafoussam,RETAIL,Kg,kg,0.41
2020-01-01,0.47,Maize,Cameroon,Bafoussam,RETAIL,Kg,kg,0.47
2020-02-01,0.51,Maize,Cameroon,Bafoussam,RETAIL,Kg,kg,0.51
2020-03-01,0.49,Maize,Cameroon,Bafoussam,RETAIL,Kg,kg,0.49
2020-04-01,0.5,Maize,Cameroon,Bafoussam,RETAIL,Kg,kg,0.5
2020-05-01,0.51,Maize,Cameroon,Bafoussam,RETAIL,Kg,kg,0.51
2020-06-01,0.54,Maize,Cameroon,Bafoussam,RETAIL,Kg,kg,0.54
2020-07-01,0.55,Maize,Cameroon,Bafoussam,RETAIL,Kg,kg,0.55
2020-08-01,0.57,Maize,Cameroon,Bafoussam,RETAIL,Kg,kg,0.57
2020-09-01,0.46,Maize,Cameroon,Bafoussam,RETAIL,Kg,kg,0.46
2020-10-01,0.55,Maize,Cameroon,Bafoussam,RETAIL,Kg,kg,0.55
2020-11-01,0.57,Maize,Cameroon,Bafoussam,RETAIL,Kg,kg,0.57
2020-12-01,0.59,Maize,Cameroon,Bafoussam,RETAIL,Kg,kg,0.59
2021-01-01,0.55,Maize,Cameroon,Bafoussam,RETAIL,Kg,kg,0.55
2021-02-01,0.57,Maize,Cameroon,Bafoussam,RETAIL,Kg,kg,0.57
2021-03-01,0.57,Maize,Cameroon,Bafoussam,RETAIL,Kg,kg,0.57
2021-04-01,0.57,Maize,Cameroon,Bafoussam,RETAIL,Kg,kg,0.57
2021-05-01,0.56,Maize,Cameroon,Bafoussam,RETAIL,Kg,kg,0.56
2021-06-01,0.52,Maize,Cameroon,Bafoussam,RETAIL,Kg,kg,0.52
2021-07-01,0.43,Maize,Cameroon,Bafoussam,RETAIL,Kg,kg,0.43
2021-08-01,0.5,Maize,Cameroon,Bafoussam,RETAIL,Kg,kg,0.5
2021-09-01,0.38,Maize,Cameroon,Bafoussam,RETAIL,Kg,kg,0.38
2021-10-01,0.37,Maize,Cameroon,Bafoussam,RETAIL,Kg,kg,0.37
2021-11-01,0.38,Maize,Cameroon,Bafoussam,RETAIL,Kg,kg,0.38
2021-12-01,0.37,Maize,Cameroon,Bafoussam,RETAIL,Kg,kg,0.37
2022-01-01,0.45,Maize,Cameroon,Bafoussam,RETAIL,Kg,kg,0.45
2022-02-01,0.45,Maize,Cameroon,Bafoussam,RETAIL,Kg,kg,0.45
2022-03-01,0.45,Maize,Cameroon,Bafoussam,RETAIL,Kg,kg,0.45
2022-04-01,0.57,Maize,Cameroon,Bafoussam,RETAIL,Kg,kg,0.57
2022-05-01,0.52,Maize,Cameroon,Bafoussam,RETAIL,Kg,kg,0.52
2022-06-01,0.62,Maize,Cameroon,Bafoussam,RETAIL,Kg,kg,0.62
2022-07-01,0.58,Maize,Cameroon,Bafoussam,RETAIL,Kg,kg,0.58
2022-08-01,0.52,Maize,Cameroon,Bafoussam,RETAIL,Kg,kg,0.52
2022-09-01,0.49,Maize,Cameroon,Bafoussam,RETAIL,Kg,kg,0.49
2022-10-01,0.45,Maize,Cameroon,Bafoussam,RETAIL,Kg,kg,0.45
2022-11-01,0.47,Maize,Cameroon,Bafoussam,RETAIL,Kg,kg,0.47
2022-12-01,0.56,Maize,Cameroon,Bafoussam,RETAIL,Kg,kg,0.56
2023-01-01,0.6,Maize,Cameroon,Bafoussam,RETAIL,Kg,kg,0.6
2023-02-01,0.59,Maize,Cameroon,Bafoussam,RETAIL,Kg,kg,0.59
2023-03-01,0.57,Maize,Cameroon,Bafoussam,RETAIL,Kg,kg,0.57
2023-04-01,0.61,Maize,Cameroon,Bafoussam,RETAIL,Kg,kg,0.61
2023-05-01,0.6,Maize,Cameroon,Bafoussam,RETAIL,Kg,kg,0.6
2023-06-01,0.6,Maize,Cameroon,Bafoussam,RETAIL,Kg,kg,0.6
2023-07-01,0.64,Maize,Cameroon,Bafoussam,RETAIL,Kg,kg,0.64
2023-08-01,0.61,Maize,Cameroon,Bafoussam,RETAIL,Kg,kg,0.61
2023-09-01,0.56,Maize,Cameroon,Bafoussam,RETAIL,Kg,kg,0.56
2023-10-01,0.55,Maize,Cameroon,Bafoussam,RETAIL,Kg,kg,0.55
2023-11-01,0.58,Maize,Cameroon,Bafoussam,RETAIL,Kg,kg,0.58
2023-12-01,0.61,Maize,Cameroon,Bafoussam,RETAIL,Kg,kg,0.61
2024-01-01,0.59,Maize,Cameroon,Bafoussam,RETAIL,Kg,kg,0.59
2024-02-01,0.57,Maize,Cameroon,Bafoussam,RETAIL,Kg,kg,0.57
2024-03-01,0.58,Maize,Cameroon,Bafoussam,RETAIL,Kg,kg,0.58
2024-04-01,0.58,Maize,Cameroon,Bafoussam,RETAIL,Kg,kg,0.58
2024-05-01,0.6,Maize,Cameroon,Bafoussam,RETAIL,Kg,kg,0.6
2024-06-01,0.62,Maize,Cameroon,Bafoussam,RETAIL,Kg,kg,0.62
2024-07-01,0.61,Maize,Cameroon,Bafoussam,RETAIL,Kg,kg,0.61
2024-08-01,0.62,Maize,Cameroon,Bafoussam,RETAIL,Kg,kg,0.62
2024-09-01,0.68,Maize,Cameroon,Bafoussam,RETAIL,Kg,kg,0.68
2024-10-01,0.66,Maize,Cameroon,Bafoussam,RETAIL,Kg,kg,0.66
2024-11-01,0.57,Maize,Cameroon,Bafoussam,RETAIL,Kg,kg,0.57
2024-12-01,0.6,Maize,Cameroon,Bafoussam,RETAIL,Kg,kg,0.6
2025-01-01,0.56,Maize,Cameroon,Bafoussam,RETAIL,Kg,kg,0.56
2025-02-01,0.69,Maize,Cameroon,Bafoussam,RETAIL,Kg,kg,0.69
2025-03-01,0.72,Maize,Cameroon,Bafoussam,RETAIL,Kg,kg,0.72
2025-04-01,0.77,Maize,Cameroon,Bafoussam,RETAIL,Kg,kg,0.77
2025-05-01,0.76,Maize,Cameroon,Bafoussam,RETAIL,Kg,kg,0.76
2025-06-01,0.87,Maize,Cameroon,Bafoussam,RETAIL,Kg,kg,0.87
2025-07-01,0.89,Maize,Cameroon,Bafoussam,RETAIL,Kg,kg,0.89
2025-08-01,0.89,Maize,Cameroon,Bafoussam,RETAIL,Kg,kg,0.89
2025-09-01,0.79,Maize,Cameroon,Bafoussam,RETAIL,Kg,kg,0.79
2005-01-01,0.28,Maize,Cameroon,Bamenda,RETAIL,Kg,kg,0.28
2005-02-01,0.27,Maize,Cameroon,Bamenda,RETAIL,Kg,kg,0.27
2005-03-01,0.27,Maize,Cameroon,Bamenda,RETAIL,Kg,kg,0.27
2005-04-01,0.27,Maize,Cameroon,Bamenda,RETAIL,Kg,kg,0.27
2005-05-01,0.33,Maize,Cameroon,Bamenda,RETAIL,Kg,kg,0.33
2005-06-01,0.32,Maize,Cameroon,Bamenda,RETAIL,Kg,kg,0.32
2005-07-01,0.37,Maize,Cameroon,Bamenda,RETAIL,Kg,kg,0.37
2005-08-01,0.4,Maize,Cameroon,Bamenda,RETAIL,Kg,kg,0.4
2005-09-01,0.32,Maize,Cameroon,Bamenda,RETAIL,Kg,kg,0.32
2005-10-01,0.49,Maize,Cameroon,Bamenda,RETAIL,Kg,kg,0.49
2005-11-01,0.41,Maize,Cameroon,Bamenda,RETAIL,Kg,kg,0.41
2005-12-01,0.48,Maize,Cameroon,Bamenda,RETAIL,Kg,kg,0.48
2006-01-01,0.47,Maize,Cameroon,Bamenda,RETAIL,Kg,kg,0.47
2006-02-01,0.53,Maize,Cameroon,Bamenda,RETAIL,Kg,kg,0.53
2006-03-01,0.52,Maize,Cameroon,Bamenda,RETAIL,Kg,kg,0.52
2006-04-01,0.52,Maize,Cameroon,Bamenda,RETAIL,Kg,kg,0.52
2006-05-01,0.57,Maize,Cameroon,Bamenda,RETAIL,Kg,kg,0.57
2006-06-01,0.61,Maize,Cameroon,Bamenda,RETAIL,Kg,kg,0.61
2006-07-01,0.45,Maize,Cameroon,Bamenda,RETAIL,Kg,kg,0.45
2006-08-01,0.45,Maize,Cameroon,Bamenda,RETAIL,Kg,kg,0.45
2006-09-01,0.33,Maize,Cameroon,Bamenda,RETAIL,Kg,kg,0.33
2006-10-01,0.37,Maize,Cameroon,Bamenda,RETAIL,Kg,kg,0.37
2006-11-01,0.31,Maize,Cameroon,Bamenda,RETAIL,Kg,kg,0.31
2006-12-01,0.4,Maize,Cameroon,Bamenda,RETAIL,Kg,kg,0.4
2007-01-01,0.4,Maize,Cameroon,Bamenda,RETAIL,Kg,kg,0.4
2007-02-01,0.36,Maize,Cameroon,Bamenda,RETAIL,Kg,kg,0.36
2007-03-01,0.39,Maize,Cameroon,Bamenda,RETAIL,Kg,kg,0.39
2007-04-01,0.47,Maize,Cameroon,Bamenda,RETAIL,Kg,kg,0.47
2007-05-01,0.47,Maize,Cameroon,Bamenda,RETAIL,Kg,kg,0.47
2007-06-01,0.4,Maize,Cameroon,Bamenda,RETAIL,Kg,kg,0.4
2007-07-01,0.42,Maize,Cameroon,Bamenda,RETAIL,Kg,kg,0.42
2007-08-01,0.32,Maize,Cameroon,Bamenda,RETAIL,Kg,kg,0.32
2007-09-01,0.29,Maize,Cameroon,Bamenda,RETAIL,Kg,kg,0.29
2007-10-01,0.3,Maize,Cameroon,Bamenda,RETAIL,Kg,kg,0.3
2007-11-01,0.33,Maize,Cameroon,Bamenda,RETAIL,Kg,kg,0.33
2007-12-01,0.37,Maize,Cameroon,Bamenda,RETAIL,Kg,kg,0.37
2008-01-01,0.31,Maize,Cameroon,Bamenda,RETAIL,Kg,kg,0.31
2008-02-01,0.33,Maize,Cameroon,Bamenda,RETAIL,Kg,kg,0.33
2008-03-01,0.37,Maize,Cameroon,Bamenda,RETAIL,Kg,kg,0.37
2008-04-01,0.4,Maize,Cameroon,Bamenda,RETAIL,Kg,kg,0.4
2008-05-01,0.42,Maize,Cameroon,Bamenda,RETAIL,Kg,kg,0.42
2008-06-01,0.42,Maize,Cameroon,Bamenda,RETAIL,Kg,kg,0.42
2008-07-01,0.48,Maize,Cameroon,Bamenda,RETAIL,Kg,kg,0.48
2008-08-01,0.44,Maize,Cameroon,Bamenda,RETAIL,Kg,kg,0.44
2008-09-01,0.4,Maize,Cameroon,Bamenda,RETAIL,Kg,kg,0.4
2008-10-01,0.39,Maize,Cameroon,Bamenda,RETAIL,Kg,kg,0.39
2008-11-01,0.38,Maize,Cameroon,Bamenda,RETAIL,Kg,kg,0.38
2008-12-01,0.47,Maize,Cameroon,Bamenda,RETAIL,Kg,kg,0.47
2009-01-01,0.48,Maize,Cameroon,Bamenda,RETAIL,Kg,kg,0.48
2009-02-01,0.47,Maize,Cameroon,Bamenda,RETAIL,Kg,kg,0.47
2009-03-01,0.48,Maize,Cameroon,Bamenda,RETAIL,Kg,kg,0.48
2009-04-01,0.6,Maize,Cameroon,Bamenda,RETAIL,Kg,kg,0.6
2009-05-01,0.64,Maize,Cameroon,Bamenda,RETAIL,Kg,kg,0.64
2009-06-01,0.69,Maize,Cameroon,Bamenda,RETAIL,Kg,kg,0.69
2009-07-01,0.68,Maize,Cameroon,Bamenda,RETAIL,Kg,kg,0.68
2009-08-01,0.71,Maize,Cameroon,Bamenda,RETAIL,Kg,kg,0.71
2009-09-01,0.67,Maize,Cameroon,Bamenda,RETAIL,Kg,kg,0.67
2009-10-01,0.64,Maize,Cameroon,Bamenda,RETAIL,Kg,kg,0.64
2009-11-01,0.58,Maize,Cameroon,Bamenda,RETAIL,Kg,kg,0.58
2009-12-01,0.53,Maize,Cameroon,Bamenda,RETAIL,Kg,kg,0.53
2010-01-01,0.45,Maize,Cameroon,Bamenda,RETAIL,Kg,kg,0.45
2010-02-01,0.44,Maize,Cameroon,Bamenda,RETAIL,Kg,kg,0.44
2010-03-01,0.43,Maize,Cameroon,Bamenda,RETAIL,Kg,kg,0.43
2010-04-01,0.41,Maize,Cameroon,Bamenda,RETAIL,Kg,kg,0.41
2010-05-01,0.37,Maize,Cameroon,Bamenda,RETAIL,Kg,kg,0.37
2010-06-01,0.38,Maize,Cameroon,Bamenda,RETAIL,Kg,kg,0.38
2010-07-01,0.46,Maize,Cameroon,Bamenda,RETAIL,Kg,kg,0.46
2010-08-01,0.42,Maize,Cameroon,Bamenda,RETAIL,Kg,kg,0.42
2010-09-01,0.41,Maize,Cameroon,Bamenda,RETAIL,Kg,kg,0.41
2010-10-01,0.41,Maize,Cameroon,Bamenda,RETAIL,Kg,kg,0.41
2010-11-01,0.41,Maize,Cameroon,Bamenda,RETAIL,Kg,kg,0.41
2010-12-01,0.4,Maize,Cameroon,Bamenda,RETAIL,Kg,kg,0.4
2011-01-01,0.4,Maize,Cameroon,Bamenda,RETAIL,Kg,kg,0.4
2011-02-01,0.44,Maize,Cameroon,Bamenda,RETAIL,Kg,kg,0.44
2011-03-01,0.45,Maize,Cameroon,Bamenda,RETAIL,Kg,kg,0.45
2011-04-01,0.48,Maize,Cameroon,Bamenda,RETAIL,Kg,kg,0.48
2011-05-01,0.55,Maize,Cameroon,Bamenda,RETAIL,Kg,kg,0.55
2011-06-01,0.63,Maize,Cameroon,Bamenda,RETAIL,Kg,kg,0.63
2011-07-01,0.62,Maize,Cameroon,Bamenda,RETAIL,Kg,kg,0.62
2011-08-01,0.6,Maize,Cameroon,Bamenda,RETAIL,Kg,kg,0.6
2011-09-01,0.62,Maize,Cameroon,Bamenda,RETAIL,Kg,kg,0.62
2011-10-01,0.61,Maize,Cameroon,Bamenda,RETAIL,Kg,kg,0.61
2011-11-01,0.61,Maize,Cameroon,Bamenda,RETAIL,Kg,kg,0.61
2011-12-01,0.56,Maize,Cameroon,Bamenda,RETAIL,Kg,kg,0.56
2012-01-01,0.55,Maize,Cameroon,Bamenda,RETAIL,Kg,kg,0.55
2012-02-01,0.6,Maize,Cameroon,Bamenda,RETAIL,Kg,kg,0.6
2012-03-01,0.57,Maize,Cameroon,Bamenda,RETAIL,Kg,kg,0.57
2012-04-01,0.64,Maize,Cameroon,Bamenda,RETAIL,Kg,kg,0.64
2012-05-01,0.67,Maize,Cameroon,Bamenda,RETAIL,Kg,kg,0.67
2012-06-01,0.63,Maize,Cameroon,Bamenda,RETAIL,Kg,kg,0.63
2012-07-01,0.65,Maize,Cameroon,Bamenda,RETAIL,Kg,kg,0.65
2012-08-01,0.6,Maize,Cameroon,Bamenda,RETAIL,Kg,kg,0.6
2012-09-01,0.61,Maize,Cameroon,Bamenda,RETAIL,Kg,kg,0.61
2012-10-01,0.61,Maize,Cameroon,Bamenda,RETAIL,Kg,kg,0.61
2012-11-01,0.59,Maize,Cameroon,Bamenda,RETAIL,Kg,kg,0.59
2012-12-01,0.56,Maize,Cameroon,Bamenda,RETAIL,Kg,kg,0.56
2013-01-01,0.62,Maize,Cameroon,Bamenda,RETAIL,Kg,kg,0.62
2013-02-01,0.56,Maize,Cameroon,Bamenda,RETAIL,Kg,kg,0.56
2013-03-01,0.56,Maize,Cameroon,Bamenda,RETAIL,Kg,kg,0.56
2013-04-01,0.58,Maize,Cameroon,Bamenda,RETAIL,Kg,kg,0.58
2013-05-01,0.55,Maize,Cameroon,Bamenda,RETAIL,Kg,kg,0.55
2013-06-01,0.58,Maize,Cameroon,Bamenda,RETAIL,Kg,kg,0.58
2013-07-01,0.55,Maize,Cameroon,Bamenda,RETAIL,Kg,kg,0.55
2013-08-01,0.57,Maize,Cameroon,Bamenda,RETAIL,Kg,kg,0.57
2013-09-01,0.54,Maize,Cameroon,Bamenda,RETAIL,Kg,kg,0.54
2013-10-01,0.51,Maize,Cameroon,Bamenda,RETAIL,Kg,kg,0.51
2013-11-01,0.55,Maize,Cameroon,Bamenda,RETAIL,Kg,kg,0.55
2013-12-01,0.56,Maize,Cameroon,Bamenda,RETAIL,Kg,kg,0.56
2014-01-01,0.55,Maize,Cameroon,Bamenda,RETAIL,Kg,kg,0.55
2014-02-01,0.53,Maize,Cameroon,Bamenda,RETAIL,Kg,kg,0.53
2014-03-01,0.56,Maize,Cameroon,Bamenda,RETAIL,Kg,kg,0.56
2014-04-01,0.55,Maize,Cameroon,Bamenda,RETAIL,Kg,kg,0.55
2014-05-01,0.55,Maize,Cameroon,Bamenda,RETAIL,Kg,kg,0.55
2014-06-01,0.52,Maize,Cameroon,Bamenda,RETAIL,Kg,kg,0.52
2014-07-01,0.53,Maize,Cameroon,Bamenda,RETAIL,Kg,kg,0.53
2014-08-01,0.55,Maize,Cameroon,Bamenda,RETAIL,Kg,kg,0.55
2014-09-01,0.53,Maize,Cameroon,Bamenda,RETAIL,Kg,kg,0.53
2014-10-01,0.52,Maize,Cameroon,Bamenda,RETAIL,Kg,kg,0.52
2014-11-01,0.51,Maize,Cameroon,Bamenda,RETAIL,Kg,kg,0.51
2014-12-01,0.47,Maize,Cameroon,Bamenda,RETAIL,Kg,kg,0.47
2015-01-01,0.45,Maize,Cameroon,Bamenda,RETAIL,Kg,kg,0.45
2015-02-01,0.45,Maize,Cameroon,Bamenda,RETAIL,Kg,kg,0.45
2015-03-01,0.41,Maize,Cameroon,Bamenda,RETAIL,Kg,kg,0.41
2015-04-01,0.42,Maize,Cameroon,Bamenda,RETAIL,Kg,kg,0.42
2015-05-01,0.43,Maize,Cameroon,Bamenda,RETAIL,Kg,kg,0.43
2015-06-01,0.43,Maize,Cameroon,Bamenda,RETAIL,Kg,kg,0.43
2015-07-01,0.42,Maize,Cameroon,Bamenda,RETAIL,Kg,kg,0.42
2015-08-01,0.44,Maize,Cameroon,Bamenda,RETAIL,Kg,kg,0.44
2015-09-01,0.43,Maize,Cameroon,Bamenda,RETAIL,Kg,kg,0.43
2015-10-01,0.43,Maize,Cameroon,Bamenda,RETAIL,Kg,kg,0.43
2015-11-01,0.41,Maize,Cameroon,Bamenda,RETAIL,Kg,kg,0.41
2015-12-01,0.42,Maize,Cameroon,Bamenda,RETAIL,Kg,kg,0.42
2016-01-01,0.41,Maize,Cameroon,Bamenda,RETAIL,Kg,kg,0.41
2016-02-01,0.44,Maize,Cameroon,Bamenda,RETAIL,Kg,kg,0.44
2016-03-01,0.44,Maize,Cameroon,Bamenda,RETAIL,Kg,kg,0.44
2016-04-01,0.43,Maize,Cameroon,Bamenda,RETAIL,Kg,kg,0.43
2016-05-01,0.46,Maize,Cameroon,Bamenda,RETAIL,Kg,kg,0.46
2016-06-01,0.44,Maize,Cameroon,Bamenda,RETAIL,Kg,kg,0.44
2016-07-01,0.44,Maize,Cameroon,Bamenda,RETAIL,Kg,kg,0.44
2016-08-01,0.44,Maize,Cameroon,Bamenda,RETAIL,Kg,kg,0.44
2016-09-01,0.43,Maize,Cameroon,Bamenda,RETAIL,Kg,kg,0.43
2016-10-01,0.42,Maize,Cameroon,Bamenda,RETAIL,Kg,kg,0.42
2016-11-01,0.42,Maize,Cameroon,Bamenda,RETAIL,Kg,kg,0.42
2016-12-01,0.41,Maize,Cameroon,Bamenda,RETAIL,Kg,kg,0.41
2017-01-01,0.42,Maize,Cameroon,Bamenda,RETAIL,Kg,kg,0.42
2017-02-01,0.41,Maize,Cameroon,Bamenda,RETAIL,Kg,kg,0.41
2017-03-01,0.4,Maize,Cameroon,Bamenda,RETAIL,Kg,kg,0.4
2017-04-01,0.41,Maize,Cameroon,Bamenda,RETAIL,Kg,kg,0.41
2017-05-01,0.43,Maize,Cameroon,Bamenda,RETAIL,Kg,kg,0.43
2017-06-01,0.45,Maize,Cameroon,Bamenda,RETAIL,Kg,kg,0.45
2017-07-01,0.56,Maize,Cameroon,Bamenda,RETAIL,Kg,kg,0.56
2017-08-01,0.59,Maize,Cameroon,Bamenda,RETAIL,Kg,kg,0.59
2017-09-01,0.62,Maize,Cameroon,Bamenda,RETAIL,Kg,kg,0.62
2017-10-01,0.52,Maize,Cameroon,Bamenda,RETAIL,Kg,kg,0.52
2017-11-01,0.52,Maize,Cameroon,Bamenda,RETAIL,Kg,kg,0.52
2017-12-01,0.41,Maize,Cameroon,Bamenda,RETAIL,Kg,kg,0.41
2018-01-01,0.5,Maize,Cameroon,Bamenda,RETAIL,Kg,kg,0.5
2018-02-01,0.5,Maize,Cameroon,Bamenda,RETAIL,Kg,kg,0.5
2018-03-01,0.54,Maize,Cameroon,Bamenda,RETAIL,Kg,kg,0.54
2018-04-01,0.42,Maize,Cameroon,Bamenda,RETAIL,Kg,kg,0.42
2018-05-01,0.44,Maize,Cameroon,Bamenda,RETAIL,Kg,kg,0.44
2018-06-01,0.4,Maize,Cameroon,Bamenda,RETAIL,Kg,kg,0.4
2018-07-01,0.39,Maize,Cameroon,Bamenda,RETAIL,Kg,kg,0.39
2018-08-01,0.39,Maize,Cameroon,Bamenda,RETAIL,Kg,kg,0.39
2018-09-01,0.41,Maize,Cameroon,Bamenda,RETAIL,Kg,kg,0.41
2018-10-01,0.53,Maize,Cameroon,Bamenda,RETAIL,Kg,kg,0.53
2018-11-01,0.52,Maize,Cameroon,Bamenda,RETAIL,Kg,kg,0.52
2018-12-01,0.51,Maize,Cameroon,Bamenda,RETAIL,Kg,kg,0.51
2019-01-01,0.51,Maize,Cameroon,Bamenda,RETAIL,Kg,kg,0.51
2019-02-01,0.44,Maize,Cameroon,Bamenda,RETAIL,Kg,kg,0.44
2019-03-01,0.44,Maize,Cameroon,Bamenda,RETAIL,Kg,kg,0.44
2019-04-01,0.45,Maize,Cameroon,Bamenda,RETAIL,Kg,kg,0.45
2019-05-01,0.44,Maize,Cameroon,Bamenda,RETAIL,Kg,kg,0.44
2019-06-01,0.47,Maize,Cameroon,Bamenda,RETAIL,Kg,kg,0.47
2019-07-01,0.47,Maize,Cameroon,Bamenda,RETAIL,Kg,kg,0.47
2019-08-01,0.5,Maize,Cameroon,Bamenda,RETAIL,Kg,kg,0.5
2019-09-01,0.47,Maize,Cameroon,Bamenda,RETAIL,Kg,kg,0.47
2019-10-01,0.47,Maize,Cameroon,Bamenda,RETAIL,Kg,kg,0.47
2019-11-01,0.46,Maize,Cameroon,Bamenda,RETAIL,Kg,kg,0.46
2019-12-01,0.44,Maize,Cameroon,Bamenda,RETAIL,Kg,kg,0.44
2020-01-01,0.46,Maize,Cameroon,Bamenda,RETAIL,Kg,kg,0.46
2020-02-01,0.46,Maize,Cameroon,Bamenda,RETAIL,Kg,kg,0.46
2020-03-01,0.46,Maize,Cameroon,Bamenda,RETAIL,Kg,kg,0.46
2020-04-01,0.51,Maize,Cameroon,Bamenda,RETAIL,Kg,kg,0.51
2020-05-01,0.51,Maize,Cameroon,Bamenda,RETAIL,Kg,kg,0.51
2020-06-01,0.52,Maize,Cameroon,Bamenda,RETAIL,Kg,kg,0.52
2020-07-01,0.55,Maize,Cameroon,Bamenda,RETAIL,Kg,kg,0.55
2020-08-01,0.56,Maize,Cameroon,Bamenda,RETAIL,Kg,kg,0.56
2020-09-01,0.53,Maize,Cameroon,Bamenda,RETAIL,Kg,kg,0.53
2020-10-01,0.52,Maize,Cameroon,Bamenda,RETAIL,Kg,kg,0.52
2020-11-01,0.52,Maize,Cameroon,Bamenda,RETAIL,Kg,kg,0.52
2020-12-01,0.53,Maize,Cameroon,Bamenda,RETAIL,Kg,kg,0.53
2021-01-01,0.56,Maize,Cameroon,Bamenda,RETAIL,Kg,kg,0.56
2021-02-01,0.58,Maize,Cameroon,Bamenda,RETAIL,Kg,kg,0.58
2021-03-01,0.56,Maize,Cameroon,Bamenda,RETAIL,Kg,kg,0.56
2021-04-01,0.46,Maize,Cameroon,Bamenda,RETAIL,Kg,kg,0.46
2021-05-01,0.47,Maize,Cameroon,Bamenda,RETAIL,Kg,kg,0.47
2021-06-01,0.47,Maize,Cameroon,Bamenda,RETAIL,Kg,kg,0.47
2021-07-01,0.45,Maize,Cameroon,Bamenda,RETAIL,Kg,kg,0.45
2021-08-01,0.46,Maize,Cameroon,Bamenda,RETAIL,Kg,kg,0.46
2021-09-01,0.46,Maize,Cameroon,Bamenda,RETAIL,Kg,kg,0.46
2021-10-01,0.45,Maize,Cameroon,Bamenda,RETAIL,Kg,kg,0.45
2021-11-01,0.45,Maize,Cameroon,Bamenda,RETAIL,Kg,kg,0.45
2021-12-01,0.43,Maize,Cameroon,Bamenda,RETAIL,Kg,kg,0.43
2022-01-01,0.45,Maize,Cameroon,Bamenda,RETAIL,Kg,kg,0.45
2022-02-01,0.46,Maize,Cameroon,Bamenda,RETAIL,Kg,kg,0.46
2022-03-01,0.46,Maize,Cameroon,Bamenda,RETAIL,Kg,kg,0.46
2022-04-01,0.46,Maize,Cameroon,Bamenda,RETAIL,Kg,kg,0.46
2022-05-01,0.45,Maize,Cameroon,Bamenda,RETAIL,Kg,kg,0.45
2022-06-01,0.45,Maize,Cameroon,Bamenda,RETAIL,Kg,kg,0.45
2022-07-01,0.45,Maize,Cameroon,Bamenda,RETAIL,Kg,kg,0.45
2022-08-01,0.46,Maize,Cameroon,Bamenda,RETAIL,Kg,kg,0.46
2022-09-01,0.43,Maize,Cameroon,Bamenda,RETAIL,Kg,kg,0.43
2022-10-01,0.43,Maize,Cameroon,Bamenda,RETAIL,Kg,kg,0.43
2022-11-01,0.45,Maize,Cameroon,Bamenda,RETAIL,Kg,kg,0.45
2022-12-01,0.47,Maize,Cameroon,Bamenda,RETAIL,Kg,kg,0.47
2023-01-01,0.43,Maize,Cameroon,Bamenda,RETAIL,Kg,kg,0.43
2023-02-01,0.43,Maize,Cameroon,Bamenda,RETAIL,Kg,kg,0.43
2023-03-01,0.48,Maize,Cameroon,Bamenda,RETAIL,Kg,kg,0.48
2023-04-01,0.47,Maize,Cameroon,Bamenda,RETAIL,Kg,kg,0.47
2023-05-01,0.49,Maize,Cameroon,Bamenda,RETAIL,Kg,kg,0.49
2023-06-01,0.5,Maize,Cameroon,Bamenda,RETAIL,Kg,kg,0.5
2023-07-01,0.55,Maize,Cameroon,Bamenda,RETAIL,Kg,kg,0.55
2023-08-01,0.59,Maize,Cameroon,Bamenda,RETAIL,Kg,kg,0.59
2023-09-01,0.56,Maize,Cameroon,Bamenda,RETAIL,Kg,kg,0.56
2023-10-01,0.51,Maize,Cameroon,Bamenda,RETAIL,Kg,kg,0.51
2023-11-01,0.52,Maize,Cameroon,Bamenda,RETAIL,Kg,kg,0.52
2023-12-01,0.53,Maize,Cameroon,Bamenda,RETAIL,Kg,kg,0.53
2024-01-01,0.51,Maize,Cameroon,Bamenda,RETAIL,Kg,kg,0.51
2024-02-01,0.52,Maize,Cameroon,Bamenda,RETAIL,Kg,kg,0.52
2024-03-01,0.53,Maize,Cameroon,Bamenda,RETAIL,Kg,kg,0.53
2024-04-01,0.52,Maize,Cameroon,Bamenda,RETAIL,Kg,kg,0.52
2024-05-01,0.5,Maize,Cameroon,Bamenda,RETAIL,Kg,kg,0.5
2024-06-01,0.52,Maize,Cameroon,Bamenda,RETAIL,Kg,kg,0.52
2024-07-01,0.57,Maize,Cameroon,Bamenda,RETAIL,Kg,kg,0.57
2024-08-01,0.56,Maize,Cameroon,Bamenda,RETAIL,Kg,kg,0.56
2024-09-01,0.51,Maize,Cameroon,Bamenda,RETAIL,Kg,kg,0.51
2024-10-01,0.46,Maize,Cameroon,Bamenda,RETAIL,Kg,kg,0.46
2024-11-01,0.46,Maize,Cameroon,Bamenda,RETAIL,Kg,kg,0.46
2024-12-01,0.45,Maize,Cameroon,Bamenda,RETAIL,Kg,kg,0.45
2025-01-01,0.47,Maize,Cameroon,Bamenda,RETAIL,Kg,kg,0.47
2025-02-01,0.47,Maize,Cameroon,Bamenda,RETAIL,Kg,kg,0.47
2025-03-01,0.48,Maize,Cameroon,Bamenda,RETAIL,Kg,kg,0.48
2025-04-01,0.47,Maize,Cameroon,Bamenda,RETAIL,Kg,kg,0.47
2025-05-01,0.48,Maize,Cameroon,Bamenda,RETAIL,Kg,kg,0.48
2025-06-01,0.51,Maize,Cameroon,Bamenda,RETAIL,Kg,kg,0.51
2025-07-01,0.54,Maize,Cameroon,Bamenda,RETAIL,Kg,kg,0.54
2025-08-01,0.51,Maize,Cameroon,Bamenda,RETAIL,Kg,kg,0.51
2025-09-01,0.52,Maize,Cameroon,Bamenda,RETAIL,Kg,kg,0.52
2005-01-01,0.37,Maize,Cameroon,Douala,RETAIL,Kg,kg,0.37
2005-02-01,0.39,Maize,Cameroon,Douala,RETAIL,Kg,kg,0.39
2005-03-01,0.39,Maize,Cameroon,Douala,RETAIL,Kg,kg,0.39
2005-04-01,0.37,Maize,Cameroon,Douala,RETAIL,Kg,kg,0.37
2005-05-01,0.37,Maize,Cameroon,Douala,RETAIL,Kg,kg,0.37
2005-06-01,0.43,Maize,Cameroon,Douala,RETAIL,Kg,kg,0.43
2005-07-01,0.46,Maize,Cameroon,Douala,RETAIL,Kg,kg,0.46
2005-08-01,0.46,Maize,Cameroon,Douala,RETAIL,Kg,kg,0.46
2005-09-01,0.48,Maize,Cameroon,Douala,RETAIL,Kg,kg,0.48
2005-10-01,0.45,Maize,Cameroon,Douala,RETAIL,Kg,kg,0.45
2005-11-01,0.6,Maize,Cameroon,Douala,RETAIL,Kg,kg,0.6
2005-12-01,0.61,Maize,Cameroon,Douala,RETAIL,Kg,kg,0.61
2006-01-01,0.62,Maize,Cameroon,Douala,RETAIL,Kg,kg,0.62
2006-02-01,0.61,Maize,Cameroon,Douala,RETAIL,Kg,kg,0.61
2006-03-01,0.58,Maize,Cameroon,Douala,RETAIL,Kg,kg,0.58
2006-04-01,0.59,Maize,Cameroon,Douala,RETAIL,Kg,kg,0.59
2006-05-01,0.64,Maize,Cameroon,Douala,RETAIL,Kg,kg,0.64
2006-06-01,0.67,Maize,Cameroon,Douala,RETAIL,Kg,kg,0.67
2006-07-01,0.67,Maize,Cameroon,Douala,RETAIL,Kg,kg,0.67
2006-08-01,0.39,Maize,Cameroon,Douala,RETAIL,Kg,kg,0.39
2006-09-01,0.37,Maize,Cameroon,Douala,RETAIL,Kg,kg,0.37
2006-10-01,0.44,Maize,Cameroon,Douala,RETAIL,Kg,kg,0.44
2006-11-01,0.39,Maize,Cameroon,Douala,RETAIL,Kg,kg,0.39
2006-12-01,0.42,Maize,Cameroon,Douala,RETAIL,Kg,kg,0.42
2007-01-01,0.47,Maize,Cameroon,Douala,RETAIL,Kg,kg,0.47
2007-02-01,0.4,Maize,Cameroon,Douala,RETAIL,Kg,kg,0.4
2007-03-01,0.53,Maize,Cameroon,Douala,RETAIL,Kg,kg,0.53
2007-04-01,0.47,Maize,Cameroon,Douala,RETAIL,Kg,kg,0.47
2007-05-01,0.43,Maize,Cameroon,Douala,RETAIL,Kg,kg,0.43
2007-06-01,0.46,Maize,Cameroon,Douala,RETAIL,Kg,kg,0.46
2007-07-01,0.47,Maize,Cameroon,Douala,RETAIL,Kg,kg,0.47
2007-08-01,0.45,Maize,Cameroon,Douala,RETAIL,Kg,kg,0.45
2007-09-01,0.43,Maize,Cameroon,Douala,RETAIL,Kg,kg,0.43
2007-10-01,0.41,Maize,Cameroon,Douala,RETAIL,Kg,kg,0.41
2007-11-01,0.43,Maize,Cameroon,Douala,RETAIL,Kg,kg,0.43
2007-12-01,0.41,Maize,Cameroon,Douala,RETAIL,Kg,kg,0.41
2008-01-01,0.45,Maize,Cameroon,Douala,RETAIL,Kg,kg,0.45
2008-02-01,0.45,Maize,Cameroon,Douala,RETAIL,Kg,kg,0.45
2008-03-01,0.5,Maize,Cameroon,Douala,RETAIL,Kg,kg,0.5
2008-04-01,0.47,Maize,Cameroon,Douala,RETAIL,Kg,kg,0.47
2008-05-01,0.51,Maize,Cameroon,Douala,RETAIL,Kg,kg,0.51
2008-06-01,0.59,Maize,Cameroon,Douala,RETAIL,Kg,kg,0.59
2008-07-01,0.63,Maize,Cameroon,Douala,RETAIL,Kg,kg,0.63
2008-08-01,0.65,Maize,Cameroon,Douala,RETAIL,Kg,kg,0.65
2008-09-01,0.59,Maize,Cameroon,Douala,RETAIL,Kg,kg,0.59
2008-10-01,0.52,Maize,Cameroon,Douala,RETAIL,Kg,kg,0.52
2008-11-01,0.53,Maize,Cameroon,Douala,RETAIL,Kg,kg,0.53
2008-12-01,0.51,Maize,Cameroon,Douala,RETAIL,Kg,kg,0.51
2009-01-01,0.56,Maize,Cameroon,Douala,RETAIL,Kg,kg,0.56
2009-02-01,0.56,Maize,Cameroon,Douala,RETAIL,Kg,kg,0.56
2009-03-01,0.59,Maize,Cameroon,Douala,RETAIL,Kg,kg,0.59
2009-04-01,0.7,Maize,Cameroon,Douala,RETAIL,Kg,kg,0.7
2009-05-01,0.81,Maize,Cameroon,Douala,RETAIL,Kg,kg,0.81
2009-06-01,0.8,Maize,Cameroon,Douala,RETAIL,Kg,kg,0.8
2009-07-01,0.69,Maize,Cameroon,Douala,RETAIL,Kg,kg,0.69
2009-08-01,0.76,Maize,Cameroon,Douala,RETAIL,Kg,kg,0.76
2009-09-01,0.71,Maize,Cameroon,Douala,RETAIL,Kg,kg,0.71
2009-10-01,0.71,Maize,Cameroon,Douala,RETAIL,Kg,kg,0.71
2009-11-01,0.68,Maize,Cameroon,Douala,RETAIL,Kg,kg,0.68
2009-12-01,0.65,Maize,Cameroon,Douala,RETAIL,Kg,kg,0.65
2010-01-01,0.63,Maize,Cameroon,Douala,RETAIL,Kg,kg,0.63
2010-02-01,0.6,Maize,Cameroon,Douala,RETAIL,Kg,kg,0.6
2010-03-01,0.59,Maize,Cameroon,Douala,RETAIL,Kg,kg,0.59
2010-04-01,0.59,Maize,Cameroon,Douala,RETAIL,Kg,kg,0.59
2010-05-01,0.55,Maize,Cameroon,Douala,RETAIL,Kg,kg,0.55
2010-06-01,0.46,Maize,Cameroon,Douala,RETAIL,Kg,kg,0.46
2010-07-01,0.47,Maize,Cameroon,Douala,RETAIL,Kg,kg,0.47
2010-08-01,0.45,Maize,Cameroon,Douala,RETAIL,Kg,kg,0.45
2010-09-01,0.44,Maize,Cameroon,Douala,RETAIL,Kg,kg,0.44
2010-10-01,0.52,Maize,Cameroon,Douala,RETAIL,Kg,kg,0.52
2010-11-01,0.49,Maize,Cameroon,Douala,RETAIL,Kg,kg,0.49
2010-12-01,0.49,Maize,Cameroon,Douala,RETAIL,Kg,kg,0.49
2011-01-01,0.52,Maize,Cameroon,Douala,RETAIL,Kg,kg,0.52
2011-02-01,0.54,Maize,Cameroon,Douala,RETAIL,Kg,kg,0.54
2011-03-01,0.65,Maize,Cameroon,Douala,RETAIL,Kg,kg,0.65
2011-04-01,0.67,Maize,Cameroon,Douala,RETAIL,Kg,kg,0.67
2011-05-01,0.7,Maize,Cameroon,Douala,RETAIL,Kg,kg,0.7
2011-06-01,0.7,Maize,Cameroon,Douala,RETAIL,Kg,kg,0.7
2011-07-01,0.75,Maize,Cameroon,Douala,RETAIL,Kg,kg,0.75
2011-08-01,0.71,Maize,Cameroon,Douala,RETAIL,Kg,kg,0.71
2011-09-01,0.56,Maize,Cameroon,Douala,RETAIL,Kg,kg,0.56
2011-10-01,0.56,Maize,Cameroon,Douala,RETAIL,Kg,kg,0.56
2011-11-01,0.62,Maize,Cameroon,Douala,RETAIL,Kg,kg,0.62
2011-12-01,0.6,Maize,Cameroon,Douala,RETAIL,Kg,kg,0.6
2012-01-01,0.63,Maize,Cameroon,Douala,RETAIL,Kg,kg,0.63
2012-02-01,0.67,Maize,Cameroon,Douala,RETAIL,Kg,kg,0.67
2012-03-01,0.67,Maize,Cameroon,Douala,RETAIL,Kg,kg,0.67
2012-04-01,0.66,Maize,Cameroon,Douala,RETAIL,Kg,kg,0.66
2012-05-01,0.67,Maize,Cameroon,Douala,RETAIL,Kg,kg,0.67
2012-06-01,0.66,Maize,Cameroon,Douala,RETAIL,Kg,kg,0.66
2012-07-01,0.59,Maize,Cameroon,Douala,RETAIL,Kg,kg,0.59
2012-08-01,0.58,Maize,Cameroon,Douala,RETAIL,Kg,kg,0.58
2012-09-01,0.57,Maize,Cameroon,Douala,RETAIL,Kg,kg,0.57
2012-10-01,0.62,Maize,Cameroon,Douala,RETAIL,Kg,kg,0.62
2012-11-01,0.59,Maize,Cameroon,Douala,RETAIL,Kg,kg,0.59
2012-12-01,0.68,Maize,Cameroon,Douala,RETAIL,Kg,kg,0.68
2013-01-01,0.56,Maize,Cameroon,Douala,RETAIL,Kg,kg,0.56
2013-02-01,0.76,Maize,Cameroon,Douala,RETAIL,Kg,kg,0.76
2013-03-01,0.69,Maize,Cameroon,Douala,RETAIL,Kg,kg,0.69
2013-04-01,0.66,Maize,Cameroon,Douala,RETAIL,Kg,kg,0.66
2013-05-01,0.62,Maize,Cameroon,Douala,RETAIL,Kg,kg,0.62
2013-06-01,0.66,Maize,Cameroon,Douala,RETAIL,Kg,kg,0.66
2013-07-01,0.63,Maize,Cameroon,Douala,RETAIL,Kg,kg,0.63
2013-08-01,0.6,Maize,Cameroon,Douala,RETAIL,Kg,kg,0.6
2013-09-01,0.56,Maize,Cameroon,Douala,RETAIL,Kg,kg,0.56
2013-10-01,0.61,Maize,Cameroon,Douala,RETAIL,Kg,kg,0.61
2013-11-01,0.61,Maize,Cameroon,Douala,RETAIL,Kg,kg,0.61
2013-12-01,0.63,Maize,Cameroon,Douala,RETAIL,Kg,kg,0.63
2014-01-01,0.64,Maize,Cameroon,Douala,RETAIL,Kg,kg,0.64
2014-02-01,0.66,Maize,Cameroon,Douala,RETAIL,Kg,kg,0.66
2014-03-01,0.6,Maize,Cameroon,Douala,RETAIL,Kg,kg,0.6
2014-04-01,0.68,Maize,Cameroon,Douala,RETAIL,Kg,kg,0.68
2014-05-01,0.63,Maize,Cameroon,Douala,RETAIL,Kg,kg,0.63
2014-06-01,0.73,Maize,Cameroon,Douala,RETAIL,Kg,kg,0.73
2014-07-01,0.7,Maize,Cameroon,Douala,RETAIL,Kg,kg,0.7
2014-08-01,0.63,Maize,Cameroon,Douala,RETAIL,Kg,kg,0.63
2014-09-01,0.57,Maize,Cameroon,Douala,RETAIL,Kg,kg,0.57
2014-10-01,0.56,Maize,Cameroon,Douala,RETAIL,Kg,kg,0.56
2014-11-01,0.53,Maize,Cameroon,Douala,RETAIL,Kg,kg,0.53
2014-12-01,0.54,Maize,Cameroon,Douala,RETAIL,Kg,kg,0.54
2015-01-01,0.54,Maize,Cameroon,Douala,RETAIL,Kg,kg,0.54
2015-02-01,0.52,Maize,Cameroon,Douala,RETAIL,Kg,kg,0.52
2015-03-01,0.51,Maize,Cameroon,Douala,RETAIL,Kg,kg,0.51
2015-04-01,0.51,Maize,Cameroon,Douala,RETAIL,Kg,kg,0.51
2015-05-01,0.53,Maize,Cameroon,Douala,RETAIL,Kg,kg,0.53
2015-06-01,0.59,Maize,Cameroon,Douala,RETAIL,Kg,kg,0.59
2015-07-01,0.55,Maize,Cameroon,Douala,RETAIL,Kg,kg,0.55
2015-08-01,0.54,Maize,Cameroon,Douala,RETAIL,Kg,kg,0.54
2015-09-01,0.53,Maize,Cameroon,Douala,RETAIL,Kg,kg,0.53
2015-10-01,0.58,Maize,Cameroon,Douala,RETAIL,Kg,kg,0.58
2015-11-01,0.6,Maize,Cameroon,Douala,RETAIL,Kg,kg,0.6
2015-12-01,0.55,Maize,Cameroon,Douala,RETAIL,Kg,kg,0.55
2016-01-01,0.53,Maize,Cameroon,Douala,RETAIL,Kg,kg,0.53
2016-02-01,0.53,Maize,Cameroon,Douala,RETAIL,Kg,kg,0.53
2016-03-01,0.54,Maize,Cameroon,Douala,RETAIL,Kg,kg,0.54
2016-04-01,0.58,Maize,Cameroon,Douala,RETAIL,Kg,kg,0.58
2016-05-01,0.61,Maize,Cameroon,Douala,RETAIL,Kg,kg,0.61
2016-06-01,0.58,Maize,Cameroon,Douala,RETAIL,Kg,kg,0.58
2016-07-01,0.56,Maize,Cameroon,Douala,RETAIL,Kg,kg,0.56
2016-08-01,0.57,Maize,Cameroon,Douala,RETAIL,Kg,kg,0.57
2016-09-01,0.56,Maize,Cameroon,Douala,RETAIL,Kg,kg,0.56
2016-10-01,0.55,Maize,Cameroon,Douala,RETAIL,Kg,kg,0.55
2016-11-01,0.53,Maize,Cameroon,Douala,RETAIL,Kg,kg,0.53
2016-12-01,0.54,Maize,Cameroon,Douala,RETAIL,Kg,kg,0.54
2017-01-01,0.57,Maize,Cameroon,Douala,RETAIL,Kg,kg,0.57
2017-02-01,0.53,Maize,Cameroon,Douala,RETAIL,Kg,kg,0.53
2017-03-01,0.59,Maize,Cameroon,Douala,RETAIL,Kg,kg,0.59
2017-04-01,0.51,Maize,Cameroon,Douala,RETAIL,Kg,kg,0.51
2017-05-01,0.6,Maize,Cameroon,Douala,RETAIL,Kg,kg,0.6
2017-06-01,0.61,Maize,Cameroon,Douala,RETAIL,Kg,kg,0.61
2017-07-01,0.64,Maize,Cameroon,Douala,RETAIL,Kg,kg,0.64
2017-08-01,0.59,Maize,Cameroon,Douala,RETAIL,Kg,kg,0.59
2017-09-01,0.55,Maize,Cameroon,Douala,RETAIL,Kg,kg,0.55
2017-10-01,0.51,Maize,Cameroon,Douala,RETAIL,Kg,kg,0.51
2017-11-01,0.52,Maize,Cameroon,Douala,RETAIL,Kg,kg,0.52
2017-12-01,0.56,Maize,Cameroon,Douala,RETAIL,Kg,kg,0.56
2018-01-01,0.55,Maize,Cameroon,Douala,RETAIL,Kg,kg,0.55
2018-02-01,0.57,Maize,Cameroon,Douala,RETAIL,Kg,kg,0.57
2018-03-01,0.57,Maize,Cameroon,Douala,RETAIL,Kg,kg,0.57
2018-04-01,0.59,Maize,Cameroon,Douala,RETAIL,Kg,kg,0.59
2018-05-01,0.6,Maize,Cameroon,Douala,RETAIL,Kg,kg,0.6
2018-06-01,0.64,Maize,Cameroon,Douala,RETAIL,Kg,kg,0.64
2018-07-01,0.53,Maize,Cameroon,Douala,RETAIL,Kg,kg,0.53
2018-08-01,0.5,Maize,Cameroon,Douala,RETAIL,Kg,kg,0.5
2018-09-01,0.51,Maize,Cameroon,Douala,RETAIL,Kg,kg,0.51
2018-10-01,0.54,Maize,Cameroon,Douala,RETAIL,Kg,kg,0.54
2018-11-01,0.58,Maize,Cameroon,Douala,RETAIL,Kg,kg,0.58
2018-12-01,0.57,Maize,Cameroon,Douala,RETAIL,Kg,kg,0.57
2019-01-01,0.53,Maize,Cameroon,Douala,RETAIL,Kg,kg,0.53
2019-02-01,0.52,Maize,Cameroon,Douala,RETAIL,Kg,kg,0.52
2019-03-01,0.54,Maize,Cameroon,Douala,RETAIL,Kg,kg,0.54
2019-04-01,0.53,Maize,Cameroon,Douala,RETAIL,Kg,kg,0.53
2019-05-01,0.59,Maize,Cameroon,Douala,RETAIL,Kg,kg,0.59
2019-06-01,0.57,Maize,Cameroon,Douala,RETAIL,Kg,kg,0.57
2019-07-01,0.62,Maize,Cameroon,Douala,RETAIL,Kg,kg,0.62
2019-08-01,0.53,Maize,Cameroon,Douala,RETAIL,Kg,kg,0.53
2019-09-01,0.53,Maize,Cameroon,Douala,RETAIL,Kg,kg,0.53
2019-10-01,0.57,Maize,Cameroon,Douala,RETAIL,Kg,kg,0.57
2019-11-01,0.58,Maize,Cameroon,Douala,RETAIL,Kg,kg,0.58
2019-12-01,0.59,Maize,Cameroon,Douala,RETAIL,Kg,kg,0.59
2020-01-01,0.55,Maize,Cameroon,Douala,RETAIL,Kg,kg,0.55
2020-02-01,0.51,Maize,Cameroon,Douala,RETAIL,Kg,kg,0.51
2020-03-01,0.57,Maize,Cameroon,Douala,RETAIL,Kg,kg,0.57
2020-04-01,0.6,Maize,Cameroon,Douala,RETAIL,Kg,kg,0.6
2020-05-01,0.53,Maize,Cameroon,Douala,RETAIL,Kg,kg,0.53
2020-06-01,0.56,Maize,Cameroon,Douala,RETAIL,Kg,kg,0.56
2020-07-01,0.64,Maize,Cameroon,Douala,RETAIL,Kg,kg,0.64
2020-08-01,0.57,Maize,Cameroon,Douala,RETAIL,Kg,kg,0.57
2020-09-01,0.59,Maize,Cameroon,Douala,RETAIL,Kg,kg,0.59
2020-10-01,0.66,Maize,Cameroon,Douala,RETAIL,Kg,kg,0.66
2020-11-01,0.57,Maize,Cameroon,Douala,RETAIL,Kg,kg,0.57
2020-12-01,0.61,Maize,Cameroon,Douala,RETAIL,Kg,kg,0.61
2021-01-01,0.61,Maize,Cameroon,Douala,RETAIL,Kg,kg,0.61
2021-02-01,0.57,Maize,Cameroon,Douala,RETAIL,Kg,kg,0.57
2021-03-01,0.61,Maize,Cameroon,Douala,RETAIL,Kg,kg,0.61
2021-04-01,0.58,Maize,Cameroon,Douala,RETAIL,Kg,kg,0.58
2021-05-01,0.66,Maize,Cameroon,Douala,RETAIL,Kg,kg,0.66
2021-06-01,,Maize,Cameroon,Douala,RETAIL,Kg,kg,
2021-07-01,0.65,Maize,Cameroon,Douala,RETAIL,Kg,kg,0.65
2021-08-01,0.59,Maize,Cameroon,Douala,RETAIL,Kg,kg,0.59
2021-09-01,0.58,Maize,Cameroon,Douala,RETAIL,Kg,kg,0.58
2021-10-01,0.58,Maize,Cameroon,Douala,RETAIL,Kg,kg,0.58
2021-11-01,0.59,Maize,Cameroon,Douala,RETAIL,Kg,kg,0.59
2021-12-01,0.59,Maize,Cameroon,Douala,RETAIL,Kg,kg,0.59
2022-01-01,0.58,Maize,Cameroon,Douala,RETAIL,Kg,kg,0.58
2022-02-01,0.56,Maize,Cameroon,Douala,RETAIL,Kg,kg,0.56
2022-03-01,0.56,Maize,Cameroon,Douala,RETAIL,Kg,kg,0.56
2022-04-01,0.62,Maize,Cameroon,Douala,RETAIL,Kg,kg,0.62
2022-05-01,0.61,Maize,Cameroon,Douala,RETAIL,Kg,kg,0.61
2022-06-01,0.58,Maize,Cameroon,Douala,RETAIL,Kg,kg,0.58
2022-07-01,0.59,Maize,Cameroon,Douala,RETAIL,Kg,kg,0.59
2022-08-01,0.59,Maize,Cameroon,Douala,RETAIL,Kg,kg,0.59
2022-09-01,0.61,Maize,Cameroon,Douala,RETAIL,Kg,kg,0.61
2022-10-01,0.59,Maize,Cameroon,Douala,RETAIL,Kg,kg,0.59
2022-11-01,0.55,Maize,Cameroon,Douala,RETAIL,Kg,kg,0.55
2022-12-01,0.58,Maize,Cameroon,Douala,RETAIL,Kg,kg,0.58
2023-01-01,0.68,Maize,Cameroon,Douala,RETAIL,Kg,kg,0.68
2023-02-01,0.67,Maize,Cameroon,Douala,RETAIL,Kg,kg,0.67
2023-03-01,0.67,Maize,Cameroon,Douala,RETAIL,Kg,kg,0.67
2023-04-01,0.77,Maize,Cameroon,Douala,RETAIL,Kg,kg,0.77
2023-05-01,0.78,Maize,Cameroon,Douala,RETAIL,Kg,kg,0.78
2023-06-01,0.83,Maize,Cameroon,Douala,RETAIL,Kg,kg,0.83
2023-07-01,0.87,Maize,Cameroon,Douala,RETAIL,Kg,kg,0.87
2023-08-01,0.74,Maize,Cameroon,Douala,RETAIL,Kg,kg,0.74
2023-09-01,0.78,Maize,Cameroon,Douala,RETAIL,Kg,kg,0.78
2023-10-01,0.78,Maize,Cameroon,Douala,RETAIL,Kg,kg,0.78
2023-11-01,0.76,Maize,Cameroon,Douala,RETAIL,Kg,kg,0.76
2023-12-01,0.78,Maize,Cameroon,Douala,RETAIL,Kg,kg,0.78
2024-01-01,0.73,Maize,Cameroon,Douala,RETAIL,Kg,kg,0.73
2024-02-01,0.71,Maize,Cameroon,Douala,RETAIL,Kg,kg,0.71
2024-03-01,0.76,Maize,Cameroon,Douala,RETAIL,Kg,kg,0.76
2024-04-01,0.8,Maize,Cameroon,Douala,RETAIL,Kg,kg,0.8
2024-05-01,0.79,Maize,Cameroon,Douala,RETAIL,Kg,kg,0.79
2024-06-01,0.87,Maize,Cameroon,Douala,RETAIL,Kg,kg,0.87
2024-07-01,0.89,Maize,Cameroon,Douala,RETAIL,Kg,kg,0.89
2024-08-01,0.95,Maize,Cameroon,Douala,RETAIL,Kg,kg,0.95
2024-09-01,0.96,Maize,Cameroon,Douala,RETAIL,Kg,kg,0.96
2024-10-01,0.86,Maize,Cameroon,Douala,RETAIL,Kg,kg,0.86
2024-11-01,0.85,Maize,Cameroon,Douala,RETAIL,Kg,kg,0.85
2024-12-01,0.84,Maize,Cameroon,Douala,RETAIL,Kg,kg,0.84
2025-01-01,0.81,Maize,Cameroon,Douala,RETAIL,Kg,kg,0.81
2025-02-01,0.79,Maize,Cameroon,Douala,RETAIL,Kg,kg,0.79
2025-03-01,0.81,Maize,Cameroon,Douala,RETAIL,Kg,kg,0.81
2025-04-01,0.85,Maize,Cameroon,Douala,RETAIL,Kg,kg,0.85
2025-05-01,0.88,Maize,Cameroon,Douala,RETAIL,Kg,kg,0.88
2025-06-01,0.9,Maize,Cameroon,Douala,RETAIL,Kg,kg,0.9
2025-07-01,0.92,Maize,Cameroon,Douala,RETAIL,Kg,kg,0.92
2025-08-01,0.91,Maize,Cameroon,Douala,RETAIL,Kg,kg,0.91
2025-09-01,0.85,Maize,Cameroon,Douala,RETAIL,Kg,kg,0.85
2005-01-01,0.26,Maize,Cameroon,Garoua,RETAIL,Kg,kg,0.26
2005-02-01,0.33,Maize,Cameroon,Garoua,RETAIL,Kg,kg,0.33
2005-03-01,0.39,Maize,Cameroon,Garoua,RETAIL,Kg,kg,0.39
2005-04-01,0.4,Maize,Cameroon,Garoua,RETAIL,Kg,kg,0.4
2005-05-01,0.46,Maize,Cameroon,Garoua,RETAIL,Kg,kg,0.46
2005-06-01,0.42,Maize,Cameroon,Garoua,RETAIL,Kg,kg,0.42
2005-07-01,0.42,Maize,Cameroon,Garoua,RETAIL,Kg,kg,0.42
2005-08-01,0.45,Maize,Cameroon,Garoua,RETAIL,Kg,kg,0.45
2005-09-01,0.44,Maize,Cameroon,Garoua,RETAIL,Kg,kg,0.44
2005-10-01,0.42,Maize,Cameroon,Garoua,RETAIL,Kg,kg,0.42
2005-11-01,0.42,Maize,Cameroon,Garoua,RETAIL,Kg,kg,0.42
2005-12-01,0.24,Maize,Cameroon,Garoua,RETAIL,Kg,kg,0.24
2006-01-01,0.25,Maize,Cameroon,Garoua,RETAIL,Kg,kg,0.25
2006-02-01,0.35,Maize,Cameroon,Garoua,RETAIL,Kg,kg,0.35
2006-03-01,0.35,Maize,Cameroon,Garoua,RETAIL,Kg,kg,0.35
2006-04-01,0.29,Maize,Cameroon,Garoua,RETAIL,Kg,kg,0.29
2006-05-01,0.34,Maize,Cameroon,Garoua,RETAIL,Kg,kg,0.34
2006-06-01,0.34,Maize,Cameroon,Garoua,RETAIL,Kg,kg,0.34
2006-07-01,0.31,Maize,Cameroon,Garoua,RETAIL,Kg,kg,0.31
2006-08-01,0.5,Maize,Cameroon,Garoua,RETAIL,Kg,kg,0.5
2006-09-01,0.4,Maize,Cameroon,Garoua,RETAIL,Kg,kg,0.4
2006-10-01,0.24,Maize,Cameroon,Garoua,RETAIL,Kg,kg,0.24
2006-11-01,0.24,Maize,Cameroon,Garoua,RETAIL,Kg,kg,0.24
2006-12-01,0.25,Maize,Cameroon,Garoua,RETAIL,Kg,kg,0.25
2007-01-01,0.28,Maize,Cameroon,Garoua,RETAIL,Kg,kg,0.28
2007-02-01,0.28,Maize,Cameroon,Garoua,RETAIL,Kg,kg,0.28
2007-03-01,0.28,Maize,Cameroon,Garoua,RETAIL,Kg,kg,0.28
2007-04-01,0.29,Maize,Cameroon,Garoua,RETAIL,Kg,kg,0.29
2007-05-01,0.29,Maize,Cameroon,Garoua,RETAIL,Kg,kg,0.29
2007-06-01,0.29,Maize,Cameroon,Garoua,RETAIL,Kg,kg,0.29
2007-07-01,0.3,Maize,Cameroon,Garoua,RETAIL,Kg,kg,0.3
2007-08-01,0.35,Maize,Cameroon,Garoua,RETAIL,Kg,kg,0.35
2007-09-01,0.34,Maize,Cameroon,Garoua,RETAIL,Kg,kg,0.34
2007-10-01,0.32,Maize,Cameroon,Garoua,RETAIL,Kg,kg,0.32
2007-11-01,0.29,Maize,Cameroon,Garoua,RETAIL,Kg,kg,0.29
2007-12-01,0.28,Maize,Cameroon,Garoua,RETAIL,Kg,kg,0.28
2008-01-01,0.32,Maize,Cameroon,Garoua,RETAIL,Kg,kg,0.32
2008-02-01,0.36,Maize,Cameroon,Garoua,RETAIL,Kg,kg,0.36
2008-03-01,0.39,Maize,Cameroon,Garoua,RETAIL,Kg,kg,0.39
2008-04-01,0.4,Maize,Cameroon,Garoua,RETAIL,Kg,kg,0.4
2008-05-01,0.39,Maize,Cameroon,Garoua,RETAIL,Kg,kg,0.39
2008-06-01,0.43,Maize,Cameroon,Garoua,RETAIL,Kg,kg,0.43
2008-07-01,0.46,Maize,Cameroon,Garoua,RETAIL,Kg,kg,0.46
2008-08-01,0.43,Maize,Cameroon,Garoua,RETAIL,Kg,kg,0.43
2008-09-01,0.43,Maize,Cameroon,Garoua,RETAIL,Kg,kg,0.43
2008-10-01,0.37,Maize,Cameroon,Garoua,RETAIL,Kg,kg,0.37
2008-11-01,0.36,Maize,Cameroon,Garoua,RETAIL,Kg,kg,0.36
2008-12-01,0.37,Maize,Cameroon,Garoua,RETAIL,Kg,kg,0.37
2009-01-01,0.37,Maize,Cameroon,Garoua,RETAIL,Kg,kg,0.37
2009-02-01,0.37,Maize,Cameroon,Garoua,RETAIL,Kg,kg,0.37
2009-03-01,0.39,Maize,Cameroon,Garoua,RETAIL,Kg,kg,0.39
2009-04-01,0.45,Maize,Cameroon,Garoua,RETAIL,Kg,kg,0.45
2009-05-01,0.45,Maize,Cameroon,Garoua,RETAIL,Kg,kg,0.45
2009-06-01,0.46,Maize,Cameroon,Garoua,RETAIL,Kg,kg,0.46
2009-07-01,0.45,Maize,Cameroon,Garoua,RETAIL,Kg,kg,0.45
2009-08-01,0.47,Maize,Cameroon,Garoua,RETAIL,Kg,kg,0.47
2009-09-01,0.49,Maize,Cameroon,Garoua,RETAIL,Kg,kg,0.49
2009-10-01,0.54,Maize,Cameroon,Garoua,RETAIL,Kg,kg,0.54
2009-11-01,0.53,Maize,Cameroon,Garoua,RETAIL,Kg,kg,0.53
2009-12-01,0.51,Maize,Cameroon,Garoua,RETAIL,Kg,kg,0.51
2010-01-01,0.46,Maize,Cameroon,Garoua,RETAIL,Kg,kg,0.46
2010-02-01,0.48,Maize,Cameroon,Garoua,RETAIL,Kg,kg,0.48
2010-03-01,0.47,Maize,Cameroon,Garoua,RETAIL,Kg,kg,0.47
2010-04-01,0.43,Maize,Cameroon,Garoua,RETAIL,Kg,kg,0.43
2010-05-01,0.4,Maize,Cameroon,Garoua,RETAIL,Kg,kg,0.4
2010-06-01,0.39,Maize,Cameroon,Garoua,RETAIL,Kg,kg,0.39
2010-07-01,0.36,Maize,Cameroon,Garoua,RETAIL,Kg,kg,0.36
2010-08-01,0.37,Maize,Cameroon,Garoua,RETAIL,Kg,kg,0.37
2010-09-01,0.36,Maize,Cameroon,Garoua,RETAIL,Kg,kg,0.36
2010-10-01,0.4,Maize,Cameroon,Garoua,RETAIL,Kg,kg,0.4
2010-11-01,0.34,Maize,Cameroon,Garoua,RETAIL,Kg,kg,0.34
2010-12-01,0.36,Maize,Cameroon,Garoua,RETAIL,Kg,kg,0.36
2011-01-01,0.34,Maize,Cameroon,Garoua,RETAIL,Kg,kg,0.34
2011-02-01,0.32,Maize,Cameroon,Garoua,RETAIL,Kg,kg,0.32
2011-03-01,0.32,Maize,Cameroon,Garoua,RETAIL,Kg,kg,0.32
2011-04-01,0.37,Maize,Cameroon,Garoua,RETAIL,Kg,kg,0.37
2011-05-01,0.39,Maize,Cameroon,Garoua,RETAIL,Kg,kg,0.39
2011-06-01,0.41,Maize,Cameroon,Garoua,RETAIL,Kg,kg,0.41
2011-07-01,0.43,Maize,Cameroon,Garoua,RETAIL,Kg,kg,0.43
2011-08-01,0.46,Maize,Cameroon,Garoua,RETAIL,Kg,kg,0.46
2011-09-01,0.43,Maize,Cameroon,Garoua,RETAIL,Kg,kg,0.43
2011-10-01,0.42,Maize,Cameroon,Garoua,RETAIL,Kg,kg,0.42
2011-11-01,0.4,Maize,Cameroon,Garoua,RETAIL,Kg,kg,0.4
2011-12-01,0.37,Maize,Cameroon,Garoua,RETAIL,Kg,kg,0.37
2012-01-01,0.44,Maize,Cameroon,Garoua,RETAIL,Kg,kg,0.44
2012-02-01,0.47,Maize,Cameroon,Garoua,RETAIL,Kg,kg,0.47
2012-03-01,0.46,Maize,Cameroon,Garoua,RETAIL,Kg,kg,0.46
2012-04-01,0.42,Maize,Cameroon,Garoua,RETAIL,Kg,kg,0.42
2012-05-01,0.4,Maize,Cameroon,Garoua,RETAIL,Kg,kg,0.4
2012-06-01,0.43,Maize,Cameroon,Garoua,RETAIL,Kg,kg,0.43
2012-07-01,0.42,Maize,Cameroon,Garoua,RETAIL,Kg,kg,0.42
2012-08-01,0.45,Maize,Cameroon,Garoua,RETAIL,Kg,kg,0.45
2012-09-01,0.47,Maize,Cameroon,Garoua,RETAIL,Kg,kg,0.47
2012-10-01,0.45,Maize,Cameroon,Garoua,RETAIL,Kg,kg,0.45
2012-11-01,0.48,Maize,Cameroon,Garoua,RETAIL,Kg,kg,0.48
2012-12-01,0.38,Maize,Cameroon,Garoua,RETAIL,Kg,kg,0.38
2013-01-01,0.37,Maize,Cameroon,Garoua,RETAIL,Kg,kg,0.37
2013-02-01,0.38,Maize,Cameroon,Garoua,RETAIL,Kg,kg,0.38
2013-03-01,0.41,Maize,Cameroon,Garoua,RETAIL,Kg,kg,0.41
2013-04-01,0.4,Maize,Cameroon,Garoua,RETAIL,Kg,kg,0.4
2013-05-01,0.44,Maize,Cameroon,Garoua,RETAIL,Kg,kg,0.44
2013-06-01,0.45,Maize,Cameroon,Garoua,RETAIL,Kg,kg,0.45
2013-07-01,0.44,Maize,Cameroon,Garoua,RETAIL,Kg,kg,0.44
2013-08-01,0.45,Maize,Cameroon,Garoua,RETAIL,Kg,kg,0.45
2013-09-01,0.53,Maize,Cameroon,Garoua,RETAIL,Kg,kg,0.53
2013-10-01,0.51,Maize,Cameroon,Garoua,RETAIL,Kg,kg,0.51
2013-11-01,0.49,Maize,Cameroon,Garoua,RETAIL,Kg,kg,0.49
2013-12-01,0.46,Maize,Cameroon,Garoua,RETAIL,Kg,kg,0.46
2014-01-01,0.37,Maize,Cameroon,Garoua,RETAIL,Kg,kg,0.37
2014-02-01,0.4,Maize,Cameroon,Garoua,RETAIL,Kg,kg,0.4
2014-03-01,0.44,Maize,Cameroon,Garoua,RETAIL,Kg,kg,0.44
2014-04-01,0.44,Maize,Cameroon,Garoua,RETAIL,Kg,kg,0.44
2014-05-01,0.41,Maize,Cameroon,Garoua,RETAIL,Kg,kg,0.41
2014-06-01,0.45,Maize,Cameroon,Garoua,RETAIL,Kg,kg,0.45
2014-07-01,0.4,Maize,Cameroon,Garoua,RETAIL,Kg,kg,0.4
2014-08-01,0.42,Maize,Cameroon,Garoua,RETAIL,Kg,kg,0.42
2014-09-01,0.44,Maize,Cameroon,Garoua,RETAIL,Kg,kg,0.44
2014-10-01,0.41,Maize,Cameroon,Garoua,RETAIL,Kg,kg,0.41
2014-11-01,0.36,Maize,Cameroon,Garoua,RETAIL,Kg,kg,0.36
2014-12-01,0.34,Maize,Cameroon,Garoua,RETAIL,Kg,kg,0.34
2015-01-01,0.32,Maize,Cameroon,Garoua,RETAIL,Kg,kg,0.32
2015-02-01,0.29,Maize,Cameroon,Garoua,RETAIL,Kg,kg,0.29
2015-03-01,0.31,Maize,Cameroon,Garoua,RETAIL,Kg,kg,0.31
2015-04-01,0.31,Maize,Cameroon,Garoua,RETAIL,Kg,kg,0.31
2015-05-01,0.31,Maize,Cameroon,Garoua,RETAIL,Kg,kg,0.31
2015-06-01,0.3,Maize,Cameroon,Garoua,RETAIL,Kg,kg,0.3
2015-07-01,0.29,Maize,Cameroon,Garoua,RETAIL,Kg,kg,0.29
2015-08-01,0.31,Maize,Cameroon,Garoua,RETAIL,Kg,kg,0.31
2015-09-01,0.31,Maize,Cameroon,Garoua,RETAIL,Kg,kg,0.31
2015-10-01,0.3,Maize,Cameroon,Garoua,RETAIL,Kg,kg,0.3
2015-11-01,0.27,Maize,Cameroon,Garoua,RETAIL,Kg,kg,0.27
2015-12-01,0.26,Maize,Cameroon,Garoua,RETAIL,Kg,kg,0.26
2016-01-01,0.29,Maize,Cameroon,Garoua,RETAIL,Kg,kg,0.29
2016-02-01,0.28,Maize,Cameroon,Garoua,RETAIL,Kg,kg,0.28
2016-03-01,0.31,Maize,Cameroon,Garoua,RETAIL,Kg,kg,0.31
2016-04-01,0.29,Maize,Cameroon,Garoua,RETAIL,Kg,kg,0.29
2016-05-01,0.31,Maize,Cameroon,Garoua,RETAIL,Kg,kg,0.31
2016-06-01,0.31,Maize,Cameroon,Garoua,RETAIL,Kg,kg,0.31
2016-07-01,0.32,Maize,Cameroon,Garoua,RETAIL,Kg,kg,0.32
2016-08-01,0.34,Maize,Cameroon,Garoua,RETAIL,Kg,kg,0.34
2016-09-01,0.32,Maize,Cameroon,Garoua,RETAIL,Kg,kg,0.32
2016-10-01,0.32,Maize,Cameroon,Garoua,RETAIL,Kg,kg,0.32
2016-11-01,0.27,Maize,Cameroon,Garoua,RETAIL,Kg,kg,0.27
2016-12-01,0.26,Maize,Cameroon,Garoua,RETAIL,Kg,kg,0.26
2017-01-01,0.27,Maize,Cameroon,Garoua,RETAIL,Kg,kg,0.27
2017-02-01,0.27,Maize,Cameroon,Garoua,RETAIL,Kg,kg,0.27
2017-03-01,0.29,Maize,Cameroon,Garoua,RETAIL,Kg,kg,0.29
2017-04-01,0.36,Maize,Cameroon,Garoua,RETAIL,Kg,kg,0.36
2017-05-01,0.37,Maize,Cameroon,Garoua,RETAIL,Kg,kg,0.37
2017-06-01,0.35,Maize,Cameroon,Garoua,RETAIL,Kg,kg,0.35
2017-07-01,0.41,Maize,Cameroon,Garoua,RETAIL,Kg,kg,0.41
2017-08-01,0.45,Maize,Cameroon,Garoua,RETAIL,Kg,kg,0.45
2017-09-01,0.51,Maize,Cameroon,Garoua,RETAIL,Kg,kg,0.51
2017-10-01,0.47,Maize,Cameroon,Garoua,RETAIL,Kg,kg,0.47
2017-11-01,0.37,Maize,Cameroon,Garoua,RETAIL,Kg,kg,0.37
2017-12-01,0.35,Maize,Cameroon,Garoua,RETAIL,Kg,kg,0.35
2018-01-01,0.36,Maize,Cameroon,Garoua,RETAIL,Kg,kg,0.36
2018-02-01,0.38,Maize,Cameroon,Garoua,RETAIL,Kg,kg,0.38
2018-03-01,0.37,Maize,Cameroon,Garoua,RETAIL,Kg,kg,0.37
2018-04-01,0.36,Maize,Cameroon,Garoua,RETAIL,Kg,kg,0.36
2018-05-01,0.35,Maize,Cameroon,Garoua,RETAIL,Kg,kg,0.35
2018-06-01,0.35,Maize,Cameroon,Garoua,RETAIL,Kg,kg,0.35
2018-07-01,0.34,Maize,Cameroon,Garoua,RETAIL,Kg,kg,0.34
2018-08-01,0.32,Maize,Cameroon,Garoua,RETAIL,Kg,kg,0.32
2018-09-01,0.34,Maize,Cameroon,Garoua,RETAIL,Kg,kg,0.34
2018-10-01,0.33,Maize,Cameroon,Garoua,RETAIL,Kg,kg,0.33
2018-11-01,0.33,Maize,Cameroon,Garoua,RETAIL,Kg,kg,0.33
2018-12-01,0.33,Maize,Cameroon,Garoua,RETAIL,Kg,kg,0.33
2019-01-01,0.32,Maize,Cameroon,Garoua,RETAIL,Kg,kg,0.32
2019-02-01,0.3,Maize,Cameroon,Garoua,RETAIL,Kg,kg,0.3
2019-03-01,0.31,Maize,Cameroon,Garoua,RETAIL,Kg,kg,0.31
2019-04-01,0.32,Maize,Cameroon,Garoua,RETAIL,Kg,kg,0.32
2019-05-01,0.31,Maize,Cameroon,Garoua,RETAIL,Kg,kg,0.31
2019-06-01,0.31,Maize,Cameroon,Garoua,RETAIL,Kg,kg,0.31
2019-07-01,0.31,Maize,Cameroon,Garoua,RETAIL,Kg,kg,0.31
2019-08-01,0.31,Maize,Cameroon,Garoua,RETAIL,Kg,kg,0.31
2019-09-01,0.31,Maize,Cameroon,Garoua,RETAIL,Kg,kg,0.31
2019-10-01,0.3,Maize,Cameroon,Garoua,RETAIL,Kg,kg,0.3
2019-11-01,0.3,Maize,Cameroon,Garoua,RETAIL,Kg,kg,0.3
2019-12-01,0.3,Maize,Cameroon,Garoua,RETAIL,Kg,kg,0.3
2020-01-01,0.3,Maize,Cameroon,Garoua,RETAIL,Kg,kg,0.3
2020-02-01,0.29,Maize,Cameroon,Garoua,RETAIL,Kg,kg,0.29
2020-03-01,0.3,Maize,Cameroon,Garoua,RETAIL,Kg,kg,0.3
2020-04-01,0.3,Maize,Cameroon,Garoua,RETAIL,Kg,kg,0.3
2020-05-01,0.3,Maize,Cameroon,Garoua,RETAIL,Kg,kg,0.3
2020-06-01,0.32,Maize,Cameroon,Garoua,RETAIL,Kg,kg,0.32
2020-07-01,0.36,Maize,Cameroon,Garoua,RETAIL,Kg,kg,0.36
2020-08-01,0.41,Maize,Cameroon,Garoua,RETAIL,Kg,kg,0.41
2020-09-01,0.42,Maize,Cameroon,Garoua,RETAIL,Kg,kg,0.42
2020-10-01,0.39,Maize,Cameroon,Garoua,RETAIL,Kg,kg,0.39
2020-11-01,0.37,Maize,Cameroon,Garoua,RETAIL,Kg,kg,0.37
2020-12-01,0.34,Maize,Cameroon,Garoua,RETAIL,Kg,kg,0.34
2021-01-01,0.42,Maize,Cameroon,Garoua,RETAIL,Kg,kg,0.42
2021-02-01,0.43,Maize,Cameroon,Garoua,RETAIL,Kg,kg,0.43
2021-03-01,0.4,Maize,Cameroon,Garoua,RETAIL,Kg,kg,0.4
2021-04-01,0.38,Maize,Cameroon,Garoua,RETAIL,Kg,kg,0.38
2021-05-01,0.38,Maize,Cameroon,Garoua,RETAIL,Kg,kg,0.38
2021-06-01,0.37,Maize,Cameroon,Garoua,RETAIL,Kg,kg,0.37
2021-07-01,0.46,Maize,Cameroon,Garoua,RETAIL,Kg,kg,0.46
2021-08-01,0.45,Maize,Cameroon,Garoua,RETAIL,Kg,kg,0.45
2021-09-01,0.45,Maize,Cameroon,Garoua,RETAIL,Kg,kg,0.45
2021-10-01,0.36,Maize,Cameroon,Garoua,RETAIL,Kg,kg,0.36
2021-11-01,0.35,Maize,Cameroon,Garoua,RETAIL,Kg,kg,0.35
2021-12-01,0.44,Maize,Cameroon,Garoua,RETAIL,Kg,kg,0.44
2022-01-01,0.42,Maize,Cameroon,Garoua,RETAIL,Kg,kg,0.42
2022-02-01,0.42,Maize,Cameroon,Garoua,RETAIL,Kg,kg,0.42
2022-03-01,0.41,Maize,Cameroon,Garoua,RETAIL,Kg,kg,0.41
2022-04-01,0.39,Maize,Cameroon,Garoua,RETAIL,Kg,kg,0.39
2022-05-01,0.38,Maize,Cameroon,Garoua,RETAIL,Kg,kg,0.38
2022-06-01,0.38,Maize,Cameroon,Garoua,RETAIL,Kg,kg,0.38
2022-07-01,0.36,Maize,Cameroon,Garoua,RETAIL,Kg,kg,0.36
2022-08-01,0.4,Maize,Cameroon,Garoua,RETAIL,Kg,kg,0.4
2022-09-01,0.4,Maize,Cameroon,Garoua,RETAIL,Kg,kg,0.4
2022-10-01,0.39,Maize,Cameroon,Garoua,RETAIL,Kg,kg,0.39
2022-11-01,0.39,Maize,Cameroon,Garoua,RETAIL,Kg,kg,0.39
2022-12-01,0.39,Maize,Cameroon,Garoua,RETAIL,Kg,kg,0.39
2023-01-01,0.41,Maize,Cameroon,Garoua,RETAIL,Kg,kg,0.41
2023-02-01,0.39,Maize,Cameroon,Garoua,RETAIL,Kg,kg,0.39
2023-03-01,0.41,Maize,Cameroon,Garoua,RETAIL,Kg,kg,0.41
2023-04-01,0.42,Maize,Cameroon,Garoua,RETAIL,Kg,kg,0.42
2023-05-01,0.42,Maize,Cameroon,Garoua,RETAIL,Kg,kg,0.42
2023-06-01,0.43,Maize,Cameroon,Garoua,RETAIL,Kg,kg,0.43
2023-07-01,0.48,Maize,Cameroon,Garoua,RETAIL,Kg,kg,0.48
2023-08-01,0.48,Maize,Cameroon,Garoua,RETAIL,Kg,kg,0.48
2023-09-01,0.46,Maize,Cameroon,Garoua,RETAIL,Kg,kg,0.46
2023-10-01,0.41,Maize,Cameroon,Garoua,RETAIL,Kg,kg,0.41
2023-11-01,0.36,Maize,Cameroon,Garoua,RETAIL,Kg,kg,0.36
2023-12-01,0.36,Maize,Cameroon,Garoua,RETAIL,Kg,kg,0.36
2024-01-01,0.36,Maize,Cameroon,Garoua,RETAIL,Kg,kg,0.36
2024-02-01,0.37,Maize,Cameroon,Garoua,RETAIL,Kg,kg,0.37
2024-03-01,0.39,Maize,Cameroon,Garoua,RETAIL,Kg,kg,0.39
2024-04-01,0.43,Maize,Cameroon,Garoua,RETAIL,Kg,kg,0.43
2024-05-01,0.47,Maize,Cameroon,Garoua,RETAIL,Kg,kg,0.47
2024-06-01,0.47,Maize,Cameroon,Garoua,RETAIL,Kg,kg,0.47
2024-07-01,0.47,Maize,Cameroon,Garoua,RETAIL,Kg,kg,0.47
2024-08-01,0.46,Maize,Cameroon,Garoua,RETAIL,Kg,kg,0.46
2024-09-01,0.44,Maize,Cameroon,Garoua,RETAIL,Kg,kg,0.44
2024-10-01,0.36,Maize,Cameroon,Garoua,RETAIL,Kg,kg,0.36
2024-11-01,0.31,Maize,Cameroon,Garoua,RETAIL,Kg,kg,0.31
2024-12-01,0.3,Maize,Cameroon,Garoua,RETAIL,Kg,kg,0.3
2025-01-01,0.3,Maize,Cameroon,Garoua,RETAIL,Kg,kg,0.3
2025-02-01,0.3,Maize,Cameroon,Garoua,RETAIL,Kg,kg,0.3
2025-03-01,0.32,Maize,Cameroon,Garoua,RETAIL,Kg,kg,0.32
2025-04-01,0.33,Maize,Cameroon,Garoua,RETAIL,Kg,kg,0.33
2025-05-01,0.33,Maize,Cameroon,Garoua,RETAIL,Kg,kg,0.33
2025-06-01,0.34,Maize,Cameroon,Garoua,RETAIL,Kg,kg,0.34
2025-07-01,0.34,Maize,Cameroon,Garoua,RETAIL,Kg,kg,0.34
2025-08-01,0.28,Maize,Cameroon,Garoua,RETAIL,Kg,kg,0.28
2025-09-01,0.25,Maize,Cameroon,Garoua,RETAIL,Kg,kg,0.25
2005-01-01,0.3,Maize,Cameroon,Yaoundé,RETAIL,Kg,kg,0.3
2005-02-01,0.31,Maize,Cameroon,Yaoundé,RETAIL,Kg,kg,0.31
2005-03-01,0.32,Maize,Cameroon,Yaoundé,RETAIL,Kg,kg,0.32
2005-04-01,0.33,Maize,Cameroon,Yaoundé,RETAIL,Kg,kg,0.33
2005-05-01,0.33,Maize,Cameroon,Yaoundé,RETAIL,Kg,kg,0.33
2005-06-01,0.33,Maize,Cameroon,Yaoundé,RETAIL,Kg,kg,0.33
2005-07-01,0.34,Maize,Cameroon,Yaoundé,RETAIL,Kg,kg,0.34
2005-08-01,0.36,Maize,Cameroon,Yaoundé,RETAIL,Kg,kg,0.36
2005-09-01,0.38,Maize,Cameroon,Yaoundé,RETAIL,Kg,kg,0.38
2005-10-01,0.38,Maize,Cameroon,Yaoundé,RETAIL,Kg,kg,0.38
2005-11-01,0.37,Maize,Cameroon,Yaoundé,RETAIL,Kg,kg,0.37
2005-12-01,0.37,Maize,Cameroon,Yaoundé,RETAIL,Kg,kg,0.37
2006-01-01,0.39,Maize,Cameroon,Yaoundé,RETAIL,Kg,kg,0.39
2006-02-01,0.38,Maize,Cameroon,Yaoundé,RETAIL,Kg,kg,0.38
2006-03-01,0.39,Maize,Cameroon,Yaoundé,RETAIL,Kg,kg,0.39
2006-04-01,0.41,Maize,Cameroon,Yaoundé,RETAIL,Kg,kg,0.41
2006-05-01,0.43,Maize,Cameroon,Yaoundé,RETAIL,Kg,kg,0.43
2006-06-01,0.44,Maize,Cameroon,Yaoundé,RETAIL,Kg,kg,0.44
2006-07-01,0.44,Maize,Cameroon,Yaoundé,RETAIL,Kg,kg,0.44
2006-08-01,0.38,Maize,Cameroon,Yaoundé,RETAIL,Kg,kg,0.38
2006-09-01,0.37,Maize,Cameroon,Yaoundé,RETAIL,Kg,kg,0.37
2006-10-01,0.36,Maize,Cameroon,Yaoundé,RETAIL,Kg,kg,0.36
2006-11-01,0.37,Maize,Cameroon,Yaoundé,RETAIL,Kg,kg,0.37
2006-12-01,0.38,Maize,Cameroon,Yaoundé,RETAIL,Kg,kg,0.38
2007-01-01,0.38,Maize,Cameroon,Yaoundé,RETAIL,Kg,kg,0.38
2007-02-01,0.39,Maize,Cameroon,Yaoundé,RETAIL,Kg,kg,0.39
2007-03-01,0.4,Maize,Cameroon,Yaoundé,RETAIL,Kg,kg,0.4
2007-04-01,0.42,Maize,Cameroon,Yaoundé,RETAIL,Kg,kg,0.42
2007-05-01,0.42,Maize,Cameroon,Yaoundé,RETAIL,Kg,kg,0.42
2007-06-01,0.42,Maize,Cameroon,Yaoundé,RETAIL,Kg,kg,0.42
2007-07-01,0.43,Maize,Cameroon,Yaoundé,RETAIL,Kg,kg,0.43
2007-08-01,0.43,Maize,Cameroon,Yaoundé,RETAIL,Kg,kg,0.43
2007-09-01,0.4,Maize,Cameroon,Yaoundé,RETAIL,Kg,kg,0.4
2007-10-01,0.42,Maize,Cameroon,Yaoundé,RETAIL,Kg,kg,0.42
2007-11-01,0.45,Maize,Cameroon,Yaoundé,RETAIL,Kg,kg,0.45
2007-12-01,0.43,Maize,Cameroon,Yaoundé,RETAIL,Kg,kg,0.43
2008-01-01,0.45,Maize,Cameroon,Yaoundé,RETAIL,Kg,kg,0.45
2008-02-01,0.46,Maize,Cameroon,Yaoundé,RETAIL,Kg,kg,0.46
2008-03-01,0.49,Maize,Cameroon,Yaoundé,RETAIL,Kg,kg,0.49
2008-04-01,0.5,Maize,Cameroon,Yaoundé,RETAIL,Kg,kg,0.5
2008-05-01,0.5,Maize,Cameroon,Yaoundé,RETAIL,Kg,kg,0.5
2008-06-01,0.51,Maize,Cameroon,Yaoundé,RETAIL,Kg,kg,0.51
2008-07-01,0.52,Maize,Cameroon,Yaoundé,RETAIL,Kg,kg,0.52
2008-08-01,0.53,Maize,Cameroon,Yaoundé,RETAIL,Kg,kg,0.53
2008-09-01,0.53,Maize,Cameroon,Yaoundé,RETAIL,Kg,kg,0.53
2008-10-01,0.51,Maize,Cameroon,Yaoundé,RETAIL,Kg,kg,0.51
2008-11-01,0.51,Maize,Cameroon,Yaoundé,RETAIL,Kg,kg,0.51
2008-12-01,0.54,Maize,Cameroon,Yaoundé,RETAIL,Kg,kg,0.54
2009-01-01,0.51,Maize,Cameroon,Yaoundé,RETAIL,Kg,kg,0.51
2009-02-01,0.52,Maize,Cameroon,Yaoundé,RETAIL,Kg,kg,0.52
2009-03-01,0.54,Maize,Cameroon,Yaoundé,RETAIL,Kg,kg,0.54
2009-04-01,0.53,Maize,Cameroon,Yaoundé,RETAIL,Kg,kg,0.53
2009-05-01,0.69,Maize,Cameroon,Yaoundé,RETAIL,Kg,kg,0.69
2009-06-01,0.67,Maize,Cameroon,Yaoundé,RETAIL,Kg,kg,0.67
2009-07-01,0.63,Maize,Cameroon,Yaoundé,RETAIL,Kg,kg,0.63
2009-08-01,0.61,Maize,Cameroon,Yaoundé,RETAIL,Kg,kg,0.61
2009-09-01,0.64,Maize,Cameroon,Yaoundé,RETAIL,Kg,kg,0.64
2009-10-01,0.65,Maize,Cameroon,Yaoundé,RETAIL,Kg,kg,0.65
2009-11-01,0.68,Maize,Cameroon,Yaoundé,RETAIL,Kg,kg,0.68
2009-12-01,0.67,Maize,Cameroon,Yaoundé,RETAIL,Kg,kg,0.67
2010-01-01,0.66,Maize,Cameroon,Yaoundé,RETAIL,Kg,kg,0.66
2010-02-01,0.58,Maize,Cameroon,Yaoundé,RETAIL,Kg,kg,0.58
2010-03-01,0.6,Maize,Cameroon,Yaoundé,RETAIL,Kg,kg,0.6
2010-04-01,0.62,Maize,Cameroon,Yaoundé,RETAIL,Kg,kg,0.62
2010-05-01,0.6,Maize,Cameroon,Yaoundé,RETAIL,Kg,kg,0.6
2010-06-01,0.59,Maize,Cameroon,Yaoundé,RETAIL,Kg,kg,0.59
2010-07-01,0.6,Maize,Cameroon,Yaoundé,RETAIL,Kg,kg,0.6
2010-08-01,0.62,Maize,Cameroon,Yaoundé,RETAIL,Kg,kg,0.62
2010-09-01,0.59,Maize,Cameroon,Yaoundé,RETAIL,Kg,kg,0.59
2010-10-01,0.64,Maize,Cameroon,Yaoundé,RETAIL,Kg,kg,0.64
2010-11-01,0.61,Maize,Cameroon,Yaoundé,RETAIL,Kg,kg,0.61
2010-12-01,0.6,Maize,Cameroon,Yaoundé,RETAIL,Kg,kg,0.6
2011-01-01,0.62,Maize,Cameroon,Yaoundé,RETAIL,Kg,kg,0.62
2011-02-01,0.64,Maize,Cameroon,Yaoundé,RETAIL,Kg,kg,0.64
2011-03-01,0.66,Maize,Cameroon,Yaoundé,RETAIL,Kg,kg,0.66
2011-04-01,0.69,Maize,Cameroon,Yaoundé,RETAIL,Kg,kg,0.69
2011-05-01,0.68,Maize,Cameroon,Yaoundé,RETAIL,Kg,kg,0.68
2011-06-01,0.72,Maize,Cameroon,Yaoundé,RETAIL,Kg,kg,0.72
2011-07-01,0.76,Maize,Cameroon,Yaoundé,RETAIL,Kg,kg,0.76
2011-08-01,0.71,Maize,Cameroon,Yaoundé,RETAIL,Kg,kg,0.71
2011-09-01,0.7,Maize,Cameroon,Yaoundé,RETAIL,Kg,kg,0.7
2011-10-01,0.68,Maize,Cameroon,Yaoundé,RETAIL,Kg,kg,0.68
2011-11-01,0.68,Maize,Cameroon,Yaoundé,RETAIL,Kg,kg,0.68
2011-12-01,0.66,Maize,Cameroon,Yaoundé,RETAIL,Kg,kg,0.66
2012-01-01,0.68,Maize,Cameroon,Yaoundé,RETAIL,Kg,kg,0.68
2012-02-01,0.66,Maize,Cameroon,Yaoundé,RETAIL,Kg,kg,0.66
2012-03-01,0.66,Maize,Cameroon,Yaoundé,RETAIL,Kg,kg,0.66
2012-04-01,0.69,Maize,Cameroon,Yaoundé,RETAIL,Kg,kg,0.69
2012-05-01,0.7,Maize,Cameroon,Yaoundé,RETAIL,Kg,kg,0.7
2012-06-01,0.72,Maize,Cameroon,Yaoundé,RETAIL,Kg,kg,0.72
2012-07-01,0.65,Maize,Cameroon,Yaoundé,RETAIL,Kg,kg,0.65
2012-08-01,0.6,Maize,Cameroon,Yaoundé,RETAIL,Kg,kg,0.6
2012-09-01,0.6,Maize,Cameroon,Yaoundé,RETAIL,Kg,kg,0.6
2012-10-01,0.63,Maize,Cameroon,Yaoundé,RETAIL,Kg,kg,0.63
2012-11-01,0.6,Maize,Cameroon,Yaoundé,RETAIL,Kg,kg,0.6
2012-12-01,0.61,Maize,Cameroon,Yaoundé,RETAIL,Kg,kg,0.61
2013-01-01,0.62,Maize,Cameroon,Yaoundé,RETAIL,Kg,kg,0.62
2013-02-01,0.64,Maize,Cameroon,Yaoundé,RETAIL,Kg,kg,0.64
2013-03-01,0.64,Maize,Cameroon,Yaoundé,RETAIL,Kg,kg,0.64
2013-04-01,0.61,Maize,Cameroon,Yaoundé,RETAIL,Kg,kg,0.61
2013-05-01,0.66,Maize,Cameroon,Yaoundé,RETAIL,Kg,kg,0.66
2013-06-01,0.69,Maize,Cameroon,Yaoundé,RETAIL,Kg,kg,0.69
2013-07-01,0.65,Maize,Cameroon,Yaoundé,RETAIL,Kg,kg,0.65
2013-08-01,0.65,Maize,Cameroon,Yaoundé,RETAIL,Kg,kg,0.65
2013-09-01,0.63,Maize,Cameroon,Yaoundé,RETAIL,Kg,kg,0.63
2013-10-01,0.65,Maize,Cameroon,Yaoundé,RETAIL,Kg,kg,0.65
2013-11-01,0.89,Maize,Cameroon,Yaoundé,RETAIL,Kg,kg,0.89
2013-12-01,0.93,Maize,Cameroon,Yaoundé,RETAIL,Kg,kg,0.93
2014-01-01,0.83,Maize,Cameroon,Yaoundé,RETAIL,Kg,kg,0.83
2014-02-01,0.83,Maize,Cameroon,Yaoundé,RETAIL,Kg,kg,0.83
2014-03-01,0.89,Maize,Cameroon,Yaoundé,RETAIL,Kg,kg,0.89
2014-04-01,1.01,Maize,Cameroon,Yaoundé,RETAIL,Kg,kg,1.01
2014-05-01,1.03,Maize,Cameroon,Yaoundé,RETAIL,Kg,kg,1.03
2014-06-01,1.01,Maize,Cameroon,Yaoundé,RETAIL,Kg,kg,1.01
2014-07-01,1.04,Maize,Cameroon,Yaoundé,RETAIL,Kg,kg,1.04
2014-08-01,0.99,Maize,Cameroon,Yaoundé,RETAIL,Kg,kg,0.99
2014-09-01,1.13,Maize,Cameroon,Yaoundé,RETAIL,Kg,kg,1.13
2014-10-01,1.03,Maize,Cameroon,Yaoundé,RETAIL,Kg,kg,1.03
2014-11-01,0.77,Maize,Cameroon,Yaoundé,RETAIL,Kg,kg,0.77
2014-12-01,0.67,Maize,Cameroon,Yaoundé,RETAIL,Kg,kg,0.67
2015-01-01,0.69,Maize,Cameroon,Yaoundé,RETAIL,Kg,kg,0.69
2015-02-01,0.71,Maize,Cameroon,Yaoundé,RETAIL,Kg,kg,0.71
2015-03-01,0.62,Maize,Cameroon,Yaoundé,RETAIL,Kg,kg,0.62
2015-04-01,0.68,Maize,Cameroon,Yaoundé,RETAIL,Kg,kg,0.68
2015-05-01,0.8,Maize,Cameroon,Yaoundé,RETAIL,Kg,kg,0.8
2015-06-01,0.74,Maize,Cameroon,Yaoundé,RETAIL,Kg,kg,0.74
2015-07-01,0.58,Maize,Cameroon,Yaoundé,RETAIL,Kg,kg,0.58
2015-08-01,0.61,Maize,Cameroon,Yaoundé,RETAIL,Kg,kg,0.61
2015-09-01,0.5,Maize,Cameroon,Yaoundé,RETAIL,Kg,kg,0.5
2015-10-01,0.5,Maize,Cameroon,Yaoundé,RETAIL,Kg,kg,0.5
2015-11-01,0.56,Maize,Cameroon,Yaoundé,RETAIL,Kg,kg,0.56
2015-12-01,0.53,Maize,Cameroon,Yaoundé,RETAIL,Kg,kg,0.53
2016-01-01,0.63,Maize,Cameroon,Yaoundé,RETAIL,Kg,kg,0.63
2016-02-01,0.65,Maize,Cameroon,Yaoundé,RETAIL,Kg,kg,0.65
2016-03-01,0.65,Maize,Cameroon,Yaoundé,RETAIL,Kg,kg,0.65
2016-04-01,0.53,Maize,Cameroon,Yaoundé,RETAIL,Kg,kg,0.53
2016-05-01,0.54,Maize,Cameroon,Yaoundé,RETAIL,Kg,kg,0.54
2016-06-01,0.54,Maize,Cameroon,Yaoundé,RETAIL,Kg,kg,0.54
2016-07-01,0.53,Maize,Cameroon,Yaoundé,RETAIL,Kg,kg,0.53
2016-08-01,0.53,Maize,Cameroon,Yaoundé,RETAIL,Kg,kg,0.53
2016-09-01,0.51,Maize,Cameroon,Yaoundé,RETAIL,Kg,kg,0.51
2016-10-01,0.53,Maize,Cameroon,Yaoundé,RETAIL,Kg,kg,0.53
2016-11-01,0.59,Maize,Cameroon,Yaoundé,RETAIL,Kg,kg,0.59
2016-12-01,0.5,Maize,Cameroon,Yaoundé,RETAIL,Kg,kg,0.5
2017-01-01,0.5,Maize,Cameroon,Yaoundé,RETAIL,Kg,kg,0.5
2017-02-01,0.51,Maize,Cameroon,Yaoundé,RETAIL,Kg,kg,0.51
2017-03-01,0.54,Maize,Cameroon,Yaoundé,RETAIL,Kg,kg,0.54
2017-04-01,0.53,Maize,Cameroon,Yaoundé,RETAIL,Kg,kg,0.53
2017-05-01,0.55,Maize,Cameroon,Yaoundé,RETAIL,Kg,kg,0.55
2017-06-01,0.54,Maize,Cameroon,Yaoundé,RETAIL,Kg,kg,0.54
2017-07-01,0.58,Maize,Cameroon,Yaoundé,RETAIL,Kg,kg,0.58
2017-08-01,0.6,Maize,Cameroon,Yaoundé,RETAIL,Kg,kg,0.6
2017-09-01,0.59,Maize,Cameroon,Yaoundé,RETAIL,Kg,kg,0.59
2017-10-01,0.58,Maize,Cameroon,Yaoundé,RETAIL,Kg,kg,0.58
2017-11-01,0.63,Maize,Cameroon,Yaoundé,RETAIL,Kg,kg,0.63
2017-12-01,0.59,Maize,Cameroon,Yaoundé,RETAIL,Kg,kg,0.59
2018-01-01,0.64,Maize,Cameroon,Yaoundé,RETAIL,Kg,kg,0.64
2018-02-01,0.63,Maize,Cameroon,Yaoundé,RETAIL,Kg,kg,0.63
2018-03-01,0.63,Maize,Cameroon,Yaoundé,RETAIL,Kg,kg,0.63
2018-04-01,0.62,Maize,Cameroon,Yaoundé,RETAIL,Kg,kg,0.62
2018-05-01,0.66,Maize,Cameroon,Yaoundé,RETAIL,Kg,kg,0.66
2018-06-01,0.64,Maize,Cameroon,Yaoundé,RETAIL,Kg,kg,0.64
2018-07-01,0.72,Maize,Cameroon,Yaoundé,RETAIL,Kg,kg,0.72
2018-08-01,0.71,Maize,Cameroon,Yaoundé,RETAIL,Kg,kg,0.71
2018-09-01,0.62,Maize,Cameroon,Yaoundé,RETAIL,Kg,kg,0.62
2018-10-01,0.72,Maize,Cameroon,Yaoundé,RETAIL,Kg,kg,0.72
2018-11-01,0.62,Maize,Cameroon,Yaoundé,RETAIL,Kg,kg,0.62
2018-12-01,0.61,Maize,Cameroon,Yaoundé,RETAIL,Kg,kg,0.61
2019-01-01,0.62,Maize,Cameroon,Yaoundé,RETAIL,Kg,kg,0.62
2019-02-01,0.57,Maize,Cameroon,Yaoundé,RETAIL,Kg,kg,0.57
2019-03-01,0.62,Maize,Cameroon,Yaoundé,RETAIL,Kg,kg,0.62
2019-04-01,0.66,Maize,Cameroon,Yaoundé,RETAIL,Kg,kg,0.66
2019-05-01,0.65,Maize,Cameroon,Yaoundé,RETAIL,Kg,kg,0.65
2019-06-01,0.6,Maize,Cameroon,Yaoundé,RETAIL,Kg,kg,0.6
2019-07-01,0.6,Maize,Cameroon,Yaoundé,RETAIL,Kg,kg,0.6
2019-08-01,0.55,Maize,Cameroon,Yaoundé,RETAIL,Kg,kg,0.55
2019-09-01,0.59,Maize,Cameroon,Yaoundé,RETAIL,Kg,kg,0.59
2019-10-01,0.7,Maize,Cameroon,Yaoundé,RETAIL,Kg,kg,0.7
2019-11-01,0.71,Maize,Cameroon,Yaoundé,RETAIL,Kg,kg,0.71
2019-12-01,0.73,Maize,Cameroon,Yaoundé,RETAIL,Kg,kg,0.73
2020-01-01,0.64,Maize,Cameroon,Yaoundé,RETAIL,Kg,kg,0.64
2020-02-01,0.72,Maize,Cameroon,Yaoundé,RETAIL,Kg,kg,0.72
2020-03-01,0.73,Maize,Cameroon,Yaoundé,RETAIL,Kg,kg,0.73
2020-04-01,0.7,Maize,Cameroon,Yaoundé,RETAIL,Kg,kg,0.7
2020-05-01,0.62,Maize,Cameroon,Yaoundé,RETAIL,Kg,kg,0.62
2020-06-01,0.66,Maize,Cameroon,Yaoundé,RETAIL,Kg,kg,0.66
2020-07-01,0.67,Maize,Cameroon,Yaoundé,RETAIL,Kg,kg,0.67
2020-08-01,0.69,Maize,Cameroon,Yaoundé,RETAIL,Kg,kg,0.69
2020-09-01,0.65,Maize,Cameroon,Yaoundé,RETAIL,Kg,kg,0.65
2020-10-01,0.67,Maize,Cameroon,Yaoundé,RETAIL,Kg,kg,0.67
2020-11-01,0.66,Maize,Cameroon,Yaoundé,RETAIL,Kg,kg,0.66
2020-12-01,0.67,Maize,Cameroon,Yaoundé,RETAIL,Kg,kg,0.67
2021-01-01,0.71,Maize,Cameroon,Yaoundé,RETAIL,Kg,kg,0.71
2021-02-01,0.71,Maize,Cameroon,Yaoundé,RETAIL,Kg,kg,0.71
2021-03-01,0.65,Maize,Cameroon,Yaoundé,RETAIL,Kg,kg,0.65
2021-04-01,0.67,Maize,Cameroon,Yaoundé,RETAIL,Kg,kg,0.67
2021-05-01,0.68,Maize,Cameroon,Yaoundé,RETAIL,Kg,kg,0.68
2021-06-01,0.71,Maize,Cameroon,Yaoundé,RETAIL,Kg,kg,0.71
2021-07-01,0.72,Maize,Cameroon,Yaoundé,RETAIL,Kg,kg,0.72
2021-08-01,0.68,Maize,Cameroon,Yaoundé,RETAIL,Kg,kg,0.68
2021-09-01,0.68,Maize,Cameroon,Yaoundé,RETAIL,Kg,kg,0.68
2021-10-01,0.65,Maize,Cameroon,Yaoundé,RETAIL,Kg,kg,0.65
2021-11-01,0.64,Maize,Cameroon,Yaoundé,RETAIL,Kg,kg,0.64
2021-12-01,0.63,Maize,Cameroon,Yaoundé,RETAIL,Kg,kg,0.63
2022-01-01,0.66,Maize,Cameroon,Yaoundé,RETAIL,Kg,kg,0.66
2022-02-01,0.62,Maize,Cameroon,Yaoundé,RETAIL,Kg,kg,0.62
2022-03-01,0.61,Maize,Cameroon,Yaoundé,RETAIL,Kg,kg,0.61
2022-04-01,0.65,Maize,Cameroon,Yaoundé,RETAIL,Kg,kg,0.65
2022-05-01,0.72,Maize,Cameroon,Yaoundé,RETAIL,Kg,kg,0.72
2022-06-01,0.8,Maize,Cameroon,Yaoundé,RETAIL,Kg,kg,0.8
2022-07-01,0.68,Maize,Cameroon,Yaoundé,RETAIL,Kg,kg,0.68
2022-08-01,0.69,Maize,Cameroon,Yaoundé,RETAIL,Kg,kg,0.69
2022-09-01,0.67,Maize,Cameroon,Yaoundé,RETAIL,Kg,kg,0.67
2022-10-01,0.73,Maize,Cameroon,Yaoundé,RETAIL,Kg,kg,0.73
2022-11-01,0.78,Maize,Cameroon,Yaoundé,RETAIL,Kg,kg,0.78
2022-12-01,0.85,Maize,Cameroon,Yaoundé,RETAIL,Kg,kg,0.85
2023-01-01,0.96,Maize,Cameroon,Yaoundé,RETAIL,Kg,kg,0.96
2023-02-01,1.16,Maize,Cameroon,Yaoundé,RETAIL,Kg,kg,1.16
2023-03-01,1.18,Maize,Cameroon,Yaoundé,RETAIL,Kg,kg,1.18
2023-04-01,1.29,Maize,Cameroon,Yaoundé,RETAIL,Kg,kg,1.29
2023-05-01,1.28,Maize,Cameroon,Yaoundé,RETAIL,Kg,kg,1.28
2023-06-01,1.35,Maize,Cameroon,Yaoundé,RETAIL,Kg,kg,1.35
2023-07-01,1.37,Maize,Cameroon,Yaoundé,RETAIL,Kg,kg,1.37
2023-08-01,1.29,Maize,Cameroon,Yaoundé,RETAIL,Kg,kg,1.29
2023-09-01,1.13,Maize,Cameroon,Yaoundé,RETAIL,Kg,kg,1.13
2023-10-01,1.02,Maize,Cameroon,Yaoundé,RETAIL,Kg,kg,1.02
2023-11-01,0.93,Maize,Cameroon,Yaoundé,RETAIL,Kg,kg,0.93
2023-12-01,0.94,Maize,Cameroon,Yaoundé,RETAIL,Kg,kg,0.94
2024-01-01,1.07,Maize,Cameroon,Yaoundé,RETAIL,Kg,kg,1.07
2024-02-01,1.02,Maize,Cameroon,Yaoundé,RETAIL,Kg,kg,1.02
2024-03-01,1.05,Maize,Cameroon,Yaoundé,RETAIL,Kg,kg,1.05
2024-04-01,1.08,Maize,Cameroon,Yaoundé,RETAIL,Kg,kg,1.08
2024-05-01,1.1,Maize,Cameroon,Yaoundé,RETAIL,Kg,kg,1.1
2024-06-01,1.18,Maize,Cameroon,Yaoundé,RETAIL,Kg,kg,1.18
2024-07-01,1.14,Maize,Cameroon,Yaoundé,RETAIL,Kg,kg,1.14
2024-08-01,0.98,Maize,Cameroon,Yaoundé,RETAIL,Kg,kg,0.98
2024-09-01,1.08,Maize,Cameroon,Yaoundé,RETAIL,Kg,kg,1.08
2024-10-01,0.93,Maize,Cameroon,Yaoundé,RETAIL,Kg,kg,0.93
2024-11-01,0.97,Maize,Cameroon,Yaoundé,RETAIL,Kg,kg,0.97
2024-12-01,0.96,Maize,Cameroon,Yaoundé,RETAIL,Kg,kg,0.96
2025-01-01,1.04,Maize,Cameroon,Yaoundé,RETAIL,Kg,kg,1.04
2025-02-01,1.09,Maize,Cameroon,Yaoundé,RETAIL,Kg,kg,1.09
2025-03-01,1.35,Maize,Cameroon,Yaoundé,RETAIL,Kg,kg,1.35
2025-04-01,1.41,Maize,Cameroon,Yaoundé,RETAIL,Kg,kg,1.41
2025-05-01,1.52,Maize,Cameroon,Yaoundé,RETAIL,Kg,kg,1.52
2025-06-01,1.42,Maize,Cameroon,Yaoundé,RETAIL,Kg,kg,1.42
2025-07-01,1.61,Maize,Cameroon,Yaoundé,RETAIL,Kg,kg,1.61
2025-08-01,1.6,Maize,Cameroon,Yaoundé,RETAIL,Kg,kg,1.6
2025-09-01,1.49,Maize,Cameroon,Yaoundé,RETAIL,Kg,kg,1.49
2008-01-01,0.78,Maize,Central African Republic,Bambari,RETAIL,Kg,kg,0.78
2008-02-01,0.71,Maize,Central African Republic,Bambari,RETAIL,Kg,kg,0.71
2008-03-01,0.6,Maize,Central African Republic,Bambari,RETAIL,Kg,kg,0.6
2008-04-01,0.6,Maize,Central African Republic,Bambari,RETAIL,Kg,kg,0.6
2008-05-01,2.36,Maize,Central African Republic,Bambari,RETAIL,Kg,kg,2.36
2008-06-01,0.59,Maize,Central African Republic,Bambari,RETAIL,Kg,kg,0.59
2008-07-01,0.63,Maize,Central African Republic,Bambari,RETAIL,Kg,kg,0.63
2008-08-01,0.61,Maize,Central African Republic,Bambari,RETAIL,Kg,kg,0.61
2008-09-01,0.82,Maize,Central African Republic,Bambari,RETAIL,Kg,kg,0.82
2008-10-01,0.68,Maize,Central African Republic,Bambari,RETAIL,Kg,kg,0.68
2008-11-01,0.59,Maize,Central African Republic,Bambari,RETAIL,Kg,kg,0.59
2008-12-01,0.55,Maize,Central African Republic,Bambari,RETAIL,Kg,kg,0.55
2009-01-01,0.58,Maize,Central African Republic,Bambari,RETAIL,Kg,kg,0.58
2009-02-01,0.51,Maize,Central African Republic,Bambari,RETAIL,Kg,kg,0.51
2009-03-01,0.42,Maize,Central African Republic,Bambari,RETAIL,Kg,kg,0.42
2009-04-01,0.42,Maize,Central African Republic,Bambari,RETAIL,Kg,kg,0.42
2009-05-01,1.71,Maize,Central African Republic,Bambari,RETAIL,Kg,kg,1.71
2009-06-01,0.44,Maize,Central African Republic,Bambari,RETAIL,Kg,kg,0.44
2009-07-01,0.62,Maize,Central African Republic,Bambari,RETAIL,Kg,kg,0.62
2009-08-01,0.57,Maize,Central African Republic,Bambari,RETAIL,Kg,kg,0.57
2009-09-01,0.47,Maize,Central African Republic,Bambari,RETAIL,Kg,kg,0.47
2009-10-01,0.47,Maize,Central African Republic,Bambari,RETAIL,Kg,kg,0.47
2009-11-01,1.87,Maize,Central African Republic,Bambari,RETAIL,Kg,kg,1.87
2009-12-01,0.46,Maize,Central African Republic,Bambari,RETAIL,Kg,kg,0.46
2010-01-01,0.44,Maize,Central African Republic,Bambari,RETAIL,Kg,kg,0.44
2010-02-01,,Maize,Central African Republic,Bambari,RETAIL,Kg,kg,
2010-03-01,0.43,Maize,Central African Republic,Bambari,RETAIL,Kg,kg,0.43
2010-04-01,0.42,Maize,Central African Republic,Bambari,RETAIL,Kg,kg,0.42
2010-05-01,0.4,Maize,Central African Republic,Bambari,RETAIL,Kg,kg,0.4
2010-06-01,0.38,Maize,Central African Republic,Bambari,RETAIL,Kg,kg,0.38
2010-07-01,0.4,Maize,Central African Republic,Bambari,RETAIL,Kg,kg,0.4
2010-08-01,0.41,Maize,Central African Republic,Bambari,RETAIL,Kg,kg,0.41
2010-09-01,,Maize,Central African Republic,Bambari,RETAIL,Kg,kg,
2010-10-01,0.44,Maize,Central African Republic,Bambari,RETAIL,Kg,kg,0.44
2010-11-01,0.43,Maize,Central African Republic,Bambari,RETAIL,Kg,kg,0.43
2010-12-01,0.42,Maize,Central African Republic,Bambari,RETAIL,Kg,kg,0.42
2011-01-01,,Maize,Central African Republic,Bambari,RETAIL,Kg,kg,
2011-02-01,,Maize,Central African Republic,Bambari,RETAIL,Kg,kg,
2011-03-01,,Maize,Central African Republic,Bambari,RETAIL,Kg,kg,
2011-04-01,,Maize,Central African Republic,Bambari,RETAIL,Kg,kg,
2011-05-01,,Maize,Central African Republic,Bambari,RETAIL,Kg,kg,
2011-06-01,,Maize,Central African Republic,Bambari,RETAIL,Kg,kg,
2011-07-01,,Maize,Central African Republic,Bambari,RETAIL,Kg,kg,
2011-08-01,,Maize,Central African Republic,Bambari,RETAIL,Kg,kg,
2011-09-01,,Maize,Central African Republic,Bambari,RETAIL,Kg,kg,
2011-10-01,,Maize,Central African Republic,Bambari,RETAIL,Kg,kg,
2011-11-01,,Maize,Central African Republic,Bambari,RETAIL,Kg,kg,
2011-12-01,,Maize,Central African Republic,Bambari,RETAIL,Kg,kg,
2012-01-01,,Maize,Central African Republic,Bambari,RETAIL,Kg,kg,
2012-02-01,,Maize,Central African Republic,Bambari,RETAIL,Kg,kg,
2012-03-01,,Maize,Central African Republic,Bambari,RETAIL,Kg,kg,
2012-04-01,,Maize,Central African Republic,Bambari,RETAIL,Kg,kg,
2012-05-01,,Maize,Central African Republic,Bambari,RETAIL,Kg,kg,
2012-06-01,,Maize,Central African Republic,Bambari,RETAIL,Kg,kg,
2012-07-01,,Maize,Central African Republic,Bambari,RETAIL,Kg,kg,
2012-08-01,,Maize,Central African Republic,Bambari,RETAIL,Kg,kg,
2012-09-01,,Maize,Central African Republic,Bambari,RETAIL,Kg,kg,
2012-10-01,,Maize,Central African Republic,Bambari,RETAIL,Kg,kg,
2012-11-01,,Maize,Central African Republic,Bambari,RETAIL,Kg,kg,
2012-12-01,,Maize,Central African Republic,Bambari,RETAIL,Kg,kg,
2013-01-01,,Maize,Central African Republic,Bambari,RETAIL,Kg,kg,
2013-02-01,,Maize,Central African Republic,Bambari,RETAIL,Kg,kg,
2013-03-01,,Maize,Central African Republic,Bambari,RETAIL,Kg,kg,
2013-04-01,,Maize,Central African Republic,Bambari,RETAIL,Kg,kg,
2013-05-01,,Maize,Central African Republic,Bambari,RETAIL,Kg,kg,
2013-06-01,,Maize,Central African Republic,Bambari,RETAIL,Kg,kg,
2013-07-01,,Maize,Central African Republic,Bambari,RETAIL,Kg,kg,
2013-08-01,,Maize,Central African Republic,Bambari,RETAIL,Kg,kg,
2013-09-01,,Maize,Central African Republic,Bambari,RETAIL,Kg,kg,
2013-10-01,,Maize,Central African Republic,Bambari,RETAIL,Kg,kg,
2013-11-01,,Maize,Central African Republic,Bambari,RETAIL,Kg,kg,
2013-12-01,,Maize,Central African Republic,Bambari,RETAIL,Kg,kg,
2014-01-01,,Maize,Central African Republic,Bambari,RETAIL,Kg,kg,
2014-02-01,,Maize,Central African Republic,Bambari,RETAIL,Kg,kg,
2014-03-01,,Maize,Central African Republic,Bambari,RETAIL,Kg,kg,
2014-04-01,,Maize,Central African Republic,Bambari,RETAIL,Kg,kg,
2014-05-01,,Maize,Central African Republic,Bambari,RETAIL,Kg,kg,
2014-06-01,,Maize,Central African Republic,Bambari,RETAIL,Kg,kg,
2014-07-01,,Maize,Central African Republic,Bambari,RETAIL,Kg,kg,
2014-08-01,,Maize,Central African Republic,Bambari,RETAIL,Kg,kg,
2014-09-01,,Maize,Central African Republic,Bambari,RETAIL,Kg,kg,
2014-10-01,,Maize,Central African Republic,Bambari,RETAIL,Kg,kg,
2014-11-01,,Maize,Central African Republic,Bambari,RETAIL,Kg,kg,
2014-12-01,0.13,Maize,Central African Republic,Bambari,RETAIL,Kg,kg,0.13
2015-01-01,0.12,Maize,Central African Republic,Bambari,RETAIL,Kg,kg,0.12
2015-02-01,0.14,Maize,Central African Republic,Bambari,RETAIL,Kg,kg,0.14
2015-03-01,0.13,Maize,Central African Republic,Bambari,RETAIL,Kg,kg,0.13
2015-04-01,0.13,Maize,Central African Republic,Bambari,RETAIL,Kg,kg,0.13
2015-05-01,0.3,Maize,Central African Republic,Bambari,RETAIL,Kg,kg,0.3
2015-06-01,0.3,Maize,Central African Republic,Bambari,RETAIL,Kg,kg,0.3
2015-07-01,,Maize,Central African Republic,Bambari,RETAIL,Kg,kg,
2015-08-01,,Maize,Central African Republic,Bambari,RETAIL,Kg,kg,
2015-09-01,,Maize,Central African Republic,Bambari,RETAIL,Kg,kg,
2015-10-01,,Maize,Central African Republic,Bambari,RETAIL,Kg,kg,
2015-11-01,,Maize,Central African Republic,Bambari,RETAIL,Kg,kg,
2015-12-01,,Maize,Central African Republic,Bambari,RETAIL,Kg,kg,
2016-01-01,,Maize,Central African Republic,Bambari,RETAIL,Kg,kg,
2016-02-01,,Maize,Central African Republic,Bambari,RETAIL,Kg,kg,
2016-03-01,,Maize,Central African Republic,Bambari,RETAIL,Kg,kg,
2016-04-01,,Maize,Central African Republic,Bambari,RETAIL,Kg,kg,
2016-05-01,,Maize,Central African Republic,Bambari,RETAIL,Kg,kg,
2016-06-01,,Maize,Central African Republic,Bambari,RETAIL,Kg,kg,
2016-07-01,,Maize,Central African Republic,Bambari,RETAIL,Kg,kg,
2016-08-01,,Maize,Central African Republic,Bambari,RETAIL,Kg,kg,
2016-09-01,0.32,Maize,Central African Republic,Bambari,RETAIL,Kg,kg,0.32
2016-10-01,,Maize,Central African Republic,Bambari,RETAIL,Kg,kg,
2016-11-01,0.13,Maize,Central African Republic,Bambari,RETAIL,Kg,kg,0.13
2016-12-01,0.13,Maize,Central African Republic,Bambari,RETAIL,Kg,kg,0.13
2017-01-01,,Maize,Central African Republic,Bambari,RETAIL,Kg,kg,
2017-02-01,0.2,Maize,Central African Republic,Bambari,RETAIL,Kg,kg,0.2
2017-03-01,0.13,Maize,Central African Republic,Bambari,RETAIL,Kg,kg,0.13
2017-04-01,0.26,Maize,Central African Republic,Bambari,RETAIL,Kg,kg,0.26
2017-05-01,0.32,Maize,Central African Republic,Bambari,RETAIL,Kg,kg,0.32
2017-06-01,0.32,Maize,Central African Republic,Bambari,RETAIL,Kg,kg,0.32
2017-07-01,0.33,Maize,Central African Republic,Bambari,RETAIL,Kg,kg,0.33
2017-08-01,0.41,Maize,Central African Republic,Bambari,RETAIL,Kg,kg,0.41
2017-09-01,0.33,Maize,Central African Republic,Bambari,RETAIL,Kg,kg,0.33
2017-10-01,0.31,Maize,Central African Republic,Bambari,RETAIL,Kg,kg,0.31
2017-11-01,0.15,Maize,Central African Republic,Bambari,RETAIL,Kg,kg,0.15
2017-12-01,0.15,Maize,Central African Republic,Bambari,RETAIL,Kg,kg,0.15
2018-01-01,0.25,Maize,Central African Republic,Bambari,RETAIL,Kg,kg,0.25
2018-02-01,0.15,Maize,Central African Republic,Bambari,RETAIL,Kg,kg,0.15
2018-03-01,0.2,Maize,Central African Republic,Bambari,RETAIL,Kg,kg,0.2
2018-04-01,0.25,Maize,Central African Republic,Bambari,RETAIL,Kg,kg,0.25
2018-05-01,0.36,Maize,Central African Republic,Bambari,RETAIL,Kg,kg,0.36
2018-06-01,0.48,Maize,Central African Republic,Bambari,RETAIL,Kg,kg,0.48
2018-07-01,0.29,Maize,Central African Republic,Bambari,RETAIL,Kg,kg,0.29
2018-08-01,0.19,Maize,Central African Republic,Bambari,RETAIL,Kg,kg,0.19
2018-09-01,0.24,Maize,Central African Republic,Bambari,RETAIL,Kg,kg,0.24
2018-10-01,,Maize,Central African Republic,Bambari,RETAIL,Kg,kg,
2018-11-01,0.28,Maize,Central African Republic,Bambari,RETAIL,Kg,kg,0.28
2018-12-01,0.38,Maize,Central African Republic,Bambari,RETAIL,Kg,kg,0.38
2019-01-01,0.42,Maize,Central African Republic,Bambari,RETAIL,Kg,kg,0.42
2019-02-01,0.47,Maize,Central African Republic,Bambari,RETAIL,Kg,kg,0.47
2019-03-01,0.21,Maize,Central African Republic,Bambari,RETAIL,Kg,kg,0.21
2019-04-01,0.32,Maize,Central African Republic,Bambari,RETAIL,Kg,kg,0.32
2019-05-01,0.32,Maize,Central African Republic,Bambari,RETAIL,Kg,kg,0.32
2019-06-01,0.37,Maize,Central African Republic,Bambari,RETAIL,Kg,kg,0.37
2019-07-01,0.37,Maize,Central African Republic,Bambari,RETAIL,Kg,kg,0.37
2019-08-01,0.32,Maize,Central African Republic,Bambari,RETAIL,Kg,kg,0.32
2019-09-01,0.23,Maize,Central African Republic,Bambari,RETAIL,Kg,kg,0.23
2019-10-01,0.18,Maize,Central African Republic,Bambari,RETAIL,Kg,kg,0.18
2019-11-01,0.18,Maize,Central African Republic,Bambari,RETAIL,Kg,kg,0.18
2019-12-01,0.18,Maize,Central African Republic,Bambari,RETAIL,Kg,kg,0.18
2020-01-01,0.23,Maize,Central African Republic,Bambari,RETAIL,Kg,kg,0.23
2020-02-01,0.27,Maize,Central African Republic,Bambari,RETAIL,Kg,kg,0.27
2020-03-01,0.18,Maize,Central African Republic,Bambari,RETAIL,Kg,kg,0.18
2020-04-01,0.19,Maize,Central African Republic,Bambari,RETAIL,Kg,kg,0.19
2020-05-01,0.26,Maize,Central African Republic,Bambari,RETAIL,Kg,kg,0.26
2020-06-01,0.23,Maize,Central African Republic,Bambari,RETAIL,Kg,kg,0.23
2020-07-01,0.24,Maize,Central African Republic,Bambari,RETAIL,Kg,kg,0.24
2020-08-01,0.24,Maize,Central African Republic,Bambari,RETAIL,Kg,kg,0.24
2020-09-01,0.19,Maize,Central African Republic,Bambari,RETAIL,Kg,kg,0.19
2020-10-01,0.19,Maize,Central African Republic,Bambari,RETAIL,Kg,kg,0.19
2020-11-01,,Maize,Central African Republic,Bambari,RETAIL,Kg,kg,
2020-12-01,,Maize,Central African Republic,Bambari,RETAIL,Kg,kg,
2021-01-01,0.25,Maize,Central African Republic,Bambari,RETAIL,Kg,kg,0.25
2021-02-01,0.15,Maize,Central African Republic,Bambari,RETAIL,Kg,kg,0.15
2021-03-01,0.15,Maize,Central African Republic,Bambari,RETAIL,Kg,kg,0.15
2021-04-01,0.2,Maize,Central African Republic,Bambari,RETAIL,Kg,kg,0.2
2021-05-01,0.35,Maize,Central African Republic,Bambari,RETAIL,Kg,kg,0.35
2021-06-01,,Maize,Central African Republic,Bambari,RETAIL,Kg,kg,
2021-07-01,0.24,Maize,Central African Republic,Bambari,RETAIL,Kg,kg,0.24
2021-08-01,0.24,Maize,Central African Republic,Bambari,RETAIL,Kg,kg,0.24
2021-09-01,0.19,Maize,Central African Republic,Bambari,RETAIL,Kg,kg,0.19
2021-10-01,0.19,Maize,Central African Republic,Bambari,RETAIL,Kg,kg,0.19
2021-11-01,0.23,Maize,Central African Republic,Bambari,RETAIL,Kg,kg,0.23
2021-12-01,0.23,Maize,Central African Republic,Bambari,RETAIL,Kg,kg,0.23
2022-01-01,0.28,Maize,Central African Republic,Bambari,RETAIL,Kg,kg,0.28
2022-02-01,0.33,Maize,Central African Republic,Bambari,RETAIL,Kg,kg,0.33
2022-03-01,0.32,Maize,Central African Republic,Bambari,RETAIL,Kg,kg,0.32
2022-04-01,0.31,Maize,Central African Republic,Bambari,RETAIL,Kg,kg,0.31
2022-05-01,0.35,Maize,Central African Republic,Bambari,RETAIL,Kg,kg,0.35
2022-06-01,0.3,Maize,Central African Republic,Bambari,RETAIL,Kg,kg,0.3
2022-07-01,0.42,Maize,Central African Republic,Bambari,RETAIL,Kg,kg,0.42
2022-08-01,0.38,Maize,Central African Republic,Bambari,RETAIL,Kg,kg,0.38
2022-09-01,0.33,Maize,Central African Republic,Bambari,RETAIL,Kg,kg,0.33
2022-10-01,0.24,Maize,Central African Republic,Bambari,RETAIL,Kg,kg,0.24
2022-11-01,0.21,Maize,Central African Republic,Bambari,RETAIL,Kg,kg,0.21
2022-12-01,0.22,Maize,Central African Republic,Bambari,RETAIL,Kg,kg,0.22
2023-01-01,0.31,Maize,Central African Republic,Bambari,RETAIL,Kg,kg,0.31
2023-02-01,0.35,Maize,Central African Republic,Bambari,RETAIL,Kg,kg,0.35
2023-03-01,0.35,Maize,Central African Republic,Bambari,RETAIL,Kg,kg,0.35
2023-04-01,0.36,Maize,Central African Republic,Bambari,RETAIL,Kg,kg,0.36
2023-05-01,0.36,Maize,Central African Republic,Bambari,RETAIL,Kg,kg,0.36
2023-06-01,0.4,Maize,Central African Republic,Bambari,RETAIL,Kg,kg,0.4
2023-07-01,,Maize,Central African Republic,Bambari,RETAIL,Kg,kg,
2023-08-01,0.27,Maize,Central African Republic,Bambari,RETAIL,Kg,kg,0.27
2023-09-01,0.24,Maize,Central African Republic,Bambari,RETAIL,Kg,kg,0.24
2023-10-01,0.22,Maize,Central African Republic,Bambari,RETAIL,Kg,kg,0.22
2023-11-01,0.22,Maize,Central African Republic,Bambari,RETAIL,Kg,kg,0.22
2023-12-01,0.27,Maize,Central African Republic,Bambari,RETAIL,Kg,kg,0.27
2024-01-01,0.29,Maize,Central African Republic,Bambari,RETAIL,Kg,kg,0.29
2024-02-01,0.19,Maize,Central African Republic,Bambari,RETAIL,Kg,kg,0.19
2024-03-01,0.22,Maize,Central African Republic,Bambari,RETAIL,Kg,kg,0.22
2024-04-01,0.22,Maize,Central African Republic,Bambari,RETAIL,Kg,kg,0.22
2024-05-01,0.29,Maize,Central African Republic,Bambari,RETAIL,Kg,kg,0.29
2024-06-01,0.31,Maize,Central African Republic,Bambari,RETAIL,Kg,kg,0.31
2024-07-01,0.31,Maize,Central African Republic,Bambari,RETAIL,Kg,kg,0.31
2024-08-01,0.36,Maize,Central African Republic,Bambari,RETAIL,Kg,kg,0.36
2024-09-01,0.37,Maize,Central African Republic,Bambari,RETAIL,Kg,kg,0.37
2024-10-01,0.31,Maize,Central African Republic,Bambari,RETAIL,Kg,kg,0.31
2024-11-01,0.26,Maize,Central African Republic,Bambari,RETAIL,Kg,kg,0.26
2024-12-01,0.22,Maize,Central African Republic,Bambari,RETAIL,Kg,kg,0.22
2025-01-01,0.24,Maize,Central African Republic,Bambari,RETAIL,Kg,kg,0.24
2025-02-01,0.21,Maize,Central African Republic,Bambari,RETAIL,Kg,kg,0.21
2025-03-01,0.27,Maize,Central African Republic,Bambari,RETAIL,Kg,kg,0.27
2025-04-01,0.32,Maize,Central African Republic,Bambari,RETAIL,Kg,kg,0.32
2025-05-01,0.37,Maize,Central African Republic,Bambari,RETAIL,Kg,kg,0.37
2025-06-01,0.38,Maize,Central African Republic,Bambari,RETAIL,Kg,kg,0.38
2025-07-01,0.36,Maize,Central African Republic,Bambari,RETAIL,Kg,kg,0.36
2025-08-01,0.34,Maize,Central African Republic,Bambari,RETAIL,Kg,kg,0.34
2004-01-01,0.71,Maize,Central African Republic,Bangui,RETAIL,Kg,kg,0.71
2004-02-01,0.59,Maize,Central African Republic,Bangui,RETAIL,Kg,kg,0.59
2004-03-01,0.65,Maize,Central African Republic,Bangui,RETAIL,Kg,kg,0.65
2004-04-01,0.64,Maize,Central African Republic,Bangui,RETAIL,Kg,kg,0.64
2004-05-01,0.59,Maize,Central African Republic,Bangui,RETAIL,Kg,kg,0.59
2004-06-01,0.59,Maize,Central African Republic,Bangui,RETAIL,Kg,kg,0.59
2004-07-01,0.79,Maize,Central African Republic,Bangui,RETAIL,Kg,kg,0.79
2004-08-01,0.7,Maize,Central African Republic,Bangui,RETAIL,Kg,kg,0.7
2004-09-01,0.65,Maize,Central African Republic,Bangui,RETAIL,Kg,kg,0.65
2004-10-01,0.68,Maize,Central African Republic,Bangui,RETAIL,Kg,kg,0.68
2004-11-01,0.62,Maize,Central African Republic,Bangui,RETAIL,Kg,kg,0.62
2004-12-01,0.6,Maize,Central African Republic,Bangui,RETAIL,Kg,kg,0.6
2005-01-01,0.59,Maize,Central African Republic,Bangui,RETAIL,Kg,kg,0.59
2005-02-01,0.7,Maize,Central African Republic,Bangui,RETAIL,Kg,kg,0.7
2005-03-01,0.7,Maize,Central African Republic,Bangui,RETAIL,Kg,kg,0.7
2005-04-01,0.83,Maize,Central African Republic,Bangui,RETAIL,Kg,kg,0.83
2005-05-01,1.07,Maize,Central African Republic,Bangui,RETAIL,Kg,kg,1.07
2005-06-01,0.94,Maize,Central African Republic,Bangui,RETAIL,Kg,kg,0.94
2005-07-01,0.59,Maize,Central African Republic,Bangui,RETAIL,Kg,kg,0.59
2005-08-01,0.66,Maize,Central African Republic,Bangui,RETAIL,Kg,kg,0.66
2005-09-01,0.72,Maize,Central African Republic,Bangui,RETAIL,Kg,kg,0.72
2005-10-01,0.9,Maize,Central African Republic,Bangui,RETAIL,Kg,kg,0.9
2005-11-01,0.95,Maize,Central African Republic,Bangui,RETAIL,Kg,kg,0.95
2005-12-01,0.75,Maize,Central African Republic,Bangui,RETAIL,Kg,kg,0.75
2006-01-01,0.67,Maize,Central African Republic,Bangui,RETAIL,Kg,kg,0.67
2006-02-01,0.59,Maize,Central African Republic,Bangui,RETAIL,Kg,kg,0.59
2006-03-01,0.47,Maize,Central African Republic,Bangui,RETAIL,Kg,kg,0.47
2006-04-01,0.46,Maize,Central African Republic,Bangui,RETAIL,Kg,kg,0.46
2006-05-01,0.5,Maize,Central African Republic,Bangui,RETAIL,Kg,kg,0.5
2006-06-01,0.48,Maize,Central African Republic,Bangui,RETAIL,Kg,kg,0.48
2006-07-01,0.51,Maize,Central African Republic,Bangui,RETAIL,Kg,kg,0.51
2006-08-01,0.48,Maize,Central African Republic,Bangui,RETAIL,Kg,kg,0.48
2006-09-01,0.43,Maize,Central African Republic,Bangui,RETAIL,Kg,kg,0.43
2006-10-01,0.41,Maize,Central African Republic,Bangui,RETAIL,Kg,kg,0.41
2006-11-01,0.26,Maize,Central African Republic,Bangui,RETAIL,Kg,kg,0.26
2006-12-01,0.24,Maize,Central African Republic,Bangui,RETAIL,Kg,kg,0.24
2007-01-01,0.25,Maize,Central African Republic,Bangui,RETAIL,Kg,kg,0.25
2007-02-01,0.24,Maize,Central African Republic,Bangui,RETAIL,Kg,kg,0.24
2007-03-01,0.29,Maize,Central African Republic,Bangui,RETAIL,Kg,kg,0.29
2007-04-01,0.31,Maize,Central African Republic,Bangui,RETAIL,Kg,kg,0.31
2007-05-01,0.31,Maize,Central African Republic,Bangui,RETAIL,Kg,kg,0.31
2007-06-01,0.36,Maize,Central African Republic,Bangui,RETAIL,Kg,kg,0.36
2007-07-01,0.34,Maize,Central African Republic,Bangui,RETAIL,Kg,kg,0.34
2007-08-01,0.35,Maize,Central African Republic,Bangui,RETAIL,Kg,kg,0.35
2007-09-01,0.35,Maize,Central African Republic,Bangui,RETAIL,Kg,kg,0.35
2007-10-01,0.32,Maize,Central African Republic,Bangui,RETAIL,Kg,kg,0.32
2007-11-01,0.33,Maize,Central African Republic,Bangui,RETAIL,Kg,kg,0.33
2007-12-01,0.32,Maize,Central African Republic,Bangui,RETAIL,Kg,kg,0.32
2008-01-01,0.33,Maize,Central African Republic,Bangui,RETAIL,Kg,kg,0.33
2008-02-01,0.33,Maize,Central African Republic,Bangui,RETAIL,Kg,kg,0.33
2008-03-01,0.49,Maize,Central African Republic,Bangui,RETAIL,Kg,kg,0.49
2008-04-01,0.39,Maize,Central African Republic,Bangui,RETAIL,Kg,kg,0.39
2008-05-01,0.42,Maize,Central African Republic,Bangui,RETAIL,Kg,kg,0.42
2008-06-01,0.5,Maize,Central African Republic,Bangui,RETAIL,Kg,kg,0.5
2008-07-01,0.46,Maize,Central African Republic,Bangui,RETAIL,Kg,kg,0.46
2008-08-01,0.36,Maize,Central African Republic,Bangui,RETAIL,Kg,kg,0.36
2008-09-01,0.29,Maize,Central African Republic,Bangui,RETAIL,Kg,kg,0.29
2008-10-01,0.34,Maize,Central African Republic,Bangui,RETAIL,Kg,kg,0.34
2008-11-01,0.34,Maize,Central African Republic,Bangui,RETAIL,Kg,kg,0.34
2008-12-01,0.3,Maize,Central African Republic,Bangui,RETAIL,Kg,kg,0.3
2009-01-01,0.3,Maize,Central African Republic,Bangui,RETAIL,Kg,kg,0.3
2009-02-01,0.29,Maize,Central African Republic,Bangui,RETAIL,Kg,kg,0.29
2009-03-01,0.37,Maize,Central African Republic,Bangui,RETAIL,Kg,kg,0.37
2009-04-01,0.43,Maize,Central African Republic,Bangui,RETAIL,Kg,kg,0.43
2009-05-01,0.71,Maize,Central African Republic,Bangui,RETAIL,Kg,kg,0.71
2009-06-01,0.47,Maize,Central African Republic,Bangui,RETAIL,Kg,kg,0.47
2009-07-01,0.5,Maize,Central African Republic,Bangui,RETAIL,Kg,kg,0.5
2009-08-01,0.54,Maize,Central African Republic,Bangui,RETAIL,Kg,kg,0.54
2009-09-01,0.36,Maize,Central African Republic,Bangui,RETAIL,Kg,kg,0.36
2009-10-01,0.37,Maize,Central African Republic,Bangui,RETAIL,Kg,kg,0.37
2009-11-01,0.35,Maize,Central African Republic,Bangui,RETAIL,Kg,kg,0.35
2009-12-01,0.34,Maize,Central African Republic,Bangui,RETAIL,Kg,kg,0.34
2010-01-01,0.31,Maize,Central African Republic,Bangui,RETAIL,Kg,kg,0.31
2010-02-01,0.31,Maize,Central African Republic,Bangui,RETAIL,Kg,kg,0.31
2010-03-01,0.35,Maize,Central African Republic,Bangui,RETAIL,Kg,kg,0.35
2010-04-01,0.45,Maize,Central African Republic,Bangui,RETAIL,Kg,kg,0.45
2010-05-01,0.43,Maize,Central African Republic,Bangui,RETAIL,Kg,kg,0.43
2010-06-01,0.39,Maize,Central African Republic,Bangui,RETAIL,Kg,kg,0.39
2010-07-01,0.68,Maize,Central African Republic,Bangui,RETAIL,Kg,kg,0.68
2010-08-01,0.55,Maize,Central African Republic,Bangui,RETAIL,Kg,kg,0.55
2010-09-01,0.38,Maize,Central African Republic,Bangui,RETAIL,Kg,kg,0.38
2010-10-01,0.47,Maize,Central African Republic,Bangui,RETAIL,Kg,kg,0.47
2010-11-01,0.39,Maize,Central African Republic,Bangui,RETAIL,Kg,kg,0.39
2010-12-01,0.38,Maize,Central African Republic,Bangui,RETAIL,Kg,kg,0.38
2011-01-01,0.4,Maize,Central African Republic,Bangui,RETAIL,Kg,kg,0.4
2011-02-01,0.52,Maize,Central African Republic,Bangui,RETAIL,Kg,kg,0.52
2011-03-01,0.42,Maize,Central African Republic,Bangui,RETAIL,Kg,kg,0.42
2011-04-01,0.43,Maize,Central African Republic,Bangui,RETAIL,Kg,kg,0.43
2011-05-01,0.54,Maize,Central African Republic,Bangui,RETAIL,Kg,kg,0.54
2011-06-01,0.57,Maize,Central African Republic,Bangui,RETAIL,Kg,kg,0.57
2011-07-01,0.61,Maize,Central African Republic,Bangui,RETAIL,Kg,kg,0.61
2011-08-01,0.47,Maize,Central African Republic,Bangui,RETAIL,Kg,kg,0.47
2011-09-01,0.49,Maize,Central African Republic,Bangui,RETAIL,Kg,kg,0.49
2011-10-01,0.42,Maize,Central African Republic,Bangui,RETAIL,Kg,kg,0.42
2011-11-01,0.57,Maize,Central African Republic,Bangui,RETAIL,Kg,kg,0.57
2011-12-01,0.44,Maize,Central African Republic,Bangui,RETAIL,Kg,kg,0.44
2012-01-01,0.45,Maize,Central African Republic,Bangui,RETAIL,Kg,kg,0.45
2012-02-01,0.54,Maize,Central African Republic,Bangui,RETAIL,Kg,kg,0.54
2012-03-01,0.58,Maize,Central African Republic,Bangui,RETAIL,Kg,kg,0.58
2012-04-01,0.56,Maize,Central African Republic,Bangui,RETAIL,Kg,kg,0.56
2012-05-01,0.54,Maize,Central African Republic,Bangui,RETAIL,Kg,kg,0.54
2012-06-01,0.53,Maize,Central African Republic,Bangui,RETAIL,Kg,kg,0.53
2012-07-01,0.47,Maize,Central African Republic,Bangui,RETAIL,Kg,kg,0.47
2012-08-01,0.6,Maize,Central African Republic,Bangui,RETAIL,Kg,kg,0.6
2012-09-01,0.54,Maize,Central African Republic,Bangui,RETAIL,Kg,kg,0.54
2012-10-01,0.59,Maize,Central African Republic,Bangui,RETAIL,Kg,kg,0.59
2012-11-01,0.55,Maize,Central African Republic,Bangui,RETAIL,Kg,kg,0.55
2012-12-01,0.45,Maize,Central African Republic,Bangui,RETAIL,Kg,kg,0.45
2013-01-01,0.34,Maize,Central African Republic,Bangui,RETAIL,Kg,kg,0.34
2013-02-01,0.3,Maize,Central African Republic,Bangui,RETAIL,Kg,kg,0.3
2013-03-01,0.56,Maize,Central African Republic,Bangui,RETAIL,Kg,kg,0.56
2013-04-01,0.5,Maize,Central African Republic,Bangui,RETAIL,Kg,kg,0.5
2013-05-01,0.45,Maize,Central African Republic,Bangui,RETAIL,Kg,kg,0.45
2013-06-01,0.5,Maize,Central African Republic,Bangui,RETAIL,Kg,kg,0.5
2013-07-01,0.48,Maize,Central African Republic,Bangui,RETAIL,Kg,kg,0.48
2013-08-01,0.41,Maize,Central African Republic,Bangui,RETAIL,Kg,kg,0.41
2013-09-01,0.7,Maize,Central African Republic,Bangui,RETAIL,Kg,kg,0.7
2013-10-01,0.43,Maize,Central African Republic,Bangui,RETAIL,Kg,kg,0.43
2013-11-01,0.45,Maize,Central African Republic,Bangui,RETAIL,Kg,kg,0.45
2013-12-01,0.43,Maize,Central African Republic,Bangui,RETAIL,Kg,kg,0.43
2014-01-01,0.46,Maize,Central African Republic,Bangui,RETAIL,Kg,kg,0.46
2014-02-01,0.46,Maize,Central African Republic,Bangui,RETAIL,Kg,kg,0.46
2014-03-01,0.46,Maize,Central African Republic,Bangui,RETAIL,Kg,kg,0.46
2014-04-01,0.74,Maize,Central African Republic,Bangui,RETAIL,Kg,kg,0.74
2014-05-01,0.7,Maize,Central African Republic,Bangui,RETAIL,Kg,kg,0.7
2014-06-01,0.65,Maize,Central African Republic,Bangui,RETAIL,Kg,kg,0.65
2014-07-01,0.77,Maize,Central African Republic,Bangui,RETAIL,Kg,kg,0.77
2014-08-01,0.76,Maize,Central African Republic,Bangui,RETAIL,Kg,kg,0.76
2014-09-01,0.82,Maize,Central African Republic,Bangui,RETAIL,Kg,kg,0.82
2014-10-01,0.65,Maize,Central African Republic,Bangui,RETAIL,Kg,kg,0.65
2014-11-01,0.83,Maize,Central African Republic,Bangui,RETAIL,Kg,kg,0.83
2014-12-01,0.46,Maize,Central African Republic,Bangui,RETAIL,Kg,kg,0.46
2015-01-01,0.33,Maize,Central African Republic,Bangui,RETAIL,Kg,kg,0.33
2015-02-01,0.47,Maize,Central African Republic,Bangui,RETAIL,Kg,kg,0.47
2015-03-01,0.41,Maize,Central African Republic,Bangui,RETAIL,Kg,kg,0.41
2015-04-01,0.51,Maize,Central African Republic,Bangui,RETAIL,Kg,kg,0.51
2015-05-01,0.57,Maize,Central African Republic,Bangui,RETAIL,Kg,kg,0.57
2015-06-01,0.57,Maize,Central African Republic,Bangui,RETAIL,Kg,kg,0.57
2015-07-01,0.59,Maize,Central African Republic,Bangui,RETAIL,Kg,kg,0.59
2015-08-01,0.59,Maize,Central African Republic,Bangui,RETAIL,Kg,kg,0.59
2015-09-01,0.67,Maize,Central African Republic,Bangui,RETAIL,Kg,kg,0.67
2015-10-01,0.51,Maize,Central African Republic,Bangui,RETAIL,Kg,kg,0.51
2015-11-01,0.57,Maize,Central African Republic,Bangui,RETAIL,Kg,kg,0.57
2015-12-01,1.02,Maize,Central African Republic,Bangui,RETAIL,Kg,kg,1.02
2016-01-01,0.56,Maize,Central African Republic,Bangui,RETAIL,Kg,kg,0.56
2016-02-01,0.68,Maize,Central African Republic,Bangui,RETAIL,Kg,kg,0.68
2016-03-01,0.68,Maize,Central African Republic,Bangui,RETAIL,Kg,kg,0.68
2016-04-01,0.7,Maize,Central African Republic,Bangui,RETAIL,Kg,kg,0.7
2016-05-01,0.62,Maize,Central African Republic,Bangui,RETAIL,Kg,kg,0.62
2016-06-01,0.57,Maize,Central African Republic,Bangui,RETAIL,Kg,kg,0.57
2016-07-01,0.58,Maize,Central African Republic,Bangui,RETAIL,Kg,kg,0.58
2016-08-01,0.6,Maize,Central African Republic,Bangui,RETAIL,Kg,kg,0.6
2016-09-01,0.42,Maize,Central African Republic,Bangui,RETAIL,Kg,kg,0.42
2016-10-01,0.67,Maize,Central African Republic,Bangui,RETAIL,Kg,kg,0.67
2016-11-01,0.27,Maize,Central African Republic,Bangui,RETAIL,Kg,kg,0.27
2016-12-01,0.26,Maize,Central African Republic,Bangui,RETAIL,Kg,kg,0.26
2017-01-01,0.31,Maize,Central African Republic,Bangui,RETAIL,Kg,kg,0.31
2017-02-01,0.31,Maize,Central African Republic,Bangui,RETAIL,Kg,kg,0.31
2017-03-01,0.33,Maize,Central African Republic,Bangui,RETAIL,Kg,kg,0.33
2017-04-01,0.35,Maize,Central African Republic,Bangui,RETAIL,Kg,kg,0.35
2017-05-01,0.46,Maize,Central African Republic,Bangui,RETAIL,Kg,kg,0.46
2017-06-01,0.56,Maize,Central African Republic,Bangui,RETAIL,Kg,kg,0.56
2017-07-01,0.57,Maize,Central African Republic,Bangui,RETAIL,Kg,kg,0.57
2017-08-01,0.33,Maize,Central African Republic,Bangui,RETAIL,Kg,kg,0.33
2017-09-01,0.29,Maize,Central African Republic,Bangui,RETAIL,Kg,kg,0.29
2017-10-01,0.29,Maize,Central African Republic,Bangui,RETAIL,Kg,kg,0.29
2017-11-01,0.24,Maize,Central African Republic,Bangui,RETAIL,Kg,kg,0.24
2017-12-01,0.24,Maize,Central African Republic,Bangui,RETAIL,Kg,kg,0.24
2018-01-01,0.77,Maize,Central African Republic,Bangui,RETAIL,Kg,kg,0.77
2018-02-01,0.41,Maize,Central African Republic,Bangui,RETAIL,Kg,kg,0.41
2018-03-01,0.51,Maize,Central African Republic,Bangui,RETAIL,Kg,kg,0.51
2018-04-01,0.46,Maize,Central African Republic,Bangui,RETAIL,Kg,kg,0.46
2018-05-01,0.58,Maize,Central African Republic,Bangui,RETAIL,Kg,kg,0.58
2018-06-01,0.48,Maize,Central African Republic,Bangui,RETAIL,Kg,kg,0.48
2018-07-01,0.39,Maize,Central African Republic,Bangui,RETAIL,Kg,kg,0.39
2018-08-01,0.31,Maize,Central African Republic,Bangui,RETAIL,Kg,kg,0.31
2018-09-01,0.34,Maize,Central African Republic,Bangui,RETAIL,Kg,kg,0.34
2018-10-01,,Maize,Central African Republic,Bangui,RETAIL,Kg,kg,
2018-11-01,0.38,Maize,Central African Republic,Bangui,RETAIL,Kg,kg,0.38
2018-12-01,0.25,Maize,Central African Republic,Bangui,RETAIL,Kg,kg,0.25
2019-01-01,0.28,Maize,Central African Republic,Bangui,RETAIL,Kg,kg,0.28
2019-02-01,0.37,Maize,Central African Republic,Bangui,RETAIL,Kg,kg,0.37
2019-03-01,0.47,Maize,Central African Republic,Bangui,RETAIL,Kg,kg,0.47
2019-04-01,0.46,Maize,Central African Republic,Bangui,RETAIL,Kg,kg,0.46
2019-05-01,0.46,Maize,Central African Republic,Bangui,RETAIL,Kg,kg,0.46
2019-06-01,0.46,Maize,Central African Republic,Bangui,RETAIL,Kg,kg,0.46
2019-07-01,0.69,Maize,Central African Republic,Bangui,RETAIL,Kg,kg,0.69
2019-08-01,0.55,Maize,Central African Republic,Bangui,RETAIL,Kg,kg,0.55
2019-09-01,0.32,Maize,Central African Republic,Bangui,RETAIL,Kg,kg,0.32
2019-10-01,0.27,Maize,Central African Republic,Bangui,RETAIL,Kg,kg,0.27
2019-11-01,0.27,Maize,Central African Republic,Bangui,RETAIL,Kg,kg,0.27
2019-12-01,0.23,Maize,Central African Republic,Bangui,RETAIL,Kg,kg,0.23
2020-01-01,0.27,Maize,Central African Republic,Bangui,RETAIL,Kg,kg,0.27
2020-02-01,0.27,Maize,Central African Republic,Bangui,RETAIL,Kg,kg,0.27
2020-03-01,0.32,Maize,Central African Republic,Bangui,RETAIL,Kg,kg,0.32
2020-04-01,0.36,Maize,Central African Republic,Bangui,RETAIL,Kg,kg,0.36
2020-05-01,0.32,Maize,Central African Republic,Bangui,RETAIL,Kg,kg,0.32
2020-06-01,0.37,Maize,Central African Republic,Bangui,RETAIL,Kg,kg,0.37
2020-07-01,0.33,Maize,Central African Republic,Bangui,RETAIL,Kg,kg,0.33
2020-08-01,0.34,Maize,Central African Republic,Bangui,RETAIL,Kg,kg,0.34
2020-09-01,0.29,Maize,Central African Republic,Bangui,RETAIL,Kg,kg,0.29
2020-10-01,0.24,Maize,Central African Republic,Bangui,RETAIL,Kg,kg,0.24
2020-11-01,,Maize,Central African Republic,Bangui,RETAIL,Kg,kg,
2020-12-01,,Maize,Central African Republic,Bangui,RETAIL,Kg,kg,
2021-01-01,0.23,Maize,Central African Republic,Bangui,RETAIL,Kg,kg,0.23
2021-02-01,0.3,Maize,Central African Republic,Bangui,RETAIL,Kg,kg,0.3
2021-03-01,0.24,Maize,Central African Republic,Bangui,RETAIL,Kg,kg,0.24
2021-04-01,0.3,Maize,Central African Republic,Bangui,RETAIL,Kg,kg,0.3
2021-05-01,0.3,Maize,Central African Republic,Bangui,RETAIL,Kg,kg,0.3
2021-06-01,,Maize,Central African Republic,Bangui,RETAIL,Kg,kg,
2021-07-01,0.44,Maize,Central African Republic,Bangui,RETAIL,Kg,kg,0.44
2021-08-01,0.48,Maize,Central African Republic,Bangui,RETAIL,Kg,kg,0.48
2021-09-01,0.39,Maize,Central African Republic,Bangui,RETAIL,Kg,kg,0.39
2021-10-01,0.24,Maize,Central African Republic,Bangui,RETAIL,Kg,kg,0.24
2021-11-01,0.23,Maize,Central African Republic,Bangui,RETAIL,Kg,kg,0.23
2021-12-01,0.23,Maize,Central African Republic,Bangui,RETAIL,Kg,kg,0.23
2022-01-01,0.42,Maize,Central African Republic,Bangui,RETAIL,Kg,kg,0.42
2022-02-01,0.42,Maize,Central African Republic,Bangui,RETAIL,Kg,kg,0.42
2022-03-01,0.41,Maize,Central African Republic,Bangui,RETAIL,Kg,kg,0.41
2022-04-01,0.4,Maize,Central African Republic,Bangui,RETAIL,Kg,kg,0.4
2022-05-01,0.39,Maize,Central African Republic,Bangui,RETAIL,Kg,kg,0.39
2022-06-01,0.35,Maize,Central African Republic,Bangui,RETAIL,Kg,kg,0.35
2022-07-01,0.59,Maize,Central African Republic,Bangui,RETAIL,Kg,kg,0.59
2022-08-01,0.5,Maize,Central African Republic,Bangui,RETAIL,Kg,kg,0.5
2022-09-01,0.41,Maize,Central African Republic,Bangui,RETAIL,Kg,kg,0.41
2022-10-01,0.28,Maize,Central African Republic,Bangui,RETAIL,Kg,kg,0.28
2022-11-01,0.25,Maize,Central African Republic,Bangui,RETAIL,Kg,kg,0.25
2022-12-01,0.26,Maize,Central African Republic,Bangui,RETAIL,Kg,kg,0.26
2023-01-01,0.35,Maize,Central African Republic,Bangui,RETAIL,Kg,kg,0.35
2023-02-01,0.53,Maize,Central African Republic,Bangui,RETAIL,Kg,kg,0.53
2023-03-01,0.53,Maize,Central African Republic,Bangui,RETAIL,Kg,kg,0.53
2023-04-01,0.59,Maize,Central African Republic,Bangui,RETAIL,Kg,kg,0.59
2023-05-01,0.58,Maize,Central African Republic,Bangui,RETAIL,Kg,kg,0.58
2023-06-01,0.54,Maize,Central African Republic,Bangui,RETAIL,Kg,kg,0.54
2023-07-01,,Maize,Central African Republic,Bangui,RETAIL,Kg,kg,
2023-08-01,0.36,Maize,Central African Republic,Bangui,RETAIL,Kg,kg,0.36
2023-09-01,0.33,Maize,Central African Republic,Bangui,RETAIL,Kg,kg,0.33
2023-10-01,0.26,Maize,Central African Republic,Bangui,RETAIL,Kg,kg,0.26
2023-11-01,0.27,Maize,Central African Republic,Bangui,RETAIL,Kg,kg,0.27
2023-12-01,0.27,Maize,Central African Republic,Bangui,RETAIL,Kg,kg,0.27
2024-01-01,0.22,Maize,Central African Republic,Bangui,RETAIL,Kg,kg,0.22
2024-02-01,0.27,Maize,Central African Republic,Bangui,RETAIL,Kg,kg,0.27
2024-03-01,0.31,Maize,Central African Republic,Bangui,RETAIL,Kg,kg,0.31
2024-04-01,0.31,Maize,Central African Republic,Bangui,RETAIL,Kg,kg,0.31
2024-05-01,0.36,Maize,Central African Republic,Bangui,RETAIL,Kg,kg,0.36
2024-06-01,0.44,Maize,Central African Republic,Bangui,RETAIL,Kg,kg,0.44
2024-07-01,0.51,Maize,Central African Republic,Bangui,RETAIL,Kg,kg,0.51
2024-08-01,0.45,Maize,Central African Republic,Bangui,RETAIL,Kg,kg,0.45
2024-09-01,0.41,Maize,Central African Republic,Bangui,RETAIL,Kg,kg,0.41
2024-10-01,0.35,Maize,Central African Republic,Bangui,RETAIL,Kg,kg,0.35
2024-11-01,0.32,Maize,Central African Republic,Bangui,RETAIL,Kg,kg,0.32
2024-12-01,0.26,Maize,Central African Republic,Bangui,RETAIL,Kg,kg,0.26
2025-01-01,0.26,Maize,Central African Republic,Bangui,RETAIL,Kg,kg,0.26
2025-02-01,0.26,Maize,Central African Republic,Bangui,RETAIL,Kg,kg,0.26
2025-03-01,0.4,Maize,Central African Republic,Bangui,RETAIL,Kg,kg,0.4
2025-04-01,0.46,Maize,Central African Republic,Bangui,RETAIL,Kg,kg,0.46
2025-05-01,0.56,Maize,Central African Republic,Bangui,RETAIL,Kg,kg,0.56
2025-06-01,0.57,Maize,Central African Republic,Bangui,RETAIL,Kg,kg,0.57
2025-07-01,0.55,Maize,Central African Republic,Bangui,RETAIL,Kg,kg,0.55
2025-08-01,0.58,Maize,Central African Republic,Bangui,RETAIL,Kg,kg,0.58
2018-11-01,0.37,Maize,Central African Republic,Batangafo,RETAIL,Kg,kg,0.37
2018-12-01,0.3,Maize,Central African Republic,Batangafo,RETAIL,Kg,kg,0.3
2019-01-01,0.4,Maize,Central African Republic,Batangafo,RETAIL,Kg,kg,0.4
2019-02-01,0.47,Maize,Central African Republic,Batangafo,RETAIL,Kg,kg,0.47
2019-03-01,0.51,Maize,Central African Republic,Batangafo,RETAIL,Kg,kg,0.51
2019-04-01,,Maize,Central African Republic,Batangafo,RETAIL,Kg,kg,
2019-05-01,0.32,Maize,Central African Republic,Batangafo,RETAIL,Kg,kg,0.32
2019-06-01,0.65,Maize,Central African Republic,Batangafo,RETAIL,Kg,kg,0.65
2019-07-01,0.65,Maize,Central African Republic,Batangafo,RETAIL,Kg,kg,0.65
2019-08-01,0.32,Maize,Central African Republic,Batangafo,RETAIL,Kg,kg,0.32
2019-09-01,0.76,Maize,Central African Republic,Batangafo,RETAIL,Kg,kg,0.76
2019-10-01,0.64,Maize,Central African Republic,Batangafo,RETAIL,Kg,kg,0.64
2019-11-01,0.32,Maize,Central African Republic,Batangafo,RETAIL,Kg,kg,0.32
2019-12-01,0.16,Maize,Central African Republic,Batangafo,RETAIL,Kg,kg,0.16
2020-01-01,0.16,Maize,Central African Republic,Batangafo,RETAIL,Kg,kg,0.16
2020-02-01,0.18,Maize,Central African Republic,Batangafo,RETAIL,Kg,kg,0.18
2020-03-01,0.32,Maize,Central African Republic,Batangafo,RETAIL,Kg,kg,0.32
2020-04-01,0.5,Maize,Central African Republic,Batangafo,RETAIL,Kg,kg,0.5
2020-05-01,0.47,Maize,Central African Republic,Batangafo,RETAIL,Kg,kg,0.47
2020-06-01,0.32,Maize,Central African Republic,Batangafo,RETAIL,Kg,kg,0.32
2020-07-01,0.5,Maize,Central African Republic,Batangafo,RETAIL,Kg,kg,0.5
2020-08-01,0.46,Maize,Central African Republic,Batangafo,RETAIL,Kg,kg,0.46
2020-09-01,0.39,Maize,Central African Republic,Batangafo,RETAIL,Kg,kg,0.39
2020-10-01,0.29,Maize,Central African Republic,Batangafo,RETAIL,Kg,kg,0.29
2020-11-01,0.27,Maize,Central African Republic,Batangafo,RETAIL,Kg,kg,0.27
2020-12-01,0.2,Maize,Central African Republic,Batangafo,RETAIL,Kg,kg,0.2
2021-01-01,0.3,Maize,Central African Republic,Batangafo,RETAIL,Kg,kg,0.3
2021-02-01,0.3,Maize,Central African Republic,Batangafo,RETAIL,Kg,kg,0.3
2021-03-01,0.29,Maize,Central African Republic,Batangafo,RETAIL,Kg,kg,0.29
2021-04-01,0.35,Maize,Central African Republic,Batangafo,RETAIL,Kg,kg,0.35
2021-05-01,0.4,Maize,Central African Republic,Batangafo,RETAIL,Kg,kg,0.4
2021-06-01,,Maize,Central African Republic,Batangafo,RETAIL,Kg,kg,
2021-07-01,0.34,Maize,Central African Republic,Batangafo,RETAIL,Kg,kg,0.34
2021-08-01,0.29,Maize,Central African Republic,Batangafo,RETAIL,Kg,kg,0.29
2021-09-01,0.24,Maize,Central African Republic,Batangafo,RETAIL,Kg,kg,0.24
2021-10-01,0.19,Maize,Central African Republic,Batangafo,RETAIL,Kg,kg,0.19
2021-11-01,,Maize,Central African Republic,Batangafo,RETAIL,Kg,kg,
2021-12-01,,Maize,Central African Republic,Batangafo,RETAIL,Kg,kg,
2022-01-01,0.28,Maize,Central African Republic,Batangafo,RETAIL,Kg,kg,0.28
2022-02-01,0.33,Maize,Central African Republic,Batangafo,RETAIL,Kg,kg,0.33
2022-03-01,0.32,Maize,Central African Republic,Batangafo,RETAIL,Kg,kg,0.32
2022-04-01,0.45,Maize,Central African Republic,Batangafo,RETAIL,Kg,kg,0.45
2022-05-01,0.44,Maize,Central African Republic,Batangafo,RETAIL,Kg,kg,0.44
2022-06-01,0.39,Maize,Central African Republic,Batangafo,RETAIL,Kg,kg,0.39
2022-07-01,0.47,Maize,Central African Republic,Batangafo,RETAIL,Kg,kg,0.47
2022-08-01,0.42,Maize,Central African Republic,Batangafo,RETAIL,Kg,kg,0.42
2022-09-01,0.35,Maize,Central African Republic,Batangafo,RETAIL,Kg,kg,0.35
2022-10-01,0.28,Maize,Central African Republic,Batangafo,RETAIL,Kg,kg,0.28
2022-11-01,0.29,Maize,Central African Republic,Batangafo,RETAIL,Kg,kg,0.29
2022-12-01,0.35,Maize,Central African Republic,Batangafo,RETAIL,Kg,kg,0.35
2023-01-01,0.35,Maize,Central African Republic,Batangafo,RETAIL,Kg,kg,0.35
2023-02-01,0.38,Maize,Central African Republic,Batangafo,RETAIL,Kg,kg,0.38
2023-03-01,,Maize,Central African Republic,Batangafo,RETAIL,Kg,kg,
2023-04-01,0.45,Maize,Central African Republic,Batangafo,RETAIL,Kg,kg,0.45
2023-05-01,0.54,Maize,Central African Republic,Batangafo,RETAIL,Kg,kg,0.54
2023-06-01,0.54,Maize,Central African Republic,Batangafo,RETAIL,Kg,kg,0.54
2023-07-01,,Maize,Central African Republic,Batangafo,RETAIL,Kg,kg,
2023-08-01,0.36,Maize,Central African Republic,Batangafo,RETAIL,Kg,kg,0.36
2023-09-01,0.35,Maize,Central African Republic,Batangafo,RETAIL,Kg,kg,0.35
2023-10-01,0.33,Maize,Central African Republic,Batangafo,RETAIL,Kg,kg,0.33
2023-11-01,0.27,Maize,Central African Republic,Batangafo,RETAIL,Kg,kg,0.27
2023-12-01,0.25,Maize,Central African Republic,Batangafo,RETAIL,Kg,kg,0.25
2024-01-01,0.36,Maize,Central African Republic,Batangafo,RETAIL,Kg,kg,0.36
2024-02-01,0.4,Maize,Central African Republic,Batangafo,RETAIL,Kg,kg,0.4
2024-03-01,0.31,Maize,Central African Republic,Batangafo,RETAIL,Kg,kg,0.31
2024-04-01,0.4,Maize,Central African Republic,Batangafo,RETAIL,Kg,kg,0.4
2024-05-01,0.45,Maize,Central African Republic,Batangafo,RETAIL,Kg,kg,0.45
2024-06-01,0.53,Maize,Central African Republic,Batangafo,RETAIL,Kg,kg,0.53
2024-07-01,0.54,Maize,Central African Republic,Batangafo,RETAIL,Kg,kg,0.54
2024-08-01,0.45,Maize,Central African Republic,Batangafo,RETAIL,Kg,kg,0.45
2024-09-01,0.46,Maize,Central African Republic,Batangafo,RETAIL,Kg,kg,0.46
2024-10-01,0.4,Maize,Central African Republic,Batangafo,RETAIL,Kg,kg,0.4
2024-11-01,0.35,Maize,Central African Republic,Batangafo,RETAIL,Kg,kg,0.35
2024-12-01,0.28,Maize,Central African Republic,Batangafo,RETAIL,Kg,kg,0.28
2025-01-01,0.3,Maize,Central African Republic,Batangafo,RETAIL,Kg,kg,0.3
2025-02-01,0.3,Maize,Central African Republic,Batangafo,RETAIL,Kg,kg,0.3
2025-03-01,0.4,Maize,Central African Republic,Batangafo,RETAIL,Kg,kg,0.4
2025-04-01,0.28,Maize,Central African Republic,Batangafo,RETAIL,Kg,kg,0.28
2025-05-01,0.4,Maize,Central African Republic,Batangafo,RETAIL,Kg,kg,0.4
2025-06-01,0.38,Maize,Central African Republic,Batangafo,RETAIL,Kg,kg,0.38
2025-07-01,0.38,Maize,Central African Republic,Batangafo,RETAIL,Kg,kg,0.38
2025-08-01,0.41,Maize,Central African Republic,Batangafo,RETAIL,Kg,kg,0.41
2016-09-01,0.39,Maize,Central African Republic,Berbérati,RETAIL,Kg,kg,0.39
2016-10-01,,Maize,Central African Republic,Berbérati,RETAIL,Kg,kg,
2016-11-01,0.36,Maize,Central African Republic,Berbérati,RETAIL,Kg,kg,0.36
2016-12-01,0.43,Maize,Central African Republic,Berbérati,RETAIL,Kg,kg,0.43
2017-01-01,0.52,Maize,Central African Republic,Berbérati,RETAIL,Kg,kg,0.52
2017-02-01,0.39,Maize,Central African Republic,Berbérati,RETAIL,Kg,kg,0.39
2017-03-01,0.44,Maize,Central African Republic,Berbérati,RETAIL,Kg,kg,0.44
2017-04-01,0.43,Maize,Central African Republic,Berbérati,RETAIL,Kg,kg,0.43
2017-05-01,0.71,Maize,Central African Republic,Berbérati,RETAIL,Kg,kg,0.71
2017-06-01,0.74,Maize,Central African Republic,Berbérati,RETAIL,Kg,kg,0.74
2017-07-01,0.66,Maize,Central African Republic,Berbérati,RETAIL,Kg,kg,0.66
2017-08-01,0.78,Maize,Central African Republic,Berbérati,RETAIL,Kg,kg,0.78
2017-09-01,0.29,Maize,Central African Republic,Berbérati,RETAIL,Kg,kg,0.29
2017-10-01,0.24,Maize,Central African Republic,Berbérati,RETAIL,Kg,kg,0.24
2017-11-01,0.48,Maize,Central African Republic,Berbérati,RETAIL,Kg,kg,0.48
2017-12-01,0.49,Maize,Central African Republic,Berbérati,RETAIL,Kg,kg,0.49
2018-01-01,0.4,Maize,Central African Republic,Berbérati,RETAIL,Kg,kg,0.4
2018-02-01,0.25,Maize,Central African Republic,Berbérati,RETAIL,Kg,kg,0.25
2018-03-01,0.51,Maize,Central African Republic,Berbérati,RETAIL,Kg,kg,0.51
2018-04-01,0.46,Maize,Central African Republic,Berbérati,RETAIL,Kg,kg,0.46
2018-05-01,0.78,Maize,Central African Republic,Berbérati,RETAIL,Kg,kg,0.78
2018-06-01,0.48,Maize,Central African Republic,Berbérati,RETAIL,Kg,kg,0.48
2018-07-01,0.39,Maize,Central African Republic,Berbérati,RETAIL,Kg,kg,0.39
2018-08-01,0.33,Maize,Central African Republic,Berbérati,RETAIL,Kg,kg,0.33
2018-09-01,0.38,Maize,Central African Republic,Berbérati,RETAIL,Kg,kg,0.38
2018-10-01,,Maize,Central African Republic,Berbérati,RETAIL,Kg,kg,
2018-11-01,0.37,Maize,Central African Republic,Berbérati,RETAIL,Kg,kg,0.37
2018-12-01,0.38,Maize,Central African Republic,Berbérati,RETAIL,Kg,kg,0.38
2019-01-01,0.42,Maize,Central African Republic,Berbérati,RETAIL,Kg,kg,0.42
2019-02-01,0.47,Maize,Central African Republic,Berbérati,RETAIL,Kg,kg,0.47
2019-03-01,0.51,Maize,Central African Republic,Berbérati,RETAIL,Kg,kg,0.51
2019-04-01,0.46,Maize,Central African Republic,Berbérati,RETAIL,Kg,kg,0.46
2019-05-01,0.46,Maize,Central African Republic,Berbérati,RETAIL,Kg,kg,0.46
2019-06-01,0.46,Maize,Central African Republic,Berbérati,RETAIL,Kg,kg,0.46
2019-07-01,0.37,Maize,Central African Republic,Berbérati,RETAIL,Kg,kg,0.37
2019-08-01,0.32,Maize,Central African Republic,Berbérati,RETAIL,Kg,kg,0.32
2019-09-01,0.32,Maize,Central African Republic,Berbérati,RETAIL,Kg,kg,0.32
2019-10-01,0.27,Maize,Central African Republic,Berbérati,RETAIL,Kg,kg,0.27
2019-11-01,0.27,Maize,Central African Republic,Berbérati,RETAIL,Kg,kg,0.27
2019-12-01,0.37,Maize,Central African Republic,Berbérati,RETAIL,Kg,kg,0.37
2020-01-01,0.32,Maize,Central African Republic,Berbérati,RETAIL,Kg,kg,0.32
2020-02-01,0.36,Maize,Central African Republic,Berbérati,RETAIL,Kg,kg,0.36
2020-03-01,0.36,Maize,Central African Republic,Berbérati,RETAIL,Kg,kg,0.36
2020-04-01,0.45,Maize,Central African Republic,Berbérati,RETAIL,Kg,kg,0.45
2020-05-01,0.44,Maize,Central African Republic,Berbérati,RETAIL,Kg,kg,0.44
2020-06-01,0.46,Maize,Central African Republic,Berbérati,RETAIL,Kg,kg,0.46
2020-07-01,0.56,Maize,Central African Republic,Berbérati,RETAIL,Kg,kg,0.56
2020-08-01,0.39,Maize,Central African Republic,Berbérati,RETAIL,Kg,kg,0.39
2020-09-01,0.29,Maize,Central African Republic,Berbérati,RETAIL,Kg,kg,0.29
2020-10-01,0.24,Maize,Central African Republic,Berbérati,RETAIL,Kg,kg,0.24
2020-11-01,0.24,Maize,Central African Republic,Berbérati,RETAIL,Kg,kg,0.24
2020-12-01,0.25,Maize,Central African Republic,Berbérati,RETAIL,Kg,kg,0.25
2021-01-01,0.28,Maize,Central African Republic,Berbérati,RETAIL,Kg,kg,0.28
2021-02-01,0.3,Maize,Central African Republic,Berbérati,RETAIL,Kg,kg,0.3
2021-03-01,0.29,Maize,Central African Republic,Berbérati,RETAIL,Kg,kg,0.29
2021-04-01,0.35,Maize,Central African Republic,Berbérati,RETAIL,Kg,kg,0.35
2021-05-01,0.4,Maize,Central African Republic,Berbérati,RETAIL,Kg,kg,0.4
2021-06-01,,Maize,Central African Republic,Berbérati,RETAIL,Kg,kg,
2021-07-01,0.34,Maize,Central African Republic,Berbérati,RETAIL,Kg,kg,0.34
2021-08-01,0.29,Maize,Central African Republic,Berbérati,RETAIL,Kg,kg,0.29
2021-09-01,0.29,Maize,Central African Republic,Berbérati,RETAIL,Kg,kg,0.29
2021-10-01,0.24,Maize,Central African Republic,Berbérati,RETAIL,Kg,kg,0.24
2021-11-01,0.23,Maize,Central African Republic,Berbérati,RETAIL,Kg,kg,0.23
2021-12-01,0.28,Maize,Central African Republic,Berbérati,RETAIL,Kg,kg,0.28
2022-01-01,0.33,Maize,Central African Republic,Berbérati,RETAIL,Kg,kg,0.33
2022-02-01,0.37,Maize,Central African Republic,Berbérati,RETAIL,Kg,kg,0.37
2022-03-01,0.36,Maize,Central African Republic,Berbérati,RETAIL,Kg,kg,0.36
2022-04-01,0.36,Maize,Central African Republic,Berbérati,RETAIL,Kg,kg,0.36
2022-05-01,0.39,Maize,Central African Republic,Berbérati,RETAIL,Kg,kg,0.39
2022-06-01,0.3,Maize,Central African Republic,Berbérati,RETAIL,Kg,kg,0.3
2022-07-01,0.42,Maize,Central African Republic,Berbérati,RETAIL,Kg,kg,0.42
2022-08-01,0.38,Maize,Central African Republic,Berbérati,RETAIL,Kg,kg,0.38
2022-09-01,0.29,Maize,Central African Republic,Berbérati,RETAIL,Kg,kg,0.29
2022-10-01,0.28,Maize,Central African Republic,Berbérati,RETAIL,Kg,kg,0.28
2022-11-01,0.25,Maize,Central African Republic,Berbérati,RETAIL,Kg,kg,0.25
2022-12-01,0.22,Maize,Central African Republic,Berbérati,RETAIL,Kg,kg,0.22
2023-01-01,0.31,Maize,Central African Republic,Berbérati,RETAIL,Kg,kg,0.31
2023-02-01,0.35,Maize,Central African Republic,Berbérati,RETAIL,Kg,kg,0.35
2023-03-01,0.35,Maize,Central African Republic,Berbérati,RETAIL,Kg,kg,0.35
2023-04-01,0.36,Maize,Central African Republic,Berbérati,RETAIL,Kg,kg,0.36
2023-05-01,0.45,Maize,Central African Republic,Berbérati,RETAIL,Kg,kg,0.45
2023-06-01,0.47,Maize,Central African Republic,Berbérati,RETAIL,Kg,kg,0.47
2023-07-01,,Maize,Central African Republic,Berbérati,RETAIL,Kg,kg,
2023-08-01,0.4,Maize,Central African Republic,Berbérati,RETAIL,Kg,kg,0.4
2023-09-01,0.35,Maize,Central African Republic,Berbérati,RETAIL,Kg,kg,0.35
2023-10-01,0.28,Maize,Central African Republic,Berbérati,RETAIL,Kg,kg,0.28
2023-11-01,0.31,Maize,Central African Republic,Berbérati,RETAIL,Kg,kg,0.31
2023-12-01,0.29,Maize,Central African Republic,Berbérati,RETAIL,Kg,kg,0.29
2024-01-01,0.27,Maize,Central African Republic,Berbérati,RETAIL,Kg,kg,0.27
2024-02-01,0.29,Maize,Central African Republic,Berbérati,RETAIL,Kg,kg,0.29
2024-03-01,0.31,Maize,Central African Republic,Berbérati,RETAIL,Kg,kg,0.31
2024-04-01,0.35,Maize,Central African Republic,Berbérati,RETAIL,Kg,kg,0.35
2024-05-01,0.42,Maize,Central African Republic,Berbérati,RETAIL,Kg,kg,0.42
2024-06-01,0.44,Maize,Central African Republic,Berbérati,RETAIL,Kg,kg,0.44
2024-07-01,0.49,Maize,Central African Republic,Berbérati,RETAIL,Kg,kg,0.49
2024-08-01,0.36,Maize,Central African Republic,Berbérati,RETAIL,Kg,kg,0.36
2024-09-01,0.37,Maize,Central African Republic,Berbérati,RETAIL,Kg,kg,0.37
2024-10-01,0.31,Maize,Central African Republic,Berbérati,RETAIL,Kg,kg,0.31
2024-11-01,0.26,Maize,Central African Republic,Berbérati,RETAIL,Kg,kg,0.26
2024-12-01,0.3,Maize,Central African Republic,Berbérati,RETAIL,Kg,kg,0.3
2025-01-01,0.26,Maize,Central African Republic,Berbérati,RETAIL,Kg,kg,0.26
2025-02-01,0.26,Maize,Central African Republic,Berbérati,RETAIL,Kg,kg,0.26
2025-03-01,0.31,Maize,Central African Republic,Berbérati,RETAIL,Kg,kg,0.31
2025-04-01,0.37,Maize,Central African Republic,Berbérati,RETAIL,Kg,kg,0.37
2025-05-01,0.46,Maize,Central African Republic,Berbérati,RETAIL,Kg,kg,0.46
2025-06-01,0.47,Maize,Central African Republic,Berbérati,RETAIL,Kg,kg,0.47
2025-07-01,0.43,Maize,Central African Republic,Berbérati,RETAIL,Kg,kg,0.43
2025-08-01,0.38,Maize,Central African Republic,Berbérati,RETAIL,Kg,kg,0.38
2018-11-01,0.33,Maize,Central African Republic,Birao,RETAIL,Kg,kg,0.33
2018-12-01,,Maize,Central African Republic,Birao,RETAIL,Kg,kg,
2019-01-01,,Maize,Central African Republic,Birao,RETAIL,Kg,kg,
2019-02-01,,Maize,Central African Republic,Birao,RETAIL,Kg,kg,
2019-03-01,,Maize,Central African Republic,Birao,RETAIL,Kg,kg,
2019-04-01,,Maize,Central African Republic,Birao,RETAIL,Kg,kg,
2019-05-01,,Maize,Central African Republic,Birao,RETAIL,Kg,kg,
2019-06-01,,Maize,Central African Republic,Birao,RETAIL,Kg,kg,
2019-07-01,,Maize,Central African Republic,Birao,RETAIL,Kg,kg,
2019-08-01,,Maize,Central African Republic,Birao,RETAIL,Kg,kg,
2019-09-01,,Maize,Central African Republic,Birao,RETAIL,Kg,kg,
2019-10-01,,Maize,Central African Republic,Birao,RETAIL,Kg,kg,
2019-11-01,,Maize,Central African Republic,Birao,RETAIL,Kg,kg,
2019-12-01,,Maize,Central African Republic,Birao,RETAIL,Kg,kg,
2020-01-01,,Maize,Central African Republic,Birao,RETAIL,Kg,kg,
2020-02-01,,Maize,Central African Republic,Birao,RETAIL,Kg,kg,
2020-03-01,,Maize,Central African Republic,Birao,RETAIL,Kg,kg,
2020-04-01,,Maize,Central African Republic,Birao,RETAIL,Kg,kg,
2020-05-01,,Maize,Central African Republic,Birao,RETAIL,Kg,kg,
2020-06-01,0.65,Maize,Central African Republic,Birao,RETAIL,Kg,kg,0.65
2020-07-01,0.41,Maize,Central African Republic,Birao,RETAIL,Kg,kg,0.41
2020-08-01,,Maize,Central African Republic,Birao,RETAIL,Kg,kg,
2020-09-01,,Maize,Central African Republic,Birao,RETAIL,Kg,kg,
2020-10-01,,Maize,Central African Republic,Birao,RETAIL,Kg,kg,
2020-11-01,,Maize,Central African Republic,Birao,RETAIL,Kg,kg,
2020-12-01,,Maize,Central African Republic,Birao,RETAIL,Kg,kg,
2021-01-01,,Maize,Central African Republic,Birao,RETAIL,Kg,kg,
2021-02-01,,Maize,Central African Republic,Birao,RETAIL,Kg,kg,
2021-03-01,,Maize,Central African Republic,Birao,RETAIL,Kg,kg,
2021-04-01,,Maize,Central African Republic,Birao,RETAIL,Kg,kg,
2021-05-01,,Maize,Central African Republic,Birao,RETAIL,Kg,kg,
2021-06-01,,Maize,Central African Republic,Birao,RETAIL,Kg,kg,
2021-07-01,,Maize,Central African Republic,Birao,RETAIL,Kg,kg,
2021-08-01,,Maize,Central African Republic,Birao,RETAIL,Kg,kg,
2021-09-01,,Maize,Central African Republic,Birao,RETAIL,Kg,kg,
2021-10-01,,Maize,Central African Republic,Birao,RETAIL,Kg,kg,
2021-11-01,0.28,Maize,Central African Republic,Birao,RETAIL,Kg,kg,0.28
2021-12-01,0.33,Maize,Central African Republic,Birao,RETAIL,Kg,kg,0.33
2022-01-01,0.37,Maize,Central African Republic,Birao,RETAIL,Kg,kg,0.37
2022-02-01,0.37,Maize,Central African Republic,Birao,RETAIL,Kg,kg,0.37
2022-03-01,0.36,Maize,Central African Republic,Birao,RETAIL,Kg,kg,0.36
2022-04-01,,Maize,Central African Republic,Birao,RETAIL,Kg,kg,
2022-05-01,,Maize,Central African Republic,Birao,RETAIL,Kg,kg,
2022-06-01,,Maize,Central African Republic,Birao,RETAIL,Kg,kg,
2022-07-01,,Maize,Central African Republic,Birao,RETAIL,Kg,kg,
2022-08-01,,Maize,Central African Republic,Birao,RETAIL,Kg,kg,
2022-09-01,,Maize,Central African Republic,Birao,RETAIL,Kg,kg,
2022-10-01,,Maize,Central African Republic,Birao,RETAIL,Kg,kg,
2022-11-01,,Maize,Central African Republic,Birao,RETAIL,Kg,kg,
2022-12-01,0.68,Maize,Central African Republic,Birao,RETAIL,Kg,kg,0.68
2023-01-01,0.53,Maize,Central African Republic,Birao,RETAIL,Kg,kg,0.53
2023-02-01,0.71,Maize,Central African Republic,Birao,RETAIL,Kg,kg,0.71
2023-03-01,0.77,Maize,Central African Republic,Birao,RETAIL,Kg,kg,0.77
2023-04-01,0.81,Maize,Central African Republic,Birao,RETAIL,Kg,kg,0.81
2023-05-01,0.81,Maize,Central African Republic,Birao,RETAIL,Kg,kg,0.81
2023-06-01,0.89,Maize,Central African Republic,Birao,RETAIL,Kg,kg,0.89
2023-07-01,,Maize,Central African Republic,Birao,RETAIL,Kg,kg,
2023-08-01,,Maize,Central African Republic,Birao,RETAIL,Kg,kg,
2023-09-01,0.62,Maize,Central African Republic,Birao,RETAIL,Kg,kg,0.62
2023-10-01,0.65,Maize,Central African Republic,Birao,RETAIL,Kg,kg,0.65
2023-11-01,0.53,Maize,Central African Republic,Birao,RETAIL,Kg,kg,0.53
2023-12-01,,Maize,Central African Republic,Birao,RETAIL,Kg,kg,
2024-01-01,0.58,Maize,Central African Republic,Birao,RETAIL,Kg,kg,0.58
2024-02-01,0.53,Maize,Central African Republic,Birao,RETAIL,Kg,kg,0.53
2024-03-01,0.65,Maize,Central African Republic,Birao,RETAIL,Kg,kg,0.65
2024-04-01,0.66,Maize,Central African Republic,Birao,RETAIL,Kg,kg,0.66
2024-05-01,0.71,Maize,Central African Republic,Birao,RETAIL,Kg,kg,0.71
2024-06-01,0.69,Maize,Central African Republic,Birao,RETAIL,Kg,kg,0.69
2024-07-01,0.89,Maize,Central African Republic,Birao,RETAIL,Kg,kg,0.89
2024-08-01,0.82,Maize,Central African Republic,Birao,RETAIL,Kg,kg,0.82
2024-09-01,0.87,Maize,Central African Republic,Birao,RETAIL,Kg,kg,0.87
2024-10-01,0.9,Maize,Central African Republic,Birao,RETAIL,Kg,kg,0.9
2024-11-01,0.79,Maize,Central African Republic,Birao,RETAIL,Kg,kg,0.79
2024-12-01,0.54,Maize,Central African Republic,Birao,RETAIL,Kg,kg,0.54
2025-01-01,0.53,Maize,Central African Republic,Birao,RETAIL,Kg,kg,0.53
2025-02-01,0.54,Maize,Central African Republic,Birao,RETAIL,Kg,kg,0.54
2025-03-01,0.58,Maize,Central African Republic,Birao,RETAIL,Kg,kg,0.58
2025-04-01,0.69,Maize,Central African Republic,Birao,RETAIL,Kg,kg,0.69
2025-05-01,0.74,Maize,Central African Republic,Birao,RETAIL,Kg,kg,0.74
2025-06-01,0.9,Maize,Central African Republic,Birao,RETAIL,Kg,kg,0.9
2025-07-01,0.77,Maize,Central African Republic,Birao,RETAIL,Kg,kg,0.77
2025-08-01,0.74,Maize,Central African Republic,Birao,RETAIL,Kg,kg,0.74
2014-12-01,0.13,Maize,Central African Republic,Bossangoa,RETAIL,Kg,kg,0.13
2015-01-01,0.13,Maize,Central African Republic,Bossangoa,RETAIL,Kg,kg,0.13
2015-02-01,0.13,Maize,Central African Republic,Bossangoa,RETAIL,Kg,kg,0.13
2015-03-01,0.12,Maize,Central African Republic,Bossangoa,RETAIL,Kg,kg,0.12
2015-04-01,0.12,Maize,Central African Republic,Bossangoa,RETAIL,Kg,kg,0.12
2015-05-01,0.21,Maize,Central African Republic,Bossangoa,RETAIL,Kg,kg,0.21
2015-06-01,0.2,Maize,Central African Republic,Bossangoa,RETAIL,Kg,kg,0.2
2015-07-01,,Maize,Central African Republic,Bossangoa,RETAIL,Kg,kg,
2015-08-01,,Maize,Central African Republic,Bossangoa,RETAIL,Kg,kg,
2015-09-01,,Maize,Central African Republic,Bossangoa,RETAIL,Kg,kg,
2015-10-01,,Maize,Central African Republic,Bossangoa,RETAIL,Kg,kg,
2015-11-01,,Maize,Central African Republic,Bossangoa,RETAIL,Kg,kg,
2015-12-01,,Maize,Central African Republic,Bossangoa,RETAIL,Kg,kg,
2016-01-01,,Maize,Central African Republic,Bossangoa,RETAIL,Kg,kg,
2016-02-01,,Maize,Central African Republic,Bossangoa,RETAIL,Kg,kg,
2016-03-01,,Maize,Central African Republic,Bossangoa,RETAIL,Kg,kg,
2016-04-01,,Maize,Central African Republic,Bossangoa,RETAIL,Kg,kg,
2016-05-01,,Maize,Central African Republic,Bossangoa,RETAIL,Kg,kg,
2016-06-01,,Maize,Central African Republic,Bossangoa,RETAIL,Kg,kg,
2016-07-01,,Maize,Central African Republic,Bossangoa,RETAIL,Kg,kg,
2016-08-01,,Maize,Central African Republic,Bossangoa,RETAIL,Kg,kg,
2016-09-01,,Maize,Central African Republic,Bossangoa,RETAIL,Kg,kg,
2016-10-01,,Maize,Central African Republic,Bossangoa,RETAIL,Kg,kg,
2016-11-01,,Maize,Central African Republic,Bossangoa,RETAIL,Kg,kg,
2016-12-01,,Maize,Central African Republic,Bossangoa,RETAIL,Kg,kg,
2017-01-01,,Maize,Central African Republic,Bossangoa,RETAIL,Kg,kg,
2017-02-01,,Maize,Central African Republic,Bossangoa,RETAIL,Kg,kg,
2017-03-01,,Maize,Central African Republic,Bossangoa,RETAIL,Kg,kg,
2017-04-01,,Maize,Central African Republic,Bossangoa,RETAIL,Kg,kg,
2017-05-01,,Maize,Central African Republic,Bossangoa,RETAIL,Kg,kg,
2017-06-01,0.62,Maize,Central African Republic,Bossangoa,RETAIL,Kg,kg,0.62
2017-07-01,0.38,Maize,Central African Republic,Bossangoa,RETAIL,Kg,kg,0.38
2017-08-01,,Maize,Central African Republic,Bossangoa,RETAIL,Kg,kg,
2017-09-01,,Maize,Central African Republic,Bossangoa,RETAIL,Kg,kg,
2017-10-01,,Maize,Central African Republic,Bossangoa,RETAIL,Kg,kg,
2017-11-01,0.19,Maize,Central African Republic,Bossangoa,RETAIL,Kg,kg,0.19
2017-12-01,0.2,Maize,Central African Republic,Bossangoa,RETAIL,Kg,kg,0.2
2018-01-01,0.25,Maize,Central African Republic,Bossangoa,RETAIL,Kg,kg,0.25
2018-02-01,0.25,Maize,Central African Republic,Bossangoa,RETAIL,Kg,kg,0.25
2018-03-01,0.3,Maize,Central African Republic,Bossangoa,RETAIL,Kg,kg,0.3
2018-04-01,0.27,Maize,Central African Republic,Bossangoa,RETAIL,Kg,kg,0.27
2018-05-01,0.34,Maize,Central African Republic,Bossangoa,RETAIL,Kg,kg,0.34
2018-06-01,0.19,Maize,Central African Republic,Bossangoa,RETAIL,Kg,kg,0.19
2018-07-01,0.24,Maize,Central African Republic,Bossangoa,RETAIL,Kg,kg,0.24
2018-08-01,0.29,Maize,Central African Republic,Bossangoa,RETAIL,Kg,kg,0.29
2018-09-01,0.29,Maize,Central African Republic,Bossangoa,RETAIL,Kg,kg,0.29
2018-10-01,0.17,Maize,Central African Republic,Bossangoa,RETAIL,Kg,kg,0.17
2018-11-01,,Maize,Central African Republic,Bossangoa,RETAIL,Kg,kg,
2018-12-01,0.19,Maize,Central African Republic,Bossangoa,RETAIL,Kg,kg,0.19
2019-01-01,0.23,Maize,Central African Republic,Bossangoa,RETAIL,Kg,kg,0.23
2019-02-01,0.23,Maize,Central African Republic,Bossangoa,RETAIL,Kg,kg,0.23
2019-03-01,0.23,Maize,Central African Republic,Bossangoa,RETAIL,Kg,kg,0.23
2019-04-01,0.23,Maize,Central African Republic,Bossangoa,RETAIL,Kg,kg,0.23
2019-05-01,0.28,Maize,Central African Republic,Bossangoa,RETAIL,Kg,kg,0.28
2019-06-01,0.28,Maize,Central African Republic,Bossangoa,RETAIL,Kg,kg,0.28
2019-07-01,0.28,Maize,Central African Republic,Bossangoa,RETAIL,Kg,kg,0.28
2019-08-01,0.32,Maize,Central African Republic,Bossangoa,RETAIL,Kg,kg,0.32
2019-09-01,0.23,Maize,Central African Republic,Bossangoa,RETAIL,Kg,kg,0.23
2019-10-01,0.18,Maize,Central African Republic,Bossangoa,RETAIL,Kg,kg,0.18
2019-11-01,0.18,Maize,Central African Republic,Bossangoa,RETAIL,Kg,kg,0.18
2019-12-01,0.18,Maize,Central African Republic,Bossangoa,RETAIL,Kg,kg,0.18
2020-01-01,0.23,Maize,Central African Republic,Bossangoa,RETAIL,Kg,kg,0.23
2020-02-01,0.27,Maize,Central African Republic,Bossangoa,RETAIL,Kg,kg,0.27
2020-03-01,0.27,Maize,Central African Republic,Bossangoa,RETAIL,Kg,kg,0.27
2020-04-01,0.32,Maize,Central African Republic,Bossangoa,RETAIL,Kg,kg,0.32
2020-05-01,0.28,Maize,Central African Republic,Bossangoa,RETAIL,Kg,kg,0.28
2020-06-01,0.16,Maize,Central African Republic,Bossangoa,RETAIL,Kg,kg,0.16
2020-07-01,0.26,Maize,Central African Republic,Bossangoa,RETAIL,Kg,kg,0.26
2020-08-01,0.29,Maize,Central African Republic,Bossangoa,RETAIL,Kg,kg,0.29
2020-09-01,0.29,Maize,Central African Republic,Bossangoa,RETAIL,Kg,kg,0.29
2020-10-01,0.19,Maize,Central African Republic,Bossangoa,RETAIL,Kg,kg,0.19
2020-11-01,0.19,Maize,Central African Republic,Bossangoa,RETAIL,Kg,kg,0.19
2020-12-01,0.18,Maize,Central African Republic,Bossangoa,RETAIL,Kg,kg,0.18
2021-01-01,0.25,Maize,Central African Republic,Bossangoa,RETAIL,Kg,kg,0.25
2021-02-01,0.3,Maize,Central African Republic,Bossangoa,RETAIL,Kg,kg,0.3
2021-03-01,0.29,Maize,Central African Republic,Bossangoa,RETAIL,Kg,kg,0.29
2021-04-01,0.25,Maize,Central African Republic,Bossangoa,RETAIL,Kg,kg,0.25
2021-05-01,0.28,Maize,Central African Republic,Bossangoa,RETAIL,Kg,kg,0.28
2021-06-01,,Maize,Central African Republic,Bossangoa,RETAIL,Kg,kg,
2021-07-01,0.44,Maize,Central African Republic,Bossangoa,RETAIL,Kg,kg,0.44
2021-08-01,0.39,Maize,Central African Republic,Bossangoa,RETAIL,Kg,kg,0.39
2021-09-01,0.29,Maize,Central African Republic,Bossangoa,RETAIL,Kg,kg,0.29
2021-10-01,,Maize,Central African Republic,Bossangoa,RETAIL,Kg,kg,
2021-11-01,,Maize,Central African Republic,Bossangoa,RETAIL,Kg,kg,
2021-12-01,0.19,Maize,Central African Republic,Bossangoa,RETAIL,Kg,kg,0.19
2022-01-01,0.23,Maize,Central African Republic,Bossangoa,RETAIL,Kg,kg,0.23
2022-02-01,0.28,Maize,Central African Republic,Bossangoa,RETAIL,Kg,kg,0.28
2022-03-01,0.32,Maize,Central African Republic,Bossangoa,RETAIL,Kg,kg,0.32
2022-04-01,0.31,Maize,Central African Republic,Bossangoa,RETAIL,Kg,kg,0.31
2022-05-01,0.3,Maize,Central African Republic,Bossangoa,RETAIL,Kg,kg,0.3
2022-06-01,0.26,Maize,Central African Republic,Bossangoa,RETAIL,Kg,kg,0.26
2022-07-01,0.25,Maize,Central African Republic,Bossangoa,RETAIL,Kg,kg,0.25
2022-08-01,0.25,Maize,Central African Republic,Bossangoa,RETAIL,Kg,kg,0.25
2022-09-01,0.2,Maize,Central African Republic,Bossangoa,RETAIL,Kg,kg,0.2
2022-10-01,0.16,Maize,Central African Republic,Bossangoa,RETAIL,Kg,kg,0.16
2022-11-01,0.15,Maize,Central African Republic,Bossangoa,RETAIL,Kg,kg,0.15
2022-12-01,0.15,Maize,Central African Republic,Bossangoa,RETAIL,Kg,kg,0.15
2023-01-01,0.22,Maize,Central African Republic,Bossangoa,RETAIL,Kg,kg,0.22
2023-02-01,0.22,Maize,Central African Republic,Bossangoa,RETAIL,Kg,kg,0.22
2023-03-01,0.24,Maize,Central African Republic,Bossangoa,RETAIL,Kg,kg,0.24
2023-04-01,0.27,Maize,Central African Republic,Bossangoa,RETAIL,Kg,kg,0.27
2023-05-01,0.31,Maize,Central African Republic,Bossangoa,RETAIL,Kg,kg,0.31
2023-06-01,0.36,Maize,Central African Republic,Bossangoa,RETAIL,Kg,kg,0.36
2023-07-01,,Maize,Central African Republic,Bossangoa,RETAIL,Kg,kg,
2023-08-01,0.27,Maize,Central African Republic,Bossangoa,RETAIL,Kg,kg,0.27
2023-09-01,0.24,Maize,Central African Republic,Bossangoa,RETAIL,Kg,kg,0.24
2023-10-01,0.21,Maize,Central African Republic,Bossangoa,RETAIL,Kg,kg,0.21
2023-11-01,0.22,Maize,Central African Republic,Bossangoa,RETAIL,Kg,kg,0.22
2023-12-01,0.25,Maize,Central African Republic,Bossangoa,RETAIL,Kg,kg,0.25
2024-01-01,0.18,Maize,Central African Republic,Bossangoa,RETAIL,Kg,kg,0.18
2024-02-01,0.18,Maize,Central African Republic,Bossangoa,RETAIL,Kg,kg,0.18
2024-03-01,0.24,Maize,Central African Republic,Bossangoa,RETAIL,Kg,kg,0.24
2024-04-01,0.22,Maize,Central African Republic,Bossangoa,RETAIL,Kg,kg,0.22
2024-05-01,0.22,Maize,Central African Republic,Bossangoa,RETAIL,Kg,kg,0.22
2024-06-01,0.31,Maize,Central African Republic,Bossangoa,RETAIL,Kg,kg,0.31
2024-07-01,0.31,Maize,Central African Republic,Bossangoa,RETAIL,Kg,kg,0.31
2024-08-01,0.32,Maize,Central African Republic,Bossangoa,RETAIL,Kg,kg,0.32
2024-09-01,0.32,Maize,Central African Republic,Bossangoa,RETAIL,Kg,kg,0.32
2024-10-01,0.27,Maize,Central African Republic,Bossangoa,RETAIL,Kg,kg,0.27
2024-11-01,0.23,Maize,Central African Republic,Bossangoa,RETAIL,Kg,kg,0.23
2024-12-01,0.24,Maize,Central African Republic,Bossangoa,RETAIL,Kg,kg,0.24
2025-01-01,0.18,Maize,Central African Republic,Bossangoa,RETAIL,Kg,kg,0.18
2025-02-01,0.14,Maize,Central African Republic,Bossangoa,RETAIL,Kg,kg,0.14
2025-03-01,0.22,Maize,Central African Republic,Bossangoa,RETAIL,Kg,kg,0.22
2025-04-01,0.23,Maize,Central African Republic,Bossangoa,RETAIL,Kg,kg,0.23
2025-05-01,,Maize,Central African Republic,Bossangoa,RETAIL,Kg,kg,
2025-06-01,0.33,Maize,Central African Republic,Bossangoa,RETAIL,Kg,kg,0.33
2025-07-01,0.29,Maize,Central African Republic,Bossangoa,RETAIL,Kg,kg,0.29
2025-08-01,0.36,Maize,Central African Republic,Bossangoa,RETAIL,Kg,kg,0.36
2008-01-01,0.76,Maize,Central African Republic,Bria,RETAIL,Kg,kg,0.76
2008-02-01,0.72,Maize,Central African Republic,Bria,RETAIL,Kg,kg,0.72
2008-03-01,0.65,Maize,Central African Republic,Bria,RETAIL,Kg,kg,0.65
2008-04-01,0.81,Maize,Central African Republic,Bria,RETAIL,Kg,kg,0.81
2008-05-01,0.76,Maize,Central African Republic,Bria,RETAIL,Kg,kg,0.76
2008-06-01,0.8,Maize,Central African Republic,Bria,RETAIL,Kg,kg,0.8
2008-07-01,0.66,Maize,Central African Republic,Bria,RETAIL,Kg,kg,0.66
2008-08-01,0.44,Maize,Central African Republic,Bria,RETAIL,Kg,kg,0.44
2008-09-01,0.49,Maize,Central African Republic,Bria,RETAIL,Kg,kg,0.49
2008-10-01,0.49,Maize,Central African Republic,Bria,RETAIL,Kg,kg,0.49
2008-11-01,0.4,Maize,Central African Republic,Bria,RETAIL,Kg,kg,0.4
2008-12-01,0.5,Maize,Central African Republic,Bria,RETAIL,Kg,kg,0.5
2009-01-01,0.48,Maize,Central African Republic,Bria,RETAIL,Kg,kg,0.48
2009-02-01,0.44,Maize,Central African Republic,Bria,RETAIL,Kg,kg,0.44
2009-03-01,0.39,Maize,Central African Republic,Bria,RETAIL,Kg,kg,0.39
2009-04-01,0.48,Maize,Central African Republic,Bria,RETAIL,Kg,kg,0.48
2009-05-01,0.47,Maize,Central African Republic,Bria,RETAIL,Kg,kg,0.47
2009-06-01,0.51,Maize,Central African Republic,Bria,RETAIL,Kg,kg,0.51
2009-07-01,0.52,Maize,Central African Republic,Bria,RETAIL,Kg,kg,0.52
2009-08-01,0.5,Maize,Central African Republic,Bria,RETAIL,Kg,kg,0.5
2009-09-01,0.43,Maize,Central African Republic,Bria,RETAIL,Kg,kg,0.43
2009-10-01,0.54,Maize,Central African Republic,Bria,RETAIL,Kg,kg,0.54
2009-11-01,0.51,Maize,Central African Republic,Bria,RETAIL,Kg,kg,0.51
2009-12-01,0.53,Maize,Central African Republic,Bria,RETAIL,Kg,kg,0.53
2010-01-01,0.64,Maize,Central African Republic,Bria,RETAIL,Kg,kg,0.64
2010-02-01,0.61,Maize,Central African Republic,Bria,RETAIL,Kg,kg,0.61
2010-03-01,0.61,Maize,Central African Republic,Bria,RETAIL,Kg,kg,0.61
2010-04-01,0.6,Maize,Central African Republic,Bria,RETAIL,Kg,kg,0.6
2010-05-01,0.57,Maize,Central African Republic,Bria,RETAIL,Kg,kg,0.57
2010-06-01,,Maize,Central African Republic,Bria,RETAIL,Kg,kg,
2010-07-01,0.32,Maize,Central African Republic,Bria,RETAIL,Kg,kg,0.32
2010-08-01,0.31,Maize,Central African Republic,Bria,RETAIL,Kg,kg,0.31
2010-09-01,0.48,Maize,Central African Republic,Bria,RETAIL,Kg,kg,0.48
2010-10-01,0.42,Maize,Central African Republic,Bria,RETAIL,Kg,kg,0.42
2010-11-01,0.61,Maize,Central African Republic,Bria,RETAIL,Kg,kg,0.61
2010-12-01,0.6,Maize,Central African Republic,Bria,RETAIL,Kg,kg,0.6
2011-01-01,,Maize,Central African Republic,Bria,RETAIL,Kg,kg,
2011-02-01,,Maize,Central African Republic,Bria,RETAIL,Kg,kg,
2011-03-01,,Maize,Central African Republic,Bria,RETAIL,Kg,kg,
2011-04-01,,Maize,Central African Republic,Bria,RETAIL,Kg,kg,
2011-05-01,,Maize,Central African Republic,Bria,RETAIL,Kg,kg,
2011-06-01,,Maize,Central African Republic,Bria,RETAIL,Kg,kg,
2011-07-01,,Maize,Central African Republic,Bria,RETAIL,Kg,kg,
2011-08-01,,Maize,Central African Republic,Bria,RETAIL,Kg,kg,
2011-09-01,,Maize,Central African Republic,Bria,RETAIL,Kg,kg,
2011-10-01,,Maize,Central African Republic,Bria,RETAIL,Kg,kg,
2011-11-01,,Maize,Central African Republic,Bria,RETAIL,Kg,kg,
2011-12-01,,Maize,Central African Republic,Bria,RETAIL,Kg,kg,
2012-01-01,,Maize,Central African Republic,Bria,RETAIL,Kg,kg,
2012-02-01,,Maize,Central African Republic,Bria,RETAIL,Kg,kg,
2012-03-01,,Maize,Central African Republic,Bria,RETAIL,Kg,kg,
2012-04-01,,Maize,Central African Republic,Bria,RETAIL,Kg,kg,
2012-05-01,,Maize,Central African Republic,Bria,RETAIL,Kg,kg,
2012-06-01,,Maize,Central African Republic,Bria,RETAIL,Kg,kg,
2012-07-01,,Maize,Central African Republic,Bria,RETAIL,Kg,kg,
2012-08-01,,Maize,Central African Republic,Bria,RETAIL,Kg,kg,
2012-09-01,,Maize,Central African Republic,Bria,RETAIL,Kg,kg,
2012-10-01,,Maize,Central African Republic,Bria,RETAIL,Kg,kg,
2012-11-01,,Maize,Central African Republic,Bria,RETAIL,Kg,kg,
2012-12-01,,Maize,Central African Republic,Bria,RETAIL,Kg,kg,
2013-01-01,,Maize,Central African Republic,Bria,RETAIL,Kg,kg,
2013-02-01,,Maize,Central African Republic,Bria,RETAIL,Kg,kg,
2013-03-01,,Maize,Central African Republic,Bria,RETAIL,Kg,kg,
2013-04-01,,Maize,Central African Republic,Bria,RETAIL,Kg,kg,
2013-05-01,,Maize,Central African Republic,Bria,RETAIL,Kg,kg,
2013-06-01,,Maize,Central African Republic,Bria,RETAIL,Kg,kg,
2013-07-01,,Maize,Central African Republic,Bria,RETAIL,Kg,kg,
2013-08-01,,Maize,Central African Republic,Bria,RETAIL,Kg,kg,
2013-09-01,,Maize,Central African Republic,Bria,RETAIL,Kg,kg,
2013-10-01,,Maize,Central African Republic,Bria,RETAIL,Kg,kg,
2013-11-01,,Maize,Central African Republic,Bria,RETAIL,Kg,kg,
2013-12-01,,Maize,Central African Republic,Bria,RETAIL,Kg,kg,
2014-01-01,,Maize,Central African Republic,Bria,RETAIL,Kg,kg,
2014-02-01,,Maize,Central African Republic,Bria,RETAIL,Kg,kg,
2014-03-01,,Maize,Central African Republic,Bria,RETAIL,Kg,kg,
2014-04-01,,Maize,Central African Republic,Bria,RETAIL,Kg,kg,
2014-05-01,,Maize,Central African Republic,Bria,RETAIL,Kg,kg,
2014-06-01,,Maize,Central African Republic,Bria,RETAIL,Kg,kg,
2014-07-01,,Maize,Central African Republic,Bria,RETAIL,Kg,kg,
2014-08-01,,Maize,Central African Republic,Bria,RETAIL,Kg,kg,
2014-09-01,,Maize,Central African Republic,Bria,RETAIL,Kg,kg,
2014-10-01,,Maize,Central African Republic,Bria,RETAIL,Kg,kg,
2014-11-01,,Maize,Central African Republic,Bria,RETAIL,Kg,kg,
2014-12-01,,Maize,Central African Republic,Bria,RETAIL,Kg,kg,
2015-01-01,,Maize,Central African Republic,Bria,RETAIL,Kg,kg,
2015-02-01,,Maize,Central African Republic,Bria,RETAIL,Kg,kg,
2015-03-01,,Maize,Central African Republic,Bria,RETAIL,Kg,kg,
2015-04-01,,Maize,Central African Republic,Bria,RETAIL,Kg,kg,
2015-05-01,,Maize,Central African Republic,Bria,RETAIL,Kg,kg,
2015-06-01,,Maize,Central African Republic,Bria,RETAIL,Kg,kg,
2015-07-01,,Maize,Central African Republic,Bria,RETAIL,Kg,kg,
2015-08-01,,Maize,Central African Republic,Bria,RETAIL,Kg,kg,
2015-09-01,,Maize,Central African Republic,Bria,RETAIL,Kg,kg,
2015-10-01,,Maize,Central African Republic,Bria,RETAIL,Kg,kg,
2015-11-01,,Maize,Central African Republic,Bria,RETAIL,Kg,kg,
2015-12-01,,Maize,Central African Republic,Bria,RETAIL,Kg,kg,
2016-01-01,,Maize,Central African Republic,Bria,RETAIL,Kg,kg,
2016-02-01,,Maize,Central African Republic,Bria,RETAIL,Kg,kg,
2016-03-01,,Maize,Central African Republic,Bria,RETAIL,Kg,kg,
2016-04-01,,Maize,Central African Republic,Bria,RETAIL,Kg,kg,
2016-05-01,,Maize,Central African Republic,Bria,RETAIL,Kg,kg,
2016-06-01,,Maize,Central African Republic,Bria,RETAIL,Kg,kg,
2016-07-01,,Maize,Central African Republic,Bria,RETAIL,Kg,kg,
2016-08-01,,Maize,Central African Republic,Bria,RETAIL,Kg,kg,
2016-09-01,,Maize,Central African Republic,Bria,RETAIL,Kg,kg,
2016-10-01,,Maize,Central African Republic,Bria,RETAIL,Kg,kg,
2016-11-01,,Maize,Central African Republic,Bria,RETAIL,Kg,kg,
2016-12-01,,Maize,Central African Republic,Bria,RETAIL,Kg,kg,
2017-01-01,,Maize,Central African Republic,Bria,RETAIL,Kg,kg,
2017-02-01,,Maize,Central African Republic,Bria,RETAIL,Kg,kg,
2017-03-01,,Maize,Central African Republic,Bria,RETAIL,Kg,kg,
2017-04-01,,Maize,Central African Republic,Bria,RETAIL,Kg,kg,
2017-05-01,,Maize,Central African Republic,Bria,RETAIL,Kg,kg,
2017-06-01,,Maize,Central African Republic,Bria,RETAIL,Kg,kg,
2017-07-01,,Maize,Central African Republic,Bria,RETAIL,Kg,kg,
2017-08-01,,Maize,Central African Republic,Bria,RETAIL,Kg,kg,
2017-09-01,,Maize,Central African Republic,Bria,RETAIL,Kg,kg,
2017-10-01,,Maize,Central African Republic,Bria,RETAIL,Kg,kg,
2017-11-01,0.24,Maize,Central African Republic,Bria,RETAIL,Kg,kg,0.24
2017-12-01,0.22,Maize,Central African Republic,Bria,RETAIL,Kg,kg,0.22
2018-01-01,0.25,Maize,Central African Republic,Bria,RETAIL,Kg,kg,0.25
2018-02-01,0.23,Maize,Central African Republic,Bria,RETAIL,Kg,kg,0.23
2018-03-01,0.2,Maize,Central African Republic,Bria,RETAIL,Kg,kg,0.2
2018-04-01,0.25,Maize,Central African Republic,Bria,RETAIL,Kg,kg,0.25
2018-05-01,0.29,Maize,Central African Republic,Bria,RETAIL,Kg,kg,0.29
2018-06-01,0.38,Maize,Central African Republic,Bria,RETAIL,Kg,kg,0.38
2018-07-01,0.29,Maize,Central African Republic,Bria,RETAIL,Kg,kg,0.29
2018-08-01,0.33,Maize,Central African Republic,Bria,RETAIL,Kg,kg,0.33
2018-09-01,0.29,Maize,Central African Republic,Bria,RETAIL,Kg,kg,0.29
2018-10-01,,Maize,Central African Republic,Bria,RETAIL,Kg,kg,
2018-11-01,0.3,Maize,Central African Republic,Bria,RETAIL,Kg,kg,0.3
2018-12-01,0.29,Maize,Central African Republic,Bria,RETAIL,Kg,kg,0.29
2019-01-01,0.28,Maize,Central African Republic,Bria,RETAIL,Kg,kg,0.28
2019-02-01,0.33,Maize,Central African Republic,Bria,RETAIL,Kg,kg,0.33
2019-03-01,,Maize,Central African Republic,Bria,RETAIL,Kg,kg,
2019-04-01,0.28,Maize,Central African Republic,Bria,RETAIL,Kg,kg,0.28
2019-05-01,0.37,Maize,Central African Republic,Bria,RETAIL,Kg,kg,0.37
2019-06-01,0.46,Maize,Central African Republic,Bria,RETAIL,Kg,kg,0.46
2019-07-01,0.37,Maize,Central African Republic,Bria,RETAIL,Kg,kg,0.37
2019-08-01,0.46,Maize,Central African Republic,Bria,RETAIL,Kg,kg,0.46
2019-09-01,0.14,Maize,Central African Republic,Bria,RETAIL,Kg,kg,0.14
2019-10-01,0.14,Maize,Central African Republic,Bria,RETAIL,Kg,kg,0.14
2019-11-01,0.14,Maize,Central African Republic,Bria,RETAIL,Kg,kg,0.14
2019-12-01,0.27,Maize,Central African Republic,Bria,RETAIL,Kg,kg,0.27
2020-01-01,0.41,Maize,Central African Republic,Bria,RETAIL,Kg,kg,0.41
2020-02-01,0.49,Maize,Central African Republic,Bria,RETAIL,Kg,kg,0.49
2020-03-01,,Maize,Central African Republic,Bria,RETAIL,Kg,kg,
2020-04-01,0.36,Maize,Central African Republic,Bria,RETAIL,Kg,kg,0.36
2020-05-01,0.36,Maize,Central African Republic,Bria,RETAIL,Kg,kg,0.36
2020-06-01,0.42,Maize,Central African Republic,Bria,RETAIL,Kg,kg,0.42
2020-07-01,,Maize,Central African Republic,Bria,RETAIL,Kg,kg,
2020-08-01,0.34,Maize,Central African Republic,Bria,RETAIL,Kg,kg,0.34
2020-09-01,0.24,Maize,Central African Republic,Bria,RETAIL,Kg,kg,0.24
2020-10-01,0.24,Maize,Central African Republic,Bria,RETAIL,Kg,kg,0.24
2020-11-01,0.15,Maize,Central African Republic,Bria,RETAIL,Kg,kg,0.15
2020-12-01,0.15,Maize,Central African Republic,Bria,RETAIL,Kg,kg,0.15
2021-01-01,0.15,Maize,Central African Republic,Bria,RETAIL,Kg,kg,0.15
2021-02-01,0.1,Maize,Central African Republic,Bria,RETAIL,Kg,kg,0.1
2021-03-01,0.12,Maize,Central African Republic,Bria,RETAIL,Kg,kg,0.12
2021-04-01,0.35,Maize,Central African Republic,Bria,RETAIL,Kg,kg,0.35
2021-05-01,0.4,Maize,Central African Republic,Bria,RETAIL,Kg,kg,0.4
2021-06-01,,Maize,Central African Republic,Bria,RETAIL,Kg,kg,
2021-07-01,0.15,Maize,Central African Republic,Bria,RETAIL,Kg,kg,0.15
2021-08-01,0.15,Maize,Central African Republic,Bria,RETAIL,Kg,kg,0.15
2021-09-01,0.15,Maize,Central African Republic,Bria,RETAIL,Kg,kg,0.15
2021-10-01,0.14,Maize,Central African Republic,Bria,RETAIL,Kg,kg,0.14
2021-11-01,0.15,Maize,Central African Republic,Bria,RETAIL,Kg,kg,0.15
2021-12-01,0.19,Maize,Central African Republic,Bria,RETAIL,Kg,kg,0.19
2022-01-01,0.28,Maize,Central African Republic,Bria,RETAIL,Kg,kg,0.28
2022-02-01,0.37,Maize,Central African Republic,Bria,RETAIL,Kg,kg,0.37
2022-03-01,0.36,Maize,Central African Republic,Bria,RETAIL,Kg,kg,0.36
2022-04-01,0.4,Maize,Central African Republic,Bria,RETAIL,Kg,kg,0.4
2022-05-01,0.39,Maize,Central African Republic,Bria,RETAIL,Kg,kg,0.39
2022-06-01,,Maize,Central African Republic,Bria,RETAIL,Kg,kg,
2022-07-01,,Maize,Central African Republic,Bria,RETAIL,Kg,kg,
2022-08-01,,Maize,Central African Republic,Bria,RETAIL,Kg,kg,
2022-09-01,,Maize,Central African Republic,Bria,RETAIL,Kg,kg,
2022-10-01,0.28,Maize,Central African Republic,Bria,RETAIL,Kg,kg,0.28
2022-11-01,0.25,Maize,Central African Republic,Bria,RETAIL,Kg,kg,0.25
2022-12-01,0.28,Maize,Central African Republic,Bria,RETAIL,Kg,kg,0.28
2023-01-01,0.4,Maize,Central African Republic,Bria,RETAIL,Kg,kg,0.4
2023-02-01,0.4,Maize,Central African Republic,Bria,RETAIL,Kg,kg,0.4
2023-03-01,0.42,Maize,Central African Republic,Bria,RETAIL,Kg,kg,0.42
2023-04-01,0.45,Maize,Central African Republic,Bria,RETAIL,Kg,kg,0.45
2023-05-01,0.43,Maize,Central African Republic,Bria,RETAIL,Kg,kg,0.43
2023-06-01,0.51,Maize,Central African Republic,Bria,RETAIL,Kg,kg,0.51
2023-07-01,,Maize,Central African Republic,Bria,RETAIL,Kg,kg,
2023-08-01,0.34,Maize,Central African Republic,Bria,RETAIL,Kg,kg,0.34
2023-09-01,0.35,Maize,Central African Republic,Bria,RETAIL,Kg,kg,0.35
2023-10-01,0.3,Maize,Central African Republic,Bria,RETAIL,Kg,kg,0.3
2023-11-01,0.31,Maize,Central African Republic,Bria,RETAIL,Kg,kg,0.31
2023-12-01,0.27,Maize,Central African Republic,Bria,RETAIL,Kg,kg,0.27
2024-01-01,0.29,Maize,Central African Republic,Bria,RETAIL,Kg,kg,0.29
2024-02-01,0.31,Maize,Central African Republic,Bria,RETAIL,Kg,kg,0.31
2024-03-01,0.31,Maize,Central African Republic,Bria,RETAIL,Kg,kg,0.31
2024-04-01,0.3,Maize,Central African Republic,Bria,RETAIL,Kg,kg,0.3
2024-05-01,0.36,Maize,Central African Republic,Bria,RETAIL,Kg,kg,0.36
2024-06-01,0.4,Maize,Central African Republic,Bria,RETAIL,Kg,kg,0.4
2024-07-01,0.6,Maize,Central African Republic,Bria,RETAIL,Kg,kg,0.6
2024-08-01,0.54,Maize,Central African Republic,Bria,RETAIL,Kg,kg,0.54
2024-09-01,0.57,Maize,Central African Republic,Bria,RETAIL,Kg,kg,0.57
2024-10-01,0.45,Maize,Central African Republic,Bria,RETAIL,Kg,kg,0.45
2024-11-01,0.35,Maize,Central African Republic,Bria,RETAIL,Kg,kg,0.35
2024-12-01,0.37,Maize,Central African Republic,Bria,RETAIL,Kg,kg,0.37
2025-01-01,0.33,Maize,Central African Republic,Bria,RETAIL,Kg,kg,0.33
2025-02-01,0.31,Maize,Central African Republic,Bria,RETAIL,Kg,kg,0.31
2025-03-01,0.36,Maize,Central African Republic,Bria,RETAIL,Kg,kg,0.36
2025-04-01,0.44,Maize,Central African Republic,Bria,RETAIL,Kg,kg,0.44
2025-05-01,0.46,Maize,Central African Republic,Bria,RETAIL,Kg,kg,0.46
2025-06-01,0.45,Maize,Central African Republic,Bria,RETAIL,Kg,kg,0.45
2025-07-01,0.58,Maize,Central African Republic,Bria,RETAIL,Kg,kg,0.58
2025-08-01,0.5,Maize,Central African Republic,Bria,RETAIL,Kg,kg,0.5
2016-09-01,0.33,Maize,Central African Republic,National Average,RETAIL,Kg,kg,0.33
2016-10-01,0.67,Maize,Central African Republic,National Average,RETAIL,Kg,kg,0.67
2016-11-01,0.23,Maize,Central African Republic,National Average,RETAIL,Kg,kg,0.23
2016-12-01,0.28,Maize,Central African Republic,National Average,RETAIL,Kg,kg,0.28
2017-01-01,0.35,Maize,Central African Republic,National Average,RETAIL,Kg,kg,0.35
2017-02-01,0.34,Maize,Central African Republic,National Average,RETAIL,Kg,kg,0.34
2017-03-01,0.35,Maize,Central African Republic,National Average,RETAIL,Kg,kg,0.35
2017-04-01,0.35,Maize,Central African Republic,National Average,RETAIL,Kg,kg,0.35
2017-05-01,0.43,Maize,Central African Republic,National Average,RETAIL,Kg,kg,0.43
2017-06-01,0.47,Maize,Central African Republic,National Average,RETAIL,Kg,kg,0.47
2017-07-01,0.45,Maize,Central African Republic,National Average,RETAIL,Kg,kg,0.45
2017-08-01,0.37,Maize,Central African Republic,National Average,RETAIL,Kg,kg,0.37
2017-09-01,0.31,Maize,Central African Republic,National Average,RETAIL,Kg,kg,0.31
2017-10-01,0.28,Maize,Central African Republic,National Average,RETAIL,Kg,kg,0.28
2017-11-01,0.29,Maize,Central African Republic,National Average,RETAIL,Kg,kg,0.29
2017-12-01,0.29,Maize,Central African Republic,National Average,RETAIL,Kg,kg,0.29
2018-01-01,0.35,Maize,Central African Republic,National Average,RETAIL,Kg,kg,0.35
2018-02-01,0.32,Maize,Central African Republic,National Average,RETAIL,Kg,kg,0.32
2018-03-01,0.39,Maize,Central African Republic,National Average,RETAIL,Kg,kg,0.39
2018-04-01,0.37,Maize,Central African Republic,National Average,RETAIL,Kg,kg,0.37
2018-05-01,0.44,Maize,Central African Republic,National Average,RETAIL,Kg,kg,0.44
2018-06-01,0.38,Maize,Central African Republic,National Average,RETAIL,Kg,kg,0.38
2018-07-01,0.34,Maize,Central African Republic,National Average,RETAIL,Kg,kg,0.34
2018-08-01,0.31,Maize,Central African Republic,National Average,RETAIL,Kg,kg,0.31
2018-09-01,0.3,Maize,Central African Republic,National Average,RETAIL,Kg,kg,0.3
2018-10-01,0.29,Maize,Central African Republic,National Average,RETAIL,Kg,kg,0.29
2018-11-01,0.3,Maize,Central African Republic,National Average,RETAIL,Kg,kg,0.3
2018-12-01,0.29,Maize,Central African Republic,National Average,RETAIL,Kg,kg,0.29
2019-01-01,0.31,Maize,Central African Republic,National Average,RETAIL,Kg,kg,0.31
2019-02-01,0.37,Maize,Central African Republic,National Average,RETAIL,Kg,kg,0.37
2019-03-01,0.42,Maize,Central African Republic,National Average,RETAIL,Kg,kg,0.42
2019-04-01,0.49,Maize,Central African Republic,National Average,RETAIL,Kg,kg,0.49
2019-05-01,0.51,Maize,Central African Republic,National Average,RETAIL,Kg,kg,0.51
2019-06-01,0.47,Maize,Central African Republic,National Average,RETAIL,Kg,kg,0.47
2019-07-01,0.5,Maize,Central African Republic,National Average,RETAIL,Kg,kg,0.5
2019-08-01,0.41,Maize,Central African Republic,National Average,RETAIL,Kg,kg,0.41
2019-09-01,0.33,Maize,Central African Republic,National Average,RETAIL,Kg,kg,0.33
2019-10-01,0.27,Maize,Central African Republic,National Average,RETAIL,Kg,kg,0.27
2019-11-01,0.26,Maize,Central African Republic,National Average,RETAIL,Kg,kg,0.26
2019-12-01,0.26,Maize,Central African Republic,National Average,RETAIL,Kg,kg,0.26
2020-01-01,0.29,Maize,Central African Republic,National Average,RETAIL,Kg,kg,0.29
2020-02-01,0.3,Maize,Central African Republic,National Average,RETAIL,Kg,kg,0.3
2020-03-01,0.31,Maize,Central African Republic,National Average,RETAIL,Kg,kg,0.31
2020-04-01,0.34,Maize,Central African Republic,National Average,RETAIL,Kg,kg,0.34
2020-05-01,0.36,Maize,Central African Republic,National Average,RETAIL,Kg,kg,0.36
2020-06-01,0.38,Maize,Central African Republic,National Average,RETAIL,Kg,kg,0.38
2020-07-01,0.39,Maize,Central African Republic,National Average,RETAIL,Kg,kg,0.39
2020-08-01,0.35,Maize,Central African Republic,National Average,RETAIL,Kg,kg,0.35
2020-09-01,0.3,Maize,Central African Republic,National Average,RETAIL,Kg,kg,0.3
2020-10-01,0.26,Maize,Central African Republic,National Average,RETAIL,Kg,kg,0.26
2020-11-01,0.31,Maize,Central African Republic,National Average,RETAIL,Kg,kg,0.31
2020-12-01,0.26,Maize,Central African Republic,National Average,RETAIL,Kg,kg,0.26
2021-01-01,0.3,Maize,Central African Republic,National Average,RETAIL,Kg,kg,0.3
2021-02-01,0.32,Maize,Central African Republic,National Average,RETAIL,Kg,kg,0.32
2021-03-01,0.3,Maize,Central African Republic,National Average,RETAIL,Kg,kg,0.3
2021-04-01,0.35,Maize,Central African Republic,National Average,RETAIL,Kg,kg,0.35
2021-05-01,0.4,Maize,Central African Republic,National Average,RETAIL,Kg,kg,0.4
2021-06-01,0.4,Maize,Central African Republic,National Average,RETAIL,Kg,kg,0.4
2021-07-01,0.39,Maize,Central African Republic,National Average,RETAIL,Kg,kg,0.39
2021-08-01,0.34,Maize,Central African Republic,National Average,RETAIL,Kg,kg,0.34
2021-09-01,0.28,Maize,Central African Republic,National Average,RETAIL,Kg,kg,0.28
2021-10-01,0.23,Maize,Central African Republic,National Average,RETAIL,Kg,kg,0.23
2021-11-01,0.24,Maize,Central African Republic,National Average,RETAIL,Kg,kg,0.24
2021-12-01,0.25,Maize,Central African Republic,National Average,RETAIL,Kg,kg,0.25
2022-01-01,0.35,Maize,Central African Republic,National Average,RETAIL,Kg,kg,0.35
2022-02-01,0.35,Maize,Central African Republic,National Average,RETAIL,Kg,kg,0.35
2022-03-01,0.36,Maize,Central African Republic,National Average,RETAIL,Kg,kg,0.36
2022-04-01,0.36,Maize,Central African Republic,National Average,RETAIL,Kg,kg,0.36
2022-05-01,0.38,Maize,Central African Republic,National Average,RETAIL,Kg,kg,0.38
2022-06-01,0.34,Maize,Central African Republic,National Average,RETAIL,Kg,kg,0.34
2022-07-01,0.42,Maize,Central African Republic,National Average,RETAIL,Kg,kg,0.42
2022-08-01,0.38,Maize,Central African Republic,National Average,RETAIL,Kg,kg,0.38
2022-09-01,0.33,Maize,Central African Republic,National Average,RETAIL,Kg,kg,0.33
2022-10-01,0.27,Maize,Central African Republic,National Average,RETAIL,Kg,kg,0.27
2022-11-01,0.25,Maize,Central African Republic,National Average,RETAIL,Kg,kg,0.25
2022-12-01,0.27,Maize,Central African Republic,National Average,RETAIL,Kg,kg,0.27
2023-01-01,0.34,Maize,Central African Republic,National Average,RETAIL,Kg,kg,0.34
2023-02-01,0.4,Maize,Central African Republic,National Average,RETAIL,Kg,kg,0.4
2023-03-01,0.42,Maize,Central African Republic,National Average,RETAIL,Kg,kg,0.42
2023-04-01,0.45,Maize,Central African Republic,National Average,RETAIL,Kg,kg,0.45
2023-05-01,0.49,Maize,Central African Republic,National Average,RETAIL,Kg,kg,0.49
2023-06-01,0.5,Maize,Central African Republic,National Average,RETAIL,Kg,kg,0.5
2023-07-01,,Maize,Central African Republic,National Average,RETAIL,Kg,kg,
2023-08-01,0.35,Maize,Central African Republic,National Average,RETAIL,Kg,kg,0.35
2023-09-01,0.33,Maize,Central African Republic,National Average,RETAIL,Kg,kg,0.33
2023-10-01,0.29,Maize,Central African Republic,National Average,RETAIL,Kg,kg,0.29
2023-11-01,0.3,Maize,Central African Republic,National Average,RETAIL,Kg,kg,0.3
2023-12-01,0.27,Maize,Central African Republic,National Average,RETAIL,Kg,kg,0.27
2024-01-01,0.28,Maize,Central African Republic,National Average,RETAIL,Kg,kg,0.28
2024-02-01,0.3,Maize,Central African Republic,National Average,RETAIL,Kg,kg,0.3
2024-03-01,0.32,Maize,Central African Republic,National Average,RETAIL,Kg,kg,0.32
2024-04-01,0.33,Maize,Central African Republic,National Average,RETAIL,Kg,kg,0.33
2024-05-01,0.38,Maize,Central African Republic,National Average,RETAIL,Kg,kg,0.38
2024-06-01,0.41,Maize,Central African Republic,National Average,RETAIL,Kg,kg,0.41
2024-07-01,0.47,Maize,Central African Republic,National Average,RETAIL,Kg,kg,0.47
2024-08-01,0.41,Maize,Central African Republic,National Average,RETAIL,Kg,kg,0.41
2024-09-01,0.43,Maize,Central African Republic,National Average,RETAIL,Kg,kg,0.43
2024-10-01,0.37,Maize,Central African Republic,National Average,RETAIL,Kg,kg,0.37
2024-11-01,0.32,Maize,Central African Republic,National Average,RETAIL,Kg,kg,0.32
2024-12-01,0.29,Maize,Central African Republic,National Average,RETAIL,Kg,kg,0.29
2025-01-01,0.28,Maize,Central African Republic,National Average,RETAIL,Kg,kg,0.28
2025-02-01,0.26,Maize,Central African Republic,National Average,RETAIL,Kg,kg,0.26
2025-03-01,0.37,Maize,Central African Republic,National Average,RETAIL,Kg,kg,0.37
2025-04-01,0.42,Maize,Central African Republic,National Average,RETAIL,Kg,kg,0.42
2025-05-01,0.49,Maize,Central African Republic,National Average,RETAIL,Kg,kg,0.49
2025-06-01,0.5,Maize,Central African Republic,National Average,RETAIL,Kg,kg,0.5
2025-07-01,0.47,Maize,Central African Republic,National Average,RETAIL,Kg,kg,0.47
2025-08-01,0.46,Maize,Central African Republic,National Average,RETAIL,Kg,kg,0.46
2018-11-01,0.49,Maize,Central African Republic,Ndélé,RETAIL,Kg,kg,0.49
2018-12-01,0.39,Maize,Central African Republic,Ndélé,RETAIL,Kg,kg,0.39
2019-01-01,0.33,Maize,Central African Republic,Ndélé,RETAIL,Kg,kg,0.33
2019-02-01,0.33,Maize,Central African Republic,Ndélé,RETAIL,Kg,kg,0.33
2019-03-01,0.49,Maize,Central African Republic,Ndélé,RETAIL,Kg,kg,0.49
2019-04-01,0.52,Maize,Central African Republic,Ndélé,RETAIL,Kg,kg,0.52
2019-05-01,0.55,Maize,Central African Republic,Ndélé,RETAIL,Kg,kg,0.55
2019-06-01,0.48,Maize,Central African Republic,Ndélé,RETAIL,Kg,kg,0.48
2019-07-01,0.48,Maize,Central African Republic,Ndélé,RETAIL,Kg,kg,0.48
2019-08-01,,Maize,Central African Republic,Ndélé,RETAIL,Kg,kg,
2019-09-01,0.48,Maize,Central African Republic,Ndélé,RETAIL,Kg,kg,0.48
2019-10-01,,Maize,Central African Republic,Ndélé,RETAIL,Kg,kg,
2019-11-01,0.41,Maize,Central African Republic,Ndélé,RETAIL,Kg,kg,0.41
2019-12-01,0.38,Maize,Central African Republic,Ndélé,RETAIL,Kg,kg,0.38
2020-01-01,0.38,Maize,Central African Republic,Ndélé,RETAIL,Kg,kg,0.38
2020-02-01,0.38,Maize,Central African Republic,Ndélé,RETAIL,Kg,kg,0.38
2020-03-01,,Maize,Central African Republic,Ndélé,RETAIL,Kg,kg,
2020-04-01,,Maize,Central African Republic,Ndélé,RETAIL,Kg,kg,
2020-05-01,,Maize,Central African Republic,Ndélé,RETAIL,Kg,kg,
2020-06-01,,Maize,Central African Republic,Ndélé,RETAIL,Kg,kg,
2020-07-01,,Maize,Central African Republic,Ndélé,RETAIL,Kg,kg,
2020-08-01,0.39,Maize,Central African Republic,Ndélé,RETAIL,Kg,kg,0.39
2020-09-01,0.49,Maize,Central African Republic,Ndélé,RETAIL,Kg,kg,0.49
2020-10-01,0.48,Maize,Central African Republic,Ndélé,RETAIL,Kg,kg,0.48
2020-11-01,0.49,Maize,Central African Republic,Ndélé,RETAIL,Kg,kg,0.49
2020-12-01,,Maize,Central African Republic,Ndélé,RETAIL,Kg,kg,
2021-01-01,0.5,Maize,Central African Republic,Ndélé,RETAIL,Kg,kg,0.5
2021-02-01,0.4,Maize,Central African Republic,Ndélé,RETAIL,Kg,kg,0.4
2021-03-01,0.44,Maize,Central African Republic,Ndélé,RETAIL,Kg,kg,0.44
2021-04-01,0.49,Maize,Central African Republic,Ndélé,RETAIL,Kg,kg,0.49
2021-05-01,0.5,Maize,Central African Republic,Ndélé,RETAIL,Kg,kg,0.5
2021-06-01,,Maize,Central African Republic,Ndélé,RETAIL,Kg,kg,
2021-07-01,0.48,Maize,Central African Republic,Ndélé,RETAIL,Kg,kg,0.48
2021-08-01,0.48,Maize,Central African Republic,Ndélé,RETAIL,Kg,kg,0.48
2021-09-01,0.39,Maize,Central African Republic,Ndélé,RETAIL,Kg,kg,0.39
2021-10-01,0.27,Maize,Central African Republic,Ndélé,RETAIL,Kg,kg,0.27
2021-11-01,0.28,Maize,Central African Republic,Ndélé,RETAIL,Kg,kg,0.28
2021-12-01,0.33,Maize,Central African Republic,Ndélé,RETAIL,Kg,kg,0.33
2022-01-01,0.37,Maize,Central African Republic,Ndélé,RETAIL,Kg,kg,0.37
2022-02-01,0.37,Maize,Central African Republic,Ndélé,RETAIL,Kg,kg,0.37
2022-03-01,0.36,Maize,Central African Republic,Ndélé,RETAIL,Kg,kg,0.36
2022-04-01,0.36,Maize,Central African Republic,Ndélé,RETAIL,Kg,kg,0.36
2022-05-01,0.44,Maize,Central African Republic,Ndélé,RETAIL,Kg,kg,0.44
2022-06-01,0.52,Maize,Central African Republic,Ndélé,RETAIL,Kg,kg,0.52
2022-07-01,0.42,Maize,Central African Republic,Ndélé,RETAIL,Kg,kg,0.42
2022-08-01,0.38,Maize,Central African Republic,Ndélé,RETAIL,Kg,kg,0.38
2022-09-01,0.35,Maize,Central African Republic,Ndélé,RETAIL,Kg,kg,0.35
2022-10-01,0.28,Maize,Central African Republic,Ndélé,RETAIL,Kg,kg,0.28
2022-11-01,0.29,Maize,Central African Republic,Ndélé,RETAIL,Kg,kg,0.29
2022-12-01,0.31,Maize,Central African Republic,Ndélé,RETAIL,Kg,kg,0.31
2023-01-01,0.31,Maize,Central African Republic,Ndélé,RETAIL,Kg,kg,0.31
2023-02-01,0.38,Maize,Central African Republic,Ndélé,RETAIL,Kg,kg,0.38
2023-03-01,0.35,Maize,Central African Republic,Ndélé,RETAIL,Kg,kg,0.35
2023-04-01,0.38,Maize,Central African Republic,Ndélé,RETAIL,Kg,kg,0.38
2023-05-01,0.45,Maize,Central African Republic,Ndélé,RETAIL,Kg,kg,0.45
2023-06-01,0.45,Maize,Central African Republic,Ndélé,RETAIL,Kg,kg,0.45
2023-07-01,,Maize,Central African Republic,Ndélé,RETAIL,Kg,kg,
2023-08-01,0.38,Maize,Central African Republic,Ndélé,RETAIL,Kg,kg,0.38
2023-09-01,0.35,Maize,Central African Republic,Ndélé,RETAIL,Kg,kg,0.35
2023-10-01,0.33,Maize,Central African Republic,Ndélé,RETAIL,Kg,kg,0.33
2023-11-01,0.31,Maize,Central African Republic,Ndélé,RETAIL,Kg,kg,0.31
2023-12-01,0.36,Maize,Central African Republic,Ndélé,RETAIL,Kg,kg,0.36
2024-01-01,0.36,Maize,Central African Republic,Ndélé,RETAIL,Kg,kg,0.36
2024-02-01,0.36,Maize,Central African Republic,Ndélé,RETAIL,Kg,kg,0.36
2024-03-01,0.36,Maize,Central African Republic,Ndélé,RETAIL,Kg,kg,0.36
2024-04-01,0.35,Maize,Central African Republic,Ndélé,RETAIL,Kg,kg,0.35
2024-05-01,0.4,Maize,Central African Republic,Ndélé,RETAIL,Kg,kg,0.4
2024-06-01,0.38,Maize,Central African Republic,Ndélé,RETAIL,Kg,kg,0.38
2024-07-01,,Maize,Central African Republic,Ndélé,RETAIL,Kg,kg,
2024-08-01,0.41,Maize,Central African Republic,Ndélé,RETAIL,Kg,kg,0.41
2024-09-01,0.41,Maize,Central African Republic,Ndélé,RETAIL,Kg,kg,0.41
2024-10-01,0.36,Maize,Central African Republic,Ndélé,RETAIL,Kg,kg,0.36
2024-11-01,0.33,Maize,Central African Republic,Ndélé,RETAIL,Kg,kg,0.33
2024-12-01,0.28,Maize,Central African Republic,Ndélé,RETAIL,Kg,kg,0.28
2025-01-01,0.28,Maize,Central African Republic,Ndélé,RETAIL,Kg,kg,0.28
2025-02-01,0.24,Maize,Central African Republic,Ndélé,RETAIL,Kg,kg,0.24
2025-03-01,0.33,Maize,Central African Republic,Ndélé,RETAIL,Kg,kg,0.33
2025-04-01,,Maize,Central African Republic,Ndélé,RETAIL,Kg,kg,
2025-05-01,0.46,Maize,Central African Republic,Ndélé,RETAIL,Kg,kg,0.46
2025-06-01,0.45,Maize,Central African Republic,Ndélé,RETAIL,Kg,kg,0.45
2025-07-01,0.38,Maize,Central African Republic,Ndélé,RETAIL,Kg,kg,0.38
2025-08-01,0.46,Maize,Central African Republic,Ndélé,RETAIL,Kg,kg,0.46
2018-11-01,0.19,Maize,Central African Republic,Ngaoundaye,RETAIL,Kg,kg,0.19
2018-12-01,0.23,Maize,Central African Republic,Ngaoundaye,RETAIL,Kg,kg,0.23
2019-01-01,0.28,Maize,Central African Republic,Ngaoundaye,RETAIL,Kg,kg,0.28
2019-02-01,0.23,Maize,Central African Republic,Ngaoundaye,RETAIL,Kg,kg,0.23
2019-03-01,0.28,Maize,Central African Republic,Ngaoundaye,RETAIL,Kg,kg,0.28
2019-04-01,0.42,Maize,Central African Republic,Ngaoundaye,RETAIL,Kg,kg,0.42
2019-05-01,0.41,Maize,Central African Republic,Ngaoundaye,RETAIL,Kg,kg,0.41
2019-06-01,0.33,Maize,Central African Republic,Ngaoundaye,RETAIL,Kg,kg,0.33
2019-07-01,0.37,Maize,Central African Republic,Ngaoundaye,RETAIL,Kg,kg,0.37
2019-08-01,,Maize,Central African Republic,Ngaoundaye,RETAIL,Kg,kg,
2019-09-01,0.14,Maize,Central African Republic,Ngaoundaye,RETAIL,Kg,kg,0.14
2019-10-01,0.14,Maize,Central African Republic,Ngaoundaye,RETAIL,Kg,kg,0.14
2019-11-01,0.14,Maize,Central African Republic,Ngaoundaye,RETAIL,Kg,kg,0.14
2019-12-01,0.16,Maize,Central African Republic,Ngaoundaye,RETAIL,Kg,kg,0.16
2020-01-01,0.18,Maize,Central African Republic,Ngaoundaye,RETAIL,Kg,kg,0.18
2020-02-01,0.18,Maize,Central African Republic,Ngaoundaye,RETAIL,Kg,kg,0.18
2020-03-01,0.32,Maize,Central African Republic,Ngaoundaye,RETAIL,Kg,kg,0.32
2020-04-01,0.36,Maize,Central African Republic,Ngaoundaye,RETAIL,Kg,kg,0.36
2020-05-01,0.36,Maize,Central African Republic,Ngaoundaye,RETAIL,Kg,kg,0.36
2020-06-01,0.37,Maize,Central African Republic,Ngaoundaye,RETAIL,Kg,kg,0.37
2020-07-01,0.28,Maize,Central African Republic,Ngaoundaye,RETAIL,Kg,kg,0.28
2020-08-01,0.39,Maize,Central African Republic,Ngaoundaye,RETAIL,Kg,kg,0.39
2020-09-01,0.34,Maize,Central African Republic,Ngaoundaye,RETAIL,Kg,kg,0.34
2020-10-01,0.29,Maize,Central African Republic,Ngaoundaye,RETAIL,Kg,kg,0.29
2020-11-01,0.29,Maize,Central African Republic,Ngaoundaye,RETAIL,Kg,kg,0.29
2020-12-01,0.25,Maize,Central African Republic,Ngaoundaye,RETAIL,Kg,kg,0.25
2021-01-01,0.3,Maize,Central African Republic,Ngaoundaye,RETAIL,Kg,kg,0.3
2021-02-01,0.3,Maize,Central African Republic,Ngaoundaye,RETAIL,Kg,kg,0.3
2021-03-01,0.29,Maize,Central African Republic,Ngaoundaye,RETAIL,Kg,kg,0.29
2021-04-01,0.3,Maize,Central African Republic,Ngaoundaye,RETAIL,Kg,kg,0.3
2021-05-01,0.3,Maize,Central African Republic,Ngaoundaye,RETAIL,Kg,kg,0.3
2021-06-01,,Maize,Central African Republic,Ngaoundaye,RETAIL,Kg,kg,
2021-07-01,,Maize,Central African Republic,Ngaoundaye,RETAIL,Kg,kg,
2021-08-01,0.48,Maize,Central African Republic,Ngaoundaye,RETAIL,Kg,kg,0.48
2021-09-01,0.39,Maize,Central African Republic,Ngaoundaye,RETAIL,Kg,kg,0.39
2021-10-01,,Maize,Central African Republic,Ngaoundaye,RETAIL,Kg,kg,
2021-11-01,,Maize,Central African Republic,Ngaoundaye,RETAIL,Kg,kg,
2021-12-01,,Maize,Central African Republic,Ngaoundaye,RETAIL,Kg,kg,
2022-01-01,0.33,Maize,Central African Republic,Ngaoundaye,RETAIL,Kg,kg,0.33
2022-02-01,0.37,Maize,Central African Republic,Ngaoundaye,RETAIL,Kg,kg,0.37
2022-03-01,0.34,Maize,Central African Republic,Ngaoundaye,RETAIL,Kg,kg,0.34
2022-04-01,0.36,Maize,Central African Republic,Ngaoundaye,RETAIL,Kg,kg,0.36
2022-05-01,0.39,Maize,Central African Republic,Ngaoundaye,RETAIL,Kg,kg,0.39
2022-06-01,0.35,Maize,Central African Republic,Ngaoundaye,RETAIL,Kg,kg,0.35
2022-07-01,0.36,Maize,Central African Republic,Ngaoundaye,RETAIL,Kg,kg,0.36
2022-08-01,0.29,Maize,Central African Republic,Ngaoundaye,RETAIL,Kg,kg,0.29
2022-09-01,0.32,Maize,Central African Republic,Ngaoundaye,RETAIL,Kg,kg,0.32
2022-10-01,0.2,Maize,Central African Republic,Ngaoundaye,RETAIL,Kg,kg,0.2
2022-11-01,0.17,Maize,Central African Republic,Ngaoundaye,RETAIL,Kg,kg,0.17
2022-12-01,0.23,Maize,Central African Republic,Ngaoundaye,RETAIL,Kg,kg,0.23
2023-01-01,0.22,Maize,Central African Republic,Ngaoundaye,RETAIL,Kg,kg,0.22
2023-02-01,0.26,Maize,Central African Republic,Ngaoundaye,RETAIL,Kg,kg,0.26
2023-03-01,0.26,Maize,Central African Republic,Ngaoundaye,RETAIL,Kg,kg,0.26
2023-04-01,0.32,Maize,Central African Republic,Ngaoundaye,RETAIL,Kg,kg,0.32
2023-05-01,0.36,Maize,Central African Republic,Ngaoundaye,RETAIL,Kg,kg,0.36
2023-06-01,0.42,Maize,Central African Republic,Ngaoundaye,RETAIL,Kg,kg,0.42
2023-07-01,,Maize,Central African Republic,Ngaoundaye,RETAIL,Kg,kg,
2023-08-01,0.36,Maize,Central African Republic,Ngaoundaye,RETAIL,Kg,kg,0.36
2023-09-01,0.35,Maize,Central African Republic,Ngaoundaye,RETAIL,Kg,kg,0.35
2023-10-01,0.3,Maize,Central African Republic,Ngaoundaye,RETAIL,Kg,kg,0.3
2023-11-01,0.31,Maize,Central African Republic,Ngaoundaye,RETAIL,Kg,kg,0.31
2023-12-01,0.22,Maize,Central African Republic,Ngaoundaye,RETAIL,Kg,kg,0.22
2024-01-01,0.27,Maize,Central African Republic,Ngaoundaye,RETAIL,Kg,kg,0.27
2024-02-01,0.27,Maize,Central African Republic,Ngaoundaye,RETAIL,Kg,kg,0.27
2024-03-01,0.27,Maize,Central African Republic,Ngaoundaye,RETAIL,Kg,kg,0.27
2024-04-01,0.26,Maize,Central African Republic,Ngaoundaye,RETAIL,Kg,kg,0.26
2024-05-01,0.31,Maize,Central African Republic,Ngaoundaye,RETAIL,Kg,kg,0.31
2024-06-01,0.31,Maize,Central African Republic,Ngaoundaye,RETAIL,Kg,kg,0.31
2024-07-01,0.36,Maize,Central African Republic,Ngaoundaye,RETAIL,Kg,kg,0.36
2024-08-01,0.32,Maize,Central African Republic,Ngaoundaye,RETAIL,Kg,kg,0.32
2024-09-01,0.32,Maize,Central African Republic,Ngaoundaye,RETAIL,Kg,kg,0.32
2024-10-01,0.31,Maize,Central African Republic,Ngaoundaye,RETAIL,Kg,kg,0.31
2024-11-01,0.26,Maize,Central African Republic,Ngaoundaye,RETAIL,Kg,kg,0.26
2024-12-01,0.24,Maize,Central African Republic,Ngaoundaye,RETAIL,Kg,kg,0.24
2025-01-01,0.21,Maize,Central African Republic,Ngaoundaye,RETAIL,Kg,kg,0.21
2025-02-01,0.21,Maize,Central African Republic,Ngaoundaye,RETAIL,Kg,kg,0.21
2025-03-01,0.31,Maize,Central African Republic,Ngaoundaye,RETAIL,Kg,kg,0.31
2025-04-01,0.39,Maize,Central African Republic,Ngaoundaye,RETAIL,Kg,kg,0.39
2025-05-01,,Maize,Central African Republic,Ngaoundaye,RETAIL,Kg,kg,
2025-06-01,,Maize,Central African Republic,Ngaoundaye,RETAIL,Kg,kg,
2025-07-01,0.38,Maize,Central African Republic,Ngaoundaye,RETAIL,Kg,kg,0.38
2025-08-01,0.34,Maize,Central African Republic,Ngaoundaye,RETAIL,Kg,kg,0.34
2022-06-01,37.33,Maize,Chad,Abeche,RETAIL,100 Kg,kg,0.37329999999999997
2022-07-01,35.96,Maize,Chad,Abeche,RETAIL,100 Kg,kg,0.35960000000000003
2022-08-01,35.78,Maize,Chad,Abeche,RETAIL,100 Kg,kg,0.3578
2022-09-01,34.91,Maize,Chad,Abeche,RETAIL,100 Kg,kg,0.34909999999999997
2022-10-01,34.64,Maize,Chad,Abeche,RETAIL,100 Kg,kg,0.3464
2022-11-01,49.45,Maize,Chad,Abeche,RETAIL,100 Kg,kg,0.49450000000000005
2022-12-01,51.33,Maize,Chad,Abeche,RETAIL,100 Kg,kg,0.5133
2023-01-01,40.02,Maize,Chad,Abeche,RETAIL,100 Kg,kg,0.40020000000000006
2023-02-01,45.74,Maize,Chad,Abeche,RETAIL,100 Kg,kg,0.45740000000000003
2023-03-01,45.7,Maize,Chad,Abeche,RETAIL,100 Kg,kg,0.457
2023-04-01,46.82,Maize,Chad,Abeche,RETAIL,100 Kg,kg,0.4682
2023-05-01,43.08,Maize,Chad,Abeche,RETAIL,100 Kg,kg,0.43079999999999996
2023-06-01,43.63,Maize,Chad,Abeche,RETAIL,100 Kg,kg,0.4363
2023-07-01,45.52,Maize,Chad,Abeche,RETAIL,100 Kg,kg,0.45520000000000005
2023-08-01,44.9,Maize,Chad,Abeche,RETAIL,100 Kg,kg,0.449
2023-09-01,43.98,Maize,Chad,Abeche,RETAIL,100 Kg,kg,0.43979999999999997
2023-10-01,37.84,Maize,Chad,Abeche,RETAIL,100 Kg,kg,0.3784
2023-11-01,38.89,Maize,Chad,Abeche,RETAIL,100 Kg,kg,0.3889
2023-12-01,39.23,Maize,Chad,Abeche,RETAIL,100 Kg,kg,0.3923
2024-01-01,47.38,Maize,Chad,Abeche,RETAIL,100 Kg,kg,0.4738
2024-02-01,47.72,Maize,Chad,Abeche,RETAIL,100 Kg,kg,0.4772
2024-03-01,44.75,Maize,Chad,Abeche,RETAIL,100 Kg,kg,0.4475
2024-04-01,45.79,Maize,Chad,Abeche,RETAIL,100 Kg,kg,0.4579
2024-05-01,68.82,Maize,Chad,Abeche,RETAIL,100 Kg,kg,0.6881999999999999
2024-06-01,66.26,Maize,Chad,Abeche,RETAIL,100 Kg,kg,0.6626000000000001
2024-07-01,72.74,Maize,Chad,Abeche,RETAIL,100 Kg,kg,0.7273999999999999
2024-08-01,77.36,Maize,Chad,Abeche,RETAIL,100 Kg,kg,0.7736
2024-09-01,78.02,Maize,Chad,Abeche,RETAIL,100 Kg,kg,0.7802
2024-10-01,76.55,Maize,Chad,Abeche,RETAIL,100 Kg,kg,0.7655
2024-11-01,83.7,Maize,Chad,Abeche,RETAIL,100 Kg,kg,0.8370000000000001
2024-12-01,66.3,Maize,Chad,Abeche,RETAIL,100 Kg,kg,0.6629999999999999
2025-01-01,,Maize,Chad,Abeche,RETAIL,100 Kg,kg,
2025-02-01,,Maize,Chad,Abeche,RETAIL,100 Kg,kg,
2025-03-01,,Maize,Chad,Abeche,RETAIL,100 Kg,kg,
2025-04-01,,Maize,Chad,Abeche,RETAIL,100 Kg,kg,
2025-05-01,48.14,Maize,Chad,Abeche,RETAIL,100 Kg,kg,0.4814
2025-06-01,54.85,Maize,Chad,Abeche,RETAIL,100 Kg,kg,0.5485
2025-07-01,51.7,Maize,Chad,Abeche,RETAIL,100 Kg,kg,0.517
2025-08-01,54.6,Maize,Chad,Abeche,RETAIL,100 Kg,kg,0.546
2025-09-01,49.97,Maize,Chad,Abeche,RETAIL,100 Kg,kg,0.4997
2022-06-01,28.03,Maize,Chad,Am Timan,RETAIL,100 Kg,kg,0.2803
2022-07-01,27.31,Maize,Chad,Am Timan,RETAIL,100 Kg,kg,0.2731
2022-08-01,26.87,Maize,Chad,Am Timan,RETAIL,100 Kg,kg,0.2687
2022-09-01,26.87,Maize,Chad,Am Timan,RETAIL,100 Kg,kg,0.2687
2022-10-01,26.66,Maize,Chad,Am Timan,RETAIL,100 Kg,kg,0.2666
2022-11-01,27.99,Maize,Chad,Am Timan,RETAIL,100 Kg,kg,0.2799
2022-12-01,29.06,Maize,Chad,Am Timan,RETAIL,100 Kg,kg,0.29059999999999997
2023-01-01,31.69,Maize,Chad,Am Timan,RETAIL,100 Kg,kg,0.3169
2023-02-01,32.1,Maize,Chad,Am Timan,RETAIL,100 Kg,kg,0.321
2023-03-01,32.64,Maize,Chad,Am Timan,RETAIL,100 Kg,kg,0.3264
2023-04-01,,Maize,Chad,Am Timan,RETAIL,100 Kg,kg,
2023-05-01,33.13,Maize,Chad,Am Timan,RETAIL,100 Kg,kg,0.33130000000000004
2023-06-01,33.05,Maize,Chad,Am Timan,RETAIL,100 Kg,kg,0.33049999999999996
2023-07-01,33.94,Maize,Chad,Am Timan,RETAIL,100 Kg,kg,0.3394
2023-08-01,36.59,Maize,Chad,Am Timan,RETAIL,100 Kg,kg,0.36590000000000006
2023-09-01,35.83,Maize,Chad,Am Timan,RETAIL,100 Kg,kg,0.3583
2023-10-01,35.43,Maize,Chad,Am Timan,RETAIL,100 Kg,kg,0.3543
2023-11-01,36.25,Maize,Chad,Am Timan,RETAIL,100 Kg,kg,0.3625
2023-12-01,36.57,Maize,Chad,Am Timan,RETAIL,100 Kg,kg,0.3657
2024-01-01,36.8,Maize,Chad,Am Timan,RETAIL,100 Kg,kg,0.368
2024-02-01,39.71,Maize,Chad,Am Timan,RETAIL,100 Kg,kg,0.3971
2024-03-01,40.0,Maize,Chad,Am Timan,RETAIL,100 Kg,kg,0.4
2024-04-01,,Maize,Chad,Am Timan,RETAIL,100 Kg,kg,
2024-05-01,42.86,Maize,Chad,Am Timan,RETAIL,100 Kg,kg,0.4286
2024-06-01,55.77,Maize,Chad,Am Timan,RETAIL,100 Kg,kg,0.5577000000000001
2024-07-01,58.67,Maize,Chad,Am Timan,RETAIL,100 Kg,kg,0.5867
2024-08-01,57.08,Maize,Chad,Am Timan,RETAIL,100 Kg,kg,0.5708
2024-09-01,60.95,Maize,Chad,Am Timan,RETAIL,100 Kg,kg,0.6095
2024-10-01,59.84,Maize,Chad,Am Timan,RETAIL,100 Kg,kg,0.5984
2024-11-01,45.38,Maize,Chad,Am Timan,RETAIL,100 Kg,kg,0.45380000000000004
2024-12-01,41.53,Maize,Chad,Am Timan,RETAIL,100 Kg,kg,0.4153
2025-01-01,,Maize,Chad,Am Timan,RETAIL,100 Kg,kg,
2025-02-01,,Maize,Chad,Am Timan,RETAIL,100 Kg,kg,
2025-03-01,,Maize,Chad,Am Timan,RETAIL,100 Kg,kg,
2025-04-01,,Maize,Chad,Am Timan,RETAIL,100 Kg,kg,
2025-05-01,34.39,Maize,Chad,Am Timan,RETAIL,100 Kg,kg,0.3439
2025-06-01,35.11,Maize,Chad,Am Timan,RETAIL,100 Kg,kg,0.35109999999999997
2025-07-01,35.6,Maize,Chad,Am Timan,RETAIL,100 Kg,kg,0.35600000000000004
2025-08-01,35.52,Maize,Chad,Am Timan,RETAIL,100 Kg,kg,0.3552
2025-09-01,31.72,Maize,Chad,Am Timan,RETAIL,100 Kg,kg,0.3172
2022-06-01,51.87,Maize,Chad,Bol,RETAIL,100 Kg,kg,0.5186999999999999
2022-07-01,40.8,Maize,Chad,Bol,RETAIL,100 Kg,kg,0.408
2022-08-01,44.59,Maize,Chad,Bol,RETAIL,100 Kg,kg,0.4459
2022-09-01,43.6,Maize,Chad,Bol,RETAIL,100 Kg,kg,0.436
2022-10-01,42.54,Maize,Chad,Bol,RETAIL,100 Kg,kg,0.4254
2022-11-01,38.71,Maize,Chad,Bol,RETAIL,100 Kg,kg,0.3871
2022-12-01,37.55,Maize,Chad,Bol,RETAIL,100 Kg,kg,0.37549999999999994
2023-01-01,42.68,Maize,Chad,Bol,RETAIL,100 Kg,kg,0.4268
2023-02-01,58.81,Maize,Chad,Bol,RETAIL,100 Kg,kg,0.5881000000000001
2023-03-01,42.11,Maize,Chad,Bol,RETAIL,100 Kg,kg,0.4211
2023-04-01,,Maize,Chad,Bol,RETAIL,100 Kg,kg,
2023-05-01,43.08,Maize,Chad,Bol,RETAIL,100 Kg,kg,0.43079999999999996
2023-06-01,42.97,Maize,Chad,Bol,RETAIL,100 Kg,kg,0.42969999999999997
2023-07-01,50.57,Maize,Chad,Bol,RETAIL,100 Kg,kg,0.5057
2023-08-01,53.22,Maize,Chad,Bol,RETAIL,100 Kg,kg,0.5322
2023-09-01,61.89,Maize,Chad,Bol,RETAIL,100 Kg,kg,0.6189
2023-10-01,53.14,Maize,Chad,Bol,RETAIL,100 Kg,kg,0.5314
2023-11-01,59.32,Maize,Chad,Bol,RETAIL,100 Kg,kg,0.5932
2023-12-01,57.84,Maize,Chad,Bol,RETAIL,100 Kg,kg,0.5784
2024-01-01,67.83,Maize,Chad,Bol,RETAIL,100 Kg,kg,0.6783
2024-02-01,58.58,Maize,Chad,Bol,RETAIL,100 Kg,kg,0.5858
2024-03-01,59.67,Maize,Chad,Bol,RETAIL,100 Kg,kg,0.5967
2024-04-01,,Maize,Chad,Bol,RETAIL,100 Kg,kg,
2024-05-01,68.57,Maize,Chad,Bol,RETAIL,100 Kg,kg,0.6857
2024-06-01,73.48,Maize,Chad,Bol,RETAIL,100 Kg,kg,0.7348
2024-07-01,79.06,Maize,Chad,Bol,RETAIL,100 Kg,kg,0.7906
2024-08-01,69.81,Maize,Chad,Bol,RETAIL,100 Kg,kg,0.6981
2024-09-01,74.88,Maize,Chad,Bol,RETAIL,100 Kg,kg,0.7487999999999999
2024-10-01,73.14,Maize,Chad,Bol,RETAIL,100 Kg,kg,0.7314
2024-11-01,52.51,Maize,Chad,Bol,RETAIL,100 Kg,kg,0.5251
2024-12-01,50.8,Maize,Chad,Bol,RETAIL,100 Kg,kg,0.508
2025-01-01,,Maize,Chad,Bol,RETAIL,100 Kg,kg,
2025-02-01,,Maize,Chad,Bol,RETAIL,100 Kg,kg,
2025-03-01,,Maize,Chad,Bol,RETAIL,100 Kg,kg,
2025-04-01,,Maize,Chad,Bol,RETAIL,100 Kg,kg,
2025-05-01,52.14,Maize,Chad,Bol,RETAIL,100 Kg,kg,0.5214
2025-06-01,55.66,Maize,Chad,Bol,RETAIL,100 Kg,kg,0.5566
2025-07-01,60.1,Maize,Chad,Bol,RETAIL,100 Kg,kg,0.601
2025-08-01,57.19,Maize,Chad,Bol,RETAIL,100 Kg,kg,0.5719
2025-09-01,49.46,Maize,Chad,Bol,RETAIL,100 Kg,kg,0.4946
2022-06-01,38.3,Maize,Chad,Doba,RETAIL,100 Kg,kg,0.38299999999999995
2022-07-01,41.64,Maize,Chad,Doba,RETAIL,100 Kg,kg,0.4164
2022-08-01,37.74,Maize,Chad,Doba,RETAIL,100 Kg,kg,0.3774
2022-09-01,36.24,Maize,Chad,Doba,RETAIL,100 Kg,kg,0.3624
2022-10-01,40.02,Maize,Chad,Doba,RETAIL,100 Kg,kg,0.40020000000000006
2022-11-01,43.13,Maize,Chad,Doba,RETAIL,100 Kg,kg,0.4313
2022-12-01,43.68,Maize,Chad,Doba,RETAIL,100 Kg,kg,0.4368
2023-01-01,42.05,Maize,Chad,Doba,RETAIL,100 Kg,kg,0.4205
2023-02-01,43.47,Maize,Chad,Doba,RETAIL,100 Kg,kg,0.4347
2023-03-01,44.07,Maize,Chad,Doba,RETAIL,100 Kg,kg,0.4407
2023-04-01,44.96,Maize,Chad,Doba,RETAIL,100 Kg,kg,0.4496
2023-05-01,44.55,Maize,Chad,Doba,RETAIL,100 Kg,kg,0.44549999999999995
2023-06-01,44.99,Maize,Chad,Doba,RETAIL,100 Kg,kg,0.4499
2023-07-01,46.08,Maize,Chad,Doba,RETAIL,100 Kg,kg,0.4608
2023-08-01,45.09,Maize,Chad,Doba,RETAIL,100 Kg,kg,0.4509
2023-09-01,44.16,Maize,Chad,Doba,RETAIL,100 Kg,kg,0.4416
2023-10-01,42.94,Maize,Chad,Doba,RETAIL,100 Kg,kg,0.4294
2023-11-01,43.39,Maize,Chad,Doba,RETAIL,100 Kg,kg,0.4339
2023-12-01,41.74,Maize,Chad,Doba,RETAIL,100 Kg,kg,0.4174
2024-01-01,41.75,Maize,Chad,Doba,RETAIL,100 Kg,kg,0.4175
2024-02-01,43.88,Maize,Chad,Doba,RETAIL,100 Kg,kg,0.4388
2024-03-01,44.02,Maize,Chad,Doba,RETAIL,100 Kg,kg,0.44020000000000004
2024-04-01,44.34,Maize,Chad,Doba,RETAIL,100 Kg,kg,0.4434
2024-05-01,44.69,Maize,Chad,Doba,RETAIL,100 Kg,kg,0.44689999999999996
2024-06-01,44.47,Maize,Chad,Doba,RETAIL,100 Kg,kg,0.4447
2024-07-01,60.18,Maize,Chad,Doba,RETAIL,100 Kg,kg,0.6018
2024-08-01,58.76,Maize,Chad,Doba,RETAIL,100 Kg,kg,0.5876
2024-09-01,55.2,Maize,Chad,Doba,RETAIL,100 Kg,kg,0.552
2024-10-01,47.65,Maize,Chad,Doba,RETAIL,100 Kg,kg,0.4765
2024-11-01,51.77,Maize,Chad,Doba,RETAIL,100 Kg,kg,0.5177
2024-12-01,45.79,Maize,Chad,Doba,RETAIL,100 Kg,kg,0.4579
2025-01-01,,Maize,Chad,Doba,RETAIL,100 Kg,kg,
2025-02-01,,Maize,Chad,Doba,RETAIL,100 Kg,kg,
2025-03-01,,Maize,Chad,Doba,RETAIL,100 Kg,kg,
2025-04-01,,Maize,Chad,Doba,RETAIL,100 Kg,kg,
2025-05-01,46.38,Maize,Chad,Doba,RETAIL,100 Kg,kg,0.46380000000000005
2025-06-01,49.35,Maize,Chad,Doba,RETAIL,100 Kg,kg,0.4935
2025-07-01,47.87,Maize,Chad,Doba,RETAIL,100 Kg,kg,0.47869999999999996
2025-08-01,46.15,Maize,Chad,Doba,RETAIL,100 Kg,kg,0.46149999999999997
2025-09-01,43.66,Maize,Chad,Doba,RETAIL,100 Kg,kg,0.4366
2022-06-01,46.71,Maize,Chad,Mongo,RETAIL,100 Kg,kg,0.4671
2022-07-01,45.0,Maize,Chad,Mongo,RETAIL,100 Kg,kg,0.45
2022-08-01,44.78,Maize,Chad,Mongo,RETAIL,100 Kg,kg,0.44780000000000003
2022-09-01,40.77,Maize,Chad,Mongo,RETAIL,100 Kg,kg,0.4077
2022-10-01,44.49,Maize,Chad,Mongo,RETAIL,100 Kg,kg,0.4449
2022-11-01,46.19,Maize,Chad,Mongo,RETAIL,100 Kg,kg,0.4619
2022-12-01,47.94,Maize,Chad,Mongo,RETAIL,100 Kg,kg,0.4794
2023-01-01,49.25,Maize,Chad,Mongo,RETAIL,100 Kg,kg,0.4925
2023-02-01,44.92,Maize,Chad,Mongo,RETAIL,100 Kg,kg,0.44920000000000004
2023-03-01,48.15,Maize,Chad,Mongo,RETAIL,100 Kg,kg,0.4815
2023-04-01,,Maize,Chad,Mongo,RETAIL,100 Kg,kg,
2023-05-01,48.87,Maize,Chad,Mongo,RETAIL,100 Kg,kg,0.48869999999999997
2023-06-01,48.75,Maize,Chad,Mongo,RETAIL,100 Kg,kg,0.4875
2023-07-01,49.73,Maize,Chad,Mongo,RETAIL,100 Kg,kg,0.49729999999999996
2023-08-01,49.89,Maize,Chad,Mongo,RETAIL,100 Kg,kg,0.4989
2023-09-01,48.86,Maize,Chad,Mongo,RETAIL,100 Kg,kg,0.4886
2023-10-01,48.31,Maize,Chad,Mongo,RETAIL,100 Kg,kg,0.48310000000000003
2023-11-01,49.43,Maize,Chad,Mongo,RETAIL,100 Kg,kg,0.4943
2023-12-01,49.86,Maize,Chad,Mongo,RETAIL,100 Kg,kg,0.4986
2024-01-01,49.87,Maize,Chad,Mongo,RETAIL,100 Kg,kg,0.4987
2024-02-01,49.37,Maize,Chad,Mongo,RETAIL,100 Kg,kg,0.49369999999999997
2024-03-01,66.3,Maize,Chad,Mongo,RETAIL,100 Kg,kg,0.6629999999999999
2024-04-01,,Maize,Chad,Mongo,RETAIL,100 Kg,kg,
2024-05-01,74.17,Maize,Chad,Mongo,RETAIL,100 Kg,kg,0.7417
2024-06-01,73.81,Maize,Chad,Mongo,RETAIL,100 Kg,kg,0.7381
2024-07-01,82.66,Maize,Chad,Mongo,RETAIL,100 Kg,kg,0.8266
2024-08-01,75.55,Maize,Chad,Mongo,RETAIL,100 Kg,kg,0.7555
2024-09-01,75.04,Maize,Chad,Mongo,RETAIL,100 Kg,kg,0.7504000000000001
2024-10-01,80.62,Maize,Chad,Mongo,RETAIL,100 Kg,kg,0.8062
2024-11-01,64.82,Maize,Chad,Mongo,RETAIL,100 Kg,kg,0.6481999999999999
2024-12-01,79.87,Maize,Chad,Mongo,RETAIL,100 Kg,kg,0.7987000000000001
2025-01-01,,Maize,Chad,Mongo,RETAIL,100 Kg,kg,
2025-02-01,,Maize,Chad,Mongo,RETAIL,100 Kg,kg,
2025-03-01,,Maize,Chad,Mongo,RETAIL,100 Kg,kg,
2025-04-01,,Maize,Chad,Mongo,RETAIL,100 Kg,kg,
2025-05-01,68.77,Maize,Chad,Mongo,RETAIL,100 Kg,kg,0.6877
2025-06-01,70.23,Maize,Chad,Mongo,RETAIL,100 Kg,kg,0.7023
2025-07-01,71.21,Maize,Chad,Mongo,RETAIL,100 Kg,kg,0.7121
2025-08-01,71.03,Maize,Chad,Mongo,RETAIL,100 Kg,kg,0.7103
2025-09-01,71.54,Maize,Chad,Mongo,RETAIL,100 Kg,kg,0.7154
2022-06-01,37.4,Maize,Chad,Moundou,RETAIL,100 Kg,kg,0.374
2022-07-01,36.97,Maize,Chad,Moundou,RETAIL,100 Kg,kg,0.3697
2022-08-01,33.97,Maize,Chad,Moundou,RETAIL,100 Kg,kg,0.3397
2022-09-01,34.95,Maize,Chad,Moundou,RETAIL,100 Kg,kg,0.34950000000000003
2022-10-01,35.2,Maize,Chad,Moundou,RETAIL,100 Kg,kg,0.35200000000000004
2022-11-01,36.39,Maize,Chad,Moundou,RETAIL,100 Kg,kg,0.3639
2022-12-01,37.93,Maize,Chad,Moundou,RETAIL,100 Kg,kg,0.37929999999999997
2023-01-01,42.03,Maize,Chad,Moundou,RETAIL,100 Kg,kg,0.4203
2023-02-01,41.08,Maize,Chad,Moundou,RETAIL,100 Kg,kg,0.4108
2023-03-01,41.7,Maize,Chad,Moundou,RETAIL,100 Kg,kg,0.41700000000000004
2023-04-01,43.72,Maize,Chad,Moundou,RETAIL,100 Kg,kg,0.4372
2023-05-01,45.06,Maize,Chad,Moundou,RETAIL,100 Kg,kg,0.4506
2023-06-01,45.11,Maize,Chad,Moundou,RETAIL,100 Kg,kg,0.4511
2023-07-01,45.52,Maize,Chad,Moundou,RETAIL,100 Kg,kg,0.45520000000000005
2023-08-01,44.9,Maize,Chad,Moundou,RETAIL,100 Kg,kg,0.449
2023-09-01,43.0,Maize,Chad,Moundou,RETAIL,100 Kg,kg,0.43
2023-10-01,38.97,Maize,Chad,Moundou,RETAIL,100 Kg,kg,0.3897
2023-11-01,39.22,Maize,Chad,Moundou,RETAIL,100 Kg,kg,0.3922
2023-12-01,40.06,Maize,Chad,Moundou,RETAIL,100 Kg,kg,0.4006
2024-01-01,41.06,Maize,Chad,Moundou,RETAIL,100 Kg,kg,0.4106
2024-02-01,41.14,Maize,Chad,Moundou,RETAIL,100 Kg,kg,0.4114
2024-03-01,45.08,Maize,Chad,Moundou,RETAIL,100 Kg,kg,0.4508
2024-04-01,44.16,Maize,Chad,Moundou,RETAIL,100 Kg,kg,0.4416
2024-05-01,44.5,Maize,Chad,Moundou,RETAIL,100 Kg,kg,0.445
2024-06-01,57.08,Maize,Chad,Moundou,RETAIL,100 Kg,kg,0.5708
2024-07-01,57.82,Maize,Chad,Moundou,RETAIL,100 Kg,kg,0.5782
2024-08-01,60.53,Maize,Chad,Moundou,RETAIL,100 Kg,kg,0.6053000000000001
2024-09-01,43.12,Maize,Chad,Moundou,RETAIL,100 Kg,kg,0.43119999999999997
2024-10-01,39.9,Maize,Chad,Moundou,RETAIL,100 Kg,kg,0.39899999999999997
2024-11-01,43.11,Maize,Chad,Moundou,RETAIL,100 Kg,kg,0.4311
2024-12-01,43.45,Maize,Chad,Moundou,RETAIL,100 Kg,kg,0.43450000000000005
2025-01-01,,Maize,Chad,Moundou,RETAIL,100 Kg,kg,
2025-02-01,,Maize,Chad,Moundou,RETAIL,100 Kg,kg,
2025-03-01,,Maize,Chad,Moundou,RETAIL,100 Kg,kg,
2025-04-01,,Maize,Chad,Moundou,RETAIL,100 Kg,kg,
2025-05-01,44.56,Maize,Chad,Moundou,RETAIL,100 Kg,kg,0.4456
2025-06-01,45.44,Maize,Chad,Moundou,RETAIL,100 Kg,kg,0.45439999999999997
2025-07-01,45.03,Maize,Chad,Moundou,RETAIL,100 Kg,kg,0.45030000000000003
2025-08-01,44.39,Maize,Chad,Moundou,RETAIL,100 Kg,kg,0.4439
2025-09-01,43.99,Maize,Chad,Moundou,RETAIL,100 Kg,kg,0.4399
2022-06-01,33.68,Maize,Chad,N'Djamena,RETAIL,100 Kg,kg,0.3368
2022-07-01,39.15,Maize,Chad,N'Djamena,RETAIL,100 Kg,kg,0.39149999999999996
2022-08-01,42.57,Maize,Chad,N'Djamena,RETAIL,100 Kg,kg,0.4257
2022-09-01,40.8,Maize,Chad,N'Djamena,RETAIL,100 Kg,kg,0.408
2022-10-01,38.8,Maize,Chad,N'Djamena,RETAIL,100 Kg,kg,0.38799999999999996
2022-11-01,40.82,Maize,Chad,N'Djamena,RETAIL,100 Kg,kg,0.4082
2022-12-01,42.37,Maize,Chad,N'Djamena,RETAIL,100 Kg,kg,0.42369999999999997
2023-01-01,41.86,Maize,Chad,N'Djamena,RETAIL,100 Kg,kg,0.41859999999999997
2023-02-01,44.01,Maize,Chad,N'Djamena,RETAIL,100 Kg,kg,0.4401
2023-03-01,44.5,Maize,Chad,N'Djamena,RETAIL,100 Kg,kg,0.445
2023-04-01,45.59,Maize,Chad,N'Djamena,RETAIL,100 Kg,kg,0.4559
2023-05-01,,Maize,Chad,N'Djamena,RETAIL,100 Kg,kg,
2023-06-01,44.22,Maize,Chad,N'Djamena,RETAIL,100 Kg,kg,0.4422
2023-07-01,48.13,Maize,Chad,N'Djamena,RETAIL,100 Kg,kg,0.4813
2023-08-01,57.28,Maize,Chad,N'Djamena,RETAIL,100 Kg,kg,0.5728
2023-09-01,64.37,Maize,Chad,N'Djamena,RETAIL,100 Kg,kg,0.6437
2023-10-01,54.25,Maize,Chad,N'Djamena,RETAIL,100 Kg,kg,0.5425
2023-11-01,38.86,Maize,Chad,N'Djamena,RETAIL,100 Kg,kg,0.3886
2023-12-01,52.2,Maize,Chad,N'Djamena,RETAIL,100 Kg,kg,0.522
2024-01-01,51.81,Maize,Chad,N'Djamena,RETAIL,100 Kg,kg,0.5181
2024-02-01,51.79,Maize,Chad,N'Djamena,RETAIL,100 Kg,kg,0.5179
2024-03-01,54.7,Maize,Chad,N'Djamena,RETAIL,100 Kg,kg,0.547
2024-04-01,52.61,Maize,Chad,N'Djamena,RETAIL,100 Kg,kg,0.5261
2024-05-01,68.66,Maize,Chad,N'Djamena,RETAIL,100 Kg,kg,0.6866
2024-06-01,68.32,Maize,Chad,N'Djamena,RETAIL,100 Kg,kg,0.6831999999999999
2024-07-01,66.75,Maize,Chad,N'Djamena,RETAIL,100 Kg,kg,0.6675
2024-08-01,75.09,Maize,Chad,N'Djamena,RETAIL,100 Kg,kg,0.7509
2024-09-01,77.47,Maize,Chad,N'Djamena,RETAIL,100 Kg,kg,0.7746999999999999
2024-10-01,66.13,Maize,Chad,N'Djamena,RETAIL,100 Kg,kg,0.6613
2024-11-01,53.97,Maize,Chad,N'Djamena,RETAIL,100 Kg,kg,0.5397
2024-12-01,53.14,Maize,Chad,N'Djamena,RETAIL,100 Kg,kg,0.5314
2025-01-01,,Maize,Chad,N'Djamena,RETAIL,100 Kg,kg,
2025-02-01,,Maize,Chad,N'Djamena,RETAIL,100 Kg,kg,
2025-03-01,,Maize,Chad,N'Djamena,RETAIL,100 Kg,kg,
2025-04-01,,Maize,Chad,N'Djamena,RETAIL,100 Kg,kg,
2025-05-01,57.06,Maize,Chad,N'Djamena,RETAIL,100 Kg,kg,0.5706
2025-06-01,58.21,Maize,Chad,N'Djamena,RETAIL,100 Kg,kg,0.5821000000000001
2025-07-01,58.97,Maize,Chad,N'Djamena,RETAIL,100 Kg,kg,0.5897
2025-08-01,54.52,Maize,Chad,N'Djamena,RETAIL,100 Kg,kg,0.5452
2025-09-01,53.33,Maize,Chad,N'Djamena,RETAIL,100 Kg,kg,0.5333
2022-06-01,40.27,Maize,Chad,Sarh,RETAIL,100 Kg,kg,0.40270000000000006
2022-07-01,38.79,Maize,Chad,Sarh,RETAIL,100 Kg,kg,0.38789999999999997
2022-08-01,38.6,Maize,Chad,Sarh,RETAIL,100 Kg,kg,0.386
2022-09-01,37.75,Maize,Chad,Sarh,RETAIL,100 Kg,kg,0.3775
2022-10-01,36.89,Maize,Chad,Sarh,RETAIL,100 Kg,kg,0.3689
2022-11-01,38.66,Maize,Chad,Sarh,RETAIL,100 Kg,kg,0.38659999999999994
2022-12-01,40.13,Maize,Chad,Sarh,RETAIL,100 Kg,kg,0.40130000000000005
2023-01-01,41.04,Maize,Chad,Sarh,RETAIL,100 Kg,kg,0.4104
2023-02-01,40.84,Maize,Chad,Sarh,RETAIL,100 Kg,kg,0.40840000000000004
2023-03-01,40.8,Maize,Chad,Sarh,RETAIL,100 Kg,kg,0.408
2023-04-01,41.8,Maize,Chad,Sarh,RETAIL,100 Kg,kg,0.418
2023-05-01,41.42,Maize,Chad,Sarh,RETAIL,100 Kg,kg,0.4142
2023-06-01,49.58,Maize,Chad,Sarh,RETAIL,100 Kg,kg,0.49579999999999996
2023-07-01,47.2,Maize,Chad,Sarh,RETAIL,100 Kg,kg,0.47200000000000003
2023-08-01,46.57,Maize,Chad,Sarh,RETAIL,100 Kg,kg,0.4657
2023-09-01,40.72,Maize,Chad,Sarh,RETAIL,100 Kg,kg,0.4072
2023-10-01,32.2,Maize,Chad,Sarh,RETAIL,100 Kg,kg,0.322
2023-11-01,41.19,Maize,Chad,Sarh,RETAIL,100 Kg,kg,0.4119
2023-12-01,44.88,Maize,Chad,Sarh,RETAIL,100 Kg,kg,0.44880000000000003
2024-01-01,44.89,Maize,Chad,Sarh,RETAIL,100 Kg,kg,0.4489
2024-02-01,45.26,Maize,Chad,Sarh,RETAIL,100 Kg,kg,0.4526
2024-03-01,45.58,Maize,Chad,Sarh,RETAIL,100 Kg,kg,0.4558
2024-04-01,44.97,Maize,Chad,Sarh,RETAIL,100 Kg,kg,0.4497
2024-05-01,45.33,Maize,Chad,Sarh,RETAIL,100 Kg,kg,0.4533
2024-06-01,50.85,Maize,Chad,Sarh,RETAIL,100 Kg,kg,0.5085000000000001
2024-07-01,45.46,Maize,Chad,Sarh,RETAIL,100 Kg,kg,0.4546
2024-08-01,50.78,Maize,Chad,Sarh,RETAIL,100 Kg,kg,0.5078
2024-09-01,42.33,Maize,Chad,Sarh,RETAIL,100 Kg,kg,0.4233
2024-10-01,49.87,Maize,Chad,Sarh,RETAIL,100 Kg,kg,0.4987
2024-11-01,44.57,Maize,Chad,Sarh,RETAIL,100 Kg,kg,0.4457
2024-12-01,43.93,Maize,Chad,Sarh,RETAIL,100 Kg,kg,0.4393
2025-01-01,,Maize,Chad,Sarh,RETAIL,100 Kg,kg,
2025-02-01,,Maize,Chad,Sarh,RETAIL,100 Kg,kg,
2025-03-01,,Maize,Chad,Sarh,RETAIL,100 Kg,kg,
2025-04-01,,Maize,Chad,Sarh,RETAIL,100 Kg,kg,
2025-05-01,40.74,Maize,Chad,Sarh,RETAIL,100 Kg,kg,0.40740000000000004
2025-06-01,43.77,Maize,Chad,Sarh,RETAIL,100 Kg,kg,0.43770000000000003
2025-07-01,48.89,Maize,Chad,Sarh,RETAIL,100 Kg,kg,0.4889
2025-08-01,48.78,Maize,Chad,Sarh,RETAIL,100 Kg,kg,0.4878
2025-09-01,35.73,Maize,Chad,Sarh,RETAIL,100 Kg,kg,0.35729999999999995
2014-01-01,0.6,Maize,Ecuador,Ambato,WHOLESALE,Kg,kg,0.6
2014-02-01,0.6,Maize,Ecuador,Ambato,WHOLESALE,Kg,kg,0.6
2014-03-01,0.54,Maize,Ecuador,Ambato,WHOLESALE,Kg,kg,0.54
2014-04-01,0.54,Maize,Ecuador,Ambato,WHOLESALE,Kg,kg,0.54
2014-05-01,0.57,Maize,Ecuador,Ambato,WHOLESALE,Kg,kg,0.57
2014-06-01,0.53,Maize,Ecuador,Ambato,WHOLESALE,Kg,kg,0.53
2014-07-01,0.35,Maize,Ecuador,Ambato,WHOLESALE,Kg,kg,0.35
2014-08-01,0.35,Maize,Ecuador,Ambato,WHOLESALE,Kg,kg,0.35
2014-09-01,0.42,Maize,Ecuador,Ambato,WHOLESALE,Kg,kg,0.42
2014-10-01,0.58,Maize,Ecuador,Ambato,WHOLESALE,Kg,kg,0.58
2014-11-01,0.64,Maize,Ecuador,Ambato,WHOLESALE,Kg,kg,0.64
2014-12-01,0.65,Maize,Ecuador,Ambato,WHOLESALE,Kg,kg,0.65
2015-01-01,0.72,Maize,Ecuador,Ambato,WHOLESALE,Kg,kg,0.72
2015-02-01,0.79,Maize,Ecuador,Ambato,WHOLESALE,Kg,kg,0.79
2015-03-01,,Maize,Ecuador,Ambato,WHOLESALE,Kg,kg,
2015-04-01,,Maize,Ecuador,Ambato,WHOLESALE,Kg,kg,
2015-05-01,,Maize,Ecuador,Ambato,WHOLESALE,Kg,kg,
2015-06-01,,Maize,Ecuador,Ambato,WHOLESALE,Kg,kg,
2015-07-01,,Maize,Ecuador,Ambato,WHOLESALE,Kg,kg,
2015-08-01,,Maize,Ecuador,Ambato,WHOLESALE,Kg,kg,
2015-09-01,,Maize,Ecuador,Ambato,WHOLESALE,Kg,kg,
2015-10-01,,Maize,Ecuador,Ambato,WHOLESALE,Kg,kg,
2015-11-01,0.66,Maize,Ecuador,Ambato,WHOLESALE,Kg,kg,0.66
2015-12-01,0.67,Maize,Ecuador,Ambato,WHOLESALE,Kg,kg,0.67
2016-01-01,0.52,Maize,Ecuador,Ambato,WHOLESALE,Kg,kg,0.52
2016-02-01,0.59,Maize,Ecuador,Ambato,WHOLESALE,Kg,kg,0.59
2016-03-01,0.68,Maize,Ecuador,Ambato,WHOLESALE,Kg,kg,0.68
2016-04-01,0.64,Maize,Ecuador,Ambato,WHOLESALE,Kg,kg,0.64
2016-05-01,0.53,Maize,Ecuador,Ambato,WHOLESALE,Kg,kg,0.53
2016-06-01,,Maize,Ecuador,Ambato,WHOLESALE,Kg,kg,
2016-07-01,,Maize,Ecuador,Ambato,WHOLESALE,Kg,kg,
2016-08-01,,Maize,Ecuador,Ambato,WHOLESALE,Kg,kg,
2016-09-01,,Maize,Ecuador,Ambato,WHOLESALE,Kg,kg,
2016-10-01,0.58,Maize,Ecuador,Ambato,WHOLESALE,Kg,kg,0.58
2016-11-01,0.48,Maize,Ecuador,Ambato,WHOLESALE,Kg,kg,0.48
2016-12-01,0.56,Maize,Ecuador,Ambato,WHOLESALE,Kg,kg,0.56
2017-01-01,0.58,Maize,Ecuador,Ambato,WHOLESALE,Kg,kg,0.58
2017-02-01,0.54,Maize,Ecuador,Ambato,WHOLESALE,Kg,kg,0.54
2017-03-01,0.5,Maize,Ecuador,Ambato,WHOLESALE,Kg,kg,0.5
2017-04-01,0.55,Maize,Ecuador,Ambato,WHOLESALE,Kg,kg,0.55
2017-05-01,0.55,Maize,Ecuador,Ambato,WHOLESALE,Kg,kg,0.55
2017-06-01,,Maize,Ecuador,Ambato,WHOLESALE,Kg,kg,
2017-07-01,,Maize,Ecuador,Ambato,WHOLESALE,Kg,kg,
2017-08-01,,Maize,Ecuador,Ambato,WHOLESALE,Kg,kg,
2017-09-01,0.46,Maize,Ecuador,Ambato,WHOLESALE,Kg,kg,0.46
2017-10-01,0.5,Maize,Ecuador,Ambato,WHOLESALE,Kg,kg,0.5
2017-11-01,0.57,Maize,Ecuador,Ambato,WHOLESALE,Kg,kg,0.57
2017-12-01,0.61,Maize,Ecuador,Ambato,WHOLESALE,Kg,kg,0.61
2018-01-01,0.44,Maize,Ecuador,Ambato,WHOLESALE,Kg,kg,0.44
2018-02-01,0.43,Maize,Ecuador,Ambato,WHOLESALE,Kg,kg,0.43
2018-03-01,0.46,Maize,Ecuador,Ambato,WHOLESALE,Kg,kg,0.46
2018-04-01,0.48,Maize,Ecuador,Ambato,WHOLESALE,Kg,kg,0.48
2018-05-01,0.56,Maize,Ecuador,Ambato,WHOLESALE,Kg,kg,0.56
2018-06-01,,Maize,Ecuador,Ambato,WHOLESALE,Kg,kg,
2018-07-01,,Maize,Ecuador,Ambato,WHOLESALE,Kg,kg,
2018-08-01,,Maize,Ecuador,Ambato,WHOLESALE,Kg,kg,
2018-09-01,,Maize,Ecuador,Ambato,WHOLESALE,Kg,kg,
2018-10-01,0.59,Maize,Ecuador,Ambato,WHOLESALE,Kg,kg,0.59
2018-11-01,0.54,Maize,Ecuador,Ambato,WHOLESALE,Kg,kg,0.54
2018-12-01,0.53,Maize,Ecuador,Ambato,WHOLESALE,Kg,kg,0.53
2019-01-01,0.52,Maize,Ecuador,Ambato,WHOLESALE,Kg,kg,0.52
2019-02-01,0.56,Maize,Ecuador,Ambato,WHOLESALE,Kg,kg,0.56
2019-03-01,0.44,Maize,Ecuador,Ambato,WHOLESALE,Kg,kg,0.44
2019-04-01,0.38,Maize,Ecuador,Ambato,WHOLESALE,Kg,kg,0.38
2019-05-01,0.46,Maize,Ecuador,Ambato,WHOLESALE,Kg,kg,0.46
2019-06-01,,Maize,Ecuador,Ambato,WHOLESALE,Kg,kg,
2019-07-01,,Maize,Ecuador,Ambato,WHOLESALE,Kg,kg,
2019-08-01,,Maize,Ecuador,Ambato,WHOLESALE,Kg,kg,
2019-09-01,,Maize,Ecuador,Ambato,WHOLESALE,Kg,kg,
2019-10-01,0.68,Maize,Ecuador,Ambato,WHOLESALE,Kg,kg,0.68
2019-11-01,0.68,Maize,Ecuador,Ambato,WHOLESALE,Kg,kg,0.68
2019-12-01,0.63,Maize,Ecuador,Ambato,WHOLESALE,Kg,kg,0.63
2020-01-01,0.58,Maize,Ecuador,Ambato,WHOLESALE,Kg,kg,0.58
2020-02-01,0.46,Maize,Ecuador,Ambato,WHOLESALE,Kg,kg,0.46
2020-03-01,0.42,Maize,Ecuador,Ambato,WHOLESALE,Kg,kg,0.42
2020-04-01,0.43,Maize,Ecuador,Ambato,WHOLESALE,Kg,kg,0.43
2020-05-01,0.45,Maize,Ecuador,Ambato,WHOLESALE,Kg,kg,0.45
2020-06-01,0.4,Maize,Ecuador,Ambato,WHOLESALE,Kg,kg,0.4
2020-07-01,0.39,Maize,Ecuador,Ambato,WHOLESALE,Kg,kg,0.39
2020-08-01,0.35,Maize,Ecuador,Ambato,WHOLESALE,Kg,kg,0.35
2020-09-01,0.41,Maize,Ecuador,Ambato,WHOLESALE,Kg,kg,0.41
2020-10-01,0.47,Maize,Ecuador,Ambato,WHOLESALE,Kg,kg,0.47
2020-11-01,0.42,Maize,Ecuador,Ambato,WHOLESALE,Kg,kg,0.42
2020-12-01,0.43,Maize,Ecuador,Ambato,WHOLESALE,Kg,kg,0.43
2021-01-01,0.42,Maize,Ecuador,Ambato,WHOLESALE,Kg,kg,0.42
2021-02-01,0.51,Maize,Ecuador,Ambato,WHOLESALE,Kg,kg,0.51
2021-03-01,0.67,Maize,Ecuador,Ambato,WHOLESALE,Kg,kg,0.67
2021-04-01,0.58,Maize,Ecuador,Ambato,WHOLESALE,Kg,kg,0.58
2021-05-01,0.56,Maize,Ecuador,Ambato,WHOLESALE,Kg,kg,0.56
2021-06-01,0.42,Maize,Ecuador,Ambato,WHOLESALE,Kg,kg,0.42
2021-07-01,0.38,Maize,Ecuador,Ambato,WHOLESALE,Kg,kg,0.38
2021-08-01,0.36,Maize,Ecuador,Ambato,WHOLESALE,Kg,kg,0.36
2021-09-01,0.39,Maize,Ecuador,Ambato,WHOLESALE,Kg,kg,0.39
2021-10-01,0.4,Maize,Ecuador,Ambato,WHOLESALE,Kg,kg,0.4
2021-11-01,0.39,Maize,Ecuador,Ambato,WHOLESALE,Kg,kg,0.39
2021-12-01,0.48,Maize,Ecuador,Ambato,WHOLESALE,Kg,kg,0.48
2022-01-01,0.58,Maize,Ecuador,Ambato,WHOLESALE,Kg,kg,0.58
2022-02-01,0.56,Maize,Ecuador,Ambato,WHOLESALE,Kg,kg,0.56
2022-03-01,0.53,Maize,Ecuador,Ambato,WHOLESALE,Kg,kg,0.53
2022-04-01,0.54,Maize,Ecuador,Ambato,WHOLESALE,Kg,kg,0.54
2022-05-01,0.68,Maize,Ecuador,Ambato,WHOLESALE,Kg,kg,0.68
2022-06-01,0.65,Maize,Ecuador,Ambato,WHOLESALE,Kg,kg,0.65
2022-07-01,0.43,Maize,Ecuador,Ambato,WHOLESALE,Kg,kg,0.43
2022-08-01,0.44,Maize,Ecuador,Ambato,WHOLESALE,Kg,kg,0.44
2022-09-01,0.5,Maize,Ecuador,Ambato,WHOLESALE,Kg,kg,0.5
2022-10-01,0.5,Maize,Ecuador,Ambato,WHOLESALE,Kg,kg,0.5
2022-11-01,0.6,Maize,Ecuador,Ambato,WHOLESALE,Kg,kg,0.6
2022-12-01,0.56,Maize,Ecuador,Ambato,WHOLESALE,Kg,kg,0.56
2023-01-01,0.51,Maize,Ecuador,Ambato,WHOLESALE,Kg,kg,0.51
2023-02-01,0.42,Maize,Ecuador,Ambato,WHOLESALE,Kg,kg,0.42
2023-03-01,0.32,Maize,Ecuador,Ambato,WHOLESALE,Kg,kg,0.32
2023-04-01,0.37,Maize,Ecuador,Ambato,WHOLESALE,Kg,kg,0.37
2023-05-01,0.4,Maize,Ecuador,Ambato,WHOLESALE,Kg,kg,0.4
2023-06-01,0.7,Maize,Ecuador,Ambato,WHOLESALE,Kg,kg,0.7
2023-07-01,0.44,Maize,Ecuador,Ambato,WHOLESALE,Kg,kg,0.44
2023-08-01,0.54,Maize,Ecuador,Ambato,WHOLESALE,Kg,kg,0.54
2023-09-01,0.52,Maize,Ecuador,Ambato,WHOLESALE,Kg,kg,0.52
2023-10-01,0.62,Maize,Ecuador,Ambato,WHOLESALE,Kg,kg,0.62
2023-11-01,0.6,Maize,Ecuador,Ambato,WHOLESALE,Kg,kg,0.6
2023-12-01,0.55,Maize,Ecuador,Ambato,WHOLESALE,Kg,kg,0.55
2024-01-01,0.45,Maize,Ecuador,Ambato,WHOLESALE,Kg,kg,0.45
2024-02-01,0.45,Maize,Ecuador,Ambato,WHOLESALE,Kg,kg,0.45
2024-03-01,0.42,Maize,Ecuador,Ambato,WHOLESALE,Kg,kg,0.42
2024-04-01,0.42,Maize,Ecuador,Ambato,WHOLESALE,Kg,kg,0.42
2024-05-01,0.46,Maize,Ecuador,Ambato,WHOLESALE,Kg,kg,0.46
2024-06-01,0.42,Maize,Ecuador,Ambato,WHOLESALE,Kg,kg,0.42
2024-07-01,0.42,Maize,Ecuador,Ambato,WHOLESALE,Kg,kg,0.42
2024-08-01,0.47,Maize,Ecuador,Ambato,WHOLESALE,Kg,kg,0.47
2024-09-01,0.56,Maize,Ecuador,Ambato,WHOLESALE,Kg,kg,0.56
2024-10-01,0.54,Maize,Ecuador,Ambato,WHOLESALE,Kg,kg,0.54
2024-11-01,0.46,Maize,Ecuador,Ambato,WHOLESALE,Kg,kg,0.46
2024-12-01,0.51,Maize,Ecuador,Ambato,WHOLESALE,Kg,kg,0.51
2025-01-01,0.68,Maize,Ecuador,Ambato,WHOLESALE,Kg,kg,0.68
2025-02-01,0.61,Maize,Ecuador,Ambato,WHOLESALE,Kg,kg,0.61
2025-03-01,0.52,Maize,Ecuador,Ambato,WHOLESALE,Kg,kg,0.52
2025-04-01,0.56,Maize,Ecuador,Ambato,WHOLESALE,Kg,kg,0.56
2025-05-01,0.54,Maize,Ecuador,Ambato,WHOLESALE,Kg,kg,0.54
2025-06-01,0.61,Maize,Ecuador,Ambato,WHOLESALE,Kg,kg,0.61
2025-07-01,0.52,Maize,Ecuador,Ambato,WHOLESALE,Kg,kg,0.52
2025-08-01,0.53,Maize,Ecuador,Ambato,WHOLESALE,Kg,kg,0.53
2025-09-01,0.56,Maize,Ecuador,Ambato,WHOLESALE,Kg,kg,0.56
2025-10-01,0.57,Maize,Ecuador,Ambato,WHOLESALE,Kg,kg,0.57
2014-01-01,0.6,Maize,Ecuador,Cuenca,WHOLESALE,Kg,kg,0.6
2014-02-01,0.59,Maize,Ecuador,Cuenca,WHOLESALE,Kg,kg,0.59
2014-03-01,0.54,Maize,Ecuador,Cuenca,WHOLESALE,Kg,kg,0.54
2014-04-01,0.52,Maize,Ecuador,Cuenca,WHOLESALE,Kg,kg,0.52
2014-05-01,0.53,Maize,Ecuador,Cuenca,WHOLESALE,Kg,kg,0.53
2014-06-01,0.53,Maize,Ecuador,Cuenca,WHOLESALE,Kg,kg,0.53
2014-07-01,0.41,Maize,Ecuador,Cuenca,WHOLESALE,Kg,kg,0.41
2014-08-01,0.37,Maize,Ecuador,Cuenca,WHOLESALE,Kg,kg,0.37
2014-09-01,0.41,Maize,Ecuador,Cuenca,WHOLESALE,Kg,kg,0.41
2014-10-01,0.5,Maize,Ecuador,Cuenca,WHOLESALE,Kg,kg,0.5
2014-11-01,0.56,Maize,Ecuador,Cuenca,WHOLESALE,Kg,kg,0.56
2014-12-01,0.46,Maize,Ecuador,Cuenca,WHOLESALE,Kg,kg,0.46
2015-01-01,0.56,Maize,Ecuador,Cuenca,WHOLESALE,Kg,kg,0.56
2015-02-01,0.6,Maize,Ecuador,Cuenca,WHOLESALE,Kg,kg,0.6
2015-03-01,0.57,Maize,Ecuador,Cuenca,WHOLESALE,Kg,kg,0.57
2015-04-01,0.55,Maize,Ecuador,Cuenca,WHOLESALE,Kg,kg,0.55
2015-05-01,0.51,Maize,Ecuador,Cuenca,WHOLESALE,Kg,kg,0.51
2015-06-01,0.57,Maize,Ecuador,Cuenca,WHOLESALE,Kg,kg,0.57
2015-07-01,0.59,Maize,Ecuador,Cuenca,WHOLESALE,Kg,kg,0.59
2015-08-01,0.62,Maize,Ecuador,Cuenca,WHOLESALE,Kg,kg,0.62
2015-09-01,0.49,Maize,Ecuador,Cuenca,WHOLESALE,Kg,kg,0.49
2015-10-01,0.53,Maize,Ecuador,Cuenca,WHOLESALE,Kg,kg,0.53
2015-11-01,0.74,Maize,Ecuador,Cuenca,WHOLESALE,Kg,kg,0.74
2015-12-01,0.74,Maize,Ecuador,Cuenca,WHOLESALE,Kg,kg,0.74
2016-01-01,0.61,Maize,Ecuador,Cuenca,WHOLESALE,Kg,kg,0.61
2016-02-01,0.68,Maize,Ecuador,Cuenca,WHOLESALE,Kg,kg,0.68
2016-03-01,0.79,Maize,Ecuador,Cuenca,WHOLESALE,Kg,kg,0.79
2016-04-01,0.7,Maize,Ecuador,Cuenca,WHOLESALE,Kg,kg,0.7
2016-05-01,0.56,Maize,Ecuador,Cuenca,WHOLESALE,Kg,kg,0.56
2016-06-01,0.55,Maize,Ecuador,Cuenca,WHOLESALE,Kg,kg,0.55
2016-07-01,0.53,Maize,Ecuador,Cuenca,WHOLESALE,Kg,kg,0.53
2016-08-01,0.41,Maize,Ecuador,Cuenca,WHOLESALE,Kg,kg,0.41
2016-09-01,0.54,Maize,Ecuador,Cuenca,WHOLESALE,Kg,kg,0.54
2016-10-01,0.63,Maize,Ecuador,Cuenca,WHOLESALE,Kg,kg,0.63
2016-11-01,0.53,Maize,Ecuador,Cuenca,WHOLESALE,Kg,kg,0.53
2016-12-01,0.59,Maize,Ecuador,Cuenca,WHOLESALE,Kg,kg,0.59
2017-01-01,0.75,Maize,Ecuador,Cuenca,WHOLESALE,Kg,kg,0.75
2017-02-01,0.7,Maize,Ecuador,Cuenca,WHOLESALE,Kg,kg,0.7
2017-03-01,0.65,Maize,Ecuador,Cuenca,WHOLESALE,Kg,kg,0.65
2017-04-01,0.64,Maize,Ecuador,Cuenca,WHOLESALE,Kg,kg,0.64
2017-05-01,0.62,Maize,Ecuador,Cuenca,WHOLESALE,Kg,kg,0.62
2017-06-01,0.66,Maize,Ecuador,Cuenca,WHOLESALE,Kg,kg,0.66
2017-07-01,0.54,Maize,Ecuador,Cuenca,WHOLESALE,Kg,kg,0.54
2017-08-01,0.41,Maize,Ecuador,Cuenca,WHOLESALE,Kg,kg,0.41
2017-09-01,0.45,Maize,Ecuador,Cuenca,WHOLESALE,Kg,kg,0.45
2017-10-01,0.53,Maize,Ecuador,Cuenca,WHOLESALE,Kg,kg,0.53
2017-11-01,0.7,Maize,Ecuador,Cuenca,WHOLESALE,Kg,kg,0.7
2017-12-01,0.66,Maize,Ecuador,Cuenca,WHOLESALE,Kg,kg,0.66
2018-01-01,0.5,Maize,Ecuador,Cuenca,WHOLESALE,Kg,kg,0.5
2018-02-01,0.51,Maize,Ecuador,Cuenca,WHOLESALE,Kg,kg,0.51
2018-03-01,0.55,Maize,Ecuador,Cuenca,WHOLESALE,Kg,kg,0.55
2018-04-01,0.54,Maize,Ecuador,Cuenca,WHOLESALE,Kg,kg,0.54
2018-05-01,0.58,Maize,Ecuador,Cuenca,WHOLESALE,Kg,kg,0.58
2018-06-01,0.61,Maize,Ecuador,Cuenca,WHOLESALE,Kg,kg,0.61
2018-07-01,0.48,Maize,Ecuador,Cuenca,WHOLESALE,Kg,kg,0.48
2018-08-01,0.46,Maize,Ecuador,Cuenca,WHOLESALE,Kg,kg,0.46
2018-09-01,0.47,Maize,Ecuador,Cuenca,WHOLESALE,Kg,kg,0.47
2018-10-01,0.6,Maize,Ecuador,Cuenca,WHOLESALE,Kg,kg,0.6
2018-11-01,0.66,Maize,Ecuador,Cuenca,WHOLESALE,Kg,kg,0.66
2018-12-01,0.63,Maize,Ecuador,Cuenca,WHOLESALE,Kg,kg,0.63
2019-01-01,0.7,Maize,Ecuador,Cuenca,WHOLESALE,Kg,kg,0.7
2019-02-01,0.7,Maize,Ecuador,Cuenca,WHOLESALE,Kg,kg,0.7
2019-03-01,0.64,Maize,Ecuador,Cuenca,WHOLESALE,Kg,kg,0.64
2019-04-01,0.55,Maize,Ecuador,Cuenca,WHOLESALE,Kg,kg,0.55
2019-05-01,0.49,Maize,Ecuador,Cuenca,WHOLESALE,Kg,kg,0.49
2019-06-01,0.61,Maize,Ecuador,Cuenca,WHOLESALE,Kg,kg,0.61
2019-07-01,0.66,Maize,Ecuador,Cuenca,WHOLESALE,Kg,kg,0.66
2019-08-01,0.55,Maize,Ecuador,Cuenca,WHOLESALE,Kg,kg,0.55
2019-09-01,0.56,Maize,Ecuador,Cuenca,WHOLESALE,Kg,kg,0.56
2019-10-01,0.75,Maize,Ecuador,Cuenca,WHOLESALE,Kg,kg,0.75
2019-11-01,0.88,Maize,Ecuador,Cuenca,WHOLESALE,Kg,kg,0.88
2019-12-01,0.83,Maize,Ecuador,Cuenca,WHOLESALE,Kg,kg,0.83
2020-01-01,0.78,Maize,Ecuador,Cuenca,WHOLESALE,Kg,kg,0.78
2020-02-01,0.69,Maize,Ecuador,Cuenca,WHOLESALE,Kg,kg,0.69
2020-03-01,0.65,Maize,Ecuador,Cuenca,WHOLESALE,Kg,kg,0.65
2020-04-01,0.61,Maize,Ecuador,Cuenca,WHOLESALE,Kg,kg,0.61
2020-05-01,0.52,Maize,Ecuador,Cuenca,WHOLESALE,Kg,kg,0.52
2020-06-01,0.48,Maize,Ecuador,Cuenca,WHOLESALE,Kg,kg,0.48
2020-07-01,0.47,Maize,Ecuador,Cuenca,WHOLESALE,Kg,kg,0.47
2020-08-01,0.44,Maize,Ecuador,Cuenca,WHOLESALE,Kg,kg,0.44
2020-09-01,0.47,Maize,Ecuador,Cuenca,WHOLESALE,Kg,kg,0.47
2020-10-01,0.6,Maize,Ecuador,Cuenca,WHOLESALE,Kg,kg,0.6
2020-11-01,0.56,Maize,Ecuador,Cuenca,WHOLESALE,Kg,kg,0.56
2020-12-01,0.55,Maize,Ecuador,Cuenca,WHOLESALE,Kg,kg,0.55
2021-01-01,0.66,Maize,Ecuador,Cuenca,WHOLESALE,Kg,kg,0.66
2021-02-01,,Maize,Ecuador,Cuenca,WHOLESALE,Kg,kg,
2021-03-01,0.72,Maize,Ecuador,Cuenca,WHOLESALE,Kg,kg,0.72
2021-04-01,0.71,Maize,Ecuador,Cuenca,WHOLESALE,Kg,kg,0.71
2021-05-01,0.64,Maize,Ecuador,Cuenca,WHOLESALE,Kg,kg,0.64
2021-06-01,0.53,Maize,Ecuador,Cuenca,WHOLESALE,Kg,kg,0.53
2021-07-01,0.47,Maize,Ecuador,Cuenca,WHOLESALE,Kg,kg,0.47
2021-08-01,0.45,Maize,Ecuador,Cuenca,WHOLESALE,Kg,kg,0.45
2021-09-01,0.45,Maize,Ecuador,Cuenca,WHOLESALE,Kg,kg,0.45
2021-10-01,0.43,Maize,Ecuador,Cuenca,WHOLESALE,Kg,kg,0.43
2021-11-01,0.46,Maize,Ecuador,Cuenca,WHOLESALE,Kg,kg,0.46
2021-12-01,0.52,Maize,Ecuador,Cuenca,WHOLESALE,Kg,kg,0.52
2022-01-01,0.6,Maize,Ecuador,Cuenca,WHOLESALE,Kg,kg,0.6
2022-02-01,0.65,Maize,Ecuador,Cuenca,WHOLESALE,Kg,kg,0.65
2022-03-01,0.62,Maize,Ecuador,Cuenca,WHOLESALE,Kg,kg,0.62
2022-04-01,0.6,Maize,Ecuador,Cuenca,WHOLESALE,Kg,kg,0.6
2022-05-01,0.68,Maize,Ecuador,Cuenca,WHOLESALE,Kg,kg,0.68
2022-06-01,0.82,Maize,Ecuador,Cuenca,WHOLESALE,Kg,kg,0.82
2022-07-01,0.53,Maize,Ecuador,Cuenca,WHOLESALE,Kg,kg,0.53
2022-08-01,0.56,Maize,Ecuador,Cuenca,WHOLESALE,Kg,kg,0.56
2022-09-01,0.58,Maize,Ecuador,Cuenca,WHOLESALE,Kg,kg,0.58
2022-10-01,0.57,Maize,Ecuador,Cuenca,WHOLESALE,Kg,kg,0.57
2022-11-01,0.66,Maize,Ecuador,Cuenca,WHOLESALE,Kg,kg,0.66
2022-12-01,0.66,Maize,Ecuador,Cuenca,WHOLESALE,Kg,kg,0.66
2023-01-01,0.58,Maize,Ecuador,Cuenca,WHOLESALE,Kg,kg,0.58
2023-02-01,0.53,Maize,Ecuador,Cuenca,WHOLESALE,Kg,kg,0.53
2023-03-01,0.57,Maize,Ecuador,Cuenca,WHOLESALE,Kg,kg,0.57
2023-04-01,0.56,Maize,Ecuador,Cuenca,WHOLESALE,Kg,kg,0.56
2023-05-01,0.55,Maize,Ecuador,Cuenca,WHOLESALE,Kg,kg,0.55
2023-06-01,0.72,Maize,Ecuador,Cuenca,WHOLESALE,Kg,kg,0.72
2023-07-01,0.57,Maize,Ecuador,Cuenca,WHOLESALE,Kg,kg,0.57
2023-08-01,0.48,Maize,Ecuador,Cuenca,WHOLESALE,Kg,kg,0.48
2023-09-01,0.5,Maize,Ecuador,Cuenca,WHOLESALE,Kg,kg,0.5
2023-10-01,0.73,Maize,Ecuador,Cuenca,WHOLESALE,Kg,kg,0.73
2023-11-01,0.66,Maize,Ecuador,Cuenca,WHOLESALE,Kg,kg,0.66
2023-12-01,0.64,Maize,Ecuador,Cuenca,WHOLESALE,Kg,kg,0.64
2024-01-01,0.59,Maize,Ecuador,Cuenca,WHOLESALE,Kg,kg,0.59
2024-02-01,0.61,Maize,Ecuador,Cuenca,WHOLESALE,Kg,kg,0.61
2024-03-01,0.57,Maize,Ecuador,Cuenca,WHOLESALE,Kg,kg,0.57
2024-04-01,0.55,Maize,Ecuador,Cuenca,WHOLESALE,Kg,kg,0.55
2024-05-01,0.55,Maize,Ecuador,Cuenca,WHOLESALE,Kg,kg,0.55
2024-06-01,0.55,Maize,Ecuador,Cuenca,WHOLESALE,Kg,kg,0.55
2024-07-01,0.54,Maize,Ecuador,Cuenca,WHOLESALE,Kg,kg,0.54
2024-08-01,0.5,Maize,Ecuador,Cuenca,WHOLESALE,Kg,kg,0.5
2024-09-01,0.63,Maize,Ecuador,Cuenca,WHOLESALE,Kg,kg,0.63
2024-10-01,0.6,Maize,Ecuador,Cuenca,WHOLESALE,Kg,kg,0.6
2024-11-01,0.52,Maize,Ecuador,Cuenca,WHOLESALE,Kg,kg,0.52
2024-12-01,0.61,Maize,Ecuador,Cuenca,WHOLESALE,Kg,kg,0.61
2025-01-01,0.82,Maize,Ecuador,Cuenca,WHOLESALE,Kg,kg,0.82
2025-02-01,0.89,Maize,Ecuador,Cuenca,WHOLESALE,Kg,kg,0.89
2025-03-01,0.75,Maize,Ecuador,Cuenca,WHOLESALE,Kg,kg,0.75
2025-04-01,0.77,Maize,Ecuador,Cuenca,WHOLESALE,Kg,kg,0.77
2025-05-01,0.68,Maize,Ecuador,Cuenca,WHOLESALE,Kg,kg,0.68
2025-06-01,0.68,Maize,Ecuador,Cuenca,WHOLESALE,Kg,kg,0.68
2025-07-01,0.56,Maize,Ecuador,Cuenca,WHOLESALE,Kg,kg,0.56
2025-08-01,0.55,Maize,Ecuador,Cuenca,WHOLESALE,Kg,kg,0.55
2025-09-01,0.58,Maize,Ecuador,Cuenca,WHOLESALE,Kg,kg,0.58
2025-10-01,0.55,Maize,Ecuador,Cuenca,WHOLESALE,Kg,kg,0.55
2014-01-01,0.75,Maize,Ecuador,Guayaquil,WHOLESALE,Kg,kg,0.75
2014-02-01,0.73,Maize,Ecuador,Guayaquil,WHOLESALE,Kg,kg,0.73
2014-03-01,0.7,Maize,Ecuador,Guayaquil,WHOLESALE,Kg,kg,0.7
2014-04-01,0.7,Maize,Ecuador,Guayaquil,WHOLESALE,Kg,kg,0.7
2014-05-01,0.65,Maize,Ecuador,Guayaquil,WHOLESALE,Kg,kg,0.65
2014-06-01,0.55,Maize,Ecuador,Guayaquil,WHOLESALE,Kg,kg,0.55
2014-07-01,0.41,Maize,Ecuador,Guayaquil,WHOLESALE,Kg,kg,0.41
2014-08-01,0.35,Maize,Ecuador,Guayaquil,WHOLESALE,Kg,kg,0.35
2014-09-01,0.43,Maize,Ecuador,Guayaquil,WHOLESALE,Kg,kg,0.43
2014-10-01,0.63,Maize,Ecuador,Guayaquil,WHOLESALE,Kg,kg,0.63
2014-11-01,0.79,Maize,Ecuador,Guayaquil,WHOLESALE,Kg,kg,0.79
2014-12-01,0.69,Maize,Ecuador,Guayaquil,WHOLESALE,Kg,kg,0.69
2015-01-01,0.73,Maize,Ecuador,Guayaquil,WHOLESALE,Kg,kg,0.73
2015-02-01,0.9,Maize,Ecuador,Guayaquil,WHOLESALE,Kg,kg,0.9
2015-03-01,0.82,Maize,Ecuador,Guayaquil,WHOLESALE,Kg,kg,0.82
2015-04-01,0.76,Maize,Ecuador,Guayaquil,WHOLESALE,Kg,kg,0.76
2015-05-01,0.62,Maize,Ecuador,Guayaquil,WHOLESALE,Kg,kg,0.62
2015-06-01,0.59,Maize,Ecuador,Guayaquil,WHOLESALE,Kg,kg,0.59
2015-07-01,0.62,Maize,Ecuador,Guayaquil,WHOLESALE,Kg,kg,0.62
2015-08-01,0.66,Maize,Ecuador,Guayaquil,WHOLESALE,Kg,kg,0.66
2015-09-01,0.62,Maize,Ecuador,Guayaquil,WHOLESALE,Kg,kg,0.62
2015-10-01,0.61,Maize,Ecuador,Guayaquil,WHOLESALE,Kg,kg,0.61
2015-11-01,0.74,Maize,Ecuador,Guayaquil,WHOLESALE,Kg,kg,0.74
2015-12-01,0.77,Maize,Ecuador,Guayaquil,WHOLESALE,Kg,kg,0.77
2016-01-01,0.74,Maize,Ecuador,Guayaquil,WHOLESALE,Kg,kg,0.74
2016-02-01,0.76,Maize,Ecuador,Guayaquil,WHOLESALE,Kg,kg,0.76
2016-03-01,0.93,Maize,Ecuador,Guayaquil,WHOLESALE,Kg,kg,0.93
2016-04-01,0.96,Maize,Ecuador,Guayaquil,WHOLESALE,Kg,kg,0.96
2016-05-01,0.61,Maize,Ecuador,Guayaquil,WHOLESALE,Kg,kg,0.61
2016-06-01,0.54,Maize,Ecuador,Guayaquil,WHOLESALE,Kg,kg,0.54
2016-07-01,0.52,Maize,Ecuador,Guayaquil,WHOLESALE,Kg,kg,0.52
2016-08-01,0.5,Maize,Ecuador,Guayaquil,WHOLESALE,Kg,kg,0.5
2016-09-01,0.6,Maize,Ecuador,Guayaquil,WHOLESALE,Kg,kg,0.6
2016-10-01,0.67,Maize,Ecuador,Guayaquil,WHOLESALE,Kg,kg,0.67
2016-11-01,0.54,Maize,Ecuador,Guayaquil,WHOLESALE,Kg,kg,0.54
2016-12-01,0.74,Maize,Ecuador,Guayaquil,WHOLESALE,Kg,kg,0.74
2017-01-01,0.91,Maize,Ecuador,Guayaquil,WHOLESALE,Kg,kg,0.91
2017-02-01,0.86,Maize,Ecuador,Guayaquil,WHOLESALE,Kg,kg,0.86
2017-03-01,0.82,Maize,Ecuador,Guayaquil,WHOLESALE,Kg,kg,0.82
2017-04-01,0.84,Maize,Ecuador,Guayaquil,WHOLESALE,Kg,kg,0.84
2017-05-01,0.67,Maize,Ecuador,Guayaquil,WHOLESALE,Kg,kg,0.67
2017-06-01,0.67,Maize,Ecuador,Guayaquil,WHOLESALE,Kg,kg,0.67
2017-07-01,0.47,Maize,Ecuador,Guayaquil,WHOLESALE,Kg,kg,0.47
2017-08-01,0.44,Maize,Ecuador,Guayaquil,WHOLESALE,Kg,kg,0.44
2017-09-01,0.48,Maize,Ecuador,Guayaquil,WHOLESALE,Kg,kg,0.48
2017-10-01,0.52,Maize,Ecuador,Guayaquil,WHOLESALE,Kg,kg,0.52
2017-11-01,0.63,Maize,Ecuador,Guayaquil,WHOLESALE,Kg,kg,0.63
2017-12-01,0.8,Maize,Ecuador,Guayaquil,WHOLESALE,Kg,kg,0.8
2018-01-01,0.69,Maize,Ecuador,Guayaquil,WHOLESALE,Kg,kg,0.69
2018-02-01,0.68,Maize,Ecuador,Guayaquil,WHOLESALE,Kg,kg,0.68
2018-03-01,0.76,Maize,Ecuador,Guayaquil,WHOLESALE,Kg,kg,0.76
2018-04-01,0.76,Maize,Ecuador,Guayaquil,WHOLESALE,Kg,kg,0.76
2018-05-01,0.7,Maize,Ecuador,Guayaquil,WHOLESALE,Kg,kg,0.7
2018-06-01,0.75,Maize,Ecuador,Guayaquil,WHOLESALE,Kg,kg,0.75
2018-07-01,0.65,Maize,Ecuador,Guayaquil,WHOLESALE,Kg,kg,0.65
2018-08-01,0.56,Maize,Ecuador,Guayaquil,WHOLESALE,Kg,kg,0.56
2018-09-01,0.75,Maize,Ecuador,Guayaquil,WHOLESALE,Kg,kg,0.75
2018-10-01,0.79,Maize,Ecuador,Guayaquil,WHOLESALE,Kg,kg,0.79
2018-11-01,0.77,Maize,Ecuador,Guayaquil,WHOLESALE,Kg,kg,0.77
2018-12-01,0.72,Maize,Ecuador,Guayaquil,WHOLESALE,Kg,kg,0.72
2019-01-01,0.74,Maize,Ecuador,Guayaquil,WHOLESALE,Kg,kg,0.74
2019-02-01,0.77,Maize,Ecuador,Guayaquil,WHOLESALE,Kg,kg,0.77
2019-03-01,0.78,Maize,Ecuador,Guayaquil,WHOLESALE,Kg,kg,0.78
2019-04-01,0.71,Maize,Ecuador,Guayaquil,WHOLESALE,Kg,kg,0.71
2019-05-01,0.66,Maize,Ecuador,Guayaquil,WHOLESALE,Kg,kg,0.66
2019-06-01,0.53,Maize,Ecuador,Guayaquil,WHOLESALE,Kg,kg,0.53
2019-07-01,0.53,Maize,Ecuador,Guayaquil,WHOLESALE,Kg,kg,0.53
2019-08-01,0.53,Maize,Ecuador,Guayaquil,WHOLESALE,Kg,kg,0.53
2019-09-01,0.54,Maize,Ecuador,Guayaquil,WHOLESALE,Kg,kg,0.54
2019-10-01,0.74,Maize,Ecuador,Guayaquil,WHOLESALE,Kg,kg,0.74
2019-11-01,0.84,Maize,Ecuador,Guayaquil,WHOLESALE,Kg,kg,0.84
2019-12-01,0.95,Maize,Ecuador,Guayaquil,WHOLESALE,Kg,kg,0.95
2020-01-01,0.95,Maize,Ecuador,Guayaquil,WHOLESALE,Kg,kg,0.95
2020-02-01,0.89,Maize,Ecuador,Guayaquil,WHOLESALE,Kg,kg,0.89
2020-03-01,0.86,Maize,Ecuador,Guayaquil,WHOLESALE,Kg,kg,0.86
2020-04-01,0.88,Maize,Ecuador,Guayaquil,WHOLESALE,Kg,kg,0.88
2020-05-01,0.69,Maize,Ecuador,Guayaquil,WHOLESALE,Kg,kg,0.69
2020-06-01,0.39,Maize,Ecuador,Guayaquil,WHOLESALE,Kg,kg,0.39
2020-07-01,0.5,Maize,Ecuador,Guayaquil,WHOLESALE,Kg,kg,0.5
2020-08-01,0.5,Maize,Ecuador,Guayaquil,WHOLESALE,Kg,kg,0.5
2020-09-01,0.5,Maize,Ecuador,Guayaquil,WHOLESALE,Kg,kg,0.5
2020-10-01,0.55,Maize,Ecuador,Guayaquil,WHOLESALE,Kg,kg,0.55
2020-11-01,0.63,Maize,Ecuador,Guayaquil,WHOLESALE,Kg,kg,0.63
2020-12-01,0.65,Maize,Ecuador,Guayaquil,WHOLESALE,Kg,kg,0.65
2021-01-01,0.68,Maize,Ecuador,Guayaquil,WHOLESALE,Kg,kg,0.68
2021-02-01,0.67,Maize,Ecuador,Guayaquil,WHOLESALE,Kg,kg,0.67
2021-03-01,0.77,Maize,Ecuador,Guayaquil,WHOLESALE,Kg,kg,0.77
2021-04-01,0.91,Maize,Ecuador,Guayaquil,WHOLESALE,Kg,kg,0.91
2021-05-01,0.82,Maize,Ecuador,Guayaquil,WHOLESALE,Kg,kg,0.82
2021-06-01,0.61,Maize,Ecuador,Guayaquil,WHOLESALE,Kg,kg,0.61
2021-07-01,0.5,Maize,Ecuador,Guayaquil,WHOLESALE,Kg,kg,0.5
2021-08-01,0.49,Maize,Ecuador,Guayaquil,WHOLESALE,Kg,kg,0.49
2021-09-01,0.44,Maize,Ecuador,Guayaquil,WHOLESALE,Kg,kg,0.44
2021-10-01,0.44,Maize,Ecuador,Guayaquil,WHOLESALE,Kg,kg,0.44
2021-11-01,0.45,Maize,Ecuador,Guayaquil,WHOLESALE,Kg,kg,0.45
2021-12-01,0.45,Maize,Ecuador,Guayaquil,WHOLESALE,Kg,kg,0.45
2022-01-01,0.48,Maize,Ecuador,Guayaquil,WHOLESALE,Kg,kg,0.48
2022-02-01,0.48,Maize,Ecuador,Guayaquil,WHOLESALE,Kg,kg,0.48
2022-03-01,0.51,Maize,Ecuador,Guayaquil,WHOLESALE,Kg,kg,0.51
2022-04-01,0.58,Maize,Ecuador,Guayaquil,WHOLESALE,Kg,kg,0.58
2022-05-01,0.58,Maize,Ecuador,Guayaquil,WHOLESALE,Kg,kg,0.58
2022-06-01,0.65,Maize,Ecuador,Guayaquil,WHOLESALE,Kg,kg,0.65
2022-07-01,0.51,Maize,Ecuador,Guayaquil,WHOLESALE,Kg,kg,0.51
2022-08-01,0.55,Maize,Ecuador,Guayaquil,WHOLESALE,Kg,kg,0.55
2022-09-01,0.53,Maize,Ecuador,Guayaquil,WHOLESALE,Kg,kg,0.53
2022-10-01,0.56,Maize,Ecuador,Guayaquil,WHOLESALE,Kg,kg,0.56
2022-11-01,0.57,Maize,Ecuador,Guayaquil,WHOLESALE,Kg,kg,0.57
2022-12-01,0.57,Maize,Ecuador,Guayaquil,WHOLESALE,Kg,kg,0.57
2023-01-01,0.56,Maize,Ecuador,Guayaquil,WHOLESALE,Kg,kg,0.56
2023-02-01,0.52,Maize,Ecuador,Guayaquil,WHOLESALE,Kg,kg,0.52
2023-03-01,0.5,Maize,Ecuador,Guayaquil,WHOLESALE,Kg,kg,0.5
2023-04-01,0.55,Maize,Ecuador,Guayaquil,WHOLESALE,Kg,kg,0.55
2023-05-01,0.46,Maize,Ecuador,Guayaquil,WHOLESALE,Kg,kg,0.46
2023-06-01,0.7,Maize,Ecuador,Guayaquil,WHOLESALE,Kg,kg,0.7
2023-07-01,0.57,Maize,Ecuador,Guayaquil,WHOLESALE,Kg,kg,0.57
2023-08-01,0.52,Maize,Ecuador,Guayaquil,WHOLESALE,Kg,kg,0.52
2023-09-01,0.48,Maize,Ecuador,Guayaquil,WHOLESALE,Kg,kg,0.48
2023-10-01,0.62,Maize,Ecuador,Guayaquil,WHOLESALE,Kg,kg,0.62
2023-11-01,0.68,Maize,Ecuador,Guayaquil,WHOLESALE,Kg,kg,0.68
2023-12-01,0.6,Maize,Ecuador,Guayaquil,WHOLESALE,Kg,kg,0.6
2024-01-01,0.6,Maize,Ecuador,Guayaquil,WHOLESALE,Kg,kg,0.6
2024-02-01,0.62,Maize,Ecuador,Guayaquil,WHOLESALE,Kg,kg,0.62
2024-03-01,0.63,Maize,Ecuador,Guayaquil,WHOLESALE,Kg,kg,0.63
2024-04-01,0.61,Maize,Ecuador,Guayaquil,WHOLESALE,Kg,kg,0.61
2024-05-01,0.6,Maize,Ecuador,Guayaquil,WHOLESALE,Kg,kg,0.6
2024-06-01,0.6,Maize,Ecuador,Guayaquil,WHOLESALE,Kg,kg,0.6
2024-07-01,0.55,Maize,Ecuador,Guayaquil,WHOLESALE,Kg,kg,0.55
2024-08-01,0.49,Maize,Ecuador,Guayaquil,WHOLESALE,Kg,kg,0.49
2024-09-01,0.6,Maize,Ecuador,Guayaquil,WHOLESALE,Kg,kg,0.6
2024-10-01,0.7,Maize,Ecuador,Guayaquil,WHOLESALE,Kg,kg,0.7
2024-11-01,0.63,Maize,Ecuador,Guayaquil,WHOLESALE,Kg,kg,0.63
2024-12-01,0.62,Maize,Ecuador,Guayaquil,WHOLESALE,Kg,kg,0.62
2025-01-01,0.75,Maize,Ecuador,Guayaquil,WHOLESALE,Kg,kg,0.75
2025-02-01,0.71,Maize,Ecuador,Guayaquil,WHOLESALE,Kg,kg,0.71
2025-03-01,0.75,Maize,Ecuador,Guayaquil,WHOLESALE,Kg,kg,0.75
2025-04-01,0.69,Maize,Ecuador,Guayaquil,WHOLESALE,Kg,kg,0.69
2025-05-01,0.62,Maize,Ecuador,Guayaquil,WHOLESALE,Kg,kg,0.62
2025-06-01,0.6,Maize,Ecuador,Guayaquil,WHOLESALE,Kg,kg,0.6
2025-07-01,0.61,Maize,Ecuador,Guayaquil,WHOLESALE,Kg,kg,0.61
2025-08-01,0.58,Maize,Ecuador,Guayaquil,WHOLESALE,Kg,kg,0.58
2025-09-01,0.56,Maize,Ecuador,Guayaquil,WHOLESALE,Kg,kg,0.56
2025-10-01,0.59,Maize,Ecuador,Guayaquil,WHOLESALE,Kg,kg,0.59
2014-01-01,0.58,Maize,Ecuador,Quito,WHOLESALE,Kg,kg,0.58
2014-02-01,0.5,Maize,Ecuador,Quito,WHOLESALE,Kg,kg,0.5
2014-03-01,0.32,Maize,Ecuador,Quito,WHOLESALE,Kg,kg,0.32
2014-04-01,0.33,Maize,Ecuador,Quito,WHOLESALE,Kg,kg,0.33
2014-05-01,0.52,Maize,Ecuador,Quito,WHOLESALE,Kg,kg,0.52
2014-06-01,0.4,Maize,Ecuador,Quito,WHOLESALE,Kg,kg,0.4
2014-07-01,0.27,Maize,Ecuador,Quito,WHOLESALE,Kg,kg,0.27
2014-08-01,0.27,Maize,Ecuador,Quito,WHOLESALE,Kg,kg,0.27
2014-09-01,0.38,Maize,Ecuador,Quito,WHOLESALE,Kg,kg,0.38
2014-10-01,0.5,Maize,Ecuador,Quito,WHOLESALE,Kg,kg,0.5
2014-11-01,0.5,Maize,Ecuador,Quito,WHOLESALE,Kg,kg,0.5
2014-12-01,0.55,Maize,Ecuador,Quito,WHOLESALE,Kg,kg,0.55
2015-01-01,0.57,Maize,Ecuador,Quito,WHOLESALE,Kg,kg,0.57
2015-02-01,0.5,Maize,Ecuador,Quito,WHOLESALE,Kg,kg,0.5
2015-03-01,0.38,Maize,Ecuador,Quito,WHOLESALE,Kg,kg,0.38
2015-04-01,0.4,Maize,Ecuador,Quito,WHOLESALE,Kg,kg,0.4
2015-05-01,0.39,Maize,Ecuador,Quito,WHOLESALE,Kg,kg,0.39
2015-06-01,0.43,Maize,Ecuador,Quito,WHOLESALE,Kg,kg,0.43
2015-07-01,0.41,Maize,Ecuador,Quito,WHOLESALE,Kg,kg,0.41
2015-08-01,0.46,Maize,Ecuador,Quito,WHOLESALE,Kg,kg,0.46
2015-09-01,0.38,Maize,Ecuador,Quito,WHOLESALE,Kg,kg,0.38
2015-10-01,0.49,Maize,Ecuador,Quito,WHOLESALE,Kg,kg,0.49
2015-11-01,0.57,Maize,Ecuador,Quito,WHOLESALE,Kg,kg,0.57
2015-12-01,0.66,Maize,Ecuador,Quito,WHOLESALE,Kg,kg,0.66
2016-01-01,0.6,Maize,Ecuador,Quito,WHOLESALE,Kg,kg,0.6
2016-02-01,0.62,Maize,Ecuador,Quito,WHOLESALE,Kg,kg,0.62
2016-03-01,0.6,Maize,Ecuador,Quito,WHOLESALE,Kg,kg,0.6
2016-04-01,0.41,Maize,Ecuador,Quito,WHOLESALE,Kg,kg,0.41
2016-05-01,0.32,Maize,Ecuador,Quito,WHOLESALE,Kg,kg,0.32
2016-06-01,0.31,Maize,Ecuador,Quito,WHOLESALE,Kg,kg,0.31
2016-07-01,0.33,Maize,Ecuador,Quito,WHOLESALE,Kg,kg,0.33
2016-08-01,0.31,Maize,Ecuador,Quito,WHOLESALE,Kg,kg,0.31
2016-09-01,0.48,Maize,Ecuador,Quito,WHOLESALE,Kg,kg,0.48
2016-10-01,0.49,Maize,Ecuador,Quito,WHOLESALE,Kg,kg,0.49
2016-11-01,0.45,Maize,Ecuador,Quito,WHOLESALE,Kg,kg,0.45
2016-12-01,0.54,Maize,Ecuador,Quito,WHOLESALE,Kg,kg,0.54
2017-01-01,0.59,Maize,Ecuador,Quito,WHOLESALE,Kg,kg,0.59
2017-02-01,0.57,Maize,Ecuador,Quito,WHOLESALE,Kg,kg,0.57
2017-03-01,0.43,Maize,Ecuador,Quito,WHOLESALE,Kg,kg,0.43
2017-04-01,0.4,Maize,Ecuador,Quito,WHOLESALE,Kg,kg,0.4
2017-05-01,,Maize,Ecuador,Quito,WHOLESALE,Kg,kg,
2017-06-01,0.49,Maize,Ecuador,Quito,WHOLESALE,Kg,kg,0.49
2017-07-01,0.29,Maize,Ecuador,Quito,WHOLESALE,Kg,kg,0.29
2017-08-01,0.28,Maize,Ecuador,Quito,WHOLESALE,Kg,kg,0.28
2017-09-01,0.32,Maize,Ecuador,Quito,WHOLESALE,Kg,kg,0.32
2017-10-01,0.37,Maize,Ecuador,Quito,WHOLESALE,Kg,kg,0.37
2017-11-01,0.55,Maize,Ecuador,Quito,WHOLESALE,Kg,kg,0.55
2017-12-01,0.57,Maize,Ecuador,Quito,WHOLESALE,Kg,kg,0.57
2018-01-01,0.42,Maize,Ecuador,Quito,WHOLESALE,Kg,kg,0.42
2018-02-01,0.42,Maize,Ecuador,Quito,WHOLESALE,Kg,kg,0.42
2018-03-01,0.42,Maize,Ecuador,Quito,WHOLESALE,Kg,kg,0.42
2018-04-01,0.41,Maize,Ecuador,Quito,WHOLESALE,Kg,kg,0.41
2018-05-01,0.37,Maize,Ecuador,Quito,WHOLESALE,Kg,kg,0.37
2018-06-01,0.42,Maize,Ecuador,Quito,WHOLESALE,Kg,kg,0.42
2018-07-01,0.27,Maize,Ecuador,Quito,WHOLESALE,Kg,kg,0.27
2018-08-01,0.28,Maize,Ecuador,Quito,WHOLESALE,Kg,kg,0.28
2018-09-01,0.39,Maize,Ecuador,Quito,WHOLESALE,Kg,kg,0.39
2018-10-01,0.48,Maize,Ecuador,Quito,WHOLESALE,Kg,kg,0.48
2018-11-01,0.52,Maize,Ecuador,Quito,WHOLESALE,Kg,kg,0.52
2018-12-01,0.43,Maize,Ecuador,Quito,WHOLESALE,Kg,kg,0.43
2019-01-01,0.51,Maize,Ecuador,Quito,WHOLESALE,Kg,kg,0.51
2019-02-01,0.54,Maize,Ecuador,Quito,WHOLESALE,Kg,kg,0.54
2019-03-01,0.43,Maize,Ecuador,Quito,WHOLESALE,Kg,kg,0.43
2019-04-01,0.28,Maize,Ecuador,Quito,WHOLESALE,Kg,kg,0.28
2019-05-01,0.29,Maize,Ecuador,Quito,WHOLESALE,Kg,kg,0.29
2019-06-01,0.35,Maize,Ecuador,Quito,WHOLESALE,Kg,kg,0.35
2019-07-01,0.35,Maize,Ecuador,Quito,WHOLESALE,Kg,kg,0.35
2019-08-01,0.32,Maize,Ecuador,Quito,WHOLESALE,Kg,kg,0.32
2019-09-01,0.38,Maize,Ecuador,Quito,WHOLESALE,Kg,kg,0.38
2019-10-01,0.57,Maize,Ecuador,Quito,WHOLESALE,Kg,kg,0.57
2019-11-01,0.63,Maize,Ecuador,Quito,WHOLESALE,Kg,kg,0.63
2019-12-01,0.66,Maize,Ecuador,Quito,WHOLESALE,Kg,kg,0.66
2020-01-01,0.62,Maize,Ecuador,Quito,WHOLESALE,Kg,kg,0.62
2020-02-01,0.52,Maize,Ecuador,Quito,WHOLESALE,Kg,kg,0.52
2020-03-01,0.32,Maize,Ecuador,Quito,WHOLESALE,Kg,kg,0.32
2020-04-01,0.21,Maize,Ecuador,Quito,WHOLESALE,Kg,kg,0.21
2020-05-01,0.21,Maize,Ecuador,Quito,WHOLESALE,Kg,kg,0.21
2020-06-01,0.26,Maize,Ecuador,Quito,WHOLESALE,Kg,kg,0.26
2020-07-01,0.24,Maize,Ecuador,Quito,WHOLESALE,Kg,kg,0.24
2020-08-01,0.25,Maize,Ecuador,Quito,WHOLESALE,Kg,kg,0.25
2020-09-01,0.31,Maize,Ecuador,Quito,WHOLESALE,Kg,kg,0.31
2020-10-01,0.4,Maize,Ecuador,Quito,WHOLESALE,Kg,kg,0.4
2020-11-01,0.37,Maize,Ecuador,Quito,WHOLESALE,Kg,kg,0.37
2020-12-01,0.4,Maize,Ecuador,Quito,WHOLESALE,Kg,kg,0.4
2021-01-01,0.45,Maize,Ecuador,Quito,WHOLESALE,Kg,kg,0.45
2021-02-01,0.48,Maize,Ecuador,Quito,WHOLESALE,Kg,kg,0.48
2021-03-01,0.51,Maize,Ecuador,Quito,WHOLESALE,Kg,kg,0.51
2021-04-01,0.53,Maize,Ecuador,Quito,WHOLESALE,Kg,kg,0.53
2021-05-01,0.43,Maize,Ecuador,Quito,WHOLESALE,Kg,kg,0.43
2021-06-01,0.34,Maize,Ecuador,Quito,WHOLESALE,Kg,kg,0.34
2021-07-01,0.23,Maize,Ecuador,Quito,WHOLESALE,Kg,kg,0.23
2021-08-01,0.23,Maize,Ecuador,Quito,WHOLESALE,Kg,kg,0.23
2021-09-01,0.29,Maize,Ecuador,Quito,WHOLESALE,Kg,kg,0.29
2021-10-01,0.31,Maize,Ecuador,Quito,WHOLESALE,Kg,kg,0.31
2021-11-01,0.41,Maize,Ecuador,Quito,WHOLESALE,Kg,kg,0.41
2021-12-01,0.54,Maize,Ecuador,Quito,WHOLESALE,Kg,kg,0.54
2022-01-01,0.57,Maize,Ecuador,Quito,WHOLESALE,Kg,kg,0.57
2022-02-01,0.58,Maize,Ecuador,Quito,WHOLESALE,Kg,kg,0.58
2022-03-01,0.47,Maize,Ecuador,Quito,WHOLESALE,Kg,kg,0.47
2022-04-01,0.47,Maize,Ecuador,Quito,WHOLESALE,Kg,kg,0.47
2022-05-01,0.54,Maize,Ecuador,Quito,WHOLESALE,Kg,kg,0.54
2022-06-01,0.74,Maize,Ecuador,Quito,WHOLESALE,Kg,kg,0.74
2022-07-01,0.33,Maize,Ecuador,Quito,WHOLESALE,Kg,kg,0.33
2022-08-01,0.34,Maize,Ecuador,Quito,WHOLESALE,Kg,kg,0.34
2022-09-01,0.34,Maize,Ecuador,Quito,WHOLESALE,Kg,kg,0.34
2022-10-01,0.38,Maize,Ecuador,Quito,WHOLESALE,Kg,kg,0.38
2022-11-01,0.46,Maize,Ecuador,Quito,WHOLESALE,Kg,kg,0.46
2022-12-01,0.45,Maize,Ecuador,Quito,WHOLESALE,Kg,kg,0.45
2023-01-01,0.43,Maize,Ecuador,Quito,WHOLESALE,Kg,kg,0.43
2023-02-01,0.32,Maize,Ecuador,Quito,WHOLESALE,Kg,kg,0.32
2023-03-01,0.28,Maize,Ecuador,Quito,WHOLESALE,Kg,kg,0.28
2023-04-01,0.28,Maize,Ecuador,Quito,WHOLESALE,Kg,kg,0.28
2023-05-01,0.33,Maize,Ecuador,Quito,WHOLESALE,Kg,kg,0.33
2023-06-01,0.49,Maize,Ecuador,Quito,WHOLESALE,Kg,kg,0.49
2023-07-01,0.28,Maize,Ecuador,Quito,WHOLESALE,Kg,kg,0.28
2023-08-01,0.27,Maize,Ecuador,Quito,WHOLESALE,Kg,kg,0.27
2023-09-01,0.32,Maize,Ecuador,Quito,WHOLESALE,Kg,kg,0.32
2023-10-01,0.42,Maize,Ecuador,Quito,WHOLESALE,Kg,kg,0.42
2023-11-01,0.45,Maize,Ecuador,Quito,WHOLESALE,Kg,kg,0.45
2023-12-01,0.38,Maize,Ecuador,Quito,WHOLESALE,Kg,kg,0.38
2024-01-01,0.39,Maize,Ecuador,Quito,WHOLESALE,Kg,kg,0.39
2024-02-01,0.38,Maize,Ecuador,Quito,WHOLESALE,Kg,kg,0.38
2024-03-01,0.28,Maize,Ecuador,Quito,WHOLESALE,Kg,kg,0.28
2024-04-01,0.34,Maize,Ecuador,Quito,WHOLESALE,Kg,kg,0.34
2024-05-01,0.32,Maize,Ecuador,Quito,WHOLESALE,Kg,kg,0.32
2024-06-01,0.29,Maize,Ecuador,Quito,WHOLESALE,Kg,kg,0.29
2024-07-01,0.28,Maize,Ecuador,Quito,WHOLESALE,Kg,kg,0.28
2024-08-01,0.32,Maize,Ecuador,Quito,WHOLESALE,Kg,kg,0.32
2024-09-01,0.41,Maize,Ecuador,Quito,WHOLESALE,Kg,kg,0.41
2024-10-01,0.52,Maize,Ecuador,Quito,WHOLESALE,Kg,kg,0.52
2024-11-01,0.34,Maize,Ecuador,Quito,WHOLESALE,Kg,kg,0.34
2024-12-01,0.48,Maize,Ecuador,Quito,WHOLESALE,Kg,kg,0.48
2025-01-01,0.57,Maize,Ecuador,Quito,WHOLESALE,Kg,kg,0.57
2025-02-01,0.56,Maize,Ecuador,Quito,WHOLESALE,Kg,kg,0.56
2025-03-01,0.37,Maize,Ecuador,Quito,WHOLESALE,Kg,kg,0.37
2025-04-01,0.42,Maize,Ecuador,Quito,WHOLESALE,Kg,kg,0.42
2025-05-01,0.54,Maize,Ecuador,Quito,WHOLESALE,Kg,kg,0.54
2025-06-01,0.46,Maize,Ecuador,Quito,WHOLESALE,Kg,kg,0.46
2025-07-01,0.29,Maize,Ecuador,Quito,WHOLESALE,Kg,kg,0.29
2025-08-01,0.28,Maize,Ecuador,Quito,WHOLESALE,Kg,kg,0.28
2025-09-01,0.39,Maize,Ecuador,Quito,WHOLESALE,Kg,kg,0.39
2025-10-01,0.34,Maize,Ecuador,Quito,WHOLESALE,Kg,kg,0.34
2014-06-01,0.41,Maize,Ecuador,Riobamba,WHOLESALE,Kg,kg,0.41
2014-07-01,0.29,Maize,Ecuador,Riobamba,WHOLESALE,Kg,kg,0.29
2014-08-01,0.32,Maize,Ecuador,Riobamba,WHOLESALE,Kg,kg,0.32
2014-09-01,0.34,Maize,Ecuador,Riobamba,WHOLESALE,Kg,kg,0.34
2014-10-01,0.43,Maize,Ecuador,Riobamba,WHOLESALE,Kg,kg,0.43
2014-11-01,0.55,Maize,Ecuador,Riobamba,WHOLESALE,Kg,kg,0.55
2014-12-01,0.52,Maize,Ecuador,Riobamba,WHOLESALE,Kg,kg,0.52
2015-01-01,0.52,Maize,Ecuador,Riobamba,WHOLESALE,Kg,kg,0.52
2015-02-01,0.59,Maize,Ecuador,Riobamba,WHOLESALE,Kg,kg,0.59
2015-03-01,0.58,Maize,Ecuador,Riobamba,WHOLESALE,Kg,kg,0.58
2015-04-01,0.6,Maize,Ecuador,Riobamba,WHOLESALE,Kg,kg,0.6
2015-05-01,0.5,Maize,Ecuador,Riobamba,WHOLESALE,Kg,kg,0.5
2015-06-01,0.54,Maize,Ecuador,Riobamba,WHOLESALE,Kg,kg,0.54
2015-07-01,0.55,Maize,Ecuador,Riobamba,WHOLESALE,Kg,kg,0.55
2015-08-01,0.58,Maize,Ecuador,Riobamba,WHOLESALE,Kg,kg,0.58
2015-09-01,0.49,Maize,Ecuador,Riobamba,WHOLESALE,Kg,kg,0.49
2015-10-01,0.5,Maize,Ecuador,Riobamba,WHOLESALE,Kg,kg,0.5
2015-11-01,0.66,Maize,Ecuador,Riobamba,WHOLESALE,Kg,kg,0.66
2015-12-01,0.74,Maize,Ecuador,Riobamba,WHOLESALE,Kg,kg,0.74
2016-01-01,0.47,Maize,Ecuador,Riobamba,WHOLESALE,Kg,kg,0.47
2016-02-01,0.51,Maize,Ecuador,Riobamba,WHOLESALE,Kg,kg,0.51
2016-03-01,0.74,Maize,Ecuador,Riobamba,WHOLESALE,Kg,kg,0.74
2016-04-01,0.65,Maize,Ecuador,Riobamba,WHOLESALE,Kg,kg,0.65
2016-05-01,0.42,Maize,Ecuador,Riobamba,WHOLESALE,Kg,kg,0.42
2016-06-01,0.43,Maize,Ecuador,Riobamba,WHOLESALE,Kg,kg,0.43
2016-07-01,0.43,Maize,Ecuador,Riobamba,WHOLESALE,Kg,kg,0.43
2016-08-01,0.41,Maize,Ecuador,Riobamba,WHOLESALE,Kg,kg,0.41
2016-09-01,0.42,Maize,Ecuador,Riobamba,WHOLESALE,Kg,kg,0.42
2016-10-01,0.58,Maize,Ecuador,Riobamba,WHOLESALE,Kg,kg,0.58
2016-11-01,0.52,Maize,Ecuador,Riobamba,WHOLESALE,Kg,kg,0.52
2016-12-01,0.57,Maize,Ecuador,Riobamba,WHOLESALE,Kg,kg,0.57
2017-01-01,0.75,Maize,Ecuador,Riobamba,WHOLESALE,Kg,kg,0.75
2017-02-01,0.66,Maize,Ecuador,Riobamba,WHOLESALE,Kg,kg,0.66
2017-03-01,0.61,Maize,Ecuador,Riobamba,WHOLESALE,Kg,kg,0.61
2017-04-01,0.61,Maize,Ecuador,Riobamba,WHOLESALE,Kg,kg,0.61
2017-05-01,0.59,Maize,Ecuador,Riobamba,WHOLESALE,Kg,kg,0.59
2017-06-01,0.63,Maize,Ecuador,Riobamba,WHOLESALE,Kg,kg,0.63
2017-07-01,0.41,Maize,Ecuador,Riobamba,WHOLESALE,Kg,kg,0.41
2017-08-01,0.35,Maize,Ecuador,Riobamba,WHOLESALE,Kg,kg,0.35
2017-09-01,0.32,Maize,Ecuador,Riobamba,WHOLESALE,Kg,kg,0.32
2017-10-01,0.42,Maize,Ecuador,Riobamba,WHOLESALE,Kg,kg,0.42
2017-11-01,0.63,Maize,Ecuador,Riobamba,WHOLESALE,Kg,kg,0.63
2017-12-01,0.57,Maize,Ecuador,Riobamba,WHOLESALE,Kg,kg,0.57
2018-01-01,0.48,Maize,Ecuador,Riobamba,WHOLESALE,Kg,kg,0.48
2018-02-01,0.5,Maize,Ecuador,Riobamba,WHOLESALE,Kg,kg,0.5
2018-03-01,0.5,Maize,Ecuador,Riobamba,WHOLESALE,Kg,kg,0.5
2018-04-01,0.47,Maize,Ecuador,Riobamba,WHOLESALE,Kg,kg,0.47
2018-05-01,0.58,Maize,Ecuador,Riobamba,WHOLESALE,Kg,kg,0.58
2018-06-01,0.58,Maize,Ecuador,Riobamba,WHOLESALE,Kg,kg,0.58
2018-07-01,,Maize,Ecuador,Riobamba,WHOLESALE,Kg,kg,
2018-08-01,,Maize,Ecuador,Riobamba,WHOLESALE,Kg,kg,
2018-09-01,0.55,Maize,Ecuador,Riobamba,WHOLESALE,Kg,kg,0.55
2018-10-01,0.54,Maize,Ecuador,Riobamba,WHOLESALE,Kg,kg,0.54
2018-11-01,0.63,Maize,Ecuador,Riobamba,WHOLESALE,Kg,kg,0.63
2018-12-01,0.51,Maize,Ecuador,Riobamba,WHOLESALE,Kg,kg,0.51
2019-01-01,0.6,Maize,Ecuador,Riobamba,WHOLESALE,Kg,kg,0.6
2019-02-01,0.58,Maize,Ecuador,Riobamba,WHOLESALE,Kg,kg,0.58
2019-03-01,0.45,Maize,Ecuador,Riobamba,WHOLESALE,Kg,kg,0.45
2019-04-01,0.39,Maize,Ecuador,Riobamba,WHOLESALE,Kg,kg,0.39
2019-05-01,0.44,Maize,Ecuador,Riobamba,WHOLESALE,Kg,kg,0.44
2019-06-01,0.42,Maize,Ecuador,Riobamba,WHOLESALE,Kg,kg,0.42
2019-07-01,,Maize,Ecuador,Riobamba,WHOLESALE,Kg,kg,
2019-08-01,,Maize,Ecuador,Riobamba,WHOLESALE,Kg,kg,
2019-09-01,,Maize,Ecuador,Riobamba,WHOLESALE,Kg,kg,
2019-10-01,0.64,Maize,Ecuador,Riobamba,WHOLESALE,Kg,kg,0.64
2019-11-01,0.71,Maize,Ecuador,Riobamba,WHOLESALE,Kg,kg,0.71
2019-12-01,0.63,Maize,Ecuador,Riobamba,WHOLESALE,Kg,kg,0.63
2020-01-01,0.59,Maize,Ecuador,Riobamba,WHOLESALE,Kg,kg,0.59
2020-02-01,0.43,Maize,Ecuador,Riobamba,WHOLESALE,Kg,kg,0.43
2020-03-01,0.42,Maize,Ecuador,Riobamba,WHOLESALE,Kg,kg,0.42
2020-04-01,0.34,Maize,Ecuador,Riobamba,WHOLESALE,Kg,kg,0.34
2020-05-01,0.33,Maize,Ecuador,Riobamba,WHOLESALE,Kg,kg,0.33
2020-06-01,0.33,Maize,Ecuador,Riobamba,WHOLESALE,Kg,kg,0.33
2020-07-01,0.35,Maize,Ecuador,Riobamba,WHOLESALE,Kg,kg,0.35
2020-08-01,0.31,Maize,Ecuador,Riobamba,WHOLESALE,Kg,kg,0.31
2020-09-01,0.3,Maize,Ecuador,Riobamba,WHOLESALE,Kg,kg,0.3
2020-10-01,0.37,Maize,Ecuador,Riobamba,WHOLESALE,Kg,kg,0.37
2020-11-01,0.42,Maize,Ecuador,Riobamba,WHOLESALE,Kg,kg,0.42
2020-12-01,0.46,Maize,Ecuador,Riobamba,WHOLESALE,Kg,kg,0.46
2021-01-01,0.48,Maize,Ecuador,Riobamba,WHOLESALE,Kg,kg,0.48
2021-02-01,0.5,Maize,Ecuador,Riobamba,WHOLESALE,Kg,kg,0.5
2021-03-01,0.57,Maize,Ecuador,Riobamba,WHOLESALE,Kg,kg,0.57
2021-04-01,0.54,Maize,Ecuador,Riobamba,WHOLESALE,Kg,kg,0.54
2021-05-01,0.51,Maize,Ecuador,Riobamba,WHOLESALE,Kg,kg,0.51
2021-06-01,0.33,Maize,Ecuador,Riobamba,WHOLESALE,Kg,kg,0.33
2021-07-01,0.4,Maize,Ecuador,Riobamba,WHOLESALE,Kg,kg,0.4
2021-08-01,0.41,Maize,Ecuador,Riobamba,WHOLESALE,Kg,kg,0.41
2021-09-01,0.4,Maize,Ecuador,Riobamba,WHOLESALE,Kg,kg,0.4
2021-10-01,0.44,Maize,Ecuador,Riobamba,WHOLESALE,Kg,kg,0.44
2021-11-01,0.45,Maize,Ecuador,Riobamba,WHOLESALE,Kg,kg,0.45
2021-12-01,0.54,Maize,Ecuador,Riobamba,WHOLESALE,Kg,kg,0.54
2022-01-01,0.51,Maize,Ecuador,Riobamba,WHOLESALE,Kg,kg,0.51
2022-02-01,0.46,Maize,Ecuador,Riobamba,WHOLESALE,Kg,kg,0.46
2022-03-01,0.44,Maize,Ecuador,Riobamba,WHOLESALE,Kg,kg,0.44
2022-04-01,0.53,Maize,Ecuador,Riobamba,WHOLESALE,Kg,kg,0.53
2022-05-01,0.55,Maize,Ecuador,Riobamba,WHOLESALE,Kg,kg,0.55
2022-06-01,0.51,Maize,Ecuador,Riobamba,WHOLESALE,Kg,kg,0.51
2022-07-01,,Maize,Ecuador,Riobamba,WHOLESALE,Kg,kg,
2022-08-01,,Maize,Ecuador,Riobamba,WHOLESALE,Kg,kg,
2022-09-01,,Maize,Ecuador,Riobamba,WHOLESALE,Kg,kg,
2022-10-01,,Maize,Ecuador,Riobamba,WHOLESALE,Kg,kg,
2022-11-01,,Maize,Ecuador,Riobamba,WHOLESALE,Kg,kg,
2022-12-01,0.48,Maize,Ecuador,Riobamba,WHOLESALE,Kg,kg,0.48
2023-01-01,0.49,Maize,Ecuador,Riobamba,WHOLESALE,Kg,kg,0.49
2023-02-01,0.37,Maize,Ecuador,Riobamba,WHOLESALE,Kg,kg,0.37
2023-03-01,0.35,Maize,Ecuador,Riobamba,WHOLESALE,Kg,kg,0.35
2023-04-01,0.37,Maize,Ecuador,Riobamba,WHOLESALE,Kg,kg,0.37
2023-05-01,0.38,Maize,Ecuador,Riobamba,WHOLESALE,Kg,kg,0.38
2023-06-01,,Maize,Ecuador,Riobamba,WHOLESALE,Kg,kg,
2023-07-01,,Maize,Ecuador,Riobamba,WHOLESALE,Kg,kg,
2023-08-01,,Maize,Ecuador,Riobamba,WHOLESALE,Kg,kg,
2023-09-01,,Maize,Ecuador,Riobamba,WHOLESALE,Kg,kg,
2023-10-01,,Maize,Ecuador,Riobamba,WHOLESALE,Kg,kg,
2023-11-01,0.48,Maize,Ecuador,Riobamba,WHOLESALE,Kg,kg,0.48
2023-12-01,0.47,Maize,Ecuador,Riobamba,WHOLESALE,Kg,kg,0.47
2024-01-01,0.49,Maize,Ecuador,Riobamba,WHOLESALE,Kg,kg,0.49
2024-02-01,0.48,Maize,Ecuador,Riobamba,WHOLESALE,Kg,kg,0.48
2024-03-01,0.46,Maize,Ecuador,Riobamba,WHOLESALE,Kg,kg,0.46
2024-04-01,0.45,Maize,Ecuador,Riobamba,WHOLESALE,Kg,kg,0.45
2024-05-01,0.28,Maize,Ecuador,Riobamba,WHOLESALE,Kg,kg,0.28
2024-06-01,,Maize,Ecuador,Riobamba,WHOLESALE,Kg,kg,
2024-07-01,,Maize,Ecuador,Riobamba,WHOLESALE,Kg,kg,
2024-08-01,,Maize,Ecuador,Riobamba,WHOLESALE,Kg,kg,
2024-09-01,,Maize,Ecuador,Riobamba,WHOLESALE,Kg,kg,
2024-10-01,,Maize,Ecuador,Riobamba,WHOLESALE,Kg,kg,
2024-11-01,0.38,Maize,Ecuador,Riobamba,WHOLESALE,Kg,kg,0.38
2024-12-01,0.52,Maize,Ecuador,Riobamba,WHOLESALE,Kg,kg,0.52
2025-01-01,0.55,Maize,Ecuador,Riobamba,WHOLESALE,Kg,kg,0.55
2025-02-01,0.62,Maize,Ecuador,Riobamba,WHOLESALE,Kg,kg,0.62
2025-03-01,0.51,Maize,Ecuador,Riobamba,WHOLESALE,Kg,kg,0.51
2025-04-01,0.62,Maize,Ecuador,Riobamba,WHOLESALE,Kg,kg,0.62
2025-05-01,0.68,Maize,Ecuador,Riobamba,WHOLESALE,Kg,kg,0.68
2017-07-01,0.42,Maize,Guinea,National Average,RETAIL,Kg,kg,0.42
2017-08-01,0.44,Maize,Guinea,National Average,RETAIL,Kg,kg,0.44
2017-09-01,0.47,Maize,Guinea,National Average,RETAIL,Kg,kg,0.47
2017-10-01,0.44,Maize,Guinea,National Average,RETAIL,Kg,kg,0.44
2017-11-01,0.46,Maize,Guinea,National Average,RETAIL,Kg,kg,0.46
2017-12-01,0.45,Maize,Guinea,National Average,RETAIL,Kg,kg,0.45
2018-01-01,0.45,Maize,Guinea,National Average,RETAIL,Kg,kg,0.45
2018-02-01,0.5,Maize,Guinea,National Average,RETAIL,Kg,kg,0.5
2018-03-01,0.49,Maize,Guinea,National Average,RETAIL,Kg,kg,0.49
2018-04-01,0.45,Maize,Guinea,National Average,RETAIL,Kg,kg,0.45
2018-05-01,0.69,Maize,Guinea,National Average,RETAIL,Kg,kg,0.69
2018-06-01,0.59,Maize,Guinea,National Average,RETAIL,Kg,kg,0.59
2018-07-01,0.59,Maize,Guinea,National Average,RETAIL,Kg,kg,0.59
2018-08-01,0.6,Maize,Guinea,National Average,RETAIL,Kg,kg,0.6
2018-09-01,0.62,Maize,Guinea,National Average,RETAIL,Kg,kg,0.62
2018-10-01,0.59,Maize,Guinea,National Average,RETAIL,Kg,kg,0.59
2018-11-01,0.57,Maize,Guinea,National Average,RETAIL,Kg,kg,0.57
2018-12-01,0.56,Maize,Guinea,National Average,RETAIL,Kg,kg,0.56
2019-01-01,0.6,Maize,Guinea,National Average,RETAIL,Kg,kg,0.6
2019-02-01,0.53,Maize,Guinea,National Average,RETAIL,Kg,kg,0.53
2019-03-01,0.53,Maize,Guinea,National Average,RETAIL,Kg,kg,0.53
2019-04-01,0.57,Maize,Guinea,National Average,RETAIL,Kg,kg,0.57
2019-05-01,0.61,Maize,Guinea,National Average,RETAIL,Kg,kg,0.61
2019-06-01,0.54,Maize,Guinea,National Average,RETAIL,Kg,kg,0.54
2019-07-01,0.53,Maize,Guinea,National Average,RETAIL,Kg,kg,0.53
2019-08-01,0.55,Maize,Guinea,National Average,RETAIL,Kg,kg,0.55
2019-09-01,0.55,Maize,Guinea,National Average,RETAIL,Kg,kg,0.55
2019-10-01,0.54,Maize,Guinea,National Average,RETAIL,Kg,kg,0.54
2019-11-01,0.51,Maize,Guinea,National Average,RETAIL,Kg,kg,0.51
2019-12-01,0.49,Maize,Guinea,National Average,RETAIL,Kg,kg,0.49
2020-01-01,0.55,Maize,Guinea,National Average,RETAIL,Kg,kg,0.55
2020-02-01,0.55,Maize,Guinea,National Average,RETAIL,Kg,kg,0.55
2020-03-01,0.54,Maize,Guinea,National Average,RETAIL,Kg,kg,0.54
2020-04-01,0.52,Maize,Guinea,National Average,RETAIL,Kg,kg,0.52
2020-05-01,0.49,Maize,Guinea,National Average,RETAIL,Kg,kg,0.49
2020-06-01,0.54,Maize,Guinea,National Average,RETAIL,Kg,kg,0.54
2020-07-01,0.54,Maize,Guinea,National Average,RETAIL,Kg,kg,0.54
2020-08-01,0.61,Maize,Guinea,National Average,RETAIL,Kg,kg,0.61
2020-09-01,0.67,Maize,Guinea,National Average,RETAIL,Kg,kg,0.67
2020-10-01,0.62,Maize,Guinea,National Average,RETAIL,Kg,kg,0.62
2020-11-01,0.63,Maize,Guinea,National Average,RETAIL,Kg,kg,0.63
2020-12-01,0.54,Maize,Guinea,National Average,RETAIL,Kg,kg,0.54
2021-01-01,0.5,Maize,Guinea,National Average,RETAIL,Kg,kg,0.5
2021-02-01,0.5,Maize,Guinea,National Average,RETAIL,Kg,kg,0.5
2021-03-01,0.51,Maize,Guinea,National Average,RETAIL,Kg,kg,0.51
2021-04-01,0.56,Maize,Guinea,National Average,RETAIL,Kg,kg,0.56
2021-05-01,0.62,Maize,Guinea,National Average,RETAIL,Kg,kg,0.62
2021-06-01,0.62,Maize,Guinea,National Average,RETAIL,Kg,kg,0.62
2021-07-01,0.63,Maize,Guinea,National Average,RETAIL,Kg,kg,0.63
2021-08-01,0.7,Maize,Guinea,National Average,RETAIL,Kg,kg,0.7
2021-09-01,0.64,Maize,Guinea,National Average,RETAIL,Kg,kg,0.64
2021-10-01,0.66,Maize,Guinea,National Average,RETAIL,Kg,kg,0.66
2021-11-01,0.72,Maize,Guinea,National Average,RETAIL,Kg,kg,0.72
2021-12-01,0.75,Maize,Guinea,National Average,RETAIL,Kg,kg,0.75
2022-01-01,0.76,Maize,Guinea,National Average,RETAIL,Kg,kg,0.76
2022-02-01,0.78,Maize,Guinea,National Average,RETAIL,Kg,kg,0.78
2022-03-01,1.06,Maize,Guinea,National Average,RETAIL,Kg,kg,1.06
2022-04-01,0.86,Maize,Guinea,National Average,RETAIL,Kg,kg,0.86
2022-05-01,0.87,Maize,Guinea,National Average,RETAIL,Kg,kg,0.87
2022-06-01,0.9,Maize,Guinea,National Average,RETAIL,Kg,kg,0.9
2022-07-01,0.96,Maize,Guinea,National Average,RETAIL,Kg,kg,0.96
2022-08-01,0.95,Maize,Guinea,National Average,RETAIL,Kg,kg,0.95
2022-09-01,1.59,Maize,Guinea,National Average,RETAIL,Kg,kg,1.59
2022-10-01,0.94,Maize,Guinea,National Average,RETAIL,Kg,kg,0.94
2022-11-01,0.89,Maize,Guinea,National Average,RETAIL,Kg,kg,0.89
2022-12-01,0.91,Maize,Guinea,National Average,RETAIL,Kg,kg,0.91
2023-01-01,0.84,Maize,Guinea,National Average,RETAIL,Kg,kg,0.84
2023-02-01,0.76,Maize,Guinea,National Average,RETAIL,Kg,kg,0.76
2023-03-01,0.81,Maize,Guinea,National Average,RETAIL,Kg,kg,0.81
2023-04-01,0.83,Maize,Guinea,National Average,RETAIL,Kg,kg,0.83
2023-05-01,0.95,Maize,Guinea,National Average,RETAIL,Kg,kg,0.95
2023-06-01,0.89,Maize,Guinea,National Average,RETAIL,Kg,kg,0.89
2023-07-01,0.88,Maize,Guinea,National Average,RETAIL,Kg,kg,0.88
2023-08-01,0.91,Maize,Guinea,National Average,RETAIL,Kg,kg,0.91
2023-09-01,0.91,Maize,Guinea,National Average,RETAIL,Kg,kg,0.91
2023-10-01,0.91,Maize,Guinea,National Average,RETAIL,Kg,kg,0.91
2023-11-01,0.93,Maize,Guinea,National Average,RETAIL,Kg,kg,0.93
2023-12-01,0.9,Maize,Guinea,National Average,RETAIL,Kg,kg,0.9
2024-01-01,0.96,Maize,Guinea,National Average,RETAIL,Kg,kg,0.96
2024-02-01,0.85,Maize,Guinea,National Average,RETAIL,Kg,kg,0.85
2024-03-01,0.87,Maize,Guinea,National Average,RETAIL,Kg,kg,0.87
2024-04-01,0.85,Maize,Guinea,National Average,RETAIL,Kg,kg,0.85
2024-05-01,0.84,Maize,Guinea,National Average,RETAIL,Kg,kg,0.84
2024-06-01,0.83,Maize,Guinea,National Average,RETAIL,Kg,kg,0.83
2024-07-01,0.91,Maize,Guinea,National Average,RETAIL,Kg,kg,0.91
2024-08-01,0.9,Maize,Guinea,National Average,RETAIL,Kg,kg,0.9
2024-09-01,0.9,Maize,Guinea,National Average,RETAIL,Kg,kg,0.9
2024-10-01,0.89,Maize,Guinea,National Average,RETAIL,Kg,kg,0.89
2024-11-01,0.9,Maize,Guinea,National Average,RETAIL,Kg,kg,0.9
2024-12-01,0.91,Maize,Guinea,National Average,RETAIL,Kg,kg,0.91
2025-01-01,0.84,Maize,Guinea,National Average,RETAIL,Kg,kg,0.84
2025-02-01,0.81,Maize,Guinea,National Average,RETAIL,Kg,kg,0.81
2025-03-01,0.85,Maize,Guinea,National Average,RETAIL,Kg,kg,0.85
2025-04-01,0.89,Maize,Guinea,National Average,RETAIL,Kg,kg,0.89
2025-05-01,0.89,Maize,Guinea,National Average,RETAIL,Kg,kg,0.89
2025-06-01,0.87,Maize,Guinea,National Average,RETAIL,Kg,kg,0.87
2025-07-01,0.93,Maize,Guinea,National Average,RETAIL,Kg,kg,0.93
2025-08-01,0.94,Maize,Guinea,National Average,RETAIL,Kg,kg,0.94
2025-09-01,0.94,Maize,Guinea,National Average,RETAIL,Kg,kg,0.94
2006-01-01,155.4,Maize,Israel,National Average,WHOLESALE,tonne,kg,0.1554
2006-02-01,152.62,Maize,Israel,National Average,WHOLESALE,tonne,kg,0.15262
2006-03-01,148.94,Maize,Israel,National Average,WHOLESALE,tonne,kg,0.14894
2006-04-01,152.25,Maize,Israel,National Average,WHOLESALE,tonne,kg,0.15225
2006-05-01,155.84,Maize,Israel,National Average,WHOLESALE,tonne,kg,0.15584
2006-06-01,159.33,Maize,Israel,National Average,WHOLESALE,tonne,kg,0.15933
2006-07-01,160.75,Maize,Israel,National Average,WHOLESALE,tonne,kg,0.16075
2006-08-01,176.55,Maize,Israel,National Average,WHOLESALE,tonne,kg,0.17655
2006-09-01,180.76,Maize,Israel,National Average,WHOLESALE,tonne,kg,0.18076
2006-10-01,186.73,Maize,Israel,National Average,WHOLESALE,tonne,kg,0.18672999999999998
2006-11-01,218.15,Maize,Israel,National Average,WHOLESALE,tonne,kg,0.21815
2006-12-01,243.96,Maize,Israel,National Average,WHOLESALE,tonne,kg,0.24396
2007-01-01,242.42,Maize,Israel,National Average,WHOLESALE,tonne,kg,0.24242
2007-02-01,246.27,Maize,Israel,National Average,WHOLESALE,tonne,kg,0.24627000000000002
2007-03-01,247.32,Maize,Israel,National Average,WHOLESALE,tonne,kg,0.24731999999999998
2007-04-01,255.28,Maize,Israel,National Average,WHOLESALE,tonne,kg,0.25528
2007-05-01,253.09,Maize,Israel,National Average,WHOLESALE,tonne,kg,0.25309
2007-06-01,257.46,Maize,Israel,National Average,WHOLESALE,tonne,kg,0.25745999999999997
2007-07-01,256.41,Maize,Israel,National Average,WHOLESALE,tonne,kg,0.25641
2007-08-01,262.88,Maize,Israel,National Average,WHOLESALE,tonne,kg,0.26288
2007-09-01,275.6,Maize,Israel,National Average,WHOLESALE,tonne,kg,0.2756
2007-10-01,292.76,Maize,Israel,National Average,WHOLESALE,tonne,kg,0.29275999999999996
2007-11-01,315.63,Maize,Israel,National Average,WHOLESALE,tonne,kg,0.31563
2007-12-01,316.37,Maize,Israel,National Average,WHOLESALE,tonne,kg,0.31637
2008-01-01,337.67,Maize,Israel,National Average,WHOLESALE,tonne,kg,0.33767
2008-02-01,351.01,Maize,Israel,National Average,WHOLESALE,tonne,kg,0.35101
2008-03-01,363.56,Maize,Israel,National Average,WHOLESALE,tonne,kg,0.36356
2008-04-01,362.7,Maize,Israel,National Average,WHOLESALE,tonne,kg,0.36269999999999997
2008-05-01,376.78,Maize,Israel,National Average,WHOLESALE,tonne,kg,0.37677999999999995
2008-06-01,380.15,Maize,Israel,National Average,WHOLESALE,tonne,kg,0.38015
2008-07-01,413.68,Maize,Israel,National Average,WHOLESALE,tonne,kg,0.41368
2008-08-01,397.83,Maize,Israel,National Average,WHOLESALE,tonne,kg,0.39782999999999996
2008-09-01,390.8,Maize,Israel,National Average,WHOLESALE,tonne,kg,0.39080000000000004
2008-10-01,354.68,Maize,Israel,National Average,WHOLESALE,tonne,kg,0.35468
2008-11-01,332.89,Maize,Israel,National Average,WHOLESALE,tonne,kg,0.33288999999999996
2008-12-01,322.89,Maize,Israel,National Average,WHOLESALE,tonne,kg,0.32289
2009-01-01,276.08,Maize,Israel,National Average,WHOLESALE,tonne,kg,0.27608
2009-02-01,244.43,Maize,Israel,National Average,WHOLESALE,tonne,kg,0.24443
2009-03-01,241.49,Maize,Israel,National Average,WHOLESALE,tonne,kg,0.24149
2009-04-01,203.73,Maize,Israel,National Average,WHOLESALE,tonne,kg,0.20373
2009-05-01,210.47,Maize,Israel,National Average,WHOLESALE,tonne,kg,0.21047
2009-06-01,220.91,Maize,Israel,National Average,WHOLESALE,tonne,kg,0.22091
2009-07-01,223.81,Maize,Israel,National Average,WHOLESALE,tonne,kg,0.22381
2009-08-01,227.33,Maize,Israel,National Average,WHOLESALE,tonne,kg,0.22733
2009-09-01,231.33,Maize,Israel,National Average,WHOLESALE,tonne,kg,0.23133
2009-10-01,233.8,Maize,Israel,National Average,WHOLESALE,tonne,kg,0.2338
2009-11-01,234.06,Maize,Israel,National Average,WHOLESALE,tonne,kg,0.23406
2009-12-01,256.47,Maize,Israel,National Average,WHOLESALE,tonne,kg,0.25647000000000003
2010-01-01,261.79,Maize,Israel,National Average,WHOLESALE,tonne,kg,0.26179
2010-02-01,259.41,Maize,Israel,National Average,WHOLESALE,tonne,kg,0.25941000000000003
2010-03-01,259.6,Maize,Israel,National Average,WHOLESALE,tonne,kg,0.2596
2010-04-01,260.08,Maize,Israel,National Average,WHOLESALE,tonne,kg,0.26008
2010-05-01,250.31,Maize,Israel,National Average,WHOLESALE,tonne,kg,0.25031
2010-06-01,250.65,Maize,Israel,National Average,WHOLESALE,tonne,kg,0.25065
2010-07-01,250.51,Maize,Israel,National Average,WHOLESALE,tonne,kg,0.25051
2010-08-01,269.05,Maize,Israel,National Average,WHOLESALE,tonne,kg,0.26905
2010-09-01,285.55,Maize,Israel,National Average,WHOLESALE,tonne,kg,0.28555
2010-10-01,306.21,Maize,Israel,National Average,WHOLESALE,tonne,kg,0.30621
2010-11-01,310.97,Maize,Israel,National Average,WHOLESALE,tonne,kg,0.31097
2010-12-01,318.72,Maize,Israel,National Average,WHOLESALE,tonne,kg,0.31872
2011-01-01,329.82,Maize,Israel,National Average,WHOLESALE,tonne,kg,0.32982
2011-02-01,339.77,Maize,Israel,National Average,WHOLESALE,tonne,kg,0.33976999999999996
2011-03-01,377.05,Maize,Israel,National Average,WHOLESALE,tonne,kg,0.37705
2011-04-01,394.12,Maize,Israel,National Average,WHOLESALE,tonne,kg,0.39412
2011-05-01,388.49,Maize,Israel,National Average,WHOLESALE,tonne,kg,0.38849
2011-06-01,395.63,Maize,Israel,National Average,WHOLESALE,tonne,kg,0.39563
2011-07-01,392.96,Maize,Israel,National Average,WHOLESALE,tonne,kg,0.39296
2011-08-01,378.37,Maize,Israel,National Average,WHOLESALE,tonne,kg,0.37837
2011-09-01,370.59,Maize,Israel,National Average,WHOLESALE,tonne,kg,0.37059
2011-10-01,369.9,Maize,Israel,National Average,WHOLESALE,tonne,kg,0.36989999999999995
2011-11-01,356.01,Maize,Israel,National Average,WHOLESALE,tonne,kg,0.35601
2011-12-01,349.68,Maize,Israel,National Average,WHOLESALE,tonne,kg,0.34968
2012-01-01,344.84,Maize,Israel,National Average,WHOLESALE,tonne,kg,0.34484
2012-02-01,353.71,Maize,Israel,National Average,WHOLESALE,tonne,kg,0.35370999999999997
2012-03-01,347.93,Maize,Israel,National Average,WHOLESALE,tonne,kg,0.34793
2012-04-01,352.14,Maize,Israel,National Average,WHOLESALE,tonne,kg,0.35214
2012-05-01,345.15,Maize,Israel,National Average,WHOLESALE,tonne,kg,0.34514999999999996
2012-06-01,323.63,Maize,Israel,National Average,WHOLESALE,tonne,kg,0.32363
2012-07-01,322.63,Maize,Israel,National Average,WHOLESALE,tonne,kg,0.32263
2012-08-01,357.18,Maize,Israel,National Average,WHOLESALE,tonne,kg,0.35718
2012-09-01,376.06,Maize,Israel,National Average,WHOLESALE,tonne,kg,0.37606
2012-10-01,383.52,Maize,Israel,National Average,WHOLESALE,tonne,kg,0.38351999999999997
2012-11-01,370.86,Maize,Israel,National Average,WHOLESALE,tonne,kg,0.37086
2012-12-01,383.69,Maize,Israel,National Average,WHOLESALE,tonne,kg,0.38369
2013-01-01,375.85,Maize,Israel,National Average,WHOLESALE,tonne,kg,0.37585
2013-02-01,380.37,Maize,Israel,National Average,WHOLESALE,tonne,kg,0.38037
2013-03-01,370.36,Maize,Israel,National Average,WHOLESALE,tonne,kg,0.37036
2013-04-01,370.85,Maize,Israel,National Average,WHOLESALE,tonne,kg,0.37085
2013-05-01,356.87,Maize,Israel,National Average,WHOLESALE,tonne,kg,0.35687
2013-06-01,356.57,Maize,Israel,National Average,WHOLESALE,tonne,kg,0.35657
2013-07-01,357.67,Maize,Israel,National Average,WHOLESALE,tonne,kg,0.35767000000000004
2013-08-01,352.42,Maize,Israel,National Average,WHOLESALE,tonne,kg,0.35242
2013-09-01,335.44,Maize,Israel,National Average,WHOLESALE,tonne,kg,0.33544
2013-10-01,319.54,Maize,Israel,National Average,WHOLESALE,tonne,kg,0.31954000000000005
2013-11-01,293.21,Maize,Israel,National Average,WHOLESALE,tonne,kg,0.29320999999999997
2013-12-01,286.15,Maize,Israel,National Average,WHOLESALE,tonne,kg,0.28614999999999996
2014-01-01,279.44,Maize,Israel,National Average,WHOLESALE,tonne,kg,0.27944
2014-02-01,277.24,Maize,Israel,National Average,WHOLESALE,tonne,kg,0.27724
2014-03-01,292.6,Maize,Israel,National Average,WHOLESALE,tonne,kg,0.2926
2014-04-01,295.11,Maize,Israel,National Average,WHOLESALE,tonne,kg,0.29511000000000004
2014-05-01,300.84,Maize,Israel,National Average,WHOLESALE,tonne,kg,0.30084
2014-06-01,295.65,Maize,Israel,National Average,WHOLESALE,tonne,kg,0.29564999999999997
2014-07-01,293.1,Maize,Israel,National Average,WHOLESALE,tonne,kg,0.2931
2014-08-01,270.13,Maize,Israel,National Average,WHOLESALE,tonne,kg,0.27013
2014-09-01,256.23,Maize,Israel,National Average,WHOLESALE,tonne,kg,0.25623
2014-10-01,244.22,Maize,Israel,National Average,WHOLESALE,tonne,kg,0.24422
2014-11-01,243.16,Maize,Israel,National Average,WHOLESALE,tonne,kg,0.24316
2014-12-01,239.72,Maize,Israel,National Average,WHOLESALE,tonne,kg,0.23972
2015-01-01,245.85,Maize,Israel,National Average,WHOLESALE,tonne,kg,0.24584999999999999
2015-02-01,249.4,Maize,Israel,National Average,WHOLESALE,tonne,kg,0.2494
2015-03-01,234.98,Maize,Israel,National Average,WHOLESALE,tonne,kg,0.23498
2015-04-01,232.09,Maize,Israel,National Average,WHOLESALE,tonne,kg,0.23209
2015-05-01,232.12,Maize,Israel,National Average,WHOLESALE,tonne,kg,0.23212
2015-06-01,226.98,Maize,Israel,National Average,WHOLESALE,tonne,kg,0.22698
2015-07-01,228.13,Maize,Israel,National Average,WHOLESALE,tonne,kg,0.22813
2015-08-01,232.18,Maize,Israel,National Average,WHOLESALE,tonne,kg,0.23218
2015-09-01,227.77,Maize,Israel,National Average,WHOLESALE,tonne,kg,0.22777
2015-10-01,228.87,Maize,Israel,National Average,WHOLESALE,tonne,kg,0.22887000000000002
2015-11-01,226.26,Maize,Israel,National Average,WHOLESALE,tonne,kg,0.22626
2015-12-01,223.42,Maize,Israel,National Average,WHOLESALE,tonne,kg,0.22341999999999998
2016-01-01,219.12,Maize,Israel,National Average,WHOLESALE,tonne,kg,0.21912
2016-02-01,221.29,Maize,Israel,National Average,WHOLESALE,tonne,kg,0.22129
2016-03-01,222.61,Maize,Israel,National Average,WHOLESALE,tonne,kg,0.22261
2016-04-01,227.7,Maize,Israel,National Average,WHOLESALE,tonne,kg,0.22769999999999999
2016-05-01,225.29,Maize,Israel,National Average,WHOLESALE,tonne,kg,0.22529
2016-06-01,237.57,Maize,Israel,National Average,WHOLESALE,tonne,kg,0.23757
2016-07-01,241.77,Maize,Israel,National Average,WHOLESALE,tonne,kg,0.24177
2016-08-01,240.58,Maize,Israel,National Average,WHOLESALE,tonne,kg,0.24058000000000002
2016-09-01,240.44,Maize,Israel,National Average,WHOLESALE,tonne,kg,0.24044
2016-10-01,232.86,Maize,Israel,National Average,WHOLESALE,tonne,kg,0.23286
2016-11-01,232.76,Maize,Israel,National Average,WHOLESALE,tonne,kg,0.23276
2016-12-01,233.3,Maize,Israel,National Average,WHOLESALE,tonne,kg,0.2333
2017-01-01,234.34,Maize,Israel,National Average,WHOLESALE,tonne,kg,0.23434
2017-02-01,241.11,Maize,Israel,National Average,WHOLESALE,tonne,kg,0.24111000000000002
2017-03-01,245.48,Maize,Israel,National Average,WHOLESALE,tonne,kg,0.24547999999999998
2017-04-01,241.65,Maize,Israel,National Average,WHOLESALE,tonne,kg,0.24165
2017-05-01,243.86,Maize,Israel,National Average,WHOLESALE,tonne,kg,0.24386000000000002
2017-06-01,246.7,Maize,Israel,National Average,WHOLESALE,tonne,kg,0.24669999999999997
2017-07-01,244.83,Maize,Israel,National Average,WHOLESALE,tonne,kg,0.24483000000000002
2017-08-01,242.41,Maize,Israel,National Average,WHOLESALE,tonne,kg,0.24241
2017-09-01,246.75,Maize,Israel,National Average,WHOLESALE,tonne,kg,0.24675
2017-10-01,247.92,Maize,Israel,National Average,WHOLESALE,tonne,kg,0.24791999999999997
2017-11-01,246.93,Maize,Israel,National Average,WHOLESALE,tonne,kg,0.24693
2017-12-01,248.34,Maize,Israel,National Average,WHOLESALE,tonne,kg,0.24834
2018-01-01,253.41,Maize,Israel,National Average,WHOLESALE,tonne,kg,0.25341
2018-02-01,247.5,Maize,Israel,National Average,WHOLESALE,tonne,kg,0.2475
2018-03-01,254.22,Maize,Israel,National Average,WHOLESALE,tonne,kg,0.25422
2018-04-01,254.14,Maize,Israel,National Average,WHOLESALE,tonne,kg,0.25414
2018-05-01,260.31,Maize,Israel,National Average,WHOLESALE,tonne,kg,0.26031
2018-06-01,263.07,Maize,Israel,National Average,WHOLESALE,tonne,kg,0.26306999999999997
2018-07-01,261.31,Maize,Israel,National Average,WHOLESALE,tonne,kg,0.26131
2018-08-01,260.6,Maize,Israel,National Average,WHOLESALE,tonne,kg,0.2606
2018-09-01,264.04,Maize,Israel,National Average,WHOLESALE,tonne,kg,0.26404
2018-10-01,257.86,Maize,Israel,National Average,WHOLESALE,tonne,kg,0.25786000000000003
2018-11-01,253.59,Maize,Israel,National Average,WHOLESALE,tonne,kg,0.25359
2018-12-01,249.68,Maize,Israel,National Average,WHOLESALE,tonne,kg,0.24968
2019-01-01,254.82,Maize,Israel,National Average,WHOLESALE,tonne,kg,0.25482
2019-02-01,259.09,Maize,Israel,National Average,WHOLESALE,tonne,kg,0.25909
2019-03-01,259.2,Maize,Israel,National Average,WHOLESALE,tonne,kg,0.2592
2019-04-01,258.58,Maize,Israel,National Average,WHOLESALE,tonne,kg,0.25858
2019-05-01,258.68,Maize,Israel,National Average,WHOLESALE,tonne,kg,0.25868
2019-06-01,259.96,Maize,Israel,National Average,WHOLESALE,tonne,kg,0.25995999999999997
2019-07-01,264.12,Maize,Israel,National Average,WHOLESALE,tonne,kg,0.26412
2019-08-01,270.67,Maize,Israel,National Average,WHOLESALE,tonne,kg,0.27067
2019-09-01,265.72,Maize,Israel,National Average,WHOLESALE,tonne,kg,0.26572
2019-10-01,261.9,Maize,Israel,National Average,WHOLESALE,tonne,kg,0.26189999999999997
2019-11-01,263.22,Maize,Israel,National Average,WHOLESALE,tonne,kg,0.26322
2019-12-01,258.73,Maize,Israel,National Average,WHOLESALE,tonne,kg,0.25873
2020-01-01,261.34,Maize,Israel,National Average,WHOLESALE,tonne,kg,0.26133999999999996
2020-02-01,265.81,Maize,Israel,National Average,WHOLESALE,tonne,kg,0.26581
2020-03-01,249.28,Maize,Israel,National Average,WHOLESALE,tonne,kg,0.24928
2020-04-01,255.62,Maize,Israel,National Average,WHOLESALE,tonne,kg,0.25562
2020-05-01,261.39,Maize,Israel,National Average,WHOLESALE,tonne,kg,0.26139
2020-06-01,262.69,Maize,Israel,National Average,WHOLESALE,tonne,kg,0.26269
2020-07-01,261.29,Maize,Israel,National Average,WHOLESALE,tonne,kg,0.26129
2020-08-01,265.13,Maize,Israel,National Average,WHOLESALE,tonne,kg,0.26513
2020-09-01,252.46,Maize,Israel,National Average,WHOLESALE,tonne,kg,0.25246
2020-10-01,265.19,Maize,Israel,National Average,WHOLESALE,tonne,kg,0.26519
2020-11-01,297.69,Maize,Israel,National Average,WHOLESALE,tonne,kg,0.29769
2020-12-01,315.78,Maize,Israel,National Average,WHOLESALE,tonne,kg,0.31577999999999995
2021-01-01,315.42,Maize,Israel,National Average,WHOLESALE,tonne,kg,0.31542000000000003
2021-02-01,325.19,Maize,Israel,National Average,WHOLESALE,tonne,kg,0.32519
2021-03-01,341.5,Maize,Israel,National Average,WHOLESALE,tonne,kg,0.3415
2021-04-01,369.97,Maize,Israel,National Average,WHOLESALE,tonne,kg,0.36997
2021-05-01,370.44,Maize,Israel,National Average,WHOLESALE,tonne,kg,0.37044
2021-06-01,376.83,Maize,Israel,National Average,WHOLESALE,tonne,kg,0.37683
2021-07-01,375.76,Maize,Israel,National Average,WHOLESALE,tonne,kg,0.37576
2021-08-01,381.45,Maize,Israel,National Average,WHOLESALE,tonne,kg,0.38145
2021-09-01,380.83,Maize,Israel,National Average,WHOLESALE,tonne,kg,0.38083
2021-10-01,377.21,Maize,Israel,National Average,WHOLESALE,tonne,kg,0.37721
2021-11-01,380.79,Maize,Israel,National Average,WHOLESALE,tonne,kg,0.38079
2021-12-01,379.18,Maize,Israel,National Average,WHOLESALE,tonne,kg,0.37918
2022-01-01,377.49,Maize,Israel,National Average,WHOLESALE,tonne,kg,0.37749
2022-02-01,368.41,Maize,Israel,National Average,WHOLESALE,tonne,kg,0.36841
2022-03-01,399.0,Maize,Israel,National Average,WHOLESALE,tonne,kg,0.399
2022-04-01,459.16,Maize,Israel,National Average,WHOLESALE,tonne,kg,0.45916
2022-05-01,478.26,Maize,Israel,National Average,WHOLESALE,tonne,kg,0.47826
2022-06-01,473.19,Maize,Israel,National Average,WHOLESALE,tonne,kg,0.47319
2022-07-01,467.29,Maize,Israel,National Average,WHOLESALE,tonne,kg,0.46729000000000004
2022-08-01,484.13,Maize,Israel,National Average,WHOLESALE,tonne,kg,0.48413
2022-09-01,447.92,Maize,Israel,National Average,WHOLESALE,tonne,kg,0.44792000000000004
2022-10-01,431.59,Maize,Israel,National Average,WHOLESALE,tonne,kg,0.43159
2022-11-01,435.02,Maize,Israel,National Average,WHOLESALE,tonne,kg,0.43501999999999996
2022-12-01,438.31,Maize,Israel,National Average,WHOLESALE,tonne,kg,0.43831
2023-01-01,440.16,Maize,Israel,National Average,WHOLESALE,tonne,kg,0.44016000000000005
2023-02-01,423.82,Maize,Israel,National Average,WHOLESALE,tonne,kg,0.42382
2023-03-01,418.81,Maize,Israel,National Average,WHOLESALE,tonne,kg,0.41881
2023-04-01,418.45,Maize,Israel,National Average,WHOLESALE,tonne,kg,0.41845
2023-05-01,414.76,Maize,Israel,National Average,WHOLESALE,tonne,kg,0.41476
2023-06-01,413.61,Maize,Israel,National Average,WHOLESALE,tonne,kg,0.41361000000000003
2023-07-01,399.38,Maize,Israel,National Average,WHOLESALE,tonne,kg,0.39938
2023-08-01,378.25,Maize,Israel,National Average,WHOLESALE,tonne,kg,0.37825
2023-09-01,364.19,Maize,Israel,National Average,WHOLESALE,tonne,kg,0.36419
2023-10-01,370.88,Maize,Israel,National Average,WHOLESALE,tonne,kg,0.37088
2023-11-01,319.96,Maize,Israel,National Average,WHOLESALE,tonne,kg,0.31995999999999997
2023-12-01,330.72,Maize,Israel,National Average,WHOLESALE,tonne,kg,0.33072
2024-01-01,322.66,Maize,Israel,National Average,WHOLESALE,tonne,kg,0.32266
2024-02-01,324.32,Maize,Israel,National Average,WHOLESALE,tonne,kg,0.32432
2024-03-01,330.28,Maize,Israel,National Average,WHOLESALE,tonne,kg,0.33027999999999996
2024-04-01,322.03,Maize,Israel,National Average,WHOLESALE,tonne,kg,0.32203
2024-05-01,319.88,Maize,Israel,National Average,WHOLESALE,tonne,kg,0.31988
2024-06-01,321.88,Maize,Israel,National Average,WHOLESALE,tonne,kg,0.32188
2024-07-01,320.97,Maize,Israel,National Average,WHOLESALE,tonne,kg,0.32097000000000003
2024-08-01,318.24,Maize,Israel,National Average,WHOLESALE,tonne,kg,0.31824
2024-09-01,318.61,Maize,Israel,National Average,WHOLESALE,tonne,kg,0.31861
2024-10-01,317.35,Maize,Israel,National Average,WHOLESALE,tonne,kg,0.31735
2024-11-01,324.72,Maize,Israel,National Average,WHOLESALE,tonne,kg,0.32472
2024-12-01,331.53,Maize,Israel,National Average,WHOLESALE,tonne,kg,0.33153
2025-01-01,330.95,Maize,Israel,National Average,WHOLESALE,tonne,kg,0.33094999999999997
2025-02-01,336.86,Maize,Israel,National Average,WHOLESALE,tonne,kg,0.33686
2025-03-01,330.97,Maize,Israel,National Average,WHOLESALE,tonne,kg,0.33097000000000004
2025-04-01,327.2,Maize,Israel,National Average,WHOLESALE,tonne,kg,0.3272
2025-05-01,336.96,Maize,Israel,National Average,WHOLESALE,tonne,kg,0.33696
2025-06-01,341.18,Maize,Israel,National Average,WHOLESALE,tonne,kg,0.34118
2025-07-01,356.0,Maize,Israel,National Average,WHOLESALE,tonne,kg,0.356
2025-08-01,351.86,Maize,Israel,National Average,WHOLESALE,tonne,kg,0.35186
2025-09-01,357.84,Maize,Israel,National Average,WHOLESALE,tonne,kg,0.35784
2025-10-01,360.97,Maize,Israel,National Average,WHOLESALE,tonne,kg,0.36097
2016-11-01,0.3,Maize,Malawi,Karonga,RETAIL,Kg,kg,0.3
2016-12-01,0.31,Maize,Malawi,Karonga,RETAIL,Kg,kg,0.31
2017-01-01,0.31,Maize,Malawi,Karonga,RETAIL,Kg,kg,0.31
2017-02-01,0.3,Maize,Malawi,Karonga,RETAIL,Kg,kg,0.3
2017-03-01,0.31,Maize,Malawi,Karonga,RETAIL,Kg,kg,0.31
2017-04-01,0.29,Maize,Malawi,Karonga,RETAIL,Kg,kg,0.29
2017-05-01,0.29,Maize,Malawi,Karonga,RETAIL,Kg,kg,0.29
2017-06-01,0.29,Maize,Malawi,Karonga,RETAIL,Kg,kg,0.29
2017-07-01,0.29,Maize,Malawi,Karonga,RETAIL,Kg,kg,0.29
2017-08-01,0.29,Maize,Malawi,Karonga,RETAIL,Kg,kg,0.29
2017-09-01,0.29,Maize,Malawi,Karonga,RETAIL,Kg,kg,0.29
2017-10-01,0.29,Maize,Malawi,Karonga,RETAIL,Kg,kg,0.29
2017-11-01,0.29,Maize,Malawi,Karonga,RETAIL,Kg,kg,0.29
2017-12-01,0.13,Maize,Malawi,Karonga,RETAIL,Kg,kg,0.13
2018-01-01,0.12,Maize,Malawi,Karonga,RETAIL,Kg,kg,0.12
2018-02-01,0.13,Maize,Malawi,Karonga,RETAIL,Kg,kg,0.13
2018-03-01,0.15,Maize,Malawi,Karonga,RETAIL,Kg,kg,0.15
2018-04-01,0.14,Maize,Malawi,Karonga,RETAIL,Kg,kg,0.14
2018-05-01,0.14,Maize,Malawi,Karonga,RETAIL,Kg,kg,0.14
2018-06-01,0.14,Maize,Malawi,Karonga,RETAIL,Kg,kg,0.14
2018-07-01,0.14,Maize,Malawi,Karonga,RETAIL,Kg,kg,0.14
2018-08-01,0.14,Maize,Malawi,Karonga,RETAIL,Kg,kg,0.14
2018-09-01,0.14,Maize,Malawi,Karonga,RETAIL,Kg,kg,0.14
2018-10-01,0.14,Maize,Malawi,Karonga,RETAIL,Kg,kg,0.14
2018-11-01,0.14,Maize,Malawi,Karonga,RETAIL,Kg,kg,0.14
2018-12-01,0.16,Maize,Malawi,Karonga,RETAIL,Kg,kg,0.16
2019-01-01,,Maize,Malawi,Karonga,RETAIL,Kg,kg,
2019-02-01,,Maize,Malawi,Karonga,RETAIL,Kg,kg,
2019-03-01,,Maize,Malawi,Karonga,RETAIL,Kg,kg,
2019-04-01,,Maize,Malawi,Karonga,RETAIL,Kg,kg,
2019-05-01,,Maize,Malawi,Karonga,RETAIL,Kg,kg,
2019-06-01,,Maize,Malawi,Karonga,RETAIL,Kg,kg,
2019-07-01,,Maize,Malawi,Karonga,RETAIL,Kg,kg,
2019-08-01,,Maize,Malawi,Karonga,RETAIL,Kg,kg,
2019-09-01,,Maize,Malawi,Karonga,RETAIL,Kg,kg,
2019-10-01,,Maize,Malawi,Karonga,RETAIL,Kg,kg,
2019-11-01,,Maize,Malawi,Karonga,RETAIL,Kg,kg,
2019-12-01,,Maize,Malawi,Karonga,RETAIL,Kg,kg,
2020-01-01,0.34,Maize,Malawi,Karonga,RETAIL,Kg,kg,0.34
2020-02-01,0.38,Maize,Malawi,Karonga,RETAIL,Kg,kg,0.38
2020-03-01,0.38,Maize,Malawi,Karonga,RETAIL,Kg,kg,0.38
2020-04-01,0.25,Maize,Malawi,Karonga,RETAIL,Kg,kg,0.25
2020-05-01,0.23,Maize,Malawi,Karonga,RETAIL,Kg,kg,0.23
2020-06-01,0.23,Maize,Malawi,Karonga,RETAIL,Kg,kg,0.23
2020-07-01,0.2,Maize,Malawi,Karonga,RETAIL,Kg,kg,0.2
2020-08-01,0.18,Maize,Malawi,Karonga,RETAIL,Kg,kg,0.18
2020-09-01,0.19,Maize,Malawi,Karonga,RETAIL,Kg,kg,0.19
2020-10-01,0.2,Maize,Malawi,Karonga,RETAIL,Kg,kg,0.2
2020-11-01,0.2,Maize,Malawi,Karonga,RETAIL,Kg,kg,0.2
2020-12-01,0.24,Maize,Malawi,Karonga,RETAIL,Kg,kg,0.24
2021-01-01,0.24,Maize,Malawi,Karonga,RETAIL,Kg,kg,0.24
2021-02-01,0.22,Maize,Malawi,Karonga,RETAIL,Kg,kg,0.22
2021-03-01,0.21,Maize,Malawi,Karonga,RETAIL,Kg,kg,0.21
2021-04-01,0.2,Maize,Malawi,Karonga,RETAIL,Kg,kg,0.2
2021-05-01,0.15,Maize,Malawi,Karonga,RETAIL,Kg,kg,0.15
2021-06-01,0.15,Maize,Malawi,Karonga,RETAIL,Kg,kg,0.15
2021-07-01,0.15,Maize,Malawi,Karonga,RETAIL,Kg,kg,0.15
2021-08-01,,Maize,Malawi,Karonga,RETAIL,Kg,kg,
2021-09-01,,Maize,Malawi,Karonga,RETAIL,Kg,kg,
2021-10-01,,Maize,Malawi,Karonga,RETAIL,Kg,kg,
2021-11-01,,Maize,Malawi,Karonga,RETAIL,Kg,kg,
2021-12-01,,Maize,Malawi,Karonga,RETAIL,Kg,kg,
2022-01-01,0.22,Maize,Malawi,Karonga,RETAIL,Kg,kg,0.22
2022-02-01,0.22,Maize,Malawi,Karonga,RETAIL,Kg,kg,0.22
2022-03-01,0.22,Maize,Malawi,Karonga,RETAIL,Kg,kg,0.22
2022-04-01,0.25,Maize,Malawi,Karonga,RETAIL,Kg,kg,0.25
2022-05-01,0.3,Maize,Malawi,Karonga,RETAIL,Kg,kg,0.3
2022-06-01,0.27,Maize,Malawi,Karonga,RETAIL,Kg,kg,0.27
2022-07-01,0.3,Maize,Malawi,Karonga,RETAIL,Kg,kg,0.3
2022-08-01,0.31,Maize,Malawi,Karonga,RETAIL,Kg,kg,0.31
2022-09-01,0.32,Maize,Malawi,Karonga,RETAIL,Kg,kg,0.32
2022-10-01,0.35,Maize,Malawi,Karonga,RETAIL,Kg,kg,0.35
2022-11-01,0.44,Maize,Malawi,Karonga,RETAIL,Kg,kg,0.44
2022-12-01,0.45,Maize,Malawi,Karonga,RETAIL,Kg,kg,0.45
2023-01-01,0.47,Maize,Malawi,Karonga,RETAIL,Kg,kg,0.47
2023-02-01,0.54,Maize,Malawi,Karonga,RETAIL,Kg,kg,0.54
2023-03-01,0.67,Maize,Malawi,Karonga,RETAIL,Kg,kg,0.67
2023-04-01,0.53,Maize,Malawi,Karonga,RETAIL,Kg,kg,0.53
2023-05-01,0.41,Maize,Malawi,Karonga,RETAIL,Kg,kg,0.41
2023-06-01,0.47,Maize,Malawi,Karonga,RETAIL,Kg,kg,0.47
2023-07-01,0.46,Maize,Malawi,Karonga,RETAIL,Kg,kg,0.46
2023-08-01,0.5,Maize,Malawi,Karonga,RETAIL,Kg,kg,0.5
2023-09-01,0.5,Maize,Malawi,Karonga,RETAIL,Kg,kg,0.5
2023-10-01,0.48,Maize,Malawi,Karonga,RETAIL,Kg,kg,0.48
2023-11-01,0.37,Maize,Malawi,Karonga,RETAIL,Kg,kg,0.37
2023-12-01,0.35,Maize,Malawi,Karonga,RETAIL,Kg,kg,0.35
2024-01-01,0.41,Maize,Malawi,Karonga,RETAIL,Kg,kg,0.41
2024-02-01,0.37,Maize,Malawi,Karonga,RETAIL,Kg,kg,0.37
2024-03-01,0.33,Maize,Malawi,Karonga,RETAIL,Kg,kg,0.33
2024-04-01,0.26,Maize,Malawi,Karonga,RETAIL,Kg,kg,0.26
2024-05-01,0.24,Maize,Malawi,Karonga,RETAIL,Kg,kg,0.24
2024-06-01,0.31,Maize,Malawi,Karonga,RETAIL,Kg,kg,0.31
2024-07-01,0.34,Maize,Malawi,Karonga,RETAIL,Kg,kg,0.34
2024-08-01,0.34,Maize,Malawi,Karonga,RETAIL,Kg,kg,0.34
2024-09-01,0.33,Maize,Malawi,Karonga,RETAIL,Kg,kg,0.33
2024-10-01,0.34,Maize,Malawi,Karonga,RETAIL,Kg,kg,0.34
2024-11-01,0.39,Maize,Malawi,Karonga,RETAIL,Kg,kg,0.39
2024-12-01,0.46,Maize,Malawi,Karonga,RETAIL,Kg,kg,0.46
2025-01-01,0.57,Maize,Malawi,Karonga,RETAIL,Kg,kg,0.57
2025-02-01,0.73,Maize,Malawi,Karonga,RETAIL,Kg,kg,0.73
2025-03-01,0.71,Maize,Malawi,Karonga,RETAIL,Kg,kg,0.71
2025-04-01,0.59,Maize,Malawi,Karonga,RETAIL,Kg,kg,0.59
2025-05-01,0.48,Maize,Malawi,Karonga,RETAIL,Kg,kg,0.48
2025-06-01,0.51,Maize,Malawi,Karonga,RETAIL,Kg,kg,0.51
2025-07-01,0.54,Maize,Malawi,Karonga,RETAIL,Kg,kg,0.54
2025-08-01,0.59,Maize,Malawi,Karonga,RETAIL,Kg,kg,0.59
2025-09-01,0.65,Maize,Malawi,Karonga,RETAIL,Kg,kg,0.65
2025-10-01,0.56,Maize,Malawi,Karonga,RETAIL,Kg,kg,0.56
2016-11-01,0.32,Maize,Malawi,Liwonde,RETAIL,Kg,kg,0.32
2016-12-01,0.33,Maize,Malawi,Liwonde,RETAIL,Kg,kg,0.33
2017-01-01,0.32,Maize,Malawi,Liwonde,RETAIL,Kg,kg,0.32
2017-02-01,0.28,Maize,Malawi,Liwonde,RETAIL,Kg,kg,0.28
2017-03-01,0.27,Maize,Malawi,Liwonde,RETAIL,Kg,kg,0.27
2017-04-01,0.21,Maize,Malawi,Liwonde,RETAIL,Kg,kg,0.21
2017-05-01,0.21,Maize,Malawi,Liwonde,RETAIL,Kg,kg,0.21
2017-06-01,0.21,Maize,Malawi,Liwonde,RETAIL,Kg,kg,0.21
2017-07-01,0.21,Maize,Malawi,Liwonde,RETAIL,Kg,kg,0.21
2017-08-01,0.21,Maize,Malawi,Liwonde,RETAIL,Kg,kg,0.21
2017-09-01,0.21,Maize,Malawi,Liwonde,RETAIL,Kg,kg,0.21
2017-10-01,0.21,Maize,Malawi,Liwonde,RETAIL,Kg,kg,0.21
2017-11-01,0.21,Maize,Malawi,Liwonde,RETAIL,Kg,kg,0.21
2017-12-01,0.12,Maize,Malawi,Liwonde,RETAIL,Kg,kg,0.12
2018-01-01,0.12,Maize,Malawi,Liwonde,RETAIL,Kg,kg,0.12
2018-02-01,0.14,Maize,Malawi,Liwonde,RETAIL,Kg,kg,0.14
2018-03-01,0.16,Maize,Malawi,Liwonde,RETAIL,Kg,kg,0.16
2018-04-01,0.15,Maize,Malawi,Liwonde,RETAIL,Kg,kg,0.15
2018-05-01,0.14,Maize,Malawi,Liwonde,RETAIL,Kg,kg,0.14
2018-06-01,0.15,Maize,Malawi,Liwonde,RETAIL,Kg,kg,0.15
2018-07-01,0.16,Maize,Malawi,Liwonde,RETAIL,Kg,kg,0.16
2018-08-01,0.18,Maize,Malawi,Liwonde,RETAIL,Kg,kg,0.18
2018-09-01,0.19,Maize,Malawi,Liwonde,RETAIL,Kg,kg,0.19
2018-10-01,0.19,Maize,Malawi,Liwonde,RETAIL,Kg,kg,0.19
2018-11-01,0.2,Maize,Malawi,Liwonde,RETAIL,Kg,kg,0.2
2018-12-01,0.22,Maize,Malawi,Liwonde,RETAIL,Kg,kg,0.22
2019-01-01,,Maize,Malawi,Liwonde,RETAIL,Kg,kg,
2019-02-01,,Maize,Malawi,Liwonde,RETAIL,Kg,kg,
2019-03-01,,Maize,Malawi,Liwonde,RETAIL,Kg,kg,
2019-04-01,,Maize,Malawi,Liwonde,RETAIL,Kg,kg,
2019-05-01,,Maize,Malawi,Liwonde,RETAIL,Kg,kg,
2019-06-01,,Maize,Malawi,Liwonde,RETAIL,Kg,kg,
2019-07-01,,Maize,Malawi,Liwonde,RETAIL,Kg,kg,
2019-08-01,,Maize,Malawi,Liwonde,RETAIL,Kg,kg,
2019-09-01,,Maize,Malawi,Liwonde,RETAIL,Kg,kg,
2019-10-01,,Maize,Malawi,Liwonde,RETAIL,Kg,kg,
2019-11-01,,Maize,Malawi,Liwonde,RETAIL,Kg,kg,
2019-12-01,,Maize,Malawi,Liwonde,RETAIL,Kg,kg,
2020-01-01,0.43,Maize,Malawi,Liwonde,RETAIL,Kg,kg,0.43
2020-02-01,0.48,Maize,Malawi,Liwonde,RETAIL,Kg,kg,0.48
2020-03-01,0.41,Maize,Malawi,Liwonde,RETAIL,Kg,kg,0.41
2020-04-01,0.2,Maize,Malawi,Liwonde,RETAIL,Kg,kg,0.2
2020-05-01,0.22,Maize,Malawi,Liwonde,RETAIL,Kg,kg,0.22
2020-06-01,0.25,Maize,Malawi,Liwonde,RETAIL,Kg,kg,0.25
2020-07-01,0.26,Maize,Malawi,Liwonde,RETAIL,Kg,kg,0.26
2020-08-01,0.26,Maize,Malawi,Liwonde,RETAIL,Kg,kg,0.26
2020-09-01,0.25,Maize,Malawi,Liwonde,RETAIL,Kg,kg,0.25
2020-10-01,0.26,Maize,Malawi,Liwonde,RETAIL,Kg,kg,0.26
2020-11-01,0.26,Maize,Malawi,Liwonde,RETAIL,Kg,kg,0.26
2020-12-01,0.26,Maize,Malawi,Liwonde,RETAIL,Kg,kg,0.26
2021-01-01,0.27,Maize,Malawi,Liwonde,RETAIL,Kg,kg,0.27
2021-02-01,0.24,Maize,Malawi,Liwonde,RETAIL,Kg,kg,0.24
2021-03-01,0.23,Maize,Malawi,Liwonde,RETAIL,Kg,kg,0.23
2021-04-01,0.21,Maize,Malawi,Liwonde,RETAIL,Kg,kg,0.21
2021-05-01,0.2,Maize,Malawi,Liwonde,RETAIL,Kg,kg,0.2
2021-06-01,0.17,Maize,Malawi,Liwonde,RETAIL,Kg,kg,0.17
2021-07-01,0.17,Maize,Malawi,Liwonde,RETAIL,Kg,kg,0.17
2021-08-01,,Maize,Malawi,Liwonde,RETAIL,Kg,kg,
2021-09-01,,Maize,Malawi,Liwonde,RETAIL,Kg,kg,
2021-10-01,,Maize,Malawi,Liwonde,RETAIL,Kg,kg,
2021-11-01,,Maize,Malawi,Liwonde,RETAIL,Kg,kg,
2021-12-01,,Maize,Malawi,Liwonde,RETAIL,Kg,kg,
2022-01-01,0.25,Maize,Malawi,Liwonde,RETAIL,Kg,kg,0.25
2022-02-01,0.26,Maize,Malawi,Liwonde,RETAIL,Kg,kg,0.26
2022-03-01,0.24,Maize,Malawi,Liwonde,RETAIL,Kg,kg,0.24
2022-04-01,0.29,Maize,Malawi,Liwonde,RETAIL,Kg,kg,0.29
2022-05-01,0.28,Maize,Malawi,Liwonde,RETAIL,Kg,kg,0.28
2022-06-01,0.27,Maize,Malawi,Liwonde,RETAIL,Kg,kg,0.27
2022-07-01,0.32,Maize,Malawi,Liwonde,RETAIL,Kg,kg,0.32
2022-08-01,0.34,Maize,Malawi,Liwonde,RETAIL,Kg,kg,0.34
2022-09-01,0.34,Maize,Malawi,Liwonde,RETAIL,Kg,kg,0.34
2022-10-01,0.42,Maize,Malawi,Liwonde,RETAIL,Kg,kg,0.42
2022-11-01,0.49,Maize,Malawi,Liwonde,RETAIL,Kg,kg,0.49
2022-12-01,0.48,Maize,Malawi,Liwonde,RETAIL,Kg,kg,0.48
2023-01-01,0.51,Maize,Malawi,Liwonde,RETAIL,Kg,kg,0.51
2023-02-01,0.64,Maize,Malawi,Liwonde,RETAIL,Kg,kg,0.64
2023-03-01,0.74,Maize,Malawi,Liwonde,RETAIL,Kg,kg,0.74
2023-04-01,0.6,Maize,Malawi,Liwonde,RETAIL,Kg,kg,0.6
2023-05-01,0.55,Maize,Malawi,Liwonde,RETAIL,Kg,kg,0.55
2023-06-01,0.54,Maize,Malawi,Liwonde,RETAIL,Kg,kg,0.54
2023-07-01,0.63,Maize,Malawi,Liwonde,RETAIL,Kg,kg,0.63
2023-08-01,0.7,Maize,Malawi,Liwonde,RETAIL,Kg,kg,0.7
2023-09-01,0.68,Maize,Malawi,Liwonde,RETAIL,Kg,kg,0.68
2023-10-01,0.71,Maize,Malawi,Liwonde,RETAIL,Kg,kg,0.71
2023-11-01,0.56,Maize,Malawi,Liwonde,RETAIL,Kg,kg,0.56
2023-12-01,0.55,Maize,Malawi,Liwonde,RETAIL,Kg,kg,0.55
2024-01-01,0.57,Maize,Malawi,Liwonde,RETAIL,Kg,kg,0.57
2024-02-01,0.49,Maize,Malawi,Liwonde,RETAIL,Kg,kg,0.49
2024-03-01,0.47,Maize,Malawi,Liwonde,RETAIL,Kg,kg,0.47
2024-04-01,0.41,Maize,Malawi,Liwonde,RETAIL,Kg,kg,0.41
2024-05-01,0.39,Maize,Malawi,Liwonde,RETAIL,Kg,kg,0.39
2024-06-01,0.44,Maize,Malawi,Liwonde,RETAIL,Kg,kg,0.44
2024-07-01,0.49,Maize,Malawi,Liwonde,RETAIL,Kg,kg,0.49
2024-08-01,0.47,Maize,Malawi,Liwonde,RETAIL,Kg,kg,0.47
2024-09-01,0.48,Maize,Malawi,Liwonde,RETAIL,Kg,kg,0.48
2024-10-01,0.51,Maize,Malawi,Liwonde,RETAIL,Kg,kg,0.51
2024-11-01,0.54,Maize,Malawi,Liwonde,RETAIL,Kg,kg,0.54
2024-12-01,0.6,Maize,Malawi,Liwonde,RETAIL,Kg,kg,0.6
2025-01-01,0.79,Maize,Malawi,Liwonde,RETAIL,Kg,kg,0.79
2025-02-01,0.97,Maize,Malawi,Liwonde,RETAIL,Kg,kg,0.97
2025-03-01,0.9,Maize,Malawi,Liwonde,RETAIL,Kg,kg,0.9
2025-04-01,0.57,Maize,Malawi,Liwonde,RETAIL,Kg,kg,0.57
2025-05-01,0.55,Maize,Malawi,Liwonde,RETAIL,Kg,kg,0.55
2025-06-01,0.63,Maize,Malawi,Liwonde,RETAIL,Kg,kg,0.63
2025-07-01,0.68,Maize,Malawi,Liwonde,RETAIL,Kg,kg,0.68
2025-08-01,0.75,Maize,Malawi,Liwonde,RETAIL,Kg,kg,0.75
2025-09-01,0.84,Maize,Malawi,Liwonde,RETAIL,Kg,kg,0.84
2025-10-01,0.72,Maize,Malawi,Liwonde,RETAIL,Kg,kg,0.72
2016-11-01,0.34,Maize,Malawi,Lunzu,RETAIL,Kg,kg,0.34
2016-12-01,0.33,Maize,Malawi,Lunzu,RETAIL,Kg,kg,0.33
2017-01-01,0.33,Maize,Malawi,Lunzu,RETAIL,Kg,kg,0.33
2017-02-01,0.31,Maize,Malawi,Lunzu,RETAIL,Kg,kg,0.31
2017-03-01,0.31,Maize,Malawi,Lunzu,RETAIL,Kg,kg,0.31
2017-04-01,0.29,Maize,Malawi,Lunzu,RETAIL,Kg,kg,0.29
2017-05-01,0.28,Maize,Malawi,Lunzu,RETAIL,Kg,kg,0.28
2017-06-01,0.27,Maize,Malawi,Lunzu,RETAIL,Kg,kg,0.27
2017-07-01,0.27,Maize,Malawi,Lunzu,RETAIL,Kg,kg,0.27
2017-08-01,0.27,Maize,Malawi,Lunzu,RETAIL,Kg,kg,0.27
2017-09-01,0.27,Maize,Malawi,Lunzu,RETAIL,Kg,kg,0.27
2017-10-01,0.27,Maize,Malawi,Lunzu,RETAIL,Kg,kg,0.27
2017-11-01,0.26,Maize,Malawi,Lunzu,RETAIL,Kg,kg,0.26
2017-12-01,0.15,Maize,Malawi,Lunzu,RETAIL,Kg,kg,0.15
2018-01-01,0.13,Maize,Malawi,Lunzu,RETAIL,Kg,kg,0.13
2018-02-01,0.17,Maize,Malawi,Lunzu,RETAIL,Kg,kg,0.17
2018-03-01,0.18,Maize,Malawi,Lunzu,RETAIL,Kg,kg,0.18
2018-04-01,0.16,Maize,Malawi,Lunzu,RETAIL,Kg,kg,0.16
2018-05-01,0.15,Maize,Malawi,Lunzu,RETAIL,Kg,kg,0.15
2018-06-01,0.15,Maize,Malawi,Lunzu,RETAIL,Kg,kg,0.15
2018-07-01,0.17,Maize,Malawi,Lunzu,RETAIL,Kg,kg,0.17
2018-08-01,0.19,Maize,Malawi,Lunzu,RETAIL,Kg,kg,0.19
2018-09-01,0.19,Maize,Malawi,Lunzu,RETAIL,Kg,kg,0.19
2018-10-01,0.19,Maize,Malawi,Lunzu,RETAIL,Kg,kg,0.19
2018-11-01,0.2,Maize,Malawi,Lunzu,RETAIL,Kg,kg,0.2
2018-12-01,0.22,Maize,Malawi,Lunzu,RETAIL,Kg,kg,0.22
2019-01-01,,Maize,Malawi,Lunzu,RETAIL,Kg,kg,
2019-02-01,,Maize,Malawi,Lunzu,RETAIL,Kg,kg,
2019-03-01,,Maize,Malawi,Lunzu,RETAIL,Kg,kg,
2019-04-01,,Maize,Malawi,Lunzu,RETAIL,Kg,kg,
2019-05-01,,Maize,Malawi,Lunzu,RETAIL,Kg,kg,
2019-06-01,,Maize,Malawi,Lunzu,RETAIL,Kg,kg,
2019-07-01,,Maize,Malawi,Lunzu,RETAIL,Kg,kg,
2019-08-01,,Maize,Malawi,Lunzu,RETAIL,Kg,kg,
2019-09-01,,Maize,Malawi,Lunzu,RETAIL,Kg,kg,
2019-10-01,,Maize,Malawi,Lunzu,RETAIL,Kg,kg,
2019-11-01,,Maize,Malawi,Lunzu,RETAIL,Kg,kg,
2019-12-01,,Maize,Malawi,Lunzu,RETAIL,Kg,kg,
2020-01-01,0.47,Maize,Malawi,Lunzu,RETAIL,Kg,kg,0.47
2020-02-01,0.5,Maize,Malawi,Lunzu,RETAIL,Kg,kg,0.5
2020-03-01,0.38,Maize,Malawi,Lunzu,RETAIL,Kg,kg,0.38
2020-04-01,0.22,Maize,Malawi,Lunzu,RETAIL,Kg,kg,0.22
2020-05-01,0.22,Maize,Malawi,Lunzu,RETAIL,Kg,kg,0.22
2020-06-01,0.22,Maize,Malawi,Lunzu,RETAIL,Kg,kg,0.22
2020-07-01,0.22,Maize,Malawi,Lunzu,RETAIL,Kg,kg,0.22
2020-08-01,0.24,Maize,Malawi,Lunzu,RETAIL,Kg,kg,0.24
2020-09-01,0.26,Maize,Malawi,Lunzu,RETAIL,Kg,kg,0.26
2020-10-01,0.29,Maize,Malawi,Lunzu,RETAIL,Kg,kg,0.29
2020-11-01,0.31,Maize,Malawi,Lunzu,RETAIL,Kg,kg,0.31
2020-12-01,0.29,Maize,Malawi,Lunzu,RETAIL,Kg,kg,0.29
2021-01-01,0.3,Maize,Malawi,Lunzu,RETAIL,Kg,kg,0.3
2021-02-01,0.25,Maize,Malawi,Lunzu,RETAIL,Kg,kg,0.25
2021-03-01,0.24,Maize,Malawi,Lunzu,RETAIL,Kg,kg,0.24
2021-04-01,0.24,Maize,Malawi,Lunzu,RETAIL,Kg,kg,0.24
2021-05-01,0.17,Maize,Malawi,Lunzu,RETAIL,Kg,kg,0.17
2021-06-01,0.16,Maize,Malawi,Lunzu,RETAIL,Kg,kg,0.16
2021-07-01,0.16,Maize,Malawi,Lunzu,RETAIL,Kg,kg,0.16
2021-08-01,,Maize,Malawi,Lunzu,RETAIL,Kg,kg,
2021-09-01,,Maize,Malawi,Lunzu,RETAIL,Kg,kg,
2021-10-01,,Maize,Malawi,Lunzu,RETAIL,Kg,kg,
2021-11-01,,Maize,Malawi,Lunzu,RETAIL,Kg,kg,
2021-12-01,,Maize,Malawi,Lunzu,RETAIL,Kg,kg,
2022-01-01,0.27,Maize,Malawi,Lunzu,RETAIL,Kg,kg,0.27
2022-02-01,0.27,Maize,Malawi,Lunzu,RETAIL,Kg,kg,0.27
2022-03-01,0.27,Maize,Malawi,Lunzu,RETAIL,Kg,kg,0.27
2022-04-01,0.28,Maize,Malawi,Lunzu,RETAIL,Kg,kg,0.28
2022-05-01,0.28,Maize,Malawi,Lunzu,RETAIL,Kg,kg,0.28
2022-06-01,0.26,Maize,Malawi,Lunzu,RETAIL,Kg,kg,0.26
2022-07-01,0.3,Maize,Malawi,Lunzu,RETAIL,Kg,kg,0.3
2022-08-01,0.32,Maize,Malawi,Lunzu,RETAIL,Kg,kg,0.32
2022-09-01,0.33,Maize,Malawi,Lunzu,RETAIL,Kg,kg,0.33
2022-10-01,0.38,Maize,Malawi,Lunzu,RETAIL,Kg,kg,0.38
2022-11-01,0.46,Maize,Malawi,Lunzu,RETAIL,Kg,kg,0.46
2022-12-01,0.49,Maize,Malawi,Lunzu,RETAIL,Kg,kg,0.49
2023-01-01,0.51,Maize,Malawi,Lunzu,RETAIL,Kg,kg,0.51
2023-02-01,0.62,Maize,Malawi,Lunzu,RETAIL,Kg,kg,0.62
2023-03-01,0.69,Maize,Malawi,Lunzu,RETAIL,Kg,kg,0.69
2023-04-01,0.56,Maize,Malawi,Lunzu,RETAIL,Kg,kg,0.56
2023-05-01,0.49,Maize,Malawi,Lunzu,RETAIL,Kg,kg,0.49
2023-06-01,0.51,Maize,Malawi,Lunzu,RETAIL,Kg,kg,0.51
2023-07-01,0.62,Maize,Malawi,Lunzu,RETAIL,Kg,kg,0.62
2023-08-01,0.66,Maize,Malawi,Lunzu,RETAIL,Kg,kg,0.66
2023-09-01,0.63,Maize,Malawi,Lunzu,RETAIL,Kg,kg,0.63
2023-10-01,0.65,Maize,Malawi,Lunzu,RETAIL,Kg,kg,0.65
2023-11-01,0.52,Maize,Malawi,Lunzu,RETAIL,Kg,kg,0.52
2023-12-01,0.53,Maize,Malawi,Lunzu,RETAIL,Kg,kg,0.53
2024-01-01,0.59,Maize,Malawi,Lunzu,RETAIL,Kg,kg,0.59
2024-02-01,0.54,Maize,Malawi,Lunzu,RETAIL,Kg,kg,0.54
2024-03-01,0.51,Maize,Malawi,Lunzu,RETAIL,Kg,kg,0.51
2024-04-01,0.41,Maize,Malawi,Lunzu,RETAIL,Kg,kg,0.41
2024-05-01,0.37,Maize,Malawi,Lunzu,RETAIL,Kg,kg,0.37
2024-06-01,0.43,Maize,Malawi,Lunzu,RETAIL,Kg,kg,0.43
2024-07-01,0.49,Maize,Malawi,Lunzu,RETAIL,Kg,kg,0.49
2024-08-01,0.49,Maize,Malawi,Lunzu,RETAIL,Kg,kg,0.49
2024-09-01,0.48,Maize,Malawi,Lunzu,RETAIL,Kg,kg,0.48
2024-10-01,0.48,Maize,Malawi,Lunzu,RETAIL,Kg,kg,0.48
2024-11-01,0.53,Maize,Malawi,Lunzu,RETAIL,Kg,kg,0.53
2024-12-01,0.61,Maize,Malawi,Lunzu,RETAIL,Kg,kg,0.61
2025-01-01,0.76,Maize,Malawi,Lunzu,RETAIL,Kg,kg,0.76
2025-02-01,0.96,Maize,Malawi,Lunzu,RETAIL,Kg,kg,0.96
2025-03-01,0.86,Maize,Malawi,Lunzu,RETAIL,Kg,kg,0.86
2025-04-01,0.59,Maize,Malawi,Lunzu,RETAIL,Kg,kg,0.59
2025-05-01,0.54,Maize,Malawi,Lunzu,RETAIL,Kg,kg,0.54
2025-06-01,0.59,Maize,Malawi,Lunzu,RETAIL,Kg,kg,0.59
2025-07-01,0.68,Maize,Malawi,Lunzu,RETAIL,Kg,kg,0.68
2025-08-01,0.78,Maize,Malawi,Lunzu,RETAIL,Kg,kg,0.78
2025-09-01,0.84,Maize,Malawi,Lunzu,RETAIL,Kg,kg,0.84
2025-10-01,0.74,Maize,Malawi,Lunzu,RETAIL,Kg,kg,0.74
2016-11-01,0.32,Maize,Malawi,Mitundu,RETAIL,Kg,kg,0.32
2016-12-01,0.33,Maize,Malawi,Mitundu,RETAIL,Kg,kg,0.33
2017-01-01,0.3,Maize,Malawi,Mitundu,RETAIL,Kg,kg,0.3
2017-02-01,0.28,Maize,Malawi,Mitundu,RETAIL,Kg,kg,0.28
2017-03-01,0.27,Maize,Malawi,Mitundu,RETAIL,Kg,kg,0.27
2017-04-01,0.27,Maize,Malawi,Mitundu,RETAIL,Kg,kg,0.27
2017-05-01,0.25,Maize,Malawi,Mitundu,RETAIL,Kg,kg,0.25
2017-06-01,0.25,Maize,Malawi,Mitundu,RETAIL,Kg,kg,0.25
2017-07-01,0.25,Maize,Malawi,Mitundu,RETAIL,Kg,kg,0.25
2017-08-01,0.25,Maize,Malawi,Mitundu,RETAIL,Kg,kg,0.25
2017-09-01,0.25,Maize,Malawi,Mitundu,RETAIL,Kg,kg,0.25
2017-10-01,0.25,Maize,Malawi,Mitundu,RETAIL,Kg,kg,0.25
2017-11-01,0.25,Maize,Malawi,Mitundu,RETAIL,Kg,kg,0.25
2017-12-01,0.11,Maize,Malawi,Mitundu,RETAIL,Kg,kg,0.11
2018-01-01,0.1,Maize,Malawi,Mitundu,RETAIL,Kg,kg,0.1
2018-02-01,0.14,Maize,Malawi,Mitundu,RETAIL,Kg,kg,0.14
2018-03-01,0.15,Maize,Malawi,Mitundu,RETAIL,Kg,kg,0.15
2018-04-01,0.14,Maize,Malawi,Mitundu,RETAIL,Kg,kg,0.14
2018-05-01,0.14,Maize,Malawi,Mitundu,RETAIL,Kg,kg,0.14
2018-06-01,0.15,Maize,Malawi,Mitundu,RETAIL,Kg,kg,0.15
2018-07-01,0.16,Maize,Malawi,Mitundu,RETAIL,Kg,kg,0.16
2018-08-01,0.16,Maize,Malawi,Mitundu,RETAIL,Kg,kg,0.16
2018-09-01,0.16,Maize,Malawi,Mitundu,RETAIL,Kg,kg,0.16
2018-10-01,0.16,Maize,Malawi,Mitundu,RETAIL,Kg,kg,0.16
2018-11-01,0.18,Maize,Malawi,Mitundu,RETAIL,Kg,kg,0.18
2018-12-01,0.2,Maize,Malawi,Mitundu,RETAIL,Kg,kg,0.2
2019-01-01,,Maize,Malawi,Mitundu,RETAIL,Kg,kg,
2019-02-01,,Maize,Malawi,Mitundu,RETAIL,Kg,kg,
2019-03-01,,Maize,Malawi,Mitundu,RETAIL,Kg,kg,
2019-04-01,,Maize,Malawi,Mitundu,RETAIL,Kg,kg,
2019-05-01,,Maize,Malawi,Mitundu,RETAIL,Kg,kg,
2019-06-01,,Maize,Malawi,Mitundu,RETAIL,Kg,kg,
2019-07-01,,Maize,Malawi,Mitundu,RETAIL,Kg,kg,
2019-08-01,,Maize,Malawi,Mitundu,RETAIL,Kg,kg,
2019-09-01,,Maize,Malawi,Mitundu,RETAIL,Kg,kg,
2019-10-01,,Maize,Malawi,Mitundu,RETAIL,Kg,kg,
2019-11-01,,Maize,Malawi,Mitundu,RETAIL,Kg,kg,
2019-12-01,,Maize,Malawi,Mitundu,RETAIL,Kg,kg,
2020-01-01,0.43,Maize,Malawi,Mitundu,RETAIL,Kg,kg,0.43
2020-02-01,0.44,Maize,Malawi,Mitundu,RETAIL,Kg,kg,0.44
2020-03-01,0.39,Maize,Malawi,Mitundu,RETAIL,Kg,kg,0.39
2020-04-01,0.24,Maize,Malawi,Mitundu,RETAIL,Kg,kg,0.24
2020-05-01,0.22,Maize,Malawi,Mitundu,RETAIL,Kg,kg,0.22
2020-06-01,0.23,Maize,Malawi,Mitundu,RETAIL,Kg,kg,0.23
2020-07-01,0.23,Maize,Malawi,Mitundu,RETAIL,Kg,kg,0.23
2020-08-01,0.21,Maize,Malawi,Mitundu,RETAIL,Kg,kg,0.21
2020-09-01,0.23,Maize,Malawi,Mitundu,RETAIL,Kg,kg,0.23
2020-10-01,0.24,Maize,Malawi,Mitundu,RETAIL,Kg,kg,0.24
2020-11-01,0.24,Maize,Malawi,Mitundu,RETAIL,Kg,kg,0.24
2020-12-01,0.24,Maize,Malawi,Mitundu,RETAIL,Kg,kg,0.24
2021-01-01,0.24,Maize,Malawi,Mitundu,RETAIL,Kg,kg,0.24
2021-02-01,0.22,Maize,Malawi,Mitundu,RETAIL,Kg,kg,0.22
2021-03-01,0.23,Maize,Malawi,Mitundu,RETAIL,Kg,kg,0.23
2021-04-01,0.21,Maize,Malawi,Mitundu,RETAIL,Kg,kg,0.21
2021-05-01,0.13,Maize,Malawi,Mitundu,RETAIL,Kg,kg,0.13
2021-06-01,0.13,Maize,Malawi,Mitundu,RETAIL,Kg,kg,0.13
2021-07-01,0.13,Maize,Malawi,Mitundu,RETAIL,Kg,kg,0.13
2021-08-01,,Maize,Malawi,Mitundu,RETAIL,Kg,kg,
2021-09-01,,Maize,Malawi,Mitundu,RETAIL,Kg,kg,
2021-10-01,,Maize,Malawi,Mitundu,RETAIL,Kg,kg,
2021-11-01,,Maize,Malawi,Mitundu,RETAIL,Kg,kg,
2021-12-01,,Maize,Malawi,Mitundu,RETAIL,Kg,kg,
2022-01-01,0.24,Maize,Malawi,Mitundu,RETAIL,Kg,kg,0.24
2022-02-01,0.23,Maize,Malawi,Mitundu,RETAIL,Kg,kg,0.23
2022-03-01,0.23,Maize,Malawi,Mitundu,RETAIL,Kg,kg,0.23
2022-04-01,0.26,Maize,Malawi,Mitundu,RETAIL,Kg,kg,0.26
2022-05-01,0.28,Maize,Malawi,Mitundu,RETAIL,Kg,kg,0.28
2022-06-01,0.24,Maize,Malawi,Mitundu,RETAIL,Kg,kg,0.24
2022-07-01,0.28,Maize,Malawi,Mitundu,RETAIL,Kg,kg,0.28
2022-08-01,0.29,Maize,Malawi,Mitundu,RETAIL,Kg,kg,0.29
2022-09-01,0.29,Maize,Malawi,Mitundu,RETAIL,Kg,kg,0.29
2022-10-01,0.35,Maize,Malawi,Mitundu,RETAIL,Kg,kg,0.35
2022-11-01,0.44,Maize,Malawi,Mitundu,RETAIL,Kg,kg,0.44
2022-12-01,0.42,Maize,Malawi,Mitundu,RETAIL,Kg,kg,0.42
2023-01-01,0.46,Maize,Malawi,Mitundu,RETAIL,Kg,kg,0.46
2023-02-01,0.57,Maize,Malawi,Mitundu,RETAIL,Kg,kg,0.57
2023-03-01,0.66,Maize,Malawi,Mitundu,RETAIL,Kg,kg,0.66
2023-04-01,0.48,Maize,Malawi,Mitundu,RETAIL,Kg,kg,0.48
2023-05-01,0.43,Maize,Malawi,Mitundu,RETAIL,Kg,kg,0.43
2023-06-01,0.45,Maize,Malawi,Mitundu,RETAIL,Kg,kg,0.45
2023-07-01,0.55,Maize,Malawi,Mitundu,RETAIL,Kg,kg,0.55
2023-08-01,0.62,Maize,Malawi,Mitundu,RETAIL,Kg,kg,0.62
2023-09-01,0.64,Maize,Malawi,Mitundu,RETAIL,Kg,kg,0.64
2023-10-01,0.61,Maize,Malawi,Mitundu,RETAIL,Kg,kg,0.61
2023-11-01,0.45,Maize,Malawi,Mitundu,RETAIL,Kg,kg,0.45
2023-12-01,0.5,Maize,Malawi,Mitundu,RETAIL,Kg,kg,0.5
2024-01-01,0.54,Maize,Malawi,Mitundu,RETAIL,Kg,kg,0.54
2024-02-01,0.46,Maize,Malawi,Mitundu,RETAIL,Kg,kg,0.46
2024-03-01,0.44,Maize,Malawi,Mitundu,RETAIL,Kg,kg,0.44
2024-04-01,0.32,Maize,Malawi,Mitundu,RETAIL,Kg,kg,0.32
2024-05-01,0.3,Maize,Malawi,Mitundu,RETAIL,Kg,kg,0.3
2024-06-01,0.39,Maize,Malawi,Mitundu,RETAIL,Kg,kg,0.39
2024-07-01,0.45,Maize,Malawi,Mitundu,RETAIL,Kg,kg,0.45
2024-08-01,0.43,Maize,Malawi,Mitundu,RETAIL,Kg,kg,0.43
2024-09-01,0.43,Maize,Malawi,Mitundu,RETAIL,Kg,kg,0.43
2024-10-01,0.45,Maize,Malawi,Mitundu,RETAIL,Kg,kg,0.45
2024-11-01,0.48,Maize,Malawi,Mitundu,RETAIL,Kg,kg,0.48
2024-12-01,0.56,Maize,Malawi,Mitundu,RETAIL,Kg,kg,0.56
2025-01-01,0.71,Maize,Malawi,Mitundu,RETAIL,Kg,kg,0.71
2025-02-01,0.9,Maize,Malawi,Mitundu,RETAIL,Kg,kg,0.9
2025-03-01,0.79,Maize,Malawi,Mitundu,RETAIL,Kg,kg,0.79
2025-04-01,0.51,Maize,Malawi,Mitundu,RETAIL,Kg,kg,0.51
2025-05-01,0.49,Maize,Malawi,Mitundu,RETAIL,Kg,kg,0.49
2025-06-01,0.54,Maize,Malawi,Mitundu,RETAIL,Kg,kg,0.54
2025-07-01,0.62,Maize,Malawi,Mitundu,RETAIL,Kg,kg,0.62
2025-08-01,0.71,Maize,Malawi,Mitundu,RETAIL,Kg,kg,0.71
2025-09-01,0.76,Maize,Malawi,Mitundu,RETAIL,Kg,kg,0.76
2025-10-01,0.69,Maize,Malawi,Mitundu,RETAIL,Kg,kg,0.69
2016-11-01,0.3,Maize,Malawi,Mzimba,RETAIL,Kg,kg,0.3
2016-12-01,0.32,Maize,Malawi,Mzimba,RETAIL,Kg,kg,0.32
2017-01-01,0.32,Maize,Malawi,Mzimba,RETAIL,Kg,kg,0.32
2017-02-01,0.31,Maize,Malawi,Mzimba,RETAIL,Kg,kg,0.31
2017-03-01,0.29,Maize,Malawi,Mzimba,RETAIL,Kg,kg,0.29
2017-04-01,0.26,Maize,Malawi,Mzimba,RETAIL,Kg,kg,0.26
2017-05-01,0.26,Maize,Malawi,Mzimba,RETAIL,Kg,kg,0.26
2017-06-01,0.26,Maize,Malawi,Mzimba,RETAIL,Kg,kg,0.26
2017-07-01,0.24,Maize,Malawi,Mzimba,RETAIL,Kg,kg,0.24
2017-08-01,0.24,Maize,Malawi,Mzimba,RETAIL,Kg,kg,0.24
2017-09-01,0.24,Maize,Malawi,Mzimba,RETAIL,Kg,kg,0.24
2017-10-01,0.24,Maize,Malawi,Mzimba,RETAIL,Kg,kg,0.24
2017-11-01,0.24,Maize,Malawi,Mzimba,RETAIL,Kg,kg,0.24
2017-12-01,0.11,Maize,Malawi,Mzimba,RETAIL,Kg,kg,0.11
2018-01-01,0.1,Maize,Malawi,Mzimba,RETAIL,Kg,kg,0.1
2018-02-01,0.11,Maize,Malawi,Mzimba,RETAIL,Kg,kg,0.11
2018-03-01,0.12,Maize,Malawi,Mzimba,RETAIL,Kg,kg,0.12
2018-04-01,0.11,Maize,Malawi,Mzimba,RETAIL,Kg,kg,0.11
2018-05-01,0.11,Maize,Malawi,Mzimba,RETAIL,Kg,kg,0.11
2018-06-01,0.11,Maize,Malawi,Mzimba,RETAIL,Kg,kg,0.11
2018-07-01,0.12,Maize,Malawi,Mzimba,RETAIL,Kg,kg,0.12
2018-08-01,0.12,Maize,Malawi,Mzimba,RETAIL,Kg,kg,0.12
2018-09-01,0.13,Maize,Malawi,Mzimba,RETAIL,Kg,kg,0.13
2018-10-01,0.13,Maize,Malawi,Mzimba,RETAIL,Kg,kg,0.13
2018-11-01,0.14,Maize,Malawi,Mzimba,RETAIL,Kg,kg,0.14
2018-12-01,0.15,Maize,Malawi,Mzimba,RETAIL,Kg,kg,0.15
2019-01-01,,Maize,Malawi,Mzimba,RETAIL,Kg,kg,
2019-02-01,,Maize,Malawi,Mzimba,RETAIL,Kg,kg,
2019-03-01,,Maize,Malawi,Mzimba,RETAIL,Kg,kg,
2019-04-01,,Maize,Malawi,Mzimba,RETAIL,Kg,kg,
2019-05-01,,Maize,Malawi,Mzimba,RETAIL,Kg,kg,
2019-06-01,,Maize,Malawi,Mzimba,RETAIL,Kg,kg,
2019-07-01,,Maize,Malawi,Mzimba,RETAIL,Kg,kg,
2019-08-01,,Maize,Malawi,Mzimba,RETAIL,Kg,kg,
2019-09-01,,Maize,Malawi,Mzimba,RETAIL,Kg,kg,
2019-10-01,,Maize,Malawi,Mzimba,RETAIL,Kg,kg,
2019-11-01,,Maize,Malawi,Mzimba,RETAIL,Kg,kg,
2019-12-01,,Maize,Malawi,Mzimba,RETAIL,Kg,kg,
2020-01-01,0.32,Maize,Malawi,Mzimba,RETAIL,Kg,kg,0.32
2020-02-01,0.36,Maize,Malawi,Mzimba,RETAIL,Kg,kg,0.36
2020-03-01,0.36,Maize,Malawi,Mzimba,RETAIL,Kg,kg,0.36
2020-04-01,0.21,Maize,Malawi,Mzimba,RETAIL,Kg,kg,0.21
2020-05-01,0.2,Maize,Malawi,Mzimba,RETAIL,Kg,kg,0.2
2020-06-01,0.19,Maize,Malawi,Mzimba,RETAIL,Kg,kg,0.19
2020-07-01,0.19,Maize,Malawi,Mzimba,RETAIL,Kg,kg,0.19
2020-08-01,0.19,Maize,Malawi,Mzimba,RETAIL,Kg,kg,0.19
2020-09-01,0.19,Maize,Malawi,Mzimba,RETAIL,Kg,kg,0.19
2020-10-01,0.2,Maize,Malawi,Mzimba,RETAIL,Kg,kg,0.2
2020-11-01,0.19,Maize,Malawi,Mzimba,RETAIL,Kg,kg,0.19
2020-12-01,0.21,Maize,Malawi,Mzimba,RETAIL,Kg,kg,0.21
2021-01-01,0.24,Maize,Malawi,Mzimba,RETAIL,Kg,kg,0.24
2021-02-01,0.21,Maize,Malawi,Mzimba,RETAIL,Kg,kg,0.21
2021-03-01,0.21,Maize,Malawi,Mzimba,RETAIL,Kg,kg,0.21
2021-04-01,0.19,Maize,Malawi,Mzimba,RETAIL,Kg,kg,0.19
2021-05-01,0.15,Maize,Malawi,Mzimba,RETAIL,Kg,kg,0.15
2021-06-01,0.13,Maize,Malawi,Mzimba,RETAIL,Kg,kg,0.13
2021-07-01,0.15,Maize,Malawi,Mzimba,RETAIL,Kg,kg,0.15
2021-08-01,,Maize,Malawi,Mzimba,RETAIL,Kg,kg,
2021-09-01,,Maize,Malawi,Mzimba,RETAIL,Kg,kg,
2021-10-01,,Maize,Malawi,Mzimba,RETAIL,Kg,kg,
2021-11-01,,Maize,Malawi,Mzimba,RETAIL,Kg,kg,
2021-12-01,,Maize,Malawi,Mzimba,RETAIL,Kg,kg,
2022-01-01,0.21,Maize,Malawi,Mzimba,RETAIL,Kg,kg,0.21
2022-02-01,0.23,Maize,Malawi,Mzimba,RETAIL,Kg,kg,0.23
2022-03-01,0.24,Maize,Malawi,Mzimba,RETAIL,Kg,kg,0.24
2022-04-01,0.28,Maize,Malawi,Mzimba,RETAIL,Kg,kg,0.28
2022-05-01,0.28,Maize,Malawi,Mzimba,RETAIL,Kg,kg,0.28
2022-06-01,0.24,Maize,Malawi,Mzimba,RETAIL,Kg,kg,0.24
2022-07-01,0.26,Maize,Malawi,Mzimba,RETAIL,Kg,kg,0.26
2022-08-01,0.29,Maize,Malawi,Mzimba,RETAIL,Kg,kg,0.29
2022-09-01,0.29,Maize,Malawi,Mzimba,RETAIL,Kg,kg,0.29
2022-10-01,0.32,Maize,Malawi,Mzimba,RETAIL,Kg,kg,0.32
2022-11-01,0.39,Maize,Malawi,Mzimba,RETAIL,Kg,kg,0.39
2022-12-01,0.44,Maize,Malawi,Mzimba,RETAIL,Kg,kg,0.44
2023-01-01,0.43,Maize,Malawi,Mzimba,RETAIL,Kg,kg,0.43
2023-02-01,0.48,Maize,Malawi,Mzimba,RETAIL,Kg,kg,0.48
2023-03-01,0.58,Maize,Malawi,Mzimba,RETAIL,Kg,kg,0.58
2023-04-01,0.45,Maize,Malawi,Mzimba,RETAIL,Kg,kg,0.45
2023-05-01,0.39,Maize,Malawi,Mzimba,RETAIL,Kg,kg,0.39
2023-06-01,0.44,Maize,Malawi,Mzimba,RETAIL,Kg,kg,0.44
2023-07-01,0.47,Maize,Malawi,Mzimba,RETAIL,Kg,kg,0.47
2023-08-01,0.52,Maize,Malawi,Mzimba,RETAIL,Kg,kg,0.52
2023-09-01,0.53,Maize,Malawi,Mzimba,RETAIL,Kg,kg,0.53
2023-10-01,0.53,Maize,Malawi,Mzimba,RETAIL,Kg,kg,0.53
2023-11-01,0.42,Maize,Malawi,Mzimba,RETAIL,Kg,kg,0.42
2023-12-01,0.41,Maize,Malawi,Mzimba,RETAIL,Kg,kg,0.41
2024-01-01,0.44,Maize,Malawi,Mzimba,RETAIL,Kg,kg,0.44
2024-02-01,0.4,Maize,Malawi,Mzimba,RETAIL,Kg,kg,0.4
2024-03-01,0.39,Maize,Malawi,Mzimba,RETAIL,Kg,kg,0.39
2024-04-01,0.31,Maize,Malawi,Mzimba,RETAIL,Kg,kg,0.31
2024-05-01,0.29,Maize,Malawi,Mzimba,RETAIL,Kg,kg,0.29
2024-06-01,0.35,Maize,Malawi,Mzimba,RETAIL,Kg,kg,0.35
2024-07-01,0.42,Maize,Malawi,Mzimba,RETAIL,Kg,kg,0.42
2024-08-01,0.44,Maize,Malawi,Mzimba,RETAIL,Kg,kg,0.44
2024-09-01,0.44,Maize,Malawi,Mzimba,RETAIL,Kg,kg,0.44
2024-10-01,0.47,Maize,Malawi,Mzimba,RETAIL,Kg,kg,0.47
2024-11-01,0.48,Maize,Malawi,Mzimba,RETAIL,Kg,kg,0.48
2024-12-01,0.51,Maize,Malawi,Mzimba,RETAIL,Kg,kg,0.51
2025-01-01,0.62,Maize,Malawi,Mzimba,RETAIL,Kg,kg,0.62
2025-02-01,0.76,Maize,Malawi,Mzimba,RETAIL,Kg,kg,0.76
2025-03-01,0.74,Maize,Malawi,Mzimba,RETAIL,Kg,kg,0.74
2025-04-01,0.57,Maize,Malawi,Mzimba,RETAIL,Kg,kg,0.57
2025-05-01,0.46,Maize,Malawi,Mzimba,RETAIL,Kg,kg,0.46
2025-06-01,0.48,Maize,Malawi,Mzimba,RETAIL,Kg,kg,0.48
2025-07-01,0.56,Maize,Malawi,Mzimba,RETAIL,Kg,kg,0.56
2025-08-01,0.59,Maize,Malawi,Mzimba,RETAIL,Kg,kg,0.59
2025-09-01,0.68,Maize,Malawi,Mzimba,RETAIL,Kg,kg,0.68
2025-10-01,0.58,Maize,Malawi,Mzimba,RETAIL,Kg,kg,0.58
2016-11-01,0.3,Maize,Malawi,Mzuzu,RETAIL,Kg,kg,0.3
2016-12-01,0.31,Maize,Malawi,Mzuzu,RETAIL,Kg,kg,0.31
2017-01-01,0.3,Maize,Malawi,Mzuzu,RETAIL,Kg,kg,0.3
2017-02-01,0.28,Maize,Malawi,Mzuzu,RETAIL,Kg,kg,0.28
2017-03-01,0.28,Maize,Malawi,Mzuzu,RETAIL,Kg,kg,0.28
2017-04-01,0.25,Maize,Malawi,Mzuzu,RETAIL,Kg,kg,0.25
2017-05-01,0.22,Maize,Malawi,Mzuzu,RETAIL,Kg,kg,0.22
2017-06-01,0.23,Maize,Malawi,Mzuzu,RETAIL,Kg,kg,0.23
2017-07-01,0.24,Maize,Malawi,Mzuzu,RETAIL,Kg,kg,0.24
2017-08-01,0.25,Maize,Malawi,Mzuzu,RETAIL,Kg,kg,0.25
2017-09-01,0.25,Maize,Malawi,Mzuzu,RETAIL,Kg,kg,0.25
2017-10-01,0.25,Maize,Malawi,Mzuzu,RETAIL,Kg,kg,0.25
2017-11-01,0.25,Maize,Malawi,Mzuzu,RETAIL,Kg,kg,0.25
2017-12-01,0.11,Maize,Malawi,Mzuzu,RETAIL,Kg,kg,0.11
2018-01-01,0.1,Maize,Malawi,Mzuzu,RETAIL,Kg,kg,0.1
2018-02-01,0.11,Maize,Malawi,Mzuzu,RETAIL,Kg,kg,0.11
2018-03-01,0.14,Maize,Malawi,Mzuzu,RETAIL,Kg,kg,0.14
2018-04-01,0.13,Maize,Malawi,Mzuzu,RETAIL,Kg,kg,0.13
2018-05-01,0.12,Maize,Malawi,Mzuzu,RETAIL,Kg,kg,0.12
2018-06-01,0.13,Maize,Malawi,Mzuzu,RETAIL,Kg,kg,0.13
2018-07-01,0.14,Maize,Malawi,Mzuzu,RETAIL,Kg,kg,0.14
2018-08-01,0.14,Maize,Malawi,Mzuzu,RETAIL,Kg,kg,0.14
2018-09-01,0.15,Maize,Malawi,Mzuzu,RETAIL,Kg,kg,0.15
2018-10-01,0.15,Maize,Malawi,Mzuzu,RETAIL,Kg,kg,0.15
2018-11-01,0.15,Maize,Malawi,Mzuzu,RETAIL,Kg,kg,0.15
2018-12-01,0.17,Maize,Malawi,Mzuzu,RETAIL,Kg,kg,0.17
2019-01-01,,Maize,Malawi,Mzuzu,RETAIL,Kg,kg,
2019-02-01,,Maize,Malawi,Mzuzu,RETAIL,Kg,kg,
2019-03-01,,Maize,Malawi,Mzuzu,RETAIL,Kg,kg,
2019-04-01,,Maize,Malawi,Mzuzu,RETAIL,Kg,kg,
2019-05-01,,Maize,Malawi,Mzuzu,RETAIL,Kg,kg,
2019-06-01,,Maize,Malawi,Mzuzu,RETAIL,Kg,kg,
2019-07-01,,Maize,Malawi,Mzuzu,RETAIL,Kg,kg,
2019-08-01,,Maize,Malawi,Mzuzu,RETAIL,Kg,kg,
2019-09-01,,Maize,Malawi,Mzuzu,RETAIL,Kg,kg,
2019-10-01,,Maize,Malawi,Mzuzu,RETAIL,Kg,kg,
2019-11-01,,Maize,Malawi,Mzuzu,RETAIL,Kg,kg,
2019-12-01,,Maize,Malawi,Mzuzu,RETAIL,Kg,kg,
2020-01-01,0.32,Maize,Malawi,Mzuzu,RETAIL,Kg,kg,0.32
2020-02-01,0.4,Maize,Malawi,Mzuzu,RETAIL,Kg,kg,0.4
2020-03-01,0.43,Maize,Malawi,Mzuzu,RETAIL,Kg,kg,0.43
2020-04-01,0.27,Maize,Malawi,Mzuzu,RETAIL,Kg,kg,0.27
2020-05-01,0.22,Maize,Malawi,Mzuzu,RETAIL,Kg,kg,0.22
2020-06-01,0.19,Maize,Malawi,Mzuzu,RETAIL,Kg,kg,0.19
2020-07-01,0.2,Maize,Malawi,Mzuzu,RETAIL,Kg,kg,0.2
2020-08-01,0.2,Maize,Malawi,Mzuzu,RETAIL,Kg,kg,0.2
2020-09-01,0.2,Maize,Malawi,Mzuzu,RETAIL,Kg,kg,0.2
2020-10-01,0.2,Maize,Malawi,Mzuzu,RETAIL,Kg,kg,0.2
2020-11-01,0.2,Maize,Malawi,Mzuzu,RETAIL,Kg,kg,0.2
2020-12-01,0.22,Maize,Malawi,Mzuzu,RETAIL,Kg,kg,0.22
2021-01-01,0.23,Maize,Malawi,Mzuzu,RETAIL,Kg,kg,0.23
2021-02-01,0.23,Maize,Malawi,Mzuzu,RETAIL,Kg,kg,0.23
2021-03-01,0.23,Maize,Malawi,Mzuzu,RETAIL,Kg,kg,0.23
2021-04-01,0.21,Maize,Malawi,Mzuzu,RETAIL,Kg,kg,0.21
2021-05-01,0.16,Maize,Malawi,Mzuzu,RETAIL,Kg,kg,0.16
2021-06-01,0.17,Maize,Malawi,Mzuzu,RETAIL,Kg,kg,0.17
2021-07-01,0.18,Maize,Malawi,Mzuzu,RETAIL,Kg,kg,0.18
2021-08-01,,Maize,Malawi,Mzuzu,RETAIL,Kg,kg,
2021-09-01,,Maize,Malawi,Mzuzu,RETAIL,Kg,kg,
2021-10-01,,Maize,Malawi,Mzuzu,RETAIL,Kg,kg,
2021-11-01,,Maize,Malawi,Mzuzu,RETAIL,Kg,kg,
2021-12-01,,Maize,Malawi,Mzuzu,RETAIL,Kg,kg,
2022-01-01,0.18,Maize,Malawi,Mzuzu,RETAIL,Kg,kg,0.18
2022-02-01,0.21,Maize,Malawi,Mzuzu,RETAIL,Kg,kg,0.21
2022-03-01,0.21,Maize,Malawi,Mzuzu,RETAIL,Kg,kg,0.21
2022-04-01,0.22,Maize,Malawi,Mzuzu,RETAIL,Kg,kg,0.22
2022-05-01,0.24,Maize,Malawi,Mzuzu,RETAIL,Kg,kg,0.24
2022-06-01,0.24,Maize,Malawi,Mzuzu,RETAIL,Kg,kg,0.24
2022-07-01,0.3,Maize,Malawi,Mzuzu,RETAIL,Kg,kg,0.3
2022-08-01,0.34,Maize,Malawi,Mzuzu,RETAIL,Kg,kg,0.34
2022-09-01,0.3,Maize,Malawi,Mzuzu,RETAIL,Kg,kg,0.3
2022-10-01,0.33,Maize,Malawi,Mzuzu,RETAIL,Kg,kg,0.33
2022-11-01,0.4,Maize,Malawi,Mzuzu,RETAIL,Kg,kg,0.4
2022-12-01,0.43,Maize,Malawi,Mzuzu,RETAIL,Kg,kg,0.43
2023-01-01,0.44,Maize,Malawi,Mzuzu,RETAIL,Kg,kg,0.44
2023-02-01,0.49,Maize,Malawi,Mzuzu,RETAIL,Kg,kg,0.49
2023-03-01,0.66,Maize,Malawi,Mzuzu,RETAIL,Kg,kg,0.66
2023-04-01,0.64,Maize,Malawi,Mzuzu,RETAIL,Kg,kg,0.64
2023-05-01,0.48,Maize,Malawi,Mzuzu,RETAIL,Kg,kg,0.48
2023-06-01,0.46,Maize,Malawi,Mzuzu,RETAIL,Kg,kg,0.46
2023-07-01,0.48,Maize,Malawi,Mzuzu,RETAIL,Kg,kg,0.48
2023-08-01,0.52,Maize,Malawi,Mzuzu,RETAIL,Kg,kg,0.52
2023-09-01,0.53,Maize,Malawi,Mzuzu,RETAIL,Kg,kg,0.53
2023-10-01,0.51,Maize,Malawi,Mzuzu,RETAIL,Kg,kg,0.51
2023-11-01,0.41,Maize,Malawi,Mzuzu,RETAIL,Kg,kg,0.41
2023-12-01,0.39,Maize,Malawi,Mzuzu,RETAIL,Kg,kg,0.39
2024-01-01,0.43,Maize,Malawi,Mzuzu,RETAIL,Kg,kg,0.43
2024-02-01,0.4,Maize,Malawi,Mzuzu,RETAIL,Kg,kg,0.4
2024-03-01,0.39,Maize,Malawi,Mzuzu,RETAIL,Kg,kg,0.39
2024-04-01,0.35,Maize,Malawi,Mzuzu,RETAIL,Kg,kg,0.35
2024-05-01,0.34,Maize,Malawi,Mzuzu,RETAIL,Kg,kg,0.34
2024-06-01,0.33,Maize,Malawi,Mzuzu,RETAIL,Kg,kg,0.33
2024-07-01,0.37,Maize,Malawi,Mzuzu,RETAIL,Kg,kg,0.37
2024-08-01,0.39,Maize,Malawi,Mzuzu,RETAIL,Kg,kg,0.39
2024-09-01,0.37,Maize,Malawi,Mzuzu,RETAIL,Kg,kg,0.37
2024-10-01,0.38,Maize,Malawi,Mzuzu,RETAIL,Kg,kg,0.38
2024-11-01,0.4,Maize,Malawi,Mzuzu,RETAIL,Kg,kg,0.4
2024-12-01,0.45,Maize,Malawi,Mzuzu,RETAIL,Kg,kg,0.45
2025-01-01,0.62,Maize,Malawi,Mzuzu,RETAIL,Kg,kg,0.62
2025-02-01,0.76,Maize,Malawi,Mzuzu,RETAIL,Kg,kg,0.76
2025-03-01,0.79,Maize,Malawi,Mzuzu,RETAIL,Kg,kg,0.79
2025-04-01,0.6,Maize,Malawi,Mzuzu,RETAIL,Kg,kg,0.6
2025-05-01,0.53,Maize,Malawi,Mzuzu,RETAIL,Kg,kg,0.53
2025-06-01,0.53,Maize,Malawi,Mzuzu,RETAIL,Kg,kg,0.53
2025-07-01,0.58,Maize,Malawi,Mzuzu,RETAIL,Kg,kg,0.58
2025-08-01,0.64,Maize,Malawi,Mzuzu,RETAIL,Kg,kg,0.64
2025-09-01,0.7,Maize,Malawi,Mzuzu,RETAIL,Kg,kg,0.7
2025-10-01,0.63,Maize,Malawi,Mzuzu,RETAIL,Kg,kg,0.63
2016-11-01,0.31,Maize,Malawi,National Average,RETAIL,Kg,kg,0.31
2016-12-01,0.32,Maize,Malawi,National Average,RETAIL,Kg,kg,0.32
2017-01-01,0.31,Maize,Malawi,National Average,RETAIL,Kg,kg,0.31
2017-02-01,0.29,Maize,Malawi,National Average,RETAIL,Kg,kg,0.29
2017-03-01,0.28,Maize,Malawi,National Average,RETAIL,Kg,kg,0.28
2017-04-01,0.25,Maize,Malawi,National Average,RETAIL,Kg,kg,0.25
2017-05-01,0.24,Maize,Malawi,National Average,RETAIL,Kg,kg,0.24
2017-06-01,0.24,Maize,Malawi,National Average,RETAIL,Kg,kg,0.24
2017-07-01,0.23,Maize,Malawi,National Average,RETAIL,Kg,kg,0.23
2017-08-01,0.23,Maize,Malawi,National Average,RETAIL,Kg,kg,0.23
2017-09-01,0.23,Maize,Malawi,National Average,RETAIL,Kg,kg,0.23
2017-10-01,0.23,Maize,Malawi,National Average,RETAIL,Kg,kg,0.23
2017-11-01,0.23,Maize,Malawi,National Average,RETAIL,Kg,kg,0.23
2017-12-01,0.13,Maize,Malawi,National Average,RETAIL,Kg,kg,0.13
2018-01-01,0.12,Maize,Malawi,National Average,RETAIL,Kg,kg,0.12
2018-02-01,0.15,Maize,Malawi,National Average,RETAIL,Kg,kg,0.15
2018-03-01,0.16,Maize,Malawi,National Average,RETAIL,Kg,kg,0.16
2018-04-01,0.15,Maize,Malawi,National Average,RETAIL,Kg,kg,0.15
2018-05-01,0.13,Maize,Malawi,National Average,RETAIL,Kg,kg,0.13
2018-06-01,0.14,Maize,Malawi,National Average,RETAIL,Kg,kg,0.14
2018-07-01,0.16,Maize,Malawi,National Average,RETAIL,Kg,kg,0.16
2018-08-01,0.17,Maize,Malawi,National Average,RETAIL,Kg,kg,0.17
2018-09-01,0.17,Maize,Malawi,National Average,RETAIL,Kg,kg,0.17
2018-10-01,0.17,Maize,Malawi,National Average,RETAIL,Kg,kg,0.17
2018-11-01,0.18,Maize,Malawi,National Average,RETAIL,Kg,kg,0.18
2018-12-01,0.2,Maize,Malawi,National Average,RETAIL,Kg,kg,0.2
2019-01-01,,Maize,Malawi,National Average,RETAIL,Kg,kg,
2019-02-01,,Maize,Malawi,National Average,RETAIL,Kg,kg,
2019-03-01,,Maize,Malawi,National Average,RETAIL,Kg,kg,
2019-04-01,,Maize,Malawi,National Average,RETAIL,Kg,kg,
2019-05-01,,Maize,Malawi,National Average,RETAIL,Kg,kg,
2019-06-01,,Maize,Malawi,National Average,RETAIL,Kg,kg,
2019-07-01,,Maize,Malawi,National Average,RETAIL,Kg,kg,
2019-08-01,,Maize,Malawi,National Average,RETAIL,Kg,kg,
2019-09-01,,Maize,Malawi,National Average,RETAIL,Kg,kg,
2019-10-01,,Maize,Malawi,National Average,RETAIL,Kg,kg,
2019-11-01,,Maize,Malawi,National Average,RETAIL,Kg,kg,
2019-12-01,,Maize,Malawi,National Average,RETAIL,Kg,kg,
2020-01-01,0.43,Maize,Malawi,National Average,RETAIL,Kg,kg,0.43
2020-02-01,0.46,Maize,Malawi,National Average,RETAIL,Kg,kg,0.46
2020-03-01,0.4,Maize,Malawi,National Average,RETAIL,Kg,kg,0.4
2020-04-01,0.24,Maize,Malawi,National Average,RETAIL,Kg,kg,0.24
2020-05-01,0.23,Maize,Malawi,National Average,RETAIL,Kg,kg,0.23
2020-06-01,0.24,Maize,Malawi,National Average,RETAIL,Kg,kg,0.24
2020-07-01,0.24,Maize,Malawi,National Average,RETAIL,Kg,kg,0.24
2020-08-01,0.23,Maize,Malawi,National Average,RETAIL,Kg,kg,0.23
2020-09-01,0.24,Maize,Malawi,National Average,RETAIL,Kg,kg,0.24
2020-10-01,0.26,Maize,Malawi,National Average,RETAIL,Kg,kg,0.26
2020-11-01,0.26,Maize,Malawi,National Average,RETAIL,Kg,kg,0.26
2020-12-01,0.26,Maize,Malawi,National Average,RETAIL,Kg,kg,0.26
2021-01-01,0.26,Maize,Malawi,National Average,RETAIL,Kg,kg,0.26
2021-02-01,0.24,Maize,Malawi,National Average,RETAIL,Kg,kg,0.24
2021-03-01,0.23,Maize,Malawi,National Average,RETAIL,Kg,kg,0.23
2021-04-01,0.22,Maize,Malawi,National Average,RETAIL,Kg,kg,0.22
2021-05-01,0.16,Maize,Malawi,National Average,RETAIL,Kg,kg,0.16
2021-06-01,0.16,Maize,Malawi,National Average,RETAIL,Kg,kg,0.16
2021-07-01,0.16,Maize,Malawi,National Average,RETAIL,Kg,kg,0.16
2021-08-01,,Maize,Malawi,National Average,RETAIL,Kg,kg,
2021-09-01,,Maize,Malawi,National Average,RETAIL,Kg,kg,
2021-10-01,,Maize,Malawi,National Average,RETAIL,Kg,kg,
2021-11-01,,Maize,Malawi,National Average,RETAIL,Kg,kg,
2021-12-01,,Maize,Malawi,National Average,RETAIL,Kg,kg,
2022-01-01,0.24,Maize,Malawi,National Average,RETAIL,Kg,kg,0.24
2022-02-01,0.24,Maize,Malawi,National Average,RETAIL,Kg,kg,0.24
2022-03-01,0.24,Maize,Malawi,National Average,RETAIL,Kg,kg,0.24
2022-04-01,0.26,Maize,Malawi,National Average,RETAIL,Kg,kg,0.26
2022-05-01,0.28,Maize,Malawi,National Average,RETAIL,Kg,kg,0.28
2022-06-01,0.26,Maize,Malawi,National Average,RETAIL,Kg,kg,0.26
2022-07-01,0.31,Maize,Malawi,National Average,RETAIL,Kg,kg,0.31
2022-08-01,0.32,Maize,Malawi,National Average,RETAIL,Kg,kg,0.32
2022-09-01,0.32,Maize,Malawi,National Average,RETAIL,Kg,kg,0.32
2022-10-01,0.38,Maize,Malawi,National Average,RETAIL,Kg,kg,0.38
2022-11-01,0.45,Maize,Malawi,National Average,RETAIL,Kg,kg,0.45
2022-12-01,0.45,Maize,Malawi,National Average,RETAIL,Kg,kg,0.45
2023-01-01,0.48,Maize,Malawi,National Average,RETAIL,Kg,kg,0.48
2023-02-01,0.59,Maize,Malawi,National Average,RETAIL,Kg,kg,0.59
2023-03-01,0.67,Maize,Malawi,National Average,RETAIL,Kg,kg,0.67
2023-04-01,0.53,Maize,Malawi,National Average,RETAIL,Kg,kg,0.53
2023-05-01,0.46,Maize,Malawi,National Average,RETAIL,Kg,kg,0.46
2023-06-01,0.49,Maize,Malawi,National Average,RETAIL,Kg,kg,0.49
2023-07-01,0.57,Maize,Malawi,National Average,RETAIL,Kg,kg,0.57
2023-08-01,0.62,Maize,Malawi,National Average,RETAIL,Kg,kg,0.62
2023-09-01,0.62,Maize,Malawi,National Average,RETAIL,Kg,kg,0.62
2023-10-01,0.61,Maize,Malawi,National Average,RETAIL,Kg,kg,0.61
2023-11-01,0.48,Maize,Malawi,National Average,RETAIL,Kg,kg,0.48
2023-12-01,0.48,Maize,Malawi,National Average,RETAIL,Kg,kg,0.48
2024-01-01,0.53,Maize,Malawi,National Average,RETAIL,Kg,kg,0.53
2024-02-01,0.47,Maize,Malawi,National Average,RETAIL,Kg,kg,0.47
2024-03-01,0.45,Maize,Malawi,National Average,RETAIL,Kg,kg,0.45
2024-04-01,0.36,Maize,Malawi,National Average,RETAIL,Kg,kg,0.36
2024-05-01,0.34,Maize,Malawi,National Average,RETAIL,Kg,kg,0.34
2024-06-01,0.41,Maize,Malawi,National Average,RETAIL,Kg,kg,0.41
2024-07-01,0.45,Maize,Malawi,National Average,RETAIL,Kg,kg,0.45
2024-08-01,0.45,Maize,Malawi,National Average,RETAIL,Kg,kg,0.45
2024-09-01,0.45,Maize,Malawi,National Average,RETAIL,Kg,kg,0.45
2024-10-01,0.46,Maize,Malawi,National Average,RETAIL,Kg,kg,0.46
2024-11-01,0.49,Maize,Malawi,National Average,RETAIL,Kg,kg,0.49
2024-12-01,0.55,Maize,Malawi,National Average,RETAIL,Kg,kg,0.55
2025-01-01,0.71,Maize,Malawi,National Average,RETAIL,Kg,kg,0.71
2025-02-01,0.9,Maize,Malawi,National Average,RETAIL,Kg,kg,0.9
2025-03-01,0.85,Maize,Malawi,National Average,RETAIL,Kg,kg,0.85
2025-04-01,0.59,Maize,Malawi,National Average,RETAIL,Kg,kg,0.59
2025-05-01,0.54,Maize,Malawi,National Average,RETAIL,Kg,kg,0.54
2025-06-01,0.57,Maize,Malawi,National Average,RETAIL,Kg,kg,0.57
2025-07-01,0.64,Maize,Malawi,National Average,RETAIL,Kg,kg,0.64
2025-08-01,0.73,Maize,Malawi,National Average,RETAIL,Kg,kg,0.73
2025-09-01,0.79,Maize,Malawi,National Average,RETAIL,Kg,kg,0.79
2025-10-01,0.7,Maize,Malawi,National Average,RETAIL,Kg,kg,0.7
2016-11-01,0.3,Maize,Malawi,Nsanje,RETAIL,Kg,kg,0.3
2016-12-01,0.3,Maize,Malawi,Nsanje,RETAIL,Kg,kg,0.3
2017-01-01,0.33,Maize,Malawi,Nsanje,RETAIL,Kg,kg,0.33
2017-02-01,0.32,Maize,Malawi,Nsanje,RETAIL,Kg,kg,0.32
2017-03-01,0.27,Maize,Malawi,Nsanje,RETAIL,Kg,kg,0.27
2017-04-01,0.19,Maize,Malawi,Nsanje,RETAIL,Kg,kg,0.19
2017-05-01,0.18,Maize,Malawi,Nsanje,RETAIL,Kg,kg,0.18
2017-06-01,0.17,Maize,Malawi,Nsanje,RETAIL,Kg,kg,0.17
2017-07-01,0.16,Maize,Malawi,Nsanje,RETAIL,Kg,kg,0.16
2017-08-01,0.16,Maize,Malawi,Nsanje,RETAIL,Kg,kg,0.16
2017-09-01,0.16,Maize,Malawi,Nsanje,RETAIL,Kg,kg,0.16
2017-10-01,0.16,Maize,Malawi,Nsanje,RETAIL,Kg,kg,0.16
2017-11-01,0.16,Maize,Malawi,Nsanje,RETAIL,Kg,kg,0.16
2017-12-01,0.15,Maize,Malawi,Nsanje,RETAIL,Kg,kg,0.15
2018-01-01,0.14,Maize,Malawi,Nsanje,RETAIL,Kg,kg,0.14
2018-02-01,0.17,Maize,Malawi,Nsanje,RETAIL,Kg,kg,0.17
2018-03-01,0.18,Maize,Malawi,Nsanje,RETAIL,Kg,kg,0.18
2018-04-01,0.17,Maize,Malawi,Nsanje,RETAIL,Kg,kg,0.17
2018-05-01,0.15,Maize,Malawi,Nsanje,RETAIL,Kg,kg,0.15
2018-06-01,0.14,Maize,Malawi,Nsanje,RETAIL,Kg,kg,0.14
2018-07-01,0.16,Maize,Malawi,Nsanje,RETAIL,Kg,kg,0.16
2018-08-01,0.19,Maize,Malawi,Nsanje,RETAIL,Kg,kg,0.19
2018-09-01,0.2,Maize,Malawi,Nsanje,RETAIL,Kg,kg,0.2
2018-10-01,0.19,Maize,Malawi,Nsanje,RETAIL,Kg,kg,0.19
2018-11-01,0.19,Maize,Malawi,Nsanje,RETAIL,Kg,kg,0.19
2018-12-01,0.22,Maize,Malawi,Nsanje,RETAIL,Kg,kg,0.22
2019-01-01,,Maize,Malawi,Nsanje,RETAIL,Kg,kg,
2019-02-01,,Maize,Malawi,Nsanje,RETAIL,Kg,kg,
2019-03-01,,Maize,Malawi,Nsanje,RETAIL,Kg,kg,
2019-04-01,,Maize,Malawi,Nsanje,RETAIL,Kg,kg,
2019-05-01,,Maize,Malawi,Nsanje,RETAIL,Kg,kg,
2019-06-01,,Maize,Malawi,Nsanje,RETAIL,Kg,kg,
2019-07-01,,Maize,Malawi,Nsanje,RETAIL,Kg,kg,
2019-08-01,,Maize,Malawi,Nsanje,RETAIL,Kg,kg,
2019-09-01,,Maize,Malawi,Nsanje,RETAIL,Kg,kg,
2019-10-01,,Maize,Malawi,Nsanje,RETAIL,Kg,kg,
2019-11-01,,Maize,Malawi,Nsanje,RETAIL,Kg,kg,
2019-12-01,,Maize,Malawi,Nsanje,RETAIL,Kg,kg,
2020-01-01,0.47,Maize,Malawi,Nsanje,RETAIL,Kg,kg,0.47
2020-02-01,0.49,Maize,Malawi,Nsanje,RETAIL,Kg,kg,0.49
2020-03-01,0.4,Maize,Malawi,Nsanje,RETAIL,Kg,kg,0.4
2020-04-01,0.21,Maize,Malawi,Nsanje,RETAIL,Kg,kg,0.21
2020-05-01,0.22,Maize,Malawi,Nsanje,RETAIL,Kg,kg,0.22
2020-06-01,0.26,Maize,Malawi,Nsanje,RETAIL,Kg,kg,0.26
2020-07-01,0.27,Maize,Malawi,Nsanje,RETAIL,Kg,kg,0.27
2020-08-01,0.27,Maize,Malawi,Nsanje,RETAIL,Kg,kg,0.27
2020-09-01,0.26,Maize,Malawi,Nsanje,RETAIL,Kg,kg,0.26
2020-10-01,0.28,Maize,Malawi,Nsanje,RETAIL,Kg,kg,0.28
2020-11-01,0.28,Maize,Malawi,Nsanje,RETAIL,Kg,kg,0.28
2020-12-01,0.28,Maize,Malawi,Nsanje,RETAIL,Kg,kg,0.28
2021-01-01,0.3,Maize,Malawi,Nsanje,RETAIL,Kg,kg,0.3
2021-02-01,0.26,Maize,Malawi,Nsanje,RETAIL,Kg,kg,0.26
2021-03-01,0.22,Maize,Malawi,Nsanje,RETAIL,Kg,kg,0.22
2021-04-01,0.22,Maize,Malawi,Nsanje,RETAIL,Kg,kg,0.22
2021-05-01,0.18,Maize,Malawi,Nsanje,RETAIL,Kg,kg,0.18
2021-06-01,0.19,Maize,Malawi,Nsanje,RETAIL,Kg,kg,0.19
2021-07-01,0.19,Maize,Malawi,Nsanje,RETAIL,Kg,kg,0.19
2021-08-01,,Maize,Malawi,Nsanje,RETAIL,Kg,kg,
2021-09-01,,Maize,Malawi,Nsanje,RETAIL,Kg,kg,
2021-10-01,,Maize,Malawi,Nsanje,RETAIL,Kg,kg,
2021-11-01,,Maize,Malawi,Nsanje,RETAIL,Kg,kg,
2021-12-01,,Maize,Malawi,Nsanje,RETAIL,Kg,kg,
2022-01-01,0.28,Maize,Malawi,Nsanje,RETAIL,Kg,kg,0.28
2022-02-01,0.27,Maize,Malawi,Nsanje,RETAIL,Kg,kg,0.27
2022-03-01,0.26,Maize,Malawi,Nsanje,RETAIL,Kg,kg,0.26
2022-04-01,0.28,Maize,Malawi,Nsanje,RETAIL,Kg,kg,0.28
2022-05-01,0.31,Maize,Malawi,Nsanje,RETAIL,Kg,kg,0.31
2022-06-01,0.27,Maize,Malawi,Nsanje,RETAIL,Kg,kg,0.27
2022-07-01,0.31,Maize,Malawi,Nsanje,RETAIL,Kg,kg,0.31
2022-08-01,0.35,Maize,Malawi,Nsanje,RETAIL,Kg,kg,0.35
2022-09-01,0.36,Maize,Malawi,Nsanje,RETAIL,Kg,kg,0.36
2022-10-01,0.42,Maize,Malawi,Nsanje,RETAIL,Kg,kg,0.42
2022-11-01,0.47,Maize,Malawi,Nsanje,RETAIL,Kg,kg,0.47
2022-12-01,0.49,Maize,Malawi,Nsanje,RETAIL,Kg,kg,0.49
2023-01-01,0.55,Maize,Malawi,Nsanje,RETAIL,Kg,kg,0.55
2023-02-01,0.61,Maize,Malawi,Nsanje,RETAIL,Kg,kg,0.61
2023-03-01,0.76,Maize,Malawi,Nsanje,RETAIL,Kg,kg,0.76
2023-04-01,0.41,Maize,Malawi,Nsanje,RETAIL,Kg,kg,0.41
2023-05-01,0.39,Maize,Malawi,Nsanje,RETAIL,Kg,kg,0.39
2023-06-01,0.44,Maize,Malawi,Nsanje,RETAIL,Kg,kg,0.44
2023-07-01,0.6,Maize,Malawi,Nsanje,RETAIL,Kg,kg,0.6
2023-08-01,0.62,Maize,Malawi,Nsanje,RETAIL,Kg,kg,0.62
2023-09-01,0.61,Maize,Malawi,Nsanje,RETAIL,Kg,kg,0.61
2023-10-01,0.63,Maize,Malawi,Nsanje,RETAIL,Kg,kg,0.63
2023-11-01,0.49,Maize,Malawi,Nsanje,RETAIL,Kg,kg,0.49
2023-12-01,0.52,Maize,Malawi,Nsanje,RETAIL,Kg,kg,0.52
2024-01-01,0.59,Maize,Malawi,Nsanje,RETAIL,Kg,kg,0.59
2024-02-01,0.52,Maize,Malawi,Nsanje,RETAIL,Kg,kg,0.52
2024-03-01,0.51,Maize,Malawi,Nsanje,RETAIL,Kg,kg,0.51
2024-04-01,0.37,Maize,Malawi,Nsanje,RETAIL,Kg,kg,0.37
2024-05-01,0.37,Maize,Malawi,Nsanje,RETAIL,Kg,kg,0.37
2024-06-01,0.48,Maize,Malawi,Nsanje,RETAIL,Kg,kg,0.48
2024-07-01,0.51,Maize,Malawi,Nsanje,RETAIL,Kg,kg,0.51
2024-08-01,0.5,Maize,Malawi,Nsanje,RETAIL,Kg,kg,0.5
2024-09-01,0.5,Maize,Malawi,Nsanje,RETAIL,Kg,kg,0.5
2024-10-01,0.51,Maize,Malawi,Nsanje,RETAIL,Kg,kg,0.51
2024-11-01,0.55,Maize,Malawi,Nsanje,RETAIL,Kg,kg,0.55
2024-12-01,0.6,Maize,Malawi,Nsanje,RETAIL,Kg,kg,0.6
2025-01-01,0.78,Maize,Malawi,Nsanje,RETAIL,Kg,kg,0.78
2025-02-01,0.99,Maize,Malawi,Nsanje,RETAIL,Kg,kg,0.99
2025-03-01,0.92,Maize,Malawi,Nsanje,RETAIL,Kg,kg,0.92
2025-04-01,0.55,Maize,Malawi,Nsanje,RETAIL,Kg,kg,0.55
2025-05-01,0.56,Maize,Malawi,Nsanje,RETAIL,Kg,kg,0.56
2025-06-01,0.63,Maize,Malawi,Nsanje,RETAIL,Kg,kg,0.63
2025-07-01,0.7,Maize,Malawi,Nsanje,RETAIL,Kg,kg,0.7
2025-08-01,0.8,Maize,Malawi,Nsanje,RETAIL,Kg,kg,0.8
2025-09-01,0.86,Maize,Malawi,Nsanje,RETAIL,Kg,kg,0.86
2025-10-01,0.74,Maize,Malawi,Nsanje,RETAIL,Kg,kg,0.74
2018-01-01,0.13,Maize,Malawi,Salima,RETAIL,Kg,kg,0.13
2018-02-01,0.16,Maize,Malawi,Salima,RETAIL,Kg,kg,0.16
2018-03-01,0.16,Maize,Malawi,Salima,RETAIL,Kg,kg,0.16
2018-04-01,0.15,Maize,Malawi,Salima,RETAIL,Kg,kg,0.15
2018-05-01,0.14,Maize,Malawi,Salima,RETAIL,Kg,kg,0.14
2018-06-01,0.15,Maize,Malawi,Salima,RETAIL,Kg,kg,0.15
2018-07-01,0.18,Maize,Malawi,Salima,RETAIL,Kg,kg,0.18
2018-08-01,0.18,Maize,Malawi,Salima,RETAIL,Kg,kg,0.18
2018-09-01,0.19,Maize,Malawi,Salima,RETAIL,Kg,kg,0.19
2018-10-01,0.19,Maize,Malawi,Salima,RETAIL,Kg,kg,0.19
2018-11-01,0.2,Maize,Malawi,Salima,RETAIL,Kg,kg,0.2
2018-12-01,0.23,Maize,Malawi,Salima,RETAIL,Kg,kg,0.23
2019-01-01,,Maize,Malawi,Salima,RETAIL,Kg,kg,
2019-02-01,,Maize,Malawi,Salima,RETAIL,Kg,kg,
2019-03-01,,Maize,Malawi,Salima,RETAIL,Kg,kg,
2019-04-01,,Maize,Malawi,Salima,RETAIL,Kg,kg,
2019-05-01,,Maize,Malawi,Salima,RETAIL,Kg,kg,
2019-06-01,,Maize,Malawi,Salima,RETAIL,Kg,kg,
2019-07-01,,Maize,Malawi,Salima,RETAIL,Kg,kg,
2019-08-01,,Maize,Malawi,Salima,RETAIL,Kg,kg,
2019-09-01,,Maize,Malawi,Salima,RETAIL,Kg,kg,
2019-10-01,,Maize,Malawi,Salima,RETAIL,Kg,kg,
2019-11-01,,Maize,Malawi,Salima,RETAIL,Kg,kg,
2019-12-01,,Maize,Malawi,Salima,RETAIL,Kg,kg,
2020-01-01,0.46,Maize,Malawi,Salima,RETAIL,Kg,kg,0.46
2020-02-01,0.47,Maize,Malawi,Salima,RETAIL,Kg,kg,0.47
2020-03-01,0.39,Maize,Malawi,Salima,RETAIL,Kg,kg,0.39
2020-04-01,0.22,Maize,Malawi,Salima,RETAIL,Kg,kg,0.22
2020-05-01,0.21,Maize,Malawi,Salima,RETAIL,Kg,kg,0.21
2020-06-01,0.22,Maize,Malawi,Salima,RETAIL,Kg,kg,0.22
2020-07-01,0.23,Maize,Malawi,Salima,RETAIL,Kg,kg,0.23
2020-08-01,0.23,Maize,Malawi,Salima,RETAIL,Kg,kg,0.23
2020-09-01,0.25,Maize,Malawi,Salima,RETAIL,Kg,kg,0.25
2020-10-01,0.28,Maize,Malawi,Salima,RETAIL,Kg,kg,0.28
2020-11-01,0.28,Maize,Malawi,Salima,RETAIL,Kg,kg,0.28
2020-12-01,0.26,Maize,Malawi,Salima,RETAIL,Kg,kg,0.26
2021-01-01,0.28,Maize,Malawi,Salima,RETAIL,Kg,kg,0.28
2021-02-01,0.26,Maize,Malawi,Salima,RETAIL,Kg,kg,0.26
2021-03-01,0.25,Maize,Malawi,Salima,RETAIL,Kg,kg,0.25
2021-04-01,0.25,Maize,Malawi,Salima,RETAIL,Kg,kg,0.25
2021-05-01,0.18,Maize,Malawi,Salima,RETAIL,Kg,kg,0.18
2021-06-01,0.14,Maize,Malawi,Salima,RETAIL,Kg,kg,0.14
2021-07-01,0.15,Maize,Malawi,Salima,RETAIL,Kg,kg,0.15
2021-08-01,,Maize,Malawi,Salima,RETAIL,Kg,kg,
2021-09-01,,Maize,Malawi,Salima,RETAIL,Kg,kg,
2021-10-01,,Maize,Malawi,Salima,RETAIL,Kg,kg,
2021-11-01,,Maize,Malawi,Salima,RETAIL,Kg,kg,
2021-12-01,,Maize,Malawi,Salima,RETAIL,Kg,kg,
2022-01-01,0.22,Maize,Malawi,Salima,RETAIL,Kg,kg,0.22
2022-02-01,0.22,Maize,Malawi,Salima,RETAIL,Kg,kg,0.22
2022-03-01,0.23,Maize,Malawi,Salima,RETAIL,Kg,kg,0.23
2022-04-01,0.26,Maize,Malawi,Salima,RETAIL,Kg,kg,0.26
2022-05-01,0.24,Maize,Malawi,Salima,RETAIL,Kg,kg,0.24
2022-06-01,0.24,Maize,Malawi,Salima,RETAIL,Kg,kg,0.24
2022-07-01,0.31,Maize,Malawi,Salima,RETAIL,Kg,kg,0.31
2022-08-01,0.32,Maize,Malawi,Salima,RETAIL,Kg,kg,0.32
2022-09-01,0.31,Maize,Malawi,Salima,RETAIL,Kg,kg,0.31
2022-10-01,0.37,Maize,Malawi,Salima,RETAIL,Kg,kg,0.37
2022-11-01,0.47,Maize,Malawi,Salima,RETAIL,Kg,kg,0.47
2022-12-01,0.48,Maize,Malawi,Salima,RETAIL,Kg,kg,0.48
2023-01-01,0.5,Maize,Malawi,Salima,RETAIL,Kg,kg,0.5
2023-02-01,0.58,Maize,Malawi,Salima,RETAIL,Kg,kg,0.58
2023-03-01,0.61,Maize,Malawi,Salima,RETAIL,Kg,kg,0.61
2023-04-01,0.54,Maize,Malawi,Salima,RETAIL,Kg,kg,0.54
2023-05-01,0.5,Maize,Malawi,Salima,RETAIL,Kg,kg,0.5
2023-06-01,0.52,Maize,Malawi,Salima,RETAIL,Kg,kg,0.52
2023-07-01,0.57,Maize,Malawi,Salima,RETAIL,Kg,kg,0.57
2023-08-01,0.62,Maize,Malawi,Salima,RETAIL,Kg,kg,0.62
2023-09-01,0.62,Maize,Malawi,Salima,RETAIL,Kg,kg,0.62
2023-10-01,0.61,Maize,Malawi,Salima,RETAIL,Kg,kg,0.61
2023-11-01,0.48,Maize,Malawi,Salima,RETAIL,Kg,kg,0.48
2023-12-01,0.47,Maize,Malawi,Salima,RETAIL,Kg,kg,0.47
2024-01-01,0.51,Maize,Malawi,Salima,RETAIL,Kg,kg,0.51
2024-02-01,0.44,Maize,Malawi,Salima,RETAIL,Kg,kg,0.44
2024-03-01,0.46,Maize,Malawi,Salima,RETAIL,Kg,kg,0.46
2024-04-01,0.37,Maize,Malawi,Salima,RETAIL,Kg,kg,0.37
2024-05-01,0.34,Maize,Malawi,Salima,RETAIL,Kg,kg,0.34
2024-06-01,0.4,Maize,Malawi,Salima,RETAIL,Kg,kg,0.4
2024-07-01,0.44,Maize,Malawi,Salima,RETAIL,Kg,kg,0.44
2024-08-01,0.45,Maize,Malawi,Salima,RETAIL,Kg,kg,0.45
2024-09-01,0.45,Maize,Malawi,Salima,RETAIL,Kg,kg,0.45
2024-10-01,0.46,Maize,Malawi,Salima,RETAIL,Kg,kg,0.46
2024-11-01,0.48,Maize,Malawi,Salima,RETAIL,Kg,kg,0.48
2024-12-01,0.55,Maize,Malawi,Salima,RETAIL,Kg,kg,0.55
2025-01-01,0.71,Maize,Malawi,Salima,RETAIL,Kg,kg,0.71
2025-02-01,0.9,Maize,Malawi,Salima,RETAIL,Kg,kg,0.9
2025-03-01,0.89,Maize,Malawi,Salima,RETAIL,Kg,kg,0.89
2025-04-01,0.67,Maize,Malawi,Salima,RETAIL,Kg,kg,0.67
2025-05-01,0.6,Maize,Malawi,Salima,RETAIL,Kg,kg,0.6
2025-06-01,0.57,Maize,Malawi,Salima,RETAIL,Kg,kg,0.57
2025-07-01,0.65,Maize,Malawi,Salima,RETAIL,Kg,kg,0.65
2025-08-01,0.74,Maize,Malawi,Salima,RETAIL,Kg,kg,0.74
2025-09-01,0.79,Maize,Malawi,Salima,RETAIL,Kg,kg,0.79
2025-10-01,0.68,Maize,Malawi,Salima,RETAIL,Kg,kg,0.68
2000-01-01,0.2,Maize,Niger,Agadez,RETAIL,Kg,kg,0.2
2000-02-01,0.19,Maize,Niger,Agadez,RETAIL,Kg,kg,0.19
2000-03-01,0.19,Maize,Niger,Agadez,RETAIL,Kg,kg,0.19
2000-04-01,0.18,Maize,Niger,Agadez,RETAIL,Kg,kg,0.18
2000-05-01,0.18,Maize,Niger,Agadez,RETAIL,Kg,kg,0.18
2000-06-01,0.19,Maize,Niger,Agadez,RETAIL,Kg,kg,0.19
2000-07-01,0.19,Maize,Niger,Agadez,RETAIL,Kg,kg,0.19
2000-08-01,0.19,Maize,Niger,Agadez,RETAIL,Kg,kg,0.19
2000-09-01,0.18,Maize,Niger,Agadez,RETAIL,Kg,kg,0.18
2000-10-01,0.18,Maize,Niger,Agadez,RETAIL,Kg,kg,0.18
2000-11-01,0.18,Maize,Niger,Agadez,RETAIL,Kg,kg,0.18
2000-12-01,0.22,Maize,Niger,Agadez,RETAIL,Kg,kg,0.22
2001-01-01,0.21,Maize,Niger,Agadez,RETAIL,Kg,kg,0.21
2001-02-01,0.21,Maize,Niger,Agadez,RETAIL,Kg,kg,0.21
2001-03-01,0.27,Maize,Niger,Agadez,RETAIL,Kg,kg,0.27
2001-04-01,0.26,Maize,Niger,Agadez,RETAIL,Kg,kg,0.26
2001-05-01,0.27,Maize,Niger,Agadez,RETAIL,Kg,kg,0.27
2001-06-01,0.28,Maize,Niger,Agadez,RETAIL,Kg,kg,0.28
2001-07-01,0.28,Maize,Niger,Agadez,RETAIL,Kg,kg,0.28
2001-08-01,0.33,Maize,Niger,Agadez,RETAIL,Kg,kg,0.33
2001-09-01,0.3,Maize,Niger,Agadez,RETAIL,Kg,kg,0.3
2001-10-01,0.24,Maize,Niger,Agadez,RETAIL,Kg,kg,0.24
2001-11-01,0.22,Maize,Niger,Agadez,RETAIL,Kg,kg,0.22
2001-12-01,0.25,Maize,Niger,Agadez,RETAIL,Kg,kg,0.25
2002-01-01,0.25,Maize,Niger,Agadez,RETAIL,Kg,kg,0.25
2002-02-01,0.29,Maize,Niger,Agadez,RETAIL,Kg,kg,0.29
2002-03-01,0.29,Maize,Niger,Agadez,RETAIL,Kg,kg,0.29
2002-04-01,0.29,Maize,Niger,Agadez,RETAIL,Kg,kg,0.29
2002-05-01,0.31,Maize,Niger,Agadez,RETAIL,Kg,kg,0.31
2002-06-01,0.32,Maize,Niger,Agadez,RETAIL,Kg,kg,0.32
2002-07-01,0.35,Maize,Niger,Agadez,RETAIL,Kg,kg,0.35
2002-08-01,0.37,Maize,Niger,Agadez,RETAIL,Kg,kg,0.37
2002-09-01,0.34,Maize,Niger,Agadez,RETAIL,Kg,kg,0.34
2002-10-01,0.3,Maize,Niger,Agadez,RETAIL,Kg,kg,0.3
2002-11-01,0.27,Maize,Niger,Agadez,RETAIL,Kg,kg,0.27
2002-12-01,0.26,Maize,Niger,Agadez,RETAIL,Kg,kg,0.26
2003-01-01,0.29,Maize,Niger,Agadez,RETAIL,Kg,kg,0.29
2003-02-01,0.28,Maize,Niger,Agadez,RETAIL,Kg,kg,0.28
2003-03-01,0.27,Maize,Niger,Agadez,RETAIL,Kg,kg,0.27
2003-04-01,0.29,Maize,Niger,Agadez,RETAIL,Kg,kg,0.29
2003-05-01,0.28,Maize,Niger,Agadez,RETAIL,Kg,kg,0.28
2003-06-01,0.28,Maize,Niger,Agadez,RETAIL,Kg,kg,0.28
2003-07-01,0.29,Maize,Niger,Agadez,RETAIL,Kg,kg,0.29
2003-08-01,0.28,Maize,Niger,Agadez,RETAIL,Kg,kg,0.28
2003-09-01,0.24,Maize,Niger,Agadez,RETAIL,Kg,kg,0.24
2003-10-01,0.24,Maize,Niger,Agadez,RETAIL,Kg,kg,0.24
2003-11-01,0.24,Maize,Niger,Agadez,RETAIL,Kg,kg,0.24
2003-12-01,0.24,Maize,Niger,Agadez,RETAIL,Kg,kg,0.24
2004-01-01,0.27,Maize,Niger,Agadez,RETAIL,Kg,kg,0.27
2004-02-01,0.26,Maize,Niger,Agadez,RETAIL,Kg,kg,0.26
2004-03-01,0.25,Maize,Niger,Agadez,RETAIL,Kg,kg,0.25
2004-04-01,0.27,Maize,Niger,Agadez,RETAIL,Kg,kg,0.27
2004-05-01,0.29,Maize,Niger,Agadez,RETAIL,Kg,kg,0.29
2004-06-01,0.29,Maize,Niger,Agadez,RETAIL,Kg,kg,0.29
2004-07-01,0.3,Maize,Niger,Agadez,RETAIL,Kg,kg,0.3
2004-08-01,0.32,Maize,Niger,Agadez,RETAIL,Kg,kg,0.32
2004-09-01,0.33,Maize,Niger,Agadez,RETAIL,Kg,kg,0.33
2004-10-01,0.34,Maize,Niger,Agadez,RETAIL,Kg,kg,0.34
2004-11-01,0.35,Maize,Niger,Agadez,RETAIL,Kg,kg,0.35
2004-12-01,0.34,Maize,Niger,Agadez,RETAIL,Kg,kg,0.34
2005-01-01,0.37,Maize,Niger,Agadez,RETAIL,Kg,kg,0.37
2005-02-01,0.35,Maize,Niger,Agadez,RETAIL,Kg,kg,0.35
2005-03-01,0.42,Maize,Niger,Agadez,RETAIL,Kg,kg,0.42
2005-04-01,0.48,Maize,Niger,Agadez,RETAIL,Kg,kg,0.48
2005-05-01,0.49,Maize,Niger,Agadez,RETAIL,Kg,kg,0.49
2005-06-01,0.5,Maize,Niger,Agadez,RETAIL,Kg,kg,0.5
2005-07-01,0.56,Maize,Niger,Agadez,RETAIL,Kg,kg,0.56
2005-08-01,0.65,Maize,Niger,Agadez,RETAIL,Kg,kg,0.65
2005-09-01,0.56,Maize,Niger,Agadez,RETAIL,Kg,kg,0.56
2005-10-01,0.4,Maize,Niger,Agadez,RETAIL,Kg,kg,0.4
2005-11-01,0.35,Maize,Niger,Agadez,RETAIL,Kg,kg,0.35
2005-12-01,0.34,Maize,Niger,Agadez,RETAIL,Kg,kg,0.34
2006-01-01,0.35,Maize,Niger,Agadez,RETAIL,Kg,kg,0.35
2006-02-01,0.35,Maize,Niger,Agadez,RETAIL,Kg,kg,0.35
2006-03-01,0.35,Maize,Niger,Agadez,RETAIL,Kg,kg,0.35
2006-04-01,0.34,Maize,Niger,Agadez,RETAIL,Kg,kg,0.34
2006-05-01,0.38,Maize,Niger,Agadez,RETAIL,Kg,kg,0.38
2006-06-01,0.38,Maize,Niger,Agadez,RETAIL,Kg,kg,0.38
2006-07-01,0.39,Maize,Niger,Agadez,RETAIL,Kg,kg,0.39
2006-08-01,0.39,Maize,Niger,Agadez,RETAIL,Kg,kg,0.39
2006-09-01,0.38,Maize,Niger,Agadez,RETAIL,Kg,kg,0.38
2006-10-01,0.35,Maize,Niger,Agadez,RETAIL,Kg,kg,0.35
2006-11-01,0.36,Maize,Niger,Agadez,RETAIL,Kg,kg,0.36
2006-12-01,0.36,Maize,Niger,Agadez,RETAIL,Kg,kg,0.36
2007-01-01,0.38,Maize,Niger,Agadez,RETAIL,Kg,kg,0.38
2007-02-01,0.37,Maize,Niger,Agadez,RETAIL,Kg,kg,0.37
2007-03-01,0.38,Maize,Niger,Agadez,RETAIL,Kg,kg,0.38
2007-04-01,0.38,Maize,Niger,Agadez,RETAIL,Kg,kg,0.38
2007-05-01,0.37,Maize,Niger,Agadez,RETAIL,Kg,kg,0.37
2007-06-01,0.38,Maize,Niger,Agadez,RETAIL,Kg,kg,0.38
2007-07-01,0.39,Maize,Niger,Agadez,RETAIL,Kg,kg,0.39
2007-08-01,0.39,Maize,Niger,Agadez,RETAIL,Kg,kg,0.39
2007-09-01,0.39,Maize,Niger,Agadez,RETAIL,Kg,kg,0.39
2007-10-01,0.38,Maize,Niger,Agadez,RETAIL,Kg,kg,0.38
2007-11-01,0.39,Maize,Niger,Agadez,RETAIL,Kg,kg,0.39
2007-12-01,0.4,Maize,Niger,Agadez,RETAIL,Kg,kg,0.4
2008-01-01,0.44,Maize,Niger,Agadez,RETAIL,Kg,kg,0.44
2008-02-01,0.42,Maize,Niger,Agadez,RETAIL,Kg,kg,0.42
2008-03-01,0.54,Maize,Niger,Agadez,RETAIL,Kg,kg,0.54
2008-04-01,0.55,Maize,Niger,Agadez,RETAIL,Kg,kg,0.55
2008-05-01,0.53,Maize,Niger,Agadez,RETAIL,Kg,kg,0.53
2008-06-01,0.59,Maize,Niger,Agadez,RETAIL,Kg,kg,0.59
2008-07-01,0.65,Maize,Niger,Agadez,RETAIL,Kg,kg,0.65
2008-08-01,0.66,Maize,Niger,Agadez,RETAIL,Kg,kg,0.66
2008-09-01,0.63,Maize,Niger,Agadez,RETAIL,Kg,kg,0.63
2008-10-01,0.54,Maize,Niger,Agadez,RETAIL,Kg,kg,0.54
2008-11-01,0.5,Maize,Niger,Agadez,RETAIL,Kg,kg,0.5
2008-12-01,0.52,Maize,Niger,Agadez,RETAIL,Kg,kg,0.52
2009-01-01,0.5,Maize,Niger,Agadez,RETAIL,Kg,kg,0.5
2009-02-01,0.48,Maize,Niger,Agadez,RETAIL,Kg,kg,0.48
2009-03-01,0.49,Maize,Niger,Agadez,RETAIL,Kg,kg,0.49
2009-04-01,0.49,Maize,Niger,Agadez,RETAIL,Kg,kg,0.49
2009-05-01,0.52,Maize,Niger,Agadez,RETAIL,Kg,kg,0.52
2009-06-01,0.52,Maize,Niger,Agadez,RETAIL,Kg,kg,0.52
2009-07-01,0.52,Maize,Niger,Agadez,RETAIL,Kg,kg,0.52
2009-08-01,0.54,Maize,Niger,Agadez,RETAIL,Kg,kg,0.54
2009-09-01,0.53,Maize,Niger,Agadez,RETAIL,Kg,kg,0.53
2009-10-01,0.55,Maize,Niger,Agadez,RETAIL,Kg,kg,0.55
2009-11-01,0.55,Maize,Niger,Agadez,RETAIL,Kg,kg,0.55
2009-12-01,0.54,Maize,Niger,Agadez,RETAIL,Kg,kg,0.54
2010-01-01,0.53,Maize,Niger,Agadez,RETAIL,Kg,kg,0.53
2010-02-01,0.49,Maize,Niger,Agadez,RETAIL,Kg,kg,0.49
2010-03-01,0.46,Maize,Niger,Agadez,RETAIL,Kg,kg,0.46
2010-04-01,0.46,Maize,Niger,Agadez,RETAIL,Kg,kg,0.46
2010-05-01,0.43,Maize,Niger,Agadez,RETAIL,Kg,kg,0.43
2010-06-01,0.44,Maize,Niger,Agadez,RETAIL,Kg,kg,0.44
2010-07-01,0.47,Maize,Niger,Agadez,RETAIL,Kg,kg,0.47
2010-08-01,0.48,Maize,Niger,Agadez,RETAIL,Kg,kg,0.48
2010-09-01,0.48,Maize,Niger,Agadez,RETAIL,Kg,kg,0.48
2010-10-01,0.46,Maize,Niger,Agadez,RETAIL,Kg,kg,0.46
2010-11-01,0.41,Maize,Niger,Agadez,RETAIL,Kg,kg,0.41
2010-12-01,0.43,Maize,Niger,Agadez,RETAIL,Kg,kg,0.43
2011-01-01,0.45,Maize,Niger,Agadez,RETAIL,Kg,kg,0.45
2011-02-01,0.49,Maize,Niger,Agadez,RETAIL,Kg,kg,0.49
2011-03-01,0.5,Maize,Niger,Agadez,RETAIL,Kg,kg,0.5
2011-04-01,0.52,Maize,Niger,Agadez,RETAIL,Kg,kg,0.52
2011-05-01,0.52,Maize,Niger,Agadez,RETAIL,Kg,kg,0.52
2011-06-01,0.5,Maize,Niger,Agadez,RETAIL,Kg,kg,0.5
2011-07-01,0.51,Maize,Niger,Agadez,RETAIL,Kg,kg,0.51
2011-08-01,0.54,Maize,Niger,Agadez,RETAIL,Kg,kg,0.54
2011-09-01,0.53,Maize,Niger,Agadez,RETAIL,Kg,kg,0.53
2011-10-01,0.53,Maize,Niger,Agadez,RETAIL,Kg,kg,0.53
2011-11-01,0.52,Maize,Niger,Agadez,RETAIL,Kg,kg,0.52
2011-12-01,0.51,Maize,Niger,Agadez,RETAIL,Kg,kg,0.51
2012-01-01,0.5,Maize,Niger,Agadez,RETAIL,Kg,kg,0.5
2012-02-01,0.51,Maize,Niger,Agadez,RETAIL,Kg,kg,0.51
2012-03-01,0.51,Maize,Niger,Agadez,RETAIL,Kg,kg,0.51
2012-04-01,0.51,Maize,Niger,Agadez,RETAIL,Kg,kg,0.51
2012-05-01,,Maize,Niger,Agadez,RETAIL,Kg,kg,
2012-06-01,,Maize,Niger,Agadez,RETAIL,Kg,kg,
2012-07-01,,Maize,Niger,Agadez,RETAIL,Kg,kg,
2012-08-01,,Maize,Niger,Agadez,RETAIL,Kg,kg,
2012-09-01,,Maize,Niger,Agadez,RETAIL,Kg,kg,
2012-10-01,,Maize,Niger,Agadez,RETAIL,Kg,kg,
2012-11-01,,Maize,Niger,Agadez,RETAIL,Kg,kg,
2012-12-01,,Maize,Niger,Agadez,RETAIL,Kg,kg,
2013-01-01,,Maize,Niger,Agadez,RETAIL,Kg,kg,
2013-02-01,,Maize,Niger,Agadez,RETAIL,Kg,kg,
2013-03-01,0.62,Maize,Niger,Agadez,RETAIL,Kg,kg,0.62
2013-04-01,0.51,Maize,Niger,Agadez,RETAIL,Kg,kg,0.51
2013-05-01,,Maize,Niger,Agadez,RETAIL,Kg,kg,
2013-06-01,,Maize,Niger,Agadez,RETAIL,Kg,kg,
2013-07-01,,Maize,Niger,Agadez,RETAIL,Kg,kg,
2013-08-01,0.56,Maize,Niger,Agadez,RETAIL,Kg,kg,0.56
2013-09-01,0.56,Maize,Niger,Agadez,RETAIL,Kg,kg,0.56
2013-10-01,0.57,Maize,Niger,Agadez,RETAIL,Kg,kg,0.57
2013-11-01,0.53,Maize,Niger,Agadez,RETAIL,Kg,kg,0.53
2013-12-01,0.54,Maize,Niger,Agadez,RETAIL,Kg,kg,0.54
2014-01-01,0.53,Maize,Niger,Agadez,RETAIL,Kg,kg,0.53
2014-02-01,0.58,Maize,Niger,Agadez,RETAIL,Kg,kg,0.58
2014-03-01,0.61,Maize,Niger,Agadez,RETAIL,Kg,kg,0.61
2014-04-01,0.6,Maize,Niger,Agadez,RETAIL,Kg,kg,0.6
2014-05-01,0.6,Maize,Niger,Agadez,RETAIL,Kg,kg,0.6
2014-06-01,0.66,Maize,Niger,Agadez,RETAIL,Kg,kg,0.66
2014-07-01,0.65,Maize,Niger,Agadez,RETAIL,Kg,kg,0.65
2014-08-01,0.65,Maize,Niger,Agadez,RETAIL,Kg,kg,0.65
2014-09-01,0.63,Maize,Niger,Agadez,RETAIL,Kg,kg,0.63
2014-10-01,,Maize,Niger,Agadez,RETAIL,Kg,kg,
2014-11-01,,Maize,Niger,Agadez,RETAIL,Kg,kg,
2014-12-01,0.46,Maize,Niger,Agadez,RETAIL,Kg,kg,0.46
2015-01-01,0.43,Maize,Niger,Agadez,RETAIL,Kg,kg,0.43
2015-02-01,0.42,Maize,Niger,Agadez,RETAIL,Kg,kg,0.42
2015-03-01,0.41,Maize,Niger,Agadez,RETAIL,Kg,kg,0.41
2015-04-01,0.41,Maize,Niger,Agadez,RETAIL,Kg,kg,0.41
2015-05-01,0.43,Maize,Niger,Agadez,RETAIL,Kg,kg,0.43
2015-06-01,0.43,Maize,Niger,Agadez,RETAIL,Kg,kg,0.43
2015-07-01,0.42,Maize,Niger,Agadez,RETAIL,Kg,kg,0.42
2015-08-01,0.42,Maize,Niger,Agadez,RETAIL,Kg,kg,0.42
2015-09-01,0.43,Maize,Niger,Agadez,RETAIL,Kg,kg,0.43
2015-10-01,0.45,Maize,Niger,Agadez,RETAIL,Kg,kg,0.45
2015-11-01,,Maize,Niger,Agadez,RETAIL,Kg,kg,
2015-12-01,0.44,Maize,Niger,Agadez,RETAIL,Kg,kg,0.44
2016-01-01,0.4,Maize,Niger,Agadez,RETAIL,Kg,kg,0.4
2016-02-01,0.41,Maize,Niger,Agadez,RETAIL,Kg,kg,0.41
2016-03-01,0.41,Maize,Niger,Agadez,RETAIL,Kg,kg,0.41
2016-04-01,,Maize,Niger,Agadez,RETAIL,Kg,kg,
2016-05-01,0.42,Maize,Niger,Agadez,RETAIL,Kg,kg,0.42
2016-06-01,0.42,Maize,Niger,Agadez,RETAIL,Kg,kg,0.42
2016-07-01,0.42,Maize,Niger,Agadez,RETAIL,Kg,kg,0.42
2016-08-01,0.41,Maize,Niger,Agadez,RETAIL,Kg,kg,0.41
2016-09-01,0.39,Maize,Niger,Agadez,RETAIL,Kg,kg,0.39
2016-10-01,0.38,Maize,Niger,Agadez,RETAIL,Kg,kg,0.38
2016-11-01,0.39,Maize,Niger,Agadez,RETAIL,Kg,kg,0.39
2016-12-01,,Maize,Niger,Agadez,RETAIL,Kg,kg,
2017-01-01,0.4,Maize,Niger,Agadez,RETAIL,Kg,kg,0.4
2017-02-01,0.39,Maize,Niger,Agadez,RETAIL,Kg,kg,0.39
2017-03-01,0.4,Maize,Niger,Agadez,RETAIL,Kg,kg,0.4
2017-04-01,0.39,Maize,Niger,Agadez,RETAIL,Kg,kg,0.39
2017-05-01,0.44,Maize,Niger,Agadez,RETAIL,Kg,kg,0.44
2017-06-01,0.55,Maize,Niger,Agadez,RETAIL,Kg,kg,0.55
2017-07-01,0.56,Maize,Niger,Agadez,RETAIL,Kg,kg,0.56
2017-08-01,0.58,Maize,Niger,Agadez,RETAIL,Kg,kg,0.58
2017-09-01,0.58,Maize,Niger,Agadez,RETAIL,Kg,kg,0.58
2017-10-01,0.58,Maize,Niger,Agadez,RETAIL,Kg,kg,0.58
2017-11-01,0.5,Maize,Niger,Agadez,RETAIL,Kg,kg,0.5
2017-12-01,0.5,Maize,Niger,Agadez,RETAIL,Kg,kg,0.5
2018-01-01,,Maize,Niger,Agadez,RETAIL,Kg,kg,
2018-02-01,0.51,Maize,Niger,Agadez,RETAIL,Kg,kg,0.51
2018-03-01,0.52,Maize,Niger,Agadez,RETAIL,Kg,kg,0.52
2018-04-01,0.51,Maize,Niger,Agadez,RETAIL,Kg,kg,0.51
2018-05-01,0.5,Maize,Niger,Agadez,RETAIL,Kg,kg,0.5
2018-06-01,0.49,Maize,Niger,Agadez,RETAIL,Kg,kg,0.49
2018-07-01,0.49,Maize,Niger,Agadez,RETAIL,Kg,kg,0.49
2018-08-01,0.57,Maize,Niger,Agadez,RETAIL,Kg,kg,0.57
2018-09-01,0.5,Maize,Niger,Agadez,RETAIL,Kg,kg,0.5
2018-10-01,0.49,Maize,Niger,Agadez,RETAIL,Kg,kg,0.49
2018-11-01,0.48,Maize,Niger,Agadez,RETAIL,Kg,kg,0.48
2018-12-01,0.47,Maize,Niger,Agadez,RETAIL,Kg,kg,0.47
2019-01-01,0.45,Maize,Niger,Agadez,RETAIL,Kg,kg,0.45
2019-02-01,0.4,Maize,Niger,Agadez,RETAIL,Kg,kg,0.4
2019-03-01,0.4,Maize,Niger,Agadez,RETAIL,Kg,kg,0.4
2019-04-01,0.41,Maize,Niger,Agadez,RETAIL,Kg,kg,0.41
2019-05-01,0.41,Maize,Niger,Agadez,RETAIL,Kg,kg,0.41
2019-06-01,0.41,Maize,Niger,Agadez,RETAIL,Kg,kg,0.41
2019-07-01,0.41,Maize,Niger,Agadez,RETAIL,Kg,kg,0.41
2019-08-01,0.4,Maize,Niger,Agadez,RETAIL,Kg,kg,0.4
2019-09-01,0.4,Maize,Niger,Agadez,RETAIL,Kg,kg,0.4
2019-10-01,0.4,Maize,Niger,Agadez,RETAIL,Kg,kg,0.4
2019-11-01,0.4,Maize,Niger,Agadez,RETAIL,Kg,kg,0.4
2019-12-01,0.4,Maize,Niger,Agadez,RETAIL,Kg,kg,0.4
2020-01-01,0.4,Maize,Niger,Agadez,RETAIL,Kg,kg,0.4
2020-02-01,0.48,Maize,Niger,Agadez,RETAIL,Kg,kg,0.48
2020-03-01,0.4,Maize,Niger,Agadez,RETAIL,Kg,kg,0.4
2020-04-01,0.4,Maize,Niger,Agadez,RETAIL,Kg,kg,0.4
2020-05-01,0.4,Maize,Niger,Agadez,RETAIL,Kg,kg,0.4
2020-06-01,0.44,Maize,Niger,Agadez,RETAIL,Kg,kg,0.44
2020-07-01,0.51,Maize,Niger,Agadez,RETAIL,Kg,kg,0.51
2020-08-01,0.54,Maize,Niger,Agadez,RETAIL,Kg,kg,0.54
2020-09-01,0.57,Maize,Niger,Agadez,RETAIL,Kg,kg,0.57
2020-10-01,0.54,Maize,Niger,Agadez,RETAIL,Kg,kg,0.54
2020-11-01,0.5,Maize,Niger,Agadez,RETAIL,Kg,kg,0.5
2020-12-01,0.5,Maize,Niger,Agadez,RETAIL,Kg,kg,0.5
2021-01-01,0.48,Maize,Niger,Agadez,RETAIL,Kg,kg,0.48
2021-02-01,0.54,Maize,Niger,Agadez,RETAIL,Kg,kg,0.54
2021-03-01,0.53,Maize,Niger,Agadez,RETAIL,Kg,kg,0.53
2021-04-01,0.54,Maize,Niger,Agadez,RETAIL,Kg,kg,0.54
2021-05-01,0.55,Maize,Niger,Agadez,RETAIL,Kg,kg,0.55
2021-06-01,0.54,Maize,Niger,Agadez,RETAIL,Kg,kg,0.54
2021-07-01,0.55,Maize,Niger,Agadez,RETAIL,Kg,kg,0.55
2021-08-01,,Maize,Niger,Agadez,RETAIL,Kg,kg,
2021-09-01,,Maize,Niger,Agadez,RETAIL,Kg,kg,
2021-10-01,0.55,Maize,Niger,Agadez,RETAIL,Kg,kg,0.55
2021-11-01,0.55,Maize,Niger,Agadez,RETAIL,Kg,kg,0.55
2021-12-01,0.54,Maize,Niger,Agadez,RETAIL,Kg,kg,0.54
2022-01-01,0.55,Maize,Niger,Agadez,RETAIL,Kg,kg,0.55
2022-02-01,0.55,Maize,Niger,Agadez,RETAIL,Kg,kg,0.55
2022-03-01,0.5,Maize,Niger,Agadez,RETAIL,Kg,kg,0.5
2022-04-01,0.53,Maize,Niger,Agadez,RETAIL,Kg,kg,0.53
2022-05-01,0.54,Maize,Niger,Agadez,RETAIL,Kg,kg,0.54
2022-06-01,0.54,Maize,Niger,Agadez,RETAIL,Kg,kg,0.54
2022-07-01,0.52,Maize,Niger,Agadez,RETAIL,Kg,kg,0.52
2022-08-01,0.51,Maize,Niger,Agadez,RETAIL,Kg,kg,0.51
2022-09-01,0.5,Maize,Niger,Agadez,RETAIL,Kg,kg,0.5
2022-10-01,0.51,Maize,Niger,Agadez,RETAIL,Kg,kg,0.51
2022-11-01,0.53,Maize,Niger,Agadez,RETAIL,Kg,kg,0.53
2022-12-01,0.55,Maize,Niger,Agadez,RETAIL,Kg,kg,0.55
2023-01-01,0.53,Maize,Niger,Agadez,RETAIL,Kg,kg,0.53
2023-02-01,0.56,Maize,Niger,Agadez,RETAIL,Kg,kg,0.56
2023-03-01,0.55,Maize,Niger,Agadez,RETAIL,Kg,kg,0.55
2023-04-01,0.57,Maize,Niger,Agadez,RETAIL,Kg,kg,0.57
2023-05-01,0.56,Maize,Niger,Agadez,RETAIL,Kg,kg,0.56
2023-06-01,0.56,Maize,Niger,Agadez,RETAIL,Kg,kg,0.56
2023-07-01,0.57,Maize,Niger,Agadez,RETAIL,Kg,kg,0.57
2023-08-01,0.7,Maize,Niger,Agadez,RETAIL,Kg,kg,0.7
2023-09-01,,Maize,Niger,Agadez,RETAIL,Kg,kg,
2023-10-01,,Maize,Niger,Agadez,RETAIL,Kg,kg,
2023-11-01,0.66,Maize,Niger,Agadez,RETAIL,Kg,kg,0.66
2023-12-01,0.6,Maize,Niger,Agadez,RETAIL,Kg,kg,0.6
2024-01-01,0.63,Maize,Niger,Agadez,RETAIL,Kg,kg,0.63
2024-02-01,0.59,Maize,Niger,Agadez,RETAIL,Kg,kg,0.59
2024-03-01,0.65,Maize,Niger,Agadez,RETAIL,Kg,kg,0.65
2024-04-01,0.59,Maize,Niger,Agadez,RETAIL,Kg,kg,0.59
2024-05-01,0.7,Maize,Niger,Agadez,RETAIL,Kg,kg,0.7
2024-06-01,0.72,Maize,Niger,Agadez,RETAIL,Kg,kg,0.72
2024-07-01,0.79,Maize,Niger,Agadez,RETAIL,Kg,kg,0.79
2024-08-01,0.84,Maize,Niger,Agadez,RETAIL,Kg,kg,0.84
2024-09-01,0.84,Maize,Niger,Agadez,RETAIL,Kg,kg,0.84
2024-10-01,0.64,Maize,Niger,Agadez,RETAIL,Kg,kg,0.64
2024-11-01,0.57,Maize,Niger,Agadez,RETAIL,Kg,kg,0.57
2024-12-01,0.53,Maize,Niger,Agadez,RETAIL,Kg,kg,0.53
2025-01-01,0.51,Maize,Niger,Agadez,RETAIL,Kg,kg,0.51
2025-02-01,0.54,Maize,Niger,Agadez,RETAIL,Kg,kg,0.54
2025-03-01,0.53,Maize,Niger,Agadez,RETAIL,Kg,kg,0.53
2025-04-01,0.6,Maize,Niger,Agadez,RETAIL,Kg,kg,0.6
2025-05-01,0.67,Maize,Niger,Agadez,RETAIL,Kg,kg,0.67
2025-06-01,0.68,Maize,Niger,Agadez,RETAIL,Kg,kg,0.68
2025-07-01,0.71,Maize,Niger,Agadez,RETAIL,Kg,kg,0.71
2025-08-01,0.6,Maize,Niger,Agadez,RETAIL,Kg,kg,0.6
2000-01-01,0.19,Maize,Niger,Dosso,RETAIL,Kg,kg,0.19
2000-02-01,0.19,Maize,Niger,Dosso,RETAIL,Kg,kg,0.19
2000-03-01,0.19,Maize,Niger,Dosso,RETAIL,Kg,kg,0.19
2000-04-01,0.19,Maize,Niger,Dosso,RETAIL,Kg,kg,0.19
2000-05-01,0.21,Maize,Niger,Dosso,RETAIL,Kg,kg,0.21
2000-06-01,0.22,Maize,Niger,Dosso,RETAIL,Kg,kg,0.22
2000-07-01,0.21,Maize,Niger,Dosso,RETAIL,Kg,kg,0.21
2000-08-01,0.21,Maize,Niger,Dosso,RETAIL,Kg,kg,0.21
2000-09-01,0.21,Maize,Niger,Dosso,RETAIL,Kg,kg,0.21
2000-10-01,0.17,Maize,Niger,Dosso,RETAIL,Kg,kg,0.17
2000-11-01,0.18,Maize,Niger,Dosso,RETAIL,Kg,kg,0.18
2000-12-01,0.18,Maize,Niger,Dosso,RETAIL,Kg,kg,0.18
2001-01-01,0.2,Maize,Niger,Dosso,RETAIL,Kg,kg,0.2
2001-02-01,0.22,Maize,Niger,Dosso,RETAIL,Kg,kg,0.22
2001-03-01,0.26,Maize,Niger,Dosso,RETAIL,Kg,kg,0.26
2001-04-01,0.29,Maize,Niger,Dosso,RETAIL,Kg,kg,0.29
2001-05-01,0.29,Maize,Niger,Dosso,RETAIL,Kg,kg,0.29
2001-06-01,0.28,Maize,Niger,Dosso,RETAIL,Kg,kg,0.28
2001-07-01,0.28,Maize,Niger,Dosso,RETAIL,Kg,kg,0.28
2001-08-01,0.3,Maize,Niger,Dosso,RETAIL,Kg,kg,0.3
2001-09-01,0.27,Maize,Niger,Dosso,RETAIL,Kg,kg,0.27
2001-10-01,0.2,Maize,Niger,Dosso,RETAIL,Kg,kg,0.2
2001-11-01,0.18,Maize,Niger,Dosso,RETAIL,Kg,kg,0.18
2001-12-01,0.21,Maize,Niger,Dosso,RETAIL,Kg,kg,0.21
2002-01-01,0.23,Maize,Niger,Dosso,RETAIL,Kg,kg,0.23
2002-02-01,0.27,Maize,Niger,Dosso,RETAIL,Kg,kg,0.27
2002-03-01,0.28,Maize,Niger,Dosso,RETAIL,Kg,kg,0.28
2002-04-01,0.29,Maize,Niger,Dosso,RETAIL,Kg,kg,0.29
2002-05-01,0.31,Maize,Niger,Dosso,RETAIL,Kg,kg,0.31
2002-06-01,0.31,Maize,Niger,Dosso,RETAIL,Kg,kg,0.31
2002-07-01,0.33,Maize,Niger,Dosso,RETAIL,Kg,kg,0.33
2002-08-01,0.32,Maize,Niger,Dosso,RETAIL,Kg,kg,0.32
2002-09-01,0.3,Maize,Niger,Dosso,RETAIL,Kg,kg,0.3
2002-10-01,0.25,Maize,Niger,Dosso,RETAIL,Kg,kg,0.25
2002-11-01,0.25,Maize,Niger,Dosso,RETAIL,Kg,kg,0.25
2002-12-01,0.26,Maize,Niger,Dosso,RETAIL,Kg,kg,0.26
2003-01-01,0.27,Maize,Niger,Dosso,RETAIL,Kg,kg,0.27
2003-02-01,0.25,Maize,Niger,Dosso,RETAIL,Kg,kg,0.25
2003-03-01,0.26,Maize,Niger,Dosso,RETAIL,Kg,kg,0.26
2003-04-01,0.27,Maize,Niger,Dosso,RETAIL,Kg,kg,0.27
2003-05-01,0.28,Maize,Niger,Dosso,RETAIL,Kg,kg,0.28
2003-06-01,0.26,Maize,Niger,Dosso,RETAIL,Kg,kg,0.26
2003-07-01,0.24,Maize,Niger,Dosso,RETAIL,Kg,kg,0.24
2003-08-01,0.25,Maize,Niger,Dosso,RETAIL,Kg,kg,0.25
2003-09-01,0.24,Maize,Niger,Dosso,RETAIL,Kg,kg,0.24
2003-10-01,0.22,Maize,Niger,Dosso,RETAIL,Kg,kg,0.22
2003-11-01,0.2,Maize,Niger,Dosso,RETAIL,Kg,kg,0.2
2003-12-01,0.21,Maize,Niger,Dosso,RETAIL,Kg,kg,0.21
2004-01-01,0.22,Maize,Niger,Dosso,RETAIL,Kg,kg,0.22
2004-02-01,0.23,Maize,Niger,Dosso,RETAIL,Kg,kg,0.23
2004-03-01,0.22,Maize,Niger,Dosso,RETAIL,Kg,kg,0.22
2004-04-01,0.22,Maize,Niger,Dosso,RETAIL,Kg,kg,0.22
2004-05-01,0.23,Maize,Niger,Dosso,RETAIL,Kg,kg,0.23
2004-06-01,0.23,Maize,Niger,Dosso,RETAIL,Kg,kg,0.23
2004-07-01,0.25,Maize,Niger,Dosso,RETAIL,Kg,kg,0.25
2004-08-01,0.26,Maize,Niger,Dosso,RETAIL,Kg,kg,0.26
2004-09-01,0.3,Maize,Niger,Dosso,RETAIL,Kg,kg,0.3
2004-10-01,0.28,Maize,Niger,Dosso,RETAIL,Kg,kg,0.28
2004-11-01,0.3,Maize,Niger,Dosso,RETAIL,Kg,kg,0.3
2004-12-01,0.36,Maize,Niger,Dosso,RETAIL,Kg,kg,0.36
2005-01-01,0.33,Maize,Niger,Dosso,RETAIL,Kg,kg,0.33
2005-02-01,0.37,Maize,Niger,Dosso,RETAIL,Kg,kg,0.37
2005-03-01,0.5,Maize,Niger,Dosso,RETAIL,Kg,kg,0.5
2005-04-01,0.52,Maize,Niger,Dosso,RETAIL,Kg,kg,0.52
2005-05-01,0.51,Maize,Niger,Dosso,RETAIL,Kg,kg,0.51
2005-06-01,0.56,Maize,Niger,Dosso,RETAIL,Kg,kg,0.56
2005-07-01,0.59,Maize,Niger,Dosso,RETAIL,Kg,kg,0.59
2005-08-01,0.66,Maize,Niger,Dosso,RETAIL,Kg,kg,0.66
2005-09-01,0.51,Maize,Niger,Dosso,RETAIL,Kg,kg,0.51
2005-10-01,0.38,Maize,Niger,Dosso,RETAIL,Kg,kg,0.38
2005-11-01,0.33,Maize,Niger,Dosso,RETAIL,Kg,kg,0.33
2005-12-01,0.34,Maize,Niger,Dosso,RETAIL,Kg,kg,0.34
2006-01-01,0.35,Maize,Niger,Dosso,RETAIL,Kg,kg,0.35
2006-02-01,0.33,Maize,Niger,Dosso,RETAIL,Kg,kg,0.33
2006-03-01,0.33,Maize,Niger,Dosso,RETAIL,Kg,kg,0.33
2006-04-01,0.36,Maize,Niger,Dosso,RETAIL,Kg,kg,0.36
2006-05-01,0.4,Maize,Niger,Dosso,RETAIL,Kg,kg,0.4
2006-06-01,0.38,Maize,Niger,Dosso,RETAIL,Kg,kg,0.38
2006-07-01,0.35,Maize,Niger,Dosso,RETAIL,Kg,kg,0.35
2006-08-01,0.35,Maize,Niger,Dosso,RETAIL,Kg,kg,0.35
2006-09-01,0.33,Maize,Niger,Dosso,RETAIL,Kg,kg,0.33
2006-10-01,0.31,Maize,Niger,Dosso,RETAIL,Kg,kg,0.31
2006-11-01,0.29,Maize,Niger,Dosso,RETAIL,Kg,kg,0.29
2006-12-01,0.29,Maize,Niger,Dosso,RETAIL,Kg,kg,0.29
2007-01-01,0.26,Maize,Niger,Dosso,RETAIL,Kg,kg,0.26
2007-02-01,0.26,Maize,Niger,Dosso,RETAIL,Kg,kg,0.26
2007-03-01,0.26,Maize,Niger,Dosso,RETAIL,Kg,kg,0.26
2007-04-01,0.27,Maize,Niger,Dosso,RETAIL,Kg,kg,0.27
2007-05-01,0.26,Maize,Niger,Dosso,RETAIL,Kg,kg,0.26
2007-06-01,0.25,Maize,Niger,Dosso,RETAIL,Kg,kg,0.25
2007-07-01,0.27,Maize,Niger,Dosso,RETAIL,Kg,kg,0.27
2007-08-01,0.28,Maize,Niger,Dosso,RETAIL,Kg,kg,0.28
2007-09-01,0.29,Maize,Niger,Dosso,RETAIL,Kg,kg,0.29
2007-10-01,0.3,Maize,Niger,Dosso,RETAIL,Kg,kg,0.3
2007-11-01,0.37,Maize,Niger,Dosso,RETAIL,Kg,kg,0.37
2007-12-01,0.35,Maize,Niger,Dosso,RETAIL,Kg,kg,0.35
2008-01-01,0.39,Maize,Niger,Dosso,RETAIL,Kg,kg,0.39
2008-02-01,0.4,Maize,Niger,Dosso,RETAIL,Kg,kg,0.4
2008-03-01,0.45,Maize,Niger,Dosso,RETAIL,Kg,kg,0.45
2008-04-01,0.5,Maize,Niger,Dosso,RETAIL,Kg,kg,0.5
2008-05-01,0.51,Maize,Niger,Dosso,RETAIL,Kg,kg,0.51
2008-06-01,0.58,Maize,Niger,Dosso,RETAIL,Kg,kg,0.58
2008-07-01,0.64,Maize,Niger,Dosso,RETAIL,Kg,kg,0.64
2008-08-01,0.64,Maize,Niger,Dosso,RETAIL,Kg,kg,0.64
2008-09-01,0.57,Maize,Niger,Dosso,RETAIL,Kg,kg,0.57
2008-10-01,0.49,Maize,Niger,Dosso,RETAIL,Kg,kg,0.49
2008-11-01,0.42,Maize,Niger,Dosso,RETAIL,Kg,kg,0.42
2008-12-01,0.42,Maize,Niger,Dosso,RETAIL,Kg,kg,0.42
2009-01-01,0.53,Maize,Niger,Dosso,RETAIL,Kg,kg,0.53
2009-02-01,0.51,Maize,Niger,Dosso,RETAIL,Kg,kg,0.51
2009-03-01,0.52,Maize,Niger,Dosso,RETAIL,Kg,kg,0.52
2009-04-01,0.49,Maize,Niger,Dosso,RETAIL,Kg,kg,0.49
2009-05-01,0.54,Maize,Niger,Dosso,RETAIL,Kg,kg,0.54
2009-06-01,0.54,Maize,Niger,Dosso,RETAIL,Kg,kg,0.54
2009-07-01,0.56,Maize,Niger,Dosso,RETAIL,Kg,kg,0.56
2009-08-01,0.58,Maize,Niger,Dosso,RETAIL,Kg,kg,0.58
2009-09-01,0.55,Maize,Niger,Dosso,RETAIL,Kg,kg,0.55
2009-10-01,0.47,Maize,Niger,Dosso,RETAIL,Kg,kg,0.47
2009-11-01,0.46,Maize,Niger,Dosso,RETAIL,Kg,kg,0.46
2009-12-01,0.44,Maize,Niger,Dosso,RETAIL,Kg,kg,0.44
2010-01-01,0.44,Maize,Niger,Dosso,RETAIL,Kg,kg,0.44
2010-02-01,0.42,Maize,Niger,Dosso,RETAIL,Kg,kg,0.42
2010-03-01,0.39,Maize,Niger,Dosso,RETAIL,Kg,kg,0.39
2010-04-01,0.37,Maize,Niger,Dosso,RETAIL,Kg,kg,0.37
2010-05-01,0.35,Maize,Niger,Dosso,RETAIL,Kg,kg,0.35
2010-06-01,0.38,Maize,Niger,Dosso,RETAIL,Kg,kg,0.38
2010-07-01,0.39,Maize,Niger,Dosso,RETAIL,Kg,kg,0.39
2010-08-01,0.39,Maize,Niger,Dosso,RETAIL,Kg,kg,0.39
2010-09-01,0.43,Maize,Niger,Dosso,RETAIL,Kg,kg,0.43
2010-10-01,0.42,Maize,Niger,Dosso,RETAIL,Kg,kg,0.42
2010-11-01,0.39,Maize,Niger,Dosso,RETAIL,Kg,kg,0.39
2010-12-01,0.37,Maize,Niger,Dosso,RETAIL,Kg,kg,0.37
2011-01-01,0.37,Maize,Niger,Dosso,RETAIL,Kg,kg,0.37
2011-02-01,0.37,Maize,Niger,Dosso,RETAIL,Kg,kg,0.37
2011-03-01,0.39,Maize,Niger,Dosso,RETAIL,Kg,kg,0.39
2011-04-01,0.43,Maize,Niger,Dosso,RETAIL,Kg,kg,0.43
2011-05-01,0.52,Maize,Niger,Dosso,RETAIL,Kg,kg,0.52
2011-06-01,0.53,Maize,Niger,Dosso,RETAIL,Kg,kg,0.53
2011-07-01,0.49,Maize,Niger,Dosso,RETAIL,Kg,kg,0.49
2011-08-01,0.52,Maize,Niger,Dosso,RETAIL,Kg,kg,0.52
2011-09-01,0.52,Maize,Niger,Dosso,RETAIL,Kg,kg,0.52
2011-10-01,0.52,Maize,Niger,Dosso,RETAIL,Kg,kg,0.52
2011-11-01,0.43,Maize,Niger,Dosso,RETAIL,Kg,kg,0.43
2011-12-01,0.42,Maize,Niger,Dosso,RETAIL,Kg,kg,0.42
2012-01-01,0.44,Maize,Niger,Dosso,RETAIL,Kg,kg,0.44
2012-02-01,0.44,Maize,Niger,Dosso,RETAIL,Kg,kg,0.44
2012-03-01,0.43,Maize,Niger,Dosso,RETAIL,Kg,kg,0.43
2012-04-01,0.44,Maize,Niger,Dosso,RETAIL,Kg,kg,0.44
2012-05-01,,Maize,Niger,Dosso,RETAIL,Kg,kg,
2012-06-01,,Maize,Niger,Dosso,RETAIL,Kg,kg,
2012-07-01,,Maize,Niger,Dosso,RETAIL,Kg,kg,
2012-08-01,,Maize,Niger,Dosso,RETAIL,Kg,kg,
2012-09-01,,Maize,Niger,Dosso,RETAIL,Kg,kg,
2012-10-01,,Maize,Niger,Dosso,RETAIL,Kg,kg,
2012-11-01,,Maize,Niger,Dosso,RETAIL,Kg,kg,
2012-12-01,,Maize,Niger,Dosso,RETAIL,Kg,kg,
2013-01-01,,Maize,Niger,Dosso,RETAIL,Kg,kg,
2013-02-01,,Maize,Niger,Dosso,RETAIL,Kg,kg,
2013-03-01,0.46,Maize,Niger,Dosso,RETAIL,Kg,kg,0.46
2013-04-01,0.48,Maize,Niger,Dosso,RETAIL,Kg,kg,0.48
2013-05-01,,Maize,Niger,Dosso,RETAIL,Kg,kg,
2013-06-01,,Maize,Niger,Dosso,RETAIL,Kg,kg,
2013-07-01,0.48,Maize,Niger,Dosso,RETAIL,Kg,kg,0.48
2013-08-01,0.49,Maize,Niger,Dosso,RETAIL,Kg,kg,0.49
2013-09-01,0.49,Maize,Niger,Dosso,RETAIL,Kg,kg,0.49
2013-10-01,0.42,Maize,Niger,Dosso,RETAIL,Kg,kg,0.42
2013-11-01,0.41,Maize,Niger,Dosso,RETAIL,Kg,kg,0.41
2013-12-01,0.41,Maize,Niger,Dosso,RETAIL,Kg,kg,0.41
2014-01-01,0.41,Maize,Niger,Dosso,RETAIL,Kg,kg,0.41
2014-02-01,0.42,Maize,Niger,Dosso,RETAIL,Kg,kg,0.42
2014-03-01,0.42,Maize,Niger,Dosso,RETAIL,Kg,kg,0.42
2014-04-01,0.42,Maize,Niger,Dosso,RETAIL,Kg,kg,0.42
2014-05-01,0.41,Maize,Niger,Dosso,RETAIL,Kg,kg,0.41
2014-06-01,0.41,Maize,Niger,Dosso,RETAIL,Kg,kg,0.41
2014-07-01,0.41,Maize,Niger,Dosso,RETAIL,Kg,kg,0.41
2014-08-01,0.41,Maize,Niger,Dosso,RETAIL,Kg,kg,0.41
2014-09-01,0.4,Maize,Niger,Dosso,RETAIL,Kg,kg,0.4
2014-10-01,,Maize,Niger,Dosso,RETAIL,Kg,kg,
2014-11-01,,Maize,Niger,Dosso,RETAIL,Kg,kg,
2014-12-01,0.38,Maize,Niger,Dosso,RETAIL,Kg,kg,0.38
2015-01-01,0.34,Maize,Niger,Dosso,RETAIL,Kg,kg,0.34
2015-02-01,0.33,Maize,Niger,Dosso,RETAIL,Kg,kg,0.33
2015-03-01,0.29,Maize,Niger,Dosso,RETAIL,Kg,kg,0.29
2015-04-01,0.3,Maize,Niger,Dosso,RETAIL,Kg,kg,0.3
2015-05-01,0.37,Maize,Niger,Dosso,RETAIL,Kg,kg,0.37
2015-06-01,0.38,Maize,Niger,Dosso,RETAIL,Kg,kg,0.38
2015-07-01,0.37,Maize,Niger,Dosso,RETAIL,Kg,kg,0.37
2015-08-01,0.41,Maize,Niger,Dosso,RETAIL,Kg,kg,0.41
2015-09-01,0.41,Maize,Niger,Dosso,RETAIL,Kg,kg,0.41
2015-10-01,0.4,Maize,Niger,Dosso,RETAIL,Kg,kg,0.4
2015-11-01,,Maize,Niger,Dosso,RETAIL,Kg,kg,
2015-12-01,0.33,Maize,Niger,Dosso,RETAIL,Kg,kg,0.33
2016-01-01,0.33,Maize,Niger,Dosso,RETAIL,Kg,kg,0.33
2016-02-01,0.34,Maize,Niger,Dosso,RETAIL,Kg,kg,0.34
2016-03-01,0.34,Maize,Niger,Dosso,RETAIL,Kg,kg,0.34
2016-04-01,0.41,Maize,Niger,Dosso,RETAIL,Kg,kg,0.41
2016-05-01,0.41,Maize,Niger,Dosso,RETAIL,Kg,kg,0.41
2016-06-01,0.41,Maize,Niger,Dosso,RETAIL,Kg,kg,0.41
2016-07-01,0.41,Maize,Niger,Dosso,RETAIL,Kg,kg,0.41
2016-08-01,0.41,Maize,Niger,Dosso,RETAIL,Kg,kg,0.41
2016-09-01,0.42,Maize,Niger,Dosso,RETAIL,Kg,kg,0.42
2016-10-01,0.34,Maize,Niger,Dosso,RETAIL,Kg,kg,0.34
2016-11-01,0.33,Maize,Niger,Dosso,RETAIL,Kg,kg,0.33
2016-12-01,0.32,Maize,Niger,Dosso,RETAIL,Kg,kg,0.32
2017-01-01,0.32,Maize,Niger,Dosso,RETAIL,Kg,kg,0.32
2017-02-01,0.36,Maize,Niger,Dosso,RETAIL,Kg,kg,0.36
2017-03-01,0.36,Maize,Niger,Dosso,RETAIL,Kg,kg,0.36
2017-04-01,0.43,Maize,Niger,Dosso,RETAIL,Kg,kg,0.43
2017-05-01,0.44,Maize,Niger,Dosso,RETAIL,Kg,kg,0.44
2017-06-01,0.45,Maize,Niger,Dosso,RETAIL,Kg,kg,0.45
2017-07-01,0.42,Maize,Niger,Dosso,RETAIL,Kg,kg,0.42
2017-08-01,0.43,Maize,Niger,Dosso,RETAIL,Kg,kg,0.43
2017-09-01,0.44,Maize,Niger,Dosso,RETAIL,Kg,kg,0.44
2017-10-01,0.38,Maize,Niger,Dosso,RETAIL,Kg,kg,0.38
2017-11-01,0.37,Maize,Niger,Dosso,RETAIL,Kg,kg,0.37
2017-12-01,0.36,Maize,Niger,Dosso,RETAIL,Kg,kg,0.36
2018-01-01,0.37,Maize,Niger,Dosso,RETAIL,Kg,kg,0.37
2018-02-01,0.38,Maize,Niger,Dosso,RETAIL,Kg,kg,0.38
2018-03-01,0.4,Maize,Niger,Dosso,RETAIL,Kg,kg,0.4
2018-04-01,0.41,Maize,Niger,Dosso,RETAIL,Kg,kg,0.41
2018-05-01,0.4,Maize,Niger,Dosso,RETAIL,Kg,kg,0.4
2018-06-01,0.38,Maize,Niger,Dosso,RETAIL,Kg,kg,0.38
2018-07-01,0.36,Maize,Niger,Dosso,RETAIL,Kg,kg,0.36
2018-08-01,0.39,Maize,Niger,Dosso,RETAIL,Kg,kg,0.39
2018-09-01,0.36,Maize,Niger,Dosso,RETAIL,Kg,kg,0.36
2018-10-01,0.35,Maize,Niger,Dosso,RETAIL,Kg,kg,0.35
2018-11-01,0.35,Maize,Niger,Dosso,RETAIL,Kg,kg,0.35
2018-12-01,0.31,Maize,Niger,Dosso,RETAIL,Kg,kg,0.31
2019-01-01,0.32,Maize,Niger,Dosso,RETAIL,Kg,kg,0.32
2019-02-01,0.31,Maize,Niger,Dosso,RETAIL,Kg,kg,0.31
2019-03-01,0.31,Maize,Niger,Dosso,RETAIL,Kg,kg,0.31
2019-04-01,0.33,Maize,Niger,Dosso,RETAIL,Kg,kg,0.33
2019-05-01,0.34,Maize,Niger,Dosso,RETAIL,Kg,kg,0.34
2019-06-01,0.34,Maize,Niger,Dosso,RETAIL,Kg,kg,0.34
2019-07-01,0.34,Maize,Niger,Dosso,RETAIL,Kg,kg,0.34
2019-08-01,0.34,Maize,Niger,Dosso,RETAIL,Kg,kg,0.34
2019-09-01,0.34,Maize,Niger,Dosso,RETAIL,Kg,kg,0.34
2019-10-01,0.34,Maize,Niger,Dosso,RETAIL,Kg,kg,0.34
2019-11-01,0.3,Maize,Niger,Dosso,RETAIL,Kg,kg,0.3
2019-12-01,0.31,Maize,Niger,Dosso,RETAIL,Kg,kg,0.31
2020-01-01,0.31,Maize,Niger,Dosso,RETAIL,Kg,kg,0.31
2020-02-01,0.32,Maize,Niger,Dosso,RETAIL,Kg,kg,0.32
2020-03-01,0.31,Maize,Niger,Dosso,RETAIL,Kg,kg,0.31
2020-04-01,,Maize,Niger,Dosso,RETAIL,Kg,kg,
2020-05-01,0.33,Maize,Niger,Dosso,RETAIL,Kg,kg,0.33
2020-06-01,0.37,Maize,Niger,Dosso,RETAIL,Kg,kg,0.37
2020-07-01,0.41,Maize,Niger,Dosso,RETAIL,Kg,kg,0.41
2020-08-01,0.43,Maize,Niger,Dosso,RETAIL,Kg,kg,0.43
2020-09-01,0.4,Maize,Niger,Dosso,RETAIL,Kg,kg,0.4
2020-10-01,0.36,Maize,Niger,Dosso,RETAIL,Kg,kg,0.36
2020-11-01,0.36,Maize,Niger,Dosso,RETAIL,Kg,kg,0.36
2020-12-01,0.35,Maize,Niger,Dosso,RETAIL,Kg,kg,0.35
2021-01-01,0.42,Maize,Niger,Dosso,RETAIL,Kg,kg,0.42
2021-02-01,0.47,Maize,Niger,Dosso,RETAIL,Kg,kg,0.47
2021-03-01,0.44,Maize,Niger,Dosso,RETAIL,Kg,kg,0.44
2021-04-01,0.45,Maize,Niger,Dosso,RETAIL,Kg,kg,0.45
2021-05-01,0.49,Maize,Niger,Dosso,RETAIL,Kg,kg,0.49
2021-06-01,0.48,Maize,Niger,Dosso,RETAIL,Kg,kg,0.48
2021-07-01,0.55,Maize,Niger,Dosso,RETAIL,Kg,kg,0.55
2021-08-01,0.58,Maize,Niger,Dosso,RETAIL,Kg,kg,0.58
2021-09-01,0.57,Maize,Niger,Dosso,RETAIL,Kg,kg,0.57
2021-10-01,0.51,Maize,Niger,Dosso,RETAIL,Kg,kg,0.51
2021-11-01,0.45,Maize,Niger,Dosso,RETAIL,Kg,kg,0.45
2021-12-01,0.45,Maize,Niger,Dosso,RETAIL,Kg,kg,0.45
2022-01-01,0.45,Maize,Niger,Dosso,RETAIL,Kg,kg,0.45
2022-02-01,0.49,Maize,Niger,Dosso,RETAIL,Kg,kg,0.49
2022-03-01,0.51,Maize,Niger,Dosso,RETAIL,Kg,kg,0.51
2022-04-01,0.49,Maize,Niger,Dosso,RETAIL,Kg,kg,0.49
2022-05-01,0.48,Maize,Niger,Dosso,RETAIL,Kg,kg,0.48
2022-06-01,0.48,Maize,Niger,Dosso,RETAIL,Kg,kg,0.48
2022-07-01,0.47,Maize,Niger,Dosso,RETAIL,Kg,kg,0.47
2022-08-01,0.46,Maize,Niger,Dosso,RETAIL,Kg,kg,0.46
2022-09-01,0.45,Maize,Niger,Dosso,RETAIL,Kg,kg,0.45
2022-10-01,0.4,Maize,Niger,Dosso,RETAIL,Kg,kg,0.4
2022-11-01,0.35,Maize,Niger,Dosso,RETAIL,Kg,kg,0.35
2022-12-01,0.49,Maize,Niger,Dosso,RETAIL,Kg,kg,0.49
2023-01-01,0.41,Maize,Niger,Dosso,RETAIL,Kg,kg,0.41
2023-02-01,0.39,Maize,Niger,Dosso,RETAIL,Kg,kg,0.39
2023-03-01,0.39,Maize,Niger,Dosso,RETAIL,Kg,kg,0.39
2023-04-01,0.4,Maize,Niger,Dosso,RETAIL,Kg,kg,0.4
2023-05-01,0.4,Maize,Niger,Dosso,RETAIL,Kg,kg,0.4
2023-06-01,0.4,Maize,Niger,Dosso,RETAIL,Kg,kg,0.4
2023-07-01,0.53,Maize,Niger,Dosso,RETAIL,Kg,kg,0.53
2023-08-01,0.62,Maize,Niger,Dosso,RETAIL,Kg,kg,0.62
2023-09-01,0.56,Maize,Niger,Dosso,RETAIL,Kg,kg,0.56
2023-10-01,0.47,Maize,Niger,Dosso,RETAIL,Kg,kg,0.47
2023-11-01,0.47,Maize,Niger,Dosso,RETAIL,Kg,kg,0.47
2023-12-01,0.48,Maize,Niger,Dosso,RETAIL,Kg,kg,0.48
2024-01-01,0.49,Maize,Niger,Dosso,RETAIL,Kg,kg,0.49
2024-02-01,0.5,Maize,Niger,Dosso,RETAIL,Kg,kg,0.5
2024-03-01,0.52,Maize,Niger,Dosso,RETAIL,Kg,kg,0.52
2024-04-01,0.6,Maize,Niger,Dosso,RETAIL,Kg,kg,0.6
2024-05-01,0.65,Maize,Niger,Dosso,RETAIL,Kg,kg,0.65
2024-06-01,0.7,Maize,Niger,Dosso,RETAIL,Kg,kg,0.7
2024-07-01,0.73,Maize,Niger,Dosso,RETAIL,Kg,kg,0.73
2024-08-01,0.74,Maize,Niger,Dosso,RETAIL,Kg,kg,0.74
2024-09-01,0.67,Maize,Niger,Dosso,RETAIL,Kg,kg,0.67
2024-10-01,0.52,Maize,Niger,Dosso,RETAIL,Kg,kg,0.52
2024-11-01,0.45,Maize,Niger,Dosso,RETAIL,Kg,kg,0.45
2024-12-01,0.48,Maize,Niger,Dosso,RETAIL,Kg,kg,0.48
2025-01-01,0.47,Maize,Niger,Dosso,RETAIL,Kg,kg,0.47
2025-02-01,0.48,Maize,Niger,Dosso,RETAIL,Kg,kg,0.48
2025-03-01,0.49,Maize,Niger,Dosso,RETAIL,Kg,kg,0.49
2025-04-01,0.51,Maize,Niger,Dosso,RETAIL,Kg,kg,0.51
2025-05-01,0.5,Maize,Niger,Dosso,RETAIL,Kg,kg,0.5
2025-06-01,0.53,Maize,Niger,Dosso,RETAIL,Kg,kg,0.53
2025-07-01,0.53,Maize,Niger,Dosso,RETAIL,Kg,kg,0.53
2025-08-01,0.5,Maize,Niger,Dosso,RETAIL,Kg,kg,0.5
2000-01-01,0.13,Maize,Niger,Maradi,RETAIL,Kg,kg,0.13
2000-02-01,0.15,Maize,Niger,Maradi,RETAIL,Kg,kg,0.15
2000-03-01,0.14,Maize,Niger,Maradi,RETAIL,Kg,kg,0.14
2000-04-01,0.15,Maize,Niger,Maradi,RETAIL,Kg,kg,0.15
2000-05-01,0.14,Maize,Niger,Maradi,RETAIL,Kg,kg,0.14
2000-06-01,0.16,Maize,Niger,Maradi,RETAIL,Kg,kg,0.16
2000-07-01,0.16,Maize,Niger,Maradi,RETAIL,Kg,kg,0.16
2000-08-01,0.15,Maize,Niger,Maradi,RETAIL,Kg,kg,0.15
2000-09-01,0.14,Maize,Niger,Maradi,RETAIL,Kg,kg,0.14
2000-10-01,0.15,Maize,Niger,Maradi,RETAIL,Kg,kg,0.15
2000-11-01,0.17,Maize,Niger,Maradi,RETAIL,Kg,kg,0.17
2000-12-01,0.17,Maize,Niger,Maradi,RETAIL,Kg,kg,0.17
2001-01-01,0.17,Maize,Niger,Maradi,RETAIL,Kg,kg,0.17
2001-02-01,0.21,Maize,Niger,Maradi,RETAIL,Kg,kg,0.21
2001-03-01,0.23,Maize,Niger,Maradi,RETAIL,Kg,kg,0.23
2001-04-01,0.24,Maize,Niger,Maradi,RETAIL,Kg,kg,0.24
2001-05-01,0.24,Maize,Niger,Maradi,RETAIL,Kg,kg,0.24
2001-06-01,0.24,Maize,Niger,Maradi,RETAIL,Kg,kg,0.24
2001-07-01,0.25,Maize,Niger,Maradi,RETAIL,Kg,kg,0.25
2001-08-01,0.26,Maize,Niger,Maradi,RETAIL,Kg,kg,0.26
2001-09-01,0.25,Maize,Niger,Maradi,RETAIL,Kg,kg,0.25
2001-10-01,0.2,Maize,Niger,Maradi,RETAIL,Kg,kg,0.2
2001-11-01,0.19,Maize,Niger,Maradi,RETAIL,Kg,kg,0.19
2001-12-01,0.22,Maize,Niger,Maradi,RETAIL,Kg,kg,0.22
2002-01-01,0.25,Maize,Niger,Maradi,RETAIL,Kg,kg,0.25
2002-02-01,0.24,Maize,Niger,Maradi,RETAIL,Kg,kg,0.24
2002-03-01,0.23,Maize,Niger,Maradi,RETAIL,Kg,kg,0.23
2002-04-01,0.28,Maize,Niger,Maradi,RETAIL,Kg,kg,0.28
2002-05-01,0.29,Maize,Niger,Maradi,RETAIL,Kg,kg,0.29
2002-06-01,0.31,Maize,Niger,Maradi,RETAIL,Kg,kg,0.31
2002-07-01,0.34,Maize,Niger,Maradi,RETAIL,Kg,kg,0.34
2002-08-01,0.31,Maize,Niger,Maradi,RETAIL,Kg,kg,0.31
2002-09-01,0.27,Maize,Niger,Maradi,RETAIL,Kg,kg,0.27
2002-10-01,0.23,Maize,Niger,Maradi,RETAIL,Kg,kg,0.23
2002-11-01,0.19,Maize,Niger,Maradi,RETAIL,Kg,kg,0.19
2002-12-01,0.2,Maize,Niger,Maradi,RETAIL,Kg,kg,0.2
2003-01-01,0.2,Maize,Niger,Maradi,RETAIL,Kg,kg,0.2
2003-02-01,0.21,Maize,Niger,Maradi,RETAIL,Kg,kg,0.21
2003-03-01,0.2,Maize,Niger,Maradi,RETAIL,Kg,kg,0.2
2003-04-01,0.21,Maize,Niger,Maradi,RETAIL,Kg,kg,0.21
2003-05-01,0.2,Maize,Niger,Maradi,RETAIL,Kg,kg,0.2
2003-06-01,0.21,Maize,Niger,Maradi,RETAIL,Kg,kg,0.21
2003-07-01,0.18,Maize,Niger,Maradi,RETAIL,Kg,kg,0.18
2003-08-01,0.17,Maize,Niger,Maradi,RETAIL,Kg,kg,0.17
2003-09-01,0.17,Maize,Niger,Maradi,RETAIL,Kg,kg,0.17
2003-10-01,0.17,Maize,Niger,Maradi,RETAIL,Kg,kg,0.17
2003-11-01,0.18,Maize,Niger,Maradi,RETAIL,Kg,kg,0.18
2003-12-01,0.19,Maize,Niger,Maradi,RETAIL,Kg,kg,0.19
2004-01-01,0.19,Maize,Niger,Maradi,RETAIL,Kg,kg,0.19
2004-02-01,0.19,Maize,Niger,Maradi,RETAIL,Kg,kg,0.19
2004-03-01,0.22,Maize,Niger,Maradi,RETAIL,Kg,kg,0.22
2004-04-01,0.23,Maize,Niger,Maradi,RETAIL,Kg,kg,0.23
2004-05-01,0.24,Maize,Niger,Maradi,RETAIL,Kg,kg,0.24
2004-06-01,0.24,Maize,Niger,Maradi,RETAIL,Kg,kg,0.24
2004-07-01,0.25,Maize,Niger,Maradi,RETAIL,Kg,kg,0.25
2004-08-01,0.26,Maize,Niger,Maradi,RETAIL,Kg,kg,0.26
2004-09-01,0.26,Maize,Niger,Maradi,RETAIL,Kg,kg,0.26
2004-10-01,0.28,Maize,Niger,Maradi,RETAIL,Kg,kg,0.28
2004-11-01,0.3,Maize,Niger,Maradi,RETAIL,Kg,kg,0.3
2004-12-01,0.32,Maize,Niger,Maradi,RETAIL,Kg,kg,0.32
2005-01-01,0.36,Maize,Niger,Maradi,RETAIL,Kg,kg,0.36
2005-02-01,0.36,Maize,Niger,Maradi,RETAIL,Kg,kg,0.36
2005-03-01,0.39,Maize,Niger,Maradi,RETAIL,Kg,kg,0.39
2005-04-01,0.44,Maize,Niger,Maradi,RETAIL,Kg,kg,0.44
2005-05-01,0.43,Maize,Niger,Maradi,RETAIL,Kg,kg,0.43
2005-06-01,0.47,Maize,Niger,Maradi,RETAIL,Kg,kg,0.47
2005-07-01,0.5,Maize,Niger,Maradi,RETAIL,Kg,kg,0.5
2005-08-01,0.55,Maize,Niger,Maradi,RETAIL,Kg,kg,0.55
2005-09-01,0.4,Maize,Niger,Maradi,RETAIL,Kg,kg,0.4
2005-10-01,0.28,Maize,Niger,Maradi,RETAIL,Kg,kg,0.28
2005-11-01,0.27,Maize,Niger,Maradi,RETAIL,Kg,kg,0.27
2005-12-01,0.28,Maize,Niger,Maradi,RETAIL,Kg,kg,0.28
2006-01-01,0.3,Maize,Niger,Maradi,RETAIL,Kg,kg,0.3
2006-02-01,0.29,Maize,Niger,Maradi,RETAIL,Kg,kg,0.29
2006-03-01,0.28,Maize,Niger,Maradi,RETAIL,Kg,kg,0.28
2006-04-01,0.3,Maize,Niger,Maradi,RETAIL,Kg,kg,0.3
2006-05-01,0.31,Maize,Niger,Maradi,RETAIL,Kg,kg,0.31
2006-06-01,0.29,Maize,Niger,Maradi,RETAIL,Kg,kg,0.29
2006-07-01,0.3,Maize,Niger,Maradi,RETAIL,Kg,kg,0.3
2006-08-01,0.3,Maize,Niger,Maradi,RETAIL,Kg,kg,0.3
2006-09-01,0.29,Maize,Niger,Maradi,RETAIL,Kg,kg,0.29
2006-10-01,0.24,Maize,Niger,Maradi,RETAIL,Kg,kg,0.24
2006-11-01,0.24,Maize,Niger,Maradi,RETAIL,Kg,kg,0.24
2006-12-01,0.25,Maize,Niger,Maradi,RETAIL,Kg,kg,0.25
2007-01-01,0.26,Maize,Niger,Maradi,RETAIL,Kg,kg,0.26
2007-02-01,0.27,Maize,Niger,Maradi,RETAIL,Kg,kg,0.27
2007-03-01,0.26,Maize,Niger,Maradi,RETAIL,Kg,kg,0.26
2007-04-01,0.26,Maize,Niger,Maradi,RETAIL,Kg,kg,0.26
2007-05-01,0.26,Maize,Niger,Maradi,RETAIL,Kg,kg,0.26
2007-06-01,0.25,Maize,Niger,Maradi,RETAIL,Kg,kg,0.25
2007-07-01,0.27,Maize,Niger,Maradi,RETAIL,Kg,kg,0.27
2007-08-01,0.29,Maize,Niger,Maradi,RETAIL,Kg,kg,0.29
2007-09-01,0.3,Maize,Niger,Maradi,RETAIL,Kg,kg,0.3
2007-10-01,0.32,Maize,Niger,Maradi,RETAIL,Kg,kg,0.32
2007-11-01,0.39,Maize,Niger,Maradi,RETAIL,Kg,kg,0.39
2007-12-01,0.38,Maize,Niger,Maradi,RETAIL,Kg,kg,0.38
2008-01-01,0.45,Maize,Niger,Maradi,RETAIL,Kg,kg,0.45
2008-02-01,0.47,Maize,Niger,Maradi,RETAIL,Kg,kg,0.47
2008-03-01,0.52,Maize,Niger,Maradi,RETAIL,Kg,kg,0.52
2008-04-01,0.51,Maize,Niger,Maradi,RETAIL,Kg,kg,0.51
2008-05-01,0.53,Maize,Niger,Maradi,RETAIL,Kg,kg,0.53
2008-06-01,0.59,Maize,Niger,Maradi,RETAIL,Kg,kg,0.59
2008-07-01,0.66,Maize,Niger,Maradi,RETAIL,Kg,kg,0.66
2008-08-01,0.61,Maize,Niger,Maradi,RETAIL,Kg,kg,0.61
2008-09-01,0.55,Maize,Niger,Maradi,RETAIL,Kg,kg,0.55
2008-10-01,0.46,Maize,Niger,Maradi,RETAIL,Kg,kg,0.46
2008-11-01,0.44,Maize,Niger,Maradi,RETAIL,Kg,kg,0.44
2008-12-01,0.46,Maize,Niger,Maradi,RETAIL,Kg,kg,0.46
2009-01-01,0.43,Maize,Niger,Maradi,RETAIL,Kg,kg,0.43
2009-02-01,0.42,Maize,Niger,Maradi,RETAIL,Kg,kg,0.42
2009-03-01,0.41,Maize,Niger,Maradi,RETAIL,Kg,kg,0.41
2009-04-01,0.41,Maize,Niger,Maradi,RETAIL,Kg,kg,0.41
2009-05-01,0.41,Maize,Niger,Maradi,RETAIL,Kg,kg,0.41
2009-06-01,0.46,Maize,Niger,Maradi,RETAIL,Kg,kg,0.46
2009-07-01,0.49,Maize,Niger,Maradi,RETAIL,Kg,kg,0.49
2009-08-01,0.5,Maize,Niger,Maradi,RETAIL,Kg,kg,0.5
2009-09-01,0.47,Maize,Niger,Maradi,RETAIL,Kg,kg,0.47
2009-10-01,0.4,Maize,Niger,Maradi,RETAIL,Kg,kg,0.4
2009-11-01,0.43,Maize,Niger,Maradi,RETAIL,Kg,kg,0.43
2009-12-01,0.43,Maize,Niger,Maradi,RETAIL,Kg,kg,0.43
2010-01-01,0.44,Maize,Niger,Maradi,RETAIL,Kg,kg,0.44
2010-02-01,0.42,Maize,Niger,Maradi,RETAIL,Kg,kg,0.42
2010-03-01,0.42,Maize,Niger,Maradi,RETAIL,Kg,kg,0.42
2010-04-01,0.42,Maize,Niger,Maradi,RETAIL,Kg,kg,0.42
2010-05-01,0.4,Maize,Niger,Maradi,RETAIL,Kg,kg,0.4
2010-06-01,0.41,Maize,Niger,Maradi,RETAIL,Kg,kg,0.41
2010-07-01,0.45,Maize,Niger,Maradi,RETAIL,Kg,kg,0.45
2010-08-01,0.44,Maize,Niger,Maradi,RETAIL,Kg,kg,0.44
2010-09-01,0.39,Maize,Niger,Maradi,RETAIL,Kg,kg,0.39
2010-10-01,0.38,Maize,Niger,Maradi,RETAIL,Kg,kg,0.38
2010-11-01,0.35,Maize,Niger,Maradi,RETAIL,Kg,kg,0.35
2010-12-01,0.37,Maize,Niger,Maradi,RETAIL,Kg,kg,0.37
2011-01-01,0.35,Maize,Niger,Maradi,RETAIL,Kg,kg,0.35
2011-02-01,0.37,Maize,Niger,Maradi,RETAIL,Kg,kg,0.37
2011-03-01,0.38,Maize,Niger,Maradi,RETAIL,Kg,kg,0.38
2011-04-01,0.4,Maize,Niger,Maradi,RETAIL,Kg,kg,0.4
2011-05-01,0.48,Maize,Niger,Maradi,RETAIL,Kg,kg,0.48
2011-06-01,0.46,Maize,Niger,Maradi,RETAIL,Kg,kg,0.46
2011-07-01,0.46,Maize,Niger,Maradi,RETAIL,Kg,kg,0.46
2011-08-01,0.47,Maize,Niger,Maradi,RETAIL,Kg,kg,0.47
2011-09-01,0.44,Maize,Niger,Maradi,RETAIL,Kg,kg,0.44
2011-10-01,0.42,Maize,Niger,Maradi,RETAIL,Kg,kg,0.42
2011-11-01,0.42,Maize,Niger,Maradi,RETAIL,Kg,kg,0.42
2011-12-01,0.4,Maize,Niger,Maradi,RETAIL,Kg,kg,0.4
2012-01-01,0.39,Maize,Niger,Maradi,RETAIL,Kg,kg,0.39
2012-02-01,0.4,Maize,Niger,Maradi,RETAIL,Kg,kg,0.4
2012-03-01,0.41,Maize,Niger,Maradi,RETAIL,Kg,kg,0.41
2012-04-01,0.45,Maize,Niger,Maradi,RETAIL,Kg,kg,0.45
2012-05-01,,Maize,Niger,Maradi,RETAIL,Kg,kg,
2012-06-01,,Maize,Niger,Maradi,RETAIL,Kg,kg,
2012-07-01,,Maize,Niger,Maradi,RETAIL,Kg,kg,
2012-08-01,,Maize,Niger,Maradi,RETAIL,Kg,kg,
2012-09-01,,Maize,Niger,Maradi,RETAIL,Kg,kg,
2012-10-01,,Maize,Niger,Maradi,RETAIL,Kg,kg,
2012-11-01,,Maize,Niger,Maradi,RETAIL,Kg,kg,
2012-12-01,,Maize,Niger,Maradi,RETAIL,Kg,kg,
2013-01-01,,Maize,Niger,Maradi,RETAIL,Kg,kg,
2013-02-01,,Maize,Niger,Maradi,RETAIL,Kg,kg,
2013-03-01,0.49,Maize,Niger,Maradi,RETAIL,Kg,kg,0.49
2013-04-01,0.47,Maize,Niger,Maradi,RETAIL,Kg,kg,0.47
2013-05-01,,Maize,Niger,Maradi,RETAIL,Kg,kg,
2013-06-01,,Maize,Niger,Maradi,RETAIL,Kg,kg,
2013-07-01,,Maize,Niger,Maradi,RETAIL,Kg,kg,
2013-08-01,0.54,Maize,Niger,Maradi,RETAIL,Kg,kg,0.54
2013-09-01,0.49,Maize,Niger,Maradi,RETAIL,Kg,kg,0.49
2013-10-01,0.45,Maize,Niger,Maradi,RETAIL,Kg,kg,0.45
2013-11-01,0.43,Maize,Niger,Maradi,RETAIL,Kg,kg,0.43
2013-12-01,0.43,Maize,Niger,Maradi,RETAIL,Kg,kg,0.43
2014-01-01,0.43,Maize,Niger,Maradi,RETAIL,Kg,kg,0.43
2014-02-01,0.44,Maize,Niger,Maradi,RETAIL,Kg,kg,0.44
2014-03-01,0.45,Maize,Niger,Maradi,RETAIL,Kg,kg,0.45
2014-04-01,0.42,Maize,Niger,Maradi,RETAIL,Kg,kg,0.42
2014-05-01,0.42,Maize,Niger,Maradi,RETAIL,Kg,kg,0.42
2014-06-01,0.46,Maize,Niger,Maradi,RETAIL,Kg,kg,0.46
2014-07-01,0.41,Maize,Niger,Maradi,RETAIL,Kg,kg,0.41
2014-08-01,0.41,Maize,Niger,Maradi,RETAIL,Kg,kg,0.41
2014-09-01,0.38,Maize,Niger,Maradi,RETAIL,Kg,kg,0.38
2014-10-01,,Maize,Niger,Maradi,RETAIL,Kg,kg,
2014-11-01,,Maize,Niger,Maradi,RETAIL,Kg,kg,
2014-12-01,0.33,Maize,Niger,Maradi,RETAIL,Kg,kg,0.33
2015-01-01,0.3,Maize,Niger,Maradi,RETAIL,Kg,kg,0.3
2015-02-01,0.28,Maize,Niger,Maradi,RETAIL,Kg,kg,0.28
2015-03-01,0.26,Maize,Niger,Maradi,RETAIL,Kg,kg,0.26
2015-04-01,0.3,Maize,Niger,Maradi,RETAIL,Kg,kg,0.3
2015-05-01,0.31,Maize,Niger,Maradi,RETAIL,Kg,kg,0.31
2015-06-01,0.31,Maize,Niger,Maradi,RETAIL,Kg,kg,0.31
2015-07-01,0.29,Maize,Niger,Maradi,RETAIL,Kg,kg,0.29
2015-08-01,0.31,Maize,Niger,Maradi,RETAIL,Kg,kg,0.31
2015-09-01,0.36,Maize,Niger,Maradi,RETAIL,Kg,kg,0.36
2015-10-01,0.33,Maize,Niger,Maradi,RETAIL,Kg,kg,0.33
2015-11-01,,Maize,Niger,Maradi,RETAIL,Kg,kg,
2015-12-01,0.33,Maize,Niger,Maradi,RETAIL,Kg,kg,0.33
2016-01-01,0.3,Maize,Niger,Maradi,RETAIL,Kg,kg,0.3
2016-02-01,0.3,Maize,Niger,Maradi,RETAIL,Kg,kg,0.3
2016-03-01,0.31,Maize,Niger,Maradi,RETAIL,Kg,kg,0.31
2016-04-01,0.33,Maize,Niger,Maradi,RETAIL,Kg,kg,0.33
2016-05-01,0.34,Maize,Niger,Maradi,RETAIL,Kg,kg,0.34
2016-06-01,0.36,Maize,Niger,Maradi,RETAIL,Kg,kg,0.36
2016-07-01,0.38,Maize,Niger,Maradi,RETAIL,Kg,kg,0.38
2016-08-01,0.41,Maize,Niger,Maradi,RETAIL,Kg,kg,0.41
2016-09-01,0.41,Maize,Niger,Maradi,RETAIL,Kg,kg,0.41
2016-10-01,0.34,Maize,Niger,Maradi,RETAIL,Kg,kg,0.34
2016-11-01,0.33,Maize,Niger,Maradi,RETAIL,Kg,kg,0.33
2016-12-01,,Maize,Niger,Maradi,RETAIL,Kg,kg,
2017-01-01,0.34,Maize,Niger,Maradi,RETAIL,Kg,kg,0.34
2017-02-01,0.36,Maize,Niger,Maradi,RETAIL,Kg,kg,0.36
2017-03-01,0.36,Maize,Niger,Maradi,RETAIL,Kg,kg,0.36
2017-04-01,0.39,Maize,Niger,Maradi,RETAIL,Kg,kg,0.39
2017-05-01,0.41,Maize,Niger,Maradi,RETAIL,Kg,kg,0.41
2017-06-01,0.44,Maize,Niger,Maradi,RETAIL,Kg,kg,0.44
2017-07-01,0.41,Maize,Niger,Maradi,RETAIL,Kg,kg,0.41
2017-08-01,0.45,Maize,Niger,Maradi,RETAIL,Kg,kg,0.45
2017-09-01,0.44,Maize,Niger,Maradi,RETAIL,Kg,kg,0.44
2017-10-01,0.36,Maize,Niger,Maradi,RETAIL,Kg,kg,0.36
2017-11-01,0.5,Maize,Niger,Maradi,RETAIL,Kg,kg,0.5
2017-12-01,0.35,Maize,Niger,Maradi,RETAIL,Kg,kg,0.35
2018-01-01,0.36,Maize,Niger,Maradi,RETAIL,Kg,kg,0.36
2018-02-01,0.34,Maize,Niger,Maradi,RETAIL,Kg,kg,0.34
2018-03-01,0.34,Maize,Niger,Maradi,RETAIL,Kg,kg,0.34
2018-04-01,0.37,Maize,Niger,Maradi,RETAIL,Kg,kg,0.37
2018-05-01,0.4,Maize,Niger,Maradi,RETAIL,Kg,kg,0.4
2018-06-01,0.37,Maize,Niger,Maradi,RETAIL,Kg,kg,0.37
2018-07-01,0.37,Maize,Niger,Maradi,RETAIL,Kg,kg,0.37
2018-08-01,0.39,Maize,Niger,Maradi,RETAIL,Kg,kg,0.39
2018-09-01,0.36,Maize,Niger,Maradi,RETAIL,Kg,kg,0.36
2018-10-01,0.32,Maize,Niger,Maradi,RETAIL,Kg,kg,0.32
2018-11-01,0.3,Maize,Niger,Maradi,RETAIL,Kg,kg,0.3
2018-12-01,0.31,Maize,Niger,Maradi,RETAIL,Kg,kg,0.31
2019-01-01,0.3,Maize,Niger,Maradi,RETAIL,Kg,kg,0.3
2019-02-01,0.29,Maize,Niger,Maradi,RETAIL,Kg,kg,0.29
2019-03-01,0.31,Maize,Niger,Maradi,RETAIL,Kg,kg,0.31
2019-04-01,0.31,Maize,Niger,Maradi,RETAIL,Kg,kg,0.31
2019-05-01,0.31,Maize,Niger,Maradi,RETAIL,Kg,kg,0.31
2019-06-01,0.3,Maize,Niger,Maradi,RETAIL,Kg,kg,0.3
2019-07-01,0.28,Maize,Niger,Maradi,RETAIL,Kg,kg,0.28
2019-08-01,0.28,Maize,Niger,Maradi,RETAIL,Kg,kg,0.28
2019-09-01,0.3,Maize,Niger,Maradi,RETAIL,Kg,kg,0.3
2019-10-01,0.29,Maize,Niger,Maradi,RETAIL,Kg,kg,0.29
2019-11-01,0.3,Maize,Niger,Maradi,RETAIL,Kg,kg,0.3
2019-12-01,0.3,Maize,Niger,Maradi,RETAIL,Kg,kg,0.3
2020-01-01,0.3,Maize,Niger,Maradi,RETAIL,Kg,kg,0.3
2020-02-01,0.29,Maize,Niger,Maradi,RETAIL,Kg,kg,0.29
2020-03-01,0.3,Maize,Niger,Maradi,RETAIL,Kg,kg,0.3
2020-04-01,0.36,Maize,Niger,Maradi,RETAIL,Kg,kg,0.36
2020-05-01,0.35,Maize,Niger,Maradi,RETAIL,Kg,kg,0.35
2020-06-01,0.37,Maize,Niger,Maradi,RETAIL,Kg,kg,0.37
2020-07-01,0.39,Maize,Niger,Maradi,RETAIL,Kg,kg,0.39
2020-08-01,0.43,Maize,Niger,Maradi,RETAIL,Kg,kg,0.43
2020-09-01,0.44,Maize,Niger,Maradi,RETAIL,Kg,kg,0.44
2020-10-01,0.4,Maize,Niger,Maradi,RETAIL,Kg,kg,0.4
2020-11-01,0.4,Maize,Niger,Maradi,RETAIL,Kg,kg,0.4
2020-12-01,0.37,Maize,Niger,Maradi,RETAIL,Kg,kg,0.37
2021-01-01,0.43,Maize,Niger,Maradi,RETAIL,Kg,kg,0.43
2021-02-01,0.44,Maize,Niger,Maradi,RETAIL,Kg,kg,0.44
2021-03-01,0.46,Maize,Niger,Maradi,RETAIL,Kg,kg,0.46
2021-04-01,0.46,Maize,Niger,Maradi,RETAIL,Kg,kg,0.46
2021-05-01,0.48,Maize,Niger,Maradi,RETAIL,Kg,kg,0.48
2021-06-01,0.48,Maize,Niger,Maradi,RETAIL,Kg,kg,0.48
2021-07-01,0.53,Maize,Niger,Maradi,RETAIL,Kg,kg,0.53
2021-08-01,0.57,Maize,Niger,Maradi,RETAIL,Kg,kg,0.57
2021-09-01,0.53,Maize,Niger,Maradi,RETAIL,Kg,kg,0.53
2021-10-01,0.4,Maize,Niger,Maradi,RETAIL,Kg,kg,0.4
2021-11-01,0.39,Maize,Niger,Maradi,RETAIL,Kg,kg,0.39
2021-12-01,0.42,Maize,Niger,Maradi,RETAIL,Kg,kg,0.42
2022-01-01,0.48,Maize,Niger,Maradi,RETAIL,Kg,kg,0.48
2022-02-01,0.45,Maize,Niger,Maradi,RETAIL,Kg,kg,0.45
2022-03-01,0.47,Maize,Niger,Maradi,RETAIL,Kg,kg,0.47
2022-04-01,0.43,Maize,Niger,Maradi,RETAIL,Kg,kg,0.43
2022-05-01,0.42,Maize,Niger,Maradi,RETAIL,Kg,kg,0.42
2022-06-01,0.42,Maize,Niger,Maradi,RETAIL,Kg,kg,0.42
2022-07-01,0.38,Maize,Niger,Maradi,RETAIL,Kg,kg,0.38
2022-08-01,0.39,Maize,Niger,Maradi,RETAIL,Kg,kg,0.39
2022-09-01,0.36,Maize,Niger,Maradi,RETAIL,Kg,kg,0.36
2022-10-01,0.35,Maize,Niger,Maradi,RETAIL,Kg,kg,0.35
2022-11-01,0.4,Maize,Niger,Maradi,RETAIL,Kg,kg,0.4
2022-12-01,0.38,Maize,Niger,Maradi,RETAIL,Kg,kg,0.38
2023-01-01,0.39,Maize,Niger,Maradi,RETAIL,Kg,kg,0.39
2023-02-01,0.39,Maize,Niger,Maradi,RETAIL,Kg,kg,0.39
2023-03-01,0.39,Maize,Niger,Maradi,RETAIL,Kg,kg,0.39
2023-04-01,0.4,Maize,Niger,Maradi,RETAIL,Kg,kg,0.4
2023-05-01,0.44,Maize,Niger,Maradi,RETAIL,Kg,kg,0.44
2023-06-01,0.49,Maize,Niger,Maradi,RETAIL,Kg,kg,0.49
2023-07-01,0.6,Maize,Niger,Maradi,RETAIL,Kg,kg,0.6
2023-08-01,0.6,Maize,Niger,Maradi,RETAIL,Kg,kg,0.6
2023-09-01,0.59,Maize,Niger,Maradi,RETAIL,Kg,kg,0.59
2023-10-01,0.45,Maize,Niger,Maradi,RETAIL,Kg,kg,0.45
2023-11-01,0.44,Maize,Niger,Maradi,RETAIL,Kg,kg,0.44
2023-12-01,0.44,Maize,Niger,Maradi,RETAIL,Kg,kg,0.44
2024-01-01,0.49,Maize,Niger,Maradi,RETAIL,Kg,kg,0.49
2024-02-01,0.51,Maize,Niger,Maradi,RETAIL,Kg,kg,0.51
2024-03-01,0.5,Maize,Niger,Maradi,RETAIL,Kg,kg,0.5
2024-04-01,0.56,Maize,Niger,Maradi,RETAIL,Kg,kg,0.56
2024-05-01,0.58,Maize,Niger,Maradi,RETAIL,Kg,kg,0.58
2024-06-01,0.64,Maize,Niger,Maradi,RETAIL,Kg,kg,0.64
2024-07-01,0.7,Maize,Niger,Maradi,RETAIL,Kg,kg,0.7
2024-08-01,0.66,Maize,Niger,Maradi,RETAIL,Kg,kg,0.66
2024-09-01,0.55,Maize,Niger,Maradi,RETAIL,Kg,kg,0.55
2024-10-01,0.42,Maize,Niger,Maradi,RETAIL,Kg,kg,0.42
2024-11-01,0.44,Maize,Niger,Maradi,RETAIL,Kg,kg,0.44
2024-12-01,0.44,Maize,Niger,Maradi,RETAIL,Kg,kg,0.44
2025-01-01,0.44,Maize,Niger,Maradi,RETAIL,Kg,kg,0.44
2025-02-01,0.43,Maize,Niger,Maradi,RETAIL,Kg,kg,0.43
2025-03-01,0.43,Maize,Niger,Maradi,RETAIL,Kg,kg,0.43
2025-04-01,0.43,Maize,Niger,Maradi,RETAIL,Kg,kg,0.43
2025-05-01,0.42,Maize,Niger,Maradi,RETAIL,Kg,kg,0.42
2025-06-01,0.43,Maize,Niger,Maradi,RETAIL,Kg,kg,0.43
2025-07-01,0.41,Maize,Niger,Maradi,RETAIL,Kg,kg,0.41
2025-08-01,0.37,Maize,Niger,Maradi,RETAIL,Kg,kg,0.37
2000-01-01,0.17,Maize,Niger,Niamey,RETAIL,Kg,kg,0.17
2000-02-01,0.19,Maize,Niger,Niamey,RETAIL,Kg,kg,0.19
2000-03-01,0.18,Maize,Niger,Niamey,RETAIL,Kg,kg,0.18
2000-04-01,0.18,Maize,Niger,Niamey,RETAIL,Kg,kg,0.18
2000-05-01,0.17,Maize,Niger,Niamey,RETAIL,Kg,kg,0.17
2000-06-01,0.18,Maize,Niger,Niamey,RETAIL,Kg,kg,0.18
2000-07-01,0.18,Maize,Niger,Niamey,RETAIL,Kg,kg,0.18
2000-08-01,0.17,Maize,Niger,Niamey,RETAIL,Kg,kg,0.17
2000-09-01,0.17,Maize,Niger,Niamey,RETAIL,Kg,kg,0.17
2000-10-01,0.16,Maize,Niger,Niamey,RETAIL,Kg,kg,0.16
2000-11-01,0.16,Maize,Niger,Niamey,RETAIL,Kg,kg,0.16
2000-12-01,0.17,Maize,Niger,Niamey,RETAIL,Kg,kg,0.17
2001-01-01,0.18,Maize,Niger,Niamey,RETAIL,Kg,kg,0.18
2001-02-01,0.19,Maize,Niger,Niamey,RETAIL,Kg,kg,0.19
2001-03-01,0.23,Maize,Niger,Niamey,RETAIL,Kg,kg,0.23
2001-04-01,0.23,Maize,Niger,Niamey,RETAIL,Kg,kg,0.23
2001-05-01,0.22,Maize,Niger,Niamey,RETAIL,Kg,kg,0.22
2001-06-01,0.22,Maize,Niger,Niamey,RETAIL,Kg,kg,0.22
2001-07-01,0.27,Maize,Niger,Niamey,RETAIL,Kg,kg,0.27
2001-08-01,0.29,Maize,Niger,Niamey,RETAIL,Kg,kg,0.29
2001-09-01,0.2,Maize,Niger,Niamey,RETAIL,Kg,kg,0.2
2001-10-01,0.21,Maize,Niger,Niamey,RETAIL,Kg,kg,0.21
2001-11-01,0.2,Maize,Niger,Niamey,RETAIL,Kg,kg,0.2
2001-12-01,0.2,Maize,Niger,Niamey,RETAIL,Kg,kg,0.2
2002-01-01,0.24,Maize,Niger,Niamey,RETAIL,Kg,kg,0.24
2002-02-01,0.25,Maize,Niger,Niamey,RETAIL,Kg,kg,0.25
2002-03-01,0.25,Maize,Niger,Niamey,RETAIL,Kg,kg,0.25
2002-04-01,0.27,Maize,Niger,Niamey,RETAIL,Kg,kg,0.27
2002-05-01,0.26,Maize,Niger,Niamey,RETAIL,Kg,kg,0.26
2002-06-01,0.28,Maize,Niger,Niamey,RETAIL,Kg,kg,0.28
2002-07-01,0.32,Maize,Niger,Niamey,RETAIL,Kg,kg,0.32
2002-08-01,0.32,Maize,Niger,Niamey,RETAIL,Kg,kg,0.32
2002-09-01,0.27,Maize,Niger,Niamey,RETAIL,Kg,kg,0.27
2002-10-01,0.25,Maize,Niger,Niamey,RETAIL,Kg,kg,0.25
2002-11-01,0.22,Maize,Niger,Niamey,RETAIL,Kg,kg,0.22
2002-12-01,0.24,Maize,Niger,Niamey,RETAIL,Kg,kg,0.24
2003-01-01,0.24,Maize,Niger,Niamey,RETAIL,Kg,kg,0.24
2003-02-01,0.25,Maize,Niger,Niamey,RETAIL,Kg,kg,0.25
2003-03-01,0.24,Maize,Niger,Niamey,RETAIL,Kg,kg,0.24
2003-04-01,0.24,Maize,Niger,Niamey,RETAIL,Kg,kg,0.24
2003-05-01,0.26,Maize,Niger,Niamey,RETAIL,Kg,kg,0.26
2003-06-01,0.25,Maize,Niger,Niamey,RETAIL,Kg,kg,0.25
2003-07-01,0.25,Maize,Niger,Niamey,RETAIL,Kg,kg,0.25
2003-08-01,0.25,Maize,Niger,Niamey,RETAIL,Kg,kg,0.25
2003-09-01,0.24,Maize,Niger,Niamey,RETAIL,Kg,kg,0.24
2003-10-01,0.24,Maize,Niger,Niamey,RETAIL,Kg,kg,0.24
2003-11-01,0.22,Maize,Niger,Niamey,RETAIL,Kg,kg,0.22
2003-12-01,0.23,Maize,Niger,Niamey,RETAIL,Kg,kg,0.23
2004-01-01,0.23,Maize,Niger,Niamey,RETAIL,Kg,kg,0.23
2004-02-01,0.23,Maize,Niger,Niamey,RETAIL,Kg,kg,0.23
2004-03-01,0.22,Maize,Niger,Niamey,RETAIL,Kg,kg,0.22
2004-04-01,0.23,Maize,Niger,Niamey,RETAIL,Kg,kg,0.23
2004-05-01,0.23,Maize,Niger,Niamey,RETAIL,Kg,kg,0.23
2004-06-01,0.23,Maize,Niger,Niamey,RETAIL,Kg,kg,0.23
2004-07-01,0.26,Maize,Niger,Niamey,RETAIL,Kg,kg,0.26
2004-08-01,0.27,Maize,Niger,Niamey,RETAIL,Kg,kg,0.27
2004-09-01,0.27,Maize,Niger,Niamey,RETAIL,Kg,kg,0.27
2004-10-01,0.28,Maize,Niger,Niamey,RETAIL,Kg,kg,0.28
2004-11-01,0.28,Maize,Niger,Niamey,RETAIL,Kg,kg,0.28
2004-12-01,0.31,Maize,Niger,Niamey,RETAIL,Kg,kg,0.31
2005-01-01,0.33,Maize,Niger,Niamey,RETAIL,Kg,kg,0.33
2005-02-01,0.34,Maize,Niger,Niamey,RETAIL,Kg,kg,0.34
2005-03-01,0.4,Maize,Niger,Niamey,RETAIL,Kg,kg,0.4
2005-04-01,0.41,Maize,Niger,Niamey,RETAIL,Kg,kg,0.41
2005-05-01,0.42,Maize,Niger,Niamey,RETAIL,Kg,kg,0.42
2005-06-01,0.49,Maize,Niger,Niamey,RETAIL,Kg,kg,0.49
2005-07-01,0.55,Maize,Niger,Niamey,RETAIL,Kg,kg,0.55
2005-08-01,0.54,Maize,Niger,Niamey,RETAIL,Kg,kg,0.54
2005-09-01,0.42,Maize,Niger,Niamey,RETAIL,Kg,kg,0.42
2005-10-01,0.37,Maize,Niger,Niamey,RETAIL,Kg,kg,0.37
2005-11-01,0.31,Maize,Niger,Niamey,RETAIL,Kg,kg,0.31
2005-12-01,0.3,Maize,Niger,Niamey,RETAIL,Kg,kg,0.3
2006-01-01,0.34,Maize,Niger,Niamey,RETAIL,Kg,kg,0.34
2006-02-01,0.32,Maize,Niger,Niamey,RETAIL,Kg,kg,0.32
2006-03-01,0.29,Maize,Niger,Niamey,RETAIL,Kg,kg,0.29
2006-04-01,0.32,Maize,Niger,Niamey,RETAIL,Kg,kg,0.32
2006-05-01,0.34,Maize,Niger,Niamey,RETAIL,Kg,kg,0.34
2006-06-01,0.33,Maize,Niger,Niamey,RETAIL,Kg,kg,0.33
2006-07-01,0.32,Maize,Niger,Niamey,RETAIL,Kg,kg,0.32
2006-08-01,0.32,Maize,Niger,Niamey,RETAIL,Kg,kg,0.32
2006-09-01,0.32,Maize,Niger,Niamey,RETAIL,Kg,kg,0.32
2006-10-01,0.29,Maize,Niger,Niamey,RETAIL,Kg,kg,0.29
2006-11-01,0.27,Maize,Niger,Niamey,RETAIL,Kg,kg,0.27
2006-12-01,0.27,Maize,Niger,Niamey,RETAIL,Kg,kg,0.27
2007-01-01,0.28,Maize,Niger,Niamey,RETAIL,Kg,kg,0.28
2007-02-01,0.28,Maize,Niger,Niamey,RETAIL,Kg,kg,0.28
2007-03-01,0.28,Maize,Niger,Niamey,RETAIL,Kg,kg,0.28
2007-04-01,0.28,Maize,Niger,Niamey,RETAIL,Kg,kg,0.28
2007-05-01,0.28,Maize,Niger,Niamey,RETAIL,Kg,kg,0.28
2007-06-01,0.27,Maize,Niger,Niamey,RETAIL,Kg,kg,0.27
2007-07-01,0.28,Maize,Niger,Niamey,RETAIL,Kg,kg,0.28
2007-08-01,0.28,Maize,Niger,Niamey,RETAIL,Kg,kg,0.28
2007-09-01,0.29,Maize,Niger,Niamey,RETAIL,Kg,kg,0.29
2007-10-01,0.31,Maize,Niger,Niamey,RETAIL,Kg,kg,0.31
2007-11-01,0.36,Maize,Niger,Niamey,RETAIL,Kg,kg,0.36
2007-12-01,0.37,Maize,Niger,Niamey,RETAIL,Kg,kg,0.37
2008-01-01,0.39,Maize,Niger,Niamey,RETAIL,Kg,kg,0.39
2008-02-01,0.42,Maize,Niger,Niamey,RETAIL,Kg,kg,0.42
2008-03-01,0.47,Maize,Niger,Niamey,RETAIL,Kg,kg,0.47
2008-04-01,0.5,Maize,Niger,Niamey,RETAIL,Kg,kg,0.5
2008-05-01,0.5,Maize,Niger,Niamey,RETAIL,Kg,kg,0.5
2008-06-01,0.57,Maize,Niger,Niamey,RETAIL,Kg,kg,0.57
2008-07-01,0.64,Maize,Niger,Niamey,RETAIL,Kg,kg,0.64
2008-08-01,0.63,Maize,Niger,Niamey,RETAIL,Kg,kg,0.63
2008-09-01,0.58,Maize,Niger,Niamey,RETAIL,Kg,kg,0.58
2008-10-01,0.49,Maize,Niger,Niamey,RETAIL,Kg,kg,0.49
2008-11-01,0.4,Maize,Niger,Niamey,RETAIL,Kg,kg,0.4
2008-12-01,0.43,Maize,Niger,Niamey,RETAIL,Kg,kg,0.43
2009-01-01,0.45,Maize,Niger,Niamey,RETAIL,Kg,kg,0.45
2009-02-01,0.46,Maize,Niger,Niamey,RETAIL,Kg,kg,0.46
2009-03-01,0.47,Maize,Niger,Niamey,RETAIL,Kg,kg,0.47
2009-04-01,0.48,Maize,Niger,Niamey,RETAIL,Kg,kg,0.48
2009-05-01,0.5,Maize,Niger,Niamey,RETAIL,Kg,kg,0.5
2009-06-01,0.51,Maize,Niger,Niamey,RETAIL,Kg,kg,0.51
2009-07-01,0.51,Maize,Niger,Niamey,RETAIL,Kg,kg,0.51
2009-08-01,0.52,Maize,Niger,Niamey,RETAIL,Kg,kg,0.52
2009-09-01,0.53,Maize,Niger,Niamey,RETAIL,Kg,kg,0.53
2009-10-01,0.47,Maize,Niger,Niamey,RETAIL,Kg,kg,0.47
2009-11-01,0.45,Maize,Niger,Niamey,RETAIL,Kg,kg,0.45
2009-12-01,0.44,Maize,Niger,Niamey,RETAIL,Kg,kg,0.44
2010-01-01,0.44,Maize,Niger,Niamey,RETAIL,Kg,kg,0.44
2010-02-01,0.44,Maize,Niger,Niamey,RETAIL,Kg,kg,0.44
2010-03-01,0.41,Maize,Niger,Niamey,RETAIL,Kg,kg,0.41
2010-04-01,0.41,Maize,Niger,Niamey,RETAIL,Kg,kg,0.41
2010-05-01,0.39,Maize,Niger,Niamey,RETAIL,Kg,kg,0.39
2010-06-01,0.37,Maize,Niger,Niamey,RETAIL,Kg,kg,0.37
2010-07-01,0.39,Maize,Niger,Niamey,RETAIL,Kg,kg,0.39
2010-08-01,0.4,Maize,Niger,Niamey,RETAIL,Kg,kg,0.4
2010-09-01,0.41,Maize,Niger,Niamey,RETAIL,Kg,kg,0.41
2010-10-01,0.4,Maize,Niger,Niamey,RETAIL,Kg,kg,0.4
2010-11-01,0.4,Maize,Niger,Niamey,RETAIL,Kg,kg,0.4
2010-12-01,0.39,Maize,Niger,Niamey,RETAIL,Kg,kg,0.39
2011-01-01,0.4,Maize,Niger,Niamey,RETAIL,Kg,kg,0.4
2011-02-01,0.41,Maize,Niger,Niamey,RETAIL,Kg,kg,0.41
2011-03-01,0.42,Maize,Niger,Niamey,RETAIL,Kg,kg,0.42
2011-04-01,0.44,Maize,Niger,Niamey,RETAIL,Kg,kg,0.44
2011-05-01,0.44,Maize,Niger,Niamey,RETAIL,Kg,kg,0.44
2011-06-01,0.44,Maize,Niger,Niamey,RETAIL,Kg,kg,0.44
2011-07-01,0.45,Maize,Niger,Niamey,RETAIL,Kg,kg,0.45
2011-08-01,0.46,Maize,Niger,Niamey,RETAIL,Kg,kg,0.46
2011-09-01,0.46,Maize,Niger,Niamey,RETAIL,Kg,kg,0.46
2011-10-01,0.49,Maize,Niger,Niamey,RETAIL,Kg,kg,0.49
2011-11-01,0.45,Maize,Niger,Niamey,RETAIL,Kg,kg,0.45
2011-12-01,0.44,Maize,Niger,Niamey,RETAIL,Kg,kg,0.44
2012-01-01,0.43,Maize,Niger,Niamey,RETAIL,Kg,kg,0.43
2012-02-01,0.44,Maize,Niger,Niamey,RETAIL,Kg,kg,0.44
2012-03-01,0.44,Maize,Niger,Niamey,RETAIL,Kg,kg,0.44
2012-04-01,0.44,Maize,Niger,Niamey,RETAIL,Kg,kg,0.44
2012-05-01,,Maize,Niger,Niamey,RETAIL,Kg,kg,
2012-06-01,,Maize,Niger,Niamey,RETAIL,Kg,kg,
2012-07-01,,Maize,Niger,Niamey,RETAIL,Kg,kg,
2012-08-01,,Maize,Niger,Niamey,RETAIL,Kg,kg,
2012-09-01,,Maize,Niger,Niamey,RETAIL,Kg,kg,
2012-10-01,,Maize,Niger,Niamey,RETAIL,Kg,kg,
2012-11-01,,Maize,Niger,Niamey,RETAIL,Kg,kg,
2012-12-01,,Maize,Niger,Niamey,RETAIL,Kg,kg,
2013-01-01,,Maize,Niger,Niamey,RETAIL,Kg,kg,
2013-02-01,0.44,Maize,Niger,Niamey,RETAIL,Kg,kg,0.44
2013-03-01,0.43,Maize,Niger,Niamey,RETAIL,Kg,kg,0.43
2013-04-01,0.43,Maize,Niger,Niamey,RETAIL,Kg,kg,0.43
2013-05-01,,Maize,Niger,Niamey,RETAIL,Kg,kg,
2013-06-01,,Maize,Niger,Niamey,RETAIL,Kg,kg,
2013-07-01,0.43,Maize,Niger,Niamey,RETAIL,Kg,kg,0.43
2013-08-01,0.44,Maize,Niger,Niamey,RETAIL,Kg,kg,0.44
2013-09-01,0.44,Maize,Niger,Niamey,RETAIL,Kg,kg,0.44
2013-10-01,0.42,Maize,Niger,Niamey,RETAIL,Kg,kg,0.42
2013-11-01,0.4,Maize,Niger,Niamey,RETAIL,Kg,kg,0.4
2013-12-01,0.41,Maize,Niger,Niamey,RETAIL,Kg,kg,0.41
2014-01-01,0.41,Maize,Niger,Niamey,RETAIL,Kg,kg,0.41
2014-02-01,0.41,Maize,Niger,Niamey,RETAIL,Kg,kg,0.41
2014-03-01,0.41,Maize,Niger,Niamey,RETAIL,Kg,kg,0.41
2014-04-01,0.42,Maize,Niger,Niamey,RETAIL,Kg,kg,0.42
2014-05-01,0.41,Maize,Niger,Niamey,RETAIL,Kg,kg,0.41
2014-06-01,0.43,Maize,Niger,Niamey,RETAIL,Kg,kg,0.43
2014-07-01,0.41,Maize,Niger,Niamey,RETAIL,Kg,kg,0.41
2014-08-01,0.4,Maize,Niger,Niamey,RETAIL,Kg,kg,0.4
2014-09-01,0.39,Maize,Niger,Niamey,RETAIL,Kg,kg,0.39
2014-10-01,,Maize,Niger,Niamey,RETAIL,Kg,kg,
2014-11-01,,Maize,Niger,Niamey,RETAIL,Kg,kg,
2014-12-01,0.36,Maize,Niger,Niamey,RETAIL,Kg,kg,0.36
2015-01-01,0.34,Maize,Niger,Niamey,RETAIL,Kg,kg,0.34
2015-02-01,0.33,Maize,Niger,Niamey,RETAIL,Kg,kg,0.33
2015-03-01,0.32,Maize,Niger,Niamey,RETAIL,Kg,kg,0.32
2015-04-01,0.32,Maize,Niger,Niamey,RETAIL,Kg,kg,0.32
2015-05-01,0.33,Maize,Niger,Niamey,RETAIL,Kg,kg,0.33
2015-06-01,0.34,Maize,Niger,Niamey,RETAIL,Kg,kg,0.34
2015-07-01,0.33,Maize,Niger,Niamey,RETAIL,Kg,kg,0.33
2015-08-01,0.36,Maize,Niger,Niamey,RETAIL,Kg,kg,0.36
2015-09-01,0.37,Maize,Niger,Niamey,RETAIL,Kg,kg,0.37
2015-10-01,0.37,Maize,Niger,Niamey,RETAIL,Kg,kg,0.37
2015-11-01,,Maize,Niger,Niamey,RETAIL,Kg,kg,
2015-12-01,0.32,Maize,Niger,Niamey,RETAIL,Kg,kg,0.32
2016-01-01,0.31,Maize,Niger,Niamey,RETAIL,Kg,kg,0.31
2016-02-01,0.32,Maize,Niger,Niamey,RETAIL,Kg,kg,0.32
2016-03-01,0.33,Maize,Niger,Niamey,RETAIL,Kg,kg,0.33
2016-04-01,0.37,Maize,Niger,Niamey,RETAIL,Kg,kg,0.37
2016-05-01,0.37,Maize,Niger,Niamey,RETAIL,Kg,kg,0.37
2016-06-01,0.4,Maize,Niger,Niamey,RETAIL,Kg,kg,0.4
2016-07-01,0.39,Maize,Niger,Niamey,RETAIL,Kg,kg,0.39
2016-08-01,0.4,Maize,Niger,Niamey,RETAIL,Kg,kg,0.4
2016-09-01,0.4,Maize,Niger,Niamey,RETAIL,Kg,kg,0.4
2016-10-01,0.36,Maize,Niger,Niamey,RETAIL,Kg,kg,0.36
2016-11-01,0.35,Maize,Niger,Niamey,RETAIL,Kg,kg,0.35
2016-12-01,,Maize,Niger,Niamey,RETAIL,Kg,kg,
2017-01-01,0.32,Maize,Niger,Niamey,RETAIL,Kg,kg,0.32
2017-02-01,0.31,Maize,Niger,Niamey,RETAIL,Kg,kg,0.31
2017-03-01,0.32,Maize,Niger,Niamey,RETAIL,Kg,kg,0.32
2017-04-01,0.38,Maize,Niger,Niamey,RETAIL,Kg,kg,0.38
2017-05-01,0.4,Maize,Niger,Niamey,RETAIL,Kg,kg,0.4
2017-06-01,0.41,Maize,Niger,Niamey,RETAIL,Kg,kg,0.41
2017-07-01,0.42,Maize,Niger,Niamey,RETAIL,Kg,kg,0.42
2017-08-01,0.38,Maize,Niger,Niamey,RETAIL,Kg,kg,0.38
2017-09-01,0.43,Maize,Niger,Niamey,RETAIL,Kg,kg,0.43
2017-10-01,0.39,Maize,Niger,Niamey,RETAIL,Kg,kg,0.39
2017-11-01,0.35,Maize,Niger,Niamey,RETAIL,Kg,kg,0.35
2017-12-01,0.35,Maize,Niger,Niamey,RETAIL,Kg,kg,0.35
2018-01-01,0.36,Maize,Niger,Niamey,RETAIL,Kg,kg,0.36
2018-02-01,0.37,Maize,Niger,Niamey,RETAIL,Kg,kg,0.37
2018-03-01,0.37,Maize,Niger,Niamey,RETAIL,Kg,kg,0.37
2018-04-01,0.37,Maize,Niger,Niamey,RETAIL,Kg,kg,0.37
2018-05-01,0.39,Maize,Niger,Niamey,RETAIL,Kg,kg,0.39
2018-06-01,0.38,Maize,Niger,Niamey,RETAIL,Kg,kg,0.38
2018-07-01,0.38,Maize,Niger,Niamey,RETAIL,Kg,kg,0.38
2018-08-01,0.38,Maize,Niger,Niamey,RETAIL,Kg,kg,0.38
2018-09-01,0.35,Maize,Niger,Niamey,RETAIL,Kg,kg,0.35
2018-10-01,,Maize,Niger,Niamey,RETAIL,Kg,kg,
2018-11-01,0.34,Maize,Niger,Niamey,RETAIL,Kg,kg,0.34
2018-12-01,0.33,Maize,Niger,Niamey,RETAIL,Kg,kg,0.33
2019-01-01,0.33,Maize,Niger,Niamey,RETAIL,Kg,kg,0.33
2019-02-01,0.34,Maize,Niger,Niamey,RETAIL,Kg,kg,0.34
2019-03-01,0.33,Maize,Niger,Niamey,RETAIL,Kg,kg,0.33
2019-04-01,0.33,Maize,Niger,Niamey,RETAIL,Kg,kg,0.33
2019-05-01,0.33,Maize,Niger,Niamey,RETAIL,Kg,kg,0.33
2019-06-01,0.27,Maize,Niger,Niamey,RETAIL,Kg,kg,0.27
2019-07-01,0.33,Maize,Niger,Niamey,RETAIL,Kg,kg,0.33
2019-08-01,0.33,Maize,Niger,Niamey,RETAIL,Kg,kg,0.33
2019-09-01,0.32,Maize,Niger,Niamey,RETAIL,Kg,kg,0.32
2019-10-01,0.33,Maize,Niger,Niamey,RETAIL,Kg,kg,0.33
2019-11-01,0.32,Maize,Niger,Niamey,RETAIL,Kg,kg,0.32
2019-12-01,0.33,Maize,Niger,Niamey,RETAIL,Kg,kg,0.33
2020-01-01,0.32,Maize,Niger,Niamey,RETAIL,Kg,kg,0.32
2020-02-01,0.32,Maize,Niger,Niamey,RETAIL,Kg,kg,0.32
2020-03-01,0.32,Maize,Niger,Niamey,RETAIL,Kg,kg,0.32
2020-04-01,0.35,Maize,Niger,Niamey,RETAIL,Kg,kg,0.35
2020-05-01,0.35,Maize,Niger,Niamey,RETAIL,Kg,kg,0.35
2020-06-01,0.37,Maize,Niger,Niamey,RETAIL,Kg,kg,0.37
2020-07-01,0.37,Maize,Niger,Niamey,RETAIL,Kg,kg,0.37
2020-08-01,0.4,Maize,Niger,Niamey,RETAIL,Kg,kg,0.4
2020-09-01,0.39,Maize,Niger,Niamey,RETAIL,Kg,kg,0.39
2020-10-01,0.36,Maize,Niger,Niamey,RETAIL,Kg,kg,0.36
2020-11-01,0.35,Maize,Niger,Niamey,RETAIL,Kg,kg,0.35
2020-12-01,0.41,Maize,Niger,Niamey,RETAIL,Kg,kg,0.41
2021-01-01,0.41,Maize,Niger,Niamey,RETAIL,Kg,kg,0.41
2021-02-01,0.43,Maize,Niger,Niamey,RETAIL,Kg,kg,0.43
2021-03-01,0.42,Maize,Niger,Niamey,RETAIL,Kg,kg,0.42
2021-04-01,0.42,Maize,Niger,Niamey,RETAIL,Kg,kg,0.42
2021-05-01,0.46,Maize,Niger,Niamey,RETAIL,Kg,kg,0.46
2021-06-01,0.46,Maize,Niger,Niamey,RETAIL,Kg,kg,0.46
2021-07-01,0.53,Maize,Niger,Niamey,RETAIL,Kg,kg,0.53
2021-08-01,0.57,Maize,Niger,Niamey,RETAIL,Kg,kg,0.57
2021-09-01,0.54,Maize,Niger,Niamey,RETAIL,Kg,kg,0.54
2021-10-01,0.52,Maize,Niger,Niamey,RETAIL,Kg,kg,0.52
2021-11-01,0.42,Maize,Niger,Niamey,RETAIL,Kg,kg,0.42
2021-12-01,0.44,Maize,Niger,Niamey,RETAIL,Kg,kg,0.44
2022-01-01,0.46,Maize,Niger,Niamey,RETAIL,Kg,kg,0.46
2022-02-01,0.49,Maize,Niger,Niamey,RETAIL,Kg,kg,0.49
2022-03-01,0.53,Maize,Niger,Niamey,RETAIL,Kg,kg,0.53
2022-04-01,0.52,Maize,Niger,Niamey,RETAIL,Kg,kg,0.52
2022-05-01,0.5,Maize,Niger,Niamey,RETAIL,Kg,kg,0.5
2022-06-01,0.5,Maize,Niger,Niamey,RETAIL,Kg,kg,0.5
2022-07-01,0.46,Maize,Niger,Niamey,RETAIL,Kg,kg,0.46
2022-08-01,0.45,Maize,Niger,Niamey,RETAIL,Kg,kg,0.45
2022-09-01,0.42,Maize,Niger,Niamey,RETAIL,Kg,kg,0.42
2022-10-01,0.41,Maize,Niger,Niamey,RETAIL,Kg,kg,0.41
2022-11-01,0.49,Maize,Niger,Niamey,RETAIL,Kg,kg,0.49
2022-12-01,0.41,Maize,Niger,Niamey,RETAIL,Kg,kg,0.41
2023-01-01,0.38,Maize,Niger,Niamey,RETAIL,Kg,kg,0.38
2023-02-01,0.4,Maize,Niger,Niamey,RETAIL,Kg,kg,0.4
2023-03-01,0.41,Maize,Niger,Niamey,RETAIL,Kg,kg,0.41
2023-04-01,0.39,Maize,Niger,Niamey,RETAIL,Kg,kg,0.39
2023-05-01,0.39,Maize,Niger,Niamey,RETAIL,Kg,kg,0.39
2023-06-01,0.42,Maize,Niger,Niamey,RETAIL,Kg,kg,0.42
2023-07-01,0.52,Maize,Niger,Niamey,RETAIL,Kg,kg,0.52
2023-08-01,0.62,Maize,Niger,Niamey,RETAIL,Kg,kg,0.62
2023-09-01,0.62,Maize,Niger,Niamey,RETAIL,Kg,kg,0.62
2023-10-01,0.48,Maize,Niger,Niamey,RETAIL,Kg,kg,0.48
2023-11-01,0.49,Maize,Niger,Niamey,RETAIL,Kg,kg,0.49
2023-12-01,0.45,Maize,Niger,Niamey,RETAIL,Kg,kg,0.45
2024-01-01,0.46,Maize,Niger,Niamey,RETAIL,Kg,kg,0.46
2024-02-01,0.47,Maize,Niger,Niamey,RETAIL,Kg,kg,0.47
2024-03-01,0.52,Maize,Niger,Niamey,RETAIL,Kg,kg,0.52
2024-04-01,0.56,Maize,Niger,Niamey,RETAIL,Kg,kg,0.56
2024-05-01,0.6,Maize,Niger,Niamey,RETAIL,Kg,kg,0.6
2024-06-01,0.66,Maize,Niger,Niamey,RETAIL,Kg,kg,0.66
2024-07-01,0.71,Maize,Niger,Niamey,RETAIL,Kg,kg,0.71
2024-08-01,0.69,Maize,Niger,Niamey,RETAIL,Kg,kg,0.69
2024-09-01,0.65,Maize,Niger,Niamey,RETAIL,Kg,kg,0.65
2024-10-01,0.48,Maize,Niger,Niamey,RETAIL,Kg,kg,0.48
2024-11-01,0.41,Maize,Niger,Niamey,RETAIL,Kg,kg,0.41
2024-12-01,0.44,Maize,Niger,Niamey,RETAIL,Kg,kg,0.44
2025-01-01,0.48,Maize,Niger,Niamey,RETAIL,Kg,kg,0.48
2025-02-01,0.47,Maize,Niger,Niamey,RETAIL,Kg,kg,0.47
2025-03-01,0.47,Maize,Niger,Niamey,RETAIL,Kg,kg,0.47
2025-04-01,0.49,Maize,Niger,Niamey,RETAIL,Kg,kg,0.49
2025-05-01,0.49,Maize,Niger,Niamey,RETAIL,Kg,kg,0.49
2025-06-01,0.48,Maize,Niger,Niamey,RETAIL,Kg,kg,0.48
2025-07-01,0.48,Maize,Niger,Niamey,RETAIL,Kg,kg,0.48
2025-08-01,0.42,Maize,Niger,Niamey,RETAIL,Kg,kg,0.42
2000-01-01,0.24,Maize,Niger,Tillaberi,RETAIL,Kg,kg,0.24
2000-02-01,0.21,Maize,Niger,Tillaberi,RETAIL,Kg,kg,0.21
2000-03-01,0.2,Maize,Niger,Tillaberi,RETAIL,Kg,kg,0.2
2000-04-01,0.21,Maize,Niger,Tillaberi,RETAIL,Kg,kg,0.21
2000-05-01,0.18,Maize,Niger,Tillaberi,RETAIL,Kg,kg,0.18
2000-06-01,0.21,Maize,Niger,Tillaberi,RETAIL,Kg,kg,0.21
2000-07-01,0.19,Maize,Niger,Tillaberi,RETAIL,Kg,kg,0.19
2000-08-01,0.18,Maize,Niger,Tillaberi,RETAIL,Kg,kg,0.18
2000-09-01,0.19,Maize,Niger,Tillaberi,RETAIL,Kg,kg,0.19
2000-10-01,0.19,Maize,Niger,Tillaberi,RETAIL,Kg,kg,0.19
2000-11-01,0.18,Maize,Niger,Tillaberi,RETAIL,Kg,kg,0.18
2000-12-01,0.21,Maize,Niger,Tillaberi,RETAIL,Kg,kg,0.21
2001-01-01,0.2,Maize,Niger,Tillaberi,RETAIL,Kg,kg,0.2
2001-02-01,0.22,Maize,Niger,Tillaberi,RETAIL,Kg,kg,0.22
2001-03-01,0.24,Maize,Niger,Tillaberi,RETAIL,Kg,kg,0.24
2001-04-01,0.26,Maize,Niger,Tillaberi,RETAIL,Kg,kg,0.26
2001-05-01,0.24,Maize,Niger,Tillaberi,RETAIL,Kg,kg,0.24
2001-06-01,0.24,Maize,Niger,Tillaberi,RETAIL,Kg,kg,0.24
2001-07-01,0.26,Maize,Niger,Tillaberi,RETAIL,Kg,kg,0.26
2001-08-01,0.27,Maize,Niger,Tillaberi,RETAIL,Kg,kg,0.27
2001-09-01,0.22,Maize,Niger,Tillaberi,RETAIL,Kg,kg,0.22
2001-10-01,0.2,Maize,Niger,Tillaberi,RETAIL,Kg,kg,0.2
2001-11-01,0.23,Maize,Niger,Tillaberi,RETAIL,Kg,kg,0.23
2001-12-01,0.23,Maize,Niger,Tillaberi,RETAIL,Kg,kg,0.23
2002-01-01,0.24,Maize,Niger,Tillaberi,RETAIL,Kg,kg,0.24
2002-02-01,0.25,Maize,Niger,Tillaberi,RETAIL,Kg,kg,0.25
2002-03-01,0.24,Maize,Niger,Tillaberi,RETAIL,Kg,kg,0.24
2002-04-01,0.25,Maize,Niger,Tillaberi,RETAIL,Kg,kg,0.25
2002-05-01,0.27,Maize,Niger,Tillaberi,RETAIL,Kg,kg,0.27
2002-06-01,0.28,Maize,Niger,Tillaberi,RETAIL,Kg,kg,0.28
2002-07-01,0.33,Maize,Niger,Tillaberi,RETAIL,Kg,kg,0.33
2002-08-01,0.28,Maize,Niger,Tillaberi,RETAIL,Kg,kg,0.28
2002-09-01,0.22,Maize,Niger,Tillaberi,RETAIL,Kg,kg,0.22
2002-10-01,0.22,Maize,Niger,Tillaberi,RETAIL,Kg,kg,0.22
2002-11-01,0.23,Maize,Niger,Tillaberi,RETAIL,Kg,kg,0.23
2002-12-01,0.24,Maize,Niger,Tillaberi,RETAIL,Kg,kg,0.24
2003-01-01,0.25,Maize,Niger,Tillaberi,RETAIL,Kg,kg,0.25
2003-02-01,0.28,Maize,Niger,Tillaberi,RETAIL,Kg,kg,0.28
2003-03-01,0.28,Maize,Niger,Tillaberi,RETAIL,Kg,kg,0.28
2003-04-01,0.27,Maize,Niger,Tillaberi,RETAIL,Kg,kg,0.27
2003-05-01,0.28,Maize,Niger,Tillaberi,RETAIL,Kg,kg,0.28
2003-06-01,0.27,Maize,Niger,Tillaberi,RETAIL,Kg,kg,0.27
2003-07-01,0.26,Maize,Niger,Tillaberi,RETAIL,Kg,kg,0.26
2003-08-01,0.25,Maize,Niger,Tillaberi,RETAIL,Kg,kg,0.25
2003-09-01,0.24,Maize,Niger,Tillaberi,RETAIL,Kg,kg,0.24
2003-10-01,0.24,Maize,Niger,Tillaberi,RETAIL,Kg,kg,0.24
2003-11-01,0.23,Maize,Niger,Tillaberi,RETAIL,Kg,kg,0.23
2003-12-01,0.25,Maize,Niger,Tillaberi,RETAIL,Kg,kg,0.25
2004-01-01,0.27,Maize,Niger,Tillaberi,RETAIL,Kg,kg,0.27
2004-02-01,0.25,Maize,Niger,Tillaberi,RETAIL,Kg,kg,0.25
2004-03-01,0.25,Maize,Niger,Tillaberi,RETAIL,Kg,kg,0.25
2004-04-01,0.23,Maize,Niger,Tillaberi,RETAIL,Kg,kg,0.23
2004-05-01,0.23,Maize,Niger,Tillaberi,RETAIL,Kg,kg,0.23
2004-06-01,0.23,Maize,Niger,Tillaberi,RETAIL,Kg,kg,0.23
2004-07-01,0.27,Maize,Niger,Tillaberi,RETAIL,Kg,kg,0.27
2004-08-01,0.29,Maize,Niger,Tillaberi,RETAIL,Kg,kg,0.29
2004-09-01,0.28,Maize,Niger,Tillaberi,RETAIL,Kg,kg,0.28
2004-10-01,0.3,Maize,Niger,Tillaberi,RETAIL,Kg,kg,0.3
2004-11-01,0.33,Maize,Niger,Tillaberi,RETAIL,Kg,kg,0.33
2004-12-01,0.33,Maize,Niger,Tillaberi,RETAIL,Kg,kg,0.33
2005-01-01,0.35,Maize,Niger,Tillaberi,RETAIL,Kg,kg,0.35
2005-02-01,0.36,Maize,Niger,Tillaberi,RETAIL,Kg,kg,0.36
2005-03-01,0.39,Maize,Niger,Tillaberi,RETAIL,Kg,kg,0.39
2005-04-01,0.41,Maize,Niger,Tillaberi,RETAIL,Kg,kg,0.41
2005-05-01,0.44,Maize,Niger,Tillaberi,RETAIL,Kg,kg,0.44
2005-06-01,0.49,Maize,Niger,Tillaberi,RETAIL,Kg,kg,0.49
2005-07-01,0.54,Maize,Niger,Tillaberi,RETAIL,Kg,kg,0.54
2005-08-01,0.45,Maize,Niger,Tillaberi,RETAIL,Kg,kg,0.45
2005-09-01,0.36,Maize,Niger,Tillaberi,RETAIL,Kg,kg,0.36
2005-10-01,0.36,Maize,Niger,Tillaberi,RETAIL,Kg,kg,0.36
2005-11-01,0.36,Maize,Niger,Tillaberi,RETAIL,Kg,kg,0.36
2005-12-01,0.37,Maize,Niger,Tillaberi,RETAIL,Kg,kg,0.37
2006-01-01,0.39,Maize,Niger,Tillaberi,RETAIL,Kg,kg,0.39
2006-02-01,0.35,Maize,Niger,Tillaberi,RETAIL,Kg,kg,0.35
2006-03-01,0.34,Maize,Niger,Tillaberi,RETAIL,Kg,kg,0.34
2006-04-01,0.35,Maize,Niger,Tillaberi,RETAIL,Kg,kg,0.35
2006-05-01,0.36,Maize,Niger,Tillaberi,RETAIL,Kg,kg,0.36
2006-06-01,0.36,Maize,Niger,Tillaberi,RETAIL,Kg,kg,0.36
2006-07-01,0.35,Maize,Niger,Tillaberi,RETAIL,Kg,kg,0.35
2006-08-01,0.33,Maize,Niger,Tillaberi,RETAIL,Kg,kg,0.33
2006-09-01,0.3,Maize,Niger,Tillaberi,RETAIL,Kg,kg,0.3
2006-10-01,0.3,Maize,Niger,Tillaberi,RETAIL,Kg,kg,0.3
2006-11-01,0.31,Maize,Niger,Tillaberi,RETAIL,Kg,kg,0.31
2006-12-01,0.33,Maize,Niger,Tillaberi,RETAIL,Kg,kg,0.33
2007-01-01,0.28,Maize,Niger,Tillaberi,RETAIL,Kg,kg,0.28
2007-02-01,0.28,Maize,Niger,Tillaberi,RETAIL,Kg,kg,0.28
2007-03-01,0.28,Maize,Niger,Tillaberi,RETAIL,Kg,kg,0.28
2007-04-01,0.31,Maize,Niger,Tillaberi,RETAIL,Kg,kg,0.31
2007-05-01,0.31,Maize,Niger,Tillaberi,RETAIL,Kg,kg,0.31
2007-06-01,0.3,Maize,Niger,Tillaberi,RETAIL,Kg,kg,0.3
2007-07-01,0.3,Maize,Niger,Tillaberi,RETAIL,Kg,kg,0.3
2007-08-01,0.31,Maize,Niger,Tillaberi,RETAIL,Kg,kg,0.31
2007-09-01,0.31,Maize,Niger,Tillaberi,RETAIL,Kg,kg,0.31
2007-10-01,0.31,Maize,Niger,Tillaberi,RETAIL,Kg,kg,0.31
2007-11-01,0.36,Maize,Niger,Tillaberi,RETAIL,Kg,kg,0.36
2007-12-01,0.36,Maize,Niger,Tillaberi,RETAIL,Kg,kg,0.36
2008-01-01,0.39,Maize,Niger,Tillaberi,RETAIL,Kg,kg,0.39
2008-02-01,0.4,Maize,Niger,Tillaberi,RETAIL,Kg,kg,0.4
2008-03-01,0.47,Maize,Niger,Tillaberi,RETAIL,Kg,kg,0.47
2008-04-01,0.48,Maize,Niger,Tillaberi,RETAIL,Kg,kg,0.48
2008-05-01,0.49,Maize,Niger,Tillaberi,RETAIL,Kg,kg,0.49
2008-06-01,0.54,Maize,Niger,Tillaberi,RETAIL,Kg,kg,0.54
2008-07-01,0.6,Maize,Niger,Tillaberi,RETAIL,Kg,kg,0.6
2008-08-01,0.61,Maize,Niger,Tillaberi,RETAIL,Kg,kg,0.61
2008-09-01,0.57,Maize,Niger,Tillaberi,RETAIL,Kg,kg,0.57
2008-10-01,0.51,Maize,Niger,Tillaberi,RETAIL,Kg,kg,0.51
2008-11-01,0.41,Maize,Niger,Tillaberi,RETAIL,Kg,kg,0.41
2008-12-01,0.45,Maize,Niger,Tillaberi,RETAIL,Kg,kg,0.45
2009-01-01,0.48,Maize,Niger,Tillaberi,RETAIL,Kg,kg,0.48
2009-02-01,0.5,Maize,Niger,Tillaberi,RETAIL,Kg,kg,0.5
2009-03-01,0.51,Maize,Niger,Tillaberi,RETAIL,Kg,kg,0.51
2009-04-01,0.51,Maize,Niger,Tillaberi,RETAIL,Kg,kg,0.51
2009-05-01,0.53,Maize,Niger,Tillaberi,RETAIL,Kg,kg,0.53
2009-06-01,0.57,Maize,Niger,Tillaberi,RETAIL,Kg,kg,0.57
2009-07-01,0.58,Maize,Niger,Tillaberi,RETAIL,Kg,kg,0.58
2009-08-01,0.6,Maize,Niger,Tillaberi,RETAIL,Kg,kg,0.6
2009-09-01,0.55,Maize,Niger,Tillaberi,RETAIL,Kg,kg,0.55
2009-10-01,0.59,Maize,Niger,Tillaberi,RETAIL,Kg,kg,0.59
2009-11-01,0.58,Maize,Niger,Tillaberi,RETAIL,Kg,kg,0.58
2009-12-01,0.53,Maize,Niger,Tillaberi,RETAIL,Kg,kg,0.53
2010-01-01,0.51,Maize,Niger,Tillaberi,RETAIL,Kg,kg,0.51
2010-02-01,0.44,Maize,Niger,Tillaberi,RETAIL,Kg,kg,0.44
2010-03-01,0.43,Maize,Niger,Tillaberi,RETAIL,Kg,kg,0.43
2010-04-01,0.42,Maize,Niger,Tillaberi,RETAIL,Kg,kg,0.42
2010-05-01,0.39,Maize,Niger,Tillaberi,RETAIL,Kg,kg,0.39
2010-06-01,0.39,Maize,Niger,Tillaberi,RETAIL,Kg,kg,0.39
2010-07-01,0.4,Maize,Niger,Tillaberi,RETAIL,Kg,kg,0.4
2010-08-01,0.41,Maize,Niger,Tillaberi,RETAIL,Kg,kg,0.41
2010-09-01,0.43,Maize,Niger,Tillaberi,RETAIL,Kg,kg,0.43
2010-10-01,0.45,Maize,Niger,Tillaberi,RETAIL,Kg,kg,0.45
2010-11-01,0.39,Maize,Niger,Tillaberi,RETAIL,Kg,kg,0.39
2010-12-01,0.44,Maize,Niger,Tillaberi,RETAIL,Kg,kg,0.44
2011-01-01,0.36,Maize,Niger,Tillaberi,RETAIL,Kg,kg,0.36
2011-02-01,0.43,Maize,Niger,Tillaberi,RETAIL,Kg,kg,0.43
2011-03-01,0.43,Maize,Niger,Tillaberi,RETAIL,Kg,kg,0.43
2011-04-01,0.44,Maize,Niger,Tillaberi,RETAIL,Kg,kg,0.44
2011-05-01,0.44,Maize,Niger,Tillaberi,RETAIL,Kg,kg,0.44
2011-06-01,0.44,Maize,Niger,Tillaberi,RETAIL,Kg,kg,0.44
2011-07-01,0.44,Maize,Niger,Tillaberi,RETAIL,Kg,kg,0.44
2011-08-01,0.5,Maize,Niger,Tillaberi,RETAIL,Kg,kg,0.5
2011-09-01,0.48,Maize,Niger,Tillaberi,RETAIL,Kg,kg,0.48
2011-10-01,0.48,Maize,Niger,Tillaberi,RETAIL,Kg,kg,0.48
2011-11-01,0.46,Maize,Niger,Tillaberi,RETAIL,Kg,kg,0.46
2011-12-01,0.45,Maize,Niger,Tillaberi,RETAIL,Kg,kg,0.45
2012-01-01,0.43,Maize,Niger,Tillaberi,RETAIL,Kg,kg,0.43
2012-02-01,0.44,Maize,Niger,Tillaberi,RETAIL,Kg,kg,0.44
2012-03-01,0.47,Maize,Niger,Tillaberi,RETAIL,Kg,kg,0.47
2012-04-01,0.47,Maize,Niger,Tillaberi,RETAIL,Kg,kg,0.47
2012-05-01,,Maize,Niger,Tillaberi,RETAIL,Kg,kg,
2012-06-01,,Maize,Niger,Tillaberi,RETAIL,Kg,kg,
2012-07-01,,Maize,Niger,Tillaberi,RETAIL,Kg,kg,
2012-08-01,,Maize,Niger,Tillaberi,RETAIL,Kg,kg,
2012-09-01,,Maize,Niger,Tillaberi,RETAIL,Kg,kg,
2012-10-01,,Maize,Niger,Tillaberi,RETAIL,Kg,kg,
2012-11-01,,Maize,Niger,Tillaberi,RETAIL,Kg,kg,
2012-12-01,,Maize,Niger,Tillaberi,RETAIL,Kg,kg,
2013-01-01,,Maize,Niger,Tillaberi,RETAIL,Kg,kg,
2013-02-01,0.51,Maize,Niger,Tillaberi,RETAIL,Kg,kg,0.51
2013-03-01,0.5,Maize,Niger,Tillaberi,RETAIL,Kg,kg,0.5
2013-04-01,0.5,Maize,Niger,Tillaberi,RETAIL,Kg,kg,0.5
2013-05-01,,Maize,Niger,Tillaberi,RETAIL,Kg,kg,
2013-06-01,,Maize,Niger,Tillaberi,RETAIL,Kg,kg,
2013-07-01,0.5,Maize,Niger,Tillaberi,RETAIL,Kg,kg,0.5
2013-08-01,0.51,Maize,Niger,Tillaberi,RETAIL,Kg,kg,0.51
2013-09-01,0.51,Maize,Niger,Tillaberi,RETAIL,Kg,kg,0.51
2013-10-01,0.5,Maize,Niger,Tillaberi,RETAIL,Kg,kg,0.5
2013-11-01,0.48,Maize,Niger,Tillaberi,RETAIL,Kg,kg,0.48
2013-12-01,0.5,Maize,Niger,Tillaberi,RETAIL,Kg,kg,0.5
2014-01-01,0.45,Maize,Niger,Tillaberi,RETAIL,Kg,kg,0.45
2014-02-01,0.44,Maize,Niger,Tillaberi,RETAIL,Kg,kg,0.44
2014-03-01,0.45,Maize,Niger,Tillaberi,RETAIL,Kg,kg,0.45
2014-04-01,0.42,Maize,Niger,Tillaberi,RETAIL,Kg,kg,0.42
2014-05-01,0.41,Maize,Niger,Tillaberi,RETAIL,Kg,kg,0.41
2014-06-01,0.43,Maize,Niger,Tillaberi,RETAIL,Kg,kg,0.43
2014-07-01,0.44,Maize,Niger,Tillaberi,RETAIL,Kg,kg,0.44
2014-08-01,0.43,Maize,Niger,Tillaberi,RETAIL,Kg,kg,0.43
2014-09-01,0.41,Maize,Niger,Tillaberi,RETAIL,Kg,kg,0.41
2014-10-01,,Maize,Niger,Tillaberi,RETAIL,Kg,kg,
2014-11-01,,Maize,Niger,Tillaberi,RETAIL,Kg,kg,
2014-12-01,0.4,Maize,Niger,Tillaberi,RETAIL,Kg,kg,0.4
2015-01-01,0.36,Maize,Niger,Tillaberi,RETAIL,Kg,kg,0.36
2015-02-01,0.35,Maize,Niger,Tillaberi,RETAIL,Kg,kg,0.35
2015-03-01,0.33,Maize,Niger,Tillaberi,RETAIL,Kg,kg,0.33
2015-04-01,0.33,Maize,Niger,Tillaberi,RETAIL,Kg,kg,0.33
2015-05-01,0.34,Maize,Niger,Tillaberi,RETAIL,Kg,kg,0.34
2015-06-01,0.33,Maize,Niger,Tillaberi,RETAIL,Kg,kg,0.33
2015-07-01,0.33,Maize,Niger,Tillaberi,RETAIL,Kg,kg,0.33
2015-08-01,0.34,Maize,Niger,Tillaberi,RETAIL,Kg,kg,0.34
2015-09-01,0.35,Maize,Niger,Tillaberi,RETAIL,Kg,kg,0.35
2015-10-01,0.38,Maize,Niger,Tillaberi,RETAIL,Kg,kg,0.38
2015-11-01,,Maize,Niger,Tillaberi,RETAIL,Kg,kg,
2015-12-01,0.38,Maize,Niger,Tillaberi,RETAIL,Kg,kg,0.38
2016-01-01,0.33,Maize,Niger,Tillaberi,RETAIL,Kg,kg,0.33
2016-02-01,0.33,Maize,Niger,Tillaberi,RETAIL,Kg,kg,0.33
2016-03-01,0.35,Maize,Niger,Tillaberi,RETAIL,Kg,kg,0.35
2016-04-01,0.41,Maize,Niger,Tillaberi,RETAIL,Kg,kg,0.41
2016-05-01,0.41,Maize,Niger,Tillaberi,RETAIL,Kg,kg,0.41
2016-06-01,0.4,Maize,Niger,Tillaberi,RETAIL,Kg,kg,0.4
2016-07-01,0.39,Maize,Niger,Tillaberi,RETAIL,Kg,kg,0.39
2016-08-01,0.39,Maize,Niger,Tillaberi,RETAIL,Kg,kg,0.39
2016-09-01,0.39,Maize,Niger,Tillaberi,RETAIL,Kg,kg,0.39
2016-10-01,0.4,Maize,Niger,Tillaberi,RETAIL,Kg,kg,0.4
2016-11-01,0.39,Maize,Niger,Tillaberi,RETAIL,Kg,kg,0.39
2016-12-01,,Maize,Niger,Tillaberi,RETAIL,Kg,kg,
2017-01-01,0.34,Maize,Niger,Tillaberi,RETAIL,Kg,kg,0.34
2017-02-01,0.34,Maize,Niger,Tillaberi,RETAIL,Kg,kg,0.34
2017-03-01,0.34,Maize,Niger,Tillaberi,RETAIL,Kg,kg,0.34
2017-04-01,0.37,Maize,Niger,Tillaberi,RETAIL,Kg,kg,0.37
2017-05-01,0.4,Maize,Niger,Tillaberi,RETAIL,Kg,kg,0.4
2017-06-01,0.39,Maize,Niger,Tillaberi,RETAIL,Kg,kg,0.39
2017-07-01,0.4,Maize,Niger,Tillaberi,RETAIL,Kg,kg,0.4
2017-08-01,0.44,Maize,Niger,Tillaberi,RETAIL,Kg,kg,0.44
2017-09-01,0.44,Maize,Niger,Tillaberi,RETAIL,Kg,kg,0.44
2017-10-01,0.42,Maize,Niger,Tillaberi,RETAIL,Kg,kg,0.42
2017-11-01,0.38,Maize,Niger,Tillaberi,RETAIL,Kg,kg,0.38
2017-12-01,0.39,Maize,Niger,Tillaberi,RETAIL,Kg,kg,0.39
2018-01-01,0.4,Maize,Niger,Tillaberi,RETAIL,Kg,kg,0.4
2018-02-01,0.4,Maize,Niger,Tillaberi,RETAIL,Kg,kg,0.4
2018-03-01,0.43,Maize,Niger,Tillaberi,RETAIL,Kg,kg,0.43
2018-04-01,,Maize,Niger,Tillaberi,RETAIL,Kg,kg,
2018-05-01,0.42,Maize,Niger,Tillaberi,RETAIL,Kg,kg,0.42
2018-06-01,,Maize,Niger,Tillaberi,RETAIL,Kg,kg,
2018-07-01,0.42,Maize,Niger,Tillaberi,RETAIL,Kg,kg,0.42
2018-08-01,0.42,Maize,Niger,Tillaberi,RETAIL,Kg,kg,0.42
2018-09-01,0.42,Maize,Niger,Tillaberi,RETAIL,Kg,kg,0.42
2018-10-01,0.41,Maize,Niger,Tillaberi,RETAIL,Kg,kg,0.41
2018-11-01,0.4,Maize,Niger,Tillaberi,RETAIL,Kg,kg,0.4
2018-12-01,0.36,Maize,Niger,Tillaberi,RETAIL,Kg,kg,0.36
2019-01-01,0.36,Maize,Niger,Tillaberi,RETAIL,Kg,kg,0.36
2019-02-01,0.36,Maize,Niger,Tillaberi,RETAIL,Kg,kg,0.36
2019-03-01,0.34,Maize,Niger,Tillaberi,RETAIL,Kg,kg,0.34
2019-04-01,0.34,Maize,Niger,Tillaberi,RETAIL,Kg,kg,0.34
2019-05-01,0.34,Maize,Niger,Tillaberi,RETAIL,Kg,kg,0.34
2019-06-01,0.33,Maize,Niger,Tillaberi,RETAIL,Kg,kg,0.33
2019-07-01,0.32,Maize,Niger,Tillaberi,RETAIL,Kg,kg,0.32
2019-08-01,0.34,Maize,Niger,Tillaberi,RETAIL,Kg,kg,0.34
2019-09-01,0.34,Maize,Niger,Tillaberi,RETAIL,Kg,kg,0.34
2019-10-01,0.34,Maize,Niger,Tillaberi,RETAIL,Kg,kg,0.34
2019-11-01,0.34,Maize,Niger,Tillaberi,RETAIL,Kg,kg,0.34
2019-12-01,0.35,Maize,Niger,Tillaberi,RETAIL,Kg,kg,0.35
2020-01-01,0.35,Maize,Niger,Tillaberi,RETAIL,Kg,kg,0.35
2020-02-01,0.3,Maize,Niger,Tillaberi,RETAIL,Kg,kg,0.3
2020-03-01,0.34,Maize,Niger,Tillaberi,RETAIL,Kg,kg,0.34
2020-04-01,0.33,Maize,Niger,Tillaberi,RETAIL,Kg,kg,0.33
2020-05-01,0.32,Maize,Niger,Tillaberi,RETAIL,Kg,kg,0.32
2020-06-01,0.34,Maize,Niger,Tillaberi,RETAIL,Kg,kg,0.34
2020-07-01,0.42,Maize,Niger,Tillaberi,RETAIL,Kg,kg,0.42
2020-08-01,0.44,Maize,Niger,Tillaberi,RETAIL,Kg,kg,0.44
2020-09-01,0.43,Maize,Niger,Tillaberi,RETAIL,Kg,kg,0.43
2020-10-01,0.42,Maize,Niger,Tillaberi,RETAIL,Kg,kg,0.42
2020-11-01,0.4,Maize,Niger,Tillaberi,RETAIL,Kg,kg,0.4
2020-12-01,0.37,Maize,Niger,Tillaberi,RETAIL,Kg,kg,0.37
2021-01-01,0.43,Maize,Niger,Tillaberi,RETAIL,Kg,kg,0.43
2021-02-01,0.43,Maize,Niger,Tillaberi,RETAIL,Kg,kg,0.43
2021-03-01,0.41,Maize,Niger,Tillaberi,RETAIL,Kg,kg,0.41
2021-04-01,0.45,Maize,Niger,Tillaberi,RETAIL,Kg,kg,0.45
2021-05-01,0.52,Maize,Niger,Tillaberi,RETAIL,Kg,kg,0.52
2021-06-01,0.51,Maize,Niger,Tillaberi,RETAIL,Kg,kg,0.51
2021-07-01,0.59,Maize,Niger,Tillaberi,RETAIL,Kg,kg,0.59
2021-08-01,0.65,Maize,Niger,Tillaberi,RETAIL,Kg,kg,0.65
2021-09-01,0.64,Maize,Niger,Tillaberi,RETAIL,Kg,kg,0.64
2021-10-01,0.56,Maize,Niger,Tillaberi,RETAIL,Kg,kg,0.56
2021-11-01,0.53,Maize,Niger,Tillaberi,RETAIL,Kg,kg,0.53
2021-12-01,0.52,Maize,Niger,Tillaberi,RETAIL,Kg,kg,0.52
2022-01-01,0.52,Maize,Niger,Tillaberi,RETAIL,Kg,kg,0.52
2022-02-01,0.57,Maize,Niger,Tillaberi,RETAIL,Kg,kg,0.57
2022-03-01,0.59,Maize,Niger,Tillaberi,RETAIL,Kg,kg,0.59
2022-04-01,0.59,Maize,Niger,Tillaberi,RETAIL,Kg,kg,0.59
2022-05-01,0.56,Maize,Niger,Tillaberi,RETAIL,Kg,kg,0.56
2022-06-01,0.53,Maize,Niger,Tillaberi,RETAIL,Kg,kg,0.53
2022-07-01,0.47,Maize,Niger,Tillaberi,RETAIL,Kg,kg,0.47
2022-08-01,0.49,Maize,Niger,Tillaberi,RETAIL,Kg,kg,0.49
2022-09-01,0.45,Maize,Niger,Tillaberi,RETAIL,Kg,kg,0.45
2022-10-01,0.41,Maize,Niger,Tillaberi,RETAIL,Kg,kg,0.41
2022-11-01,0.37,Maize,Niger,Tillaberi,RETAIL,Kg,kg,0.37
2022-12-01,0.46,Maize,Niger,Tillaberi,RETAIL,Kg,kg,0.46
2023-01-01,0.49,Maize,Niger,Tillaberi,RETAIL,Kg,kg,0.49
2023-02-01,0.48,Maize,Niger,Tillaberi,RETAIL,Kg,kg,0.48
2023-03-01,0.48,Maize,Niger,Tillaberi,RETAIL,Kg,kg,0.48
2023-04-01,0.5,Maize,Niger,Tillaberi,RETAIL,Kg,kg,0.5
2023-05-01,0.48,Maize,Niger,Tillaberi,RETAIL,Kg,kg,0.48
2023-06-01,0.49,Maize,Niger,Tillaberi,RETAIL,Kg,kg,0.49
2023-07-01,0.54,Maize,Niger,Tillaberi,RETAIL,Kg,kg,0.54
2023-08-01,0.61,Maize,Niger,Tillaberi,RETAIL,Kg,kg,0.61
2023-09-01,0.63,Maize,Niger,Tillaberi,RETAIL,Kg,kg,0.63
2023-10-01,0.55,Maize,Niger,Tillaberi,RETAIL,Kg,kg,0.55
2023-11-01,0.52,Maize,Niger,Tillaberi,RETAIL,Kg,kg,0.52
2023-12-01,0.48,Maize,Niger,Tillaberi,RETAIL,Kg,kg,0.48
2024-01-01,0.54,Maize,Niger,Tillaberi,RETAIL,Kg,kg,0.54
2024-02-01,0.56,Maize,Niger,Tillaberi,RETAIL,Kg,kg,0.56
2024-03-01,0.6,Maize,Niger,Tillaberi,RETAIL,Kg,kg,0.6
2024-04-01,0.61,Maize,Niger,Tillaberi,RETAIL,Kg,kg,0.61
2024-05-01,0.68,Maize,Niger,Tillaberi,RETAIL,Kg,kg,0.68
2024-06-01,0.73,Maize,Niger,Tillaberi,RETAIL,Kg,kg,0.73
2024-07-01,0.78,Maize,Niger,Tillaberi,RETAIL,Kg,kg,0.78
2024-08-01,0.79,Maize,Niger,Tillaberi,RETAIL,Kg,kg,0.79
2024-09-01,0.69,Maize,Niger,Tillaberi,RETAIL,Kg,kg,0.69
2024-10-01,0.53,Maize,Niger,Tillaberi,RETAIL,Kg,kg,0.53
2024-11-01,0.47,Maize,Niger,Tillaberi,RETAIL,Kg,kg,0.47
2024-12-01,0.52,Maize,Niger,Tillaberi,RETAIL,Kg,kg,0.52
2025-01-01,0.5,Maize,Niger,Tillaberi,RETAIL,Kg,kg,0.5
2025-02-01,0.52,Maize,Niger,Tillaberi,RETAIL,Kg,kg,0.52
2025-03-01,0.53,Maize,Niger,Tillaberi,RETAIL,Kg,kg,0.53
2025-04-01,0.55,Maize,Niger,Tillaberi,RETAIL,Kg,kg,0.55
2025-05-01,0.53,Maize,Niger,Tillaberi,RETAIL,Kg,kg,0.53
2025-06-01,0.53,Maize,Niger,Tillaberi,RETAIL,Kg,kg,0.53
2025-07-01,0.53,Maize,Niger,Tillaberi,RETAIL,Kg,kg,0.53
2025-08-01,0.5,Maize,Niger,Tillaberi,RETAIL,Kg,kg,0.5
2000-01-01,0.17,Maize,Niger,Zinder,RETAIL,Kg,kg,0.17
2000-02-01,0.16,Maize,Niger,Zinder,RETAIL,Kg,kg,0.16
2000-03-01,0.16,Maize,Niger,Zinder,RETAIL,Kg,kg,0.16
2000-04-01,0.17,Maize,Niger,Zinder,RETAIL,Kg,kg,0.17
2000-05-01,0.16,Maize,Niger,Zinder,RETAIL,Kg,kg,0.16
2000-06-01,0.16,Maize,Niger,Zinder,RETAIL,Kg,kg,0.16
2000-07-01,0.17,Maize,Niger,Zinder,RETAIL,Kg,kg,0.17
2000-08-01,0.16,Maize,Niger,Zinder,RETAIL,Kg,kg,0.16
2000-09-01,0.16,Maize,Niger,Zinder,RETAIL,Kg,kg,0.16
2000-10-01,0.18,Maize,Niger,Zinder,RETAIL,Kg,kg,0.18
2000-11-01,0.18,Maize,Niger,Zinder,RETAIL,Kg,kg,0.18
2000-12-01,0.16,Maize,Niger,Zinder,RETAIL,Kg,kg,0.16
2001-01-01,0.19,Maize,Niger,Zinder,RETAIL,Kg,kg,0.19
2001-02-01,0.21,Maize,Niger,Zinder,RETAIL,Kg,kg,0.21
2001-03-01,0.25,Maize,Niger,Zinder,RETAIL,Kg,kg,0.25
2001-04-01,0.25,Maize,Niger,Zinder,RETAIL,Kg,kg,0.25
2001-05-01,0.22,Maize,Niger,Zinder,RETAIL,Kg,kg,0.22
2001-06-01,0.26,Maize,Niger,Zinder,RETAIL,Kg,kg,0.26
2001-07-01,0.3,Maize,Niger,Zinder,RETAIL,Kg,kg,0.3
2001-08-01,0.27,Maize,Niger,Zinder,RETAIL,Kg,kg,0.27
2001-09-01,0.22,Maize,Niger,Zinder,RETAIL,Kg,kg,0.22
2001-10-01,0.22,Maize,Niger,Zinder,RETAIL,Kg,kg,0.22
2001-11-01,0.21,Maize,Niger,Zinder,RETAIL,Kg,kg,0.21
2001-12-01,0.23,Maize,Niger,Zinder,RETAIL,Kg,kg,0.23
2002-01-01,0.26,Maize,Niger,Zinder,RETAIL,Kg,kg,0.26
2002-02-01,0.26,Maize,Niger,Zinder,RETAIL,Kg,kg,0.26
2002-03-01,0.26,Maize,Niger,Zinder,RETAIL,Kg,kg,0.26
2002-04-01,0.26,Maize,Niger,Zinder,RETAIL,Kg,kg,0.26
2002-05-01,0.29,Maize,Niger,Zinder,RETAIL,Kg,kg,0.29
2002-06-01,0.32,Maize,Niger,Zinder,RETAIL,Kg,kg,0.32
2002-07-01,0.34,Maize,Niger,Zinder,RETAIL,Kg,kg,0.34
2002-08-01,0.34,Maize,Niger,Zinder,RETAIL,Kg,kg,0.34
2002-09-01,0.3,Maize,Niger,Zinder,RETAIL,Kg,kg,0.3
2002-10-01,0.22,Maize,Niger,Zinder,RETAIL,Kg,kg,0.22
2002-11-01,0.2,Maize,Niger,Zinder,RETAIL,Kg,kg,0.2
2002-12-01,0.21,Maize,Niger,Zinder,RETAIL,Kg,kg,0.21
2003-01-01,0.21,Maize,Niger,Zinder,RETAIL,Kg,kg,0.21
2003-02-01,0.21,Maize,Niger,Zinder,RETAIL,Kg,kg,0.21
2003-03-01,0.2,Maize,Niger,Zinder,RETAIL,Kg,kg,0.2
2003-04-01,0.19,Maize,Niger,Zinder,RETAIL,Kg,kg,0.19
2003-05-01,0.2,Maize,Niger,Zinder,RETAIL,Kg,kg,0.2
2003-06-01,0.2,Maize,Niger,Zinder,RETAIL,Kg,kg,0.2
2003-07-01,0.18,Maize,Niger,Zinder,RETAIL,Kg,kg,0.18
2003-08-01,0.16,Maize,Niger,Zinder,RETAIL,Kg,kg,0.16
2003-09-01,0.17,Maize,Niger,Zinder,RETAIL,Kg,kg,0.17
2003-10-01,0.19,Maize,Niger,Zinder,RETAIL,Kg,kg,0.19
2003-11-01,0.18,Maize,Niger,Zinder,RETAIL,Kg,kg,0.18
2003-12-01,0.19,Maize,Niger,Zinder,RETAIL,Kg,kg,0.19
2004-01-01,0.2,Maize,Niger,Zinder,RETAIL,Kg,kg,0.2
2004-02-01,0.21,Maize,Niger,Zinder,RETAIL,Kg,kg,0.21
2004-03-01,0.22,Maize,Niger,Zinder,RETAIL,Kg,kg,0.22
2004-04-01,0.25,Maize,Niger,Zinder,RETAIL,Kg,kg,0.25
2004-05-01,0.26,Maize,Niger,Zinder,RETAIL,Kg,kg,0.26
2004-06-01,0.26,Maize,Niger,Zinder,RETAIL,Kg,kg,0.26
2004-07-01,0.26,Maize,Niger,Zinder,RETAIL,Kg,kg,0.26
2004-08-01,0.27,Maize,Niger,Zinder,RETAIL,Kg,kg,0.27
2004-09-01,0.28,Maize,Niger,Zinder,RETAIL,Kg,kg,0.28
2004-10-01,0.3,Maize,Niger,Zinder,RETAIL,Kg,kg,0.3
2004-11-01,0.31,Maize,Niger,Zinder,RETAIL,Kg,kg,0.31
2004-12-01,0.33,Maize,Niger,Zinder,RETAIL,Kg,kg,0.33
2005-01-01,0.35,Maize,Niger,Zinder,RETAIL,Kg,kg,0.35
2005-02-01,0.34,Maize,Niger,Zinder,RETAIL,Kg,kg,0.34
2005-03-01,0.38,Maize,Niger,Zinder,RETAIL,Kg,kg,0.38
2005-04-01,0.42,Maize,Niger,Zinder,RETAIL,Kg,kg,0.42
2005-05-01,0.43,Maize,Niger,Zinder,RETAIL,Kg,kg,0.43
2005-06-01,0.43,Maize,Niger,Zinder,RETAIL,Kg,kg,0.43
2005-07-01,0.46,Maize,Niger,Zinder,RETAIL,Kg,kg,0.46
2005-08-01,0.52,Maize,Niger,Zinder,RETAIL,Kg,kg,0.52
2005-09-01,0.44,Maize,Niger,Zinder,RETAIL,Kg,kg,0.44
2005-10-01,0.3,Maize,Niger,Zinder,RETAIL,Kg,kg,0.3
2005-11-01,0.27,Maize,Niger,Zinder,RETAIL,Kg,kg,0.27
2005-12-01,0.28,Maize,Niger,Zinder,RETAIL,Kg,kg,0.28
2006-01-01,0.28,Maize,Niger,Zinder,RETAIL,Kg,kg,0.28
2006-02-01,0.28,Maize,Niger,Zinder,RETAIL,Kg,kg,0.28
2006-03-01,0.29,Maize,Niger,Zinder,RETAIL,Kg,kg,0.29
2006-04-01,0.3,Maize,Niger,Zinder,RETAIL,Kg,kg,0.3
2006-05-01,0.3,Maize,Niger,Zinder,RETAIL,Kg,kg,0.3
2006-06-01,0.31,Maize,Niger,Zinder,RETAIL,Kg,kg,0.31
2006-07-01,0.31,Maize,Niger,Zinder,RETAIL,Kg,kg,0.31
2006-08-01,0.32,Maize,Niger,Zinder,RETAIL,Kg,kg,0.32
2006-09-01,0.3,Maize,Niger,Zinder,RETAIL,Kg,kg,0.3
2006-10-01,0.26,Maize,Niger,Zinder,RETAIL,Kg,kg,0.26
2006-11-01,0.25,Maize,Niger,Zinder,RETAIL,Kg,kg,0.25
2006-12-01,0.27,Maize,Niger,Zinder,RETAIL,Kg,kg,0.27
2007-01-01,0.27,Maize,Niger,Zinder,RETAIL,Kg,kg,0.27
2007-02-01,0.27,Maize,Niger,Zinder,RETAIL,Kg,kg,0.27
2007-03-01,0.27,Maize,Niger,Zinder,RETAIL,Kg,kg,0.27
2007-04-01,0.28,Maize,Niger,Zinder,RETAIL,Kg,kg,0.28
2007-05-01,0.27,Maize,Niger,Zinder,RETAIL,Kg,kg,0.27
2007-06-01,0.26,Maize,Niger,Zinder,RETAIL,Kg,kg,0.26
2007-07-01,0.28,Maize,Niger,Zinder,RETAIL,Kg,kg,0.28
2007-08-01,0.29,Maize,Niger,Zinder,RETAIL,Kg,kg,0.29
2007-09-01,0.29,Maize,Niger,Zinder,RETAIL,Kg,kg,0.29
2007-10-01,0.29,Maize,Niger,Zinder,RETAIL,Kg,kg,0.29
2007-11-01,0.35,Maize,Niger,Zinder,RETAIL,Kg,kg,0.35
2007-12-01,0.37,Maize,Niger,Zinder,RETAIL,Kg,kg,0.37
2008-01-01,0.39,Maize,Niger,Zinder,RETAIL,Kg,kg,0.39
2008-02-01,0.43,Maize,Niger,Zinder,RETAIL,Kg,kg,0.43
2008-03-01,0.49,Maize,Niger,Zinder,RETAIL,Kg,kg,0.49
2008-04-01,0.48,Maize,Niger,Zinder,RETAIL,Kg,kg,0.48
2008-05-01,0.5,Maize,Niger,Zinder,RETAIL,Kg,kg,0.5
2008-06-01,0.55,Maize,Niger,Zinder,RETAIL,Kg,kg,0.55
2008-07-01,0.63,Maize,Niger,Zinder,RETAIL,Kg,kg,0.63
2008-08-01,0.57,Maize,Niger,Zinder,RETAIL,Kg,kg,0.57
2008-09-01,0.5,Maize,Niger,Zinder,RETAIL,Kg,kg,0.5
2008-10-01,0.48,Maize,Niger,Zinder,RETAIL,Kg,kg,0.48
2008-11-01,0.43,Maize,Niger,Zinder,RETAIL,Kg,kg,0.43
2008-12-01,0.47,Maize,Niger,Zinder,RETAIL,Kg,kg,0.47
2009-01-01,0.47,Maize,Niger,Zinder,RETAIL,Kg,kg,0.47
2009-02-01,0.46,Maize,Niger,Zinder,RETAIL,Kg,kg,0.46
2009-03-01,0.44,Maize,Niger,Zinder,RETAIL,Kg,kg,0.44
2009-04-01,0.41,Maize,Niger,Zinder,RETAIL,Kg,kg,0.41
2009-05-01,0.41,Maize,Niger,Zinder,RETAIL,Kg,kg,0.41
2009-06-01,0.46,Maize,Niger,Zinder,RETAIL,Kg,kg,0.46
2009-07-01,0.48,Maize,Niger,Zinder,RETAIL,Kg,kg,0.48
2009-08-01,0.5,Maize,Niger,Zinder,RETAIL,Kg,kg,0.5
2009-09-01,0.46,Maize,Niger,Zinder,RETAIL,Kg,kg,0.46
2009-10-01,0.41,Maize,Niger,Zinder,RETAIL,Kg,kg,0.41
2009-11-01,0.47,Maize,Niger,Zinder,RETAIL,Kg,kg,0.47
2009-12-01,0.43,Maize,Niger,Zinder,RETAIL,Kg,kg,0.43
2010-01-01,0.46,Maize,Niger,Zinder,RETAIL,Kg,kg,0.46
2010-02-01,0.43,Maize,Niger,Zinder,RETAIL,Kg,kg,0.43
2010-03-01,0.42,Maize,Niger,Zinder,RETAIL,Kg,kg,0.42
2010-04-01,0.43,Maize,Niger,Zinder,RETAIL,Kg,kg,0.43
2010-05-01,0.4,Maize,Niger,Zinder,RETAIL,Kg,kg,0.4
2010-06-01,0.4,Maize,Niger,Zinder,RETAIL,Kg,kg,0.4
2010-07-01,0.44,Maize,Niger,Zinder,RETAIL,Kg,kg,0.44
2010-08-01,0.44,Maize,Niger,Zinder,RETAIL,Kg,kg,0.44
2010-09-01,0.43,Maize,Niger,Zinder,RETAIL,Kg,kg,0.43
2010-10-01,0.44,Maize,Niger,Zinder,RETAIL,Kg,kg,0.44
2010-11-01,0.36,Maize,Niger,Zinder,RETAIL,Kg,kg,0.36
2010-12-01,0.33,Maize,Niger,Zinder,RETAIL,Kg,kg,0.33
2011-01-01,0.36,Maize,Niger,Zinder,RETAIL,Kg,kg,0.36
2011-02-01,0.38,Maize,Niger,Zinder,RETAIL,Kg,kg,0.38
2011-03-01,0.39,Maize,Niger,Zinder,RETAIL,Kg,kg,0.39
2011-04-01,0.41,Maize,Niger,Zinder,RETAIL,Kg,kg,0.41
2011-05-01,0.45,Maize,Niger,Zinder,RETAIL,Kg,kg,0.45
2011-06-01,0.44,Maize,Niger,Zinder,RETAIL,Kg,kg,0.44
2011-07-01,0.45,Maize,Niger,Zinder,RETAIL,Kg,kg,0.45
2011-08-01,0.44,Maize,Niger,Zinder,RETAIL,Kg,kg,0.44
2011-09-01,0.43,Maize,Niger,Zinder,RETAIL,Kg,kg,0.43
2011-10-01,0.43,Maize,Niger,Zinder,RETAIL,Kg,kg,0.43
2011-11-01,0.4,Maize,Niger,Zinder,RETAIL,Kg,kg,0.4
2011-12-01,0.41,Maize,Niger,Zinder,RETAIL,Kg,kg,0.41
2012-01-01,0.44,Maize,Niger,Zinder,RETAIL,Kg,kg,0.44
2012-02-01,0.42,Maize,Niger,Zinder,RETAIL,Kg,kg,0.42
2012-03-01,0.41,Maize,Niger,Zinder,RETAIL,Kg,kg,0.41
2012-04-01,0.42,Maize,Niger,Zinder,RETAIL,Kg,kg,0.42
2012-05-01,,Maize,Niger,Zinder,RETAIL,Kg,kg,
2012-06-01,,Maize,Niger,Zinder,RETAIL,Kg,kg,
2012-07-01,,Maize,Niger,Zinder,RETAIL,Kg,kg,
2012-08-01,,Maize,Niger,Zinder,RETAIL,Kg,kg,
2012-09-01,,Maize,Niger,Zinder,RETAIL,Kg,kg,
2012-10-01,,Maize,Niger,Zinder,RETAIL,Kg,kg,
2012-11-01,,Maize,Niger,Zinder,RETAIL,Kg,kg,
2012-12-01,,Maize,Niger,Zinder,RETAIL,Kg,kg,
2013-01-01,,Maize,Niger,Zinder,RETAIL,Kg,kg,
2013-02-01,,Maize,Niger,Zinder,RETAIL,Kg,kg,
2013-03-01,0.48,Maize,Niger,Zinder,RETAIL,Kg,kg,0.48
2013-04-01,0.49,Maize,Niger,Zinder,RETAIL,Kg,kg,0.49
2013-05-01,,Maize,Niger,Zinder,RETAIL,Kg,kg,
2013-06-01,,Maize,Niger,Zinder,RETAIL,Kg,kg,
2013-07-01,,Maize,Niger,Zinder,RETAIL,Kg,kg,
2013-08-01,0.52,Maize,Niger,Zinder,RETAIL,Kg,kg,0.52
2013-09-01,0.47,Maize,Niger,Zinder,RETAIL,Kg,kg,0.47
2013-10-01,0.46,Maize,Niger,Zinder,RETAIL,Kg,kg,0.46
2013-11-01,0.46,Maize,Niger,Zinder,RETAIL,Kg,kg,0.46
2013-12-01,0.48,Maize,Niger,Zinder,RETAIL,Kg,kg,0.48
2014-01-01,0.46,Maize,Niger,Zinder,RETAIL,Kg,kg,0.46
2014-02-01,0.47,Maize,Niger,Zinder,RETAIL,Kg,kg,0.47
2014-03-01,0.48,Maize,Niger,Zinder,RETAIL,Kg,kg,0.48
2014-04-01,0.47,Maize,Niger,Zinder,RETAIL,Kg,kg,0.47
2014-05-01,0.46,Maize,Niger,Zinder,RETAIL,Kg,kg,0.46
2014-06-01,0.49,Maize,Niger,Zinder,RETAIL,Kg,kg,0.49
2014-07-01,0.43,Maize,Niger,Zinder,RETAIL,Kg,kg,0.43
2014-08-01,0.42,Maize,Niger,Zinder,RETAIL,Kg,kg,0.42
2014-09-01,0.4,Maize,Niger,Zinder,RETAIL,Kg,kg,0.4
2014-10-01,,Maize,Niger,Zinder,RETAIL,Kg,kg,
2014-11-01,,Maize,Niger,Zinder,RETAIL,Kg,kg,
2014-12-01,0.35,Maize,Niger,Zinder,RETAIL,Kg,kg,0.35
2015-01-01,0.33,Maize,Niger,Zinder,RETAIL,Kg,kg,0.33
2015-02-01,0.29,Maize,Niger,Zinder,RETAIL,Kg,kg,0.29
2015-03-01,0.28,Maize,Niger,Zinder,RETAIL,Kg,kg,0.28
2015-04-01,0.3,Maize,Niger,Zinder,RETAIL,Kg,kg,0.3
2015-05-01,0.33,Maize,Niger,Zinder,RETAIL,Kg,kg,0.33
2015-06-01,0.32,Maize,Niger,Zinder,RETAIL,Kg,kg,0.32
2015-07-01,0.32,Maize,Niger,Zinder,RETAIL,Kg,kg,0.32
2015-08-01,0.3,Maize,Niger,Zinder,RETAIL,Kg,kg,0.3
2015-09-01,0.35,Maize,Niger,Zinder,RETAIL,Kg,kg,0.35
2015-10-01,0.35,Maize,Niger,Zinder,RETAIL,Kg,kg,0.35
2015-11-01,,Maize,Niger,Zinder,RETAIL,Kg,kg,
2015-12-01,0.25,Maize,Niger,Zinder,RETAIL,Kg,kg,0.25
2016-01-01,0.33,Maize,Niger,Zinder,RETAIL,Kg,kg,0.33
2016-02-01,0.33,Maize,Niger,Zinder,RETAIL,Kg,kg,0.33
2016-03-01,,Maize,Niger,Zinder,RETAIL,Kg,kg,
2016-04-01,0.32,Maize,Niger,Zinder,RETAIL,Kg,kg,0.32
2016-05-01,0.32,Maize,Niger,Zinder,RETAIL,Kg,kg,0.32
2016-06-01,0.35,Maize,Niger,Zinder,RETAIL,Kg,kg,0.35
2016-07-01,0.38,Maize,Niger,Zinder,RETAIL,Kg,kg,0.38
2016-08-01,0.39,Maize,Niger,Zinder,RETAIL,Kg,kg,0.39
2016-09-01,0.42,Maize,Niger,Zinder,RETAIL,Kg,kg,0.42
2016-10-01,0.37,Maize,Niger,Zinder,RETAIL,Kg,kg,0.37
2016-11-01,0.3,Maize,Niger,Zinder,RETAIL,Kg,kg,0.3
2016-12-01,,Maize,Niger,Zinder,RETAIL,Kg,kg,
2017-01-01,0.33,Maize,Niger,Zinder,RETAIL,Kg,kg,0.33
2017-02-01,0.36,Maize,Niger,Zinder,RETAIL,Kg,kg,0.36
2017-03-01,0.34,Maize,Niger,Zinder,RETAIL,Kg,kg,0.34
2017-04-01,0.37,Maize,Niger,Zinder,RETAIL,Kg,kg,0.37
2017-05-01,0.43,Maize,Niger,Zinder,RETAIL,Kg,kg,0.43
2017-06-01,0.42,Maize,Niger,Zinder,RETAIL,Kg,kg,0.42
2017-07-01,0.43,Maize,Niger,Zinder,RETAIL,Kg,kg,0.43
2017-08-01,0.46,Maize,Niger,Zinder,RETAIL,Kg,kg,0.46
2017-09-01,0.37,Maize,Niger,Zinder,RETAIL,Kg,kg,0.37
2017-10-01,0.36,Maize,Niger,Zinder,RETAIL,Kg,kg,0.36
2017-11-01,0.33,Maize,Niger,Zinder,RETAIL,Kg,kg,0.33
2017-12-01,,Maize,Niger,Zinder,RETAIL,Kg,kg,
2018-01-01,0.34,Maize,Niger,Zinder,RETAIL,Kg,kg,0.34
2018-02-01,0.34,Maize,Niger,Zinder,RETAIL,Kg,kg,0.34
2018-03-01,0.34,Maize,Niger,Zinder,RETAIL,Kg,kg,0.34
2018-04-01,0.39,Maize,Niger,Zinder,RETAIL,Kg,kg,0.39
2018-05-01,0.37,Maize,Niger,Zinder,RETAIL,Kg,kg,0.37
2018-06-01,0.37,Maize,Niger,Zinder,RETAIL,Kg,kg,0.37
2018-07-01,0.37,Maize,Niger,Zinder,RETAIL,Kg,kg,0.37
2018-08-01,0.36,Maize,Niger,Zinder,RETAIL,Kg,kg,0.36
2018-09-01,0.36,Maize,Niger,Zinder,RETAIL,Kg,kg,0.36
2018-10-01,0.32,Maize,Niger,Zinder,RETAIL,Kg,kg,0.32
2018-11-01,,Maize,Niger,Zinder,RETAIL,Kg,kg,
2018-12-01,0.36,Maize,Niger,Zinder,RETAIL,Kg,kg,0.36
2019-01-01,,Maize,Niger,Zinder,RETAIL,Kg,kg,
2019-02-01,0.3,Maize,Niger,Zinder,RETAIL,Kg,kg,0.3
2019-03-01,0.32,Maize,Niger,Zinder,RETAIL,Kg,kg,0.32
2019-04-01,0.31,Maize,Niger,Zinder,RETAIL,Kg,kg,0.31
2019-05-01,0.31,Maize,Niger,Zinder,RETAIL,Kg,kg,0.31
2019-06-01,0.28,Maize,Niger,Zinder,RETAIL,Kg,kg,0.28
2019-07-01,0.34,Maize,Niger,Zinder,RETAIL,Kg,kg,0.34
2019-08-01,0.32,Maize,Niger,Zinder,RETAIL,Kg,kg,0.32
2019-09-01,0.28,Maize,Niger,Zinder,RETAIL,Kg,kg,0.28
2019-10-01,0.28,Maize,Niger,Zinder,RETAIL,Kg,kg,0.28
2019-11-01,0.3,Maize,Niger,Zinder,RETAIL,Kg,kg,0.3
2019-12-01,0.3,Maize,Niger,Zinder,RETAIL,Kg,kg,0.3
2020-01-01,0.31,Maize,Niger,Zinder,RETAIL,Kg,kg,0.31
2020-02-01,0.31,Maize,Niger,Zinder,RETAIL,Kg,kg,0.31
2020-03-01,0.31,Maize,Niger,Zinder,RETAIL,Kg,kg,0.31
2020-04-01,,Maize,Niger,Zinder,RETAIL,Kg,kg,
2020-05-01,0.35,Maize,Niger,Zinder,RETAIL,Kg,kg,0.35
2020-06-01,,Maize,Niger,Zinder,RETAIL,Kg,kg,
2020-07-01,,Maize,Niger,Zinder,RETAIL,Kg,kg,
2020-08-01,,Maize,Niger,Zinder,RETAIL,Kg,kg,
2020-09-01,,Maize,Niger,Zinder,RETAIL,Kg,kg,
2020-10-01,0.44,Maize,Niger,Zinder,RETAIL,Kg,kg,0.44
2020-11-01,,Maize,Niger,Zinder,RETAIL,Kg,kg,
2020-12-01,,Maize,Niger,Zinder,RETAIL,Kg,kg,
2021-01-01,0.46,Maize,Niger,Zinder,RETAIL,Kg,kg,0.46
2021-02-01,0.53,Maize,Niger,Zinder,RETAIL,Kg,kg,0.53
2021-03-01,0.51,Maize,Niger,Zinder,RETAIL,Kg,kg,0.51
2021-04-01,0.5,Maize,Niger,Zinder,RETAIL,Kg,kg,0.5
2021-05-01,0.52,Maize,Niger,Zinder,RETAIL,Kg,kg,0.52
2021-06-01,0.51,Maize,Niger,Zinder,RETAIL,Kg,kg,0.51
2021-07-01,0.54,Maize,Niger,Zinder,RETAIL,Kg,kg,0.54
2021-08-01,0.55,Maize,Niger,Zinder,RETAIL,Kg,kg,0.55
2021-09-01,0.54,Maize,Niger,Zinder,RETAIL,Kg,kg,0.54
2021-10-01,0.45,Maize,Niger,Zinder,RETAIL,Kg,kg,0.45
2021-11-01,0.38,Maize,Niger,Zinder,RETAIL,Kg,kg,0.38
2021-12-01,0.47,Maize,Niger,Zinder,RETAIL,Kg,kg,0.47
2022-01-01,0.51,Maize,Niger,Zinder,RETAIL,Kg,kg,0.51
2022-02-01,0.52,Maize,Niger,Zinder,RETAIL,Kg,kg,0.52
2022-03-01,0.48,Maize,Niger,Zinder,RETAIL,Kg,kg,0.48
2022-04-01,0.48,Maize,Niger,Zinder,RETAIL,Kg,kg,0.48
2022-05-01,0.47,Maize,Niger,Zinder,RETAIL,Kg,kg,0.47
2022-06-01,0.48,Maize,Niger,Zinder,RETAIL,Kg,kg,0.48
2022-07-01,0.44,Maize,Niger,Zinder,RETAIL,Kg,kg,0.44
2022-08-01,0.39,Maize,Niger,Zinder,RETAIL,Kg,kg,0.39
2022-09-01,0.38,Maize,Niger,Zinder,RETAIL,Kg,kg,0.38
2022-10-01,0.35,Maize,Niger,Zinder,RETAIL,Kg,kg,0.35
2022-11-01,0.38,Maize,Niger,Zinder,RETAIL,Kg,kg,0.38
2022-12-01,0.38,Maize,Niger,Zinder,RETAIL,Kg,kg,0.38
2023-01-01,0.41,Maize,Niger,Zinder,RETAIL,Kg,kg,0.41
2023-02-01,0.4,Maize,Niger,Zinder,RETAIL,Kg,kg,0.4
2023-03-01,0.41,Maize,Niger,Zinder,RETAIL,Kg,kg,0.41
2023-04-01,0.43,Maize,Niger,Zinder,RETAIL,Kg,kg,0.43
2023-05-01,0.46,Maize,Niger,Zinder,RETAIL,Kg,kg,0.46
2023-06-01,0.49,Maize,Niger,Zinder,RETAIL,Kg,kg,0.49
2023-07-01,0.55,Maize,Niger,Zinder,RETAIL,Kg,kg,0.55
2023-08-01,0.65,Maize,Niger,Zinder,RETAIL,Kg,kg,0.65
2023-09-01,0.56,Maize,Niger,Zinder,RETAIL,Kg,kg,0.56
2023-10-01,0.48,Maize,Niger,Zinder,RETAIL,Kg,kg,0.48
2023-11-01,0.45,Maize,Niger,Zinder,RETAIL,Kg,kg,0.45
2023-12-01,0.45,Maize,Niger,Zinder,RETAIL,Kg,kg,0.45
2024-01-01,0.48,Maize,Niger,Zinder,RETAIL,Kg,kg,0.48
2024-02-01,0.48,Maize,Niger,Zinder,RETAIL,Kg,kg,0.48
2024-03-01,0.48,Maize,Niger,Zinder,RETAIL,Kg,kg,0.48
2024-04-01,0.54,Maize,Niger,Zinder,RETAIL,Kg,kg,0.54
2024-05-01,0.61,Maize,Niger,Zinder,RETAIL,Kg,kg,0.61
2024-06-01,0.62,Maize,Niger,Zinder,RETAIL,Kg,kg,0.62
2024-07-01,0.67,Maize,Niger,Zinder,RETAIL,Kg,kg,0.67
2024-08-01,0.69,Maize,Niger,Zinder,RETAIL,Kg,kg,0.69
2024-09-01,0.65,Maize,Niger,Zinder,RETAIL,Kg,kg,0.65
2024-10-01,0.48,Maize,Niger,Zinder,RETAIL,Kg,kg,0.48
2024-11-01,0.45,Maize,Niger,Zinder,RETAIL,Kg,kg,0.45
2024-12-01,0.45,Maize,Niger,Zinder,RETAIL,Kg,kg,0.45
2025-01-01,,Maize,Niger,Zinder,RETAIL,Kg,kg,
2025-02-01,0.49,Maize,Niger,Zinder,RETAIL,Kg,kg,0.49
2025-03-01,0.47,Maize,Niger,Zinder,RETAIL,Kg,kg,0.47
2025-04-01,0.46,Maize,Niger,Zinder,RETAIL,Kg,kg,0.46
2025-05-01,0.44,Maize,Niger,Zinder,RETAIL,Kg,kg,0.44
2025-06-01,0.44,Maize,Niger,Zinder,RETAIL,Kg,kg,0.44
2025-07-01,0.42,Maize,Niger,Zinder,RETAIL,Kg,kg,0.42
2025-08-01,0.39,Maize,Niger,Zinder,RETAIL,Kg,kg,0.39
2006-01-01,0.22,Maize,Panama,Panama City,RETAIL,Libra,kg,0.4850173724404311
2006-02-01,0.22,Maize,Panama,Panama City,RETAIL,Libra,kg,0.4850173724404311
2006-03-01,0.22,Maize,Panama,Panama City,RETAIL,Libra,kg,0.4850173724404311
2006-04-01,0.22,Maize,Panama,Panama City,RETAIL,Libra,kg,0.4850173724404311
2006-05-01,0.22,Maize,Panama,Panama City,RETAIL,Libra,kg,0.4850173724404311
2006-06-01,0.22,Maize,Panama,Panama City,RETAIL,Libra,kg,0.4850173724404311
2006-07-01,0.22,Maize,Panama,Panama City,RETAIL,Libra,kg,0.4850173724404311
2006-08-01,0.22,Maize,Panama,Panama City,RETAIL,Libra,kg,0.4850173724404311
2006-09-01,0.22,Maize,Panama,Panama City,RETAIL,Libra,kg,0.4850173724404311
2006-10-01,0.22,Maize,Panama,Panama City,RETAIL,Libra,kg,0.4850173724404311
2006-11-01,0.26,Maize,Panama,Panama City,RETAIL,Libra,kg,0.5732023492477821
2006-12-01,0.21,Maize,Panama,Panama City,RETAIL,Libra,kg,0.46297112823859327
2007-01-01,0.22,Maize,Panama,Panama City,RETAIL,Libra,kg,0.4850173724404311
2007-02-01,0.2,Maize,Panama,Panama City,RETAIL,Libra,kg,0.4409248840367555
2007-03-01,0.2,Maize,Panama,Panama City,RETAIL,Libra,kg,0.4409248840367555
2007-04-01,0.2,Maize,Panama,Panama City,RETAIL,Libra,kg,0.4409248840367555
2007-05-01,0.2,Maize,Panama,Panama City,RETAIL,Libra,kg,0.4409248840367555
2007-06-01,0.2,Maize,Panama,Panama City,RETAIL,Libra,kg,0.4409248840367555
2007-07-01,0.2,Maize,Panama,Panama City,RETAIL,Libra,kg,0.4409248840367555
2007-08-01,0.2,Maize,Panama,Panama City,RETAIL,Libra,kg,0.4409248840367555
2007-09-01,0.23,Maize,Panama,Panama City,RETAIL,Libra,kg,0.5070636166422688
2007-10-01,0.23,Maize,Panama,Panama City,RETAIL,Libra,kg,0.5070636166422688
2007-11-01,0.25,Maize,Panama,Panama City,RETAIL,Libra,kg,0.5511561050459444
2007-12-01,0.25,Maize,Panama,Panama City,RETAIL,Libra,kg,0.5511561050459444
2008-01-01,0.25,Maize,Panama,Panama City,RETAIL,Libra,kg,0.5511561050459444
2008-02-01,0.24,Maize,Panama,Panama City,RETAIL,Libra,kg,0.5291098608441066
2008-03-01,0.22,Maize,Panama,Panama City,RETAIL,Libra,kg,0.4850173724404311
2008-04-01,0.22,Maize,Panama,Panama City,RETAIL,Libra,kg,0.4850173724404311
2008-05-01,0.17,Maize,Panama,Panama City,RETAIL,Libra,kg,0.3747861514312422
2008-06-01,0.24,Maize,Panama,Panama City,RETAIL,Libra,kg,0.5291098608441066
2008-07-01,0.26,Maize,Panama,Panama City,RETAIL,Libra,kg,0.5732023492477821
2008-08-01,0.27,Maize,Panama,Panama City,RETAIL,Libra,kg,0.59524859344962
2008-09-01,0.28,Maize,Panama,Panama City,RETAIL,Libra,kg,0.6172948376514578
2008-10-01,0.27,Maize,Panama,Panama City,RETAIL,Libra,kg,0.59524859344962
2008-11-01,0.27,Maize,Panama,Panama City,RETAIL,Libra,kg,0.59524859344962
2008-12-01,0.27,Maize,Panama,Panama City,RETAIL,Libra,kg,0.59524859344962
2009-01-01,0.27,Maize,Panama,Panama City,RETAIL,Libra,kg,0.59524859344962
2009-02-01,0.27,Maize,Panama,Panama City,RETAIL,Libra,kg,0.59524859344962
2009-03-01,0.27,Maize,Panama,Panama City,RETAIL,Libra,kg,0.59524859344962
2009-04-01,0.28,Maize,Panama,Panama City,RETAIL,Libra,kg,0.6172948376514578
2009-05-01,0.28,Maize,Panama,Panama City,RETAIL,Libra,kg,0.6172948376514578
2009-06-01,0.27,Maize,Panama,Panama City,RETAIL,Libra,kg,0.59524859344962
2009-07-01,0.25,Maize,Panama,Panama City,RETAIL,Libra,kg,0.5511561050459444
2009-08-01,0.25,Maize,Panama,Panama City,RETAIL,Libra,kg,0.5511561050459444
2009-09-01,0.26,Maize,Panama,Panama City,RETAIL,Libra,kg,0.5732023492477821
2009-10-01,0.25,Maize,Panama,Panama City,RETAIL,Libra,kg,0.5511561050459444
2009-11-01,0.25,Maize,Panama,Panama City,RETAIL,Libra,kg,0.5511561050459444
2009-12-01,0.25,Maize,Panama,Panama City,RETAIL,Libra,kg,0.5511561050459444
2010-01-01,0.25,Maize,Panama,Panama City,RETAIL,Libra,kg,0.5511561050459444
2010-02-01,0.25,Maize,Panama,Panama City,RETAIL,Libra,kg,0.5511561050459444
2010-03-01,0.25,Maize,Panama,Panama City,RETAIL,Libra,kg,0.5511561050459444
2010-04-01,0.25,Maize,Panama,Panama City,RETAIL,Libra,kg,0.5511561050459444
2010-05-01,0.27,Maize,Panama,Panama City,RETAIL,Libra,kg,0.59524859344962
2010-06-01,0.27,Maize,Panama,Panama City,RETAIL,Libra,kg,0.59524859344962
2010-07-01,0.27,Maize,Panama,Panama City,RETAIL,Libra,kg,0.59524859344962
2010-08-01,0.27,Maize,Panama,Panama City,RETAIL,Libra,kg,0.59524859344962
2010-09-01,0.27,Maize,Panama,Panama City,RETAIL,Libra,kg,0.59524859344962
2010-10-01,0.27,Maize,Panama,Panama City,RETAIL,Libra,kg,0.59524859344962
2010-11-01,0.27,Maize,Panama,Panama City,RETAIL,Libra,kg,0.59524859344962
2010-12-01,0.27,Maize,Panama,Panama City,RETAIL,Libra,kg,0.59524859344962
2011-01-01,0.27,Maize,Panama,Panama City,RETAIL,Libra,kg,0.59524859344962
2011-02-01,0.27,Maize,Panama,Panama City,RETAIL,Libra,kg,0.59524859344962
2011-03-01,0.25,Maize,Panama,Panama City,RETAIL,Libra,kg,0.5511561050459444
2011-04-01,0.25,Maize,Panama,Panama City,RETAIL,Libra,kg,0.5511561050459444
2011-05-01,0.3,Maize,Panama,Panama City,RETAIL,Libra,kg,0.6613873260551333
2011-06-01,0.3,Maize,Panama,Panama City,RETAIL,Libra,kg,0.6613873260551333
2011-07-01,0.31,Maize,Panama,Panama City,RETAIL,Libra,kg,0.683433570256971
2011-08-01,0.37,Maize,Panama,Panama City,RETAIL,Libra,kg,0.8157110354679977
2011-09-01,0.4,Maize,Panama,Panama City,RETAIL,Libra,kg,0.881849768073511
2011-10-01,0.42,Maize,Panama,Panama City,RETAIL,Libra,kg,0.9259422564771865
2011-11-01,0.42,Maize,Panama,Panama City,RETAIL,Libra,kg,0.9259422564771865
2011-12-01,0.42,Maize,Panama,Panama City,RETAIL,Libra,kg,0.9259422564771865
2012-01-01,0.41,Maize,Panama,Panama City,RETAIL,Libra,kg,0.9038960122753488
2012-02-01,0.36,Maize,Panama,Panama City,RETAIL,Libra,kg,0.7936647912661599
2012-03-01,0.33,Maize,Panama,Panama City,RETAIL,Libra,kg,0.7275260586606466
2012-04-01,0.32,Maize,Panama,Panama City,RETAIL,Libra,kg,0.7054798144588088
2012-05-01,0.32,Maize,Panama,Panama City,RETAIL,Libra,kg,0.7054798144588088
2012-06-01,0.35,Maize,Panama,Panama City,RETAIL,Libra,kg,0.7716185470643221
2012-07-01,0.35,Maize,Panama,Panama City,RETAIL,Libra,kg,0.7716185470643221
2012-08-01,0.35,Maize,Panama,Panama City,RETAIL,Libra,kg,0.7716185470643221
2012-09-01,0.35,Maize,Panama,Panama City,RETAIL,Libra,kg,0.7716185470643221
2012-10-01,0.35,Maize,Panama,Panama City,RETAIL,Libra,kg,0.7716185470643221
2012-11-01,0.35,Maize,Panama,Panama City,RETAIL,Libra,kg,0.7716185470643221
2012-12-01,0.35,Maize,Panama,Panama City,RETAIL,Libra,kg,0.7716185470643221
2013-01-01,0.35,Maize,Panama,Panama City,RETAIL,Libra,kg,0.7716185470643221
2013-02-01,0.35,Maize,Panama,Panama City,RETAIL,Libra,kg,0.7716185470643221
2013-03-01,0.35,Maize,Panama,Panama City,RETAIL,Libra,kg,0.7716185470643221
2013-04-01,0.35,Maize,Panama,Panama City,RETAIL,Libra,kg,0.7716185470643221
2013-05-01,0.35,Maize,Panama,Panama City,RETAIL,Libra,kg,0.7716185470643221
2013-06-01,0.35,Maize,Panama,Panama City,RETAIL,Libra,kg,0.7716185470643221
2013-07-01,0.35,Maize,Panama,Panama City,RETAIL,Libra,kg,0.7716185470643221
2013-08-01,0.35,Maize,Panama,Panama City,RETAIL,Libra,kg,0.7716185470643221
2013-09-01,0.35,Maize,Panama,Panama City,RETAIL,Libra,kg,0.7716185470643221
2013-10-01,0.35,Maize,Panama,Panama City,RETAIL,Libra,kg,0.7716185470643221
2013-11-01,0.35,Maize,Panama,Panama City,RETAIL,Libra,kg,0.7716185470643221
2013-12-01,0.35,Maize,Panama,Panama City,RETAIL,Libra,kg,0.7716185470643221
2014-01-01,0.35,Maize,Panama,Panama City,RETAIL,Libra,kg,0.7716185470643221
2014-02-01,0.35,Maize,Panama,Panama City,RETAIL,Libra,kg,0.7716185470643221
2014-03-01,0.35,Maize,Panama,Panama City,RETAIL,Libra,kg,0.7716185470643221
2014-04-01,0.35,Maize,Panama,Panama City,RETAIL,Libra,kg,0.7716185470643221
2014-05-01,0.35,Maize,Panama,Panama City,RETAIL,Libra,kg,0.7716185470643221
2014-06-01,0.35,Maize,Panama,Panama City,RETAIL,Libra,kg,0.7716185470643221
2014-07-01,0.35,Maize,Panama,Panama City,RETAIL,Libra,kg,0.7716185470643221
2014-08-01,0.35,Maize,Panama,Panama City,RETAIL,Libra,kg,0.7716185470643221
2014-09-01,0.35,Maize,Panama,Panama City,RETAIL,Libra,kg,0.7716185470643221
2014-10-01,0.35,Maize,Panama,Panama City,RETAIL,Libra,kg,0.7716185470643221
2014-11-01,0.35,Maize,Panama,Panama City,RETAIL,Libra,kg,0.7716185470643221
2014-12-01,0.35,Maize,Panama,Panama City,RETAIL,Libra,kg,0.7716185470643221
2015-01-01,0.35,Maize,Panama,Panama City,RETAIL,Libra,kg,0.7716185470643221
2015-02-01,0.35,Maize,Panama,Panama City,RETAIL,Libra,kg,0.7716185470643221
2015-03-01,0.35,Maize,Panama,Panama City,RETAIL,Libra,kg,0.7716185470643221
2015-04-01,0.34,Maize,Panama,Panama City,RETAIL,Libra,kg,0.7495723028624844
2015-05-01,0.35,Maize,Panama,Panama City,RETAIL,Libra,kg,0.7716185470643221
2015-06-01,0.35,Maize,Panama,Panama City,RETAIL,Libra,kg,0.7716185470643221
2015-07-01,0.35,Maize,Panama,Panama City,RETAIL,Libra,kg,0.7716185470643221
2015-08-01,0.35,Maize,Panama,Panama City,RETAIL,Libra,kg,0.7716185470643221
2015-09-01,0.35,Maize,Panama,Panama City,RETAIL,Libra,kg,0.7716185470643221
2015-10-01,0.35,Maize,Panama,Panama City,RETAIL,Libra,kg,0.7716185470643221
2015-11-01,0.35,Maize,Panama,Panama City,RETAIL,Libra,kg,0.7716185470643221
2015-12-01,0.35,Maize,Panama,Panama City,RETAIL,Libra,kg,0.7716185470643221
2016-01-01,0.35,Maize,Panama,Panama City,RETAIL,Libra,kg,0.7716185470643221
2016-02-01,0.36,Maize,Panama,Panama City,RETAIL,Libra,kg,0.7936647912661599
2016-03-01,0.35,Maize,Panama,Panama City,RETAIL,Libra,kg,0.7716185470643221
2016-04-01,0.35,Maize,Panama,Panama City,RETAIL,Libra,kg,0.7716185470643221
2016-05-01,0.35,Maize,Panama,Panama City,RETAIL,Libra,kg,0.7716185470643221
2016-06-01,0.35,Maize,Panama,Panama City,RETAIL,Libra,kg,0.7716185470643221
2016-07-01,0.35,Maize,Panama,Panama City,RETAIL,Libra,kg,0.7716185470643221
2016-08-01,0.35,Maize,Panama,Panama City,RETAIL,Libra,kg,0.7716185470643221
2016-09-01,0.35,Maize,Panama,Panama City,RETAIL,Libra,kg,0.7716185470643221
2016-10-01,0.35,Maize,Panama,Panama City,RETAIL,Libra,kg,0.7716185470643221
2016-11-01,0.35,Maize,Panama,Panama City,RETAIL,Libra,kg,0.7716185470643221
2016-12-01,0.35,Maize,Panama,Panama City,RETAIL,Libra,kg,0.7716185470643221
2017-01-01,0.35,Maize,Panama,Panama City,RETAIL,Libra,kg,0.7716185470643221
2017-02-01,0.35,Maize,Panama,Panama City,RETAIL,Libra,kg,0.7716185470643221
2017-03-01,0.35,Maize,Panama,Panama City,RETAIL,Libra,kg,0.7716185470643221
2017-04-01,0.35,Maize,Panama,Panama City,RETAIL,Libra,kg,0.7716185470643221
2017-05-01,0.35,Maize,Panama,Panama City,RETAIL,Libra,kg,0.7716185470643221
2017-06-01,0.35,Maize,Panama,Panama City,RETAIL,Libra,kg,0.7716185470643221
2017-07-01,0.35,Maize,Panama,Panama City,RETAIL,Libra,kg,0.7716185470643221
2017-08-01,0.35,Maize,Panama,Panama City,RETAIL,Libra,kg,0.7716185470643221
2017-09-01,0.35,Maize,Panama,Panama City,RETAIL,Libra,kg,0.7716185470643221
2017-10-01,0.35,Maize,Panama,Panama City,RETAIL,Libra,kg,0.7716185470643221
2017-11-01,0.35,Maize,Panama,Panama City,RETAIL,Libra,kg,0.7716185470643221
2017-12-01,0.35,Maize,Panama,Panama City,RETAIL,Libra,kg,0.7716185470643221
2018-01-01,0.35,Maize,Panama,Panama City,RETAIL,Libra,kg,0.7716185470643221
2018-02-01,0.35,Maize,Panama,Panama City,RETAIL,Libra,kg,0.7716185470643221
2018-03-01,0.35,Maize,Panama,Panama City,RETAIL,Libra,kg,0.7716185470643221
2018-04-01,0.35,Maize,Panama,Panama City,RETAIL,Libra,kg,0.7716185470643221
2018-05-01,0.35,Maize,Panama,Panama City,RETAIL,Libra,kg,0.7716185470643221
2018-06-01,0.35,Maize,Panama,Panama City,RETAIL,Libra,kg,0.7716185470643221
2018-07-01,0.35,Maize,Panama,Panama City,RETAIL,Libra,kg,0.7716185470643221
2018-08-01,0.35,Maize,Panama,Panama City,RETAIL,Libra,kg,0.7716185470643221
2018-09-01,0.35,Maize,Panama,Panama City,RETAIL,Libra,kg,0.7716185470643221
2018-10-01,0.35,Maize,Panama,Panama City,RETAIL,Libra,kg,0.7716185470643221
2018-11-01,0.35,Maize,Panama,Panama City,RETAIL,Libra,kg,0.7716185470643221
2018-12-01,0.35,Maize,Panama,Panama City,RETAIL,Libra,kg,0.7716185470643221
2019-01-01,0.35,Maize,Panama,Panama City,RETAIL,Libra,kg,0.7716185470643221
2019-02-01,0.35,Maize,Panama,Panama City,RETAIL,Libra,kg,0.7716185470643221
2019-03-01,0.35,Maize,Panama,Panama City,RETAIL,Libra,kg,0.7716185470643221
2019-04-01,0.35,Maize,Panama,Panama City,RETAIL,Libra,kg,0.7716185470643221
2019-05-01,0.35,Maize,Panama,Panama City,RETAIL,Libra,kg,0.7716185470643221
2019-06-01,0.35,Maize,Panama,Panama City,RETAIL,Libra,kg,0.7716185470643221
2019-07-01,0.35,Maize,Panama,Panama City,RETAIL,Libra,kg,0.7716185470643221
2019-08-01,0.35,Maize,Panama,Panama City,RETAIL,Libra,kg,0.7716185470643221
2019-09-01,0.35,Maize,Panama,Panama City,RETAIL,Libra,kg,0.7716185470643221
2019-10-01,0.35,Maize,Panama,Panama City,RETAIL,Libra,kg,0.7716185470643221
2019-11-01,0.35,Maize,Panama,Panama City,RETAIL,Libra,kg,0.7716185470643221
2019-12-01,0.35,Maize,Panama,Panama City,RETAIL,Libra,kg,0.7716185470643221
2020-01-01,0.35,Maize,Panama,Panama City,RETAIL,Libra,kg,0.7716185470643221
2020-02-01,0.35,Maize,Panama,Panama City,RETAIL,Libra,kg,0.7716185470643221
2020-03-01,0.35,Maize,Panama,Panama City,RETAIL,Libra,kg,0.7716185470643221
2020-04-01,0.35,Maize,Panama,Panama City,RETAIL,Libra,kg,0.7716185470643221
2020-05-01,0.35,Maize,Panama,Panama City,RETAIL,Libra,kg,0.7716185470643221
2020-06-01,0.35,Maize,Panama,Panama City,RETAIL,Libra,kg,0.7716185470643221
2020-07-01,0.35,Maize,Panama,Panama City,RETAIL,Libra,kg,0.7716185470643221
2020-08-01,0.35,Maize,Panama,Panama City,RETAIL,Libra,kg,0.7716185470643221
2020-09-01,0.35,Maize,Panama,Panama City,RETAIL,Libra,kg,0.7716185470643221
2020-10-01,0.35,Maize,Panama,Panama City,RETAIL,Libra,kg,0.7716185470643221
2020-11-01,0.35,Maize,Panama,Panama City,RETAIL,Libra,kg,0.7716185470643221
2020-12-01,0.35,Maize,Panama,Panama City,RETAIL,Libra,kg,0.7716185470643221
2021-01-01,0.35,Maize,Panama,Panama City,RETAIL,Libra,kg,0.7716185470643221
2021-02-01,0.35,Maize,Panama,Panama City,RETAIL,Libra,kg,0.7716185470643221
2021-03-01,0.35,Maize,Panama,Panama City,RETAIL,Libra,kg,0.7716185470643221
2021-04-01,0.35,Maize,Panama,Panama City,RETAIL,Libra,kg,0.7716185470643221
2021-05-01,0.35,Maize,Panama,Panama City,RETAIL,Libra,kg,0.7716185470643221
2021-06-01,0.35,Maize,Panama,Panama City,RETAIL,Libra,kg,0.7716185470643221
2021-07-01,0.35,Maize,Panama,Panama City,RETAIL,Libra,kg,0.7716185470643221
2021-08-01,0.35,Maize,Panama,Panama City,RETAIL,Libra,kg,0.7716185470643221
2021-09-01,0.35,Maize,Panama,Panama City,RETAIL,Libra,kg,0.7716185470643221
2021-10-01,0.35,Maize,Panama,Panama City,RETAIL,Libra,kg,0.7716185470643221
2021-11-01,0.35,Maize,Panama,Panama City,RETAIL,Libra,kg,0.7716185470643221
2021-12-01,0.35,Maize,Panama,Panama City,RETAIL,Libra,kg,0.7716185470643221
2022-01-01,0.35,Maize,Panama,Panama City,RETAIL,Libra,kg,0.7716185470643221
2022-02-01,0.35,Maize,Panama,Panama City,RETAIL,Libra,kg,0.7716185470643221
2022-03-01,0.35,Maize,Panama,Panama City,RETAIL,Libra,kg,0.7716185470643221
2022-04-01,0.35,Maize,Panama,Panama City,RETAIL,Libra,kg,0.7716185470643221
2022-05-01,0.35,Maize,Panama,Panama City,RETAIL,Libra,kg,0.7716185470643221
2022-06-01,0.35,Maize,Panama,Panama City,RETAIL,Libra,kg,0.7716185470643221
2022-07-01,0.35,Maize,Panama,Panama City,RETAIL,Libra,kg,0.7716185470643221
2022-08-01,0.35,Maize,Panama,Panama City,RETAIL,Libra,kg,0.7716185470643221
2022-09-01,0.35,Maize,Panama,Panama City,RETAIL,Libra,kg,0.7716185470643221
2022-10-01,0.35,Maize,Panama,Panama City,RETAIL,Libra,kg,0.7716185470643221
2022-11-01,0.35,Maize,Panama,Panama City,RETAIL,Libra,kg,0.7716185470643221
2022-12-01,0.35,Maize,Panama,Panama City,RETAIL,Libra,kg,0.7716185470643221
2023-01-01,0.35,Maize,Panama,Panama City,RETAIL,Libra,kg,0.7716185470643221
2023-02-01,0.35,Maize,Panama,Panama City,RETAIL,Libra,kg,0.7716185470643221
2023-03-01,0.35,Maize,Panama,Panama City,RETAIL,Libra,kg,0.7716185470643221
2023-04-01,0.35,Maize,Panama,Panama City,RETAIL,Libra,kg,0.7716185470643221
2023-05-01,0.37,Maize,Panama,Panama City,RETAIL,Libra,kg,0.8157110354679977
2023-06-01,0.38,Maize,Panama,Panama City,RETAIL,Libra,kg,0.8377572796698355
2023-07-01,0.38,Maize,Panama,Panama City,RETAIL,Libra,kg,0.8377572796698355
2023-08-01,0.38,Maize,Panama,Panama City,RETAIL,Libra,kg,0.8377572796698355
2023-09-01,0.38,Maize,Panama,Panama City,RETAIL,Libra,kg,0.8377572796698355
2023-10-01,0.38,Maize,Panama,Panama City,RETAIL,Libra,kg,0.8377572796698355
2023-11-01,0.38,Maize,Panama,Panama City,RETAIL,Libra,kg,0.8377572796698355
2023-12-01,0.38,Maize,Panama,Panama City,RETAIL,Libra,kg,0.8377572796698355
2024-01-01,0.38,Maize,Panama,Panama City,RETAIL,Libra,kg,0.8377572796698355
2024-02-01,0.38,Maize,Panama,Panama City,RETAIL,Libra,kg,0.8377572796698355
2024-03-01,0.37,Maize,Panama,Panama City,RETAIL,Libra,kg,0.8157110354679977
2024-04-01,0.37,Maize,Panama,Panama City,RETAIL,Libra,kg,0.8157110354679977
2024-05-01,0.37,Maize,Panama,Panama City,RETAIL,Libra,kg,0.8157110354679977
2024-06-01,0.35,Maize,Panama,Panama City,RETAIL,Libra,kg,0.7716185470643221
2024-07-01,0.35,Maize,Panama,Panama City,RETAIL,Libra,kg,0.7716185470643221
2024-08-01,0.35,Maize,Panama,Panama City,RETAIL,Libra,kg,0.7716185470643221
2024-09-01,0.35,Maize,Panama,Panama City,RETAIL,Libra,kg,0.7716185470643221
2024-10-01,0.35,Maize,Panama,Panama City,RETAIL,Libra,kg,0.7716185470643221
2024-11-01,0.35,Maize,Panama,Panama City,RETAIL,Libra,kg,0.7716185470643221
2024-12-01,0.35,Maize,Panama,Panama City,RETAIL,Libra,kg,0.7716185470643221
2025-01-01,0.35,Maize,Panama,Panama City,RETAIL,Libra,kg,0.7716185470643221
2025-02-01,0.35,Maize,Panama,Panama City,RETAIL,Libra,kg,0.7716185470643221
2025-03-01,0.35,Maize,Panama,Panama City,RETAIL,Libra,kg,0.7716185470643221
2025-04-01,0.35,Maize,Panama,Panama City,RETAIL,Libra,kg,0.7716185470643221
2025-05-01,0.35,Maize,Panama,Panama City,RETAIL,Libra,kg,0.7716185470643221
2025-06-01,0.35,Maize,Panama,Panama City,RETAIL,Libra,kg,0.7716185470643221
2025-07-01,0.35,Maize,Panama,Panama City,RETAIL,Libra,kg,0.7716185470643221
2025-08-01,0.35,Maize,Panama,Panama City,RETAIL,Libra,kg,0.7716185470643221
2025-09-01,0.35,Maize,Panama,Panama City,RETAIL,Libra,kg,0.7716185470643221
2025-10-01,0.35,Maize,Panama,Panama City,RETAIL,Libra,kg,0.7716185470643221
2006-01-01,10.4,Maize,Panama,Panama City,WHOLESALE,Spanish quintal (46 kg),kg,0.22608695652173913
2006-02-01,10.0,Maize,Panama,Panama City,WHOLESALE,Spanish quintal (46 kg),kg,0.21739130434782608
2006-03-01,10.0,Maize,Panama,Panama City,WHOLESALE,Spanish quintal (46 kg),kg,0.21739130434782608
2006-04-01,10.4,Maize,Panama,Panama City,WHOLESALE,Spanish quintal (46 kg),kg,0.22608695652173913
2006-05-01,11.0,Maize,Panama,Panama City,WHOLESALE,Spanish quintal (46 kg),kg,0.2391304347826087
2006-06-01,11.0,Maize,Panama,Panama City,WHOLESALE,Spanish quintal (46 kg),kg,0.2391304347826087
2006-07-01,11.0,Maize,Panama,Panama City,WHOLESALE,Spanish quintal (46 kg),kg,0.2391304347826087
2006-08-01,11.0,Maize,Panama,Panama City,WHOLESALE,Spanish quintal (46 kg),kg,0.2391304347826087
2006-09-01,11.6,Maize,Panama,Panama City,WHOLESALE,Spanish quintal (46 kg),kg,0.25217391304347825
2006-10-01,12.0,Maize,Panama,Panama City,WHOLESALE,Spanish quintal (46 kg),kg,0.2608695652173913
2006-11-01,12.2,Maize,Panama,Panama City,WHOLESALE,Spanish quintal (46 kg),kg,0.2652173913043478
2006-12-01,13.8,Maize,Panama,Panama City,WHOLESALE,Spanish quintal (46 kg),kg,0.3
2007-01-01,12.2,Maize,Panama,Panama City,WHOLESALE,Spanish quintal (46 kg),kg,0.2652173913043478
2007-02-01,11.0,Maize,Panama,Panama City,WHOLESALE,Spanish quintal (46 kg),kg,0.2391304347826087
2007-03-01,11.4,Maize,Panama,Panama City,WHOLESALE,Spanish quintal (46 kg),kg,0.24782608695652175
2007-04-01,12.4,Maize,Panama,Panama City,WHOLESALE,Spanish quintal (46 kg),kg,0.26956521739130435
2007-05-01,13.8,Maize,Panama,Panama City,WHOLESALE,Spanish quintal (46 kg),kg,0.3
2007-06-01,14.6,Maize,Panama,Panama City,WHOLESALE,Spanish quintal (46 kg),kg,0.3173913043478261
2007-07-01,15.0,Maize,Panama,Panama City,WHOLESALE,Spanish quintal (46 kg),kg,0.32608695652173914
2007-08-01,17.0,Maize,Panama,Panama City,WHOLESALE,Spanish quintal (46 kg),kg,0.3695652173913043
2007-09-01,16.6,Maize,Panama,Panama City,WHOLESALE,Spanish quintal (46 kg),kg,0.36086956521739133
2007-10-01,16.2,Maize,Panama,Panama City,WHOLESALE,Spanish quintal (46 kg),kg,0.3521739130434782
2007-11-01,17.2,Maize,Panama,Panama City,WHOLESALE,Spanish quintal (46 kg),kg,0.3739130434782609
2007-12-01,18.0,Maize,Panama,Panama City,WHOLESALE,Spanish quintal (46 kg),kg,0.391304347826087
2008-01-01,17.0,Maize,Panama,Panama City,WHOLESALE,Spanish quintal (46 kg),kg,0.3695652173913043
2008-02-01,15.0,Maize,Panama,Panama City,WHOLESALE,Spanish quintal (46 kg),kg,0.32608695652173914
2008-03-01,16.0,Maize,Panama,Panama City,WHOLESALE,Spanish quintal (46 kg),kg,0.34782608695652173
2008-04-01,16.4,Maize,Panama,Panama City,WHOLESALE,Spanish quintal (46 kg),kg,0.3565217391304348
2008-05-01,17.6,Maize,Panama,Panama City,WHOLESALE,Spanish quintal (46 kg),kg,0.3826086956521739
2008-06-01,19.2,Maize,Panama,Panama City,WHOLESALE,Spanish quintal (46 kg),kg,0.41739130434782606
2008-07-01,20.0,Maize,Panama,Panama City,WHOLESALE,Spanish quintal (46 kg),kg,0.43478260869565216
2008-08-01,20.2,Maize,Panama,Panama City,WHOLESALE,Spanish quintal (46 kg),kg,0.43913043478260866
2008-09-01,19.8,Maize,Panama,Panama City,WHOLESALE,Spanish quintal (46 kg),kg,0.43043478260869567
2008-10-01,19.8,Maize,Panama,Panama City,WHOLESALE,Spanish quintal (46 kg),kg,0.43043478260869567
2008-11-01,18.6,Maize,Panama,Panama City,WHOLESALE,Spanish quintal (46 kg),kg,0.4043478260869566
2008-12-01,18.6,Maize,Panama,Panama City,WHOLESALE,Spanish quintal (46 kg),kg,0.4043478260869566
2009-01-01,19.0,Maize,Panama,Panama City,WHOLESALE,Spanish quintal (46 kg),kg,0.41304347826086957
2009-02-01,18.0,Maize,Panama,Panama City,WHOLESALE,Spanish quintal (46 kg),kg,0.391304347826087
2009-03-01,18.0,Maize,Panama,Panama City,WHOLESALE,Spanish quintal (46 kg),kg,0.391304347826087
2009-04-01,17.4,Maize,Panama,Panama City,WHOLESALE,Spanish quintal (46 kg),kg,0.3782608695652174
2009-05-01,18.75,Maize,Panama,Panama City,WHOLESALE,Spanish quintal (46 kg),kg,0.4076086956521739
2009-06-01,19.0,Maize,Panama,Panama City,WHOLESALE,Spanish quintal (46 kg),kg,0.41304347826086957
2009-07-01,19.0,Maize,Panama,Panama City,WHOLESALE,Spanish quintal (46 kg),kg,0.41304347826086957
2009-08-01,19.0,Maize,Panama,Panama City,WHOLESALE,Spanish quintal (46 kg),kg,0.41304347826086957
2009-09-01,19.0,Maize,Panama,Panama City,WHOLESALE,Spanish quintal (46 kg),kg,0.41304347826086957
2009-10-01,18.0,Maize,Panama,Panama City,WHOLESALE,Spanish quintal (46 kg),kg,0.391304347826087
2009-11-01,17.0,Maize,Panama,Panama City,WHOLESALE,Spanish quintal (46 kg),kg,0.3695652173913043
2009-12-01,17.0,Maize,Panama,Panama City,WHOLESALE,Spanish quintal (46 kg),kg,0.3695652173913043
2010-01-01,17.0,Maize,Panama,Panama City,WHOLESALE,Spanish quintal (46 kg),kg,0.3695652173913043
2010-02-01,17.0,Maize,Panama,Panama City,WHOLESALE,Spanish quintal (46 kg),kg,0.3695652173913043
2010-03-01,15.8,Maize,Panama,Panama City,WHOLESALE,Spanish quintal (46 kg),kg,0.34347826086956523
2010-04-01,16.0,Maize,Panama,Panama City,WHOLESALE,Spanish quintal (46 kg),kg,0.34782608695652173
2010-05-01,17.0,Maize,Panama,Panama City,WHOLESALE,Spanish quintal (46 kg),kg,0.3695652173913043
2010-06-01,17.2,Maize,Panama,Panama City,WHOLESALE,Spanish quintal (46 kg),kg,0.3739130434782609
2010-07-01,17.2,Maize,Panama,Panama City,WHOLESALE,Spanish quintal (46 kg),kg,0.3739130434782609
2010-08-01,18.0,Maize,Panama,Panama City,WHOLESALE,Spanish quintal (46 kg),kg,0.391304347826087
2010-09-01,17.8,Maize,Panama,Panama City,WHOLESALE,Spanish quintal (46 kg),kg,0.3869565217391305
2010-10-01,18.0,Maize,Panama,Panama City,WHOLESALE,Spanish quintal (46 kg),kg,0.391304347826087
2010-11-01,18.0,Maize,Panama,Panama City,WHOLESALE,Spanish quintal (46 kg),kg,0.391304347826087
2010-12-01,19.0,Maize,Panama,Panama City,WHOLESALE,Spanish quintal (46 kg),kg,0.41304347826086957
2011-01-01,19.0,Maize,Panama,Panama City,WHOLESALE,Spanish quintal (46 kg),kg,0.41304347826086957
2011-02-01,18.0,Maize,Panama,Panama City,WHOLESALE,Spanish quintal (46 kg),kg,0.391304347826087
2011-03-01,18.0,Maize,Panama,Panama City,WHOLESALE,Spanish quintal (46 kg),kg,0.391304347826087
2011-04-01,18.0,Maize,Panama,Panama City,WHOLESALE,Spanish quintal (46 kg),kg,0.391304347826087
2011-05-01,21.0,Maize,Panama,Panama City,WHOLESALE,Spanish quintal (46 kg),kg,0.45652173913043476
2011-06-01,22.4,Maize,Panama,Panama City,WHOLESALE,Spanish quintal (46 kg),kg,0.4869565217391304
2011-07-01,26.0,Maize,Panama,Panama City,WHOLESALE,Spanish quintal (46 kg),kg,0.5652173913043478
2011-08-01,29.0,Maize,Panama,Panama City,WHOLESALE,Spanish quintal (46 kg),kg,0.6304347826086957
2011-09-01,31.92,Maize,Panama,Panama City,WHOLESALE,Spanish quintal (46 kg),kg,0.6939130434782609
2011-10-01,32.0,Maize,Panama,Panama City,WHOLESALE,Spanish quintal (46 kg),kg,0.6956521739130435
2011-11-01,31.7,Maize,Panama,Panama City,WHOLESALE,Spanish quintal (46 kg),kg,0.6891304347826087
2011-12-01,33.2,Maize,Panama,Panama City,WHOLESALE,Spanish quintal (46 kg),kg,0.7217391304347827
2012-01-01,30.05,Maize,Panama,Panama City,WHOLESALE,Spanish quintal (46 kg),kg,0.6532608695652175
2012-02-01,24.8,Maize,Panama,Panama City,WHOLESALE,Spanish quintal (46 kg),kg,0.5391304347826087
2012-03-01,24.4,Maize,Panama,Panama City,WHOLESALE,Spanish quintal (46 kg),kg,0.5304347826086956
2012-04-01,23.9,Maize,Panama,Panama City,WHOLESALE,Spanish quintal (46 kg),kg,0.5195652173913043
2012-05-01,24.7,Maize,Panama,Panama City,WHOLESALE,Spanish quintal (46 kg),kg,0.5369565217391304
2012-06-01,25.0,Maize,Panama,Panama City,WHOLESALE,Spanish quintal (46 kg),kg,0.5434782608695652
2012-07-01,24.7,Maize,Panama,Panama City,WHOLESALE,Spanish quintal (46 kg),kg,0.5369565217391304
2012-08-01,25.0,Maize,Panama,Panama City,WHOLESALE,Spanish quintal (46 kg),kg,0.5434782608695652
2012-09-01,25.0,Maize,Panama,Panama City,WHOLESALE,Spanish quintal (46 kg),kg,0.5434782608695652
2012-10-01,25.0,Maize,Panama,Panama City,WHOLESALE,Spanish quintal (46 kg),kg,0.5434782608695652
2012-11-01,25.0,Maize,Panama,Panama City,WHOLESALE,Spanish quintal (46 kg),kg,0.5434782608695652
2012-12-01,24.5,Maize,Panama,Panama City,WHOLESALE,Spanish quintal (46 kg),kg,0.532608695652174
2013-01-01,24.0,Maize,Panama,Panama City,WHOLESALE,Spanish quintal (46 kg),kg,0.5217391304347826
2013-02-01,24.0,Maize,Panama,Panama City,WHOLESALE,Spanish quintal (46 kg),kg,0.5217391304347826
2013-03-01,23.0,Maize,Panama,Panama City,WHOLESALE,Spanish quintal (46 kg),kg,0.5
2013-04-01,22.95,Maize,Panama,Panama City,WHOLESALE,Spanish quintal (46 kg),kg,0.4989130434782609
2013-05-01,22.32,Maize,Panama,Panama City,WHOLESALE,Spanish quintal (46 kg),kg,0.4852173913043478
2013-06-01,23.5,Maize,Panama,Panama City,WHOLESALE,Spanish quintal (46 kg),kg,0.5108695652173914
2013-07-01,25.5,Maize,Panama,Panama City,WHOLESALE,Spanish quintal (46 kg),kg,0.5543478260869565
2013-08-01,24.76,Maize,Panama,Panama City,WHOLESALE,Spanish quintal (46 kg),kg,0.5382608695652175
2013-09-01,24.4,Maize,Panama,Panama City,WHOLESALE,Spanish quintal (46 kg),kg,0.5304347826086956
2013-10-01,24.0,Maize,Panama,Panama City,WHOLESALE,Spanish quintal (46 kg),kg,0.5217391304347826
2013-11-01,23.83,Maize,Panama,Panama City,WHOLESALE,Spanish quintal (46 kg),kg,0.5180434782608695
2013-12-01,23.66,Maize,Panama,Panama City,WHOLESALE,Spanish quintal (46 kg),kg,0.5143478260869565
2014-01-01,23.5,Maize,Panama,Panama City,WHOLESALE,Spanish quintal (46 kg),kg,0.5108695652173914
2014-02-01,23.33,Maize,Panama,Panama City,WHOLESALE,Spanish quintal (46 kg),kg,0.5071739130434783
2014-03-01,23.11,Maize,Panama,Panama City,WHOLESALE,Spanish quintal (46 kg),kg,0.5023913043478261
2014-04-01,23.15,Maize,Panama,Panama City,WHOLESALE,Spanish quintal (46 kg),kg,0.5032608695652173
2014-05-01,23.33,Maize,Panama,Panama City,WHOLESALE,Spanish quintal (46 kg),kg,0.5071739130434783
2014-06-01,23.52,Maize,Panama,Panama City,WHOLESALE,Spanish quintal (46 kg),kg,0.5113043478260869
2014-07-01,23.1,Maize,Panama,Panama City,WHOLESALE,Spanish quintal (46 kg),kg,0.5021739130434782
2014-08-01,22.87,Maize,Panama,Panama City,WHOLESALE,Spanish quintal (46 kg),kg,0.4971739130434783
2014-09-01,23.67,Maize,Panama,Panama City,WHOLESALE,Spanish quintal (46 kg),kg,0.5145652173913043
2014-10-01,23.95,Maize,Panama,Panama City,WHOLESALE,Spanish quintal (46 kg),kg,0.5206521739130434
2014-11-01,24.13,Maize,Panama,Panama City,WHOLESALE,Spanish quintal (46 kg),kg,0.5245652173913044
2014-12-01,24.26,Maize,Panama,Panama City,WHOLESALE,Spanish quintal (46 kg),kg,0.5273913043478261
2015-01-01,24.24,Maize,Panama,Panama City,WHOLESALE,Spanish quintal (46 kg),kg,0.5269565217391304
2015-02-01,24.08,Maize,Panama,Panama City,WHOLESALE,Spanish quintal (46 kg),kg,0.5234782608695652
2015-03-01,23.67,Maize,Panama,Panama City,WHOLESALE,Spanish quintal (46 kg),kg,0.5145652173913043
2015-04-01,23.67,Maize,Panama,Panama City,WHOLESALE,Spanish quintal (46 kg),kg,0.5145652173913043
2015-05-01,24.15,Maize,Panama,Panama City,WHOLESALE,Spanish quintal (46 kg),kg,0.525
2015-06-01,24.42,Maize,Panama,Panama City,WHOLESALE,Spanish quintal (46 kg),kg,0.5308695652173914
2015-07-01,24.57,Maize,Panama,Panama City,WHOLESALE,Spanish quintal (46 kg),kg,0.5341304347826087
2015-08-01,24.47,Maize,Panama,Panama City,WHOLESALE,Spanish quintal (46 kg),kg,0.5319565217391304
2015-09-01,24.39,Maize,Panama,Panama City,WHOLESALE,Spanish quintal (46 kg),kg,0.5302173913043479
2015-10-01,24.87,Maize,Panama,Panama City,WHOLESALE,Spanish quintal (46 kg),kg,0.5406521739130435
2015-11-01,25.86,Maize,Panama,Panama City,WHOLESALE,Spanish quintal (46 kg),kg,0.5621739130434783
2015-12-01,26.13,Maize,Panama,Panama City,WHOLESALE,Spanish quintal (46 kg),kg,0.5680434782608695
2016-01-01,25.58,Maize,Panama,Panama City,WHOLESALE,Spanish quintal (46 kg),kg,0.5560869565217391
2016-02-01,25.29,Maize,Panama,Panama City,WHOLESALE,Spanish quintal (46 kg),kg,0.5497826086956522
2016-03-01,25.92,Maize,Panama,Panama City,WHOLESALE,Spanish quintal (46 kg),kg,0.5634782608695652
2016-04-01,25.46,Maize,Panama,Panama City,WHOLESALE,Spanish quintal (46 kg),kg,0.5534782608695652
2016-05-01,25.81,Maize,Panama,Panama City,WHOLESALE,Spanish quintal (46 kg),kg,0.5610869565217391
2016-06-01,25.7,Maize,Panama,Panama City,WHOLESALE,Spanish quintal (46 kg),kg,0.558695652173913
2016-07-01,25.45,Maize,Panama,Panama City,WHOLESALE,Spanish quintal (46 kg),kg,0.5532608695652174
2016-08-01,25.35,Maize,Panama,Panama City,WHOLESALE,Spanish quintal (46 kg),kg,0.5510869565217391
2016-09-01,25.89,Maize,Panama,Panama City,WHOLESALE,Spanish quintal (46 kg),kg,0.5628260869565217
2016-10-01,26.06,Maize,Panama,Panama City,WHOLESALE,Spanish quintal (46 kg),kg,0.5665217391304348
2016-11-01,26.31,Maize,Panama,Panama City,WHOLESALE,Spanish quintal (46 kg),kg,0.5719565217391304
2016-12-01,26.2,Maize,Panama,Panama City,WHOLESALE,Spanish quintal (46 kg),kg,0.5695652173913043
2017-01-01,26.06,Maize,Panama,Panama City,WHOLESALE,Spanish quintal (46 kg),kg,0.5665217391304348
2017-02-01,23.56,Maize,Panama,Panama City,WHOLESALE,Spanish quintal (46 kg),kg,0.5121739130434783
2017-03-01,23.0,Maize,Panama,Panama City,WHOLESALE,Spanish quintal (46 kg),kg,0.5
2017-04-01,22.82,Maize,Panama,Panama City,WHOLESALE,Spanish quintal (46 kg),kg,0.4960869565217391
2017-05-01,23.06,Maize,Panama,Panama City,WHOLESALE,Spanish quintal (46 kg),kg,0.5013043478260869
2017-06-01,23.0,Maize,Panama,Panama City,WHOLESALE,Spanish quintal (46 kg),kg,0.5
2017-07-01,23.21,Maize,Panama,Panama City,WHOLESALE,Spanish quintal (46 kg),kg,0.5045652173913043
2017-08-01,24.21,Maize,Panama,Panama City,WHOLESALE,Spanish quintal (46 kg),kg,0.5263043478260869
2017-09-01,24.33,Maize,Panama,Panama City,WHOLESALE,Spanish quintal (46 kg),kg,0.5289130434782608
2017-10-01,24.33,Maize,Panama,Panama City,WHOLESALE,Spanish quintal (46 kg),kg,0.5289130434782608
2017-11-01,23.54,Maize,Panama,Panama City,WHOLESALE,Spanish quintal (46 kg),kg,0.5117391304347826
2017-12-01,24.14,Maize,Panama,Panama City,WHOLESALE,Spanish quintal (46 kg),kg,0.5247826086956522
2018-01-01,23.92,Maize,Panama,Panama City,WHOLESALE,Spanish quintal (46 kg),kg,0.52
2018-02-01,23.93,Maize,Panama,Panama City,WHOLESALE,Spanish quintal (46 kg),kg,0.5202173913043479
2018-03-01,23.62,Maize,Panama,Panama City,WHOLESALE,Spanish quintal (46 kg),kg,0.5134782608695653
2018-04-01,22.71,Maize,Panama,Panama City,WHOLESALE,Spanish quintal (46 kg),kg,0.49369565217391304
2018-05-01,23.0,Maize,Panama,Panama City,WHOLESALE,Spanish quintal (46 kg),kg,0.5
2018-06-01,23.0,Maize,Panama,Panama City,WHOLESALE,Spanish quintal (46 kg),kg,0.5
2018-07-01,23.0,Maize,Panama,Panama City,WHOLESALE,Spanish quintal (46 kg),kg,0.5
2018-08-01,23.0,Maize,Panama,Panama City,WHOLESALE,Spanish quintal (46 kg),kg,0.5
2018-09-01,23.22,Maize,Panama,Panama City,WHOLESALE,Spanish quintal (46 kg),kg,0.5047826086956522
2018-10-01,23.0,Maize,Panama,Panama City,WHOLESALE,Spanish quintal (46 kg),kg,0.5
2018-11-01,23.0,Maize,Panama,Panama City,WHOLESALE,Spanish quintal (46 kg),kg,0.5
2018-12-01,23.0,Maize,Panama,Panama City,WHOLESALE,Spanish quintal (46 kg),kg,0.5
2019-01-01,22.95,Maize,Panama,Panama City,WHOLESALE,Spanish quintal (46 kg),kg,0.4989130434782609
2019-02-01,22.7,Maize,Panama,Panama City,WHOLESALE,Spanish quintal (46 kg),kg,0.4934782608695652
2019-03-01,22.55,Maize,Panama,Panama City,WHOLESALE,Spanish quintal (46 kg),kg,0.4902173913043478
2019-04-01,23.33,Maize,Panama,Panama City,WHOLESALE,Spanish quintal (46 kg),kg,0.5071739130434783
2019-05-01,22.83,Maize,Panama,Panama City,WHOLESALE,Spanish quintal (46 kg),kg,0.4963043478260869
2019-06-01,21.9,Maize,Panama,Panama City,WHOLESALE,Spanish quintal (46 kg),kg,0.4760869565217391
2019-07-01,23.0,Maize,Panama,Panama City,WHOLESALE,Spanish quintal (46 kg),kg,0.5
2019-08-01,23.0,Maize,Panama,Panama City,WHOLESALE,Spanish quintal (46 kg),kg,0.5
2019-09-01,22.91,Maize,Panama,Panama City,WHOLESALE,Spanish quintal (46 kg),kg,0.4980434782608696
2019-10-01,22.89,Maize,Panama,Panama City,WHOLESALE,Spanish quintal (46 kg),kg,0.4976086956521739
2019-11-01,23.0,Maize,Panama,Panama City,WHOLESALE,Spanish quintal (46 kg),kg,0.5
2019-12-01,23.0,Maize,Panama,Panama City,WHOLESALE,Spanish quintal (46 kg),kg,0.5
2020-01-01,22.97,Maize,Panama,Panama City,WHOLESALE,Spanish quintal (46 kg),kg,0.4993478260869565
2020-02-01,22.25,Maize,Panama,Panama City,WHOLESALE,Spanish quintal (46 kg),kg,0.483695652173913
2020-03-01,21.43,Maize,Panama,Panama City,WHOLESALE,Spanish quintal (46 kg),kg,0.4658695652173913
2020-04-01,20.63,Maize,Panama,Panama City,WHOLESALE,Spanish quintal (46 kg),kg,0.4484782608695652
2020-05-01,21.39,Maize,Panama,Panama City,WHOLESALE,Spanish quintal (46 kg),kg,0.465
2020-06-01,21.67,Maize,Panama,Panama City,WHOLESALE,Spanish quintal (46 kg),kg,0.47108695652173915
2020-07-01,20.83,Maize,Panama,Panama City,WHOLESALE,Spanish quintal (46 kg),kg,0.4528260869565217
2020-08-01,19.67,Maize,Panama,Panama City,WHOLESALE,Spanish quintal (46 kg),kg,0.42760869565217396
2020-09-01,19.67,Maize,Panama,Panama City,WHOLESALE,Spanish quintal (46 kg),kg,0.42760869565217396
2020-10-01,20.78,Maize,Panama,Panama City,WHOLESALE,Spanish quintal (46 kg),kg,0.45173913043478264
2020-11-01,23.59,Maize,Panama,Panama City,WHOLESALE,Spanish quintal (46 kg),kg,0.5128260869565218
2020-12-01,23.67,Maize,Panama,Panama City,WHOLESALE,Spanish quintal (46 kg),kg,0.5145652173913043
2021-01-01,23.55,Maize,Panama,Panama City,WHOLESALE,Spanish quintal (46 kg),kg,0.5119565217391304
2021-02-01,23.0,Maize,Panama,Panama City,WHOLESALE,Spanish quintal (46 kg),kg,0.5
2021-03-01,21.62,Maize,Panama,Panama City,WHOLESALE,Spanish quintal (46 kg),kg,0.47000000000000003
2021-04-01,20.48,Maize,Panama,Panama City,WHOLESALE,Spanish quintal (46 kg),kg,0.44521739130434784
2021-05-01,19.97,Maize,Panama,Panama City,WHOLESALE,Spanish quintal (46 kg),kg,0.43413043478260865
2021-06-01,21.3,Maize,Panama,Panama City,WHOLESALE,Spanish quintal (46 kg),kg,0.46304347826086956
2021-07-01,22.45,Maize,Panama,Panama City,WHOLESALE,Spanish quintal (46 kg),kg,0.4880434782608695
2021-08-01,22.55,Maize,Panama,Panama City,WHOLESALE,Spanish quintal (46 kg),kg,0.4902173913043478
2021-09-01,23.84,Maize,Panama,Panama City,WHOLESALE,Spanish quintal (46 kg),kg,0.5182608695652174
2021-10-01,26.35,Maize,Panama,Panama City,WHOLESALE,Spanish quintal (46 kg),kg,0.5728260869565218
2021-11-01,27.32,Maize,Panama,Panama City,WHOLESALE,Spanish quintal (46 kg),kg,0.5939130434782609
2021-12-01,26.94,Maize,Panama,Panama City,WHOLESALE,Spanish quintal (46 kg),kg,0.5856521739130435
2022-01-01,24.32,Maize,Panama,Panama City,WHOLESALE,Spanish quintal (46 kg),kg,0.528695652173913
2022-02-01,23.0,Maize,Panama,Panama City,WHOLESALE,Spanish quintal (46 kg),kg,0.5
2022-03-01,23.14,Maize,Panama,Panama City,WHOLESALE,Spanish quintal (46 kg),kg,0.5030434782608696
2022-04-01,24.67,Maize,Panama,Panama City,WHOLESALE,Spanish quintal (46 kg),kg,0.536304347826087
2022-05-01,24.67,Maize,Panama,Panama City,WHOLESALE,Spanish quintal (46 kg),kg,0.536304347826087
2022-06-01,24.81,Maize,Panama,Panama City,WHOLESALE,Spanish quintal (46 kg),kg,0.5393478260869565
2022-07-01,25.89,Maize,Panama,Panama City,WHOLESALE,Spanish quintal (46 kg),kg,0.5628260869565217
2022-08-01,26.33,Maize,Panama,Panama City,WHOLESALE,Spanish quintal (46 kg),kg,0.572391304347826
2022-09-01,26.33,Maize,Panama,Panama City,WHOLESALE,Spanish quintal (46 kg),kg,0.572391304347826
2022-10-01,26.83,Maize,Panama,Panama City,WHOLESALE,Spanish quintal (46 kg),kg,0.5832608695652174
2022-11-01,26.67,Maize,Panama,Panama City,WHOLESALE,Spanish quintal (46 kg),kg,0.5797826086956522
2022-12-01,26.67,Maize,Panama,Panama City,WHOLESALE,Spanish quintal (46 kg),kg,0.5797826086956522
2023-01-01,25.99,Maize,Panama,Panama City,WHOLESALE,Spanish quintal (46 kg),kg,0.565
2023-02-01,26.25,Maize,Panama,Panama City,WHOLESALE,Spanish quintal (46 kg),kg,0.5706521739130435
2023-03-01,26.33,Maize,Panama,Panama City,WHOLESALE,Spanish quintal (46 kg),kg,0.572391304347826
2023-04-01,26.33,Maize,Panama,Panama City,WHOLESALE,Spanish quintal (46 kg),kg,0.572391304347826
2023-05-01,26.27,Maize,Panama,Panama City,WHOLESALE,Spanish quintal (46 kg),kg,0.5710869565217391
2023-06-01,25.67,Maize,Panama,Panama City,WHOLESALE,Spanish quintal (46 kg),kg,0.5580434782608696
2023-07-01,26.34,Maize,Panama,Panama City,WHOLESALE,Spanish quintal (46 kg),kg,0.5726086956521739
2023-08-01,27.3,Maize,Panama,Panama City,WHOLESALE,Spanish quintal (46 kg),kg,0.5934782608695652
2023-09-01,27.33,Maize,Panama,Panama City,WHOLESALE,Spanish quintal (46 kg),kg,0.5941304347826086
2023-10-01,27.33,Maize,Panama,Panama City,WHOLESALE,Spanish quintal (46 kg),kg,0.5941304347826086
2023-11-01,27.49,Maize,Panama,Panama City,WHOLESALE,Spanish quintal (46 kg),kg,0.5976086956521739
2023-12-01,27.67,Maize,Panama,Panama City,WHOLESALE,Spanish quintal (46 kg),kg,0.6015217391304348
2024-01-01,26.39,Maize,Panama,Panama City,WHOLESALE,Spanish quintal (46 kg),kg,0.573695652173913
2024-02-01,24.01,Maize,Panama,Panama City,WHOLESALE,Spanish quintal (46 kg),kg,0.5219565217391304
2024-03-01,23.33,Maize,Panama,Panama City,WHOLESALE,Spanish quintal (46 kg),kg,0.5071739130434783
2024-04-01,23.33,Maize,Panama,Panama City,WHOLESALE,Spanish quintal (46 kg),kg,0.5071739130434783
2024-05-01,23.86,Maize,Panama,Panama City,WHOLESALE,Spanish quintal (46 kg),kg,0.518695652173913
2024-06-01,24.92,Maize,Panama,Panama City,WHOLESALE,Spanish quintal (46 kg),kg,0.5417391304347826
2024-07-01,24.67,Maize,Panama,Panama City,WHOLESALE,Spanish quintal (46 kg),kg,0.536304347826087
2024-08-01,24.67,Maize,Panama,Panama City,WHOLESALE,Spanish quintal (46 kg),kg,0.536304347826087
2024-09-01,24.67,Maize,Panama,Panama City,WHOLESALE,Spanish quintal (46 kg),kg,0.536304347826087
2024-10-01,24.67,Maize,Panama,Panama City,WHOLESALE,Spanish quintal (46 kg),kg,0.536304347826087
2024-11-01,24.67,Maize,Panama,Panama City,WHOLESALE,Spanish quintal (46 kg),kg,0.536304347826087
2024-12-01,24.67,Maize,Panama,Panama City,WHOLESALE,Spanish quintal (46 kg),kg,0.536304347826087
2025-01-01,24.67,Maize,Panama,Panama City,WHOLESALE,Spanish quintal (46 kg),kg,0.536304347826087
2025-02-01,24.67,Maize,Panama,Panama City,WHOLESALE,Spanish quintal (46 kg),kg,0.536304347826087
2025-03-01,24.67,Maize,Panama,Panama City,WHOLESALE,Spanish quintal (46 kg),kg,0.536304347826087
2025-04-01,24.67,Maize,Panama,Panama City,WHOLESALE,Spanish quintal (46 kg),kg,0.536304347826087
2025-05-01,24.93,Maize,Panama,Panama City,WHOLESALE,Spanish quintal (46 kg),kg,0.5419565217391304
2025-06-01,25.33,Maize,Panama,Panama City,WHOLESALE,Spanish quintal (46 kg),kg,0.5506521739130434
2025-07-01,25.22,Maize,Panama,Panama City,WHOLESALE,Spanish quintal (46 kg),kg,0.5482608695652174
2025-08-01,25.19,Maize,Panama,Panama City,WHOLESALE,Spanish quintal (46 kg),kg,0.547608695652174
2025-09-01,26.23,Maize,Panama,Panama City,WHOLESALE,Spanish quintal (46 kg),kg,0.5702173913043478
2025-10-01,25.37,Maize,Panama,Panama City,WHOLESALE,Spanish quintal (46 kg),kg,0.5515217391304348
2009-05-01,0.35,Maize,Rwanda,Eastern province,RETAIL,Kg,kg,0.35
2009-06-01,0.33,Maize,Rwanda,Eastern province,RETAIL,Kg,kg,0.33
2009-07-01,0.3,Maize,Rwanda,Eastern province,RETAIL,Kg,kg,0.3
2009-08-01,0.3,Maize,Rwanda,Eastern province,RETAIL,Kg,kg,0.3
2009-09-01,0.35,Maize,Rwanda,Eastern province,RETAIL,Kg,kg,0.35
2009-10-01,0.4,Maize,Rwanda,Eastern province,RETAIL,Kg,kg,0.4
2009-11-01,0.5,Maize,Rwanda,Eastern province,RETAIL,Kg,kg,0.5
2009-12-01,0.52,Maize,Rwanda,Eastern province,RETAIL,Kg,kg,0.52
2010-01-01,0.41,Maize,Rwanda,Eastern province,RETAIL,Kg,kg,0.41
2010-02-01,0.24,Maize,Rwanda,Eastern province,RETAIL,Kg,kg,0.24
2010-03-01,0.17,Maize,Rwanda,Eastern province,RETAIL,Kg,kg,0.17
2010-04-01,0.19,Maize,Rwanda,Eastern province,RETAIL,Kg,kg,0.19
2010-05-01,0.16,Maize,Rwanda,Eastern province,RETAIL,Kg,kg,0.16
2010-06-01,0.14,Maize,Rwanda,Eastern province,RETAIL,Kg,kg,0.14
2010-07-01,0.14,Maize,Rwanda,Eastern province,RETAIL,Kg,kg,0.14
2010-08-01,0.17,Maize,Rwanda,Eastern province,RETAIL,Kg,kg,0.17
2010-09-01,0.18,Maize,Rwanda,Eastern province,RETAIL,Kg,kg,0.18
2010-10-01,0.17,Maize,Rwanda,Eastern province,RETAIL,Kg,kg,0.17
2010-11-01,0.21,Maize,Rwanda,Eastern province,RETAIL,Kg,kg,0.21
2010-12-01,0.24,Maize,Rwanda,Eastern province,RETAIL,Kg,kg,0.24
2011-01-01,0.28,Maize,Rwanda,Eastern province,RETAIL,Kg,kg,0.28
2011-02-01,0.25,Maize,Rwanda,Eastern province,RETAIL,Kg,kg,0.25
2011-03-01,0.24,Maize,Rwanda,Eastern province,RETAIL,Kg,kg,0.24
2011-04-01,0.28,Maize,Rwanda,Eastern province,RETAIL,Kg,kg,0.28
2011-05-01,0.32,Maize,Rwanda,Eastern province,RETAIL,Kg,kg,0.32
2011-06-01,0.4,Maize,Rwanda,Eastern province,RETAIL,Kg,kg,0.4
2011-07-01,0.35,Maize,Rwanda,Eastern province,RETAIL,Kg,kg,0.35
2011-08-01,0.32,Maize,Rwanda,Eastern province,RETAIL,Kg,kg,0.32
2011-09-01,0.32,Maize,Rwanda,Eastern province,RETAIL,Kg,kg,0.32
2011-10-01,0.34,Maize,Rwanda,Eastern province,RETAIL,Kg,kg,0.34
2011-11-01,0.35,Maize,Rwanda,Eastern province,RETAIL,Kg,kg,0.35
2011-12-01,0.39,Maize,Rwanda,Eastern province,RETAIL,Kg,kg,0.39
2012-01-01,0.37,Maize,Rwanda,Eastern province,RETAIL,Kg,kg,0.37
2012-02-01,0.27,Maize,Rwanda,Eastern province,RETAIL,Kg,kg,0.27
2012-03-01,0.27,Maize,Rwanda,Eastern province,RETAIL,Kg,kg,0.27
2012-04-01,0.33,Maize,Rwanda,Eastern province,RETAIL,Kg,kg,0.33
2012-05-01,0.37,Maize,Rwanda,Eastern province,RETAIL,Kg,kg,0.37
2012-06-01,0.39,Maize,Rwanda,Eastern province,RETAIL,Kg,kg,0.39
2012-07-01,0.39,Maize,Rwanda,Eastern province,RETAIL,Kg,kg,0.39
2012-08-01,0.35,Maize,Rwanda,Eastern province,RETAIL,Kg,kg,0.35
2012-09-01,0.34,Maize,Rwanda,Eastern province,RETAIL,Kg,kg,0.34
2012-10-01,0.4,Maize,Rwanda,Eastern province,RETAIL,Kg,kg,0.4
2012-11-01,0.41,Maize,Rwanda,Eastern province,RETAIL,Kg,kg,0.41
2012-12-01,0.42,Maize,Rwanda,Eastern province,RETAIL,Kg,kg,0.42
2013-01-01,0.44,Maize,Rwanda,Eastern province,RETAIL,Kg,kg,0.44
2013-02-01,0.33,Maize,Rwanda,Eastern province,RETAIL,Kg,kg,0.33
2013-03-01,0.31,Maize,Rwanda,Eastern province,RETAIL,Kg,kg,0.31
2013-04-01,0.32,Maize,Rwanda,Eastern province,RETAIL,Kg,kg,0.32
2013-05-01,0.32,Maize,Rwanda,Eastern province,RETAIL,Kg,kg,0.32
2013-06-01,0.34,Maize,Rwanda,Eastern province,RETAIL,Kg,kg,0.34
2013-07-01,0.35,Maize,Rwanda,Eastern province,RETAIL,Kg,kg,0.35
2013-08-01,0.34,Maize,Rwanda,Eastern province,RETAIL,Kg,kg,0.34
2013-09-01,0.38,Maize,Rwanda,Eastern province,RETAIL,Kg,kg,0.38
2013-10-01,0.45,Maize,Rwanda,Eastern province,RETAIL,Kg,kg,0.45
2013-11-01,0.5,Maize,Rwanda,Eastern province,RETAIL,Kg,kg,0.5
2013-12-01,0.53,Maize,Rwanda,Eastern province,RETAIL,Kg,kg,0.53
2014-01-01,0.39,Maize,Rwanda,Eastern province,RETAIL,Kg,kg,0.39
2014-02-01,0.29,Maize,Rwanda,Eastern province,RETAIL,Kg,kg,0.29
2014-03-01,0.26,Maize,Rwanda,Eastern province,RETAIL,Kg,kg,0.26
2014-04-01,0.27,Maize,Rwanda,Eastern province,RETAIL,Kg,kg,0.27
2014-05-01,0.31,Maize,Rwanda,Eastern province,RETAIL,Kg,kg,0.31
2014-06-01,0.32,Maize,Rwanda,Eastern province,RETAIL,Kg,kg,0.32
2014-07-01,0.32,Maize,Rwanda,Eastern province,RETAIL,Kg,kg,0.32
2014-08-01,0.33,Maize,Rwanda,Eastern province,RETAIL,Kg,kg,0.33
2014-09-01,0.36,Maize,Rwanda,Eastern province,RETAIL,Kg,kg,0.36
2014-10-01,0.35,Maize,Rwanda,Eastern province,RETAIL,Kg,kg,0.35
2014-11-01,0.34,Maize,Rwanda,Eastern province,RETAIL,Kg,kg,0.34
2014-12-01,0.35,Maize,Rwanda,Eastern province,RETAIL,Kg,kg,0.35
2015-01-01,0.27,Maize,Rwanda,Eastern province,RETAIL,Kg,kg,0.27
2015-02-01,,Maize,Rwanda,Eastern province,RETAIL,Kg,kg,
2015-03-01,,Maize,Rwanda,Eastern province,RETAIL,Kg,kg,
2015-04-01,,Maize,Rwanda,Eastern province,RETAIL,Kg,kg,
2015-05-01,,Maize,Rwanda,Eastern province,RETAIL,Kg,kg,
2015-06-01,,Maize,Rwanda,Eastern province,RETAIL,Kg,kg,
2015-07-01,,Maize,Rwanda,Eastern province,RETAIL,Kg,kg,
2015-08-01,,Maize,Rwanda,Eastern province,RETAIL,Kg,kg,
2015-09-01,,Maize,Rwanda,Eastern province,RETAIL,Kg,kg,
2015-10-01,,Maize,Rwanda,Eastern province,RETAIL,Kg,kg,
2015-11-01,,Maize,Rwanda,Eastern province,RETAIL,Kg,kg,
2015-12-01,,Maize,Rwanda,Eastern province,RETAIL,Kg,kg,
2016-01-01,,Maize,Rwanda,Eastern province,RETAIL,Kg,kg,
2016-02-01,,Maize,Rwanda,Eastern province,RETAIL,Kg,kg,
2016-03-01,,Maize,Rwanda,Eastern province,RETAIL,Kg,kg,
2016-04-01,,Maize,Rwanda,Eastern province,RETAIL,Kg,kg,
2016-05-01,,Maize,Rwanda,Eastern province,RETAIL,Kg,kg,
2016-06-01,,Maize,Rwanda,Eastern province,RETAIL,Kg,kg,
2016-07-01,,Maize,Rwanda,Eastern province,RETAIL,Kg,kg,
2016-08-01,,Maize,Rwanda,Eastern province,RETAIL,Kg,kg,
2016-09-01,,Maize,Rwanda,Eastern province,RETAIL,Kg,kg,
2016-10-01,,Maize,Rwanda,Eastern province,RETAIL,Kg,kg,
2016-11-01,,Maize,Rwanda,Eastern province,RETAIL,Kg,kg,
2016-12-01,,Maize,Rwanda,Eastern province,RETAIL,Kg,kg,
2017-01-01,,Maize,Rwanda,Eastern province,RETAIL,Kg,kg,
2017-02-01,,Maize,Rwanda,Eastern province,RETAIL,Kg,kg,
2017-03-01,,Maize,Rwanda,Eastern province,RETAIL,Kg,kg,
2017-04-01,,Maize,Rwanda,Eastern province,RETAIL,Kg,kg,
2017-05-01,,Maize,Rwanda,Eastern province,RETAIL,Kg,kg,
2017-06-01,,Maize,Rwanda,Eastern province,RETAIL,Kg,kg,
2017-07-01,0.4,Maize,Rwanda,Eastern province,RETAIL,Kg,kg,0.4
2017-08-01,0.37,Maize,Rwanda,Eastern province,RETAIL,Kg,kg,0.37
2017-09-01,0.41,Maize,Rwanda,Eastern province,RETAIL,Kg,kg,0.41
2017-10-01,0.39,Maize,Rwanda,Eastern province,RETAIL,Kg,kg,0.39
2017-11-01,0.38,Maize,Rwanda,Eastern province,RETAIL,Kg,kg,0.38
2017-12-01,0.37,Maize,Rwanda,Eastern province,RETAIL,Kg,kg,0.37
2018-01-01,0.31,Maize,Rwanda,Eastern province,RETAIL,Kg,kg,0.31
2018-02-01,0.23,Maize,Rwanda,Eastern province,RETAIL,Kg,kg,0.23
2018-03-01,0.22,Maize,Rwanda,Eastern province,RETAIL,Kg,kg,0.22
2018-04-01,0.22,Maize,Rwanda,Eastern province,RETAIL,Kg,kg,0.22
2018-05-01,0.21,Maize,Rwanda,Eastern province,RETAIL,Kg,kg,0.21
2018-06-01,0.21,Maize,Rwanda,Eastern province,RETAIL,Kg,kg,0.21
2018-07-01,0.2,Maize,Rwanda,Eastern province,RETAIL,Kg,kg,0.2
2018-08-01,,Maize,Rwanda,Eastern province,RETAIL,Kg,kg,
2018-09-01,,Maize,Rwanda,Eastern province,RETAIL,Kg,kg,
2018-10-01,,Maize,Rwanda,Eastern province,RETAIL,Kg,kg,
2018-11-01,,Maize,Rwanda,Eastern province,RETAIL,Kg,kg,
2018-12-01,,Maize,Rwanda,Eastern province,RETAIL,Kg,kg,
2019-01-01,,Maize,Rwanda,Eastern province,RETAIL,Kg,kg,
2019-02-01,,Maize,Rwanda,Eastern province,RETAIL,Kg,kg,
2019-03-01,,Maize,Rwanda,Eastern province,RETAIL,Kg,kg,
2019-04-01,0.29,Maize,Rwanda,Eastern province,RETAIL,Kg,kg,0.29
2019-05-01,0.31,Maize,Rwanda,Eastern province,RETAIL,Kg,kg,0.31
2019-06-01,0.34,Maize,Rwanda,Eastern province,RETAIL,Kg,kg,0.34
2019-07-01,0.35,Maize,Rwanda,Eastern province,RETAIL,Kg,kg,0.35
2019-08-01,0.35,Maize,Rwanda,Eastern province,RETAIL,Kg,kg,0.35
2019-09-01,0.38,Maize,Rwanda,Eastern province,RETAIL,Kg,kg,0.38
2019-10-01,0.44,Maize,Rwanda,Eastern province,RETAIL,Kg,kg,0.44
2019-11-01,0.49,Maize,Rwanda,Eastern province,RETAIL,Kg,kg,0.49
2019-12-01,0.55,Maize,Rwanda,Eastern province,RETAIL,Kg,kg,0.55
2020-01-01,0.53,Maize,Rwanda,Eastern province,RETAIL,Kg,kg,0.53
2020-02-01,0.35,Maize,Rwanda,Eastern province,RETAIL,Kg,kg,0.35
2020-03-01,0.29,Maize,Rwanda,Eastern province,RETAIL,Kg,kg,0.29
2020-04-01,0.29,Maize,Rwanda,Eastern province,RETAIL,Kg,kg,0.29
2020-05-01,0.29,Maize,Rwanda,Eastern province,RETAIL,Kg,kg,0.29
2020-06-01,0.28,Maize,Rwanda,Eastern province,RETAIL,Kg,kg,0.28
2020-07-01,,Maize,Rwanda,Eastern province,RETAIL,Kg,kg,
2020-08-01,0.26,Maize,Rwanda,Eastern province,RETAIL,Kg,kg,0.26
2020-09-01,,Maize,Rwanda,Eastern province,RETAIL,Kg,kg,
2020-10-01,,Maize,Rwanda,Eastern province,RETAIL,Kg,kg,
2020-11-01,0.37,Maize,Rwanda,Eastern province,RETAIL,Kg,kg,0.37
2020-12-01,0.41,Maize,Rwanda,Eastern province,RETAIL,Kg,kg,0.41
2021-01-01,0.47,Maize,Rwanda,Eastern province,RETAIL,Kg,kg,0.47
2021-02-01,0.31,Maize,Rwanda,Eastern province,RETAIL,Kg,kg,0.31
2021-03-01,0.21,Maize,Rwanda,Eastern province,RETAIL,Kg,kg,0.21
2021-04-01,0.19,Maize,Rwanda,Eastern province,RETAIL,Kg,kg,0.19
2021-05-01,0.19,Maize,Rwanda,Eastern province,RETAIL,Kg,kg,0.19
2021-06-01,0.2,Maize,Rwanda,Eastern province,RETAIL,Kg,kg,0.2
2021-07-01,0.22,Maize,Rwanda,Eastern province,RETAIL,Kg,kg,0.22
2021-08-01,0.22,Maize,Rwanda,Eastern province,RETAIL,Kg,kg,0.22
2021-09-01,0.25,Maize,Rwanda,Eastern province,RETAIL,Kg,kg,0.25
2021-10-01,0.31,Maize,Rwanda,Eastern province,RETAIL,Kg,kg,0.31
2021-11-01,0.33,Maize,Rwanda,Eastern province,RETAIL,Kg,kg,0.33
2021-12-01,0.37,Maize,Rwanda,Eastern province,RETAIL,Kg,kg,0.37
2022-01-01,0.4,Maize,Rwanda,Eastern province,RETAIL,Kg,kg,0.4
2022-02-01,0.31,Maize,Rwanda,Eastern province,RETAIL,Kg,kg,0.31
2022-03-01,0.28,Maize,Rwanda,Eastern province,RETAIL,Kg,kg,0.28
2022-04-01,0.32,Maize,Rwanda,Eastern province,RETAIL,Kg,kg,0.32
2022-05-01,0.36,Maize,Rwanda,Eastern province,RETAIL,Kg,kg,0.36
2022-06-01,0.41,Maize,Rwanda,Eastern province,RETAIL,Kg,kg,0.41
2022-07-01,0.44,Maize,Rwanda,Eastern province,RETAIL,Kg,kg,0.44
2022-08-01,0.46,Maize,Rwanda,Eastern province,RETAIL,Kg,kg,0.46
2022-09-01,0.52,Maize,Rwanda,Eastern province,RETAIL,Kg,kg,0.52
2022-10-01,0.58,Maize,Rwanda,Eastern province,RETAIL,Kg,kg,0.58
2022-11-01,0.63,Maize,Rwanda,Eastern province,RETAIL,Kg,kg,0.63
2022-12-01,0.66,Maize,Rwanda,Eastern province,RETAIL,Kg,kg,0.66
2023-01-01,0.55,Maize,Rwanda,Eastern province,RETAIL,Kg,kg,0.55
2023-02-01,0.41,Maize,Rwanda,Eastern province,RETAIL,Kg,kg,0.41
2023-03-01,0.45,Maize,Rwanda,Eastern province,RETAIL,Kg,kg,0.45
2023-04-01,0.44,Maize,Rwanda,Eastern province,RETAIL,Kg,kg,0.44
2023-05-01,0.44,Maize,Rwanda,Eastern province,RETAIL,Kg,kg,0.44
2023-06-01,0.48,Maize,Rwanda,Eastern province,RETAIL,Kg,kg,0.48
2023-07-01,0.48,Maize,Rwanda,Eastern province,RETAIL,Kg,kg,0.48
2023-08-01,0.48,Maize,Rwanda,Eastern province,RETAIL,Kg,kg,0.48
2023-09-01,0.5,Maize,Rwanda,Eastern province,RETAIL,Kg,kg,0.5
2023-10-01,0.48,Maize,Rwanda,Eastern province,RETAIL,Kg,kg,0.48
2023-11-01,0.46,Maize,Rwanda,Eastern province,RETAIL,Kg,kg,0.46
2023-12-01,0.43,Maize,Rwanda,Eastern province,RETAIL,Kg,kg,0.43
2024-01-01,0.35,Maize,Rwanda,Eastern province,RETAIL,Kg,kg,0.35
2024-02-01,0.27,Maize,Rwanda,Eastern province,RETAIL,Kg,kg,0.27
2024-03-01,0.26,Maize,Rwanda,Eastern province,RETAIL,Kg,kg,0.26
2024-04-01,0.25,Maize,Rwanda,Eastern province,RETAIL,Kg,kg,0.25
2024-05-01,0.25,Maize,Rwanda,Eastern province,RETAIL,Kg,kg,0.25
2024-06-01,0.26,Maize,Rwanda,Eastern province,RETAIL,Kg,kg,0.26
2024-07-01,0.26,Maize,Rwanda,Eastern province,RETAIL,Kg,kg,0.26
2024-08-01,0.28,Maize,Rwanda,Eastern province,RETAIL,Kg,kg,0.28
2024-09-01,0.3,Maize,Rwanda,Eastern province,RETAIL,Kg,kg,0.3
2024-10-01,0.34,Maize,Rwanda,Eastern province,RETAIL,Kg,kg,0.34
2024-11-01,0.41,Maize,Rwanda,Eastern province,RETAIL,Kg,kg,0.41
2024-12-01,0.42,Maize,Rwanda,Eastern province,RETAIL,Kg,kg,0.42
2025-01-01,0.42,Maize,Rwanda,Eastern province,RETAIL,Kg,kg,0.42
2025-02-01,0.34,Maize,Rwanda,Eastern province,RETAIL,Kg,kg,0.34
2025-03-01,0.3,Maize,Rwanda,Eastern province,RETAIL,Kg,kg,0.3
2025-04-01,0.32,Maize,Rwanda,Eastern province,RETAIL,Kg,kg,0.32
2025-05-01,0.35,Maize,Rwanda,Eastern province,RETAIL,Kg,kg,0.35
2025-06-01,0.37,Maize,Rwanda,Eastern province,RETAIL,Kg,kg,0.37
2025-07-01,0.38,Maize,Rwanda,Eastern province,RETAIL,Kg,kg,0.38
2025-08-01,0.38,Maize,Rwanda,Eastern province,RETAIL,Kg,kg,0.38
2025-09-01,0.39,Maize,Rwanda,Eastern province,RETAIL,Kg,kg,0.39
2025-10-01,0.41,Maize,Rwanda,Eastern province,RETAIL,Kg,kg,0.41
2009-05-01,0.45,Maize,Rwanda,Kigali,RETAIL,Kg,kg,0.45
2009-06-01,0.49,Maize,Rwanda,Kigali,RETAIL,Kg,kg,0.49
2009-07-01,0.41,Maize,Rwanda,Kigali,RETAIL,Kg,kg,0.41
2009-08-01,0.41,Maize,Rwanda,Kigali,RETAIL,Kg,kg,0.41
2009-09-01,0.44,Maize,Rwanda,Kigali,RETAIL,Kg,kg,0.44
2009-10-01,0.5,Maize,Rwanda,Kigali,RETAIL,Kg,kg,0.5
2009-11-01,0.56,Maize,Rwanda,Kigali,RETAIL,Kg,kg,0.56
2009-12-01,0.6,Maize,Rwanda,Kigali,RETAIL,Kg,kg,0.6
2010-01-01,0.63,Maize,Rwanda,Kigali,RETAIL,Kg,kg,0.63
2010-02-01,0.49,Maize,Rwanda,Kigali,RETAIL,Kg,kg,0.49
2010-03-01,0.46,Maize,Rwanda,Kigali,RETAIL,Kg,kg,0.46
2010-04-01,0.35,Maize,Rwanda,Kigali,RETAIL,Kg,kg,0.35
2010-05-01,0.4,Maize,Rwanda,Kigali,RETAIL,Kg,kg,0.4
2010-06-01,0.35,Maize,Rwanda,Kigali,RETAIL,Kg,kg,0.35
2010-07-01,0.35,Maize,Rwanda,Kigali,RETAIL,Kg,kg,0.35
2010-08-01,0.32,Maize,Rwanda,Kigali,RETAIL,Kg,kg,0.32
2010-09-01,0.32,Maize,Rwanda,Kigali,RETAIL,Kg,kg,0.32
2010-10-01,0.33,Maize,Rwanda,Kigali,RETAIL,Kg,kg,0.33
2010-11-01,0.35,Maize,Rwanda,Kigali,RETAIL,Kg,kg,0.35
2010-12-01,0.31,Maize,Rwanda,Kigali,RETAIL,Kg,kg,0.31
2011-01-01,0.37,Maize,Rwanda,Kigali,RETAIL,Kg,kg,0.37
2011-02-01,0.36,Maize,Rwanda,Kigali,RETAIL,Kg,kg,0.36
2011-03-01,0.36,Maize,Rwanda,Kigali,RETAIL,Kg,kg,0.36
2011-04-01,0.43,Maize,Rwanda,Kigali,RETAIL,Kg,kg,0.43
2011-05-01,0.43,Maize,Rwanda,Kigali,RETAIL,Kg,kg,0.43
2011-06-01,0.41,Maize,Rwanda,Kigali,RETAIL,Kg,kg,0.41
2011-07-01,0.41,Maize,Rwanda,Kigali,RETAIL,Kg,kg,0.41
2011-08-01,0.39,Maize,Rwanda,Kigali,RETAIL,Kg,kg,0.39
2011-09-01,0.4,Maize,Rwanda,Kigali,RETAIL,Kg,kg,0.4
2011-10-01,0.42,Maize,Rwanda,Kigali,RETAIL,Kg,kg,0.42
2011-11-01,0.45,Maize,Rwanda,Kigali,RETAIL,Kg,kg,0.45
2011-12-01,0.46,Maize,Rwanda,Kigali,RETAIL,Kg,kg,0.46
2012-01-01,0.45,Maize,Rwanda,Kigali,RETAIL,Kg,kg,0.45
2012-02-01,0.39,Maize,Rwanda,Kigali,RETAIL,Kg,kg,0.39
2012-03-01,0.37,Maize,Rwanda,Kigali,RETAIL,Kg,kg,0.37
2012-04-01,0.4,Maize,Rwanda,Kigali,RETAIL,Kg,kg,0.4
2012-05-01,0.42,Maize,Rwanda,Kigali,RETAIL,Kg,kg,0.42
2012-06-01,0.47,Maize,Rwanda,Kigali,RETAIL,Kg,kg,0.47
2012-07-01,0.47,Maize,Rwanda,Kigali,RETAIL,Kg,kg,0.47
2012-08-01,0.45,Maize,Rwanda,Kigali,RETAIL,Kg,kg,0.45
2012-09-01,0.47,Maize,Rwanda,Kigali,RETAIL,Kg,kg,0.47
2012-10-01,0.47,Maize,Rwanda,Kigali,RETAIL,Kg,kg,0.47
2012-11-01,0.47,Maize,Rwanda,Kigali,RETAIL,Kg,kg,0.47
2012-12-01,0.48,Maize,Rwanda,Kigali,RETAIL,Kg,kg,0.48
2013-01-01,0.45,Maize,Rwanda,Kigali,RETAIL,Kg,kg,0.45
2013-02-01,0.47,Maize,Rwanda,Kigali,RETAIL,Kg,kg,0.47
2013-03-01,0.44,Maize,Rwanda,Kigali,RETAIL,Kg,kg,0.44
2013-04-01,0.41,Maize,Rwanda,Kigali,RETAIL,Kg,kg,0.41
2013-05-01,0.4,Maize,Rwanda,Kigali,RETAIL,Kg,kg,0.4
2013-06-01,0.41,Maize,Rwanda,Kigali,RETAIL,Kg,kg,0.41
2013-07-01,0.42,Maize,Rwanda,Kigali,RETAIL,Kg,kg,0.42
2013-08-01,0.41,Maize,Rwanda,Kigali,RETAIL,Kg,kg,0.41
2013-09-01,0.45,Maize,Rwanda,Kigali,RETAIL,Kg,kg,0.45
2013-10-01,0.53,Maize,Rwanda,Kigali,RETAIL,Kg,kg,0.53
2013-11-01,0.57,Maize,Rwanda,Kigali,RETAIL,Kg,kg,0.57
2013-12-01,0.58,Maize,Rwanda,Kigali,RETAIL,Kg,kg,0.58
2014-01-01,0.48,Maize,Rwanda,Kigali,RETAIL,Kg,kg,0.48
2014-02-01,0.41,Maize,Rwanda,Kigali,RETAIL,Kg,kg,0.41
2014-03-01,0.37,Maize,Rwanda,Kigali,RETAIL,Kg,kg,0.37
2014-04-01,0.37,Maize,Rwanda,Kigali,RETAIL,Kg,kg,0.37
2014-05-01,0.38,Maize,Rwanda,Kigali,RETAIL,Kg,kg,0.38
2014-06-01,0.39,Maize,Rwanda,Kigali,RETAIL,Kg,kg,0.39
2014-07-01,0.39,Maize,Rwanda,Kigali,RETAIL,Kg,kg,0.39
2014-08-01,0.4,Maize,Rwanda,Kigali,RETAIL,Kg,kg,0.4
2014-09-01,0.4,Maize,Rwanda,Kigali,RETAIL,Kg,kg,0.4
2014-10-01,0.43,Maize,Rwanda,Kigali,RETAIL,Kg,kg,0.43
2014-11-01,0.44,Maize,Rwanda,Kigali,RETAIL,Kg,kg,0.44
2014-12-01,0.41,Maize,Rwanda,Kigali,RETAIL,Kg,kg,0.41
2015-01-01,0.38,Maize,Rwanda,Kigali,RETAIL,Kg,kg,0.38
2015-02-01,,Maize,Rwanda,Kigali,RETAIL,Kg,kg,
2015-03-01,,Maize,Rwanda,Kigali,RETAIL,Kg,kg,
2015-04-01,,Maize,Rwanda,Kigali,RETAIL,Kg,kg,
2015-05-01,,Maize,Rwanda,Kigali,RETAIL,Kg,kg,
2015-06-01,,Maize,Rwanda,Kigali,RETAIL,Kg,kg,
2015-07-01,,Maize,Rwanda,Kigali,RETAIL,Kg,kg,
2015-08-01,,Maize,Rwanda,Kigali,RETAIL,Kg,kg,
2015-09-01,,Maize,Rwanda,Kigali,RETAIL,Kg,kg,
2015-10-01,,Maize,Rwanda,Kigali,RETAIL,Kg,kg,
2015-11-01,,Maize,Rwanda,Kigali,RETAIL,Kg,kg,
2015-12-01,,Maize,Rwanda,Kigali,RETAIL,Kg,kg,
2016-01-01,,Maize,Rwanda,Kigali,RETAIL,Kg,kg,
2016-02-01,,Maize,Rwanda,Kigali,RETAIL,Kg,kg,
2016-03-01,,Maize,Rwanda,Kigali,RETAIL,Kg,kg,
2016-04-01,,Maize,Rwanda,Kigali,RETAIL,Kg,kg,
2016-05-01,,Maize,Rwanda,Kigali,RETAIL,Kg,kg,
2016-06-01,,Maize,Rwanda,Kigali,RETAIL,Kg,kg,
2016-07-01,,Maize,Rwanda,Kigali,RETAIL,Kg,kg,
2016-08-01,,Maize,Rwanda,Kigali,RETAIL,Kg,kg,
2016-09-01,,Maize,Rwanda,Kigali,RETAIL,Kg,kg,
2016-10-01,,Maize,Rwanda,Kigali,RETAIL,Kg,kg,
2016-11-01,,Maize,Rwanda,Kigali,RETAIL,Kg,kg,
2016-12-01,,Maize,Rwanda,Kigali,RETAIL,Kg,kg,
2017-01-01,,Maize,Rwanda,Kigali,RETAIL,Kg,kg,
2017-02-01,,Maize,Rwanda,Kigali,RETAIL,Kg,kg,
2017-03-01,,Maize,Rwanda,Kigali,RETAIL,Kg,kg,
2017-04-01,,Maize,Rwanda,Kigali,RETAIL,Kg,kg,
2017-05-01,,Maize,Rwanda,Kigali,RETAIL,Kg,kg,
2017-06-01,,Maize,Rwanda,Kigali,RETAIL,Kg,kg,
2017-07-01,0.52,Maize,Rwanda,Kigali,RETAIL,Kg,kg,0.52
2017-08-01,0.52,Maize,Rwanda,Kigali,RETAIL,Kg,kg,0.52
2017-09-01,0.53,Maize,Rwanda,Kigali,RETAIL,Kg,kg,0.53
2017-10-01,0.5,Maize,Rwanda,Kigali,RETAIL,Kg,kg,0.5
2017-11-01,0.48,Maize,Rwanda,Kigali,RETAIL,Kg,kg,0.48
2017-12-01,0.47,Maize,Rwanda,Kigali,RETAIL,Kg,kg,0.47
2018-01-01,0.44,Maize,Rwanda,Kigali,RETAIL,Kg,kg,0.44
2018-02-01,0.42,Maize,Rwanda,Kigali,RETAIL,Kg,kg,0.42
2018-03-01,0.4,Maize,Rwanda,Kigali,RETAIL,Kg,kg,0.4
2018-04-01,0.4,Maize,Rwanda,Kigali,RETAIL,Kg,kg,0.4
2018-05-01,0.4,Maize,Rwanda,Kigali,RETAIL,Kg,kg,0.4
2018-06-01,0.37,Maize,Rwanda,Kigali,RETAIL,Kg,kg,0.37
2018-07-01,0.35,Maize,Rwanda,Kigali,RETAIL,Kg,kg,0.35
2018-08-01,,Maize,Rwanda,Kigali,RETAIL,Kg,kg,
2018-09-01,,Maize,Rwanda,Kigali,RETAIL,Kg,kg,
2018-10-01,,Maize,Rwanda,Kigali,RETAIL,Kg,kg,
2018-11-01,,Maize,Rwanda,Kigali,RETAIL,Kg,kg,
2018-12-01,,Maize,Rwanda,Kigali,RETAIL,Kg,kg,
2019-01-01,,Maize,Rwanda,Kigali,RETAIL,Kg,kg,
2019-02-01,,Maize,Rwanda,Kigali,RETAIL,Kg,kg,
2019-03-01,,Maize,Rwanda,Kigali,RETAIL,Kg,kg,
2019-04-01,0.33,Maize,Rwanda,Kigali,RETAIL,Kg,kg,0.33
2019-05-01,0.36,Maize,Rwanda,Kigali,RETAIL,Kg,kg,0.36
2019-06-01,0.37,Maize,Rwanda,Kigali,RETAIL,Kg,kg,0.37
2019-07-01,0.37,Maize,Rwanda,Kigali,RETAIL,Kg,kg,0.37
2019-08-01,0.39,Maize,Rwanda,Kigali,RETAIL,Kg,kg,0.39
2019-09-01,0.43,Maize,Rwanda,Kigali,RETAIL,Kg,kg,0.43
2019-10-01,0.47,Maize,Rwanda,Kigali,RETAIL,Kg,kg,0.47
2019-11-01,0.54,Maize,Rwanda,Kigali,RETAIL,Kg,kg,0.54
2019-12-01,0.6,Maize,Rwanda,Kigali,RETAIL,Kg,kg,0.6
2020-01-01,0.59,Maize,Rwanda,Kigali,RETAIL,Kg,kg,0.59
2020-02-01,0.48,Maize,Rwanda,Kigali,RETAIL,Kg,kg,0.48
2020-03-01,0.43,Maize,Rwanda,Kigali,RETAIL,Kg,kg,0.43
2020-04-01,0.43,Maize,Rwanda,Kigali,RETAIL,Kg,kg,0.43
2020-05-01,0.38,Maize,Rwanda,Kigali,RETAIL,Kg,kg,0.38
2020-06-01,0.35,Maize,Rwanda,Kigali,RETAIL,Kg,kg,0.35
2020-07-01,,Maize,Rwanda,Kigali,RETAIL,Kg,kg,
2020-08-01,0.34,Maize,Rwanda,Kigali,RETAIL,Kg,kg,0.34
2020-09-01,,Maize,Rwanda,Kigali,RETAIL,Kg,kg,
2020-10-01,,Maize,Rwanda,Kigali,RETAIL,Kg,kg,
2020-11-01,0.46,Maize,Rwanda,Kigali,RETAIL,Kg,kg,0.46
2020-12-01,0.46,Maize,Rwanda,Kigali,RETAIL,Kg,kg,0.46
2021-01-01,0.44,Maize,Rwanda,Kigali,RETAIL,Kg,kg,0.44
2021-02-01,0.37,Maize,Rwanda,Kigali,RETAIL,Kg,kg,0.37
2021-03-01,0.32,Maize,Rwanda,Kigali,RETAIL,Kg,kg,0.32
2021-04-01,0.29,Maize,Rwanda,Kigali,RETAIL,Kg,kg,0.29
2021-05-01,0.27,Maize,Rwanda,Kigali,RETAIL,Kg,kg,0.27
2021-06-01,0.26,Maize,Rwanda,Kigali,RETAIL,Kg,kg,0.26
2021-07-01,0.25,Maize,Rwanda,Kigali,RETAIL,Kg,kg,0.25
2021-08-01,0.25,Maize,Rwanda,Kigali,RETAIL,Kg,kg,0.25
2021-09-01,0.26,Maize,Rwanda,Kigali,RETAIL,Kg,kg,0.26
2021-10-01,0.31,Maize,Rwanda,Kigali,RETAIL,Kg,kg,0.31
2021-11-01,0.34,Maize,Rwanda,Kigali,RETAIL,Kg,kg,0.34
2021-12-01,0.37,Maize,Rwanda,Kigali,RETAIL,Kg,kg,0.37
2022-01-01,0.42,Maize,Rwanda,Kigali,RETAIL,Kg,kg,0.42
2022-02-01,0.39,Maize,Rwanda,Kigali,RETAIL,Kg,kg,0.39
2022-03-01,0.39,Maize,Rwanda,Kigali,RETAIL,Kg,kg,0.39
2022-04-01,0.4,Maize,Rwanda,Kigali,RETAIL,Kg,kg,0.4
2022-05-01,0.41,Maize,Rwanda,Kigali,RETAIL,Kg,kg,0.41
2022-06-01,0.43,Maize,Rwanda,Kigali,RETAIL,Kg,kg,0.43
2022-07-01,0.48,Maize,Rwanda,Kigali,RETAIL,Kg,kg,0.48
2022-08-01,0.48,Maize,Rwanda,Kigali,RETAIL,Kg,kg,0.48
2022-09-01,0.5,Maize,Rwanda,Kigali,RETAIL,Kg,kg,0.5
2022-10-01,0.6,Maize,Rwanda,Kigali,RETAIL,Kg,kg,0.6
2022-11-01,0.67,Maize,Rwanda,Kigali,RETAIL,Kg,kg,0.67
2022-12-01,0.68,Maize,Rwanda,Kigali,RETAIL,Kg,kg,0.68
2023-01-01,0.61,Maize,Rwanda,Kigali,RETAIL,Kg,kg,0.61
2023-02-01,0.52,Maize,Rwanda,Kigali,RETAIL,Kg,kg,0.52
2023-03-01,0.59,Maize,Rwanda,Kigali,RETAIL,Kg,kg,0.59
2023-04-01,0.56,Maize,Rwanda,Kigali,RETAIL,Kg,kg,0.56
2023-05-01,0.51,Maize,Rwanda,Kigali,RETAIL,Kg,kg,0.51
2023-06-01,0.58,Maize,Rwanda,Kigali,RETAIL,Kg,kg,0.58
2023-07-01,0.58,Maize,Rwanda,Kigali,RETAIL,Kg,kg,0.58
2023-08-01,0.62,Maize,Rwanda,Kigali,RETAIL,Kg,kg,0.62
2023-09-01,0.57,Maize,Rwanda,Kigali,RETAIL,Kg,kg,0.57
2023-10-01,0.52,Maize,Rwanda,Kigali,RETAIL,Kg,kg,0.52
2023-11-01,0.51,Maize,Rwanda,Kigali,RETAIL,Kg,kg,0.51
2023-12-01,0.49,Maize,Rwanda,Kigali,RETAIL,Kg,kg,0.49
2024-01-01,0.43,Maize,Rwanda,Kigali,RETAIL,Kg,kg,0.43
2024-02-01,0.37,Maize,Rwanda,Kigali,RETAIL,Kg,kg,0.37
2024-03-01,0.33,Maize,Rwanda,Kigali,RETAIL,Kg,kg,0.33
2024-04-01,0.32,Maize,Rwanda,Kigali,RETAIL,Kg,kg,0.32
2024-05-01,0.31,Maize,Rwanda,Kigali,RETAIL,Kg,kg,0.31
2024-06-01,0.31,Maize,Rwanda,Kigali,RETAIL,Kg,kg,0.31
2024-07-01,0.33,Maize,Rwanda,Kigali,RETAIL,Kg,kg,0.33
2024-08-01,0.34,Maize,Rwanda,Kigali,RETAIL,Kg,kg,0.34
2024-09-01,0.35,Maize,Rwanda,Kigali,RETAIL,Kg,kg,0.35
2024-10-01,0.41,Maize,Rwanda,Kigali,RETAIL,Kg,kg,0.41
2024-11-01,0.45,Maize,Rwanda,Kigali,RETAIL,Kg,kg,0.45
2024-12-01,0.47,Maize,Rwanda,Kigali,RETAIL,Kg,kg,0.47
2025-01-01,0.45,Maize,Rwanda,Kigali,RETAIL,Kg,kg,0.45
2025-02-01,0.41,Maize,Rwanda,Kigali,RETAIL,Kg,kg,0.41
2025-03-01,0.39,Maize,Rwanda,Kigali,RETAIL,Kg,kg,0.39
2025-04-01,0.41,Maize,Rwanda,Kigali,RETAIL,Kg,kg,0.41
2025-05-01,0.45,Maize,Rwanda,Kigali,RETAIL,Kg,kg,0.45
2025-06-01,0.46,Maize,Rwanda,Kigali,RETAIL,Kg,kg,0.46
2025-07-01,0.46,Maize,Rwanda,Kigali,RETAIL,Kg,kg,0.46
2025-08-01,0.46,Maize,Rwanda,Kigali,RETAIL,Kg,kg,0.46
2025-09-01,0.45,Maize,Rwanda,Kigali,RETAIL,Kg,kg,0.45
2025-10-01,0.45,Maize,Rwanda,Kigali,RETAIL,Kg,kg,0.45
2008-01-01,0.33,Maize,Rwanda,National Average,RETAIL,Kg,kg,0.33
2008-02-01,0.29,Maize,Rwanda,National Average,RETAIL,Kg,kg,0.29
2008-03-01,0.28,Maize,Rwanda,National Average,RETAIL,Kg,kg,0.28
2008-04-01,0.29,Maize,Rwanda,National Average,RETAIL,Kg,kg,0.29
2008-05-01,0.29,Maize,Rwanda,National Average,RETAIL,Kg,kg,0.29
2008-06-01,0.32,Maize,Rwanda,National Average,RETAIL,Kg,kg,0.32
2008-07-01,0.36,Maize,Rwanda,National Average,RETAIL,Kg,kg,0.36
2008-08-01,0.36,Maize,Rwanda,National Average,RETAIL,Kg,kg,0.36
2008-09-01,0.41,Maize,Rwanda,National Average,RETAIL,Kg,kg,0.41
2008-10-01,0.46,Maize,Rwanda,National Average,RETAIL,Kg,kg,0.46
2008-11-01,0.46,Maize,Rwanda,National Average,RETAIL,Kg,kg,0.46
2008-12-01,0.45,Maize,Rwanda,National Average,RETAIL,Kg,kg,0.45
2009-01-01,0.4,Maize,Rwanda,National Average,RETAIL,Kg,kg,0.4
2009-02-01,0.38,Maize,Rwanda,National Average,RETAIL,Kg,kg,0.38
2009-03-01,0.36,Maize,Rwanda,National Average,RETAIL,Kg,kg,0.36
2009-04-01,0.37,Maize,Rwanda,National Average,RETAIL,Kg,kg,0.37
2009-05-01,0.37,Maize,Rwanda,National Average,RETAIL,Kg,kg,0.37
2009-06-01,0.38,Maize,Rwanda,National Average,RETAIL,Kg,kg,0.38
2009-07-01,0.37,Maize,Rwanda,National Average,RETAIL,Kg,kg,0.37
2009-08-01,0.38,Maize,Rwanda,National Average,RETAIL,Kg,kg,0.38
2009-09-01,0.41,Maize,Rwanda,National Average,RETAIL,Kg,kg,0.41
2009-10-01,0.47,Maize,Rwanda,National Average,RETAIL,Kg,kg,0.47
2009-11-01,0.51,Maize,Rwanda,National Average,RETAIL,Kg,kg,0.51
2009-12-01,0.52,Maize,Rwanda,National Average,RETAIL,Kg,kg,0.52
2010-01-01,0.45,Maize,Rwanda,National Average,RETAIL,Kg,kg,0.45
2010-02-01,0.35,Maize,Rwanda,National Average,RETAIL,Kg,kg,0.35
2010-03-01,0.32,Maize,Rwanda,National Average,RETAIL,Kg,kg,0.32
2010-04-01,0.3,Maize,Rwanda,National Average,RETAIL,Kg,kg,0.3
2010-05-01,0.29,Maize,Rwanda,National Average,RETAIL,Kg,kg,0.29
2010-06-01,0.25,Maize,Rwanda,National Average,RETAIL,Kg,kg,0.25
2010-07-01,0.25,Maize,Rwanda,National Average,RETAIL,Kg,kg,0.25
2010-08-01,0.25,Maize,Rwanda,National Average,RETAIL,Kg,kg,0.25
2010-09-01,0.27,Maize,Rwanda,National Average,RETAIL,Kg,kg,0.27
2010-10-01,0.3,Maize,Rwanda,National Average,RETAIL,Kg,kg,0.3
2010-11-01,0.34,Maize,Rwanda,National Average,RETAIL,Kg,kg,0.34
2010-12-01,0.31,Maize,Rwanda,National Average,RETAIL,Kg,kg,0.31
2011-01-01,0.34,Maize,Rwanda,National Average,RETAIL,Kg,kg,0.34
2011-02-01,0.3,Maize,Rwanda,National Average,RETAIL,Kg,kg,0.3
2011-03-01,0.29,Maize,Rwanda,National Average,RETAIL,Kg,kg,0.29
2011-04-01,0.33,Maize,Rwanda,National Average,RETAIL,Kg,kg,0.33
2011-05-01,0.35,Maize,Rwanda,National Average,RETAIL,Kg,kg,0.35
2011-06-01,0.41,Maize,Rwanda,National Average,RETAIL,Kg,kg,0.41
2011-07-01,0.45,Maize,Rwanda,National Average,RETAIL,Kg,kg,0.45
2011-08-01,0.38,Maize,Rwanda,National Average,RETAIL,Kg,kg,0.38
2011-09-01,0.38,Maize,Rwanda,National Average,RETAIL,Kg,kg,0.38
2011-10-01,0.39,Maize,Rwanda,National Average,RETAIL,Kg,kg,0.39
2011-11-01,0.4,Maize,Rwanda,National Average,RETAIL,Kg,kg,0.4
2011-12-01,0.43,Maize,Rwanda,National Average,RETAIL,Kg,kg,0.43
2012-01-01,0.43,Maize,Rwanda,National Average,RETAIL,Kg,kg,0.43
2012-02-01,0.37,Maize,Rwanda,National Average,RETAIL,Kg,kg,0.37
2012-03-01,0.34,Maize,Rwanda,National Average,RETAIL,Kg,kg,0.34
2012-04-01,0.37,Maize,Rwanda,National Average,RETAIL,Kg,kg,0.37
2012-05-01,0.39,Maize,Rwanda,National Average,RETAIL,Kg,kg,0.39
2012-06-01,0.43,Maize,Rwanda,National Average,RETAIL,Kg,kg,0.43
2012-07-01,0.44,Maize,Rwanda,National Average,RETAIL,Kg,kg,0.44
2012-08-01,0.43,Maize,Rwanda,National Average,RETAIL,Kg,kg,0.43
2012-09-01,0.44,Maize,Rwanda,National Average,RETAIL,Kg,kg,0.44
2012-10-01,0.45,Maize,Rwanda,National Average,RETAIL,Kg,kg,0.45
2012-11-01,0.43,Maize,Rwanda,National Average,RETAIL,Kg,kg,0.43
2012-12-01,0.46,Maize,Rwanda,National Average,RETAIL,Kg,kg,0.46
2013-01-01,0.48,Maize,Rwanda,National Average,RETAIL,Kg,kg,0.48
2013-02-01,0.41,Maize,Rwanda,National Average,RETAIL,Kg,kg,0.41
2013-03-01,0.37,Maize,Rwanda,National Average,RETAIL,Kg,kg,0.37
2013-04-01,0.37,Maize,Rwanda,National Average,RETAIL,Kg,kg,0.37
2013-05-01,0.36,Maize,Rwanda,National Average,RETAIL,Kg,kg,0.36
2013-06-01,0.36,Maize,Rwanda,National Average,RETAIL,Kg,kg,0.36
2013-07-01,0.35,Maize,Rwanda,National Average,RETAIL,Kg,kg,0.35
2013-08-01,0.34,Maize,Rwanda,National Average,RETAIL,Kg,kg,0.34
2013-09-01,0.38,Maize,Rwanda,National Average,RETAIL,Kg,kg,0.38
2013-10-01,0.45,Maize,Rwanda,National Average,RETAIL,Kg,kg,0.45
2013-11-01,0.48,Maize,Rwanda,National Average,RETAIL,Kg,kg,0.48
2013-12-01,0.5,Maize,Rwanda,National Average,RETAIL,Kg,kg,0.5
2014-01-01,0.45,Maize,Rwanda,National Average,RETAIL,Kg,kg,0.45
2014-02-01,0.38,Maize,Rwanda,National Average,RETAIL,Kg,kg,0.38
2014-03-01,0.32,Maize,Rwanda,National Average,RETAIL,Kg,kg,0.32
2014-04-01,0.31,Maize,Rwanda,National Average,RETAIL,Kg,kg,0.31
2014-05-01,0.33,Maize,Rwanda,National Average,RETAIL,Kg,kg,0.33
2014-06-01,0.35,Maize,Rwanda,National Average,RETAIL,Kg,kg,0.35
2014-07-01,0.36,Maize,Rwanda,National Average,RETAIL,Kg,kg,0.36
2014-08-01,0.36,Maize,Rwanda,National Average,RETAIL,Kg,kg,0.36
2014-09-01,0.37,Maize,Rwanda,National Average,RETAIL,Kg,kg,0.37
2014-10-01,0.38,Maize,Rwanda,National Average,RETAIL,Kg,kg,0.38
2014-11-01,0.37,Maize,Rwanda,National Average,RETAIL,Kg,kg,0.37
2014-12-01,0.36,Maize,Rwanda,National Average,RETAIL,Kg,kg,0.36
2015-01-01,0.32,Maize,Rwanda,National Average,RETAIL,Kg,kg,0.32
2015-02-01,0.27,Maize,Rwanda,National Average,RETAIL,Kg,kg,0.27
2015-03-01,0.26,Maize,Rwanda,National Average,RETAIL,Kg,kg,0.26
2015-04-01,0.29,Maize,Rwanda,National Average,RETAIL,Kg,kg,0.29
2015-05-01,0.3,Maize,Rwanda,National Average,RETAIL,Kg,kg,0.3
2015-06-01,0.31,Maize,Rwanda,National Average,RETAIL,Kg,kg,0.31
2015-07-01,0.32,Maize,Rwanda,National Average,RETAIL,Kg,kg,0.32
2015-08-01,0.33,Maize,Rwanda,National Average,RETAIL,Kg,kg,0.33
2015-09-01,0.34,Maize,Rwanda,National Average,RETAIL,Kg,kg,0.34
2015-10-01,0.34,Maize,Rwanda,National Average,RETAIL,Kg,kg,0.34
2015-11-01,0.37,Maize,Rwanda,National Average,RETAIL,Kg,kg,0.37
2015-12-01,0.4,Maize,Rwanda,National Average,RETAIL,Kg,kg,0.4
2016-01-01,,Maize,Rwanda,National Average,RETAIL,Kg,kg,
2016-02-01,,Maize,Rwanda,National Average,RETAIL,Kg,kg,
2016-03-01,,Maize,Rwanda,National Average,RETAIL,Kg,kg,
2016-04-01,,Maize,Rwanda,National Average,RETAIL,Kg,kg,
2016-05-01,,Maize,Rwanda,National Average,RETAIL,Kg,kg,
2016-06-01,,Maize,Rwanda,National Average,RETAIL,Kg,kg,
2016-07-01,,Maize,Rwanda,National Average,RETAIL,Kg,kg,
2016-08-01,0.37,Maize,Rwanda,National Average,RETAIL,Kg,kg,0.37
2016-09-01,0.36,Maize,Rwanda,National Average,RETAIL,Kg,kg,0.36
2016-10-01,0.4,Maize,Rwanda,National Average,RETAIL,Kg,kg,0.4
2016-11-01,0.46,Maize,Rwanda,National Average,RETAIL,Kg,kg,0.46
2016-12-01,0.5,Maize,Rwanda,National Average,RETAIL,Kg,kg,0.5
2017-01-01,0.42,Maize,Rwanda,National Average,RETAIL,Kg,kg,0.42
2017-02-01,0.4,Maize,Rwanda,National Average,RETAIL,Kg,kg,0.4
2017-03-01,0.38,Maize,Rwanda,National Average,RETAIL,Kg,kg,0.38
2017-04-01,0.44,Maize,Rwanda,National Average,RETAIL,Kg,kg,0.44
2017-05-01,0.45,Maize,Rwanda,National Average,RETAIL,Kg,kg,0.45
2017-06-01,0.47,Maize,Rwanda,National Average,RETAIL,Kg,kg,0.47
2017-07-01,0.42,Maize,Rwanda,National Average,RETAIL,Kg,kg,0.42
2017-08-01,0.38,Maize,Rwanda,National Average,RETAIL,Kg,kg,0.38
2017-09-01,0.45,Maize,Rwanda,National Average,RETAIL,Kg,kg,0.45
2017-10-01,0.4,Maize,Rwanda,National Average,RETAIL,Kg,kg,0.4
2017-11-01,0.35,Maize,Rwanda,National Average,RETAIL,Kg,kg,0.35
2017-12-01,0.31,Maize,Rwanda,National Average,RETAIL,Kg,kg,0.31
2018-01-01,0.3,Maize,Rwanda,National Average,RETAIL,Kg,kg,0.3
2018-02-01,0.27,Maize,Rwanda,National Average,RETAIL,Kg,kg,0.27
2018-03-01,0.24,Maize,Rwanda,National Average,RETAIL,Kg,kg,0.24
2018-04-01,0.23,Maize,Rwanda,National Average,RETAIL,Kg,kg,0.23
2018-05-01,0.23,Maize,Rwanda,National Average,RETAIL,Kg,kg,0.23
2018-06-01,0.23,Maize,Rwanda,National Average,RETAIL,Kg,kg,0.23
2018-07-01,0.22,Maize,Rwanda,National Average,RETAIL,Kg,kg,0.22
2018-08-01,0.21,Maize,Rwanda,National Average,RETAIL,Kg,kg,0.21
2018-09-01,0.21,Maize,Rwanda,National Average,RETAIL,Kg,kg,0.21
2018-10-01,0.22,Maize,Rwanda,National Average,RETAIL,Kg,kg,0.22
2018-11-01,0.22,Maize,Rwanda,National Average,RETAIL,Kg,kg,0.22
2018-12-01,0.23,Maize,Rwanda,National Average,RETAIL,Kg,kg,0.23
2019-01-01,0.28,Maize,Rwanda,National Average,RETAIL,Kg,kg,0.28
2019-02-01,0.27,Maize,Rwanda,National Average,RETAIL,Kg,kg,0.27
2019-03-01,0.27,Maize,Rwanda,National Average,RETAIL,Kg,kg,0.27
2019-04-01,0.26,Maize,Rwanda,National Average,RETAIL,Kg,kg,0.26
2019-05-01,0.3,Maize,Rwanda,National Average,RETAIL,Kg,kg,0.3
2019-06-01,0.31,Maize,Rwanda,National Average,RETAIL,Kg,kg,0.31
2019-07-01,0.37,Maize,Rwanda,National Average,RETAIL,Kg,kg,0.37
2019-08-01,0.35,Maize,Rwanda,National Average,RETAIL,Kg,kg,0.35
2019-09-01,0.38,Maize,Rwanda,National Average,RETAIL,Kg,kg,0.38
2019-10-01,0.45,Maize,Rwanda,National Average,RETAIL,Kg,kg,0.45
2019-11-01,0.55,Maize,Rwanda,National Average,RETAIL,Kg,kg,0.55
2019-12-01,0.57,Maize,Rwanda,National Average,RETAIL,Kg,kg,0.57
2020-01-01,0.49,Maize,Rwanda,National Average,RETAIL,Kg,kg,0.49
2020-02-01,0.32,Maize,Rwanda,National Average,RETAIL,Kg,kg,0.32
2020-03-01,0.29,Maize,Rwanda,National Average,RETAIL,Kg,kg,0.29
2020-04-01,0.31,Maize,Rwanda,National Average,RETAIL,Kg,kg,0.31
2020-05-01,0.28,Maize,Rwanda,National Average,RETAIL,Kg,kg,0.28
2020-06-01,0.3,Maize,Rwanda,National Average,RETAIL,Kg,kg,0.3
2020-07-01,0.31,Maize,Rwanda,National Average,RETAIL,Kg,kg,0.31
2020-08-01,0.3,Maize,Rwanda,National Average,RETAIL,Kg,kg,0.3
2020-09-01,0.33,Maize,Rwanda,National Average,RETAIL,Kg,kg,0.33
2020-10-01,0.36,Maize,Rwanda,National Average,RETAIL,Kg,kg,0.36
2020-11-01,0.36,Maize,Rwanda,National Average,RETAIL,Kg,kg,0.36
2020-12-01,0.37,Maize,Rwanda,National Average,RETAIL,Kg,kg,0.37
2021-01-01,0.38,Maize,Rwanda,National Average,RETAIL,Kg,kg,0.38
2021-02-01,0.3,Maize,Rwanda,National Average,RETAIL,Kg,kg,0.3
2021-03-01,0.25,Maize,Rwanda,National Average,RETAIL,Kg,kg,0.25
2021-04-01,0.23,Maize,Rwanda,National Average,RETAIL,Kg,kg,0.23
2021-05-01,0.23,Maize,Rwanda,National Average,RETAIL,Kg,kg,0.23
2021-06-01,0.23,Maize,Rwanda,National Average,RETAIL,Kg,kg,0.23
2021-07-01,0.23,Maize,Rwanda,National Average,RETAIL,Kg,kg,0.23
2021-08-01,0.25,Maize,Rwanda,National Average,RETAIL,Kg,kg,0.25
2021-09-01,0.28,Maize,Rwanda,National Average,RETAIL,Kg,kg,0.28
2021-10-01,0.31,Maize,Rwanda,National Average,RETAIL,Kg,kg,0.31
2021-11-01,0.36,Maize,Rwanda,National Average,RETAIL,Kg,kg,0.36
2021-12-01,0.38,Maize,Rwanda,National Average,RETAIL,Kg,kg,0.38
2022-01-01,0.38,Maize,Rwanda,National Average,RETAIL,Kg,kg,0.38
2022-02-01,0.29,Maize,Rwanda,National Average,RETAIL,Kg,kg,0.29
2022-03-01,0.29,Maize,Rwanda,National Average,RETAIL,Kg,kg,0.29
2022-04-01,0.34,Maize,Rwanda,National Average,RETAIL,Kg,kg,0.34
2022-05-01,0.36,Maize,Rwanda,National Average,RETAIL,Kg,kg,0.36
2022-06-01,0.42,Maize,Rwanda,National Average,RETAIL,Kg,kg,0.42
2022-07-01,0.46,Maize,Rwanda,National Average,RETAIL,Kg,kg,0.46
2022-08-01,0.46,Maize,Rwanda,National Average,RETAIL,Kg,kg,0.46
2022-09-01,0.53,Maize,Rwanda,National Average,RETAIL,Kg,kg,0.53
2022-10-01,0.63,Maize,Rwanda,National Average,RETAIL,Kg,kg,0.63
2022-11-01,0.65,Maize,Rwanda,National Average,RETAIL,Kg,kg,0.65
2022-12-01,0.66,Maize,Rwanda,National Average,RETAIL,Kg,kg,0.66
2023-01-01,0.6,Maize,Rwanda,National Average,RETAIL,Kg,kg,0.6
2023-02-01,0.46,Maize,Rwanda,National Average,RETAIL,Kg,kg,0.46
2023-03-01,0.51,Maize,Rwanda,National Average,RETAIL,Kg,kg,0.51
2023-04-01,0.45,Maize,Rwanda,National Average,RETAIL,Kg,kg,0.45
2023-05-01,0.47,Maize,Rwanda,National Average,RETAIL,Kg,kg,0.47
2023-06-01,0.51,Maize,Rwanda,National Average,RETAIL,Kg,kg,0.51
2023-07-01,0.5,Maize,Rwanda,National Average,RETAIL,Kg,kg,0.5
2023-08-01,0.5,Maize,Rwanda,National Average,RETAIL,Kg,kg,0.5
2023-09-01,0.52,Maize,Rwanda,National Average,RETAIL,Kg,kg,0.52
2023-10-01,0.48,Maize,Rwanda,National Average,RETAIL,Kg,kg,0.48
2023-11-01,0.47,Maize,Rwanda,National Average,RETAIL,Kg,kg,0.47
2023-12-01,0.4,Maize,Rwanda,National Average,RETAIL,Kg,kg,0.4
2024-01-01,0.34,Maize,Rwanda,National Average,RETAIL,Kg,kg,0.34
2024-02-01,0.26,Maize,Rwanda,National Average,RETAIL,Kg,kg,0.26
2024-03-01,0.24,Maize,Rwanda,National Average,RETAIL,Kg,kg,0.24
2024-04-01,0.25,Maize,Rwanda,National Average,RETAIL,Kg,kg,0.25
2024-05-01,0.25,Maize,Rwanda,National Average,RETAIL,Kg,kg,0.25
2024-06-01,0.25,Maize,Rwanda,National Average,RETAIL,Kg,kg,0.25
2024-07-01,0.27,Maize,Rwanda,National Average,RETAIL,Kg,kg,0.27
2024-08-01,0.28,Maize,Rwanda,National Average,RETAIL,Kg,kg,0.28
2024-09-01,0.31,Maize,Rwanda,National Average,RETAIL,Kg,kg,0.31
2024-10-01,0.35,Maize,Rwanda,National Average,RETAIL,Kg,kg,0.35
2024-11-01,0.4,Maize,Rwanda,National Average,RETAIL,Kg,kg,0.4
2024-12-01,0.41,Maize,Rwanda,National Average,RETAIL,Kg,kg,0.41
2025-01-01,0.42,Maize,Rwanda,National Average,RETAIL,Kg,kg,0.42
2025-02-01,0.35,Maize,Rwanda,National Average,RETAIL,Kg,kg,0.35
2025-03-01,0.31,Maize,Rwanda,National Average,RETAIL,Kg,kg,0.31
2025-04-01,0.34,Maize,Rwanda,National Average,RETAIL,Kg,kg,0.34
2025-05-01,0.36,Maize,Rwanda,National Average,RETAIL,Kg,kg,0.36
2025-06-01,0.37,Maize,Rwanda,National Average,RETAIL,Kg,kg,0.37
2025-07-01,0.37,Maize,Rwanda,National Average,RETAIL,Kg,kg,0.37
2025-08-01,0.39,Maize,Rwanda,National Average,RETAIL,Kg,kg,0.39
2025-09-01,0.42,Maize,Rwanda,National Average,RETAIL,Kg,kg,0.42
2025-10-01,0.43,Maize,Rwanda,National Average,RETAIL,Kg,kg,0.43
2009-05-01,0.39,Maize,Rwanda,Northern province,RETAIL,Kg,kg,0.39
2009-06-01,0.39,Maize,Rwanda,Northern province,RETAIL,Kg,kg,0.39
2009-07-01,0.39,Maize,Rwanda,Northern province,RETAIL,Kg,kg,0.39
2009-08-01,0.38,Maize,Rwanda,Northern province,RETAIL,Kg,kg,0.38
2009-09-01,0.43,Maize,Rwanda,Northern province,RETAIL,Kg,kg,0.43
2009-10-01,0.45,Maize,Rwanda,Northern province,RETAIL,Kg,kg,0.45
2009-11-01,0.47,Maize,Rwanda,Northern province,RETAIL,Kg,kg,0.47
2009-12-01,0.48,Maize,Rwanda,Northern province,RETAIL,Kg,kg,0.48
2010-01-01,0.45,Maize,Rwanda,Northern province,RETAIL,Kg,kg,0.45
2010-02-01,0.34,Maize,Rwanda,Northern province,RETAIL,Kg,kg,0.34
2010-03-01,0.31,Maize,Rwanda,Northern province,RETAIL,Kg,kg,0.31
2010-04-01,0.27,Maize,Rwanda,Northern province,RETAIL,Kg,kg,0.27
2010-05-01,0.25,Maize,Rwanda,Northern province,RETAIL,Kg,kg,0.25
2010-06-01,0.23,Maize,Rwanda,Northern province,RETAIL,Kg,kg,0.23
2010-07-01,0.21,Maize,Rwanda,Northern province,RETAIL,Kg,kg,0.21
2010-08-01,0.19,Maize,Rwanda,Northern province,RETAIL,Kg,kg,0.19
2010-09-01,0.2,Maize,Rwanda,Northern province,RETAIL,Kg,kg,0.2
2010-10-01,0.18,Maize,Rwanda,Northern province,RETAIL,Kg,kg,0.18
2010-11-01,0.27,Maize,Rwanda,Northern province,RETAIL,Kg,kg,0.27
2010-12-01,0.28,Maize,Rwanda,Northern province,RETAIL,Kg,kg,0.28
2011-01-01,0.31,Maize,Rwanda,Northern province,RETAIL,Kg,kg,0.31
2011-02-01,0.27,Maize,Rwanda,Northern province,RETAIL,Kg,kg,0.27
2011-03-01,0.24,Maize,Rwanda,Northern province,RETAIL,Kg,kg,0.24
2011-04-01,0.28,Maize,Rwanda,Northern province,RETAIL,Kg,kg,0.28
2011-05-01,0.31,Maize,Rwanda,Northern province,RETAIL,Kg,kg,0.31
2011-06-01,0.4,Maize,Rwanda,Northern province,RETAIL,Kg,kg,0.4
2011-07-01,0.42,Maize,Rwanda,Northern province,RETAIL,Kg,kg,0.42
2011-08-01,0.41,Maize,Rwanda,Northern province,RETAIL,Kg,kg,0.41
2011-09-01,0.38,Maize,Rwanda,Northern province,RETAIL,Kg,kg,0.38
2011-10-01,0.39,Maize,Rwanda,Northern province,RETAIL,Kg,kg,0.39
2011-11-01,0.41,Maize,Rwanda,Northern province,RETAIL,Kg,kg,0.41
2011-12-01,0.41,Maize,Rwanda,Northern province,RETAIL,Kg,kg,0.41
2012-01-01,0.4,Maize,Rwanda,Northern province,RETAIL,Kg,kg,0.4
2012-02-01,0.34,Maize,Rwanda,Northern province,RETAIL,Kg,kg,0.34
2012-03-01,0.28,Maize,Rwanda,Northern province,RETAIL,Kg,kg,0.28
2012-04-01,0.35,Maize,Rwanda,Northern province,RETAIL,Kg,kg,0.35
2012-05-01,0.41,Maize,Rwanda,Northern province,RETAIL,Kg,kg,0.41
2012-06-01,0.46,Maize,Rwanda,Northern province,RETAIL,Kg,kg,0.46
2012-07-01,0.48,Maize,Rwanda,Northern province,RETAIL,Kg,kg,0.48
2012-08-01,0.45,Maize,Rwanda,Northern province,RETAIL,Kg,kg,0.45
2012-09-01,0.43,Maize,Rwanda,Northern province,RETAIL,Kg,kg,0.43
2012-10-01,0.42,Maize,Rwanda,Northern province,RETAIL,Kg,kg,0.42
2012-11-01,0.42,Maize,Rwanda,Northern province,RETAIL,Kg,kg,0.42
2012-12-01,0.45,Maize,Rwanda,Northern province,RETAIL,Kg,kg,0.45
2013-01-01,0.47,Maize,Rwanda,Northern province,RETAIL,Kg,kg,0.47
2013-02-01,0.4,Maize,Rwanda,Northern province,RETAIL,Kg,kg,0.4
2013-03-01,0.32,Maize,Rwanda,Northern province,RETAIL,Kg,kg,0.32
2013-04-01,0.33,Maize,Rwanda,Northern province,RETAIL,Kg,kg,0.33
2013-05-01,0.32,Maize,Rwanda,Northern province,RETAIL,Kg,kg,0.32
2013-06-01,0.33,Maize,Rwanda,Northern province,RETAIL,Kg,kg,0.33
2013-07-01,0.33,Maize,Rwanda,Northern province,RETAIL,Kg,kg,0.33
2013-08-01,0.33,Maize,Rwanda,Northern province,RETAIL,Kg,kg,0.33
2013-09-01,0.38,Maize,Rwanda,Northern province,RETAIL,Kg,kg,0.38
2013-10-01,0.43,Maize,Rwanda,Northern province,RETAIL,Kg,kg,0.43
2013-11-01,0.46,Maize,Rwanda,Northern province,RETAIL,Kg,kg,0.46
2013-12-01,0.49,Maize,Rwanda,Northern province,RETAIL,Kg,kg,0.49
2014-01-01,0.43,Maize,Rwanda,Northern province,RETAIL,Kg,kg,0.43
2014-02-01,0.38,Maize,Rwanda,Northern province,RETAIL,Kg,kg,0.38
2014-03-01,0.29,Maize,Rwanda,Northern province,RETAIL,Kg,kg,0.29
2014-04-01,0.28,Maize,Rwanda,Northern province,RETAIL,Kg,kg,0.28
2014-05-01,0.3,Maize,Rwanda,Northern province,RETAIL,Kg,kg,0.3
2014-06-01,0.33,Maize,Rwanda,Northern province,RETAIL,Kg,kg,0.33
2014-07-01,0.32,Maize,Rwanda,Northern province,RETAIL,Kg,kg,0.32
2014-08-01,0.35,Maize,Rwanda,Northern province,RETAIL,Kg,kg,0.35
2014-09-01,0.37,Maize,Rwanda,Northern province,RETAIL,Kg,kg,0.37
2014-10-01,0.37,Maize,Rwanda,Northern province,RETAIL,Kg,kg,0.37
2014-11-01,0.34,Maize,Rwanda,Northern province,RETAIL,Kg,kg,0.34
2014-12-01,0.33,Maize,Rwanda,Northern province,RETAIL,Kg,kg,0.33
2015-01-01,0.33,Maize,Rwanda,Northern province,RETAIL,Kg,kg,0.33
2015-02-01,,Maize,Rwanda,Northern province,RETAIL,Kg,kg,
2015-03-01,,Maize,Rwanda,Northern province,RETAIL,Kg,kg,
2015-04-01,,Maize,Rwanda,Northern province,RETAIL,Kg,kg,
2015-05-01,,Maize,Rwanda,Northern province,RETAIL,Kg,kg,
2015-06-01,,Maize,Rwanda,Northern province,RETAIL,Kg,kg,
2015-07-01,,Maize,Rwanda,Northern province,RETAIL,Kg,kg,
2015-08-01,,Maize,Rwanda,Northern province,RETAIL,Kg,kg,
2015-09-01,,Maize,Rwanda,Northern province,RETAIL,Kg,kg,
2015-10-01,,Maize,Rwanda,Northern province,RETAIL,Kg,kg,
2015-11-01,,Maize,Rwanda,Northern province,RETAIL,Kg,kg,
2015-12-01,,Maize,Rwanda,Northern province,RETAIL,Kg,kg,
2016-01-01,,Maize,Rwanda,Northern province,RETAIL,Kg,kg,
2016-02-01,,Maize,Rwanda,Northern province,RETAIL,Kg,kg,
2016-03-01,,Maize,Rwanda,Northern province,RETAIL,Kg,kg,
2016-04-01,,Maize,Rwanda,Northern province,RETAIL,Kg,kg,
2016-05-01,,Maize,Rwanda,Northern province,RETAIL,Kg,kg,
2016-06-01,,Maize,Rwanda,Northern province,RETAIL,Kg,kg,
2016-07-01,,Maize,Rwanda,Northern province,RETAIL,Kg,kg,
2016-08-01,,Maize,Rwanda,Northern province,RETAIL,Kg,kg,
2016-09-01,,Maize,Rwanda,Northern province,RETAIL,Kg,kg,
2016-10-01,,Maize,Rwanda,Northern province,RETAIL,Kg,kg,
2016-11-01,,Maize,Rwanda,Northern province,RETAIL,Kg,kg,
2016-12-01,,Maize,Rwanda,Northern province,RETAIL,Kg,kg,
2017-01-01,,Maize,Rwanda,Northern province,RETAIL,Kg,kg,
2017-02-01,,Maize,Rwanda,Northern province,RETAIL,Kg,kg,
2017-03-01,,Maize,Rwanda,Northern province,RETAIL,Kg,kg,
2017-04-01,,Maize,Rwanda,Northern province,RETAIL,Kg,kg,
2017-05-01,,Maize,Rwanda,Northern province,RETAIL,Kg,kg,
2017-06-01,,Maize,Rwanda,Northern province,RETAIL,Kg,kg,
2017-07-01,0.45,Maize,Rwanda,Northern province,RETAIL,Kg,kg,0.45
2017-08-01,0.41,Maize,Rwanda,Northern province,RETAIL,Kg,kg,0.41
2017-09-01,0.41,Maize,Rwanda,Northern province,RETAIL,Kg,kg,0.41
2017-10-01,0.42,Maize,Rwanda,Northern province,RETAIL,Kg,kg,0.42
2017-11-01,0.38,Maize,Rwanda,Northern province,RETAIL,Kg,kg,0.38
2017-12-01,0.36,Maize,Rwanda,Northern province,RETAIL,Kg,kg,0.36
2018-01-01,0.32,Maize,Rwanda,Northern province,RETAIL,Kg,kg,0.32
2018-02-01,0.3,Maize,Rwanda,Northern province,RETAIL,Kg,kg,0.3
2018-03-01,0.26,Maize,Rwanda,Northern province,RETAIL,Kg,kg,0.26
2018-04-01,0.26,Maize,Rwanda,Northern province,RETAIL,Kg,kg,0.26
2018-05-01,0.25,Maize,Rwanda,Northern province,RETAIL,Kg,kg,0.25
2018-06-01,0.24,Maize,Rwanda,Northern province,RETAIL,Kg,kg,0.24
2018-07-01,0.24,Maize,Rwanda,Northern province,RETAIL,Kg,kg,0.24
2018-08-01,,Maize,Rwanda,Northern province,RETAIL,Kg,kg,
2018-09-01,,Maize,Rwanda,Northern province,RETAIL,Kg,kg,
2018-10-01,,Maize,Rwanda,Northern province,RETAIL,Kg,kg,
2018-11-01,,Maize,Rwanda,Northern province,RETAIL,Kg,kg,
2018-12-01,,Maize,Rwanda,Northern province,RETAIL,Kg,kg,
2019-01-01,,Maize,Rwanda,Northern province,RETAIL,Kg,kg,
2019-02-01,,Maize,Rwanda,Northern province,RETAIL,Kg,kg,
2019-03-01,,Maize,Rwanda,Northern province,RETAIL,Kg,kg,
2019-04-01,0.27,Maize,Rwanda,Northern province,RETAIL,Kg,kg,0.27
2019-05-01,0.3,Maize,Rwanda,Northern province,RETAIL,Kg,kg,0.3
2019-06-01,0.32,Maize,Rwanda,Northern province,RETAIL,Kg,kg,0.32
2019-07-01,0.37,Maize,Rwanda,Northern province,RETAIL,Kg,kg,0.37
2019-08-01,0.39,Maize,Rwanda,Northern province,RETAIL,Kg,kg,0.39
2019-09-01,0.4,Maize,Rwanda,Northern province,RETAIL,Kg,kg,0.4
2019-10-01,0.45,Maize,Rwanda,Northern province,RETAIL,Kg,kg,0.45
2019-11-01,0.52,Maize,Rwanda,Northern province,RETAIL,Kg,kg,0.52
2019-12-01,0.57,Maize,Rwanda,Northern province,RETAIL,Kg,kg,0.57
2020-01-01,0.54,Maize,Rwanda,Northern province,RETAIL,Kg,kg,0.54
2020-02-01,0.43,Maize,Rwanda,Northern province,RETAIL,Kg,kg,0.43
2020-03-01,0.33,Maize,Rwanda,Northern province,RETAIL,Kg,kg,0.33
2020-04-01,0.32,Maize,Rwanda,Northern province,RETAIL,Kg,kg,0.32
2020-05-01,0.28,Maize,Rwanda,Northern province,RETAIL,Kg,kg,0.28
2020-06-01,0.28,Maize,Rwanda,Northern province,RETAIL,Kg,kg,0.28
2020-07-01,,Maize,Rwanda,Northern province,RETAIL,Kg,kg,
2020-08-01,0.31,Maize,Rwanda,Northern province,RETAIL,Kg,kg,0.31
2020-09-01,,Maize,Rwanda,Northern province,RETAIL,Kg,kg,
2020-10-01,,Maize,Rwanda,Northern province,RETAIL,Kg,kg,
2020-11-01,0.38,Maize,Rwanda,Northern province,RETAIL,Kg,kg,0.38
2020-12-01,0.39,Maize,Rwanda,Northern province,RETAIL,Kg,kg,0.39
2021-01-01,0.4,Maize,Rwanda,Northern province,RETAIL,Kg,kg,0.4
2021-02-01,0.36,Maize,Rwanda,Northern province,RETAIL,Kg,kg,0.36
2021-03-01,0.29,Maize,Rwanda,Northern province,RETAIL,Kg,kg,0.29
2021-04-01,0.25,Maize,Rwanda,Northern province,RETAIL,Kg,kg,0.25
2021-05-01,0.23,Maize,Rwanda,Northern province,RETAIL,Kg,kg,0.23
2021-06-01,0.23,Maize,Rwanda,Northern province,RETAIL,Kg,kg,0.23
2021-07-01,0.23,Maize,Rwanda,Northern province,RETAIL,Kg,kg,0.23
2021-08-01,0.24,Maize,Rwanda,Northern province,RETAIL,Kg,kg,0.24
2021-09-01,0.27,Maize,Rwanda,Northern province,RETAIL,Kg,kg,0.27
2021-10-01,0.33,Maize,Rwanda,Northern province,RETAIL,Kg,kg,0.33
2021-11-01,0.33,Maize,Rwanda,Northern province,RETAIL,Kg,kg,0.33
2021-12-01,0.36,Maize,Rwanda,Northern province,RETAIL,Kg,kg,0.36
2022-01-01,0.41,Maize,Rwanda,Northern province,RETAIL,Kg,kg,0.41
2022-02-01,0.34,Maize,Rwanda,Northern province,RETAIL,Kg,kg,0.34
2022-03-01,0.28,Maize,Rwanda,Northern province,RETAIL,Kg,kg,0.28
2022-04-01,0.32,Maize,Rwanda,Northern province,RETAIL,Kg,kg,0.32
2022-05-01,0.37,Maize,Rwanda,Northern province,RETAIL,Kg,kg,0.37
2022-06-01,0.43,Maize,Rwanda,Northern province,RETAIL,Kg,kg,0.43
2022-07-01,0.49,Maize,Rwanda,Northern province,RETAIL,Kg,kg,0.49
2022-08-01,0.5,Maize,Rwanda,Northern province,RETAIL,Kg,kg,0.5
2022-09-01,0.56,Maize,Rwanda,Northern province,RETAIL,Kg,kg,0.56
2022-10-01,0.62,Maize,Rwanda,Northern province,RETAIL,Kg,kg,0.62
2022-11-01,0.64,Maize,Rwanda,Northern province,RETAIL,Kg,kg,0.64
2022-12-01,0.65,Maize,Rwanda,Northern province,RETAIL,Kg,kg,0.65
2023-01-01,0.55,Maize,Rwanda,Northern province,RETAIL,Kg,kg,0.55
2023-02-01,0.48,Maize,Rwanda,Northern province,RETAIL,Kg,kg,0.48
2023-03-01,0.47,Maize,Rwanda,Northern province,RETAIL,Kg,kg,0.47
2023-04-01,0.46,Maize,Rwanda,Northern province,RETAIL,Kg,kg,0.46
2023-05-01,0.46,Maize,Rwanda,Northern province,RETAIL,Kg,kg,0.46
2023-06-01,0.5,Maize,Rwanda,Northern province,RETAIL,Kg,kg,0.5
2023-07-01,0.52,Maize,Rwanda,Northern province,RETAIL,Kg,kg,0.52
2023-08-01,0.52,Maize,Rwanda,Northern province,RETAIL,Kg,kg,0.52
2023-09-01,0.5,Maize,Rwanda,Northern province,RETAIL,Kg,kg,0.5
2023-10-01,0.48,Maize,Rwanda,Northern province,RETAIL,Kg,kg,0.48
2023-11-01,0.47,Maize,Rwanda,Northern province,RETAIL,Kg,kg,0.47
2023-12-01,0.42,Maize,Rwanda,Northern province,RETAIL,Kg,kg,0.42
2024-01-01,0.35,Maize,Rwanda,Northern province,RETAIL,Kg,kg,0.35
2024-02-01,0.29,Maize,Rwanda,Northern province,RETAIL,Kg,kg,0.29
2024-03-01,0.26,Maize,Rwanda,Northern province,RETAIL,Kg,kg,0.26
2024-04-01,0.27,Maize,Rwanda,Northern province,RETAIL,Kg,kg,0.27
2024-05-01,0.26,Maize,Rwanda,Northern province,RETAIL,Kg,kg,0.26
2024-06-01,0.25,Maize,Rwanda,Northern province,RETAIL,Kg,kg,0.25
2024-07-01,0.27,Maize,Rwanda,Northern province,RETAIL,Kg,kg,0.27
2024-08-01,0.3,Maize,Rwanda,Northern province,RETAIL,Kg,kg,0.3
2024-09-01,0.31,Maize,Rwanda,Northern province,RETAIL,Kg,kg,0.31
2024-10-01,0.36,Maize,Rwanda,Northern province,RETAIL,Kg,kg,0.36
2024-11-01,0.44,Maize,Rwanda,Northern province,RETAIL,Kg,kg,0.44
2024-12-01,0.46,Maize,Rwanda,Northern province,RETAIL,Kg,kg,0.46
2025-01-01,0.44,Maize,Rwanda,Northern province,RETAIL,Kg,kg,0.44
2025-02-01,0.37,Maize,Rwanda,Northern province,RETAIL,Kg,kg,0.37
2025-03-01,0.32,Maize,Rwanda,Northern province,RETAIL,Kg,kg,0.32
2025-04-01,0.33,Maize,Rwanda,Northern province,RETAIL,Kg,kg,0.33
2025-05-01,0.34,Maize,Rwanda,Northern province,RETAIL,Kg,kg,0.34
2025-06-01,0.37,Maize,Rwanda,Northern province,RETAIL,Kg,kg,0.37
2025-07-01,0.4,Maize,Rwanda,Northern province,RETAIL,Kg,kg,0.4
2025-08-01,0.41,Maize,Rwanda,Northern province,RETAIL,Kg,kg,0.41
2025-09-01,0.41,Maize,Rwanda,Northern province,RETAIL,Kg,kg,0.41
2025-10-01,0.42,Maize,Rwanda,Northern province,RETAIL,Kg,kg,0.42
2009-05-01,0.41,Maize,Rwanda,Southern province,RETAIL,Kg,kg,0.41
2009-06-01,0.42,Maize,Rwanda,Southern province,RETAIL,Kg,kg,0.42
2009-07-01,0.38,Maize,Rwanda,Southern province,RETAIL,Kg,kg,0.38
2009-08-01,0.43,Maize,Rwanda,Southern province,RETAIL,Kg,kg,0.43
2009-09-01,0.44,Maize,Rwanda,Southern province,RETAIL,Kg,kg,0.44
2009-10-01,0.51,Maize,Rwanda,Southern province,RETAIL,Kg,kg,0.51
2009-11-01,0.55,Maize,Rwanda,Southern province,RETAIL,Kg,kg,0.55
2009-12-01,0.55,Maize,Rwanda,Southern province,RETAIL,Kg,kg,0.55
2010-01-01,0.5,Maize,Rwanda,Southern province,RETAIL,Kg,kg,0.5
2010-02-01,0.48,Maize,Rwanda,Southern province,RETAIL,Kg,kg,0.48
2010-03-01,0.43,Maize,Rwanda,Southern province,RETAIL,Kg,kg,0.43
2010-04-01,0.39,Maize,Rwanda,Southern province,RETAIL,Kg,kg,0.39
2010-05-01,0.37,Maize,Rwanda,Southern province,RETAIL,Kg,kg,0.37
2010-06-01,0.34,Maize,Rwanda,Southern province,RETAIL,Kg,kg,0.34
2010-07-01,0.34,Maize,Rwanda,Southern province,RETAIL,Kg,kg,0.34
2010-08-01,0.38,Maize,Rwanda,Southern province,RETAIL,Kg,kg,0.38
2010-09-01,0.35,Maize,Rwanda,Southern province,RETAIL,Kg,kg,0.35
2010-10-01,0.29,Maize,Rwanda,Southern province,RETAIL,Kg,kg,0.29
2010-11-01,0.32,Maize,Rwanda,Southern province,RETAIL,Kg,kg,0.32
2010-12-01,0.39,Maize,Rwanda,Southern province,RETAIL,Kg,kg,0.39
2011-01-01,0.42,Maize,Rwanda,Southern province,RETAIL,Kg,kg,0.42
2011-02-01,0.42,Maize,Rwanda,Southern province,RETAIL,Kg,kg,0.42
2011-03-01,0.43,Maize,Rwanda,Southern province,RETAIL,Kg,kg,0.43
2011-04-01,0.42,Maize,Rwanda,Southern province,RETAIL,Kg,kg,0.42
2011-05-01,0.43,Maize,Rwanda,Southern province,RETAIL,Kg,kg,0.43
2011-06-01,0.48,Maize,Rwanda,Southern province,RETAIL,Kg,kg,0.48
2011-07-01,0.45,Maize,Rwanda,Southern province,RETAIL,Kg,kg,0.45
2011-08-01,0.42,Maize,Rwanda,Southern province,RETAIL,Kg,kg,0.42
2011-09-01,0.42,Maize,Rwanda,Southern province,RETAIL,Kg,kg,0.42
2011-10-01,0.46,Maize,Rwanda,Southern province,RETAIL,Kg,kg,0.46
2011-11-01,0.48,Maize,Rwanda,Southern province,RETAIL,Kg,kg,0.48
2011-12-01,0.47,Maize,Rwanda,Southern province,RETAIL,Kg,kg,0.47
2012-01-01,0.44,Maize,Rwanda,Southern province,RETAIL,Kg,kg,0.44
2012-02-01,0.42,Maize,Rwanda,Southern province,RETAIL,Kg,kg,0.42
2012-03-01,0.37,Maize,Rwanda,Southern province,RETAIL,Kg,kg,0.37
2012-04-01,0.37,Maize,Rwanda,Southern province,RETAIL,Kg,kg,0.37
2012-05-01,0.39,Maize,Rwanda,Southern province,RETAIL,Kg,kg,0.39
2012-06-01,0.43,Maize,Rwanda,Southern province,RETAIL,Kg,kg,0.43
2012-07-01,0.45,Maize,Rwanda,Southern province,RETAIL,Kg,kg,0.45
2012-08-01,0.42,Maize,Rwanda,Southern province,RETAIL,Kg,kg,0.42
2012-09-01,0.4,Maize,Rwanda,Southern province,RETAIL,Kg,kg,0.4
2012-10-01,0.42,Maize,Rwanda,Southern province,RETAIL,Kg,kg,0.42
2012-11-01,0.45,Maize,Rwanda,Southern province,RETAIL,Kg,kg,0.45
2012-12-01,0.47,Maize,Rwanda,Southern province,RETAIL,Kg,kg,0.47
2013-01-01,0.48,Maize,Rwanda,Southern province,RETAIL,Kg,kg,0.48
2013-02-01,0.44,Maize,Rwanda,Southern province,RETAIL,Kg,kg,0.44
2013-03-01,0.41,Maize,Rwanda,Southern province,RETAIL,Kg,kg,0.41
2013-04-01,0.39,Maize,Rwanda,Southern province,RETAIL,Kg,kg,0.39
2013-05-01,0.39,Maize,Rwanda,Southern province,RETAIL,Kg,kg,0.39
2013-06-01,0.39,Maize,Rwanda,Southern province,RETAIL,Kg,kg,0.39
2013-07-01,0.39,Maize,Rwanda,Southern province,RETAIL,Kg,kg,0.39
2013-08-01,0.37,Maize,Rwanda,Southern province,RETAIL,Kg,kg,0.37
2013-09-01,0.38,Maize,Rwanda,Southern province,RETAIL,Kg,kg,0.38
2013-10-01,0.46,Maize,Rwanda,Southern province,RETAIL,Kg,kg,0.46
2013-11-01,0.51,Maize,Rwanda,Southern province,RETAIL,Kg,kg,0.51
2013-12-01,0.52,Maize,Rwanda,Southern province,RETAIL,Kg,kg,0.52
2014-01-01,0.5,Maize,Rwanda,Southern province,RETAIL,Kg,kg,0.5
2014-02-01,0.46,Maize,Rwanda,Southern province,RETAIL,Kg,kg,0.46
2014-03-01,0.38,Maize,Rwanda,Southern province,RETAIL,Kg,kg,0.38
2014-04-01,0.34,Maize,Rwanda,Southern province,RETAIL,Kg,kg,0.34
2014-05-01,0.33,Maize,Rwanda,Southern province,RETAIL,Kg,kg,0.33
2014-06-01,0.35,Maize,Rwanda,Southern province,RETAIL,Kg,kg,0.35
2014-07-01,0.37,Maize,Rwanda,Southern province,RETAIL,Kg,kg,0.37
2014-08-01,0.36,Maize,Rwanda,Southern province,RETAIL,Kg,kg,0.36
2014-09-01,0.36,Maize,Rwanda,Southern province,RETAIL,Kg,kg,0.36
2014-10-01,0.37,Maize,Rwanda,Southern province,RETAIL,Kg,kg,0.37
2014-11-01,0.38,Maize,Rwanda,Southern province,RETAIL,Kg,kg,0.38
2014-12-01,0.38,Maize,Rwanda,Southern province,RETAIL,Kg,kg,0.38
2015-01-01,0.34,Maize,Rwanda,Southern province,RETAIL,Kg,kg,0.34
2015-02-01,,Maize,Rwanda,Southern province,RETAIL,Kg,kg,
2015-03-01,,Maize,Rwanda,Southern province,RETAIL,Kg,kg,
2015-04-01,,Maize,Rwanda,Southern province,RETAIL,Kg,kg,
2015-05-01,,Maize,Rwanda,Southern province,RETAIL,Kg,kg,
2015-06-01,,Maize,Rwanda,Southern province,RETAIL,Kg,kg,
2015-07-01,,Maize,Rwanda,Southern province,RETAIL,Kg,kg,
2015-08-01,,Maize,Rwanda,Southern province,RETAIL,Kg,kg,
2015-09-01,,Maize,Rwanda,Southern province,RETAIL,Kg,kg,
2015-10-01,,Maize,Rwanda,Southern province,RETAIL,Kg,kg,
2015-11-01,,Maize,Rwanda,Southern province,RETAIL,Kg,kg,
2015-12-01,,Maize,Rwanda,Southern province,RETAIL,Kg,kg,
2016-01-01,,Maize,Rwanda,Southern province,RETAIL,Kg,kg,
2016-02-01,,Maize,Rwanda,Southern province,RETAIL,Kg,kg,
2016-03-01,,Maize,Rwanda,Southern province,RETAIL,Kg,kg,
2016-04-01,,Maize,Rwanda,Southern province,RETAIL,Kg,kg,
2016-05-01,,Maize,Rwanda,Southern province,RETAIL,Kg,kg,
2016-06-01,,Maize,Rwanda,Southern province,RETAIL,Kg,kg,
2016-07-01,,Maize,Rwanda,Southern province,RETAIL,Kg,kg,
2016-08-01,,Maize,Rwanda,Southern province,RETAIL,Kg,kg,
2016-09-01,,Maize,Rwanda,Southern province,RETAIL,Kg,kg,
2016-10-01,,Maize,Rwanda,Southern province,RETAIL,Kg,kg,
2016-11-01,,Maize,Rwanda,Southern province,RETAIL,Kg,kg,
2016-12-01,,Maize,Rwanda,Southern province,RETAIL,Kg,kg,
2017-01-01,,Maize,Rwanda,Southern province,RETAIL,Kg,kg,
2017-02-01,,Maize,Rwanda,Southern province,RETAIL,Kg,kg,
2017-03-01,,Maize,Rwanda,Southern province,RETAIL,Kg,kg,
2017-04-01,,Maize,Rwanda,Southern province,RETAIL,Kg,kg,
2017-05-01,,Maize,Rwanda,Southern province,RETAIL,Kg,kg,
2017-06-01,,Maize,Rwanda,Southern province,RETAIL,Kg,kg,
2017-07-01,0.42,Maize,Rwanda,Southern province,RETAIL,Kg,kg,0.42
2017-08-01,0.39,Maize,Rwanda,Southern province,RETAIL,Kg,kg,0.39
2017-09-01,0.42,Maize,Rwanda,Southern province,RETAIL,Kg,kg,0.42
2017-10-01,0.46,Maize,Rwanda,Southern province,RETAIL,Kg,kg,0.46
2017-11-01,0.41,Maize,Rwanda,Southern province,RETAIL,Kg,kg,0.41
2017-12-01,0.39,Maize,Rwanda,Southern province,RETAIL,Kg,kg,0.39
2018-01-01,0.39,Maize,Rwanda,Southern province,RETAIL,Kg,kg,0.39
2018-02-01,0.34,Maize,Rwanda,Southern province,RETAIL,Kg,kg,0.34
2018-03-01,0.29,Maize,Rwanda,Southern province,RETAIL,Kg,kg,0.29
2018-04-01,0.24,Maize,Rwanda,Southern province,RETAIL,Kg,kg,0.24
2018-05-01,0.25,Maize,Rwanda,Southern province,RETAIL,Kg,kg,0.25
2018-06-01,0.25,Maize,Rwanda,Southern province,RETAIL,Kg,kg,0.25
2018-07-01,0.25,Maize,Rwanda,Southern province,RETAIL,Kg,kg,0.25
2018-08-01,,Maize,Rwanda,Southern province,RETAIL,Kg,kg,
2018-09-01,,Maize,Rwanda,Southern province,RETAIL,Kg,kg,
2018-10-01,,Maize,Rwanda,Southern province,RETAIL,Kg,kg,
2018-11-01,,Maize,Rwanda,Southern province,RETAIL,Kg,kg,
2018-12-01,,Maize,Rwanda,Southern province,RETAIL,Kg,kg,
2019-01-01,,Maize,Rwanda,Southern province,RETAIL,Kg,kg,
2019-02-01,,Maize,Rwanda,Southern province,RETAIL,Kg,kg,
2019-03-01,,Maize,Rwanda,Southern province,RETAIL,Kg,kg,
2019-04-01,0.27,Maize,Rwanda,Southern province,RETAIL,Kg,kg,0.27
2019-05-01,0.29,Maize,Rwanda,Southern province,RETAIL,Kg,kg,0.29
2019-06-01,0.29,Maize,Rwanda,Southern province,RETAIL,Kg,kg,0.29
2019-07-01,0.3,Maize,Rwanda,Southern province,RETAIL,Kg,kg,0.3
2019-08-01,0.3,Maize,Rwanda,Southern province,RETAIL,Kg,kg,0.3
2019-09-01,0.35,Maize,Rwanda,Southern province,RETAIL,Kg,kg,0.35
2019-10-01,0.41,Maize,Rwanda,Southern province,RETAIL,Kg,kg,0.41
2019-11-01,0.47,Maize,Rwanda,Southern province,RETAIL,Kg,kg,0.47
2019-12-01,0.46,Maize,Rwanda,Southern province,RETAIL,Kg,kg,0.46
2020-01-01,0.51,Maize,Rwanda,Southern province,RETAIL,Kg,kg,0.51
2020-02-01,0.45,Maize,Rwanda,Southern province,RETAIL,Kg,kg,0.45
2020-03-01,0.34,Maize,Rwanda,Southern province,RETAIL,Kg,kg,0.34
2020-04-01,0.35,Maize,Rwanda,Southern province,RETAIL,Kg,kg,0.35
2020-05-01,0.32,Maize,Rwanda,Southern province,RETAIL,Kg,kg,0.32
2020-06-01,0.31,Maize,Rwanda,Southern province,RETAIL,Kg,kg,0.31
2020-07-01,,Maize,Rwanda,Southern province,RETAIL,Kg,kg,
2020-08-01,0.29,Maize,Rwanda,Southern province,RETAIL,Kg,kg,0.29
2020-09-01,,Maize,Rwanda,Southern province,RETAIL,Kg,kg,
2020-10-01,,Maize,Rwanda,Southern province,RETAIL,Kg,kg,
2020-11-01,0.39,Maize,Rwanda,Southern province,RETAIL,Kg,kg,0.39
2020-12-01,0.4,Maize,Rwanda,Southern province,RETAIL,Kg,kg,0.4
2021-01-01,0.41,Maize,Rwanda,Southern province,RETAIL,Kg,kg,0.41
2021-02-01,0.31,Maize,Rwanda,Southern province,RETAIL,Kg,kg,0.31
2021-03-01,0.27,Maize,Rwanda,Southern province,RETAIL,Kg,kg,0.27
2021-04-01,0.24,Maize,Rwanda,Southern province,RETAIL,Kg,kg,0.24
2021-05-01,0.22,Maize,Rwanda,Southern province,RETAIL,Kg,kg,0.22
2021-06-01,0.24,Maize,Rwanda,Southern province,RETAIL,Kg,kg,0.24
2021-07-01,0.25,Maize,Rwanda,Southern province,RETAIL,Kg,kg,0.25
2021-08-01,0.25,Maize,Rwanda,Southern province,RETAIL,Kg,kg,0.25
2021-09-01,0.25,Maize,Rwanda,Southern province,RETAIL,Kg,kg,0.25
2021-10-01,0.32,Maize,Rwanda,Southern province,RETAIL,Kg,kg,0.32
2021-11-01,0.34,Maize,Rwanda,Southern province,RETAIL,Kg,kg,0.34
2021-12-01,0.37,Maize,Rwanda,Southern province,RETAIL,Kg,kg,0.37
2022-01-01,0.43,Maize,Rwanda,Southern province,RETAIL,Kg,kg,0.43
2022-02-01,0.38,Maize,Rwanda,Southern province,RETAIL,Kg,kg,0.38
2022-03-01,0.3,Maize,Rwanda,Southern province,RETAIL,Kg,kg,0.3
2022-04-01,0.31,Maize,Rwanda,Southern province,RETAIL,Kg,kg,0.31
2022-05-01,0.34,Maize,Rwanda,Southern province,RETAIL,Kg,kg,0.34
2022-06-01,0.39,Maize,Rwanda,Southern province,RETAIL,Kg,kg,0.39
2022-07-01,0.44,Maize,Rwanda,Southern province,RETAIL,Kg,kg,0.44
2022-08-01,0.45,Maize,Rwanda,Southern province,RETAIL,Kg,kg,0.45
2022-09-01,0.52,Maize,Rwanda,Southern province,RETAIL,Kg,kg,0.52
2022-10-01,0.61,Maize,Rwanda,Southern province,RETAIL,Kg,kg,0.61
2022-11-01,0.66,Maize,Rwanda,Southern province,RETAIL,Kg,kg,0.66
2022-12-01,0.65,Maize,Rwanda,Southern province,RETAIL,Kg,kg,0.65
2023-01-01,0.6,Maize,Rwanda,Southern province,RETAIL,Kg,kg,0.6
2023-02-01,0.51,Maize,Rwanda,Southern province,RETAIL,Kg,kg,0.51
2023-03-01,0.5,Maize,Rwanda,Southern province,RETAIL,Kg,kg,0.5
2023-04-01,0.51,Maize,Rwanda,Southern province,RETAIL,Kg,kg,0.51
2023-05-01,0.46,Maize,Rwanda,Southern province,RETAIL,Kg,kg,0.46
2023-06-01,0.5,Maize,Rwanda,Southern province,RETAIL,Kg,kg,0.5
2023-07-01,0.51,Maize,Rwanda,Southern province,RETAIL,Kg,kg,0.51
2023-08-01,0.52,Maize,Rwanda,Southern province,RETAIL,Kg,kg,0.52
2023-09-01,0.54,Maize,Rwanda,Southern province,RETAIL,Kg,kg,0.54
2023-10-01,0.53,Maize,Rwanda,Southern province,RETAIL,Kg,kg,0.53
2023-11-01,0.48,Maize,Rwanda,Southern province,RETAIL,Kg,kg,0.48
2023-12-01,0.45,Maize,Rwanda,Southern province,RETAIL,Kg,kg,0.45
2024-01-01,0.4,Maize,Rwanda,Southern province,RETAIL,Kg,kg,0.4
2024-02-01,0.27,Maize,Rwanda,Southern province,RETAIL,Kg,kg,0.27
2024-03-01,0.25,Maize,Rwanda,Southern province,RETAIL,Kg,kg,0.25
2024-04-01,0.24,Maize,Rwanda,Southern province,RETAIL,Kg,kg,0.24
2024-05-01,0.24,Maize,Rwanda,Southern province,RETAIL,Kg,kg,0.24
2024-06-01,0.25,Maize,Rwanda,Southern province,RETAIL,Kg,kg,0.25
2024-07-01,0.26,Maize,Rwanda,Southern province,RETAIL,Kg,kg,0.26
2024-08-01,0.28,Maize,Rwanda,Southern province,RETAIL,Kg,kg,0.28
2024-09-01,0.31,Maize,Rwanda,Southern province,RETAIL,Kg,kg,0.31
2024-10-01,0.35,Maize,Rwanda,Southern province,RETAIL,Kg,kg,0.35
2024-11-01,0.43,Maize,Rwanda,Southern province,RETAIL,Kg,kg,0.43
2024-12-01,0.44,Maize,Rwanda,Southern province,RETAIL,Kg,kg,0.44
2025-01-01,0.43,Maize,Rwanda,Southern province,RETAIL,Kg,kg,0.43
2025-02-01,0.41,Maize,Rwanda,Southern province,RETAIL,Kg,kg,0.41
2025-03-01,0.4,Maize,Rwanda,Southern province,RETAIL,Kg,kg,0.4
2025-04-01,0.37,Maize,Rwanda,Southern province,RETAIL,Kg,kg,0.37
2025-05-01,0.38,Maize,Rwanda,Southern province,RETAIL,Kg,kg,0.38
2025-06-01,0.4,Maize,Rwanda,Southern province,RETAIL,Kg,kg,0.4
2025-07-01,0.4,Maize,Rwanda,Southern province,RETAIL,Kg,kg,0.4
2025-08-01,0.4,Maize,Rwanda,Southern province,RETAIL,Kg,kg,0.4
2025-09-01,0.41,Maize,Rwanda,Southern province,RETAIL,Kg,kg,0.41
2025-10-01,0.41,Maize,Rwanda,Southern province,RETAIL,Kg,kg,0.41
2009-05-01,0.36,Maize,Rwanda,Western province,RETAIL,Kg,kg,0.36
2009-06-01,0.38,Maize,Rwanda,Western province,RETAIL,Kg,kg,0.38
2009-07-01,0.4,Maize,Rwanda,Western province,RETAIL,Kg,kg,0.4
2009-08-01,0.41,Maize,Rwanda,Western province,RETAIL,Kg,kg,0.41
2009-09-01,0.42,Maize,Rwanda,Western province,RETAIL,Kg,kg,0.42
2009-10-01,0.51,Maize,Rwanda,Western province,RETAIL,Kg,kg,0.51
2009-11-01,0.5,Maize,Rwanda,Western province,RETAIL,Kg,kg,0.5
2009-12-01,0.51,Maize,Rwanda,Western province,RETAIL,Kg,kg,0.51
2010-01-01,0.43,Maize,Rwanda,Western province,RETAIL,Kg,kg,0.43
2010-02-01,0.36,Maize,Rwanda,Western province,RETAIL,Kg,kg,0.36
2010-03-01,0.31,Maize,Rwanda,Western province,RETAIL,Kg,kg,0.31
2010-04-01,0.28,Maize,Rwanda,Western province,RETAIL,Kg,kg,0.28
2010-05-01,0.29,Maize,Rwanda,Western province,RETAIL,Kg,kg,0.29
2010-06-01,0.31,Maize,Rwanda,Western province,RETAIL,Kg,kg,0.31
2010-07-01,0.3,Maize,Rwanda,Western province,RETAIL,Kg,kg,0.3
2010-08-01,0.41,Maize,Rwanda,Western province,RETAIL,Kg,kg,0.41
2010-09-01,0.42,Maize,Rwanda,Western province,RETAIL,Kg,kg,0.42
2010-10-01,0.29,Maize,Rwanda,Western province,RETAIL,Kg,kg,0.29
2010-11-01,0.34,Maize,Rwanda,Western province,RETAIL,Kg,kg,0.34
2010-12-01,0.36,Maize,Rwanda,Western province,RETAIL,Kg,kg,0.36
2011-01-01,0.31,Maize,Rwanda,Western province,RETAIL,Kg,kg,0.31
2011-02-01,0.25,Maize,Rwanda,Western province,RETAIL,Kg,kg,0.25
2011-03-01,0.26,Maize,Rwanda,Western province,RETAIL,Kg,kg,0.26
2011-04-01,0.29,Maize,Rwanda,Western province,RETAIL,Kg,kg,0.29
2011-05-01,0.36,Maize,Rwanda,Western province,RETAIL,Kg,kg,0.36
2011-06-01,0.4,Maize,Rwanda,Western province,RETAIL,Kg,kg,0.4
2011-07-01,0.4,Maize,Rwanda,Western province,RETAIL,Kg,kg,0.4
2011-08-01,0.41,Maize,Rwanda,Western province,RETAIL,Kg,kg,0.41
2011-09-01,0.41,Maize,Rwanda,Western province,RETAIL,Kg,kg,0.41
2011-10-01,0.43,Maize,Rwanda,Western province,RETAIL,Kg,kg,0.43
2011-11-01,0.41,Maize,Rwanda,Western province,RETAIL,Kg,kg,0.41
2011-12-01,0.41,Maize,Rwanda,Western province,RETAIL,Kg,kg,0.41
2012-01-01,0.41,Maize,Rwanda,Western province,RETAIL,Kg,kg,0.41
2012-02-01,0.39,Maize,Rwanda,Western province,RETAIL,Kg,kg,0.39
2012-03-01,0.38,Maize,Rwanda,Western province,RETAIL,Kg,kg,0.38
2012-04-01,0.4,Maize,Rwanda,Western province,RETAIL,Kg,kg,0.4
2012-05-01,0.4,Maize,Rwanda,Western province,RETAIL,Kg,kg,0.4
2012-06-01,0.42,Maize,Rwanda,Western province,RETAIL,Kg,kg,0.42
2012-07-01,0.42,Maize,Rwanda,Western province,RETAIL,Kg,kg,0.42
2012-08-01,0.44,Maize,Rwanda,Western province,RETAIL,Kg,kg,0.44
2012-09-01,0.43,Maize,Rwanda,Western province,RETAIL,Kg,kg,0.43
2012-10-01,0.43,Maize,Rwanda,Western province,RETAIL,Kg,kg,0.43
2012-11-01,0.41,Maize,Rwanda,Western province,RETAIL,Kg,kg,0.41
2012-12-01,0.44,Maize,Rwanda,Western province,RETAIL,Kg,kg,0.44
2013-01-01,0.44,Maize,Rwanda,Western province,RETAIL,Kg,kg,0.44
2013-02-01,0.37,Maize,Rwanda,Western province,RETAIL,Kg,kg,0.37
2013-03-01,0.33,Maize,Rwanda,Western province,RETAIL,Kg,kg,0.33
2013-04-01,0.34,Maize,Rwanda,Western province,RETAIL,Kg,kg,0.34
2013-05-01,0.34,Maize,Rwanda,Western province,RETAIL,Kg,kg,0.34
2013-06-01,0.32,Maize,Rwanda,Western province,RETAIL,Kg,kg,0.32
2013-07-01,0.3,Maize,Rwanda,Western province,RETAIL,Kg,kg,0.3
2013-08-01,0.31,Maize,Rwanda,Western province,RETAIL,Kg,kg,0.31
2013-09-01,0.35,Maize,Rwanda,Western province,RETAIL,Kg,kg,0.35
2013-10-01,0.42,Maize,Rwanda,Western province,RETAIL,Kg,kg,0.42
2013-11-01,0.43,Maize,Rwanda,Western province,RETAIL,Kg,kg,0.43
2013-12-01,0.46,Maize,Rwanda,Western province,RETAIL,Kg,kg,0.46
2014-01-01,0.41,Maize,Rwanda,Western province,RETAIL,Kg,kg,0.41
2014-02-01,0.35,Maize,Rwanda,Western province,RETAIL,Kg,kg,0.35
2014-03-01,0.29,Maize,Rwanda,Western province,RETAIL,Kg,kg,0.29
2014-04-01,0.31,Maize,Rwanda,Western province,RETAIL,Kg,kg,0.31
2014-05-01,0.32,Maize,Rwanda,Western province,RETAIL,Kg,kg,0.32
2014-06-01,0.34,Maize,Rwanda,Western province,RETAIL,Kg,kg,0.34
2014-07-01,0.35,Maize,Rwanda,Western province,RETAIL,Kg,kg,0.35
2014-08-01,0.37,Maize,Rwanda,Western province,RETAIL,Kg,kg,0.37
2014-09-01,0.37,Maize,Rwanda,Western province,RETAIL,Kg,kg,0.37
2014-10-01,0.37,Maize,Rwanda,Western province,RETAIL,Kg,kg,0.37
2014-11-01,0.37,Maize,Rwanda,Western province,RETAIL,Kg,kg,0.37
2014-12-01,0.34,Maize,Rwanda,Western province,RETAIL,Kg,kg,0.34
2015-01-01,0.3,Maize,Rwanda,Western province,RETAIL,Kg,kg,0.3
2015-02-01,,Maize,Rwanda,Western province,RETAIL,Kg,kg,
2015-03-01,,Maize,Rwanda,Western province,RETAIL,Kg,kg,
2015-04-01,,Maize,Rwanda,Western province,RETAIL,Kg,kg,
2015-05-01,,Maize,Rwanda,Western province,RETAIL,Kg,kg,
2015-06-01,,Maize,Rwanda,Western province,RETAIL,Kg,kg,
2015-07-01,,Maize,Rwanda,Western province,RETAIL,Kg,kg,
2015-08-01,,Maize,Rwanda,Western province,RETAIL,Kg,kg,
2015-09-01,,Maize,Rwanda,Western province,RETAIL,Kg,kg,
2015-10-01,,Maize,Rwanda,Western province,RETAIL,Kg,kg,
2015-11-01,,Maize,Rwanda,Western province,RETAIL,Kg,kg,
2015-12-01,,Maize,Rwanda,Western province,RETAIL,Kg,kg,
2016-01-01,,Maize,Rwanda,Western province,RETAIL,Kg,kg,
2016-02-01,,Maize,Rwanda,Western province,RETAIL,Kg,kg,
2016-03-01,,Maize,Rwanda,Western province,RETAIL,Kg,kg,
2016-04-01,,Maize,Rwanda,Western province,RETAIL,Kg,kg,
2016-05-01,,Maize,Rwanda,Western province,RETAIL,Kg,kg,
2016-06-01,,Maize,Rwanda,Western province,RETAIL,Kg,kg,
2016-07-01,,Maize,Rwanda,Western province,RETAIL,Kg,kg,
2016-08-01,,Maize,Rwanda,Western province,RETAIL,Kg,kg,
2016-09-01,,Maize,Rwanda,Western province,RETAIL,Kg,kg,
2016-10-01,,Maize,Rwanda,Western province,RETAIL,Kg,kg,
2016-11-01,,Maize,Rwanda,Western province,RETAIL,Kg,kg,
2016-12-01,,Maize,Rwanda,Western province,RETAIL,Kg,kg,
2017-01-01,,Maize,Rwanda,Western province,RETAIL,Kg,kg,
2017-02-01,,Maize,Rwanda,Western province,RETAIL,Kg,kg,
2017-03-01,,Maize,Rwanda,Western province,RETAIL,Kg,kg,
2017-04-01,,Maize,Rwanda,Western province,RETAIL,Kg,kg,
2017-05-01,,Maize,Rwanda,Western province,RETAIL,Kg,kg,
2017-06-01,,Maize,Rwanda,Western province,RETAIL,Kg,kg,
2017-07-01,0.41,Maize,Rwanda,Western province,RETAIL,Kg,kg,0.41
2017-08-01,0.42,Maize,Rwanda,Western province,RETAIL,Kg,kg,0.42
2017-09-01,0.44,Maize,Rwanda,Western province,RETAIL,Kg,kg,0.44
2017-10-01,0.43,Maize,Rwanda,Western province,RETAIL,Kg,kg,0.43
2017-11-01,0.41,Maize,Rwanda,Western province,RETAIL,Kg,kg,0.41
2017-12-01,0.4,Maize,Rwanda,Western province,RETAIL,Kg,kg,0.4
2018-01-01,0.35,Maize,Rwanda,Western province,RETAIL,Kg,kg,0.35
2018-02-01,0.34,Maize,Rwanda,Western province,RETAIL,Kg,kg,0.34
2018-03-01,0.33,Maize,Rwanda,Western province,RETAIL,Kg,kg,0.33
2018-04-01,0.32,Maize,Rwanda,Western province,RETAIL,Kg,kg,0.32
2018-05-01,0.31,Maize,Rwanda,Western province,RETAIL,Kg,kg,0.31
2018-06-01,0.3,Maize,Rwanda,Western province,RETAIL,Kg,kg,0.3
2018-07-01,0.29,Maize,Rwanda,Western province,RETAIL,Kg,kg,0.29
2018-08-01,,Maize,Rwanda,Western province,RETAIL,Kg,kg,
2018-09-01,,Maize,Rwanda,Western province,RETAIL,Kg,kg,
2018-10-01,,Maize,Rwanda,Western province,RETAIL,Kg,kg,
2018-11-01,,Maize,Rwanda,Western province,RETAIL,Kg,kg,
2018-12-01,,Maize,Rwanda,Western province,RETAIL,Kg,kg,
2019-01-01,,Maize,Rwanda,Western province,RETAIL,Kg,kg,
2019-02-01,,Maize,Rwanda,Western province,RETAIL,Kg,kg,
2019-03-01,,Maize,Rwanda,Western province,RETAIL,Kg,kg,
2019-04-01,0.33,Maize,Rwanda,Western province,RETAIL,Kg,kg,0.33
2019-05-01,0.33,Maize,Rwanda,Western province,RETAIL,Kg,kg,0.33
2019-06-01,0.35,Maize,Rwanda,Western province,RETAIL,Kg,kg,0.35
2019-07-01,0.36,Maize,Rwanda,Western province,RETAIL,Kg,kg,0.36
2019-08-01,0.38,Maize,Rwanda,Western province,RETAIL,Kg,kg,0.38
2019-09-01,0.4,Maize,Rwanda,Western province,RETAIL,Kg,kg,0.4
2019-10-01,0.43,Maize,Rwanda,Western province,RETAIL,Kg,kg,0.43
2019-11-01,0.51,Maize,Rwanda,Western province,RETAIL,Kg,kg,0.51
2019-12-01,0.55,Maize,Rwanda,Western province,RETAIL,Kg,kg,0.55
2020-01-01,0.55,Maize,Rwanda,Western province,RETAIL,Kg,kg,0.55
2020-02-01,0.48,Maize,Rwanda,Western province,RETAIL,Kg,kg,0.48
2020-03-01,0.42,Maize,Rwanda,Western province,RETAIL,Kg,kg,0.42
2020-04-01,0.4,Maize,Rwanda,Western province,RETAIL,Kg,kg,0.4
2020-05-01,0.35,Maize,Rwanda,Western province,RETAIL,Kg,kg,0.35
2020-06-01,0.34,Maize,Rwanda,Western province,RETAIL,Kg,kg,0.34
2020-07-01,,Maize,Rwanda,Western province,RETAIL,Kg,kg,
2020-08-01,0.33,Maize,Rwanda,Western province,RETAIL,Kg,kg,0.33
2020-09-01,,Maize,Rwanda,Western province,RETAIL,Kg,kg,
2020-10-01,,Maize,Rwanda,Western province,RETAIL,Kg,kg,
2020-11-01,0.39,Maize,Rwanda,Western province,RETAIL,Kg,kg,0.39
2020-12-01,0.41,Maize,Rwanda,Western province,RETAIL,Kg,kg,0.41
2021-01-01,0.41,Maize,Rwanda,Western province,RETAIL,Kg,kg,0.41
2021-02-01,0.37,Maize,Rwanda,Western province,RETAIL,Kg,kg,0.37
2021-03-01,0.32,Maize,Rwanda,Western province,RETAIL,Kg,kg,0.32
2021-04-01,0.3,Maize,Rwanda,Western province,RETAIL,Kg,kg,0.3
2021-05-01,0.27,Maize,Rwanda,Western province,RETAIL,Kg,kg,0.27
2021-06-01,0.26,Maize,Rwanda,Western province,RETAIL,Kg,kg,0.26
2021-07-01,0.26,Maize,Rwanda,Western province,RETAIL,Kg,kg,0.26
2021-08-01,0.27,Maize,Rwanda,Western province,RETAIL,Kg,kg,0.27
2021-09-01,0.28,Maize,Rwanda,Western province,RETAIL,Kg,kg,0.28
2021-10-01,0.31,Maize,Rwanda,Western province,RETAIL,Kg,kg,0.31
2021-11-01,0.33,Maize,Rwanda,Western province,RETAIL,Kg,kg,0.33
2021-12-01,0.35,Maize,Rwanda,Western province,RETAIL,Kg,kg,0.35
2022-01-01,0.39,Maize,Rwanda,Western province,RETAIL,Kg,kg,0.39
2022-02-01,0.38,Maize,Rwanda,Western province,RETAIL,Kg,kg,0.38
2022-03-01,0.33,Maize,Rwanda,Western province,RETAIL,Kg,kg,0.33
2022-04-01,0.35,Maize,Rwanda,Western province,RETAIL,Kg,kg,0.35
2022-05-01,0.38,Maize,Rwanda,Western province,RETAIL,Kg,kg,0.38
2022-06-01,0.43,Maize,Rwanda,Western province,RETAIL,Kg,kg,0.43
2022-07-01,0.46,Maize,Rwanda,Western province,RETAIL,Kg,kg,0.46
2022-08-01,0.49,Maize,Rwanda,Western province,RETAIL,Kg,kg,0.49
2022-09-01,0.55,Maize,Rwanda,Western province,RETAIL,Kg,kg,0.55
2022-10-01,0.62,Maize,Rwanda,Western province,RETAIL,Kg,kg,0.62
2022-11-01,0.67,Maize,Rwanda,Western province,RETAIL,Kg,kg,0.67
2022-12-01,0.65,Maize,Rwanda,Western province,RETAIL,Kg,kg,0.65
2023-01-01,0.62,Maize,Rwanda,Western province,RETAIL,Kg,kg,0.62
2023-02-01,0.54,Maize,Rwanda,Western province,RETAIL,Kg,kg,0.54
2023-03-01,0.55,Maize,Rwanda,Western province,RETAIL,Kg,kg,0.55
2023-04-01,0.52,Maize,Rwanda,Western province,RETAIL,Kg,kg,0.52
2023-05-01,0.48,Maize,Rwanda,Western province,RETAIL,Kg,kg,0.48
2023-06-01,0.52,Maize,Rwanda,Western province,RETAIL,Kg,kg,0.52
2023-07-01,0.56,Maize,Rwanda,Western province,RETAIL,Kg,kg,0.56
2023-08-01,0.53,Maize,Rwanda,Western province,RETAIL,Kg,kg,0.53
2023-09-01,0.51,Maize,Rwanda,Western province,RETAIL,Kg,kg,0.51
2023-10-01,0.51,Maize,Rwanda,Western province,RETAIL,Kg,kg,0.51
2023-11-01,0.5,Maize,Rwanda,Western province,RETAIL,Kg,kg,0.5
2023-12-01,0.44,Maize,Rwanda,Western province,RETAIL,Kg,kg,0.44
2024-01-01,0.39,Maize,Rwanda,Western province,RETAIL,Kg,kg,0.39
2024-02-01,0.34,Maize,Rwanda,Western province,RETAIL,Kg,kg,0.34
2024-03-01,0.31,Maize,Rwanda,Western province,RETAIL,Kg,kg,0.31
2024-04-01,0.32,Maize,Rwanda,Western province,RETAIL,Kg,kg,0.32
2024-05-01,0.32,Maize,Rwanda,Western province,RETAIL,Kg,kg,0.32
2024-06-01,0.33,Maize,Rwanda,Western province,RETAIL,Kg,kg,0.33
2024-07-01,0.33,Maize,Rwanda,Western province,RETAIL,Kg,kg,0.33
2024-08-01,0.33,Maize,Rwanda,Western province,RETAIL,Kg,kg,0.33
2024-09-01,0.35,Maize,Rwanda,Western province,RETAIL,Kg,kg,0.35
2024-10-01,0.36,Maize,Rwanda,Western province,RETAIL,Kg,kg,0.36
2024-11-01,0.46,Maize,Rwanda,Western province,RETAIL,Kg,kg,0.46
2024-12-01,0.43,Maize,Rwanda,Western province,RETAIL,Kg,kg,0.43
2025-01-01,0.42,Maize,Rwanda,Western province,RETAIL,Kg,kg,0.42
2025-02-01,0.36,Maize,Rwanda,Western province,RETAIL,Kg,kg,0.36
2025-03-01,0.34,Maize,Rwanda,Western province,RETAIL,Kg,kg,0.34
2025-04-01,0.36,Maize,Rwanda,Western province,RETAIL,Kg,kg,0.36
2025-05-01,0.36,Maize,Rwanda,Western province,RETAIL,Kg,kg,0.36
2025-06-01,0.38,Maize,Rwanda,Western province,RETAIL,Kg,kg,0.38
2025-07-01,0.39,Maize,Rwanda,Western province,RETAIL,Kg,kg,0.39
2025-08-01,0.39,Maize,Rwanda,Western province,RETAIL,Kg,kg,0.39
2025-09-01,0.41,Maize,Rwanda,Western province,RETAIL,Kg,kg,0.41
2025-10-01,0.41,Maize,Rwanda,Western province,RETAIL,Kg,kg,0.41
2020-01-01,0.34,Maize,Senegal,Dakar,RETAIL,Kg,kg,0.34
2020-02-01,0.33,Maize,Senegal,Dakar,RETAIL,Kg,kg,0.33
2020-03-01,0.34,Maize,Senegal,Dakar,RETAIL,Kg,kg,0.34
2020-04-01,,Maize,Senegal,Dakar,RETAIL,Kg,kg,
2020-05-01,,Maize,Senegal,Dakar,RETAIL,Kg,kg,
2020-06-01,0.37,Maize,Senegal,Dakar,RETAIL,Kg,kg,0.37
2020-07-01,,Maize,Senegal,Dakar,RETAIL,Kg,kg,
2020-08-01,0.45,Maize,Senegal,Dakar,RETAIL,Kg,kg,0.45
2020-09-01,0.43,Maize,Senegal,Dakar,RETAIL,Kg,kg,0.43
2020-10-01,0.36,Maize,Senegal,Dakar,RETAIL,Kg,kg,0.36
2020-11-01,0.36,Maize,Senegal,Dakar,RETAIL,Kg,kg,0.36
2020-12-01,0.37,Maize,Senegal,Dakar,RETAIL,Kg,kg,0.37
2021-01-01,0.37,Maize,Senegal,Dakar,RETAIL,Kg,kg,0.37
2021-02-01,0.37,Maize,Senegal,Dakar,RETAIL,Kg,kg,0.37
2021-03-01,,Maize,Senegal,Dakar,RETAIL,Kg,kg,
2021-04-01,,Maize,Senegal,Dakar,RETAIL,Kg,kg,
2021-05-01,,Maize,Senegal,Dakar,RETAIL,Kg,kg,
2021-06-01,,Maize,Senegal,Dakar,RETAIL,Kg,kg,
2021-07-01,,Maize,Senegal,Dakar,RETAIL,Kg,kg,
2021-08-01,,Maize,Senegal,Dakar,RETAIL,Kg,kg,
2021-09-01,,Maize,Senegal,Dakar,RETAIL,Kg,kg,
2021-10-01,,Maize,Senegal,Dakar,RETAIL,Kg,kg,
2021-11-01,,Maize,Senegal,Dakar,RETAIL,Kg,kg,
2021-12-01,,Maize,Senegal,Dakar,RETAIL,Kg,kg,
2022-01-01,,Maize,Senegal,Dakar,RETAIL,Kg,kg,
2022-02-01,,Maize,Senegal,Dakar,RETAIL,Kg,kg,
2022-03-01,,Maize,Senegal,Dakar,RETAIL,Kg,kg,
2022-04-01,,Maize,Senegal,Dakar,RETAIL,Kg,kg,
2022-05-01,,Maize,Senegal,Dakar,RETAIL,Kg,kg,
2022-06-01,,Maize,Senegal,Dakar,RETAIL,Kg,kg,
2022-07-01,,Maize,Senegal,Dakar,RETAIL,Kg,kg,
2022-08-01,,Maize,Senegal,Dakar,RETAIL,Kg,kg,
2022-09-01,,Maize,Senegal,Dakar,RETAIL,Kg,kg,
2022-10-01,,Maize,Senegal,Dakar,RETAIL,Kg,kg,
2022-11-01,,Maize,Senegal,Dakar,RETAIL,Kg,kg,
2022-12-01,,Maize,Senegal,Dakar,RETAIL,Kg,kg,
2023-01-01,,Maize,Senegal,Dakar,RETAIL,Kg,kg,
2023-02-01,,Maize,Senegal,Dakar,RETAIL,Kg,kg,
2023-03-01,,Maize,Senegal,Dakar,RETAIL,Kg,kg,
2023-04-01,,Maize,Senegal,Dakar,RETAIL,Kg,kg,
2023-05-01,0.58,Maize,Senegal,Dakar,RETAIL,Kg,kg,0.58
2023-06-01,0.58,Maize,Senegal,Dakar,RETAIL,Kg,kg,0.58
2023-07-01,0.55,Maize,Senegal,Dakar,RETAIL,Kg,kg,0.55
2023-08-01,0.56,Maize,Senegal,Dakar,RETAIL,Kg,kg,0.56
2023-09-01,0.53,Maize,Senegal,Dakar,RETAIL,Kg,kg,0.53
2023-10-01,0.54,Maize,Senegal,Dakar,RETAIL,Kg,kg,0.54
2023-11-01,0.6,Maize,Senegal,Dakar,RETAIL,Kg,kg,0.6
2023-12-01,0.58,Maize,Senegal,Dakar,RETAIL,Kg,kg,0.58
2024-01-01,0.46,Maize,Senegal,Dakar,RETAIL,Kg,kg,0.46
2024-02-01,0.49,Maize,Senegal,Dakar,RETAIL,Kg,kg,0.49
2024-03-01,0.46,Maize,Senegal,Dakar,RETAIL,Kg,kg,0.46
2024-04-01,0.45,Maize,Senegal,Dakar,RETAIL,Kg,kg,0.45
2024-05-01,0.49,Maize,Senegal,Dakar,RETAIL,Kg,kg,0.49
2024-06-01,0.51,Maize,Senegal,Dakar,RETAIL,Kg,kg,0.51
2024-07-01,0.51,Maize,Senegal,Dakar,RETAIL,Kg,kg,0.51
2024-08-01,0.53,Maize,Senegal,Dakar,RETAIL,Kg,kg,0.53
2024-09-01,0.58,Maize,Senegal,Dakar,RETAIL,Kg,kg,0.58
2024-10-01,0.64,Maize,Senegal,Dakar,RETAIL,Kg,kg,0.64
2024-11-01,0.49,Maize,Senegal,Dakar,RETAIL,Kg,kg,0.49
2024-12-01,0.46,Maize,Senegal,Dakar,RETAIL,Kg,kg,0.46
2025-01-01,0.47,Maize,Senegal,Dakar,RETAIL,Kg,kg,0.47
2025-02-01,0.48,Maize,Senegal,Dakar,RETAIL,Kg,kg,0.48
2025-03-01,0.41,Maize,Senegal,Dakar,RETAIL,Kg,kg,0.41
2025-04-01,0.43,Maize,Senegal,Dakar,RETAIL,Kg,kg,0.43
2025-05-01,0.43,Maize,Senegal,Dakar,RETAIL,Kg,kg,0.43
2025-06-01,0.48,Maize,Senegal,Dakar,RETAIL,Kg,kg,0.48
2025-07-01,0.53,Maize,Senegal,Dakar,RETAIL,Kg,kg,0.53
2025-08-01,0.53,Maize,Senegal,Dakar,RETAIL,Kg,kg,0.53
2025-09-01,0.54,Maize,Senegal,Dakar,RETAIL,Kg,kg,0.54
2020-01-01,0.39,Maize,Senegal,Kolda,RETAIL,Kg,kg,0.39
2020-02-01,0.4,Maize,Senegal,Kolda,RETAIL,Kg,kg,0.4
2020-03-01,0.38,Maize,Senegal,Kolda,RETAIL,Kg,kg,0.38
2020-04-01,0.37,Maize,Senegal,Kolda,RETAIL,Kg,kg,0.37
2020-05-01,0.42,Maize,Senegal,Kolda,RETAIL,Kg,kg,0.42
2020-06-01,0.41,Maize,Senegal,Kolda,RETAIL,Kg,kg,0.41
2020-07-01,0.44,Maize,Senegal,Kolda,RETAIL,Kg,kg,0.44
2020-08-01,0.45,Maize,Senegal,Kolda,RETAIL,Kg,kg,0.45
2020-09-01,0.45,Maize,Senegal,Kolda,RETAIL,Kg,kg,0.45
2020-10-01,0.43,Maize,Senegal,Kolda,RETAIL,Kg,kg,0.43
2020-11-01,0.41,Maize,Senegal,Kolda,RETAIL,Kg,kg,0.41
2020-12-01,0.37,Maize,Senegal,Kolda,RETAIL,Kg,kg,0.37
2021-01-01,0.44,Maize,Senegal,Kolda,RETAIL,Kg,kg,0.44
2021-02-01,0.44,Maize,Senegal,Kolda,RETAIL,Kg,kg,0.44
2021-03-01,0.42,Maize,Senegal,Kolda,RETAIL,Kg,kg,0.42
2021-04-01,0.48,Maize,Senegal,Kolda,RETAIL,Kg,kg,0.48
2021-05-01,,Maize,Senegal,Kolda,RETAIL,Kg,kg,
2021-06-01,0.46,Maize,Senegal,Kolda,RETAIL,Kg,kg,0.46
2021-07-01,0.45,Maize,Senegal,Kolda,RETAIL,Kg,kg,0.45
2021-08-01,0.49,Maize,Senegal,Kolda,RETAIL,Kg,kg,0.49
2021-09-01,0.49,Maize,Senegal,Kolda,RETAIL,Kg,kg,0.49
2021-10-01,0.49,Maize,Senegal,Kolda,RETAIL,Kg,kg,0.49
2021-11-01,0.51,Maize,Senegal,Kolda,RETAIL,Kg,kg,0.51
2021-12-01,0.41,Maize,Senegal,Kolda,RETAIL,Kg,kg,0.41
2022-01-01,0.4,Maize,Senegal,Kolda,RETAIL,Kg,kg,0.4
2022-02-01,0.42,Maize,Senegal,Kolda,RETAIL,Kg,kg,0.42
2022-03-01,0.44,Maize,Senegal,Kolda,RETAIL,Kg,kg,0.44
2022-04-01,0.46,Maize,Senegal,Kolda,RETAIL,Kg,kg,0.46
2022-05-01,0.53,Maize,Senegal,Kolda,RETAIL,Kg,kg,0.53
2022-06-01,0.56,Maize,Senegal,Kolda,RETAIL,Kg,kg,0.56
2022-07-01,0.62,Maize,Senegal,Kolda,RETAIL,Kg,kg,0.62
2022-08-01,0.62,Maize,Senegal,Kolda,RETAIL,Kg,kg,0.62
2022-09-01,0.65,Maize,Senegal,Kolda,RETAIL,Kg,kg,0.65
2022-10-01,0.67,Maize,Senegal,Kolda,RETAIL,Kg,kg,0.67
2022-11-01,0.54,Maize,Senegal,Kolda,RETAIL,Kg,kg,0.54
2022-12-01,0.61,Maize,Senegal,Kolda,RETAIL,Kg,kg,0.61
2023-01-01,0.62,Maize,Senegal,Kolda,RETAIL,Kg,kg,0.62
2023-02-01,0.68,Maize,Senegal,Kolda,RETAIL,Kg,kg,0.68
2023-03-01,0.61,Maize,Senegal,Kolda,RETAIL,Kg,kg,0.61
2023-04-01,0.59,Maize,Senegal,Kolda,RETAIL,Kg,kg,0.59
2023-05-01,0.58,Maize,Senegal,Kolda,RETAIL,Kg,kg,0.58
2023-06-01,0.58,Maize,Senegal,Kolda,RETAIL,Kg,kg,0.58
2023-07-01,0.59,Maize,Senegal,Kolda,RETAIL,Kg,kg,0.59
2023-08-01,0.58,Maize,Senegal,Kolda,RETAIL,Kg,kg,0.58
2023-09-01,0.57,Maize,Senegal,Kolda,RETAIL,Kg,kg,0.57
2023-10-01,0.56,Maize,Senegal,Kolda,RETAIL,Kg,kg,0.56
2023-11-01,0.49,Maize,Senegal,Kolda,RETAIL,Kg,kg,0.49
2023-12-01,0.5,Maize,Senegal,Kolda,RETAIL,Kg,kg,0.5
2024-01-01,0.5,Maize,Senegal,Kolda,RETAIL,Kg,kg,0.5
2024-02-01,0.49,Maize,Senegal,Kolda,RETAIL,Kg,kg,0.49
2024-03-01,0.5,Maize,Senegal,Kolda,RETAIL,Kg,kg,0.5
2024-04-01,0.48,Maize,Senegal,Kolda,RETAIL,Kg,kg,0.48
2024-05-01,0.47,Maize,Senegal,Kolda,RETAIL,Kg,kg,0.47
2024-06-01,,Maize,Senegal,Kolda,RETAIL,Kg,kg,
2024-07-01,0.45,Maize,Senegal,Kolda,RETAIL,Kg,kg,0.45
2024-08-01,0.46,Maize,Senegal,Kolda,RETAIL,Kg,kg,0.46
2024-09-01,0.51,Maize,Senegal,Kolda,RETAIL,Kg,kg,0.51
2024-10-01,0.5,Maize,Senegal,Kolda,RETAIL,Kg,kg,0.5
2024-11-01,0.49,Maize,Senegal,Kolda,RETAIL,Kg,kg,0.49
2024-12-01,0.43,Maize,Senegal,Kolda,RETAIL,Kg,kg,0.43
2025-01-01,0.47,Maize,Senegal,Kolda,RETAIL,Kg,kg,0.47
2025-02-01,0.48,Maize,Senegal,Kolda,RETAIL,Kg,kg,0.48
2025-03-01,0.41,Maize,Senegal,Kolda,RETAIL,Kg,kg,0.41
2025-04-01,0.43,Maize,Senegal,Kolda,RETAIL,Kg,kg,0.43
2025-05-01,0.41,Maize,Senegal,Kolda,RETAIL,Kg,kg,0.41
2025-06-01,0.44,Maize,Senegal,Kolda,RETAIL,Kg,kg,0.44
2025-07-01,0.53,Maize,Senegal,Kolda,RETAIL,Kg,kg,0.53
2025-08-01,0.53,Maize,Senegal,Kolda,RETAIL,Kg,kg,0.53
2025-09-01,0.49,Maize,Senegal,Kolda,RETAIL,Kg,kg,0.49
2020-01-01,0.36,Maize,Senegal,Louga,RETAIL,Kg,kg,0.36
2020-02-01,0.35,Maize,Senegal,Louga,RETAIL,Kg,kg,0.35
2020-03-01,0.35,Maize,Senegal,Louga,RETAIL,Kg,kg,0.35
2020-04-01,0.34,Maize,Senegal,Louga,RETAIL,Kg,kg,0.34
2020-05-01,0.37,Maize,Senegal,Louga,RETAIL,Kg,kg,0.37
2020-06-01,0.36,Maize,Senegal,Louga,RETAIL,Kg,kg,0.36
2020-07-01,0.36,Maize,Senegal,Louga,RETAIL,Kg,kg,0.36
2020-08-01,0.38,Maize,Senegal,Louga,RETAIL,Kg,kg,0.38
2020-09-01,0.38,Maize,Senegal,Louga,RETAIL,Kg,kg,0.38
2020-10-01,0.37,Maize,Senegal,Louga,RETAIL,Kg,kg,0.37
2020-11-01,0.38,Maize,Senegal,Louga,RETAIL,Kg,kg,0.38
2020-12-01,0.39,Maize,Senegal,Louga,RETAIL,Kg,kg,0.39
2021-01-01,0.39,Maize,Senegal,Louga,RETAIL,Kg,kg,0.39
2021-02-01,0.39,Maize,Senegal,Louga,RETAIL,Kg,kg,0.39
2021-03-01,0.39,Maize,Senegal,Louga,RETAIL,Kg,kg,0.39
2021-04-01,0.4,Maize,Senegal,Louga,RETAIL,Kg,kg,0.4
2021-05-01,0.41,Maize,Senegal,Louga,RETAIL,Kg,kg,0.41
2021-06-01,0.41,Maize,Senegal,Louga,RETAIL,Kg,kg,0.41
2021-07-01,0.4,Maize,Senegal,Louga,RETAIL,Kg,kg,0.4
2021-08-01,0.53,Maize,Senegal,Louga,RETAIL,Kg,kg,0.53
2021-09-01,0.39,Maize,Senegal,Louga,RETAIL,Kg,kg,0.39
2021-10-01,0.46,Maize,Senegal,Louga,RETAIL,Kg,kg,0.46
2021-11-01,0.47,Maize,Senegal,Louga,RETAIL,Kg,kg,0.47
2021-12-01,,Maize,Senegal,Louga,RETAIL,Kg,kg,
2022-01-01,,Maize,Senegal,Louga,RETAIL,Kg,kg,
2022-02-01,,Maize,Senegal,Louga,RETAIL,Kg,kg,
2022-03-01,,Maize,Senegal,Louga,RETAIL,Kg,kg,
2022-04-01,,Maize,Senegal,Louga,RETAIL,Kg,kg,
2022-05-01,,Maize,Senegal,Louga,RETAIL,Kg,kg,
2022-06-01,,Maize,Senegal,Louga,RETAIL,Kg,kg,
2022-07-01,,Maize,Senegal,Louga,RETAIL,Kg,kg,
2022-08-01,,Maize,Senegal,Louga,RETAIL,Kg,kg,
2022-09-01,,Maize,Senegal,Louga,RETAIL,Kg,kg,
2022-10-01,,Maize,Senegal,Louga,RETAIL,Kg,kg,
2022-11-01,,Maize,Senegal,Louga,RETAIL,Kg,kg,
2022-12-01,,Maize,Senegal,Louga,RETAIL,Kg,kg,
2023-01-01,,Maize,Senegal,Louga,RETAIL,Kg,kg,
2023-02-01,,Maize,Senegal,Louga,RETAIL,Kg,kg,
2023-03-01,,Maize,Senegal,Louga,RETAIL,Kg,kg,
2023-04-01,,Maize,Senegal,Louga,RETAIL,Kg,kg,
2023-05-01,,Maize,Senegal,Louga,RETAIL,Kg,kg,
2023-06-01,,Maize,Senegal,Louga,RETAIL,Kg,kg,
2023-07-01,,Maize,Senegal,Louga,RETAIL,Kg,kg,
2023-08-01,,Maize,Senegal,Louga,RETAIL,Kg,kg,
2023-09-01,,Maize,Senegal,Louga,RETAIL,Kg,kg,
2023-10-01,,Maize,Senegal,Louga,RETAIL,Kg,kg,
2023-11-01,,Maize,Senegal,Louga,RETAIL,Kg,kg,
2023-12-01,,Maize,Senegal,Louga,RETAIL,Kg,kg,
2024-01-01,0.5,Maize,Senegal,Louga,RETAIL,Kg,kg,0.5
2024-02-01,0.49,Maize,Senegal,Louga,RETAIL,Kg,kg,0.49
2024-03-01,0.5,Maize,Senegal,Louga,RETAIL,Kg,kg,0.5
2024-04-01,0.49,Maize,Senegal,Louga,RETAIL,Kg,kg,0.49
2024-05-01,,Maize,Senegal,Louga,RETAIL,Kg,kg,
2024-06-01,,Maize,Senegal,Louga,RETAIL,Kg,kg,
2024-07-01,,Maize,Senegal,Louga,RETAIL,Kg,kg,
2024-08-01,,Maize,Senegal,Louga,RETAIL,Kg,kg,
2024-09-01,,Maize,Senegal,Louga,RETAIL,Kg,kg,
2024-10-01,,Maize,Senegal,Louga,RETAIL,Kg,kg,
2024-11-01,,Maize,Senegal,Louga,RETAIL,Kg,kg,
2024-12-01,,Maize,Senegal,Louga,RETAIL,Kg,kg,
2025-01-01,,Maize,Senegal,Louga,RETAIL,Kg,kg,
2025-02-01,0.48,Maize,Senegal,Louga,RETAIL,Kg,kg,0.48
2025-03-01,0.41,Maize,Senegal,Louga,RETAIL,Kg,kg,0.41
2025-04-01,0.43,Maize,Senegal,Louga,RETAIL,Kg,kg,0.43
2025-05-01,0.43,Maize,Senegal,Louga,RETAIL,Kg,kg,0.43
2025-06-01,0.44,Maize,Senegal,Louga,RETAIL,Kg,kg,0.44
2025-07-01,0.45,Maize,Senegal,Louga,RETAIL,Kg,kg,0.45
2020-08-01,0.42,Maize,Senegal,National Average,RETAIL,Kg,kg,0.42
2020-09-01,0.41,Maize,Senegal,National Average,RETAIL,Kg,kg,0.41
2020-10-01,0.39,Maize,Senegal,National Average,RETAIL,Kg,kg,0.39
2020-11-01,0.37,Maize,Senegal,National Average,RETAIL,Kg,kg,0.37
2020-12-01,0.38,Maize,Senegal,National Average,RETAIL,Kg,kg,0.38
2021-01-01,0.4,Maize,Senegal,National Average,RETAIL,Kg,kg,0.4
2021-02-01,0.41,Maize,Senegal,National Average,RETAIL,Kg,kg,0.41
2021-03-01,0.41,Maize,Senegal,National Average,RETAIL,Kg,kg,0.41
2021-04-01,0.42,Maize,Senegal,National Average,RETAIL,Kg,kg,0.42
2021-05-01,0.44,Maize,Senegal,National Average,RETAIL,Kg,kg,0.44
2021-06-01,0.43,Maize,Senegal,National Average,RETAIL,Kg,kg,0.43
2021-07-01,0.46,Maize,Senegal,National Average,RETAIL,Kg,kg,0.46
2021-08-01,0.45,Maize,Senegal,National Average,RETAIL,Kg,kg,0.45
2021-09-01,0.47,Maize,Senegal,National Average,RETAIL,Kg,kg,0.47
2021-10-01,0.48,Maize,Senegal,National Average,RETAIL,Kg,kg,0.48
2021-11-01,0.46,Maize,Senegal,National Average,RETAIL,Kg,kg,0.46
2021-12-01,0.43,Maize,Senegal,National Average,RETAIL,Kg,kg,0.43
2022-01-01,0.46,Maize,Senegal,National Average,RETAIL,Kg,kg,0.46
2022-02-01,0.45,Maize,Senegal,National Average,RETAIL,Kg,kg,0.45
2022-03-01,0.46,Maize,Senegal,National Average,RETAIL,Kg,kg,0.46
2022-04-01,0.49,Maize,Senegal,National Average,RETAIL,Kg,kg,0.49
2022-05-01,0.56,Maize,Senegal,National Average,RETAIL,Kg,kg,0.56
2022-06-01,0.59,Maize,Senegal,National Average,RETAIL,Kg,kg,0.59
2022-07-01,0.58,Maize,Senegal,National Average,RETAIL,Kg,kg,0.58
2022-08-01,0.6,Maize,Senegal,National Average,RETAIL,Kg,kg,0.6
2022-09-01,0.62,Maize,Senegal,National Average,RETAIL,Kg,kg,0.62
2022-10-01,0.61,Maize,Senegal,National Average,RETAIL,Kg,kg,0.61
2022-11-01,0.57,Maize,Senegal,National Average,RETAIL,Kg,kg,0.57
2022-12-01,0.59,Maize,Senegal,National Average,RETAIL,Kg,kg,0.59
2023-01-01,0.57,Maize,Senegal,National Average,RETAIL,Kg,kg,0.57
2023-02-01,0.58,Maize,Senegal,National Average,RETAIL,Kg,kg,0.58
2023-03-01,0.59,Maize,Senegal,National Average,RETAIL,Kg,kg,0.59
2023-04-01,0.59,Maize,Senegal,National Average,RETAIL,Kg,kg,0.59
2023-05-01,0.58,Maize,Senegal,National Average,RETAIL,Kg,kg,0.58
2023-06-01,0.58,Maize,Senegal,National Average,RETAIL,Kg,kg,0.58
2023-07-01,0.58,Maize,Senegal,National Average,RETAIL,Kg,kg,0.58
2023-08-01,0.58,Maize,Senegal,National Average,RETAIL,Kg,kg,0.58
2023-09-01,0.54,Maize,Senegal,National Average,RETAIL,Kg,kg,0.54
2023-10-01,0.54,Maize,Senegal,National Average,RETAIL,Kg,kg,0.54
2023-11-01,0.56,Maize,Senegal,National Average,RETAIL,Kg,kg,0.56
2023-12-01,0.52,Maize,Senegal,National Average,RETAIL,Kg,kg,0.52
2024-01-01,0.53,Maize,Senegal,National Average,RETAIL,Kg,kg,0.53
2024-02-01,0.51,Maize,Senegal,National Average,RETAIL,Kg,kg,0.51
2024-03-01,0.52,Maize,Senegal,National Average,RETAIL,Kg,kg,0.52
2024-04-01,0.51,Maize,Senegal,National Average,RETAIL,Kg,kg,0.51
2024-05-01,0.49,Maize,Senegal,National Average,RETAIL,Kg,kg,0.49
2024-06-01,0.49,Maize,Senegal,National Average,RETAIL,Kg,kg,0.49
2024-07-01,0.53,Maize,Senegal,National Average,RETAIL,Kg,kg,0.53
2024-08-01,0.55,Maize,Senegal,National Average,RETAIL,Kg,kg,0.55
2024-09-01,0.53,Maize,Senegal,National Average,RETAIL,Kg,kg,0.53
2024-10-01,0.51,Maize,Senegal,National Average,RETAIL,Kg,kg,0.51
2024-11-01,0.45,Maize,Senegal,National Average,RETAIL,Kg,kg,0.45
2024-12-01,0.42,Maize,Senegal,National Average,RETAIL,Kg,kg,0.42
2025-01-01,0.43,Maize,Senegal,National Average,RETAIL,Kg,kg,0.43
2025-02-01,0.43,Maize,Senegal,National Average,RETAIL,Kg,kg,0.43
2025-03-01,0.45,Maize,Senegal,National Average,RETAIL,Kg,kg,0.45
2025-04-01,0.51,Maize,Senegal,National Average,RETAIL,Kg,kg,0.51
2025-05-01,0.52,Maize,Senegal,National Average,RETAIL,Kg,kg,0.52
2025-06-01,0.54,Maize,Senegal,National Average,RETAIL,Kg,kg,0.54
2025-07-01,302.0,Maize,Senegal,National Average,RETAIL,Kg,kg,302.0
2025-08-01,0.54,Maize,Senegal,National Average,RETAIL,Kg,kg,0.54
2025-09-01,0.56,Maize,Senegal,National Average,RETAIL,Kg,kg,0.56
2020-01-01,0.34,Maize,Senegal,Tambacounda,RETAIL,Kg,kg,0.34
2020-02-01,0.31,Maize,Senegal,Tambacounda,RETAIL,Kg,kg,0.31
2020-03-01,0.3,Maize,Senegal,Tambacounda,RETAIL,Kg,kg,0.3
2020-04-01,0.31,Maize,Senegal,Tambacounda,RETAIL,Kg,kg,0.31
2020-05-01,0.34,Maize,Senegal,Tambacounda,RETAIL,Kg,kg,0.34
2020-06-01,0.37,Maize,Senegal,Tambacounda,RETAIL,Kg,kg,0.37
2020-07-01,0.35,Maize,Senegal,Tambacounda,RETAIL,Kg,kg,0.35
2020-08-01,0.41,Maize,Senegal,Tambacounda,RETAIL,Kg,kg,0.41
2020-09-01,0.36,Maize,Senegal,Tambacounda,RETAIL,Kg,kg,0.36
2020-10-01,0.33,Maize,Senegal,Tambacounda,RETAIL,Kg,kg,0.33
2020-11-01,0.34,Maize,Senegal,Tambacounda,RETAIL,Kg,kg,0.34
2020-12-01,0.36,Maize,Senegal,Tambacounda,RETAIL,Kg,kg,0.36
2021-01-01,0.39,Maize,Senegal,Tambacounda,RETAIL,Kg,kg,0.39
2021-02-01,0.39,Maize,Senegal,Tambacounda,RETAIL,Kg,kg,0.39
2021-03-01,0.37,Maize,Senegal,Tambacounda,RETAIL,Kg,kg,0.37
2021-04-01,0.38,Maize,Senegal,Tambacounda,RETAIL,Kg,kg,0.38
2021-05-01,0.37,Maize,Senegal,Tambacounda,RETAIL,Kg,kg,0.37
2021-06-01,0.37,Maize,Senegal,Tambacounda,RETAIL,Kg,kg,0.37
2021-07-01,0.41,Maize,Senegal,Tambacounda,RETAIL,Kg,kg,0.41
2021-08-01,0.4,Maize,Senegal,Tambacounda,RETAIL,Kg,kg,0.4
2021-09-01,0.45,Maize,Senegal,Tambacounda,RETAIL,Kg,kg,0.45
2021-10-01,0.44,Maize,Senegal,Tambacounda,RETAIL,Kg,kg,0.44
2021-11-01,0.3,Maize,Senegal,Tambacounda,RETAIL,Kg,kg,0.3
2021-12-01,0.34,Maize,Senegal,Tambacounda,RETAIL,Kg,kg,0.34
2022-01-01,0.32,Maize,Senegal,Tambacounda,RETAIL,Kg,kg,0.32
2022-02-01,0.35,Maize,Senegal,Tambacounda,RETAIL,Kg,kg,0.35
2022-03-01,0.35,Maize,Senegal,Tambacounda,RETAIL,Kg,kg,0.35
2022-04-01,0.43,Maize,Senegal,Tambacounda,RETAIL,Kg,kg,0.43
2022-05-01,0.52,Maize,Senegal,Tambacounda,RETAIL,Kg,kg,0.52
2022-06-01,0.56,Maize,Senegal,Tambacounda,RETAIL,Kg,kg,0.56
2022-07-01,0.54,Maize,Senegal,Tambacounda,RETAIL,Kg,kg,0.54
2022-08-01,0.54,Maize,Senegal,Tambacounda,RETAIL,Kg,kg,0.54
2022-09-01,0.53,Maize,Senegal,Tambacounda,RETAIL,Kg,kg,0.53
2022-10-01,0.56,Maize,Senegal,Tambacounda,RETAIL,Kg,kg,0.56
2022-11-01,0.47,Maize,Senegal,Tambacounda,RETAIL,Kg,kg,0.47
2022-12-01,0.51,Maize,Senegal,Tambacounda,RETAIL,Kg,kg,0.51
2023-01-01,0.74,Maize,Senegal,Tambacounda,RETAIL,Kg,kg,0.74
2023-02-01,0.65,Maize,Senegal,Tambacounda,RETAIL,Kg,kg,0.65
2023-03-01,0.65,Maize,Senegal,Tambacounda,RETAIL,Kg,kg,0.65
2023-04-01,0.67,Maize,Senegal,Tambacounda,RETAIL,Kg,kg,0.67
2023-05-01,0.62,Maize,Senegal,Tambacounda,RETAIL,Kg,kg,0.62
2023-06-01,0.66,Maize,Senegal,Tambacounda,RETAIL,Kg,kg,0.66
2023-07-01,0.72,Maize,Senegal,Tambacounda,RETAIL,Kg,kg,0.72
2023-08-01,0.5,Maize,Senegal,Tambacounda,RETAIL,Kg,kg,0.5
2023-09-01,0.54,Maize,Senegal,Tambacounda,RETAIL,Kg,kg,0.54
2023-10-01,0.5,Maize,Senegal,Tambacounda,RETAIL,Kg,kg,0.5
2023-11-01,0.5,Maize,Senegal,Tambacounda,RETAIL,Kg,kg,0.5
2023-12-01,0.5,Maize,Senegal,Tambacounda,RETAIL,Kg,kg,0.5
2024-01-01,0.5,Maize,Senegal,Tambacounda,RETAIL,Kg,kg,0.5
2024-02-01,0.49,Maize,Senegal,Tambacounda,RETAIL,Kg,kg,0.49
2024-03-01,0.5,Maize,Senegal,Tambacounda,RETAIL,Kg,kg,0.5
2024-04-01,0.57,Maize,Senegal,Tambacounda,RETAIL,Kg,kg,0.57
2024-05-01,0.58,Maize,Senegal,Tambacounda,RETAIL,Kg,kg,0.58
2024-06-01,0.57,Maize,Senegal,Tambacounda,RETAIL,Kg,kg,0.57
2024-07-01,0.58,Maize,Senegal,Tambacounda,RETAIL,Kg,kg,0.58
2024-08-01,0.59,Maize,Senegal,Tambacounda,RETAIL,Kg,kg,0.59
2024-09-01,0.59,Maize,Senegal,Tambacounda,RETAIL,Kg,kg,0.59
2024-10-01,0.58,Maize,Senegal,Tambacounda,RETAIL,Kg,kg,0.58
2024-11-01,0.51,Maize,Senegal,Tambacounda,RETAIL,Kg,kg,0.51
2024-12-01,0.4,Maize,Senegal,Tambacounda,RETAIL,Kg,kg,0.4
2025-01-01,0.4,Maize,Senegal,Tambacounda,RETAIL,Kg,kg,0.4
2025-02-01,0.4,Maize,Senegal,Tambacounda,RETAIL,Kg,kg,0.4
2025-03-01,0.44,Maize,Senegal,Tambacounda,RETAIL,Kg,kg,0.44
2025-04-01,0.55,Maize,Senegal,Tambacounda,RETAIL,Kg,kg,0.55
2025-05-01,0.43,Maize,Senegal,Tambacounda,RETAIL,Kg,kg,0.43
2025-06-01,0.46,Maize,Senegal,Tambacounda,RETAIL,Kg,kg,0.46
2025-07-01,0.53,Maize,Senegal,Tambacounda,RETAIL,Kg,kg,0.53
2025-08-01,0.62,Maize,Senegal,Tambacounda,RETAIL,Kg,kg,0.62
2025-09-01,0.63,Maize,Senegal,Tambacounda,RETAIL,Kg,kg,0.63
2020-06-01,1.44,Maize,Timor-Leste,National Average,RETAIL,Kg,kg,1.44
2020-07-01,1.23,Maize,Timor-Leste,National Average,RETAIL,Kg,kg,1.23
2020-08-01,1.08,Maize,Timor-Leste,National Average,RETAIL,Kg,kg,1.08
2020-09-01,1.13,Maize,Timor-Leste,National Average,RETAIL,Kg,kg,1.13
2020-10-01,1.27,Maize,Timor-Leste,National Average,RETAIL,Kg,kg,1.27
2020-11-01,1.22,Maize,Timor-Leste,National Average,RETAIL,Kg,kg,1.22
2020-12-01,1.14,Maize,Timor-Leste,National Average,RETAIL,Kg,kg,1.14
2021-01-01,1.13,Maize,Timor-Leste,National Average,RETAIL,Kg,kg,1.13
2021-02-01,0.97,Maize,Timor-Leste,National Average,RETAIL,Kg,kg,0.97
2021-03-01,0.99,Maize,Timor-Leste,National Average,RETAIL,Kg,kg,0.99
2021-04-01,0.9,Maize,Timor-Leste,National Average,RETAIL,Kg,kg,0.9
2021-05-01,0.93,Maize,Timor-Leste,National Average,RETAIL,Kg,kg,0.93
2021-06-01,0.94,Maize,Timor-Leste,National Average,RETAIL,Kg,kg,0.94
2021-07-01,0.96,Maize,Timor-Leste,National Average,RETAIL,Kg,kg,0.96
2021-08-01,0.85,Maize,Timor-Leste,National Average,RETAIL,Kg,kg,0.85
2021-09-01,0.92,Maize,Timor-Leste,National Average,RETAIL,Kg,kg,0.92
2021-10-01,0.91,Maize,Timor-Leste,National Average,RETAIL,Kg,kg,0.91
2021-11-01,1.12,Maize,Timor-Leste,National Average,RETAIL,Kg,kg,1.12
2021-12-01,0.89,Maize,Timor-Leste,National Average,RETAIL,Kg,kg,0.89
2022-01-01,1.03,Maize,Timor-Leste,National Average,RETAIL,Kg,kg,1.03
2022-02-01,1.08,Maize,Timor-Leste,National Average,RETAIL,Kg,kg,1.08
2022-03-01,1.09,Maize,Timor-Leste,National Average,RETAIL,Kg,kg,1.09
2022-04-01,0.92,Maize,Timor-Leste,National Average,RETAIL,Kg,kg,0.92
2022-05-01,1.02,Maize,Timor-Leste,National Average,RETAIL,Kg,kg,1.02
2022-06-01,1.12,Maize,Timor-Leste,National Average,RETAIL,Kg,kg,1.12
2022-07-01,1.11,Maize,Timor-Leste,National Average,RETAIL,Kg,kg,1.11
2022-08-01,1.2,Maize,Timor-Leste,National Average,RETAIL,Kg,kg,1.2
2022-09-01,1.13,Maize,Timor-Leste,National Average,RETAIL,Kg,kg,1.13
2022-10-01,0.97,Maize,Timor-Leste,National Average,RETAIL,Kg,kg,0.97
2022-11-01,0.93,Maize,Timor-Leste,National Average,RETAIL,Kg,kg,0.93
2022-12-01,1.31,Maize,Timor-Leste,National Average,RETAIL,Kg,kg,1.31
2023-01-01,1.41,Maize,Timor-Leste,National Average,RETAIL,Kg,kg,1.41
2023-02-01,1.37,Maize,Timor-Leste,National Average,RETAIL,Kg,kg,1.37
2023-03-01,1.34,Maize,Timor-Leste,National Average,RETAIL,Kg,kg,1.34
2023-04-01,1.3,Maize,Timor-Leste,National Average,RETAIL,Kg,kg,1.3
2023-05-01,1.43,Maize,Timor-Leste,National Average,RETAIL,Kg,kg,1.43
2023-06-01,1.39,Maize,Timor-Leste,National Average,RETAIL,Kg,kg,1.39
2023-07-01,1.34,Maize,Timor-Leste,National Average,RETAIL,Kg,kg,1.34
2023-08-01,1.27,Maize,Timor-Leste,National Average,RETAIL,Kg,kg,1.27
2023-09-01,1.38,Maize,Timor-Leste,National Average,RETAIL,Kg,kg,1.38
2023-10-01,1.42,Maize,Timor-Leste,National Average,RETAIL,Kg,kg,1.42
2023-11-01,1.39,Maize,Timor-Leste,National Average,RETAIL,Kg,kg,1.39
2023-12-01,2.18,Maize,Timor-Leste,National Average,RETAIL,Kg,kg,2.18
2024-01-01,,Maize,Timor-Leste,National Average,RETAIL,Kg,kg,
2024-02-01,1.93,Maize,Timor-Leste,National Average,RETAIL,Kg,kg,1.93
2024-03-01,1.59,Maize,Timor-Leste,National Average,RETAIL,Kg,kg,1.59
2024-04-01,1.44,Maize,Timor-Leste,National Average,RETAIL,Kg,kg,1.44
2024-05-01,1.23,Maize,Timor-Leste,National Average,RETAIL,Kg,kg,1.23
2024-06-01,1.26,Maize,Timor-Leste,National Average,RETAIL,Kg,kg,1.26
2024-07-01,1.28,Maize,Timor-Leste,National Average,RETAIL,Kg,kg,1.28
2024-08-01,1.33,Maize,Timor-Leste,National Average,RETAIL,Kg,kg,1.33
2024-09-01,1.49,Maize,Timor-Leste,National Average,RETAIL,Kg,kg,1.49
2024-10-01,1.12,Maize,Timor-Leste,National Average,RETAIL,Kg,kg,1.12
2024-11-01,1.4,Maize,Timor-Leste,National Average,RETAIL,Kg,kg,1.4
2024-12-01,1.42,Maize,Timor-Leste,National Average,RETAIL,Kg,kg,1.42
2025-01-01,1.34,Maize,Timor-Leste,National Average,RETAIL,Kg,kg,1.34
2025-02-01,1.36,Maize,Timor-Leste,National Average,RETAIL,Kg,kg,1.36
2025-03-01,1.26,Maize,Timor-Leste,National Average,RETAIL,Kg,kg,1.26
2025-04-01,1.21,Maize,Timor-Leste,National Average,RETAIL,Kg,kg,1.21
2025-05-01,1.12,Maize,Timor-Leste,National Average,RETAIL,Kg,kg,1.12
2025-06-01,1.39,Maize,Timor-Leste,National Average,RETAIL,Kg,kg,1.39
2025-07-01,1.42,Maize,Timor-Leste,National Average,RETAIL,Kg,kg,1.42
2025-08-01,1.43,Maize,Timor-Leste,National Average,RETAIL,Kg,kg,1.43
2025-09-01,1.53,Maize,Timor-Leste,National Average,RETAIL,Kg,kg,1.53
2006-01-01,27.17,Maize,United Republic of Tanzania,National Average,WHOLESALE,100 kg,kg,0.2717
2006-02-01,26.84,Maize,United Republic of Tanzania,National Average,WHOLESALE,100 kg,kg,0.26839999999999997
2006-03-01,26.53,Maize,United Republic of Tanzania,National Average,WHOLESALE,100 kg,kg,0.26530000000000004
2006-04-01,26.02,Maize,United Republic of Tanzania,National Average,WHOLESALE,100 kg,kg,0.2602
2006-05-01,23.03,Maize,United Republic of Tanzania,National Average,WHOLESALE,100 kg,kg,0.2303
2006-06-01,20.15,Maize,United Republic of Tanzania,National Average,WHOLESALE,100 kg,kg,0.20149999999999998
2006-07-01,16.86,Maize,United Republic of Tanzania,National Average,WHOLESALE,100 kg,kg,0.1686
2006-08-01,15.1,Maize,United Republic of Tanzania,National Average,WHOLESALE,100 kg,kg,0.151
2006-09-01,14.55,Maize,United Republic of Tanzania,National Average,WHOLESALE,100 kg,kg,0.14550000000000002
2006-10-01,15.03,Maize,United Republic of Tanzania,National Average,WHOLESALE,100 kg,kg,0.1503
2006-11-01,14.34,Maize,United Republic of Tanzania,National Average,WHOLESALE,100 kg,kg,0.1434
2006-12-01,15.8,Maize,United Republic of Tanzania,National Average,WHOLESALE,100 kg,kg,0.158
2007-01-01,14.79,Maize,United Republic of Tanzania,National Average,WHOLESALE,100 kg,kg,0.1479
2007-02-01,13.5,Maize,United Republic of Tanzania,National Average,WHOLESALE,100 kg,kg,0.135
2007-03-01,13.59,Maize,United Republic of Tanzania,National Average,WHOLESALE,100 kg,kg,0.1359
2007-04-01,12.92,Maize,United Republic of Tanzania,National Average,WHOLESALE,100 kg,kg,0.1292
2007-05-01,12.02,Maize,United Republic of Tanzania,National Average,WHOLESALE,100 kg,kg,0.1202
2007-06-01,12.01,Maize,United Republic of Tanzania,National Average,WHOLESALE,100 kg,kg,0.1201
2007-07-01,11.92,Maize,United Republic of Tanzania,National Average,WHOLESALE,100 kg,kg,0.1192
2007-08-01,12.87,Maize,United Republic of Tanzania,National Average,WHOLESALE,100 kg,kg,0.12869999999999998
2007-09-01,14.66,Maize,United Republic of Tanzania,National Average,WHOLESALE,100 kg,kg,0.1466
2007-10-01,16.63,Maize,United Republic of Tanzania,National Average,WHOLESALE,100 kg,kg,0.1663
2007-11-01,19.05,Maize,United Republic of Tanzania,National Average,WHOLESALE,100 kg,kg,0.1905
2007-12-01,21.19,Maize,United Republic of Tanzania,National Average,WHOLESALE,100 kg,kg,0.2119
2008-01-01,28.69,Maize,United Republic of Tanzania,National Average,WHOLESALE,100 kg,kg,0.2869
2008-02-01,29.12,Maize,United Republic of Tanzania,National Average,WHOLESALE,100 kg,kg,0.2912
2008-03-01,27.17,Maize,United Republic of Tanzania,National Average,WHOLESALE,100 kg,kg,0.2717
2008-04-01,24.01,Maize,United Republic of Tanzania,National Average,WHOLESALE,100 kg,kg,0.2401
2008-05-01,21.29,Maize,United Republic of Tanzania,National Average,WHOLESALE,100 kg,kg,0.21289999999999998
2008-06-01,24.05,Maize,United Republic of Tanzania,National Average,WHOLESALE,100 kg,kg,0.24050000000000002
2008-07-01,24.53,Maize,United Republic of Tanzania,National Average,WHOLESALE,100 kg,kg,0.24530000000000002
2008-08-01,25.21,Maize,United Republic of Tanzania,National Average,WHOLESALE,100 kg,kg,0.2521
2008-09-01,25.06,Maize,United Republic of Tanzania,National Average,WHOLESALE,100 kg,kg,0.2506
2008-10-01,25.76,Maize,United Republic of Tanzania,National Average,WHOLESALE,100 kg,kg,0.2576
2008-11-01,26.4,Maize,United Republic of Tanzania,National Average,WHOLESALE,100 kg,kg,0.264
2008-12-01,29.83,Maize,United Republic of Tanzania,National Average,WHOLESALE,100 kg,kg,0.2983
2009-01-01,29.4,Maize,United Republic of Tanzania,National Average,WHOLESALE,100 kg,kg,0.294
2009-02-01,30.4,Maize,United Republic of Tanzania,National Average,WHOLESALE,100 kg,kg,0.304
2009-03-01,30.69,Maize,United Republic of Tanzania,National Average,WHOLESALE,100 kg,kg,0.3069
2009-04-01,26.9,Maize,United Republic of Tanzania,National Average,WHOLESALE,100 kg,kg,0.26899999999999996
2009-05-01,26.3,Maize,United Republic of Tanzania,National Average,WHOLESALE,100 kg,kg,0.263
2009-06-01,27.52,Maize,United Republic of Tanzania,National Average,WHOLESALE,100 kg,kg,0.2752
2009-07-01,29.37,Maize,United Republic of Tanzania,National Average,WHOLESALE,100 kg,kg,0.2937
2009-08-01,27.61,Maize,United Republic of Tanzania,National Average,WHOLESALE,100 kg,kg,0.2761
2009-09-01,28.95,Maize,United Republic of Tanzania,National Average,WHOLESALE,100 kg,kg,0.2895
2009-10-01,30.09,Maize,United Republic of Tanzania,National Average,WHOLESALE,100 kg,kg,0.3009
2009-11-01,32.23,Maize,United Republic of Tanzania,National Average,WHOLESALE,100 kg,kg,0.3223
2009-12-01,33.94,Maize,United Republic of Tanzania,National Average,WHOLESALE,100 kg,kg,0.3394
2010-01-01,35.73,Maize,United Republic of Tanzania,National Average,WHOLESALE,100 kg,kg,0.35729999999999995
2010-02-01,33.34,Maize,United Republic of Tanzania,National Average,WHOLESALE,100 kg,kg,0.33340000000000003
2010-03-01,30.82,Maize,United Republic of Tanzania,National Average,WHOLESALE,100 kg,kg,0.30820000000000003
2010-04-01,27.01,Maize,United Republic of Tanzania,National Average,WHOLESALE,100 kg,kg,0.2701
2010-05-01,22.26,Maize,United Republic of Tanzania,National Average,WHOLESALE,100 kg,kg,0.22260000000000002
2010-06-01,19.27,Maize,United Republic of Tanzania,National Average,WHOLESALE,100 kg,kg,0.19269999999999998
2010-07-01,19.69,Maize,United Republic of Tanzania,National Average,WHOLESALE,100 kg,kg,0.19690000000000002
2010-08-01,19.36,Maize,United Republic of Tanzania,National Average,WHOLESALE,100 kg,kg,0.1936
2010-09-01,19.17,Maize,United Republic of Tanzania,National Average,WHOLESALE,100 kg,kg,0.1917
2010-10-01,20.01,Maize,United Republic of Tanzania,National Average,WHOLESALE,100 kg,kg,0.20010000000000003
2010-11-01,21.15,Maize,United Republic of Tanzania,National Average,WHOLESALE,100 kg,kg,0.2115
2010-12-01,22.79,Maize,United Republic of Tanzania,National Average,WHOLESALE,100 kg,kg,0.2279
2011-01-01,23.62,Maize,United Republic of Tanzania,National Average,WHOLESALE,100 kg,kg,0.23620000000000002
2011-02-01,25.42,Maize,United Republic of Tanzania,National Average,WHOLESALE,100 kg,kg,0.25420000000000004
2011-03-01,29.05,Maize,United Republic of Tanzania,National Average,WHOLESALE,100 kg,kg,0.2905
2011-04-01,28.82,Maize,United Republic of Tanzania,National Average,WHOLESALE,100 kg,kg,0.2882
2011-05-01,28.21,Maize,United Republic of Tanzania,National Average,WHOLESALE,100 kg,kg,0.2821
2011-06-01,28.85,Maize,United Republic of Tanzania,National Average,WHOLESALE,100 kg,kg,0.28850000000000003
2011-07-01,28.29,Maize,United Republic of Tanzania,National Average,WHOLESALE,100 kg,kg,0.2829
2011-08-01,26.09,Maize,United Republic of Tanzania,National Average,WHOLESALE,100 kg,kg,0.2609
2011-09-01,25.7,Maize,United Republic of Tanzania,National Average,WHOLESALE,100 kg,kg,0.257
2011-10-01,25.38,Maize,United Republic of Tanzania,National Average,WHOLESALE,100 kg,kg,0.25379999999999997
2011-11-01,25.29,Maize,United Republic of Tanzania,National Average,WHOLESALE,100 kg,kg,0.2529
2011-12-01,26.66,Maize,United Republic of Tanzania,National Average,WHOLESALE,100 kg,kg,0.2666
2012-01-01,27.87,Maize,United Republic of Tanzania,National Average,WHOLESALE,100 kg,kg,0.2787
2012-02-01,26.71,Maize,United Republic of Tanzania,National Average,WHOLESALE,100 kg,kg,0.2671
2012-03-01,26.87,Maize,United Republic of Tanzania,National Average,WHOLESALE,100 kg,kg,0.2687
2012-04-01,29.61,Maize,United Republic of Tanzania,National Average,WHOLESALE,100 kg,kg,0.2961
2012-05-01,32.91,Maize,United Republic of Tanzania,National Average,WHOLESALE,100 kg,kg,0.32909999999999995
2012-06-01,32.84,Maize,United Republic of Tanzania,National Average,WHOLESALE,100 kg,kg,0.3284
2012-07-01,32.88,Maize,United Republic of Tanzania,National Average,WHOLESALE,100 kg,kg,0.32880000000000004
2012-08-01,31.72,Maize,United Republic of Tanzania,National Average,WHOLESALE,100 kg,kg,0.3172
2012-09-01,34.13,Maize,United Republic of Tanzania,National Average,WHOLESALE,100 kg,kg,0.34130000000000005
2012-10-01,37.48,Maize,United Republic of Tanzania,National Average,WHOLESALE,100 kg,kg,0.37479999999999997
2012-11-01,40.95,Maize,United Republic of Tanzania,National Average,WHOLESALE,100 kg,kg,0.40950000000000003
2012-12-01,46.1,Maize,United Republic of Tanzania,National Average,WHOLESALE,100 kg,kg,0.461
2013-01-01,48.43,Maize,United Republic of Tanzania,National Average,WHOLESALE,100 kg,kg,0.4843
2013-02-01,48.35,Maize,United Republic of Tanzania,National Average,WHOLESALE,100 kg,kg,0.48350000000000004
2013-03-01,45.38,Maize,United Republic of Tanzania,National Average,WHOLESALE,100 kg,kg,0.45380000000000004
2013-04-01,43.13,Maize,United Republic of Tanzania,National Average,WHOLESALE,100 kg,kg,0.4313
2013-05-01,35.09,Maize,United Republic of Tanzania,National Average,WHOLESALE,100 kg,kg,0.35090000000000005
2013-06-01,30.25,Maize,United Republic of Tanzania,National Average,WHOLESALE,100 kg,kg,0.3025
2013-07-01,30.68,Maize,United Republic of Tanzania,National Average,WHOLESALE,100 kg,kg,0.3068
2013-08-01,32.21,Maize,United Republic of Tanzania,National Average,WHOLESALE,100 kg,kg,0.3221
2013-09-01,32.73,Maize,United Republic of Tanzania,National Average,WHOLESALE,100 kg,kg,0.3273
2013-10-01,33.13,Maize,United Republic of Tanzania,National Average,WHOLESALE,100 kg,kg,0.33130000000000004
2013-11-01,33.03,Maize,United Republic of Tanzania,National Average,WHOLESALE,100 kg,kg,0.33030000000000004
2013-12-01,34.09,Maize,United Republic of Tanzania,National Average,WHOLESALE,100 kg,kg,0.34090000000000004
2014-01-01,34.84,Maize,United Republic of Tanzania,National Average,WHOLESALE,100 kg,kg,0.34840000000000004
2014-02-01,34.71,Maize,United Republic of Tanzania,National Average,WHOLESALE,100 kg,kg,0.3471
2014-03-01,32.19,Maize,United Republic of Tanzania,National Average,WHOLESALE,100 kg,kg,0.32189999999999996
2014-04-01,30.88,Maize,United Republic of Tanzania,National Average,WHOLESALE,100 kg,kg,0.30879999999999996
2014-05-01,29.94,Maize,United Republic of Tanzania,National Average,WHOLESALE,100 kg,kg,0.2994
2014-06-01,29.78,Maize,United Republic of Tanzania,National Average,WHOLESALE,100 kg,kg,0.2978
2014-07-01,27.19,Maize,United Republic of Tanzania,National Average,WHOLESALE,100 kg,kg,0.27190000000000003
2014-08-01,24.99,Maize,United Republic of Tanzania,National Average,WHOLESALE,100 kg,kg,0.24989999999999998
2014-09-01,24.49,Maize,United Republic of Tanzania,National Average,WHOLESALE,100 kg,kg,0.24489999999999998
2014-10-01,,Maize,United Republic of Tanzania,National Average,WHOLESALE,100 kg,kg,
2014-11-01,22.92,Maize,United Republic of Tanzania,National Average,WHOLESALE,100 kg,kg,0.22920000000000001
2014-12-01,22.73,Maize,United Republic of Tanzania,National Average,WHOLESALE,100 kg,kg,0.2273
2015-01-01,21.89,Maize,United Republic of Tanzania,National Average,WHOLESALE,100 kg,kg,0.2189
2015-02-01,21.37,Maize,United Republic of Tanzania,National Average,WHOLESALE,100 kg,kg,0.2137
2015-03-01,22.07,Maize,United Republic of Tanzania,National Average,WHOLESALE,100 kg,kg,0.2207
2015-04-01,26.66,Maize,United Republic of Tanzania,National Average,WHOLESALE,100 kg,kg,0.2666
2015-05-01,24.23,Maize,United Republic of Tanzania,National Average,WHOLESALE,100 kg,kg,0.24230000000000002
2015-06-01,23.31,Maize,United Republic of Tanzania,National Average,WHOLESALE,100 kg,kg,0.23309999999999997
2015-07-01,25.27,Maize,United Republic of Tanzania,National Average,WHOLESALE,100 kg,kg,0.2527
2015-08-01,26.55,Maize,United Republic of Tanzania,National Average,WHOLESALE,100 kg,kg,0.2655
2015-09-01,26.88,Maize,United Republic of Tanzania,National Average,WHOLESALE,100 kg,kg,0.2688
2015-10-01,27.35,Maize,United Republic of Tanzania,National Average,WHOLESALE,100 kg,kg,0.2735
2015-11-01,29.9,Maize,United Republic of Tanzania,National Average,WHOLESALE,100 kg,kg,0.299
2015-12-01,30.83,Maize,United Republic of Tanzania,National Average,WHOLESALE,100 kg,kg,0.30829999999999996
2016-01-01,31.04,Maize,United Republic of Tanzania,National Average,WHOLESALE,100 kg,kg,0.3104
2016-02-01,30.81,Maize,United Republic of Tanzania,National Average,WHOLESALE,100 kg,kg,0.3081
2016-03-01,29.63,Maize,United Republic of Tanzania,National Average,WHOLESALE,100 kg,kg,0.2963
2016-04-01,26.17,Maize,United Republic of Tanzania,National Average,WHOLESALE,100 kg,kg,0.26170000000000004
2016-05-01,25.22,Maize,United Republic of Tanzania,National Average,WHOLESALE,100 kg,kg,0.2522
2016-06-01,24.82,Maize,United Republic of Tanzania,National Average,WHOLESALE,100 kg,kg,0.2482
2016-07-01,26.54,Maize,United Republic of Tanzania,National Average,WHOLESALE,100 kg,kg,0.26539999999999997
2016-08-01,25.96,Maize,United Republic of Tanzania,National Average,WHOLESALE,100 kg,kg,0.2596
2016-09-01,26.41,Maize,United Republic of Tanzania,National Average,WHOLESALE,100 kg,kg,0.2641
2016-10-01,29.79,Maize,United Republic of Tanzania,National Average,WHOLESALE,100 kg,kg,0.2979
2016-11-01,33.43,Maize,United Republic of Tanzania,National Average,WHOLESALE,100 kg,kg,0.3343
2016-12-01,39.42,Maize,United Republic of Tanzania,National Average,WHOLESALE,100 kg,kg,0.3942
2017-01-01,42.25,Maize,United Republic of Tanzania,National Average,WHOLESALE,100 kg,kg,0.4225
2017-02-01,47.07,Maize,United Republic of Tanzania,National Average,WHOLESALE,100 kg,kg,0.4707
2017-03-01,47.44,Maize,United Republic of Tanzania,National Average,WHOLESALE,100 kg,kg,0.4744
2017-04-01,48.24,Maize,United Republic of Tanzania,National Average,WHOLESALE,100 kg,kg,0.4824
2017-05-01,42.7,Maize,United Republic of Tanzania,National Average,WHOLESALE,100 kg,kg,0.42700000000000005
2017-06-01,36.06,Maize,United Republic of Tanzania,National Average,WHOLESALE,100 kg,kg,0.36060000000000003
2017-07-01,30.9,Maize,United Republic of Tanzania,National Average,WHOLESALE,100 kg,kg,0.309
2017-08-01,29.31,Maize,United Republic of Tanzania,National Average,WHOLESALE,100 kg,kg,0.29309999999999997
2017-09-01,24.19,Maize,United Republic of Tanzania,National Average,WHOLESALE,100 kg,kg,0.2419
2017-10-01,24.54,Maize,United Republic of Tanzania,National Average,WHOLESALE,100 kg,kg,0.24539999999999998
2017-11-01,22.34,Maize,United Republic of Tanzania,National Average,WHOLESALE,100 kg,kg,0.2234
2017-12-01,23.46,Maize,United Republic of Tanzania,National Average,WHOLESALE,100 kg,kg,0.2346
2018-01-01,22.32,Maize,United Republic of Tanzania,National Average,WHOLESALE,100 kg,kg,0.2232
2018-02-01,21.06,Maize,United Republic of Tanzania,National Average,WHOLESALE,100 kg,kg,0.21059999999999998
2018-03-01,21.93,Maize,United Republic of Tanzania,National Average,WHOLESALE,100 kg,kg,0.2193
2018-04-01,20.23,Maize,United Republic of Tanzania,National Average,WHOLESALE,100 kg,kg,0.2023
2018-05-01,18.77,Maize,United Republic of Tanzania,National Average,WHOLESALE,100 kg,kg,0.1877
2018-06-01,18.76,Maize,United Republic of Tanzania,National Average,WHOLESALE,100 kg,kg,0.18760000000000002
2018-07-01,18.18,Maize,United Republic of Tanzania,National Average,WHOLESALE,100 kg,kg,0.1818
2018-08-01,17.81,Maize,United Republic of Tanzania,National Average,WHOLESALE,100 kg,kg,0.17809999999999998
2018-09-01,17.52,Maize,United Republic of Tanzania,National Average,WHOLESALE,100 kg,kg,0.1752
2018-10-01,16.89,Maize,United Republic of Tanzania,National Average,WHOLESALE,100 kg,kg,0.1689
2018-11-01,18.15,Maize,United Republic of Tanzania,National Average,WHOLESALE,100 kg,kg,0.1815
2018-12-01,20.73,Maize,United Republic of Tanzania,National Average,WHOLESALE,100 kg,kg,0.2073
2019-01-01,21.67,Maize,United Republic of Tanzania,National Average,WHOLESALE,100 kg,kg,0.2167
2019-02-01,21.94,Maize,United Republic of Tanzania,National Average,WHOLESALE,100 kg,kg,0.2194
2019-03-01,21.9,Maize,United Republic of Tanzania,National Average,WHOLESALE,100 kg,kg,0.21899999999999997
2019-04-01,23.9,Maize,United Republic of Tanzania,National Average,WHOLESALE,100 kg,kg,0.239
2019-05-01,25.86,Maize,United Republic of Tanzania,National Average,WHOLESALE,100 kg,kg,0.2586
2019-06-01,26.53,Maize,United Republic of Tanzania,National Average,WHOLESALE,100 kg,kg,0.26530000000000004
2019-07-01,27.29,Maize,United Republic of Tanzania,National Average,WHOLESALE,100 kg,kg,0.2729
2019-08-01,29.65,Maize,United Republic of Tanzania,National Average,WHOLESALE,100 kg,kg,0.2965
2019-09-01,31.72,Maize,United Republic of Tanzania,National Average,WHOLESALE,100 kg,kg,0.3172
2019-10-01,35.99,Maize,United Republic of Tanzania,National Average,WHOLESALE,100 kg,kg,0.3599
2019-11-01,37.54,Maize,United Republic of Tanzania,National Average,WHOLESALE,100 kg,kg,0.3754
2019-12-01,38.69,Maize,United Republic of Tanzania,National Average,WHOLESALE,100 kg,kg,0.38689999999999997
2020-01-01,41.19,Maize,United Republic of Tanzania,National Average,WHOLESALE,100 kg,kg,0.4119
2020-02-01,37.22,Maize,United Republic of Tanzania,National Average,WHOLESALE,100 kg,kg,0.3722
2020-03-01,29.22,Maize,United Republic of Tanzania,National Average,WHOLESALE,100 kg,kg,0.2922
2020-04-01,26.12,Maize,United Republic of Tanzania,National Average,WHOLESALE,100 kg,kg,0.2612
2020-05-01,24.58,Maize,United Republic of Tanzania,National Average,WHOLESALE,100 kg,kg,0.2458
2020-06-01,24.81,Maize,United Republic of Tanzania,National Average,WHOLESALE,100 kg,kg,0.2481
2020-07-01,25.4,Maize,United Republic of Tanzania,National Average,WHOLESALE,100 kg,kg,0.254
2020-08-01,24.47,Maize,United Republic of Tanzania,National Average,WHOLESALE,100 kg,kg,0.2447
2020-09-01,23.74,Maize,United Republic of Tanzania,National Average,WHOLESALE,100 kg,kg,0.23739999999999997
2020-10-01,24.89,Maize,United Republic of Tanzania,National Average,WHOLESALE,100 kg,kg,0.2489
2020-11-01,25.25,Maize,United Republic of Tanzania,National Average,WHOLESALE,100 kg,kg,0.2525
2020-12-01,24.76,Maize,United Republic of Tanzania,National Average,WHOLESALE,100 kg,kg,0.24760000000000001
2021-01-01,24.74,Maize,United Republic of Tanzania,National Average,WHOLESALE,100 kg,kg,0.24739999999999998
2021-02-01,22.38,Maize,United Republic of Tanzania,National Average,WHOLESALE,100 kg,kg,0.2238
2021-03-01,20.67,Maize,United Republic of Tanzania,National Average,WHOLESALE,100 kg,kg,0.20670000000000002
2021-04-01,19.39,Maize,United Republic of Tanzania,National Average,WHOLESALE,100 kg,kg,0.19390000000000002
2021-05-01,18.78,Maize,United Republic of Tanzania,National Average,WHOLESALE,100 kg,kg,0.18780000000000002
2021-06-01,18.6,Maize,United Republic of Tanzania,National Average,WHOLESALE,100 kg,kg,0.18600000000000003
2021-07-01,18.86,Maize,United Republic of Tanzania,National Average,WHOLESALE,100 kg,kg,0.1886
2021-08-01,19.49,Maize,United Republic of Tanzania,National Average,WHOLESALE,100 kg,kg,0.1949
2021-09-01,19.3,Maize,United Republic of Tanzania,National Average,WHOLESALE,100 kg,kg,0.193
2021-10-01,20.38,Maize,United Republic of Tanzania,National Average,WHOLESALE,100 kg,kg,0.20379999999999998
2021-11-01,20.93,Maize,United Republic of Tanzania,National Average,WHOLESALE,100 kg,kg,0.20929999999999999
2021-12-01,24.21,Maize,United Republic of Tanzania,National Average,WHOLESALE,100 kg,kg,0.2421
2022-01-01,29.42,Maize,United Republic of Tanzania,National Average,WHOLESALE,100 kg,kg,0.2942
2022-02-01,27.01,Maize,United Republic of Tanzania,National Average,WHOLESALE,100 kg,kg,0.2701
2022-03-01,26.34,Maize,United Republic of Tanzania,National Average,WHOLESALE,100 kg,kg,0.2634
2022-04-01,27.54,Maize,United Republic of Tanzania,National Average,WHOLESALE,100 kg,kg,0.2754
2022-05-01,30.82,Maize,United Republic of Tanzania,National Average,WHOLESALE,100 kg,kg,0.30820000000000003
2022-06-01,34.39,Maize,United Republic of Tanzania,National Average,WHOLESALE,100 kg,kg,0.3439
2022-07-01,37.95,Maize,United Republic of Tanzania,National Average,WHOLESALE,100 kg,kg,0.3795
2022-08-01,38.63,Maize,United Republic of Tanzania,National Average,WHOLESALE,100 kg,kg,0.38630000000000003
2022-09-01,41.12,Maize,United Republic of Tanzania,National Average,WHOLESALE,100 kg,kg,0.41119999999999995
2022-10-01,44.11,Maize,United Republic of Tanzania,National Average,WHOLESALE,100 kg,kg,0.4411
2022-11-01,44.9,Maize,United Republic of Tanzania,National Average,WHOLESALE,100 kg,kg,0.449
2022-12-01,48.26,Maize,United Republic of Tanzania,National Average,WHOLESALE,100 kg,kg,0.4826
2023-01-01,49.58,Maize,United Republic of Tanzania,National Average,WHOLESALE,100 kg,kg,0.49579999999999996
2023-02-01,49.09,Maize,United Republic of Tanzania,National Average,WHOLESALE,100 kg,kg,0.49090000000000006
2023-03-01,51.03,Maize,United Republic of Tanzania,National Average,WHOLESALE,100 kg,kg,0.5103
2023-04-01,46.34,Maize,United Republic of Tanzania,National Average,WHOLESALE,100 kg,kg,0.46340000000000003
2023-05-01,44.43,Maize,United Republic of Tanzania,National Average,WHOLESALE,100 kg,kg,0.4443
2023-06-01,42.83,Maize,United Republic of Tanzania,National Average,WHOLESALE,100 kg,kg,0.42829999999999996
2023-07-01,41.52,Maize,United Republic of Tanzania,National Average,WHOLESALE,100 kg,kg,0.4152
2023-08-01,39.2,Maize,United Republic of Tanzania,National Average,WHOLESALE,100 kg,kg,0.392
2023-09-01,,Maize,United Republic of Tanzania,National Average,WHOLESALE,100 kg,kg,
2023-10-01,35.55,Maize,United Republic of Tanzania,National Average,WHOLESALE,100 kg,kg,0.3555
2023-11-01,35.15,Maize,United Republic of Tanzania,National Average,WHOLESALE,100 kg,kg,0.3515
2023-12-01,,Maize,United Republic of Tanzania,National Average,WHOLESALE,100 kg,kg,
2024-01-01,33.0,Maize,United Republic of Tanzania,National Average,WHOLESALE,100 kg,kg,0.33
2024-02-01,32.68,Maize,United Republic of Tanzania,National Average,WHOLESALE,100 kg,kg,0.3268
2024-03-01,27.54,Maize,United Republic of Tanzania,National Average,WHOLESALE,100 kg,kg,0.2754
2024-04-01,25.23,Maize,United Republic of Tanzania,National Average,WHOLESALE,100 kg,kg,0.2523
2024-05-01,23.86,Maize,United Republic of Tanzania,National Average,WHOLESALE,100 kg,kg,0.2386
2024-06-01,23.55,Maize,United Republic of Tanzania,National Average,WHOLESALE,100 kg,kg,0.23550000000000001
2024-07-01,24.03,Maize,United Republic of Tanzania,National Average,WHOLESALE,100 kg,kg,0.2403
2024-08-01,24.28,Maize,United Republic of Tanzania,National Average,WHOLESALE,100 kg,kg,0.24280000000000002
2024-09-01,24.48,Maize,United Republic of Tanzania,National Average,WHOLESALE,100 kg,kg,0.24480000000000002
2024-10-01,25.64,Maize,United Republic of Tanzania,National Average,WHOLESALE,100 kg,kg,0.2564
2024-11-01,26.91,Maize,United Republic of Tanzania,National Average,WHOLESALE,100 kg,kg,0.2691
2024-12-01,29.53,Maize,United Republic of Tanzania,National Average,WHOLESALE,100 kg,kg,0.2953
2025-01-01,31.59,Maize,United Republic of Tanzania,National Average,WHOLESALE,100 kg,kg,0.3159
2025-02-01,31.06,Maize,United Republic of Tanzania,National Average,WHOLESALE,100 kg,kg,0.3106
2025-03-01,32.06,Maize,United Republic of Tanzania,National Average,WHOLESALE,100 kg,kg,0.3206
2025-04-01,31.28,Maize,United Republic of Tanzania,National Average,WHOLESALE,100 kg,kg,0.3128
2025-05-01,31.25,Maize,United Republic of Tanzania,National Average,WHOLESALE,100 kg,kg,0.3125
2025-06-01,31.41,Maize,United Republic of Tanzania,National Average,WHOLESALE,100 kg,kg,0.3141
2025-07-01,31.64,Maize,United Republic of Tanzania,National Average,WHOLESALE,100 kg,kg,0.3164
2025-08-01,31.58,Maize,United Republic of Tanzania,National Average,WHOLESALE,100 kg,kg,0.31579999999999997
