date,price_usd,commodity_name,country,market,price_type,unit,unit_std,price_per_unit
2022-06-01,12.26,Mutton meat,Algeria,National Average,RETAIL,Kg,kg,12.26
2022-07-01,12.46,Mutton meat,Algeria,National Average,RETAIL,Kg,kg,12.46
2022-08-01,13.46,Mutton meat,Algeria,National Average,RETAIL,Kg,kg,13.46
2022-09-01,14.25,Mutton meat,Algeria,National Average,RETAIL,Kg,kg,14.25
2022-10-01,14.69,Mutton meat,Algeria,National Average,RETAIL,Kg,kg,14.69
2022-11-01,15.0,Mutton meat,Algeria,National Average,RETAIL,Kg,kg,15.0
2022-12-01,15.8,Mutton meat,Algeria,National Average,RETAIL,Kg,kg,15.8
2023-01-01,16.35,Mutton meat,Algeria,National Average,RETAIL,Kg,kg,16.35
2023-02-01,16.87,Mutton meat,Algeria,National Average,RETAIL,Kg,kg,16.87
2023-03-01,17.2,Mutton meat,Algeria,National Average,RETAIL,Kg,kg,17.2
2023-04-01,17.71,Mutton meat,Algeria,National Average,RETAIL,Kg,kg,17.71
2023-05-01,17.89,Mutton meat,Algeria,National Average,RETAIL,Kg,kg,17.89
2023-06-01,18.22,Mutton meat,Algeria,National Average,RETAIL,Kg,kg,18.22
2023-07-01,18.53,Mutton meat,Algeria,National Average,RETAIL,Kg,kg,18.53
2023-08-01,18.53,Mutton meat,Algeria,National Average,RETAIL,Kg,kg,18.53
2023-09-01,18.97,Mutton meat,Algeria,National Average,RETAIL,Kg,kg,18.97
2023-10-01,19.12,Mutton meat,Algeria,National Average,RETAIL,Kg,kg,19.12
2023-11-01,19.85,Mutton meat,Algeria,National Average,RETAIL,Kg,kg,19.85
2023-12-01,19.63,Mutton meat,Algeria,National Average,RETAIL,Kg,kg,19.63
2024-01-01,19.5,Mutton meat,Algeria,National Average,RETAIL,Kg,kg,19.5
2024-02-01,19.78,Mutton meat,Algeria,National Average,RETAIL,Kg,kg,19.78
2024-03-01,20.0,Mutton meat,Algeria,National Average,RETAIL,Kg,kg,20.0
2024-04-01,19.95,Mutton meat,Algeria,National Average,RETAIL,Kg,kg,19.95
2024-05-01,20.14,Mutton meat,Algeria,National Average,RETAIL,Kg,kg,20.14
2024-06-01,20.99,Mutton meat,Algeria,National Average,RETAIL,Kg,kg,20.99
2024-07-01,21.57,Mutton meat,Algeria,National Average,RETAIL,Kg,kg,21.57
2024-08-01,21.96,Mutton meat,Algeria,National Average,RETAIL,Kg,kg,21.96
2024-09-01,22.19,Mutton meat,Algeria,National Average,RETAIL,Kg,kg,22.19
2024-10-01,22.36,Mutton meat,Algeria,National Average,RETAIL,Kg,kg,22.36
2024-11-01,22.35,Mutton meat,Algeria,National Average,RETAIL,Kg,kg,22.35
2024-12-01,22.63,Mutton meat,Algeria,National Average,RETAIL,Kg,kg,22.63
2025-01-01,22.19,Mutton meat,Algeria,National Average,RETAIL,Kg,kg,22.19
2025-02-01,23.03,Mutton meat,Algeria,National Average,RETAIL,Kg,kg,23.03
2025-03-01,24.28,Mutton meat,Algeria,National Average,RETAIL,Kg,kg,24.28
2025-04-01,23.79,Mutton meat,Algeria,National Average,RETAIL,Kg,kg,23.79
2025-05-01,20.02,Mutton meat,Algeria,National Average,RETAIL,Kg,kg,20.02
2025-06-01,19.31,Mutton meat,Algeria,National Average,RETAIL,Kg,kg,19.31
2025-07-01,19.26,Mutton meat,Algeria,National Average,RETAIL,Kg,kg,19.26
2025-08-01,22.68,Mutton meat,Algeria,National Average,RETAIL,Kg,kg,22.68
2006-01-01,4.24,Mutton meat,Azerbaijan,National Average,RETAIL,Kg,kg,4.24
2006-02-01,4.46,Mutton meat,Azerbaijan,National Average,RETAIL,Kg,kg,4.46
2006-03-01,4.64,Mutton meat,Azerbaijan,National Average,RETAIL,Kg,kg,4.64
2006-04-01,4.89,Mutton meat,Azerbaijan,National Average,RETAIL,Kg,kg,4.89
2006-05-01,4.94,Mutton meat,Azerbaijan,National Average,RETAIL,Kg,kg,4.94
2006-06-01,4.94,Mutton meat,Azerbaijan,National Average,RETAIL,Kg,kg,4.94
2006-07-01,5.01,Mutton meat,Azerbaijan,National Average,RETAIL,Kg,kg,5.01
2006-08-01,5.09,Mutton meat,Azerbaijan,National Average,RETAIL,Kg,kg,5.09
2006-09-01,5.14,Mutton meat,Azerbaijan,National Average,RETAIL,Kg,kg,5.14
2006-10-01,5.2,Mutton meat,Azerbaijan,National Average,RETAIL,Kg,kg,5.2
2006-11-01,5.25,Mutton meat,Azerbaijan,National Average,RETAIL,Kg,kg,5.25
2006-12-01,5.25,Mutton meat,Azerbaijan,National Average,RETAIL,Kg,kg,5.25
2007-01-01,5.33,Mutton meat,Azerbaijan,National Average,RETAIL,Kg,kg,5.33
2007-02-01,5.34,Mutton meat,Azerbaijan,National Average,RETAIL,Kg,kg,5.34
2007-03-01,5.37,Mutton meat,Azerbaijan,National Average,RETAIL,Kg,kg,5.37
2007-04-01,5.4,Mutton meat,Azerbaijan,National Average,RETAIL,Kg,kg,5.4
2007-05-01,5.43,Mutton meat,Azerbaijan,National Average,RETAIL,Kg,kg,5.43
2007-06-01,5.46,Mutton meat,Azerbaijan,National Average,RETAIL,Kg,kg,5.46
2007-07-01,5.47,Mutton meat,Azerbaijan,National Average,RETAIL,Kg,kg,5.47
2007-08-01,5.5,Mutton meat,Azerbaijan,National Average,RETAIL,Kg,kg,5.5
2007-09-01,5.53,Mutton meat,Azerbaijan,National Average,RETAIL,Kg,kg,5.53
2007-10-01,5.58,Mutton meat,Azerbaijan,National Average,RETAIL,Kg,kg,5.58
2007-11-01,5.71,Mutton meat,Azerbaijan,National Average,RETAIL,Kg,kg,5.71
2007-12-01,5.8,Mutton meat,Azerbaijan,National Average,RETAIL,Kg,kg,5.8
2008-01-01,6.29,Mutton meat,Azerbaijan,National Average,RETAIL,Kg,kg,6.29
2008-02-01,6.83,Mutton meat,Azerbaijan,National Average,RETAIL,Kg,kg,6.83
2008-03-01,7.55,Mutton meat,Azerbaijan,National Average,RETAIL,Kg,kg,7.55
2008-04-01,8.31,Mutton meat,Azerbaijan,National Average,RETAIL,Kg,kg,8.31
2008-05-01,8.49,Mutton meat,Azerbaijan,National Average,RETAIL,Kg,kg,8.49
2008-06-01,8.61,Mutton meat,Azerbaijan,National Average,RETAIL,Kg,kg,8.61
2008-07-01,8.7,Mutton meat,Azerbaijan,National Average,RETAIL,Kg,kg,8.7
2008-08-01,8.63,Mutton meat,Azerbaijan,National Average,RETAIL,Kg,kg,8.63
2008-09-01,8.65,Mutton meat,Azerbaijan,National Average,RETAIL,Kg,kg,8.65
2008-10-01,8.72,Mutton meat,Azerbaijan,National Average,RETAIL,Kg,kg,8.72
2008-11-01,8.86,Mutton meat,Azerbaijan,National Average,RETAIL,Kg,kg,8.86
2008-12-01,8.8,Mutton meat,Azerbaijan,National Average,RETAIL,Kg,kg,8.8
2009-01-01,8.92,Mutton meat,Azerbaijan,National Average,RETAIL,Kg,kg,8.92
2009-02-01,8.7,Mutton meat,Azerbaijan,National Average,RETAIL,Kg,kg,8.7
2009-03-01,8.6,Mutton meat,Azerbaijan,National Average,RETAIL,Kg,kg,8.6
2009-04-01,8.48,Mutton meat,Azerbaijan,National Average,RETAIL,Kg,kg,8.48
2009-05-01,8.29,Mutton meat,Azerbaijan,National Average,RETAIL,Kg,kg,8.29
2009-06-01,8.1,Mutton meat,Azerbaijan,National Average,RETAIL,Kg,kg,8.1
2009-07-01,8.05,Mutton meat,Azerbaijan,National Average,RETAIL,Kg,kg,8.05
2009-08-01,8.06,Mutton meat,Azerbaijan,National Average,RETAIL,Kg,kg,8.06
2009-09-01,8.05,Mutton meat,Azerbaijan,National Average,RETAIL,Kg,kg,8.05
2009-10-01,8.02,Mutton meat,Azerbaijan,National Average,RETAIL,Kg,kg,8.02
2009-11-01,8.04,Mutton meat,Azerbaijan,National Average,RETAIL,Kg,kg,8.04
2009-12-01,8.04,Mutton meat,Azerbaijan,National Average,RETAIL,Kg,kg,8.04
2010-01-01,8.07,Mutton meat,Azerbaijan,National Average,RETAIL,Kg,kg,8.07
2010-02-01,8.08,Mutton meat,Azerbaijan,National Average,RETAIL,Kg,kg,8.08
2010-03-01,8.08,Mutton meat,Azerbaijan,National Average,RETAIL,Kg,kg,8.08
2010-04-01,8.03,Mutton meat,Azerbaijan,National Average,RETAIL,Kg,kg,8.03
2010-05-01,8.01,Mutton meat,Azerbaijan,National Average,RETAIL,Kg,kg,8.01
2010-06-01,8.0,Mutton meat,Azerbaijan,National Average,RETAIL,Kg,kg,8.0
2010-07-01,8.0,Mutton meat,Azerbaijan,National Average,RETAIL,Kg,kg,8.0
2010-08-01,7.99,Mutton meat,Azerbaijan,National Average,RETAIL,Kg,kg,7.99
2010-09-01,8.31,Mutton meat,Azerbaijan,National Average,RETAIL,Kg,kg,8.31
2010-10-01,8.43,Mutton meat,Azerbaijan,National Average,RETAIL,Kg,kg,8.43
2010-11-01,8.54,Mutton meat,Azerbaijan,National Average,RETAIL,Kg,kg,8.54
2010-12-01,8.6,Mutton meat,Azerbaijan,National Average,RETAIL,Kg,kg,8.6
2011-01-01,8.79,Mutton meat,Azerbaijan,National Average,RETAIL,Kg,kg,8.79
2011-02-01,8.87,Mutton meat,Azerbaijan,National Average,RETAIL,Kg,kg,8.87
2011-03-01,9.01,Mutton meat,Azerbaijan,National Average,RETAIL,Kg,kg,9.01
2011-04-01,9.12,Mutton meat,Azerbaijan,National Average,RETAIL,Kg,kg,9.12
2011-05-01,9.2,Mutton meat,Azerbaijan,National Average,RETAIL,Kg,kg,9.2
2011-06-01,9.33,Mutton meat,Azerbaijan,National Average,RETAIL,Kg,kg,9.33
2011-07-01,9.53,Mutton meat,Azerbaijan,National Average,RETAIL,Kg,kg,9.53
2011-08-01,9.79,Mutton meat,Azerbaijan,National Average,RETAIL,Kg,kg,9.79
2011-09-01,10.16,Mutton meat,Azerbaijan,National Average,RETAIL,Kg,kg,10.16
2011-10-01,10.45,Mutton meat,Azerbaijan,National Average,RETAIL,Kg,kg,10.45
2011-11-01,10.64,Mutton meat,Azerbaijan,National Average,RETAIL,Kg,kg,10.64
2011-12-01,10.72,Mutton meat,Azerbaijan,National Average,RETAIL,Kg,kg,10.72
2012-01-01,10.52,Mutton meat,Azerbaijan,National Average,RETAIL,Kg,kg,10.52
2012-02-01,10.75,Mutton meat,Azerbaijan,National Average,RETAIL,Kg,kg,10.75
2012-03-01,10.85,Mutton meat,Azerbaijan,National Average,RETAIL,Kg,kg,10.85
2012-04-01,10.89,Mutton meat,Azerbaijan,National Average,RETAIL,Kg,kg,10.89
2012-05-01,10.88,Mutton meat,Azerbaijan,National Average,RETAIL,Kg,kg,10.88
2012-06-01,10.86,Mutton meat,Azerbaijan,National Average,RETAIL,Kg,kg,10.86
2012-07-01,10.91,Mutton meat,Azerbaijan,National Average,RETAIL,Kg,kg,10.91
2012-08-01,11.0,Mutton meat,Azerbaijan,National Average,RETAIL,Kg,kg,11.0
2012-09-01,11.04,Mutton meat,Azerbaijan,National Average,RETAIL,Kg,kg,11.04
2012-10-01,11.2,Mutton meat,Azerbaijan,National Average,RETAIL,Kg,kg,11.2
2012-11-01,11.25,Mutton meat,Azerbaijan,National Average,RETAIL,Kg,kg,11.25
2012-12-01,11.31,Mutton meat,Azerbaijan,National Average,RETAIL,Kg,kg,11.31
2013-01-01,11.49,Mutton meat,Azerbaijan,National Average,RETAIL,Kg,kg,11.49
2013-02-01,11.44,Mutton meat,Azerbaijan,National Average,RETAIL,Kg,kg,11.44
2013-03-01,11.46,Mutton meat,Azerbaijan,National Average,RETAIL,Kg,kg,11.46
2013-04-01,11.46,Mutton meat,Azerbaijan,National Average,RETAIL,Kg,kg,11.46
2013-05-01,11.45,Mutton meat,Azerbaijan,National Average,RETAIL,Kg,kg,11.45
2013-06-01,11.47,Mutton meat,Azerbaijan,National Average,RETAIL,Kg,kg,11.47
2013-07-01,11.47,Mutton meat,Azerbaijan,National Average,RETAIL,Kg,kg,11.47
2013-08-01,11.29,Mutton meat,Azerbaijan,National Average,RETAIL,Kg,kg,11.29
2013-09-01,11.37,Mutton meat,Azerbaijan,National Average,RETAIL,Kg,kg,11.37
2013-10-01,11.66,Mutton meat,Azerbaijan,National Average,RETAIL,Kg,kg,11.66
2013-11-01,11.74,Mutton meat,Azerbaijan,National Average,RETAIL,Kg,kg,11.74
2013-12-01,11.84,Mutton meat,Azerbaijan,National Average,RETAIL,Kg,kg,11.84
2014-01-01,11.78,Mutton meat,Azerbaijan,National Average,RETAIL,Kg,kg,11.78
2014-02-01,11.84,Mutton meat,Azerbaijan,National Average,RETAIL,Kg,kg,11.84
2014-03-01,11.84,Mutton meat,Azerbaijan,National Average,RETAIL,Kg,kg,11.84
2014-04-01,11.9,Mutton meat,Azerbaijan,National Average,RETAIL,Kg,kg,11.9
2014-05-01,11.92,Mutton meat,Azerbaijan,National Average,RETAIL,Kg,kg,11.92
2014-06-01,11.9,Mutton meat,Azerbaijan,National Average,RETAIL,Kg,kg,11.9
2014-07-01,11.87,Mutton meat,Azerbaijan,National Average,RETAIL,Kg,kg,11.87
2014-08-01,11.9,Mutton meat,Azerbaijan,National Average,RETAIL,Kg,kg,11.9
2014-09-01,11.92,Mutton meat,Azerbaijan,National Average,RETAIL,Kg,kg,11.92
2014-10-01,11.92,Mutton meat,Azerbaijan,National Average,RETAIL,Kg,kg,11.92
2014-11-01,11.92,Mutton meat,Azerbaijan,National Average,RETAIL,Kg,kg,11.92
2014-12-01,11.95,Mutton meat,Azerbaijan,National Average,RETAIL,Kg,kg,11.95
2015-01-01,11.45,Mutton meat,Azerbaijan,National Average,RETAIL,Kg,kg,11.45
2015-02-01,10.74,Mutton meat,Azerbaijan,National Average,RETAIL,Kg,kg,10.74
2015-03-01,8.69,Mutton meat,Azerbaijan,National Average,RETAIL,Kg,kg,8.69
2015-04-01,8.76,Mutton meat,Azerbaijan,National Average,RETAIL,Kg,kg,8.76
2015-05-01,8.77,Mutton meat,Azerbaijan,National Average,RETAIL,Kg,kg,8.77
2015-06-01,8.75,Mutton meat,Azerbaijan,National Average,RETAIL,Kg,kg,8.75
2015-07-01,8.77,Mutton meat,Azerbaijan,National Average,RETAIL,Kg,kg,8.77
2015-08-01,8.75,Mutton meat,Azerbaijan,National Average,RETAIL,Kg,kg,8.75
2015-09-01,8.77,Mutton meat,Azerbaijan,National Average,RETAIL,Kg,kg,8.77
2015-10-01,8.75,Mutton meat,Azerbaijan,National Average,RETAIL,Kg,kg,8.75
2015-11-01,8.69,Mutton meat,Azerbaijan,National Average,RETAIL,Kg,kg,8.69
2015-12-01,7.46,Mutton meat,Azerbaijan,National Average,RETAIL,Kg,kg,7.46
2016-01-01,5.78,Mutton meat,Azerbaijan,National Average,RETAIL,Kg,kg,5.78
2016-02-01,5.78,Mutton meat,Azerbaijan,National Average,RETAIL,Kg,kg,5.78
2016-03-01,5.61,Mutton meat,Azerbaijan,National Average,RETAIL,Kg,kg,5.61
2016-04-01,5.86,Mutton meat,Azerbaijan,National Average,RETAIL,Kg,kg,5.86
2016-05-01,5.85,Mutton meat,Azerbaijan,National Average,RETAIL,Kg,kg,5.85
2016-06-01,5.59,Mutton meat,Azerbaijan,National Average,RETAIL,Kg,kg,5.59
2016-07-01,5.41,Mutton meat,Azerbaijan,National Average,RETAIL,Kg,kg,5.41
2016-08-01,5.43,Mutton meat,Azerbaijan,National Average,RETAIL,Kg,kg,5.43
2016-09-01,5.52,Mutton meat,Azerbaijan,National Average,RETAIL,Kg,kg,5.52
2016-10-01,5.73,Mutton meat,Azerbaijan,National Average,RETAIL,Kg,kg,5.73
2016-11-01,5.58,Mutton meat,Azerbaijan,National Average,RETAIL,Kg,kg,5.58
2016-12-01,5.69,Mutton meat,Azerbaijan,National Average,RETAIL,Kg,kg,5.69
2017-01-01,5.17,Mutton meat,Azerbaijan,National Average,RETAIL,Kg,kg,5.17
2017-02-01,5.47,Mutton meat,Azerbaijan,National Average,RETAIL,Kg,kg,5.47
2017-03-01,5.67,Mutton meat,Azerbaijan,National Average,RETAIL,Kg,kg,5.67
2017-04-01,6.04,Mutton meat,Azerbaijan,National Average,RETAIL,Kg,kg,6.04
2017-05-01,6.0,Mutton meat,Azerbaijan,National Average,RETAIL,Kg,kg,6.0
2017-06-01,5.93,Mutton meat,Azerbaijan,National Average,RETAIL,Kg,kg,5.93
2017-07-01,6.19,Mutton meat,Azerbaijan,National Average,RETAIL,Kg,kg,6.19
2017-08-01,6.34,Mutton meat,Azerbaijan,National Average,RETAIL,Kg,kg,6.34
2017-09-01,6.41,Mutton meat,Azerbaijan,National Average,RETAIL,Kg,kg,6.41
2017-10-01,6.46,Mutton meat,Azerbaijan,National Average,RETAIL,Kg,kg,6.46
2017-11-01,6.39,Mutton meat,Azerbaijan,National Average,RETAIL,Kg,kg,6.39
2017-12-01,6.34,Mutton meat,Azerbaijan,National Average,RETAIL,Kg,kg,6.34
2018-01-01,6.34,Mutton meat,Azerbaijan,National Average,RETAIL,Kg,kg,6.34
2018-02-01,6.28,Mutton meat,Azerbaijan,National Average,RETAIL,Kg,kg,6.28
2018-03-01,6.29,Mutton meat,Azerbaijan,National Average,RETAIL,Kg,kg,6.29
2018-04-01,6.32,Mutton meat,Azerbaijan,National Average,RETAIL,Kg,kg,6.32
2018-05-01,6.3,Mutton meat,Azerbaijan,National Average,RETAIL,Kg,kg,6.3
2018-06-01,6.25,Mutton meat,Azerbaijan,National Average,RETAIL,Kg,kg,6.25
2018-07-01,6.22,Mutton meat,Azerbaijan,National Average,RETAIL,Kg,kg,6.22
2018-08-01,6.35,Mutton meat,Azerbaijan,National Average,RETAIL,Kg,kg,6.35
2018-09-01,6.38,Mutton meat,Azerbaijan,National Average,RETAIL,Kg,kg,6.38
2018-10-01,6.39,Mutton meat,Azerbaijan,National Average,RETAIL,Kg,kg,6.39
2018-11-01,6.4,Mutton meat,Azerbaijan,National Average,RETAIL,Kg,kg,6.4
2018-12-01,6.42,Mutton meat,Azerbaijan,National Average,RETAIL,Kg,kg,6.42
2019-01-01,6.48,Mutton meat,Azerbaijan,National Average,RETAIL,Kg,kg,6.48
2019-02-01,6.54,Mutton meat,Azerbaijan,National Average,RETAIL,Kg,kg,6.54
2019-03-01,6.61,Mutton meat,Azerbaijan,National Average,RETAIL,Kg,kg,6.61
2019-04-01,6.64,Mutton meat,Azerbaijan,National Average,RETAIL,Kg,kg,6.64
2019-05-01,6.59,Mutton meat,Azerbaijan,National Average,RETAIL,Kg,kg,6.59
2019-06-01,6.58,Mutton meat,Azerbaijan,National Average,RETAIL,Kg,kg,6.58
2019-07-01,6.59,Mutton meat,Azerbaijan,National Average,RETAIL,Kg,kg,6.59
2019-08-01,6.62,Mutton meat,Azerbaijan,National Average,RETAIL,Kg,kg,6.62
2019-09-01,6.64,Mutton meat,Azerbaijan,National Average,RETAIL,Kg,kg,6.64
2019-10-01,6.66,Mutton meat,Azerbaijan,National Average,RETAIL,Kg,kg,6.66
2019-11-01,6.66,Mutton meat,Azerbaijan,National Average,RETAIL,Kg,kg,6.66
2019-12-01,6.66,Mutton meat,Azerbaijan,National Average,RETAIL,Kg,kg,6.66
2020-01-01,6.84,Mutton meat,Azerbaijan,National Average,RETAIL,Kg,kg,6.84
2020-02-01,6.86,Mutton meat,Azerbaijan,National Average,RETAIL,Kg,kg,6.86
2020-03-01,6.94,Mutton meat,Azerbaijan,National Average,RETAIL,Kg,kg,6.94
2020-04-01,6.98,Mutton meat,Azerbaijan,National Average,RETAIL,Kg,kg,6.98
2020-05-01,6.98,Mutton meat,Azerbaijan,National Average,RETAIL,Kg,kg,6.98
2020-06-01,6.98,Mutton meat,Azerbaijan,National Average,RETAIL,Kg,kg,6.98
2020-07-01,7.02,Mutton meat,Azerbaijan,National Average,RETAIL,Kg,kg,7.02
2020-08-01,7.05,Mutton meat,Azerbaijan,National Average,RETAIL,Kg,kg,7.05
2020-09-01,7.04,Mutton meat,Azerbaijan,National Average,RETAIL,Kg,kg,7.04
2020-10-01,7.04,Mutton meat,Azerbaijan,National Average,RETAIL,Kg,kg,7.04
2020-11-01,7.01,Mutton meat,Azerbaijan,National Average,RETAIL,Kg,kg,7.01
2020-12-01,7.01,Mutton meat,Azerbaijan,National Average,RETAIL,Kg,kg,7.01
2021-01-01,6.97,Mutton meat,Azerbaijan,National Average,RETAIL,Kg,kg,6.97
2021-02-01,6.94,Mutton meat,Azerbaijan,National Average,RETAIL,Kg,kg,6.94
2021-03-01,6.95,Mutton meat,Azerbaijan,National Average,RETAIL,Kg,kg,6.95
2021-04-01,6.95,Mutton meat,Azerbaijan,National Average,RETAIL,Kg,kg,6.95
2021-05-01,6.95,Mutton meat,Azerbaijan,National Average,RETAIL,Kg,kg,6.95
2021-06-01,6.94,Mutton meat,Azerbaijan,National Average,RETAIL,Kg,kg,6.94
2021-07-01,7.0,Mutton meat,Azerbaijan,National Average,RETAIL,Kg,kg,7.0
2021-08-01,7.03,Mutton meat,Azerbaijan,National Average,RETAIL,Kg,kg,7.03
2021-09-01,7.06,Mutton meat,Azerbaijan,National Average,RETAIL,Kg,kg,7.06
2021-10-01,7.1,Mutton meat,Azerbaijan,National Average,RETAIL,Kg,kg,7.1
2021-11-01,7.13,Mutton meat,Azerbaijan,National Average,RETAIL,Kg,kg,7.13
2021-12-01,7.17,Mutton meat,Azerbaijan,National Average,RETAIL,Kg,kg,7.17
2022-01-01,7.38,Mutton meat,Azerbaijan,National Average,RETAIL,Kg,kg,7.38
2022-02-01,7.59,Mutton meat,Azerbaijan,National Average,RETAIL,Kg,kg,7.59
2022-03-01,7.62,Mutton meat,Azerbaijan,National Average,RETAIL,Kg,kg,7.62
2022-04-01,7.62,Mutton meat,Azerbaijan,National Average,RETAIL,Kg,kg,7.62
2022-05-01,7.62,Mutton meat,Azerbaijan,National Average,RETAIL,Kg,kg,7.62
2022-06-01,7.62,Mutton meat,Azerbaijan,National Average,RETAIL,Kg,kg,7.62
2022-07-01,7.65,Mutton meat,Azerbaijan,National Average,RETAIL,Kg,kg,7.65
2022-08-01,6.87,Mutton meat,Azerbaijan,National Average,RETAIL,Kg,kg,6.87
2022-09-01,8.01,Mutton meat,Azerbaijan,National Average,RETAIL,Kg,kg,8.01
2022-10-01,8.12,Mutton meat,Azerbaijan,National Average,RETAIL,Kg,kg,8.12
2022-11-01,8.15,Mutton meat,Azerbaijan,National Average,RETAIL,Kg,kg,8.15
2022-12-01,8.15,Mutton meat,Azerbaijan,National Average,RETAIL,Kg,kg,8.15
2023-01-01,8.21,Mutton meat,Azerbaijan,National Average,RETAIL,Kg,kg,8.21
2023-02-01,8.26,Mutton meat,Azerbaijan,National Average,RETAIL,Kg,kg,8.26
2023-03-01,8.46,Mutton meat,Azerbaijan,National Average,RETAIL,Kg,kg,8.46
2023-04-01,8.62,Mutton meat,Azerbaijan,National Average,RETAIL,Kg,kg,8.62
2023-05-01,8.76,Mutton meat,Azerbaijan,National Average,RETAIL,Kg,kg,8.76
2023-06-01,8.88,Mutton meat,Azerbaijan,National Average,RETAIL,Kg,kg,8.88
2023-07-01,8.92,Mutton meat,Azerbaijan,National Average,RETAIL,Kg,kg,8.92
2023-08-01,8.96,Mutton meat,Azerbaijan,National Average,RETAIL,Kg,kg,8.96
2023-09-01,9.07,Mutton meat,Azerbaijan,National Average,RETAIL,Kg,kg,9.07
2023-10-01,9.12,Mutton meat,Azerbaijan,National Average,RETAIL,Kg,kg,9.12
2023-11-01,9.05,Mutton meat,Azerbaijan,National Average,RETAIL,Kg,kg,9.05
2023-12-01,9.0,Mutton meat,Azerbaijan,National Average,RETAIL,Kg,kg,9.0
2024-01-01,9.41,Mutton meat,Azerbaijan,National Average,RETAIL,Kg,kg,9.41
2024-02-01,9.45,Mutton meat,Azerbaijan,National Average,RETAIL,Kg,kg,9.45
2024-03-01,9.45,Mutton meat,Azerbaijan,National Average,RETAIL,Kg,kg,9.45
2024-04-01,9.47,Mutton meat,Azerbaijan,National Average,RETAIL,Kg,kg,9.47
2024-05-01,9.55,Mutton meat,Azerbaijan,National Average,RETAIL,Kg,kg,9.55
2024-06-01,9.75,Mutton meat,Azerbaijan,National Average,RETAIL,Kg,kg,9.75
2024-07-01,9.86,Mutton meat,Azerbaijan,National Average,RETAIL,Kg,kg,9.86
2024-08-01,10.06,Mutton meat,Azerbaijan,National Average,RETAIL,Kg,kg,10.06
2024-09-01,10.39,Mutton meat,Azerbaijan,National Average,RETAIL,Kg,kg,10.39
2024-10-01,10.52,Mutton meat,Azerbaijan,National Average,RETAIL,Kg,kg,10.52
2024-11-01,10.49,Mutton meat,Azerbaijan,National Average,RETAIL,Kg,kg,10.49
2024-12-01,10.54,Mutton meat,Azerbaijan,National Average,RETAIL,Kg,kg,10.54
2025-01-01,10.44,Mutton meat,Azerbaijan,National Average,RETAIL,Kg,kg,10.44
2025-02-01,10.42,Mutton meat,Azerbaijan,National Average,RETAIL,Kg,kg,10.42
2025-03-01,10.42,Mutton meat,Azerbaijan,National Average,RETAIL,Kg,kg,10.42
2025-04-01,10.45,Mutton meat,Azerbaijan,National Average,RETAIL,Kg,kg,10.45
2025-05-01,10.47,Mutton meat,Azerbaijan,National Average,RETAIL,Kg,kg,10.47
2025-06-01,10.51,Mutton meat,Azerbaijan,National Average,RETAIL,Kg,kg,10.51
2025-07-01,10.61,Mutton meat,Azerbaijan,National Average,RETAIL,Kg,kg,10.61
2025-08-01,10.76,Mutton meat,Azerbaijan,National Average,RETAIL,Kg,kg,10.76
2025-09-01,10.98,Mutton meat,Azerbaijan,National Average,RETAIL,Kg,kg,10.98
2025-10-01,11.04,Mutton meat,Azerbaijan,National Average,RETAIL,Kg,kg,11.04
2022-01-01,5.74,Mutton meat,Kazakhstan,Aktau,RETAIL,Kg,kg,5.74
2022-02-01,5.73,Mutton meat,Kazakhstan,Aktau,RETAIL,Kg,kg,5.73
2022-03-01,5.31,Mutton meat,Kazakhstan,Aktau,RETAIL,Kg,kg,5.31
2022-04-01,6.51,Mutton meat,Kazakhstan,Aktau,RETAIL,Kg,kg,6.51
2022-05-01,7.02,Mutton meat,Kazakhstan,Aktau,RETAIL,Kg,kg,7.02
2022-06-01,6.84,Mutton meat,Kazakhstan,Aktau,RETAIL,Kg,kg,6.84
2022-07-01,6.35,Mutton meat,Kazakhstan,Aktau,RETAIL,Kg,kg,6.35
2022-08-01,6.37,Mutton meat,Kazakhstan,Aktau,RETAIL,Kg,kg,6.37
2022-09-01,6.36,Mutton meat,Kazakhstan,Aktau,RETAIL,Kg,kg,6.36
2022-10-01,6.4,Mutton meat,Kazakhstan,Aktau,RETAIL,Kg,kg,6.4
2022-11-01,6.52,Mutton meat,Kazakhstan,Aktau,RETAIL,Kg,kg,6.52
2022-12-01,6.48,Mutton meat,Kazakhstan,Aktau,RETAIL,Kg,kg,6.48
2023-01-01,6.56,Mutton meat,Kazakhstan,Aktau,RETAIL,Kg,kg,6.56
2023-02-01,6.77,Mutton meat,Kazakhstan,Aktau,RETAIL,Kg,kg,6.77
2023-03-01,6.86,Mutton meat,Kazakhstan,Aktau,RETAIL,Kg,kg,6.86
2023-04-01,6.84,Mutton meat,Kazakhstan,Aktau,RETAIL,Kg,kg,6.84
2023-05-01,6.91,Mutton meat,Kazakhstan,Aktau,RETAIL,Kg,kg,6.91
2023-06-01,7.16,Mutton meat,Kazakhstan,Aktau,RETAIL,Kg,kg,7.16
2023-07-01,7.21,Mutton meat,Kazakhstan,Aktau,RETAIL,Kg,kg,7.21
2023-08-01,7.1,Mutton meat,Kazakhstan,Aktau,RETAIL,Kg,kg,7.1
2023-09-01,6.86,Mutton meat,Kazakhstan,Aktau,RETAIL,Kg,kg,6.86
2023-10-01,6.73,Mutton meat,Kazakhstan,Aktau,RETAIL,Kg,kg,6.73
2023-11-01,6.92,Mutton meat,Kazakhstan,Aktau,RETAIL,Kg,kg,6.92
2023-12-01,7.01,Mutton meat,Kazakhstan,Aktau,RETAIL,Kg,kg,7.01
2024-01-01,7.11,Mutton meat,Kazakhstan,Aktau,RETAIL,Kg,kg,7.11
2024-02-01,7.13,Mutton meat,Kazakhstan,Aktau,RETAIL,Kg,kg,7.13
2024-03-01,7.14,Mutton meat,Kazakhstan,Aktau,RETAIL,Kg,kg,7.14
2024-04-01,7.19,Mutton meat,Kazakhstan,Aktau,RETAIL,Kg,kg,7.19
2024-05-01,7.26,Mutton meat,Kazakhstan,Aktau,RETAIL,Kg,kg,7.26
2024-06-01,7.06,Mutton meat,Kazakhstan,Aktau,RETAIL,Kg,kg,7.06
2024-07-01,6.76,Mutton meat,Kazakhstan,Aktau,RETAIL,Kg,kg,6.76
2024-08-01,6.71,Mutton meat,Kazakhstan,Aktau,RETAIL,Kg,kg,6.71
2024-09-01,6.69,Mutton meat,Kazakhstan,Aktau,RETAIL,Kg,kg,6.69
2024-10-01,6.62,Mutton meat,Kazakhstan,Aktau,RETAIL,Kg,kg,6.62
2024-11-01,6.5,Mutton meat,Kazakhstan,Aktau,RETAIL,Kg,kg,6.5
2024-12-01,6.19,Mutton meat,Kazakhstan,Aktau,RETAIL,Kg,kg,6.19
2025-01-01,6.21,Mutton meat,Kazakhstan,Aktau,RETAIL,Kg,kg,6.21
2025-02-01,6.51,Mutton meat,Kazakhstan,Aktau,RETAIL,Kg,kg,6.51
2025-03-01,6.61,Mutton meat,Kazakhstan,Aktau,RETAIL,Kg,kg,6.61
2025-04-01,6.52,Mutton meat,Kazakhstan,Aktau,RETAIL,Kg,kg,6.52
2025-05-01,6.56,Mutton meat,Kazakhstan,Aktau,RETAIL,Kg,kg,6.56
2025-06-01,6.63,Mutton meat,Kazakhstan,Aktau,RETAIL,Kg,kg,6.63
2025-07-01,6.6,Mutton meat,Kazakhstan,Aktau,RETAIL,Kg,kg,6.6
2025-08-01,6.68,Mutton meat,Kazakhstan,Aktau,RETAIL,Kg,kg,6.68
2025-09-01,6.83,Mutton meat,Kazakhstan,Aktau,RETAIL,Kg,kg,6.83
2025-10-01,7.05,Mutton meat,Kazakhstan,Aktau,RETAIL,Kg,kg,7.05
2022-01-01,6.73,Mutton meat,Kazakhstan,Almaty,RETAIL,Kg,kg,6.73
2022-02-01,6.73,Mutton meat,Kazakhstan,Almaty,RETAIL,Kg,kg,6.73
2022-03-01,5.9,Mutton meat,Kazakhstan,Almaty,RETAIL,Kg,kg,5.9
2022-04-01,6.47,Mutton meat,Kazakhstan,Almaty,RETAIL,Kg,kg,6.47
2022-05-01,7.0,Mutton meat,Kazakhstan,Almaty,RETAIL,Kg,kg,7.0
2022-06-01,6.82,Mutton meat,Kazakhstan,Almaty,RETAIL,Kg,kg,6.82
2022-07-01,6.36,Mutton meat,Kazakhstan,Almaty,RETAIL,Kg,kg,6.36
2022-08-01,6.38,Mutton meat,Kazakhstan,Almaty,RETAIL,Kg,kg,6.38
2022-09-01,6.4,Mutton meat,Kazakhstan,Almaty,RETAIL,Kg,kg,6.4
2022-10-01,6.44,Mutton meat,Kazakhstan,Almaty,RETAIL,Kg,kg,6.44
2022-11-01,6.56,Mutton meat,Kazakhstan,Almaty,RETAIL,Kg,kg,6.56
2022-12-01,6.51,Mutton meat,Kazakhstan,Almaty,RETAIL,Kg,kg,6.51
2023-01-01,6.58,Mutton meat,Kazakhstan,Almaty,RETAIL,Kg,kg,6.58
2023-02-01,6.73,Mutton meat,Kazakhstan,Almaty,RETAIL,Kg,kg,6.73
2023-03-01,6.76,Mutton meat,Kazakhstan,Almaty,RETAIL,Kg,kg,6.76
2023-04-01,6.74,Mutton meat,Kazakhstan,Almaty,RETAIL,Kg,kg,6.74
2023-05-01,7.18,Mutton meat,Kazakhstan,Almaty,RETAIL,Kg,kg,7.18
2023-06-01,7.15,Mutton meat,Kazakhstan,Almaty,RETAIL,Kg,kg,7.15
2023-07-01,7.23,Mutton meat,Kazakhstan,Almaty,RETAIL,Kg,kg,7.23
2023-08-01,7.13,Mutton meat,Kazakhstan,Almaty,RETAIL,Kg,kg,7.13
2023-09-01,6.91,Mutton meat,Kazakhstan,Almaty,RETAIL,Kg,kg,6.91
2023-10-01,6.78,Mutton meat,Kazakhstan,Almaty,RETAIL,Kg,kg,6.78
2023-11-01,7.0,Mutton meat,Kazakhstan,Almaty,RETAIL,Kg,kg,7.0
2023-12-01,7.12,Mutton meat,Kazakhstan,Almaty,RETAIL,Kg,kg,7.12
2024-01-01,7.22,Mutton meat,Kazakhstan,Almaty,RETAIL,Kg,kg,7.22
2024-02-01,7.24,Mutton meat,Kazakhstan,Almaty,RETAIL,Kg,kg,7.24
2024-03-01,7.24,Mutton meat,Kazakhstan,Almaty,RETAIL,Kg,kg,7.24
2024-04-01,7.3,Mutton meat,Kazakhstan,Almaty,RETAIL,Kg,kg,7.3
2024-05-01,7.37,Mutton meat,Kazakhstan,Almaty,RETAIL,Kg,kg,7.37
2024-06-01,7.16,Mutton meat,Kazakhstan,Almaty,RETAIL,Kg,kg,7.16
2024-07-01,6.86,Mutton meat,Kazakhstan,Almaty,RETAIL,Kg,kg,6.86
2024-08-01,6.84,Mutton meat,Kazakhstan,Almaty,RETAIL,Kg,kg,6.84
2024-09-01,6.82,Mutton meat,Kazakhstan,Almaty,RETAIL,Kg,kg,6.82
2024-10-01,6.74,Mutton meat,Kazakhstan,Almaty,RETAIL,Kg,kg,6.74
2024-11-01,6.61,Mutton meat,Kazakhstan,Almaty,RETAIL,Kg,kg,6.61
2024-12-01,6.3,Mutton meat,Kazakhstan,Almaty,RETAIL,Kg,kg,6.3
2025-01-01,6.24,Mutton meat,Kazakhstan,Almaty,RETAIL,Kg,kg,6.24
2025-02-01,6.47,Mutton meat,Kazakhstan,Almaty,RETAIL,Kg,kg,6.47
2025-03-01,6.7,Mutton meat,Kazakhstan,Almaty,RETAIL,Kg,kg,6.7
2022-01-01,6.89,Mutton meat,Kazakhstan,Astana,RETAIL,Kg,kg,6.89
2022-02-01,6.86,Mutton meat,Kazakhstan,Astana,RETAIL,Kg,kg,6.86
2022-03-01,5.99,Mutton meat,Kazakhstan,Astana,RETAIL,Kg,kg,5.99
2022-04-01,6.71,Mutton meat,Kazakhstan,Astana,RETAIL,Kg,kg,6.71
2022-05-01,7.18,Mutton meat,Kazakhstan,Astana,RETAIL,Kg,kg,7.18
2022-06-01,7.02,Mutton meat,Kazakhstan,Astana,RETAIL,Kg,kg,7.02
2022-07-01,6.52,Mutton meat,Kazakhstan,Astana,RETAIL,Kg,kg,6.52
2022-08-01,6.54,Mutton meat,Kazakhstan,Astana,RETAIL,Kg,kg,6.54
2022-09-01,,Mutton meat,Kazakhstan,Astana,RETAIL,Kg,kg,
2022-10-01,6.57,Mutton meat,Kazakhstan,Astana,RETAIL,Kg,kg,6.57
2022-11-01,6.51,Mutton meat,Kazakhstan,Astana,RETAIL,Kg,kg,6.51
2022-12-01,6.47,Mutton meat,Kazakhstan,Astana,RETAIL,Kg,kg,6.47
2023-01-01,6.54,Mutton meat,Kazakhstan,Astana,RETAIL,Kg,kg,6.54
2023-02-01,6.68,Mutton meat,Kazakhstan,Astana,RETAIL,Kg,kg,6.68
2023-03-01,6.72,Mutton meat,Kazakhstan,Astana,RETAIL,Kg,kg,6.72
2023-04-01,6.7,Mutton meat,Kazakhstan,Astana,RETAIL,Kg,kg,6.7
2023-05-01,6.97,Mutton meat,Kazakhstan,Astana,RETAIL,Kg,kg,6.97
2023-06-01,6.94,Mutton meat,Kazakhstan,Astana,RETAIL,Kg,kg,6.94
2023-07-01,7.14,Mutton meat,Kazakhstan,Astana,RETAIL,Kg,kg,7.14
2023-08-01,7.03,Mutton meat,Kazakhstan,Astana,RETAIL,Kg,kg,7.03
2023-09-01,6.79,Mutton meat,Kazakhstan,Astana,RETAIL,Kg,kg,6.79
2023-10-01,6.63,Mutton meat,Kazakhstan,Astana,RETAIL,Kg,kg,6.63
2023-11-01,6.78,Mutton meat,Kazakhstan,Astana,RETAIL,Kg,kg,6.78
2023-12-01,6.74,Mutton meat,Kazakhstan,Astana,RETAIL,Kg,kg,6.74
2024-01-01,6.97,Mutton meat,Kazakhstan,Astana,RETAIL,Kg,kg,6.97
2024-02-01,6.99,Mutton meat,Kazakhstan,Astana,RETAIL,Kg,kg,6.99
2024-03-01,7.05,Mutton meat,Kazakhstan,Astana,RETAIL,Kg,kg,7.05
2024-04-01,7.09,Mutton meat,Kazakhstan,Astana,RETAIL,Kg,kg,7.09
2024-05-01,7.1,Mutton meat,Kazakhstan,Astana,RETAIL,Kg,kg,7.1
2024-06-01,6.91,Mutton meat,Kazakhstan,Astana,RETAIL,Kg,kg,6.91
2024-07-01,6.63,Mutton meat,Kazakhstan,Astana,RETAIL,Kg,kg,6.63
2024-08-01,6.58,Mutton meat,Kazakhstan,Astana,RETAIL,Kg,kg,6.58
2024-09-01,6.56,Mutton meat,Kazakhstan,Astana,RETAIL,Kg,kg,6.56
2024-10-01,6.2,Mutton meat,Kazakhstan,Astana,RETAIL,Kg,kg,6.2
2024-11-01,6.08,Mutton meat,Kazakhstan,Astana,RETAIL,Kg,kg,6.08
2024-12-01,5.74,Mutton meat,Kazakhstan,Astana,RETAIL,Kg,kg,5.74
2025-01-01,5.83,Mutton meat,Kazakhstan,Astana,RETAIL,Kg,kg,5.83
2025-02-01,6.26,Mutton meat,Kazakhstan,Astana,RETAIL,Kg,kg,6.26
2025-03-01,6.82,Mutton meat,Kazakhstan,Astana,RETAIL,Kg,kg,6.82
2025-04-01,6.83,Mutton meat,Kazakhstan,Astana,RETAIL,Kg,kg,6.83
2025-05-01,6.98,Mutton meat,Kazakhstan,Astana,RETAIL,Kg,kg,6.98
2025-06-01,7.21,Mutton meat,Kazakhstan,Astana,RETAIL,Kg,kg,7.21
2025-07-01,7.35,Mutton meat,Kazakhstan,Astana,RETAIL,Kg,kg,7.35
2025-08-01,7.59,Mutton meat,Kazakhstan,Astana,RETAIL,Kg,kg,7.59
2025-09-01,7.83,Mutton meat,Kazakhstan,Astana,RETAIL,Kg,kg,7.83
2025-10-01,8.07,Mutton meat,Kazakhstan,Astana,RETAIL,Kg,kg,8.07
2022-01-01,4.66,Mutton meat,Kazakhstan,Kostanay,RETAIL,Kg,kg,4.66
2022-02-01,4.65,Mutton meat,Kazakhstan,Kostanay,RETAIL,Kg,kg,4.65
2022-03-01,4.06,Mutton meat,Kazakhstan,Kostanay,RETAIL,Kg,kg,4.06
2022-04-01,4.45,Mutton meat,Kazakhstan,Kostanay,RETAIL,Kg,kg,4.45
2022-05-01,4.81,Mutton meat,Kazakhstan,Kostanay,RETAIL,Kg,kg,4.81
2022-06-01,4.98,Mutton meat,Kazakhstan,Kostanay,RETAIL,Kg,kg,4.98
2022-07-01,4.96,Mutton meat,Kazakhstan,Kostanay,RETAIL,Kg,kg,4.96
2022-08-01,5.18,Mutton meat,Kazakhstan,Kostanay,RETAIL,Kg,kg,5.18
2022-09-01,5.17,Mutton meat,Kazakhstan,Kostanay,RETAIL,Kg,kg,5.17
2022-10-01,5.2,Mutton meat,Kazakhstan,Kostanay,RETAIL,Kg,kg,5.2
2022-11-01,5.36,Mutton meat,Kazakhstan,Kostanay,RETAIL,Kg,kg,5.36
2022-12-01,5.41,Mutton meat,Kazakhstan,Kostanay,RETAIL,Kg,kg,5.41
2023-01-01,5.47,Mutton meat,Kazakhstan,Kostanay,RETAIL,Kg,kg,5.47
2023-02-01,5.6,Mutton meat,Kazakhstan,Kostanay,RETAIL,Kg,kg,5.6
2023-03-01,5.62,Mutton meat,Kazakhstan,Kostanay,RETAIL,Kg,kg,5.62
2023-04-01,5.61,Mutton meat,Kazakhstan,Kostanay,RETAIL,Kg,kg,5.61
2023-05-01,5.67,Mutton meat,Kazakhstan,Kostanay,RETAIL,Kg,kg,5.67
2023-06-01,5.8,Mutton meat,Kazakhstan,Kostanay,RETAIL,Kg,kg,5.8
2023-07-01,5.84,Mutton meat,Kazakhstan,Kostanay,RETAIL,Kg,kg,5.84
2023-08-01,5.76,Mutton meat,Kazakhstan,Kostanay,RETAIL,Kg,kg,5.76
2023-09-01,5.56,Mutton meat,Kazakhstan,Kostanay,RETAIL,Kg,kg,5.56
2023-10-01,5.46,Mutton meat,Kazakhstan,Kostanay,RETAIL,Kg,kg,5.46
2023-11-01,5.61,Mutton meat,Kazakhstan,Kostanay,RETAIL,Kg,kg,5.61
2023-12-01,5.68,Mutton meat,Kazakhstan,Kostanay,RETAIL,Kg,kg,5.68
2024-01-01,5.76,Mutton meat,Kazakhstan,Kostanay,RETAIL,Kg,kg,5.76
2024-02-01,5.78,Mutton meat,Kazakhstan,Kostanay,RETAIL,Kg,kg,5.78
2024-03-01,5.89,Mutton meat,Kazakhstan,Kostanay,RETAIL,Kg,kg,5.89
2024-04-01,5.93,Mutton meat,Kazakhstan,Kostanay,RETAIL,Kg,kg,5.93
2024-05-01,6.04,Mutton meat,Kazakhstan,Kostanay,RETAIL,Kg,kg,6.04
2024-06-01,5.87,Mutton meat,Kazakhstan,Kostanay,RETAIL,Kg,kg,5.87
2024-07-01,5.62,Mutton meat,Kazakhstan,Kostanay,RETAIL,Kg,kg,5.62
2024-08-01,5.58,Mutton meat,Kazakhstan,Kostanay,RETAIL,Kg,kg,5.58
2024-09-01,5.62,Mutton meat,Kazakhstan,Kostanay,RETAIL,Kg,kg,5.62
2024-10-01,5.59,Mutton meat,Kazakhstan,Kostanay,RETAIL,Kg,kg,5.59
2024-11-01,5.49,Mutton meat,Kazakhstan,Kostanay,RETAIL,Kg,kg,5.49
2024-12-01,5.27,Mutton meat,Kazakhstan,Kostanay,RETAIL,Kg,kg,5.27
2025-01-01,5.22,Mutton meat,Kazakhstan,Kostanay,RETAIL,Kg,kg,5.22
2025-02-01,5.51,Mutton meat,Kazakhstan,Kostanay,RETAIL,Kg,kg,5.51
2025-03-01,5.64,Mutton meat,Kazakhstan,Kostanay,RETAIL,Kg,kg,5.64
2022-01-01,5.58,Mutton meat,Kazakhstan,National Average,RETAIL,Kg,kg,5.58
2022-02-01,5.58,Mutton meat,Kazakhstan,National Average,RETAIL,Kg,kg,5.58
2022-03-01,4.97,Mutton meat,Kazakhstan,National Average,RETAIL,Kg,kg,4.97
2022-04-01,5.59,Mutton meat,Kazakhstan,National Average,RETAIL,Kg,kg,5.59
2022-05-01,6.02,Mutton meat,Kazakhstan,National Average,RETAIL,Kg,kg,6.02
2022-06-01,5.88,Mutton meat,Kazakhstan,National Average,RETAIL,Kg,kg,5.88
2022-07-01,5.54,Mutton meat,Kazakhstan,National Average,RETAIL,Kg,kg,5.54
2022-08-01,5.57,Mutton meat,Kazakhstan,National Average,RETAIL,Kg,kg,5.57
2022-09-01,5.59,Mutton meat,Kazakhstan,National Average,RETAIL,Kg,kg,5.59
2022-10-01,5.64,Mutton meat,Kazakhstan,National Average,RETAIL,Kg,kg,5.64
2022-11-01,5.76,Mutton meat,Kazakhstan,National Average,RETAIL,Kg,kg,5.76
2022-12-01,5.75,Mutton meat,Kazakhstan,National Average,RETAIL,Kg,kg,5.75
2023-01-01,5.71,Mutton meat,Kazakhstan,National Average,RETAIL,Kg,kg,5.71
2023-02-01,5.83,Mutton meat,Kazakhstan,National Average,RETAIL,Kg,kg,5.83
2023-03-01,5.92,Mutton meat,Kazakhstan,National Average,RETAIL,Kg,kg,5.92
2023-04-01,5.9,Mutton meat,Kazakhstan,National Average,RETAIL,Kg,kg,5.9
2023-05-01,6.1,Mutton meat,Kazakhstan,National Average,RETAIL,Kg,kg,6.1
2023-06-01,6.15,Mutton meat,Kazakhstan,National Average,RETAIL,Kg,kg,6.15
2023-07-01,6.21,Mutton meat,Kazakhstan,National Average,RETAIL,Kg,kg,6.21
2023-08-01,6.14,Mutton meat,Kazakhstan,National Average,RETAIL,Kg,kg,6.14
2023-09-01,5.94,Mutton meat,Kazakhstan,National Average,RETAIL,Kg,kg,5.94
2023-10-01,5.85,Mutton meat,Kazakhstan,National Average,RETAIL,Kg,kg,5.85
2023-11-01,6.03,Mutton meat,Kazakhstan,National Average,RETAIL,Kg,kg,6.03
2023-12-01,6.11,Mutton meat,Kazakhstan,National Average,RETAIL,Kg,kg,6.11
2024-01-01,6.24,Mutton meat,Kazakhstan,National Average,RETAIL,Kg,kg,6.24
2024-02-01,6.25,Mutton meat,Kazakhstan,National Average,RETAIL,Kg,kg,6.25
2024-03-01,6.26,Mutton meat,Kazakhstan,National Average,RETAIL,Kg,kg,6.26
2024-04-01,6.31,Mutton meat,Kazakhstan,National Average,RETAIL,Kg,kg,6.31
2024-05-01,6.37,Mutton meat,Kazakhstan,National Average,RETAIL,Kg,kg,6.37
2024-06-01,6.21,Mutton meat,Kazakhstan,National Average,RETAIL,Kg,kg,6.21
2024-07-01,5.95,Mutton meat,Kazakhstan,National Average,RETAIL,Kg,kg,5.95
2024-08-01,5.92,Mutton meat,Kazakhstan,National Average,RETAIL,Kg,kg,5.92
2024-09-01,5.93,Mutton meat,Kazakhstan,National Average,RETAIL,Kg,kg,5.93
2024-10-01,5.85,Mutton meat,Kazakhstan,National Average,RETAIL,Kg,kg,5.85
2024-11-01,5.76,Mutton meat,Kazakhstan,National Average,RETAIL,Kg,kg,5.76
2024-12-01,5.49,Mutton meat,Kazakhstan,National Average,RETAIL,Kg,kg,5.49
2025-01-01,5.43,Mutton meat,Kazakhstan,National Average,RETAIL,Kg,kg,5.43
2025-02-01,5.75,Mutton meat,Kazakhstan,National Average,RETAIL,Kg,kg,5.75
2025-03-01,6.02,Mutton meat,Kazakhstan,National Average,RETAIL,Kg,kg,6.02
2025-04-01,6.03,Mutton meat,Kazakhstan,National Average,RETAIL,Kg,kg,6.03
2025-05-01,6.24,Mutton meat,Kazakhstan,National Average,RETAIL,Kg,kg,6.24
2025-06-01,6.31,Mutton meat,Kazakhstan,National Average,RETAIL,Kg,kg,6.31
2025-07-01,6.32,Mutton meat,Kazakhstan,National Average,RETAIL,Kg,kg,6.32
2025-08-01,6.42,Mutton meat,Kazakhstan,National Average,RETAIL,Kg,kg,6.42
2025-09-01,6.56,Mutton meat,Kazakhstan,National Average,RETAIL,Kg,kg,6.56
2025-10-01,6.71,Mutton meat,Kazakhstan,National Average,RETAIL,Kg,kg,6.71
2022-01-01,5.54,Mutton meat,Kazakhstan,Shymkent,RETAIL,Kg,kg,5.54
2022-02-01,5.53,Mutton meat,Kazakhstan,Shymkent,RETAIL,Kg,kg,5.53
2022-03-01,4.91,Mutton meat,Kazakhstan,Shymkent,RETAIL,Kg,kg,4.91
2022-04-01,5.58,Mutton meat,Kazakhstan,Shymkent,RETAIL,Kg,kg,5.58
2022-05-01,6.13,Mutton meat,Kazakhstan,Shymkent,RETAIL,Kg,kg,6.13
2022-06-01,5.97,Mutton meat,Kazakhstan,Shymkent,RETAIL,Kg,kg,5.97
2022-07-01,5.54,Mutton meat,Kazakhstan,Shymkent,RETAIL,Kg,kg,5.54
2022-08-01,5.43,Mutton meat,Kazakhstan,Shymkent,RETAIL,Kg,kg,5.43
2022-09-01,5.42,Mutton meat,Kazakhstan,Shymkent,RETAIL,Kg,kg,5.42
2022-10-01,5.49,Mutton meat,Kazakhstan,Shymkent,RETAIL,Kg,kg,5.49
2022-11-01,5.59,Mutton meat,Kazakhstan,Shymkent,RETAIL,Kg,kg,5.59
2022-12-01,5.7,Mutton meat,Kazakhstan,Shymkent,RETAIL,Kg,kg,5.7
2023-01-01,5.77,Mutton meat,Kazakhstan,Shymkent,RETAIL,Kg,kg,5.77
2023-02-01,5.93,Mutton meat,Kazakhstan,Shymkent,RETAIL,Kg,kg,5.93
2023-03-01,6.0,Mutton meat,Kazakhstan,Shymkent,RETAIL,Kg,kg,6.0
2023-04-01,5.98,Mutton meat,Kazakhstan,Shymkent,RETAIL,Kg,kg,5.98
2023-05-01,6.21,Mutton meat,Kazakhstan,Shymkent,RETAIL,Kg,kg,6.21
2023-06-01,6.19,Mutton meat,Kazakhstan,Shymkent,RETAIL,Kg,kg,6.19
2023-07-01,6.24,Mutton meat,Kazakhstan,Shymkent,RETAIL,Kg,kg,6.24
2023-08-01,6.14,Mutton meat,Kazakhstan,Shymkent,RETAIL,Kg,kg,6.14
2023-09-01,5.94,Mutton meat,Kazakhstan,Shymkent,RETAIL,Kg,kg,5.94
2023-10-01,5.96,Mutton meat,Kazakhstan,Shymkent,RETAIL,Kg,kg,5.96
2023-11-01,6.13,Mutton meat,Kazakhstan,Shymkent,RETAIL,Kg,kg,6.13
2023-12-01,6.21,Mutton meat,Kazakhstan,Shymkent,RETAIL,Kg,kg,6.21
2024-01-01,6.3,Mutton meat,Kazakhstan,Shymkent,RETAIL,Kg,kg,6.3
2024-02-01,6.27,Mutton meat,Kazakhstan,Shymkent,RETAIL,Kg,kg,6.27
2024-03-01,6.27,Mutton meat,Kazakhstan,Shymkent,RETAIL,Kg,kg,6.27
2024-04-01,,Mutton meat,Kazakhstan,Shymkent,RETAIL,Kg,kg,
2024-05-01,6.38,Mutton meat,Kazakhstan,Shymkent,RETAIL,Kg,kg,6.38
2024-06-01,6.2,Mutton meat,Kazakhstan,Shymkent,RETAIL,Kg,kg,6.2
2024-07-01,5.94,Mutton meat,Kazakhstan,Shymkent,RETAIL,Kg,kg,5.94
2024-08-01,5.9,Mutton meat,Kazakhstan,Shymkent,RETAIL,Kg,kg,5.9
2024-09-01,5.88,Mutton meat,Kazakhstan,Shymkent,RETAIL,Kg,kg,5.88
2024-10-01,5.81,Mutton meat,Kazakhstan,Shymkent,RETAIL,Kg,kg,5.81
2024-11-01,5.74,Mutton meat,Kazakhstan,Shymkent,RETAIL,Kg,kg,5.74
2024-12-01,5.47,Mutton meat,Kazakhstan,Shymkent,RETAIL,Kg,kg,5.47
2025-01-01,5.54,Mutton meat,Kazakhstan,Shymkent,RETAIL,Kg,kg,5.54
2025-02-01,6.39,Mutton meat,Kazakhstan,Shymkent,RETAIL,Kg,kg,6.39
2025-03-01,6.69,Mutton meat,Kazakhstan,Shymkent,RETAIL,Kg,kg,6.69
2025-04-01,6.78,Mutton meat,Kazakhstan,Shymkent,RETAIL,Kg,kg,6.78
2025-05-01,6.86,Mutton meat,Kazakhstan,Shymkent,RETAIL,Kg,kg,6.86
2025-06-01,6.8,Mutton meat,Kazakhstan,Shymkent,RETAIL,Kg,kg,6.8
2025-07-01,6.77,Mutton meat,Kazakhstan,Shymkent,RETAIL,Kg,kg,6.77
2025-08-01,6.92,Mutton meat,Kazakhstan,Shymkent,RETAIL,Kg,kg,6.92
2025-09-01,7.48,Mutton meat,Kazakhstan,Shymkent,RETAIL,Kg,kg,7.48
2025-10-01,7.57,Mutton meat,Kazakhstan,Shymkent,RETAIL,Kg,kg,7.57
2005-01-01,2.75,Mutton meat,Kyrgyzstan,Batken,RETAIL,Kg,kg,2.75
2005-02-01,2.74,Mutton meat,Kyrgyzstan,Batken,RETAIL,Kg,kg,2.74
2005-03-01,2.75,Mutton meat,Kyrgyzstan,Batken,RETAIL,Kg,kg,2.75
2005-04-01,2.73,Mutton meat,Kyrgyzstan,Batken,RETAIL,Kg,kg,2.73
2005-05-01,2.74,Mutton meat,Kyrgyzstan,Batken,RETAIL,Kg,kg,2.74
2005-06-01,2.74,Mutton meat,Kyrgyzstan,Batken,RETAIL,Kg,kg,2.74
2005-07-01,2.75,Mutton meat,Kyrgyzstan,Batken,RETAIL,Kg,kg,2.75
2005-08-01,2.75,Mutton meat,Kyrgyzstan,Batken,RETAIL,Kg,kg,2.75
2005-09-01,2.75,Mutton meat,Kyrgyzstan,Batken,RETAIL,Kg,kg,2.75
2005-10-01,2.82,Mutton meat,Kyrgyzstan,Batken,RETAIL,Kg,kg,2.82
2005-11-01,3.06,Mutton meat,Kyrgyzstan,Batken,RETAIL,Kg,kg,3.06
2005-12-01,3.03,Mutton meat,Kyrgyzstan,Batken,RETAIL,Kg,kg,3.03
2006-01-01,3.02,Mutton meat,Kyrgyzstan,Batken,RETAIL,Kg,kg,3.02
2006-02-01,3.02,Mutton meat,Kyrgyzstan,Batken,RETAIL,Kg,kg,3.02
2006-03-01,3.02,Mutton meat,Kyrgyzstan,Batken,RETAIL,Kg,kg,3.02
2006-04-01,3.05,Mutton meat,Kyrgyzstan,Batken,RETAIL,Kg,kg,3.05
2006-05-01,3.07,Mutton meat,Kyrgyzstan,Batken,RETAIL,Kg,kg,3.07
2006-06-01,3.1,Mutton meat,Kyrgyzstan,Batken,RETAIL,Kg,kg,3.1
2006-07-01,3.13,Mutton meat,Kyrgyzstan,Batken,RETAIL,Kg,kg,3.13
2006-08-01,3.16,Mutton meat,Kyrgyzstan,Batken,RETAIL,Kg,kg,3.16
2006-09-01,3.22,Mutton meat,Kyrgyzstan,Batken,RETAIL,Kg,kg,3.22
2006-10-01,3.32,Mutton meat,Kyrgyzstan,Batken,RETAIL,Kg,kg,3.32
2006-11-01,3.34,Mutton meat,Kyrgyzstan,Batken,RETAIL,Kg,kg,3.34
2006-12-01,3.56,Mutton meat,Kyrgyzstan,Batken,RETAIL,Kg,kg,3.56
2007-01-01,3.65,Mutton meat,Kyrgyzstan,Batken,RETAIL,Kg,kg,3.65
2007-02-01,3.62,Mutton meat,Kyrgyzstan,Batken,RETAIL,Kg,kg,3.62
2007-03-01,3.67,Mutton meat,Kyrgyzstan,Batken,RETAIL,Kg,kg,3.67
2007-04-01,3.94,Mutton meat,Kyrgyzstan,Batken,RETAIL,Kg,kg,3.94
2007-05-01,3.95,Mutton meat,Kyrgyzstan,Batken,RETAIL,Kg,kg,3.95
2007-06-01,3.95,Mutton meat,Kyrgyzstan,Batken,RETAIL,Kg,kg,3.95
2007-07-01,3.96,Mutton meat,Kyrgyzstan,Batken,RETAIL,Kg,kg,3.96
2007-08-01,4.23,Mutton meat,Kyrgyzstan,Batken,RETAIL,Kg,kg,4.23
2007-09-01,4.26,Mutton meat,Kyrgyzstan,Batken,RETAIL,Kg,kg,4.26
2007-10-01,4.51,Mutton meat,Kyrgyzstan,Batken,RETAIL,Kg,kg,4.51
2007-11-01,4.59,Mutton meat,Kyrgyzstan,Batken,RETAIL,Kg,kg,4.59
2007-12-01,4.57,Mutton meat,Kyrgyzstan,Batken,RETAIL,Kg,kg,4.57
2008-01-01,4.47,Mutton meat,Kyrgyzstan,Batken,RETAIL,Kg,kg,4.47
2008-02-01,4.42,Mutton meat,Kyrgyzstan,Batken,RETAIL,Kg,kg,4.42
2008-03-01,4.46,Mutton meat,Kyrgyzstan,Batken,RETAIL,Kg,kg,4.46
2008-04-01,4.85,Mutton meat,Kyrgyzstan,Batken,RETAIL,Kg,kg,4.85
2008-05-01,4.95,Mutton meat,Kyrgyzstan,Batken,RETAIL,Kg,kg,4.95
2008-06-01,4.98,Mutton meat,Kyrgyzstan,Batken,RETAIL,Kg,kg,4.98
2008-07-01,5.07,Mutton meat,Kyrgyzstan,Batken,RETAIL,Kg,kg,5.07
2008-08-01,5.45,Mutton meat,Kyrgyzstan,Batken,RETAIL,Kg,kg,5.45
2008-09-01,5.37,Mutton meat,Kyrgyzstan,Batken,RETAIL,Kg,kg,5.37
2008-10-01,5.09,Mutton meat,Kyrgyzstan,Batken,RETAIL,Kg,kg,5.09
2008-11-01,4.87,Mutton meat,Kyrgyzstan,Batken,RETAIL,Kg,kg,4.87
2008-12-01,4.83,Mutton meat,Kyrgyzstan,Batken,RETAIL,Kg,kg,4.83
2009-01-01,4.76,Mutton meat,Kyrgyzstan,Batken,RETAIL,Kg,kg,4.76
2009-02-01,4.65,Mutton meat,Kyrgyzstan,Batken,RETAIL,Kg,kg,4.65
2009-03-01,4.52,Mutton meat,Kyrgyzstan,Batken,RETAIL,Kg,kg,4.52
2009-04-01,4.42,Mutton meat,Kyrgyzstan,Batken,RETAIL,Kg,kg,4.42
2009-05-01,4.4,Mutton meat,Kyrgyzstan,Batken,RETAIL,Kg,kg,4.4
2009-06-01,4.39,Mutton meat,Kyrgyzstan,Batken,RETAIL,Kg,kg,4.39
2009-07-01,4.38,Mutton meat,Kyrgyzstan,Batken,RETAIL,Kg,kg,4.38
2009-08-01,4.29,Mutton meat,Kyrgyzstan,Batken,RETAIL,Kg,kg,4.29
2009-09-01,4.09,Mutton meat,Kyrgyzstan,Batken,RETAIL,Kg,kg,4.09
2009-10-01,4.12,Mutton meat,Kyrgyzstan,Batken,RETAIL,Kg,kg,4.12
2009-11-01,4.11,Mutton meat,Kyrgyzstan,Batken,RETAIL,Kg,kg,4.11
2009-12-01,4.09,Mutton meat,Kyrgyzstan,Batken,RETAIL,Kg,kg,4.09
2010-01-01,4.07,Mutton meat,Kyrgyzstan,Batken,RETAIL,Kg,kg,4.07
2010-02-01,4.09,Mutton meat,Kyrgyzstan,Batken,RETAIL,Kg,kg,4.09
2010-03-01,4.15,Mutton meat,Kyrgyzstan,Batken,RETAIL,Kg,kg,4.15
2010-04-01,3.97,Mutton meat,Kyrgyzstan,Batken,RETAIL,Kg,kg,3.97
2010-05-01,4.04,Mutton meat,Kyrgyzstan,Batken,RETAIL,Kg,kg,4.04
2010-06-01,4.16,Mutton meat,Kyrgyzstan,Batken,RETAIL,Kg,kg,4.16
2010-07-01,4.27,Mutton meat,Kyrgyzstan,Batken,RETAIL,Kg,kg,4.27
2010-08-01,4.29,Mutton meat,Kyrgyzstan,Batken,RETAIL,Kg,kg,4.29
2010-09-01,4.29,Mutton meat,Kyrgyzstan,Batken,RETAIL,Kg,kg,4.29
2010-10-01,4.72,Mutton meat,Kyrgyzstan,Batken,RETAIL,Kg,kg,4.72
2010-11-01,4.7,Mutton meat,Kyrgyzstan,Batken,RETAIL,Kg,kg,4.7
2010-12-01,4.68,Mutton meat,Kyrgyzstan,Batken,RETAIL,Kg,kg,4.68
2011-01-01,5.16,Mutton meat,Kyrgyzstan,Batken,RETAIL,Kg,kg,5.16
2011-02-01,5.27,Mutton meat,Kyrgyzstan,Batken,RETAIL,Kg,kg,5.27
2011-03-01,5.45,Mutton meat,Kyrgyzstan,Batken,RETAIL,Kg,kg,5.45
2011-04-01,5.52,Mutton meat,Kyrgyzstan,Batken,RETAIL,Kg,kg,5.52
2011-05-01,5.96,Mutton meat,Kyrgyzstan,Batken,RETAIL,Kg,kg,5.96
2011-06-01,6.19,Mutton meat,Kyrgyzstan,Batken,RETAIL,Kg,kg,6.19
2011-07-01,6.63,Mutton meat,Kyrgyzstan,Batken,RETAIL,Kg,kg,6.63
2011-08-01,6.72,Mutton meat,Kyrgyzstan,Batken,RETAIL,Kg,kg,6.72
2011-09-01,6.65,Mutton meat,Kyrgyzstan,Batken,RETAIL,Kg,kg,6.65
2011-10-01,6.63,Mutton meat,Kyrgyzstan,Batken,RETAIL,Kg,kg,6.63
2011-11-01,6.49,Mutton meat,Kyrgyzstan,Batken,RETAIL,Kg,kg,6.49
2011-12-01,6.44,Mutton meat,Kyrgyzstan,Batken,RETAIL,Kg,kg,6.44
2012-01-01,6.43,Mutton meat,Kyrgyzstan,Batken,RETAIL,Kg,kg,6.43
2012-02-01,6.41,Mutton meat,Kyrgyzstan,Batken,RETAIL,Kg,kg,6.41
2012-03-01,6.43,Mutton meat,Kyrgyzstan,Batken,RETAIL,Kg,kg,6.43
2012-04-01,6.41,Mutton meat,Kyrgyzstan,Batken,RETAIL,Kg,kg,6.41
2012-05-01,7.08,Mutton meat,Kyrgyzstan,Batken,RETAIL,Kg,kg,7.08
2012-06-01,7.42,Mutton meat,Kyrgyzstan,Batken,RETAIL,Kg,kg,7.42
2012-07-01,7.41,Mutton meat,Kyrgyzstan,Batken,RETAIL,Kg,kg,7.41
2012-08-01,7.46,Mutton meat,Kyrgyzstan,Batken,RETAIL,Kg,kg,7.46
2012-09-01,7.03,Mutton meat,Kyrgyzstan,Batken,RETAIL,Kg,kg,7.03
2012-10-01,6.37,Mutton meat,Kyrgyzstan,Batken,RETAIL,Kg,kg,6.37
2012-11-01,6.35,Mutton meat,Kyrgyzstan,Batken,RETAIL,Kg,kg,6.35
2012-12-01,6.33,Mutton meat,Kyrgyzstan,Batken,RETAIL,Kg,kg,6.33
2013-01-01,6.31,Mutton meat,Kyrgyzstan,Batken,RETAIL,Kg,kg,6.31
2013-02-01,6.28,Mutton meat,Kyrgyzstan,Batken,RETAIL,Kg,kg,6.28
2013-03-01,6.27,Mutton meat,Kyrgyzstan,Batken,RETAIL,Kg,kg,6.27
2013-04-01,6.22,Mutton meat,Kyrgyzstan,Batken,RETAIL,Kg,kg,6.22
2013-05-01,6.23,Mutton meat,Kyrgyzstan,Batken,RETAIL,Kg,kg,6.23
2013-06-01,6.19,Mutton meat,Kyrgyzstan,Batken,RETAIL,Kg,kg,6.19
2013-07-01,6.14,Mutton meat,Kyrgyzstan,Batken,RETAIL,Kg,kg,6.14
2013-08-01,6.16,Mutton meat,Kyrgyzstan,Batken,RETAIL,Kg,kg,6.16
2013-09-01,6.13,Mutton meat,Kyrgyzstan,Batken,RETAIL,Kg,kg,6.13
2013-10-01,6.16,Mutton meat,Kyrgyzstan,Batken,RETAIL,Kg,kg,6.16
2013-11-01,6.15,Mutton meat,Kyrgyzstan,Batken,RETAIL,Kg,kg,6.15
2013-12-01,6.09,Mutton meat,Kyrgyzstan,Batken,RETAIL,Kg,kg,6.09
2014-01-01,6.56,Mutton meat,Kyrgyzstan,Batken,RETAIL,Kg,kg,6.56
2014-02-01,6.81,Mutton meat,Kyrgyzstan,Batken,RETAIL,Kg,kg,6.81
2014-03-01,6.43,Mutton meat,Kyrgyzstan,Batken,RETAIL,Kg,kg,6.43
2014-04-01,6.43,Mutton meat,Kyrgyzstan,Batken,RETAIL,Kg,kg,6.43
2014-05-01,6.65,Mutton meat,Kyrgyzstan,Batken,RETAIL,Kg,kg,6.65
2014-06-01,6.7,Mutton meat,Kyrgyzstan,Batken,RETAIL,Kg,kg,6.7
2014-07-01,6.75,Mutton meat,Kyrgyzstan,Batken,RETAIL,Kg,kg,6.75
2014-08-01,6.71,Mutton meat,Kyrgyzstan,Batken,RETAIL,Kg,kg,6.71
2014-09-01,6.49,Mutton meat,Kyrgyzstan,Batken,RETAIL,Kg,kg,6.49
2014-10-01,6.33,Mutton meat,Kyrgyzstan,Batken,RETAIL,Kg,kg,6.33
2014-11-01,6.08,Mutton meat,Kyrgyzstan,Batken,RETAIL,Kg,kg,6.08
2014-12-01,6.02,Mutton meat,Kyrgyzstan,Batken,RETAIL,Kg,kg,6.02
2015-01-01,5.88,Mutton meat,Kyrgyzstan,Batken,RETAIL,Kg,kg,5.88
2015-02-01,5.76,Mutton meat,Kyrgyzstan,Batken,RETAIL,Kg,kg,5.76
2015-03-01,5.63,Mutton meat,Kyrgyzstan,Batken,RETAIL,Kg,kg,5.63
2015-04-01,5.57,Mutton meat,Kyrgyzstan,Batken,RETAIL,Kg,kg,5.57
2015-05-01,5.95,Mutton meat,Kyrgyzstan,Batken,RETAIL,Kg,kg,5.95
2015-06-01,5.83,Mutton meat,Kyrgyzstan,Batken,RETAIL,Kg,kg,5.83
2015-07-01,5.63,Mutton meat,Kyrgyzstan,Batken,RETAIL,Kg,kg,5.63
2015-08-01,5.58,Mutton meat,Kyrgyzstan,Batken,RETAIL,Kg,kg,5.58
2015-09-01,5.16,Mutton meat,Kyrgyzstan,Batken,RETAIL,Kg,kg,5.16
2015-10-01,5.08,Mutton meat,Kyrgyzstan,Batken,RETAIL,Kg,kg,5.08
2015-11-01,4.86,Mutton meat,Kyrgyzstan,Batken,RETAIL,Kg,kg,4.86
2015-12-01,4.16,Mutton meat,Kyrgyzstan,Batken,RETAIL,Kg,kg,4.16
2016-01-01,3.95,Mutton meat,Kyrgyzstan,Batken,RETAIL,Kg,kg,3.95
2016-02-01,4.01,Mutton meat,Kyrgyzstan,Batken,RETAIL,Kg,kg,4.01
2016-03-01,4.16,Mutton meat,Kyrgyzstan,Batken,RETAIL,Kg,kg,4.16
2016-04-01,4.15,Mutton meat,Kyrgyzstan,Batken,RETAIL,Kg,kg,4.15
2016-05-01,4.39,Mutton meat,Kyrgyzstan,Batken,RETAIL,Kg,kg,4.39
2016-06-01,4.42,Mutton meat,Kyrgyzstan,Batken,RETAIL,Kg,kg,4.42
2016-07-01,4.46,Mutton meat,Kyrgyzstan,Batken,RETAIL,Kg,kg,4.46
2016-08-01,4.37,Mutton meat,Kyrgyzstan,Batken,RETAIL,Kg,kg,4.37
2016-09-01,4.36,Mutton meat,Kyrgyzstan,Batken,RETAIL,Kg,kg,4.36
2016-10-01,4.39,Mutton meat,Kyrgyzstan,Batken,RETAIL,Kg,kg,4.39
2016-11-01,4.35,Mutton meat,Kyrgyzstan,Batken,RETAIL,Kg,kg,4.35
2016-12-01,4.33,Mutton meat,Kyrgyzstan,Batken,RETAIL,Kg,kg,4.33
2017-01-01,4.33,Mutton meat,Kyrgyzstan,Batken,RETAIL,Kg,kg,4.33
2017-02-01,4.33,Mutton meat,Kyrgyzstan,Batken,RETAIL,Kg,kg,4.33
2017-03-01,4.34,Mutton meat,Kyrgyzstan,Batken,RETAIL,Kg,kg,4.34
2017-04-01,4.41,Mutton meat,Kyrgyzstan,Batken,RETAIL,Kg,kg,4.41
2017-05-01,4.6,Mutton meat,Kyrgyzstan,Batken,RETAIL,Kg,kg,4.6
2017-06-01,5.11,Mutton meat,Kyrgyzstan,Batken,RETAIL,Kg,kg,5.11
2017-07-01,5.06,Mutton meat,Kyrgyzstan,Batken,RETAIL,Kg,kg,5.06
2017-08-01,5.08,Mutton meat,Kyrgyzstan,Batken,RETAIL,Kg,kg,5.08
2017-09-01,5.11,Mutton meat,Kyrgyzstan,Batken,RETAIL,Kg,kg,5.11
2017-10-01,5.11,Mutton meat,Kyrgyzstan,Batken,RETAIL,Kg,kg,5.11
2017-11-01,4.98,Mutton meat,Kyrgyzstan,Batken,RETAIL,Kg,kg,4.98
2017-12-01,5.0,Mutton meat,Kyrgyzstan,Batken,RETAIL,Kg,kg,5.0
2018-01-01,5.08,Mutton meat,Kyrgyzstan,Batken,RETAIL,Kg,kg,5.08
2018-02-01,5.12,Mutton meat,Kyrgyzstan,Batken,RETAIL,Kg,kg,5.12
2018-03-01,5.13,Mutton meat,Kyrgyzstan,Batken,RETAIL,Kg,kg,5.13
2018-04-01,5.1,Mutton meat,Kyrgyzstan,Batken,RETAIL,Kg,kg,5.1
2018-05-01,4.73,Mutton meat,Kyrgyzstan,Batken,RETAIL,Kg,kg,4.73
2018-06-01,5.04,Mutton meat,Kyrgyzstan,Batken,RETAIL,Kg,kg,5.04
2018-07-01,5.13,Mutton meat,Kyrgyzstan,Batken,RETAIL,Kg,kg,5.13
2018-08-01,5.1,Mutton meat,Kyrgyzstan,Batken,RETAIL,Kg,kg,5.1
2018-09-01,5.06,Mutton meat,Kyrgyzstan,Batken,RETAIL,Kg,kg,5.06
2018-10-01,5.05,Mutton meat,Kyrgyzstan,Batken,RETAIL,Kg,kg,5.05
2018-11-01,5.01,Mutton meat,Kyrgyzstan,Batken,RETAIL,Kg,kg,5.01
2018-12-01,5.01,Mutton meat,Kyrgyzstan,Batken,RETAIL,Kg,kg,5.01
2019-01-01,5.01,Mutton meat,Kyrgyzstan,Batken,RETAIL,Kg,kg,5.01
2019-02-01,5.02,Mutton meat,Kyrgyzstan,Batken,RETAIL,Kg,kg,5.02
2019-03-01,5.02,Mutton meat,Kyrgyzstan,Batken,RETAIL,Kg,kg,5.02
2019-04-01,5.01,Mutton meat,Kyrgyzstan,Batken,RETAIL,Kg,kg,5.01
2019-05-01,5.01,Mutton meat,Kyrgyzstan,Batken,RETAIL,Kg,kg,5.01
2019-06-01,5.02,Mutton meat,Kyrgyzstan,Batken,RETAIL,Kg,kg,5.02
2019-07-01,5.03,Mutton meat,Kyrgyzstan,Batken,RETAIL,Kg,kg,5.03
2019-08-01,5.01,Mutton meat,Kyrgyzstan,Batken,RETAIL,Kg,kg,5.01
2019-09-01,5.01,Mutton meat,Kyrgyzstan,Batken,RETAIL,Kg,kg,5.01
2019-10-01,5.01,Mutton meat,Kyrgyzstan,Batken,RETAIL,Kg,kg,5.01
2019-11-01,5.01,Mutton meat,Kyrgyzstan,Batken,RETAIL,Kg,kg,5.01
2019-12-01,5.01,Mutton meat,Kyrgyzstan,Batken,RETAIL,Kg,kg,5.01
2020-01-01,5.02,Mutton meat,Kyrgyzstan,Batken,RETAIL,Kg,kg,5.02
2020-02-01,5.01,Mutton meat,Kyrgyzstan,Batken,RETAIL,Kg,kg,5.01
2020-03-01,4.69,Mutton meat,Kyrgyzstan,Batken,RETAIL,Kg,kg,4.69
2020-04-01,4.33,Mutton meat,Kyrgyzstan,Batken,RETAIL,Kg,kg,4.33
2020-05-01,4.57,Mutton meat,Kyrgyzstan,Batken,RETAIL,Kg,kg,4.57
2020-06-01,4.69,Mutton meat,Kyrgyzstan,Batken,RETAIL,Kg,kg,4.69
2020-07-01,4.53,Mutton meat,Kyrgyzstan,Batken,RETAIL,Kg,kg,4.53
2020-08-01,4.7,Mutton meat,Kyrgyzstan,Batken,RETAIL,Kg,kg,4.7
2020-09-01,4.82,Mutton meat,Kyrgyzstan,Batken,RETAIL,Kg,kg,4.82
2020-10-01,4.88,Mutton meat,Kyrgyzstan,Batken,RETAIL,Kg,kg,4.88
2020-11-01,4.98,Mutton meat,Kyrgyzstan,Batken,RETAIL,Kg,kg,4.98
2020-12-01,5.4,Mutton meat,Kyrgyzstan,Batken,RETAIL,Kg,kg,5.4
2021-01-01,5.35,Mutton meat,Kyrgyzstan,Batken,RETAIL,Kg,kg,5.35
2021-02-01,5.32,Mutton meat,Kyrgyzstan,Batken,RETAIL,Kg,kg,5.32
2021-03-01,5.55,Mutton meat,Kyrgyzstan,Batken,RETAIL,Kg,kg,5.55
2021-04-01,5.77,Mutton meat,Kyrgyzstan,Batken,RETAIL,Kg,kg,5.77
2021-05-01,5.81,Mutton meat,Kyrgyzstan,Batken,RETAIL,Kg,kg,5.81
2021-06-01,5.89,Mutton meat,Kyrgyzstan,Batken,RETAIL,Kg,kg,5.89
2021-07-01,5.9,Mutton meat,Kyrgyzstan,Batken,RETAIL,Kg,kg,5.9
2021-08-01,5.9,Mutton meat,Kyrgyzstan,Batken,RETAIL,Kg,kg,5.9
2021-09-01,5.9,Mutton meat,Kyrgyzstan,Batken,RETAIL,Kg,kg,5.9
2021-10-01,5.9,Mutton meat,Kyrgyzstan,Batken,RETAIL,Kg,kg,5.9
2021-11-01,5.9,Mutton meat,Kyrgyzstan,Batken,RETAIL,Kg,kg,5.9
2021-12-01,5.9,Mutton meat,Kyrgyzstan,Batken,RETAIL,Kg,kg,5.9
2022-01-01,5.9,Mutton meat,Kyrgyzstan,Batken,RETAIL,Kg,kg,5.9
2022-02-01,5.85,Mutton meat,Kyrgyzstan,Batken,RETAIL,Kg,kg,5.85
2022-03-01,5.06,Mutton meat,Kyrgyzstan,Batken,RETAIL,Kg,kg,5.06
2022-04-01,5.95,Mutton meat,Kyrgyzstan,Batken,RETAIL,Kg,kg,5.95
2022-05-01,6.14,Mutton meat,Kyrgyzstan,Batken,RETAIL,Kg,kg,6.14
2022-06-01,6.28,Mutton meat,Kyrgyzstan,Batken,RETAIL,Kg,kg,6.28
2022-07-01,7.36,Mutton meat,Kyrgyzstan,Batken,RETAIL,Kg,kg,7.36
2022-08-01,7.34,Mutton meat,Kyrgyzstan,Batken,RETAIL,Kg,kg,7.34
2022-09-01,7.38,Mutton meat,Kyrgyzstan,Batken,RETAIL,Kg,kg,7.38
2022-10-01,7.31,Mutton meat,Kyrgyzstan,Batken,RETAIL,Kg,kg,7.31
2022-11-01,7.12,Mutton meat,Kyrgyzstan,Batken,RETAIL,Kg,kg,7.12
2022-12-01,7.05,Mutton meat,Kyrgyzstan,Batken,RETAIL,Kg,kg,7.05
2023-01-01,6.99,Mutton meat,Kyrgyzstan,Batken,RETAIL,Kg,kg,6.99
2023-02-01,6.9,Mutton meat,Kyrgyzstan,Batken,RETAIL,Kg,kg,6.9
2023-03-01,6.86,Mutton meat,Kyrgyzstan,Batken,RETAIL,Kg,kg,6.86
2023-04-01,6.86,Mutton meat,Kyrgyzstan,Batken,RETAIL,Kg,kg,6.86
2023-05-01,6.86,Mutton meat,Kyrgyzstan,Batken,RETAIL,Kg,kg,6.86
2023-06-01,6.86,Mutton meat,Kyrgyzstan,Batken,RETAIL,Kg,kg,6.86
2023-07-01,6.84,Mutton meat,Kyrgyzstan,Batken,RETAIL,Kg,kg,6.84
2023-08-01,6.81,Mutton meat,Kyrgyzstan,Batken,RETAIL,Kg,kg,6.81
2023-09-01,6.78,Mutton meat,Kyrgyzstan,Batken,RETAIL,Kg,kg,6.78
2023-10-01,6.73,Mutton meat,Kyrgyzstan,Batken,RETAIL,Kg,kg,6.73
2023-11-01,6.73,Mutton meat,Kyrgyzstan,Batken,RETAIL,Kg,kg,6.73
2023-12-01,6.73,Mutton meat,Kyrgyzstan,Batken,RETAIL,Kg,kg,6.73
2024-01-01,6.72,Mutton meat,Kyrgyzstan,Batken,RETAIL,Kg,kg,6.72
2024-02-01,6.71,Mutton meat,Kyrgyzstan,Batken,RETAIL,Kg,kg,6.71
2024-03-01,6.71,Mutton meat,Kyrgyzstan,Batken,RETAIL,Kg,kg,6.71
2024-04-01,6.73,Mutton meat,Kyrgyzstan,Batken,RETAIL,Kg,kg,6.73
2024-05-01,6.8,Mutton meat,Kyrgyzstan,Batken,RETAIL,Kg,kg,6.8
2024-06-01,6.88,Mutton meat,Kyrgyzstan,Batken,RETAIL,Kg,kg,6.88
2024-07-01,7.05,Mutton meat,Kyrgyzstan,Batken,RETAIL,Kg,kg,7.05
2024-08-01,7.05,Mutton meat,Kyrgyzstan,Batken,RETAIL,Kg,kg,7.05
2024-09-01,7.11,Mutton meat,Kyrgyzstan,Batken,RETAIL,Kg,kg,7.11
2024-10-01,7.04,Mutton meat,Kyrgyzstan,Batken,RETAIL,Kg,kg,7.04
2024-11-01,6.95,Mutton meat,Kyrgyzstan,Batken,RETAIL,Kg,kg,6.95
2024-12-01,6.9,Mutton meat,Kyrgyzstan,Batken,RETAIL,Kg,kg,6.9
2025-01-01,6.88,Mutton meat,Kyrgyzstan,Batken,RETAIL,Kg,kg,6.88
2025-02-01,7.34,Mutton meat,Kyrgyzstan,Batken,RETAIL,Kg,kg,7.34
2025-03-01,7.48,Mutton meat,Kyrgyzstan,Batken,RETAIL,Kg,kg,7.48
2025-04-01,7.46,Mutton meat,Kyrgyzstan,Batken,RETAIL,Kg,kg,7.46
2025-05-01,7.43,Mutton meat,Kyrgyzstan,Batken,RETAIL,Kg,kg,7.43
2025-06-01,7.43,Mutton meat,Kyrgyzstan,Batken,RETAIL,Kg,kg,7.43
2025-07-01,7.44,Mutton meat,Kyrgyzstan,Batken,RETAIL,Kg,kg,7.44
2025-08-01,7.73,Mutton meat,Kyrgyzstan,Batken,RETAIL,Kg,kg,7.73
2025-09-01,7.78,Mutton meat,Kyrgyzstan,Batken,RETAIL,Kg,kg,7.78
2025-10-01,7.78,Mutton meat,Kyrgyzstan,Batken,RETAIL,Kg,kg,7.78
2005-01-01,3.05,Mutton meat,Kyrgyzstan,Bishkek,RETAIL,Kg,kg,3.05
2005-02-01,3.08,Mutton meat,Kyrgyzstan,Bishkek,RETAIL,Kg,kg,3.08
2005-03-01,3.09,Mutton meat,Kyrgyzstan,Bishkek,RETAIL,Kg,kg,3.09
2005-04-01,3.11,Mutton meat,Kyrgyzstan,Bishkek,RETAIL,Kg,kg,3.11
2005-05-01,3.39,Mutton meat,Kyrgyzstan,Bishkek,RETAIL,Kg,kg,3.39
2005-06-01,3.5,Mutton meat,Kyrgyzstan,Bishkek,RETAIL,Kg,kg,3.5
2005-07-01,3.35,Mutton meat,Kyrgyzstan,Bishkek,RETAIL,Kg,kg,3.35
2005-08-01,3.33,Mutton meat,Kyrgyzstan,Bishkek,RETAIL,Kg,kg,3.33
2005-09-01,3.3,Mutton meat,Kyrgyzstan,Bishkek,RETAIL,Kg,kg,3.3
2005-10-01,3.21,Mutton meat,Kyrgyzstan,Bishkek,RETAIL,Kg,kg,3.21
2005-11-01,3.2,Mutton meat,Kyrgyzstan,Bishkek,RETAIL,Kg,kg,3.2
2005-12-01,3.21,Mutton meat,Kyrgyzstan,Bishkek,RETAIL,Kg,kg,3.21
2006-01-01,3.28,Mutton meat,Kyrgyzstan,Bishkek,RETAIL,Kg,kg,3.28
2006-02-01,3.23,Mutton meat,Kyrgyzstan,Bishkek,RETAIL,Kg,kg,3.23
2006-03-01,3.31,Mutton meat,Kyrgyzstan,Bishkek,RETAIL,Kg,kg,3.31
2006-04-01,3.34,Mutton meat,Kyrgyzstan,Bishkek,RETAIL,Kg,kg,3.34
2006-05-01,3.57,Mutton meat,Kyrgyzstan,Bishkek,RETAIL,Kg,kg,3.57
2006-06-01,3.96,Mutton meat,Kyrgyzstan,Bishkek,RETAIL,Kg,kg,3.96
2006-07-01,4.09,Mutton meat,Kyrgyzstan,Bishkek,RETAIL,Kg,kg,4.09
2006-08-01,4.03,Mutton meat,Kyrgyzstan,Bishkek,RETAIL,Kg,kg,4.03
2006-09-01,3.89,Mutton meat,Kyrgyzstan,Bishkek,RETAIL,Kg,kg,3.89
2006-10-01,3.7,Mutton meat,Kyrgyzstan,Bishkek,RETAIL,Kg,kg,3.7
2006-11-01,3.81,Mutton meat,Kyrgyzstan,Bishkek,RETAIL,Kg,kg,3.81
2006-12-01,3.85,Mutton meat,Kyrgyzstan,Bishkek,RETAIL,Kg,kg,3.85
2007-01-01,3.89,Mutton meat,Kyrgyzstan,Bishkek,RETAIL,Kg,kg,3.89
2007-02-01,3.88,Mutton meat,Kyrgyzstan,Bishkek,RETAIL,Kg,kg,3.88
2007-03-01,4.11,Mutton meat,Kyrgyzstan,Bishkek,RETAIL,Kg,kg,4.11
2007-04-01,4.2,Mutton meat,Kyrgyzstan,Bishkek,RETAIL,Kg,kg,4.2
2007-05-01,4.94,Mutton meat,Kyrgyzstan,Bishkek,RETAIL,Kg,kg,4.94
2007-06-01,4.98,Mutton meat,Kyrgyzstan,Bishkek,RETAIL,Kg,kg,4.98
2007-07-01,4.99,Mutton meat,Kyrgyzstan,Bishkek,RETAIL,Kg,kg,4.99
2007-08-01,4.97,Mutton meat,Kyrgyzstan,Bishkek,RETAIL,Kg,kg,4.97
2007-09-01,4.84,Mutton meat,Kyrgyzstan,Bishkek,RETAIL,Kg,kg,4.84
2007-10-01,5.12,Mutton meat,Kyrgyzstan,Bishkek,RETAIL,Kg,kg,5.12
2007-11-01,5.29,Mutton meat,Kyrgyzstan,Bishkek,RETAIL,Kg,kg,5.29
2007-12-01,5.08,Mutton meat,Kyrgyzstan,Bishkek,RETAIL,Kg,kg,5.08
2008-01-01,5.11,Mutton meat,Kyrgyzstan,Bishkek,RETAIL,Kg,kg,5.11
2008-02-01,5.17,Mutton meat,Kyrgyzstan,Bishkek,RETAIL,Kg,kg,5.17
2008-03-01,5.2,Mutton meat,Kyrgyzstan,Bishkek,RETAIL,Kg,kg,5.2
2008-04-01,5.52,Mutton meat,Kyrgyzstan,Bishkek,RETAIL,Kg,kg,5.52
2008-05-01,6.04,Mutton meat,Kyrgyzstan,Bishkek,RETAIL,Kg,kg,6.04
2008-06-01,6.09,Mutton meat,Kyrgyzstan,Bishkek,RETAIL,Kg,kg,6.09
2008-07-01,6.16,Mutton meat,Kyrgyzstan,Bishkek,RETAIL,Kg,kg,6.16
2008-08-01,5.9,Mutton meat,Kyrgyzstan,Bishkek,RETAIL,Kg,kg,5.9
2008-09-01,5.63,Mutton meat,Kyrgyzstan,Bishkek,RETAIL,Kg,kg,5.63
2008-10-01,5.22,Mutton meat,Kyrgyzstan,Bishkek,RETAIL,Kg,kg,5.22
2008-11-01,4.98,Mutton meat,Kyrgyzstan,Bishkek,RETAIL,Kg,kg,4.98
2008-12-01,4.75,Mutton meat,Kyrgyzstan,Bishkek,RETAIL,Kg,kg,4.75
2009-01-01,4.93,Mutton meat,Kyrgyzstan,Bishkek,RETAIL,Kg,kg,4.93
2009-02-01,4.94,Mutton meat,Kyrgyzstan,Bishkek,RETAIL,Kg,kg,4.94
2009-03-01,4.81,Mutton meat,Kyrgyzstan,Bishkek,RETAIL,Kg,kg,4.81
2009-04-01,4.59,Mutton meat,Kyrgyzstan,Bishkek,RETAIL,Kg,kg,4.59
2009-05-01,4.6,Mutton meat,Kyrgyzstan,Bishkek,RETAIL,Kg,kg,4.6
2009-06-01,4.66,Mutton meat,Kyrgyzstan,Bishkek,RETAIL,Kg,kg,4.66
2009-07-01,4.55,Mutton meat,Kyrgyzstan,Bishkek,RETAIL,Kg,kg,4.55
2009-08-01,4.37,Mutton meat,Kyrgyzstan,Bishkek,RETAIL,Kg,kg,4.37
2009-09-01,4.3,Mutton meat,Kyrgyzstan,Bishkek,RETAIL,Kg,kg,4.3
2009-10-01,4.37,Mutton meat,Kyrgyzstan,Bishkek,RETAIL,Kg,kg,4.37
2009-11-01,4.3,Mutton meat,Kyrgyzstan,Bishkek,RETAIL,Kg,kg,4.3
2009-12-01,4.24,Mutton meat,Kyrgyzstan,Bishkek,RETAIL,Kg,kg,4.24
2010-01-01,4.3,Mutton meat,Kyrgyzstan,Bishkek,RETAIL,Kg,kg,4.3
2010-02-01,4.25,Mutton meat,Kyrgyzstan,Bishkek,RETAIL,Kg,kg,4.25
2010-03-01,4.27,Mutton meat,Kyrgyzstan,Bishkek,RETAIL,Kg,kg,4.27
2010-04-01,4.33,Mutton meat,Kyrgyzstan,Bishkek,RETAIL,Kg,kg,4.33
2010-05-01,4.34,Mutton meat,Kyrgyzstan,Bishkek,RETAIL,Kg,kg,4.34
2010-06-01,4.35,Mutton meat,Kyrgyzstan,Bishkek,RETAIL,Kg,kg,4.35
2010-07-01,4.44,Mutton meat,Kyrgyzstan,Bishkek,RETAIL,Kg,kg,4.44
2010-08-01,4.47,Mutton meat,Kyrgyzstan,Bishkek,RETAIL,Kg,kg,4.47
2010-09-01,4.62,Mutton meat,Kyrgyzstan,Bishkek,RETAIL,Kg,kg,4.62
2010-10-01,4.72,Mutton meat,Kyrgyzstan,Bishkek,RETAIL,Kg,kg,4.72
2010-11-01,4.6,Mutton meat,Kyrgyzstan,Bishkek,RETAIL,Kg,kg,4.6
2010-12-01,4.86,Mutton meat,Kyrgyzstan,Bishkek,RETAIL,Kg,kg,4.86
2011-01-01,5.29,Mutton meat,Kyrgyzstan,Bishkek,RETAIL,Kg,kg,5.29
2011-02-01,5.59,Mutton meat,Kyrgyzstan,Bishkek,RETAIL,Kg,kg,5.59
2011-03-01,5.8,Mutton meat,Kyrgyzstan,Bishkek,RETAIL,Kg,kg,5.8
2011-04-01,5.81,Mutton meat,Kyrgyzstan,Bishkek,RETAIL,Kg,kg,5.81
2011-05-01,5.98,Mutton meat,Kyrgyzstan,Bishkek,RETAIL,Kg,kg,5.98
2011-06-01,6.38,Mutton meat,Kyrgyzstan,Bishkek,RETAIL,Kg,kg,6.38
2011-07-01,6.74,Mutton meat,Kyrgyzstan,Bishkek,RETAIL,Kg,kg,6.74
2011-08-01,6.88,Mutton meat,Kyrgyzstan,Bishkek,RETAIL,Kg,kg,6.88
2011-09-01,6.66,Mutton meat,Kyrgyzstan,Bishkek,RETAIL,Kg,kg,6.66
2011-10-01,6.55,Mutton meat,Kyrgyzstan,Bishkek,RETAIL,Kg,kg,6.55
2011-11-01,6.36,Mutton meat,Kyrgyzstan,Bishkek,RETAIL,Kg,kg,6.36
2011-12-01,6.33,Mutton meat,Kyrgyzstan,Bishkek,RETAIL,Kg,kg,6.33
2012-01-01,6.37,Mutton meat,Kyrgyzstan,Bishkek,RETAIL,Kg,kg,6.37
2012-02-01,6.35,Mutton meat,Kyrgyzstan,Bishkek,RETAIL,Kg,kg,6.35
2012-03-01,6.3,Mutton meat,Kyrgyzstan,Bishkek,RETAIL,Kg,kg,6.3
2012-04-01,6.34,Mutton meat,Kyrgyzstan,Bishkek,RETAIL,Kg,kg,6.34
2012-05-01,6.56,Mutton meat,Kyrgyzstan,Bishkek,RETAIL,Kg,kg,6.56
2012-06-01,6.57,Mutton meat,Kyrgyzstan,Bishkek,RETAIL,Kg,kg,6.57
2012-07-01,6.53,Mutton meat,Kyrgyzstan,Bishkek,RETAIL,Kg,kg,6.53
2012-08-01,6.58,Mutton meat,Kyrgyzstan,Bishkek,RETAIL,Kg,kg,6.58
2012-09-01,6.59,Mutton meat,Kyrgyzstan,Bishkek,RETAIL,Kg,kg,6.59
2012-10-01,6.45,Mutton meat,Kyrgyzstan,Bishkek,RETAIL,Kg,kg,6.45
2012-11-01,6.16,Mutton meat,Kyrgyzstan,Bishkek,RETAIL,Kg,kg,6.16
2012-12-01,6.03,Mutton meat,Kyrgyzstan,Bishkek,RETAIL,Kg,kg,6.03
2013-01-01,6.0,Mutton meat,Kyrgyzstan,Bishkek,RETAIL,Kg,kg,6.0
2013-02-01,5.97,Mutton meat,Kyrgyzstan,Bishkek,RETAIL,Kg,kg,5.97
2013-03-01,6.03,Mutton meat,Kyrgyzstan,Bishkek,RETAIL,Kg,kg,6.03
2013-04-01,6.1,Mutton meat,Kyrgyzstan,Bishkek,RETAIL,Kg,kg,6.1
2013-05-01,6.28,Mutton meat,Kyrgyzstan,Bishkek,RETAIL,Kg,kg,6.28
2013-06-01,6.33,Mutton meat,Kyrgyzstan,Bishkek,RETAIL,Kg,kg,6.33
2013-07-01,6.27,Mutton meat,Kyrgyzstan,Bishkek,RETAIL,Kg,kg,6.27
2013-08-01,6.22,Mutton meat,Kyrgyzstan,Bishkek,RETAIL,Kg,kg,6.22
2013-09-01,6.11,Mutton meat,Kyrgyzstan,Bishkek,RETAIL,Kg,kg,6.11
2013-10-01,6.01,Mutton meat,Kyrgyzstan,Bishkek,RETAIL,Kg,kg,6.01
2013-11-01,5.94,Mutton meat,Kyrgyzstan,Bishkek,RETAIL,Kg,kg,5.94
2013-12-01,5.88,Mutton meat,Kyrgyzstan,Bishkek,RETAIL,Kg,kg,5.88
2014-01-01,6.01,Mutton meat,Kyrgyzstan,Bishkek,RETAIL,Kg,kg,6.01
2014-02-01,6.02,Mutton meat,Kyrgyzstan,Bishkek,RETAIL,Kg,kg,6.02
2014-03-01,5.79,Mutton meat,Kyrgyzstan,Bishkek,RETAIL,Kg,kg,5.79
2014-04-01,5.81,Mutton meat,Kyrgyzstan,Bishkek,RETAIL,Kg,kg,5.81
2014-05-01,6.27,Mutton meat,Kyrgyzstan,Bishkek,RETAIL,Kg,kg,6.27
2014-06-01,6.63,Mutton meat,Kyrgyzstan,Bishkek,RETAIL,Kg,kg,6.63
2014-07-01,6.6,Mutton meat,Kyrgyzstan,Bishkek,RETAIL,Kg,kg,6.6
2014-08-01,6.43,Mutton meat,Kyrgyzstan,Bishkek,RETAIL,Kg,kg,6.43
2014-09-01,6.19,Mutton meat,Kyrgyzstan,Bishkek,RETAIL,Kg,kg,6.19
2014-10-01,5.96,Mutton meat,Kyrgyzstan,Bishkek,RETAIL,Kg,kg,5.96
2014-11-01,5.67,Mutton meat,Kyrgyzstan,Bishkek,RETAIL,Kg,kg,5.67
2014-12-01,5.54,Mutton meat,Kyrgyzstan,Bishkek,RETAIL,Kg,kg,5.54
2015-01-01,5.47,Mutton meat,Kyrgyzstan,Bishkek,RETAIL,Kg,kg,5.47
2015-02-01,5.36,Mutton meat,Kyrgyzstan,Bishkek,RETAIL,Kg,kg,5.36
2015-03-01,5.24,Mutton meat,Kyrgyzstan,Bishkek,RETAIL,Kg,kg,5.24
2015-04-01,5.2,Mutton meat,Kyrgyzstan,Bishkek,RETAIL,Kg,kg,5.2
2015-05-01,5.67,Mutton meat,Kyrgyzstan,Bishkek,RETAIL,Kg,kg,5.67
2015-06-01,5.61,Mutton meat,Kyrgyzstan,Bishkek,RETAIL,Kg,kg,5.61
2015-07-01,5.34,Mutton meat,Kyrgyzstan,Bishkek,RETAIL,Kg,kg,5.34
2015-08-01,5.16,Mutton meat,Kyrgyzstan,Bishkek,RETAIL,Kg,kg,5.16
2015-09-01,4.7,Mutton meat,Kyrgyzstan,Bishkek,RETAIL,Kg,kg,4.7
2015-10-01,4.5,Mutton meat,Kyrgyzstan,Bishkek,RETAIL,Kg,kg,4.5
2015-11-01,4.17,Mutton meat,Kyrgyzstan,Bishkek,RETAIL,Kg,kg,4.17
2015-12-01,3.9,Mutton meat,Kyrgyzstan,Bishkek,RETAIL,Kg,kg,3.9
2016-01-01,3.88,Mutton meat,Kyrgyzstan,Bishkek,RETAIL,Kg,kg,3.88
2016-02-01,3.95,Mutton meat,Kyrgyzstan,Bishkek,RETAIL,Kg,kg,3.95
2016-03-01,4.05,Mutton meat,Kyrgyzstan,Bishkek,RETAIL,Kg,kg,4.05
2016-04-01,4.12,Mutton meat,Kyrgyzstan,Bishkek,RETAIL,Kg,kg,4.12
2016-05-01,4.2,Mutton meat,Kyrgyzstan,Bishkek,RETAIL,Kg,kg,4.2
2016-06-01,4.33,Mutton meat,Kyrgyzstan,Bishkek,RETAIL,Kg,kg,4.33
2016-07-01,4.37,Mutton meat,Kyrgyzstan,Bishkek,RETAIL,Kg,kg,4.37
2016-08-01,4.14,Mutton meat,Kyrgyzstan,Bishkek,RETAIL,Kg,kg,4.14
2016-09-01,4.11,Mutton meat,Kyrgyzstan,Bishkek,RETAIL,Kg,kg,4.11
2016-10-01,4.16,Mutton meat,Kyrgyzstan,Bishkek,RETAIL,Kg,kg,4.16
2016-11-01,4.1,Mutton meat,Kyrgyzstan,Bishkek,RETAIL,Kg,kg,4.1
2016-12-01,4.1,Mutton meat,Kyrgyzstan,Bishkek,RETAIL,Kg,kg,4.1
2017-01-01,4.14,Mutton meat,Kyrgyzstan,Bishkek,RETAIL,Kg,kg,4.14
2017-02-01,4.15,Mutton meat,Kyrgyzstan,Bishkek,RETAIL,Kg,kg,4.15
2017-03-01,4.28,Mutton meat,Kyrgyzstan,Bishkek,RETAIL,Kg,kg,4.28
2017-04-01,4.35,Mutton meat,Kyrgyzstan,Bishkek,RETAIL,Kg,kg,4.35
2017-05-01,4.44,Mutton meat,Kyrgyzstan,Bishkek,RETAIL,Kg,kg,4.44
2017-06-01,4.49,Mutton meat,Kyrgyzstan,Bishkek,RETAIL,Kg,kg,4.49
2017-07-01,4.36,Mutton meat,Kyrgyzstan,Bishkek,RETAIL,Kg,kg,4.36
2017-08-01,4.29,Mutton meat,Kyrgyzstan,Bishkek,RETAIL,Kg,kg,4.29
2017-09-01,4.24,Mutton meat,Kyrgyzstan,Bishkek,RETAIL,Kg,kg,4.24
2017-10-01,4.26,Mutton meat,Kyrgyzstan,Bishkek,RETAIL,Kg,kg,4.26
2017-11-01,4.13,Mutton meat,Kyrgyzstan,Bishkek,RETAIL,Kg,kg,4.13
2017-12-01,4.05,Mutton meat,Kyrgyzstan,Bishkek,RETAIL,Kg,kg,4.05
2018-01-01,4.15,Mutton meat,Kyrgyzstan,Bishkek,RETAIL,Kg,kg,4.15
2018-02-01,4.21,Mutton meat,Kyrgyzstan,Bishkek,RETAIL,Kg,kg,4.21
2018-03-01,4.27,Mutton meat,Kyrgyzstan,Bishkek,RETAIL,Kg,kg,4.27
2018-04-01,4.27,Mutton meat,Kyrgyzstan,Bishkek,RETAIL,Kg,kg,4.27
2018-05-01,4.36,Mutton meat,Kyrgyzstan,Bishkek,RETAIL,Kg,kg,4.36
2018-06-01,4.43,Mutton meat,Kyrgyzstan,Bishkek,RETAIL,Kg,kg,4.43
2018-07-01,4.46,Mutton meat,Kyrgyzstan,Bishkek,RETAIL,Kg,kg,4.46
2018-08-01,4.39,Mutton meat,Kyrgyzstan,Bishkek,RETAIL,Kg,kg,4.39
2018-09-01,4.27,Mutton meat,Kyrgyzstan,Bishkek,RETAIL,Kg,kg,4.27
2018-10-01,4.14,Mutton meat,Kyrgyzstan,Bishkek,RETAIL,Kg,kg,4.14
2018-11-01,4.07,Mutton meat,Kyrgyzstan,Bishkek,RETAIL,Kg,kg,4.07
2018-12-01,4.08,Mutton meat,Kyrgyzstan,Bishkek,RETAIL,Kg,kg,4.08
2019-01-01,4.11,Mutton meat,Kyrgyzstan,Bishkek,RETAIL,Kg,kg,4.11
2019-02-01,4.14,Mutton meat,Kyrgyzstan,Bishkek,RETAIL,Kg,kg,4.14
2019-03-01,4.22,Mutton meat,Kyrgyzstan,Bishkek,RETAIL,Kg,kg,4.22
2019-04-01,4.25,Mutton meat,Kyrgyzstan,Bishkek,RETAIL,Kg,kg,4.25
2019-05-01,4.34,Mutton meat,Kyrgyzstan,Bishkek,RETAIL,Kg,kg,4.34
2019-06-01,4.35,Mutton meat,Kyrgyzstan,Bishkek,RETAIL,Kg,kg,4.35
2019-07-01,4.29,Mutton meat,Kyrgyzstan,Bishkek,RETAIL,Kg,kg,4.29
2019-08-01,4.29,Mutton meat,Kyrgyzstan,Bishkek,RETAIL,Kg,kg,4.29
2019-09-01,4.29,Mutton meat,Kyrgyzstan,Bishkek,RETAIL,Kg,kg,4.29
2019-10-01,4.34,Mutton meat,Kyrgyzstan,Bishkek,RETAIL,Kg,kg,4.34
2019-11-01,4.12,Mutton meat,Kyrgyzstan,Bishkek,RETAIL,Kg,kg,4.12
2019-12-01,4.15,Mutton meat,Kyrgyzstan,Bishkek,RETAIL,Kg,kg,4.15
2020-01-01,4.25,Mutton meat,Kyrgyzstan,Bishkek,RETAIL,Kg,kg,4.25
2020-02-01,4.45,Mutton meat,Kyrgyzstan,Bishkek,RETAIL,Kg,kg,4.45
2020-03-01,4.48,Mutton meat,Kyrgyzstan,Bishkek,RETAIL,Kg,kg,4.48
2020-04-01,4.37,Mutton meat,Kyrgyzstan,Bishkek,RETAIL,Kg,kg,4.37
2020-05-01,4.57,Mutton meat,Kyrgyzstan,Bishkek,RETAIL,Kg,kg,4.57
2020-06-01,4.63,Mutton meat,Kyrgyzstan,Bishkek,RETAIL,Kg,kg,4.63
2020-07-01,4.4,Mutton meat,Kyrgyzstan,Bishkek,RETAIL,Kg,kg,4.4
2020-08-01,4.44,Mutton meat,Kyrgyzstan,Bishkek,RETAIL,Kg,kg,4.44
2020-09-01,4.46,Mutton meat,Kyrgyzstan,Bishkek,RETAIL,Kg,kg,4.46
2020-10-01,4.74,Mutton meat,Kyrgyzstan,Bishkek,RETAIL,Kg,kg,4.74
2020-11-01,4.58,Mutton meat,Kyrgyzstan,Bishkek,RETAIL,Kg,kg,4.58
2020-12-01,4.77,Mutton meat,Kyrgyzstan,Bishkek,RETAIL,Kg,kg,4.77
2021-01-01,5.05,Mutton meat,Kyrgyzstan,Bishkek,RETAIL,Kg,kg,5.05
2021-02-01,5.15,Mutton meat,Kyrgyzstan,Bishkek,RETAIL,Kg,kg,5.15
2021-03-01,5.18,Mutton meat,Kyrgyzstan,Bishkek,RETAIL,Kg,kg,5.18
2021-04-01,5.23,Mutton meat,Kyrgyzstan,Bishkek,RETAIL,Kg,kg,5.23
2021-05-01,5.63,Mutton meat,Kyrgyzstan,Bishkek,RETAIL,Kg,kg,5.63
2021-06-01,5.74,Mutton meat,Kyrgyzstan,Bishkek,RETAIL,Kg,kg,5.74
2021-07-01,5.77,Mutton meat,Kyrgyzstan,Bishkek,RETAIL,Kg,kg,5.77
2021-08-01,5.73,Mutton meat,Kyrgyzstan,Bishkek,RETAIL,Kg,kg,5.73
2021-09-01,5.72,Mutton meat,Kyrgyzstan,Bishkek,RETAIL,Kg,kg,5.72
2021-10-01,5.76,Mutton meat,Kyrgyzstan,Bishkek,RETAIL,Kg,kg,5.76
2021-11-01,5.61,Mutton meat,Kyrgyzstan,Bishkek,RETAIL,Kg,kg,5.61
2021-12-01,5.43,Mutton meat,Kyrgyzstan,Bishkek,RETAIL,Kg,kg,5.43
2022-01-01,5.29,Mutton meat,Kyrgyzstan,Bishkek,RETAIL,Kg,kg,5.29
2022-02-01,5.24,Mutton meat,Kyrgyzstan,Bishkek,RETAIL,Kg,kg,5.24
2022-03-01,4.63,Mutton meat,Kyrgyzstan,Bishkek,RETAIL,Kg,kg,4.63
2022-04-01,5.57,Mutton meat,Kyrgyzstan,Bishkek,RETAIL,Kg,kg,5.57
2022-05-01,6.17,Mutton meat,Kyrgyzstan,Bishkek,RETAIL,Kg,kg,6.17
2022-06-01,6.47,Mutton meat,Kyrgyzstan,Bishkek,RETAIL,Kg,kg,6.47
2022-07-01,6.45,Mutton meat,Kyrgyzstan,Bishkek,RETAIL,Kg,kg,6.45
2022-08-01,6.43,Mutton meat,Kyrgyzstan,Bishkek,RETAIL,Kg,kg,6.43
2022-09-01,6.45,Mutton meat,Kyrgyzstan,Bishkek,RETAIL,Kg,kg,6.45
2022-10-01,6.35,Mutton meat,Kyrgyzstan,Bishkek,RETAIL,Kg,kg,6.35
2022-11-01,6.17,Mutton meat,Kyrgyzstan,Bishkek,RETAIL,Kg,kg,6.17
2022-12-01,6.04,Mutton meat,Kyrgyzstan,Bishkek,RETAIL,Kg,kg,6.04
2023-01-01,5.94,Mutton meat,Kyrgyzstan,Bishkek,RETAIL,Kg,kg,5.94
2023-02-01,5.87,Mutton meat,Kyrgyzstan,Bishkek,RETAIL,Kg,kg,5.87
2023-03-01,5.97,Mutton meat,Kyrgyzstan,Bishkek,RETAIL,Kg,kg,5.97
2023-04-01,6.18,Mutton meat,Kyrgyzstan,Bishkek,RETAIL,Kg,kg,6.18
2023-05-01,6.66,Mutton meat,Kyrgyzstan,Bishkek,RETAIL,Kg,kg,6.66
2023-06-01,6.9,Mutton meat,Kyrgyzstan,Bishkek,RETAIL,Kg,kg,6.9
2023-07-01,6.66,Mutton meat,Kyrgyzstan,Bishkek,RETAIL,Kg,kg,6.66
2023-08-01,6.63,Mutton meat,Kyrgyzstan,Bishkek,RETAIL,Kg,kg,6.63
2023-09-01,6.53,Mutton meat,Kyrgyzstan,Bishkek,RETAIL,Kg,kg,6.53
2023-10-01,6.36,Mutton meat,Kyrgyzstan,Bishkek,RETAIL,Kg,kg,6.36
2023-11-01,6.17,Mutton meat,Kyrgyzstan,Bishkek,RETAIL,Kg,kg,6.17
2023-12-01,6.06,Mutton meat,Kyrgyzstan,Bishkek,RETAIL,Kg,kg,6.06
2024-01-01,6.01,Mutton meat,Kyrgyzstan,Bishkek,RETAIL,Kg,kg,6.01
2024-02-01,6.03,Mutton meat,Kyrgyzstan,Bishkek,RETAIL,Kg,kg,6.03
2024-03-01,6.05,Mutton meat,Kyrgyzstan,Bishkek,RETAIL,Kg,kg,6.05
2024-04-01,6.13,Mutton meat,Kyrgyzstan,Bishkek,RETAIL,Kg,kg,6.13
2024-05-01,6.26,Mutton meat,Kyrgyzstan,Bishkek,RETAIL,Kg,kg,6.26
2024-06-01,6.44,Mutton meat,Kyrgyzstan,Bishkek,RETAIL,Kg,kg,6.44
2024-07-01,6.64,Mutton meat,Kyrgyzstan,Bishkek,RETAIL,Kg,kg,6.64
2024-08-01,6.72,Mutton meat,Kyrgyzstan,Bishkek,RETAIL,Kg,kg,6.72
2024-09-01,6.87,Mutton meat,Kyrgyzstan,Bishkek,RETAIL,Kg,kg,6.87
2024-10-01,6.76,Mutton meat,Kyrgyzstan,Bishkek,RETAIL,Kg,kg,6.76
2024-11-01,6.65,Mutton meat,Kyrgyzstan,Bishkek,RETAIL,Kg,kg,6.65
2024-12-01,6.6,Mutton meat,Kyrgyzstan,Bishkek,RETAIL,Kg,kg,6.6
2025-01-01,6.58,Mutton meat,Kyrgyzstan,Bishkek,RETAIL,Kg,kg,6.58
2025-02-01,6.73,Mutton meat,Kyrgyzstan,Bishkek,RETAIL,Kg,kg,6.73
2025-03-01,7.04,Mutton meat,Kyrgyzstan,Bishkek,RETAIL,Kg,kg,7.04
2025-04-01,7.42,Mutton meat,Kyrgyzstan,Bishkek,RETAIL,Kg,kg,7.42
2025-05-01,7.58,Mutton meat,Kyrgyzstan,Bishkek,RETAIL,Kg,kg,7.58
2025-06-01,7.67,Mutton meat,Kyrgyzstan,Bishkek,RETAIL,Kg,kg,7.67
2025-07-01,7.9,Mutton meat,Kyrgyzstan,Bishkek,RETAIL,Kg,kg,7.9
2025-08-01,7.95,Mutton meat,Kyrgyzstan,Bishkek,RETAIL,Kg,kg,7.95
2025-09-01,7.73,Mutton meat,Kyrgyzstan,Bishkek,RETAIL,Kg,kg,7.73
2025-10-01,7.81,Mutton meat,Kyrgyzstan,Bishkek,RETAIL,Kg,kg,7.81
2005-01-01,2.68,Mutton meat,Kyrgyzstan,Manas,RETAIL,Kg,kg,2.68
2005-02-01,2.68,Mutton meat,Kyrgyzstan,Manas,RETAIL,Kg,kg,2.68
2005-03-01,2.68,Mutton meat,Kyrgyzstan,Manas,RETAIL,Kg,kg,2.68
2005-04-01,2.67,Mutton meat,Kyrgyzstan,Manas,RETAIL,Kg,kg,2.67
2005-05-01,2.68,Mutton meat,Kyrgyzstan,Manas,RETAIL,Kg,kg,2.68
2005-06-01,2.73,Mutton meat,Kyrgyzstan,Manas,RETAIL,Kg,kg,2.73
2005-07-01,2.78,Mutton meat,Kyrgyzstan,Manas,RETAIL,Kg,kg,2.78
2005-08-01,2.78,Mutton meat,Kyrgyzstan,Manas,RETAIL,Kg,kg,2.78
2005-09-01,2.79,Mutton meat,Kyrgyzstan,Manas,RETAIL,Kg,kg,2.79
2005-10-01,2.79,Mutton meat,Kyrgyzstan,Manas,RETAIL,Kg,kg,2.79
2005-11-01,2.79,Mutton meat,Kyrgyzstan,Manas,RETAIL,Kg,kg,2.79
2005-12-01,2.91,Mutton meat,Kyrgyzstan,Manas,RETAIL,Kg,kg,2.91
2006-01-01,2.9,Mutton meat,Kyrgyzstan,Manas,RETAIL,Kg,kg,2.9
2006-02-01,2.9,Mutton meat,Kyrgyzstan,Manas,RETAIL,Kg,kg,2.9
2006-03-01,2.9,Mutton meat,Kyrgyzstan,Manas,RETAIL,Kg,kg,2.9
2006-04-01,2.92,Mutton meat,Kyrgyzstan,Manas,RETAIL,Kg,kg,2.92
2006-05-01,2.95,Mutton meat,Kyrgyzstan,Manas,RETAIL,Kg,kg,2.95
2006-06-01,2.97,Mutton meat,Kyrgyzstan,Manas,RETAIL,Kg,kg,2.97
2006-07-01,3.25,Mutton meat,Kyrgyzstan,Manas,RETAIL,Kg,kg,3.25
2006-08-01,3.28,Mutton meat,Kyrgyzstan,Manas,RETAIL,Kg,kg,3.28
2006-09-01,3.31,Mutton meat,Kyrgyzstan,Manas,RETAIL,Kg,kg,3.31
2006-10-01,3.32,Mutton meat,Kyrgyzstan,Manas,RETAIL,Kg,kg,3.32
2006-11-01,3.34,Mutton meat,Kyrgyzstan,Manas,RETAIL,Kg,kg,3.34
2006-12-01,3.43,Mutton meat,Kyrgyzstan,Manas,RETAIL,Kg,kg,3.43
2007-01-01,3.52,Mutton meat,Kyrgyzstan,Manas,RETAIL,Kg,kg,3.52
2007-02-01,3.43,Mutton meat,Kyrgyzstan,Manas,RETAIL,Kg,kg,3.43
2007-03-01,3.47,Mutton meat,Kyrgyzstan,Manas,RETAIL,Kg,kg,3.47
2007-04-01,3.58,Mutton meat,Kyrgyzstan,Manas,RETAIL,Kg,kg,3.58
2007-05-01,3.69,Mutton meat,Kyrgyzstan,Manas,RETAIL,Kg,kg,3.69
2007-06-01,3.95,Mutton meat,Kyrgyzstan,Manas,RETAIL,Kg,kg,3.95
2007-07-01,4.22,Mutton meat,Kyrgyzstan,Manas,RETAIL,Kg,kg,4.22
2007-08-01,4.23,Mutton meat,Kyrgyzstan,Manas,RETAIL,Kg,kg,4.23
2007-09-01,4.26,Mutton meat,Kyrgyzstan,Manas,RETAIL,Kg,kg,4.26
2007-10-01,4.51,Mutton meat,Kyrgyzstan,Manas,RETAIL,Kg,kg,4.51
2007-11-01,4.59,Mutton meat,Kyrgyzstan,Manas,RETAIL,Kg,kg,4.59
2007-12-01,4.57,Mutton meat,Kyrgyzstan,Manas,RETAIL,Kg,kg,4.57
2008-01-01,4.47,Mutton meat,Kyrgyzstan,Manas,RETAIL,Kg,kg,4.47
2008-02-01,4.44,Mutton meat,Kyrgyzstan,Manas,RETAIL,Kg,kg,4.44
2008-03-01,4.42,Mutton meat,Kyrgyzstan,Manas,RETAIL,Kg,kg,4.42
2008-04-01,4.53,Mutton meat,Kyrgyzstan,Manas,RETAIL,Kg,kg,4.53
2008-05-01,4.88,Mutton meat,Kyrgyzstan,Manas,RETAIL,Kg,kg,4.88
2008-06-01,4.98,Mutton meat,Kyrgyzstan,Manas,RETAIL,Kg,kg,4.98
2008-07-01,5.07,Mutton meat,Kyrgyzstan,Manas,RETAIL,Kg,kg,5.07
2008-08-01,5.16,Mutton meat,Kyrgyzstan,Manas,RETAIL,Kg,kg,5.16
2008-09-01,4.95,Mutton meat,Kyrgyzstan,Manas,RETAIL,Kg,kg,4.95
2008-10-01,4.82,Mutton meat,Kyrgyzstan,Manas,RETAIL,Kg,kg,4.82
2008-11-01,4.61,Mutton meat,Kyrgyzstan,Manas,RETAIL,Kg,kg,4.61
2008-12-01,4.57,Mutton meat,Kyrgyzstan,Manas,RETAIL,Kg,kg,4.57
2009-01-01,4.57,Mutton meat,Kyrgyzstan,Manas,RETAIL,Kg,kg,4.57
2009-02-01,4.65,Mutton meat,Kyrgyzstan,Manas,RETAIL,Kg,kg,4.65
2009-03-01,4.52,Mutton meat,Kyrgyzstan,Manas,RETAIL,Kg,kg,4.52
2009-04-01,4.42,Mutton meat,Kyrgyzstan,Manas,RETAIL,Kg,kg,4.42
2009-05-01,4.4,Mutton meat,Kyrgyzstan,Manas,RETAIL,Kg,kg,4.4
2009-06-01,4.39,Mutton meat,Kyrgyzstan,Manas,RETAIL,Kg,kg,4.39
2009-07-01,4.38,Mutton meat,Kyrgyzstan,Manas,RETAIL,Kg,kg,4.38
2009-08-01,4.34,Mutton meat,Kyrgyzstan,Manas,RETAIL,Kg,kg,4.34
2009-09-01,4.13,Mutton meat,Kyrgyzstan,Manas,RETAIL,Kg,kg,4.13
2009-10-01,4.12,Mutton meat,Kyrgyzstan,Manas,RETAIL,Kg,kg,4.12
2009-11-01,4.11,Mutton meat,Kyrgyzstan,Manas,RETAIL,Kg,kg,4.11
2009-12-01,4.09,Mutton meat,Kyrgyzstan,Manas,RETAIL,Kg,kg,4.09
2010-01-01,4.07,Mutton meat,Kyrgyzstan,Manas,RETAIL,Kg,kg,4.07
2010-02-01,4.03,Mutton meat,Kyrgyzstan,Manas,RETAIL,Kg,kg,4.03
2010-03-01,4.01,Mutton meat,Kyrgyzstan,Manas,RETAIL,Kg,kg,4.01
2010-04-01,3.97,Mutton meat,Kyrgyzstan,Manas,RETAIL,Kg,kg,3.97
2010-05-01,3.93,Mutton meat,Kyrgyzstan,Manas,RETAIL,Kg,kg,3.93
2010-06-01,3.9,Mutton meat,Kyrgyzstan,Manas,RETAIL,Kg,kg,3.9
2010-07-01,4.06,Mutton meat,Kyrgyzstan,Manas,RETAIL,Kg,kg,4.06
2010-08-01,4.08,Mutton meat,Kyrgyzstan,Manas,RETAIL,Kg,kg,4.08
2010-09-01,4.06,Mutton meat,Kyrgyzstan,Manas,RETAIL,Kg,kg,4.06
2010-10-01,4.13,Mutton meat,Kyrgyzstan,Manas,RETAIL,Kg,kg,4.13
2010-11-01,4.54,Mutton meat,Kyrgyzstan,Manas,RETAIL,Kg,kg,4.54
2010-12-01,5.08,Mutton meat,Kyrgyzstan,Manas,RETAIL,Kg,kg,5.08
2011-01-01,5.55,Mutton meat,Kyrgyzstan,Manas,RETAIL,Kg,kg,5.55
2011-02-01,5.69,Mutton meat,Kyrgyzstan,Manas,RETAIL,Kg,kg,5.69
2011-03-01,5.69,Mutton meat,Kyrgyzstan,Manas,RETAIL,Kg,kg,5.69
2011-04-01,5.74,Mutton meat,Kyrgyzstan,Manas,RETAIL,Kg,kg,5.74
2011-05-01,5.83,Mutton meat,Kyrgyzstan,Manas,RETAIL,Kg,kg,5.83
2011-06-01,6.33,Mutton meat,Kyrgyzstan,Manas,RETAIL,Kg,kg,6.33
2011-07-01,6.66,Mutton meat,Kyrgyzstan,Manas,RETAIL,Kg,kg,6.66
2011-08-01,6.62,Mutton meat,Kyrgyzstan,Manas,RETAIL,Kg,kg,6.62
2011-09-01,6.51,Mutton meat,Kyrgyzstan,Manas,RETAIL,Kg,kg,6.51
2011-10-01,6.6,Mutton meat,Kyrgyzstan,Manas,RETAIL,Kg,kg,6.6
2011-11-01,6.49,Mutton meat,Kyrgyzstan,Manas,RETAIL,Kg,kg,6.49
2011-12-01,6.44,Mutton meat,Kyrgyzstan,Manas,RETAIL,Kg,kg,6.44
2012-01-01,6.43,Mutton meat,Kyrgyzstan,Manas,RETAIL,Kg,kg,6.43
2012-02-01,6.41,Mutton meat,Kyrgyzstan,Manas,RETAIL,Kg,kg,6.41
2012-03-01,6.43,Mutton meat,Kyrgyzstan,Manas,RETAIL,Kg,kg,6.43
2012-04-01,6.41,Mutton meat,Kyrgyzstan,Manas,RETAIL,Kg,kg,6.41
2012-05-01,6.76,Mutton meat,Kyrgyzstan,Manas,RETAIL,Kg,kg,6.76
2012-06-01,6.78,Mutton meat,Kyrgyzstan,Manas,RETAIL,Kg,kg,6.78
2012-07-01,6.78,Mutton meat,Kyrgyzstan,Manas,RETAIL,Kg,kg,6.78
2012-08-01,6.62,Mutton meat,Kyrgyzstan,Manas,RETAIL,Kg,kg,6.62
2012-09-01,6.32,Mutton meat,Kyrgyzstan,Manas,RETAIL,Kg,kg,6.32
2012-10-01,6.26,Mutton meat,Kyrgyzstan,Manas,RETAIL,Kg,kg,6.26
2012-11-01,6.14,Mutton meat,Kyrgyzstan,Manas,RETAIL,Kg,kg,6.14
2012-12-01,6.12,Mutton meat,Kyrgyzstan,Manas,RETAIL,Kg,kg,6.12
2013-01-01,6.1,Mutton meat,Kyrgyzstan,Manas,RETAIL,Kg,kg,6.1
2013-02-01,6.23,Mutton meat,Kyrgyzstan,Manas,RETAIL,Kg,kg,6.23
2013-03-01,6.27,Mutton meat,Kyrgyzstan,Manas,RETAIL,Kg,kg,6.27
2013-04-01,6.22,Mutton meat,Kyrgyzstan,Manas,RETAIL,Kg,kg,6.22
2013-05-01,6.23,Mutton meat,Kyrgyzstan,Manas,RETAIL,Kg,kg,6.23
2013-06-01,6.19,Mutton meat,Kyrgyzstan,Manas,RETAIL,Kg,kg,6.19
2013-07-01,6.14,Mutton meat,Kyrgyzstan,Manas,RETAIL,Kg,kg,6.14
2013-08-01,6.16,Mutton meat,Kyrgyzstan,Manas,RETAIL,Kg,kg,6.16
2013-09-01,6.13,Mutton meat,Kyrgyzstan,Manas,RETAIL,Kg,kg,6.13
2013-10-01,6.16,Mutton meat,Kyrgyzstan,Manas,RETAIL,Kg,kg,6.16
2013-11-01,6.15,Mutton meat,Kyrgyzstan,Manas,RETAIL,Kg,kg,6.15
2013-12-01,6.4,Mutton meat,Kyrgyzstan,Manas,RETAIL,Kg,kg,6.4
2014-01-01,6.42,Mutton meat,Kyrgyzstan,Manas,RETAIL,Kg,kg,6.42
2014-02-01,6.22,Mutton meat,Kyrgyzstan,Manas,RETAIL,Kg,kg,6.22
2014-03-01,5.88,Mutton meat,Kyrgyzstan,Manas,RETAIL,Kg,kg,5.88
2014-04-01,5.97,Mutton meat,Kyrgyzstan,Manas,RETAIL,Kg,kg,5.97
2014-05-01,6.42,Mutton meat,Kyrgyzstan,Manas,RETAIL,Kg,kg,6.42
2014-06-01,6.54,Mutton meat,Kyrgyzstan,Manas,RETAIL,Kg,kg,6.54
2014-07-01,6.68,Mutton meat,Kyrgyzstan,Manas,RETAIL,Kg,kg,6.68
2014-08-01,6.76,Mutton meat,Kyrgyzstan,Manas,RETAIL,Kg,kg,6.76
2014-09-01,6.55,Mutton meat,Kyrgyzstan,Manas,RETAIL,Kg,kg,6.55
2014-10-01,6.46,Mutton meat,Kyrgyzstan,Manas,RETAIL,Kg,kg,6.46
2014-11-01,6.2,Mutton meat,Kyrgyzstan,Manas,RETAIL,Kg,kg,6.2
2014-12-01,6.15,Mutton meat,Kyrgyzstan,Manas,RETAIL,Kg,kg,6.15
2015-01-01,6.0,Mutton meat,Kyrgyzstan,Manas,RETAIL,Kg,kg,6.0
2015-02-01,5.87,Mutton meat,Kyrgyzstan,Manas,RETAIL,Kg,kg,5.87
2015-03-01,5.62,Mutton meat,Kyrgyzstan,Manas,RETAIL,Kg,kg,5.62
2015-04-01,5.55,Mutton meat,Kyrgyzstan,Manas,RETAIL,Kg,kg,5.55
2015-05-01,5.83,Mutton meat,Kyrgyzstan,Manas,RETAIL,Kg,kg,5.83
2015-06-01,5.48,Mutton meat,Kyrgyzstan,Manas,RETAIL,Kg,kg,5.48
2015-07-01,5.28,Mutton meat,Kyrgyzstan,Manas,RETAIL,Kg,kg,5.28
2015-08-01,5.23,Mutton meat,Kyrgyzstan,Manas,RETAIL,Kg,kg,5.23
2015-09-01,4.8,Mutton meat,Kyrgyzstan,Manas,RETAIL,Kg,kg,4.8
2015-10-01,4.59,Mutton meat,Kyrgyzstan,Manas,RETAIL,Kg,kg,4.59
2015-11-01,4.35,Mutton meat,Kyrgyzstan,Manas,RETAIL,Kg,kg,4.35
2015-12-01,4.07,Mutton meat,Kyrgyzstan,Manas,RETAIL,Kg,kg,4.07
2016-01-01,3.94,Mutton meat,Kyrgyzstan,Manas,RETAIL,Kg,kg,3.94
2016-02-01,3.75,Mutton meat,Kyrgyzstan,Manas,RETAIL,Kg,kg,3.75
2016-03-01,3.76,Mutton meat,Kyrgyzstan,Manas,RETAIL,Kg,kg,3.76
2016-04-01,3.9,Mutton meat,Kyrgyzstan,Manas,RETAIL,Kg,kg,3.9
2016-05-01,4.39,Mutton meat,Kyrgyzstan,Manas,RETAIL,Kg,kg,4.39
2016-06-01,4.42,Mutton meat,Kyrgyzstan,Manas,RETAIL,Kg,kg,4.42
2016-07-01,4.46,Mutton meat,Kyrgyzstan,Manas,RETAIL,Kg,kg,4.46
2016-08-01,4.37,Mutton meat,Kyrgyzstan,Manas,RETAIL,Kg,kg,4.37
2016-09-01,4.36,Mutton meat,Kyrgyzstan,Manas,RETAIL,Kg,kg,4.36
2016-10-01,4.37,Mutton meat,Kyrgyzstan,Manas,RETAIL,Kg,kg,4.37
2016-11-01,4.15,Mutton meat,Kyrgyzstan,Manas,RETAIL,Kg,kg,4.15
2016-12-01,4.12,Mutton meat,Kyrgyzstan,Manas,RETAIL,Kg,kg,4.12
2017-01-01,4.14,Mutton meat,Kyrgyzstan,Manas,RETAIL,Kg,kg,4.14
2017-02-01,4.23,Mutton meat,Kyrgyzstan,Manas,RETAIL,Kg,kg,4.23
2017-03-01,4.17,Mutton meat,Kyrgyzstan,Manas,RETAIL,Kg,kg,4.17
2017-04-01,4.31,Mutton meat,Kyrgyzstan,Manas,RETAIL,Kg,kg,4.31
2017-05-01,4.38,Mutton meat,Kyrgyzstan,Manas,RETAIL,Kg,kg,4.38
2017-06-01,4.38,Mutton meat,Kyrgyzstan,Manas,RETAIL,Kg,kg,4.38
2017-07-01,4.6,Mutton meat,Kyrgyzstan,Manas,RETAIL,Kg,kg,4.6
2017-08-01,4.65,Mutton meat,Kyrgyzstan,Manas,RETAIL,Kg,kg,4.65
2017-09-01,4.67,Mutton meat,Kyrgyzstan,Manas,RETAIL,Kg,kg,4.67
2017-10-01,4.55,Mutton meat,Kyrgyzstan,Manas,RETAIL,Kg,kg,4.55
2017-11-01,4.59,Mutton meat,Kyrgyzstan,Manas,RETAIL,Kg,kg,4.59
2017-12-01,4.43,Mutton meat,Kyrgyzstan,Manas,RETAIL,Kg,kg,4.43
2018-01-01,4.46,Mutton meat,Kyrgyzstan,Manas,RETAIL,Kg,kg,4.46
2018-02-01,4.47,Mutton meat,Kyrgyzstan,Manas,RETAIL,Kg,kg,4.47
2018-03-01,4.48,Mutton meat,Kyrgyzstan,Manas,RETAIL,Kg,kg,4.48
2018-04-01,4.47,Mutton meat,Kyrgyzstan,Manas,RETAIL,Kg,kg,4.47
2018-05-01,4.54,Mutton meat,Kyrgyzstan,Manas,RETAIL,Kg,kg,4.54
2018-06-01,4.56,Mutton meat,Kyrgyzstan,Manas,RETAIL,Kg,kg,4.56
2018-07-01,4.65,Mutton meat,Kyrgyzstan,Manas,RETAIL,Kg,kg,4.65
2018-08-01,4.66,Mutton meat,Kyrgyzstan,Manas,RETAIL,Kg,kg,4.66
2018-09-01,4.62,Mutton meat,Kyrgyzstan,Manas,RETAIL,Kg,kg,4.62
2018-10-01,4.67,Mutton meat,Kyrgyzstan,Manas,RETAIL,Kg,kg,4.67
2018-11-01,4.58,Mutton meat,Kyrgyzstan,Manas,RETAIL,Kg,kg,4.58
2018-12-01,4.59,Mutton meat,Kyrgyzstan,Manas,RETAIL,Kg,kg,4.59
2019-01-01,4.6,Mutton meat,Kyrgyzstan,Manas,RETAIL,Kg,kg,4.6
2019-02-01,4.6,Mutton meat,Kyrgyzstan,Manas,RETAIL,Kg,kg,4.6
2019-03-01,4.59,Mutton meat,Kyrgyzstan,Manas,RETAIL,Kg,kg,4.59
2019-04-01,4.6,Mutton meat,Kyrgyzstan,Manas,RETAIL,Kg,kg,4.6
2019-05-01,4.81,Mutton meat,Kyrgyzstan,Manas,RETAIL,Kg,kg,4.81
2019-06-01,4.88,Mutton meat,Kyrgyzstan,Manas,RETAIL,Kg,kg,4.88
2019-07-01,4.96,Mutton meat,Kyrgyzstan,Manas,RETAIL,Kg,kg,4.96
2019-08-01,5.01,Mutton meat,Kyrgyzstan,Manas,RETAIL,Kg,kg,5.01
2019-09-01,5.01,Mutton meat,Kyrgyzstan,Manas,RETAIL,Kg,kg,5.01
2019-10-01,5.01,Mutton meat,Kyrgyzstan,Manas,RETAIL,Kg,kg,5.01
2019-11-01,5.01,Mutton meat,Kyrgyzstan,Manas,RETAIL,Kg,kg,5.01
2019-12-01,5.01,Mutton meat,Kyrgyzstan,Manas,RETAIL,Kg,kg,5.01
2020-01-01,5.02,Mutton meat,Kyrgyzstan,Manas,RETAIL,Kg,kg,5.02
2020-02-01,5.1,Mutton meat,Kyrgyzstan,Manas,RETAIL,Kg,kg,5.1
2020-03-01,4.82,Mutton meat,Kyrgyzstan,Manas,RETAIL,Kg,kg,4.82
2020-04-01,4.45,Mutton meat,Kyrgyzstan,Manas,RETAIL,Kg,kg,4.45
2020-05-01,4.7,Mutton meat,Kyrgyzstan,Manas,RETAIL,Kg,kg,4.7
2020-06-01,4.83,Mutton meat,Kyrgyzstan,Manas,RETAIL,Kg,kg,4.83
2020-07-01,4.7,Mutton meat,Kyrgyzstan,Manas,RETAIL,Kg,kg,4.7
2020-08-01,4.82,Mutton meat,Kyrgyzstan,Manas,RETAIL,Kg,kg,4.82
2020-09-01,5.1,Mutton meat,Kyrgyzstan,Manas,RETAIL,Kg,kg,5.1
2020-10-01,5.17,Mutton meat,Kyrgyzstan,Manas,RETAIL,Kg,kg,5.17
2020-11-01,5.23,Mutton meat,Kyrgyzstan,Manas,RETAIL,Kg,kg,5.23
2020-12-01,5.26,Mutton meat,Kyrgyzstan,Manas,RETAIL,Kg,kg,5.26
2021-01-01,5.35,Mutton meat,Kyrgyzstan,Manas,RETAIL,Kg,kg,5.35
2021-02-01,5.39,Mutton meat,Kyrgyzstan,Manas,RETAIL,Kg,kg,5.39
2021-03-01,5.42,Mutton meat,Kyrgyzstan,Manas,RETAIL,Kg,kg,5.42
2021-04-01,5.57,Mutton meat,Kyrgyzstan,Manas,RETAIL,Kg,kg,5.57
2021-05-01,5.93,Mutton meat,Kyrgyzstan,Manas,RETAIL,Kg,kg,5.93
2021-06-01,5.93,Mutton meat,Kyrgyzstan,Manas,RETAIL,Kg,kg,5.93
2021-07-01,6.32,Mutton meat,Kyrgyzstan,Manas,RETAIL,Kg,kg,6.32
2021-08-01,6.26,Mutton meat,Kyrgyzstan,Manas,RETAIL,Kg,kg,6.26
2021-09-01,6.21,Mutton meat,Kyrgyzstan,Manas,RETAIL,Kg,kg,6.21
2021-10-01,5.98,Mutton meat,Kyrgyzstan,Manas,RETAIL,Kg,kg,5.98
2021-11-01,6.15,Mutton meat,Kyrgyzstan,Manas,RETAIL,Kg,kg,6.15
2021-12-01,6.06,Mutton meat,Kyrgyzstan,Manas,RETAIL,Kg,kg,6.06
2022-01-01,5.92,Mutton meat,Kyrgyzstan,Manas,RETAIL,Kg,kg,5.92
2022-02-01,5.85,Mutton meat,Kyrgyzstan,Manas,RETAIL,Kg,kg,5.85
2022-03-01,5.24,Mutton meat,Kyrgyzstan,Manas,RETAIL,Kg,kg,5.24
2022-04-01,6.3,Mutton meat,Kyrgyzstan,Manas,RETAIL,Kg,kg,6.3
2022-05-01,6.72,Mutton meat,Kyrgyzstan,Manas,RETAIL,Kg,kg,6.72
2022-06-01,6.91,Mutton meat,Kyrgyzstan,Manas,RETAIL,Kg,kg,6.91
2022-07-01,6.89,Mutton meat,Kyrgyzstan,Manas,RETAIL,Kg,kg,6.89
2022-08-01,7.01,Mutton meat,Kyrgyzstan,Manas,RETAIL,Kg,kg,7.01
2022-09-01,7.01,Mutton meat,Kyrgyzstan,Manas,RETAIL,Kg,kg,7.01
2022-10-01,6.97,Mutton meat,Kyrgyzstan,Manas,RETAIL,Kg,kg,6.97
2022-11-01,6.81,Mutton meat,Kyrgyzstan,Manas,RETAIL,Kg,kg,6.81
2022-12-01,6.77,Mutton meat,Kyrgyzstan,Manas,RETAIL,Kg,kg,6.77
2023-01-01,6.69,Mutton meat,Kyrgyzstan,Manas,RETAIL,Kg,kg,6.69
2023-02-01,6.61,Mutton meat,Kyrgyzstan,Manas,RETAIL,Kg,kg,6.61
2023-03-01,6.57,Mutton meat,Kyrgyzstan,Manas,RETAIL,Kg,kg,6.57
2023-04-01,6.62,Mutton meat,Kyrgyzstan,Manas,RETAIL,Kg,kg,6.62
2023-05-01,6.86,Mutton meat,Kyrgyzstan,Manas,RETAIL,Kg,kg,6.86
2023-06-01,6.86,Mutton meat,Kyrgyzstan,Manas,RETAIL,Kg,kg,6.86
2023-07-01,6.84,Mutton meat,Kyrgyzstan,Manas,RETAIL,Kg,kg,6.84
2023-08-01,6.81,Mutton meat,Kyrgyzstan,Manas,RETAIL,Kg,kg,6.81
2023-09-01,6.78,Mutton meat,Kyrgyzstan,Manas,RETAIL,Kg,kg,6.78
2023-10-01,6.73,Mutton meat,Kyrgyzstan,Manas,RETAIL,Kg,kg,6.73
2023-11-01,6.73,Mutton meat,Kyrgyzstan,Manas,RETAIL,Kg,kg,6.73
2023-12-01,6.73,Mutton meat,Kyrgyzstan,Manas,RETAIL,Kg,kg,6.73
2024-01-01,6.7,Mutton meat,Kyrgyzstan,Manas,RETAIL,Kg,kg,6.7
2024-02-01,6.68,Mutton meat,Kyrgyzstan,Manas,RETAIL,Kg,kg,6.68
2024-03-01,6.64,Mutton meat,Kyrgyzstan,Manas,RETAIL,Kg,kg,6.64
2024-04-01,6.61,Mutton meat,Kyrgyzstan,Manas,RETAIL,Kg,kg,6.61
2024-05-01,6.75,Mutton meat,Kyrgyzstan,Manas,RETAIL,Kg,kg,6.75
2024-06-01,6.88,Mutton meat,Kyrgyzstan,Manas,RETAIL,Kg,kg,6.88
2024-07-01,7.06,Mutton meat,Kyrgyzstan,Manas,RETAIL,Kg,kg,7.06
2024-08-01,7.15,Mutton meat,Kyrgyzstan,Manas,RETAIL,Kg,kg,7.15
2024-09-01,7.26,Mutton meat,Kyrgyzstan,Manas,RETAIL,Kg,kg,7.26
2024-10-01,7.05,Mutton meat,Kyrgyzstan,Manas,RETAIL,Kg,kg,7.05
2024-11-01,7.1,Mutton meat,Kyrgyzstan,Manas,RETAIL,Kg,kg,7.1
2024-12-01,7.14,Mutton meat,Kyrgyzstan,Manas,RETAIL,Kg,kg,7.14
2025-01-01,7.45,Mutton meat,Kyrgyzstan,Manas,RETAIL,Kg,kg,7.45
2025-02-01,7.43,Mutton meat,Kyrgyzstan,Manas,RETAIL,Kg,kg,7.43
2025-03-01,7.48,Mutton meat,Kyrgyzstan,Manas,RETAIL,Kg,kg,7.48
2025-04-01,7.46,Mutton meat,Kyrgyzstan,Manas,RETAIL,Kg,kg,7.46
2025-05-01,7.43,Mutton meat,Kyrgyzstan,Manas,RETAIL,Kg,kg,7.43
2025-06-01,7.48,Mutton meat,Kyrgyzstan,Manas,RETAIL,Kg,kg,7.48
2025-07-01,7.57,Mutton meat,Kyrgyzstan,Manas,RETAIL,Kg,kg,7.57
2025-08-01,8.01,Mutton meat,Kyrgyzstan,Manas,RETAIL,Kg,kg,8.01
2025-09-01,7.99,Mutton meat,Kyrgyzstan,Manas,RETAIL,Kg,kg,7.99
2025-10-01,7.9,Mutton meat,Kyrgyzstan,Manas,RETAIL,Kg,kg,7.9
2005-01-01,2.62,Mutton meat,Kyrgyzstan,Naryn,RETAIL,Kg,kg,2.62
2005-02-01,2.68,Mutton meat,Kyrgyzstan,Naryn,RETAIL,Kg,kg,2.68
2005-03-01,2.71,Mutton meat,Kyrgyzstan,Naryn,RETAIL,Kg,kg,2.71
2005-04-01,2.71,Mutton meat,Kyrgyzstan,Naryn,RETAIL,Kg,kg,2.71
2005-05-01,3.02,Mutton meat,Kyrgyzstan,Naryn,RETAIL,Kg,kg,3.02
2005-06-01,3.02,Mutton meat,Kyrgyzstan,Naryn,RETAIL,Kg,kg,3.02
2005-07-01,2.77,Mutton meat,Kyrgyzstan,Naryn,RETAIL,Kg,kg,2.77
2005-08-01,2.56,Mutton meat,Kyrgyzstan,Naryn,RETAIL,Kg,kg,2.56
2005-09-01,2.44,Mutton meat,Kyrgyzstan,Naryn,RETAIL,Kg,kg,2.44
2005-10-01,2.45,Mutton meat,Kyrgyzstan,Naryn,RETAIL,Kg,kg,2.45
2005-11-01,2.45,Mutton meat,Kyrgyzstan,Naryn,RETAIL,Kg,kg,2.45
2005-12-01,2.67,Mutton meat,Kyrgyzstan,Naryn,RETAIL,Kg,kg,2.67
2006-01-01,2.84,Mutton meat,Kyrgyzstan,Naryn,RETAIL,Kg,kg,2.84
2006-02-01,2.9,Mutton meat,Kyrgyzstan,Naryn,RETAIL,Kg,kg,2.9
2006-03-01,2.9,Mutton meat,Kyrgyzstan,Naryn,RETAIL,Kg,kg,2.9
2006-04-01,3.21,Mutton meat,Kyrgyzstan,Naryn,RETAIL,Kg,kg,3.21
2006-05-01,3.35,Mutton meat,Kyrgyzstan,Naryn,RETAIL,Kg,kg,3.35
2006-06-01,3.22,Mutton meat,Kyrgyzstan,Naryn,RETAIL,Kg,kg,3.22
2006-07-01,3.25,Mutton meat,Kyrgyzstan,Naryn,RETAIL,Kg,kg,3.25
2006-08-01,3.28,Mutton meat,Kyrgyzstan,Naryn,RETAIL,Kg,kg,3.28
2006-09-01,3.09,Mutton meat,Kyrgyzstan,Naryn,RETAIL,Kg,kg,3.09
2006-10-01,3.03,Mutton meat,Kyrgyzstan,Naryn,RETAIL,Kg,kg,3.03
2006-11-01,3.08,Mutton meat,Kyrgyzstan,Naryn,RETAIL,Kg,kg,3.08
2006-12-01,3.24,Mutton meat,Kyrgyzstan,Naryn,RETAIL,Kg,kg,3.24
2007-01-01,3.39,Mutton meat,Kyrgyzstan,Naryn,RETAIL,Kg,kg,3.39
2007-02-01,3.36,Mutton meat,Kyrgyzstan,Naryn,RETAIL,Kg,kg,3.36
2007-03-01,3.41,Mutton meat,Kyrgyzstan,Naryn,RETAIL,Kg,kg,3.41
2007-04-01,3.72,Mutton meat,Kyrgyzstan,Naryn,RETAIL,Kg,kg,3.72
2007-05-01,4.12,Mutton meat,Kyrgyzstan,Naryn,RETAIL,Kg,kg,4.12
2007-06-01,4.0,Mutton meat,Kyrgyzstan,Naryn,RETAIL,Kg,kg,4.0
2007-07-01,3.96,Mutton meat,Kyrgyzstan,Naryn,RETAIL,Kg,kg,3.96
2007-08-01,3.97,Mutton meat,Kyrgyzstan,Naryn,RETAIL,Kg,kg,3.97
2007-09-01,4.0,Mutton meat,Kyrgyzstan,Naryn,RETAIL,Kg,kg,4.0
2007-10-01,4.15,Mutton meat,Kyrgyzstan,Naryn,RETAIL,Kg,kg,4.15
2007-11-01,4.25,Mutton meat,Kyrgyzstan,Naryn,RETAIL,Kg,kg,4.25
2007-12-01,4.25,Mutton meat,Kyrgyzstan,Naryn,RETAIL,Kg,kg,4.25
2008-01-01,4.42,Mutton meat,Kyrgyzstan,Naryn,RETAIL,Kg,kg,4.42
2008-02-01,4.61,Mutton meat,Kyrgyzstan,Naryn,RETAIL,Kg,kg,4.61
2008-03-01,4.58,Mutton meat,Kyrgyzstan,Naryn,RETAIL,Kg,kg,4.58
2008-04-01,4.77,Mutton meat,Kyrgyzstan,Naryn,RETAIL,Kg,kg,4.77
2008-05-01,5.33,Mutton meat,Kyrgyzstan,Naryn,RETAIL,Kg,kg,5.33
2008-06-01,5.45,Mutton meat,Kyrgyzstan,Naryn,RETAIL,Kg,kg,5.45
2008-07-01,5.53,Mutton meat,Kyrgyzstan,Naryn,RETAIL,Kg,kg,5.53
2008-08-01,4.36,Mutton meat,Kyrgyzstan,Naryn,RETAIL,Kg,kg,4.36
2008-09-01,4.24,Mutton meat,Kyrgyzstan,Naryn,RETAIL,Kg,kg,4.24
2008-10-01,3.87,Mutton meat,Kyrgyzstan,Naryn,RETAIL,Kg,kg,3.87
2008-11-01,3.61,Mutton meat,Kyrgyzstan,Naryn,RETAIL,Kg,kg,3.61
2008-12-01,3.75,Mutton meat,Kyrgyzstan,Naryn,RETAIL,Kg,kg,3.75
2009-01-01,4.07,Mutton meat,Kyrgyzstan,Naryn,RETAIL,Kg,kg,4.07
2009-02-01,3.99,Mutton meat,Kyrgyzstan,Naryn,RETAIL,Kg,kg,3.99
2009-03-01,3.88,Mutton meat,Kyrgyzstan,Naryn,RETAIL,Kg,kg,3.88
2009-04-01,3.85,Mutton meat,Kyrgyzstan,Naryn,RETAIL,Kg,kg,3.85
2009-05-01,4.21,Mutton meat,Kyrgyzstan,Naryn,RETAIL,Kg,kg,4.21
2009-06-01,4.04,Mutton meat,Kyrgyzstan,Naryn,RETAIL,Kg,kg,4.04
2009-07-01,3.65,Mutton meat,Kyrgyzstan,Naryn,RETAIL,Kg,kg,3.65
2009-08-01,3.48,Mutton meat,Kyrgyzstan,Naryn,RETAIL,Kg,kg,3.48
2009-09-01,3.45,Mutton meat,Kyrgyzstan,Naryn,RETAIL,Kg,kg,3.45
2009-10-01,3.48,Mutton meat,Kyrgyzstan,Naryn,RETAIL,Kg,kg,3.48
2009-11-01,3.41,Mutton meat,Kyrgyzstan,Naryn,RETAIL,Kg,kg,3.41
2009-12-01,3.34,Mutton meat,Kyrgyzstan,Naryn,RETAIL,Kg,kg,3.34
2010-01-01,3.66,Mutton meat,Kyrgyzstan,Naryn,RETAIL,Kg,kg,3.66
2010-02-01,3.7,Mutton meat,Kyrgyzstan,Naryn,RETAIL,Kg,kg,3.7
2010-03-01,3.94,Mutton meat,Kyrgyzstan,Naryn,RETAIL,Kg,kg,3.94
2010-04-01,4.05,Mutton meat,Kyrgyzstan,Naryn,RETAIL,Kg,kg,4.05
2010-05-01,4.2,Mutton meat,Kyrgyzstan,Naryn,RETAIL,Kg,kg,4.2
2010-06-01,4.23,Mutton meat,Kyrgyzstan,Naryn,RETAIL,Kg,kg,4.23
2010-07-01,4.03,Mutton meat,Kyrgyzstan,Naryn,RETAIL,Kg,kg,4.03
2010-08-01,3.9,Mutton meat,Kyrgyzstan,Naryn,RETAIL,Kg,kg,3.9
2010-09-01,3.9,Mutton meat,Kyrgyzstan,Naryn,RETAIL,Kg,kg,3.9
2010-10-01,3.97,Mutton meat,Kyrgyzstan,Naryn,RETAIL,Kg,kg,3.97
2010-11-01,3.95,Mutton meat,Kyrgyzstan,Naryn,RETAIL,Kg,kg,3.95
2010-12-01,4.56,Mutton meat,Kyrgyzstan,Naryn,RETAIL,Kg,kg,4.56
2011-01-01,5.3,Mutton meat,Kyrgyzstan,Naryn,RETAIL,Kg,kg,5.3
2011-02-01,5.36,Mutton meat,Kyrgyzstan,Naryn,RETAIL,Kg,kg,5.36
2011-03-01,5.41,Mutton meat,Kyrgyzstan,Naryn,RETAIL,Kg,kg,5.41
2011-04-01,5.69,Mutton meat,Kyrgyzstan,Naryn,RETAIL,Kg,kg,5.69
2011-05-01,6.56,Mutton meat,Kyrgyzstan,Naryn,RETAIL,Kg,kg,6.56
2011-06-01,6.63,Mutton meat,Kyrgyzstan,Naryn,RETAIL,Kg,kg,6.63
2011-07-01,6.46,Mutton meat,Kyrgyzstan,Naryn,RETAIL,Kg,kg,6.46
2011-08-01,6.27,Mutton meat,Kyrgyzstan,Naryn,RETAIL,Kg,kg,6.27
2011-09-01,6.05,Mutton meat,Kyrgyzstan,Naryn,RETAIL,Kg,kg,6.05
2011-10-01,5.91,Mutton meat,Kyrgyzstan,Naryn,RETAIL,Kg,kg,5.91
2011-11-01,5.75,Mutton meat,Kyrgyzstan,Naryn,RETAIL,Kg,kg,5.75
2011-12-01,5.84,Mutton meat,Kyrgyzstan,Naryn,RETAIL,Kg,kg,5.84
2012-01-01,6.21,Mutton meat,Kyrgyzstan,Naryn,RETAIL,Kg,kg,6.21
2012-02-01,6.4,Mutton meat,Kyrgyzstan,Naryn,RETAIL,Kg,kg,6.4
2012-03-01,6.43,Mutton meat,Kyrgyzstan,Naryn,RETAIL,Kg,kg,6.43
2012-04-01,6.71,Mutton meat,Kyrgyzstan,Naryn,RETAIL,Kg,kg,6.71
2012-05-01,6.8,Mutton meat,Kyrgyzstan,Naryn,RETAIL,Kg,kg,6.8
2012-06-01,6.75,Mutton meat,Kyrgyzstan,Naryn,RETAIL,Kg,kg,6.75
2012-07-01,6.33,Mutton meat,Kyrgyzstan,Naryn,RETAIL,Kg,kg,6.33
2012-08-01,6.03,Mutton meat,Kyrgyzstan,Naryn,RETAIL,Kg,kg,6.03
2012-09-01,5.87,Mutton meat,Kyrgyzstan,Naryn,RETAIL,Kg,kg,5.87
2012-10-01,5.71,Mutton meat,Kyrgyzstan,Naryn,RETAIL,Kg,kg,5.71
2012-11-01,5.49,Mutton meat,Kyrgyzstan,Naryn,RETAIL,Kg,kg,5.49
2012-12-01,5.51,Mutton meat,Kyrgyzstan,Naryn,RETAIL,Kg,kg,5.51
2013-01-01,5.6,Mutton meat,Kyrgyzstan,Naryn,RETAIL,Kg,kg,5.6
2013-02-01,5.65,Mutton meat,Kyrgyzstan,Naryn,RETAIL,Kg,kg,5.65
2013-03-01,5.98,Mutton meat,Kyrgyzstan,Naryn,RETAIL,Kg,kg,5.98
2013-04-01,6.22,Mutton meat,Kyrgyzstan,Naryn,RETAIL,Kg,kg,6.22
2013-05-01,6.75,Mutton meat,Kyrgyzstan,Naryn,RETAIL,Kg,kg,6.75
2013-06-01,6.63,Mutton meat,Kyrgyzstan,Naryn,RETAIL,Kg,kg,6.63
2013-07-01,6.16,Mutton meat,Kyrgyzstan,Naryn,RETAIL,Kg,kg,6.16
2013-08-01,6.07,Mutton meat,Kyrgyzstan,Naryn,RETAIL,Kg,kg,6.07
2013-09-01,5.8,Mutton meat,Kyrgyzstan,Naryn,RETAIL,Kg,kg,5.8
2013-10-01,5.61,Mutton meat,Kyrgyzstan,Naryn,RETAIL,Kg,kg,5.61
2013-11-01,5.54,Mutton meat,Kyrgyzstan,Naryn,RETAIL,Kg,kg,5.54
2013-12-01,5.48,Mutton meat,Kyrgyzstan,Naryn,RETAIL,Kg,kg,5.48
2014-01-01,5.85,Mutton meat,Kyrgyzstan,Naryn,RETAIL,Kg,kg,5.85
2014-02-01,5.93,Mutton meat,Kyrgyzstan,Naryn,RETAIL,Kg,kg,5.93
2014-03-01,5.66,Mutton meat,Kyrgyzstan,Naryn,RETAIL,Kg,kg,5.66
2014-04-01,5.88,Mutton meat,Kyrgyzstan,Naryn,RETAIL,Kg,kg,5.88
2014-05-01,6.47,Mutton meat,Kyrgyzstan,Naryn,RETAIL,Kg,kg,6.47
2014-06-01,6.69,Mutton meat,Kyrgyzstan,Naryn,RETAIL,Kg,kg,6.69
2014-07-01,6.74,Mutton meat,Kyrgyzstan,Naryn,RETAIL,Kg,kg,6.74
2014-08-01,6.13,Mutton meat,Kyrgyzstan,Naryn,RETAIL,Kg,kg,6.13
2014-09-01,5.63,Mutton meat,Kyrgyzstan,Naryn,RETAIL,Kg,kg,5.63
2014-10-01,5.43,Mutton meat,Kyrgyzstan,Naryn,RETAIL,Kg,kg,5.43
2014-11-01,5.21,Mutton meat,Kyrgyzstan,Naryn,RETAIL,Kg,kg,5.21
2014-12-01,5.16,Mutton meat,Kyrgyzstan,Naryn,RETAIL,Kg,kg,5.16
2015-01-01,5.04,Mutton meat,Kyrgyzstan,Naryn,RETAIL,Kg,kg,5.04
2015-02-01,5.27,Mutton meat,Kyrgyzstan,Naryn,RETAIL,Kg,kg,5.27
2015-03-01,5.21,Mutton meat,Kyrgyzstan,Naryn,RETAIL,Kg,kg,5.21
2015-04-01,5.3,Mutton meat,Kyrgyzstan,Naryn,RETAIL,Kg,kg,5.3
2015-05-01,5.95,Mutton meat,Kyrgyzstan,Naryn,RETAIL,Kg,kg,5.95
2015-06-01,5.83,Mutton meat,Kyrgyzstan,Naryn,RETAIL,Kg,kg,5.83
2015-07-01,5.53,Mutton meat,Kyrgyzstan,Naryn,RETAIL,Kg,kg,5.53
2015-08-01,4.93,Mutton meat,Kyrgyzstan,Naryn,RETAIL,Kg,kg,4.93
2015-09-01,4.31,Mutton meat,Kyrgyzstan,Naryn,RETAIL,Kg,kg,4.31
2015-10-01,4.14,Mutton meat,Kyrgyzstan,Naryn,RETAIL,Kg,kg,4.14
2015-11-01,3.93,Mutton meat,Kyrgyzstan,Naryn,RETAIL,Kg,kg,3.93
2015-12-01,3.61,Mutton meat,Kyrgyzstan,Naryn,RETAIL,Kg,kg,3.61
2016-01-01,3.64,Mutton meat,Kyrgyzstan,Naryn,RETAIL,Kg,kg,3.64
2016-02-01,3.71,Mutton meat,Kyrgyzstan,Naryn,RETAIL,Kg,kg,3.71
2016-03-01,3.77,Mutton meat,Kyrgyzstan,Naryn,RETAIL,Kg,kg,3.77
2016-04-01,3.92,Mutton meat,Kyrgyzstan,Naryn,RETAIL,Kg,kg,3.92
2016-05-01,4.16,Mutton meat,Kyrgyzstan,Naryn,RETAIL,Kg,kg,4.16
2016-06-01,4.42,Mutton meat,Kyrgyzstan,Naryn,RETAIL,Kg,kg,4.42
2016-07-01,4.39,Mutton meat,Kyrgyzstan,Naryn,RETAIL,Kg,kg,4.39
2016-08-01,4.23,Mutton meat,Kyrgyzstan,Naryn,RETAIL,Kg,kg,4.23
2016-09-01,4.19,Mutton meat,Kyrgyzstan,Naryn,RETAIL,Kg,kg,4.19
2016-10-01,4.07,Mutton meat,Kyrgyzstan,Naryn,RETAIL,Kg,kg,4.07
2016-11-01,3.85,Mutton meat,Kyrgyzstan,Naryn,RETAIL,Kg,kg,3.85
2016-12-01,3.77,Mutton meat,Kyrgyzstan,Naryn,RETAIL,Kg,kg,3.77
2017-01-01,4.03,Mutton meat,Kyrgyzstan,Naryn,RETAIL,Kg,kg,4.03
2017-02-01,4.27,Mutton meat,Kyrgyzstan,Naryn,RETAIL,Kg,kg,4.27
2017-03-01,4.57,Mutton meat,Kyrgyzstan,Naryn,RETAIL,Kg,kg,4.57
2017-04-01,4.64,Mutton meat,Kyrgyzstan,Naryn,RETAIL,Kg,kg,4.64
2017-05-01,4.81,Mutton meat,Kyrgyzstan,Naryn,RETAIL,Kg,kg,4.81
2017-06-01,4.79,Mutton meat,Kyrgyzstan,Naryn,RETAIL,Kg,kg,4.79
2017-07-01,4.63,Mutton meat,Kyrgyzstan,Naryn,RETAIL,Kg,kg,4.63
2017-08-01,4.65,Mutton meat,Kyrgyzstan,Naryn,RETAIL,Kg,kg,4.65
2017-09-01,4.32,Mutton meat,Kyrgyzstan,Naryn,RETAIL,Kg,kg,4.32
2017-10-01,4.29,Mutton meat,Kyrgyzstan,Naryn,RETAIL,Kg,kg,4.29
2017-11-01,4.23,Mutton meat,Kyrgyzstan,Naryn,RETAIL,Kg,kg,4.23
2017-12-01,4.3,Mutton meat,Kyrgyzstan,Naryn,RETAIL,Kg,kg,4.3
2018-01-01,4.46,Mutton meat,Kyrgyzstan,Naryn,RETAIL,Kg,kg,4.46
2018-02-01,4.68,Mutton meat,Kyrgyzstan,Naryn,RETAIL,Kg,kg,4.68
2018-03-01,4.69,Mutton meat,Kyrgyzstan,Naryn,RETAIL,Kg,kg,4.69
2018-04-01,4.74,Mutton meat,Kyrgyzstan,Naryn,RETAIL,Kg,kg,4.74
2018-05-01,4.88,Mutton meat,Kyrgyzstan,Naryn,RETAIL,Kg,kg,4.88
2018-06-01,4.79,Mutton meat,Kyrgyzstan,Naryn,RETAIL,Kg,kg,4.79
2018-07-01,4.69,Mutton meat,Kyrgyzstan,Naryn,RETAIL,Kg,kg,4.69
2018-08-01,4.66,Mutton meat,Kyrgyzstan,Naryn,RETAIL,Kg,kg,4.66
2018-09-01,4.59,Mutton meat,Kyrgyzstan,Naryn,RETAIL,Kg,kg,4.59
2018-10-01,4.41,Mutton meat,Kyrgyzstan,Naryn,RETAIL,Kg,kg,4.41
2018-11-01,4.3,Mutton meat,Kyrgyzstan,Naryn,RETAIL,Kg,kg,4.3
2018-12-01,4.3,Mutton meat,Kyrgyzstan,Naryn,RETAIL,Kg,kg,4.3
2019-01-01,4.3,Mutton meat,Kyrgyzstan,Naryn,RETAIL,Kg,kg,4.3
2019-02-01,4.3,Mutton meat,Kyrgyzstan,Naryn,RETAIL,Kg,kg,4.3
2019-03-01,4.45,Mutton meat,Kyrgyzstan,Naryn,RETAIL,Kg,kg,4.45
2019-04-01,4.65,Mutton meat,Kyrgyzstan,Naryn,RETAIL,Kg,kg,4.65
2019-05-01,4.61,Mutton meat,Kyrgyzstan,Naryn,RETAIL,Kg,kg,4.61
2019-06-01,4.59,Mutton meat,Kyrgyzstan,Naryn,RETAIL,Kg,kg,4.59
2019-07-01,4.6,Mutton meat,Kyrgyzstan,Naryn,RETAIL,Kg,kg,4.6
2019-08-01,4.51,Mutton meat,Kyrgyzstan,Naryn,RETAIL,Kg,kg,4.51
2019-09-01,4.47,Mutton meat,Kyrgyzstan,Naryn,RETAIL,Kg,kg,4.47
2019-10-01,4.47,Mutton meat,Kyrgyzstan,Naryn,RETAIL,Kg,kg,4.47
2019-11-01,4.5,Mutton meat,Kyrgyzstan,Naryn,RETAIL,Kg,kg,4.5
2019-12-01,4.55,Mutton meat,Kyrgyzstan,Naryn,RETAIL,Kg,kg,4.55
2020-01-01,4.64,Mutton meat,Kyrgyzstan,Naryn,RETAIL,Kg,kg,4.64
2020-02-01,4.79,Mutton meat,Kyrgyzstan,Naryn,RETAIL,Kg,kg,4.79
2020-03-01,4.75,Mutton meat,Kyrgyzstan,Naryn,RETAIL,Kg,kg,4.75
2020-04-01,4.45,Mutton meat,Kyrgyzstan,Naryn,RETAIL,Kg,kg,4.45
2020-05-01,4.7,Mutton meat,Kyrgyzstan,Naryn,RETAIL,Kg,kg,4.7
2020-06-01,4.83,Mutton meat,Kyrgyzstan,Naryn,RETAIL,Kg,kg,4.83
2020-07-01,4.66,Mutton meat,Kyrgyzstan,Naryn,RETAIL,Kg,kg,4.66
2020-08-01,4.64,Mutton meat,Kyrgyzstan,Naryn,RETAIL,Kg,kg,4.64
2020-09-01,4.66,Mutton meat,Kyrgyzstan,Naryn,RETAIL,Kg,kg,4.66
2020-10-01,4.72,Mutton meat,Kyrgyzstan,Naryn,RETAIL,Kg,kg,4.72
2020-11-01,4.91,Mutton meat,Kyrgyzstan,Naryn,RETAIL,Kg,kg,4.91
2020-12-01,5.27,Mutton meat,Kyrgyzstan,Naryn,RETAIL,Kg,kg,5.27
2021-01-01,5.11,Mutton meat,Kyrgyzstan,Naryn,RETAIL,Kg,kg,5.11
2021-02-01,5.29,Mutton meat,Kyrgyzstan,Naryn,RETAIL,Kg,kg,5.29
2021-03-01,5.31,Mutton meat,Kyrgyzstan,Naryn,RETAIL,Kg,kg,5.31
2021-04-01,5.33,Mutton meat,Kyrgyzstan,Naryn,RETAIL,Kg,kg,5.33
2021-05-01,5.59,Mutton meat,Kyrgyzstan,Naryn,RETAIL,Kg,kg,5.59
2021-06-01,5.92,Mutton meat,Kyrgyzstan,Naryn,RETAIL,Kg,kg,5.92
2021-07-01,5.85,Mutton meat,Kyrgyzstan,Naryn,RETAIL,Kg,kg,5.85
2021-08-01,5.82,Mutton meat,Kyrgyzstan,Naryn,RETAIL,Kg,kg,5.82
2021-09-01,5.66,Mutton meat,Kyrgyzstan,Naryn,RETAIL,Kg,kg,5.66
2021-10-01,5.66,Mutton meat,Kyrgyzstan,Naryn,RETAIL,Kg,kg,5.66
2021-11-01,5.66,Mutton meat,Kyrgyzstan,Naryn,RETAIL,Kg,kg,5.66
2021-12-01,5.66,Mutton meat,Kyrgyzstan,Naryn,RETAIL,Kg,kg,5.66
2022-01-01,5.66,Mutton meat,Kyrgyzstan,Naryn,RETAIL,Kg,kg,5.66
2022-02-01,5.62,Mutton meat,Kyrgyzstan,Naryn,RETAIL,Kg,kg,5.62
2022-03-01,4.96,Mutton meat,Kyrgyzstan,Naryn,RETAIL,Kg,kg,4.96
2022-04-01,6.04,Mutton meat,Kyrgyzstan,Naryn,RETAIL,Kg,kg,6.04
2022-05-01,6.39,Mutton meat,Kyrgyzstan,Naryn,RETAIL,Kg,kg,6.39
2022-06-01,6.6,Mutton meat,Kyrgyzstan,Naryn,RETAIL,Kg,kg,6.6
2022-07-01,6.82,Mutton meat,Kyrgyzstan,Naryn,RETAIL,Kg,kg,6.82
2022-08-01,6.56,Mutton meat,Kyrgyzstan,Naryn,RETAIL,Kg,kg,6.56
2022-09-01,6.56,Mutton meat,Kyrgyzstan,Naryn,RETAIL,Kg,kg,6.56
2022-10-01,6.46,Mutton meat,Kyrgyzstan,Naryn,RETAIL,Kg,kg,6.46
2022-11-01,6.29,Mutton meat,Kyrgyzstan,Naryn,RETAIL,Kg,kg,6.29
2022-12-01,6.3,Mutton meat,Kyrgyzstan,Naryn,RETAIL,Kg,kg,6.3
2023-01-01,6.23,Mutton meat,Kyrgyzstan,Naryn,RETAIL,Kg,kg,6.23
2023-02-01,6.15,Mutton meat,Kyrgyzstan,Naryn,RETAIL,Kg,kg,6.15
2023-03-01,6.25,Mutton meat,Kyrgyzstan,Naryn,RETAIL,Kg,kg,6.25
2023-04-01,6.29,Mutton meat,Kyrgyzstan,Naryn,RETAIL,Kg,kg,6.29
2023-05-01,6.48,Mutton meat,Kyrgyzstan,Naryn,RETAIL,Kg,kg,6.48
2023-06-01,6.64,Mutton meat,Kyrgyzstan,Naryn,RETAIL,Kg,kg,6.64
2023-07-01,6.61,Mutton meat,Kyrgyzstan,Naryn,RETAIL,Kg,kg,6.61
2023-08-01,6.59,Mutton meat,Kyrgyzstan,Naryn,RETAIL,Kg,kg,6.59
2023-09-01,6.21,Mutton meat,Kyrgyzstan,Naryn,RETAIL,Kg,kg,6.21
2023-10-01,6.73,Mutton meat,Kyrgyzstan,Naryn,RETAIL,Kg,kg,6.73
2023-11-01,6.17,Mutton meat,Kyrgyzstan,Naryn,RETAIL,Kg,kg,6.17
2023-12-01,6.17,Mutton meat,Kyrgyzstan,Naryn,RETAIL,Kg,kg,6.17
2024-01-01,6.16,Mutton meat,Kyrgyzstan,Naryn,RETAIL,Kg,kg,6.16
2024-02-01,6.15,Mutton meat,Kyrgyzstan,Naryn,RETAIL,Kg,kg,6.15
2024-03-01,6.15,Mutton meat,Kyrgyzstan,Naryn,RETAIL,Kg,kg,6.15
2024-04-01,6.38,Mutton meat,Kyrgyzstan,Naryn,RETAIL,Kg,kg,6.38
2024-05-01,6.46,Mutton meat,Kyrgyzstan,Naryn,RETAIL,Kg,kg,6.46
2024-06-01,6.6,Mutton meat,Kyrgyzstan,Naryn,RETAIL,Kg,kg,6.6
2024-07-01,6.82,Mutton meat,Kyrgyzstan,Naryn,RETAIL,Kg,kg,6.82
2024-08-01,6.79,Mutton meat,Kyrgyzstan,Naryn,RETAIL,Kg,kg,6.79
2024-09-01,6.8,Mutton meat,Kyrgyzstan,Naryn,RETAIL,Kg,kg,6.8
2024-10-01,6.75,Mutton meat,Kyrgyzstan,Naryn,RETAIL,Kg,kg,6.75
2024-11-01,6.72,Mutton meat,Kyrgyzstan,Naryn,RETAIL,Kg,kg,6.72
2024-12-01,6.67,Mutton meat,Kyrgyzstan,Naryn,RETAIL,Kg,kg,6.67
2025-01-01,6.65,Mutton meat,Kyrgyzstan,Naryn,RETAIL,Kg,kg,6.65
2025-02-01,6.94,Mutton meat,Kyrgyzstan,Naryn,RETAIL,Kg,kg,6.94
2025-03-01,7.41,Mutton meat,Kyrgyzstan,Naryn,RETAIL,Kg,kg,7.41
2025-04-01,7.46,Mutton meat,Kyrgyzstan,Naryn,RETAIL,Kg,kg,7.46
2025-05-01,7.6,Mutton meat,Kyrgyzstan,Naryn,RETAIL,Kg,kg,7.6
2025-06-01,7.75,Mutton meat,Kyrgyzstan,Naryn,RETAIL,Kg,kg,7.75
2025-07-01,8.01,Mutton meat,Kyrgyzstan,Naryn,RETAIL,Kg,kg,8.01
2025-08-01,8.0,Mutton meat,Kyrgyzstan,Naryn,RETAIL,Kg,kg,8.0
2025-09-01,8.11,Mutton meat,Kyrgyzstan,Naryn,RETAIL,Kg,kg,8.11
2025-10-01,8.09,Mutton meat,Kyrgyzstan,Naryn,RETAIL,Kg,kg,8.09
2005-01-01,2.91,Mutton meat,Kyrgyzstan,National Average,RETAIL,Kg,kg,2.91
2005-02-01,2.93,Mutton meat,Kyrgyzstan,National Average,RETAIL,Kg,kg,2.93
2005-03-01,2.94,Mutton meat,Kyrgyzstan,National Average,RETAIL,Kg,kg,2.94
2005-04-01,2.94,Mutton meat,Kyrgyzstan,National Average,RETAIL,Kg,kg,2.94
2005-05-01,3.13,Mutton meat,Kyrgyzstan,National Average,RETAIL,Kg,kg,3.13
2005-06-01,3.2,Mutton meat,Kyrgyzstan,National Average,RETAIL,Kg,kg,3.2
2005-07-01,3.12,Mutton meat,Kyrgyzstan,National Average,RETAIL,Kg,kg,3.12
2005-08-01,3.1,Mutton meat,Kyrgyzstan,National Average,RETAIL,Kg,kg,3.1
2005-09-01,3.08,Mutton meat,Kyrgyzstan,National Average,RETAIL,Kg,kg,3.08
2005-10-01,3.03,Mutton meat,Kyrgyzstan,National Average,RETAIL,Kg,kg,3.03
2005-11-01,3.03,Mutton meat,Kyrgyzstan,National Average,RETAIL,Kg,kg,3.03
2005-12-01,3.04,Mutton meat,Kyrgyzstan,National Average,RETAIL,Kg,kg,3.04
2006-01-01,3.08,Mutton meat,Kyrgyzstan,National Average,RETAIL,Kg,kg,3.08
2006-02-01,3.05,Mutton meat,Kyrgyzstan,National Average,RETAIL,Kg,kg,3.05
2006-03-01,3.11,Mutton meat,Kyrgyzstan,National Average,RETAIL,Kg,kg,3.11
2006-04-01,3.18,Mutton meat,Kyrgyzstan,National Average,RETAIL,Kg,kg,3.18
2006-05-01,3.36,Mutton meat,Kyrgyzstan,National Average,RETAIL,Kg,kg,3.36
2006-06-01,3.61,Mutton meat,Kyrgyzstan,National Average,RETAIL,Kg,kg,3.61
2006-07-01,3.78,Mutton meat,Kyrgyzstan,National Average,RETAIL,Kg,kg,3.78
2006-08-01,3.75,Mutton meat,Kyrgyzstan,National Average,RETAIL,Kg,kg,3.75
2006-09-01,3.65,Mutton meat,Kyrgyzstan,National Average,RETAIL,Kg,kg,3.65
2006-10-01,3.54,Mutton meat,Kyrgyzstan,National Average,RETAIL,Kg,kg,3.54
2006-11-01,3.62,Mutton meat,Kyrgyzstan,National Average,RETAIL,Kg,kg,3.62
2006-12-01,3.7,Mutton meat,Kyrgyzstan,National Average,RETAIL,Kg,kg,3.7
2007-01-01,3.77,Mutton meat,Kyrgyzstan,National Average,RETAIL,Kg,kg,3.77
2007-02-01,3.76,Mutton meat,Kyrgyzstan,National Average,RETAIL,Kg,kg,3.76
2007-03-01,3.93,Mutton meat,Kyrgyzstan,National Average,RETAIL,Kg,kg,3.93
2007-04-01,4.04,Mutton meat,Kyrgyzstan,National Average,RETAIL,Kg,kg,4.04
2007-05-01,4.57,Mutton meat,Kyrgyzstan,National Average,RETAIL,Kg,kg,4.57
2007-06-01,4.62,Mutton meat,Kyrgyzstan,National Average,RETAIL,Kg,kg,4.62
2007-07-01,4.65,Mutton meat,Kyrgyzstan,National Average,RETAIL,Kg,kg,4.65
2007-08-01,4.63,Mutton meat,Kyrgyzstan,National Average,RETAIL,Kg,kg,4.63
2007-09-01,4.56,Mutton meat,Kyrgyzstan,National Average,RETAIL,Kg,kg,4.56
2007-10-01,4.84,Mutton meat,Kyrgyzstan,National Average,RETAIL,Kg,kg,4.84
2007-11-01,4.96,Mutton meat,Kyrgyzstan,National Average,RETAIL,Kg,kg,4.96
2007-12-01,4.83,Mutton meat,Kyrgyzstan,National Average,RETAIL,Kg,kg,4.83
2008-01-01,4.84,Mutton meat,Kyrgyzstan,National Average,RETAIL,Kg,kg,4.84
2008-02-01,4.87,Mutton meat,Kyrgyzstan,National Average,RETAIL,Kg,kg,4.87
2008-03-01,4.89,Mutton meat,Kyrgyzstan,National Average,RETAIL,Kg,kg,4.89
2008-04-01,5.16,Mutton meat,Kyrgyzstan,National Average,RETAIL,Kg,kg,5.16
2008-05-01,5.62,Mutton meat,Kyrgyzstan,National Average,RETAIL,Kg,kg,5.62
2008-06-01,5.68,Mutton meat,Kyrgyzstan,National Average,RETAIL,Kg,kg,5.68
2008-07-01,5.75,Mutton meat,Kyrgyzstan,National Average,RETAIL,Kg,kg,5.75
2008-08-01,5.57,Mutton meat,Kyrgyzstan,National Average,RETAIL,Kg,kg,5.57
2008-09-01,5.32,Mutton meat,Kyrgyzstan,National Average,RETAIL,Kg,kg,5.32
2008-10-01,4.96,Mutton meat,Kyrgyzstan,National Average,RETAIL,Kg,kg,4.96
2008-11-01,4.71,Mutton meat,Kyrgyzstan,National Average,RETAIL,Kg,kg,4.71
2008-12-01,4.56,Mutton meat,Kyrgyzstan,National Average,RETAIL,Kg,kg,4.56
2009-01-01,4.76,Mutton meat,Kyrgyzstan,National Average,RETAIL,Kg,kg,4.76
2009-02-01,4.75,Mutton meat,Kyrgyzstan,National Average,RETAIL,Kg,kg,4.75
2009-03-01,4.62,Mutton meat,Kyrgyzstan,National Average,RETAIL,Kg,kg,4.62
2009-04-01,4.44,Mutton meat,Kyrgyzstan,National Average,RETAIL,Kg,kg,4.44
2009-05-01,4.47,Mutton meat,Kyrgyzstan,National Average,RETAIL,Kg,kg,4.47
2009-06-01,4.48,Mutton meat,Kyrgyzstan,National Average,RETAIL,Kg,kg,4.48
2009-07-01,4.35,Mutton meat,Kyrgyzstan,National Average,RETAIL,Kg,kg,4.35
2009-08-01,4.2,Mutton meat,Kyrgyzstan,National Average,RETAIL,Kg,kg,4.2
2009-09-01,4.08,Mutton meat,Kyrgyzstan,National Average,RETAIL,Kg,kg,4.08
2009-10-01,4.16,Mutton meat,Kyrgyzstan,National Average,RETAIL,Kg,kg,4.16
2009-11-01,4.11,Mutton meat,Kyrgyzstan,National Average,RETAIL,Kg,kg,4.11
2009-12-01,4.06,Mutton meat,Kyrgyzstan,National Average,RETAIL,Kg,kg,4.06
2010-01-01,4.14,Mutton meat,Kyrgyzstan,National Average,RETAIL,Kg,kg,4.14
2010-02-01,4.15,Mutton meat,Kyrgyzstan,National Average,RETAIL,Kg,kg,4.15
2010-03-01,4.18,Mutton meat,Kyrgyzstan,National Average,RETAIL,Kg,kg,4.18
2010-04-01,4.21,Mutton meat,Kyrgyzstan,National Average,RETAIL,Kg,kg,4.21
2010-05-01,4.2,Mutton meat,Kyrgyzstan,National Average,RETAIL,Kg,kg,4.2
2010-06-01,4.22,Mutton meat,Kyrgyzstan,National Average,RETAIL,Kg,kg,4.22
2010-07-01,4.22,Mutton meat,Kyrgyzstan,National Average,RETAIL,Kg,kg,4.22
2010-08-01,4.32,Mutton meat,Kyrgyzstan,National Average,RETAIL,Kg,kg,4.32
2010-09-01,4.4,Mutton meat,Kyrgyzstan,National Average,RETAIL,Kg,kg,4.4
2010-10-01,4.5,Mutton meat,Kyrgyzstan,National Average,RETAIL,Kg,kg,4.5
2010-11-01,4.6,Mutton meat,Kyrgyzstan,National Average,RETAIL,Kg,kg,4.6
2010-12-01,4.85,Mutton meat,Kyrgyzstan,National Average,RETAIL,Kg,kg,4.85
2011-01-01,5.29,Mutton meat,Kyrgyzstan,National Average,RETAIL,Kg,kg,5.29
2011-02-01,5.54,Mutton meat,Kyrgyzstan,National Average,RETAIL,Kg,kg,5.54
2011-03-01,5.65,Mutton meat,Kyrgyzstan,National Average,RETAIL,Kg,kg,5.65
2011-04-01,5.69,Mutton meat,Kyrgyzstan,National Average,RETAIL,Kg,kg,5.69
2011-05-01,5.91,Mutton meat,Kyrgyzstan,National Average,RETAIL,Kg,kg,5.91
2011-06-01,6.31,Mutton meat,Kyrgyzstan,National Average,RETAIL,Kg,kg,6.31
2011-07-01,6.64,Mutton meat,Kyrgyzstan,National Average,RETAIL,Kg,kg,6.64
2011-08-01,6.75,Mutton meat,Kyrgyzstan,National Average,RETAIL,Kg,kg,6.75
2011-09-01,6.6,Mutton meat,Kyrgyzstan,National Average,RETAIL,Kg,kg,6.6
2011-10-01,6.51,Mutton meat,Kyrgyzstan,National Average,RETAIL,Kg,kg,6.51
2011-11-01,6.34,Mutton meat,Kyrgyzstan,National Average,RETAIL,Kg,kg,6.34
2011-12-01,6.31,Mutton meat,Kyrgyzstan,National Average,RETAIL,Kg,kg,6.31
2012-01-01,6.33,Mutton meat,Kyrgyzstan,National Average,RETAIL,Kg,kg,6.33
2012-02-01,6.32,Mutton meat,Kyrgyzstan,National Average,RETAIL,Kg,kg,6.32
2012-03-01,6.3,Mutton meat,Kyrgyzstan,National Average,RETAIL,Kg,kg,6.3
2012-04-01,6.32,Mutton meat,Kyrgyzstan,National Average,RETAIL,Kg,kg,6.32
2012-05-01,6.52,Mutton meat,Kyrgyzstan,National Average,RETAIL,Kg,kg,6.52
2012-06-01,6.58,Mutton meat,Kyrgyzstan,National Average,RETAIL,Kg,kg,6.58
2012-07-01,6.52,Mutton meat,Kyrgyzstan,National Average,RETAIL,Kg,kg,6.52
2012-08-01,6.52,Mutton meat,Kyrgyzstan,National Average,RETAIL,Kg,kg,6.52
2012-09-01,6.49,Mutton meat,Kyrgyzstan,National Average,RETAIL,Kg,kg,6.49
2012-10-01,6.37,Mutton meat,Kyrgyzstan,National Average,RETAIL,Kg,kg,6.37
2012-11-01,6.11,Mutton meat,Kyrgyzstan,National Average,RETAIL,Kg,kg,6.11
2012-12-01,5.99,Mutton meat,Kyrgyzstan,National Average,RETAIL,Kg,kg,5.99
2013-01-01,5.97,Mutton meat,Kyrgyzstan,National Average,RETAIL,Kg,kg,5.97
2013-02-01,5.95,Mutton meat,Kyrgyzstan,National Average,RETAIL,Kg,kg,5.95
2013-03-01,6.01,Mutton meat,Kyrgyzstan,National Average,RETAIL,Kg,kg,6.01
2013-04-01,6.06,Mutton meat,Kyrgyzstan,National Average,RETAIL,Kg,kg,6.06
2013-05-01,6.19,Mutton meat,Kyrgyzstan,National Average,RETAIL,Kg,kg,6.19
2013-06-01,6.21,Mutton meat,Kyrgyzstan,National Average,RETAIL,Kg,kg,6.21
2013-07-01,6.14,Mutton meat,Kyrgyzstan,National Average,RETAIL,Kg,kg,6.14
2013-08-01,6.11,Mutton meat,Kyrgyzstan,National Average,RETAIL,Kg,kg,6.11
2013-09-01,6.04,Mutton meat,Kyrgyzstan,National Average,RETAIL,Kg,kg,6.04
2013-10-01,5.99,Mutton meat,Kyrgyzstan,National Average,RETAIL,Kg,kg,5.99
2013-11-01,5.93,Mutton meat,Kyrgyzstan,National Average,RETAIL,Kg,kg,5.93
2013-12-01,5.94,Mutton meat,Kyrgyzstan,National Average,RETAIL,Kg,kg,5.94
2014-01-01,6.03,Mutton meat,Kyrgyzstan,National Average,RETAIL,Kg,kg,6.03
2014-02-01,6.0,Mutton meat,Kyrgyzstan,National Average,RETAIL,Kg,kg,6.0
2014-03-01,5.74,Mutton meat,Kyrgyzstan,National Average,RETAIL,Kg,kg,5.74
2014-04-01,5.79,Mutton meat,Kyrgyzstan,National Average,RETAIL,Kg,kg,5.79
2014-05-01,6.21,Mutton meat,Kyrgyzstan,National Average,RETAIL,Kg,kg,6.21
2014-06-01,6.48,Mutton meat,Kyrgyzstan,National Average,RETAIL,Kg,kg,6.48
2014-07-01,6.5,Mutton meat,Kyrgyzstan,National Average,RETAIL,Kg,kg,6.5
2014-08-01,6.43,Mutton meat,Kyrgyzstan,National Average,RETAIL,Kg,kg,6.43
2014-09-01,6.18,Mutton meat,Kyrgyzstan,National Average,RETAIL,Kg,kg,6.18
2014-10-01,5.98,Mutton meat,Kyrgyzstan,National Average,RETAIL,Kg,kg,5.98
2014-11-01,5.76,Mutton meat,Kyrgyzstan,National Average,RETAIL,Kg,kg,5.76
2014-12-01,5.64,Mutton meat,Kyrgyzstan,National Average,RETAIL,Kg,kg,5.64
2015-01-01,5.53,Mutton meat,Kyrgyzstan,National Average,RETAIL,Kg,kg,5.53
2015-02-01,5.41,Mutton meat,Kyrgyzstan,National Average,RETAIL,Kg,kg,5.41
2015-03-01,5.25,Mutton meat,Kyrgyzstan,National Average,RETAIL,Kg,kg,5.25
2015-04-01,5.22,Mutton meat,Kyrgyzstan,National Average,RETAIL,Kg,kg,5.22
2015-05-01,5.64,Mutton meat,Kyrgyzstan,National Average,RETAIL,Kg,kg,5.64
2015-06-01,5.52,Mutton meat,Kyrgyzstan,National Average,RETAIL,Kg,kg,5.52
2015-07-01,5.27,Mutton meat,Kyrgyzstan,National Average,RETAIL,Kg,kg,5.27
2015-08-01,5.14,Mutton meat,Kyrgyzstan,National Average,RETAIL,Kg,kg,5.14
2015-09-01,4.71,Mutton meat,Kyrgyzstan,National Average,RETAIL,Kg,kg,4.71
2015-10-01,4.54,Mutton meat,Kyrgyzstan,National Average,RETAIL,Kg,kg,4.54
2015-11-01,4.22,Mutton meat,Kyrgyzstan,National Average,RETAIL,Kg,kg,4.22
2015-12-01,3.9,Mutton meat,Kyrgyzstan,National Average,RETAIL,Kg,kg,3.9
2016-01-01,3.83,Mutton meat,Kyrgyzstan,National Average,RETAIL,Kg,kg,3.83
2016-02-01,3.87,Mutton meat,Kyrgyzstan,National Average,RETAIL,Kg,kg,3.87
2016-03-01,3.9,Mutton meat,Kyrgyzstan,National Average,RETAIL,Kg,kg,3.9
2016-04-01,3.98,Mutton meat,Kyrgyzstan,National Average,RETAIL,Kg,kg,3.98
2016-05-01,4.13,Mutton meat,Kyrgyzstan,National Average,RETAIL,Kg,kg,4.13
2016-06-01,4.25,Mutton meat,Kyrgyzstan,National Average,RETAIL,Kg,kg,4.25
2016-07-01,4.3,Mutton meat,Kyrgyzstan,National Average,RETAIL,Kg,kg,4.3
2016-08-01,4.16,Mutton meat,Kyrgyzstan,National Average,RETAIL,Kg,kg,4.16
2016-09-01,4.12,Mutton meat,Kyrgyzstan,National Average,RETAIL,Kg,kg,4.12
2016-10-01,4.13,Mutton meat,Kyrgyzstan,National Average,RETAIL,Kg,kg,4.13
2016-11-01,4.05,Mutton meat,Kyrgyzstan,National Average,RETAIL,Kg,kg,4.05
2016-12-01,4.04,Mutton meat,Kyrgyzstan,National Average,RETAIL,Kg,kg,4.04
2017-01-01,4.08,Mutton meat,Kyrgyzstan,National Average,RETAIL,Kg,kg,4.08
2017-02-01,4.1,Mutton meat,Kyrgyzstan,National Average,RETAIL,Kg,kg,4.1
2017-03-01,4.2,Mutton meat,Kyrgyzstan,National Average,RETAIL,Kg,kg,4.2
2017-04-01,4.31,Mutton meat,Kyrgyzstan,National Average,RETAIL,Kg,kg,4.31
2017-05-01,4.39,Mutton meat,Kyrgyzstan,National Average,RETAIL,Kg,kg,4.39
2017-06-01,4.43,Mutton meat,Kyrgyzstan,National Average,RETAIL,Kg,kg,4.43
2017-07-01,4.4,Mutton meat,Kyrgyzstan,National Average,RETAIL,Kg,kg,4.4
2017-08-01,4.38,Mutton meat,Kyrgyzstan,National Average,RETAIL,Kg,kg,4.38
2017-09-01,4.38,Mutton meat,Kyrgyzstan,National Average,RETAIL,Kg,kg,4.38
2017-10-01,4.38,Mutton meat,Kyrgyzstan,National Average,RETAIL,Kg,kg,4.38
2017-11-01,4.28,Mutton meat,Kyrgyzstan,National Average,RETAIL,Kg,kg,4.28
2017-12-01,4.23,Mutton meat,Kyrgyzstan,National Average,RETAIL,Kg,kg,4.23
2018-01-01,4.32,Mutton meat,Kyrgyzstan,National Average,RETAIL,Kg,kg,4.32
2018-02-01,4.36,Mutton meat,Kyrgyzstan,National Average,RETAIL,Kg,kg,4.36
2018-03-01,4.39,Mutton meat,Kyrgyzstan,National Average,RETAIL,Kg,kg,4.39
2018-04-01,4.37,Mutton meat,Kyrgyzstan,National Average,RETAIL,Kg,kg,4.37
2018-05-01,4.43,Mutton meat,Kyrgyzstan,National Average,RETAIL,Kg,kg,4.43
2018-06-01,4.47,Mutton meat,Kyrgyzstan,National Average,RETAIL,Kg,kg,4.47
2018-07-01,4.5,Mutton meat,Kyrgyzstan,National Average,RETAIL,Kg,kg,4.5
2018-08-01,4.46,Mutton meat,Kyrgyzstan,National Average,RETAIL,Kg,kg,4.46
2018-09-01,4.4,Mutton meat,Kyrgyzstan,National Average,RETAIL,Kg,kg,4.4
2018-10-01,4.32,Mutton meat,Kyrgyzstan,National Average,RETAIL,Kg,kg,4.32
2018-11-01,4.27,Mutton meat,Kyrgyzstan,National Average,RETAIL,Kg,kg,4.27
2018-12-01,4.27,Mutton meat,Kyrgyzstan,National Average,RETAIL,Kg,kg,4.27
2019-01-01,4.27,Mutton meat,Kyrgyzstan,National Average,RETAIL,Kg,kg,4.27
2019-02-01,4.28,Mutton meat,Kyrgyzstan,National Average,RETAIL,Kg,kg,4.28
2019-03-01,4.33,Mutton meat,Kyrgyzstan,National Average,RETAIL,Kg,kg,4.33
2019-04-01,4.35,Mutton meat,Kyrgyzstan,National Average,RETAIL,Kg,kg,4.35
2019-05-01,4.43,Mutton meat,Kyrgyzstan,National Average,RETAIL,Kg,kg,4.43
2019-06-01,4.45,Mutton meat,Kyrgyzstan,National Average,RETAIL,Kg,kg,4.45
2019-07-01,4.44,Mutton meat,Kyrgyzstan,National Average,RETAIL,Kg,kg,4.44
2019-08-01,4.46,Mutton meat,Kyrgyzstan,National Average,RETAIL,Kg,kg,4.46
2019-09-01,4.45,Mutton meat,Kyrgyzstan,National Average,RETAIL,Kg,kg,4.45
2019-10-01,4.49,Mutton meat,Kyrgyzstan,National Average,RETAIL,Kg,kg,4.49
2019-11-01,4.36,Mutton meat,Kyrgyzstan,National Average,RETAIL,Kg,kg,4.36
2019-12-01,4.39,Mutton meat,Kyrgyzstan,National Average,RETAIL,Kg,kg,4.39
2020-01-01,4.45,Mutton meat,Kyrgyzstan,National Average,RETAIL,Kg,kg,4.45
2020-02-01,4.6,Mutton meat,Kyrgyzstan,National Average,RETAIL,Kg,kg,4.6
2020-03-01,4.54,Mutton meat,Kyrgyzstan,National Average,RETAIL,Kg,kg,4.54
2020-04-01,4.35,Mutton meat,Kyrgyzstan,National Average,RETAIL,Kg,kg,4.35
2020-05-01,4.57,Mutton meat,Kyrgyzstan,National Average,RETAIL,Kg,kg,4.57
2020-06-01,4.66,Mutton meat,Kyrgyzstan,National Average,RETAIL,Kg,kg,4.66
2020-07-01,4.46,Mutton meat,Kyrgyzstan,National Average,RETAIL,Kg,kg,4.46
2020-08-01,4.5,Mutton meat,Kyrgyzstan,National Average,RETAIL,Kg,kg,4.5
2020-09-01,4.58,Mutton meat,Kyrgyzstan,National Average,RETAIL,Kg,kg,4.58
2020-10-01,4.79,Mutton meat,Kyrgyzstan,National Average,RETAIL,Kg,kg,4.79
2020-11-01,4.69,Mutton meat,Kyrgyzstan,National Average,RETAIL,Kg,kg,4.69
2020-12-01,4.9,Mutton meat,Kyrgyzstan,National Average,RETAIL,Kg,kg,4.9
2021-01-01,5.09,Mutton meat,Kyrgyzstan,National Average,RETAIL,Kg,kg,5.09
2021-02-01,5.17,Mutton meat,Kyrgyzstan,National Average,RETAIL,Kg,kg,5.17
2021-03-01,5.22,Mutton meat,Kyrgyzstan,National Average,RETAIL,Kg,kg,5.22
2021-04-01,5.28,Mutton meat,Kyrgyzstan,National Average,RETAIL,Kg,kg,5.28
2021-05-01,5.58,Mutton meat,Kyrgyzstan,National Average,RETAIL,Kg,kg,5.58
2021-06-01,5.74,Mutton meat,Kyrgyzstan,National Average,RETAIL,Kg,kg,5.74
2021-07-01,5.81,Mutton meat,Kyrgyzstan,National Average,RETAIL,Kg,kg,5.81
2021-08-01,5.82,Mutton meat,Kyrgyzstan,National Average,RETAIL,Kg,kg,5.82
2021-09-01,5.81,Mutton meat,Kyrgyzstan,National Average,RETAIL,Kg,kg,5.81
2021-10-01,5.79,Mutton meat,Kyrgyzstan,National Average,RETAIL,Kg,kg,5.79
2021-11-01,5.71,Mutton meat,Kyrgyzstan,National Average,RETAIL,Kg,kg,5.71
2021-12-01,5.59,Mutton meat,Kyrgyzstan,National Average,RETAIL,Kg,kg,5.59
2022-01-01,5.51,Mutton meat,Kyrgyzstan,National Average,RETAIL,Kg,kg,5.51
2022-02-01,5.46,Mutton meat,Kyrgyzstan,National Average,RETAIL,Kg,kg,5.46
2022-03-01,4.81,Mutton meat,Kyrgyzstan,National Average,RETAIL,Kg,kg,4.81
2022-04-01,5.76,Mutton meat,Kyrgyzstan,National Average,RETAIL,Kg,kg,5.76
2022-05-01,6.25,Mutton meat,Kyrgyzstan,National Average,RETAIL,Kg,kg,6.25
2022-06-01,6.52,Mutton meat,Kyrgyzstan,National Average,RETAIL,Kg,kg,6.52
2022-07-01,6.59,Mutton meat,Kyrgyzstan,National Average,RETAIL,Kg,kg,6.59
2022-08-01,6.56,Mutton meat,Kyrgyzstan,National Average,RETAIL,Kg,kg,6.56
2022-09-01,6.58,Mutton meat,Kyrgyzstan,National Average,RETAIL,Kg,kg,6.58
2022-10-01,6.48,Mutton meat,Kyrgyzstan,National Average,RETAIL,Kg,kg,6.48
2022-11-01,6.3,Mutton meat,Kyrgyzstan,National Average,RETAIL,Kg,kg,6.3
2022-12-01,6.2,Mutton meat,Kyrgyzstan,National Average,RETAIL,Kg,kg,6.2
2023-01-01,6.16,Mutton meat,Kyrgyzstan,National Average,RETAIL,Kg,kg,6.16
2023-02-01,6.08,Mutton meat,Kyrgyzstan,National Average,RETAIL,Kg,kg,6.08
2023-03-01,6.13,Mutton meat,Kyrgyzstan,National Average,RETAIL,Kg,kg,6.13
2023-04-01,6.26,Mutton meat,Kyrgyzstan,National Average,RETAIL,Kg,kg,6.26
2023-05-01,6.58,Mutton meat,Kyrgyzstan,National Average,RETAIL,Kg,kg,6.58
2023-06-01,6.78,Mutton meat,Kyrgyzstan,National Average,RETAIL,Kg,kg,6.78
2023-07-01,6.66,Mutton meat,Kyrgyzstan,National Average,RETAIL,Kg,kg,6.66
2023-08-01,6.63,Mutton meat,Kyrgyzstan,National Average,RETAIL,Kg,kg,6.63
2023-09-01,6.52,Mutton meat,Kyrgyzstan,National Average,RETAIL,Kg,kg,6.52
2023-10-01,6.4,Mutton meat,Kyrgyzstan,National Average,RETAIL,Kg,kg,6.4
2023-11-01,6.29,Mutton meat,Kyrgyzstan,National Average,RETAIL,Kg,kg,6.29
2023-12-01,6.09,Mutton meat,Kyrgyzstan,National Average,RETAIL,Kg,kg,6.09
2024-01-01,6.08,Mutton meat,Kyrgyzstan,National Average,RETAIL,Kg,kg,6.08
2024-02-01,6.17,Mutton meat,Kyrgyzstan,National Average,RETAIL,Kg,kg,6.17
2024-03-01,6.18,Mutton meat,Kyrgyzstan,National Average,RETAIL,Kg,kg,6.18
2024-04-01,6.24,Mutton meat,Kyrgyzstan,National Average,RETAIL,Kg,kg,6.24
2024-05-01,6.36,Mutton meat,Kyrgyzstan,National Average,RETAIL,Kg,kg,6.36
2024-06-01,6.51,Mutton meat,Kyrgyzstan,National Average,RETAIL,Kg,kg,6.51
2024-07-01,6.72,Mutton meat,Kyrgyzstan,National Average,RETAIL,Kg,kg,6.72
2024-08-01,6.78,Mutton meat,Kyrgyzstan,National Average,RETAIL,Kg,kg,6.78
2024-09-01,6.95,Mutton meat,Kyrgyzstan,National Average,RETAIL,Kg,kg,6.95
2024-10-01,6.87,Mutton meat,Kyrgyzstan,National Average,RETAIL,Kg,kg,6.87
2024-11-01,6.79,Mutton meat,Kyrgyzstan,National Average,RETAIL,Kg,kg,6.79
2024-12-01,6.75,Mutton meat,Kyrgyzstan,National Average,RETAIL,Kg,kg,6.75
2025-01-01,6.8,Mutton meat,Kyrgyzstan,National Average,RETAIL,Kg,kg,6.8
2025-02-01,6.99,Mutton meat,Kyrgyzstan,National Average,RETAIL,Kg,kg,6.99
2025-03-01,7.15,Mutton meat,Kyrgyzstan,National Average,RETAIL,Kg,kg,7.15
2025-04-01,7.37,Mutton meat,Kyrgyzstan,National Average,RETAIL,Kg,kg,7.37
2025-05-01,7.47,Mutton meat,Kyrgyzstan,National Average,RETAIL,Kg,kg,7.47
2025-06-01,7.55,Mutton meat,Kyrgyzstan,National Average,RETAIL,Kg,kg,7.55
2025-07-01,7.74,Mutton meat,Kyrgyzstan,National Average,RETAIL,Kg,kg,7.74
2025-08-01,7.89,Mutton meat,Kyrgyzstan,National Average,RETAIL,Kg,kg,7.89
2025-09-01,7.78,Mutton meat,Kyrgyzstan,National Average,RETAIL,Kg,kg,7.78
2025-10-01,7.82,Mutton meat,Kyrgyzstan,National Average,RETAIL,Kg,kg,7.82
2005-01-01,2.68,Mutton meat,Kyrgyzstan,Osh,RETAIL,Kg,kg,2.68
2005-02-01,2.68,Mutton meat,Kyrgyzstan,Osh,RETAIL,Kg,kg,2.68
2005-03-01,2.68,Mutton meat,Kyrgyzstan,Osh,RETAIL,Kg,kg,2.68
2005-04-01,2.67,Mutton meat,Kyrgyzstan,Osh,RETAIL,Kg,kg,2.67
2005-05-01,2.68,Mutton meat,Kyrgyzstan,Osh,RETAIL,Kg,kg,2.68
2005-06-01,2.68,Mutton meat,Kyrgyzstan,Osh,RETAIL,Kg,kg,2.68
2005-07-01,2.69,Mutton meat,Kyrgyzstan,Osh,RETAIL,Kg,kg,2.69
2005-08-01,2.69,Mutton meat,Kyrgyzstan,Osh,RETAIL,Kg,kg,2.69
2005-09-01,2.69,Mutton meat,Kyrgyzstan,Osh,RETAIL,Kg,kg,2.69
2005-10-01,2.69,Mutton meat,Kyrgyzstan,Osh,RETAIL,Kg,kg,2.69
2005-11-01,2.69,Mutton meat,Kyrgyzstan,Osh,RETAIL,Kg,kg,2.69
2005-12-01,2.67,Mutton meat,Kyrgyzstan,Osh,RETAIL,Kg,kg,2.67
2006-01-01,2.66,Mutton meat,Kyrgyzstan,Osh,RETAIL,Kg,kg,2.66
2006-02-01,2.66,Mutton meat,Kyrgyzstan,Osh,RETAIL,Kg,kg,2.66
2006-03-01,2.66,Mutton meat,Kyrgyzstan,Osh,RETAIL,Kg,kg,2.66
2006-04-01,2.92,Mutton meat,Kyrgyzstan,Osh,RETAIL,Kg,kg,2.92
2006-05-01,2.95,Mutton meat,Kyrgyzstan,Osh,RETAIL,Kg,kg,2.95
2006-06-01,2.97,Mutton meat,Kyrgyzstan,Osh,RETAIL,Kg,kg,2.97
2006-07-01,3.0,Mutton meat,Kyrgyzstan,Osh,RETAIL,Kg,kg,3.0
2006-08-01,3.03,Mutton meat,Kyrgyzstan,Osh,RETAIL,Kg,kg,3.03
2006-09-01,3.05,Mutton meat,Kyrgyzstan,Osh,RETAIL,Kg,kg,3.05
2006-10-01,3.12,Mutton meat,Kyrgyzstan,Osh,RETAIL,Kg,kg,3.12
2006-11-01,3.18,Mutton meat,Kyrgyzstan,Osh,RETAIL,Kg,kg,3.18
2006-12-01,3.51,Mutton meat,Kyrgyzstan,Osh,RETAIL,Kg,kg,3.51
2007-01-01,3.65,Mutton meat,Kyrgyzstan,Osh,RETAIL,Kg,kg,3.65
2007-02-01,3.62,Mutton meat,Kyrgyzstan,Osh,RETAIL,Kg,kg,3.62
2007-03-01,3.67,Mutton meat,Kyrgyzstan,Osh,RETAIL,Kg,kg,3.67
2007-04-01,3.68,Mutton meat,Kyrgyzstan,Osh,RETAIL,Kg,kg,3.68
2007-05-01,3.95,Mutton meat,Kyrgyzstan,Osh,RETAIL,Kg,kg,3.95
2007-06-01,3.95,Mutton meat,Kyrgyzstan,Osh,RETAIL,Kg,kg,3.95
2007-07-01,3.96,Mutton meat,Kyrgyzstan,Osh,RETAIL,Kg,kg,3.96
2007-08-01,3.97,Mutton meat,Kyrgyzstan,Osh,RETAIL,Kg,kg,3.97
2007-09-01,4.05,Mutton meat,Kyrgyzstan,Osh,RETAIL,Kg,kg,4.05
2007-10-01,4.39,Mutton meat,Kyrgyzstan,Osh,RETAIL,Kg,kg,4.39
2007-11-01,4.47,Mutton meat,Kyrgyzstan,Osh,RETAIL,Kg,kg,4.47
2007-12-01,4.46,Mutton meat,Kyrgyzstan,Osh,RETAIL,Kg,kg,4.46
2008-01-01,4.47,Mutton meat,Kyrgyzstan,Osh,RETAIL,Kg,kg,4.47
2008-02-01,4.42,Mutton meat,Kyrgyzstan,Osh,RETAIL,Kg,kg,4.42
2008-03-01,4.39,Mutton meat,Kyrgyzstan,Osh,RETAIL,Kg,kg,4.39
2008-04-01,4.48,Mutton meat,Kyrgyzstan,Osh,RETAIL,Kg,kg,4.48
2008-05-01,4.97,Mutton meat,Kyrgyzstan,Osh,RETAIL,Kg,kg,4.97
2008-06-01,5.04,Mutton meat,Kyrgyzstan,Osh,RETAIL,Kg,kg,5.04
2008-07-01,5.13,Mutton meat,Kyrgyzstan,Osh,RETAIL,Kg,kg,5.13
2008-08-01,4.89,Mutton meat,Kyrgyzstan,Osh,RETAIL,Kg,kg,4.89
2008-09-01,4.81,Mutton meat,Kyrgyzstan,Osh,RETAIL,Kg,kg,4.81
2008-10-01,4.55,Mutton meat,Kyrgyzstan,Osh,RETAIL,Kg,kg,4.55
2008-11-01,4.36,Mutton meat,Kyrgyzstan,Osh,RETAIL,Kg,kg,4.36
2008-12-01,4.35,Mutton meat,Kyrgyzstan,Osh,RETAIL,Kg,kg,4.35
2009-01-01,4.76,Mutton meat,Kyrgyzstan,Osh,RETAIL,Kg,kg,4.76
2009-02-01,4.65,Mutton meat,Kyrgyzstan,Osh,RETAIL,Kg,kg,4.65
2009-03-01,4.52,Mutton meat,Kyrgyzstan,Osh,RETAIL,Kg,kg,4.52
2009-04-01,4.42,Mutton meat,Kyrgyzstan,Osh,RETAIL,Kg,kg,4.42
2009-05-01,4.4,Mutton meat,Kyrgyzstan,Osh,RETAIL,Kg,kg,4.4
2009-06-01,4.39,Mutton meat,Kyrgyzstan,Osh,RETAIL,Kg,kg,4.39
2009-07-01,4.09,Mutton meat,Kyrgyzstan,Osh,RETAIL,Kg,kg,4.09
2009-08-01,3.89,Mutton meat,Kyrgyzstan,Osh,RETAIL,Kg,kg,3.89
2009-09-01,3.86,Mutton meat,Kyrgyzstan,Osh,RETAIL,Kg,kg,3.86
2009-10-01,3.89,Mutton meat,Kyrgyzstan,Osh,RETAIL,Kg,kg,3.89
2009-11-01,3.88,Mutton meat,Kyrgyzstan,Osh,RETAIL,Kg,kg,3.88
2009-12-01,3.86,Mutton meat,Kyrgyzstan,Osh,RETAIL,Kg,kg,3.86
2010-01-01,3.92,Mutton meat,Kyrgyzstan,Osh,RETAIL,Kg,kg,3.92
2010-02-01,4.03,Mutton meat,Kyrgyzstan,Osh,RETAIL,Kg,kg,4.03
2010-03-01,4.01,Mutton meat,Kyrgyzstan,Osh,RETAIL,Kg,kg,4.01
2010-04-01,3.97,Mutton meat,Kyrgyzstan,Osh,RETAIL,Kg,kg,3.97
2010-05-01,4.04,Mutton meat,Kyrgyzstan,Osh,RETAIL,Kg,kg,4.04
2010-06-01,4.21,Mutton meat,Kyrgyzstan,Osh,RETAIL,Kg,kg,4.21
2010-07-01,4.27,Mutton meat,Kyrgyzstan,Osh,RETAIL,Kg,kg,4.27
2010-08-01,4.29,Mutton meat,Kyrgyzstan,Osh,RETAIL,Kg,kg,4.29
2010-09-01,4.27,Mutton meat,Kyrgyzstan,Osh,RETAIL,Kg,kg,4.27
2010-10-01,4.29,Mutton meat,Kyrgyzstan,Osh,RETAIL,Kg,kg,4.29
2010-11-01,4.62,Mutton meat,Kyrgyzstan,Osh,RETAIL,Kg,kg,4.62
2010-12-01,5.08,Mutton meat,Kyrgyzstan,Osh,RETAIL,Kg,kg,5.08
2011-01-01,5.45,Mutton meat,Kyrgyzstan,Osh,RETAIL,Kg,kg,5.45
2011-02-01,5.69,Mutton meat,Kyrgyzstan,Osh,RETAIL,Kg,kg,5.69
2011-03-01,5.61,Mutton meat,Kyrgyzstan,Osh,RETAIL,Kg,kg,5.61
2011-04-01,5.63,Mutton meat,Kyrgyzstan,Osh,RETAIL,Kg,kg,5.63
2011-05-01,5.84,Mutton meat,Kyrgyzstan,Osh,RETAIL,Kg,kg,5.84
2011-06-01,6.33,Mutton meat,Kyrgyzstan,Osh,RETAIL,Kg,kg,6.33
2011-07-01,6.57,Mutton meat,Kyrgyzstan,Osh,RETAIL,Kg,kg,6.57
2011-08-01,6.59,Mutton meat,Kyrgyzstan,Osh,RETAIL,Kg,kg,6.59
2011-09-01,6.65,Mutton meat,Kyrgyzstan,Osh,RETAIL,Kg,kg,6.65
2011-10-01,6.63,Mutton meat,Kyrgyzstan,Osh,RETAIL,Kg,kg,6.63
2011-11-01,6.49,Mutton meat,Kyrgyzstan,Osh,RETAIL,Kg,kg,6.49
2011-12-01,6.44,Mutton meat,Kyrgyzstan,Osh,RETAIL,Kg,kg,6.44
2012-01-01,6.43,Mutton meat,Kyrgyzstan,Osh,RETAIL,Kg,kg,6.43
2012-02-01,6.41,Mutton meat,Kyrgyzstan,Osh,RETAIL,Kg,kg,6.41
2012-03-01,6.43,Mutton meat,Kyrgyzstan,Osh,RETAIL,Kg,kg,6.43
2012-04-01,6.41,Mutton meat,Kyrgyzstan,Osh,RETAIL,Kg,kg,6.41
2012-05-01,6.41,Mutton meat,Kyrgyzstan,Osh,RETAIL,Kg,kg,6.41
2012-06-01,6.78,Mutton meat,Kyrgyzstan,Osh,RETAIL,Kg,kg,6.78
2012-07-01,6.68,Mutton meat,Kyrgyzstan,Osh,RETAIL,Kg,kg,6.68
2012-08-01,6.5,Mutton meat,Kyrgyzstan,Osh,RETAIL,Kg,kg,6.5
2012-09-01,6.49,Mutton meat,Kyrgyzstan,Osh,RETAIL,Kg,kg,6.49
2012-10-01,6.43,Mutton meat,Kyrgyzstan,Osh,RETAIL,Kg,kg,6.43
2012-11-01,6.16,Mutton meat,Kyrgyzstan,Osh,RETAIL,Kg,kg,6.16
2012-12-01,6.12,Mutton meat,Kyrgyzstan,Osh,RETAIL,Kg,kg,6.12
2013-01-01,6.1,Mutton meat,Kyrgyzstan,Osh,RETAIL,Kg,kg,6.1
2013-02-01,6.07,Mutton meat,Kyrgyzstan,Osh,RETAIL,Kg,kg,6.07
2013-03-01,6.2,Mutton meat,Kyrgyzstan,Osh,RETAIL,Kg,kg,6.2
2013-04-01,6.22,Mutton meat,Kyrgyzstan,Osh,RETAIL,Kg,kg,6.22
2013-05-01,6.23,Mutton meat,Kyrgyzstan,Osh,RETAIL,Kg,kg,6.23
2013-06-01,6.19,Mutton meat,Kyrgyzstan,Osh,RETAIL,Kg,kg,6.19
2013-07-01,6.14,Mutton meat,Kyrgyzstan,Osh,RETAIL,Kg,kg,6.14
2013-08-01,6.16,Mutton meat,Kyrgyzstan,Osh,RETAIL,Kg,kg,6.16
2013-09-01,6.13,Mutton meat,Kyrgyzstan,Osh,RETAIL,Kg,kg,6.13
2013-10-01,6.16,Mutton meat,Kyrgyzstan,Osh,RETAIL,Kg,kg,6.16
2013-11-01,6.15,Mutton meat,Kyrgyzstan,Osh,RETAIL,Kg,kg,6.15
2013-12-01,6.39,Mutton meat,Kyrgyzstan,Osh,RETAIL,Kg,kg,6.39
2014-01-01,6.42,Mutton meat,Kyrgyzstan,Osh,RETAIL,Kg,kg,6.42
2014-02-01,6.22,Mutton meat,Kyrgyzstan,Osh,RETAIL,Kg,kg,6.22
2014-03-01,5.88,Mutton meat,Kyrgyzstan,Osh,RETAIL,Kg,kg,5.88
2014-04-01,5.98,Mutton meat,Kyrgyzstan,Osh,RETAIL,Kg,kg,5.98
2014-05-01,6.41,Mutton meat,Kyrgyzstan,Osh,RETAIL,Kg,kg,6.41
2014-06-01,6.51,Mutton meat,Kyrgyzstan,Osh,RETAIL,Kg,kg,6.51
2014-07-01,6.6,Mutton meat,Kyrgyzstan,Osh,RETAIL,Kg,kg,6.6
2014-08-01,6.71,Mutton meat,Kyrgyzstan,Osh,RETAIL,Kg,kg,6.71
2014-09-01,6.49,Mutton meat,Kyrgyzstan,Osh,RETAIL,Kg,kg,6.49
2014-10-01,6.36,Mutton meat,Kyrgyzstan,Osh,RETAIL,Kg,kg,6.36
2014-11-01,6.28,Mutton meat,Kyrgyzstan,Osh,RETAIL,Kg,kg,6.28
2014-12-01,6.32,Mutton meat,Kyrgyzstan,Osh,RETAIL,Kg,kg,6.32
2015-01-01,6.18,Mutton meat,Kyrgyzstan,Osh,RETAIL,Kg,kg,6.18
2015-02-01,5.96,Mutton meat,Kyrgyzstan,Osh,RETAIL,Kg,kg,5.96
2015-03-01,5.55,Mutton meat,Kyrgyzstan,Osh,RETAIL,Kg,kg,5.55
2015-04-01,5.49,Mutton meat,Kyrgyzstan,Osh,RETAIL,Kg,kg,5.49
2015-05-01,5.86,Mutton meat,Kyrgyzstan,Osh,RETAIL,Kg,kg,5.86
2015-06-01,5.72,Mutton meat,Kyrgyzstan,Osh,RETAIL,Kg,kg,5.72
2015-07-01,5.48,Mutton meat,Kyrgyzstan,Osh,RETAIL,Kg,kg,5.48
2015-08-01,5.42,Mutton meat,Kyrgyzstan,Osh,RETAIL,Kg,kg,5.42
2015-09-01,5.02,Mutton meat,Kyrgyzstan,Osh,RETAIL,Kg,kg,5.02
2015-10-01,4.93,Mutton meat,Kyrgyzstan,Osh,RETAIL,Kg,kg,4.93
2015-11-01,4.69,Mutton meat,Kyrgyzstan,Osh,RETAIL,Kg,kg,4.69
2015-12-01,4.21,Mutton meat,Kyrgyzstan,Osh,RETAIL,Kg,kg,4.21
2016-01-01,3.95,Mutton meat,Kyrgyzstan,Osh,RETAIL,Kg,kg,3.95
2016-02-01,3.98,Mutton meat,Kyrgyzstan,Osh,RETAIL,Kg,kg,3.98
2016-03-01,3.86,Mutton meat,Kyrgyzstan,Osh,RETAIL,Kg,kg,3.86
2016-04-01,3.84,Mutton meat,Kyrgyzstan,Osh,RETAIL,Kg,kg,3.84
2016-05-01,4.01,Mutton meat,Kyrgyzstan,Osh,RETAIL,Kg,kg,4.01
2016-06-01,4.13,Mutton meat,Kyrgyzstan,Osh,RETAIL,Kg,kg,4.13
2016-07-01,4.2,Mutton meat,Kyrgyzstan,Osh,RETAIL,Kg,kg,4.2
2016-08-01,4.3,Mutton meat,Kyrgyzstan,Osh,RETAIL,Kg,kg,4.3
2016-09-01,4.17,Mutton meat,Kyrgyzstan,Osh,RETAIL,Kg,kg,4.17
2016-10-01,4.1,Mutton meat,Kyrgyzstan,Osh,RETAIL,Kg,kg,4.1
2016-11-01,4.06,Mutton meat,Kyrgyzstan,Osh,RETAIL,Kg,kg,4.06
2016-12-01,4.04,Mutton meat,Kyrgyzstan,Osh,RETAIL,Kg,kg,4.04
2017-01-01,4.07,Mutton meat,Kyrgyzstan,Osh,RETAIL,Kg,kg,4.07
2017-02-01,4.13,Mutton meat,Kyrgyzstan,Osh,RETAIL,Kg,kg,4.13
2017-03-01,4.26,Mutton meat,Kyrgyzstan,Osh,RETAIL,Kg,kg,4.26
2017-04-01,4.37,Mutton meat,Kyrgyzstan,Osh,RETAIL,Kg,kg,4.37
2017-05-01,4.39,Mutton meat,Kyrgyzstan,Osh,RETAIL,Kg,kg,4.39
2017-06-01,4.5,Mutton meat,Kyrgyzstan,Osh,RETAIL,Kg,kg,4.5
2017-07-01,4.63,Mutton meat,Kyrgyzstan,Osh,RETAIL,Kg,kg,4.63
2017-08-01,4.65,Mutton meat,Kyrgyzstan,Osh,RETAIL,Kg,kg,4.65
2017-09-01,4.67,Mutton meat,Kyrgyzstan,Osh,RETAIL,Kg,kg,4.67
2017-10-01,4.67,Mutton meat,Kyrgyzstan,Osh,RETAIL,Kg,kg,4.67
2017-11-01,4.63,Mutton meat,Kyrgyzstan,Osh,RETAIL,Kg,kg,4.63
2017-12-01,4.66,Mutton meat,Kyrgyzstan,Osh,RETAIL,Kg,kg,4.66
2018-01-01,4.74,Mutton meat,Kyrgyzstan,Osh,RETAIL,Kg,kg,4.74
2018-02-01,4.65,Mutton meat,Kyrgyzstan,Osh,RETAIL,Kg,kg,4.65
2018-03-01,4.62,Mutton meat,Kyrgyzstan,Osh,RETAIL,Kg,kg,4.62
2018-04-01,4.59,Mutton meat,Kyrgyzstan,Osh,RETAIL,Kg,kg,4.59
2018-05-01,4.59,Mutton meat,Kyrgyzstan,Osh,RETAIL,Kg,kg,4.59
2018-06-01,4.61,Mutton meat,Kyrgyzstan,Osh,RETAIL,Kg,kg,4.61
2018-07-01,4.62,Mutton meat,Kyrgyzstan,Osh,RETAIL,Kg,kg,4.62
2018-08-01,4.59,Mutton meat,Kyrgyzstan,Osh,RETAIL,Kg,kg,4.59
2018-09-01,4.66,Mutton meat,Kyrgyzstan,Osh,RETAIL,Kg,kg,4.66
2018-10-01,4.73,Mutton meat,Kyrgyzstan,Osh,RETAIL,Kg,kg,4.73
2018-11-01,4.72,Mutton meat,Kyrgyzstan,Osh,RETAIL,Kg,kg,4.72
2018-12-01,4.72,Mutton meat,Kyrgyzstan,Osh,RETAIL,Kg,kg,4.72
2019-01-01,4.73,Mutton meat,Kyrgyzstan,Osh,RETAIL,Kg,kg,4.73
2019-02-01,4.73,Mutton meat,Kyrgyzstan,Osh,RETAIL,Kg,kg,4.73
2019-03-01,4.73,Mutton meat,Kyrgyzstan,Osh,RETAIL,Kg,kg,4.73
2019-04-01,4.73,Mutton meat,Kyrgyzstan,Osh,RETAIL,Kg,kg,4.73
2019-05-01,4.72,Mutton meat,Kyrgyzstan,Osh,RETAIL,Kg,kg,4.72
2019-06-01,4.73,Mutton meat,Kyrgyzstan,Osh,RETAIL,Kg,kg,4.73
2019-07-01,4.91,Mutton meat,Kyrgyzstan,Osh,RETAIL,Kg,kg,4.91
2019-08-01,4.94,Mutton meat,Kyrgyzstan,Osh,RETAIL,Kg,kg,4.94
2019-09-01,4.99,Mutton meat,Kyrgyzstan,Osh,RETAIL,Kg,kg,4.99
2019-10-01,5.01,Mutton meat,Kyrgyzstan,Osh,RETAIL,Kg,kg,5.01
2019-11-01,5.03,Mutton meat,Kyrgyzstan,Osh,RETAIL,Kg,kg,5.03
2019-12-01,5.08,Mutton meat,Kyrgyzstan,Osh,RETAIL,Kg,kg,5.08
2020-01-01,5.09,Mutton meat,Kyrgyzstan,Osh,RETAIL,Kg,kg,5.09
2020-02-01,5.08,Mutton meat,Kyrgyzstan,Osh,RETAIL,Kg,kg,5.08
2020-03-01,4.83,Mutton meat,Kyrgyzstan,Osh,RETAIL,Kg,kg,4.83
2020-04-01,4.51,Mutton meat,Kyrgyzstan,Osh,RETAIL,Kg,kg,4.51
2020-05-01,4.77,Mutton meat,Kyrgyzstan,Osh,RETAIL,Kg,kg,4.77
2020-06-01,4.89,Mutton meat,Kyrgyzstan,Osh,RETAIL,Kg,kg,4.89
2020-07-01,4.72,Mutton meat,Kyrgyzstan,Osh,RETAIL,Kg,kg,4.72
2020-08-01,4.73,Mutton meat,Kyrgyzstan,Osh,RETAIL,Kg,kg,4.73
2020-09-01,5.07,Mutton meat,Kyrgyzstan,Osh,RETAIL,Kg,kg,5.07
2020-10-01,5.28,Mutton meat,Kyrgyzstan,Osh,RETAIL,Kg,kg,5.28
2020-11-01,5.18,Mutton meat,Kyrgyzstan,Osh,RETAIL,Kg,kg,5.18
2020-12-01,5.45,Mutton meat,Kyrgyzstan,Osh,RETAIL,Kg,kg,5.45
2021-01-01,5.41,Mutton meat,Kyrgyzstan,Osh,RETAIL,Kg,kg,5.41
2021-02-01,5.39,Mutton meat,Kyrgyzstan,Osh,RETAIL,Kg,kg,5.39
2021-03-01,5.39,Mutton meat,Kyrgyzstan,Osh,RETAIL,Kg,kg,5.39
2021-04-01,5.39,Mutton meat,Kyrgyzstan,Osh,RETAIL,Kg,kg,5.39
2021-05-01,5.48,Mutton meat,Kyrgyzstan,Osh,RETAIL,Kg,kg,5.48
2021-06-01,5.9,Mutton meat,Kyrgyzstan,Osh,RETAIL,Kg,kg,5.9
2021-07-01,6.1,Mutton meat,Kyrgyzstan,Osh,RETAIL,Kg,kg,6.1
2021-08-01,6.23,Mutton meat,Kyrgyzstan,Osh,RETAIL,Kg,kg,6.23
2021-09-01,6.21,Mutton meat,Kyrgyzstan,Osh,RETAIL,Kg,kg,6.21
2021-10-01,6.19,Mutton meat,Kyrgyzstan,Osh,RETAIL,Kg,kg,6.19
2021-11-01,6.19,Mutton meat,Kyrgyzstan,Osh,RETAIL,Kg,kg,6.19
2021-12-01,6.19,Mutton meat,Kyrgyzstan,Osh,RETAIL,Kg,kg,6.19
2022-01-01,6.19,Mutton meat,Kyrgyzstan,Osh,RETAIL,Kg,kg,6.19
2022-02-01,6.14,Mutton meat,Kyrgyzstan,Osh,RETAIL,Kg,kg,6.14
2022-03-01,5.29,Mutton meat,Kyrgyzstan,Osh,RETAIL,Kg,kg,5.29
2022-04-01,6.21,Mutton meat,Kyrgyzstan,Osh,RETAIL,Kg,kg,6.21
2022-05-01,6.63,Mutton meat,Kyrgyzstan,Osh,RETAIL,Kg,kg,6.63
2022-06-01,6.91,Mutton meat,Kyrgyzstan,Osh,RETAIL,Kg,kg,6.91
2022-07-01,7.02,Mutton meat,Kyrgyzstan,Osh,RETAIL,Kg,kg,7.02
2022-08-01,6.94,Mutton meat,Kyrgyzstan,Osh,RETAIL,Kg,kg,6.94
2022-09-01,6.97,Mutton meat,Kyrgyzstan,Osh,RETAIL,Kg,kg,6.97
2022-10-01,6.9,Mutton meat,Kyrgyzstan,Osh,RETAIL,Kg,kg,6.9
2022-11-01,6.72,Mutton meat,Kyrgyzstan,Osh,RETAIL,Kg,kg,6.72
2022-12-01,6.67,Mutton meat,Kyrgyzstan,Osh,RETAIL,Kg,kg,6.67
2023-01-01,6.71,Mutton meat,Kyrgyzstan,Osh,RETAIL,Kg,kg,6.71
2023-02-01,6.63,Mutton meat,Kyrgyzstan,Osh,RETAIL,Kg,kg,6.63
2023-03-01,6.63,Mutton meat,Kyrgyzstan,Osh,RETAIL,Kg,kg,6.63
2023-04-01,6.62,Mutton meat,Kyrgyzstan,Osh,RETAIL,Kg,kg,6.62
2023-05-01,6.7,Mutton meat,Kyrgyzstan,Osh,RETAIL,Kg,kg,6.7
2023-06-01,6.86,Mutton meat,Kyrgyzstan,Osh,RETAIL,Kg,kg,6.86
2023-07-01,6.84,Mutton meat,Kyrgyzstan,Osh,RETAIL,Kg,kg,6.84
2023-08-01,6.81,Mutton meat,Kyrgyzstan,Osh,RETAIL,Kg,kg,6.81
2023-09-01,6.78,Mutton meat,Kyrgyzstan,Osh,RETAIL,Kg,kg,6.78
2023-10-01,6.73,Mutton meat,Kyrgyzstan,Osh,RETAIL,Kg,kg,6.73
2023-11-01,6.73,Mutton meat,Kyrgyzstan,Osh,RETAIL,Kg,kg,6.73
2023-12-01,6.73,Mutton meat,Kyrgyzstan,Osh,RETAIL,Kg,kg,6.73
2024-01-01,6.72,Mutton meat,Kyrgyzstan,Osh,RETAIL,Kg,kg,6.72
2024-02-01,6.71,Mutton meat,Kyrgyzstan,Osh,RETAIL,Kg,kg,6.71
2024-03-01,6.71,Mutton meat,Kyrgyzstan,Osh,RETAIL,Kg,kg,6.71
2024-04-01,6.73,Mutton meat,Kyrgyzstan,Osh,RETAIL,Kg,kg,6.73
2024-05-01,6.77,Mutton meat,Kyrgyzstan,Osh,RETAIL,Kg,kg,6.77
2024-06-01,6.84,Mutton meat,Kyrgyzstan,Osh,RETAIL,Kg,kg,6.84
2024-07-01,7.05,Mutton meat,Kyrgyzstan,Osh,RETAIL,Kg,kg,7.05
2024-08-01,7.05,Mutton meat,Kyrgyzstan,Osh,RETAIL,Kg,kg,7.05
2024-09-01,7.29,Mutton meat,Kyrgyzstan,Osh,RETAIL,Kg,kg,7.29
2024-10-01,7.27,Mutton meat,Kyrgyzstan,Osh,RETAIL,Kg,kg,7.27
2024-11-01,7.18,Mutton meat,Kyrgyzstan,Osh,RETAIL,Kg,kg,7.18
2024-12-01,7.12,Mutton meat,Kyrgyzstan,Osh,RETAIL,Kg,kg,7.12
2025-01-01,7.15,Mutton meat,Kyrgyzstan,Osh,RETAIL,Kg,kg,7.15
2025-02-01,7.57,Mutton meat,Kyrgyzstan,Osh,RETAIL,Kg,kg,7.57
2025-03-01,7.31,Mutton meat,Kyrgyzstan,Osh,RETAIL,Kg,kg,7.31
2025-04-01,7.34,Mutton meat,Kyrgyzstan,Osh,RETAIL,Kg,kg,7.34
2025-05-01,7.45,Mutton meat,Kyrgyzstan,Osh,RETAIL,Kg,kg,7.45
2025-06-01,7.47,Mutton meat,Kyrgyzstan,Osh,RETAIL,Kg,kg,7.47
2025-07-01,7.55,Mutton meat,Kyrgyzstan,Osh,RETAIL,Kg,kg,7.55
2025-08-01,7.83,Mutton meat,Kyrgyzstan,Osh,RETAIL,Kg,kg,7.83
2025-09-01,7.79,Mutton meat,Kyrgyzstan,Osh,RETAIL,Kg,kg,7.79
2025-10-01,7.78,Mutton meat,Kyrgyzstan,Osh,RETAIL,Kg,kg,7.78
2010-01-01,1.17,Mutton meat,Mongolia,Bayan-Ulgii,RETAIL,Kg,kg,1.17
2010-02-01,1.59,Mutton meat,Mongolia,Bayan-Ulgii,RETAIL,Kg,kg,1.59
2010-03-01,1.91,Mutton meat,Mongolia,Bayan-Ulgii,RETAIL,Kg,kg,1.91
2010-04-01,2.19,Mutton meat,Mongolia,Bayan-Ulgii,RETAIL,Kg,kg,2.19
2010-05-01,2.88,Mutton meat,Mongolia,Bayan-Ulgii,RETAIL,Kg,kg,2.88
2010-06-01,2.68,Mutton meat,Mongolia,Bayan-Ulgii,RETAIL,Kg,kg,2.68
2010-07-01,2.34,Mutton meat,Mongolia,Bayan-Ulgii,RETAIL,Kg,kg,2.34
2010-08-01,2.11,Mutton meat,Mongolia,Bayan-Ulgii,RETAIL,Kg,kg,2.11
2010-09-01,1.66,Mutton meat,Mongolia,Bayan-Ulgii,RETAIL,Kg,kg,1.66
2010-10-01,1.68,Mutton meat,Mongolia,Bayan-Ulgii,RETAIL,Kg,kg,1.68
2010-11-01,1.73,Mutton meat,Mongolia,Bayan-Ulgii,RETAIL,Kg,kg,1.73
2010-12-01,2.43,Mutton meat,Mongolia,Bayan-Ulgii,RETAIL,Kg,kg,2.43
2011-01-01,2.79,Mutton meat,Mongolia,Bayan-Ulgii,RETAIL,Kg,kg,2.79
2011-02-01,2.79,Mutton meat,Mongolia,Bayan-Ulgii,RETAIL,Kg,kg,2.79
2011-03-01,3.09,Mutton meat,Mongolia,Bayan-Ulgii,RETAIL,Kg,kg,3.09
2011-04-01,2.87,Mutton meat,Mongolia,Bayan-Ulgii,RETAIL,Kg,kg,2.87
2011-05-01,3.13,Mutton meat,Mongolia,Bayan-Ulgii,RETAIL,Kg,kg,3.13
2011-06-01,3.18,Mutton meat,Mongolia,Bayan-Ulgii,RETAIL,Kg,kg,3.18
2011-07-01,3.21,Mutton meat,Mongolia,Bayan-Ulgii,RETAIL,Kg,kg,3.21
2011-08-01,3.63,Mutton meat,Mongolia,Bayan-Ulgii,RETAIL,Kg,kg,3.63
2011-09-01,3.02,Mutton meat,Mongolia,Bayan-Ulgii,RETAIL,Kg,kg,3.02
2011-10-01,2.94,Mutton meat,Mongolia,Bayan-Ulgii,RETAIL,Kg,kg,2.94
2011-11-01,2.8,Mutton meat,Mongolia,Bayan-Ulgii,RETAIL,Kg,kg,2.8
2011-12-01,3.13,Mutton meat,Mongolia,Bayan-Ulgii,RETAIL,Kg,kg,3.13
2012-01-01,3.27,Mutton meat,Mongolia,Bayan-Ulgii,RETAIL,Kg,kg,3.27
2012-02-01,4.1,Mutton meat,Mongolia,Bayan-Ulgii,RETAIL,Kg,kg,4.1
2012-03-01,4.13,Mutton meat,Mongolia,Bayan-Ulgii,RETAIL,Kg,kg,4.13
2012-04-01,4.19,Mutton meat,Mongolia,Bayan-Ulgii,RETAIL,Kg,kg,4.19
2012-05-01,4.93,Mutton meat,Mongolia,Bayan-Ulgii,RETAIL,Kg,kg,4.93
2012-06-01,5.05,Mutton meat,Mongolia,Bayan-Ulgii,RETAIL,Kg,kg,5.05
2012-07-01,5.32,Mutton meat,Mongolia,Bayan-Ulgii,RETAIL,Kg,kg,5.32
2012-08-01,5.06,Mutton meat,Mongolia,Bayan-Ulgii,RETAIL,Kg,kg,5.06
2012-09-01,4.19,Mutton meat,Mongolia,Bayan-Ulgii,RETAIL,Kg,kg,4.19
2012-10-01,3.97,Mutton meat,Mongolia,Bayan-Ulgii,RETAIL,Kg,kg,3.97
2012-11-01,3.82,Mutton meat,Mongolia,Bayan-Ulgii,RETAIL,Kg,kg,3.82
2012-12-01,3.94,Mutton meat,Mongolia,Bayan-Ulgii,RETAIL,Kg,kg,3.94
2013-01-01,4.07,Mutton meat,Mongolia,Bayan-Ulgii,RETAIL,Kg,kg,4.07
2013-02-01,4.3,Mutton meat,Mongolia,Bayan-Ulgii,RETAIL,Kg,kg,4.3
2013-03-01,4.27,Mutton meat,Mongolia,Bayan-Ulgii,RETAIL,Kg,kg,4.27
2013-04-01,4.23,Mutton meat,Mongolia,Bayan-Ulgii,RETAIL,Kg,kg,4.23
2013-05-01,4.43,Mutton meat,Mongolia,Bayan-Ulgii,RETAIL,Kg,kg,4.43
2013-06-01,4.47,Mutton meat,Mongolia,Bayan-Ulgii,RETAIL,Kg,kg,4.47
2013-07-01,4.41,Mutton meat,Mongolia,Bayan-Ulgii,RETAIL,Kg,kg,4.41
2013-08-01,3.86,Mutton meat,Mongolia,Bayan-Ulgii,RETAIL,Kg,kg,3.86
2013-09-01,3.31,Mutton meat,Mongolia,Bayan-Ulgii,RETAIL,Kg,kg,3.31
2013-10-01,2.96,Mutton meat,Mongolia,Bayan-Ulgii,RETAIL,Kg,kg,2.96
2013-11-01,2.88,Mutton meat,Mongolia,Bayan-Ulgii,RETAIL,Kg,kg,2.88
2013-12-01,3.18,Mutton meat,Mongolia,Bayan-Ulgii,RETAIL,Kg,kg,3.18
2014-01-01,3.21,Mutton meat,Mongolia,Bayan-Ulgii,RETAIL,Kg,kg,3.21
2014-02-01,3.14,Mutton meat,Mongolia,Bayan-Ulgii,RETAIL,Kg,kg,3.14
2014-03-01,3.29,Mutton meat,Mongolia,Bayan-Ulgii,RETAIL,Kg,kg,3.29
2014-04-01,3.36,Mutton meat,Mongolia,Bayan-Ulgii,RETAIL,Kg,kg,3.36
2014-05-01,3.59,Mutton meat,Mongolia,Bayan-Ulgii,RETAIL,Kg,kg,3.59
2014-06-01,3.43,Mutton meat,Mongolia,Bayan-Ulgii,RETAIL,Kg,kg,3.43
2014-07-01,3.31,Mutton meat,Mongolia,Bayan-Ulgii,RETAIL,Kg,kg,3.31
2014-08-01,3.1,Mutton meat,Mongolia,Bayan-Ulgii,RETAIL,Kg,kg,3.1
2014-09-01,2.81,Mutton meat,Mongolia,Bayan-Ulgii,RETAIL,Kg,kg,2.81
2014-10-01,2.7,Mutton meat,Mongolia,Bayan-Ulgii,RETAIL,Kg,kg,2.7
2014-11-01,2.66,Mutton meat,Mongolia,Bayan-Ulgii,RETAIL,Kg,kg,2.66
2014-12-01,2.66,Mutton meat,Mongolia,Bayan-Ulgii,RETAIL,Kg,kg,2.66
2015-01-01,2.59,Mutton meat,Mongolia,Bayan-Ulgii,RETAIL,Kg,kg,2.59
2015-02-01,2.55,Mutton meat,Mongolia,Bayan-Ulgii,RETAIL,Kg,kg,2.55
2015-03-01,2.77,Mutton meat,Mongolia,Bayan-Ulgii,RETAIL,Kg,kg,2.77
2015-04-01,2.94,Mutton meat,Mongolia,Bayan-Ulgii,RETAIL,Kg,kg,2.94
2015-05-01,3.09,Mutton meat,Mongolia,Bayan-Ulgii,RETAIL,Kg,kg,3.09
2015-06-01,3.12,Mutton meat,Mongolia,Bayan-Ulgii,RETAIL,Kg,kg,3.12
2015-07-01,2.92,Mutton meat,Mongolia,Bayan-Ulgii,RETAIL,Kg,kg,2.92
2015-08-01,2.76,Mutton meat,Mongolia,Bayan-Ulgii,RETAIL,Kg,kg,2.76
2015-09-01,2.51,Mutton meat,Mongolia,Bayan-Ulgii,RETAIL,Kg,kg,2.51
2015-10-01,2.34,Mutton meat,Mongolia,Bayan-Ulgii,RETAIL,Kg,kg,2.34
2015-11-01,2.09,Mutton meat,Mongolia,Bayan-Ulgii,RETAIL,Kg,kg,2.09
2015-12-01,2.0,Mutton meat,Mongolia,Bayan-Ulgii,RETAIL,Kg,kg,2.0
2016-01-01,2.19,Mutton meat,Mongolia,Bayan-Ulgii,RETAIL,Kg,kg,2.19
2016-02-01,2.22,Mutton meat,Mongolia,Bayan-Ulgii,RETAIL,Kg,kg,2.22
2016-03-01,2.2,Mutton meat,Mongolia,Bayan-Ulgii,RETAIL,Kg,kg,2.2
2016-04-01,2.43,Mutton meat,Mongolia,Bayan-Ulgii,RETAIL,Kg,kg,2.43
2016-05-01,2.97,Mutton meat,Mongolia,Bayan-Ulgii,RETAIL,Kg,kg,2.97
2016-06-01,2.91,Mutton meat,Mongolia,Bayan-Ulgii,RETAIL,Kg,kg,2.91
2016-07-01,2.68,Mutton meat,Mongolia,Bayan-Ulgii,RETAIL,Kg,kg,2.68
2016-08-01,2.13,Mutton meat,Mongolia,Bayan-Ulgii,RETAIL,Kg,kg,2.13
2016-09-01,1.86,Mutton meat,Mongolia,Bayan-Ulgii,RETAIL,Kg,kg,1.86
2016-10-01,1.78,Mutton meat,Mongolia,Bayan-Ulgii,RETAIL,Kg,kg,1.78
2016-11-01,1.64,Mutton meat,Mongolia,Bayan-Ulgii,RETAIL,Kg,kg,1.64
2016-12-01,1.68,Mutton meat,Mongolia,Bayan-Ulgii,RETAIL,Kg,kg,1.68
2017-01-01,1.85,Mutton meat,Mongolia,Bayan-Ulgii,RETAIL,Kg,kg,1.85
2017-02-01,1.88,Mutton meat,Mongolia,Bayan-Ulgii,RETAIL,Kg,kg,1.88
2017-03-01,2.17,Mutton meat,Mongolia,Bayan-Ulgii,RETAIL,Kg,kg,2.17
2017-04-01,2.15,Mutton meat,Mongolia,Bayan-Ulgii,RETAIL,Kg,kg,2.15
2017-05-01,2.28,Mutton meat,Mongolia,Bayan-Ulgii,RETAIL,Kg,kg,2.28
2017-06-01,2.23,Mutton meat,Mongolia,Bayan-Ulgii,RETAIL,Kg,kg,2.23
2017-07-01,2.21,Mutton meat,Mongolia,Bayan-Ulgii,RETAIL,Kg,kg,2.21
2017-08-01,1.97,Mutton meat,Mongolia,Bayan-Ulgii,RETAIL,Kg,kg,1.97
2017-09-01,1.97,Mutton meat,Mongolia,Bayan-Ulgii,RETAIL,Kg,kg,1.97
2017-10-01,1.83,Mutton meat,Mongolia,Bayan-Ulgii,RETAIL,Kg,kg,1.83
2017-11-01,1.91,Mutton meat,Mongolia,Bayan-Ulgii,RETAIL,Kg,kg,1.91
2017-12-01,1.9,Mutton meat,Mongolia,Bayan-Ulgii,RETAIL,Kg,kg,1.9
2018-01-01,2.11,Mutton meat,Mongolia,Bayan-Ulgii,RETAIL,Kg,kg,2.11
2018-02-01,2.31,Mutton meat,Mongolia,Bayan-Ulgii,RETAIL,Kg,kg,2.31
2018-03-01,2.31,Mutton meat,Mongolia,Bayan-Ulgii,RETAIL,Kg,kg,2.31
2018-04-01,2.47,Mutton meat,Mongolia,Bayan-Ulgii,RETAIL,Kg,kg,2.47
2018-05-01,2.51,Mutton meat,Mongolia,Bayan-Ulgii,RETAIL,Kg,kg,2.51
2018-06-01,3.16,Mutton meat,Mongolia,Bayan-Ulgii,RETAIL,Kg,kg,3.16
2018-07-01,2.97,Mutton meat,Mongolia,Bayan-Ulgii,RETAIL,Kg,kg,2.97
2018-08-01,2.67,Mutton meat,Mongolia,Bayan-Ulgii,RETAIL,Kg,kg,2.67
2018-09-01,2.42,Mutton meat,Mongolia,Bayan-Ulgii,RETAIL,Kg,kg,2.42
2018-10-01,2.17,Mutton meat,Mongolia,Bayan-Ulgii,RETAIL,Kg,kg,2.17
2018-11-01,2.15,Mutton meat,Mongolia,Bayan-Ulgii,RETAIL,Kg,kg,2.15
2018-12-01,2.14,Mutton meat,Mongolia,Bayan-Ulgii,RETAIL,Kg,kg,2.14
2019-01-01,2.4,Mutton meat,Mongolia,Bayan-Ulgii,RETAIL,Kg,kg,2.4
2019-02-01,2.43,Mutton meat,Mongolia,Bayan-Ulgii,RETAIL,Kg,kg,2.43
2019-03-01,2.62,Mutton meat,Mongolia,Bayan-Ulgii,RETAIL,Kg,kg,2.62
2019-04-01,2.77,Mutton meat,Mongolia,Bayan-Ulgii,RETAIL,Kg,kg,2.77
2019-05-01,3.28,Mutton meat,Mongolia,Bayan-Ulgii,RETAIL,Kg,kg,3.28
2019-06-01,3.3,Mutton meat,Mongolia,Bayan-Ulgii,RETAIL,Kg,kg,3.3
2019-07-01,3.63,Mutton meat,Mongolia,Bayan-Ulgii,RETAIL,Kg,kg,3.63
2019-08-01,2.73,Mutton meat,Mongolia,Bayan-Ulgii,RETAIL,Kg,kg,2.73
2019-09-01,2.73,Mutton meat,Mongolia,Bayan-Ulgii,RETAIL,Kg,kg,2.73
2019-10-01,2.43,Mutton meat,Mongolia,Bayan-Ulgii,RETAIL,Kg,kg,2.43
2019-11-01,2.4,Mutton meat,Mongolia,Bayan-Ulgii,RETAIL,Kg,kg,2.4
2019-12-01,2.41,Mutton meat,Mongolia,Bayan-Ulgii,RETAIL,Kg,kg,2.41
2020-01-01,2.42,Mutton meat,Mongolia,Bayan-Ulgii,RETAIL,Kg,kg,2.42
2020-02-01,2.41,Mutton meat,Mongolia,Bayan-Ulgii,RETAIL,Kg,kg,2.41
2020-03-01,2.64,Mutton meat,Mongolia,Bayan-Ulgii,RETAIL,Kg,kg,2.64
2020-04-01,2.58,Mutton meat,Mongolia,Bayan-Ulgii,RETAIL,Kg,kg,2.58
2020-05-01,2.6,Mutton meat,Mongolia,Bayan-Ulgii,RETAIL,Kg,kg,2.6
2020-06-01,2.81,Mutton meat,Mongolia,Bayan-Ulgii,RETAIL,Kg,kg,2.81
2020-07-01,2.74,Mutton meat,Mongolia,Bayan-Ulgii,RETAIL,Kg,kg,2.74
2020-08-01,2.69,Mutton meat,Mongolia,Bayan-Ulgii,RETAIL,Kg,kg,2.69
2020-09-01,2.65,Mutton meat,Mongolia,Bayan-Ulgii,RETAIL,Kg,kg,2.65
2020-10-01,2.7,Mutton meat,Mongolia,Bayan-Ulgii,RETAIL,Kg,kg,2.7
2020-11-01,2.74,Mutton meat,Mongolia,Bayan-Ulgii,RETAIL,Kg,kg,2.74
2020-12-01,2.8,Mutton meat,Mongolia,Bayan-Ulgii,RETAIL,Kg,kg,2.8
2021-01-01,2.86,Mutton meat,Mongolia,Bayan-Ulgii,RETAIL,Kg,kg,2.86
2021-02-01,2.87,Mutton meat,Mongolia,Bayan-Ulgii,RETAIL,Kg,kg,2.87
2021-03-01,2.92,Mutton meat,Mongolia,Bayan-Ulgii,RETAIL,Kg,kg,2.92
2021-04-01,3.34,Mutton meat,Mongolia,Bayan-Ulgii,RETAIL,Kg,kg,3.34
2021-05-01,3.59,Mutton meat,Mongolia,Bayan-Ulgii,RETAIL,Kg,kg,3.59
2021-06-01,3.94,Mutton meat,Mongolia,Bayan-Ulgii,RETAIL,Kg,kg,3.94
2021-07-01,3.87,Mutton meat,Mongolia,Bayan-Ulgii,RETAIL,Kg,kg,3.87
2021-08-01,3.79,Mutton meat,Mongolia,Bayan-Ulgii,RETAIL,Kg,kg,3.79
2021-09-01,3.41,Mutton meat,Mongolia,Bayan-Ulgii,RETAIL,Kg,kg,3.41
2021-10-01,3.41,Mutton meat,Mongolia,Bayan-Ulgii,RETAIL,Kg,kg,3.41
2021-11-01,3.38,Mutton meat,Mongolia,Bayan-Ulgii,RETAIL,Kg,kg,3.38
2021-12-01,3.38,Mutton meat,Mongolia,Bayan-Ulgii,RETAIL,Kg,kg,3.38
2022-01-01,3.38,Mutton meat,Mongolia,Bayan-Ulgii,RETAIL,Kg,kg,3.38
2022-02-01,3.44,Mutton meat,Mongolia,Bayan-Ulgii,RETAIL,Kg,kg,3.44
2022-03-01,3.39,Mutton meat,Mongolia,Bayan-Ulgii,RETAIL,Kg,kg,3.39
2022-04-01,3.57,Mutton meat,Mongolia,Bayan-Ulgii,RETAIL,Kg,kg,3.57
2022-05-01,3.91,Mutton meat,Mongolia,Bayan-Ulgii,RETAIL,Kg,kg,3.91
2022-06-01,3.67,Mutton meat,Mongolia,Bayan-Ulgii,RETAIL,Kg,kg,3.67
2022-07-01,3.68,Mutton meat,Mongolia,Bayan-Ulgii,RETAIL,Kg,kg,3.68
2022-08-01,2.75,Mutton meat,Mongolia,Bayan-Ulgii,RETAIL,Kg,kg,2.75
2022-09-01,3.08,Mutton meat,Mongolia,Bayan-Ulgii,RETAIL,Kg,kg,3.08
2022-10-01,2.82,Mutton meat,Mongolia,Bayan-Ulgii,RETAIL,Kg,kg,2.82
2022-11-01,2.79,Mutton meat,Mongolia,Bayan-Ulgii,RETAIL,Kg,kg,2.79
2022-12-01,2.71,Mutton meat,Mongolia,Bayan-Ulgii,RETAIL,Kg,kg,2.71
2023-01-01,2.68,Mutton meat,Mongolia,Bayan-Ulgii,RETAIL,Kg,kg,2.68
2023-02-01,2.75,Mutton meat,Mongolia,Bayan-Ulgii,RETAIL,Kg,kg,2.75
2023-03-01,2.94,Mutton meat,Mongolia,Bayan-Ulgii,RETAIL,Kg,kg,2.94
2023-04-01,3.21,Mutton meat,Mongolia,Bayan-Ulgii,RETAIL,Kg,kg,3.21
2023-05-01,3.64,Mutton meat,Mongolia,Bayan-Ulgii,RETAIL,Kg,kg,3.64
2023-06-01,3.95,Mutton meat,Mongolia,Bayan-Ulgii,RETAIL,Kg,kg,3.95
2023-07-01,3.95,Mutton meat,Mongolia,Bayan-Ulgii,RETAIL,Kg,kg,3.95
2023-08-01,3.41,Mutton meat,Mongolia,Bayan-Ulgii,RETAIL,Kg,kg,3.41
2023-09-01,2.73,Mutton meat,Mongolia,Bayan-Ulgii,RETAIL,Kg,kg,2.73
2023-10-01,2.74,Mutton meat,Mongolia,Bayan-Ulgii,RETAIL,Kg,kg,2.74
2023-11-01,3.83,Mutton meat,Mongolia,Bayan-Ulgii,RETAIL,Kg,kg,3.83
2023-12-01,3.12,Mutton meat,Mongolia,Bayan-Ulgii,RETAIL,Kg,kg,3.12
2024-01-01,3.16,Mutton meat,Mongolia,Bayan-Ulgii,RETAIL,Kg,kg,3.16
2024-02-01,3.24,Mutton meat,Mongolia,Bayan-Ulgii,RETAIL,Kg,kg,3.24
2024-03-01,3.54,Mutton meat,Mongolia,Bayan-Ulgii,RETAIL,Kg,kg,3.54
2024-04-01,3.92,Mutton meat,Mongolia,Bayan-Ulgii,RETAIL,Kg,kg,3.92
2024-05-01,3.84,Mutton meat,Mongolia,Bayan-Ulgii,RETAIL,Kg,kg,3.84
2024-06-01,4.06,Mutton meat,Mongolia,Bayan-Ulgii,RETAIL,Kg,kg,4.06
2024-07-01,5.08,Mutton meat,Mongolia,Bayan-Ulgii,RETAIL,Kg,kg,5.08
2024-08-01,3.54,Mutton meat,Mongolia,Bayan-Ulgii,RETAIL,Kg,kg,3.54
2024-09-01,3.49,Mutton meat,Mongolia,Bayan-Ulgii,RETAIL,Kg,kg,3.49
2024-10-01,3.33,Mutton meat,Mongolia,Bayan-Ulgii,RETAIL,Kg,kg,3.33
2024-11-01,3.29,Mutton meat,Mongolia,Bayan-Ulgii,RETAIL,Kg,kg,3.29
2024-12-01,3.87,Mutton meat,Mongolia,Bayan-Ulgii,RETAIL,Kg,kg,3.87
2025-01-01,3.98,Mutton meat,Mongolia,Bayan-Ulgii,RETAIL,Kg,kg,3.98
2025-02-01,3.95,Mutton meat,Mongolia,Bayan-Ulgii,RETAIL,Kg,kg,3.95
2025-03-01,4.16,Mutton meat,Mongolia,Bayan-Ulgii,RETAIL,Kg,kg,4.16
2025-04-01,5.52,Mutton meat,Mongolia,Bayan-Ulgii,RETAIL,Kg,kg,5.52
2025-05-01,6.06,Mutton meat,Mongolia,Bayan-Ulgii,RETAIL,Kg,kg,6.06
2025-06-01,5.69,Mutton meat,Mongolia,Bayan-Ulgii,RETAIL,Kg,kg,5.69
2025-07-01,5.68,Mutton meat,Mongolia,Bayan-Ulgii,RETAIL,Kg,kg,5.68
2010-01-01,1.51,Mutton meat,Mongolia,Dornod,RETAIL,Kg,kg,1.51
2010-02-01,2.21,Mutton meat,Mongolia,Dornod,RETAIL,Kg,kg,2.21
2010-03-01,2.48,Mutton meat,Mongolia,Dornod,RETAIL,Kg,kg,2.48
2010-04-01,2.99,Mutton meat,Mongolia,Dornod,RETAIL,Kg,kg,2.99
2010-05-01,3.46,Mutton meat,Mongolia,Dornod,RETAIL,Kg,kg,3.46
2010-06-01,3.26,Mutton meat,Mongolia,Dornod,RETAIL,Kg,kg,3.26
2010-07-01,2.34,Mutton meat,Mongolia,Dornod,RETAIL,Kg,kg,2.34
2010-08-01,1.96,Mutton meat,Mongolia,Dornod,RETAIL,Kg,kg,1.96
2010-09-01,2.11,Mutton meat,Mongolia,Dornod,RETAIL,Kg,kg,2.11
2010-10-01,2.14,Mutton meat,Mongolia,Dornod,RETAIL,Kg,kg,2.14
2010-11-01,1.81,Mutton meat,Mongolia,Dornod,RETAIL,Kg,kg,1.81
2010-12-01,1.86,Mutton meat,Mongolia,Dornod,RETAIL,Kg,kg,1.86
2011-01-01,2.87,Mutton meat,Mongolia,Dornod,RETAIL,Kg,kg,2.87
2011-02-01,3.03,Mutton meat,Mongolia,Dornod,RETAIL,Kg,kg,3.03
2011-03-01,2.85,Mutton meat,Mongolia,Dornod,RETAIL,Kg,kg,2.85
2011-04-01,3.28,Mutton meat,Mongolia,Dornod,RETAIL,Kg,kg,3.28
2011-05-01,3.24,Mutton meat,Mongolia,Dornod,RETAIL,Kg,kg,3.24
2011-06-01,3.02,Mutton meat,Mongolia,Dornod,RETAIL,Kg,kg,3.02
2011-07-01,2.97,Mutton meat,Mongolia,Dornod,RETAIL,Kg,kg,2.97
2011-08-01,2.66,Mutton meat,Mongolia,Dornod,RETAIL,Kg,kg,2.66
2011-09-01,3.1,Mutton meat,Mongolia,Dornod,RETAIL,Kg,kg,3.1
2011-10-01,3.02,Mutton meat,Mongolia,Dornod,RETAIL,Kg,kg,3.02
2011-11-01,2.95,Mutton meat,Mongolia,Dornod,RETAIL,Kg,kg,2.95
2011-12-01,2.96,Mutton meat,Mongolia,Dornod,RETAIL,Kg,kg,2.96
2012-01-01,3.05,Mutton meat,Mongolia,Dornod,RETAIL,Kg,kg,3.05
2012-02-01,3.73,Mutton meat,Mongolia,Dornod,RETAIL,Kg,kg,3.73
2012-03-01,4.88,Mutton meat,Mongolia,Dornod,RETAIL,Kg,kg,4.88
2012-04-01,4.95,Mutton meat,Mongolia,Dornod,RETAIL,Kg,kg,4.95
2012-05-01,5.08,Mutton meat,Mongolia,Dornod,RETAIL,Kg,kg,5.08
2012-06-01,5.12,Mutton meat,Mongolia,Dornod,RETAIL,Kg,kg,5.12
2012-07-01,5.21,Mutton meat,Mongolia,Dornod,RETAIL,Kg,kg,5.21
2012-08-01,4.62,Mutton meat,Mongolia,Dornod,RETAIL,Kg,kg,4.62
2012-09-01,4.3,Mutton meat,Mongolia,Dornod,RETAIL,Kg,kg,4.3
2012-10-01,3.75,Mutton meat,Mongolia,Dornod,RETAIL,Kg,kg,3.75
2012-11-01,3.94,Mutton meat,Mongolia,Dornod,RETAIL,Kg,kg,3.94
2012-12-01,4.08,Mutton meat,Mongolia,Dornod,RETAIL,Kg,kg,4.08
2013-01-01,4.6,Mutton meat,Mongolia,Dornod,RETAIL,Kg,kg,4.6
2013-02-01,4.57,Mutton meat,Mongolia,Dornod,RETAIL,Kg,kg,4.57
2013-03-01,4.82,Mutton meat,Mongolia,Dornod,RETAIL,Kg,kg,4.82
2013-04-01,5.64,Mutton meat,Mongolia,Dornod,RETAIL,Kg,kg,5.64
2013-05-01,5.91,Mutton meat,Mongolia,Dornod,RETAIL,Kg,kg,5.91
2013-06-01,5.05,Mutton meat,Mongolia,Dornod,RETAIL,Kg,kg,5.05
2013-07-01,4.86,Mutton meat,Mongolia,Dornod,RETAIL,Kg,kg,4.86
2013-08-01,4.12,Mutton meat,Mongolia,Dornod,RETAIL,Kg,kg,4.12
2013-09-01,3.81,Mutton meat,Mongolia,Dornod,RETAIL,Kg,kg,3.81
2013-10-01,3.65,Mutton meat,Mongolia,Dornod,RETAIL,Kg,kg,3.65
2013-11-01,3.65,Mutton meat,Mongolia,Dornod,RETAIL,Kg,kg,3.65
2013-12-01,3.84,Mutton meat,Mongolia,Dornod,RETAIL,Kg,kg,3.84
2014-01-01,3.79,Mutton meat,Mongolia,Dornod,RETAIL,Kg,kg,3.79
2014-02-01,3.86,Mutton meat,Mongolia,Dornod,RETAIL,Kg,kg,3.86
2014-03-01,3.86,Mutton meat,Mongolia,Dornod,RETAIL,Kg,kg,3.86
2014-04-01,3.89,Mutton meat,Mongolia,Dornod,RETAIL,Kg,kg,3.89
2014-05-01,4.08,Mutton meat,Mongolia,Dornod,RETAIL,Kg,kg,4.08
2014-06-01,4.07,Mutton meat,Mongolia,Dornod,RETAIL,Kg,kg,4.07
2014-07-01,3.9,Mutton meat,Mongolia,Dornod,RETAIL,Kg,kg,3.9
2014-08-01,3.13,Mutton meat,Mongolia,Dornod,RETAIL,Kg,kg,3.13
2014-09-01,3.45,Mutton meat,Mongolia,Dornod,RETAIL,Kg,kg,3.45
2014-10-01,3.33,Mutton meat,Mongolia,Dornod,RETAIL,Kg,kg,3.33
2014-11-01,3.01,Mutton meat,Mongolia,Dornod,RETAIL,Kg,kg,3.01
2014-12-01,3.01,Mutton meat,Mongolia,Dornod,RETAIL,Kg,kg,3.01
2015-01-01,3.02,Mutton meat,Mongolia,Dornod,RETAIL,Kg,kg,3.02
2015-02-01,3.06,Mutton meat,Mongolia,Dornod,RETAIL,Kg,kg,3.06
2015-03-01,3.09,Mutton meat,Mongolia,Dornod,RETAIL,Kg,kg,3.09
2015-04-01,3.54,Mutton meat,Mongolia,Dornod,RETAIL,Kg,kg,3.54
2015-05-01,3.78,Mutton meat,Mongolia,Dornod,RETAIL,Kg,kg,3.78
2015-06-01,3.85,Mutton meat,Mongolia,Dornod,RETAIL,Kg,kg,3.85
2015-07-01,3.62,Mutton meat,Mongolia,Dornod,RETAIL,Kg,kg,3.62
2015-08-01,3.01,Mutton meat,Mongolia,Dornod,RETAIL,Kg,kg,3.01
2015-09-01,3.04,Mutton meat,Mongolia,Dornod,RETAIL,Kg,kg,3.04
2015-10-01,2.84,Mutton meat,Mongolia,Dornod,RETAIL,Kg,kg,2.84
2015-11-01,2.59,Mutton meat,Mongolia,Dornod,RETAIL,Kg,kg,2.59
2015-12-01,2.51,Mutton meat,Mongolia,Dornod,RETAIL,Kg,kg,2.51
2016-01-01,2.44,Mutton meat,Mongolia,Dornod,RETAIL,Kg,kg,2.44
2016-02-01,2.63,Mutton meat,Mongolia,Dornod,RETAIL,Kg,kg,2.63
2016-03-01,2.93,Mutton meat,Mongolia,Dornod,RETAIL,Kg,kg,2.93
2016-04-01,3.21,Mutton meat,Mongolia,Dornod,RETAIL,Kg,kg,3.21
2016-05-01,3.2,Mutton meat,Mongolia,Dornod,RETAIL,Kg,kg,3.2
2016-06-01,3.25,Mutton meat,Mongolia,Dornod,RETAIL,Kg,kg,3.25
2016-07-01,3.13,Mutton meat,Mongolia,Dornod,RETAIL,Kg,kg,3.13
2016-08-01,2.74,Mutton meat,Mongolia,Dornod,RETAIL,Kg,kg,2.74
2016-09-01,2.5,Mutton meat,Mongolia,Dornod,RETAIL,Kg,kg,2.5
2016-10-01,2.23,Mutton meat,Mongolia,Dornod,RETAIL,Kg,kg,2.23
2016-11-01,1.85,Mutton meat,Mongolia,Dornod,RETAIL,Kg,kg,1.85
2016-12-01,1.81,Mutton meat,Mongolia,Dornod,RETAIL,Kg,kg,1.81
2017-01-01,2.05,Mutton meat,Mongolia,Dornod,RETAIL,Kg,kg,2.05
2017-02-01,2.22,Mutton meat,Mongolia,Dornod,RETAIL,Kg,kg,2.22
2017-03-01,2.17,Mutton meat,Mongolia,Dornod,RETAIL,Kg,kg,2.17
2017-04-01,2.27,Mutton meat,Mongolia,Dornod,RETAIL,Kg,kg,2.27
2017-05-01,2.6,Mutton meat,Mongolia,Dornod,RETAIL,Kg,kg,2.6
2017-06-01,2.68,Mutton meat,Mongolia,Dornod,RETAIL,Kg,kg,2.68
2017-07-01,2.5,Mutton meat,Mongolia,Dornod,RETAIL,Kg,kg,2.5
2017-08-01,2.31,Mutton meat,Mongolia,Dornod,RETAIL,Kg,kg,2.31
2017-09-01,2.09,Mutton meat,Mongolia,Dornod,RETAIL,Kg,kg,2.09
2017-10-01,2.03,Mutton meat,Mongolia,Dornod,RETAIL,Kg,kg,2.03
2017-11-01,2.06,Mutton meat,Mongolia,Dornod,RETAIL,Kg,kg,2.06
2017-12-01,2.15,Mutton meat,Mongolia,Dornod,RETAIL,Kg,kg,2.15
2018-01-01,2.36,Mutton meat,Mongolia,Dornod,RETAIL,Kg,kg,2.36
2018-02-01,2.43,Mutton meat,Mongolia,Dornod,RETAIL,Kg,kg,2.43
2018-03-01,2.38,Mutton meat,Mongolia,Dornod,RETAIL,Kg,kg,2.38
2018-04-01,2.64,Mutton meat,Mongolia,Dornod,RETAIL,Kg,kg,2.64
2018-05-01,2.63,Mutton meat,Mongolia,Dornod,RETAIL,Kg,kg,2.63
2018-06-01,2.51,Mutton meat,Mongolia,Dornod,RETAIL,Kg,kg,2.51
2018-07-01,2.45,Mutton meat,Mongolia,Dornod,RETAIL,Kg,kg,2.45
2018-08-01,2.42,Mutton meat,Mongolia,Dornod,RETAIL,Kg,kg,2.42
2018-09-01,2.42,Mutton meat,Mongolia,Dornod,RETAIL,Kg,kg,2.42
2018-10-01,2.18,Mutton meat,Mongolia,Dornod,RETAIL,Kg,kg,2.18
2018-11-01,2.42,Mutton meat,Mongolia,Dornod,RETAIL,Kg,kg,2.42
2018-12-01,2.38,Mutton meat,Mongolia,Dornod,RETAIL,Kg,kg,2.38
2019-01-01,2.53,Mutton meat,Mongolia,Dornod,RETAIL,Kg,kg,2.53
2019-02-01,2.66,Mutton meat,Mongolia,Dornod,RETAIL,Kg,kg,2.66
2019-03-01,3.16,Mutton meat,Mongolia,Dornod,RETAIL,Kg,kg,3.16
2019-04-01,3.31,Mutton meat,Mongolia,Dornod,RETAIL,Kg,kg,3.31
2019-05-01,3.62,Mutton meat,Mongolia,Dornod,RETAIL,Kg,kg,3.62
2019-06-01,3.3,Mutton meat,Mongolia,Dornod,RETAIL,Kg,kg,3.3
2019-07-01,3.19,Mutton meat,Mongolia,Dornod,RETAIL,Kg,kg,3.19
2019-08-01,3.0,Mutton meat,Mongolia,Dornod,RETAIL,Kg,kg,3.0
2019-09-01,3.0,Mutton meat,Mongolia,Dornod,RETAIL,Kg,kg,3.0
2019-10-01,3.29,Mutton meat,Mongolia,Dornod,RETAIL,Kg,kg,3.29
2019-11-01,3.25,Mutton meat,Mongolia,Dornod,RETAIL,Kg,kg,3.25
2019-12-01,3.07,Mutton meat,Mongolia,Dornod,RETAIL,Kg,kg,3.07
2020-01-01,3.05,Mutton meat,Mongolia,Dornod,RETAIL,Kg,kg,3.05
2020-02-01,3.07,Mutton meat,Mongolia,Dornod,RETAIL,Kg,kg,3.07
2020-03-01,3.13,Mutton meat,Mongolia,Dornod,RETAIL,Kg,kg,3.13
2020-04-01,3.13,Mutton meat,Mongolia,Dornod,RETAIL,Kg,kg,3.13
2020-05-01,3.4,Mutton meat,Mongolia,Dornod,RETAIL,Kg,kg,3.4
2020-06-01,3.4,Mutton meat,Mongolia,Dornod,RETAIL,Kg,kg,3.4
2020-07-01,3.39,Mutton meat,Mongolia,Dornod,RETAIL,Kg,kg,3.39
2020-08-01,3.19,Mutton meat,Mongolia,Dornod,RETAIL,Kg,kg,3.19
2020-09-01,2.81,Mutton meat,Mongolia,Dornod,RETAIL,Kg,kg,2.81
2020-10-01,2.6,Mutton meat,Mongolia,Dornod,RETAIL,Kg,kg,2.6
2020-11-01,2.74,Mutton meat,Mongolia,Dornod,RETAIL,Kg,kg,2.74
2020-12-01,2.96,Mutton meat,Mongolia,Dornod,RETAIL,Kg,kg,2.96
2021-01-01,2.78,Mutton meat,Mongolia,Dornod,RETAIL,Kg,kg,2.78
2021-02-01,2.76,Mutton meat,Mongolia,Dornod,RETAIL,Kg,kg,2.76
2021-03-01,2.76,Mutton meat,Mongolia,Dornod,RETAIL,Kg,kg,2.76
2021-04-01,3.29,Mutton meat,Mongolia,Dornod,RETAIL,Kg,kg,3.29
2021-05-01,3.47,Mutton meat,Mongolia,Dornod,RETAIL,Kg,kg,3.47
2021-06-01,3.75,Mutton meat,Mongolia,Dornod,RETAIL,Kg,kg,3.75
2021-07-01,3.9,Mutton meat,Mongolia,Dornod,RETAIL,Kg,kg,3.9
2021-08-01,3.52,Mutton meat,Mongolia,Dornod,RETAIL,Kg,kg,3.52
2021-09-01,3.21,Mutton meat,Mongolia,Dornod,RETAIL,Kg,kg,3.21
2021-10-01,3.19,Mutton meat,Mongolia,Dornod,RETAIL,Kg,kg,3.19
2021-11-01,3.15,Mutton meat,Mongolia,Dornod,RETAIL,Kg,kg,3.15
2021-12-01,3.26,Mutton meat,Mongolia,Dornod,RETAIL,Kg,kg,3.26
2022-01-01,3.42,Mutton meat,Mongolia,Dornod,RETAIL,Kg,kg,3.42
2022-02-01,3.36,Mutton meat,Mongolia,Dornod,RETAIL,Kg,kg,3.36
2022-03-01,3.39,Mutton meat,Mongolia,Dornod,RETAIL,Kg,kg,3.39
2022-04-01,3.38,Mutton meat,Mongolia,Dornod,RETAIL,Kg,kg,3.38
2022-05-01,3.44,Mutton meat,Mongolia,Dornod,RETAIL,Kg,kg,3.44
2022-06-01,3.22,Mutton meat,Mongolia,Dornod,RETAIL,Kg,kg,3.22
2022-07-01,3.23,Mutton meat,Mongolia,Dornod,RETAIL,Kg,kg,3.23
2022-08-01,2.77,Mutton meat,Mongolia,Dornod,RETAIL,Kg,kg,2.77
2022-09-01,2.71,Mutton meat,Mongolia,Dornod,RETAIL,Kg,kg,2.71
2022-10-01,2.7,Mutton meat,Mongolia,Dornod,RETAIL,Kg,kg,2.7
2022-11-01,2.67,Mutton meat,Mongolia,Dornod,RETAIL,Kg,kg,2.67
2022-12-01,2.65,Mutton meat,Mongolia,Dornod,RETAIL,Kg,kg,2.65
2023-01-01,2.62,Mutton meat,Mongolia,Dornod,RETAIL,Kg,kg,2.62
2023-02-01,2.77,Mutton meat,Mongolia,Dornod,RETAIL,Kg,kg,2.77
2023-03-01,3.02,Mutton meat,Mongolia,Dornod,RETAIL,Kg,kg,3.02
2023-04-01,3.53,Mutton meat,Mongolia,Dornod,RETAIL,Kg,kg,3.53
2023-05-01,3.72,Mutton meat,Mongolia,Dornod,RETAIL,Kg,kg,3.72
2023-06-01,3.98,Mutton meat,Mongolia,Dornod,RETAIL,Kg,kg,3.98
2023-07-01,3.84,Mutton meat,Mongolia,Dornod,RETAIL,Kg,kg,3.84
2023-08-01,3.48,Mutton meat,Mongolia,Dornod,RETAIL,Kg,kg,3.48
2023-09-01,3.25,Mutton meat,Mongolia,Dornod,RETAIL,Kg,kg,3.25
2023-10-01,3.18,Mutton meat,Mongolia,Dornod,RETAIL,Kg,kg,3.18
2023-11-01,3.84,Mutton meat,Mongolia,Dornod,RETAIL,Kg,kg,3.84
2023-12-01,2.95,Mutton meat,Mongolia,Dornod,RETAIL,Kg,kg,2.95
2024-01-01,2.96,Mutton meat,Mongolia,Dornod,RETAIL,Kg,kg,2.96
2024-02-01,3.36,Mutton meat,Mongolia,Dornod,RETAIL,Kg,kg,3.36
2024-03-01,3.44,Mutton meat,Mongolia,Dornod,RETAIL,Kg,kg,3.44
2024-04-01,3.6,Mutton meat,Mongolia,Dornod,RETAIL,Kg,kg,3.6
2024-05-01,3.69,Mutton meat,Mongolia,Dornod,RETAIL,Kg,kg,3.69
2024-06-01,3.69,Mutton meat,Mongolia,Dornod,RETAIL,Kg,kg,3.69
2024-07-01,4.33,Mutton meat,Mongolia,Dornod,RETAIL,Kg,kg,4.33
2024-08-01,3.36,Mutton meat,Mongolia,Dornod,RETAIL,Kg,kg,3.36
2024-09-01,3.36,Mutton meat,Mongolia,Dornod,RETAIL,Kg,kg,3.36
2024-10-01,3.2,Mutton meat,Mongolia,Dornod,RETAIL,Kg,kg,3.2
2024-11-01,3.16,Mutton meat,Mongolia,Dornod,RETAIL,Kg,kg,3.16
2024-12-01,3.29,Mutton meat,Mongolia,Dornod,RETAIL,Kg,kg,3.29
2025-01-01,3.64,Mutton meat,Mongolia,Dornod,RETAIL,Kg,kg,3.64
2025-02-01,3.88,Mutton meat,Mongolia,Dornod,RETAIL,Kg,kg,3.88
2025-03-01,3.86,Mutton meat,Mongolia,Dornod,RETAIL,Kg,kg,3.86
2025-04-01,5.29,Mutton meat,Mongolia,Dornod,RETAIL,Kg,kg,5.29
2025-05-01,5.36,Mutton meat,Mongolia,Dornod,RETAIL,Kg,kg,5.36
2025-06-01,5.47,Mutton meat,Mongolia,Dornod,RETAIL,Kg,kg,5.47
2025-07-01,5.3,Mutton meat,Mongolia,Dornod,RETAIL,Kg,kg,5.3
2010-01-01,1.65,Mutton meat,Mongolia,Selenge,RETAIL,Kg,kg,1.65
2010-02-01,2.01,Mutton meat,Mongolia,Selenge,RETAIL,Kg,kg,2.01
2010-03-01,2.48,Mutton meat,Mongolia,Selenge,RETAIL,Kg,kg,2.48
2010-04-01,3.13,Mutton meat,Mongolia,Selenge,RETAIL,Kg,kg,3.13
2010-05-01,2.88,Mutton meat,Mongolia,Selenge,RETAIL,Kg,kg,2.88
2010-06-01,2.9,Mutton meat,Mongolia,Selenge,RETAIL,Kg,kg,2.9
2010-07-01,2.86,Mutton meat,Mongolia,Selenge,RETAIL,Kg,kg,2.86
2010-08-01,2.57,Mutton meat,Mongolia,Selenge,RETAIL,Kg,kg,2.57
2010-09-01,2.11,Mutton meat,Mongolia,Selenge,RETAIL,Kg,kg,2.11
2010-10-01,2.14,Mutton meat,Mongolia,Selenge,RETAIL,Kg,kg,2.14
2010-11-01,2.2,Mutton meat,Mongolia,Selenge,RETAIL,Kg,kg,2.2
2010-12-01,2.59,Mutton meat,Mongolia,Selenge,RETAIL,Kg,kg,2.59
2011-01-01,2.79,Mutton meat,Mongolia,Selenge,RETAIL,Kg,kg,2.79
2011-02-01,3.11,Mutton meat,Mongolia,Selenge,RETAIL,Kg,kg,3.11
2011-03-01,3.34,Mutton meat,Mongolia,Selenge,RETAIL,Kg,kg,3.34
2011-04-01,3.28,Mutton meat,Mongolia,Selenge,RETAIL,Kg,kg,3.28
2011-05-01,3.08,Mutton meat,Mongolia,Selenge,RETAIL,Kg,kg,3.08
2011-06-01,3.18,Mutton meat,Mongolia,Selenge,RETAIL,Kg,kg,3.18
2011-07-01,3.37,Mutton meat,Mongolia,Selenge,RETAIL,Kg,kg,3.37
2011-08-01,3.47,Mutton meat,Mongolia,Selenge,RETAIL,Kg,kg,3.47
2011-09-01,3.49,Mutton meat,Mongolia,Selenge,RETAIL,Kg,kg,3.49
2011-10-01,3.33,Mutton meat,Mongolia,Selenge,RETAIL,Kg,kg,3.33
2011-11-01,3.22,Mutton meat,Mongolia,Selenge,RETAIL,Kg,kg,3.22
2011-12-01,3.06,Mutton meat,Mongolia,Selenge,RETAIL,Kg,kg,3.06
2012-01-01,3.27,Mutton meat,Mongolia,Selenge,RETAIL,Kg,kg,3.27
2012-02-01,4.25,Mutton meat,Mongolia,Selenge,RETAIL,Kg,kg,4.25
2012-03-01,4.5,Mutton meat,Mongolia,Selenge,RETAIL,Kg,kg,4.5
2012-04-01,4.95,Mutton meat,Mongolia,Selenge,RETAIL,Kg,kg,4.95
2012-05-01,5.21,Mutton meat,Mongolia,Selenge,RETAIL,Kg,kg,5.21
2012-06-01,5.61,Mutton meat,Mongolia,Selenge,RETAIL,Kg,kg,5.61
2012-07-01,5.54,Mutton meat,Mongolia,Selenge,RETAIL,Kg,kg,5.54
2012-08-01,4.69,Mutton meat,Mongolia,Selenge,RETAIL,Kg,kg,4.69
2012-09-01,4.66,Mutton meat,Mongolia,Selenge,RETAIL,Kg,kg,4.66
2012-10-01,4.25,Mutton meat,Mongolia,Selenge,RETAIL,Kg,kg,4.25
2012-11-01,4.56,Mutton meat,Mongolia,Selenge,RETAIL,Kg,kg,4.56
2012-12-01,4.49,Mutton meat,Mongolia,Selenge,RETAIL,Kg,kg,4.49
2013-01-01,4.55,Mutton meat,Mongolia,Selenge,RETAIL,Kg,kg,4.55
2013-02-01,4.57,Mutton meat,Mongolia,Selenge,RETAIL,Kg,kg,4.57
2013-03-01,4.94,Mutton meat,Mongolia,Selenge,RETAIL,Kg,kg,4.94
2013-04-01,4.94,Mutton meat,Mongolia,Selenge,RETAIL,Kg,kg,4.94
2013-05-01,5.21,Mutton meat,Mongolia,Selenge,RETAIL,Kg,kg,5.21
2013-06-01,5.22,Mutton meat,Mongolia,Selenge,RETAIL,Kg,kg,5.22
2013-07-01,5.09,Mutton meat,Mongolia,Selenge,RETAIL,Kg,kg,5.09
2013-08-01,4.67,Mutton meat,Mongolia,Selenge,RETAIL,Kg,kg,4.67
2013-09-01,4.51,Mutton meat,Mongolia,Selenge,RETAIL,Kg,kg,4.51
2013-10-01,4.44,Mutton meat,Mongolia,Selenge,RETAIL,Kg,kg,4.44
2013-11-01,4.33,Mutton meat,Mongolia,Selenge,RETAIL,Kg,kg,4.33
2013-12-01,4.48,Mutton meat,Mongolia,Selenge,RETAIL,Kg,kg,4.48
2014-01-01,4.38,Mutton meat,Mongolia,Selenge,RETAIL,Kg,kg,4.38
2014-02-01,4.28,Mutton meat,Mongolia,Selenge,RETAIL,Kg,kg,4.28
2014-03-01,4.23,Mutton meat,Mongolia,Selenge,RETAIL,Kg,kg,4.23
2014-04-01,4.2,Mutton meat,Mongolia,Selenge,RETAIL,Kg,kg,4.2
2014-05-01,4.69,Mutton meat,Mongolia,Selenge,RETAIL,Kg,kg,4.69
2014-06-01,4.26,Mutton meat,Mongolia,Selenge,RETAIL,Kg,kg,4.26
2014-07-01,4.08,Mutton meat,Mongolia,Selenge,RETAIL,Kg,kg,4.08
2014-08-01,3.83,Mutton meat,Mongolia,Selenge,RETAIL,Kg,kg,3.83
2014-09-01,3.63,Mutton meat,Mongolia,Selenge,RETAIL,Kg,kg,3.63
2014-10-01,3.6,Mutton meat,Mongolia,Selenge,RETAIL,Kg,kg,3.6
2014-11-01,3.55,Mutton meat,Mongolia,Selenge,RETAIL,Kg,kg,3.55
2014-12-01,3.45,Mutton meat,Mongolia,Selenge,RETAIL,Kg,kg,3.45
2015-01-01,3.36,Mutton meat,Mongolia,Selenge,RETAIL,Kg,kg,3.36
2015-02-01,3.31,Mutton meat,Mongolia,Selenge,RETAIL,Kg,kg,3.31
2015-03-01,3.44,Mutton meat,Mongolia,Selenge,RETAIL,Kg,kg,3.44
2015-04-01,3.8,Mutton meat,Mongolia,Selenge,RETAIL,Kg,kg,3.8
2015-05-01,4.3,Mutton meat,Mongolia,Selenge,RETAIL,Kg,kg,4.3
2015-06-01,4.29,Mutton meat,Mongolia,Selenge,RETAIL,Kg,kg,4.29
2015-07-01,3.94,Mutton meat,Mongolia,Selenge,RETAIL,Kg,kg,3.94
2015-08-01,3.18,Mutton meat,Mongolia,Selenge,RETAIL,Kg,kg,3.18
2015-09-01,2.67,Mutton meat,Mongolia,Selenge,RETAIL,Kg,kg,2.67
2015-10-01,2.68,Mutton meat,Mongolia,Selenge,RETAIL,Kg,kg,2.68
2015-11-01,2.26,Mutton meat,Mongolia,Selenge,RETAIL,Kg,kg,2.26
2015-12-01,2.0,Mutton meat,Mongolia,Selenge,RETAIL,Kg,kg,2.0
2016-01-01,2.06,Mutton meat,Mongolia,Selenge,RETAIL,Kg,kg,2.06
2016-02-01,2.47,Mutton meat,Mongolia,Selenge,RETAIL,Kg,kg,2.47
2016-03-01,2.79,Mutton meat,Mongolia,Selenge,RETAIL,Kg,kg,2.79
2016-04-01,3.06,Mutton meat,Mongolia,Selenge,RETAIL,Kg,kg,3.06
2016-05-01,3.18,Mutton meat,Mongolia,Selenge,RETAIL,Kg,kg,3.18
2016-06-01,3.17,Mutton meat,Mongolia,Selenge,RETAIL,Kg,kg,3.17
2016-07-01,3.2,Mutton meat,Mongolia,Selenge,RETAIL,Kg,kg,3.2
2016-08-01,2.66,Mutton meat,Mongolia,Selenge,RETAIL,Kg,kg,2.66
2016-09-01,2.47,Mutton meat,Mongolia,Selenge,RETAIL,Kg,kg,2.47
2016-10-01,2.45,Mutton meat,Mongolia,Selenge,RETAIL,Kg,kg,2.45
2016-11-01,1.85,Mutton meat,Mongolia,Selenge,RETAIL,Kg,kg,1.85
2016-12-01,1.81,Mutton meat,Mongolia,Selenge,RETAIL,Kg,kg,1.81
2017-01-01,1.93,Mutton meat,Mongolia,Selenge,RETAIL,Kg,kg,1.93
2017-02-01,2.29,Mutton meat,Mongolia,Selenge,RETAIL,Kg,kg,2.29
2017-03-01,2.24,Mutton meat,Mongolia,Selenge,RETAIL,Kg,kg,2.24
2017-04-01,2.46,Mutton meat,Mongolia,Selenge,RETAIL,Kg,kg,2.46
2017-05-01,2.69,Mutton meat,Mongolia,Selenge,RETAIL,Kg,kg,2.69
2017-06-01,2.53,Mutton meat,Mongolia,Selenge,RETAIL,Kg,kg,2.53
2017-07-01,2.49,Mutton meat,Mongolia,Selenge,RETAIL,Kg,kg,2.49
2017-08-01,2.36,Mutton meat,Mongolia,Selenge,RETAIL,Kg,kg,2.36
2017-09-01,2.1,Mutton meat,Mongolia,Selenge,RETAIL,Kg,kg,2.1
2017-10-01,1.94,Mutton meat,Mongolia,Selenge,RETAIL,Kg,kg,1.94
2017-11-01,1.94,Mutton meat,Mongolia,Selenge,RETAIL,Kg,kg,1.94
2017-12-01,2.0,Mutton meat,Mongolia,Selenge,RETAIL,Kg,kg,2.0
2018-01-01,2.07,Mutton meat,Mongolia,Selenge,RETAIL,Kg,kg,2.07
2018-02-01,2.3,Mutton meat,Mongolia,Selenge,RETAIL,Kg,kg,2.3
2018-03-01,2.24,Mutton meat,Mongolia,Selenge,RETAIL,Kg,kg,2.24
2018-04-01,2.38,Mutton meat,Mongolia,Selenge,RETAIL,Kg,kg,2.38
2018-05-01,2.43,Mutton meat,Mongolia,Selenge,RETAIL,Kg,kg,2.43
2018-06-01,2.54,Mutton meat,Mongolia,Selenge,RETAIL,Kg,kg,2.54
2018-07-01,2.49,Mutton meat,Mongolia,Selenge,RETAIL,Kg,kg,2.49
2018-08-01,2.4,Mutton meat,Mongolia,Selenge,RETAIL,Kg,kg,2.4
2018-09-01,2.25,Mutton meat,Mongolia,Selenge,RETAIL,Kg,kg,2.25
2018-10-01,2.27,Mutton meat,Mongolia,Selenge,RETAIL,Kg,kg,2.27
2018-11-01,2.24,Mutton meat,Mongolia,Selenge,RETAIL,Kg,kg,2.24
2018-12-01,2.2,Mutton meat,Mongolia,Selenge,RETAIL,Kg,kg,2.2
2019-01-01,2.44,Mutton meat,Mongolia,Selenge,RETAIL,Kg,kg,2.44
2019-02-01,2.52,Mutton meat,Mongolia,Selenge,RETAIL,Kg,kg,2.52
2019-03-01,2.67,Mutton meat,Mongolia,Selenge,RETAIL,Kg,kg,2.67
2019-04-01,3.2,Mutton meat,Mongolia,Selenge,RETAIL,Kg,kg,3.2
2019-05-01,3.59,Mutton meat,Mongolia,Selenge,RETAIL,Kg,kg,3.59
2019-06-01,3.27,Mutton meat,Mongolia,Selenge,RETAIL,Kg,kg,3.27
2019-07-01,3.14,Mutton meat,Mongolia,Selenge,RETAIL,Kg,kg,3.14
2019-08-01,2.97,Mutton meat,Mongolia,Selenge,RETAIL,Kg,kg,2.97
2019-09-01,2.97,Mutton meat,Mongolia,Selenge,RETAIL,Kg,kg,2.97
2019-10-01,2.96,Mutton meat,Mongolia,Selenge,RETAIL,Kg,kg,2.96
2019-11-01,2.44,Mutton meat,Mongolia,Selenge,RETAIL,Kg,kg,2.44
2019-12-01,2.49,Mutton meat,Mongolia,Selenge,RETAIL,Kg,kg,2.49
2020-01-01,2.79,Mutton meat,Mongolia,Selenge,RETAIL,Kg,kg,2.79
2020-02-01,2.9,Mutton meat,Mongolia,Selenge,RETAIL,Kg,kg,2.9
2020-03-01,3.1,Mutton meat,Mongolia,Selenge,RETAIL,Kg,kg,3.1
2020-04-01,3.15,Mutton meat,Mongolia,Selenge,RETAIL,Kg,kg,3.15
2020-05-01,3.15,Mutton meat,Mongolia,Selenge,RETAIL,Kg,kg,3.15
2020-06-01,3.06,Mutton meat,Mongolia,Selenge,RETAIL,Kg,kg,3.06
2020-07-01,2.75,Mutton meat,Mongolia,Selenge,RETAIL,Kg,kg,2.75
2020-08-01,2.7,Mutton meat,Mongolia,Selenge,RETAIL,Kg,kg,2.7
2020-09-01,2.67,Mutton meat,Mongolia,Selenge,RETAIL,Kg,kg,2.67
2020-10-01,2.53,Mutton meat,Mongolia,Selenge,RETAIL,Kg,kg,2.53
2020-11-01,2.55,Mutton meat,Mongolia,Selenge,RETAIL,Kg,kg,2.55
2020-12-01,2.47,Mutton meat,Mongolia,Selenge,RETAIL,Kg,kg,2.47
2021-01-01,2.67,Mutton meat,Mongolia,Selenge,RETAIL,Kg,kg,2.67
2021-02-01,2.84,Mutton meat,Mongolia,Selenge,RETAIL,Kg,kg,2.84
2021-03-01,2.95,Mutton meat,Mongolia,Selenge,RETAIL,Kg,kg,2.95
2021-04-01,3.75,Mutton meat,Mongolia,Selenge,RETAIL,Kg,kg,3.75
2021-05-01,3.77,Mutton meat,Mongolia,Selenge,RETAIL,Kg,kg,3.77
2021-06-01,3.6,Mutton meat,Mongolia,Selenge,RETAIL,Kg,kg,3.6
2021-07-01,3.29,Mutton meat,Mongolia,Selenge,RETAIL,Kg,kg,3.29
2021-08-01,3.02,Mutton meat,Mongolia,Selenge,RETAIL,Kg,kg,3.02
2021-09-01,3.03,Mutton meat,Mongolia,Selenge,RETAIL,Kg,kg,3.03
2021-10-01,2.97,Mutton meat,Mongolia,Selenge,RETAIL,Kg,kg,2.97
2021-11-01,2.97,Mutton meat,Mongolia,Selenge,RETAIL,Kg,kg,2.97
2021-12-01,2.99,Mutton meat,Mongolia,Selenge,RETAIL,Kg,kg,2.99
2022-01-01,3.32,Mutton meat,Mongolia,Selenge,RETAIL,Kg,kg,3.32
2022-02-01,3.31,Mutton meat,Mongolia,Selenge,RETAIL,Kg,kg,3.31
2022-03-01,3.36,Mutton meat,Mongolia,Selenge,RETAIL,Kg,kg,3.36
2022-04-01,3.42,Mutton meat,Mongolia,Selenge,RETAIL,Kg,kg,3.42
2022-05-01,3.41,Mutton meat,Mongolia,Selenge,RETAIL,Kg,kg,3.41
2022-06-01,3.39,Mutton meat,Mongolia,Selenge,RETAIL,Kg,kg,3.39
2022-07-01,3.11,Mutton meat,Mongolia,Selenge,RETAIL,Kg,kg,3.11
2022-08-01,2.96,Mutton meat,Mongolia,Selenge,RETAIL,Kg,kg,2.96
2022-09-01,2.68,Mutton meat,Mongolia,Selenge,RETAIL,Kg,kg,2.68
2022-10-01,2.47,Mutton meat,Mongolia,Selenge,RETAIL,Kg,kg,2.47
2022-11-01,2.43,Mutton meat,Mongolia,Selenge,RETAIL,Kg,kg,2.43
2022-12-01,2.56,Mutton meat,Mongolia,Selenge,RETAIL,Kg,kg,2.56
2023-01-01,2.54,Mutton meat,Mongolia,Selenge,RETAIL,Kg,kg,2.54
2023-02-01,2.71,Mutton meat,Mongolia,Selenge,RETAIL,Kg,kg,2.71
2023-03-01,2.81,Mutton meat,Mongolia,Selenge,RETAIL,Kg,kg,2.81
2023-04-01,3.35,Mutton meat,Mongolia,Selenge,RETAIL,Kg,kg,3.35
2023-05-01,3.97,Mutton meat,Mongolia,Selenge,RETAIL,Kg,kg,3.97
2023-06-01,4.03,Mutton meat,Mongolia,Selenge,RETAIL,Kg,kg,4.03
2023-07-01,3.85,Mutton meat,Mongolia,Selenge,RETAIL,Kg,kg,3.85
2023-08-01,3.18,Mutton meat,Mongolia,Selenge,RETAIL,Kg,kg,3.18
2023-09-01,3.04,Mutton meat,Mongolia,Selenge,RETAIL,Kg,kg,3.04
2023-10-01,2.96,Mutton meat,Mongolia,Selenge,RETAIL,Kg,kg,2.96
2023-11-01,3.84,Mutton meat,Mongolia,Selenge,RETAIL,Kg,kg,3.84
2023-12-01,2.96,Mutton meat,Mongolia,Selenge,RETAIL,Kg,kg,2.96
2024-01-01,2.98,Mutton meat,Mongolia,Selenge,RETAIL,Kg,kg,2.98
2024-02-01,3.14,Mutton meat,Mongolia,Selenge,RETAIL,Kg,kg,3.14
2024-03-01,3.27,Mutton meat,Mongolia,Selenge,RETAIL,Kg,kg,3.27
2024-04-01,3.31,Mutton meat,Mongolia,Selenge,RETAIL,Kg,kg,3.31
2024-05-01,3.89,Mutton meat,Mongolia,Selenge,RETAIL,Kg,kg,3.89
2024-06-01,3.89,Mutton meat,Mongolia,Selenge,RETAIL,Kg,kg,3.89
2024-07-01,4.33,Mutton meat,Mongolia,Selenge,RETAIL,Kg,kg,4.33
2024-08-01,3.29,Mutton meat,Mongolia,Selenge,RETAIL,Kg,kg,3.29
2024-09-01,3.43,Mutton meat,Mongolia,Selenge,RETAIL,Kg,kg,3.43
2024-10-01,3.43,Mutton meat,Mongolia,Selenge,RETAIL,Kg,kg,3.43
2024-11-01,3.38,Mutton meat,Mongolia,Selenge,RETAIL,Kg,kg,3.38
2024-12-01,3.38,Mutton meat,Mongolia,Selenge,RETAIL,Kg,kg,3.38
2025-01-01,3.47,Mutton meat,Mongolia,Selenge,RETAIL,Kg,kg,3.47
2025-02-01,3.77,Mutton meat,Mongolia,Selenge,RETAIL,Kg,kg,3.77
2025-03-01,3.75,Mutton meat,Mongolia,Selenge,RETAIL,Kg,kg,3.75
2025-04-01,5.45,Mutton meat,Mongolia,Selenge,RETAIL,Kg,kg,5.45
2025-05-01,5.54,Mutton meat,Mongolia,Selenge,RETAIL,Kg,kg,5.54
2025-06-01,5.77,Mutton meat,Mongolia,Selenge,RETAIL,Kg,kg,5.77
2025-07-01,5.76,Mutton meat,Mongolia,Selenge,RETAIL,Kg,kg,5.76
2007-01-01,1.81,Mutton meat,Mongolia,Ulaanbaatar,RETAIL,Kg,kg,1.81
2007-02-01,2.07,Mutton meat,Mongolia,Ulaanbaatar,RETAIL,Kg,kg,2.07
2007-03-01,2.14,Mutton meat,Mongolia,Ulaanbaatar,RETAIL,Kg,kg,2.14
2007-04-01,2.28,Mutton meat,Mongolia,Ulaanbaatar,RETAIL,Kg,kg,2.28
2007-05-01,2.43,Mutton meat,Mongolia,Ulaanbaatar,RETAIL,Kg,kg,2.43
2007-06-01,2.7,Mutton meat,Mongolia,Ulaanbaatar,RETAIL,Kg,kg,2.7
2007-07-01,2.66,Mutton meat,Mongolia,Ulaanbaatar,RETAIL,Kg,kg,2.66
2007-08-01,2.5,Mutton meat,Mongolia,Ulaanbaatar,RETAIL,Kg,kg,2.5
2007-09-01,2.34,Mutton meat,Mongolia,Ulaanbaatar,RETAIL,Kg,kg,2.34
2007-10-01,2.07,Mutton meat,Mongolia,Ulaanbaatar,RETAIL,Kg,kg,2.07
2007-11-01,1.99,Mutton meat,Mongolia,Ulaanbaatar,RETAIL,Kg,kg,1.99
2007-12-01,2.11,Mutton meat,Mongolia,Ulaanbaatar,RETAIL,Kg,kg,2.11
2008-01-01,2.37,Mutton meat,Mongolia,Ulaanbaatar,RETAIL,Kg,kg,2.37
2008-02-01,2.59,Mutton meat,Mongolia,Ulaanbaatar,RETAIL,Kg,kg,2.59
2008-03-01,2.74,Mutton meat,Mongolia,Ulaanbaatar,RETAIL,Kg,kg,2.74
2008-04-01,3.18,Mutton meat,Mongolia,Ulaanbaatar,RETAIL,Kg,kg,3.18
2008-05-01,3.38,Mutton meat,Mongolia,Ulaanbaatar,RETAIL,Kg,kg,3.38
2008-06-01,3.52,Mutton meat,Mongolia,Ulaanbaatar,RETAIL,Kg,kg,3.52
2008-07-01,3.59,Mutton meat,Mongolia,Ulaanbaatar,RETAIL,Kg,kg,3.59
2008-08-01,3.23,Mutton meat,Mongolia,Ulaanbaatar,RETAIL,Kg,kg,3.23
2008-09-01,2.98,Mutton meat,Mongolia,Ulaanbaatar,RETAIL,Kg,kg,2.98
2008-10-01,2.61,Mutton meat,Mongolia,Ulaanbaatar,RETAIL,Kg,kg,2.61
2008-11-01,2.32,Mutton meat,Mongolia,Ulaanbaatar,RETAIL,Kg,kg,2.32
2008-12-01,2.18,Mutton meat,Mongolia,Ulaanbaatar,RETAIL,Kg,kg,2.18
2009-01-01,2.04,Mutton meat,Mongolia,Ulaanbaatar,RETAIL,Kg,kg,2.04
2009-02-01,1.9,Mutton meat,Mongolia,Ulaanbaatar,RETAIL,Kg,kg,1.9
2009-03-01,1.91,Mutton meat,Mongolia,Ulaanbaatar,RETAIL,Kg,kg,1.91
2009-04-01,2.37,Mutton meat,Mongolia,Ulaanbaatar,RETAIL,Kg,kg,2.37
2009-05-01,2.53,Mutton meat,Mongolia,Ulaanbaatar,RETAIL,Kg,kg,2.53
2009-06-01,2.43,Mutton meat,Mongolia,Ulaanbaatar,RETAIL,Kg,kg,2.43
2009-07-01,2.13,Mutton meat,Mongolia,Ulaanbaatar,RETAIL,Kg,kg,2.13
2009-08-01,1.92,Mutton meat,Mongolia,Ulaanbaatar,RETAIL,Kg,kg,1.92
2009-09-01,1.8,Mutton meat,Mongolia,Ulaanbaatar,RETAIL,Kg,kg,1.8
2009-10-01,1.61,Mutton meat,Mongolia,Ulaanbaatar,RETAIL,Kg,kg,1.61
2009-11-01,1.64,Mutton meat,Mongolia,Ulaanbaatar,RETAIL,Kg,kg,1.64
2009-12-01,1.63,Mutton meat,Mongolia,Ulaanbaatar,RETAIL,Kg,kg,1.63
2010-01-01,1.85,Mutton meat,Mongolia,Ulaanbaatar,RETAIL,Kg,kg,1.85
2010-02-01,2.15,Mutton meat,Mongolia,Ulaanbaatar,RETAIL,Kg,kg,2.15
2010-03-01,2.55,Mutton meat,Mongolia,Ulaanbaatar,RETAIL,Kg,kg,2.55
2010-04-01,3.04,Mutton meat,Mongolia,Ulaanbaatar,RETAIL,Kg,kg,3.04
2010-05-01,3.69,Mutton meat,Mongolia,Ulaanbaatar,RETAIL,Kg,kg,3.69
2010-06-01,3.79,Mutton meat,Mongolia,Ulaanbaatar,RETAIL,Kg,kg,3.79
2010-07-01,3.05,Mutton meat,Mongolia,Ulaanbaatar,RETAIL,Kg,kg,3.05
2010-08-01,2.92,Mutton meat,Mongolia,Ulaanbaatar,RETAIL,Kg,kg,2.92
2010-09-01,2.64,Mutton meat,Mongolia,Ulaanbaatar,RETAIL,Kg,kg,2.64
2010-10-01,2.41,Mutton meat,Mongolia,Ulaanbaatar,RETAIL,Kg,kg,2.41
2010-11-01,2.51,Mutton meat,Mongolia,Ulaanbaatar,RETAIL,Kg,kg,2.51
2010-12-01,3.01,Mutton meat,Mongolia,Ulaanbaatar,RETAIL,Kg,kg,3.01
2011-01-01,3.34,Mutton meat,Mongolia,Ulaanbaatar,RETAIL,Kg,kg,3.34
2011-02-01,3.39,Mutton meat,Mongolia,Ulaanbaatar,RETAIL,Kg,kg,3.39
2011-03-01,3.1,Mutton meat,Mongolia,Ulaanbaatar,RETAIL,Kg,kg,3.1
2011-04-01,2.96,Mutton meat,Mongolia,Ulaanbaatar,RETAIL,Kg,kg,2.96
2011-05-01,3.32,Mutton meat,Mongolia,Ulaanbaatar,RETAIL,Kg,kg,3.32
2011-06-01,3.21,Mutton meat,Mongolia,Ulaanbaatar,RETAIL,Kg,kg,3.21
2011-07-01,3.4,Mutton meat,Mongolia,Ulaanbaatar,RETAIL,Kg,kg,3.4
2011-08-01,3.43,Mutton meat,Mongolia,Ulaanbaatar,RETAIL,Kg,kg,3.43
2011-09-01,3.43,Mutton meat,Mongolia,Ulaanbaatar,RETAIL,Kg,kg,3.43
2011-10-01,3.2,Mutton meat,Mongolia,Ulaanbaatar,RETAIL,Kg,kg,3.2
2011-11-01,3.1,Mutton meat,Mongolia,Ulaanbaatar,RETAIL,Kg,kg,3.1
2011-12-01,3.2,Mutton meat,Mongolia,Ulaanbaatar,RETAIL,Kg,kg,3.2
2012-01-01,3.62,Mutton meat,Mongolia,Ulaanbaatar,RETAIL,Kg,kg,3.62
2012-02-01,4.4,Mutton meat,Mongolia,Ulaanbaatar,RETAIL,Kg,kg,4.4
2012-03-01,5.27,Mutton meat,Mongolia,Ulaanbaatar,RETAIL,Kg,kg,5.27
2012-04-01,5.34,Mutton meat,Mongolia,Ulaanbaatar,RETAIL,Kg,kg,5.34
2012-05-01,5.46,Mutton meat,Mongolia,Ulaanbaatar,RETAIL,Kg,kg,5.46
2012-06-01,5.42,Mutton meat,Mongolia,Ulaanbaatar,RETAIL,Kg,kg,5.42
2012-07-01,5.65,Mutton meat,Mongolia,Ulaanbaatar,RETAIL,Kg,kg,5.65
2012-08-01,5.28,Mutton meat,Mongolia,Ulaanbaatar,RETAIL,Kg,kg,5.28
2012-09-01,4.96,Mutton meat,Mongolia,Ulaanbaatar,RETAIL,Kg,kg,4.96
2012-10-01,4.49,Mutton meat,Mongolia,Ulaanbaatar,RETAIL,Kg,kg,4.49
2012-11-01,4.39,Mutton meat,Mongolia,Ulaanbaatar,RETAIL,Kg,kg,4.39
2012-12-01,4.48,Mutton meat,Mongolia,Ulaanbaatar,RETAIL,Kg,kg,4.48
2013-01-01,4.65,Mutton meat,Mongolia,Ulaanbaatar,RETAIL,Kg,kg,4.65
2013-02-01,5.43,Mutton meat,Mongolia,Ulaanbaatar,RETAIL,Kg,kg,5.43
2013-03-01,5.03,Mutton meat,Mongolia,Ulaanbaatar,RETAIL,Kg,kg,5.03
2013-04-01,5.65,Mutton meat,Mongolia,Ulaanbaatar,RETAIL,Kg,kg,5.65
2013-05-01,5.66,Mutton meat,Mongolia,Ulaanbaatar,RETAIL,Kg,kg,5.66
2013-06-01,5.66,Mutton meat,Mongolia,Ulaanbaatar,RETAIL,Kg,kg,5.66
2013-07-01,5.43,Mutton meat,Mongolia,Ulaanbaatar,RETAIL,Kg,kg,5.43
2013-08-01,4.76,Mutton meat,Mongolia,Ulaanbaatar,RETAIL,Kg,kg,4.76
2013-09-01,4.53,Mutton meat,Mongolia,Ulaanbaatar,RETAIL,Kg,kg,4.53
2013-10-01,4.06,Mutton meat,Mongolia,Ulaanbaatar,RETAIL,Kg,kg,4.06
2013-11-01,3.86,Mutton meat,Mongolia,Ulaanbaatar,RETAIL,Kg,kg,3.86
2013-12-01,4.16,Mutton meat,Mongolia,Ulaanbaatar,RETAIL,Kg,kg,4.16
2014-01-01,4.0,Mutton meat,Mongolia,Ulaanbaatar,RETAIL,Kg,kg,4.0
2014-02-01,4.22,Mutton meat,Mongolia,Ulaanbaatar,RETAIL,Kg,kg,4.22
2014-03-01,4.27,Mutton meat,Mongolia,Ulaanbaatar,RETAIL,Kg,kg,4.27
2014-04-01,4.28,Mutton meat,Mongolia,Ulaanbaatar,RETAIL,Kg,kg,4.28
2014-05-01,4.3,Mutton meat,Mongolia,Ulaanbaatar,RETAIL,Kg,kg,4.3
2014-06-01,4.21,Mutton meat,Mongolia,Ulaanbaatar,RETAIL,Kg,kg,4.21
2014-07-01,3.77,Mutton meat,Mongolia,Ulaanbaatar,RETAIL,Kg,kg,3.77
2014-08-01,3.54,Mutton meat,Mongolia,Ulaanbaatar,RETAIL,Kg,kg,3.54
2014-09-01,3.48,Mutton meat,Mongolia,Ulaanbaatar,RETAIL,Kg,kg,3.48
2014-10-01,3.22,Mutton meat,Mongolia,Ulaanbaatar,RETAIL,Kg,kg,3.22
2014-11-01,3.1,Mutton meat,Mongolia,Ulaanbaatar,RETAIL,Kg,kg,3.1
2014-12-01,3.09,Mutton meat,Mongolia,Ulaanbaatar,RETAIL,Kg,kg,3.09
2015-01-01,3.03,Mutton meat,Mongolia,Ulaanbaatar,RETAIL,Kg,kg,3.03
2015-02-01,3.13,Mutton meat,Mongolia,Ulaanbaatar,RETAIL,Kg,kg,3.13
2015-03-01,3.39,Mutton meat,Mongolia,Ulaanbaatar,RETAIL,Kg,kg,3.39
2015-04-01,3.78,Mutton meat,Mongolia,Ulaanbaatar,RETAIL,Kg,kg,3.78
2015-05-01,3.89,Mutton meat,Mongolia,Ulaanbaatar,RETAIL,Kg,kg,3.89
2015-06-01,3.97,Mutton meat,Mongolia,Ulaanbaatar,RETAIL,Kg,kg,3.97
2015-07-01,3.63,Mutton meat,Mongolia,Ulaanbaatar,RETAIL,Kg,kg,3.63
2015-08-01,3.04,Mutton meat,Mongolia,Ulaanbaatar,RETAIL,Kg,kg,3.04
2015-09-01,2.78,Mutton meat,Mongolia,Ulaanbaatar,RETAIL,Kg,kg,2.78
2015-10-01,2.26,Mutton meat,Mongolia,Ulaanbaatar,RETAIL,Kg,kg,2.26
2015-11-01,2.11,Mutton meat,Mongolia,Ulaanbaatar,RETAIL,Kg,kg,2.11
2015-12-01,2.05,Mutton meat,Mongolia,Ulaanbaatar,RETAIL,Kg,kg,2.05
2016-01-01,2.62,Mutton meat,Mongolia,Ulaanbaatar,RETAIL,Kg,kg,2.62
2016-02-01,2.71,Mutton meat,Mongolia,Ulaanbaatar,RETAIL,Kg,kg,2.71
2016-03-01,2.92,Mutton meat,Mongolia,Ulaanbaatar,RETAIL,Kg,kg,2.92
2016-04-01,3.67,Mutton meat,Mongolia,Ulaanbaatar,RETAIL,Kg,kg,3.67
2016-05-01,3.66,Mutton meat,Mongolia,Ulaanbaatar,RETAIL,Kg,kg,3.66
2016-06-01,3.58,Mutton meat,Mongolia,Ulaanbaatar,RETAIL,Kg,kg,3.58
2016-07-01,3.24,Mutton meat,Mongolia,Ulaanbaatar,RETAIL,Kg,kg,3.24
2016-08-01,2.8,Mutton meat,Mongolia,Ulaanbaatar,RETAIL,Kg,kg,2.8
2016-09-01,2.52,Mutton meat,Mongolia,Ulaanbaatar,RETAIL,Kg,kg,2.52
2016-10-01,1.89,Mutton meat,Mongolia,Ulaanbaatar,RETAIL,Kg,kg,1.89
2016-11-01,1.62,Mutton meat,Mongolia,Ulaanbaatar,RETAIL,Kg,kg,1.62
2016-12-01,1.77,Mutton meat,Mongolia,Ulaanbaatar,RETAIL,Kg,kg,1.77
2017-01-01,2.38,Mutton meat,Mongolia,Ulaanbaatar,RETAIL,Kg,kg,2.38
2017-02-01,2.21,Mutton meat,Mongolia,Ulaanbaatar,RETAIL,Kg,kg,2.21
2017-03-01,2.6,Mutton meat,Mongolia,Ulaanbaatar,RETAIL,Kg,kg,2.6
2017-04-01,2.92,Mutton meat,Mongolia,Ulaanbaatar,RETAIL,Kg,kg,2.92
2017-05-01,3.0,Mutton meat,Mongolia,Ulaanbaatar,RETAIL,Kg,kg,3.0
2017-06-01,2.74,Mutton meat,Mongolia,Ulaanbaatar,RETAIL,Kg,kg,2.74
2017-07-01,2.75,Mutton meat,Mongolia,Ulaanbaatar,RETAIL,Kg,kg,2.75
2017-08-01,2.62,Mutton meat,Mongolia,Ulaanbaatar,RETAIL,Kg,kg,2.62
2017-09-01,2.53,Mutton meat,Mongolia,Ulaanbaatar,RETAIL,Kg,kg,2.53
2017-10-01,2.34,Mutton meat,Mongolia,Ulaanbaatar,RETAIL,Kg,kg,2.34
2017-11-01,2.2,Mutton meat,Mongolia,Ulaanbaatar,RETAIL,Kg,kg,2.2
2017-12-01,2.11,Mutton meat,Mongolia,Ulaanbaatar,RETAIL,Kg,kg,2.11
2018-01-01,2.16,Mutton meat,Mongolia,Ulaanbaatar,RETAIL,Kg,kg,2.16
2018-02-01,2.47,Mutton meat,Mongolia,Ulaanbaatar,RETAIL,Kg,kg,2.47
2018-03-01,2.73,Mutton meat,Mongolia,Ulaanbaatar,RETAIL,Kg,kg,2.73
2018-04-01,3.04,Mutton meat,Mongolia,Ulaanbaatar,RETAIL,Kg,kg,3.04
2018-05-01,3.11,Mutton meat,Mongolia,Ulaanbaatar,RETAIL,Kg,kg,3.11
2018-06-01,3.09,Mutton meat,Mongolia,Ulaanbaatar,RETAIL,Kg,kg,3.09
2018-07-01,3.06,Mutton meat,Mongolia,Ulaanbaatar,RETAIL,Kg,kg,3.06
2018-08-01,2.83,Mutton meat,Mongolia,Ulaanbaatar,RETAIL,Kg,kg,2.83
2018-09-01,2.56,Mutton meat,Mongolia,Ulaanbaatar,RETAIL,Kg,kg,2.56
2018-10-01,2.51,Mutton meat,Mongolia,Ulaanbaatar,RETAIL,Kg,kg,2.51
2018-11-01,2.59,Mutton meat,Mongolia,Ulaanbaatar,RETAIL,Kg,kg,2.59
2018-12-01,2.54,Mutton meat,Mongolia,Ulaanbaatar,RETAIL,Kg,kg,2.54
2019-01-01,2.7,Mutton meat,Mongolia,Ulaanbaatar,RETAIL,Kg,kg,2.7
2019-02-01,2.78,Mutton meat,Mongolia,Ulaanbaatar,RETAIL,Kg,kg,2.78
2019-03-01,3.02,Mutton meat,Mongolia,Ulaanbaatar,RETAIL,Kg,kg,3.02
2019-04-01,3.31,Mutton meat,Mongolia,Ulaanbaatar,RETAIL,Kg,kg,3.31
2019-05-01,3.7,Mutton meat,Mongolia,Ulaanbaatar,RETAIL,Kg,kg,3.7
2019-06-01,3.93,Mutton meat,Mongolia,Ulaanbaatar,RETAIL,Kg,kg,3.93
2019-07-01,3.77,Mutton meat,Mongolia,Ulaanbaatar,RETAIL,Kg,kg,3.77
2019-08-01,3.63,Mutton meat,Mongolia,Ulaanbaatar,RETAIL,Kg,kg,3.63
2019-09-01,3.63,Mutton meat,Mongolia,Ulaanbaatar,RETAIL,Kg,kg,3.63
2019-10-01,3.47,Mutton meat,Mongolia,Ulaanbaatar,RETAIL,Kg,kg,3.47
2019-11-01,2.85,Mutton meat,Mongolia,Ulaanbaatar,RETAIL,Kg,kg,2.85
2019-12-01,2.74,Mutton meat,Mongolia,Ulaanbaatar,RETAIL,Kg,kg,2.74
2020-01-01,3.13,Mutton meat,Mongolia,Ulaanbaatar,RETAIL,Kg,kg,3.13
2020-02-01,3.48,Mutton meat,Mongolia,Ulaanbaatar,RETAIL,Kg,kg,3.48
2020-03-01,3.53,Mutton meat,Mongolia,Ulaanbaatar,RETAIL,Kg,kg,3.53
2020-04-01,3.53,Mutton meat,Mongolia,Ulaanbaatar,RETAIL,Kg,kg,3.53
2020-05-01,3.62,Mutton meat,Mongolia,Ulaanbaatar,RETAIL,Kg,kg,3.62
2020-06-01,3.69,Mutton meat,Mongolia,Ulaanbaatar,RETAIL,Kg,kg,3.69
2020-07-01,3.75,Mutton meat,Mongolia,Ulaanbaatar,RETAIL,Kg,kg,3.75
2020-08-01,3.46,Mutton meat,Mongolia,Ulaanbaatar,RETAIL,Kg,kg,3.46
2020-09-01,3.21,Mutton meat,Mongolia,Ulaanbaatar,RETAIL,Kg,kg,3.21
2020-10-01,3.0,Mutton meat,Mongolia,Ulaanbaatar,RETAIL,Kg,kg,3.0
2020-11-01,3.03,Mutton meat,Mongolia,Ulaanbaatar,RETAIL,Kg,kg,3.03
2020-12-01,3.01,Mutton meat,Mongolia,Ulaanbaatar,RETAIL,Kg,kg,3.01
2021-01-01,3.17,Mutton meat,Mongolia,Ulaanbaatar,RETAIL,Kg,kg,3.17
2021-02-01,3.67,Mutton meat,Mongolia,Ulaanbaatar,RETAIL,Kg,kg,3.67
2021-03-01,3.75,Mutton meat,Mongolia,Ulaanbaatar,RETAIL,Kg,kg,3.75
2021-04-01,4.32,Mutton meat,Mongolia,Ulaanbaatar,RETAIL,Kg,kg,4.32
2021-05-01,4.35,Mutton meat,Mongolia,Ulaanbaatar,RETAIL,Kg,kg,4.35
2021-06-01,4.46,Mutton meat,Mongolia,Ulaanbaatar,RETAIL,Kg,kg,4.46
2021-07-01,4.37,Mutton meat,Mongolia,Ulaanbaatar,RETAIL,Kg,kg,4.37
2021-08-01,3.99,Mutton meat,Mongolia,Ulaanbaatar,RETAIL,Kg,kg,3.99
2021-09-01,3.85,Mutton meat,Mongolia,Ulaanbaatar,RETAIL,Kg,kg,3.85
2021-10-01,3.86,Mutton meat,Mongolia,Ulaanbaatar,RETAIL,Kg,kg,3.86
2021-11-01,3.78,Mutton meat,Mongolia,Ulaanbaatar,RETAIL,Kg,kg,3.78
2021-12-01,3.81,Mutton meat,Mongolia,Ulaanbaatar,RETAIL,Kg,kg,3.81
2022-01-01,4.05,Mutton meat,Mongolia,Ulaanbaatar,RETAIL,Kg,kg,4.05
2022-02-01,4.18,Mutton meat,Mongolia,Ulaanbaatar,RETAIL,Kg,kg,4.18
2022-03-01,4.34,Mutton meat,Mongolia,Ulaanbaatar,RETAIL,Kg,kg,4.34
2022-04-01,4.15,Mutton meat,Mongolia,Ulaanbaatar,RETAIL,Kg,kg,4.15
2022-05-01,4.08,Mutton meat,Mongolia,Ulaanbaatar,RETAIL,Kg,kg,4.08
2022-06-01,4.1,Mutton meat,Mongolia,Ulaanbaatar,RETAIL,Kg,kg,4.1
2022-07-01,3.92,Mutton meat,Mongolia,Ulaanbaatar,RETAIL,Kg,kg,3.92
2022-08-01,3.62,Mutton meat,Mongolia,Ulaanbaatar,RETAIL,Kg,kg,3.62
2022-09-01,3.38,Mutton meat,Mongolia,Ulaanbaatar,RETAIL,Kg,kg,3.38
2022-10-01,3.04,Mutton meat,Mongolia,Ulaanbaatar,RETAIL,Kg,kg,3.04
2022-11-01,2.88,Mutton meat,Mongolia,Ulaanbaatar,RETAIL,Kg,kg,2.88
2022-12-01,2.89,Mutton meat,Mongolia,Ulaanbaatar,RETAIL,Kg,kg,2.89
2023-01-01,3.04,Mutton meat,Mongolia,Ulaanbaatar,RETAIL,Kg,kg,3.04
2023-02-01,3.34,Mutton meat,Mongolia,Ulaanbaatar,RETAIL,Kg,kg,3.34
2023-03-01,3.64,Mutton meat,Mongolia,Ulaanbaatar,RETAIL,Kg,kg,3.64
2023-04-01,4.02,Mutton meat,Mongolia,Ulaanbaatar,RETAIL,Kg,kg,4.02
2023-05-01,4.44,Mutton meat,Mongolia,Ulaanbaatar,RETAIL,Kg,kg,4.44
2023-06-01,4.83,Mutton meat,Mongolia,Ulaanbaatar,RETAIL,Kg,kg,4.83
2023-07-01,4.44,Mutton meat,Mongolia,Ulaanbaatar,RETAIL,Kg,kg,4.44
2023-08-01,3.81,Mutton meat,Mongolia,Ulaanbaatar,RETAIL,Kg,kg,3.81
2023-09-01,3.66,Mutton meat,Mongolia,Ulaanbaatar,RETAIL,Kg,kg,3.66
2023-10-01,3.48,Mutton meat,Mongolia,Ulaanbaatar,RETAIL,Kg,kg,3.48
2023-11-01,4.52,Mutton meat,Mongolia,Ulaanbaatar,RETAIL,Kg,kg,4.52
2023-12-01,3.53,Mutton meat,Mongolia,Ulaanbaatar,RETAIL,Kg,kg,3.53
2024-01-01,3.79,Mutton meat,Mongolia,Ulaanbaatar,RETAIL,Kg,kg,3.79
2024-02-01,4.06,Mutton meat,Mongolia,Ulaanbaatar,RETAIL,Kg,kg,4.06
2024-03-01,4.12,Mutton meat,Mongolia,Ulaanbaatar,RETAIL,Kg,kg,4.12
2024-04-01,4.33,Mutton meat,Mongolia,Ulaanbaatar,RETAIL,Kg,kg,4.33
2024-05-01,4.75,Mutton meat,Mongolia,Ulaanbaatar,RETAIL,Kg,kg,4.75
2024-06-01,4.84,Mutton meat,Mongolia,Ulaanbaatar,RETAIL,Kg,kg,4.84
2024-07-01,5.84,Mutton meat,Mongolia,Ulaanbaatar,RETAIL,Kg,kg,5.84
2024-08-01,4.36,Mutton meat,Mongolia,Ulaanbaatar,RETAIL,Kg,kg,4.36
2024-09-01,4.29,Mutton meat,Mongolia,Ulaanbaatar,RETAIL,Kg,kg,4.29
2024-10-01,4.2,Mutton meat,Mongolia,Ulaanbaatar,RETAIL,Kg,kg,4.2
2024-11-01,4.13,Mutton meat,Mongolia,Ulaanbaatar,RETAIL,Kg,kg,4.13
2024-12-01,4.3,Mutton meat,Mongolia,Ulaanbaatar,RETAIL,Kg,kg,4.3
2025-01-01,4.53,Mutton meat,Mongolia,Ulaanbaatar,RETAIL,Kg,kg,4.53
2025-02-01,4.77,Mutton meat,Mongolia,Ulaanbaatar,RETAIL,Kg,kg,4.77
2025-03-01,4.94,Mutton meat,Mongolia,Ulaanbaatar,RETAIL,Kg,kg,4.94
2025-04-01,6.66,Mutton meat,Mongolia,Ulaanbaatar,RETAIL,Kg,kg,6.66
2025-05-01,6.59,Mutton meat,Mongolia,Ulaanbaatar,RETAIL,Kg,kg,6.59
2025-06-01,6.51,Mutton meat,Mongolia,Ulaanbaatar,RETAIL,Kg,kg,6.51
2025-07-01,6.48,Mutton meat,Mongolia,Ulaanbaatar,RETAIL,Kg,kg,6.48
2010-01-01,1.17,Mutton meat,Mongolia,Uvurkhangai,RETAIL,Kg,kg,1.17
2010-02-01,1.73,Mutton meat,Mongolia,Uvurkhangai,RETAIL,Kg,kg,1.73
2010-03-01,1.98,Mutton meat,Mongolia,Uvurkhangai,RETAIL,Kg,kg,1.98
2010-04-01,3.28,Mutton meat,Mongolia,Uvurkhangai,RETAIL,Kg,kg,3.28
2010-05-01,4.18,Mutton meat,Mongolia,Uvurkhangai,RETAIL,Kg,kg,4.18
2010-06-01,3.62,Mutton meat,Mongolia,Uvurkhangai,RETAIL,Kg,kg,3.62
2010-07-01,2.93,Mutton meat,Mongolia,Uvurkhangai,RETAIL,Kg,kg,2.93
2010-08-01,1.74,Mutton meat,Mongolia,Uvurkhangai,RETAIL,Kg,kg,1.74
2010-09-01,1.51,Mutton meat,Mongolia,Uvurkhangai,RETAIL,Kg,kg,1.51
2010-10-01,1.68,Mutton meat,Mongolia,Uvurkhangai,RETAIL,Kg,kg,1.68
2010-11-01,1.81,Mutton meat,Mongolia,Uvurkhangai,RETAIL,Kg,kg,1.81
2010-12-01,2.43,Mutton meat,Mongolia,Uvurkhangai,RETAIL,Kg,kg,2.43
2011-01-01,2.79,Mutton meat,Mongolia,Uvurkhangai,RETAIL,Kg,kg,2.79
2011-02-01,2.79,Mutton meat,Mongolia,Uvurkhangai,RETAIL,Kg,kg,2.79
2011-03-01,2.04,Mutton meat,Mongolia,Uvurkhangai,RETAIL,Kg,kg,2.04
2011-04-01,2.05,Mutton meat,Mongolia,Uvurkhangai,RETAIL,Kg,kg,2.05
2011-05-01,3.48,Mutton meat,Mongolia,Uvurkhangai,RETAIL,Kg,kg,3.48
2011-06-01,2.78,Mutton meat,Mongolia,Uvurkhangai,RETAIL,Kg,kg,2.78
2011-07-01,3.21,Mutton meat,Mongolia,Uvurkhangai,RETAIL,Kg,kg,3.21
2011-08-01,2.91,Mutton meat,Mongolia,Uvurkhangai,RETAIL,Kg,kg,2.91
2011-09-01,2.78,Mutton meat,Mongolia,Uvurkhangai,RETAIL,Kg,kg,2.78
2011-10-01,2.55,Mutton meat,Mongolia,Uvurkhangai,RETAIL,Kg,kg,2.55
2011-11-01,2.64,Mutton meat,Mongolia,Uvurkhangai,RETAIL,Kg,kg,2.64
2011-12-01,2.77,Mutton meat,Mongolia,Uvurkhangai,RETAIL,Kg,kg,2.77
2012-01-01,3.13,Mutton meat,Mongolia,Uvurkhangai,RETAIL,Kg,kg,3.13
2012-02-01,4.25,Mutton meat,Mongolia,Uvurkhangai,RETAIL,Kg,kg,4.25
2012-03-01,4.22,Mutton meat,Mongolia,Uvurkhangai,RETAIL,Kg,kg,4.22
2012-04-01,4.57,Mutton meat,Mongolia,Uvurkhangai,RETAIL,Kg,kg,4.57
2012-05-01,4.55,Mutton meat,Mongolia,Uvurkhangai,RETAIL,Kg,kg,4.55
2012-06-01,4.52,Mutton meat,Mongolia,Uvurkhangai,RETAIL,Kg,kg,4.52
2012-07-01,4.61,Mutton meat,Mongolia,Uvurkhangai,RETAIL,Kg,kg,4.61
2012-08-01,4.15,Mutton meat,Mongolia,Uvurkhangai,RETAIL,Kg,kg,4.15
2012-09-01,3.8,Mutton meat,Mongolia,Uvurkhangai,RETAIL,Kg,kg,3.8
2012-10-01,3.6,Mutton meat,Mongolia,Uvurkhangai,RETAIL,Kg,kg,3.6
2012-11-01,3.7,Mutton meat,Mongolia,Uvurkhangai,RETAIL,Kg,kg,3.7
2012-12-01,3.58,Mutton meat,Mongolia,Uvurkhangai,RETAIL,Kg,kg,3.58
2013-01-01,4.09,Mutton meat,Mongolia,Uvurkhangai,RETAIL,Kg,kg,4.09
2013-02-01,3.73,Mutton meat,Mongolia,Uvurkhangai,RETAIL,Kg,kg,3.73
2013-03-01,4.63,Mutton meat,Mongolia,Uvurkhangai,RETAIL,Kg,kg,4.63
2013-04-01,4.94,Mutton meat,Mongolia,Uvurkhangai,RETAIL,Kg,kg,4.94
2013-05-01,5.21,Mutton meat,Mongolia,Uvurkhangai,RETAIL,Kg,kg,5.21
2013-06-01,4.87,Mutton meat,Mongolia,Uvurkhangai,RETAIL,Kg,kg,4.87
2013-07-01,4.61,Mutton meat,Mongolia,Uvurkhangai,RETAIL,Kg,kg,4.61
2013-08-01,3.82,Mutton meat,Mongolia,Uvurkhangai,RETAIL,Kg,kg,3.82
2013-09-01,3.49,Mutton meat,Mongolia,Uvurkhangai,RETAIL,Kg,kg,3.49
2013-10-01,3.26,Mutton meat,Mongolia,Uvurkhangai,RETAIL,Kg,kg,3.26
2013-11-01,3.17,Mutton meat,Mongolia,Uvurkhangai,RETAIL,Kg,kg,3.17
2013-12-01,3.46,Mutton meat,Mongolia,Uvurkhangai,RETAIL,Kg,kg,3.46
2014-01-01,3.62,Mutton meat,Mongolia,Uvurkhangai,RETAIL,Kg,kg,3.62
2014-02-01,3.71,Mutton meat,Mongolia,Uvurkhangai,RETAIL,Kg,kg,3.71
2014-03-01,3.82,Mutton meat,Mongolia,Uvurkhangai,RETAIL,Kg,kg,3.82
2014-04-01,3.96,Mutton meat,Mongolia,Uvurkhangai,RETAIL,Kg,kg,3.96
2014-05-01,4.3,Mutton meat,Mongolia,Uvurkhangai,RETAIL,Kg,kg,4.3
2014-06-01,4.11,Mutton meat,Mongolia,Uvurkhangai,RETAIL,Kg,kg,4.11
2014-07-01,3.9,Mutton meat,Mongolia,Uvurkhangai,RETAIL,Kg,kg,3.9
2014-08-01,3.99,Mutton meat,Mongolia,Uvurkhangai,RETAIL,Kg,kg,3.99
2014-09-01,3.27,Mutton meat,Mongolia,Uvurkhangai,RETAIL,Kg,kg,3.27
2014-10-01,2.97,Mutton meat,Mongolia,Uvurkhangai,RETAIL,Kg,kg,2.97
2014-11-01,2.93,Mutton meat,Mongolia,Uvurkhangai,RETAIL,Kg,kg,2.93
2014-12-01,2.92,Mutton meat,Mongolia,Uvurkhangai,RETAIL,Kg,kg,2.92
2015-01-01,2.85,Mutton meat,Mongolia,Uvurkhangai,RETAIL,Kg,kg,2.85
2015-02-01,2.8,Mutton meat,Mongolia,Uvurkhangai,RETAIL,Kg,kg,2.8
2015-03-01,2.77,Mutton meat,Mongolia,Uvurkhangai,RETAIL,Kg,kg,2.77
2015-04-01,3.24,Mutton meat,Mongolia,Uvurkhangai,RETAIL,Kg,kg,3.24
2015-05-01,3.87,Mutton meat,Mongolia,Uvurkhangai,RETAIL,Kg,kg,3.87
2015-06-01,3.42,Mutton meat,Mongolia,Uvurkhangai,RETAIL,Kg,kg,3.42
2015-07-01,3.03,Mutton meat,Mongolia,Uvurkhangai,RETAIL,Kg,kg,3.03
2015-08-01,2.34,Mutton meat,Mongolia,Uvurkhangai,RETAIL,Kg,kg,2.34
2015-09-01,2.26,Mutton meat,Mongolia,Uvurkhangai,RETAIL,Kg,kg,2.26
2015-10-01,2.01,Mutton meat,Mongolia,Uvurkhangai,RETAIL,Kg,kg,2.01
2015-11-01,2.01,Mutton meat,Mongolia,Uvurkhangai,RETAIL,Kg,kg,2.01
2015-12-01,1.75,Mutton meat,Mongolia,Uvurkhangai,RETAIL,Kg,kg,1.75
2016-01-01,2.07,Mutton meat,Mongolia,Uvurkhangai,RETAIL,Kg,kg,2.07
2016-02-01,2.22,Mutton meat,Mongolia,Uvurkhangai,RETAIL,Kg,kg,2.22
2016-03-01,2.35,Mutton meat,Mongolia,Uvurkhangai,RETAIL,Kg,kg,2.35
2016-04-01,3.06,Mutton meat,Mongolia,Uvurkhangai,RETAIL,Kg,kg,3.06
2016-05-01,3.25,Mutton meat,Mongolia,Uvurkhangai,RETAIL,Kg,kg,3.25
2016-06-01,3.04,Mutton meat,Mongolia,Uvurkhangai,RETAIL,Kg,kg,3.04
2016-07-01,3.09,Mutton meat,Mongolia,Uvurkhangai,RETAIL,Kg,kg,3.09
2016-08-01,2.17,Mutton meat,Mongolia,Uvurkhangai,RETAIL,Kg,kg,2.17
2016-09-01,2.12,Mutton meat,Mongolia,Uvurkhangai,RETAIL,Kg,kg,2.12
2016-10-01,1.56,Mutton meat,Mongolia,Uvurkhangai,RETAIL,Kg,kg,1.56
2016-11-01,1.44,Mutton meat,Mongolia,Uvurkhangai,RETAIL,Kg,kg,1.44
2016-12-01,1.45,Mutton meat,Mongolia,Uvurkhangai,RETAIL,Kg,kg,1.45
2017-01-01,1.63,Mutton meat,Mongolia,Uvurkhangai,RETAIL,Kg,kg,1.63
2017-02-01,1.68,Mutton meat,Mongolia,Uvurkhangai,RETAIL,Kg,kg,1.68
2017-03-01,1.69,Mutton meat,Mongolia,Uvurkhangai,RETAIL,Kg,kg,1.69
2017-04-01,2.21,Mutton meat,Mongolia,Uvurkhangai,RETAIL,Kg,kg,2.21
2017-05-01,2.63,Mutton meat,Mongolia,Uvurkhangai,RETAIL,Kg,kg,2.63
2017-06-01,2.42,Mutton meat,Mongolia,Uvurkhangai,RETAIL,Kg,kg,2.42
2017-07-01,2.27,Mutton meat,Mongolia,Uvurkhangai,RETAIL,Kg,kg,2.27
2017-08-01,2.09,Mutton meat,Mongolia,Uvurkhangai,RETAIL,Kg,kg,2.09
2017-09-01,1.75,Mutton meat,Mongolia,Uvurkhangai,RETAIL,Kg,kg,1.75
2017-10-01,1.51,Mutton meat,Mongolia,Uvurkhangai,RETAIL,Kg,kg,1.51
2017-11-01,1.59,Mutton meat,Mongolia,Uvurkhangai,RETAIL,Kg,kg,1.59
2017-12-01,1.47,Mutton meat,Mongolia,Uvurkhangai,RETAIL,Kg,kg,1.47
2018-01-01,1.82,Mutton meat,Mongolia,Uvurkhangai,RETAIL,Kg,kg,1.82
2018-02-01,2.08,Mutton meat,Mongolia,Uvurkhangai,RETAIL,Kg,kg,2.08
2018-03-01,2.11,Mutton meat,Mongolia,Uvurkhangai,RETAIL,Kg,kg,2.11
2018-04-01,2.28,Mutton meat,Mongolia,Uvurkhangai,RETAIL,Kg,kg,2.28
2018-05-01,2.88,Mutton meat,Mongolia,Uvurkhangai,RETAIL,Kg,kg,2.88
2018-06-01,2.63,Mutton meat,Mongolia,Uvurkhangai,RETAIL,Kg,kg,2.63
2018-07-01,2.49,Mutton meat,Mongolia,Uvurkhangai,RETAIL,Kg,kg,2.49
2018-08-01,2.08,Mutton meat,Mongolia,Uvurkhangai,RETAIL,Kg,kg,2.08
2018-09-01,2.03,Mutton meat,Mongolia,Uvurkhangai,RETAIL,Kg,kg,2.03
2018-10-01,2.06,Mutton meat,Mongolia,Uvurkhangai,RETAIL,Kg,kg,2.06
2018-11-01,2.05,Mutton meat,Mongolia,Uvurkhangai,RETAIL,Kg,kg,2.05
2018-12-01,2.06,Mutton meat,Mongolia,Uvurkhangai,RETAIL,Kg,kg,2.06
2019-01-01,2.36,Mutton meat,Mongolia,Uvurkhangai,RETAIL,Kg,kg,2.36
2019-02-01,2.76,Mutton meat,Mongolia,Uvurkhangai,RETAIL,Kg,kg,2.76
2019-03-01,2.8,Mutton meat,Mongolia,Uvurkhangai,RETAIL,Kg,kg,2.8
2019-04-01,2.82,Mutton meat,Mongolia,Uvurkhangai,RETAIL,Kg,kg,2.82
2019-05-01,3.34,Mutton meat,Mongolia,Uvurkhangai,RETAIL,Kg,kg,3.34
2019-06-01,2.92,Mutton meat,Mongolia,Uvurkhangai,RETAIL,Kg,kg,2.92
2019-07-01,2.93,Mutton meat,Mongolia,Uvurkhangai,RETAIL,Kg,kg,2.93
2019-08-01,2.81,Mutton meat,Mongolia,Uvurkhangai,RETAIL,Kg,kg,2.81
2019-09-01,2.81,Mutton meat,Mongolia,Uvurkhangai,RETAIL,Kg,kg,2.81
2019-10-01,2.43,Mutton meat,Mongolia,Uvurkhangai,RETAIL,Kg,kg,2.43
2019-11-01,2.4,Mutton meat,Mongolia,Uvurkhangai,RETAIL,Kg,kg,2.4
2019-12-01,2.31,Mutton meat,Mongolia,Uvurkhangai,RETAIL,Kg,kg,2.31
2020-01-01,2.69,Mutton meat,Mongolia,Uvurkhangai,RETAIL,Kg,kg,2.69
2020-02-01,2.68,Mutton meat,Mongolia,Uvurkhangai,RETAIL,Kg,kg,2.68
2020-03-01,2.84,Mutton meat,Mongolia,Uvurkhangai,RETAIL,Kg,kg,2.84
2020-04-01,3.08,Mutton meat,Mongolia,Uvurkhangai,RETAIL,Kg,kg,3.08
2020-05-01,3.2,Mutton meat,Mongolia,Uvurkhangai,RETAIL,Kg,kg,3.2
2020-06-01,3.37,Mutton meat,Mongolia,Uvurkhangai,RETAIL,Kg,kg,3.37
2020-07-01,3.16,Mutton meat,Mongolia,Uvurkhangai,RETAIL,Kg,kg,3.16
2020-08-01,2.53,Mutton meat,Mongolia,Uvurkhangai,RETAIL,Kg,kg,2.53
2020-09-01,2.18,Mutton meat,Mongolia,Uvurkhangai,RETAIL,Kg,kg,2.18
2020-10-01,2.33,Mutton meat,Mongolia,Uvurkhangai,RETAIL,Kg,kg,2.33
2020-11-01,2.29,Mutton meat,Mongolia,Uvurkhangai,RETAIL,Kg,kg,2.29
2020-12-01,2.29,Mutton meat,Mongolia,Uvurkhangai,RETAIL,Kg,kg,2.29
2021-01-01,2.7,Mutton meat,Mongolia,Uvurkhangai,RETAIL,Kg,kg,2.7
2021-02-01,2.84,Mutton meat,Mongolia,Uvurkhangai,RETAIL,Kg,kg,2.84
2021-03-01,2.84,Mutton meat,Mongolia,Uvurkhangai,RETAIL,Kg,kg,2.84
2021-04-01,3.53,Mutton meat,Mongolia,Uvurkhangai,RETAIL,Kg,kg,3.53
2021-05-01,3.71,Mutton meat,Mongolia,Uvurkhangai,RETAIL,Kg,kg,3.71
2021-06-01,4.15,Mutton meat,Mongolia,Uvurkhangai,RETAIL,Kg,kg,4.15
2021-07-01,3.69,Mutton meat,Mongolia,Uvurkhangai,RETAIL,Kg,kg,3.69
2021-08-01,3.28,Mutton meat,Mongolia,Uvurkhangai,RETAIL,Kg,kg,3.28
2021-09-01,2.73,Mutton meat,Mongolia,Uvurkhangai,RETAIL,Kg,kg,2.73
2021-10-01,2.97,Mutton meat,Mongolia,Uvurkhangai,RETAIL,Kg,kg,2.97
2021-11-01,2.97,Mutton meat,Mongolia,Uvurkhangai,RETAIL,Kg,kg,2.97
2021-12-01,2.99,Mutton meat,Mongolia,Uvurkhangai,RETAIL,Kg,kg,2.99
2022-01-01,3.24,Mutton meat,Mongolia,Uvurkhangai,RETAIL,Kg,kg,3.24
2022-02-01,3.25,Mutton meat,Mongolia,Uvurkhangai,RETAIL,Kg,kg,3.25
2022-03-01,3.33,Mutton meat,Mongolia,Uvurkhangai,RETAIL,Kg,kg,3.33
2022-04-01,3.55,Mutton meat,Mongolia,Uvurkhangai,RETAIL,Kg,kg,3.55
2022-05-01,3.52,Mutton meat,Mongolia,Uvurkhangai,RETAIL,Kg,kg,3.52
2022-06-01,3.22,Mutton meat,Mongolia,Uvurkhangai,RETAIL,Kg,kg,3.22
2022-07-01,3.2,Mutton meat,Mongolia,Uvurkhangai,RETAIL,Kg,kg,3.2
2022-08-01,2.78,Mutton meat,Mongolia,Uvurkhangai,RETAIL,Kg,kg,2.78
2022-09-01,2.53,Mutton meat,Mongolia,Uvurkhangai,RETAIL,Kg,kg,2.53
2022-10-01,2.45,Mutton meat,Mongolia,Uvurkhangai,RETAIL,Kg,kg,2.45
2022-11-01,2.3,Mutton meat,Mongolia,Uvurkhangai,RETAIL,Kg,kg,2.3
2022-12-01,2.29,Mutton meat,Mongolia,Uvurkhangai,RETAIL,Kg,kg,2.29
2023-01-01,2.43,Mutton meat,Mongolia,Uvurkhangai,RETAIL,Kg,kg,2.43
2023-02-01,2.54,Mutton meat,Mongolia,Uvurkhangai,RETAIL,Kg,kg,2.54
2023-03-01,2.79,Mutton meat,Mongolia,Uvurkhangai,RETAIL,Kg,kg,2.79
2023-04-01,2.96,Mutton meat,Mongolia,Uvurkhangai,RETAIL,Kg,kg,2.96
2023-05-01,3.44,Mutton meat,Mongolia,Uvurkhangai,RETAIL,Kg,kg,3.44
2023-06-01,3.69,Mutton meat,Mongolia,Uvurkhangai,RETAIL,Kg,kg,3.69
2023-07-01,3.62,Mutton meat,Mongolia,Uvurkhangai,RETAIL,Kg,kg,3.62
2023-08-01,2.77,Mutton meat,Mongolia,Uvurkhangai,RETAIL,Kg,kg,2.77
2023-09-01,2.69,Mutton meat,Mongolia,Uvurkhangai,RETAIL,Kg,kg,2.69
2023-10-01,2.59,Mutton meat,Mongolia,Uvurkhangai,RETAIL,Kg,kg,2.59
2023-11-01,3.16,Mutton meat,Mongolia,Uvurkhangai,RETAIL,Kg,kg,3.16
2023-12-01,2.5,Mutton meat,Mongolia,Uvurkhangai,RETAIL,Kg,kg,2.5
2024-01-01,2.72,Mutton meat,Mongolia,Uvurkhangai,RETAIL,Kg,kg,2.72
2024-02-01,3.47,Mutton meat,Mongolia,Uvurkhangai,RETAIL,Kg,kg,3.47
2024-03-01,3.72,Mutton meat,Mongolia,Uvurkhangai,RETAIL,Kg,kg,3.72
2024-04-01,4.14,Mutton meat,Mongolia,Uvurkhangai,RETAIL,Kg,kg,4.14
2024-05-01,4.27,Mutton meat,Mongolia,Uvurkhangai,RETAIL,Kg,kg,4.27
2024-06-01,3.76,Mutton meat,Mongolia,Uvurkhangai,RETAIL,Kg,kg,3.76
2024-07-01,4.29,Mutton meat,Mongolia,Uvurkhangai,RETAIL,Kg,kg,4.29
2024-08-01,3.02,Mutton meat,Mongolia,Uvurkhangai,RETAIL,Kg,kg,3.02
2024-09-01,3.03,Mutton meat,Mongolia,Uvurkhangai,RETAIL,Kg,kg,3.03
2024-10-01,2.98,Mutton meat,Mongolia,Uvurkhangai,RETAIL,Kg,kg,2.98
2024-11-01,2.88,Mutton meat,Mongolia,Uvurkhangai,RETAIL,Kg,kg,2.88
2024-12-01,3.25,Mutton meat,Mongolia,Uvurkhangai,RETAIL,Kg,kg,3.25
2025-01-01,3.6,Mutton meat,Mongolia,Uvurkhangai,RETAIL,Kg,kg,3.6
2025-02-01,3.74,Mutton meat,Mongolia,Uvurkhangai,RETAIL,Kg,kg,3.74
2025-03-01,3.92,Mutton meat,Mongolia,Uvurkhangai,RETAIL,Kg,kg,3.92
2025-04-01,5.61,Mutton meat,Mongolia,Uvurkhangai,RETAIL,Kg,kg,5.61
2025-05-01,5.74,Mutton meat,Mongolia,Uvurkhangai,RETAIL,Kg,kg,5.74
2025-06-01,5.23,Mutton meat,Mongolia,Uvurkhangai,RETAIL,Kg,kg,5.23
2025-07-01,4.6,Mutton meat,Mongolia,Uvurkhangai,RETAIL,Kg,kg,4.6
2015-07-01,15.71,Mutton meat,Yemen,Hadramout,RETAIL,Kg,kg,15.71
2015-08-01,15.71,Mutton meat,Yemen,Hadramout,RETAIL,Kg,kg,15.71
2015-09-01,16.29,Mutton meat,Yemen,Hadramout,RETAIL,Kg,kg,16.29
2015-10-01,14.89,Mutton meat,Yemen,Hadramout,RETAIL,Kg,kg,14.89
2015-11-01,14.66,Mutton meat,Yemen,Hadramout,RETAIL,Kg,kg,14.66
2015-12-01,13.96,Mutton meat,Yemen,Hadramout,RETAIL,Kg,kg,13.96
2016-01-01,14.22,Mutton meat,Yemen,Hadramout,RETAIL,Kg,kg,14.22
2016-02-01,13.96,Mutton meat,Yemen,Hadramout,RETAIL,Kg,kg,13.96
2016-03-01,,Mutton meat,Yemen,Hadramout,RETAIL,Kg,kg,
2016-04-01,,Mutton meat,Yemen,Hadramout,RETAIL,Kg,kg,
2016-05-01,13.11,Mutton meat,Yemen,Hadramout,RETAIL,Kg,kg,13.11
2016-06-01,13.77,Mutton meat,Yemen,Hadramout,RETAIL,Kg,kg,13.77
2016-07-01,13.53,Mutton meat,Yemen,Hadramout,RETAIL,Kg,kg,13.53
2016-08-01,14.54,Mutton meat,Yemen,Hadramout,RETAIL,Kg,kg,14.54
2016-09-01,16.02,Mutton meat,Yemen,Hadramout,RETAIL,Kg,kg,16.02
2016-10-01,16.29,Mutton meat,Yemen,Hadramout,RETAIL,Kg,kg,16.29
2016-11-01,16.29,Mutton meat,Yemen,Hadramout,RETAIL,Kg,kg,16.29
2016-12-01,16.44,Mutton meat,Yemen,Hadramout,RETAIL,Kg,kg,16.44
2017-01-01,15.47,Mutton meat,Yemen,Hadramout,RETAIL,Kg,kg,15.47
2017-02-01,16.87,Mutton meat,Yemen,Hadramout,RETAIL,Kg,kg,16.87
2017-03-01,17.1,Mutton meat,Yemen,Hadramout,RETAIL,Kg,kg,17.1
2017-04-01,16.75,Mutton meat,Yemen,Hadramout,RETAIL,Kg,kg,16.75
2017-05-01,17.3,Mutton meat,Yemen,Hadramout,RETAIL,Kg,kg,17.3
2017-06-01,16.79,Mutton meat,Yemen,Hadramout,RETAIL,Kg,kg,16.79
2017-07-01,16.83,Mutton meat,Yemen,Hadramout,RETAIL,Kg,kg,16.83
2017-08-01,17.37,Mutton meat,Yemen,Hadramout,RETAIL,Kg,kg,17.37
2017-09-01,17.84,Mutton meat,Yemen,Hadramout,RETAIL,Kg,kg,17.84
2017-10-01,17.68,Mutton meat,Yemen,Hadramout,RETAIL,Kg,kg,17.68
2017-11-01,17.65,Mutton meat,Yemen,Hadramout,RETAIL,Kg,kg,17.65
2017-12-01,17.41,Mutton meat,Yemen,Hadramout,RETAIL,Kg,kg,17.41
2018-01-01,17.37,Mutton meat,Yemen,Hadramout,RETAIL,Kg,kg,17.37
2018-02-01,17.68,Mutton meat,Yemen,Hadramout,RETAIL,Kg,kg,17.68
2018-03-01,18.54,Mutton meat,Yemen,Hadramout,RETAIL,Kg,kg,18.54
2018-04-01,17.84,Mutton meat,Yemen,Hadramout,RETAIL,Kg,kg,17.84
2018-05-01,19.2,Mutton meat,Yemen,Hadramout,RETAIL,Kg,kg,19.2
2018-06-01,22.3,Mutton meat,Yemen,Hadramout,RETAIL,Kg,kg,22.3
2018-07-01,22.3,Mutton meat,Yemen,Hadramout,RETAIL,Kg,kg,22.3
2018-08-01,23.46,Mutton meat,Yemen,Hadramout,RETAIL,Kg,kg,23.46
2018-09-01,25.01,Mutton meat,Yemen,Hadramout,RETAIL,Kg,kg,25.01
2018-10-01,26.37,Mutton meat,Yemen,Hadramout,RETAIL,Kg,kg,26.37
2018-11-01,26.37,Mutton meat,Yemen,Hadramout,RETAIL,Kg,kg,26.37
2018-12-01,26.37,Mutton meat,Yemen,Hadramout,RETAIL,Kg,kg,26.37
2019-01-01,22.65,Mutton meat,Yemen,Hadramout,RETAIL,Kg,kg,22.65
2019-02-01,22.48,Mutton meat,Yemen,Hadramout,RETAIL,Kg,kg,22.48
2019-03-01,22.65,Mutton meat,Yemen,Hadramout,RETAIL,Kg,kg,22.65
2019-04-01,22.65,Mutton meat,Yemen,Hadramout,RETAIL,Kg,kg,22.65
2019-05-01,22.65,Mutton meat,Yemen,Hadramout,RETAIL,Kg,kg,22.65
2019-06-01,24.23,Mutton meat,Yemen,Hadramout,RETAIL,Kg,kg,24.23
2019-07-01,24.98,Mutton meat,Yemen,Hadramout,RETAIL,Kg,kg,24.98
2019-08-01,25.73,Mutton meat,Yemen,Hadramout,RETAIL,Kg,kg,25.73
2019-09-01,27.8,Mutton meat,Yemen,Hadramout,RETAIL,Kg,kg,27.8
2019-10-01,23.77,Mutton meat,Yemen,Hadramout,RETAIL,Kg,kg,23.77
2019-11-01,23.56,Mutton meat,Yemen,Hadramout,RETAIL,Kg,kg,23.56
2019-12-01,23.48,Mutton meat,Yemen,Hadramout,RETAIL,Kg,kg,23.48
2020-01-01,23.89,Mutton meat,Yemen,Hadramout,RETAIL,Kg,kg,23.89
2020-02-01,24.14,Mutton meat,Yemen,Hadramout,RETAIL,Kg,kg,24.14
2020-03-01,24.14,Mutton meat,Yemen,Hadramout,RETAIL,Kg,kg,24.14
2020-04-01,24.35,Mutton meat,Yemen,Hadramout,RETAIL,Kg,kg,24.35
2020-05-01,26.89,Mutton meat,Yemen,Hadramout,RETAIL,Kg,kg,26.89
2020-06-01,28.22,Mutton meat,Yemen,Hadramout,RETAIL,Kg,kg,28.22
2020-07-01,28.3,Mutton meat,Yemen,Hadramout,RETAIL,Kg,kg,28.3
2020-08-01,27.64,Mutton meat,Yemen,Hadramout,RETAIL,Kg,kg,27.64
2020-09-01,26.64,Mutton meat,Yemen,Hadramout,RETAIL,Kg,kg,26.64
2020-10-01,26.89,Mutton meat,Yemen,Hadramout,RETAIL,Kg,kg,26.89
2020-11-01,26.97,Mutton meat,Yemen,Hadramout,RETAIL,Kg,kg,26.97
2020-12-01,27.3,Mutton meat,Yemen,Hadramout,RETAIL,Kg,kg,27.3
2021-01-01,8.05,Mutton meat,Yemen,Hadramout,RETAIL,Kg,kg,8.05
2021-02-01,7.98,Mutton meat,Yemen,Hadramout,RETAIL,Kg,kg,7.98
2021-03-01,8.27,Mutton meat,Yemen,Hadramout,RETAIL,Kg,kg,8.27
2021-04-01,8.02,Mutton meat,Yemen,Hadramout,RETAIL,Kg,kg,8.02
2021-05-01,8.65,Mutton meat,Yemen,Hadramout,RETAIL,Kg,kg,8.65
2021-06-01,8.06,Mutton meat,Yemen,Hadramout,RETAIL,Kg,kg,8.06
2021-07-01,8.47,Mutton meat,Yemen,Hadramout,RETAIL,Kg,kg,8.47
2021-08-01,9.05,Mutton meat,Yemen,Hadramout,RETAIL,Kg,kg,9.05
2021-09-01,7.8,Mutton meat,Yemen,Hadramout,RETAIL,Kg,kg,7.8
2021-10-01,6.85,Mutton meat,Yemen,Hadramout,RETAIL,Kg,kg,6.85
2021-11-01,5.9,Mutton meat,Yemen,Hadramout,RETAIL,Kg,kg,5.9
2021-12-01,7.21,Mutton meat,Yemen,Hadramout,RETAIL,Kg,kg,7.21
2022-01-01,8.22,Mutton meat,Yemen,Hadramout,RETAIL,Kg,kg,8.22
2022-02-01,8.23,Mutton meat,Yemen,Hadramout,RETAIL,Kg,kg,8.23
2022-03-01,8.13,Mutton meat,Yemen,Hadramout,RETAIL,Kg,kg,8.13
2022-04-01,11.57,Mutton meat,Yemen,Hadramout,RETAIL,Kg,kg,11.57
2022-05-01,,Mutton meat,Yemen,Hadramout,RETAIL,Kg,kg,
2022-06-01,10.07,Mutton meat,Yemen,Hadramout,RETAIL,Kg,kg,10.07
2022-07-01,11.4,Mutton meat,Yemen,Hadramout,RETAIL,Kg,kg,11.4
2022-08-01,10.56,Mutton meat,Yemen,Hadramout,RETAIL,Kg,kg,10.56
2022-09-01,9.8,Mutton meat,Yemen,Hadramout,RETAIL,Kg,kg,9.8
2022-10-01,11.1,Mutton meat,Yemen,Hadramout,RETAIL,Kg,kg,11.1
2022-11-01,11.11,Mutton meat,Yemen,Hadramout,RETAIL,Kg,kg,11.11
2022-12-01,11.13,Mutton meat,Yemen,Hadramout,RETAIL,Kg,kg,11.13
2023-01-01,15.3,Mutton meat,Yemen,Hadramout,RETAIL,Kg,kg,15.3
2023-02-01,14.94,Mutton meat,Yemen,Hadramout,RETAIL,Kg,kg,14.94
2023-03-01,15.11,Mutton meat,Yemen,Hadramout,RETAIL,Kg,kg,15.11
2023-04-01,15.62,Mutton meat,Yemen,Hadramout,RETAIL,Kg,kg,15.62
2023-05-01,15.29,Mutton meat,Yemen,Hadramout,RETAIL,Kg,kg,15.29
2023-06-01,14.51,Mutton meat,Yemen,Hadramout,RETAIL,Kg,kg,14.51
2023-07-01,14.22,Mutton meat,Yemen,Hadramout,RETAIL,Kg,kg,14.22
2023-08-01,13.86,Mutton meat,Yemen,Hadramout,RETAIL,Kg,kg,13.86
2023-09-01,14.16,Mutton meat,Yemen,Hadramout,RETAIL,Kg,kg,14.16
2023-10-01,13.59,Mutton meat,Yemen,Hadramout,RETAIL,Kg,kg,13.59
2023-11-01,13.77,Mutton meat,Yemen,Hadramout,RETAIL,Kg,kg,13.77
2023-12-01,14250.0,Mutton meat,Yemen,Hadramout,RETAIL,Kg,kg,14250.0
2024-01-01,14167.0,Mutton meat,Yemen,Hadramout,RETAIL,Kg,kg,14167.0
2024-02-01,14083.0,Mutton meat,Yemen,Hadramout,RETAIL,Kg,kg,14083.0
2024-03-01,14667.0,Mutton meat,Yemen,Hadramout,RETAIL,Kg,kg,14667.0
2024-04-01,15917.0,Mutton meat,Yemen,Hadramout,RETAIL,Kg,kg,15917.0
2024-05-01,14792.0,Mutton meat,Yemen,Hadramout,RETAIL,Kg,kg,14792.0
2024-06-01,16271.0,Mutton meat,Yemen,Hadramout,RETAIL,Kg,kg,16271.0
2024-07-01,16583.0,Mutton meat,Yemen,Hadramout,RETAIL,Kg,kg,16583.0
2024-08-01,16167.0,Mutton meat,Yemen,Hadramout,RETAIL,Kg,kg,16167.0
2024-09-01,16292.0,Mutton meat,Yemen,Hadramout,RETAIL,Kg,kg,16292.0
2024-10-01,16583.0,Mutton meat,Yemen,Hadramout,RETAIL,Kg,kg,16583.0
2024-11-01,17167.0,Mutton meat,Yemen,Hadramout,RETAIL,Kg,kg,17167.0
2024-12-01,16833.0,Mutton meat,Yemen,Hadramout,RETAIL,Kg,kg,16833.0
2025-01-01,16958.0,Mutton meat,Yemen,Hadramout,RETAIL,Kg,kg,16958.0
2025-02-01,17417.0,Mutton meat,Yemen,Hadramout,RETAIL,Kg,kg,17417.0
2025-03-01,18521.0,Mutton meat,Yemen,Hadramout,RETAIL,Kg,kg,18521.0
2025-04-01,21000.0,Mutton meat,Yemen,Hadramout,RETAIL,Kg,kg,21000.0
2025-05-01,21458.0,Mutton meat,Yemen,Hadramout,RETAIL,Kg,kg,21458.0
2025-06-01,26042.0,Mutton meat,Yemen,Hadramout,RETAIL,Kg,kg,26042.0
2025-07-01,26500.0,Mutton meat,Yemen,Hadramout,RETAIL,Kg,kg,26500.0
2025-08-01,22583.0,Mutton meat,Yemen,Hadramout,RETAIL,Kg,kg,22583.0
2025-09-01,19917.0,Mutton meat,Yemen,Hadramout,RETAIL,Kg,kg,19917.0
2025-10-01,16500.0,Mutton meat,Yemen,Hadramout,RETAIL,Kg,kg,16500.0
2015-07-01,9.31,Mutton meat,Yemen,Hajjah,RETAIL,Kg,kg,9.31
2015-08-01,9.31,Mutton meat,Yemen,Hajjah,RETAIL,Kg,kg,9.31
2015-09-01,9.66,Mutton meat,Yemen,Hajjah,RETAIL,Kg,kg,9.66
2015-10-01,10.7,Mutton meat,Yemen,Hajjah,RETAIL,Kg,kg,10.7
2015-11-01,10.94,Mutton meat,Yemen,Hajjah,RETAIL,Kg,kg,10.94
2015-12-01,8.65,Mutton meat,Yemen,Hajjah,RETAIL,Kg,kg,8.65
2016-01-01,11.17,Mutton meat,Yemen,Hajjah,RETAIL,Kg,kg,11.17
2016-02-01,11.05,Mutton meat,Yemen,Hajjah,RETAIL,Kg,kg,11.05
2016-03-01,,Mutton meat,Yemen,Hajjah,RETAIL,Kg,kg,
2016-04-01,,Mutton meat,Yemen,Hajjah,RETAIL,Kg,kg,
2016-05-01,11.32,Mutton meat,Yemen,Hajjah,RETAIL,Kg,kg,11.32
2016-06-01,11.87,Mutton meat,Yemen,Hajjah,RETAIL,Kg,kg,11.87
2016-07-01,10.56,Mutton meat,Yemen,Hajjah,RETAIL,Kg,kg,10.56
2016-08-01,11.4,Mutton meat,Yemen,Hajjah,RETAIL,Kg,kg,11.4
2016-09-01,11.63,Mutton meat,Yemen,Hajjah,RETAIL,Kg,kg,11.63
2016-10-01,11.63,Mutton meat,Yemen,Hajjah,RETAIL,Kg,kg,11.63
2016-11-01,11.44,Mutton meat,Yemen,Hajjah,RETAIL,Kg,kg,11.44
2016-12-01,11.4,Mutton meat,Yemen,Hajjah,RETAIL,Kg,kg,11.4
2017-01-01,11.63,Mutton meat,Yemen,Hajjah,RETAIL,Kg,kg,11.63
2017-02-01,11.6,Mutton meat,Yemen,Hajjah,RETAIL,Kg,kg,11.6
2017-03-01,11.25,Mutton meat,Yemen,Hajjah,RETAIL,Kg,kg,11.25
2017-04-01,10.61,Mutton meat,Yemen,Hajjah,RETAIL,Kg,kg,10.61
2017-05-01,11.48,Mutton meat,Yemen,Hajjah,RETAIL,Kg,kg,11.48
2017-06-01,11.52,Mutton meat,Yemen,Hajjah,RETAIL,Kg,kg,11.52
2017-07-01,11.44,Mutton meat,Yemen,Hajjah,RETAIL,Kg,kg,11.44
2017-08-01,11.6,Mutton meat,Yemen,Hajjah,RETAIL,Kg,kg,11.6
2017-09-01,11.55,Mutton meat,Yemen,Hajjah,RETAIL,Kg,kg,11.55
2017-10-01,11.52,Mutton meat,Yemen,Hajjah,RETAIL,Kg,kg,11.52
2017-11-01,11.6,Mutton meat,Yemen,Hajjah,RETAIL,Kg,kg,11.6
2017-12-01,11.63,Mutton meat,Yemen,Hajjah,RETAIL,Kg,kg,11.63
2018-01-01,11.63,Mutton meat,Yemen,Hajjah,RETAIL,Kg,kg,11.63
2018-02-01,10.95,Mutton meat,Yemen,Hajjah,RETAIL,Kg,kg,10.95
2018-03-01,14.11,Mutton meat,Yemen,Hajjah,RETAIL,Kg,kg,14.11
2018-04-01,14.19,Mutton meat,Yemen,Hajjah,RETAIL,Kg,kg,14.19
2018-05-01,15.59,Mutton meat,Yemen,Hajjah,RETAIL,Kg,kg,15.59
2018-06-01,14.46,Mutton meat,Yemen,Hajjah,RETAIL,Kg,kg,14.46
2018-07-01,14.19,Mutton meat,Yemen,Hajjah,RETAIL,Kg,kg,14.19
2018-08-01,15.2,Mutton meat,Yemen,Hajjah,RETAIL,Kg,kg,15.2
2018-09-01,16.99,Mutton meat,Yemen,Hajjah,RETAIL,Kg,kg,16.99
2018-10-01,18.61,Mutton meat,Yemen,Hajjah,RETAIL,Kg,kg,18.61
2018-11-01,20.75,Mutton meat,Yemen,Hajjah,RETAIL,Kg,kg,20.75
2018-12-01,19.39,Mutton meat,Yemen,Hajjah,RETAIL,Kg,kg,19.39
2019-01-01,16.32,Mutton meat,Yemen,Hajjah,RETAIL,Kg,kg,16.32
2019-02-01,16.15,Mutton meat,Yemen,Hajjah,RETAIL,Kg,kg,16.15
2019-03-01,18.31,Mutton meat,Yemen,Hajjah,RETAIL,Kg,kg,18.31
2019-04-01,18.81,Mutton meat,Yemen,Hajjah,RETAIL,Kg,kg,18.81
2019-05-01,18.65,Mutton meat,Yemen,Hajjah,RETAIL,Kg,kg,18.65
2019-06-01,18.81,Mutton meat,Yemen,Hajjah,RETAIL,Kg,kg,18.81
2019-07-01,18.81,Mutton meat,Yemen,Hajjah,RETAIL,Kg,kg,18.81
2019-08-01,19.98,Mutton meat,Yemen,Hajjah,RETAIL,Kg,kg,19.98
2019-09-01,20.65,Mutton meat,Yemen,Hajjah,RETAIL,Kg,kg,20.65
2019-10-01,20.81,Mutton meat,Yemen,Hajjah,RETAIL,Kg,kg,20.81
2019-11-01,20.65,Mutton meat,Yemen,Hajjah,RETAIL,Kg,kg,20.65
2019-12-01,21.65,Mutton meat,Yemen,Hajjah,RETAIL,Kg,kg,21.65
2020-01-01,22.81,Mutton meat,Yemen,Hajjah,RETAIL,Kg,kg,22.81
2020-02-01,24.14,Mutton meat,Yemen,Hajjah,RETAIL,Kg,kg,24.14
2020-03-01,23.98,Mutton meat,Yemen,Hajjah,RETAIL,Kg,kg,23.98
2020-04-01,24.06,Mutton meat,Yemen,Hajjah,RETAIL,Kg,kg,24.06
2020-05-01,21.81,Mutton meat,Yemen,Hajjah,RETAIL,Kg,kg,21.81
2020-06-01,21.48,Mutton meat,Yemen,Hajjah,RETAIL,Kg,kg,21.48
2020-07-01,21.65,Mutton meat,Yemen,Hajjah,RETAIL,Kg,kg,21.65
2020-08-01,21.81,Mutton meat,Yemen,Hajjah,RETAIL,Kg,kg,21.81
2020-09-01,21.31,Mutton meat,Yemen,Hajjah,RETAIL,Kg,kg,21.31
2020-10-01,21.31,Mutton meat,Yemen,Hajjah,RETAIL,Kg,kg,21.31
2020-11-01,21.31,Mutton meat,Yemen,Hajjah,RETAIL,Kg,kg,21.31
2020-12-01,21.31,Mutton meat,Yemen,Hajjah,RETAIL,Kg,kg,21.31
2021-01-01,6.21,Mutton meat,Yemen,Hajjah,RETAIL,Kg,kg,6.21
2021-02-01,6.17,Mutton meat,Yemen,Hajjah,RETAIL,Kg,kg,6.17
2021-03-01,6.43,Mutton meat,Yemen,Hajjah,RETAIL,Kg,kg,6.43
2021-04-01,5.99,Mutton meat,Yemen,Hajjah,RETAIL,Kg,kg,5.99
2021-05-01,5.89,Mutton meat,Yemen,Hajjah,RETAIL,Kg,kg,5.89
2021-06-01,5.67,Mutton meat,Yemen,Hajjah,RETAIL,Kg,kg,5.67
2021-07-01,5.34,Mutton meat,Yemen,Hajjah,RETAIL,Kg,kg,5.34
2021-08-01,5.19,Mutton meat,Yemen,Hajjah,RETAIL,Kg,kg,5.19
2021-09-01,4.61,Mutton meat,Yemen,Hajjah,RETAIL,Kg,kg,4.61
2021-10-01,3.96,Mutton meat,Yemen,Hajjah,RETAIL,Kg,kg,3.96
2021-11-01,3.54,Mutton meat,Yemen,Hajjah,RETAIL,Kg,kg,3.54
2021-12-01,4.31,Mutton meat,Yemen,Hajjah,RETAIL,Kg,kg,4.31
2022-01-01,5.08,Mutton meat,Yemen,Hajjah,RETAIL,Kg,kg,5.08
2022-02-01,4.82,Mutton meat,Yemen,Hajjah,RETAIL,Kg,kg,4.82
2022-03-01,4.43,Mutton meat,Yemen,Hajjah,RETAIL,Kg,kg,4.43
2022-04-01,5.7,Mutton meat,Yemen,Hajjah,RETAIL,Kg,kg,5.7
2022-05-01,5.54,Mutton meat,Yemen,Hajjah,RETAIL,Kg,kg,5.54
2022-06-01,5.15,Mutton meat,Yemen,Hajjah,RETAIL,Kg,kg,5.15
2022-07-01,5.01,Mutton meat,Yemen,Hajjah,RETAIL,Kg,kg,5.01
2022-08-01,4.94,Mutton meat,Yemen,Hajjah,RETAIL,Kg,kg,4.94
2022-09-01,5.0,Mutton meat,Yemen,Hajjah,RETAIL,Kg,kg,5.0
2022-10-01,4.97,Mutton meat,Yemen,Hajjah,RETAIL,Kg,kg,4.97
2022-11-01,4.97,Mutton meat,Yemen,Hajjah,RETAIL,Kg,kg,4.97
2022-12-01,4.98,Mutton meat,Yemen,Hajjah,RETAIL,Kg,kg,4.98
2023-01-01,6.97,Mutton meat,Yemen,Hajjah,RETAIL,Kg,kg,6.97
2023-02-01,6.05,Mutton meat,Yemen,Hajjah,RETAIL,Kg,kg,6.05
2023-03-01,5.83,Mutton meat,Yemen,Hajjah,RETAIL,Kg,kg,5.83
2023-04-01,5.95,Mutton meat,Yemen,Hajjah,RETAIL,Kg,kg,5.95
2023-05-01,5.78,Mutton meat,Yemen,Hajjah,RETAIL,Kg,kg,5.78
2023-06-01,5.67,Mutton meat,Yemen,Hajjah,RETAIL,Kg,kg,5.67
2023-07-01,5.46,Mutton meat,Yemen,Hajjah,RETAIL,Kg,kg,5.46
2023-08-01,5.34,Mutton meat,Yemen,Hajjah,RETAIL,Kg,kg,5.34
2023-09-01,5.33,Mutton meat,Yemen,Hajjah,RETAIL,Kg,kg,5.33
2023-10-01,5.17,Mutton meat,Yemen,Hajjah,RETAIL,Kg,kg,5.17
2023-11-01,4.59,Mutton meat,Yemen,Hajjah,RETAIL,Kg,kg,4.59
2023-12-01,4500.0,Mutton meat,Yemen,Hajjah,RETAIL,Kg,kg,4500.0
2024-01-01,4208.0,Mutton meat,Yemen,Hajjah,RETAIL,Kg,kg,4208.0
2024-02-01,4167.0,Mutton meat,Yemen,Hajjah,RETAIL,Kg,kg,4167.0
2024-03-01,4167.0,Mutton meat,Yemen,Hajjah,RETAIL,Kg,kg,4167.0
2024-04-01,4167.0,Mutton meat,Yemen,Hajjah,RETAIL,Kg,kg,4167.0
2024-05-01,4500.0,Mutton meat,Yemen,Hajjah,RETAIL,Kg,kg,4500.0
2024-06-01,4521.0,Mutton meat,Yemen,Hajjah,RETAIL,Kg,kg,4521.0
2024-07-01,4500.0,Mutton meat,Yemen,Hajjah,RETAIL,Kg,kg,4500.0
2024-08-01,4500.0,Mutton meat,Yemen,Hajjah,RETAIL,Kg,kg,4500.0
2024-09-01,4500.0,Mutton meat,Yemen,Hajjah,RETAIL,Kg,kg,4500.0
2024-10-01,4375.0,Mutton meat,Yemen,Hajjah,RETAIL,Kg,kg,4375.0
2024-11-01,4333.0,Mutton meat,Yemen,Hajjah,RETAIL,Kg,kg,4333.0
2024-12-01,4333.0,Mutton meat,Yemen,Hajjah,RETAIL,Kg,kg,4333.0
2025-01-01,4333.0,Mutton meat,Yemen,Hajjah,RETAIL,Kg,kg,4333.0
2025-02-01,4333.0,Mutton meat,Yemen,Hajjah,RETAIL,Kg,kg,4333.0
2025-03-01,4333.0,Mutton meat,Yemen,Hajjah,RETAIL,Kg,kg,4333.0
2025-04-01,4542.0,Mutton meat,Yemen,Hajjah,RETAIL,Kg,kg,4542.0
2025-05-01,4583.0,Mutton meat,Yemen,Hajjah,RETAIL,Kg,kg,4583.0
2025-06-01,4583.0,Mutton meat,Yemen,Hajjah,RETAIL,Kg,kg,4583.0
2025-07-01,4583.0,Mutton meat,Yemen,Hajjah,RETAIL,Kg,kg,4583.0
2025-08-01,4583.0,Mutton meat,Yemen,Hajjah,RETAIL,Kg,kg,4583.0
2025-09-01,4333.0,Mutton meat,Yemen,Hajjah,RETAIL,Kg,kg,4333.0
2015-07-01,11.63,Mutton meat,Yemen,Sanaa,RETAIL,Kg,kg,11.63
2015-08-01,11.63,Mutton meat,Yemen,Sanaa,RETAIL,Kg,kg,11.63
2015-09-01,11.63,Mutton meat,Yemen,Sanaa,RETAIL,Kg,kg,11.63
2015-10-01,11.63,Mutton meat,Yemen,Sanaa,RETAIL,Kg,kg,11.63
2015-11-01,11.63,Mutton meat,Yemen,Sanaa,RETAIL,Kg,kg,11.63
2015-12-01,11.63,Mutton meat,Yemen,Sanaa,RETAIL,Kg,kg,11.63
2016-01-01,11.63,Mutton meat,Yemen,Sanaa,RETAIL,Kg,kg,11.63
2016-02-01,11.63,Mutton meat,Yemen,Sanaa,RETAIL,Kg,kg,11.63
2016-03-01,,Mutton meat,Yemen,Sanaa,RETAIL,Kg,kg,
2016-04-01,,Mutton meat,Yemen,Sanaa,RETAIL,Kg,kg,
2016-05-01,11.63,Mutton meat,Yemen,Sanaa,RETAIL,Kg,kg,11.63
2016-06-01,11.63,Mutton meat,Yemen,Sanaa,RETAIL,Kg,kg,11.63
2016-07-01,11.63,Mutton meat,Yemen,Sanaa,RETAIL,Kg,kg,11.63
2016-08-01,11.63,Mutton meat,Yemen,Sanaa,RETAIL,Kg,kg,11.63
2016-09-01,12.22,Mutton meat,Yemen,Sanaa,RETAIL,Kg,kg,12.22
2016-10-01,11.95,Mutton meat,Yemen,Sanaa,RETAIL,Kg,kg,11.95
2016-11-01,12.88,Mutton meat,Yemen,Sanaa,RETAIL,Kg,kg,12.88
2016-12-01,12.88,Mutton meat,Yemen,Sanaa,RETAIL,Kg,kg,12.88
2017-01-01,11.63,Mutton meat,Yemen,Sanaa,RETAIL,Kg,kg,11.63
2017-02-01,11.63,Mutton meat,Yemen,Sanaa,RETAIL,Kg,kg,11.63
2017-03-01,11.63,Mutton meat,Yemen,Sanaa,RETAIL,Kg,kg,11.63
2017-04-01,11.63,Mutton meat,Yemen,Sanaa,RETAIL,Kg,kg,11.63
2017-05-01,11.63,Mutton meat,Yemen,Sanaa,RETAIL,Kg,kg,11.63
2017-06-01,12.68,Mutton meat,Yemen,Sanaa,RETAIL,Kg,kg,12.68
2017-07-01,12.56,Mutton meat,Yemen,Sanaa,RETAIL,Kg,kg,12.56
2017-08-01,12.22,Mutton meat,Yemen,Sanaa,RETAIL,Kg,kg,12.22
2017-09-01,12.1,Mutton meat,Yemen,Sanaa,RETAIL,Kg,kg,12.1
2017-10-01,12.1,Mutton meat,Yemen,Sanaa,RETAIL,Kg,kg,12.1
2017-11-01,14.19,Mutton meat,Yemen,Sanaa,RETAIL,Kg,kg,14.19
2017-12-01,14.89,Mutton meat,Yemen,Sanaa,RETAIL,Kg,kg,14.89
2018-01-01,14.89,Mutton meat,Yemen,Sanaa,RETAIL,Kg,kg,14.89
2018-02-01,14.89,Mutton meat,Yemen,Sanaa,RETAIL,Kg,kg,14.89
2018-03-01,14.89,Mutton meat,Yemen,Sanaa,RETAIL,Kg,kg,14.89
2018-04-01,15.09,Mutton meat,Yemen,Sanaa,RETAIL,Kg,kg,15.09
2018-05-01,15.67,Mutton meat,Yemen,Sanaa,RETAIL,Kg,kg,15.67
2018-06-01,16.79,Mutton meat,Yemen,Sanaa,RETAIL,Kg,kg,16.79
2018-07-01,17.65,Mutton meat,Yemen,Sanaa,RETAIL,Kg,kg,17.65
2018-08-01,18.03,Mutton meat,Yemen,Sanaa,RETAIL,Kg,kg,18.03
2018-09-01,18.38,Mutton meat,Yemen,Sanaa,RETAIL,Kg,kg,18.38
2018-10-01,20.16,Mutton meat,Yemen,Sanaa,RETAIL,Kg,kg,20.16
2018-11-01,23.27,Mutton meat,Yemen,Sanaa,RETAIL,Kg,kg,23.27
2018-12-01,23.27,Mutton meat,Yemen,Sanaa,RETAIL,Kg,kg,23.27
2019-01-01,18.15,Mutton meat,Yemen,Sanaa,RETAIL,Kg,kg,18.15
2019-02-01,16.82,Mutton meat,Yemen,Sanaa,RETAIL,Kg,kg,16.82
2019-03-01,19.31,Mutton meat,Yemen,Sanaa,RETAIL,Kg,kg,19.31
2019-04-01,19.31,Mutton meat,Yemen,Sanaa,RETAIL,Kg,kg,19.31
2019-05-01,19.81,Mutton meat,Yemen,Sanaa,RETAIL,Kg,kg,19.81
2019-06-01,20.31,Mutton meat,Yemen,Sanaa,RETAIL,Kg,kg,20.31
2019-07-01,21.15,Mutton meat,Yemen,Sanaa,RETAIL,Kg,kg,21.15
2019-08-01,20.81,Mutton meat,Yemen,Sanaa,RETAIL,Kg,kg,20.81
2019-09-01,,Mutton meat,Yemen,Sanaa,RETAIL,Kg,kg,
2019-10-01,,Mutton meat,Yemen,Sanaa,RETAIL,Kg,kg,
2019-11-01,,Mutton meat,Yemen,Sanaa,RETAIL,Kg,kg,
2019-12-01,,Mutton meat,Yemen,Sanaa,RETAIL,Kg,kg,
2020-01-01,,Mutton meat,Yemen,Sanaa,RETAIL,Kg,kg,
2020-02-01,,Mutton meat,Yemen,Sanaa,RETAIL,Kg,kg,
2020-03-01,,Mutton meat,Yemen,Sanaa,RETAIL,Kg,kg,
2020-04-01,,Mutton meat,Yemen,Sanaa,RETAIL,Kg,kg,
2020-05-01,,Mutton meat,Yemen,Sanaa,RETAIL,Kg,kg,
2020-06-01,,Mutton meat,Yemen,Sanaa,RETAIL,Kg,kg,
2020-07-01,,Mutton meat,Yemen,Sanaa,RETAIL,Kg,kg,
2020-08-01,,Mutton meat,Yemen,Sanaa,RETAIL,Kg,kg,
2020-09-01,,Mutton meat,Yemen,Sanaa,RETAIL,Kg,kg,
2020-10-01,21.98,Mutton meat,Yemen,Sanaa,RETAIL,Kg,kg,21.98
2020-11-01,21.98,Mutton meat,Yemen,Sanaa,RETAIL,Kg,kg,21.98
2020-12-01,21.98,Mutton meat,Yemen,Sanaa,RETAIL,Kg,kg,21.98
2021-01-01,6.48,Mutton meat,Yemen,Sanaa,RETAIL,Kg,kg,6.48
2021-02-01,6.51,Mutton meat,Yemen,Sanaa,RETAIL,Kg,kg,6.51
2021-03-01,7.18,Mutton meat,Yemen,Sanaa,RETAIL,Kg,kg,7.18
2021-04-01,6.73,Mutton meat,Yemen,Sanaa,RETAIL,Kg,kg,6.73
2021-05-01,6.52,Mutton meat,Yemen,Sanaa,RETAIL,Kg,kg,6.52
2021-06-01,6.38,Mutton meat,Yemen,Sanaa,RETAIL,Kg,kg,6.38
2021-07-01,6.01,Mutton meat,Yemen,Sanaa,RETAIL,Kg,kg,6.01
2021-08-01,5.84,Mutton meat,Yemen,Sanaa,RETAIL,Kg,kg,5.84
2021-09-01,5.19,Mutton meat,Yemen,Sanaa,RETAIL,Kg,kg,5.19
2021-10-01,4.45,Mutton meat,Yemen,Sanaa,RETAIL,Kg,kg,4.45
2021-11-01,3.8,Mutton meat,Yemen,Sanaa,RETAIL,Kg,kg,3.8
2021-12-01,4.58,Mutton meat,Yemen,Sanaa,RETAIL,Kg,kg,4.58
2022-01-01,5.57,Mutton meat,Yemen,Sanaa,RETAIL,Kg,kg,5.57
2022-02-01,5.34,Mutton meat,Yemen,Sanaa,RETAIL,Kg,kg,5.34
2022-03-01,4.84,Mutton meat,Yemen,Sanaa,RETAIL,Kg,kg,4.84
2022-04-01,6.21,Mutton meat,Yemen,Sanaa,RETAIL,Kg,kg,6.21
2022-05-01,6.04,Mutton meat,Yemen,Sanaa,RETAIL,Kg,kg,6.04
2022-06-01,5.49,Mutton meat,Yemen,Sanaa,RETAIL,Kg,kg,5.49
2022-07-01,5.3,Mutton meat,Yemen,Sanaa,RETAIL,Kg,kg,5.3
2022-08-01,5.24,Mutton meat,Yemen,Sanaa,RETAIL,Kg,kg,5.24
2022-09-01,5.3,Mutton meat,Yemen,Sanaa,RETAIL,Kg,kg,5.3
2022-10-01,5.26,Mutton meat,Yemen,Sanaa,RETAIL,Kg,kg,5.26
2022-11-01,5.26,Mutton meat,Yemen,Sanaa,RETAIL,Kg,kg,5.26
2022-12-01,5.27,Mutton meat,Yemen,Sanaa,RETAIL,Kg,kg,5.27
2023-01-01,6.97,Mutton meat,Yemen,Sanaa,RETAIL,Kg,kg,6.97
2023-02-01,6.75,Mutton meat,Yemen,Sanaa,RETAIL,Kg,kg,6.75
2023-03-01,6.84,Mutton meat,Yemen,Sanaa,RETAIL,Kg,kg,6.84
2023-04-01,7.0,Mutton meat,Yemen,Sanaa,RETAIL,Kg,kg,7.0
2023-05-01,6.71,Mutton meat,Yemen,Sanaa,RETAIL,Kg,kg,6.71
2023-06-01,6.48,Mutton meat,Yemen,Sanaa,RETAIL,Kg,kg,6.48
2023-07-01,6.24,Mutton meat,Yemen,Sanaa,RETAIL,Kg,kg,6.24
2023-08-01,6.11,Mutton meat,Yemen,Sanaa,RETAIL,Kg,kg,6.11
2023-09-01,6.09,Mutton meat,Yemen,Sanaa,RETAIL,Kg,kg,6.09
2023-10-01,6.0,Mutton meat,Yemen,Sanaa,RETAIL,Kg,kg,6.0
2023-11-01,5.9,Mutton meat,Yemen,Sanaa,RETAIL,Kg,kg,5.9
2023-12-01,6000.0,Mutton meat,Yemen,Sanaa,RETAIL,Kg,kg,6000.0
2024-01-01,6000.0,Mutton meat,Yemen,Sanaa,RETAIL,Kg,kg,6000.0
2024-02-01,6000.0,Mutton meat,Yemen,Sanaa,RETAIL,Kg,kg,6000.0
2024-03-01,6000.0,Mutton meat,Yemen,Sanaa,RETAIL,Kg,kg,6000.0
2024-04-01,6000.0,Mutton meat,Yemen,Sanaa,RETAIL,Kg,kg,6000.0
2024-05-01,6000.0,Mutton meat,Yemen,Sanaa,RETAIL,Kg,kg,6000.0
2024-06-01,6000.0,Mutton meat,Yemen,Sanaa,RETAIL,Kg,kg,6000.0
2024-07-01,5250.0,Mutton meat,Yemen,Sanaa,RETAIL,Kg,kg,5250.0
2024-08-01,5000.0,Mutton meat,Yemen,Sanaa,RETAIL,Kg,kg,5000.0
2024-09-01,5000.0,Mutton meat,Yemen,Sanaa,RETAIL,Kg,kg,5000.0
2024-10-01,5000.0,Mutton meat,Yemen,Sanaa,RETAIL,Kg,kg,5000.0
2024-11-01,5000.0,Mutton meat,Yemen,Sanaa,RETAIL,Kg,kg,5000.0
2024-12-01,5000.0,Mutton meat,Yemen,Sanaa,RETAIL,Kg,kg,5000.0
