date,price_usd,commodity_name,country,market,price_type,unit,unit_std,price_per_unit
2019-01-01,0.06,Bananas,Belize,Belize City,RETAIL,1 unit,unit,0.06
2019-02-01,0.06,Bananas,Belize,Belize City,RETAIL,1 unit,unit,0.06
2019-03-01,0.06,Bananas,Belize,Belize City,RETAIL,1 unit,unit,0.06
2019-04-01,0.06,Bananas,Belize,Belize City,RETAIL,1 unit,unit,0.06
2019-05-01,0.06,Bananas,Belize,Belize City,RETAIL,1 unit,unit,0.06
2019-06-01,0.06,Bananas,Belize,Belize City,RETAIL,1 unit,unit,0.06
2019-07-01,0.06,Bananas,Belize,Belize City,RETAIL,1 unit,unit,0.06
2019-08-01,0.07,Bananas,Belize,Belize City,RETAIL,1 unit,unit,0.07
2019-09-01,0.07,Bananas,Belize,Belize City,RETAIL,1 unit,unit,0.07
2019-10-01,0.07,Bananas,Belize,Belize City,RETAIL,1 unit,unit,0.07
2019-11-01,0.07,Bananas,Belize,Belize City,RETAIL,1 unit,unit,0.07
2019-12-01,0.07,Bananas,Belize,Belize City,RETAIL,1 unit,unit,0.07
2020-01-01,0.07,Bananas,Belize,Belize City,RETAIL,1 unit,unit,0.07
2020-02-01,0.08,Bananas,Belize,Belize City,RETAIL,1 unit,unit,0.08
2020-03-01,0.08,Bananas,Belize,Belize City,RETAIL,1 unit,unit,0.08
2020-04-01,,Bananas,Belize,Belize City,RETAIL,1 unit,unit,
2020-05-01,0.08,Bananas,Belize,Belize City,RETAIL,1 unit,unit,0.08
2020-06-01,0.07,Bananas,Belize,Belize City,RETAIL,1 unit,unit,0.07
2020-07-01,0.07,Bananas,Belize,Belize City,RETAIL,1 unit,unit,0.07
2020-08-01,0.07,Bananas,Belize,Belize City,RETAIL,1 unit,unit,0.07
2020-09-01,0.07,Bananas,Belize,Belize City,RETAIL,1 unit,unit,0.07
2020-10-01,0.07,Bananas,Belize,Belize City,RETAIL,1 unit,unit,0.07
2020-11-01,0.07,Bananas,Belize,Belize City,RETAIL,1 unit,unit,0.07
2020-12-01,0.07,Bananas,Belize,Belize City,RETAIL,1 unit,unit,0.07
2021-01-01,0.07,Bananas,Belize,Belize City,RETAIL,1 unit,unit,0.07
2021-02-01,0.07,Bananas,Belize,Belize City,RETAIL,1 unit,unit,0.07
2021-03-01,0.07,Bananas,Belize,Belize City,RETAIL,1 unit,unit,0.07
2021-04-01,0.07,Bananas,Belize,Belize City,RETAIL,1 unit,unit,0.07
2021-05-01,0.07,Bananas,Belize,Belize City,RETAIL,1 unit,unit,0.07
2021-06-01,0.07,Bananas,Belize,Belize City,RETAIL,1 unit,unit,0.07
2021-07-01,0.07,Bananas,Belize,Belize City,RETAIL,1 unit,unit,0.07
2021-08-01,0.07,Bananas,Belize,Belize City,RETAIL,1 unit,unit,0.07
2021-09-01,0.07,Bananas,Belize,Belize City,RETAIL,1 unit,unit,0.07
2021-10-01,0.07,Bananas,Belize,Belize City,RETAIL,1 unit,unit,0.07
2021-11-01,0.07,Bananas,Belize,Belize City,RETAIL,1 unit,unit,0.07
2021-12-01,0.07,Bananas,Belize,Belize City,RETAIL,1 unit,unit,0.07
2022-01-01,0.07,Bananas,Belize,Belize City,RETAIL,1 unit,unit,0.07
2022-02-01,0.07,Bananas,Belize,Belize City,RETAIL,1 unit,unit,0.07
2022-03-01,0.07,Bananas,Belize,Belize City,RETAIL,1 unit,unit,0.07
2022-04-01,0.07,Bananas,Belize,Belize City,RETAIL,1 unit,unit,0.07
2022-05-01,0.07,Bananas,Belize,Belize City,RETAIL,1 unit,unit,0.07
2022-06-01,0.07,Bananas,Belize,Belize City,RETAIL,1 unit,unit,0.07
2022-07-01,0.07,Bananas,Belize,Belize City,RETAIL,1 unit,unit,0.07
2022-08-01,0.07,Bananas,Belize,Belize City,RETAIL,1 unit,unit,0.07
2022-09-01,0.07,Bananas,Belize,Belize City,RETAIL,1 unit,unit,0.07
2022-10-01,0.07,Bananas,Belize,Belize City,RETAIL,1 unit,unit,0.07
2022-11-01,0.07,Bananas,Belize,Belize City,RETAIL,1 unit,unit,0.07
2022-12-01,0.07,Bananas,Belize,Belize City,RETAIL,1 unit,unit,0.07
2023-01-01,0.07,Bananas,Belize,Belize City,RETAIL,1 unit,unit,0.07
2023-02-01,0.08,Bananas,Belize,Belize City,RETAIL,1 unit,unit,0.08
2023-03-01,0.08,Bananas,Belize,Belize City,RETAIL,1 unit,unit,0.08
2023-04-01,0.08,Bananas,Belize,Belize City,RETAIL,1 unit,unit,0.08
2023-05-01,0.08,Bananas,Belize,Belize City,RETAIL,1 unit,unit,0.08
2023-06-01,0.07,Bananas,Belize,Belize City,RETAIL,1 unit,unit,0.07
2023-07-01,0.08,Bananas,Belize,Belize City,RETAIL,1 unit,unit,0.08
2023-08-01,0.07,Bananas,Belize,Belize City,RETAIL,1 unit,unit,0.07
2023-09-01,0.07,Bananas,Belize,Belize City,RETAIL,1 unit,unit,0.07
2023-10-01,0.07,Bananas,Belize,Belize City,RETAIL,1 unit,unit,0.07
2023-11-01,0.07,Bananas,Belize,Belize City,RETAIL,1 unit,unit,0.07
2023-12-01,0.07,Bananas,Belize,Belize City,RETAIL,1 unit,unit,0.07
2024-01-01,0.07,Bananas,Belize,Belize City,RETAIL,1 unit,unit,0.07
2024-02-01,0.07,Bananas,Belize,Belize City,RETAIL,1 unit,unit,0.07
2024-03-01,0.08,Bananas,Belize,Belize City,RETAIL,1 unit,unit,0.08
2024-04-01,0.08,Bananas,Belize,Belize City,RETAIL,1 unit,unit,0.08
2024-05-01,0.08,Bananas,Belize,Belize City,RETAIL,1 unit,unit,0.08
2024-06-01,0.08,Bananas,Belize,Belize City,RETAIL,1 unit,unit,0.08
2024-07-01,0.07,Bananas,Belize,Belize City,RETAIL,1 unit,unit,0.07
2024-08-01,0.08,Bananas,Belize,Belize City,RETAIL,1 unit,unit,0.08
2024-09-01,0.08,Bananas,Belize,Belize City,RETAIL,1 unit,unit,0.08
2024-10-01,0.08,Bananas,Belize,Belize City,RETAIL,1 unit,unit,0.08
2024-11-01,0.08,Bananas,Belize,Belize City,RETAIL,1 unit,unit,0.08
2024-12-01,0.08,Bananas,Belize,Belize City,RETAIL,1 unit,unit,0.08
2025-01-01,0.08,Bananas,Belize,Belize City,RETAIL,1 unit,unit,0.08
2025-02-01,0.08,Bananas,Belize,Belize City,RETAIL,1 unit,unit,0.08
2025-03-01,0.08,Bananas,Belize,Belize City,RETAIL,1 unit,unit,0.08
2025-04-01,0.08,Bananas,Belize,Belize City,RETAIL,1 unit,unit,0.08
2025-05-01,0.08,Bananas,Belize,Belize City,RETAIL,1 unit,unit,0.08
2025-06-01,0.08,Bananas,Belize,Belize City,RETAIL,1 unit,unit,0.08
2025-07-01,0.07,Bananas,Belize,Belize City,RETAIL,1 unit,unit,0.07
2025-08-01,0.08,Bananas,Belize,Belize City,RETAIL,1 unit,unit,0.08
2019-01-01,0.08,Bananas,Belize,Orange Walk,RETAIL,1 unit,unit,0.08
2019-02-01,0.08,Bananas,Belize,Orange Walk,RETAIL,1 unit,unit,0.08
2019-03-01,0.07,Bananas,Belize,Orange Walk,RETAIL,1 unit,unit,0.07
2019-04-01,0.07,Bananas,Belize,Orange Walk,RETAIL,1 unit,unit,0.07
2019-05-01,0.08,Bananas,Belize,Orange Walk,RETAIL,1 unit,unit,0.08
2019-06-01,0.08,Bananas,Belize,Orange Walk,RETAIL,1 unit,unit,0.08
2019-07-01,0.07,Bananas,Belize,Orange Walk,RETAIL,1 unit,unit,0.07
2019-08-01,0.07,Bananas,Belize,Orange Walk,RETAIL,1 unit,unit,0.07
2019-09-01,0.08,Bananas,Belize,Orange Walk,RETAIL,1 unit,unit,0.08
2019-10-01,0.08,Bananas,Belize,Orange Walk,RETAIL,1 unit,unit,0.08
2019-11-01,0.08,Bananas,Belize,Orange Walk,RETAIL,1 unit,unit,0.08
2019-12-01,0.08,Bananas,Belize,Orange Walk,RETAIL,1 unit,unit,0.08
2020-01-01,0.08,Bananas,Belize,Orange Walk,RETAIL,1 unit,unit,0.08
2020-02-01,0.08,Bananas,Belize,Orange Walk,RETAIL,1 unit,unit,0.08
2020-03-01,0.08,Bananas,Belize,Orange Walk,RETAIL,1 unit,unit,0.08
2020-04-01,,Bananas,Belize,Orange Walk,RETAIL,1 unit,unit,
2020-05-01,0.08,Bananas,Belize,Orange Walk,RETAIL,1 unit,unit,0.08
2020-06-01,0.07,Bananas,Belize,Orange Walk,RETAIL,1 unit,unit,0.07
2020-07-01,0.08,Bananas,Belize,Orange Walk,RETAIL,1 unit,unit,0.08
2020-08-01,0.08,Bananas,Belize,Orange Walk,RETAIL,1 unit,unit,0.08
2020-09-01,0.09,Bananas,Belize,Orange Walk,RETAIL,1 unit,unit,0.09
2020-10-01,0.08,Bananas,Belize,Orange Walk,RETAIL,1 unit,unit,0.08
2020-11-01,0.08,Bananas,Belize,Orange Walk,RETAIL,1 unit,unit,0.08
2020-12-01,0.08,Bananas,Belize,Orange Walk,RETAIL,1 unit,unit,0.08
2021-01-01,0.08,Bananas,Belize,Orange Walk,RETAIL,1 unit,unit,0.08
2021-02-01,0.08,Bananas,Belize,Orange Walk,RETAIL,1 unit,unit,0.08
2021-03-01,0.08,Bananas,Belize,Orange Walk,RETAIL,1 unit,unit,0.08
2021-04-01,0.07,Bananas,Belize,Orange Walk,RETAIL,1 unit,unit,0.07
2021-05-01,0.07,Bananas,Belize,Orange Walk,RETAIL,1 unit,unit,0.07
2021-06-01,0.08,Bananas,Belize,Orange Walk,RETAIL,1 unit,unit,0.08
2021-07-01,0.07,Bananas,Belize,Orange Walk,RETAIL,1 unit,unit,0.07
2021-08-01,0.08,Bananas,Belize,Orange Walk,RETAIL,1 unit,unit,0.08
2021-09-01,0.08,Bananas,Belize,Orange Walk,RETAIL,1 unit,unit,0.08
2021-10-01,0.08,Bananas,Belize,Orange Walk,RETAIL,1 unit,unit,0.08
2021-11-01,0.08,Bananas,Belize,Orange Walk,RETAIL,1 unit,unit,0.08
2021-12-01,0.08,Bananas,Belize,Orange Walk,RETAIL,1 unit,unit,0.08
2022-01-01,0.08,Bananas,Belize,Orange Walk,RETAIL,1 unit,unit,0.08
2022-02-01,0.08,Bananas,Belize,Orange Walk,RETAIL,1 unit,unit,0.08
2022-03-01,0.08,Bananas,Belize,Orange Walk,RETAIL,1 unit,unit,0.08
2022-04-01,0.08,Bananas,Belize,Orange Walk,RETAIL,1 unit,unit,0.08
2022-05-01,0.08,Bananas,Belize,Orange Walk,RETAIL,1 unit,unit,0.08
2022-06-01,0.08,Bananas,Belize,Orange Walk,RETAIL,1 unit,unit,0.08
2022-07-01,0.08,Bananas,Belize,Orange Walk,RETAIL,1 unit,unit,0.08
2022-08-01,0.07,Bananas,Belize,Orange Walk,RETAIL,1 unit,unit,0.07
2022-09-01,0.07,Bananas,Belize,Orange Walk,RETAIL,1 unit,unit,0.07
2022-10-01,0.07,Bananas,Belize,Orange Walk,RETAIL,1 unit,unit,0.07
2022-11-01,0.07,Bananas,Belize,Orange Walk,RETAIL,1 unit,unit,0.07
2022-12-01,0.07,Bananas,Belize,Orange Walk,RETAIL,1 unit,unit,0.07
2023-01-01,0.07,Bananas,Belize,Orange Walk,RETAIL,1 unit,unit,0.07
2023-02-01,0.07,Bananas,Belize,Orange Walk,RETAIL,1 unit,unit,0.07
2023-03-01,0.07,Bananas,Belize,Orange Walk,RETAIL,1 unit,unit,0.07
2023-04-01,0.07,Bananas,Belize,Orange Walk,RETAIL,1 unit,unit,0.07
2023-05-01,0.08,Bananas,Belize,Orange Walk,RETAIL,1 unit,unit,0.08
2023-06-01,0.08,Bananas,Belize,Orange Walk,RETAIL,1 unit,unit,0.08
2023-07-01,0.08,Bananas,Belize,Orange Walk,RETAIL,1 unit,unit,0.08
2023-08-01,0.08,Bananas,Belize,Orange Walk,RETAIL,1 unit,unit,0.08
2023-09-01,0.08,Bananas,Belize,Orange Walk,RETAIL,1 unit,unit,0.08
2023-10-01,0.08,Bananas,Belize,Orange Walk,RETAIL,1 unit,unit,0.08
2023-11-01,0.08,Bananas,Belize,Orange Walk,RETAIL,1 unit,unit,0.08
2023-12-01,0.08,Bananas,Belize,Orange Walk,RETAIL,1 unit,unit,0.08
2024-01-01,0.08,Bananas,Belize,Orange Walk,RETAIL,1 unit,unit,0.08
2024-02-01,0.08,Bananas,Belize,Orange Walk,RETAIL,1 unit,unit,0.08
2024-03-01,0.08,Bananas,Belize,Orange Walk,RETAIL,1 unit,unit,0.08
2024-04-01,0.08,Bananas,Belize,Orange Walk,RETAIL,1 unit,unit,0.08
2024-05-01,0.08,Bananas,Belize,Orange Walk,RETAIL,1 unit,unit,0.08
2024-06-01,0.08,Bananas,Belize,Orange Walk,RETAIL,1 unit,unit,0.08
2024-07-01,0.08,Bananas,Belize,Orange Walk,RETAIL,1 unit,unit,0.08
2024-08-01,0.08,Bananas,Belize,Orange Walk,RETAIL,1 unit,unit,0.08
2024-09-01,0.08,Bananas,Belize,Orange Walk,RETAIL,1 unit,unit,0.08
2024-10-01,0.08,Bananas,Belize,Orange Walk,RETAIL,1 unit,unit,0.08
2024-11-01,0.08,Bananas,Belize,Orange Walk,RETAIL,1 unit,unit,0.08
2024-12-01,0.08,Bananas,Belize,Orange Walk,RETAIL,1 unit,unit,0.08
2025-01-01,0.08,Bananas,Belize,Orange Walk,RETAIL,1 unit,unit,0.08
2025-02-01,0.08,Bananas,Belize,Orange Walk,RETAIL,1 unit,unit,0.08
2025-03-01,0.08,Bananas,Belize,Orange Walk,RETAIL,1 unit,unit,0.08
2025-04-01,0.08,Bananas,Belize,Orange Walk,RETAIL,1 unit,unit,0.08
2025-05-01,0.08,Bananas,Belize,Orange Walk,RETAIL,1 unit,unit,0.08
2025-06-01,0.08,Bananas,Belize,Orange Walk,RETAIL,1 unit,unit,0.08
2025-07-01,0.08,Bananas,Belize,Orange Walk,RETAIL,1 unit,unit,0.08
2025-08-01,0.08,Bananas,Belize,Orange Walk,RETAIL,1 unit,unit,0.08
2019-01-01,0.06,Bananas,Belize,Punta Gorda,RETAIL,1 unit,unit,0.06
2019-02-01,0.06,Bananas,Belize,Punta Gorda,RETAIL,1 unit,unit,0.06
2019-03-01,0.06,Bananas,Belize,Punta Gorda,RETAIL,1 unit,unit,0.06
2019-04-01,0.06,Bananas,Belize,Punta Gorda,RETAIL,1 unit,unit,0.06
2019-05-01,0.06,Bananas,Belize,Punta Gorda,RETAIL,1 unit,unit,0.06
2019-06-01,0.06,Bananas,Belize,Punta Gorda,RETAIL,1 unit,unit,0.06
2019-07-01,0.06,Bananas,Belize,Punta Gorda,RETAIL,1 unit,unit,0.06
2019-08-01,0.06,Bananas,Belize,Punta Gorda,RETAIL,1 unit,unit,0.06
2019-09-01,0.06,Bananas,Belize,Punta Gorda,RETAIL,1 unit,unit,0.06
2019-10-01,0.06,Bananas,Belize,Punta Gorda,RETAIL,1 unit,unit,0.06
2019-11-01,0.07,Bananas,Belize,Punta Gorda,RETAIL,1 unit,unit,0.07
2019-12-01,0.06,Bananas,Belize,Punta Gorda,RETAIL,1 unit,unit,0.06
2020-01-01,0.06,Bananas,Belize,Punta Gorda,RETAIL,1 unit,unit,0.06
2020-02-01,0.07,Bananas,Belize,Punta Gorda,RETAIL,1 unit,unit,0.07
2020-03-01,0.07,Bananas,Belize,Punta Gorda,RETAIL,1 unit,unit,0.07
2020-04-01,,Bananas,Belize,Punta Gorda,RETAIL,1 unit,unit,
2020-05-01,0.06,Bananas,Belize,Punta Gorda,RETAIL,1 unit,unit,0.06
2020-06-01,0.07,Bananas,Belize,Punta Gorda,RETAIL,1 unit,unit,0.07
2020-07-01,0.08,Bananas,Belize,Punta Gorda,RETAIL,1 unit,unit,0.08
2020-08-01,0.08,Bananas,Belize,Punta Gorda,RETAIL,1 unit,unit,0.08
2020-09-01,0.07,Bananas,Belize,Punta Gorda,RETAIL,1 unit,unit,0.07
2020-10-01,0.07,Bananas,Belize,Punta Gorda,RETAIL,1 unit,unit,0.07
2020-11-01,0.07,Bananas,Belize,Punta Gorda,RETAIL,1 unit,unit,0.07
2020-12-01,0.07,Bananas,Belize,Punta Gorda,RETAIL,1 unit,unit,0.07
2021-01-01,0.07,Bananas,Belize,Punta Gorda,RETAIL,1 unit,unit,0.07
2021-02-01,0.07,Bananas,Belize,Punta Gorda,RETAIL,1 unit,unit,0.07
2021-03-01,0.07,Bananas,Belize,Punta Gorda,RETAIL,1 unit,unit,0.07
2021-04-01,0.07,Bananas,Belize,Punta Gorda,RETAIL,1 unit,unit,0.07
2021-05-01,0.07,Bananas,Belize,Punta Gorda,RETAIL,1 unit,unit,0.07
2021-06-01,0.06,Bananas,Belize,Punta Gorda,RETAIL,1 unit,unit,0.06
2021-07-01,0.06,Bananas,Belize,Punta Gorda,RETAIL,1 unit,unit,0.06
2021-08-01,0.06,Bananas,Belize,Punta Gorda,RETAIL,1 unit,unit,0.06
2021-09-01,0.06,Bananas,Belize,Punta Gorda,RETAIL,1 unit,unit,0.06
2021-10-01,0.06,Bananas,Belize,Punta Gorda,RETAIL,1 unit,unit,0.06
2021-11-01,0.06,Bananas,Belize,Punta Gorda,RETAIL,1 unit,unit,0.06
2021-12-01,0.06,Bananas,Belize,Punta Gorda,RETAIL,1 unit,unit,0.06
2022-01-01,0.06,Bananas,Belize,Punta Gorda,RETAIL,1 unit,unit,0.06
2022-02-01,0.06,Bananas,Belize,Punta Gorda,RETAIL,1 unit,unit,0.06
2022-03-01,0.06,Bananas,Belize,Punta Gorda,RETAIL,1 unit,unit,0.06
2022-04-01,0.07,Bananas,Belize,Punta Gorda,RETAIL,1 unit,unit,0.07
2022-05-01,0.07,Bananas,Belize,Punta Gorda,RETAIL,1 unit,unit,0.07
2022-06-01,0.06,Bananas,Belize,Punta Gorda,RETAIL,1 unit,unit,0.06
2022-07-01,0.06,Bananas,Belize,Punta Gorda,RETAIL,1 unit,unit,0.06
2022-08-01,0.06,Bananas,Belize,Punta Gorda,RETAIL,1 unit,unit,0.06
2022-09-01,0.06,Bananas,Belize,Punta Gorda,RETAIL,1 unit,unit,0.06
2022-10-01,0.07,Bananas,Belize,Punta Gorda,RETAIL,1 unit,unit,0.07
2022-11-01,0.08,Bananas,Belize,Punta Gorda,RETAIL,1 unit,unit,0.08
2022-12-01,0.08,Bananas,Belize,Punta Gorda,RETAIL,1 unit,unit,0.08
2023-01-01,0.08,Bananas,Belize,Punta Gorda,RETAIL,1 unit,unit,0.08
2023-02-01,0.08,Bananas,Belize,Punta Gorda,RETAIL,1 unit,unit,0.08
2023-03-01,0.08,Bananas,Belize,Punta Gorda,RETAIL,1 unit,unit,0.08
2023-04-01,0.08,Bananas,Belize,Punta Gorda,RETAIL,1 unit,unit,0.08
2023-05-01,0.08,Bananas,Belize,Punta Gorda,RETAIL,1 unit,unit,0.08
2023-06-01,0.08,Bananas,Belize,Punta Gorda,RETAIL,1 unit,unit,0.08
2023-07-01,0.08,Bananas,Belize,Punta Gorda,RETAIL,1 unit,unit,0.08
2023-08-01,0.08,Bananas,Belize,Punta Gorda,RETAIL,1 unit,unit,0.08
2023-09-01,0.08,Bananas,Belize,Punta Gorda,RETAIL,1 unit,unit,0.08
2023-10-01,0.08,Bananas,Belize,Punta Gorda,RETAIL,1 unit,unit,0.08
2023-11-01,0.08,Bananas,Belize,Punta Gorda,RETAIL,1 unit,unit,0.08
2023-12-01,0.08,Bananas,Belize,Punta Gorda,RETAIL,1 unit,unit,0.08
2024-01-01,0.08,Bananas,Belize,Punta Gorda,RETAIL,1 unit,unit,0.08
2024-02-01,0.08,Bananas,Belize,Punta Gorda,RETAIL,1 unit,unit,0.08
2024-03-01,0.08,Bananas,Belize,Punta Gorda,RETAIL,1 unit,unit,0.08
2024-04-01,0.08,Bananas,Belize,Punta Gorda,RETAIL,1 unit,unit,0.08
2024-05-01,0.07,Bananas,Belize,Punta Gorda,RETAIL,1 unit,unit,0.07
2024-06-01,0.07,Bananas,Belize,Punta Gorda,RETAIL,1 unit,unit,0.07
2024-07-01,0.07,Bananas,Belize,Punta Gorda,RETAIL,1 unit,unit,0.07
2024-08-01,0.07,Bananas,Belize,Punta Gorda,RETAIL,1 unit,unit,0.07
2024-09-01,0.08,Bananas,Belize,Punta Gorda,RETAIL,1 unit,unit,0.08
2024-10-01,0.08,Bananas,Belize,Punta Gorda,RETAIL,1 unit,unit,0.08
2024-11-01,0.08,Bananas,Belize,Punta Gorda,RETAIL,1 unit,unit,0.08
2024-12-01,0.08,Bananas,Belize,Punta Gorda,RETAIL,1 unit,unit,0.08
2025-01-01,0.08,Bananas,Belize,Punta Gorda,RETAIL,1 unit,unit,0.08
2025-02-01,0.08,Bananas,Belize,Punta Gorda,RETAIL,1 unit,unit,0.08
2025-03-01,0.08,Bananas,Belize,Punta Gorda,RETAIL,1 unit,unit,0.08
2025-04-01,0.08,Bananas,Belize,Punta Gorda,RETAIL,1 unit,unit,0.08
2025-05-01,0.08,Bananas,Belize,Punta Gorda,RETAIL,1 unit,unit,0.08
2025-06-01,0.07,Bananas,Belize,Punta Gorda,RETAIL,1 unit,unit,0.07
2025-07-01,0.08,Bananas,Belize,Punta Gorda,RETAIL,1 unit,unit,0.08
2025-08-01,0.08,Bananas,Belize,Punta Gorda,RETAIL,1 unit,unit,0.08
2018-01-01,0.59,Bananas,Bolivia (Plurinational State of),La Paz,RETAIL,Kg,kg,0.59
2018-02-01,0.59,Bananas,Bolivia (Plurinational State of),La Paz,RETAIL,Kg,kg,0.59
2018-03-01,0.58,Bananas,Bolivia (Plurinational State of),La Paz,RETAIL,Kg,kg,0.58
2018-04-01,0.58,Bananas,Bolivia (Plurinational State of),La Paz,RETAIL,Kg,kg,0.58
2018-05-01,0.59,Bananas,Bolivia (Plurinational State of),La Paz,RETAIL,Kg,kg,0.59
2018-06-01,0.6,Bananas,Bolivia (Plurinational State of),La Paz,RETAIL,Kg,kg,0.6
2018-07-01,0.6,Bananas,Bolivia (Plurinational State of),La Paz,RETAIL,Kg,kg,0.6
2018-08-01,0.62,Bananas,Bolivia (Plurinational State of),La Paz,RETAIL,Kg,kg,0.62
2018-09-01,0.62,Bananas,Bolivia (Plurinational State of),La Paz,RETAIL,Kg,kg,0.62
2018-10-01,0.63,Bananas,Bolivia (Plurinational State of),La Paz,RETAIL,Kg,kg,0.63
2018-11-01,0.63,Bananas,Bolivia (Plurinational State of),La Paz,RETAIL,Kg,kg,0.63
2018-12-01,0.63,Bananas,Bolivia (Plurinational State of),La Paz,RETAIL,Kg,kg,0.63
2019-01-01,0.63,Bananas,Bolivia (Plurinational State of),La Paz,RETAIL,Kg,kg,0.63
2019-02-01,0.63,Bananas,Bolivia (Plurinational State of),La Paz,RETAIL,Kg,kg,0.63
2019-03-01,0.64,Bananas,Bolivia (Plurinational State of),La Paz,RETAIL,Kg,kg,0.64
2019-04-01,0.65,Bananas,Bolivia (Plurinational State of),La Paz,RETAIL,Kg,kg,0.65
2019-05-01,0.63,Bananas,Bolivia (Plurinational State of),La Paz,RETAIL,Kg,kg,0.63
2019-06-01,0.63,Bananas,Bolivia (Plurinational State of),La Paz,RETAIL,Kg,kg,0.63
2019-07-01,0.61,Bananas,Bolivia (Plurinational State of),La Paz,RETAIL,Kg,kg,0.61
2019-08-01,0.61,Bananas,Bolivia (Plurinational State of),La Paz,RETAIL,Kg,kg,0.61
2019-09-01,0.64,Bananas,Bolivia (Plurinational State of),La Paz,RETAIL,Kg,kg,0.64
2019-10-01,0.63,Bananas,Bolivia (Plurinational State of),La Paz,RETAIL,Kg,kg,0.63
2019-11-01,0.75,Bananas,Bolivia (Plurinational State of),La Paz,RETAIL,Kg,kg,0.75
2019-12-01,0.74,Bananas,Bolivia (Plurinational State of),La Paz,RETAIL,Kg,kg,0.74
2020-01-01,0.61,Bananas,Bolivia (Plurinational State of),La Paz,RETAIL,Kg,kg,0.61
2020-02-01,0.61,Bananas,Bolivia (Plurinational State of),La Paz,RETAIL,Kg,kg,0.61
2020-03-01,0.63,Bananas,Bolivia (Plurinational State of),La Paz,RETAIL,Kg,kg,0.63
2020-04-01,0.62,Bananas,Bolivia (Plurinational State of),La Paz,RETAIL,Kg,kg,0.62
2020-05-01,0.59,Bananas,Bolivia (Plurinational State of),La Paz,RETAIL,Kg,kg,0.59
2020-06-01,0.59,Bananas,Bolivia (Plurinational State of),La Paz,RETAIL,Kg,kg,0.59
2020-07-01,0.59,Bananas,Bolivia (Plurinational State of),La Paz,RETAIL,Kg,kg,0.59
2020-08-01,0.61,Bananas,Bolivia (Plurinational State of),La Paz,RETAIL,Kg,kg,0.61
2020-09-01,0.63,Bananas,Bolivia (Plurinational State of),La Paz,RETAIL,Kg,kg,0.63
2020-10-01,0.66,Bananas,Bolivia (Plurinational State of),La Paz,RETAIL,Kg,kg,0.66
2020-11-01,0.65,Bananas,Bolivia (Plurinational State of),La Paz,RETAIL,Kg,kg,0.65
2020-12-01,0.62,Bananas,Bolivia (Plurinational State of),La Paz,RETAIL,Kg,kg,0.62
2021-01-01,0.58,Bananas,Bolivia (Plurinational State of),La Paz,RETAIL,Kg,kg,0.58
2021-02-01,0.6,Bananas,Bolivia (Plurinational State of),La Paz,RETAIL,Kg,kg,0.6
2021-03-01,0.57,Bananas,Bolivia (Plurinational State of),La Paz,RETAIL,Kg,kg,0.57
2021-04-01,0.6,Bananas,Bolivia (Plurinational State of),La Paz,RETAIL,Kg,kg,0.6
2021-05-01,0.66,Bananas,Bolivia (Plurinational State of),La Paz,RETAIL,Kg,kg,0.66
2021-06-01,0.63,Bananas,Bolivia (Plurinational State of),La Paz,RETAIL,Kg,kg,0.63
2021-07-01,0.59,Bananas,Bolivia (Plurinational State of),La Paz,RETAIL,Kg,kg,0.59
2021-08-01,0.57,Bananas,Bolivia (Plurinational State of),La Paz,RETAIL,Kg,kg,0.57
2021-09-01,0.57,Bananas,Bolivia (Plurinational State of),La Paz,RETAIL,Kg,kg,0.57
2021-10-01,0.55,Bananas,Bolivia (Plurinational State of),La Paz,RETAIL,Kg,kg,0.55
2021-11-01,0.57,Bananas,Bolivia (Plurinational State of),La Paz,RETAIL,Kg,kg,0.57
2021-12-01,0.55,Bananas,Bolivia (Plurinational State of),La Paz,RETAIL,Kg,kg,0.55
2022-01-01,0.55,Bananas,Bolivia (Plurinational State of),La Paz,RETAIL,Kg,kg,0.55
2022-02-01,0.53,Bananas,Bolivia (Plurinational State of),La Paz,RETAIL,Kg,kg,0.53
2022-03-01,0.5,Bananas,Bolivia (Plurinational State of),La Paz,RETAIL,Kg,kg,0.5
2022-04-01,0.51,Bananas,Bolivia (Plurinational State of),La Paz,RETAIL,Kg,kg,0.51
2022-05-01,0.52,Bananas,Bolivia (Plurinational State of),La Paz,RETAIL,Kg,kg,0.52
2022-06-01,0.52,Bananas,Bolivia (Plurinational State of),La Paz,RETAIL,Kg,kg,0.52
2022-07-01,0.49,Bananas,Bolivia (Plurinational State of),La Paz,RETAIL,Kg,kg,0.49
2022-08-01,0.5,Bananas,Bolivia (Plurinational State of),La Paz,RETAIL,Kg,kg,0.5
2022-09-01,0.49,Bananas,Bolivia (Plurinational State of),La Paz,RETAIL,Kg,kg,0.49
2022-10-01,0.51,Bananas,Bolivia (Plurinational State of),La Paz,RETAIL,Kg,kg,0.51
2022-11-01,0.54,Bananas,Bolivia (Plurinational State of),La Paz,RETAIL,Kg,kg,0.54
2022-12-01,0.53,Bananas,Bolivia (Plurinational State of),La Paz,RETAIL,Kg,kg,0.53
2023-01-01,0.54,Bananas,Bolivia (Plurinational State of),La Paz,RETAIL,Kg,kg,0.54
2023-02-01,0.53,Bananas,Bolivia (Plurinational State of),La Paz,RETAIL,Kg,kg,0.53
2023-03-01,0.51,Bananas,Bolivia (Plurinational State of),La Paz,RETAIL,Kg,kg,0.51
2023-04-01,0.54,Bananas,Bolivia (Plurinational State of),La Paz,RETAIL,Kg,kg,0.54
2023-05-01,0.59,Bananas,Bolivia (Plurinational State of),La Paz,RETAIL,Kg,kg,0.59
2023-06-01,0.75,Bananas,Bolivia (Plurinational State of),La Paz,RETAIL,Kg,kg,0.75
2023-07-01,0.61,Bananas,Bolivia (Plurinational State of),La Paz,RETAIL,Kg,kg,0.61
2023-08-01,0.57,Bananas,Bolivia (Plurinational State of),La Paz,RETAIL,Kg,kg,0.57
2023-09-01,0.54,Bananas,Bolivia (Plurinational State of),La Paz,RETAIL,Kg,kg,0.54
2023-10-01,0.54,Bananas,Bolivia (Plurinational State of),La Paz,RETAIL,Kg,kg,0.54
2023-11-01,0.54,Bananas,Bolivia (Plurinational State of),La Paz,RETAIL,Kg,kg,0.54
2023-12-01,0.52,Bananas,Bolivia (Plurinational State of),La Paz,RETAIL,Kg,kg,0.52
2024-01-01,0.5,Bananas,Bolivia (Plurinational State of),La Paz,RETAIL,Kg,kg,0.5
2024-02-01,0.53,Bananas,Bolivia (Plurinational State of),La Paz,RETAIL,Kg,kg,0.53
2024-03-01,0.53,Bananas,Bolivia (Plurinational State of),La Paz,RETAIL,Kg,kg,0.53
2024-04-01,0.73,Bananas,Bolivia (Plurinational State of),La Paz,RETAIL,Kg,kg,0.73
2024-05-01,0.57,Bananas,Bolivia (Plurinational State of),La Paz,RETAIL,Kg,kg,0.57
2024-06-01,0.59,Bananas,Bolivia (Plurinational State of),La Paz,RETAIL,Kg,kg,0.59
2024-07-01,0.59,Bananas,Bolivia (Plurinational State of),La Paz,RETAIL,Kg,kg,0.59
2024-08-01,0.65,Bananas,Bolivia (Plurinational State of),La Paz,RETAIL,Kg,kg,0.65
2024-09-01,0.61,Bananas,Bolivia (Plurinational State of),La Paz,RETAIL,Kg,kg,0.61
2024-10-01,0.59,Bananas,Bolivia (Plurinational State of),La Paz,RETAIL,Kg,kg,0.59
2024-11-01,0.65,Bananas,Bolivia (Plurinational State of),La Paz,RETAIL,Kg,kg,0.65
2024-12-01,0.57,Bananas,Bolivia (Plurinational State of),La Paz,RETAIL,Kg,kg,0.57
2025-01-01,0.63,Bananas,Bolivia (Plurinational State of),La Paz,RETAIL,Kg,kg,0.63
2025-02-01,0.6,Bananas,Bolivia (Plurinational State of),La Paz,RETAIL,Kg,kg,0.6
2025-03-01,0.58,Bananas,Bolivia (Plurinational State of),La Paz,RETAIL,Kg,kg,0.58
2025-04-01,0.6,Bananas,Bolivia (Plurinational State of),La Paz,RETAIL,Kg,kg,0.6
2025-05-01,0.62,Bananas,Bolivia (Plurinational State of),La Paz,RETAIL,Kg,kg,0.62
2025-06-01,0.67,Bananas,Bolivia (Plurinational State of),La Paz,RETAIL,Kg,kg,0.67
2025-07-01,0.71,Bananas,Bolivia (Plurinational State of),La Paz,RETAIL,Kg,kg,0.71
2018-01-01,0.07,Bananas,Bolivia (Plurinational State of),Oruro,RETAIL,1 unit,unit,0.07
2018-02-01,0.07,Bananas,Bolivia (Plurinational State of),Oruro,RETAIL,1 unit,unit,0.07
2018-03-01,0.07,Bananas,Bolivia (Plurinational State of),Oruro,RETAIL,1 unit,unit,0.07
2018-04-01,0.07,Bananas,Bolivia (Plurinational State of),Oruro,RETAIL,1 unit,unit,0.07
2018-05-01,0.07,Bananas,Bolivia (Plurinational State of),Oruro,RETAIL,1 unit,unit,0.07
2018-06-01,0.07,Bananas,Bolivia (Plurinational State of),Oruro,RETAIL,1 unit,unit,0.07
2018-07-01,0.07,Bananas,Bolivia (Plurinational State of),Oruro,RETAIL,1 unit,unit,0.07
2018-08-01,0.07,Bananas,Bolivia (Plurinational State of),Oruro,RETAIL,1 unit,unit,0.07
2018-09-01,0.07,Bananas,Bolivia (Plurinational State of),Oruro,RETAIL,1 unit,unit,0.07
2018-10-01,0.07,Bananas,Bolivia (Plurinational State of),Oruro,RETAIL,1 unit,unit,0.07
2018-11-01,0.07,Bananas,Bolivia (Plurinational State of),Oruro,RETAIL,1 unit,unit,0.07
2018-12-01,0.07,Bananas,Bolivia (Plurinational State of),Oruro,RETAIL,1 unit,unit,0.07
2019-01-01,0.07,Bananas,Bolivia (Plurinational State of),Oruro,RETAIL,1 unit,unit,0.07
2019-02-01,0.07,Bananas,Bolivia (Plurinational State of),Oruro,RETAIL,1 unit,unit,0.07
2019-03-01,0.07,Bananas,Bolivia (Plurinational State of),Oruro,RETAIL,1 unit,unit,0.07
2019-04-01,0.07,Bananas,Bolivia (Plurinational State of),Oruro,RETAIL,1 unit,unit,0.07
2019-05-01,0.07,Bananas,Bolivia (Plurinational State of),Oruro,RETAIL,1 unit,unit,0.07
2019-06-01,0.07,Bananas,Bolivia (Plurinational State of),Oruro,RETAIL,1 unit,unit,0.07
2019-07-01,0.07,Bananas,Bolivia (Plurinational State of),Oruro,RETAIL,1 unit,unit,0.07
2019-08-01,0.07,Bananas,Bolivia (Plurinational State of),Oruro,RETAIL,1 unit,unit,0.07
2019-09-01,0.07,Bananas,Bolivia (Plurinational State of),Oruro,RETAIL,1 unit,unit,0.07
2019-10-01,0.07,Bananas,Bolivia (Plurinational State of),Oruro,RETAIL,1 unit,unit,0.07
2019-11-01,0.1,Bananas,Bolivia (Plurinational State of),Oruro,RETAIL,1 unit,unit,0.1
2019-12-01,0.08,Bananas,Bolivia (Plurinational State of),Oruro,RETAIL,1 unit,unit,0.08
2020-01-01,0.07,Bananas,Bolivia (Plurinational State of),Oruro,RETAIL,1 unit,unit,0.07
2020-02-01,0.07,Bananas,Bolivia (Plurinational State of),Oruro,RETAIL,1 unit,unit,0.07
2020-03-01,0.07,Bananas,Bolivia (Plurinational State of),Oruro,RETAIL,1 unit,unit,0.07
2020-04-01,0.07,Bananas,Bolivia (Plurinational State of),Oruro,RETAIL,1 unit,unit,0.07
2020-05-01,0.07,Bananas,Bolivia (Plurinational State of),Oruro,RETAIL,1 unit,unit,0.07
2020-06-01,0.07,Bananas,Bolivia (Plurinational State of),Oruro,RETAIL,1 unit,unit,0.07
2020-07-01,0.07,Bananas,Bolivia (Plurinational State of),Oruro,RETAIL,1 unit,unit,0.07
2020-08-01,0.08,Bananas,Bolivia (Plurinational State of),Oruro,RETAIL,1 unit,unit,0.08
2020-09-01,0.07,Bananas,Bolivia (Plurinational State of),Oruro,RETAIL,1 unit,unit,0.07
2020-10-01,0.07,Bananas,Bolivia (Plurinational State of),Oruro,RETAIL,1 unit,unit,0.07
2020-11-01,0.07,Bananas,Bolivia (Plurinational State of),Oruro,RETAIL,1 unit,unit,0.07
2020-12-01,0.07,Bananas,Bolivia (Plurinational State of),Oruro,RETAIL,1 unit,unit,0.07
2021-01-01,0.07,Bananas,Bolivia (Plurinational State of),Oruro,RETAIL,1 unit,unit,0.07
2021-02-01,0.07,Bananas,Bolivia (Plurinational State of),Oruro,RETAIL,1 unit,unit,0.07
2021-03-01,0.07,Bananas,Bolivia (Plurinational State of),Oruro,RETAIL,1 unit,unit,0.07
2021-04-01,0.07,Bananas,Bolivia (Plurinational State of),Oruro,RETAIL,1 unit,unit,0.07
2021-05-01,0.07,Bananas,Bolivia (Plurinational State of),Oruro,RETAIL,1 unit,unit,0.07
2021-06-01,0.07,Bananas,Bolivia (Plurinational State of),Oruro,RETAIL,1 unit,unit,0.07
2021-07-01,0.07,Bananas,Bolivia (Plurinational State of),Oruro,RETAIL,1 unit,unit,0.07
2021-08-01,0.07,Bananas,Bolivia (Plurinational State of),Oruro,RETAIL,1 unit,unit,0.07
2021-09-01,0.07,Bananas,Bolivia (Plurinational State of),Oruro,RETAIL,1 unit,unit,0.07
2021-10-01,0.07,Bananas,Bolivia (Plurinational State of),Oruro,RETAIL,1 unit,unit,0.07
2021-11-01,0.07,Bananas,Bolivia (Plurinational State of),Oruro,RETAIL,1 unit,unit,0.07
2021-12-01,0.07,Bananas,Bolivia (Plurinational State of),Oruro,RETAIL,1 unit,unit,0.07
2022-01-01,0.07,Bananas,Bolivia (Plurinational State of),Oruro,RETAIL,1 unit,unit,0.07
2022-02-01,0.07,Bananas,Bolivia (Plurinational State of),Oruro,RETAIL,1 unit,unit,0.07
2022-03-01,0.07,Bananas,Bolivia (Plurinational State of),Oruro,RETAIL,1 unit,unit,0.07
2022-04-01,0.07,Bananas,Bolivia (Plurinational State of),Oruro,RETAIL,1 unit,unit,0.07
2022-05-01,0.07,Bananas,Bolivia (Plurinational State of),Oruro,RETAIL,1 unit,unit,0.07
2022-06-01,0.07,Bananas,Bolivia (Plurinational State of),Oruro,RETAIL,1 unit,unit,0.07
2022-07-01,0.07,Bananas,Bolivia (Plurinational State of),Oruro,RETAIL,1 unit,unit,0.07
2022-08-01,0.07,Bananas,Bolivia (Plurinational State of),Oruro,RETAIL,1 unit,unit,0.07
2022-09-01,0.07,Bananas,Bolivia (Plurinational State of),Oruro,RETAIL,1 unit,unit,0.07
2022-10-01,0.07,Bananas,Bolivia (Plurinational State of),Oruro,RETAIL,1 unit,unit,0.07
2022-11-01,0.07,Bananas,Bolivia (Plurinational State of),Oruro,RETAIL,1 unit,unit,0.07
2022-12-01,0.07,Bananas,Bolivia (Plurinational State of),Oruro,RETAIL,1 unit,unit,0.07
2023-01-01,0.07,Bananas,Bolivia (Plurinational State of),Oruro,RETAIL,1 unit,unit,0.07
2023-02-01,0.07,Bananas,Bolivia (Plurinational State of),Oruro,RETAIL,1 unit,unit,0.07
2023-03-01,0.07,Bananas,Bolivia (Plurinational State of),Oruro,RETAIL,1 unit,unit,0.07
2023-04-01,0.07,Bananas,Bolivia (Plurinational State of),Oruro,RETAIL,1 unit,unit,0.07
2023-05-01,0.07,Bananas,Bolivia (Plurinational State of),Oruro,RETAIL,1 unit,unit,0.07
2023-06-01,0.07,Bananas,Bolivia (Plurinational State of),Oruro,RETAIL,1 unit,unit,0.07
2023-07-01,0.07,Bananas,Bolivia (Plurinational State of),Oruro,RETAIL,1 unit,unit,0.07
2023-08-01,0.07,Bananas,Bolivia (Plurinational State of),Oruro,RETAIL,1 unit,unit,0.07
2023-09-01,0.07,Bananas,Bolivia (Plurinational State of),Oruro,RETAIL,1 unit,unit,0.07
2023-10-01,0.07,Bananas,Bolivia (Plurinational State of),Oruro,RETAIL,1 unit,unit,0.07
2023-11-01,0.07,Bananas,Bolivia (Plurinational State of),Oruro,RETAIL,1 unit,unit,0.07
2023-12-01,0.07,Bananas,Bolivia (Plurinational State of),Oruro,RETAIL,1 unit,unit,0.07
2024-01-01,0.07,Bananas,Bolivia (Plurinational State of),Oruro,RETAIL,1 unit,unit,0.07
2024-02-01,0.07,Bananas,Bolivia (Plurinational State of),Oruro,RETAIL,1 unit,unit,0.07
2024-03-01,0.07,Bananas,Bolivia (Plurinational State of),Oruro,RETAIL,1 unit,unit,0.07
2024-04-01,0.07,Bananas,Bolivia (Plurinational State of),Oruro,RETAIL,1 unit,unit,0.07
2024-05-01,0.07,Bananas,Bolivia (Plurinational State of),Oruro,RETAIL,1 unit,unit,0.07
2024-06-01,0.07,Bananas,Bolivia (Plurinational State of),Oruro,RETAIL,1 unit,unit,0.07
2024-07-01,0.07,Bananas,Bolivia (Plurinational State of),Oruro,RETAIL,1 unit,unit,0.07
2024-08-01,0.07,Bananas,Bolivia (Plurinational State of),Oruro,RETAIL,1 unit,unit,0.07
2024-09-01,0.07,Bananas,Bolivia (Plurinational State of),Oruro,RETAIL,1 unit,unit,0.07
2024-10-01,0.07,Bananas,Bolivia (Plurinational State of),Oruro,RETAIL,1 unit,unit,0.07
2024-11-01,0.07,Bananas,Bolivia (Plurinational State of),Oruro,RETAIL,1 unit,unit,0.07
2024-12-01,0.07,Bananas,Bolivia (Plurinational State of),Oruro,RETAIL,1 unit,unit,0.07
2025-01-01,0.07,Bananas,Bolivia (Plurinational State of),Oruro,RETAIL,1 unit,unit,0.07
2025-02-01,0.07,Bananas,Bolivia (Plurinational State of),Oruro,RETAIL,1 unit,unit,0.07
2025-03-01,0.07,Bananas,Bolivia (Plurinational State of),Oruro,RETAIL,1 unit,unit,0.07
2025-04-01,0.07,Bananas,Bolivia (Plurinational State of),Oruro,RETAIL,1 unit,unit,0.07
2025-05-01,0.07,Bananas,Bolivia (Plurinational State of),Oruro,RETAIL,1 unit,unit,0.07
2025-06-01,0.09,Bananas,Bolivia (Plurinational State of),Oruro,RETAIL,1 unit,unit,0.09
2025-07-01,0.1,Bananas,Bolivia (Plurinational State of),Oruro,RETAIL,1 unit,unit,0.1
2018-01-01,0.09,Bananas,Bolivia (Plurinational State of),Potosi,RETAIL,1 unit,unit,0.09
2018-02-01,0.09,Bananas,Bolivia (Plurinational State of),Potosi,RETAIL,1 unit,unit,0.09
2018-03-01,0.09,Bananas,Bolivia (Plurinational State of),Potosi,RETAIL,1 unit,unit,0.09
2018-04-01,0.09,Bananas,Bolivia (Plurinational State of),Potosi,RETAIL,1 unit,unit,0.09
2018-05-01,0.09,Bananas,Bolivia (Plurinational State of),Potosi,RETAIL,1 unit,unit,0.09
2018-06-01,0.09,Bananas,Bolivia (Plurinational State of),Potosi,RETAIL,1 unit,unit,0.09
2018-07-01,0.09,Bananas,Bolivia (Plurinational State of),Potosi,RETAIL,1 unit,unit,0.09
2018-08-01,0.09,Bananas,Bolivia (Plurinational State of),Potosi,RETAIL,1 unit,unit,0.09
2018-09-01,0.09,Bananas,Bolivia (Plurinational State of),Potosi,RETAIL,1 unit,unit,0.09
2018-10-01,0.09,Bananas,Bolivia (Plurinational State of),Potosi,RETAIL,1 unit,unit,0.09
2018-11-01,0.09,Bananas,Bolivia (Plurinational State of),Potosi,RETAIL,1 unit,unit,0.09
2018-12-01,0.09,Bananas,Bolivia (Plurinational State of),Potosi,RETAIL,1 unit,unit,0.09
2019-01-01,0.09,Bananas,Bolivia (Plurinational State of),Potosi,RETAIL,1 unit,unit,0.09
2019-02-01,0.09,Bananas,Bolivia (Plurinational State of),Potosi,RETAIL,1 unit,unit,0.09
2019-03-01,0.08,Bananas,Bolivia (Plurinational State of),Potosi,RETAIL,1 unit,unit,0.08
2019-04-01,0.09,Bananas,Bolivia (Plurinational State of),Potosi,RETAIL,1 unit,unit,0.09
2019-05-01,0.09,Bananas,Bolivia (Plurinational State of),Potosi,RETAIL,1 unit,unit,0.09
2019-06-01,0.08,Bananas,Bolivia (Plurinational State of),Potosi,RETAIL,1 unit,unit,0.08
2019-07-01,0.09,Bananas,Bolivia (Plurinational State of),Potosi,RETAIL,1 unit,unit,0.09
2019-08-01,0.09,Bananas,Bolivia (Plurinational State of),Potosi,RETAIL,1 unit,unit,0.09
2019-09-01,0.09,Bananas,Bolivia (Plurinational State of),Potosi,RETAIL,1 unit,unit,0.09
2019-10-01,0.09,Bananas,Bolivia (Plurinational State of),Potosi,RETAIL,1 unit,unit,0.09
2019-11-01,0.09,Bananas,Bolivia (Plurinational State of),Potosi,RETAIL,1 unit,unit,0.09
2019-12-01,0.09,Bananas,Bolivia (Plurinational State of),Potosi,RETAIL,1 unit,unit,0.09
2020-01-01,0.09,Bananas,Bolivia (Plurinational State of),Potosi,RETAIL,1 unit,unit,0.09
2020-02-01,0.09,Bananas,Bolivia (Plurinational State of),Potosi,RETAIL,1 unit,unit,0.09
2020-03-01,0.09,Bananas,Bolivia (Plurinational State of),Potosi,RETAIL,1 unit,unit,0.09
2020-04-01,0.09,Bananas,Bolivia (Plurinational State of),Potosi,RETAIL,1 unit,unit,0.09
2020-05-01,0.09,Bananas,Bolivia (Plurinational State of),Potosi,RETAIL,1 unit,unit,0.09
2020-06-01,0.09,Bananas,Bolivia (Plurinational State of),Potosi,RETAIL,1 unit,unit,0.09
2020-07-01,0.09,Bananas,Bolivia (Plurinational State of),Potosi,RETAIL,1 unit,unit,0.09
2020-08-01,0.09,Bananas,Bolivia (Plurinational State of),Potosi,RETAIL,1 unit,unit,0.09
2020-09-01,0.09,Bananas,Bolivia (Plurinational State of),Potosi,RETAIL,1 unit,unit,0.09
2020-10-01,0.09,Bananas,Bolivia (Plurinational State of),Potosi,RETAIL,1 unit,unit,0.09
2020-11-01,0.09,Bananas,Bolivia (Plurinational State of),Potosi,RETAIL,1 unit,unit,0.09
2020-12-01,0.09,Bananas,Bolivia (Plurinational State of),Potosi,RETAIL,1 unit,unit,0.09
2021-01-01,0.08,Bananas,Bolivia (Plurinational State of),Potosi,RETAIL,1 unit,unit,0.08
2021-02-01,0.08,Bananas,Bolivia (Plurinational State of),Potosi,RETAIL,1 unit,unit,0.08
2021-03-01,0.08,Bananas,Bolivia (Plurinational State of),Potosi,RETAIL,1 unit,unit,0.08
2021-04-01,0.08,Bananas,Bolivia (Plurinational State of),Potosi,RETAIL,1 unit,unit,0.08
2021-05-01,0.09,Bananas,Bolivia (Plurinational State of),Potosi,RETAIL,1 unit,unit,0.09
2021-06-01,0.08,Bananas,Bolivia (Plurinational State of),Potosi,RETAIL,1 unit,unit,0.08
2021-07-01,0.08,Bananas,Bolivia (Plurinational State of),Potosi,RETAIL,1 unit,unit,0.08
2021-08-01,0.09,Bananas,Bolivia (Plurinational State of),Potosi,RETAIL,1 unit,unit,0.09
2021-09-01,0.09,Bananas,Bolivia (Plurinational State of),Potosi,RETAIL,1 unit,unit,0.09
2021-10-01,0.08,Bananas,Bolivia (Plurinational State of),Potosi,RETAIL,1 unit,unit,0.08
2021-11-01,0.09,Bananas,Bolivia (Plurinational State of),Potosi,RETAIL,1 unit,unit,0.09
2021-12-01,0.08,Bananas,Bolivia (Plurinational State of),Potosi,RETAIL,1 unit,unit,0.08
2022-01-01,0.09,Bananas,Bolivia (Plurinational State of),Potosi,RETAIL,1 unit,unit,0.09
2022-02-01,0.09,Bananas,Bolivia (Plurinational State of),Potosi,RETAIL,1 unit,unit,0.09
2022-03-01,0.09,Bananas,Bolivia (Plurinational State of),Potosi,RETAIL,1 unit,unit,0.09
2022-04-01,0.09,Bananas,Bolivia (Plurinational State of),Potosi,RETAIL,1 unit,unit,0.09
2022-05-01,0.09,Bananas,Bolivia (Plurinational State of),Potosi,RETAIL,1 unit,unit,0.09
2022-06-01,0.09,Bananas,Bolivia (Plurinational State of),Potosi,RETAIL,1 unit,unit,0.09
2022-07-01,0.09,Bananas,Bolivia (Plurinational State of),Potosi,RETAIL,1 unit,unit,0.09
2022-08-01,0.09,Bananas,Bolivia (Plurinational State of),Potosi,RETAIL,1 unit,unit,0.09
2022-09-01,0.09,Bananas,Bolivia (Plurinational State of),Potosi,RETAIL,1 unit,unit,0.09
2022-10-01,0.09,Bananas,Bolivia (Plurinational State of),Potosi,RETAIL,1 unit,unit,0.09
2022-11-01,0.09,Bananas,Bolivia (Plurinational State of),Potosi,RETAIL,1 unit,unit,0.09
2022-12-01,0.09,Bananas,Bolivia (Plurinational State of),Potosi,RETAIL,1 unit,unit,0.09
2023-01-01,0.08,Bananas,Bolivia (Plurinational State of),Potosi,RETAIL,1 unit,unit,0.08
2023-02-01,0.09,Bananas,Bolivia (Plurinational State of),Potosi,RETAIL,1 unit,unit,0.09
2023-03-01,0.08,Bananas,Bolivia (Plurinational State of),Potosi,RETAIL,1 unit,unit,0.08
2023-04-01,0.08,Bananas,Bolivia (Plurinational State of),Potosi,RETAIL,1 unit,unit,0.08
2023-05-01,0.08,Bananas,Bolivia (Plurinational State of),Potosi,RETAIL,1 unit,unit,0.08
2023-06-01,0.08,Bananas,Bolivia (Plurinational State of),Potosi,RETAIL,1 unit,unit,0.08
2023-07-01,0.09,Bananas,Bolivia (Plurinational State of),Potosi,RETAIL,1 unit,unit,0.09
2023-08-01,0.09,Bananas,Bolivia (Plurinational State of),Potosi,RETAIL,1 unit,unit,0.09
2023-09-01,0.09,Bananas,Bolivia (Plurinational State of),Potosi,RETAIL,1 unit,unit,0.09
2023-10-01,0.09,Bananas,Bolivia (Plurinational State of),Potosi,RETAIL,1 unit,unit,0.09
2023-11-01,0.09,Bananas,Bolivia (Plurinational State of),Potosi,RETAIL,1 unit,unit,0.09
2023-12-01,0.09,Bananas,Bolivia (Plurinational State of),Potosi,RETAIL,1 unit,unit,0.09
2024-01-01,0.09,Bananas,Bolivia (Plurinational State of),Potosi,RETAIL,1 unit,unit,0.09
2024-02-01,0.09,Bananas,Bolivia (Plurinational State of),Potosi,RETAIL,1 unit,unit,0.09
2024-03-01,0.09,Bananas,Bolivia (Plurinational State of),Potosi,RETAIL,1 unit,unit,0.09
2024-04-01,0.09,Bananas,Bolivia (Plurinational State of),Potosi,RETAIL,1 unit,unit,0.09
2024-05-01,0.09,Bananas,Bolivia (Plurinational State of),Potosi,RETAIL,1 unit,unit,0.09
2024-06-01,0.09,Bananas,Bolivia (Plurinational State of),Potosi,RETAIL,1 unit,unit,0.09
2024-07-01,0.09,Bananas,Bolivia (Plurinational State of),Potosi,RETAIL,1 unit,unit,0.09
2024-08-01,0.09,Bananas,Bolivia (Plurinational State of),Potosi,RETAIL,1 unit,unit,0.09
2024-09-01,0.09,Bananas,Bolivia (Plurinational State of),Potosi,RETAIL,1 unit,unit,0.09
2024-10-01,0.1,Bananas,Bolivia (Plurinational State of),Potosi,RETAIL,1 unit,unit,0.1
2024-11-01,0.13,Bananas,Bolivia (Plurinational State of),Potosi,RETAIL,1 unit,unit,0.13
2024-12-01,0.11,Bananas,Bolivia (Plurinational State of),Potosi,RETAIL,1 unit,unit,0.11
2025-01-01,0.11,Bananas,Bolivia (Plurinational State of),Potosi,RETAIL,1 unit,unit,0.11
2025-02-01,0.11,Bananas,Bolivia (Plurinational State of),Potosi,RETAIL,1 unit,unit,0.11
2025-03-01,0.11,Bananas,Bolivia (Plurinational State of),Potosi,RETAIL,1 unit,unit,0.11
2025-04-01,0.1,Bananas,Bolivia (Plurinational State of),Potosi,RETAIL,1 unit,unit,0.1
2025-05-01,0.11,Bananas,Bolivia (Plurinational State of),Potosi,RETAIL,1 unit,unit,0.11
2025-06-01,0.12,Bananas,Bolivia (Plurinational State of),Potosi,RETAIL,1 unit,unit,0.12
2025-07-01,0.15,Bananas,Bolivia (Plurinational State of),Potosi,RETAIL,1 unit,unit,0.15
2018-01-01,0.45,Bananas,Bolivia (Plurinational State of),Santa Cruz,RETAIL,Kg,kg,0.45
2018-02-01,0.57,Bananas,Bolivia (Plurinational State of),Santa Cruz,RETAIL,Kg,kg,0.57
2018-03-01,0.54,Bananas,Bolivia (Plurinational State of),Santa Cruz,RETAIL,Kg,kg,0.54
2018-04-01,0.51,Bananas,Bolivia (Plurinational State of),Santa Cruz,RETAIL,Kg,kg,0.51
2018-05-01,0.58,Bananas,Bolivia (Plurinational State of),Santa Cruz,RETAIL,Kg,kg,0.58
2018-06-01,0.58,Bananas,Bolivia (Plurinational State of),Santa Cruz,RETAIL,Kg,kg,0.58
2018-07-01,0.55,Bananas,Bolivia (Plurinational State of),Santa Cruz,RETAIL,Kg,kg,0.55
2018-08-01,0.54,Bananas,Bolivia (Plurinational State of),Santa Cruz,RETAIL,Kg,kg,0.54
2018-09-01,0.6,Bananas,Bolivia (Plurinational State of),Santa Cruz,RETAIL,Kg,kg,0.6
2018-10-01,0.6,Bananas,Bolivia (Plurinational State of),Santa Cruz,RETAIL,Kg,kg,0.6
2018-11-01,0.64,Bananas,Bolivia (Plurinational State of),Santa Cruz,RETAIL,Kg,kg,0.64
2018-12-01,0.62,Bananas,Bolivia (Plurinational State of),Santa Cruz,RETAIL,Kg,kg,0.62
2019-01-01,0.62,Bananas,Bolivia (Plurinational State of),Santa Cruz,RETAIL,Kg,kg,0.62
2019-02-01,0.56,Bananas,Bolivia (Plurinational State of),Santa Cruz,RETAIL,Kg,kg,0.56
2019-03-01,0.56,Bananas,Bolivia (Plurinational State of),Santa Cruz,RETAIL,Kg,kg,0.56
2019-04-01,0.58,Bananas,Bolivia (Plurinational State of),Santa Cruz,RETAIL,Kg,kg,0.58
2019-05-01,0.52,Bananas,Bolivia (Plurinational State of),Santa Cruz,RETAIL,Kg,kg,0.52
2019-06-01,0.53,Bananas,Bolivia (Plurinational State of),Santa Cruz,RETAIL,Kg,kg,0.53
2019-07-01,0.63,Bananas,Bolivia (Plurinational State of),Santa Cruz,RETAIL,Kg,kg,0.63
2019-08-01,0.67,Bananas,Bolivia (Plurinational State of),Santa Cruz,RETAIL,Kg,kg,0.67
2019-09-01,0.75,Bananas,Bolivia (Plurinational State of),Santa Cruz,RETAIL,Kg,kg,0.75
2019-10-01,0.72,Bananas,Bolivia (Plurinational State of),Santa Cruz,RETAIL,Kg,kg,0.72
2019-11-01,0.79,Bananas,Bolivia (Plurinational State of),Santa Cruz,RETAIL,Kg,kg,0.79
2019-12-01,0.64,Bananas,Bolivia (Plurinational State of),Santa Cruz,RETAIL,Kg,kg,0.64
2020-01-01,0.56,Bananas,Bolivia (Plurinational State of),Santa Cruz,RETAIL,Kg,kg,0.56
2020-02-01,0.48,Bananas,Bolivia (Plurinational State of),Santa Cruz,RETAIL,Kg,kg,0.48
2020-03-01,0.48,Bananas,Bolivia (Plurinational State of),Santa Cruz,RETAIL,Kg,kg,0.48
2020-04-01,0.53,Bananas,Bolivia (Plurinational State of),Santa Cruz,RETAIL,Kg,kg,0.53
2020-05-01,0.53,Bananas,Bolivia (Plurinational State of),Santa Cruz,RETAIL,Kg,kg,0.53
2020-06-01,0.51,Bananas,Bolivia (Plurinational State of),Santa Cruz,RETAIL,Kg,kg,0.51
2020-07-01,0.58,Bananas,Bolivia (Plurinational State of),Santa Cruz,RETAIL,Kg,kg,0.58
2020-08-01,0.75,Bananas,Bolivia (Plurinational State of),Santa Cruz,RETAIL,Kg,kg,0.75
2020-09-01,0.68,Bananas,Bolivia (Plurinational State of),Santa Cruz,RETAIL,Kg,kg,0.68
2020-10-01,0.72,Bananas,Bolivia (Plurinational State of),Santa Cruz,RETAIL,Kg,kg,0.72
2020-11-01,0.67,Bananas,Bolivia (Plurinational State of),Santa Cruz,RETAIL,Kg,kg,0.67
2020-12-01,0.62,Bananas,Bolivia (Plurinational State of),Santa Cruz,RETAIL,Kg,kg,0.62
2021-01-01,0.58,Bananas,Bolivia (Plurinational State of),Santa Cruz,RETAIL,Kg,kg,0.58
2021-02-01,0.59,Bananas,Bolivia (Plurinational State of),Santa Cruz,RETAIL,Kg,kg,0.59
2021-03-01,0.48,Bananas,Bolivia (Plurinational State of),Santa Cruz,RETAIL,Kg,kg,0.48
2021-04-01,0.53,Bananas,Bolivia (Plurinational State of),Santa Cruz,RETAIL,Kg,kg,0.53
2021-05-01,0.61,Bananas,Bolivia (Plurinational State of),Santa Cruz,RETAIL,Kg,kg,0.61
2021-06-01,0.59,Bananas,Bolivia (Plurinational State of),Santa Cruz,RETAIL,Kg,kg,0.59
2021-07-01,0.52,Bananas,Bolivia (Plurinational State of),Santa Cruz,RETAIL,Kg,kg,0.52
2021-08-01,0.49,Bananas,Bolivia (Plurinational State of),Santa Cruz,RETAIL,Kg,kg,0.49
2021-09-01,0.54,Bananas,Bolivia (Plurinational State of),Santa Cruz,RETAIL,Kg,kg,0.54
2021-10-01,0.54,Bananas,Bolivia (Plurinational State of),Santa Cruz,RETAIL,Kg,kg,0.54
2021-11-01,0.54,Bananas,Bolivia (Plurinational State of),Santa Cruz,RETAIL,Kg,kg,0.54
2021-12-01,0.57,Bananas,Bolivia (Plurinational State of),Santa Cruz,RETAIL,Kg,kg,0.57
2022-01-01,0.46,Bananas,Bolivia (Plurinational State of),Santa Cruz,RETAIL,Kg,kg,0.46
2022-02-01,0.48,Bananas,Bolivia (Plurinational State of),Santa Cruz,RETAIL,Kg,kg,0.48
2022-03-01,0.5,Bananas,Bolivia (Plurinational State of),Santa Cruz,RETAIL,Kg,kg,0.5
2022-04-01,0.45,Bananas,Bolivia (Plurinational State of),Santa Cruz,RETAIL,Kg,kg,0.45
2022-05-01,0.45,Bananas,Bolivia (Plurinational State of),Santa Cruz,RETAIL,Kg,kg,0.45
2022-06-01,0.48,Bananas,Bolivia (Plurinational State of),Santa Cruz,RETAIL,Kg,kg,0.48
2022-07-01,0.59,Bananas,Bolivia (Plurinational State of),Santa Cruz,RETAIL,Kg,kg,0.59
2022-08-01,0.61,Bananas,Bolivia (Plurinational State of),Santa Cruz,RETAIL,Kg,kg,0.61
2022-09-01,0.63,Bananas,Bolivia (Plurinational State of),Santa Cruz,RETAIL,Kg,kg,0.63
2022-10-01,0.67,Bananas,Bolivia (Plurinational State of),Santa Cruz,RETAIL,Kg,kg,0.67
2022-11-01,0.82,Bananas,Bolivia (Plurinational State of),Santa Cruz,RETAIL,Kg,kg,0.82
2022-12-01,0.61,Bananas,Bolivia (Plurinational State of),Santa Cruz,RETAIL,Kg,kg,0.61
2023-01-01,0.66,Bananas,Bolivia (Plurinational State of),Santa Cruz,RETAIL,Kg,kg,0.66
2023-02-01,0.64,Bananas,Bolivia (Plurinational State of),Santa Cruz,RETAIL,Kg,kg,0.64
2023-03-01,0.66,Bananas,Bolivia (Plurinational State of),Santa Cruz,RETAIL,Kg,kg,0.66
2023-04-01,0.6,Bananas,Bolivia (Plurinational State of),Santa Cruz,RETAIL,Kg,kg,0.6
2023-05-01,0.69,Bananas,Bolivia (Plurinational State of),Santa Cruz,RETAIL,Kg,kg,0.69
2023-06-01,0.74,Bananas,Bolivia (Plurinational State of),Santa Cruz,RETAIL,Kg,kg,0.74
2023-07-01,0.83,Bananas,Bolivia (Plurinational State of),Santa Cruz,RETAIL,Kg,kg,0.83
2023-08-01,0.83,Bananas,Bolivia (Plurinational State of),Santa Cruz,RETAIL,Kg,kg,0.83
2023-09-01,0.83,Bananas,Bolivia (Plurinational State of),Santa Cruz,RETAIL,Kg,kg,0.83
2023-10-01,0.81,Bananas,Bolivia (Plurinational State of),Santa Cruz,RETAIL,Kg,kg,0.81
2023-11-01,0.88,Bananas,Bolivia (Plurinational State of),Santa Cruz,RETAIL,Kg,kg,0.88
2023-12-01,0.83,Bananas,Bolivia (Plurinational State of),Santa Cruz,RETAIL,Kg,kg,0.83
2024-01-01,0.83,Bananas,Bolivia (Plurinational State of),Santa Cruz,RETAIL,Kg,kg,0.83
2024-02-01,0.74,Bananas,Bolivia (Plurinational State of),Santa Cruz,RETAIL,Kg,kg,0.74
2024-03-01,0.7,Bananas,Bolivia (Plurinational State of),Santa Cruz,RETAIL,Kg,kg,0.7
2024-04-01,0.63,Bananas,Bolivia (Plurinational State of),Santa Cruz,RETAIL,Kg,kg,0.63
2024-05-01,0.62,Bananas,Bolivia (Plurinational State of),Santa Cruz,RETAIL,Kg,kg,0.62
2024-06-01,0.96,Bananas,Bolivia (Plurinational State of),Santa Cruz,RETAIL,Kg,kg,0.96
2024-07-01,0.76,Bananas,Bolivia (Plurinational State of),Santa Cruz,RETAIL,Kg,kg,0.76
2024-08-01,1.02,Bananas,Bolivia (Plurinational State of),Santa Cruz,RETAIL,Kg,kg,1.02
2024-09-01,1.24,Bananas,Bolivia (Plurinational State of),Santa Cruz,RETAIL,Kg,kg,1.24
2024-10-01,1.24,Bananas,Bolivia (Plurinational State of),Santa Cruz,RETAIL,Kg,kg,1.24
2024-11-01,0.96,Bananas,Bolivia (Plurinational State of),Santa Cruz,RETAIL,Kg,kg,0.96
2024-12-01,0.64,Bananas,Bolivia (Plurinational State of),Santa Cruz,RETAIL,Kg,kg,0.64
2025-01-01,0.65,Bananas,Bolivia (Plurinational State of),Santa Cruz,RETAIL,Kg,kg,0.65
2025-02-01,0.67,Bananas,Bolivia (Plurinational State of),Santa Cruz,RETAIL,Kg,kg,0.67
2025-03-01,0.67,Bananas,Bolivia (Plurinational State of),Santa Cruz,RETAIL,Kg,kg,0.67
2025-04-01,0.67,Bananas,Bolivia (Plurinational State of),Santa Cruz,RETAIL,Kg,kg,0.67
2025-05-01,0.71,Bananas,Bolivia (Plurinational State of),Santa Cruz,RETAIL,Kg,kg,0.71
2025-06-01,1.07,Bananas,Bolivia (Plurinational State of),Santa Cruz,RETAIL,Kg,kg,1.07
2025-07-01,1.36,Bananas,Bolivia (Plurinational State of),Santa Cruz,RETAIL,Kg,kg,1.36
2018-01-01,0.06,Bananas,Bolivia (Plurinational State of),Sucre,RETAIL,1 unit,unit,0.06
2018-02-01,0.06,Bananas,Bolivia (Plurinational State of),Sucre,RETAIL,1 unit,unit,0.06
2018-03-01,0.06,Bananas,Bolivia (Plurinational State of),Sucre,RETAIL,1 unit,unit,0.06
2018-04-01,0.06,Bananas,Bolivia (Plurinational State of),Sucre,RETAIL,1 unit,unit,0.06
2018-05-01,0.06,Bananas,Bolivia (Plurinational State of),Sucre,RETAIL,1 unit,unit,0.06
2018-06-01,0.06,Bananas,Bolivia (Plurinational State of),Sucre,RETAIL,1 unit,unit,0.06
2018-07-01,0.06,Bananas,Bolivia (Plurinational State of),Sucre,RETAIL,1 unit,unit,0.06
2018-08-01,0.06,Bananas,Bolivia (Plurinational State of),Sucre,RETAIL,1 unit,unit,0.06
2018-09-01,0.06,Bananas,Bolivia (Plurinational State of),Sucre,RETAIL,1 unit,unit,0.06
2018-10-01,0.06,Bananas,Bolivia (Plurinational State of),Sucre,RETAIL,1 unit,unit,0.06
2018-11-01,0.06,Bananas,Bolivia (Plurinational State of),Sucre,RETAIL,1 unit,unit,0.06
2018-12-01,0.06,Bananas,Bolivia (Plurinational State of),Sucre,RETAIL,1 unit,unit,0.06
2019-01-01,0.06,Bananas,Bolivia (Plurinational State of),Sucre,RETAIL,1 unit,unit,0.06
2019-02-01,0.06,Bananas,Bolivia (Plurinational State of),Sucre,RETAIL,1 unit,unit,0.06
2019-03-01,0.06,Bananas,Bolivia (Plurinational State of),Sucre,RETAIL,1 unit,unit,0.06
2019-04-01,0.06,Bananas,Bolivia (Plurinational State of),Sucre,RETAIL,1 unit,unit,0.06
2019-05-01,0.06,Bananas,Bolivia (Plurinational State of),Sucre,RETAIL,1 unit,unit,0.06
2019-06-01,0.06,Bananas,Bolivia (Plurinational State of),Sucre,RETAIL,1 unit,unit,0.06
2019-07-01,0.06,Bananas,Bolivia (Plurinational State of),Sucre,RETAIL,1 unit,unit,0.06
2019-08-01,0.06,Bananas,Bolivia (Plurinational State of),Sucre,RETAIL,1 unit,unit,0.06
2019-09-01,0.06,Bananas,Bolivia (Plurinational State of),Sucre,RETAIL,1 unit,unit,0.06
2019-10-01,0.06,Bananas,Bolivia (Plurinational State of),Sucre,RETAIL,1 unit,unit,0.06
2019-11-01,0.08,Bananas,Bolivia (Plurinational State of),Sucre,RETAIL,1 unit,unit,0.08
2019-12-01,0.06,Bananas,Bolivia (Plurinational State of),Sucre,RETAIL,1 unit,unit,0.06
2020-01-01,0.06,Bananas,Bolivia (Plurinational State of),Sucre,RETAIL,1 unit,unit,0.06
2020-02-01,0.06,Bananas,Bolivia (Plurinational State of),Sucre,RETAIL,1 unit,unit,0.06
2020-03-01,0.06,Bananas,Bolivia (Plurinational State of),Sucre,RETAIL,1 unit,unit,0.06
2020-04-01,0.06,Bananas,Bolivia (Plurinational State of),Sucre,RETAIL,1 unit,unit,0.06
2020-05-01,0.06,Bananas,Bolivia (Plurinational State of),Sucre,RETAIL,1 unit,unit,0.06
2020-06-01,0.06,Bananas,Bolivia (Plurinational State of),Sucre,RETAIL,1 unit,unit,0.06
2020-07-01,0.06,Bananas,Bolivia (Plurinational State of),Sucre,RETAIL,1 unit,unit,0.06
2020-08-01,0.07,Bananas,Bolivia (Plurinational State of),Sucre,RETAIL,1 unit,unit,0.07
2020-09-01,0.06,Bananas,Bolivia (Plurinational State of),Sucre,RETAIL,1 unit,unit,0.06
2020-10-01,0.06,Bananas,Bolivia (Plurinational State of),Sucre,RETAIL,1 unit,unit,0.06
2020-11-01,0.06,Bananas,Bolivia (Plurinational State of),Sucre,RETAIL,1 unit,unit,0.06
2020-12-01,0.06,Bananas,Bolivia (Plurinational State of),Sucre,RETAIL,1 unit,unit,0.06
2021-01-01,0.06,Bananas,Bolivia (Plurinational State of),Sucre,RETAIL,1 unit,unit,0.06
2021-02-01,0.06,Bananas,Bolivia (Plurinational State of),Sucre,RETAIL,1 unit,unit,0.06
2021-03-01,0.06,Bananas,Bolivia (Plurinational State of),Sucre,RETAIL,1 unit,unit,0.06
2021-04-01,0.06,Bananas,Bolivia (Plurinational State of),Sucre,RETAIL,1 unit,unit,0.06
2021-05-01,0.06,Bananas,Bolivia (Plurinational State of),Sucre,RETAIL,1 unit,unit,0.06
2021-06-01,0.06,Bananas,Bolivia (Plurinational State of),Sucre,RETAIL,1 unit,unit,0.06
2021-07-01,0.06,Bananas,Bolivia (Plurinational State of),Sucre,RETAIL,1 unit,unit,0.06
2021-08-01,0.06,Bananas,Bolivia (Plurinational State of),Sucre,RETAIL,1 unit,unit,0.06
2021-09-01,0.06,Bananas,Bolivia (Plurinational State of),Sucre,RETAIL,1 unit,unit,0.06
2021-10-01,0.06,Bananas,Bolivia (Plurinational State of),Sucre,RETAIL,1 unit,unit,0.06
2021-11-01,0.06,Bananas,Bolivia (Plurinational State of),Sucre,RETAIL,1 unit,unit,0.06
2021-12-01,0.06,Bananas,Bolivia (Plurinational State of),Sucre,RETAIL,1 unit,unit,0.06
2022-01-01,0.06,Bananas,Bolivia (Plurinational State of),Sucre,RETAIL,1 unit,unit,0.06
2022-02-01,0.06,Bananas,Bolivia (Plurinational State of),Sucre,RETAIL,1 unit,unit,0.06
2022-03-01,0.06,Bananas,Bolivia (Plurinational State of),Sucre,RETAIL,1 unit,unit,0.06
2022-04-01,0.06,Bananas,Bolivia (Plurinational State of),Sucre,RETAIL,1 unit,unit,0.06
2022-05-01,0.06,Bananas,Bolivia (Plurinational State of),Sucre,RETAIL,1 unit,unit,0.06
2022-06-01,0.06,Bananas,Bolivia (Plurinational State of),Sucre,RETAIL,1 unit,unit,0.06
2022-07-01,0.06,Bananas,Bolivia (Plurinational State of),Sucre,RETAIL,1 unit,unit,0.06
2022-08-01,0.06,Bananas,Bolivia (Plurinational State of),Sucre,RETAIL,1 unit,unit,0.06
2022-09-01,0.06,Bananas,Bolivia (Plurinational State of),Sucre,RETAIL,1 unit,unit,0.06
2022-10-01,0.06,Bananas,Bolivia (Plurinational State of),Sucre,RETAIL,1 unit,unit,0.06
2022-11-01,0.06,Bananas,Bolivia (Plurinational State of),Sucre,RETAIL,1 unit,unit,0.06
2022-12-01,0.06,Bananas,Bolivia (Plurinational State of),Sucre,RETAIL,1 unit,unit,0.06
2023-01-01,0.06,Bananas,Bolivia (Plurinational State of),Sucre,RETAIL,1 unit,unit,0.06
2023-02-01,0.06,Bananas,Bolivia (Plurinational State of),Sucre,RETAIL,1 unit,unit,0.06
2023-03-01,0.06,Bananas,Bolivia (Plurinational State of),Sucre,RETAIL,1 unit,unit,0.06
2023-04-01,0.06,Bananas,Bolivia (Plurinational State of),Sucre,RETAIL,1 unit,unit,0.06
2023-05-01,0.06,Bananas,Bolivia (Plurinational State of),Sucre,RETAIL,1 unit,unit,0.06
2023-06-01,0.06,Bananas,Bolivia (Plurinational State of),Sucre,RETAIL,1 unit,unit,0.06
2023-07-01,0.06,Bananas,Bolivia (Plurinational State of),Sucre,RETAIL,1 unit,unit,0.06
2023-08-01,0.06,Bananas,Bolivia (Plurinational State of),Sucre,RETAIL,1 unit,unit,0.06
2023-09-01,0.06,Bananas,Bolivia (Plurinational State of),Sucre,RETAIL,1 unit,unit,0.06
2023-10-01,0.06,Bananas,Bolivia (Plurinational State of),Sucre,RETAIL,1 unit,unit,0.06
2023-11-01,0.06,Bananas,Bolivia (Plurinational State of),Sucre,RETAIL,1 unit,unit,0.06
2023-12-01,0.06,Bananas,Bolivia (Plurinational State of),Sucre,RETAIL,1 unit,unit,0.06
2024-01-01,0.06,Bananas,Bolivia (Plurinational State of),Sucre,RETAIL,1 unit,unit,0.06
2024-02-01,0.07,Bananas,Bolivia (Plurinational State of),Sucre,RETAIL,1 unit,unit,0.07
2024-03-01,0.06,Bananas,Bolivia (Plurinational State of),Sucre,RETAIL,1 unit,unit,0.06
2024-04-01,0.06,Bananas,Bolivia (Plurinational State of),Sucre,RETAIL,1 unit,unit,0.06
2024-05-01,0.06,Bananas,Bolivia (Plurinational State of),Sucre,RETAIL,1 unit,unit,0.06
2024-06-01,0.06,Bananas,Bolivia (Plurinational State of),Sucre,RETAIL,1 unit,unit,0.06
2024-07-01,0.06,Bananas,Bolivia (Plurinational State of),Sucre,RETAIL,1 unit,unit,0.06
2024-08-01,0.07,Bananas,Bolivia (Plurinational State of),Sucre,RETAIL,1 unit,unit,0.07
2024-09-01,0.07,Bananas,Bolivia (Plurinational State of),Sucre,RETAIL,1 unit,unit,0.07
2024-10-01,0.08,Bananas,Bolivia (Plurinational State of),Sucre,RETAIL,1 unit,unit,0.08
2024-11-01,0.1,Bananas,Bolivia (Plurinational State of),Sucre,RETAIL,1 unit,unit,0.1
2024-12-01,0.07,Bananas,Bolivia (Plurinational State of),Sucre,RETAIL,1 unit,unit,0.07
2025-01-01,0.07,Bananas,Bolivia (Plurinational State of),Sucre,RETAIL,1 unit,unit,0.07
2025-02-01,0.07,Bananas,Bolivia (Plurinational State of),Sucre,RETAIL,1 unit,unit,0.07
2025-03-01,0.07,Bananas,Bolivia (Plurinational State of),Sucre,RETAIL,1 unit,unit,0.07
2025-04-01,0.06,Bananas,Bolivia (Plurinational State of),Sucre,RETAIL,1 unit,unit,0.06
2025-05-01,0.07,Bananas,Bolivia (Plurinational State of),Sucre,RETAIL,1 unit,unit,0.07
2025-06-01,0.09,Bananas,Bolivia (Plurinational State of),Sucre,RETAIL,1 unit,unit,0.09
2025-07-01,0.11,Bananas,Bolivia (Plurinational State of),Sucre,RETAIL,1 unit,unit,0.11
2018-01-01,0.07,Bananas,Bolivia (Plurinational State of),Tarija,RETAIL,1 unit,unit,0.07
2018-02-01,0.07,Bananas,Bolivia (Plurinational State of),Tarija,RETAIL,1 unit,unit,0.07
2018-03-01,0.07,Bananas,Bolivia (Plurinational State of),Tarija,RETAIL,1 unit,unit,0.07
2018-04-01,0.07,Bananas,Bolivia (Plurinational State of),Tarija,RETAIL,1 unit,unit,0.07
2018-05-01,0.07,Bananas,Bolivia (Plurinational State of),Tarija,RETAIL,1 unit,unit,0.07
2018-06-01,0.07,Bananas,Bolivia (Plurinational State of),Tarija,RETAIL,1 unit,unit,0.07
2018-07-01,0.07,Bananas,Bolivia (Plurinational State of),Tarija,RETAIL,1 unit,unit,0.07
2018-08-01,0.08,Bananas,Bolivia (Plurinational State of),Tarija,RETAIL,1 unit,unit,0.08
2018-09-01,0.07,Bananas,Bolivia (Plurinational State of),Tarija,RETAIL,1 unit,unit,0.07
2018-10-01,0.08,Bananas,Bolivia (Plurinational State of),Tarija,RETAIL,1 unit,unit,0.08
2018-11-01,0.08,Bananas,Bolivia (Plurinational State of),Tarija,RETAIL,1 unit,unit,0.08
2018-12-01,0.08,Bananas,Bolivia (Plurinational State of),Tarija,RETAIL,1 unit,unit,0.08
2019-01-01,0.08,Bananas,Bolivia (Plurinational State of),Tarija,RETAIL,1 unit,unit,0.08
2019-02-01,0.08,Bananas,Bolivia (Plurinational State of),Tarija,RETAIL,1 unit,unit,0.08
2019-03-01,0.07,Bananas,Bolivia (Plurinational State of),Tarija,RETAIL,1 unit,unit,0.07
2019-04-01,0.07,Bananas,Bolivia (Plurinational State of),Tarija,RETAIL,1 unit,unit,0.07
2019-05-01,0.07,Bananas,Bolivia (Plurinational State of),Tarija,RETAIL,1 unit,unit,0.07
2019-06-01,0.07,Bananas,Bolivia (Plurinational State of),Tarija,RETAIL,1 unit,unit,0.07
2019-07-01,0.09,Bananas,Bolivia (Plurinational State of),Tarija,RETAIL,1 unit,unit,0.09
2019-08-01,0.09,Bananas,Bolivia (Plurinational State of),Tarija,RETAIL,1 unit,unit,0.09
2019-09-01,0.09,Bananas,Bolivia (Plurinational State of),Tarija,RETAIL,1 unit,unit,0.09
2019-10-01,0.09,Bananas,Bolivia (Plurinational State of),Tarija,RETAIL,1 unit,unit,0.09
2019-11-01,0.09,Bananas,Bolivia (Plurinational State of),Tarija,RETAIL,1 unit,unit,0.09
2019-12-01,0.09,Bananas,Bolivia (Plurinational State of),Tarija,RETAIL,1 unit,unit,0.09
2020-01-01,0.08,Bananas,Bolivia (Plurinational State of),Tarija,RETAIL,1 unit,unit,0.08
2020-02-01,0.08,Bananas,Bolivia (Plurinational State of),Tarija,RETAIL,1 unit,unit,0.08
2020-03-01,0.08,Bananas,Bolivia (Plurinational State of),Tarija,RETAIL,1 unit,unit,0.08
2020-04-01,0.08,Bananas,Bolivia (Plurinational State of),Tarija,RETAIL,1 unit,unit,0.08
2020-05-01,0.08,Bananas,Bolivia (Plurinational State of),Tarija,RETAIL,1 unit,unit,0.08
2020-06-01,0.08,Bananas,Bolivia (Plurinational State of),Tarija,RETAIL,1 unit,unit,0.08
2020-07-01,0.07,Bananas,Bolivia (Plurinational State of),Tarija,RETAIL,1 unit,unit,0.07
2020-08-01,0.08,Bananas,Bolivia (Plurinational State of),Tarija,RETAIL,1 unit,unit,0.08
2020-09-01,0.08,Bananas,Bolivia (Plurinational State of),Tarija,RETAIL,1 unit,unit,0.08
2020-10-01,0.07,Bananas,Bolivia (Plurinational State of),Tarija,RETAIL,1 unit,unit,0.07
2020-11-01,0.07,Bananas,Bolivia (Plurinational State of),Tarija,RETAIL,1 unit,unit,0.07
2020-12-01,0.07,Bananas,Bolivia (Plurinational State of),Tarija,RETAIL,1 unit,unit,0.07
2021-01-01,0.07,Bananas,Bolivia (Plurinational State of),Tarija,RETAIL,1 unit,unit,0.07
2021-02-01,0.07,Bananas,Bolivia (Plurinational State of),Tarija,RETAIL,1 unit,unit,0.07
2021-03-01,0.07,Bananas,Bolivia (Plurinational State of),Tarija,RETAIL,1 unit,unit,0.07
2021-04-01,0.07,Bananas,Bolivia (Plurinational State of),Tarija,RETAIL,1 unit,unit,0.07
2021-05-01,0.07,Bananas,Bolivia (Plurinational State of),Tarija,RETAIL,1 unit,unit,0.07
2021-06-01,0.07,Bananas,Bolivia (Plurinational State of),Tarija,RETAIL,1 unit,unit,0.07
2021-07-01,0.07,Bananas,Bolivia (Plurinational State of),Tarija,RETAIL,1 unit,unit,0.07
2021-08-01,0.07,Bananas,Bolivia (Plurinational State of),Tarija,RETAIL,1 unit,unit,0.07
2021-09-01,0.07,Bananas,Bolivia (Plurinational State of),Tarija,RETAIL,1 unit,unit,0.07
2021-10-01,0.07,Bananas,Bolivia (Plurinational State of),Tarija,RETAIL,1 unit,unit,0.07
2021-11-01,0.07,Bananas,Bolivia (Plurinational State of),Tarija,RETAIL,1 unit,unit,0.07
2021-12-01,0.07,Bananas,Bolivia (Plurinational State of),Tarija,RETAIL,1 unit,unit,0.07
2022-01-01,0.07,Bananas,Bolivia (Plurinational State of),Tarija,RETAIL,1 unit,unit,0.07
2022-02-01,0.07,Bananas,Bolivia (Plurinational State of),Tarija,RETAIL,1 unit,unit,0.07
2022-03-01,0.07,Bananas,Bolivia (Plurinational State of),Tarija,RETAIL,1 unit,unit,0.07
2022-04-01,0.07,Bananas,Bolivia (Plurinational State of),Tarija,RETAIL,1 unit,unit,0.07
2022-05-01,0.07,Bananas,Bolivia (Plurinational State of),Tarija,RETAIL,1 unit,unit,0.07
2022-06-01,0.07,Bananas,Bolivia (Plurinational State of),Tarija,RETAIL,1 unit,unit,0.07
2022-07-01,0.07,Bananas,Bolivia (Plurinational State of),Tarija,RETAIL,1 unit,unit,0.07
2022-08-01,0.07,Bananas,Bolivia (Plurinational State of),Tarija,RETAIL,1 unit,unit,0.07
2022-09-01,0.07,Bananas,Bolivia (Plurinational State of),Tarija,RETAIL,1 unit,unit,0.07
2022-10-01,0.07,Bananas,Bolivia (Plurinational State of),Tarija,RETAIL,1 unit,unit,0.07
2022-11-01,0.07,Bananas,Bolivia (Plurinational State of),Tarija,RETAIL,1 unit,unit,0.07
2022-12-01,0.07,Bananas,Bolivia (Plurinational State of),Tarija,RETAIL,1 unit,unit,0.07
2023-01-01,0.07,Bananas,Bolivia (Plurinational State of),Tarija,RETAIL,1 unit,unit,0.07
2023-02-01,0.07,Bananas,Bolivia (Plurinational State of),Tarija,RETAIL,1 unit,unit,0.07
2023-03-01,0.07,Bananas,Bolivia (Plurinational State of),Tarija,RETAIL,1 unit,unit,0.07
2023-04-01,0.07,Bananas,Bolivia (Plurinational State of),Tarija,RETAIL,1 unit,unit,0.07
2023-05-01,0.07,Bananas,Bolivia (Plurinational State of),Tarija,RETAIL,1 unit,unit,0.07
2023-06-01,0.07,Bananas,Bolivia (Plurinational State of),Tarija,RETAIL,1 unit,unit,0.07
2023-07-01,0.07,Bananas,Bolivia (Plurinational State of),Tarija,RETAIL,1 unit,unit,0.07
2023-08-01,0.07,Bananas,Bolivia (Plurinational State of),Tarija,RETAIL,1 unit,unit,0.07
2023-09-01,0.07,Bananas,Bolivia (Plurinational State of),Tarija,RETAIL,1 unit,unit,0.07
2023-10-01,0.07,Bananas,Bolivia (Plurinational State of),Tarija,RETAIL,1 unit,unit,0.07
2023-11-01,0.07,Bananas,Bolivia (Plurinational State of),Tarija,RETAIL,1 unit,unit,0.07
2023-12-01,0.07,Bananas,Bolivia (Plurinational State of),Tarija,RETAIL,1 unit,unit,0.07
2024-01-01,0.07,Bananas,Bolivia (Plurinational State of),Tarija,RETAIL,1 unit,unit,0.07
2024-02-01,0.08,Bananas,Bolivia (Plurinational State of),Tarija,RETAIL,1 unit,unit,0.08
2024-03-01,0.07,Bananas,Bolivia (Plurinational State of),Tarija,RETAIL,1 unit,unit,0.07
2024-04-01,0.07,Bananas,Bolivia (Plurinational State of),Tarija,RETAIL,1 unit,unit,0.07
2024-05-01,0.07,Bananas,Bolivia (Plurinational State of),Tarija,RETAIL,1 unit,unit,0.07
2024-06-01,0.07,Bananas,Bolivia (Plurinational State of),Tarija,RETAIL,1 unit,unit,0.07
2024-07-01,0.07,Bananas,Bolivia (Plurinational State of),Tarija,RETAIL,1 unit,unit,0.07
2024-08-01,0.09,Bananas,Bolivia (Plurinational State of),Tarija,RETAIL,1 unit,unit,0.09
2024-09-01,0.1,Bananas,Bolivia (Plurinational State of),Tarija,RETAIL,1 unit,unit,0.1
2024-10-01,0.1,Bananas,Bolivia (Plurinational State of),Tarija,RETAIL,1 unit,unit,0.1
2024-11-01,0.12,Bananas,Bolivia (Plurinational State of),Tarija,RETAIL,1 unit,unit,0.12
2024-12-01,0.08,Bananas,Bolivia (Plurinational State of),Tarija,RETAIL,1 unit,unit,0.08
2025-01-01,0.08,Bananas,Bolivia (Plurinational State of),Tarija,RETAIL,1 unit,unit,0.08
2025-02-01,0.08,Bananas,Bolivia (Plurinational State of),Tarija,RETAIL,1 unit,unit,0.08
2025-03-01,0.07,Bananas,Bolivia (Plurinational State of),Tarija,RETAIL,1 unit,unit,0.07
2025-04-01,0.08,Bananas,Bolivia (Plurinational State of),Tarija,RETAIL,1 unit,unit,0.08
2025-05-01,0.08,Bananas,Bolivia (Plurinational State of),Tarija,RETAIL,1 unit,unit,0.08
2025-06-01,0.11,Bananas,Bolivia (Plurinational State of),Tarija,RETAIL,1 unit,unit,0.11
2025-07-01,0.13,Bananas,Bolivia (Plurinational State of),Tarija,RETAIL,1 unit,unit,0.13
2018-01-01,0.09,Bananas,Bolivia (Plurinational State of),Trinidad,RETAIL,1 unit,unit,0.09
2018-02-01,0.09,Bananas,Bolivia (Plurinational State of),Trinidad,RETAIL,1 unit,unit,0.09
2018-03-01,0.09,Bananas,Bolivia (Plurinational State of),Trinidad,RETAIL,1 unit,unit,0.09
2018-04-01,0.08,Bananas,Bolivia (Plurinational State of),Trinidad,RETAIL,1 unit,unit,0.08
2018-05-01,0.08,Bananas,Bolivia (Plurinational State of),Trinidad,RETAIL,1 unit,unit,0.08
2018-06-01,0.09,Bananas,Bolivia (Plurinational State of),Trinidad,RETAIL,1 unit,unit,0.09
2018-07-01,0.08,Bananas,Bolivia (Plurinational State of),Trinidad,RETAIL,1 unit,unit,0.08
2018-08-01,0.09,Bananas,Bolivia (Plurinational State of),Trinidad,RETAIL,1 unit,unit,0.09
2018-09-01,0.08,Bananas,Bolivia (Plurinational State of),Trinidad,RETAIL,1 unit,unit,0.08
2018-10-01,0.09,Bananas,Bolivia (Plurinational State of),Trinidad,RETAIL,1 unit,unit,0.09
2018-11-01,0.09,Bananas,Bolivia (Plurinational State of),Trinidad,RETAIL,1 unit,unit,0.09
2018-12-01,0.09,Bananas,Bolivia (Plurinational State of),Trinidad,RETAIL,1 unit,unit,0.09
2019-01-01,0.09,Bananas,Bolivia (Plurinational State of),Trinidad,RETAIL,1 unit,unit,0.09
2019-02-01,0.09,Bananas,Bolivia (Plurinational State of),Trinidad,RETAIL,1 unit,unit,0.09
2019-03-01,0.09,Bananas,Bolivia (Plurinational State of),Trinidad,RETAIL,1 unit,unit,0.09
2019-04-01,0.09,Bananas,Bolivia (Plurinational State of),Trinidad,RETAIL,1 unit,unit,0.09
2019-05-01,0.08,Bananas,Bolivia (Plurinational State of),Trinidad,RETAIL,1 unit,unit,0.08
2019-06-01,0.08,Bananas,Bolivia (Plurinational State of),Trinidad,RETAIL,1 unit,unit,0.08
2019-07-01,0.09,Bananas,Bolivia (Plurinational State of),Trinidad,RETAIL,1 unit,unit,0.09
2019-08-01,0.09,Bananas,Bolivia (Plurinational State of),Trinidad,RETAIL,1 unit,unit,0.09
2019-09-01,0.08,Bananas,Bolivia (Plurinational State of),Trinidad,RETAIL,1 unit,unit,0.08
2019-10-01,0.08,Bananas,Bolivia (Plurinational State of),Trinidad,RETAIL,1 unit,unit,0.08
2019-11-01,0.12,Bananas,Bolivia (Plurinational State of),Trinidad,RETAIL,1 unit,unit,0.12
2019-12-01,0.09,Bananas,Bolivia (Plurinational State of),Trinidad,RETAIL,1 unit,unit,0.09
2020-01-01,0.09,Bananas,Bolivia (Plurinational State of),Trinidad,RETAIL,1 unit,unit,0.09
2020-02-01,0.09,Bananas,Bolivia (Plurinational State of),Trinidad,RETAIL,1 unit,unit,0.09
2020-03-01,0.09,Bananas,Bolivia (Plurinational State of),Trinidad,RETAIL,1 unit,unit,0.09
2020-04-01,0.09,Bananas,Bolivia (Plurinational State of),Trinidad,RETAIL,1 unit,unit,0.09
2020-05-01,0.09,Bananas,Bolivia (Plurinational State of),Trinidad,RETAIL,1 unit,unit,0.09
2020-06-01,0.1,Bananas,Bolivia (Plurinational State of),Trinidad,RETAIL,1 unit,unit,0.1
2020-07-01,0.09,Bananas,Bolivia (Plurinational State of),Trinidad,RETAIL,1 unit,unit,0.09
2020-08-01,0.09,Bananas,Bolivia (Plurinational State of),Trinidad,RETAIL,1 unit,unit,0.09
2020-09-01,0.1,Bananas,Bolivia (Plurinational State of),Trinidad,RETAIL,1 unit,unit,0.1
2020-10-01,0.09,Bananas,Bolivia (Plurinational State of),Trinidad,RETAIL,1 unit,unit,0.09
2020-11-01,0.09,Bananas,Bolivia (Plurinational State of),Trinidad,RETAIL,1 unit,unit,0.09
2020-12-01,0.08,Bananas,Bolivia (Plurinational State of),Trinidad,RETAIL,1 unit,unit,0.08
2021-01-01,0.09,Bananas,Bolivia (Plurinational State of),Trinidad,RETAIL,1 unit,unit,0.09
2021-02-01,0.09,Bananas,Bolivia (Plurinational State of),Trinidad,RETAIL,1 unit,unit,0.09
2021-03-01,0.07,Bananas,Bolivia (Plurinational State of),Trinidad,RETAIL,1 unit,unit,0.07
2021-04-01,0.08,Bananas,Bolivia (Plurinational State of),Trinidad,RETAIL,1 unit,unit,0.08
2021-05-01,0.08,Bananas,Bolivia (Plurinational State of),Trinidad,RETAIL,1 unit,unit,0.08
2021-06-01,0.09,Bananas,Bolivia (Plurinational State of),Trinidad,RETAIL,1 unit,unit,0.09
2021-07-01,0.09,Bananas,Bolivia (Plurinational State of),Trinidad,RETAIL,1 unit,unit,0.09
2021-08-01,0.09,Bananas,Bolivia (Plurinational State of),Trinidad,RETAIL,1 unit,unit,0.09
2021-09-01,0.09,Bananas,Bolivia (Plurinational State of),Trinidad,RETAIL,1 unit,unit,0.09
2021-10-01,0.09,Bananas,Bolivia (Plurinational State of),Trinidad,RETAIL,1 unit,unit,0.09
2021-11-01,0.09,Bananas,Bolivia (Plurinational State of),Trinidad,RETAIL,1 unit,unit,0.09
2021-12-01,0.09,Bananas,Bolivia (Plurinational State of),Trinidad,RETAIL,1 unit,unit,0.09
2022-01-01,0.09,Bananas,Bolivia (Plurinational State of),Trinidad,RETAIL,1 unit,unit,0.09
2022-02-01,0.09,Bananas,Bolivia (Plurinational State of),Trinidad,RETAIL,1 unit,unit,0.09
2022-03-01,0.09,Bananas,Bolivia (Plurinational State of),Trinidad,RETAIL,1 unit,unit,0.09
2022-04-01,0.08,Bananas,Bolivia (Plurinational State of),Trinidad,RETAIL,1 unit,unit,0.08
2022-05-01,0.08,Bananas,Bolivia (Plurinational State of),Trinidad,RETAIL,1 unit,unit,0.08
2022-06-01,0.09,Bananas,Bolivia (Plurinational State of),Trinidad,RETAIL,1 unit,unit,0.09
2022-07-01,0.09,Bananas,Bolivia (Plurinational State of),Trinidad,RETAIL,1 unit,unit,0.09
2022-08-01,0.09,Bananas,Bolivia (Plurinational State of),Trinidad,RETAIL,1 unit,unit,0.09
2022-09-01,0.09,Bananas,Bolivia (Plurinational State of),Trinidad,RETAIL,1 unit,unit,0.09
2022-10-01,0.09,Bananas,Bolivia (Plurinational State of),Trinidad,RETAIL,1 unit,unit,0.09
2022-11-01,0.09,Bananas,Bolivia (Plurinational State of),Trinidad,RETAIL,1 unit,unit,0.09
2022-12-01,0.09,Bananas,Bolivia (Plurinational State of),Trinidad,RETAIL,1 unit,unit,0.09
2023-01-01,0.09,Bananas,Bolivia (Plurinational State of),Trinidad,RETAIL,1 unit,unit,0.09
2023-02-01,0.09,Bananas,Bolivia (Plurinational State of),Trinidad,RETAIL,1 unit,unit,0.09
2023-03-01,0.09,Bananas,Bolivia (Plurinational State of),Trinidad,RETAIL,1 unit,unit,0.09
2023-04-01,0.08,Bananas,Bolivia (Plurinational State of),Trinidad,RETAIL,1 unit,unit,0.08
2023-05-01,0.1,Bananas,Bolivia (Plurinational State of),Trinidad,RETAIL,1 unit,unit,0.1
2023-06-01,0.1,Bananas,Bolivia (Plurinational State of),Trinidad,RETAIL,1 unit,unit,0.1
2023-07-01,0.09,Bananas,Bolivia (Plurinational State of),Trinidad,RETAIL,1 unit,unit,0.09
2023-08-01,0.1,Bananas,Bolivia (Plurinational State of),Trinidad,RETAIL,1 unit,unit,0.1
2023-09-01,0.09,Bananas,Bolivia (Plurinational State of),Trinidad,RETAIL,1 unit,unit,0.09
2023-10-01,0.1,Bananas,Bolivia (Plurinational State of),Trinidad,RETAIL,1 unit,unit,0.1
2023-11-01,0.1,Bananas,Bolivia (Plurinational State of),Trinidad,RETAIL,1 unit,unit,0.1
2023-12-01,0.09,Bananas,Bolivia (Plurinational State of),Trinidad,RETAIL,1 unit,unit,0.09
2024-01-01,0.1,Bananas,Bolivia (Plurinational State of),Trinidad,RETAIL,1 unit,unit,0.1
2024-02-01,0.09,Bananas,Bolivia (Plurinational State of),Trinidad,RETAIL,1 unit,unit,0.09
2024-03-01,0.1,Bananas,Bolivia (Plurinational State of),Trinidad,RETAIL,1 unit,unit,0.1
2024-04-01,0.09,Bananas,Bolivia (Plurinational State of),Trinidad,RETAIL,1 unit,unit,0.09
2024-05-01,0.08,Bananas,Bolivia (Plurinational State of),Trinidad,RETAIL,1 unit,unit,0.08
2024-06-01,0.1,Bananas,Bolivia (Plurinational State of),Trinidad,RETAIL,1 unit,unit,0.1
2024-07-01,0.09,Bananas,Bolivia (Plurinational State of),Trinidad,RETAIL,1 unit,unit,0.09
2024-08-01,0.09,Bananas,Bolivia (Plurinational State of),Trinidad,RETAIL,1 unit,unit,0.09
2024-09-01,0.1,Bananas,Bolivia (Plurinational State of),Trinidad,RETAIL,1 unit,unit,0.1
2024-10-01,0.1,Bananas,Bolivia (Plurinational State of),Trinidad,RETAIL,1 unit,unit,0.1
2024-11-01,0.1,Bananas,Bolivia (Plurinational State of),Trinidad,RETAIL,1 unit,unit,0.1
2024-12-01,0.1,Bananas,Bolivia (Plurinational State of),Trinidad,RETAIL,1 unit,unit,0.1
2025-01-01,0.09,Bananas,Bolivia (Plurinational State of),Trinidad,RETAIL,1 unit,unit,0.09
2025-02-01,0.09,Bananas,Bolivia (Plurinational State of),Trinidad,RETAIL,1 unit,unit,0.09
2025-03-01,0.09,Bananas,Bolivia (Plurinational State of),Trinidad,RETAIL,1 unit,unit,0.09
2025-04-01,0.1,Bananas,Bolivia (Plurinational State of),Trinidad,RETAIL,1 unit,unit,0.1
2025-05-01,0.1,Bananas,Bolivia (Plurinational State of),Trinidad,RETAIL,1 unit,unit,0.1
2025-06-01,0.1,Bananas,Bolivia (Plurinational State of),Trinidad,RETAIL,1 unit,unit,0.1
2025-07-01,0.13,Bananas,Bolivia (Plurinational State of),Trinidad,RETAIL,1 unit,unit,0.13
2025-01-01,0.83,Bananas,Côte d'Ivoire,Abidjan,RETAIL,Kg,kg,0.83
2025-02-01,0.83,Bananas,Côte d'Ivoire,Abidjan,RETAIL,Kg,kg,0.83
2025-03-01,0.98,Bananas,Côte d'Ivoire,Abidjan,RETAIL,Kg,kg,0.98
2025-04-01,0.6,Bananas,Côte d'Ivoire,Abidjan,RETAIL,Kg,kg,0.6
2025-05-01,1.02,Bananas,Côte d'Ivoire,Abidjan,RETAIL,Kg,kg,1.02
2025-06-01,0.98,Bananas,Côte d'Ivoire,Abidjan,RETAIL,Kg,kg,0.98
2025-07-01,1.08,Bananas,Côte d'Ivoire,Abidjan,RETAIL,Kg,kg,1.08
2025-08-01,1.16,Bananas,Côte d'Ivoire,Abidjan,RETAIL,Kg,kg,1.16
2025-09-01,0.99,Bananas,Côte d'Ivoire,Abidjan,RETAIL,Kg,kg,0.99
2025-01-01,0.83,Bananas,Côte d'Ivoire,Centre,RETAIL,Kg,kg,0.83
2025-02-01,0.47,Bananas,Côte d'Ivoire,Centre,RETAIL,Kg,kg,0.47
2025-03-01,0.58,Bananas,Côte d'Ivoire,Centre,RETAIL,Kg,kg,0.58
2025-04-01,0.32,Bananas,Côte d'Ivoire,Centre,RETAIL,Kg,kg,0.32
2025-05-01,0.6,Bananas,Côte d'Ivoire,Centre,RETAIL,Kg,kg,0.6
2025-06-01,0.59,Bananas,Côte d'Ivoire,Centre,RETAIL,Kg,kg,0.59
2025-07-01,0.66,Bananas,Côte d'Ivoire,Centre,RETAIL,Kg,kg,0.66
2025-08-01,0.63,Bananas,Côte d'Ivoire,Centre,RETAIL,Kg,kg,0.63
2025-09-01,0.68,Bananas,Côte d'Ivoire,Centre,RETAIL,Kg,kg,0.68
2025-01-01,0.83,Bananas,Côte d'Ivoire,Est,RETAIL,Kg,kg,0.83
2025-02-01,0.31,Bananas,Côte d'Ivoire,Est,RETAIL,Kg,kg,0.31
2025-03-01,0.33,Bananas,Côte d'Ivoire,Est,RETAIL,Kg,kg,0.33
2025-04-01,0.5,Bananas,Côte d'Ivoire,Est,RETAIL,Kg,kg,0.5
2025-05-01,0.34,Bananas,Côte d'Ivoire,Est,RETAIL,Kg,kg,0.34
2025-06-01,0.57,Bananas,Côte d'Ivoire,Est,RETAIL,Kg,kg,0.57
2025-07-01,0.61,Bananas,Côte d'Ivoire,Est,RETAIL,Kg,kg,0.61
2025-08-01,0.62,Bananas,Côte d'Ivoire,Est,RETAIL,Kg,kg,0.62
2025-09-01,0.54,Bananas,Côte d'Ivoire,Est,RETAIL,Kg,kg,0.54
2025-01-01,0.83,Bananas,Côte d'Ivoire,Lagunes,RETAIL,Kg,kg,0.83
2025-02-01,1.1,Bananas,Côte d'Ivoire,Lagunes,RETAIL,Kg,kg,1.1
2025-03-01,1.0,Bananas,Côte d'Ivoire,Lagunes,RETAIL,Kg,kg,1.0
2025-04-01,0.64,Bananas,Côte d'Ivoire,Lagunes,RETAIL,Kg,kg,0.64
2025-05-01,1.04,Bananas,Côte d'Ivoire,Lagunes,RETAIL,Kg,kg,1.04
2025-06-01,0.85,Bananas,Côte d'Ivoire,Lagunes,RETAIL,Kg,kg,0.85
2025-07-01,0.81,Bananas,Côte d'Ivoire,Lagunes,RETAIL,Kg,kg,0.81
2025-08-01,0.84,Bananas,Côte d'Ivoire,Lagunes,RETAIL,Kg,kg,0.84
2025-09-01,1.23,Bananas,Côte d'Ivoire,Lagunes,RETAIL,Kg,kg,1.23
2025-01-01,0.83,Bananas,Côte d'Ivoire,Nord,RETAIL,Kg,kg,0.83
2025-02-01,0.51,Bananas,Côte d'Ivoire,Nord,RETAIL,Kg,kg,0.51
2025-03-01,0.61,Bananas,Côte d'Ivoire,Nord,RETAIL,Kg,kg,0.61
2025-04-01,0.72,Bananas,Côte d'Ivoire,Nord,RETAIL,Kg,kg,0.72
2025-05-01,0.64,Bananas,Côte d'Ivoire,Nord,RETAIL,Kg,kg,0.64
2025-06-01,0.81,Bananas,Côte d'Ivoire,Nord,RETAIL,Kg,kg,0.81
2025-07-01,0.79,Bananas,Côte d'Ivoire,Nord,RETAIL,Kg,kg,0.79
2025-08-01,0.63,Bananas,Côte d'Ivoire,Nord,RETAIL,Kg,kg,0.63
2025-09-01,0.56,Bananas,Côte d'Ivoire,Nord,RETAIL,Kg,kg,0.56
2025-01-01,0.83,Bananas,Côte d'Ivoire,Ouest,RETAIL,Kg,kg,0.83
2025-02-01,0.37,Bananas,Côte d'Ivoire,Ouest,RETAIL,Kg,kg,0.37
2025-03-01,0.35,Bananas,Côte d'Ivoire,Ouest,RETAIL,Kg,kg,0.35
2025-04-01,0.34,Bananas,Côte d'Ivoire,Ouest,RETAIL,Kg,kg,0.34
2025-05-01,0.37,Bananas,Côte d'Ivoire,Ouest,RETAIL,Kg,kg,0.37
2025-06-01,0.54,Bananas,Côte d'Ivoire,Ouest,RETAIL,Kg,kg,0.54
2025-07-01,0.58,Bananas,Côte d'Ivoire,Ouest,RETAIL,Kg,kg,0.58
2025-08-01,0.47,Bananas,Côte d'Ivoire,Ouest,RETAIL,Kg,kg,0.47
2025-09-01,0.4,Bananas,Côte d'Ivoire,Ouest,RETAIL,Kg,kg,0.4
2025-01-01,0.83,Bananas,Côte d'Ivoire,Sud-Ouest,RETAIL,Kg,kg,0.83
2025-02-01,0.44,Bananas,Côte d'Ivoire,Sud-Ouest,RETAIL,Kg,kg,0.44
2025-03-01,0.59,Bananas,Côte d'Ivoire,Sud-Ouest,RETAIL,Kg,kg,0.59
2025-04-01,0.59,Bananas,Côte d'Ivoire,Sud-Ouest,RETAIL,Kg,kg,0.59
2025-05-01,0.62,Bananas,Côte d'Ivoire,Sud-Ouest,RETAIL,Kg,kg,0.62
2025-06-01,0.65,Bananas,Côte d'Ivoire,Sud-Ouest,RETAIL,Kg,kg,0.65
2025-07-01,0.64,Bananas,Côte d'Ivoire,Sud-Ouest,RETAIL,Kg,kg,0.64
2025-08-01,0.61,Bananas,Côte d'Ivoire,Sud-Ouest,RETAIL,Kg,kg,0.61
2025-09-01,0.6,Bananas,Côte d'Ivoire,Sud-Ouest,RETAIL,Kg,kg,0.6
2014-12-01,0.25,Bananas,Ecuador,Guayaquil,WHOLESALE,Kg,kg,0.25
2015-01-01,0.23,Bananas,Ecuador,Guayaquil,WHOLESALE,Kg,kg,0.23
2015-02-01,0.23,Bananas,Ecuador,Guayaquil,WHOLESALE,Kg,kg,0.23
2015-03-01,0.22,Bananas,Ecuador,Guayaquil,WHOLESALE,Kg,kg,0.22
2015-04-01,0.22,Bananas,Ecuador,Guayaquil,WHOLESALE,Kg,kg,0.22
2015-05-01,0.22,Bananas,Ecuador,Guayaquil,WHOLESALE,Kg,kg,0.22
2015-06-01,0.22,Bananas,Ecuador,Guayaquil,WHOLESALE,Kg,kg,0.22
2015-07-01,0.25,Bananas,Ecuador,Guayaquil,WHOLESALE,Kg,kg,0.25
2015-08-01,0.29,Bananas,Ecuador,Guayaquil,WHOLESALE,Kg,kg,0.29
2015-09-01,0.29,Bananas,Ecuador,Guayaquil,WHOLESALE,Kg,kg,0.29
2015-10-01,0.27,Bananas,Ecuador,Guayaquil,WHOLESALE,Kg,kg,0.27
2015-11-01,0.25,Bananas,Ecuador,Guayaquil,WHOLESALE,Kg,kg,0.25
2015-12-01,0.25,Bananas,Ecuador,Guayaquil,WHOLESALE,Kg,kg,0.25
2016-01-01,0.23,Bananas,Ecuador,Guayaquil,WHOLESALE,Kg,kg,0.23
2016-02-01,0.21,Bananas,Ecuador,Guayaquil,WHOLESALE,Kg,kg,0.21
2016-03-01,0.2,Bananas,Ecuador,Guayaquil,WHOLESALE,Kg,kg,0.2
2016-04-01,0.22,Bananas,Ecuador,Guayaquil,WHOLESALE,Kg,kg,0.22
2016-05-01,0.22,Bananas,Ecuador,Guayaquil,WHOLESALE,Kg,kg,0.22
2016-06-01,0.24,Bananas,Ecuador,Guayaquil,WHOLESALE,Kg,kg,0.24
2016-07-01,0.27,Bananas,Ecuador,Guayaquil,WHOLESALE,Kg,kg,0.27
2016-08-01,0.28,Bananas,Ecuador,Guayaquil,WHOLESALE,Kg,kg,0.28
2016-09-01,0.29,Bananas,Ecuador,Guayaquil,WHOLESALE,Kg,kg,0.29
2016-10-01,0.28,Bananas,Ecuador,Guayaquil,WHOLESALE,Kg,kg,0.28
2016-11-01,0.31,Bananas,Ecuador,Guayaquil,WHOLESALE,Kg,kg,0.31
2016-12-01,0.28,Bananas,Ecuador,Guayaquil,WHOLESALE,Kg,kg,0.28
2017-01-01,0.25,Bananas,Ecuador,Guayaquil,WHOLESALE,Kg,kg,0.25
2017-02-01,0.24,Bananas,Ecuador,Guayaquil,WHOLESALE,Kg,kg,0.24
2017-03-01,0.22,Bananas,Ecuador,Guayaquil,WHOLESALE,Kg,kg,0.22
2017-04-01,0.26,Bananas,Ecuador,Guayaquil,WHOLESALE,Kg,kg,0.26
2017-05-01,0.29,Bananas,Ecuador,Guayaquil,WHOLESALE,Kg,kg,0.29
2017-06-01,0.31,Bananas,Ecuador,Guayaquil,WHOLESALE,Kg,kg,0.31
2017-07-01,0.38,Bananas,Ecuador,Guayaquil,WHOLESALE,Kg,kg,0.38
2017-08-01,0.38,Bananas,Ecuador,Guayaquil,WHOLESALE,Kg,kg,0.38
2017-09-01,0.42,Bananas,Ecuador,Guayaquil,WHOLESALE,Kg,kg,0.42
2017-10-01,0.36,Bananas,Ecuador,Guayaquil,WHOLESALE,Kg,kg,0.36
2017-11-01,0.35,Bananas,Ecuador,Guayaquil,WHOLESALE,Kg,kg,0.35
2017-12-01,0.34,Bananas,Ecuador,Guayaquil,WHOLESALE,Kg,kg,0.34
2018-01-01,0.25,Bananas,Ecuador,Guayaquil,WHOLESALE,Kg,kg,0.25
2018-02-01,0.22,Bananas,Ecuador,Guayaquil,WHOLESALE,Kg,kg,0.22
2018-03-01,0.2,Bananas,Ecuador,Guayaquil,WHOLESALE,Kg,kg,0.2
2018-04-01,0.19,Bananas,Ecuador,Guayaquil,WHOLESALE,Kg,kg,0.19
2018-05-01,0.18,Bananas,Ecuador,Guayaquil,WHOLESALE,Kg,kg,0.18
2018-06-01,0.2,Bananas,Ecuador,Guayaquil,WHOLESALE,Kg,kg,0.2
2018-07-01,0.25,Bananas,Ecuador,Guayaquil,WHOLESALE,Kg,kg,0.25
2018-08-01,0.29,Bananas,Ecuador,Guayaquil,WHOLESALE,Kg,kg,0.29
2018-09-01,0.22,Bananas,Ecuador,Guayaquil,WHOLESALE,Kg,kg,0.22
2018-10-01,0.23,Bananas,Ecuador,Guayaquil,WHOLESALE,Kg,kg,0.23
2018-11-01,0.22,Bananas,Ecuador,Guayaquil,WHOLESALE,Kg,kg,0.22
2018-12-01,0.23,Bananas,Ecuador,Guayaquil,WHOLESALE,Kg,kg,0.23
2019-01-01,0.19,Bananas,Ecuador,Guayaquil,WHOLESALE,Kg,kg,0.19
2019-02-01,0.18,Bananas,Ecuador,Guayaquil,WHOLESALE,Kg,kg,0.18
2019-03-01,0.19,Bananas,Ecuador,Guayaquil,WHOLESALE,Kg,kg,0.19
2019-04-01,0.23,Bananas,Ecuador,Guayaquil,WHOLESALE,Kg,kg,0.23
2019-05-01,0.25,Bananas,Ecuador,Guayaquil,WHOLESALE,Kg,kg,0.25
2019-06-01,0.25,Bananas,Ecuador,Guayaquil,WHOLESALE,Kg,kg,0.25
2019-07-01,0.26,Bananas,Ecuador,Guayaquil,WHOLESALE,Kg,kg,0.26
2019-08-01,0.3,Bananas,Ecuador,Guayaquil,WHOLESALE,Kg,kg,0.3
2019-09-01,0.33,Bananas,Ecuador,Guayaquil,WHOLESALE,Kg,kg,0.33
2019-10-01,0.34,Bananas,Ecuador,Guayaquil,WHOLESALE,Kg,kg,0.34
2019-11-01,0.29,Bananas,Ecuador,Guayaquil,WHOLESALE,Kg,kg,0.29
2019-12-01,0.27,Bananas,Ecuador,Guayaquil,WHOLESALE,Kg,kg,0.27
2020-01-01,0.19,Bananas,Ecuador,Guayaquil,WHOLESALE,Kg,kg,0.19
2020-02-01,0.17,Bananas,Ecuador,Guayaquil,WHOLESALE,Kg,kg,0.17
2020-03-01,0.2,Bananas,Ecuador,Guayaquil,WHOLESALE,Kg,kg,0.2
2020-04-01,0.2,Bananas,Ecuador,Guayaquil,WHOLESALE,Kg,kg,0.2
2020-05-01,0.23,Bananas,Ecuador,Guayaquil,WHOLESALE,Kg,kg,0.23
2020-06-01,0.25,Bananas,Ecuador,Guayaquil,WHOLESALE,Kg,kg,0.25
2020-07-01,0.25,Bananas,Ecuador,Guayaquil,WHOLESALE,Kg,kg,0.25
2020-08-01,0.29,Bananas,Ecuador,Guayaquil,WHOLESALE,Kg,kg,0.29
2020-09-01,0.31,Bananas,Ecuador,Guayaquil,WHOLESALE,Kg,kg,0.31
2020-10-01,0.29,Bananas,Ecuador,Guayaquil,WHOLESALE,Kg,kg,0.29
2020-11-01,0.26,Bananas,Ecuador,Guayaquil,WHOLESALE,Kg,kg,0.26
2020-12-01,0.23,Bananas,Ecuador,Guayaquil,WHOLESALE,Kg,kg,0.23
2021-01-01,0.21,Bananas,Ecuador,Guayaquil,WHOLESALE,Kg,kg,0.21
2021-02-01,0.18,Bananas,Ecuador,Guayaquil,WHOLESALE,Kg,kg,0.18
2021-03-01,0.2,Bananas,Ecuador,Guayaquil,WHOLESALE,Kg,kg,0.2
2021-04-01,0.21,Bananas,Ecuador,Guayaquil,WHOLESALE,Kg,kg,0.21
2021-05-01,0.26,Bananas,Ecuador,Guayaquil,WHOLESALE,Kg,kg,0.26
2021-06-01,0.27,Bananas,Ecuador,Guayaquil,WHOLESALE,Kg,kg,0.27
2021-07-01,0.26,Bananas,Ecuador,Guayaquil,WHOLESALE,Kg,kg,0.26
2021-08-01,0.28,Bananas,Ecuador,Guayaquil,WHOLESALE,Kg,kg,0.28
2021-09-01,0.29,Bananas,Ecuador,Guayaquil,WHOLESALE,Kg,kg,0.29
2021-10-01,0.29,Bananas,Ecuador,Guayaquil,WHOLESALE,Kg,kg,0.29
2021-11-01,0.29,Bananas,Ecuador,Guayaquil,WHOLESALE,Kg,kg,0.29
2021-12-01,0.3,Bananas,Ecuador,Guayaquil,WHOLESALE,Kg,kg,0.3
2022-01-01,0.25,Bananas,Ecuador,Guayaquil,WHOLESALE,Kg,kg,0.25
2022-02-01,0.23,Bananas,Ecuador,Guayaquil,WHOLESALE,Kg,kg,0.23
2022-03-01,0.23,Bananas,Ecuador,Guayaquil,WHOLESALE,Kg,kg,0.23
2022-04-01,0.22,Bananas,Ecuador,Guayaquil,WHOLESALE,Kg,kg,0.22
2022-05-01,0.22,Bananas,Ecuador,Guayaquil,WHOLESALE,Kg,kg,0.22
2022-06-01,0.24,Bananas,Ecuador,Guayaquil,WHOLESALE,Kg,kg,0.24
2022-07-01,0.27,Bananas,Ecuador,Guayaquil,WHOLESALE,Kg,kg,0.27
2022-08-01,0.33,Bananas,Ecuador,Guayaquil,WHOLESALE,Kg,kg,0.33
2022-09-01,0.33,Bananas,Ecuador,Guayaquil,WHOLESALE,Kg,kg,0.33
2022-10-01,0.31,Bananas,Ecuador,Guayaquil,WHOLESALE,Kg,kg,0.31
2022-11-01,0.33,Bananas,Ecuador,Guayaquil,WHOLESALE,Kg,kg,0.33
2022-12-01,0.35,Bananas,Ecuador,Guayaquil,WHOLESALE,Kg,kg,0.35
2023-01-01,0.27,Bananas,Ecuador,Guayaquil,WHOLESALE,Kg,kg,0.27
2023-02-01,0.23,Bananas,Ecuador,Guayaquil,WHOLESALE,Kg,kg,0.23
2023-03-01,0.2,Bananas,Ecuador,Guayaquil,WHOLESALE,Kg,kg,0.2
2023-04-01,0.22,Bananas,Ecuador,Guayaquil,WHOLESALE,Kg,kg,0.22
2023-05-01,0.24,Bananas,Ecuador,Guayaquil,WHOLESALE,Kg,kg,0.24
2023-06-01,0.32,Bananas,Ecuador,Guayaquil,WHOLESALE,Kg,kg,0.32
2023-07-01,0.33,Bananas,Ecuador,Guayaquil,WHOLESALE,Kg,kg,0.33
2023-08-01,0.36,Bananas,Ecuador,Guayaquil,WHOLESALE,Kg,kg,0.36
2023-09-01,0.34,Bananas,Ecuador,Guayaquil,WHOLESALE,Kg,kg,0.34
2023-10-01,0.34,Bananas,Ecuador,Guayaquil,WHOLESALE,Kg,kg,0.34
2023-11-01,0.29,Bananas,Ecuador,Guayaquil,WHOLESALE,Kg,kg,0.29
2023-12-01,0.29,Bananas,Ecuador,Guayaquil,WHOLESALE,Kg,kg,0.29
2024-01-01,0.25,Bananas,Ecuador,Guayaquil,WHOLESALE,Kg,kg,0.25
2024-02-01,0.21,Bananas,Ecuador,Guayaquil,WHOLESALE,Kg,kg,0.21
2024-03-01,0.21,Bananas,Ecuador,Guayaquil,WHOLESALE,Kg,kg,0.21
2024-04-01,0.23,Bananas,Ecuador,Guayaquil,WHOLESALE,Kg,kg,0.23
2024-05-01,0.23,Bananas,Ecuador,Guayaquil,WHOLESALE,Kg,kg,0.23
2024-06-01,0.26,Bananas,Ecuador,Guayaquil,WHOLESALE,Kg,kg,0.26
2024-07-01,0.29,Bananas,Ecuador,Guayaquil,WHOLESALE,Kg,kg,0.29
2024-08-01,0.3,Bananas,Ecuador,Guayaquil,WHOLESALE,Kg,kg,0.3
2024-09-01,0.3,Bananas,Ecuador,Guayaquil,WHOLESALE,Kg,kg,0.3
2024-10-01,0.3,Bananas,Ecuador,Guayaquil,WHOLESALE,Kg,kg,0.3
2024-11-01,0.3,Bananas,Ecuador,Guayaquil,WHOLESALE,Kg,kg,0.3
2024-12-01,0.26,Bananas,Ecuador,Guayaquil,WHOLESALE,Kg,kg,0.26
2025-01-01,0.22,Bananas,Ecuador,Guayaquil,WHOLESALE,Kg,kg,0.22
2025-02-01,0.22,Bananas,Ecuador,Guayaquil,WHOLESALE,Kg,kg,0.22
2025-03-01,0.24,Bananas,Ecuador,Guayaquil,WHOLESALE,Kg,kg,0.24
2025-04-01,0.29,Bananas,Ecuador,Guayaquil,WHOLESALE,Kg,kg,0.29
2025-05-01,0.37,Bananas,Ecuador,Guayaquil,WHOLESALE,Kg,kg,0.37
2025-06-01,0.37,Bananas,Ecuador,Guayaquil,WHOLESALE,Kg,kg,0.37
2025-07-01,0.4,Bananas,Ecuador,Guayaquil,WHOLESALE,Kg,kg,0.4
2025-08-01,0.42,Bananas,Ecuador,Guayaquil,WHOLESALE,Kg,kg,0.42
2025-09-01,0.82,Bananas,Ecuador,Guayaquil,WHOLESALE,Kg,kg,0.82
2025-10-01,0.79,Bananas,Ecuador,Guayaquil,WHOLESALE,Kg,kg,0.79
2015-05-01,0.19,Bananas,Ecuador,Quito,WHOLESALE,Kg,kg,0.19
2015-06-01,0.2,Bananas,Ecuador,Quito,WHOLESALE,Kg,kg,0.2
2015-07-01,0.24,Bananas,Ecuador,Quito,WHOLESALE,Kg,kg,0.24
2015-08-01,0.23,Bananas,Ecuador,Quito,WHOLESALE,Kg,kg,0.23
2015-09-01,0.24,Bananas,Ecuador,Quito,WHOLESALE,Kg,kg,0.24
2015-10-01,0.26,Bananas,Ecuador,Quito,WHOLESALE,Kg,kg,0.26
2015-11-01,0.27,Bananas,Ecuador,Quito,WHOLESALE,Kg,kg,0.27
2015-12-01,0.25,Bananas,Ecuador,Quito,WHOLESALE,Kg,kg,0.25
2016-01-01,0.22,Bananas,Ecuador,Quito,WHOLESALE,Kg,kg,0.22
2016-02-01,0.23,Bananas,Ecuador,Quito,WHOLESALE,Kg,kg,0.23
2016-03-01,0.23,Bananas,Ecuador,Quito,WHOLESALE,Kg,kg,0.23
2016-04-01,0.2,Bananas,Ecuador,Quito,WHOLESALE,Kg,kg,0.2
2016-05-01,0.19,Bananas,Ecuador,Quito,WHOLESALE,Kg,kg,0.19
2016-06-01,0.18,Bananas,Ecuador,Quito,WHOLESALE,Kg,kg,0.18
2016-07-01,0.22,Bananas,Ecuador,Quito,WHOLESALE,Kg,kg,0.22
2016-08-01,0.24,Bananas,Ecuador,Quito,WHOLESALE,Kg,kg,0.24
2016-09-01,0.27,Bananas,Ecuador,Quito,WHOLESALE,Kg,kg,0.27
2016-10-01,0.34,Bananas,Ecuador,Quito,WHOLESALE,Kg,kg,0.34
2016-11-01,0.34,Bananas,Ecuador,Quito,WHOLESALE,Kg,kg,0.34
2016-12-01,0.34,Bananas,Ecuador,Quito,WHOLESALE,Kg,kg,0.34
2017-01-01,0.42,Bananas,Ecuador,Quito,WHOLESALE,Kg,kg,0.42
2017-02-01,0.37,Bananas,Ecuador,Quito,WHOLESALE,Kg,kg,0.37
2017-03-01,0.25,Bananas,Ecuador,Quito,WHOLESALE,Kg,kg,0.25
2017-04-01,0.26,Bananas,Ecuador,Quito,WHOLESALE,Kg,kg,0.26
2017-05-01,0.36,Bananas,Ecuador,Quito,WHOLESALE,Kg,kg,0.36
2017-06-01,0.33,Bananas,Ecuador,Quito,WHOLESALE,Kg,kg,0.33
2017-07-01,0.35,Bananas,Ecuador,Quito,WHOLESALE,Kg,kg,0.35
2017-08-01,0.33,Bananas,Ecuador,Quito,WHOLESALE,Kg,kg,0.33
2017-09-01,0.63,Bananas,Ecuador,Quito,WHOLESALE,Kg,kg,0.63
2017-10-01,0.65,Bananas,Ecuador,Quito,WHOLESALE,Kg,kg,0.65
2017-11-01,0.56,Bananas,Ecuador,Quito,WHOLESALE,Kg,kg,0.56
2017-12-01,0.52,Bananas,Ecuador,Quito,WHOLESALE,Kg,kg,0.52
2018-01-01,0.45,Bananas,Ecuador,Quito,WHOLESALE,Kg,kg,0.45
2018-02-01,0.32,Bananas,Ecuador,Quito,WHOLESALE,Kg,kg,0.32
2018-03-01,0.3,Bananas,Ecuador,Quito,WHOLESALE,Kg,kg,0.3
2018-04-01,0.27,Bananas,Ecuador,Quito,WHOLESALE,Kg,kg,0.27
2018-05-01,0.27,Bananas,Ecuador,Quito,WHOLESALE,Kg,kg,0.27
2018-06-01,0.29,Bananas,Ecuador,Quito,WHOLESALE,Kg,kg,0.29
2018-07-01,0.31,Bananas,Ecuador,Quito,WHOLESALE,Kg,kg,0.31
2018-08-01,0.4,Bananas,Ecuador,Quito,WHOLESALE,Kg,kg,0.4
2018-09-01,0.37,Bananas,Ecuador,Quito,WHOLESALE,Kg,kg,0.37
2018-10-01,0.34,Bananas,Ecuador,Quito,WHOLESALE,Kg,kg,0.34
2018-11-01,0.36,Bananas,Ecuador,Quito,WHOLESALE,Kg,kg,0.36
2018-12-01,0.36,Bananas,Ecuador,Quito,WHOLESALE,Kg,kg,0.36
2019-01-01,0.29,Bananas,Ecuador,Quito,WHOLESALE,Kg,kg,0.29
2019-02-01,0.23,Bananas,Ecuador,Quito,WHOLESALE,Kg,kg,0.23
2019-03-01,0.25,Bananas,Ecuador,Quito,WHOLESALE,Kg,kg,0.25
2019-04-01,0.28,Bananas,Ecuador,Quito,WHOLESALE,Kg,kg,0.28
2019-05-01,0.29,Bananas,Ecuador,Quito,WHOLESALE,Kg,kg,0.29
2019-06-01,0.36,Bananas,Ecuador,Quito,WHOLESALE,Kg,kg,0.36
2019-07-01,0.42,Bananas,Ecuador,Quito,WHOLESALE,Kg,kg,0.42
2019-08-01,0.51,Bananas,Ecuador,Quito,WHOLESALE,Kg,kg,0.51
2019-09-01,0.54,Bananas,Ecuador,Quito,WHOLESALE,Kg,kg,0.54
2019-10-01,0.51,Bananas,Ecuador,Quito,WHOLESALE,Kg,kg,0.51
2019-11-01,0.47,Bananas,Ecuador,Quito,WHOLESALE,Kg,kg,0.47
2019-12-01,0.4,Bananas,Ecuador,Quito,WHOLESALE,Kg,kg,0.4
2020-01-01,0.31,Bananas,Ecuador,Quito,WHOLESALE,Kg,kg,0.31
2020-02-01,0.29,Bananas,Ecuador,Quito,WHOLESALE,Kg,kg,0.29
2020-03-01,0.33,Bananas,Ecuador,Quito,WHOLESALE,Kg,kg,0.33
2020-04-01,0.32,Bananas,Ecuador,Quito,WHOLESALE,Kg,kg,0.32
2020-05-01,0.25,Bananas,Ecuador,Quito,WHOLESALE,Kg,kg,0.25
2020-06-01,0.23,Bananas,Ecuador,Quito,WHOLESALE,Kg,kg,0.23
2020-07-01,0.25,Bananas,Ecuador,Quito,WHOLESALE,Kg,kg,0.25
2020-08-01,0.26,Bananas,Ecuador,Quito,WHOLESALE,Kg,kg,0.26
2020-09-01,0.28,Bananas,Ecuador,Quito,WHOLESALE,Kg,kg,0.28
2020-10-01,0.26,Bananas,Ecuador,Quito,WHOLESALE,Kg,kg,0.26
2020-11-01,0.28,Bananas,Ecuador,Quito,WHOLESALE,Kg,kg,0.28
2020-12-01,0.25,Bananas,Ecuador,Quito,WHOLESALE,Kg,kg,0.25
2021-01-01,0.26,Bananas,Ecuador,Quito,WHOLESALE,Kg,kg,0.26
2021-02-01,0.23,Bananas,Ecuador,Quito,WHOLESALE,Kg,kg,0.23
2021-03-01,0.22,Bananas,Ecuador,Quito,WHOLESALE,Kg,kg,0.22
2021-04-01,0.21,Bananas,Ecuador,Quito,WHOLESALE,Kg,kg,0.21
2021-05-01,0.24,Bananas,Ecuador,Quito,WHOLESALE,Kg,kg,0.24
2021-06-01,0.26,Bananas,Ecuador,Quito,WHOLESALE,Kg,kg,0.26
2021-07-01,0.28,Bananas,Ecuador,Quito,WHOLESALE,Kg,kg,0.28
2021-08-01,0.29,Bananas,Ecuador,Quito,WHOLESALE,Kg,kg,0.29
2021-09-01,0.36,Bananas,Ecuador,Quito,WHOLESALE,Kg,kg,0.36
2021-10-01,0.35,Bananas,Ecuador,Quito,WHOLESALE,Kg,kg,0.35
2021-11-01,0.31,Bananas,Ecuador,Quito,WHOLESALE,Kg,kg,0.31
2021-12-01,0.32,Bananas,Ecuador,Quito,WHOLESALE,Kg,kg,0.32
2022-01-01,0.31,Bananas,Ecuador,Quito,WHOLESALE,Kg,kg,0.31
2022-02-01,0.29,Bananas,Ecuador,Quito,WHOLESALE,Kg,kg,0.29
2022-03-01,0.25,Bananas,Ecuador,Quito,WHOLESALE,Kg,kg,0.25
2022-04-01,0.22,Bananas,Ecuador,Quito,WHOLESALE,Kg,kg,0.22
2022-05-01,0.25,Bananas,Ecuador,Quito,WHOLESALE,Kg,kg,0.25
2022-06-01,0.3,Bananas,Ecuador,Quito,WHOLESALE,Kg,kg,0.3
2022-07-01,0.3,Bananas,Ecuador,Quito,WHOLESALE,Kg,kg,0.3
2022-08-01,0.34,Bananas,Ecuador,Quito,WHOLESALE,Kg,kg,0.34
2022-09-01,0.38,Bananas,Ecuador,Quito,WHOLESALE,Kg,kg,0.38
2022-10-01,0.41,Bananas,Ecuador,Quito,WHOLESALE,Kg,kg,0.41
2022-11-01,0.48,Bananas,Ecuador,Quito,WHOLESALE,Kg,kg,0.48
2022-12-01,0.44,Bananas,Ecuador,Quito,WHOLESALE,Kg,kg,0.44
2023-01-01,0.41,Bananas,Ecuador,Quito,WHOLESALE,Kg,kg,0.41
2023-02-01,0.35,Bananas,Ecuador,Quito,WHOLESALE,Kg,kg,0.35
2023-03-01,0.36,Bananas,Ecuador,Quito,WHOLESALE,Kg,kg,0.36
2023-04-01,0.39,Bananas,Ecuador,Quito,WHOLESALE,Kg,kg,0.39
2023-05-01,0.43,Bananas,Ecuador,Quito,WHOLESALE,Kg,kg,0.43
2023-06-01,0.46,Bananas,Ecuador,Quito,WHOLESALE,Kg,kg,0.46
2023-07-01,0.39,Bananas,Ecuador,Quito,WHOLESALE,Kg,kg,0.39
2023-08-01,0.41,Bananas,Ecuador,Quito,WHOLESALE,Kg,kg,0.41
2023-09-01,0.53,Bananas,Ecuador,Quito,WHOLESALE,Kg,kg,0.53
2023-10-01,0.51,Bananas,Ecuador,Quito,WHOLESALE,Kg,kg,0.51
2023-11-01,0.48,Bananas,Ecuador,Quito,WHOLESALE,Kg,kg,0.48
2023-12-01,0.34,Bananas,Ecuador,Quito,WHOLESALE,Kg,kg,0.34
2024-01-01,0.33,Bananas,Ecuador,Quito,WHOLESALE,Kg,kg,0.33
2024-02-01,0.25,Bananas,Ecuador,Quito,WHOLESALE,Kg,kg,0.25
2024-03-01,0.22,Bananas,Ecuador,Quito,WHOLESALE,Kg,kg,0.22
2024-04-01,0.24,Bananas,Ecuador,Quito,WHOLESALE,Kg,kg,0.24
2024-05-01,0.22,Bananas,Ecuador,Quito,WHOLESALE,Kg,kg,0.22
2024-06-01,0.27,Bananas,Ecuador,Quito,WHOLESALE,Kg,kg,0.27
2024-07-01,0.3,Bananas,Ecuador,Quito,WHOLESALE,Kg,kg,0.3
2024-08-01,0.32,Bananas,Ecuador,Quito,WHOLESALE,Kg,kg,0.32
2024-09-01,0.32,Bananas,Ecuador,Quito,WHOLESALE,Kg,kg,0.32
2024-10-01,0.32,Bananas,Ecuador,Quito,WHOLESALE,Kg,kg,0.32
2024-11-01,0.26,Bananas,Ecuador,Quito,WHOLESALE,Kg,kg,0.26
2024-12-01,0.27,Bananas,Ecuador,Quito,WHOLESALE,Kg,kg,0.27
2025-01-01,0.26,Bananas,Ecuador,Quito,WHOLESALE,Kg,kg,0.26
2025-02-01,0.25,Bananas,Ecuador,Quito,WHOLESALE,Kg,kg,0.25
2025-03-01,0.32,Bananas,Ecuador,Quito,WHOLESALE,Kg,kg,0.32
2025-04-01,0.36,Bananas,Ecuador,Quito,WHOLESALE,Kg,kg,0.36
2025-05-01,0.49,Bananas,Ecuador,Quito,WHOLESALE,Kg,kg,0.49
2025-06-01,0.65,Bananas,Ecuador,Quito,WHOLESALE,Kg,kg,0.65
2025-07-01,0.7,Bananas,Ecuador,Quito,WHOLESALE,Kg,kg,0.7
2025-08-01,0.83,Bananas,Ecuador,Quito,WHOLESALE,Kg,kg,0.83
2025-09-01,0.7,Bananas,Ecuador,Quito,WHOLESALE,Kg,kg,0.7
2025-10-01,0.69,Bananas,Ecuador,Quito,WHOLESALE,Kg,kg,0.69
2020-10-01,0.93,Bananas,Egypt,National Average,RETAIL,Kg,kg,0.93
2020-11-01,0.88,Bananas,Egypt,National Average,RETAIL,Kg,kg,0.88
2020-12-01,0.78,Bananas,Egypt,National Average,RETAIL,Kg,kg,0.78
2021-01-01,0.72,Bananas,Egypt,National Average,RETAIL,Kg,kg,0.72
2021-02-01,0.7,Bananas,Egypt,National Average,RETAIL,Kg,kg,0.7
2021-03-01,0.69,Bananas,Egypt,National Average,RETAIL,Kg,kg,0.69
2021-04-01,0.69,Bananas,Egypt,National Average,RETAIL,Kg,kg,0.69
2021-05-01,0.71,Bananas,Egypt,National Average,RETAIL,Kg,kg,0.71
2021-06-01,,Bananas,Egypt,National Average,RETAIL,Kg,kg,
2021-07-01,,Bananas,Egypt,National Average,RETAIL,Kg,kg,
2021-08-01,,Bananas,Egypt,National Average,RETAIL,Kg,kg,
2021-09-01,,Bananas,Egypt,National Average,RETAIL,Kg,kg,
2021-10-01,0.88,Bananas,Egypt,National Average,RETAIL,Kg,kg,0.88
2021-11-01,0.79,Bananas,Egypt,National Average,RETAIL,Kg,kg,0.79
2021-12-01,0.68,Bananas,Egypt,National Average,RETAIL,Kg,kg,0.68
2022-01-01,0.64,Bananas,Egypt,National Average,RETAIL,Kg,kg,0.64
2022-02-01,0.64,Bananas,Egypt,National Average,RETAIL,Kg,kg,0.64
2022-03-01,0.64,Bananas,Egypt,National Average,RETAIL,Kg,kg,0.64
2022-04-01,0.69,Bananas,Egypt,National Average,RETAIL,Kg,kg,0.69
2022-05-01,0.68,Bananas,Egypt,National Average,RETAIL,Kg,kg,0.68
2022-06-01,0.7,Bananas,Egypt,National Average,RETAIL,Kg,kg,0.7
2022-07-01,0.74,Bananas,Egypt,National Average,RETAIL,Kg,kg,0.74
2022-08-01,0.77,Bananas,Egypt,National Average,RETAIL,Kg,kg,0.77
2022-09-01,0.76,Bananas,Egypt,National Average,RETAIL,Kg,kg,0.76
2022-10-01,0.71,Bananas,Egypt,National Average,RETAIL,Kg,kg,0.71
2022-11-01,0.59,Bananas,Egypt,National Average,RETAIL,Kg,kg,0.59
2022-12-01,0.56,Bananas,Egypt,National Average,RETAIL,Kg,kg,0.56
2023-01-01,0.47,Bananas,Egypt,National Average,RETAIL,Kg,kg,0.47
2023-02-01,0.45,Bananas,Egypt,National Average,RETAIL,Kg,kg,0.45
2023-03-01,0.44,Bananas,Egypt,National Average,RETAIL,Kg,kg,0.44
2023-04-01,0.42,Bananas,Egypt,National Average,RETAIL,Kg,kg,0.42
2023-05-01,0.4,Bananas,Egypt,National Average,RETAIL,Kg,kg,0.4
2023-06-01,0.44,Bananas,Egypt,National Average,RETAIL,Kg,kg,0.44
2023-07-01,0.5,Bananas,Egypt,National Average,RETAIL,Kg,kg,0.5
2023-08-01,0.61,Bananas,Egypt,National Average,RETAIL,Kg,kg,0.61
2023-09-01,0.66,Bananas,Egypt,National Average,RETAIL,Kg,kg,0.66
2023-10-01,0.7,Bananas,Egypt,National Average,RETAIL,Kg,kg,0.7
2023-11-01,0.63,Bananas,Egypt,National Average,RETAIL,Kg,kg,0.63
2023-12-01,0.52,Bananas,Egypt,National Average,RETAIL,Kg,kg,0.52
2024-01-01,0.5,Bananas,Egypt,National Average,RETAIL,Kg,kg,0.5
2024-02-01,0.49,Bananas,Egypt,National Average,RETAIL,Kg,kg,0.49
2024-03-01,0.33,Bananas,Egypt,National Average,RETAIL,Kg,kg,0.33
2024-04-01,0.33,Bananas,Egypt,National Average,RETAIL,Kg,kg,0.33
2024-05-01,0.37,Bananas,Egypt,National Average,RETAIL,Kg,kg,0.37
2024-06-01,0.4,Bananas,Egypt,National Average,RETAIL,Kg,kg,0.4
2024-07-01,0.44,Bananas,Egypt,National Average,RETAIL,Kg,kg,0.44
2024-08-01,0.46,Bananas,Egypt,National Average,RETAIL,Kg,kg,0.46
2024-09-01,0.51,Bananas,Egypt,National Average,RETAIL,Kg,kg,0.51
2024-10-01,0.52,Bananas,Egypt,National Average,RETAIL,Kg,kg,0.52
2024-11-01,0.49,Bananas,Egypt,National Average,RETAIL,Kg,kg,0.49
2024-12-01,0.46,Bananas,Egypt,National Average,RETAIL,Kg,kg,0.46
2025-01-01,0.47,Bananas,Egypt,National Average,RETAIL,Kg,kg,0.47
2025-02-01,0.48,Bananas,Egypt,National Average,RETAIL,Kg,kg,0.48
2025-03-01,0.58,Bananas,Egypt,National Average,RETAIL,Kg,kg,0.58
2025-04-01,0.63,Bananas,Egypt,National Average,RETAIL,Kg,kg,0.63
2025-05-01,0.74,Bananas,Egypt,National Average,RETAIL,Kg,kg,0.74
2025-06-01,0.77,Bananas,Egypt,National Average,RETAIL,Kg,kg,0.77
2025-07-01,0.77,Bananas,Egypt,National Average,RETAIL,Kg,kg,0.77
2025-08-01,0.79,Bananas,Egypt,National Average,RETAIL,Kg,kg,0.79
2025-09-01,0.81,Bananas,Egypt,National Average,RETAIL,Kg,kg,0.81
2012-01-01,1.15,Bananas,France,MIN Rungis,WHOLESALE,Kg,kg,1.15
2012-02-01,1.41,Bananas,France,MIN Rungis,WHOLESALE,Kg,kg,1.41
2012-03-01,1.43,Bananas,France,MIN Rungis,WHOLESALE,Kg,kg,1.43
2012-04-01,1.42,Bananas,France,MIN Rungis,WHOLESALE,Kg,kg,1.42
2012-05-01,1.3,Bananas,France,MIN Rungis,WHOLESALE,Kg,kg,1.3
2012-06-01,1.25,Bananas,France,MIN Rungis,WHOLESALE,Kg,kg,1.25
2012-07-01,1.07,Bananas,France,MIN Rungis,WHOLESALE,Kg,kg,1.07
2012-08-01,1.07,Bananas,France,MIN Rungis,WHOLESALE,Kg,kg,1.07
2012-09-01,1.22,Bananas,France,MIN Rungis,WHOLESALE,Kg,kg,1.22
2012-10-01,1.26,Bananas,France,MIN Rungis,WHOLESALE,Kg,kg,1.26
2012-11-01,1.15,Bananas,France,MIN Rungis,WHOLESALE,Kg,kg,1.15
2012-12-01,1.19,Bananas,France,MIN Rungis,WHOLESALE,Kg,kg,1.19
2013-01-01,1.38,Bananas,France,MIN Rungis,WHOLESALE,Kg,kg,1.38
2013-02-01,1.43,Bananas,France,MIN Rungis,WHOLESALE,Kg,kg,1.43
2013-03-01,1.36,Bananas,France,MIN Rungis,WHOLESALE,Kg,kg,1.36
2013-04-01,1.37,Bananas,France,MIN Rungis,WHOLESALE,Kg,kg,1.37
2013-05-01,1.31,Bananas,France,MIN Rungis,WHOLESALE,Kg,kg,1.31
2013-06-01,1.28,Bananas,France,MIN Rungis,WHOLESALE,Kg,kg,1.28
2013-07-01,1.18,Bananas,France,MIN Rungis,WHOLESALE,Kg,kg,1.18
2013-08-01,1.22,Bananas,France,MIN Rungis,WHOLESALE,Kg,kg,1.22
2013-09-01,1.27,Bananas,France,MIN Rungis,WHOLESALE,Kg,kg,1.27
2013-10-01,1.27,Bananas,France,MIN Rungis,WHOLESALE,Kg,kg,1.27
2013-11-01,1.24,Bananas,France,MIN Rungis,WHOLESALE,Kg,kg,1.24
2013-12-01,1.27,Bananas,France,MIN Rungis,WHOLESALE,Kg,kg,1.27
2014-01-01,1.27,Bananas,France,MIN Rungis,WHOLESALE,Kg,kg,1.27
2014-02-01,1.3,Bananas,France,MIN Rungis,WHOLESALE,Kg,kg,1.3
2014-03-01,1.38,Bananas,France,MIN Rungis,WHOLESALE,Kg,kg,1.38
2014-04-01,1.41,Bananas,France,MIN Rungis,WHOLESALE,Kg,kg,1.41
2014-05-01,1.33,Bananas,France,MIN Rungis,WHOLESALE,Kg,kg,1.33
2014-06-01,1.24,Bananas,France,MIN Rungis,WHOLESALE,Kg,kg,1.24
2014-07-01,1.19,Bananas,France,MIN Rungis,WHOLESALE,Kg,kg,1.19
2014-08-01,1.23,Bananas,France,MIN Rungis,WHOLESALE,Kg,kg,1.23
2014-09-01,1.25,Bananas,France,MIN Rungis,WHOLESALE,Kg,kg,1.25
2014-10-01,1.23,Bananas,France,MIN Rungis,WHOLESALE,Kg,kg,1.23
2014-11-01,1.16,Bananas,France,MIN Rungis,WHOLESALE,Kg,kg,1.16
2014-12-01,1.15,Bananas,France,MIN Rungis,WHOLESALE,Kg,kg,1.15
2015-01-01,1.13,Bananas,France,MIN Rungis,WHOLESALE,Kg,kg,1.13
2015-02-01,1.19,Bananas,France,MIN Rungis,WHOLESALE,Kg,kg,1.19
2015-03-01,1.2,Bananas,France,MIN Rungis,WHOLESALE,Kg,kg,1.2
2015-04-01,1.18,Bananas,France,MIN Rungis,WHOLESALE,Kg,kg,1.18
2015-05-01,1.13,Bananas,France,MIN Rungis,WHOLESALE,Kg,kg,1.13
2015-06-01,1.08,Bananas,France,MIN Rungis,WHOLESALE,Kg,kg,1.08
2015-07-01,1.01,Bananas,France,MIN Rungis,WHOLESALE,Kg,kg,1.01
2015-08-01,1.02,Bananas,France,MIN Rungis,WHOLESALE,Kg,kg,1.02
2015-09-01,1.07,Bananas,France,MIN Rungis,WHOLESALE,Kg,kg,1.07
2015-10-01,1.07,Bananas,France,MIN Rungis,WHOLESALE,Kg,kg,1.07
2015-11-01,1.0,Bananas,France,MIN Rungis,WHOLESALE,Kg,kg,1.0
2015-12-01,1.02,Bananas,France,MIN Rungis,WHOLESALE,Kg,kg,1.02
2016-01-01,1.08,Bananas,France,MIN Rungis,WHOLESALE,Kg,kg,1.08
2016-02-01,1.2,Bananas,France,MIN Rungis,WHOLESALE,Kg,kg,1.2
2016-03-01,1.21,Bananas,France,MIN Rungis,WHOLESALE,Kg,kg,1.21
2016-04-01,1.25,Bananas,France,MIN Rungis,WHOLESALE,Kg,kg,1.25
2016-05-01,1.25,Bananas,France,MIN Rungis,WHOLESALE,Kg,kg,1.25
2016-06-01,1.2,Bananas,France,MIN Rungis,WHOLESALE,Kg,kg,1.2
2016-07-01,1.09,Bananas,France,MIN Rungis,WHOLESALE,Kg,kg,1.09
2016-08-01,1.03,Bananas,France,MIN Rungis,WHOLESALE,Kg,kg,1.03
2016-09-01,1.09,Bananas,France,MIN Rungis,WHOLESALE,Kg,kg,1.09
2016-10-01,1.02,Bananas,France,MIN Rungis,WHOLESALE,Kg,kg,1.02
2016-11-01,1.02,Bananas,France,MIN Rungis,WHOLESALE,Kg,kg,1.02
2016-12-01,1.0,Bananas,France,MIN Rungis,WHOLESALE,Kg,kg,1.0
2017-01-01,1.01,Bananas,France,MIN Rungis,WHOLESALE,Kg,kg,1.01
2017-02-01,1.03,Bananas,France,MIN Rungis,WHOLESALE,Kg,kg,1.03
2017-03-01,1.07,Bananas,France,MIN Rungis,WHOLESALE,Kg,kg,1.07
2017-04-01,1.12,Bananas,France,MIN Rungis,WHOLESALE,Kg,kg,1.12
2017-05-01,1.16,Bananas,France,MIN Rungis,WHOLESALE,Kg,kg,1.16
2017-06-01,1.08,Bananas,France,MIN Rungis,WHOLESALE,Kg,kg,1.08
2017-07-01,1.03,Bananas,France,MIN Rungis,WHOLESALE,Kg,kg,1.03
2017-08-01,1.07,Bananas,France,MIN Rungis,WHOLESALE,Kg,kg,1.07
2017-09-01,1.12,Bananas,France,MIN Rungis,WHOLESALE,Kg,kg,1.12
2017-10-01,1.12,Bananas,France,MIN Rungis,WHOLESALE,Kg,kg,1.12
2017-11-01,1.12,Bananas,France,MIN Rungis,WHOLESALE,Kg,kg,1.12
2017-12-01,1.13,Bananas,France,MIN Rungis,WHOLESALE,Kg,kg,1.13
2018-01-01,1.19,Bananas,France,MIN Rungis,WHOLESALE,Kg,kg,1.19
2018-02-01,1.38,Bananas,France,MIN Rungis,WHOLESALE,Kg,kg,1.38
2018-03-01,1.39,Bananas,France,MIN Rungis,WHOLESALE,Kg,kg,1.39
2018-04-01,1.25,Bananas,France,MIN Rungis,WHOLESALE,Kg,kg,1.25
2018-05-01,1.12,Bananas,France,MIN Rungis,WHOLESALE,Kg,kg,1.12
2018-06-01,1.04,Bananas,France,MIN Rungis,WHOLESALE,Kg,kg,1.04
2018-07-01,0.97,Bananas,France,MIN Rungis,WHOLESALE,Kg,kg,0.97
2018-08-01,0.91,Bananas,France,MIN Rungis,WHOLESALE,Kg,kg,0.91
2018-09-01,0.99,Bananas,France,MIN Rungis,WHOLESALE,Kg,kg,0.99
2018-10-01,0.99,Bananas,France,MIN Rungis,WHOLESALE,Kg,kg,0.99
2018-11-01,1.02,Bananas,France,MIN Rungis,WHOLESALE,Kg,kg,1.02
2018-12-01,1.02,Bananas,France,MIN Rungis,WHOLESALE,Kg,kg,1.02
2019-01-01,1.03,Bananas,France,MIN Rungis,WHOLESALE,Kg,kg,1.03
2019-02-01,1.06,Bananas,France,MIN Rungis,WHOLESALE,Kg,kg,1.06
2019-03-01,1.2,Bananas,France,MIN Rungis,WHOLESALE,Kg,kg,1.2
2019-04-01,1.21,Bananas,France,MIN Rungis,WHOLESALE,Kg,kg,1.21
2019-05-01,1.02,Bananas,France,MIN Rungis,WHOLESALE,Kg,kg,1.02
2019-06-01,1.02,Bananas,France,MIN Rungis,WHOLESALE,Kg,kg,1.02
2019-07-01,0.99,Bananas,France,MIN Rungis,WHOLESALE,Kg,kg,0.99
2019-08-01,0.89,Bananas,France,MIN Rungis,WHOLESALE,Kg,kg,0.89
2019-09-01,0.96,Bananas,France,MIN Rungis,WHOLESALE,Kg,kg,0.96
2019-10-01,0.99,Bananas,France,MIN Rungis,WHOLESALE,Kg,kg,0.99
2019-11-01,1.04,Bananas,France,MIN Rungis,WHOLESALE,Kg,kg,1.04
2019-12-01,1.03,Bananas,France,MIN Rungis,WHOLESALE,Kg,kg,1.03
2020-01-01,1.11,Bananas,France,MIN Rungis,WHOLESALE,Kg,kg,1.11
2020-02-01,1.16,Bananas,France,MIN Rungis,WHOLESALE,Kg,kg,1.16
2020-03-01,1.19,Bananas,France,MIN Rungis,WHOLESALE,Kg,kg,1.19
2020-04-01,1.09,Bananas,France,MIN Rungis,WHOLESALE,Kg,kg,1.09
2020-05-01,1.09,Bananas,France,MIN Rungis,WHOLESALE,Kg,kg,1.09
2020-06-01,1.02,Bananas,France,MIN Rungis,WHOLESALE,Kg,kg,1.02
2020-07-01,0.98,Bananas,France,MIN Rungis,WHOLESALE,Kg,kg,0.98
2020-08-01,1.0,Bananas,France,MIN Rungis,WHOLESALE,Kg,kg,1.0
2020-09-01,1.0,Bananas,France,MIN Rungis,WHOLESALE,Kg,kg,1.0
2020-10-01,1.04,Bananas,France,MIN Rungis,WHOLESALE,Kg,kg,1.04
2020-11-01,1.06,Bananas,France,MIN Rungis,WHOLESALE,Kg,kg,1.06
2020-12-01,1.1,Bananas,France,MIN Rungis,WHOLESALE,Kg,kg,1.1
2021-01-01,1.16,Bananas,France,MIN Rungis,WHOLESALE,Kg,kg,1.16
2021-02-01,1.21,Bananas,France,MIN Rungis,WHOLESALE,Kg,kg,1.21
2021-03-01,1.17,Bananas,France,MIN Rungis,WHOLESALE,Kg,kg,1.17
2021-04-01,1.2,Bananas,France,MIN Rungis,WHOLESALE,Kg,kg,1.2
2021-05-01,1.15,Bananas,France,MIN Rungis,WHOLESALE,Kg,kg,1.15
2021-06-01,1.02,Bananas,France,MIN Rungis,WHOLESALE,Kg,kg,1.02
2021-07-01,0.96,Bananas,France,MIN Rungis,WHOLESALE,Kg,kg,0.96
2021-08-01,0.94,Bananas,France,MIN Rungis,WHOLESALE,Kg,kg,0.94
2021-09-01,1.01,Bananas,France,MIN Rungis,WHOLESALE,Kg,kg,1.01
2021-10-01,1.04,Bananas,France,MIN Rungis,WHOLESALE,Kg,kg,1.04
2021-11-01,1.03,Bananas,France,MIN Rungis,WHOLESALE,Kg,kg,1.03
2021-12-01,1.02,Bananas,France,MIN Rungis,WHOLESALE,Kg,kg,1.02
2022-01-01,1.02,Bananas,France,MIN Rungis,WHOLESALE,Kg,kg,1.02
2022-02-01,1.19,Bananas,France,MIN Rungis,WHOLESALE,Kg,kg,1.19
2022-03-01,1.24,Bananas,France,MIN Rungis,WHOLESALE,Kg,kg,1.24
2022-04-01,1.25,Bananas,France,MIN Rungis,WHOLESALE,Kg,kg,1.25
2022-05-01,1.21,Bananas,France,MIN Rungis,WHOLESALE,Kg,kg,1.21
2022-06-01,1.09,Bananas,France,MIN Rungis,WHOLESALE,Kg,kg,1.09
2022-07-01,0.93,Bananas,France,MIN Rungis,WHOLESALE,Kg,kg,0.93
2022-08-01,0.94,Bananas,France,MIN Rungis,WHOLESALE,Kg,kg,0.94
2022-09-01,1.06,Bananas,France,MIN Rungis,WHOLESALE,Kg,kg,1.06
2022-10-01,1.08,Bananas,France,MIN Rungis,WHOLESALE,Kg,kg,1.08
2022-11-01,1.12,Bananas,France,MIN Rungis,WHOLESALE,Kg,kg,1.12
2022-12-01,1.16,Bananas,France,MIN Rungis,WHOLESALE,Kg,kg,1.16
2023-01-01,1.29,Bananas,France,MIN Rungis,WHOLESALE,Kg,kg,1.29
2023-02-01,1.34,Bananas,France,MIN Rungis,WHOLESALE,Kg,kg,1.34
2023-03-01,1.35,Bananas,France,MIN Rungis,WHOLESALE,Kg,kg,1.35
2023-04-01,1.42,Bananas,France,MIN Rungis,WHOLESALE,Kg,kg,1.42
2023-05-01,1.41,Bananas,France,MIN Rungis,WHOLESALE,Kg,kg,1.41
2023-06-01,1.36,Bananas,France,MIN Rungis,WHOLESALE,Kg,kg,1.36
2023-07-01,1.16,Bananas,France,MIN Rungis,WHOLESALE,Kg,kg,1.16
2023-08-01,1.08,Bananas,France,MIN Rungis,WHOLESALE,Kg,kg,1.08
2023-09-01,1.22,Bananas,France,MIN Rungis,WHOLESALE,Kg,kg,1.22
2023-10-01,1.21,Bananas,France,MIN Rungis,WHOLESALE,Kg,kg,1.21
2023-11-01,1.24,Bananas,France,MIN Rungis,WHOLESALE,Kg,kg,1.24
2023-12-01,1.28,Bananas,France,MIN Rungis,WHOLESALE,Kg,kg,1.28
2024-01-01,1.23,Bananas,France,MIN Rungis,WHOLESALE,Kg,kg,1.23
2024-02-01,1.19,Bananas,France,MIN Rungis,WHOLESALE,Kg,kg,1.19
2024-03-01,1.2,Bananas,France,MIN Rungis,WHOLESALE,Kg,kg,1.2
2024-04-01,1.16,Bananas,France,MIN Rungis,WHOLESALE,Kg,kg,1.16
2024-05-01,1.21,Bananas,France,MIN Rungis,WHOLESALE,Kg,kg,1.21
2024-06-01,1.24,Bananas,France,MIN Rungis,WHOLESALE,Kg,kg,1.24
2024-07-01,1.25,Bananas,France,MIN Rungis,WHOLESALE,Kg,kg,1.25
2024-08-01,1.21,Bananas,France,MIN Rungis,WHOLESALE,Kg,kg,1.21
2024-09-01,1.22,Bananas,France,MIN Rungis,WHOLESALE,Kg,kg,1.22
2024-10-01,1.22,Bananas,France,MIN Rungis,WHOLESALE,Kg,kg,1.22
2024-11-01,1.28,Bananas,France,MIN Rungis,WHOLESALE,Kg,kg,1.28
2024-12-01,1.22,Bananas,France,MIN Rungis,WHOLESALE,Kg,kg,1.22
2025-01-01,1.14,Bananas,France,MIN Rungis,WHOLESALE,Kg,kg,1.14
2025-02-01,1.22,Bananas,France,MIN Rungis,WHOLESALE,Kg,kg,1.22
2025-03-01,1.42,Bananas,France,MIN Rungis,WHOLESALE,Kg,kg,1.42
2025-04-01,1.48,Bananas,France,MIN Rungis,WHOLESALE,Kg,kg,1.48
2025-05-01,1.37,Bananas,France,MIN Rungis,WHOLESALE,Kg,kg,1.37
2025-06-01,1.22,Bananas,France,MIN Rungis,WHOLESALE,Kg,kg,1.22
2025-07-01,1.23,Bananas,France,MIN Rungis,WHOLESALE,Kg,kg,1.23
2025-08-01,1.22,Bananas,France,MIN Rungis,WHOLESALE,Kg,kg,1.22
2025-09-01,1.23,Bananas,France,MIN Rungis,WHOLESALE,Kg,kg,1.23
2025-10-01,1.26,Bananas,France,MIN Rungis,WHOLESALE,Kg,kg,1.26
2025-11-01,1.1,Bananas,France,MIN Rungis,WHOLESALE,Kg,kg,1.1
1998-01-01,1.52,Bananas,France,Metropolitan France,RETAIL,Kg,kg,1.52
1998-02-01,1.63,Bananas,France,Metropolitan France,RETAIL,Kg,kg,1.63
1998-03-01,1.62,Bananas,France,Metropolitan France,RETAIL,Kg,kg,1.62
1998-04-01,1.63,Bananas,France,Metropolitan France,RETAIL,Kg,kg,1.63
1998-05-01,1.7,Bananas,France,Metropolitan France,RETAIL,Kg,kg,1.7
1998-06-01,1.71,Bananas,France,Metropolitan France,RETAIL,Kg,kg,1.71
1998-07-01,1.72,Bananas,France,Metropolitan France,RETAIL,Kg,kg,1.72
1998-08-01,1.68,Bananas,France,Metropolitan France,RETAIL,Kg,kg,1.68
1998-09-01,1.62,Bananas,France,Metropolitan France,RETAIL,Kg,kg,1.62
1998-10-01,1.48,Bananas,France,Metropolitan France,RETAIL,Kg,kg,1.48
1998-11-01,1.46,Bananas,France,Metropolitan France,RETAIL,Kg,kg,1.46
1998-12-01,1.53,Bananas,France,Metropolitan France,RETAIL,Kg,kg,1.53
1999-01-01,1.6,Bananas,France,Metropolitan France,RETAIL,Kg,kg,1.6
1999-02-01,1.66,Bananas,France,Metropolitan France,RETAIL,Kg,kg,1.66
1999-03-01,1.71,Bananas,France,Metropolitan France,RETAIL,Kg,kg,1.71
1999-04-01,1.73,Bananas,France,Metropolitan France,RETAIL,Kg,kg,1.73
1999-05-01,1.56,Bananas,France,Metropolitan France,RETAIL,Kg,kg,1.56
1999-06-01,1.53,Bananas,France,Metropolitan France,RETAIL,Kg,kg,1.53
1999-07-01,1.35,Bananas,France,Metropolitan France,RETAIL,Kg,kg,1.35
1999-08-01,1.45,Bananas,France,Metropolitan France,RETAIL,Kg,kg,1.45
1999-09-01,1.41,Bananas,France,Metropolitan France,RETAIL,Kg,kg,1.41
1999-10-01,1.38,Bananas,France,Metropolitan France,RETAIL,Kg,kg,1.38
1999-11-01,1.31,Bananas,France,Metropolitan France,RETAIL,Kg,kg,1.31
1999-12-01,1.33,Bananas,France,Metropolitan France,RETAIL,Kg,kg,1.33
2000-01-01,1.45,Bananas,France,Metropolitan France,RETAIL,Kg,kg,1.45
2000-02-01,1.54,Bananas,France,Metropolitan France,RETAIL,Kg,kg,1.54
2000-03-01,1.52,Bananas,France,Metropolitan France,RETAIL,Kg,kg,1.52
2000-04-01,1.51,Bananas,France,Metropolitan France,RETAIL,Kg,kg,1.51
2000-05-01,1.41,Bananas,France,Metropolitan France,RETAIL,Kg,kg,1.41
2000-06-01,1.36,Bananas,France,Metropolitan France,RETAIL,Kg,kg,1.36
2000-07-01,1.32,Bananas,France,Metropolitan France,RETAIL,Kg,kg,1.32
2000-08-01,1.31,Bananas,France,Metropolitan France,RETAIL,Kg,kg,1.31
2000-09-01,1.19,Bananas,France,Metropolitan France,RETAIL,Kg,kg,1.19
2000-10-01,1.15,Bananas,France,Metropolitan France,RETAIL,Kg,kg,1.15
2000-11-01,1.14,Bananas,France,Metropolitan France,RETAIL,Kg,kg,1.14
2000-12-01,1.26,Bananas,France,Metropolitan France,RETAIL,Kg,kg,1.26
2001-01-01,1.41,Bananas,France,Metropolitan France,RETAIL,Kg,kg,1.41
2001-02-01,1.45,Bananas,France,Metropolitan France,RETAIL,Kg,kg,1.45
2001-03-01,1.55,Bananas,France,Metropolitan France,RETAIL,Kg,kg,1.55
2001-04-01,1.65,Bananas,France,Metropolitan France,RETAIL,Kg,kg,1.65
2001-05-01,1.57,Bananas,France,Metropolitan France,RETAIL,Kg,kg,1.57
2001-06-01,1.46,Bananas,France,Metropolitan France,RETAIL,Kg,kg,1.46
2001-07-01,1.5,Bananas,France,Metropolitan France,RETAIL,Kg,kg,1.5
2001-08-01,1.46,Bananas,France,Metropolitan France,RETAIL,Kg,kg,1.46
2001-09-01,1.47,Bananas,France,Metropolitan France,RETAIL,Kg,kg,1.47
2001-10-01,1.43,Bananas,France,Metropolitan France,RETAIL,Kg,kg,1.43
2001-11-01,1.34,Bananas,France,Metropolitan France,RETAIL,Kg,kg,1.34
2001-12-01,1.29,Bananas,France,Metropolitan France,RETAIL,Kg,kg,1.29
2002-01-01,1.33,Bananas,France,Metropolitan France,RETAIL,Kg,kg,1.33
2002-02-01,1.43,Bananas,France,Metropolitan France,RETAIL,Kg,kg,1.43
2002-03-01,1.59,Bananas,France,Metropolitan France,RETAIL,Kg,kg,1.59
2002-04-01,1.61,Bananas,France,Metropolitan France,RETAIL,Kg,kg,1.61
2002-05-01,1.62,Bananas,France,Metropolitan France,RETAIL,Kg,kg,1.62
2002-06-01,1.63,Bananas,France,Metropolitan France,RETAIL,Kg,kg,1.63
2002-07-01,1.47,Bananas,France,Metropolitan France,RETAIL,Kg,kg,1.47
2002-08-01,1.42,Bananas,France,Metropolitan France,RETAIL,Kg,kg,1.42
2002-09-01,1.52,Bananas,France,Metropolitan France,RETAIL,Kg,kg,1.52
2002-10-01,1.41,Bananas,France,Metropolitan France,RETAIL,Kg,kg,1.41
2002-11-01,1.38,Bananas,France,Metropolitan France,RETAIL,Kg,kg,1.38
2002-12-01,1.44,Bananas,France,Metropolitan France,RETAIL,Kg,kg,1.44
2003-01-01,1.72,Bananas,France,Metropolitan France,RETAIL,Kg,kg,1.72
2003-02-01,1.8,Bananas,France,Metropolitan France,RETAIL,Kg,kg,1.8
2003-03-01,1.85,Bananas,France,Metropolitan France,RETAIL,Kg,kg,1.85
2003-04-01,1.89,Bananas,France,Metropolitan France,RETAIL,Kg,kg,1.89
2003-05-01,1.87,Bananas,France,Metropolitan France,RETAIL,Kg,kg,1.87
2003-06-01,1.89,Bananas,France,Metropolitan France,RETAIL,Kg,kg,1.89
2003-07-01,1.72,Bananas,France,Metropolitan France,RETAIL,Kg,kg,1.72
2003-08-01,1.6,Bananas,France,Metropolitan France,RETAIL,Kg,kg,1.6
2003-09-01,1.6,Bananas,France,Metropolitan France,RETAIL,Kg,kg,1.6
2003-10-01,1.67,Bananas,France,Metropolitan France,RETAIL,Kg,kg,1.67
2003-11-01,1.64,Bananas,France,Metropolitan France,RETAIL,Kg,kg,1.64
2003-12-01,1.81,Bananas,France,Metropolitan France,RETAIL,Kg,kg,1.81
2004-01-01,1.89,Bananas,France,Metropolitan France,RETAIL,Kg,kg,1.89
2004-02-01,1.92,Bananas,France,Metropolitan France,RETAIL,Kg,kg,1.92
2004-03-01,1.91,Bananas,France,Metropolitan France,RETAIL,Kg,kg,1.91
2004-04-01,1.94,Bananas,France,Metropolitan France,RETAIL,Kg,kg,1.94
2004-05-01,1.9,Bananas,France,Metropolitan France,RETAIL,Kg,kg,1.9
2004-06-01,1.95,Bananas,France,Metropolitan France,RETAIL,Kg,kg,1.95
2004-07-01,1.94,Bananas,France,Metropolitan France,RETAIL,Kg,kg,1.94
2004-08-01,1.79,Bananas,France,Metropolitan France,RETAIL,Kg,kg,1.79
2004-09-01,1.69,Bananas,France,Metropolitan France,RETAIL,Kg,kg,1.69
2004-10-01,1.79,Bananas,France,Metropolitan France,RETAIL,Kg,kg,1.79
2004-11-01,1.82,Bananas,France,Metropolitan France,RETAIL,Kg,kg,1.82
2004-12-01,2.15,Bananas,France,Metropolitan France,RETAIL,Kg,kg,2.15
2005-01-01,2.16,Bananas,France,Metropolitan France,RETAIL,Kg,kg,2.16
2005-02-01,2.32,Bananas,France,Metropolitan France,RETAIL,Kg,kg,2.32
2005-03-01,2.4,Bananas,France,Metropolitan France,RETAIL,Kg,kg,2.4
2005-04-01,2.39,Bananas,France,Metropolitan France,RETAIL,Kg,kg,2.39
2005-05-01,2.45,Bananas,France,Metropolitan France,RETAIL,Kg,kg,2.45
2005-06-01,2.47,Bananas,France,Metropolitan France,RETAIL,Kg,kg,2.47
2005-07-01,2.25,Bananas,France,Metropolitan France,RETAIL,Kg,kg,2.25
2005-08-01,2.03,Bananas,France,Metropolitan France,RETAIL,Kg,kg,2.03
2005-09-01,2.11,Bananas,France,Metropolitan France,RETAIL,Kg,kg,2.11
2005-10-01,2.03,Bananas,France,Metropolitan France,RETAIL,Kg,kg,2.03
2005-11-01,1.98,Bananas,France,Metropolitan France,RETAIL,Kg,kg,1.98
2005-12-01,2.06,Bananas,France,Metropolitan France,RETAIL,Kg,kg,2.06
2006-01-01,2.09,Bananas,France,Metropolitan France,RETAIL,Kg,kg,2.09
2006-02-01,2.1,Bananas,France,Metropolitan France,RETAIL,Kg,kg,2.1
2006-03-01,2.13,Bananas,France,Metropolitan France,RETAIL,Kg,kg,2.13
2006-04-01,2.11,Bananas,France,Metropolitan France,RETAIL,Kg,kg,2.11
2006-05-01,2.16,Bananas,France,Metropolitan France,RETAIL,Kg,kg,2.16
2006-06-01,2.14,Bananas,France,Metropolitan France,RETAIL,Kg,kg,2.14
2006-07-01,2.07,Bananas,France,Metropolitan France,RETAIL,Kg,kg,2.07
2006-08-01,1.97,Bananas,France,Metropolitan France,RETAIL,Kg,kg,1.97
2006-09-01,1.93,Bananas,France,Metropolitan France,RETAIL,Kg,kg,1.93
2006-10-01,1.85,Bananas,France,Metropolitan France,RETAIL,Kg,kg,1.85
2006-11-01,1.98,Bananas,France,Metropolitan France,RETAIL,Kg,kg,1.98
2006-12-01,2.07,Bananas,France,Metropolitan France,RETAIL,Kg,kg,2.07
2007-01-01,2.08,Bananas,France,Metropolitan France,RETAIL,Kg,kg,2.08
2007-02-01,2.13,Bananas,France,Metropolitan France,RETAIL,Kg,kg,2.13
2007-03-01,2.2,Bananas,France,Metropolitan France,RETAIL,Kg,kg,2.2
2007-04-01,2.27,Bananas,France,Metropolitan France,RETAIL,Kg,kg,2.27
2007-05-01,2.27,Bananas,France,Metropolitan France,RETAIL,Kg,kg,2.27
2007-06-01,2.21,Bananas,France,Metropolitan France,RETAIL,Kg,kg,2.21
2007-07-01,2.24,Bananas,France,Metropolitan France,RETAIL,Kg,kg,2.24
2007-08-01,2.14,Bananas,France,Metropolitan France,RETAIL,Kg,kg,2.14
2007-09-01,2.26,Bananas,France,Metropolitan France,RETAIL,Kg,kg,2.26
2007-10-01,2.36,Bananas,France,Metropolitan France,RETAIL,Kg,kg,2.36
2007-11-01,2.35,Bananas,France,Metropolitan France,RETAIL,Kg,kg,2.35
2007-12-01,2.38,Bananas,France,Metropolitan France,RETAIL,Kg,kg,2.38
2008-01-01,2.43,Bananas,France,Metropolitan France,RETAIL,Kg,kg,2.43
2008-02-01,2.54,Bananas,France,Metropolitan France,RETAIL,Kg,kg,2.54
2008-03-01,2.78,Bananas,France,Metropolitan France,RETAIL,Kg,kg,2.78
2008-04-01,2.96,Bananas,France,Metropolitan France,RETAIL,Kg,kg,2.96
2008-05-01,2.74,Bananas,France,Metropolitan France,RETAIL,Kg,kg,2.74
2008-06-01,2.63,Bananas,France,Metropolitan France,RETAIL,Kg,kg,2.63
2008-07-01,2.66,Bananas,France,Metropolitan France,RETAIL,Kg,kg,2.66
2008-08-01,2.51,Bananas,France,Metropolitan France,RETAIL,Kg,kg,2.51
2008-09-01,2.37,Bananas,France,Metropolitan France,RETAIL,Kg,kg,2.37
2008-10-01,2.17,Bananas,France,Metropolitan France,RETAIL,Kg,kg,2.17
2008-11-01,2.01,Bananas,France,Metropolitan France,RETAIL,Kg,kg,2.01
2008-12-01,2.15,Bananas,France,Metropolitan France,RETAIL,Kg,kg,2.15
2009-01-01,2.12,Bananas,France,Metropolitan France,RETAIL,Kg,kg,2.12
2009-02-01,2.1,Bananas,France,Metropolitan France,RETAIL,Kg,kg,2.1
2009-03-01,2.28,Bananas,France,Metropolitan France,RETAIL,Kg,kg,2.28
2009-04-01,2.51,Bananas,France,Metropolitan France,RETAIL,Kg,kg,2.51
2009-05-01,2.44,Bananas,France,Metropolitan France,RETAIL,Kg,kg,2.44
2009-06-01,2.44,Bananas,France,Metropolitan France,RETAIL,Kg,kg,2.44
2009-07-01,2.37,Bananas,France,Metropolitan France,RETAIL,Kg,kg,2.37
2009-08-01,2.25,Bananas,France,Metropolitan France,RETAIL,Kg,kg,2.25
2009-09-01,2.26,Bananas,France,Metropolitan France,RETAIL,Kg,kg,2.26
2009-10-01,2.33,Bananas,France,Metropolitan France,RETAIL,Kg,kg,2.33
2009-11-01,2.3,Bananas,France,Metropolitan France,RETAIL,Kg,kg,2.3
2009-12-01,2.23,Bananas,France,Metropolitan France,RETAIL,Kg,kg,2.23
2010-01-01,2.23,Bananas,France,Metropolitan France,RETAIL,Kg,kg,2.23
2010-02-01,2.13,Bananas,France,Metropolitan France,RETAIL,Kg,kg,2.13
2010-03-01,2.23,Bananas,France,Metropolitan France,RETAIL,Kg,kg,2.23
2010-04-01,2.27,Bananas,France,Metropolitan France,RETAIL,Kg,kg,2.27
2010-05-01,2.1,Bananas,France,Metropolitan France,RETAIL,Kg,kg,2.1
2010-06-01,2.11,Bananas,France,Metropolitan France,RETAIL,Kg,kg,2.11
2010-07-01,2.21,Bananas,France,Metropolitan France,RETAIL,Kg,kg,2.21
2010-08-01,2.14,Bananas,France,Metropolitan France,RETAIL,Kg,kg,2.14
2010-09-01,2.12,Bananas,France,Metropolitan France,RETAIL,Kg,kg,2.12
2010-10-01,2.21,Bananas,France,Metropolitan France,RETAIL,Kg,kg,2.21
2010-11-01,2.14,Bananas,France,Metropolitan France,RETAIL,Kg,kg,2.14
2010-12-01,2.15,Bananas,France,Metropolitan France,RETAIL,Kg,kg,2.15
2011-01-01,2.27,Bananas,France,Metropolitan France,RETAIL,Kg,kg,2.27
2011-02-01,2.53,Bananas,France,Metropolitan France,RETAIL,Kg,kg,2.53
2011-03-01,2.63,Bananas,France,Metropolitan France,RETAIL,Kg,kg,2.63
2011-04-01,2.6,Bananas,France,Metropolitan France,RETAIL,Kg,kg,2.6
2011-05-01,2.55,Bananas,France,Metropolitan France,RETAIL,Kg,kg,2.55
2011-06-01,2.49,Bananas,France,Metropolitan France,RETAIL,Kg,kg,2.49
2011-07-01,2.38,Bananas,France,Metropolitan France,RETAIL,Kg,kg,2.38
2011-08-01,2.29,Bananas,France,Metropolitan France,RETAIL,Kg,kg,2.29
2011-09-01,2.16,Bananas,France,Metropolitan France,RETAIL,Kg,kg,2.16
2011-10-01,2.17,Bananas,France,Metropolitan France,RETAIL,Kg,kg,2.17
2011-11-01,2.2,Bananas,France,Metropolitan France,RETAIL,Kg,kg,2.2
2011-12-01,2.12,Bananas,France,Metropolitan France,RETAIL,Kg,kg,2.12
2012-01-01,2.09,Bananas,France,Metropolitan France,RETAIL,Kg,kg,2.09
2012-02-01,2.25,Bananas,France,Metropolitan France,RETAIL,Kg,kg,2.25
2012-03-01,2.34,Bananas,France,Metropolitan France,RETAIL,Kg,kg,2.34
2012-04-01,2.42,Bananas,France,Metropolitan France,RETAIL,Kg,kg,2.42
2012-05-01,2.3,Bananas,France,Metropolitan France,RETAIL,Kg,kg,2.3
2012-06-01,2.23,Bananas,France,Metropolitan France,RETAIL,Kg,kg,2.23
2012-07-01,2.19,Bananas,France,Metropolitan France,RETAIL,Kg,kg,2.19
2012-08-01,2.13,Bananas,France,Metropolitan France,RETAIL,Kg,kg,2.13
2012-09-01,2.19,Bananas,France,Metropolitan France,RETAIL,Kg,kg,2.19
2012-10-01,2.23,Bananas,France,Metropolitan France,RETAIL,Kg,kg,2.23
2012-11-01,2.24,Bananas,France,Metropolitan France,RETAIL,Kg,kg,2.24
2012-12-01,2.3,Bananas,France,Metropolitan France,RETAIL,Kg,kg,2.3
2013-01-01,2.33,Bananas,France,Metropolitan France,RETAIL,Kg,kg,2.33
2013-02-01,2.43,Bananas,France,Metropolitan France,RETAIL,Kg,kg,2.43
2013-03-01,2.35,Bananas,France,Metropolitan France,RETAIL,Kg,kg,2.35
2013-04-01,2.4,Bananas,France,Metropolitan France,RETAIL,Kg,kg,2.4
2013-05-01,2.35,Bananas,France,Metropolitan France,RETAIL,Kg,kg,2.35
2013-06-01,2.43,Bananas,France,Metropolitan France,RETAIL,Kg,kg,2.43
2013-07-01,2.41,Bananas,France,Metropolitan France,RETAIL,Kg,kg,2.41
2013-08-01,2.4,Bananas,France,Metropolitan France,RETAIL,Kg,kg,2.4
2013-09-01,2.35,Bananas,France,Metropolitan France,RETAIL,Kg,kg,2.35
2013-10-01,2.39,Bananas,France,Metropolitan France,RETAIL,Kg,kg,2.39
2013-11-01,2.36,Bananas,France,Metropolitan France,RETAIL,Kg,kg,2.36
2013-12-01,2.41,Bananas,France,Metropolitan France,RETAIL,Kg,kg,2.41
2014-01-01,2.37,Bananas,France,Metropolitan France,RETAIL,Kg,kg,2.37
2014-02-01,2.42,Bananas,France,Metropolitan France,RETAIL,Kg,kg,2.42
2014-03-01,2.43,Bananas,France,Metropolitan France,RETAIL,Kg,kg,2.43
2014-04-01,2.47,Bananas,France,Metropolitan France,RETAIL,Kg,kg,2.47
2014-05-01,2.41,Bananas,France,Metropolitan France,RETAIL,Kg,kg,2.41
2014-06-01,2.42,Bananas,France,Metropolitan France,RETAIL,Kg,kg,2.42
2014-07-01,2.41,Bananas,France,Metropolitan France,RETAIL,Kg,kg,2.41
2014-08-01,2.32,Bananas,France,Metropolitan France,RETAIL,Kg,kg,2.32
2014-09-01,2.23,Bananas,France,Metropolitan France,RETAIL,Kg,kg,2.23
2014-10-01,2.23,Bananas,France,Metropolitan France,RETAIL,Kg,kg,2.23
2014-11-01,2.2,Bananas,France,Metropolitan France,RETAIL,Kg,kg,2.2
2014-12-01,2.16,Bananas,France,Metropolitan France,RETAIL,Kg,kg,2.16
2015-01-01,2.03,Bananas,France,Metropolitan France,RETAIL,Kg,kg,2.03
2015-02-01,2.01,Bananas,France,Metropolitan France,RETAIL,Kg,kg,2.01
2015-03-01,1.95,Bananas,France,Metropolitan France,RETAIL,Kg,kg,1.95
2015-04-01,1.97,Bananas,France,Metropolitan France,RETAIL,Kg,kg,1.97
2015-05-01,2.04,Bananas,France,Metropolitan France,RETAIL,Kg,kg,2.04
2015-06-01,2.07,Bananas,France,Metropolitan France,RETAIL,Kg,kg,2.07
2015-07-01,2.0,Bananas,France,Metropolitan France,RETAIL,Kg,kg,2.0
2015-08-01,2.05,Bananas,France,Metropolitan France,RETAIL,Kg,kg,2.05
2015-09-01,1.99,Bananas,France,Metropolitan France,RETAIL,Kg,kg,1.99
2015-10-01,2.01,Bananas,France,Metropolitan France,RETAIL,Kg,kg,2.01
2015-11-01,1.95,Bananas,France,Metropolitan France,RETAIL,Kg,kg,1.95
2015-12-01,1.96,Bananas,France,Metropolitan France,RETAIL,Kg,kg,1.96
2016-01-01,1.98,Bananas,France,Metropolitan France,RETAIL,Kg,kg,1.98
2016-02-01,2.06,Bananas,France,Metropolitan France,RETAIL,Kg,kg,2.06
2016-03-01,2.04,Bananas,France,Metropolitan France,RETAIL,Kg,kg,2.04
2016-04-01,2.15,Bananas,France,Metropolitan France,RETAIL,Kg,kg,2.15
2016-05-01,2.15,Bananas,France,Metropolitan France,RETAIL,Kg,kg,2.15
2016-06-01,2.09,Bananas,France,Metropolitan France,RETAIL,Kg,kg,2.09
2016-07-01,2.13,Bananas,France,Metropolitan France,RETAIL,Kg,kg,2.13
2016-08-01,2.17,Bananas,France,Metropolitan France,RETAIL,Kg,kg,2.17
2016-09-01,2.06,Bananas,France,Metropolitan France,RETAIL,Kg,kg,2.06
2016-10-01,2.02,Bananas,France,Metropolitan France,RETAIL,Kg,kg,2.02
2016-11-01,1.98,Bananas,France,Metropolitan France,RETAIL,Kg,kg,1.98
2016-12-01,1.94,Bananas,France,Metropolitan France,RETAIL,Kg,kg,1.94
2017-01-01,1.92,Bananas,France,Metropolitan France,RETAIL,Kg,kg,1.92
2017-02-01,1.97,Bananas,France,Metropolitan France,RETAIL,Kg,kg,1.97
2017-03-01,1.98,Bananas,France,Metropolitan France,RETAIL,Kg,kg,1.98
2017-04-01,2.01,Bananas,France,Metropolitan France,RETAIL,Kg,kg,2.01
2017-05-01,2.06,Bananas,France,Metropolitan France,RETAIL,Kg,kg,2.06
2017-06-01,2.08,Bananas,France,Metropolitan France,RETAIL,Kg,kg,2.08
2017-07-01,2.13,Bananas,France,Metropolitan France,RETAIL,Kg,kg,2.13
2017-08-01,2.2,Bananas,France,Metropolitan France,RETAIL,Kg,kg,2.2
2017-09-01,2.13,Bananas,France,Metropolitan France,RETAIL,Kg,kg,2.13
2017-10-01,2.09,Bananas,France,Metropolitan France,RETAIL,Kg,kg,2.09
2017-11-01,2.14,Bananas,France,Metropolitan France,RETAIL,Kg,kg,2.14
2017-12-01,2.14,Bananas,France,Metropolitan France,RETAIL,Kg,kg,2.14
2018-01-01,2.23,Bananas,France,Metropolitan France,RETAIL,Kg,kg,2.23
2018-02-01,2.3,Bananas,France,Metropolitan France,RETAIL,Kg,kg,2.3
2018-03-01,2.29,Bananas,France,Metropolitan France,RETAIL,Kg,kg,2.29
2018-04-01,2.32,Bananas,France,Metropolitan France,RETAIL,Kg,kg,2.32
2018-05-01,2.19,Bananas,France,Metropolitan France,RETAIL,Kg,kg,2.19
2018-06-01,2.16,Bananas,France,Metropolitan France,RETAIL,Kg,kg,2.16
2018-07-01,2.13,Bananas,France,Metropolitan France,RETAIL,Kg,kg,2.13
2018-08-01,2.21,Bananas,France,Metropolitan France,RETAIL,Kg,kg,2.21
2018-09-01,2.09,Bananas,France,Metropolitan France,RETAIL,Kg,kg,2.09
2018-10-01,2.09,Bananas,France,Metropolitan France,RETAIL,Kg,kg,2.09
2018-11-01,2.06,Bananas,France,Metropolitan France,RETAIL,Kg,kg,2.06
2018-12-01,2.08,Bananas,France,Metropolitan France,RETAIL,Kg,kg,2.08
2019-01-01,2.08,Bananas,France,Metropolitan France,RETAIL,Kg,kg,2.08
2019-02-01,2.1,Bananas,France,Metropolitan France,RETAIL,Kg,kg,2.1
2019-03-01,2.06,Bananas,France,Metropolitan France,RETAIL,Kg,kg,2.06
2019-04-01,2.11,Bananas,France,Metropolitan France,RETAIL,Kg,kg,2.11
2019-05-01,2.07,Bananas,France,Metropolitan France,RETAIL,Kg,kg,2.07
2019-06-01,2.09,Bananas,France,Metropolitan France,RETAIL,Kg,kg,2.09
2019-07-01,2.09,Bananas,France,Metropolitan France,RETAIL,Kg,kg,2.09
2019-08-01,2.1,Bananas,France,Metropolitan France,RETAIL,Kg,kg,2.1
2019-09-01,1.95,Bananas,France,Metropolitan France,RETAIL,Kg,kg,1.95
2019-10-01,1.99,Bananas,France,Metropolitan France,RETAIL,Kg,kg,1.99
2019-11-01,2.02,Bananas,France,Metropolitan France,RETAIL,Kg,kg,2.02
2019-12-01,2.02,Bananas,France,Metropolitan France,RETAIL,Kg,kg,2.02
2020-01-01,2.06,Bananas,France,Metropolitan France,RETAIL,Kg,kg,2.06
2020-02-01,2.02,Bananas,France,Metropolitan France,RETAIL,Kg,kg,2.02
2020-03-01,2.06,Bananas,France,Metropolitan France,RETAIL,Kg,kg,2.06
2020-04-01,,Bananas,France,Metropolitan France,RETAIL,Kg,kg,
2020-05-01,,Bananas,France,Metropolitan France,RETAIL,Kg,kg,
2020-06-01,,Bananas,France,Metropolitan France,RETAIL,Kg,kg,
2020-07-01,2.2,Bananas,France,Metropolitan France,RETAIL,Kg,kg,2.2
2020-08-01,2.25,Bananas,France,Metropolitan France,RETAIL,Kg,kg,2.25
2020-09-01,2.16,Bananas,France,Metropolitan France,RETAIL,Kg,kg,2.16
2020-10-01,2.14,Bananas,France,Metropolitan France,RETAIL,Kg,kg,2.14
2020-11-01,,Bananas,France,Metropolitan France,RETAIL,Kg,kg,
2020-12-01,,Bananas,France,Metropolitan France,RETAIL,Kg,kg,
2021-01-01,2.26,Bananas,France,Metropolitan France,RETAIL,Kg,kg,2.26
2021-02-01,2.3,Bananas,France,Metropolitan France,RETAIL,Kg,kg,2.3
2021-03-01,2.25,Bananas,France,Metropolitan France,RETAIL,Kg,kg,2.25
2021-04-01,2.28,Bananas,France,Metropolitan France,RETAIL,Kg,kg,2.28
2021-05-01,2.36,Bananas,France,Metropolitan France,RETAIL,Kg,kg,2.36
2021-06-01,2.28,Bananas,France,Metropolitan France,RETAIL,Kg,kg,2.28
2021-07-01,2.23,Bananas,France,Metropolitan France,RETAIL,Kg,kg,2.23
2021-08-01,2.24,Bananas,France,Metropolitan France,RETAIL,Kg,kg,2.24
2021-09-01,2.17,Bananas,France,Metropolitan France,RETAIL,Kg,kg,2.17
2021-10-01,2.16,Bananas,France,Metropolitan France,RETAIL,Kg,kg,2.16
2021-11-01,2.13,Bananas,France,Metropolitan France,RETAIL,Kg,kg,2.13
2021-12-01,2.1,Bananas,France,Metropolitan France,RETAIL,Kg,kg,2.1
2022-01-01,2.11,Bananas,France,Metropolitan France,RETAIL,Kg,kg,2.11
2022-02-01,2.14,Bananas,France,Metropolitan France,RETAIL,Kg,kg,2.14
2022-03-01,2.11,Bananas,France,Metropolitan France,RETAIL,Kg,kg,2.11
2022-04-01,2.08,Bananas,France,Metropolitan France,RETAIL,Kg,kg,2.08
2022-05-01,2.03,Bananas,France,Metropolitan France,RETAIL,Kg,kg,2.03
2022-06-01,2.02,Bananas,France,Metropolitan France,RETAIL,Kg,kg,2.02
2022-07-01,2.0,Bananas,France,Metropolitan France,RETAIL,Kg,kg,2.0
2022-08-01,1.98,Bananas,France,Metropolitan France,RETAIL,Kg,kg,1.98
2022-09-01,1.89,Bananas,France,Metropolitan France,RETAIL,Kg,kg,1.89
2022-10-01,1.91,Bananas,France,Metropolitan France,RETAIL,Kg,kg,1.91
2022-11-01,2.03,Bananas,France,Metropolitan France,RETAIL,Kg,kg,2.03
2022-12-01,2.08,Bananas,France,Metropolitan France,RETAIL,Kg,kg,2.08
2023-01-01,2.15,Bananas,France,Metropolitan France,RETAIL,Kg,kg,2.15
2023-02-01,2.26,Bananas,France,Metropolitan France,RETAIL,Kg,kg,2.26
2023-03-01,2.28,Bananas,France,Metropolitan France,RETAIL,Kg,kg,2.28
2023-04-01,2.37,Bananas,France,Metropolitan France,RETAIL,Kg,kg,2.37
2023-05-01,2.35,Bananas,France,Metropolitan France,RETAIL,Kg,kg,2.35
2023-06-01,2.3,Bananas,France,Metropolitan France,RETAIL,Kg,kg,2.3
2023-07-01,2.4,Bananas,France,Metropolitan France,RETAIL,Kg,kg,2.4
2023-08-01,2.38,Bananas,France,Metropolitan France,RETAIL,Kg,kg,2.38
2023-09-01,2.22,Bananas,France,Metropolitan France,RETAIL,Kg,kg,2.22
2023-10-01,2.25,Bananas,France,Metropolitan France,RETAIL,Kg,kg,2.25
2023-11-01,2.28,Bananas,France,Metropolitan France,RETAIL,Kg,kg,2.28
2023-12-01,2.29,Bananas,France,Metropolitan France,RETAIL,Kg,kg,2.29
2024-01-01,2.33,Bananas,France,Metropolitan France,RETAIL,Kg,kg,2.33
2024-02-01,2.3,Bananas,France,Metropolitan France,RETAIL,Kg,kg,2.3
2024-03-01,2.28,Bananas,France,Metropolitan France,RETAIL,Kg,kg,2.28
2024-04-01,2.27,Bananas,France,Metropolitan France,RETAIL,Kg,kg,2.27
2024-05-01,2.29,Bananas,France,Metropolitan France,RETAIL,Kg,kg,2.29
2024-06-01,2.29,Bananas,France,Metropolitan France,RETAIL,Kg,kg,2.29
2024-07-01,2.32,Bananas,France,Metropolitan France,RETAIL,Kg,kg,2.32
2024-08-01,2.39,Bananas,France,Metropolitan France,RETAIL,Kg,kg,2.39
2024-09-01,2.29,Bananas,France,Metropolitan France,RETAIL,Kg,kg,2.29
2024-10-01,2.24,Bananas,France,Metropolitan France,RETAIL,Kg,kg,2.24
2024-11-01,2.26,Bananas,France,Metropolitan France,RETAIL,Kg,kg,2.26
2024-12-01,2.19,Bananas,France,Metropolitan France,RETAIL,Kg,kg,2.19
2025-01-01,2.13,Bananas,France,Metropolitan France,RETAIL,Kg,kg,2.13
2025-02-01,2.19,Bananas,France,Metropolitan France,RETAIL,Kg,kg,2.19
2025-03-01,2.29,Bananas,France,Metropolitan France,RETAIL,Kg,kg,2.29
2025-04-01,2.37,Bananas,France,Metropolitan France,RETAIL,Kg,kg,2.37
2025-05-01,2.44,Bananas,France,Metropolitan France,RETAIL,Kg,kg,2.44
2025-06-01,2.44,Bananas,France,Metropolitan France,RETAIL,Kg,kg,2.44
2025-07-01,2.48,Bananas,France,Metropolitan France,RETAIL,Kg,kg,2.48
2025-08-01,2.5,Bananas,France,Metropolitan France,RETAIL,Kg,kg,2.5
2025-09-01,2.43,Bananas,France,Metropolitan France,RETAIL,Kg,kg,2.43
2020-03-01,1.05,Bananas,Guinea-Bissau,Bissau-Bandim,RETAIL,Kg,kg,1.05
2020-04-01,,Bananas,Guinea-Bissau,Bissau-Bandim,RETAIL,Kg,kg,
2020-05-01,,Bananas,Guinea-Bissau,Bissau-Bandim,RETAIL,Kg,kg,
2020-06-01,1.86,Bananas,Guinea-Bissau,Bissau-Bandim,RETAIL,Kg,kg,1.86
2020-07-01,,Bananas,Guinea-Bissau,Bissau-Bandim,RETAIL,Kg,kg,
2020-08-01,1.41,Bananas,Guinea-Bissau,Bissau-Bandim,RETAIL,Kg,kg,1.41
2020-09-01,1.38,Bananas,Guinea-Bissau,Bissau-Bandim,RETAIL,Kg,kg,1.38
2020-10-01,1.42,Bananas,Guinea-Bissau,Bissau-Bandim,RETAIL,Kg,kg,1.42
2020-11-01,1.8,Bananas,Guinea-Bissau,Bissau-Bandim,RETAIL,Kg,kg,1.8
2020-12-01,1.86,Bananas,Guinea-Bissau,Bissau-Bandim,RETAIL,Kg,kg,1.86
2021-01-01,1.56,Bananas,Guinea-Bissau,Bissau-Bandim,RETAIL,Kg,kg,1.56
2021-02-01,1.41,Bananas,Guinea-Bissau,Bissau-Bandim,RETAIL,Kg,kg,1.41
2021-03-01,1.3,Bananas,Guinea-Bissau,Bissau-Bandim,RETAIL,Kg,kg,1.3
2021-04-01,1.28,Bananas,Guinea-Bissau,Bissau-Bandim,RETAIL,Kg,kg,1.28
2021-05-01,1.33,Bananas,Guinea-Bissau,Bissau-Bandim,RETAIL,Kg,kg,1.33
2021-06-01,1.32,Bananas,Guinea-Bissau,Bissau-Bandim,RETAIL,Kg,kg,1.32
2021-07-01,1.08,Bananas,Guinea-Bissau,Bissau-Bandim,RETAIL,Kg,kg,1.08
2021-08-01,1.08,Bananas,Guinea-Bissau,Bissau-Bandim,RETAIL,Kg,kg,1.08
2021-09-01,1.13,Bananas,Guinea-Bissau,Bissau-Bandim,RETAIL,Kg,kg,1.13
2021-10-01,1.06,Bananas,Guinea-Bissau,Bissau-Bandim,RETAIL,Kg,kg,1.06
2021-11-01,0.87,Bananas,Guinea-Bissau,Bissau-Bandim,RETAIL,Kg,kg,0.87
2021-12-01,1.03,Bananas,Guinea-Bissau,Bissau-Bandim,RETAIL,Kg,kg,1.03
2022-01-01,1.03,Bananas,Guinea-Bissau,Bissau-Bandim,RETAIL,Kg,kg,1.03
2022-02-01,1.04,Bananas,Guinea-Bissau,Bissau-Bandim,RETAIL,Kg,kg,1.04
2022-03-01,1.01,Bananas,Guinea-Bissau,Bissau-Bandim,RETAIL,Kg,kg,1.01
2022-04-01,1.07,Bananas,Guinea-Bissau,Bissau-Bandim,RETAIL,Kg,kg,1.07
2022-05-01,1.19,Bananas,Guinea-Bissau,Bissau-Bandim,RETAIL,Kg,kg,1.19
2022-06-01,1.13,Bananas,Guinea-Bissau,Bissau-Bandim,RETAIL,Kg,kg,1.13
2022-07-01,1.24,Bananas,Guinea-Bissau,Bissau-Bandim,RETAIL,Kg,kg,1.24
2022-08-01,1.08,Bananas,Guinea-Bissau,Bissau-Bandim,RETAIL,Kg,kg,1.08
2022-09-01,1.06,Bananas,Guinea-Bissau,Bissau-Bandim,RETAIL,Kg,kg,1.06
2022-10-01,1.05,Bananas,Guinea-Bissau,Bissau-Bandim,RETAIL,Kg,kg,1.05
2022-11-01,1.09,Bananas,Guinea-Bissau,Bissau-Bandim,RETAIL,Kg,kg,1.09
2022-12-01,1.13,Bananas,Guinea-Bissau,Bissau-Bandim,RETAIL,Kg,kg,1.13
2023-01-01,1.15,Bananas,Guinea-Bissau,Bissau-Bandim,RETAIL,Kg,kg,1.15
2023-02-01,1.14,Bananas,Guinea-Bissau,Bissau-Bandim,RETAIL,Kg,kg,1.14
2023-03-01,1.14,Bananas,Guinea-Bissau,Bissau-Bandim,RETAIL,Kg,kg,1.14
2023-04-01,1.17,Bananas,Guinea-Bissau,Bissau-Bandim,RETAIL,Kg,kg,1.17
2023-05-01,0.99,Bananas,Guinea-Bissau,Bissau-Bandim,RETAIL,Kg,kg,0.99
2023-06-01,0.99,Bananas,Guinea-Bissau,Bissau-Bandim,RETAIL,Kg,kg,0.99
2023-07-01,1.01,Bananas,Guinea-Bissau,Bissau-Bandim,RETAIL,Kg,kg,1.01
2023-08-01,1.16,Bananas,Guinea-Bissau,Bissau-Bandim,RETAIL,Kg,kg,1.16
2023-09-01,1.28,Bananas,Guinea-Bissau,Bissau-Bandim,RETAIL,Kg,kg,1.28
2023-10-01,1.02,Bananas,Guinea-Bissau,Bissau-Bandim,RETAIL,Kg,kg,1.02
2023-11-01,0.99,Bananas,Guinea-Bissau,Bissau-Bandim,RETAIL,Kg,kg,0.99
2023-12-01,1.0,Bananas,Guinea-Bissau,Bissau-Bandim,RETAIL,Kg,kg,1.0
2024-01-01,1.24,Bananas,Guinea-Bissau,Bissau-Bandim,RETAIL,Kg,kg,1.24
2024-02-01,1.15,Bananas,Guinea-Bissau,Bissau-Bandim,RETAIL,Kg,kg,1.15
2024-03-01,1.16,Bananas,Guinea-Bissau,Bissau-Bandim,RETAIL,Kg,kg,1.16
2024-04-01,1.31,Bananas,Guinea-Bissau,Bissau-Bandim,RETAIL,Kg,kg,1.31
2024-05-01,1.32,Bananas,Guinea-Bissau,Bissau-Bandim,RETAIL,Kg,kg,1.32
2024-06-01,0.98,Bananas,Guinea-Bissau,Bissau-Bandim,RETAIL,Kg,kg,0.98
2024-07-01,0.99,Bananas,Guinea-Bissau,Bissau-Bandim,RETAIL,Kg,kg,0.99
2024-08-01,1.01,Bananas,Guinea-Bissau,Bissau-Bandim,RETAIL,Kg,kg,1.01
2024-09-01,1.02,Bananas,Guinea-Bissau,Bissau-Bandim,RETAIL,Kg,kg,1.02
2024-10-01,1.0,Bananas,Guinea-Bissau,Bissau-Bandim,RETAIL,Kg,kg,1.0
2024-11-01,0.97,Bananas,Guinea-Bissau,Bissau-Bandim,RETAIL,Kg,kg,0.97
2024-12-01,0.8,Bananas,Guinea-Bissau,Bissau-Bandim,RETAIL,Kg,kg,0.8
2025-01-01,,Bananas,Guinea-Bissau,Bissau-Bandim,RETAIL,Kg,kg,
2025-02-01,,Bananas,Guinea-Bissau,Bissau-Bandim,RETAIL,Kg,kg,
2025-03-01,0.99,Bananas,Guinea-Bissau,Bissau-Bandim,RETAIL,Kg,kg,0.99
2025-04-01,,Bananas,Guinea-Bissau,Bissau-Bandim,RETAIL,Kg,kg,
2025-05-01,,Bananas,Guinea-Bissau,Bissau-Bandim,RETAIL,Kg,kg,
2025-06-01,1.05,Bananas,Guinea-Bissau,Bissau-Bandim,RETAIL,Kg,kg,1.05
2020-08-01,0.81,Bananas,Guinea-Bissau,Bissora,RETAIL,Kg,kg,0.81
2020-09-01,0.93,Bananas,Guinea-Bissau,Bissora,RETAIL,Kg,kg,0.93
2020-10-01,0.93,Bananas,Guinea-Bissau,Bissora,RETAIL,Kg,kg,0.93
2020-11-01,1.21,Bananas,Guinea-Bissau,Bissora,RETAIL,Kg,kg,1.21
2020-12-01,1.24,Bananas,Guinea-Bissau,Bissora,RETAIL,Kg,kg,1.24
2021-01-01,1.26,Bananas,Guinea-Bissau,Bissora,RETAIL,Kg,kg,1.26
2021-02-01,1.18,Bananas,Guinea-Bissau,Bissora,RETAIL,Kg,kg,1.18
2021-03-01,1.14,Bananas,Guinea-Bissau,Bissora,RETAIL,Kg,kg,1.14
2021-04-01,1.26,Bananas,Guinea-Bissau,Bissora,RETAIL,Kg,kg,1.26
2021-05-01,1.0,Bananas,Guinea-Bissau,Bissora,RETAIL,Kg,kg,1.0
2021-06-01,1.0,Bananas,Guinea-Bissau,Bissora,RETAIL,Kg,kg,1.0
2021-07-01,1.16,Bananas,Guinea-Bissau,Bissora,RETAIL,Kg,kg,1.16
2021-08-01,1.16,Bananas,Guinea-Bissau,Bissora,RETAIL,Kg,kg,1.16
2021-09-01,1.01,Bananas,Guinea-Bissau,Bissora,RETAIL,Kg,kg,1.01
2021-10-01,0.97,Bananas,Guinea-Bissau,Bissora,RETAIL,Kg,kg,0.97
2021-11-01,0.98,Bananas,Guinea-Bissau,Bissora,RETAIL,Kg,kg,0.98
2021-12-01,1.07,Bananas,Guinea-Bissau,Bissora,RETAIL,Kg,kg,1.07
2022-01-01,1.26,Bananas,Guinea-Bissau,Bissora,RETAIL,Kg,kg,1.26
2022-02-01,0.97,Bananas,Guinea-Bissau,Bissora,RETAIL,Kg,kg,0.97
2022-03-01,1.31,Bananas,Guinea-Bissau,Bissora,RETAIL,Kg,kg,1.31
2022-04-01,1.25,Bananas,Guinea-Bissau,Bissora,RETAIL,Kg,kg,1.25
2022-05-01,1.2,Bananas,Guinea-Bissau,Bissora,RETAIL,Kg,kg,1.2
2022-06-01,1.27,Bananas,Guinea-Bissau,Bissora,RETAIL,Kg,kg,1.27
2022-07-01,1.04,Bananas,Guinea-Bissau,Bissora,RETAIL,Kg,kg,1.04
2022-08-01,1.09,Bananas,Guinea-Bissau,Bissora,RETAIL,Kg,kg,1.09
2022-09-01,1.08,Bananas,Guinea-Bissau,Bissora,RETAIL,Kg,kg,1.08
2022-10-01,1.08,Bananas,Guinea-Bissau,Bissora,RETAIL,Kg,kg,1.08
2022-11-01,1.15,Bananas,Guinea-Bissau,Bissora,RETAIL,Kg,kg,1.15
2022-12-01,0.81,Bananas,Guinea-Bissau,Bissora,RETAIL,Kg,kg,0.81
2023-01-01,0.85,Bananas,Guinea-Bissau,Bissora,RETAIL,Kg,kg,0.85
2023-02-01,0.85,Bananas,Guinea-Bissau,Bissora,RETAIL,Kg,kg,0.85
2023-03-01,0.86,Bananas,Guinea-Bissau,Bissora,RETAIL,Kg,kg,0.86
2023-04-01,0.89,Bananas,Guinea-Bissau,Bissora,RETAIL,Kg,kg,0.89
2023-05-01,1.2,Bananas,Guinea-Bissau,Bissora,RETAIL,Kg,kg,1.2
2023-06-01,1.65,Bananas,Guinea-Bissau,Bissora,RETAIL,Kg,kg,1.65
2023-07-01,2.48,Bananas,Guinea-Bissau,Bissora,RETAIL,Kg,kg,2.48
2023-08-01,1.63,Bananas,Guinea-Bissau,Bissora,RETAIL,Kg,kg,1.63
2023-09-01,1.31,Bananas,Guinea-Bissau,Bissora,RETAIL,Kg,kg,1.31
2023-10-01,1.19,Bananas,Guinea-Bissau,Bissora,RETAIL,Kg,kg,1.19
2023-11-01,1.14,Bananas,Guinea-Bissau,Bissora,RETAIL,Kg,kg,1.14
2023-12-01,1.33,Bananas,Guinea-Bissau,Bissora,RETAIL,Kg,kg,1.33
2024-01-01,1.32,Bananas,Guinea-Bissau,Bissora,RETAIL,Kg,kg,1.32
2024-02-01,1.29,Bananas,Guinea-Bissau,Bissora,RETAIL,Kg,kg,1.29
2024-03-01,1.04,Bananas,Guinea-Bissau,Bissora,RETAIL,Kg,kg,1.04
2024-04-01,1.37,Bananas,Guinea-Bissau,Bissora,RETAIL,Kg,kg,1.37
2024-05-01,2.11,Bananas,Guinea-Bissau,Bissora,RETAIL,Kg,kg,2.11
2024-06-01,1.26,Bananas,Guinea-Bissau,Bissora,RETAIL,Kg,kg,1.26
2024-07-01,1.44,Bananas,Guinea-Bissau,Bissora,RETAIL,Kg,kg,1.44
2024-08-01,1.95,Bananas,Guinea-Bissau,Bissora,RETAIL,Kg,kg,1.95
2024-09-01,1.67,Bananas,Guinea-Bissau,Bissora,RETAIL,Kg,kg,1.67
2024-10-01,1.7,Bananas,Guinea-Bissau,Bissora,RETAIL,Kg,kg,1.7
2024-11-01,1.65,Bananas,Guinea-Bissau,Bissora,RETAIL,Kg,kg,1.65
2024-12-01,1.45,Bananas,Guinea-Bissau,Bissora,RETAIL,Kg,kg,1.45
2025-01-01,,Bananas,Guinea-Bissau,Bissora,RETAIL,Kg,kg,
2025-02-01,,Bananas,Guinea-Bissau,Bissora,RETAIL,Kg,kg,
2025-03-01,1.68,Bananas,Guinea-Bissau,Bissora,RETAIL,Kg,kg,1.68
2025-04-01,,Bananas,Guinea-Bissau,Bissora,RETAIL,Kg,kg,
2025-05-01,,Bananas,Guinea-Bissau,Bissora,RETAIL,Kg,kg,
2025-06-01,1.66,Bananas,Guinea-Bissau,Bissora,RETAIL,Kg,kg,1.66
2020-10-01,1.26,Bananas,Guinea-Bissau,Cacheu,RETAIL,Kg,kg,1.26
2020-11-01,1.08,Bananas,Guinea-Bissau,Cacheu,RETAIL,Kg,kg,1.08
2020-12-01,1.11,Bananas,Guinea-Bissau,Cacheu,RETAIL,Kg,kg,1.11
2021-01-01,1.31,Bananas,Guinea-Bissau,Cacheu,RETAIL,Kg,kg,1.31
2021-02-01,1.08,Bananas,Guinea-Bissau,Cacheu,RETAIL,Kg,kg,1.08
2021-03-01,1.21,Bananas,Guinea-Bissau,Cacheu,RETAIL,Kg,kg,1.21
2021-04-01,1.31,Bananas,Guinea-Bissau,Cacheu,RETAIL,Kg,kg,1.31
2021-05-01,1.08,Bananas,Guinea-Bissau,Cacheu,RETAIL,Kg,kg,1.08
2021-06-01,1.04,Bananas,Guinea-Bissau,Cacheu,RETAIL,Kg,kg,1.04
2021-07-01,,Bananas,Guinea-Bissau,Cacheu,RETAIL,Kg,kg,
2021-08-01,1.2,Bananas,Guinea-Bissau,Cacheu,RETAIL,Kg,kg,1.2
2021-09-01,,Bananas,Guinea-Bissau,Cacheu,RETAIL,Kg,kg,
2021-10-01,0.97,Bananas,Guinea-Bissau,Cacheu,RETAIL,Kg,kg,0.97
2021-11-01,1.04,Bananas,Guinea-Bissau,Cacheu,RETAIL,Kg,kg,1.04
2021-12-01,1.26,Bananas,Guinea-Bissau,Cacheu,RETAIL,Kg,kg,1.26
2022-01-01,1.03,Bananas,Guinea-Bissau,Cacheu,RETAIL,Kg,kg,1.03
2022-02-01,0.95,Bananas,Guinea-Bissau,Cacheu,RETAIL,Kg,kg,0.95
2022-03-01,1.12,Bananas,Guinea-Bissau,Cacheu,RETAIL,Kg,kg,1.12
2022-04-01,1.13,Bananas,Guinea-Bissau,Cacheu,RETAIL,Kg,kg,1.13
2022-05-01,0.97,Bananas,Guinea-Bissau,Cacheu,RETAIL,Kg,kg,0.97
2022-06-01,1.1,Bananas,Guinea-Bissau,Cacheu,RETAIL,Kg,kg,1.1
2022-07-01,1.11,Bananas,Guinea-Bissau,Cacheu,RETAIL,Kg,kg,1.11
2022-08-01,1.18,Bananas,Guinea-Bissau,Cacheu,RETAIL,Kg,kg,1.18
2022-09-01,1.16,Bananas,Guinea-Bissau,Cacheu,RETAIL,Kg,kg,1.16
2022-10-01,1.13,Bananas,Guinea-Bissau,Cacheu,RETAIL,Kg,kg,1.13
2022-11-01,1.19,Bananas,Guinea-Bissau,Cacheu,RETAIL,Kg,kg,1.19
2022-12-01,0.92,Bananas,Guinea-Bissau,Cacheu,RETAIL,Kg,kg,0.92
2023-01-01,1.13,Bananas,Guinea-Bissau,Cacheu,RETAIL,Kg,kg,1.13
2023-02-01,1.12,Bananas,Guinea-Bissau,Cacheu,RETAIL,Kg,kg,1.12
2023-03-01,1.1,Bananas,Guinea-Bissau,Cacheu,RETAIL,Kg,kg,1.1
2023-04-01,1.13,Bananas,Guinea-Bissau,Cacheu,RETAIL,Kg,kg,1.13
2023-05-01,1.69,Bananas,Guinea-Bissau,Cacheu,RETAIL,Kg,kg,1.69
2023-06-01,1.4,Bananas,Guinea-Bissau,Cacheu,RETAIL,Kg,kg,1.4
2023-07-01,1.85,Bananas,Guinea-Bissau,Cacheu,RETAIL,Kg,kg,1.85
2023-08-01,1.47,Bananas,Guinea-Bissau,Cacheu,RETAIL,Kg,kg,1.47
2023-09-01,0.59,Bananas,Guinea-Bissau,Cacheu,RETAIL,Kg,kg,0.59
2023-10-01,1.18,Bananas,Guinea-Bissau,Cacheu,RETAIL,Kg,kg,1.18
2023-11-01,1.73,Bananas,Guinea-Bissau,Cacheu,RETAIL,Kg,kg,1.73
2023-12-01,1.47,Bananas,Guinea-Bissau,Cacheu,RETAIL,Kg,kg,1.47
2024-01-01,1.65,Bananas,Guinea-Bissau,Cacheu,RETAIL,Kg,kg,1.65
2024-02-01,0.88,Bananas,Guinea-Bissau,Cacheu,RETAIL,Kg,kg,0.88
2024-03-01,0.99,Bananas,Guinea-Bissau,Cacheu,RETAIL,Kg,kg,0.99
2024-04-01,1.02,Bananas,Guinea-Bissau,Cacheu,RETAIL,Kg,kg,1.02
2024-05-01,1.82,Bananas,Guinea-Bissau,Cacheu,RETAIL,Kg,kg,1.82
2024-06-01,2.05,Bananas,Guinea-Bissau,Cacheu,RETAIL,Kg,kg,2.05
2024-07-01,,Bananas,Guinea-Bissau,Cacheu,RETAIL,Kg,kg,
2024-08-01,,Bananas,Guinea-Bissau,Cacheu,RETAIL,Kg,kg,
2024-09-01,1.13,Bananas,Guinea-Bissau,Cacheu,RETAIL,Kg,kg,1.13
2024-10-01,1.44,Bananas,Guinea-Bissau,Cacheu,RETAIL,Kg,kg,1.44
2024-11-01,1.54,Bananas,Guinea-Bissau,Cacheu,RETAIL,Kg,kg,1.54
2024-12-01,1.39,Bananas,Guinea-Bissau,Cacheu,RETAIL,Kg,kg,1.39
2025-01-01,,Bananas,Guinea-Bissau,Cacheu,RETAIL,Kg,kg,
2025-02-01,,Bananas,Guinea-Bissau,Cacheu,RETAIL,Kg,kg,
2025-03-01,0.97,Bananas,Guinea-Bissau,Cacheu,RETAIL,Kg,kg,0.97
2025-04-01,,Bananas,Guinea-Bissau,Cacheu,RETAIL,Kg,kg,
2025-05-01,,Bananas,Guinea-Bissau,Cacheu,RETAIL,Kg,kg,
2025-06-01,1.67,Bananas,Guinea-Bissau,Cacheu,RETAIL,Kg,kg,1.67
2020-05-01,0.47,Bananas,Guinea-Bissau,Catio,RETAIL,Kg,kg,0.47
2020-06-01,0.51,Bananas,Guinea-Bissau,Catio,RETAIL,Kg,kg,0.51
2020-07-01,,Bananas,Guinea-Bissau,Catio,RETAIL,Kg,kg,
2020-08-01,1.05,Bananas,Guinea-Bissau,Catio,RETAIL,Kg,kg,1.05
2020-09-01,1.01,Bananas,Guinea-Bissau,Catio,RETAIL,Kg,kg,1.01
2020-10-01,,Bananas,Guinea-Bissau,Catio,RETAIL,Kg,kg,
2020-11-01,0.93,Bananas,Guinea-Bissau,Catio,RETAIL,Kg,kg,0.93
2020-12-01,0.96,Bananas,Guinea-Bissau,Catio,RETAIL,Kg,kg,0.96
2021-01-01,1.09,Bananas,Guinea-Bissau,Catio,RETAIL,Kg,kg,1.09
2021-02-01,1.06,Bananas,Guinea-Bissau,Catio,RETAIL,Kg,kg,1.06
2021-03-01,0.92,Bananas,Guinea-Bissau,Catio,RETAIL,Kg,kg,0.92
2021-04-01,0.95,Bananas,Guinea-Bissau,Catio,RETAIL,Kg,kg,0.95
2021-05-01,0.97,Bananas,Guinea-Bissau,Catio,RETAIL,Kg,kg,0.97
2021-06-01,1.01,Bananas,Guinea-Bissau,Catio,RETAIL,Kg,kg,1.01
2021-07-01,1.08,Bananas,Guinea-Bissau,Catio,RETAIL,Kg,kg,1.08
2021-08-01,0.93,Bananas,Guinea-Bissau,Catio,RETAIL,Kg,kg,0.93
2021-09-01,1.02,Bananas,Guinea-Bissau,Catio,RETAIL,Kg,kg,1.02
2021-10-01,0.97,Bananas,Guinea-Bissau,Catio,RETAIL,Kg,kg,0.97
2021-11-01,0.93,Bananas,Guinea-Bissau,Catio,RETAIL,Kg,kg,0.93
2021-12-01,0.95,Bananas,Guinea-Bissau,Catio,RETAIL,Kg,kg,0.95
2022-01-01,0.91,Bananas,Guinea-Bissau,Catio,RETAIL,Kg,kg,0.91
2022-02-01,0.93,Bananas,Guinea-Bissau,Catio,RETAIL,Kg,kg,0.93
2022-03-01,1.04,Bananas,Guinea-Bissau,Catio,RETAIL,Kg,kg,1.04
2022-04-01,0.99,Bananas,Guinea-Bissau,Catio,RETAIL,Kg,kg,0.99
2022-05-01,0.91,Bananas,Guinea-Bissau,Catio,RETAIL,Kg,kg,0.91
2022-06-01,0.86,Bananas,Guinea-Bissau,Catio,RETAIL,Kg,kg,0.86
2022-07-01,0.83,Bananas,Guinea-Bissau,Catio,RETAIL,Kg,kg,0.83
2022-08-01,0.85,Bananas,Guinea-Bissau,Catio,RETAIL,Kg,kg,0.85
2022-09-01,0.85,Bananas,Guinea-Bissau,Catio,RETAIL,Kg,kg,0.85
2022-10-01,0.83,Bananas,Guinea-Bissau,Catio,RETAIL,Kg,kg,0.83
2022-11-01,0.86,Bananas,Guinea-Bissau,Catio,RETAIL,Kg,kg,0.86
2022-12-01,1.31,Bananas,Guinea-Bissau,Catio,RETAIL,Kg,kg,1.31
2023-01-01,1.34,Bananas,Guinea-Bissau,Catio,RETAIL,Kg,kg,1.34
2023-02-01,1.33,Bananas,Guinea-Bissau,Catio,RETAIL,Kg,kg,1.33
2023-03-01,1.34,Bananas,Guinea-Bissau,Catio,RETAIL,Kg,kg,1.34
2023-04-01,1.39,Bananas,Guinea-Bissau,Catio,RETAIL,Kg,kg,1.39
2023-05-01,1.41,Bananas,Guinea-Bissau,Catio,RETAIL,Kg,kg,1.41
2023-06-01,0.85,Bananas,Guinea-Bissau,Catio,RETAIL,Kg,kg,0.85
2023-07-01,1.01,Bananas,Guinea-Bissau,Catio,RETAIL,Kg,kg,1.01
2023-08-01,0.97,Bananas,Guinea-Bissau,Catio,RETAIL,Kg,kg,0.97
2023-09-01,0.98,Bananas,Guinea-Bissau,Catio,RETAIL,Kg,kg,0.98
2023-10-01,1.02,Bananas,Guinea-Bissau,Catio,RETAIL,Kg,kg,1.02
2023-11-01,1.02,Bananas,Guinea-Bissau,Catio,RETAIL,Kg,kg,1.02
2023-12-01,0.89,Bananas,Guinea-Bissau,Catio,RETAIL,Kg,kg,0.89
2024-01-01,0.91,Bananas,Guinea-Bissau,Catio,RETAIL,Kg,kg,0.91
2024-02-01,1.04,Bananas,Guinea-Bissau,Catio,RETAIL,Kg,kg,1.04
2024-03-01,0.91,Bananas,Guinea-Bissau,Catio,RETAIL,Kg,kg,0.91
2024-04-01,0.85,Bananas,Guinea-Bissau,Catio,RETAIL,Kg,kg,0.85
2024-05-01,1.35,Bananas,Guinea-Bissau,Catio,RETAIL,Kg,kg,1.35
2024-06-01,0.91,Bananas,Guinea-Bissau,Catio,RETAIL,Kg,kg,0.91
2024-07-01,0.88,Bananas,Guinea-Bissau,Catio,RETAIL,Kg,kg,0.88
2024-08-01,0.9,Bananas,Guinea-Bissau,Catio,RETAIL,Kg,kg,0.9
2024-09-01,1.02,Bananas,Guinea-Bissau,Catio,RETAIL,Kg,kg,1.02
2024-10-01,0.83,Bananas,Guinea-Bissau,Catio,RETAIL,Kg,kg,0.83
2024-11-01,0.81,Bananas,Guinea-Bissau,Catio,RETAIL,Kg,kg,0.81
2024-12-01,0.96,Bananas,Guinea-Bissau,Catio,RETAIL,Kg,kg,0.96
2025-01-01,,Bananas,Guinea-Bissau,Catio,RETAIL,Kg,kg,
2025-02-01,,Bananas,Guinea-Bissau,Catio,RETAIL,Kg,kg,
2025-03-01,0.82,Bananas,Guinea-Bissau,Catio,RETAIL,Kg,kg,0.82
2025-04-01,,Bananas,Guinea-Bissau,Catio,RETAIL,Kg,kg,
2025-05-01,,Bananas,Guinea-Bissau,Catio,RETAIL,Kg,kg,
2025-06-01,1.14,Bananas,Guinea-Bissau,Catio,RETAIL,Kg,kg,1.14
2020-05-01,1.16,Bananas,Guinea-Bissau,Gabu,RETAIL,Kg,kg,1.16
2020-06-01,1.72,Bananas,Guinea-Bissau,Gabu,RETAIL,Kg,kg,1.72
2020-07-01,1.0,Bananas,Guinea-Bissau,Gabu,RETAIL,Kg,kg,1.0
2020-08-01,,Bananas,Guinea-Bissau,Gabu,RETAIL,Kg,kg,
2020-09-01,0.9,Bananas,Guinea-Bissau,Gabu,RETAIL,Kg,kg,0.9
2020-10-01,0.95,Bananas,Guinea-Bissau,Gabu,RETAIL,Kg,kg,0.95
2020-11-01,1.18,Bananas,Guinea-Bissau,Gabu,RETAIL,Kg,kg,1.18
2020-12-01,1.21,Bananas,Guinea-Bissau,Gabu,RETAIL,Kg,kg,1.21
2021-01-01,1.18,Bananas,Guinea-Bissau,Gabu,RETAIL,Kg,kg,1.18
2021-02-01,1.11,Bananas,Guinea-Bissau,Gabu,RETAIL,Kg,kg,1.11
2021-03-01,0.96,Bananas,Guinea-Bissau,Gabu,RETAIL,Kg,kg,0.96
2021-04-01,1.35,Bananas,Guinea-Bissau,Gabu,RETAIL,Kg,kg,1.35
2021-05-01,0.93,Bananas,Guinea-Bissau,Gabu,RETAIL,Kg,kg,0.93
2021-06-01,1.26,Bananas,Guinea-Bissau,Gabu,RETAIL,Kg,kg,1.26
2021-07-01,1.39,Bananas,Guinea-Bissau,Gabu,RETAIL,Kg,kg,1.39
2021-08-01,0.96,Bananas,Guinea-Bissau,Gabu,RETAIL,Kg,kg,0.96
2021-09-01,0.9,Bananas,Guinea-Bissau,Gabu,RETAIL,Kg,kg,0.9
2021-10-01,0.88,Bananas,Guinea-Bissau,Gabu,RETAIL,Kg,kg,0.88
2021-11-01,0.87,Bananas,Guinea-Bissau,Gabu,RETAIL,Kg,kg,0.87
2021-12-01,0.86,Bananas,Guinea-Bissau,Gabu,RETAIL,Kg,kg,0.86
2022-01-01,0.86,Bananas,Guinea-Bissau,Gabu,RETAIL,Kg,kg,0.86
2022-02-01,0.92,Bananas,Guinea-Bissau,Gabu,RETAIL,Kg,kg,0.92
2022-03-01,1.06,Bananas,Guinea-Bissau,Gabu,RETAIL,Kg,kg,1.06
2022-04-01,0.89,Bananas,Guinea-Bissau,Gabu,RETAIL,Kg,kg,0.89
2022-05-01,0.81,Bananas,Guinea-Bissau,Gabu,RETAIL,Kg,kg,0.81
2022-06-01,1.02,Bananas,Guinea-Bissau,Gabu,RETAIL,Kg,kg,1.02
2022-07-01,1.09,Bananas,Guinea-Bissau,Gabu,RETAIL,Kg,kg,1.09
2022-08-01,0.88,Bananas,Guinea-Bissau,Gabu,RETAIL,Kg,kg,0.88
2022-09-01,0.91,Bananas,Guinea-Bissau,Gabu,RETAIL,Kg,kg,0.91
2022-10-01,0.92,Bananas,Guinea-Bissau,Gabu,RETAIL,Kg,kg,0.92
2022-11-01,1.01,Bananas,Guinea-Bissau,Gabu,RETAIL,Kg,kg,1.01
2022-12-01,0.97,Bananas,Guinea-Bissau,Gabu,RETAIL,Kg,kg,0.97
2023-01-01,0.99,Bananas,Guinea-Bissau,Gabu,RETAIL,Kg,kg,0.99
2023-02-01,0.99,Bananas,Guinea-Bissau,Gabu,RETAIL,Kg,kg,0.99
2023-03-01,1.03,Bananas,Guinea-Bissau,Gabu,RETAIL,Kg,kg,1.03
2023-04-01,1.05,Bananas,Guinea-Bissau,Gabu,RETAIL,Kg,kg,1.05
2023-05-01,0.99,Bananas,Guinea-Bissau,Gabu,RETAIL,Kg,kg,0.99
2023-06-01,0.99,Bananas,Guinea-Bissau,Gabu,RETAIL,Kg,kg,0.99
2023-07-01,1.01,Bananas,Guinea-Bissau,Gabu,RETAIL,Kg,kg,1.01
2023-08-01,1.0,Bananas,Guinea-Bissau,Gabu,RETAIL,Kg,kg,1.0
2023-09-01,0.98,Bananas,Guinea-Bissau,Gabu,RETAIL,Kg,kg,0.98
2023-10-01,0.97,Bananas,Guinea-Bissau,Gabu,RETAIL,Kg,kg,0.97
2023-11-01,0.99,Bananas,Guinea-Bissau,Gabu,RETAIL,Kg,kg,0.99
2023-12-01,1.0,Bananas,Guinea-Bissau,Gabu,RETAIL,Kg,kg,1.0
2024-01-01,1.0,Bananas,Guinea-Bissau,Gabu,RETAIL,Kg,kg,1.0
2024-02-01,0.83,Bananas,Guinea-Bissau,Gabu,RETAIL,Kg,kg,0.83
2024-03-01,1.2,Bananas,Guinea-Bissau,Gabu,RETAIL,Kg,kg,1.2
2024-04-01,1.34,Bananas,Guinea-Bissau,Gabu,RETAIL,Kg,kg,1.34
2024-05-01,1.98,Bananas,Guinea-Bissau,Gabu,RETAIL,Kg,kg,1.98
2024-06-01,1.37,Bananas,Guinea-Bissau,Gabu,RETAIL,Kg,kg,1.37
2024-07-01,1.37,Bananas,Guinea-Bissau,Gabu,RETAIL,Kg,kg,1.37
2024-08-01,1.2,Bananas,Guinea-Bissau,Gabu,RETAIL,Kg,kg,1.2
2024-09-01,1.47,Bananas,Guinea-Bissau,Gabu,RETAIL,Kg,kg,1.47
2024-10-01,1.39,Bananas,Guinea-Bissau,Gabu,RETAIL,Kg,kg,1.39
2024-11-01,1.3,Bananas,Guinea-Bissau,Gabu,RETAIL,Kg,kg,1.3
2024-12-01,1.12,Bananas,Guinea-Bissau,Gabu,RETAIL,Kg,kg,1.12
2025-01-01,,Bananas,Guinea-Bissau,Gabu,RETAIL,Kg,kg,
2025-02-01,,Bananas,Guinea-Bissau,Gabu,RETAIL,Kg,kg,
2025-03-01,1.44,Bananas,Guinea-Bissau,Gabu,RETAIL,Kg,kg,1.44
2025-04-01,,Bananas,Guinea-Bissau,Gabu,RETAIL,Kg,kg,
2025-05-01,,Bananas,Guinea-Bissau,Gabu,RETAIL,Kg,kg,
2025-06-01,1.49,Bananas,Guinea-Bissau,Gabu,RETAIL,Kg,kg,1.49
2020-08-01,1.08,Bananas,Guinea-Bissau,National Average,RETAIL,Kg,kg,1.08
2020-09-01,1.06,Bananas,Guinea-Bissau,National Average,RETAIL,Kg,kg,1.06
2020-10-01,1.07,Bananas,Guinea-Bissau,National Average,RETAIL,Kg,kg,1.07
2020-11-01,1.04,Bananas,Guinea-Bissau,National Average,RETAIL,Kg,kg,1.04
2020-12-01,1.06,Bananas,Guinea-Bissau,National Average,RETAIL,Kg,kg,1.06
2021-01-01,1.03,Bananas,Guinea-Bissau,National Average,RETAIL,Kg,kg,1.03
2021-02-01,1.05,Bananas,Guinea-Bissau,National Average,RETAIL,Kg,kg,1.05
2021-03-01,1.0,Bananas,Guinea-Bissau,National Average,RETAIL,Kg,kg,1.0
2021-04-01,1.1,Bananas,Guinea-Bissau,National Average,RETAIL,Kg,kg,1.1
2021-05-01,1.03,Bananas,Guinea-Bissau,National Average,RETAIL,Kg,kg,1.03
2021-06-01,1.05,Bananas,Guinea-Bissau,National Average,RETAIL,Kg,kg,1.05
2021-07-01,1.15,Bananas,Guinea-Bissau,National Average,RETAIL,Kg,kg,1.15
2021-08-01,1.1,Bananas,Guinea-Bissau,National Average,RETAIL,Kg,kg,1.1
2021-09-01,1.04,Bananas,Guinea-Bissau,National Average,RETAIL,Kg,kg,1.04
2021-10-01,1.0,Bananas,Guinea-Bissau,National Average,RETAIL,Kg,kg,1.0
2021-11-01,0.95,Bananas,Guinea-Bissau,National Average,RETAIL,Kg,kg,0.95
2021-12-01,1.0,Bananas,Guinea-Bissau,National Average,RETAIL,Kg,kg,1.0
2022-01-01,1.01,Bananas,Guinea-Bissau,National Average,RETAIL,Kg,kg,1.01
2022-02-01,0.99,Bananas,Guinea-Bissau,National Average,RETAIL,Kg,kg,0.99
2022-03-01,1.09,Bananas,Guinea-Bissau,National Average,RETAIL,Kg,kg,1.09
2022-04-01,1.05,Bananas,Guinea-Bissau,National Average,RETAIL,Kg,kg,1.05
2022-05-01,0.97,Bananas,Guinea-Bissau,National Average,RETAIL,Kg,kg,0.97
2022-06-01,1.03,Bananas,Guinea-Bissau,National Average,RETAIL,Kg,kg,1.03
2022-07-01,1.1,Bananas,Guinea-Bissau,National Average,RETAIL,Kg,kg,1.1
2022-08-01,1.06,Bananas,Guinea-Bissau,National Average,RETAIL,Kg,kg,1.06
2022-09-01,1.05,Bananas,Guinea-Bissau,National Average,RETAIL,Kg,kg,1.05
2022-10-01,1.03,Bananas,Guinea-Bissau,National Average,RETAIL,Kg,kg,1.03
2022-11-01,1.07,Bananas,Guinea-Bissau,National Average,RETAIL,Kg,kg,1.07
2022-12-01,1.04,Bananas,Guinea-Bissau,National Average,RETAIL,Kg,kg,1.04
2023-01-01,1.09,Bananas,Guinea-Bissau,National Average,RETAIL,Kg,kg,1.09
2023-02-01,1.12,Bananas,Guinea-Bissau,National Average,RETAIL,Kg,kg,1.12
2023-03-01,1.13,Bananas,Guinea-Bissau,National Average,RETAIL,Kg,kg,1.13
2023-04-01,1.15,Bananas,Guinea-Bissau,National Average,RETAIL,Kg,kg,1.15
2023-05-01,1.2,Bananas,Guinea-Bissau,National Average,RETAIL,Kg,kg,1.2
2023-06-01,1.15,Bananas,Guinea-Bissau,National Average,RETAIL,Kg,kg,1.15
2023-07-01,1.29,Bananas,Guinea-Bissau,National Average,RETAIL,Kg,kg,1.29
2023-08-01,1.17,Bananas,Guinea-Bissau,National Average,RETAIL,Kg,kg,1.17
2023-09-01,1.14,Bananas,Guinea-Bissau,National Average,RETAIL,Kg,kg,1.14
2023-10-01,1.23,Bananas,Guinea-Bissau,National Average,RETAIL,Kg,kg,1.23
2023-11-01,1.3,Bananas,Guinea-Bissau,National Average,RETAIL,Kg,kg,1.3
2023-12-01,1.23,Bananas,Guinea-Bissau,National Average,RETAIL,Kg,kg,1.23
2024-01-01,1.15,Bananas,Guinea-Bissau,National Average,RETAIL,Kg,kg,1.15
2024-02-01,1.02,Bananas,Guinea-Bissau,National Average,RETAIL,Kg,kg,1.02
2024-03-01,1.05,Bananas,Guinea-Bissau,National Average,RETAIL,Kg,kg,1.05
2024-04-01,0.99,Bananas,Guinea-Bissau,National Average,RETAIL,Kg,kg,0.99
2024-05-01,1.53,Bananas,Guinea-Bissau,National Average,RETAIL,Kg,kg,1.53
2024-06-01,1.27,Bananas,Guinea-Bissau,National Average,RETAIL,Kg,kg,1.27
2024-07-01,1.42,Bananas,Guinea-Bissau,National Average,RETAIL,Kg,kg,1.42
2024-08-01,1.2,Bananas,Guinea-Bissau,National Average,RETAIL,Kg,kg,1.2
2024-09-01,1.45,Bananas,Guinea-Bissau,National Average,RETAIL,Kg,kg,1.45
2024-10-01,1.32,Bananas,Guinea-Bissau,National Average,RETAIL,Kg,kg,1.32
2024-11-01,1.37,Bananas,Guinea-Bissau,National Average,RETAIL,Kg,kg,1.37
2024-12-01,1.38,Bananas,Guinea-Bissau,National Average,RETAIL,Kg,kg,1.38
2025-01-01,,Bananas,Guinea-Bissau,National Average,RETAIL,Kg,kg,
2025-02-01,,Bananas,Guinea-Bissau,National Average,RETAIL,Kg,kg,
2025-03-01,1.31,Bananas,Guinea-Bissau,National Average,RETAIL,Kg,kg,1.31
2025-04-01,,Bananas,Guinea-Bissau,National Average,RETAIL,Kg,kg,
2025-05-01,,Bananas,Guinea-Bissau,National Average,RETAIL,Kg,kg,
2025-06-01,1.32,Bananas,Guinea-Bissau,National Average,RETAIL,Kg,kg,1.32
2016-06-01,0.93,Bananas,Jordan,Al Mafraq,RETAIL,Kg,kg,0.93
2016-07-01,,Bananas,Jordan,Al Mafraq,RETAIL,Kg,kg,
2016-08-01,,Bananas,Jordan,Al Mafraq,RETAIL,Kg,kg,
2016-09-01,,Bananas,Jordan,Al Mafraq,RETAIL,Kg,kg,
2016-10-01,,Bananas,Jordan,Al Mafraq,RETAIL,Kg,kg,
2016-11-01,,Bananas,Jordan,Al Mafraq,RETAIL,Kg,kg,
2016-12-01,,Bananas,Jordan,Al Mafraq,RETAIL,Kg,kg,
2017-01-01,1.02,Bananas,Jordan,Al Mafraq,RETAIL,Kg,kg,1.02
2017-02-01,1.0,Bananas,Jordan,Al Mafraq,RETAIL,Kg,kg,1.0
2017-03-01,0.92,Bananas,Jordan,Al Mafraq,RETAIL,Kg,kg,0.92
2017-04-01,0.95,Bananas,Jordan,Al Mafraq,RETAIL,Kg,kg,0.95
2017-05-01,0.92,Bananas,Jordan,Al Mafraq,RETAIL,Kg,kg,0.92
2017-06-01,0.95,Bananas,Jordan,Al Mafraq,RETAIL,Kg,kg,0.95
2017-07-01,1.04,Bananas,Jordan,Al Mafraq,RETAIL,Kg,kg,1.04
2017-08-01,1.02,Bananas,Jordan,Al Mafraq,RETAIL,Kg,kg,1.02
2017-09-01,1.06,Bananas,Jordan,Al Mafraq,RETAIL,Kg,kg,1.06
2017-10-01,1.1,Bananas,Jordan,Al Mafraq,RETAIL,Kg,kg,1.1
2017-11-01,1.06,Bananas,Jordan,Al Mafraq,RETAIL,Kg,kg,1.06
2017-12-01,1.02,Bananas,Jordan,Al Mafraq,RETAIL,Kg,kg,1.02
2018-01-01,0.99,Bananas,Jordan,Al Mafraq,RETAIL,Kg,kg,0.99
2018-02-01,1.02,Bananas,Jordan,Al Mafraq,RETAIL,Kg,kg,1.02
2018-03-01,1.04,Bananas,Jordan,Al Mafraq,RETAIL,Kg,kg,1.04
2018-04-01,0.96,Bananas,Jordan,Al Mafraq,RETAIL,Kg,kg,0.96
2018-05-01,0.95,Bananas,Jordan,Al Mafraq,RETAIL,Kg,kg,0.95
2018-06-01,0.97,Bananas,Jordan,Al Mafraq,RETAIL,Kg,kg,0.97
2018-07-01,1.06,Bananas,Jordan,Al Mafraq,RETAIL,Kg,kg,1.06
2018-08-01,1.02,Bananas,Jordan,Al Mafraq,RETAIL,Kg,kg,1.02
2018-09-01,1.04,Bananas,Jordan,Al Mafraq,RETAIL,Kg,kg,1.04
2018-10-01,1.02,Bananas,Jordan,Al Mafraq,RETAIL,Kg,kg,1.02
2018-11-01,1.07,Bananas,Jordan,Al Mafraq,RETAIL,Kg,kg,1.07
2018-12-01,1.15,Bananas,Jordan,Al Mafraq,RETAIL,Kg,kg,1.15
2019-01-01,1.08,Bananas,Jordan,Al Mafraq,RETAIL,Kg,kg,1.08
2019-02-01,1.08,Bananas,Jordan,Al Mafraq,RETAIL,Kg,kg,1.08
2019-03-01,1.13,Bananas,Jordan,Al Mafraq,RETAIL,Kg,kg,1.13
2019-04-01,1.13,Bananas,Jordan,Al Mafraq,RETAIL,Kg,kg,1.13
2019-05-01,1.15,Bananas,Jordan,Al Mafraq,RETAIL,Kg,kg,1.15
2019-06-01,0.97,Bananas,Jordan,Al Mafraq,RETAIL,Kg,kg,0.97
2019-07-01,1.06,Bananas,Jordan,Al Mafraq,RETAIL,Kg,kg,1.06
2019-08-01,1.08,Bananas,Jordan,Al Mafraq,RETAIL,Kg,kg,1.08
2019-09-01,1.1,Bananas,Jordan,Al Mafraq,RETAIL,Kg,kg,1.1
2019-10-01,1.11,Bananas,Jordan,Al Mafraq,RETAIL,Kg,kg,1.11
2019-11-01,1.34,Bananas,Jordan,Al Mafraq,RETAIL,Kg,kg,1.34
2019-12-01,1.63,Bananas,Jordan,Al Mafraq,RETAIL,Kg,kg,1.63
2020-01-01,1.58,Bananas,Jordan,Al Mafraq,RETAIL,Kg,kg,1.58
2020-02-01,1.25,Bananas,Jordan,Al Mafraq,RETAIL,Kg,kg,1.25
2020-03-01,1.69,Bananas,Jordan,Al Mafraq,RETAIL,Kg,kg,1.69
2020-04-01,1.76,Bananas,Jordan,Al Mafraq,RETAIL,Kg,kg,1.76
2020-05-01,1.62,Bananas,Jordan,Al Mafraq,RETAIL,Kg,kg,1.62
2020-06-01,1.48,Bananas,Jordan,Al Mafraq,RETAIL,Kg,kg,1.48
2020-07-01,1.28,Bananas,Jordan,Al Mafraq,RETAIL,Kg,kg,1.28
2020-08-01,1.13,Bananas,Jordan,Al Mafraq,RETAIL,Kg,kg,1.13
2020-09-01,1.21,Bananas,Jordan,Al Mafraq,RETAIL,Kg,kg,1.21
2020-10-01,1.2,Bananas,Jordan,Al Mafraq,RETAIL,Kg,kg,1.2
2020-11-01,1.18,Bananas,Jordan,Al Mafraq,RETAIL,Kg,kg,1.18
2020-12-01,1.18,Bananas,Jordan,Al Mafraq,RETAIL,Kg,kg,1.18
2021-01-01,1.41,Bananas,Jordan,Al Mafraq,RETAIL,Kg,kg,1.41
2021-02-01,1.69,Bananas,Jordan,Al Mafraq,RETAIL,Kg,kg,1.69
2021-03-01,1.69,Bananas,Jordan,Al Mafraq,RETAIL,Kg,kg,1.69
2021-04-01,1.35,Bananas,Jordan,Al Mafraq,RETAIL,Kg,kg,1.35
2021-05-01,1.27,Bananas,Jordan,Al Mafraq,RETAIL,Kg,kg,1.27
2021-06-01,1.25,Bananas,Jordan,Al Mafraq,RETAIL,Kg,kg,1.25
2021-07-01,1.39,Bananas,Jordan,Al Mafraq,RETAIL,Kg,kg,1.39
2021-08-01,1.34,Bananas,Jordan,Al Mafraq,RETAIL,Kg,kg,1.34
2021-09-01,1.3,Bananas,Jordan,Al Mafraq,RETAIL,Kg,kg,1.3
2021-10-01,1.24,Bananas,Jordan,Al Mafraq,RETAIL,Kg,kg,1.24
2021-11-01,1.23,Bananas,Jordan,Al Mafraq,RETAIL,Kg,kg,1.23
2021-12-01,1.2,Bananas,Jordan,Al Mafraq,RETAIL,Kg,kg,1.2
2022-01-01,1.2,Bananas,Jordan,Al Mafraq,RETAIL,Kg,kg,1.2
2022-02-01,1.2,Bananas,Jordan,Al Mafraq,RETAIL,Kg,kg,1.2
2022-03-01,1.24,Bananas,Jordan,Al Mafraq,RETAIL,Kg,kg,1.24
2022-04-01,1.35,Bananas,Jordan,Al Mafraq,RETAIL,Kg,kg,1.35
2022-05-01,1.17,Bananas,Jordan,Al Mafraq,RETAIL,Kg,kg,1.17
2022-06-01,1.13,Bananas,Jordan,Al Mafraq,RETAIL,Kg,kg,1.13
2022-07-01,1.18,Bananas,Jordan,Al Mafraq,RETAIL,Kg,kg,1.18
2022-08-01,1.18,Bananas,Jordan,Al Mafraq,RETAIL,Kg,kg,1.18
2022-09-01,1.24,Bananas,Jordan,Al Mafraq,RETAIL,Kg,kg,1.24
2022-10-01,1.27,Bananas,Jordan,Al Mafraq,RETAIL,Kg,kg,1.27
2022-11-01,1.27,Bananas,Jordan,Al Mafraq,RETAIL,Kg,kg,1.27
2022-12-01,1.23,Bananas,Jordan,Al Mafraq,RETAIL,Kg,kg,1.23
2023-01-01,1.27,Bananas,Jordan,Al Mafraq,RETAIL,Kg,kg,1.27
2023-02-01,1.28,Bananas,Jordan,Al Mafraq,RETAIL,Kg,kg,1.28
2023-03-01,1.42,Bananas,Jordan,Al Mafraq,RETAIL,Kg,kg,1.42
2023-04-01,1.44,Bananas,Jordan,Al Mafraq,RETAIL,Kg,kg,1.44
2023-05-01,1.28,Bananas,Jordan,Al Mafraq,RETAIL,Kg,kg,1.28
2023-06-01,1.14,Bananas,Jordan,Al Mafraq,RETAIL,Kg,kg,1.14
2023-07-01,1.15,Bananas,Jordan,Al Mafraq,RETAIL,Kg,kg,1.15
2023-08-01,1.18,Bananas,Jordan,Al Mafraq,RETAIL,Kg,kg,1.18
2023-09-01,1.2,Bananas,Jordan,Al Mafraq,RETAIL,Kg,kg,1.2
2023-10-01,1.32,Bananas,Jordan,Al Mafraq,RETAIL,Kg,kg,1.32
2023-11-01,1.14,Bananas,Jordan,Al Mafraq,RETAIL,Kg,kg,1.14
2023-12-01,1.17,Bananas,Jordan,Al Mafraq,RETAIL,Kg,kg,1.17
2024-01-01,1.17,Bananas,Jordan,Al Mafraq,RETAIL,Kg,kg,1.17
2024-02-01,1.23,Bananas,Jordan,Al Mafraq,RETAIL,Kg,kg,1.23
2024-03-01,1.35,Bananas,Jordan,Al Mafraq,RETAIL,Kg,kg,1.35
2024-04-01,1.21,Bananas,Jordan,Al Mafraq,RETAIL,Kg,kg,1.21
2024-05-01,1.18,Bananas,Jordan,Al Mafraq,RETAIL,Kg,kg,1.18
2024-06-01,1.2,Bananas,Jordan,Al Mafraq,RETAIL,Kg,kg,1.2
2024-07-01,1.18,Bananas,Jordan,Al Mafraq,RETAIL,Kg,kg,1.18
2024-08-01,1.27,Bananas,Jordan,Al Mafraq,RETAIL,Kg,kg,1.27
2024-09-01,1.24,Bananas,Jordan,Al Mafraq,RETAIL,Kg,kg,1.24
2024-10-01,1.17,Bananas,Jordan,Al Mafraq,RETAIL,Kg,kg,1.17
2024-11-01,1.13,Bananas,Jordan,Al Mafraq,RETAIL,Kg,kg,1.13
2024-12-01,1.28,Bananas,Jordan,Al Mafraq,RETAIL,Kg,kg,1.28
2025-01-01,1.18,Bananas,Jordan,Al Mafraq,RETAIL,Kg,kg,1.18
2025-02-01,1.21,Bananas,Jordan,Al Mafraq,RETAIL,Kg,kg,1.21
2025-03-01,1.23,Bananas,Jordan,Al Mafraq,RETAIL,Kg,kg,1.23
2025-04-01,1.24,Bananas,Jordan,Al Mafraq,RETAIL,Kg,kg,1.24
2025-05-01,1.28,Bananas,Jordan,Al Mafraq,RETAIL,Kg,kg,1.28
2025-06-01,1.39,Bananas,Jordan,Al Mafraq,RETAIL,Kg,kg,1.39
2025-07-01,1.39,Bananas,Jordan,Al Mafraq,RETAIL,Kg,kg,1.39
2025-08-01,1.41,Bananas,Jordan,Al Mafraq,RETAIL,Kg,kg,1.41
2016-06-01,1.15,Bananas,Jordan,Amman,RETAIL,Kg,kg,1.15
2016-07-01,,Bananas,Jordan,Amman,RETAIL,Kg,kg,
2016-08-01,,Bananas,Jordan,Amman,RETAIL,Kg,kg,
2016-09-01,,Bananas,Jordan,Amman,RETAIL,Kg,kg,
2016-10-01,,Bananas,Jordan,Amman,RETAIL,Kg,kg,
2016-11-01,,Bananas,Jordan,Amman,RETAIL,Kg,kg,
2016-12-01,,Bananas,Jordan,Amman,RETAIL,Kg,kg,
2017-01-01,1.14,Bananas,Jordan,Amman,RETAIL,Kg,kg,1.14
2017-02-01,1.14,Bananas,Jordan,Amman,RETAIL,Kg,kg,1.14
2017-03-01,1.21,Bananas,Jordan,Amman,RETAIL,Kg,kg,1.21
2017-04-01,1.21,Bananas,Jordan,Amman,RETAIL,Kg,kg,1.21
2017-05-01,1.21,Bananas,Jordan,Amman,RETAIL,Kg,kg,1.21
2017-06-01,1.2,Bananas,Jordan,Amman,RETAIL,Kg,kg,1.2
2017-07-01,1.13,Bananas,Jordan,Amman,RETAIL,Kg,kg,1.13
2017-08-01,1.19,Bananas,Jordan,Amman,RETAIL,Kg,kg,1.19
2017-09-01,1.16,Bananas,Jordan,Amman,RETAIL,Kg,kg,1.16
2017-10-01,1.23,Bananas,Jordan,Amman,RETAIL,Kg,kg,1.23
2017-11-01,1.06,Bananas,Jordan,Amman,RETAIL,Kg,kg,1.06
2017-12-01,1.14,Bananas,Jordan,Amman,RETAIL,Kg,kg,1.14
2018-01-01,1.09,Bananas,Jordan,Amman,RETAIL,Kg,kg,1.09
2018-02-01,1.1,Bananas,Jordan,Amman,RETAIL,Kg,kg,1.1
2018-03-01,1.11,Bananas,Jordan,Amman,RETAIL,Kg,kg,1.11
2018-04-01,1.11,Bananas,Jordan,Amman,RETAIL,Kg,kg,1.11
2018-05-01,1.1,Bananas,Jordan,Amman,RETAIL,Kg,kg,1.1
2018-06-01,1.19,Bananas,Jordan,Amman,RETAIL,Kg,kg,1.19
2018-07-01,1.17,Bananas,Jordan,Amman,RETAIL,Kg,kg,1.17
2018-08-01,1.17,Bananas,Jordan,Amman,RETAIL,Kg,kg,1.17
2018-09-01,1.17,Bananas,Jordan,Amman,RETAIL,Kg,kg,1.17
2018-10-01,1.13,Bananas,Jordan,Amman,RETAIL,Kg,kg,1.13
2018-11-01,1.3,Bananas,Jordan,Amman,RETAIL,Kg,kg,1.3
2018-12-01,1.23,Bananas,Jordan,Amman,RETAIL,Kg,kg,1.23
2019-01-01,1.15,Bananas,Jordan,Amman,RETAIL,Kg,kg,1.15
2019-02-01,1.24,Bananas,Jordan,Amman,RETAIL,Kg,kg,1.24
2019-03-01,1.24,Bananas,Jordan,Amman,RETAIL,Kg,kg,1.24
2019-04-01,1.2,Bananas,Jordan,Amman,RETAIL,Kg,kg,1.2
2019-05-01,1.24,Bananas,Jordan,Amman,RETAIL,Kg,kg,1.24
2019-06-01,1.18,Bananas,Jordan,Amman,RETAIL,Kg,kg,1.18
2019-07-01,1.21,Bananas,Jordan,Amman,RETAIL,Kg,kg,1.21
2019-08-01,1.31,Bananas,Jordan,Amman,RETAIL,Kg,kg,1.31
2019-09-01,1.24,Bananas,Jordan,Amman,RETAIL,Kg,kg,1.24
2019-10-01,1.23,Bananas,Jordan,Amman,RETAIL,Kg,kg,1.23
2019-11-01,1.45,Bananas,Jordan,Amman,RETAIL,Kg,kg,1.45
2019-12-01,1.73,Bananas,Jordan,Amman,RETAIL,Kg,kg,1.73
2020-01-01,1.55,Bananas,Jordan,Amman,RETAIL,Kg,kg,1.55
2020-02-01,1.39,Bananas,Jordan,Amman,RETAIL,Kg,kg,1.39
2020-03-01,1.69,Bananas,Jordan,Amman,RETAIL,Kg,kg,1.69
2020-04-01,1.76,Bananas,Jordan,Amman,RETAIL,Kg,kg,1.76
2020-05-01,1.69,Bananas,Jordan,Amman,RETAIL,Kg,kg,1.69
2020-06-01,1.48,Bananas,Jordan,Amman,RETAIL,Kg,kg,1.48
2020-07-01,1.34,Bananas,Jordan,Amman,RETAIL,Kg,kg,1.34
2020-08-01,1.41,Bananas,Jordan,Amman,RETAIL,Kg,kg,1.41
2020-09-01,1.25,Bananas,Jordan,Amman,RETAIL,Kg,kg,1.25
2020-10-01,1.3,Bananas,Jordan,Amman,RETAIL,Kg,kg,1.3
2020-11-01,1.3,Bananas,Jordan,Amman,RETAIL,Kg,kg,1.3
2020-12-01,1.3,Bananas,Jordan,Amman,RETAIL,Kg,kg,1.3
2021-01-01,1.41,Bananas,Jordan,Amman,RETAIL,Kg,kg,1.41
2021-02-01,1.66,Bananas,Jordan,Amman,RETAIL,Kg,kg,1.66
2021-03-01,1.59,Bananas,Jordan,Amman,RETAIL,Kg,kg,1.59
2021-04-01,1.27,Bananas,Jordan,Amman,RETAIL,Kg,kg,1.27
2021-05-01,1.25,Bananas,Jordan,Amman,RETAIL,Kg,kg,1.25
2021-06-01,1.25,Bananas,Jordan,Amman,RETAIL,Kg,kg,1.25
2021-07-01,1.32,Bananas,Jordan,Amman,RETAIL,Kg,kg,1.32
2021-08-01,1.45,Bananas,Jordan,Amman,RETAIL,Kg,kg,1.45
2021-09-01,1.45,Bananas,Jordan,Amman,RETAIL,Kg,kg,1.45
2021-10-01,1.41,Bananas,Jordan,Amman,RETAIL,Kg,kg,1.41
2021-11-01,1.28,Bananas,Jordan,Amman,RETAIL,Kg,kg,1.28
2021-12-01,1.34,Bananas,Jordan,Amman,RETAIL,Kg,kg,1.34
2022-01-01,1.34,Bananas,Jordan,Amman,RETAIL,Kg,kg,1.34
2022-02-01,1.34,Bananas,Jordan,Amman,RETAIL,Kg,kg,1.34
2022-03-01,1.39,Bananas,Jordan,Amman,RETAIL,Kg,kg,1.39
2022-04-01,1.38,Bananas,Jordan,Amman,RETAIL,Kg,kg,1.38
2022-05-01,1.32,Bananas,Jordan,Amman,RETAIL,Kg,kg,1.32
2022-06-01,1.25,Bananas,Jordan,Amman,RETAIL,Kg,kg,1.25
2022-07-01,1.24,Bananas,Jordan,Amman,RETAIL,Kg,kg,1.24
2022-08-01,1.25,Bananas,Jordan,Amman,RETAIL,Kg,kg,1.25
2022-09-01,1.28,Bananas,Jordan,Amman,RETAIL,Kg,kg,1.28
2022-10-01,1.27,Bananas,Jordan,Amman,RETAIL,Kg,kg,1.27
2022-11-01,1.3,Bananas,Jordan,Amman,RETAIL,Kg,kg,1.3
2022-12-01,1.25,Bananas,Jordan,Amman,RETAIL,Kg,kg,1.25
2023-01-01,1.32,Bananas,Jordan,Amman,RETAIL,Kg,kg,1.32
2023-02-01,1.27,Bananas,Jordan,Amman,RETAIL,Kg,kg,1.27
2023-03-01,1.35,Bananas,Jordan,Amman,RETAIL,Kg,kg,1.35
2023-04-01,1.42,Bananas,Jordan,Amman,RETAIL,Kg,kg,1.42
2023-05-01,1.27,Bananas,Jordan,Amman,RETAIL,Kg,kg,1.27
2023-06-01,1.18,Bananas,Jordan,Amman,RETAIL,Kg,kg,1.18
2023-07-01,1.24,Bananas,Jordan,Amman,RETAIL,Kg,kg,1.24
2023-08-01,1.24,Bananas,Jordan,Amman,RETAIL,Kg,kg,1.24
2023-09-01,1.28,Bananas,Jordan,Amman,RETAIL,Kg,kg,1.28
2023-10-01,1.31,Bananas,Jordan,Amman,RETAIL,Kg,kg,1.31
2023-11-01,1.25,Bananas,Jordan,Amman,RETAIL,Kg,kg,1.25
2023-12-01,1.23,Bananas,Jordan,Amman,RETAIL,Kg,kg,1.23
2024-01-01,1.23,Bananas,Jordan,Amman,RETAIL,Kg,kg,1.23
2024-02-01,1.27,Bananas,Jordan,Amman,RETAIL,Kg,kg,1.27
2024-03-01,1.27,Bananas,Jordan,Amman,RETAIL,Kg,kg,1.27
2024-04-01,1.21,Bananas,Jordan,Amman,RETAIL,Kg,kg,1.21
2024-05-01,1.25,Bananas,Jordan,Amman,RETAIL,Kg,kg,1.25
2024-06-01,1.3,Bananas,Jordan,Amman,RETAIL,Kg,kg,1.3
2024-07-01,1.34,Bananas,Jordan,Amman,RETAIL,Kg,kg,1.34
2024-08-01,1.21,Bananas,Jordan,Amman,RETAIL,Kg,kg,1.21
2024-09-01,1.23,Bananas,Jordan,Amman,RETAIL,Kg,kg,1.23
2024-10-01,1.2,Bananas,Jordan,Amman,RETAIL,Kg,kg,1.2
2024-11-01,1.11,Bananas,Jordan,Amman,RETAIL,Kg,kg,1.11
2024-12-01,1.21,Bananas,Jordan,Amman,RETAIL,Kg,kg,1.21
2025-01-01,1.25,Bananas,Jordan,Amman,RETAIL,Kg,kg,1.25
2025-02-01,1.27,Bananas,Jordan,Amman,RETAIL,Kg,kg,1.27
2025-03-01,1.25,Bananas,Jordan,Amman,RETAIL,Kg,kg,1.25
2025-04-01,1.25,Bananas,Jordan,Amman,RETAIL,Kg,kg,1.25
2025-05-01,1.34,Bananas,Jordan,Amman,RETAIL,Kg,kg,1.34
2025-06-01,1.27,Bananas,Jordan,Amman,RETAIL,Kg,kg,1.27
2025-07-01,1.25,Bananas,Jordan,Amman,RETAIL,Kg,kg,1.25
2025-08-01,1.24,Bananas,Jordan,Amman,RETAIL,Kg,kg,1.24
2016-06-01,1.15,Bananas,Jordan,Irbid,RETAIL,Kg,kg,1.15
2016-07-01,,Bananas,Jordan,Irbid,RETAIL,Kg,kg,
2016-08-01,,Bananas,Jordan,Irbid,RETAIL,Kg,kg,
2016-09-01,,Bananas,Jordan,Irbid,RETAIL,Kg,kg,
2016-10-01,,Bananas,Jordan,Irbid,RETAIL,Kg,kg,
2016-11-01,,Bananas,Jordan,Irbid,RETAIL,Kg,kg,
2016-12-01,,Bananas,Jordan,Irbid,RETAIL,Kg,kg,
2017-01-01,1.13,Bananas,Jordan,Irbid,RETAIL,Kg,kg,1.13
2017-02-01,1.11,Bananas,Jordan,Irbid,RETAIL,Kg,kg,1.11
2017-03-01,1.1,Bananas,Jordan,Irbid,RETAIL,Kg,kg,1.1
2017-04-01,1.06,Bananas,Jordan,Irbid,RETAIL,Kg,kg,1.06
2017-05-01,1.1,Bananas,Jordan,Irbid,RETAIL,Kg,kg,1.1
2017-06-01,1.09,Bananas,Jordan,Irbid,RETAIL,Kg,kg,1.09
2017-07-01,1.17,Bananas,Jordan,Irbid,RETAIL,Kg,kg,1.17
2017-08-01,1.13,Bananas,Jordan,Irbid,RETAIL,Kg,kg,1.13
2017-09-01,1.09,Bananas,Jordan,Irbid,RETAIL,Kg,kg,1.09
2017-10-01,1.09,Bananas,Jordan,Irbid,RETAIL,Kg,kg,1.09
2017-11-01,1.1,Bananas,Jordan,Irbid,RETAIL,Kg,kg,1.1
2017-12-01,1.13,Bananas,Jordan,Irbid,RETAIL,Kg,kg,1.13
2018-01-01,1.03,Bananas,Jordan,Irbid,RETAIL,Kg,kg,1.03
2018-02-01,1.03,Bananas,Jordan,Irbid,RETAIL,Kg,kg,1.03
2018-03-01,1.09,Bananas,Jordan,Irbid,RETAIL,Kg,kg,1.09
2018-04-01,1.0,Bananas,Jordan,Irbid,RETAIL,Kg,kg,1.0
2018-05-01,1.02,Bananas,Jordan,Irbid,RETAIL,Kg,kg,1.02
2018-06-01,0.99,Bananas,Jordan,Irbid,RETAIL,Kg,kg,0.99
2018-07-01,1.11,Bananas,Jordan,Irbid,RETAIL,Kg,kg,1.11
2018-08-01,1.1,Bananas,Jordan,Irbid,RETAIL,Kg,kg,1.1
2018-09-01,1.17,Bananas,Jordan,Irbid,RETAIL,Kg,kg,1.17
2018-10-01,1.14,Bananas,Jordan,Irbid,RETAIL,Kg,kg,1.14
2018-11-01,1.33,Bananas,Jordan,Irbid,RETAIL,Kg,kg,1.33
2018-12-01,1.38,Bananas,Jordan,Irbid,RETAIL,Kg,kg,1.38
2019-01-01,1.15,Bananas,Jordan,Irbid,RETAIL,Kg,kg,1.15
2019-02-01,1.17,Bananas,Jordan,Irbid,RETAIL,Kg,kg,1.17
2019-03-01,1.18,Bananas,Jordan,Irbid,RETAIL,Kg,kg,1.18
2019-04-01,1.15,Bananas,Jordan,Irbid,RETAIL,Kg,kg,1.15
2019-05-01,1.18,Bananas,Jordan,Irbid,RETAIL,Kg,kg,1.18
2019-06-01,0.99,Bananas,Jordan,Irbid,RETAIL,Kg,kg,0.99
2019-07-01,1.18,Bananas,Jordan,Irbid,RETAIL,Kg,kg,1.18
2019-08-01,1.2,Bananas,Jordan,Irbid,RETAIL,Kg,kg,1.2
2019-09-01,1.21,Bananas,Jordan,Irbid,RETAIL,Kg,kg,1.21
2019-10-01,1.23,Bananas,Jordan,Irbid,RETAIL,Kg,kg,1.23
2019-11-01,1.32,Bananas,Jordan,Irbid,RETAIL,Kg,kg,1.32
2019-12-01,1.65,Bananas,Jordan,Irbid,RETAIL,Kg,kg,1.65
2020-01-01,1.56,Bananas,Jordan,Irbid,RETAIL,Kg,kg,1.56
2020-02-01,1.58,Bananas,Jordan,Irbid,RETAIL,Kg,kg,1.58
2020-03-01,1.69,Bananas,Jordan,Irbid,RETAIL,Kg,kg,1.69
2020-04-01,1.76,Bananas,Jordan,Irbid,RETAIL,Kg,kg,1.76
2020-05-01,1.69,Bananas,Jordan,Irbid,RETAIL,Kg,kg,1.69
2020-06-01,1.41,Bananas,Jordan,Irbid,RETAIL,Kg,kg,1.41
2020-07-01,1.35,Bananas,Jordan,Irbid,RETAIL,Kg,kg,1.35
2020-08-01,1.48,Bananas,Jordan,Irbid,RETAIL,Kg,kg,1.48
2020-09-01,1.45,Bananas,Jordan,Irbid,RETAIL,Kg,kg,1.45
2020-10-01,1.32,Bananas,Jordan,Irbid,RETAIL,Kg,kg,1.32
2020-11-01,1.31,Bananas,Jordan,Irbid,RETAIL,Kg,kg,1.31
2020-12-01,1.25,Bananas,Jordan,Irbid,RETAIL,Kg,kg,1.25
2021-01-01,1.52,Bananas,Jordan,Irbid,RETAIL,Kg,kg,1.52
2021-02-01,1.7,Bananas,Jordan,Irbid,RETAIL,Kg,kg,1.7
2021-03-01,1.68,Bananas,Jordan,Irbid,RETAIL,Kg,kg,1.68
2021-04-01,1.42,Bananas,Jordan,Irbid,RETAIL,Kg,kg,1.42
2021-05-01,1.42,Bananas,Jordan,Irbid,RETAIL,Kg,kg,1.42
2021-06-01,1.34,Bananas,Jordan,Irbid,RETAIL,Kg,kg,1.34
2021-07-01,1.44,Bananas,Jordan,Irbid,RETAIL,Kg,kg,1.44
2021-08-01,1.48,Bananas,Jordan,Irbid,RETAIL,Kg,kg,1.48
2021-09-01,1.45,Bananas,Jordan,Irbid,RETAIL,Kg,kg,1.45
2021-10-01,1.32,Bananas,Jordan,Irbid,RETAIL,Kg,kg,1.32
2021-11-01,1.2,Bananas,Jordan,Irbid,RETAIL,Kg,kg,1.2
2021-12-01,1.34,Bananas,Jordan,Irbid,RETAIL,Kg,kg,1.34
2022-01-01,1.34,Bananas,Jordan,Irbid,RETAIL,Kg,kg,1.34
2022-02-01,1.34,Bananas,Jordan,Irbid,RETAIL,Kg,kg,1.34
2022-03-01,1.34,Bananas,Jordan,Irbid,RETAIL,Kg,kg,1.34
2022-04-01,1.23,Bananas,Jordan,Irbid,RETAIL,Kg,kg,1.23
2022-05-01,1.25,Bananas,Jordan,Irbid,RETAIL,Kg,kg,1.25
2022-06-01,1.18,Bananas,Jordan,Irbid,RETAIL,Kg,kg,1.18
2022-07-01,1.07,Bananas,Jordan,Irbid,RETAIL,Kg,kg,1.07
2022-08-01,1.24,Bananas,Jordan,Irbid,RETAIL,Kg,kg,1.24
2022-09-01,1.25,Bananas,Jordan,Irbid,RETAIL,Kg,kg,1.25
2022-10-01,1.46,Bananas,Jordan,Irbid,RETAIL,Kg,kg,1.46
2022-11-01,1.34,Bananas,Jordan,Irbid,RETAIL,Kg,kg,1.34
2022-12-01,1.34,Bananas,Jordan,Irbid,RETAIL,Kg,kg,1.34
2023-01-01,1.34,Bananas,Jordan,Irbid,RETAIL,Kg,kg,1.34
2023-02-01,1.41,Bananas,Jordan,Irbid,RETAIL,Kg,kg,1.41
2023-03-01,1.49,Bananas,Jordan,Irbid,RETAIL,Kg,kg,1.49
2023-04-01,1.46,Bananas,Jordan,Irbid,RETAIL,Kg,kg,1.46
2023-05-01,1.28,Bananas,Jordan,Irbid,RETAIL,Kg,kg,1.28
2023-06-01,1.18,Bananas,Jordan,Irbid,RETAIL,Kg,kg,1.18
2023-07-01,1.17,Bananas,Jordan,Irbid,RETAIL,Kg,kg,1.17
2023-08-01,1.2,Bananas,Jordan,Irbid,RETAIL,Kg,kg,1.2
2023-09-01,1.24,Bananas,Jordan,Irbid,RETAIL,Kg,kg,1.24
2023-10-01,1.28,Bananas,Jordan,Irbid,RETAIL,Kg,kg,1.28
2023-11-01,1.2,Bananas,Jordan,Irbid,RETAIL,Kg,kg,1.2
2023-12-01,1.14,Bananas,Jordan,Irbid,RETAIL,Kg,kg,1.14
2024-01-01,1.2,Bananas,Jordan,Irbid,RETAIL,Kg,kg,1.2
2024-02-01,1.35,Bananas,Jordan,Irbid,RETAIL,Kg,kg,1.35
2024-03-01,1.38,Bananas,Jordan,Irbid,RETAIL,Kg,kg,1.38
2024-04-01,1.32,Bananas,Jordan,Irbid,RETAIL,Kg,kg,1.32
2024-05-01,1.27,Bananas,Jordan,Irbid,RETAIL,Kg,kg,1.27
2024-06-01,1.25,Bananas,Jordan,Irbid,RETAIL,Kg,kg,1.25
2024-07-01,1.24,Bananas,Jordan,Irbid,RETAIL,Kg,kg,1.24
2024-08-01,1.3,Bananas,Jordan,Irbid,RETAIL,Kg,kg,1.3
2024-09-01,1.28,Bananas,Jordan,Irbid,RETAIL,Kg,kg,1.28
2024-10-01,1.13,Bananas,Jordan,Irbid,RETAIL,Kg,kg,1.13
2024-11-01,1.08,Bananas,Jordan,Irbid,RETAIL,Kg,kg,1.08
2024-12-01,1.25,Bananas,Jordan,Irbid,RETAIL,Kg,kg,1.25
2025-01-01,1.38,Bananas,Jordan,Irbid,RETAIL,Kg,kg,1.38
2025-02-01,1.32,Bananas,Jordan,Irbid,RETAIL,Kg,kg,1.32
2025-03-01,1.25,Bananas,Jordan,Irbid,RETAIL,Kg,kg,1.25
2025-04-01,1.35,Bananas,Jordan,Irbid,RETAIL,Kg,kg,1.35
2025-05-01,1.44,Bananas,Jordan,Irbid,RETAIL,Kg,kg,1.44
2025-06-01,1.41,Bananas,Jordan,Irbid,RETAIL,Kg,kg,1.41
2025-07-01,1.35,Bananas,Jordan,Irbid,RETAIL,Kg,kg,1.35
2025-08-01,1.28,Bananas,Jordan,Irbid,RETAIL,Kg,kg,1.28
2017-01-01,1.35,Bananas,Jordan,National Average,RETAIL,Kg,kg,1.35
2017-02-01,1.11,Bananas,Jordan,National Average,RETAIL,Kg,kg,1.11
2017-03-01,1.09,Bananas,Jordan,National Average,RETAIL,Kg,kg,1.09
2017-04-01,1.09,Bananas,Jordan,National Average,RETAIL,Kg,kg,1.09
2017-05-01,1.09,Bananas,Jordan,National Average,RETAIL,Kg,kg,1.09
2017-06-01,1.06,Bananas,Jordan,National Average,RETAIL,Kg,kg,1.06
2017-07-01,1.13,Bananas,Jordan,National Average,RETAIL,Kg,kg,1.13
2017-08-01,1.13,Bananas,Jordan,National Average,RETAIL,Kg,kg,1.13
2017-09-01,1.11,Bananas,Jordan,National Average,RETAIL,Kg,kg,1.11
2017-10-01,1.11,Bananas,Jordan,National Average,RETAIL,Kg,kg,1.11
2017-11-01,1.11,Bananas,Jordan,National Average,RETAIL,Kg,kg,1.11
2017-12-01,1.14,Bananas,Jordan,National Average,RETAIL,Kg,kg,1.14
2018-01-01,1.06,Bananas,Jordan,National Average,RETAIL,Kg,kg,1.06
2018-02-01,1.06,Bananas,Jordan,National Average,RETAIL,Kg,kg,1.06
2018-03-01,1.09,Bananas,Jordan,National Average,RETAIL,Kg,kg,1.09
2018-04-01,1.07,Bananas,Jordan,National Average,RETAIL,Kg,kg,1.07
2018-05-01,1.03,Bananas,Jordan,National Average,RETAIL,Kg,kg,1.03
2018-06-01,1.03,Bananas,Jordan,National Average,RETAIL,Kg,kg,1.03
2018-07-01,1.09,Bananas,Jordan,National Average,RETAIL,Kg,kg,1.09
2018-08-01,1.09,Bananas,Jordan,National Average,RETAIL,Kg,kg,1.09
2018-09-01,1.11,Bananas,Jordan,National Average,RETAIL,Kg,kg,1.11
2018-10-01,1.09,Bananas,Jordan,National Average,RETAIL,Kg,kg,1.09
2018-11-01,1.17,Bananas,Jordan,National Average,RETAIL,Kg,kg,1.17
2018-12-01,1.18,Bananas,Jordan,National Average,RETAIL,Kg,kg,1.18
2019-01-01,1.13,Bananas,Jordan,National Average,RETAIL,Kg,kg,1.13
2019-02-01,1.14,Bananas,Jordan,National Average,RETAIL,Kg,kg,1.14
2019-03-01,1.17,Bananas,Jordan,National Average,RETAIL,Kg,kg,1.17
2019-04-01,1.13,Bananas,Jordan,National Average,RETAIL,Kg,kg,1.13
2019-05-01,1.13,Bananas,Jordan,National Average,RETAIL,Kg,kg,1.13
2019-06-01,1.03,Bananas,Jordan,National Average,RETAIL,Kg,kg,1.03
2019-07-01,1.11,Bananas,Jordan,National Average,RETAIL,Kg,kg,1.11
2019-08-01,1.13,Bananas,Jordan,National Average,RETAIL,Kg,kg,1.13
2019-09-01,1.14,Bananas,Jordan,National Average,RETAIL,Kg,kg,1.14
2019-10-01,1.13,Bananas,Jordan,National Average,RETAIL,Kg,kg,1.13
2019-11-01,1.25,Bananas,Jordan,National Average,RETAIL,Kg,kg,1.25
2019-12-01,1.54,Bananas,Jordan,National Average,RETAIL,Kg,kg,1.54
2020-01-01,1.52,Bananas,Jordan,National Average,RETAIL,Kg,kg,1.52
2020-02-01,1.49,Bananas,Jordan,National Average,RETAIL,Kg,kg,1.49
2020-03-01,1.63,Bananas,Jordan,National Average,RETAIL,Kg,kg,1.63
2020-04-01,1.7,Bananas,Jordan,National Average,RETAIL,Kg,kg,1.7
2020-05-01,1.63,Bananas,Jordan,National Average,RETAIL,Kg,kg,1.63
2020-06-01,1.41,Bananas,Jordan,National Average,RETAIL,Kg,kg,1.41
2020-07-01,1.3,Bananas,Jordan,National Average,RETAIL,Kg,kg,1.3
2020-08-01,1.28,Bananas,Jordan,National Average,RETAIL,Kg,kg,1.28
2020-09-01,1.24,Bananas,Jordan,National Average,RETAIL,Kg,kg,1.24
2020-10-01,1.23,Bananas,Jordan,National Average,RETAIL,Kg,kg,1.23
2020-11-01,1.23,Bananas,Jordan,National Average,RETAIL,Kg,kg,1.23
2020-12-01,1.23,Bananas,Jordan,National Average,RETAIL,Kg,kg,1.23
2021-01-01,1.39,Bananas,Jordan,National Average,RETAIL,Kg,kg,1.39
2021-02-01,1.62,Bananas,Jordan,National Average,RETAIL,Kg,kg,1.62
2021-03-01,1.52,Bananas,Jordan,National Average,RETAIL,Kg,kg,1.52
2021-04-01,1.32,Bananas,Jordan,National Average,RETAIL,Kg,kg,1.32
2021-05-01,1.28,Bananas,Jordan,National Average,RETAIL,Kg,kg,1.28
2021-06-01,1.24,Bananas,Jordan,National Average,RETAIL,Kg,kg,1.24
2021-07-01,1.35,Bananas,Jordan,National Average,RETAIL,Kg,kg,1.35
2021-08-01,1.42,Bananas,Jordan,National Average,RETAIL,Kg,kg,1.42
2021-09-01,1.37,Bananas,Jordan,National Average,RETAIL,Kg,kg,1.37
2021-10-01,1.25,Bananas,Jordan,National Average,RETAIL,Kg,kg,1.25
2021-11-01,1.2,Bananas,Jordan,National Average,RETAIL,Kg,kg,1.2
2021-12-01,1.27,Bananas,Jordan,National Average,RETAIL,Kg,kg,1.27
2022-01-01,1.27,Bananas,Jordan,National Average,RETAIL,Kg,kg,1.27
2022-02-01,1.27,Bananas,Jordan,National Average,RETAIL,Kg,kg,1.27
2022-03-01,1.25,Bananas,Jordan,National Average,RETAIL,Kg,kg,1.25
2022-04-01,1.31,Bananas,Jordan,National Average,RETAIL,Kg,kg,1.31
2022-05-01,1.24,Bananas,Jordan,National Average,RETAIL,Kg,kg,1.24
2022-06-01,1.15,Bananas,Jordan,National Average,RETAIL,Kg,kg,1.15
2022-07-01,1.14,Bananas,Jordan,National Average,RETAIL,Kg,kg,1.14
2022-08-01,1.18,Bananas,Jordan,National Average,RETAIL,Kg,kg,1.18
2022-09-01,1.23,Bananas,Jordan,National Average,RETAIL,Kg,kg,1.23
2022-10-01,1.25,Bananas,Jordan,National Average,RETAIL,Kg,kg,1.25
2022-11-01,1.24,Bananas,Jordan,National Average,RETAIL,Kg,kg,1.24
2022-12-01,1.23,Bananas,Jordan,National Average,RETAIL,Kg,kg,1.23
2023-01-01,1.27,Bananas,Jordan,National Average,RETAIL,Kg,kg,1.27
2023-02-01,1.3,Bananas,Jordan,National Average,RETAIL,Kg,kg,1.3
2023-03-01,1.39,Bananas,Jordan,National Average,RETAIL,Kg,kg,1.39
2023-04-01,1.46,Bananas,Jordan,National Average,RETAIL,Kg,kg,1.46
2023-05-01,1.23,Bananas,Jordan,National Average,RETAIL,Kg,kg,1.23
2023-06-01,1.15,Bananas,Jordan,National Average,RETAIL,Kg,kg,1.15
2023-07-01,1.15,Bananas,Jordan,National Average,RETAIL,Kg,kg,1.15
2023-08-01,1.17,Bananas,Jordan,National Average,RETAIL,Kg,kg,1.17
2023-09-01,1.24,Bananas,Jordan,National Average,RETAIL,Kg,kg,1.24
2023-10-01,1.35,Bananas,Jordan,National Average,RETAIL,Kg,kg,1.35
2023-11-01,1.2,Bananas,Jordan,National Average,RETAIL,Kg,kg,1.2
2023-12-01,1.18,Bananas,Jordan,National Average,RETAIL,Kg,kg,1.18
2024-01-01,1.23,Bananas,Jordan,National Average,RETAIL,Kg,kg,1.23
2024-02-01,1.34,Bananas,Jordan,National Average,RETAIL,Kg,kg,1.34
2024-03-01,1.34,Bananas,Jordan,National Average,RETAIL,Kg,kg,1.34
2024-04-01,1.27,Bananas,Jordan,National Average,RETAIL,Kg,kg,1.27
2024-05-01,1.21,Bananas,Jordan,National Average,RETAIL,Kg,kg,1.21
2024-06-01,1.21,Bananas,Jordan,National Average,RETAIL,Kg,kg,1.21
2024-07-01,1.23,Bananas,Jordan,National Average,RETAIL,Kg,kg,1.23
2024-08-01,1.24,Bananas,Jordan,National Average,RETAIL,Kg,kg,1.24
2024-09-01,1.23,Bananas,Jordan,National Average,RETAIL,Kg,kg,1.23
2024-10-01,1.17,Bananas,Jordan,National Average,RETAIL,Kg,kg,1.17
2024-11-01,1.14,Bananas,Jordan,National Average,RETAIL,Kg,kg,1.14
2024-12-01,1.23,Bananas,Jordan,National Average,RETAIL,Kg,kg,1.23
2025-01-01,1.28,Bananas,Jordan,National Average,RETAIL,Kg,kg,1.28
2025-02-01,1.3,Bananas,Jordan,National Average,RETAIL,Kg,kg,1.3
2025-03-01,1.28,Bananas,Jordan,National Average,RETAIL,Kg,kg,1.28
2025-04-01,1.3,Bananas,Jordan,National Average,RETAIL,Kg,kg,1.3
2025-05-01,1.35,Bananas,Jordan,National Average,RETAIL,Kg,kg,1.35
2025-06-01,1.32,Bananas,Jordan,National Average,RETAIL,Kg,kg,1.32
2025-07-01,1.31,Bananas,Jordan,National Average,RETAIL,Kg,kg,1.31
2016-06-01,1.11,Bananas,Jordan,Zarqa,RETAIL,Kg,kg,1.11
2016-07-01,,Bananas,Jordan,Zarqa,RETAIL,Kg,kg,
2016-08-01,,Bananas,Jordan,Zarqa,RETAIL,Kg,kg,
2016-09-01,,Bananas,Jordan,Zarqa,RETAIL,Kg,kg,
2016-10-01,,Bananas,Jordan,Zarqa,RETAIL,Kg,kg,
2016-11-01,,Bananas,Jordan,Zarqa,RETAIL,Kg,kg,
2016-12-01,,Bananas,Jordan,Zarqa,RETAIL,Kg,kg,
2017-01-01,1.04,Bananas,Jordan,Zarqa,RETAIL,Kg,kg,1.04
2017-02-01,1.21,Bananas,Jordan,Zarqa,RETAIL,Kg,kg,1.21
2017-03-01,1.13,Bananas,Jordan,Zarqa,RETAIL,Kg,kg,1.13
2017-04-01,1.1,Bananas,Jordan,Zarqa,RETAIL,Kg,kg,1.1
2017-05-01,1.13,Bananas,Jordan,Zarqa,RETAIL,Kg,kg,1.13
2017-06-01,1.02,Bananas,Jordan,Zarqa,RETAIL,Kg,kg,1.02
2017-07-01,1.21,Bananas,Jordan,Zarqa,RETAIL,Kg,kg,1.21
2017-08-01,1.13,Bananas,Jordan,Zarqa,RETAIL,Kg,kg,1.13
2017-09-01,1.14,Bananas,Jordan,Zarqa,RETAIL,Kg,kg,1.14
2017-10-01,1.11,Bananas,Jordan,Zarqa,RETAIL,Kg,kg,1.11
2017-11-01,1.11,Bananas,Jordan,Zarqa,RETAIL,Kg,kg,1.11
2017-12-01,1.04,Bananas,Jordan,Zarqa,RETAIL,Kg,kg,1.04
2018-01-01,1.1,Bananas,Jordan,Zarqa,RETAIL,Kg,kg,1.1
2018-02-01,1.09,Bananas,Jordan,Zarqa,RETAIL,Kg,kg,1.09
2018-03-01,1.1,Bananas,Jordan,Zarqa,RETAIL,Kg,kg,1.1
2018-04-01,1.11,Bananas,Jordan,Zarqa,RETAIL,Kg,kg,1.11
2018-05-01,1.04,Bananas,Jordan,Zarqa,RETAIL,Kg,kg,1.04
2018-06-01,1.04,Bananas,Jordan,Zarqa,RETAIL,Kg,kg,1.04
2018-07-01,1.11,Bananas,Jordan,Zarqa,RETAIL,Kg,kg,1.11
2018-08-01,1.14,Bananas,Jordan,Zarqa,RETAIL,Kg,kg,1.14
2018-09-01,1.19,Bananas,Jordan,Zarqa,RETAIL,Kg,kg,1.19
2018-10-01,1.11,Bananas,Jordan,Zarqa,RETAIL,Kg,kg,1.11
2018-11-01,1.21,Bananas,Jordan,Zarqa,RETAIL,Kg,kg,1.21
2018-12-01,1.24,Bananas,Jordan,Zarqa,RETAIL,Kg,kg,1.24
2019-01-01,1.2,Bananas,Jordan,Zarqa,RETAIL,Kg,kg,1.2
2019-02-01,1.2,Bananas,Jordan,Zarqa,RETAIL,Kg,kg,1.2
2019-03-01,1.28,Bananas,Jordan,Zarqa,RETAIL,Kg,kg,1.28
2019-04-01,1.13,Bananas,Jordan,Zarqa,RETAIL,Kg,kg,1.13
2019-05-01,1.07,Bananas,Jordan,Zarqa,RETAIL,Kg,kg,1.07
2019-06-01,1.04,Bananas,Jordan,Zarqa,RETAIL,Kg,kg,1.04
2019-07-01,1.06,Bananas,Jordan,Zarqa,RETAIL,Kg,kg,1.06
2019-08-01,1.06,Bananas,Jordan,Zarqa,RETAIL,Kg,kg,1.06
2019-09-01,1.21,Bananas,Jordan,Zarqa,RETAIL,Kg,kg,1.21
2019-10-01,1.03,Bananas,Jordan,Zarqa,RETAIL,Kg,kg,1.03
2019-11-01,1.18,Bananas,Jordan,Zarqa,RETAIL,Kg,kg,1.18
2019-12-01,1.41,Bananas,Jordan,Zarqa,RETAIL,Kg,kg,1.41
2020-01-01,1.24,Bananas,Jordan,Zarqa,RETAIL,Kg,kg,1.24
2020-02-01,1.38,Bananas,Jordan,Zarqa,RETAIL,Kg,kg,1.38
2020-03-01,1.55,Bananas,Jordan,Zarqa,RETAIL,Kg,kg,1.55
2020-04-01,1.69,Bananas,Jordan,Zarqa,RETAIL,Kg,kg,1.69
2020-05-01,1.62,Bananas,Jordan,Zarqa,RETAIL,Kg,kg,1.62
2020-06-01,1.41,Bananas,Jordan,Zarqa,RETAIL,Kg,kg,1.41
2020-07-01,1.34,Bananas,Jordan,Zarqa,RETAIL,Kg,kg,1.34
2020-08-01,1.3,Bananas,Jordan,Zarqa,RETAIL,Kg,kg,1.3
2020-09-01,1.3,Bananas,Jordan,Zarqa,RETAIL,Kg,kg,1.3
2020-10-01,1.18,Bananas,Jordan,Zarqa,RETAIL,Kg,kg,1.18
2020-11-01,1.2,Bananas,Jordan,Zarqa,RETAIL,Kg,kg,1.2
2020-12-01,1.18,Bananas,Jordan,Zarqa,RETAIL,Kg,kg,1.18
2021-01-01,1.38,Bananas,Jordan,Zarqa,RETAIL,Kg,kg,1.38
2021-02-01,1.59,Bananas,Jordan,Zarqa,RETAIL,Kg,kg,1.59
2021-03-01,1.41,Bananas,Jordan,Zarqa,RETAIL,Kg,kg,1.41
2021-04-01,1.1,Bananas,Jordan,Zarqa,RETAIL,Kg,kg,1.1
2021-05-01,1.17,Bananas,Jordan,Zarqa,RETAIL,Kg,kg,1.17
2021-06-01,1.15,Bananas,Jordan,Zarqa,RETAIL,Kg,kg,1.15
2021-07-01,1.14,Bananas,Jordan,Zarqa,RETAIL,Kg,kg,1.14
2021-08-01,1.2,Bananas,Jordan,Zarqa,RETAIL,Kg,kg,1.2
2021-09-01,1.18,Bananas,Jordan,Zarqa,RETAIL,Kg,kg,1.18
2021-10-01,1.07,Bananas,Jordan,Zarqa,RETAIL,Kg,kg,1.07
2021-11-01,1.07,Bananas,Jordan,Zarqa,RETAIL,Kg,kg,1.07
2021-12-01,1.2,Bananas,Jordan,Zarqa,RETAIL,Kg,kg,1.2
2022-01-01,1.2,Bananas,Jordan,Zarqa,RETAIL,Kg,kg,1.2
2022-02-01,1.2,Bananas,Jordan,Zarqa,RETAIL,Kg,kg,1.2
2022-03-01,1.17,Bananas,Jordan,Zarqa,RETAIL,Kg,kg,1.17
2022-04-01,1.27,Bananas,Jordan,Zarqa,RETAIL,Kg,kg,1.27
2022-05-01,1.15,Bananas,Jordan,Zarqa,RETAIL,Kg,kg,1.15
2022-06-01,1.14,Bananas,Jordan,Zarqa,RETAIL,Kg,kg,1.14
2022-07-01,1.17,Bananas,Jordan,Zarqa,RETAIL,Kg,kg,1.17
2022-08-01,1.15,Bananas,Jordan,Zarqa,RETAIL,Kg,kg,1.15
2022-09-01,1.15,Bananas,Jordan,Zarqa,RETAIL,Kg,kg,1.15
2022-10-01,1.21,Bananas,Jordan,Zarqa,RETAIL,Kg,kg,1.21
2022-11-01,1.2,Bananas,Jordan,Zarqa,RETAIL,Kg,kg,1.2
2022-12-01,1.25,Bananas,Jordan,Zarqa,RETAIL,Kg,kg,1.25
2023-01-01,1.27,Bananas,Jordan,Zarqa,RETAIL,Kg,kg,1.27
2023-02-01,1.32,Bananas,Jordan,Zarqa,RETAIL,Kg,kg,1.32
2023-03-01,1.38,Bananas,Jordan,Zarqa,RETAIL,Kg,kg,1.38
2023-04-01,1.42,Bananas,Jordan,Zarqa,RETAIL,Kg,kg,1.42
2023-05-01,1.2,Bananas,Jordan,Zarqa,RETAIL,Kg,kg,1.2
2023-06-01,1.11,Bananas,Jordan,Zarqa,RETAIL,Kg,kg,1.11
2023-07-01,1.08,Bananas,Jordan,Zarqa,RETAIL,Kg,kg,1.08
2023-08-01,1.14,Bananas,Jordan,Zarqa,RETAIL,Kg,kg,1.14
2023-09-01,1.25,Bananas,Jordan,Zarqa,RETAIL,Kg,kg,1.25
2023-10-01,1.32,Bananas,Jordan,Zarqa,RETAIL,Kg,kg,1.32
2023-11-01,1.11,Bananas,Jordan,Zarqa,RETAIL,Kg,kg,1.11
2023-12-01,1.14,Bananas,Jordan,Zarqa,RETAIL,Kg,kg,1.14
2024-01-01,1.23,Bananas,Jordan,Zarqa,RETAIL,Kg,kg,1.23
2024-02-01,1.38,Bananas,Jordan,Zarqa,RETAIL,Kg,kg,1.38
2024-03-01,1.38,Bananas,Jordan,Zarqa,RETAIL,Kg,kg,1.38
2024-04-01,1.31,Bananas,Jordan,Zarqa,RETAIL,Kg,kg,1.31
2024-05-01,1.2,Bananas,Jordan,Zarqa,RETAIL,Kg,kg,1.2
2024-06-01,1.15,Bananas,Jordan,Zarqa,RETAIL,Kg,kg,1.15
2024-07-01,1.18,Bananas,Jordan,Zarqa,RETAIL,Kg,kg,1.18
2024-08-01,1.21,Bananas,Jordan,Zarqa,RETAIL,Kg,kg,1.21
2024-09-01,1.21,Bananas,Jordan,Zarqa,RETAIL,Kg,kg,1.21
2024-10-01,1.17,Bananas,Jordan,Zarqa,RETAIL,Kg,kg,1.17
2024-11-01,1.14,Bananas,Jordan,Zarqa,RETAIL,Kg,kg,1.14
2024-12-01,1.2,Bananas,Jordan,Zarqa,RETAIL,Kg,kg,1.2
2025-01-01,1.18,Bananas,Jordan,Zarqa,RETAIL,Kg,kg,1.18
2025-02-01,1.23,Bananas,Jordan,Zarqa,RETAIL,Kg,kg,1.23
2025-03-01,1.24,Bananas,Jordan,Zarqa,RETAIL,Kg,kg,1.24
2025-04-01,1.25,Bananas,Jordan,Zarqa,RETAIL,Kg,kg,1.25
2025-05-01,1.31,Bananas,Jordan,Zarqa,RETAIL,Kg,kg,1.31
2025-06-01,1.25,Bananas,Jordan,Zarqa,RETAIL,Kg,kg,1.25
2025-07-01,1.25,Bananas,Jordan,Zarqa,RETAIL,Kg,kg,1.25
2025-08-01,1.23,Bananas,Jordan,Zarqa,RETAIL,Kg,kg,1.23
2019-04-01,0.45,Bananas,Nepal,Biratnagar,RETAIL,Dozen,unit,0.0375
2019-05-01,0.54,Bananas,Nepal,Biratnagar,RETAIL,Dozen,unit,0.045000000000000005
2019-06-01,0.72,Bananas,Nepal,Biratnagar,RETAIL,Dozen,unit,0.06
2019-07-01,0.54,Bananas,Nepal,Biratnagar,RETAIL,Dozen,unit,0.045000000000000005
2019-08-01,0.63,Bananas,Nepal,Biratnagar,RETAIL,Dozen,unit,0.0525
2019-09-01,0.61,Bananas,Nepal,Biratnagar,RETAIL,Dozen,unit,0.050833333333333335
2019-10-01,0.7,Bananas,Nepal,Biratnagar,RETAIL,Dozen,unit,0.05833333333333333
2019-11-01,0.88,Bananas,Nepal,Biratnagar,RETAIL,Dozen,unit,0.07333333333333333
2019-12-01,0.7,Bananas,Nepal,Biratnagar,RETAIL,Dozen,unit,0.05833333333333333
2020-01-01,0.79,Bananas,Nepal,Biratnagar,RETAIL,Dozen,unit,0.06583333333333334
2020-02-01,0.79,Bananas,Nepal,Biratnagar,RETAIL,Dozen,unit,0.06583333333333334
2020-03-01,0.86,Bananas,Nepal,Biratnagar,RETAIL,Dozen,unit,0.07166666666666667
2020-04-01,,Bananas,Nepal,Biratnagar,RETAIL,Dozen,unit,
2020-05-01,0.66,Bananas,Nepal,Biratnagar,RETAIL,Dozen,unit,0.055
2020-06-01,,Bananas,Nepal,Biratnagar,RETAIL,Dozen,unit,
2020-07-01,,Bananas,Nepal,Biratnagar,RETAIL,Dozen,unit,
2020-08-01,1.21,Bananas,Nepal,Biratnagar,RETAIL,Dozen,unit,0.10083333333333333
2020-09-01,0.85,Bananas,Nepal,Biratnagar,RETAIL,Dozen,unit,0.07083333333333333
2020-10-01,0.79,Bananas,Nepal,Biratnagar,RETAIL,Dozen,unit,0.06583333333333334
2020-11-01,0.82,Bananas,Nepal,Biratnagar,RETAIL,Dozen,unit,0.06833333333333333
2020-12-01,0.85,Bananas,Nepal,Biratnagar,RETAIL,Dozen,unit,0.07083333333333333
2021-01-01,1.02,Bananas,Nepal,Biratnagar,RETAIL,Dozen,unit,0.085
2021-02-01,1.03,Bananas,Nepal,Biratnagar,RETAIL,Dozen,unit,0.08583333333333333
2021-03-01,0.86,Bananas,Nepal,Biratnagar,RETAIL,Dozen,unit,0.07166666666666667
2021-04-01,1.03,Bananas,Nepal,Biratnagar,RETAIL,Dozen,unit,0.08583333333333333
2021-05-01,1.09,Bananas,Nepal,Biratnagar,RETAIL,Dozen,unit,0.09083333333333334
2021-06-01,1.03,Bananas,Nepal,Biratnagar,RETAIL,Dozen,unit,0.08583333333333333
2021-07-01,0.84,Bananas,Nepal,Biratnagar,RETAIL,Dozen,unit,0.06999999999999999
2021-08-01,0.84,Bananas,Nepal,Biratnagar,RETAIL,Dozen,unit,0.06999999999999999
2021-09-01,0.85,Bananas,Nepal,Biratnagar,RETAIL,Dozen,unit,0.07083333333333333
2021-10-01,0.67,Bananas,Nepal,Biratnagar,RETAIL,Dozen,unit,0.05583333333333334
2021-11-01,0.75,Bananas,Nepal,Biratnagar,RETAIL,Dozen,unit,0.0625
2021-12-01,0.83,Bananas,Nepal,Biratnagar,RETAIL,Dozen,unit,0.06916666666666667
2022-01-01,0.83,Bananas,Nepal,Biratnagar,RETAIL,Dozen,unit,0.06916666666666667
2022-02-01,0.84,Bananas,Nepal,Biratnagar,RETAIL,Dozen,unit,0.06999999999999999
2022-03-01,0.83,Bananas,Nepal,Biratnagar,RETAIL,Dozen,unit,0.06916666666666667
2022-04-01,0.82,Bananas,Nepal,Biratnagar,RETAIL,Dozen,unit,0.06833333333333333
2022-05-01,0.9,Bananas,Nepal,Biratnagar,RETAIL,Dozen,unit,0.075
2022-06-01,0.97,Bananas,Nepal,Biratnagar,RETAIL,Dozen,unit,0.08083333333333333
2022-07-01,0.95,Bananas,Nepal,Biratnagar,RETAIL,Dozen,unit,0.07916666666666666
2022-08-01,0.94,Bananas,Nepal,Biratnagar,RETAIL,Dozen,unit,0.07833333333333332
2022-09-01,0.94,Bananas,Nepal,Biratnagar,RETAIL,Dozen,unit,0.07833333333333332
2022-10-01,0.92,Bananas,Nepal,Biratnagar,RETAIL,Dozen,unit,0.07666666666666667
2022-11-01,0.91,Bananas,Nepal,Biratnagar,RETAIL,Dozen,unit,0.07583333333333334
2022-12-01,0.92,Bananas,Nepal,Biratnagar,RETAIL,Dozen,unit,0.07666666666666667
2023-01-01,0.76,Bananas,Nepal,Biratnagar,RETAIL,Dozen,unit,0.06333333333333334
2023-02-01,0.76,Bananas,Nepal,Biratnagar,RETAIL,Dozen,unit,0.06333333333333334
2023-03-01,0.76,Bananas,Nepal,Biratnagar,RETAIL,Dozen,unit,0.06333333333333334
2023-04-01,0.76,Bananas,Nepal,Biratnagar,RETAIL,Dozen,unit,0.06333333333333334
2023-05-01,0.92,Bananas,Nepal,Biratnagar,RETAIL,Dozen,unit,0.07666666666666667
2023-06-01,0.91,Bananas,Nepal,Biratnagar,RETAIL,Dozen,unit,0.07583333333333334
2023-07-01,0.76,Bananas,Nepal,Biratnagar,RETAIL,Dozen,unit,0.06333333333333334
2023-08-01,0.91,Bananas,Nepal,Biratnagar,RETAIL,Dozen,unit,0.07583333333333334
2023-09-01,0.9,Bananas,Nepal,Biratnagar,RETAIL,Dozen,unit,0.075
2023-10-01,0.9,Bananas,Nepal,Biratnagar,RETAIL,Dozen,unit,0.075
2023-11-01,0.9,Bananas,Nepal,Biratnagar,RETAIL,Dozen,unit,0.075
2023-12-01,0.75,Bananas,Nepal,Biratnagar,RETAIL,Dozen,unit,0.0625
2024-01-01,0.75,Bananas,Nepal,Biratnagar,RETAIL,Dozen,unit,0.0625
2024-02-01,0.75,Bananas,Nepal,Biratnagar,RETAIL,Dozen,unit,0.0625
2024-03-01,0.68,Bananas,Nepal,Biratnagar,RETAIL,Dozen,unit,0.05666666666666667
2024-04-01,0.75,Bananas,Nepal,Biratnagar,RETAIL,Dozen,unit,0.0625
2024-05-01,0.75,Bananas,Nepal,Biratnagar,RETAIL,Dozen,unit,0.0625
2024-06-01,0.75,Bananas,Nepal,Biratnagar,RETAIL,Dozen,unit,0.0625
2024-07-01,,Bananas,Nepal,Biratnagar,RETAIL,Dozen,unit,
2024-08-01,0.75,Bananas,Nepal,Biratnagar,RETAIL,Dozen,unit,0.0625
2024-09-01,0.89,Bananas,Nepal,Biratnagar,RETAIL,Dozen,unit,0.07416666666666667
2024-10-01,0.75,Bananas,Nepal,Biratnagar,RETAIL,Dozen,unit,0.0625
2024-11-01,0.74,Bananas,Nepal,Biratnagar,RETAIL,Dozen,unit,0.06166666666666667
2024-12-01,,Bananas,Nepal,Biratnagar,RETAIL,Dozen,unit,
2025-01-01,0.73,Bananas,Nepal,Biratnagar,RETAIL,Dozen,unit,0.06083333333333333
2025-02-01,0.57,Bananas,Nepal,Biratnagar,RETAIL,Dozen,unit,0.047499999999999994
2025-03-01,0.43,Bananas,Nepal,Biratnagar,RETAIL,Dozen,unit,0.035833333333333335
2025-04-01,0.73,Bananas,Nepal,Biratnagar,RETAIL,Dozen,unit,0.06083333333333333
2025-05-01,0.73,Bananas,Nepal,Biratnagar,RETAIL,Dozen,unit,0.06083333333333333
2025-06-01,0.58,Bananas,Nepal,Biratnagar,RETAIL,Dozen,unit,0.04833333333333333
2025-07-01,0.73,Bananas,Nepal,Biratnagar,RETAIL,Dozen,unit,0.06083333333333333
2025-08-01,0.64,Bananas,Nepal,Biratnagar,RETAIL,Dozen,unit,0.05333333333333334
2025-09-01,0.71,Bananas,Nepal,Biratnagar,RETAIL,Dozen,unit,0.059166666666666666
2019-04-01,0.91,Bananas,Nepal,Birendranagar,RETAIL,Dozen,unit,0.07583333333333334
2019-05-01,1.08,Bananas,Nepal,Birendranagar,RETAIL,Dozen,unit,0.09000000000000001
2019-06-01,1.08,Bananas,Nepal,Birendranagar,RETAIL,Dozen,unit,0.09000000000000001
2019-07-01,1.09,Bananas,Nepal,Birendranagar,RETAIL,Dozen,unit,0.09083333333333334
2019-08-01,1.08,Bananas,Nepal,Birendranagar,RETAIL,Dozen,unit,0.09000000000000001
2019-09-01,,Bananas,Nepal,Birendranagar,RETAIL,Dozen,unit,
2019-10-01,0.88,Bananas,Nepal,Birendranagar,RETAIL,Dozen,unit,0.07333333333333333
2019-11-01,0.88,Bananas,Nepal,Birendranagar,RETAIL,Dozen,unit,0.07333333333333333
2019-12-01,0.87,Bananas,Nepal,Birendranagar,RETAIL,Dozen,unit,0.0725
2020-01-01,1.05,Bananas,Nepal,Birendranagar,RETAIL,Dozen,unit,0.08750000000000001
2020-02-01,0.88,Bananas,Nepal,Birendranagar,RETAIL,Dozen,unit,0.07333333333333333
2020-03-01,1.04,Bananas,Nepal,Birendranagar,RETAIL,Dozen,unit,0.08666666666666667
2020-04-01,,Bananas,Nepal,Birendranagar,RETAIL,Dozen,unit,
2020-05-01,0.78,Bananas,Nepal,Birendranagar,RETAIL,Dozen,unit,0.065
2020-06-01,0.91,Bananas,Nepal,Birendranagar,RETAIL,Dozen,unit,0.07583333333333334
2020-07-01,0.91,Bananas,Nepal,Birendranagar,RETAIL,Dozen,unit,0.07583333333333334
2020-08-01,1.08,Bananas,Nepal,Birendranagar,RETAIL,Dozen,unit,0.09000000000000001
2020-09-01,0.93,Bananas,Nepal,Birendranagar,RETAIL,Dozen,unit,0.0775
2020-10-01,0.94,Bananas,Nepal,Birendranagar,RETAIL,Dozen,unit,0.07833333333333332
2020-11-01,0.8,Bananas,Nepal,Birendranagar,RETAIL,Dozen,unit,0.06666666666666667
2020-12-01,0.8,Bananas,Nepal,Birendranagar,RETAIL,Dozen,unit,0.06666666666666667
2021-01-01,0.85,Bananas,Nepal,Birendranagar,RETAIL,Dozen,unit,0.07083333333333333
2021-02-01,0.86,Bananas,Nepal,Birendranagar,RETAIL,Dozen,unit,0.07166666666666667
2021-03-01,0.94,Bananas,Nepal,Birendranagar,RETAIL,Dozen,unit,0.07833333333333332
2021-04-01,1.03,Bananas,Nepal,Birendranagar,RETAIL,Dozen,unit,0.08583333333333333
2021-05-01,1.01,Bananas,Nepal,Birendranagar,RETAIL,Dozen,unit,0.08416666666666667
2021-06-01,1.03,Bananas,Nepal,Birendranagar,RETAIL,Dozen,unit,0.08583333333333333
2021-07-01,1.01,Bananas,Nepal,Birendranagar,RETAIL,Dozen,unit,0.08416666666666667
2021-08-01,0.84,Bananas,Nepal,Birendranagar,RETAIL,Dozen,unit,0.06999999999999999
2021-09-01,0.85,Bananas,Nepal,Birendranagar,RETAIL,Dozen,unit,0.07083333333333333
2021-10-01,0.84,Bananas,Nepal,Birendranagar,RETAIL,Dozen,unit,0.06999999999999999
2021-11-01,1.0,Bananas,Nepal,Birendranagar,RETAIL,Dozen,unit,0.08333333333333333
2021-12-01,0.83,Bananas,Nepal,Birendranagar,RETAIL,Dozen,unit,0.06916666666666667
2022-01-01,1.0,Bananas,Nepal,Birendranagar,RETAIL,Dozen,unit,0.08333333333333333
2022-02-01,1.0,Bananas,Nepal,Birendranagar,RETAIL,Dozen,unit,0.08333333333333333
2022-03-01,0.99,Bananas,Nepal,Birendranagar,RETAIL,Dozen,unit,0.0825
2022-04-01,1.15,Bananas,Nepal,Birendranagar,RETAIL,Dozen,unit,0.09583333333333333
2022-05-01,0.96,Bananas,Nepal,Birendranagar,RETAIL,Dozen,unit,0.08
2022-06-01,1.07,Bananas,Nepal,Birendranagar,RETAIL,Dozen,unit,0.08916666666666667
2022-07-01,1.05,Bananas,Nepal,Birendranagar,RETAIL,Dozen,unit,0.08750000000000001
2022-08-01,1.04,Bananas,Nepal,Birendranagar,RETAIL,Dozen,unit,0.08666666666666667
2022-09-01,0.94,Bananas,Nepal,Birendranagar,RETAIL,Dozen,unit,0.07833333333333332
2022-10-01,0.92,Bananas,Nepal,Birendranagar,RETAIL,Dozen,unit,0.07666666666666667
2022-11-01,0.96,Bananas,Nepal,Birendranagar,RETAIL,Dozen,unit,0.08
2022-12-01,0.94,Bananas,Nepal,Birendranagar,RETAIL,Dozen,unit,0.07833333333333332
2023-01-01,1.1,Bananas,Nepal,Birendranagar,RETAIL,Dozen,unit,0.09166666666666667
2023-02-01,0.93,Bananas,Nepal,Birendranagar,RETAIL,Dozen,unit,0.0775
2023-03-01,1.08,Bananas,Nepal,Birendranagar,RETAIL,Dozen,unit,0.09000000000000001
2023-04-01,1.29,Bananas,Nepal,Birendranagar,RETAIL,Dozen,unit,0.1075
2023-05-01,1.04,Bananas,Nepal,Birendranagar,RETAIL,Dozen,unit,0.08666666666666667
2023-06-01,1.19,Bananas,Nepal,Birendranagar,RETAIL,Dozen,unit,0.09916666666666667
2023-07-01,1.01,Bananas,Nepal,Birendranagar,RETAIL,Dozen,unit,0.08416666666666667
2023-08-01,1.21,Bananas,Nepal,Birendranagar,RETAIL,Dozen,unit,0.10083333333333333
2023-09-01,1.13,Bananas,Nepal,Birendranagar,RETAIL,Dozen,unit,0.09416666666666666
2023-10-01,1.1,Bananas,Nepal,Birendranagar,RETAIL,Dozen,unit,0.09166666666666667
2023-11-01,1.13,Bananas,Nepal,Birendranagar,RETAIL,Dozen,unit,0.09416666666666666
2023-12-01,1.09,Bananas,Nepal,Birendranagar,RETAIL,Dozen,unit,0.09083333333333334
2024-01-01,1.09,Bananas,Nepal,Birendranagar,RETAIL,Dozen,unit,0.09083333333333334
2024-02-01,1.05,Bananas,Nepal,Birendranagar,RETAIL,Dozen,unit,0.08750000000000001
2024-03-01,1.13,Bananas,Nepal,Birendranagar,RETAIL,Dozen,unit,0.09416666666666666
2024-04-01,1.13,Bananas,Nepal,Birendranagar,RETAIL,Dozen,unit,0.09416666666666666
2024-05-01,1.12,Bananas,Nepal,Birendranagar,RETAIL,Dozen,unit,0.09333333333333334
2024-06-01,1.12,Bananas,Nepal,Birendranagar,RETAIL,Dozen,unit,0.09333333333333334
2024-07-01,,Bananas,Nepal,Birendranagar,RETAIL,Dozen,unit,
2024-08-01,1.12,Bananas,Nepal,Birendranagar,RETAIL,Dozen,unit,0.09333333333333334
2024-09-01,1.12,Bananas,Nepal,Birendranagar,RETAIL,Dozen,unit,0.09333333333333334
2024-10-01,1.12,Bananas,Nepal,Birendranagar,RETAIL,Dozen,unit,0.09333333333333334
2024-11-01,1.04,Bananas,Nepal,Birendranagar,RETAIL,Dozen,unit,0.08666666666666667
2024-12-01,,Bananas,Nepal,Birendranagar,RETAIL,Dozen,unit,
2025-01-01,1.09,Bananas,Nepal,Birendranagar,RETAIL,Dozen,unit,0.09083333333333334
2025-02-01,0.86,Bananas,Nepal,Birendranagar,RETAIL,Dozen,unit,0.07166666666666667
2025-03-01,1.08,Bananas,Nepal,Birendranagar,RETAIL,Dozen,unit,0.09000000000000001
2025-04-01,1.09,Bananas,Nepal,Birendranagar,RETAIL,Dozen,unit,0.09083333333333334
2025-05-01,1.1,Bananas,Nepal,Birendranagar,RETAIL,Dozen,unit,0.09166666666666667
2025-06-01,1.09,Bananas,Nepal,Birendranagar,RETAIL,Dozen,unit,0.09083333333333334
2025-07-01,1.09,Bananas,Nepal,Birendranagar,RETAIL,Dozen,unit,0.09083333333333334
2025-08-01,1.07,Bananas,Nepal,Birendranagar,RETAIL,Dozen,unit,0.08916666666666667
2025-09-01,1.06,Bananas,Nepal,Birendranagar,RETAIL,Dozen,unit,0.08833333333333333
2019-04-01,0.63,Bananas,Nepal,Dhangadhi,RETAIL,Dozen,unit,0.0525
2019-05-01,0.63,Bananas,Nepal,Dhangadhi,RETAIL,Dozen,unit,0.0525
2019-06-01,0.63,Bananas,Nepal,Dhangadhi,RETAIL,Dozen,unit,0.0525
2019-07-01,0.63,Bananas,Nepal,Dhangadhi,RETAIL,Dozen,unit,0.0525
2019-08-01,0.9,Bananas,Nepal,Dhangadhi,RETAIL,Dozen,unit,0.075
2019-09-01,0.7,Bananas,Nepal,Dhangadhi,RETAIL,Dozen,unit,0.05833333333333333
2019-10-01,0.7,Bananas,Nepal,Dhangadhi,RETAIL,Dozen,unit,0.05833333333333333
2019-11-01,0.7,Bananas,Nepal,Dhangadhi,RETAIL,Dozen,unit,0.05833333333333333
2019-12-01,0.7,Bananas,Nepal,Dhangadhi,RETAIL,Dozen,unit,0.05833333333333333
2020-01-01,0.7,Bananas,Nepal,Dhangadhi,RETAIL,Dozen,unit,0.05833333333333333
2020-02-01,0.7,Bananas,Nepal,Dhangadhi,RETAIL,Dozen,unit,0.05833333333333333
2020-03-01,0.86,Bananas,Nepal,Dhangadhi,RETAIL,Dozen,unit,0.07166666666666667
2020-04-01,0.77,Bananas,Nepal,Dhangadhi,RETAIL,Dozen,unit,0.06416666666666666
2020-05-01,0.7,Bananas,Nepal,Dhangadhi,RETAIL,Dozen,unit,0.05833333333333333
2020-06-01,0.83,Bananas,Nepal,Dhangadhi,RETAIL,Dozen,unit,0.06916666666666667
2020-07-01,0.99,Bananas,Nepal,Dhangadhi,RETAIL,Dozen,unit,0.0825
2020-08-01,0.83,Bananas,Nepal,Dhangadhi,RETAIL,Dozen,unit,0.06916666666666667
2020-09-01,0.8,Bananas,Nepal,Dhangadhi,RETAIL,Dozen,unit,0.06666666666666667
2020-10-01,0.81,Bananas,Nepal,Dhangadhi,RETAIL,Dozen,unit,0.0675
2020-11-01,0.84,Bananas,Nepal,Dhangadhi,RETAIL,Dozen,unit,0.06999999999999999
2020-12-01,0.85,Bananas,Nepal,Dhangadhi,RETAIL,Dozen,unit,0.07083333333333333
2021-01-01,0.6,Bananas,Nepal,Dhangadhi,RETAIL,Dozen,unit,0.049999999999999996
2021-02-01,0.68,Bananas,Nepal,Dhangadhi,RETAIL,Dozen,unit,0.05666666666666667
2021-03-01,0.69,Bananas,Nepal,Dhangadhi,RETAIL,Dozen,unit,0.057499999999999996
2021-04-01,0.68,Bananas,Nepal,Dhangadhi,RETAIL,Dozen,unit,0.05666666666666667
2021-05-01,0.84,Bananas,Nepal,Dhangadhi,RETAIL,Dozen,unit,0.06999999999999999
2021-06-01,0.69,Bananas,Nepal,Dhangadhi,RETAIL,Dozen,unit,0.057499999999999996
2021-07-01,0.84,Bananas,Nepal,Dhangadhi,RETAIL,Dozen,unit,0.06999999999999999
2021-08-01,0.59,Bananas,Nepal,Dhangadhi,RETAIL,Dozen,unit,0.049166666666666664
2021-09-01,0.42,Bananas,Nepal,Dhangadhi,RETAIL,Dozen,unit,0.034999999999999996
2021-10-01,0.59,Bananas,Nepal,Dhangadhi,RETAIL,Dozen,unit,0.049166666666666664
2021-11-01,0.42,Bananas,Nepal,Dhangadhi,RETAIL,Dozen,unit,0.034999999999999996
2021-12-01,0.67,Bananas,Nepal,Dhangadhi,RETAIL,Dozen,unit,0.05583333333333334
2022-01-01,0.67,Bananas,Nepal,Dhangadhi,RETAIL,Dozen,unit,0.05583333333333334
2022-02-01,0.67,Bananas,Nepal,Dhangadhi,RETAIL,Dozen,unit,0.05583333333333334
2022-03-01,0.83,Bananas,Nepal,Dhangadhi,RETAIL,Dozen,unit,0.06916666666666667
2022-04-01,0.82,Bananas,Nepal,Dhangadhi,RETAIL,Dozen,unit,0.06833333333333333
2022-05-01,0.82,Bananas,Nepal,Dhangadhi,RETAIL,Dozen,unit,0.06833333333333333
2022-06-01,0.89,Bananas,Nepal,Dhangadhi,RETAIL,Dozen,unit,0.07416666666666667
2022-07-01,0.95,Bananas,Nepal,Dhangadhi,RETAIL,Dozen,unit,0.07916666666666666
2022-08-01,0.86,Bananas,Nepal,Dhangadhi,RETAIL,Dozen,unit,0.07166666666666667
2022-09-01,0.63,Bananas,Nepal,Dhangadhi,RETAIL,Dozen,unit,0.0525
2022-10-01,0.92,Bananas,Nepal,Dhangadhi,RETAIL,Dozen,unit,0.07666666666666667
2022-11-01,0.61,Bananas,Nepal,Dhangadhi,RETAIL,Dozen,unit,0.050833333333333335
2022-12-01,0.61,Bananas,Nepal,Dhangadhi,RETAIL,Dozen,unit,0.050833333333333335
2023-01-01,0.61,Bananas,Nepal,Dhangadhi,RETAIL,Dozen,unit,0.050833333333333335
2023-02-01,0.66,Bananas,Nepal,Dhangadhi,RETAIL,Dozen,unit,0.055
2023-03-01,0.68,Bananas,Nepal,Dhangadhi,RETAIL,Dozen,unit,0.05666666666666667
2023-04-01,0.76,Bananas,Nepal,Dhangadhi,RETAIL,Dozen,unit,0.06333333333333334
2023-05-01,0.84,Bananas,Nepal,Dhangadhi,RETAIL,Dozen,unit,0.06999999999999999
2023-06-01,0.83,Bananas,Nepal,Dhangadhi,RETAIL,Dozen,unit,0.06916666666666667
2023-07-01,0.91,Bananas,Nepal,Dhangadhi,RETAIL,Dozen,unit,0.07583333333333334
2023-08-01,0.83,Bananas,Nepal,Dhangadhi,RETAIL,Dozen,unit,0.06916666666666667
2023-09-01,0.68,Bananas,Nepal,Dhangadhi,RETAIL,Dozen,unit,0.05666666666666667
2023-10-01,0.68,Bananas,Nepal,Dhangadhi,RETAIL,Dozen,unit,0.05666666666666667
2023-11-01,0.68,Bananas,Nepal,Dhangadhi,RETAIL,Dozen,unit,0.05666666666666667
2023-12-01,0.6,Bananas,Nepal,Dhangadhi,RETAIL,Dozen,unit,0.049999999999999996
2024-01-01,0.68,Bananas,Nepal,Dhangadhi,RETAIL,Dozen,unit,0.05666666666666667
2024-02-01,0.75,Bananas,Nepal,Dhangadhi,RETAIL,Dozen,unit,0.0625
2024-03-01,0.75,Bananas,Nepal,Dhangadhi,RETAIL,Dozen,unit,0.0625
2024-04-01,0.9,Bananas,Nepal,Dhangadhi,RETAIL,Dozen,unit,0.075
2024-05-01,0.75,Bananas,Nepal,Dhangadhi,RETAIL,Dozen,unit,0.0625
2024-06-01,0.9,Bananas,Nepal,Dhangadhi,RETAIL,Dozen,unit,0.075
2024-07-01,,Bananas,Nepal,Dhangadhi,RETAIL,Dozen,unit,
2024-08-01,0.82,Bananas,Nepal,Dhangadhi,RETAIL,Dozen,unit,0.06833333333333333
2024-09-01,0.74,Bananas,Nepal,Dhangadhi,RETAIL,Dozen,unit,0.06166666666666667
2024-10-01,0.75,Bananas,Nepal,Dhangadhi,RETAIL,Dozen,unit,0.0625
2024-11-01,0.74,Bananas,Nepal,Dhangadhi,RETAIL,Dozen,unit,0.06166666666666667
2024-12-01,,Bananas,Nepal,Dhangadhi,RETAIL,Dozen,unit,
2025-01-01,0.65,Bananas,Nepal,Dhangadhi,RETAIL,Dozen,unit,0.05416666666666667
2025-02-01,0.72,Bananas,Nepal,Dhangadhi,RETAIL,Dozen,unit,0.06
2025-03-01,0.87,Bananas,Nepal,Dhangadhi,RETAIL,Dozen,unit,0.0725
2025-04-01,0.87,Bananas,Nepal,Dhangadhi,RETAIL,Dozen,unit,0.0725
2025-05-01,0.88,Bananas,Nepal,Dhangadhi,RETAIL,Dozen,unit,0.07333333333333333
2025-06-01,0.87,Bananas,Nepal,Dhangadhi,RETAIL,Dozen,unit,0.0725
2025-07-01,0.65,Bananas,Nepal,Dhangadhi,RETAIL,Dozen,unit,0.05416666666666667
2025-08-01,0.64,Bananas,Nepal,Dhangadhi,RETAIL,Dozen,unit,0.05333333333333334
2025-09-01,0.64,Bananas,Nepal,Dhangadhi,RETAIL,Dozen,unit,0.05333333333333334
2019-04-01,0.54,Bananas,Nepal,Hetauda,RETAIL,Dozen,unit,0.045000000000000005
2019-05-01,0.9,Bananas,Nepal,Hetauda,RETAIL,Dozen,unit,0.075
2019-06-01,0.9,Bananas,Nepal,Hetauda,RETAIL,Dozen,unit,0.075
2019-07-01,0.91,Bananas,Nepal,Hetauda,RETAIL,Dozen,unit,0.07583333333333334
2019-08-01,0.9,Bananas,Nepal,Hetauda,RETAIL,Dozen,unit,0.075
2019-09-01,0.7,Bananas,Nepal,Hetauda,RETAIL,Dozen,unit,0.05833333333333333
2019-10-01,0.7,Bananas,Nepal,Hetauda,RETAIL,Dozen,unit,0.05833333333333333
2019-11-01,0.88,Bananas,Nepal,Hetauda,RETAIL,Dozen,unit,0.07333333333333333
2019-12-01,0.79,Bananas,Nepal,Hetauda,RETAIL,Dozen,unit,0.06583333333333334
2020-01-01,0.88,Bananas,Nepal,Hetauda,RETAIL,Dozen,unit,0.07333333333333333
2020-02-01,0.88,Bananas,Nepal,Hetauda,RETAIL,Dozen,unit,0.07333333333333333
2020-03-01,0.86,Bananas,Nepal,Hetauda,RETAIL,Dozen,unit,0.07166666666666667
2020-04-01,,Bananas,Nepal,Hetauda,RETAIL,Dozen,unit,
2020-05-01,0.74,Bananas,Nepal,Hetauda,RETAIL,Dozen,unit,0.06166666666666667
2020-06-01,0.66,Bananas,Nepal,Hetauda,RETAIL,Dozen,unit,0.055
2020-07-01,0.58,Bananas,Nepal,Hetauda,RETAIL,Dozen,unit,0.04833333333333333
2020-08-01,1.17,Bananas,Nepal,Hetauda,RETAIL,Dozen,unit,0.09749999999999999
2020-09-01,0.93,Bananas,Nepal,Hetauda,RETAIL,Dozen,unit,0.0775
2020-10-01,0.72,Bananas,Nepal,Hetauda,RETAIL,Dozen,unit,0.06
2020-11-01,0.68,Bananas,Nepal,Hetauda,RETAIL,Dozen,unit,0.05666666666666667
2020-12-01,0.74,Bananas,Nepal,Hetauda,RETAIL,Dozen,unit,0.06166666666666667
2021-01-01,0.85,Bananas,Nepal,Hetauda,RETAIL,Dozen,unit,0.07083333333333333
2021-02-01,0.86,Bananas,Nepal,Hetauda,RETAIL,Dozen,unit,0.07166666666666667
2021-03-01,0.86,Bananas,Nepal,Hetauda,RETAIL,Dozen,unit,0.07166666666666667
2021-04-01,0.85,Bananas,Nepal,Hetauda,RETAIL,Dozen,unit,0.07083333333333333
2021-05-01,1.18,Bananas,Nepal,Hetauda,RETAIL,Dozen,unit,0.09833333333333333
2021-06-01,1.29,Bananas,Nepal,Hetauda,RETAIL,Dozen,unit,0.1075
2021-07-01,0.84,Bananas,Nepal,Hetauda,RETAIL,Dozen,unit,0.06999999999999999
2021-08-01,0.84,Bananas,Nepal,Hetauda,RETAIL,Dozen,unit,0.06999999999999999
2021-09-01,0.85,Bananas,Nepal,Hetauda,RETAIL,Dozen,unit,0.07083333333333333
2021-10-01,0.84,Bananas,Nepal,Hetauda,RETAIL,Dozen,unit,0.06999999999999999
2021-11-01,0.84,Bananas,Nepal,Hetauda,RETAIL,Dozen,unit,0.06999999999999999
2021-12-01,0.83,Bananas,Nepal,Hetauda,RETAIL,Dozen,unit,0.06916666666666667
2022-01-01,0.83,Bananas,Nepal,Hetauda,RETAIL,Dozen,unit,0.06916666666666667
2022-02-01,1.0,Bananas,Nepal,Hetauda,RETAIL,Dozen,unit,0.08333333333333333
2022-03-01,0.83,Bananas,Nepal,Hetauda,RETAIL,Dozen,unit,0.06916666666666667
2022-04-01,0.82,Bananas,Nepal,Hetauda,RETAIL,Dozen,unit,0.06833333333333333
2022-05-01,0.98,Bananas,Nepal,Hetauda,RETAIL,Dozen,unit,0.08166666666666667
2022-06-01,0.97,Bananas,Nepal,Hetauda,RETAIL,Dozen,unit,0.08083333333333333
2022-07-01,0.99,Bananas,Nepal,Hetauda,RETAIL,Dozen,unit,0.0825
2022-08-01,1.1,Bananas,Nepal,Hetauda,RETAIL,Dozen,unit,0.09166666666666667
2022-09-01,0.94,Bananas,Nepal,Hetauda,RETAIL,Dozen,unit,0.07833333333333332
2022-10-01,0.77,Bananas,Nepal,Hetauda,RETAIL,Dozen,unit,0.06416666666666666
2022-11-01,0.76,Bananas,Nepal,Hetauda,RETAIL,Dozen,unit,0.06333333333333334
2022-12-01,0.76,Bananas,Nepal,Hetauda,RETAIL,Dozen,unit,0.06333333333333334
2023-01-01,0.76,Bananas,Nepal,Hetauda,RETAIL,Dozen,unit,0.06333333333333334
2023-02-01,0.75,Bananas,Nepal,Hetauda,RETAIL,Dozen,unit,0.0625
2023-03-01,0.78,Bananas,Nepal,Hetauda,RETAIL,Dozen,unit,0.065
2023-04-01,1.06,Bananas,Nepal,Hetauda,RETAIL,Dozen,unit,0.08833333333333333
2023-05-01,1.11,Bananas,Nepal,Hetauda,RETAIL,Dozen,unit,0.09250000000000001
2023-06-01,1.21,Bananas,Nepal,Hetauda,RETAIL,Dozen,unit,0.10083333333333333
2023-07-01,0.84,Bananas,Nepal,Hetauda,RETAIL,Dozen,unit,0.06999999999999999
2023-08-01,0.57,Bananas,Nepal,Hetauda,RETAIL,Dozen,unit,0.047499999999999994
2023-09-01,0.75,Bananas,Nepal,Hetauda,RETAIL,Dozen,unit,0.0625
2023-10-01,0.45,Bananas,Nepal,Hetauda,RETAIL,Dozen,unit,0.0375
2023-11-01,0.9,Bananas,Nepal,Hetauda,RETAIL,Dozen,unit,0.075
2023-12-01,0.64,Bananas,Nepal,Hetauda,RETAIL,Dozen,unit,0.05333333333333334
2024-01-01,0.3,Bananas,Nepal,Hetauda,RETAIL,Dozen,unit,0.024999999999999998
2024-02-01,0.75,Bananas,Nepal,Hetauda,RETAIL,Dozen,unit,0.0625
2024-03-01,,Bananas,Nepal,Hetauda,RETAIL,Dozen,unit,
2024-04-01,1.13,Bananas,Nepal,Hetauda,RETAIL,Dozen,unit,0.09416666666666666
2024-05-01,0.9,Bananas,Nepal,Hetauda,RETAIL,Dozen,unit,0.075
2024-06-01,0.9,Bananas,Nepal,Hetauda,RETAIL,Dozen,unit,0.075
2024-07-01,,Bananas,Nepal,Hetauda,RETAIL,Dozen,unit,
2024-08-01,1.12,Bananas,Nepal,Hetauda,RETAIL,Dozen,unit,0.09333333333333334
2024-09-01,1.19,Bananas,Nepal,Hetauda,RETAIL,Dozen,unit,0.09916666666666667
2024-10-01,1.19,Bananas,Nepal,Hetauda,RETAIL,Dozen,unit,0.09916666666666667
2024-11-01,1.19,Bananas,Nepal,Hetauda,RETAIL,Dozen,unit,0.09916666666666667
2024-12-01,,Bananas,Nepal,Hetauda,RETAIL,Dozen,unit,
2025-01-01,1.09,Bananas,Nepal,Hetauda,RETAIL,Dozen,unit,0.09083333333333334
2025-02-01,1.11,Bananas,Nepal,Hetauda,RETAIL,Dozen,unit,0.09250000000000001
2025-03-01,1.15,Bananas,Nepal,Hetauda,RETAIL,Dozen,unit,0.09583333333333333
2025-04-01,1.09,Bananas,Nepal,Hetauda,RETAIL,Dozen,unit,0.09083333333333334
2025-05-01,1.06,Bananas,Nepal,Hetauda,RETAIL,Dozen,unit,0.08833333333333333
2025-06-01,1.06,Bananas,Nepal,Hetauda,RETAIL,Dozen,unit,0.08833333333333333
2025-07-01,1.09,Bananas,Nepal,Hetauda,RETAIL,Dozen,unit,0.09083333333333334
2025-08-01,1.07,Bananas,Nepal,Hetauda,RETAIL,Dozen,unit,0.08916666666666667
2025-09-01,1.1,Bananas,Nepal,Hetauda,RETAIL,Dozen,unit,0.09166666666666667
2019-04-01,0.54,Bananas,Nepal,Janakpurdham,RETAIL,Dozen,unit,0.045000000000000005
2019-05-01,0.54,Bananas,Nepal,Janakpurdham,RETAIL,Dozen,unit,0.045000000000000005
2019-06-01,0.72,Bananas,Nepal,Janakpurdham,RETAIL,Dozen,unit,0.06
2019-07-01,0.63,Bananas,Nepal,Janakpurdham,RETAIL,Dozen,unit,0.0525
2019-08-01,0.63,Bananas,Nepal,Janakpurdham,RETAIL,Dozen,unit,0.0525
2019-09-01,0.61,Bananas,Nepal,Janakpurdham,RETAIL,Dozen,unit,0.050833333333333335
2019-10-01,0.53,Bananas,Nepal,Janakpurdham,RETAIL,Dozen,unit,0.04416666666666667
2019-11-01,0.53,Bananas,Nepal,Janakpurdham,RETAIL,Dozen,unit,0.04416666666666667
2019-12-01,0.52,Bananas,Nepal,Janakpurdham,RETAIL,Dozen,unit,0.043333333333333335
2020-01-01,0.53,Bananas,Nepal,Janakpurdham,RETAIL,Dozen,unit,0.04416666666666667
2020-02-01,0.53,Bananas,Nepal,Janakpurdham,RETAIL,Dozen,unit,0.04416666666666667
2020-03-01,0.52,Bananas,Nepal,Janakpurdham,RETAIL,Dozen,unit,0.043333333333333335
2020-04-01,,Bananas,Nepal,Janakpurdham,RETAIL,Dozen,unit,
2020-05-01,0.58,Bananas,Nepal,Janakpurdham,RETAIL,Dozen,unit,0.04833333333333333
2020-06-01,0.83,Bananas,Nepal,Janakpurdham,RETAIL,Dozen,unit,0.06916666666666667
2020-07-01,0.37,Bananas,Nepal,Janakpurdham,RETAIL,Dozen,unit,0.030833333333333334
2020-08-01,0.61,Bananas,Nepal,Janakpurdham,RETAIL,Dozen,unit,0.050833333333333335
2020-09-01,0.68,Bananas,Nepal,Janakpurdham,RETAIL,Dozen,unit,0.05666666666666667
2020-10-01,0.94,Bananas,Nepal,Janakpurdham,RETAIL,Dozen,unit,0.07833333333333332
2020-11-01,0.84,Bananas,Nepal,Janakpurdham,RETAIL,Dozen,unit,0.06999999999999999
2020-12-01,0.62,Bananas,Nepal,Janakpurdham,RETAIL,Dozen,unit,0.051666666666666666
2021-01-01,0.43,Bananas,Nepal,Janakpurdham,RETAIL,Dozen,unit,0.035833333333333335
2021-02-01,0.68,Bananas,Nepal,Janakpurdham,RETAIL,Dozen,unit,0.05666666666666667
2021-03-01,0.86,Bananas,Nepal,Janakpurdham,RETAIL,Dozen,unit,0.07166666666666667
2021-04-01,0.85,Bananas,Nepal,Janakpurdham,RETAIL,Dozen,unit,0.07083333333333333
2021-05-01,0.84,Bananas,Nepal,Janakpurdham,RETAIL,Dozen,unit,0.06999999999999999
2021-06-01,0.86,Bananas,Nepal,Janakpurdham,RETAIL,Dozen,unit,0.07166666666666667
2021-07-01,0.84,Bananas,Nepal,Janakpurdham,RETAIL,Dozen,unit,0.06999999999999999
2021-08-01,0.67,Bananas,Nepal,Janakpurdham,RETAIL,Dozen,unit,0.05583333333333334
2021-09-01,0.68,Bananas,Nepal,Janakpurdham,RETAIL,Dozen,unit,0.05666666666666667
2021-10-01,0.5,Bananas,Nepal,Janakpurdham,RETAIL,Dozen,unit,0.041666666666666664
2021-11-01,0.67,Bananas,Nepal,Janakpurdham,RETAIL,Dozen,unit,0.05583333333333334
2021-12-01,0.58,Bananas,Nepal,Janakpurdham,RETAIL,Dozen,unit,0.04833333333333333
2022-01-01,0.5,Bananas,Nepal,Janakpurdham,RETAIL,Dozen,unit,0.041666666666666664
2022-02-01,0.67,Bananas,Nepal,Janakpurdham,RETAIL,Dozen,unit,0.05583333333333334
2022-03-01,0.66,Bananas,Nepal,Janakpurdham,RETAIL,Dozen,unit,0.055
2022-04-01,0.82,Bananas,Nepal,Janakpurdham,RETAIL,Dozen,unit,0.06833333333333333
2022-05-01,0.87,Bananas,Nepal,Janakpurdham,RETAIL,Dozen,unit,0.0725
2022-06-01,0.81,Bananas,Nepal,Janakpurdham,RETAIL,Dozen,unit,0.0675
2022-07-01,0.71,Bananas,Nepal,Janakpurdham,RETAIL,Dozen,unit,0.059166666666666666
2022-08-01,0.63,Bananas,Nepal,Janakpurdham,RETAIL,Dozen,unit,0.0525
2022-09-01,0.63,Bananas,Nepal,Janakpurdham,RETAIL,Dozen,unit,0.0525
2022-10-01,0.46,Bananas,Nepal,Janakpurdham,RETAIL,Dozen,unit,0.03833333333333334
2022-11-01,0.46,Bananas,Nepal,Janakpurdham,RETAIL,Dozen,unit,0.03833333333333334
2022-12-01,0.38,Bananas,Nepal,Janakpurdham,RETAIL,Dozen,unit,0.03166666666666667
2023-01-01,0.45,Bananas,Nepal,Janakpurdham,RETAIL,Dozen,unit,0.0375
2023-02-01,0.76,Bananas,Nepal,Janakpurdham,RETAIL,Dozen,unit,0.06333333333333334
2023-03-01,0.91,Bananas,Nepal,Janakpurdham,RETAIL,Dozen,unit,0.07583333333333334
2023-04-01,0.61,Bananas,Nepal,Janakpurdham,RETAIL,Dozen,unit,0.050833333333333335
2023-05-01,0.92,Bananas,Nepal,Janakpurdham,RETAIL,Dozen,unit,0.07666666666666667
2023-06-01,0.91,Bananas,Nepal,Janakpurdham,RETAIL,Dozen,unit,0.07583333333333334
2023-07-01,0.91,Bananas,Nepal,Janakpurdham,RETAIL,Dozen,unit,0.07583333333333334
2023-08-01,0.91,Bananas,Nepal,Janakpurdham,RETAIL,Dozen,unit,0.07583333333333334
2023-09-01,0.6,Bananas,Nepal,Janakpurdham,RETAIL,Dozen,unit,0.049999999999999996
2023-10-01,0.53,Bananas,Nepal,Janakpurdham,RETAIL,Dozen,unit,0.04416666666666667
2023-11-01,0.6,Bananas,Nepal,Janakpurdham,RETAIL,Dozen,unit,0.049999999999999996
2023-12-01,0.52,Bananas,Nepal,Janakpurdham,RETAIL,Dozen,unit,0.043333333333333335
2024-01-01,0.53,Bananas,Nepal,Janakpurdham,RETAIL,Dozen,unit,0.04416666666666667
2024-02-01,0.75,Bananas,Nepal,Janakpurdham,RETAIL,Dozen,unit,0.0625
2024-03-01,0.9,Bananas,Nepal,Janakpurdham,RETAIL,Dozen,unit,0.075
2024-04-01,0.9,Bananas,Nepal,Janakpurdham,RETAIL,Dozen,unit,0.075
2024-05-01,0.9,Bananas,Nepal,Janakpurdham,RETAIL,Dozen,unit,0.075
2024-06-01,0.9,Bananas,Nepal,Janakpurdham,RETAIL,Dozen,unit,0.075
2024-07-01,,Bananas,Nepal,Janakpurdham,RETAIL,Dozen,unit,
2024-08-01,0.9,Bananas,Nepal,Janakpurdham,RETAIL,Dozen,unit,0.075
2024-09-01,0.97,Bananas,Nepal,Janakpurdham,RETAIL,Dozen,unit,0.08083333333333333
2024-10-01,0.6,Bananas,Nepal,Janakpurdham,RETAIL,Dozen,unit,0.049999999999999996
2024-11-01,0.74,Bananas,Nepal,Janakpurdham,RETAIL,Dozen,unit,0.06166666666666667
2024-12-01,,Bananas,Nepal,Janakpurdham,RETAIL,Dozen,unit,
2025-01-01,0.73,Bananas,Nepal,Janakpurdham,RETAIL,Dozen,unit,0.06083333333333333
2025-02-01,0.86,Bananas,Nepal,Janakpurdham,RETAIL,Dozen,unit,0.07166666666666667
2025-03-01,0.87,Bananas,Nepal,Janakpurdham,RETAIL,Dozen,unit,0.0725
2025-04-01,0.87,Bananas,Nepal,Janakpurdham,RETAIL,Dozen,unit,0.0725
2025-05-01,0.88,Bananas,Nepal,Janakpurdham,RETAIL,Dozen,unit,0.07333333333333333
2025-06-01,1.09,Bananas,Nepal,Janakpurdham,RETAIL,Dozen,unit,0.09083333333333334
2025-07-01,0.87,Bananas,Nepal,Janakpurdham,RETAIL,Dozen,unit,0.0725
2025-08-01,0.71,Bananas,Nepal,Janakpurdham,RETAIL,Dozen,unit,0.059166666666666666
2025-09-01,0.71,Bananas,Nepal,Janakpurdham,RETAIL,Dozen,unit,0.059166666666666666
2019-04-01,0.68,Bananas,Nepal,Kathmandu,RETAIL,Dozen,unit,0.05666666666666667
2019-05-01,0.9,Bananas,Nepal,Kathmandu,RETAIL,Dozen,unit,0.075
2019-06-01,0.9,Bananas,Nepal,Kathmandu,RETAIL,Dozen,unit,0.075
2019-07-01,0.91,Bananas,Nepal,Kathmandu,RETAIL,Dozen,unit,0.07583333333333334
2019-08-01,0.9,Bananas,Nepal,Kathmandu,RETAIL,Dozen,unit,0.075
2019-09-01,0.87,Bananas,Nepal,Kathmandu,RETAIL,Dozen,unit,0.0725
2019-10-01,0.7,Bananas,Nepal,Kathmandu,RETAIL,Dozen,unit,0.05833333333333333
2019-11-01,0.97,Bananas,Nepal,Kathmandu,RETAIL,Dozen,unit,0.08083333333333333
2019-12-01,0.87,Bananas,Nepal,Kathmandu,RETAIL,Dozen,unit,0.0725
2020-01-01,,Bananas,Nepal,Kathmandu,RETAIL,Dozen,unit,
2020-02-01,,Bananas,Nepal,Kathmandu,RETAIL,Dozen,unit,
2020-03-01,,Bananas,Nepal,Kathmandu,RETAIL,Dozen,unit,
2020-04-01,,Bananas,Nepal,Kathmandu,RETAIL,Dozen,unit,
2020-05-01,,Bananas,Nepal,Kathmandu,RETAIL,Dozen,unit,
2020-06-01,,Bananas,Nepal,Kathmandu,RETAIL,Dozen,unit,
2020-07-01,,Bananas,Nepal,Kathmandu,RETAIL,Dozen,unit,
2020-08-01,,Bananas,Nepal,Kathmandu,RETAIL,Dozen,unit,
2020-09-01,,Bananas,Nepal,Kathmandu,RETAIL,Dozen,unit,
2020-10-01,,Bananas,Nepal,Kathmandu,RETAIL,Dozen,unit,
2020-11-01,,Bananas,Nepal,Kathmandu,RETAIL,Dozen,unit,
2020-12-01,,Bananas,Nepal,Kathmandu,RETAIL,Dozen,unit,
2021-01-01,1.02,Bananas,Nepal,Kathmandu,RETAIL,Dozen,unit,0.085
2021-02-01,1.03,Bananas,Nepal,Kathmandu,RETAIL,Dozen,unit,0.08583333333333333
2021-03-01,0.86,Bananas,Nepal,Kathmandu,RETAIL,Dozen,unit,0.07166666666666667
2021-04-01,0.85,Bananas,Nepal,Kathmandu,RETAIL,Dozen,unit,0.07083333333333333
2021-05-01,1.26,Bananas,Nepal,Kathmandu,RETAIL,Dozen,unit,0.105
2021-06-01,1.29,Bananas,Nepal,Kathmandu,RETAIL,Dozen,unit,0.1075
2021-07-01,1.01,Bananas,Nepal,Kathmandu,RETAIL,Dozen,unit,0.08416666666666667
2021-08-01,0.84,Bananas,Nepal,Kathmandu,RETAIL,Dozen,unit,0.06999999999999999
2021-09-01,1.02,Bananas,Nepal,Kathmandu,RETAIL,Dozen,unit,0.085
2021-10-01,0.84,Bananas,Nepal,Kathmandu,RETAIL,Dozen,unit,0.06999999999999999
2021-11-01,0.84,Bananas,Nepal,Kathmandu,RETAIL,Dozen,unit,0.06999999999999999
2021-12-01,1.0,Bananas,Nepal,Kathmandu,RETAIL,Dozen,unit,0.08333333333333333
2022-01-01,1.0,Bananas,Nepal,Kathmandu,RETAIL,Dozen,unit,0.08333333333333333
2022-02-01,0.84,Bananas,Nepal,Kathmandu,RETAIL,Dozen,unit,0.06999999999999999
2022-03-01,0.99,Bananas,Nepal,Kathmandu,RETAIL,Dozen,unit,0.0825
2022-04-01,0.82,Bananas,Nepal,Kathmandu,RETAIL,Dozen,unit,0.06833333333333333
2022-05-01,1.22,Bananas,Nepal,Kathmandu,RETAIL,Dozen,unit,0.10166666666666667
2022-06-01,1.21,Bananas,Nepal,Kathmandu,RETAIL,Dozen,unit,0.10083333333333333
2022-07-01,0.95,Bananas,Nepal,Kathmandu,RETAIL,Dozen,unit,0.07916666666666666
2022-08-01,1.57,Bananas,Nepal,Kathmandu,RETAIL,Dozen,unit,0.13083333333333333
2022-09-01,0.94,Bananas,Nepal,Kathmandu,RETAIL,Dozen,unit,0.07833333333333332
2022-10-01,1.15,Bananas,Nepal,Kathmandu,RETAIL,Dozen,unit,0.09583333333333333
2022-11-01,0.91,Bananas,Nepal,Kathmandu,RETAIL,Dozen,unit,0.07583333333333334
2022-12-01,0.76,Bananas,Nepal,Kathmandu,RETAIL,Dozen,unit,0.06333333333333334
2023-01-01,0.76,Bananas,Nepal,Kathmandu,RETAIL,Dozen,unit,0.06333333333333334
2023-02-01,1.17,Bananas,Nepal,Kathmandu,RETAIL,Dozen,unit,0.09749999999999999
2023-03-01,1.16,Bananas,Nepal,Kathmandu,RETAIL,Dozen,unit,0.09666666666666666
2023-04-01,1.21,Bananas,Nepal,Kathmandu,RETAIL,Dozen,unit,0.10083333333333333
2023-05-01,1.14,Bananas,Nepal,Kathmandu,RETAIL,Dozen,unit,0.09499999999999999
2023-06-01,0.91,Bananas,Nepal,Kathmandu,RETAIL,Dozen,unit,0.07583333333333334
2023-07-01,1.22,Bananas,Nepal,Kathmandu,RETAIL,Dozen,unit,0.10166666666666667
2023-08-01,1.29,Bananas,Nepal,Kathmandu,RETAIL,Dozen,unit,0.1075
2023-09-01,0.9,Bananas,Nepal,Kathmandu,RETAIL,Dozen,unit,0.075
2023-10-01,0.86,Bananas,Nepal,Kathmandu,RETAIL,Dozen,unit,0.07166666666666667
2023-11-01,1.28,Bananas,Nepal,Kathmandu,RETAIL,Dozen,unit,0.10666666666666667
2023-12-01,1.05,Bananas,Nepal,Kathmandu,RETAIL,Dozen,unit,0.08750000000000001
2024-01-01,1.01,Bananas,Nepal,Kathmandu,RETAIL,Dozen,unit,0.08416666666666667
2024-02-01,1.13,Bananas,Nepal,Kathmandu,RETAIL,Dozen,unit,0.09416666666666666
2024-03-01,0.98,Bananas,Nepal,Kathmandu,RETAIL,Dozen,unit,0.08166666666666667
2024-04-01,1.28,Bananas,Nepal,Kathmandu,RETAIL,Dozen,unit,0.10666666666666667
2024-05-01,1.2,Bananas,Nepal,Kathmandu,RETAIL,Dozen,unit,0.09999999999999999
2024-06-01,1.24,Bananas,Nepal,Kathmandu,RETAIL,Dozen,unit,0.10333333333333333
2024-07-01,,Bananas,Nepal,Kathmandu,RETAIL,Dozen,unit,
2024-08-01,1.27,Bananas,Nepal,Kathmandu,RETAIL,Dozen,unit,0.10583333333333333
2024-09-01,1.27,Bananas,Nepal,Kathmandu,RETAIL,Dozen,unit,0.10583333333333333
2024-10-01,1.12,Bananas,Nepal,Kathmandu,RETAIL,Dozen,unit,0.09333333333333334
2024-11-01,1.26,Bananas,Nepal,Kathmandu,RETAIL,Dozen,unit,0.105
2024-12-01,,Bananas,Nepal,Kathmandu,RETAIL,Dozen,unit,
2025-01-01,1.09,Bananas,Nepal,Kathmandu,RETAIL,Dozen,unit,0.09083333333333334
2025-02-01,1.15,Bananas,Nepal,Kathmandu,RETAIL,Dozen,unit,0.09583333333333333
2025-03-01,1.15,Bananas,Nepal,Kathmandu,RETAIL,Dozen,unit,0.09583333333333333
2025-04-01,1.09,Bananas,Nepal,Kathmandu,RETAIL,Dozen,unit,0.09083333333333334
2025-05-01,1.03,Bananas,Nepal,Kathmandu,RETAIL,Dozen,unit,0.08583333333333333
2025-06-01,1.09,Bananas,Nepal,Kathmandu,RETAIL,Dozen,unit,0.09083333333333334
2025-07-01,1.09,Bananas,Nepal,Kathmandu,RETAIL,Dozen,unit,0.09083333333333334
2025-08-01,1.07,Bananas,Nepal,Kathmandu,RETAIL,Dozen,unit,0.08916666666666667
2025-09-01,1.13,Bananas,Nepal,Kathmandu,RETAIL,Dozen,unit,0.09416666666666666
2019-04-01,0.72,Bananas,Nepal,Nepalgunj,RETAIL,Dozen,unit,0.06
2019-05-01,0.72,Bananas,Nepal,Nepalgunj,RETAIL,Dozen,unit,0.06
2019-06-01,0.9,Bananas,Nepal,Nepalgunj,RETAIL,Dozen,unit,0.075
2019-07-01,0.91,Bananas,Nepal,Nepalgunj,RETAIL,Dozen,unit,0.07583333333333334
2019-08-01,0.9,Bananas,Nepal,Nepalgunj,RETAIL,Dozen,unit,0.075
2019-09-01,0.61,Bananas,Nepal,Nepalgunj,RETAIL,Dozen,unit,0.050833333333333335
2019-10-01,0.62,Bananas,Nepal,Nepalgunj,RETAIL,Dozen,unit,0.051666666666666666
2019-11-01,0.7,Bananas,Nepal,Nepalgunj,RETAIL,Dozen,unit,0.05833333333333333
2019-12-01,0.7,Bananas,Nepal,Nepalgunj,RETAIL,Dozen,unit,0.05833333333333333
2020-01-01,0.7,Bananas,Nepal,Nepalgunj,RETAIL,Dozen,unit,0.05833333333333333
2020-02-01,0.79,Bananas,Nepal,Nepalgunj,RETAIL,Dozen,unit,0.06583333333333334
2020-03-01,0.78,Bananas,Nepal,Nepalgunj,RETAIL,Dozen,unit,0.065
2020-04-01,0.83,Bananas,Nepal,Nepalgunj,RETAIL,Dozen,unit,0.06916666666666667
2020-05-01,0.86,Bananas,Nepal,Nepalgunj,RETAIL,Dozen,unit,0.07166666666666667
2020-06-01,0.74,Bananas,Nepal,Nepalgunj,RETAIL,Dozen,unit,0.06166666666666667
2020-07-01,0.83,Bananas,Nepal,Nepalgunj,RETAIL,Dozen,unit,0.06916666666666667
2020-08-01,1.08,Bananas,Nepal,Nepalgunj,RETAIL,Dozen,unit,0.09000000000000001
2020-09-01,0.76,Bananas,Nepal,Nepalgunj,RETAIL,Dozen,unit,0.06333333333333334
2020-10-01,0.74,Bananas,Nepal,Nepalgunj,RETAIL,Dozen,unit,0.06166666666666667
2020-11-01,0.76,Bananas,Nepal,Nepalgunj,RETAIL,Dozen,unit,0.06333333333333334
2020-12-01,0.76,Bananas,Nepal,Nepalgunj,RETAIL,Dozen,unit,0.06333333333333334
2021-01-01,0.77,Bananas,Nepal,Nepalgunj,RETAIL,Dozen,unit,0.06416666666666666
2021-02-01,0.73,Bananas,Nepal,Nepalgunj,RETAIL,Dozen,unit,0.06083333333333333
2021-03-01,0.69,Bananas,Nepal,Nepalgunj,RETAIL,Dozen,unit,0.057499999999999996
2021-04-01,0.77,Bananas,Nepal,Nepalgunj,RETAIL,Dozen,unit,0.06416666666666666
2021-05-01,0.76,Bananas,Nepal,Nepalgunj,RETAIL,Dozen,unit,0.06333333333333334
2021-06-01,0.77,Bananas,Nepal,Nepalgunj,RETAIL,Dozen,unit,0.06416666666666666
2021-07-01,0.84,Bananas,Nepal,Nepalgunj,RETAIL,Dozen,unit,0.06999999999999999
2021-08-01,0.76,Bananas,Nepal,Nepalgunj,RETAIL,Dozen,unit,0.06333333333333334
2021-09-01,0.76,Bananas,Nepal,Nepalgunj,RETAIL,Dozen,unit,0.06333333333333334
2021-10-01,0.76,Bananas,Nepal,Nepalgunj,RETAIL,Dozen,unit,0.06333333333333334
2021-11-01,0.67,Bananas,Nepal,Nepalgunj,RETAIL,Dozen,unit,0.05583333333333334
2021-12-01,0.67,Bananas,Nepal,Nepalgunj,RETAIL,Dozen,unit,0.05583333333333334
2022-01-01,0.67,Bananas,Nepal,Nepalgunj,RETAIL,Dozen,unit,0.05583333333333334
2022-02-01,0.75,Bananas,Nepal,Nepalgunj,RETAIL,Dozen,unit,0.0625
2022-03-01,0.74,Bananas,Nepal,Nepalgunj,RETAIL,Dozen,unit,0.06166666666666667
2022-04-01,0.82,Bananas,Nepal,Nepalgunj,RETAIL,Dozen,unit,0.06833333333333333
2022-05-01,0.82,Bananas,Nepal,Nepalgunj,RETAIL,Dozen,unit,0.06833333333333333
2022-06-01,0.81,Bananas,Nepal,Nepalgunj,RETAIL,Dozen,unit,0.0675
2022-07-01,0.79,Bananas,Nepal,Nepalgunj,RETAIL,Dozen,unit,0.06583333333333334
2022-08-01,0.86,Bananas,Nepal,Nepalgunj,RETAIL,Dozen,unit,0.07166666666666667
2022-09-01,0.86,Bananas,Nepal,Nepalgunj,RETAIL,Dozen,unit,0.07166666666666667
2022-10-01,0.77,Bananas,Nepal,Nepalgunj,RETAIL,Dozen,unit,0.06416666666666666
2022-11-01,0.76,Bananas,Nepal,Nepalgunj,RETAIL,Dozen,unit,0.06333333333333334
2022-12-01,0.84,Bananas,Nepal,Nepalgunj,RETAIL,Dozen,unit,0.06999999999999999
2023-01-01,0.83,Bananas,Nepal,Nepalgunj,RETAIL,Dozen,unit,0.06916666666666667
2023-02-01,0.7,Bananas,Nepal,Nepalgunj,RETAIL,Dozen,unit,0.05833333333333333
2023-03-01,0.68,Bananas,Nepal,Nepalgunj,RETAIL,Dozen,unit,0.05666666666666667
2023-04-01,0.99,Bananas,Nepal,Nepalgunj,RETAIL,Dozen,unit,0.0825
2023-05-01,0.99,Bananas,Nepal,Nepalgunj,RETAIL,Dozen,unit,0.0825
2023-06-01,0.91,Bananas,Nepal,Nepalgunj,RETAIL,Dozen,unit,0.07583333333333334
2023-07-01,0.91,Bananas,Nepal,Nepalgunj,RETAIL,Dozen,unit,0.07583333333333334
2023-08-01,0.95,Bananas,Nepal,Nepalgunj,RETAIL,Dozen,unit,0.07916666666666666
2023-09-01,0.98,Bananas,Nepal,Nepalgunj,RETAIL,Dozen,unit,0.08166666666666667
2023-10-01,0.94,Bananas,Nepal,Nepalgunj,RETAIL,Dozen,unit,0.07833333333333332
2023-11-01,0.9,Bananas,Nepal,Nepalgunj,RETAIL,Dozen,unit,0.075
2023-12-01,0.75,Bananas,Nepal,Nepalgunj,RETAIL,Dozen,unit,0.0625
2024-01-01,0.75,Bananas,Nepal,Nepalgunj,RETAIL,Dozen,unit,0.0625
2024-02-01,0.75,Bananas,Nepal,Nepalgunj,RETAIL,Dozen,unit,0.0625
2024-03-01,0.9,Bananas,Nepal,Nepalgunj,RETAIL,Dozen,unit,0.075
2024-04-01,0.94,Bananas,Nepal,Nepalgunj,RETAIL,Dozen,unit,0.07833333333333332
2024-05-01,0.9,Bananas,Nepal,Nepalgunj,RETAIL,Dozen,unit,0.075
2024-06-01,0.94,Bananas,Nepal,Nepalgunj,RETAIL,Dozen,unit,0.07833333333333332
2024-07-01,,Bananas,Nepal,Nepalgunj,RETAIL,Dozen,unit,
2024-08-01,0.9,Bananas,Nepal,Nepalgunj,RETAIL,Dozen,unit,0.075
2024-09-01,0.93,Bananas,Nepal,Nepalgunj,RETAIL,Dozen,unit,0.0775
2024-10-01,0.75,Bananas,Nepal,Nepalgunj,RETAIL,Dozen,unit,0.0625
2024-11-01,0.89,Bananas,Nepal,Nepalgunj,RETAIL,Dozen,unit,0.07416666666666667
2024-12-01,,Bananas,Nepal,Nepalgunj,RETAIL,Dozen,unit,
2025-01-01,0.87,Bananas,Nepal,Nepalgunj,RETAIL,Dozen,unit,0.0725
2025-02-01,0.93,Bananas,Nepal,Nepalgunj,RETAIL,Dozen,unit,0.0775
2025-03-01,0.94,Bananas,Nepal,Nepalgunj,RETAIL,Dozen,unit,0.07833333333333332
2025-04-01,0.94,Bananas,Nepal,Nepalgunj,RETAIL,Dozen,unit,0.07833333333333332
2025-05-01,0.92,Bananas,Nepal,Nepalgunj,RETAIL,Dozen,unit,0.07666666666666667
2025-06-01,0.87,Bananas,Nepal,Nepalgunj,RETAIL,Dozen,unit,0.0725
2025-07-01,0.87,Bananas,Nepal,Nepalgunj,RETAIL,Dozen,unit,0.0725
2025-08-01,0.79,Bananas,Nepal,Nepalgunj,RETAIL,Dozen,unit,0.06583333333333334
2025-09-01,0.85,Bananas,Nepal,Nepalgunj,RETAIL,Dozen,unit,0.07083333333333333
2019-04-01,0.91,Bananas,Nepal,Pokhara,RETAIL,Dozen,unit,0.07583333333333334
2019-05-01,0.9,Bananas,Nepal,Pokhara,RETAIL,Dozen,unit,0.075
2019-06-01,0.9,Bananas,Nepal,Pokhara,RETAIL,Dozen,unit,0.075
2019-07-01,0.91,Bananas,Nepal,Pokhara,RETAIL,Dozen,unit,0.07583333333333334
2019-08-01,0.9,Bananas,Nepal,Pokhara,RETAIL,Dozen,unit,0.075
2019-09-01,0.87,Bananas,Nepal,Pokhara,RETAIL,Dozen,unit,0.0725
2019-10-01,0.88,Bananas,Nepal,Pokhara,RETAIL,Dozen,unit,0.07333333333333333
2019-11-01,0.83,Bananas,Nepal,Pokhara,RETAIL,Dozen,unit,0.06916666666666667
2019-12-01,0.87,Bananas,Nepal,Pokhara,RETAIL,Dozen,unit,0.0725
2020-01-01,1.05,Bananas,Nepal,Pokhara,RETAIL,Dozen,unit,0.08750000000000001
2020-02-01,1.05,Bananas,Nepal,Pokhara,RETAIL,Dozen,unit,0.08750000000000001
2020-03-01,0.95,Bananas,Nepal,Pokhara,RETAIL,Dozen,unit,0.07916666666666666
2020-04-01,1.0,Bananas,Nepal,Pokhara,RETAIL,Dozen,unit,0.08333333333333333
2020-05-01,0.9,Bananas,Nepal,Pokhara,RETAIL,Dozen,unit,0.075
2020-06-01,1.11,Bananas,Nepal,Pokhara,RETAIL,Dozen,unit,0.09250000000000001
2020-07-01,0.91,Bananas,Nepal,Pokhara,RETAIL,Dozen,unit,0.07583333333333334
2020-08-01,0.97,Bananas,Nepal,Pokhara,RETAIL,Dozen,unit,0.08083333333333333
2020-09-01,0.85,Bananas,Nepal,Pokhara,RETAIL,Dozen,unit,0.07083333333333333
2020-10-01,0.64,Bananas,Nepal,Pokhara,RETAIL,Dozen,unit,0.05333333333333334
2020-11-01,0.84,Bananas,Nepal,Pokhara,RETAIL,Dozen,unit,0.06999999999999999
2020-12-01,0.85,Bananas,Nepal,Pokhara,RETAIL,Dozen,unit,0.07083333333333333
2021-01-01,0.85,Bananas,Nepal,Pokhara,RETAIL,Dozen,unit,0.07083333333333333
2021-02-01,0.94,Bananas,Nepal,Pokhara,RETAIL,Dozen,unit,0.07833333333333332
2021-03-01,1.03,Bananas,Nepal,Pokhara,RETAIL,Dozen,unit,0.08583333333333333
2021-04-01,1.03,Bananas,Nepal,Pokhara,RETAIL,Dozen,unit,0.08583333333333333
2021-05-01,1.01,Bananas,Nepal,Pokhara,RETAIL,Dozen,unit,0.08416666666666667
2021-06-01,1.03,Bananas,Nepal,Pokhara,RETAIL,Dozen,unit,0.08583333333333333
2021-07-01,1.01,Bananas,Nepal,Pokhara,RETAIL,Dozen,unit,0.08416666666666667
2021-08-01,1.01,Bananas,Nepal,Pokhara,RETAIL,Dozen,unit,0.08416666666666667
2021-09-01,1.02,Bananas,Nepal,Pokhara,RETAIL,Dozen,unit,0.085
2021-10-01,1.01,Bananas,Nepal,Pokhara,RETAIL,Dozen,unit,0.08416666666666667
2021-11-01,0.92,Bananas,Nepal,Pokhara,RETAIL,Dozen,unit,0.07666666666666667
2021-12-01,0.92,Bananas,Nepal,Pokhara,RETAIL,Dozen,unit,0.07666666666666667
2022-01-01,0.92,Bananas,Nepal,Pokhara,RETAIL,Dozen,unit,0.07666666666666667
2022-02-01,0.92,Bananas,Nepal,Pokhara,RETAIL,Dozen,unit,0.07666666666666667
2022-03-01,0.91,Bananas,Nepal,Pokhara,RETAIL,Dozen,unit,0.07583333333333334
2022-04-01,1.32,Bananas,Nepal,Pokhara,RETAIL,Dozen,unit,0.11
2022-05-01,1.45,Bananas,Nepal,Pokhara,RETAIL,Dozen,unit,0.12083333333333333
2022-06-01,1.45,Bananas,Nepal,Pokhara,RETAIL,Dozen,unit,0.12083333333333333
2022-07-01,1.43,Bananas,Nepal,Pokhara,RETAIL,Dozen,unit,0.11916666666666666
2022-08-01,1.57,Bananas,Nepal,Pokhara,RETAIL,Dozen,unit,0.13083333333333333
2022-09-01,1.41,Bananas,Nepal,Pokhara,RETAIL,Dozen,unit,0.1175
2022-10-01,1.38,Bananas,Nepal,Pokhara,RETAIL,Dozen,unit,0.11499999999999999
2022-11-01,1.37,Bananas,Nepal,Pokhara,RETAIL,Dozen,unit,0.11416666666666668
2022-12-01,1.3,Bananas,Nepal,Pokhara,RETAIL,Dozen,unit,0.10833333333333334
2023-01-01,0.76,Bananas,Nepal,Pokhara,RETAIL,Dozen,unit,0.06333333333333334
2023-02-01,0.96,Bananas,Nepal,Pokhara,RETAIL,Dozen,unit,0.08
2023-03-01,0.99,Bananas,Nepal,Pokhara,RETAIL,Dozen,unit,0.0825
2023-04-01,1.21,Bananas,Nepal,Pokhara,RETAIL,Dozen,unit,0.10083333333333333
2023-05-01,1.22,Bananas,Nepal,Pokhara,RETAIL,Dozen,unit,0.10166666666666667
2023-06-01,0.98,Bananas,Nepal,Pokhara,RETAIL,Dozen,unit,0.08166666666666667
2023-07-01,1.03,Bananas,Nepal,Pokhara,RETAIL,Dozen,unit,0.08583333333333333
2023-08-01,0.91,Bananas,Nepal,Pokhara,RETAIL,Dozen,unit,0.07583333333333334
2023-09-01,1.51,Bananas,Nepal,Pokhara,RETAIL,Dozen,unit,0.12583333333333332
2023-10-01,1.05,Bananas,Nepal,Pokhara,RETAIL,Dozen,unit,0.08750000000000001
2023-11-01,0.9,Bananas,Nepal,Pokhara,RETAIL,Dozen,unit,0.075
2023-12-01,0.82,Bananas,Nepal,Pokhara,RETAIL,Dozen,unit,0.06833333333333333
2024-01-01,0.9,Bananas,Nepal,Pokhara,RETAIL,Dozen,unit,0.075
2024-02-01,1.13,Bananas,Nepal,Pokhara,RETAIL,Dozen,unit,0.09416666666666666
2024-03-01,1.36,Bananas,Nepal,Pokhara,RETAIL,Dozen,unit,0.11333333333333334
2024-04-01,1.13,Bananas,Nepal,Pokhara,RETAIL,Dozen,unit,0.09416666666666666
2024-05-01,1.05,Bananas,Nepal,Pokhara,RETAIL,Dozen,unit,0.08750000000000001
2024-06-01,0.6,Bananas,Nepal,Pokhara,RETAIL,Dozen,unit,0.049999999999999996
2024-07-01,,Bananas,Nepal,Pokhara,RETAIL,Dozen,unit,
2024-08-01,1.12,Bananas,Nepal,Pokhara,RETAIL,Dozen,unit,0.09333333333333334
2024-09-01,1.12,Bananas,Nepal,Pokhara,RETAIL,Dozen,unit,0.09333333333333334
2024-10-01,1.12,Bananas,Nepal,Pokhara,RETAIL,Dozen,unit,0.09333333333333334
2024-11-01,1.19,Bananas,Nepal,Pokhara,RETAIL,Dozen,unit,0.09916666666666667
2024-12-01,,Bananas,Nepal,Pokhara,RETAIL,Dozen,unit,
2025-01-01,1.02,Bananas,Nepal,Pokhara,RETAIL,Dozen,unit,0.085
2025-02-01,1.04,Bananas,Nepal,Pokhara,RETAIL,Dozen,unit,0.08666666666666667
2025-03-01,1.08,Bananas,Nepal,Pokhara,RETAIL,Dozen,unit,0.09000000000000001
2025-04-01,1.09,Bananas,Nepal,Pokhara,RETAIL,Dozen,unit,0.09083333333333334
2025-05-01,1.1,Bananas,Nepal,Pokhara,RETAIL,Dozen,unit,0.09166666666666667
2025-06-01,1.09,Bananas,Nepal,Pokhara,RETAIL,Dozen,unit,0.09083333333333334
2025-07-01,1.09,Bananas,Nepal,Pokhara,RETAIL,Dozen,unit,0.09083333333333334
2025-08-01,1.04,Bananas,Nepal,Pokhara,RETAIL,Dozen,unit,0.08666666666666667
2025-09-01,1.13,Bananas,Nepal,Pokhara,RETAIL,Dozen,unit,0.09416666666666666
2018-01-01,1.26,Bananas,Syrian Arab Republic,Al-Hasakeh,RETAIL,Kg,kg,1.26
2018-02-01,1.33,Bananas,Syrian Arab Republic,Al-Hasakeh,RETAIL,Kg,kg,1.33
2018-03-01,1.28,Bananas,Syrian Arab Republic,Al-Hasakeh,RETAIL,Kg,kg,1.28
2018-04-01,1.15,Bananas,Syrian Arab Republic,Al-Hasakeh,RETAIL,Kg,kg,1.15
2018-05-01,1.11,Bananas,Syrian Arab Republic,Al-Hasakeh,RETAIL,Kg,kg,1.11
2018-06-01,0.99,Bananas,Syrian Arab Republic,Al-Hasakeh,RETAIL,Kg,kg,0.99
2018-07-01,0.74,Bananas,Syrian Arab Republic,Al-Hasakeh,RETAIL,Kg,kg,0.74
2018-08-01,0.73,Bananas,Syrian Arab Republic,Al-Hasakeh,RETAIL,Kg,kg,0.73
2018-09-01,0.82,Bananas,Syrian Arab Republic,Al-Hasakeh,RETAIL,Kg,kg,0.82
2018-10-01,0.86,Bananas,Syrian Arab Republic,Al-Hasakeh,RETAIL,Kg,kg,0.86
2018-11-01,0.73,Bananas,Syrian Arab Republic,Al-Hasakeh,RETAIL,Kg,kg,0.73
2018-12-01,0.82,Bananas,Syrian Arab Republic,Al-Hasakeh,RETAIL,Kg,kg,0.82
2019-01-01,1.12,Bananas,Syrian Arab Republic,Al-Hasakeh,RETAIL,Kg,kg,1.12
2019-02-01,1.07,Bananas,Syrian Arab Republic,Al-Hasakeh,RETAIL,Kg,kg,1.07
2019-03-01,1.07,Bananas,Syrian Arab Republic,Al-Hasakeh,RETAIL,Kg,kg,1.07
2019-04-01,1.16,Bananas,Syrian Arab Republic,Al-Hasakeh,RETAIL,Kg,kg,1.16
2019-05-01,1.22,Bananas,Syrian Arab Republic,Al-Hasakeh,RETAIL,Kg,kg,1.22
2019-06-01,1.34,Bananas,Syrian Arab Republic,Al-Hasakeh,RETAIL,Kg,kg,1.34
2019-07-01,1.09,Bananas,Syrian Arab Republic,Al-Hasakeh,RETAIL,Kg,kg,1.09
2019-08-01,1.24,Bananas,Syrian Arab Republic,Al-Hasakeh,RETAIL,Kg,kg,1.24
2019-09-01,1.6,Bananas,Syrian Arab Republic,Al-Hasakeh,RETAIL,Kg,kg,1.6
2019-10-01,1.66,Bananas,Syrian Arab Republic,Al-Hasakeh,RETAIL,Kg,kg,1.66
2019-11-01,1.97,Bananas,Syrian Arab Republic,Al-Hasakeh,RETAIL,Kg,kg,1.97
2019-12-01,2.06,Bananas,Syrian Arab Republic,Al-Hasakeh,RETAIL,Kg,kg,2.06
2020-01-01,2.31,Bananas,Syrian Arab Republic,Al-Hasakeh,RETAIL,Kg,kg,2.31
2020-02-01,2.63,Bananas,Syrian Arab Republic,Al-Hasakeh,RETAIL,Kg,kg,2.63
2020-03-01,2.35,Bananas,Syrian Arab Republic,Al-Hasakeh,RETAIL,Kg,kg,2.35
2020-04-01,2.77,Bananas,Syrian Arab Republic,Al-Hasakeh,RETAIL,Kg,kg,2.77
2020-05-01,3.39,Bananas,Syrian Arab Republic,Al-Hasakeh,RETAIL,Kg,kg,3.39
2020-06-01,2.33,Bananas,Syrian Arab Republic,Al-Hasakeh,RETAIL,Kg,kg,2.33
2020-07-01,1.41,Bananas,Syrian Arab Republic,Al-Hasakeh,RETAIL,Kg,kg,1.41
2020-08-01,1.51,Bananas,Syrian Arab Republic,Al-Hasakeh,RETAIL,Kg,kg,1.51
2020-09-01,1.49,Bananas,Syrian Arab Republic,Al-Hasakeh,RETAIL,Kg,kg,1.49
2020-10-01,1.39,Bananas,Syrian Arab Republic,Al-Hasakeh,RETAIL,Kg,kg,1.39
2020-11-01,1.49,Bananas,Syrian Arab Republic,Al-Hasakeh,RETAIL,Kg,kg,1.49
2020-12-01,1.99,Bananas,Syrian Arab Republic,Al-Hasakeh,RETAIL,Kg,kg,1.99
2021-01-01,2.0,Bananas,Syrian Arab Republic,Al-Hasakeh,RETAIL,Kg,kg,2.0
2021-02-01,2.05,Bananas,Syrian Arab Republic,Al-Hasakeh,RETAIL,Kg,kg,2.05
2021-03-01,3.01,Bananas,Syrian Arab Republic,Al-Hasakeh,RETAIL,Kg,kg,3.01
2021-04-01,3.91,Bananas,Syrian Arab Republic,Al-Hasakeh,RETAIL,Kg,kg,3.91
2021-05-01,3.28,Bananas,Syrian Arab Republic,Al-Hasakeh,RETAIL,Kg,kg,3.28
2021-06-01,2.65,Bananas,Syrian Arab Republic,Al-Hasakeh,RETAIL,Kg,kg,2.65
2021-07-01,2.65,Bananas,Syrian Arab Republic,Al-Hasakeh,RETAIL,Kg,kg,2.65
2021-08-01,2.65,Bananas,Syrian Arab Republic,Al-Hasakeh,RETAIL,Kg,kg,2.65
2021-09-01,2.65,Bananas,Syrian Arab Republic,Al-Hasakeh,RETAIL,Kg,kg,2.65
2021-10-01,2.74,Bananas,Syrian Arab Republic,Al-Hasakeh,RETAIL,Kg,kg,2.74
2021-11-01,3.05,Bananas,Syrian Arab Republic,Al-Hasakeh,RETAIL,Kg,kg,3.05
2021-12-01,3.05,Bananas,Syrian Arab Republic,Al-Hasakeh,RETAIL,Kg,kg,3.05
2022-01-01,1.53,Bananas,Syrian Arab Republic,Al-Hasakeh,RETAIL,Kg,kg,1.53
2022-02-01,1.53,Bananas,Syrian Arab Republic,Al-Hasakeh,RETAIL,Kg,kg,1.53
2022-03-01,1.53,Bananas,Syrian Arab Republic,Al-Hasakeh,RETAIL,Kg,kg,1.53
2022-04-01,1.65,Bananas,Syrian Arab Republic,Al-Hasakeh,RETAIL,Kg,kg,1.65
2022-05-01,1.66,Bananas,Syrian Arab Republic,Al-Hasakeh,RETAIL,Kg,kg,1.66
2022-06-01,1.66,Bananas,Syrian Arab Republic,Al-Hasakeh,RETAIL,Kg,kg,1.66
2022-07-01,1.66,Bananas,Syrian Arab Republic,Al-Hasakeh,RETAIL,Kg,kg,1.66
2022-08-01,1.66,Bananas,Syrian Arab Republic,Al-Hasakeh,RETAIL,Kg,kg,1.66
2022-09-01,1.66,Bananas,Syrian Arab Republic,Al-Hasakeh,RETAIL,Kg,kg,1.66
2022-10-01,2.25,Bananas,Syrian Arab Republic,Al-Hasakeh,RETAIL,Kg,kg,2.25
2022-11-01,2.44,Bananas,Syrian Arab Republic,Al-Hasakeh,RETAIL,Kg,kg,2.44
2022-12-01,2.84,Bananas,Syrian Arab Republic,Al-Hasakeh,RETAIL,Kg,kg,2.84
2023-01-01,2.49,Bananas,Syrian Arab Republic,Al-Hasakeh,RETAIL,Kg,kg,2.49
2023-02-01,2.84,Bananas,Syrian Arab Republic,Al-Hasakeh,RETAIL,Kg,kg,2.84
2023-03-01,2.96,Bananas,Syrian Arab Republic,Al-Hasakeh,RETAIL,Kg,kg,2.96
2023-04-01,3.1,Bananas,Syrian Arab Republic,Al-Hasakeh,RETAIL,Kg,kg,3.1
2023-05-01,,Bananas,Syrian Arab Republic,Al-Hasakeh,RETAIL,Kg,kg,
2023-06-01,3.32,Bananas,Syrian Arab Republic,Al-Hasakeh,RETAIL,Kg,kg,3.32
2023-07-01,3.16,Bananas,Syrian Arab Republic,Al-Hasakeh,RETAIL,Kg,kg,3.16
2023-08-01,1.3,Bananas,Syrian Arab Republic,Al-Hasakeh,RETAIL,Kg,kg,1.3
2023-09-01,1.48,Bananas,Syrian Arab Republic,Al-Hasakeh,RETAIL,Kg,kg,1.48
2023-10-01,1.1,Bananas,Syrian Arab Republic,Al-Hasakeh,RETAIL,Kg,kg,1.1
2023-11-01,1.36,Bananas,Syrian Arab Republic,Al-Hasakeh,RETAIL,Kg,kg,1.36
2023-12-01,1.33,Bananas,Syrian Arab Republic,Al-Hasakeh,RETAIL,Kg,kg,1.33
2024-01-01,1.38,Bananas,Syrian Arab Republic,Al-Hasakeh,RETAIL,Kg,kg,1.38
2024-02-01,1.39,Bananas,Syrian Arab Republic,Al-Hasakeh,RETAIL,Kg,kg,1.39
2024-03-01,1.23,Bananas,Syrian Arab Republic,Al-Hasakeh,RETAIL,Kg,kg,1.23
2024-04-01,3.76,Bananas,Syrian Arab Republic,Al-Hasakeh,RETAIL,Kg,kg,3.76
2024-05-01,1.26,Bananas,Syrian Arab Republic,Al-Hasakeh,RETAIL,Kg,kg,1.26
2024-06-01,1.17,Bananas,Syrian Arab Republic,Al-Hasakeh,RETAIL,Kg,kg,1.17
2024-07-01,1.25,Bananas,Syrian Arab Republic,Al-Hasakeh,RETAIL,Kg,kg,1.25
2024-08-01,1.33,Bananas,Syrian Arab Republic,Al-Hasakeh,RETAIL,Kg,kg,1.33
2024-09-01,1.28,Bananas,Syrian Arab Republic,Al-Hasakeh,RETAIL,Kg,kg,1.28
2024-10-01,1.28,Bananas,Syrian Arab Republic,Al-Hasakeh,RETAIL,Kg,kg,1.28
2024-11-01,1.25,Bananas,Syrian Arab Republic,Al-Hasakeh,RETAIL,Kg,kg,1.25
2024-12-01,17030.31,Bananas,Syrian Arab Republic,Al-Hasakeh,RETAIL,Kg,kg,17030.31
2025-01-01,13320.51,Bananas,Syrian Arab Republic,Al-Hasakeh,RETAIL,Kg,kg,13320.51
2025-02-01,14666.67,Bananas,Syrian Arab Republic,Al-Hasakeh,RETAIL,Kg,kg,14666.67
2025-03-01,9870.97,Bananas,Syrian Arab Republic,Al-Hasakeh,RETAIL,Kg,kg,9870.97
2025-04-01,10000.0,Bananas,Syrian Arab Republic,Al-Hasakeh,RETAIL,Kg,kg,10000.0
2025-05-01,10000.0,Bananas,Syrian Arab Republic,Al-Hasakeh,RETAIL,Kg,kg,10000.0
2025-06-01,13733.34,Bananas,Syrian Arab Republic,Al-Hasakeh,RETAIL,Kg,kg,13733.34
2025-07-01,10000.0,Bananas,Syrian Arab Republic,Al-Hasakeh,RETAIL,Kg,kg,10000.0
2025-08-01,15763.44,Bananas,Syrian Arab Republic,Al-Hasakeh,RETAIL,Kg,kg,15763.44
2025-09-01,16100.0,Bananas,Syrian Arab Republic,Al-Hasakeh,RETAIL,Kg,kg,16100.0
2025-10-01,16333.33,Bananas,Syrian Arab Republic,Al-Hasakeh,RETAIL,Kg,kg,16333.33
2018-01-01,2.98,Bananas,Syrian Arab Republic,Dar'a,RETAIL,Kg,kg,2.98
2018-02-01,1.63,Bananas,Syrian Arab Republic,Dar'a,RETAIL,Kg,kg,1.63
2018-03-01,1.26,Bananas,Syrian Arab Republic,Dar'a,RETAIL,Kg,kg,1.26
2018-04-01,1.26,Bananas,Syrian Arab Republic,Dar'a,RETAIL,Kg,kg,1.26
2018-05-01,1.58,Bananas,Syrian Arab Republic,Dar'a,RETAIL,Kg,kg,1.58
2018-06-01,2.75,Bananas,Syrian Arab Republic,Dar'a,RETAIL,Kg,kg,2.75
2018-07-01,2.41,Bananas,Syrian Arab Republic,Dar'a,RETAIL,Kg,kg,2.41
2018-08-01,2.41,Bananas,Syrian Arab Republic,Dar'a,RETAIL,Kg,kg,2.41
2018-09-01,2.52,Bananas,Syrian Arab Republic,Dar'a,RETAIL,Kg,kg,2.52
2018-10-01,2.52,Bananas,Syrian Arab Republic,Dar'a,RETAIL,Kg,kg,2.52
2018-11-01,1.26,Bananas,Syrian Arab Republic,Dar'a,RETAIL,Kg,kg,1.26
2018-12-01,1.15,Bananas,Syrian Arab Republic,Dar'a,RETAIL,Kg,kg,1.15
2019-01-01,1.15,Bananas,Syrian Arab Republic,Dar'a,RETAIL,Kg,kg,1.15
2019-02-01,1.15,Bananas,Syrian Arab Republic,Dar'a,RETAIL,Kg,kg,1.15
2019-03-01,1.83,Bananas,Syrian Arab Republic,Dar'a,RETAIL,Kg,kg,1.83
2019-04-01,1.95,Bananas,Syrian Arab Republic,Dar'a,RETAIL,Kg,kg,1.95
2019-05-01,2.75,Bananas,Syrian Arab Republic,Dar'a,RETAIL,Kg,kg,2.75
2019-06-01,2.75,Bananas,Syrian Arab Republic,Dar'a,RETAIL,Kg,kg,2.75
2019-07-01,2.75,Bananas,Syrian Arab Republic,Dar'a,RETAIL,Kg,kg,2.75
2019-08-01,2.75,Bananas,Syrian Arab Republic,Dar'a,RETAIL,Kg,kg,2.75
2019-09-01,2.75,Bananas,Syrian Arab Republic,Dar'a,RETAIL,Kg,kg,2.75
2019-10-01,2.98,Bananas,Syrian Arab Republic,Dar'a,RETAIL,Kg,kg,2.98
2019-11-01,2.98,Bananas,Syrian Arab Republic,Dar'a,RETAIL,Kg,kg,2.98
2019-12-01,2.06,Bananas,Syrian Arab Republic,Dar'a,RETAIL,Kg,kg,2.06
2020-01-01,2.02,Bananas,Syrian Arab Republic,Dar'a,RETAIL,Kg,kg,2.02
2020-02-01,1.89,Bananas,Syrian Arab Republic,Dar'a,RETAIL,Kg,kg,1.89
2020-03-01,1.89,Bananas,Syrian Arab Republic,Dar'a,RETAIL,Kg,kg,1.89
2020-04-01,3.05,Bananas,Syrian Arab Republic,Dar'a,RETAIL,Kg,kg,3.05
2020-05-01,3.53,Bananas,Syrian Arab Republic,Dar'a,RETAIL,Kg,kg,3.53
2020-06-01,5.13,Bananas,Syrian Arab Republic,Dar'a,RETAIL,Kg,kg,5.13
2020-07-01,5.43,Bananas,Syrian Arab Republic,Dar'a,RETAIL,Kg,kg,5.43
2020-08-01,3.24,Bananas,Syrian Arab Republic,Dar'a,RETAIL,Kg,kg,3.24
2020-09-01,6.41,Bananas,Syrian Arab Republic,Dar'a,RETAIL,Kg,kg,6.41
2020-10-01,3.89,Bananas,Syrian Arab Republic,Dar'a,RETAIL,Kg,kg,3.89
2020-11-01,2.27,Bananas,Syrian Arab Republic,Dar'a,RETAIL,Kg,kg,2.27
2020-12-01,1.43,Bananas,Syrian Arab Republic,Dar'a,RETAIL,Kg,kg,1.43
2021-01-01,1.32,Bananas,Syrian Arab Republic,Dar'a,RETAIL,Kg,kg,1.32
2021-02-01,1.26,Bananas,Syrian Arab Republic,Dar'a,RETAIL,Kg,kg,1.26
2021-03-01,2.48,Bananas,Syrian Arab Republic,Dar'a,RETAIL,Kg,kg,2.48
2021-04-01,2.55,Bananas,Syrian Arab Republic,Dar'a,RETAIL,Kg,kg,2.55
2021-05-01,2.66,Bananas,Syrian Arab Republic,Dar'a,RETAIL,Kg,kg,2.66
2021-06-01,3.98,Bananas,Syrian Arab Republic,Dar'a,RETAIL,Kg,kg,3.98
2021-07-01,7.29,Bananas,Syrian Arab Republic,Dar'a,RETAIL,Kg,kg,7.29
2021-08-01,7.76,Bananas,Syrian Arab Republic,Dar'a,RETAIL,Kg,kg,7.76
2021-09-01,10.62,Bananas,Syrian Arab Republic,Dar'a,RETAIL,Kg,kg,10.62
2021-10-01,8.63,Bananas,Syrian Arab Republic,Dar'a,RETAIL,Kg,kg,8.63
2021-11-01,3.47,Bananas,Syrian Arab Republic,Dar'a,RETAIL,Kg,kg,3.47
2021-12-01,2.83,Bananas,Syrian Arab Republic,Dar'a,RETAIL,Kg,kg,2.83
2022-01-01,1.7,Bananas,Syrian Arab Republic,Dar'a,RETAIL,Kg,kg,1.7
2022-02-01,1.81,Bananas,Syrian Arab Republic,Dar'a,RETAIL,Kg,kg,1.81
2022-03-01,2.09,Bananas,Syrian Arab Republic,Dar'a,RETAIL,Kg,kg,2.09
2022-04-01,2.39,Bananas,Syrian Arab Republic,Dar'a,RETAIL,Kg,kg,2.39
2022-05-01,2.69,Bananas,Syrian Arab Republic,Dar'a,RETAIL,Kg,kg,2.69
2022-06-01,3.59,Bananas,Syrian Arab Republic,Dar'a,RETAIL,Kg,kg,3.59
2022-07-01,3.91,Bananas,Syrian Arab Republic,Dar'a,RETAIL,Kg,kg,3.91
2022-08-01,4.61,Bananas,Syrian Arab Republic,Dar'a,RETAIL,Kg,kg,4.61
2022-09-01,4.78,Bananas,Syrian Arab Republic,Dar'a,RETAIL,Kg,kg,4.78
2022-10-01,5.72,Bananas,Syrian Arab Republic,Dar'a,RETAIL,Kg,kg,5.72
2022-11-01,6.81,Bananas,Syrian Arab Republic,Dar'a,RETAIL,Kg,kg,6.81
2022-12-01,3.61,Bananas,Syrian Arab Republic,Dar'a,RETAIL,Kg,kg,3.61
2023-01-01,2.6,Bananas,Syrian Arab Republic,Dar'a,RETAIL,Kg,kg,2.6
2023-02-01,3.0,Bananas,Syrian Arab Republic,Dar'a,RETAIL,Kg,kg,3.0
2023-03-01,3.0,Bananas,Syrian Arab Republic,Dar'a,RETAIL,Kg,kg,3.0
2023-04-01,2.93,Bananas,Syrian Arab Republic,Dar'a,RETAIL,Kg,kg,2.93
2023-05-01,,Bananas,Syrian Arab Republic,Dar'a,RETAIL,Kg,kg,
2023-06-01,4.07,Bananas,Syrian Arab Republic,Dar'a,RETAIL,Kg,kg,4.07
2023-07-01,8.09,Bananas,Syrian Arab Republic,Dar'a,RETAIL,Kg,kg,8.09
2023-08-01,3.82,Bananas,Syrian Arab Republic,Dar'a,RETAIL,Kg,kg,3.82
2023-09-01,4.34,Bananas,Syrian Arab Republic,Dar'a,RETAIL,Kg,kg,4.34
2023-10-01,3.35,Bananas,Syrian Arab Republic,Dar'a,RETAIL,Kg,kg,3.35
2023-11-01,2.21,Bananas,Syrian Arab Republic,Dar'a,RETAIL,Kg,kg,2.21
2023-12-01,1.65,Bananas,Syrian Arab Republic,Dar'a,RETAIL,Kg,kg,1.65
2024-01-01,1.38,Bananas,Syrian Arab Republic,Dar'a,RETAIL,Kg,kg,1.38
2024-02-01,1.32,Bananas,Syrian Arab Republic,Dar'a,RETAIL,Kg,kg,1.32
2024-03-01,1.59,Bananas,Syrian Arab Republic,Dar'a,RETAIL,Kg,kg,1.59
2024-04-01,5.53,Bananas,Syrian Arab Republic,Dar'a,RETAIL,Kg,kg,5.53
2024-05-01,1.94,Bananas,Syrian Arab Republic,Dar'a,RETAIL,Kg,kg,1.94
2024-06-01,2.44,Bananas,Syrian Arab Republic,Dar'a,RETAIL,Kg,kg,2.44
2024-07-01,3.26,Bananas,Syrian Arab Republic,Dar'a,RETAIL,Kg,kg,3.26
2024-08-01,3.85,Bananas,Syrian Arab Republic,Dar'a,RETAIL,Kg,kg,3.85
2024-09-01,3.75,Bananas,Syrian Arab Republic,Dar'a,RETAIL,Kg,kg,3.75
2024-10-01,3.66,Bananas,Syrian Arab Republic,Dar'a,RETAIL,Kg,kg,3.66
2024-11-01,2.54,Bananas,Syrian Arab Republic,Dar'a,RETAIL,Kg,kg,2.54
2024-12-01,25484.85,Bananas,Syrian Arab Republic,Dar'a,RETAIL,Kg,kg,25484.85
2025-01-01,11705.13,Bananas,Syrian Arab Republic,Dar'a,RETAIL,Kg,kg,11705.13
2025-02-01,12333.33,Bananas,Syrian Arab Republic,Dar'a,RETAIL,Kg,kg,12333.33
2025-03-01,12494.62,Bananas,Syrian Arab Republic,Dar'a,RETAIL,Kg,kg,12494.62
2025-04-01,12055.56,Bananas,Syrian Arab Republic,Dar'a,RETAIL,Kg,kg,12055.56
2025-05-01,,Bananas,Syrian Arab Republic,Dar'a,RETAIL,Kg,kg,
2025-06-01,12483.34,Bananas,Syrian Arab Republic,Dar'a,RETAIL,Kg,kg,12483.34
2025-07-01,14000.0,Bananas,Syrian Arab Republic,Dar'a,RETAIL,Kg,kg,14000.0
2025-08-01,13430.11,Bananas,Syrian Arab Republic,Dar'a,RETAIL,Kg,kg,13430.11
2025-09-01,14533.33,Bananas,Syrian Arab Republic,Dar'a,RETAIL,Kg,kg,14533.33
2025-10-01,15000.0,Bananas,Syrian Arab Republic,Dar'a,RETAIL,Kg,kg,15000.0
2018-01-01,1.37,Bananas,Syrian Arab Republic,Deir-ez-Zor,RETAIL,Kg,kg,1.37
2018-02-01,1.41,Bananas,Syrian Arab Republic,Deir-ez-Zor,RETAIL,Kg,kg,1.41
2018-03-01,1.41,Bananas,Syrian Arab Republic,Deir-ez-Zor,RETAIL,Kg,kg,1.41
2018-04-01,1.41,Bananas,Syrian Arab Republic,Deir-ez-Zor,RETAIL,Kg,kg,1.41
2018-05-01,1.39,Bananas,Syrian Arab Republic,Deir-ez-Zor,RETAIL,Kg,kg,1.39
2018-06-01,1.18,Bananas,Syrian Arab Republic,Deir-ez-Zor,RETAIL,Kg,kg,1.18
2018-07-01,1.2,Bananas,Syrian Arab Republic,Deir-ez-Zor,RETAIL,Kg,kg,1.2
2018-08-01,1.24,Bananas,Syrian Arab Republic,Deir-ez-Zor,RETAIL,Kg,kg,1.24
2018-09-01,1.36,Bananas,Syrian Arab Republic,Deir-ez-Zor,RETAIL,Kg,kg,1.36
2018-10-01,1.41,Bananas,Syrian Arab Republic,Deir-ez-Zor,RETAIL,Kg,kg,1.41
2018-11-01,1.18,Bananas,Syrian Arab Republic,Deir-ez-Zor,RETAIL,Kg,kg,1.18
2018-12-01,1.41,Bananas,Syrian Arab Republic,Deir-ez-Zor,RETAIL,Kg,kg,1.41
2019-01-01,1.3,Bananas,Syrian Arab Republic,Deir-ez-Zor,RETAIL,Kg,kg,1.3
2019-02-01,1.3,Bananas,Syrian Arab Republic,Deir-ez-Zor,RETAIL,Kg,kg,1.3
2019-03-01,1.3,Bananas,Syrian Arab Republic,Deir-ez-Zor,RETAIL,Kg,kg,1.3
2019-04-01,1.45,Bananas,Syrian Arab Republic,Deir-ez-Zor,RETAIL,Kg,kg,1.45
2019-05-01,2.29,Bananas,Syrian Arab Republic,Deir-ez-Zor,RETAIL,Kg,kg,2.29
2019-06-01,2.25,Bananas,Syrian Arab Republic,Deir-ez-Zor,RETAIL,Kg,kg,2.25
2019-07-01,2.21,Bananas,Syrian Arab Republic,Deir-ez-Zor,RETAIL,Kg,kg,2.21
2019-08-01,2.21,Bananas,Syrian Arab Republic,Deir-ez-Zor,RETAIL,Kg,kg,2.21
2019-09-01,2.33,Bananas,Syrian Arab Republic,Deir-ez-Zor,RETAIL,Kg,kg,2.33
2019-10-01,2.75,Bananas,Syrian Arab Republic,Deir-ez-Zor,RETAIL,Kg,kg,2.75
2019-11-01,2.98,Bananas,Syrian Arab Republic,Deir-ez-Zor,RETAIL,Kg,kg,2.98
2019-12-01,2.98,Bananas,Syrian Arab Republic,Deir-ez-Zor,RETAIL,Kg,kg,2.98
2020-01-01,1.6,Bananas,Syrian Arab Republic,Deir-ez-Zor,RETAIL,Kg,kg,1.6
2020-02-01,2.14,Bananas,Syrian Arab Republic,Deir-ez-Zor,RETAIL,Kg,kg,2.14
2020-03-01,2.19,Bananas,Syrian Arab Republic,Deir-ez-Zor,RETAIL,Kg,kg,2.19
2020-04-01,3.08,Bananas,Syrian Arab Republic,Deir-ez-Zor,RETAIL,Kg,kg,3.08
2020-05-01,3.31,Bananas,Syrian Arab Republic,Deir-ez-Zor,RETAIL,Kg,kg,3.31
2020-06-01,4.46,Bananas,Syrian Arab Republic,Deir-ez-Zor,RETAIL,Kg,kg,4.46
2020-07-01,4.38,Bananas,Syrian Arab Republic,Deir-ez-Zor,RETAIL,Kg,kg,4.38
2020-08-01,2.99,Bananas,Syrian Arab Republic,Deir-ez-Zor,RETAIL,Kg,kg,2.99
2020-09-01,3.12,Bananas,Syrian Arab Republic,Deir-ez-Zor,RETAIL,Kg,kg,3.12
2020-10-01,3.27,Bananas,Syrian Arab Republic,Deir-ez-Zor,RETAIL,Kg,kg,3.27
2020-11-01,2.31,Bananas,Syrian Arab Republic,Deir-ez-Zor,RETAIL,Kg,kg,2.31
2020-12-01,1.3,Bananas,Syrian Arab Republic,Deir-ez-Zor,RETAIL,Kg,kg,1.3
2021-01-01,1.38,Bananas,Syrian Arab Republic,Deir-ez-Zor,RETAIL,Kg,kg,1.38
2021-02-01,1.37,Bananas,Syrian Arab Republic,Deir-ez-Zor,RETAIL,Kg,kg,1.37
2021-03-01,2.55,Bananas,Syrian Arab Republic,Deir-ez-Zor,RETAIL,Kg,kg,2.55
2021-04-01,2.57,Bananas,Syrian Arab Republic,Deir-ez-Zor,RETAIL,Kg,kg,2.57
2021-05-01,2.23,Bananas,Syrian Arab Republic,Deir-ez-Zor,RETAIL,Kg,kg,2.23
2021-06-01,2.09,Bananas,Syrian Arab Republic,Deir-ez-Zor,RETAIL,Kg,kg,2.09
2021-07-01,2.45,Bananas,Syrian Arab Republic,Deir-ez-Zor,RETAIL,Kg,kg,2.45
2021-08-01,5.54,Bananas,Syrian Arab Republic,Deir-ez-Zor,RETAIL,Kg,kg,5.54
2021-09-01,5.45,Bananas,Syrian Arab Republic,Deir-ez-Zor,RETAIL,Kg,kg,5.45
2021-10-01,5.3,Bananas,Syrian Arab Republic,Deir-ez-Zor,RETAIL,Kg,kg,5.3
2021-11-01,4.56,Bananas,Syrian Arab Republic,Deir-ez-Zor,RETAIL,Kg,kg,4.56
2021-12-01,4.18,Bananas,Syrian Arab Republic,Deir-ez-Zor,RETAIL,Kg,kg,4.18
2022-01-01,2.48,Bananas,Syrian Arab Republic,Deir-ez-Zor,RETAIL,Kg,kg,2.48
2022-02-01,2.53,Bananas,Syrian Arab Republic,Deir-ez-Zor,RETAIL,Kg,kg,2.53
2022-03-01,2.85,Bananas,Syrian Arab Republic,Deir-ez-Zor,RETAIL,Kg,kg,2.85
2022-04-01,2.82,Bananas,Syrian Arab Republic,Deir-ez-Zor,RETAIL,Kg,kg,2.82
2022-05-01,2.78,Bananas,Syrian Arab Republic,Deir-ez-Zor,RETAIL,Kg,kg,2.78
2022-06-01,2.46,Bananas,Syrian Arab Republic,Deir-ez-Zor,RETAIL,Kg,kg,2.46
2022-07-01,2.39,Bananas,Syrian Arab Republic,Deir-ez-Zor,RETAIL,Kg,kg,2.39
2022-08-01,2.65,Bananas,Syrian Arab Republic,Deir-ez-Zor,RETAIL,Kg,kg,2.65
2022-09-01,2.79,Bananas,Syrian Arab Republic,Deir-ez-Zor,RETAIL,Kg,kg,2.79
2022-10-01,2.97,Bananas,Syrian Arab Republic,Deir-ez-Zor,RETAIL,Kg,kg,2.97
2022-11-01,2.88,Bananas,Syrian Arab Republic,Deir-ez-Zor,RETAIL,Kg,kg,2.88
2022-12-01,3.34,Bananas,Syrian Arab Republic,Deir-ez-Zor,RETAIL,Kg,kg,3.34
2023-01-01,2.99,Bananas,Syrian Arab Republic,Deir-ez-Zor,RETAIL,Kg,kg,2.99
2023-02-01,3.09,Bananas,Syrian Arab Republic,Deir-ez-Zor,RETAIL,Kg,kg,3.09
2023-03-01,3.56,Bananas,Syrian Arab Republic,Deir-ez-Zor,RETAIL,Kg,kg,3.56
2023-04-01,3.65,Bananas,Syrian Arab Republic,Deir-ez-Zor,RETAIL,Kg,kg,3.65
2023-05-01,,Bananas,Syrian Arab Republic,Deir-ez-Zor,RETAIL,Kg,kg,
2023-06-01,4.21,Bananas,Syrian Arab Republic,Deir-ez-Zor,RETAIL,Kg,kg,4.21
2023-07-01,3.68,Bananas,Syrian Arab Republic,Deir-ez-Zor,RETAIL,Kg,kg,3.68
2023-08-01,1.44,Bananas,Syrian Arab Republic,Deir-ez-Zor,RETAIL,Kg,kg,1.44
2023-09-01,2.18,Bananas,Syrian Arab Republic,Deir-ez-Zor,RETAIL,Kg,kg,2.18
2023-10-01,2.36,Bananas,Syrian Arab Republic,Deir-ez-Zor,RETAIL,Kg,kg,2.36
2023-11-01,1.92,Bananas,Syrian Arab Republic,Deir-ez-Zor,RETAIL,Kg,kg,1.92
2023-12-01,1.7,Bananas,Syrian Arab Republic,Deir-ez-Zor,RETAIL,Kg,kg,1.7
2024-01-01,1.55,Bananas,Syrian Arab Republic,Deir-ez-Zor,RETAIL,Kg,kg,1.55
2024-02-01,1.43,Bananas,Syrian Arab Republic,Deir-ez-Zor,RETAIL,Kg,kg,1.43
2024-03-01,1.58,Bananas,Syrian Arab Republic,Deir-ez-Zor,RETAIL,Kg,kg,1.58
2024-04-01,4.44,Bananas,Syrian Arab Republic,Deir-ez-Zor,RETAIL,Kg,kg,4.44
2024-05-01,1.38,Bananas,Syrian Arab Republic,Deir-ez-Zor,RETAIL,Kg,kg,1.38
2024-06-01,1.54,Bananas,Syrian Arab Republic,Deir-ez-Zor,RETAIL,Kg,kg,1.54
2024-07-01,1.5,Bananas,Syrian Arab Republic,Deir-ez-Zor,RETAIL,Kg,kg,1.5
2024-08-01,1.22,Bananas,Syrian Arab Republic,Deir-ez-Zor,RETAIL,Kg,kg,1.22
2024-09-01,1.64,Bananas,Syrian Arab Republic,Deir-ez-Zor,RETAIL,Kg,kg,1.64
2024-10-01,1.78,Bananas,Syrian Arab Republic,Deir-ez-Zor,RETAIL,Kg,kg,1.78
2024-11-01,1.44,Bananas,Syrian Arab Republic,Deir-ez-Zor,RETAIL,Kg,kg,1.44
2024-12-01,17560.61,Bananas,Syrian Arab Republic,Deir-ez-Zor,RETAIL,Kg,kg,17560.61
2025-01-01,12551.28,Bananas,Syrian Arab Republic,Deir-ez-Zor,RETAIL,Kg,kg,12551.28
2025-02-01,13000.0,Bananas,Syrian Arab Republic,Deir-ez-Zor,RETAIL,Kg,kg,13000.0
2025-03-01,9688.17,Bananas,Syrian Arab Republic,Deir-ez-Zor,RETAIL,Kg,kg,9688.17
2025-04-01,12133.33,Bananas,Syrian Arab Republic,Deir-ez-Zor,RETAIL,Kg,kg,12133.33
2025-05-01,12000.0,Bananas,Syrian Arab Republic,Deir-ez-Zor,RETAIL,Kg,kg,12000.0
2025-06-01,13155.56,Bananas,Syrian Arab Republic,Deir-ez-Zor,RETAIL,Kg,kg,13155.56
2025-07-01,13333.33,Bananas,Syrian Arab Republic,Deir-ez-Zor,RETAIL,Kg,kg,13333.33
2025-08-01,14333.34,Bananas,Syrian Arab Republic,Deir-ez-Zor,RETAIL,Kg,kg,14333.34
2025-09-01,15466.67,Bananas,Syrian Arab Republic,Deir-ez-Zor,RETAIL,Kg,kg,15466.67
2025-10-01,15000.0,Bananas,Syrian Arab Republic,Deir-ez-Zor,RETAIL,Kg,kg,15000.0
2019-08-01,2.33,Bananas,Syrian Arab Republic,Duma,RETAIL,Kg,kg,2.33
2019-09-01,2.52,Bananas,Syrian Arab Republic,Duma,RETAIL,Kg,kg,2.52
2019-10-01,2.52,Bananas,Syrian Arab Republic,Duma,RETAIL,Kg,kg,2.52
2019-11-01,2.52,Bananas,Syrian Arab Republic,Duma,RETAIL,Kg,kg,2.52
2019-12-01,2.14,Bananas,Syrian Arab Republic,Duma,RETAIL,Kg,kg,2.14
2020-01-01,1.74,Bananas,Syrian Arab Republic,Duma,RETAIL,Kg,kg,1.74
2020-02-01,1.76,Bananas,Syrian Arab Republic,Duma,RETAIL,Kg,kg,1.76
2020-03-01,1.91,Bananas,Syrian Arab Republic,Duma,RETAIL,Kg,kg,1.91
2020-04-01,2.75,Bananas,Syrian Arab Republic,Duma,RETAIL,Kg,kg,2.75
2020-05-01,3.4,Bananas,Syrian Arab Republic,Duma,RETAIL,Kg,kg,3.4
2020-06-01,5.03,Bananas,Syrian Arab Republic,Duma,RETAIL,Kg,kg,5.03
2020-07-01,6.3,Bananas,Syrian Arab Republic,Duma,RETAIL,Kg,kg,6.3
2020-08-01,3.18,Bananas,Syrian Arab Republic,Duma,RETAIL,Kg,kg,3.18
2020-09-01,2.82,Bananas,Syrian Arab Republic,Duma,RETAIL,Kg,kg,2.82
2020-10-01,2.82,Bananas,Syrian Arab Republic,Duma,RETAIL,Kg,kg,2.82
2020-11-01,2.32,Bananas,Syrian Arab Republic,Duma,RETAIL,Kg,kg,2.32
2020-12-01,1.35,Bananas,Syrian Arab Republic,Duma,RETAIL,Kg,kg,1.35
2021-01-01,1.41,Bananas,Syrian Arab Republic,Duma,RETAIL,Kg,kg,1.41
2021-02-01,1.31,Bananas,Syrian Arab Republic,Duma,RETAIL,Kg,kg,1.31
2021-03-01,2.04,Bananas,Syrian Arab Republic,Duma,RETAIL,Kg,kg,2.04
2021-04-01,2.41,Bananas,Syrian Arab Republic,Duma,RETAIL,Kg,kg,2.41
2021-05-01,2.59,Bananas,Syrian Arab Republic,Duma,RETAIL,Kg,kg,2.59
2021-06-01,4.77,Bananas,Syrian Arab Republic,Duma,RETAIL,Kg,kg,4.77
2021-07-01,7.07,Bananas,Syrian Arab Republic,Duma,RETAIL,Kg,kg,7.07
2021-08-01,7.23,Bananas,Syrian Arab Republic,Duma,RETAIL,Kg,kg,7.23
2021-09-01,9.97,Bananas,Syrian Arab Republic,Duma,RETAIL,Kg,kg,9.97
2021-10-01,6.73,Bananas,Syrian Arab Republic,Duma,RETAIL,Kg,kg,6.73
2021-11-01,2.77,Bananas,Syrian Arab Republic,Duma,RETAIL,Kg,kg,2.77
2021-12-01,2.59,Bananas,Syrian Arab Republic,Duma,RETAIL,Kg,kg,2.59
2022-01-01,1.71,Bananas,Syrian Arab Republic,Duma,RETAIL,Kg,kg,1.71
2022-02-01,1.67,Bananas,Syrian Arab Republic,Duma,RETAIL,Kg,kg,1.67
2022-03-01,1.87,Bananas,Syrian Arab Republic,Duma,RETAIL,Kg,kg,1.87
2022-04-01,1.56,Bananas,Syrian Arab Republic,Duma,RETAIL,Kg,kg,1.56
2022-05-01,2.24,Bananas,Syrian Arab Republic,Duma,RETAIL,Kg,kg,2.24
2022-06-01,2.61,Bananas,Syrian Arab Republic,Duma,RETAIL,Kg,kg,2.61
2022-07-01,2.32,Bananas,Syrian Arab Republic,Duma,RETAIL,Kg,kg,2.32
2022-08-01,,Bananas,Syrian Arab Republic,Duma,RETAIL,Kg,kg,
2022-09-01,,Bananas,Syrian Arab Republic,Duma,RETAIL,Kg,kg,
2022-10-01,8.76,Bananas,Syrian Arab Republic,Duma,RETAIL,Kg,kg,8.76
2022-11-01,7.24,Bananas,Syrian Arab Republic,Duma,RETAIL,Kg,kg,7.24
2022-12-01,3.01,Bananas,Syrian Arab Republic,Duma,RETAIL,Kg,kg,3.01
2023-01-01,2.35,Bananas,Syrian Arab Republic,Duma,RETAIL,Kg,kg,2.35
2023-02-01,2.6,Bananas,Syrian Arab Republic,Duma,RETAIL,Kg,kg,2.6
2023-03-01,2.44,Bananas,Syrian Arab Republic,Duma,RETAIL,Kg,kg,2.44
2023-04-01,2.54,Bananas,Syrian Arab Republic,Duma,RETAIL,Kg,kg,2.54
2023-05-01,,Bananas,Syrian Arab Republic,Duma,RETAIL,Kg,kg,
2023-06-01,3.26,Bananas,Syrian Arab Republic,Duma,RETAIL,Kg,kg,3.26
2023-07-01,5.21,Bananas,Syrian Arab Republic,Duma,RETAIL,Kg,kg,5.21
2023-08-01,2.93,Bananas,Syrian Arab Republic,Duma,RETAIL,Kg,kg,2.93
2023-09-01,3.48,Bananas,Syrian Arab Republic,Duma,RETAIL,Kg,kg,3.48
2023-10-01,2.6,Bananas,Syrian Arab Republic,Duma,RETAIL,Kg,kg,2.6
2023-11-01,1.83,Bananas,Syrian Arab Republic,Duma,RETAIL,Kg,kg,1.83
2023-12-01,1.41,Bananas,Syrian Arab Republic,Duma,RETAIL,Kg,kg,1.41
2024-01-01,1.24,Bananas,Syrian Arab Republic,Duma,RETAIL,Kg,kg,1.24
2024-02-01,1.22,Bananas,Syrian Arab Republic,Duma,RETAIL,Kg,kg,1.22
2024-03-01,1.5,Bananas,Syrian Arab Republic,Duma,RETAIL,Kg,kg,1.5
2024-04-01,4.61,Bananas,Syrian Arab Republic,Duma,RETAIL,Kg,kg,4.61
2024-05-01,1.72,Bananas,Syrian Arab Republic,Duma,RETAIL,Kg,kg,1.72
2024-06-01,2.35,Bananas,Syrian Arab Republic,Duma,RETAIL,Kg,kg,2.35
2024-07-01,2.91,Bananas,Syrian Arab Republic,Duma,RETAIL,Kg,kg,2.91
2024-08-01,3.18,Bananas,Syrian Arab Republic,Duma,RETAIL,Kg,kg,3.18
2024-09-01,3.43,Bananas,Syrian Arab Republic,Duma,RETAIL,Kg,kg,3.43
2024-10-01,3.26,Bananas,Syrian Arab Republic,Duma,RETAIL,Kg,kg,3.26
2024-11-01,2.27,Bananas,Syrian Arab Republic,Duma,RETAIL,Kg,kg,2.27
2024-12-01,18677.78,Bananas,Syrian Arab Republic,Duma,RETAIL,Kg,kg,18677.78
2025-01-01,12179.49,Bananas,Syrian Arab Republic,Duma,RETAIL,Kg,kg,12179.49
2025-02-01,13166.67,Bananas,Syrian Arab Republic,Duma,RETAIL,Kg,kg,13166.67
2025-03-01,10155.91,Bananas,Syrian Arab Republic,Duma,RETAIL,Kg,kg,10155.91
2025-04-01,13566.66,Bananas,Syrian Arab Republic,Duma,RETAIL,Kg,kg,13566.66
2025-05-01,15000.0,Bananas,Syrian Arab Republic,Duma,RETAIL,Kg,kg,15000.0
2025-06-01,12244.44,Bananas,Syrian Arab Republic,Duma,RETAIL,Kg,kg,12244.44
2025-07-01,10166.67,Bananas,Syrian Arab Republic,Duma,RETAIL,Kg,kg,10166.67
2025-08-01,12032.26,Bananas,Syrian Arab Republic,Duma,RETAIL,Kg,kg,12032.26
2025-09-01,13088.89,Bananas,Syrian Arab Republic,Duma,RETAIL,Kg,kg,13088.89
2025-10-01,12000.0,Bananas,Syrian Arab Republic,Duma,RETAIL,Kg,kg,12000.0
2018-01-01,1.76,Bananas,Syrian Arab Republic,National Average,RETAIL,Kg,kg,1.76
2018-02-01,1.35,Bananas,Syrian Arab Republic,National Average,RETAIL,Kg,kg,1.35
2018-03-01,1.35,Bananas,Syrian Arab Republic,National Average,RETAIL,Kg,kg,1.35
2018-04-01,1.38,Bananas,Syrian Arab Republic,National Average,RETAIL,Kg,kg,1.38
2018-05-01,1.68,Bananas,Syrian Arab Republic,National Average,RETAIL,Kg,kg,1.68
2018-06-01,1.82,Bananas,Syrian Arab Republic,National Average,RETAIL,Kg,kg,1.82
2018-07-01,1.61,Bananas,Syrian Arab Republic,National Average,RETAIL,Kg,kg,1.61
2018-08-01,1.66,Bananas,Syrian Arab Republic,National Average,RETAIL,Kg,kg,1.66
2018-09-01,1.65,Bananas,Syrian Arab Republic,National Average,RETAIL,Kg,kg,1.65
2018-10-01,1.65,Bananas,Syrian Arab Republic,National Average,RETAIL,Kg,kg,1.65
2018-11-01,1.27,Bananas,Syrian Arab Republic,National Average,RETAIL,Kg,kg,1.27
2018-12-01,1.26,Bananas,Syrian Arab Republic,National Average,RETAIL,Kg,kg,1.26
2019-01-01,1.32,Bananas,Syrian Arab Republic,National Average,RETAIL,Kg,kg,1.32
2019-02-01,1.31,Bananas,Syrian Arab Republic,National Average,RETAIL,Kg,kg,1.31
2019-03-01,1.56,Bananas,Syrian Arab Republic,National Average,RETAIL,Kg,kg,1.56
2019-04-01,1.63,Bananas,Syrian Arab Republic,National Average,RETAIL,Kg,kg,1.63
2019-05-01,1.91,Bananas,Syrian Arab Republic,National Average,RETAIL,Kg,kg,1.91
2019-06-01,1.84,Bananas,Syrian Arab Republic,National Average,RETAIL,Kg,kg,1.84
2019-07-01,1.77,Bananas,Syrian Arab Republic,National Average,RETAIL,Kg,kg,1.77
2019-08-01,1.91,Bananas,Syrian Arab Republic,National Average,RETAIL,Kg,kg,1.91
2019-09-01,2.13,Bananas,Syrian Arab Republic,National Average,RETAIL,Kg,kg,2.13
2019-10-01,2.23,Bananas,Syrian Arab Republic,National Average,RETAIL,Kg,kg,2.23
2019-11-01,2.24,Bananas,Syrian Arab Republic,National Average,RETAIL,Kg,kg,2.24
2019-12-01,2.23,Bananas,Syrian Arab Republic,National Average,RETAIL,Kg,kg,2.23
2020-01-01,2.04,Bananas,Syrian Arab Republic,National Average,RETAIL,Kg,kg,2.04
2020-02-01,2.02,Bananas,Syrian Arab Republic,National Average,RETAIL,Kg,kg,2.02
2020-03-01,2.06,Bananas,Syrian Arab Republic,National Average,RETAIL,Kg,kg,2.06
2020-04-01,2.64,Bananas,Syrian Arab Republic,National Average,RETAIL,Kg,kg,2.64
2020-05-01,3.38,Bananas,Syrian Arab Republic,National Average,RETAIL,Kg,kg,3.38
2020-06-01,4.27,Bananas,Syrian Arab Republic,National Average,RETAIL,Kg,kg,4.27
2020-07-01,4.3,Bananas,Syrian Arab Republic,National Average,RETAIL,Kg,kg,4.3
2020-08-01,2.88,Bananas,Syrian Arab Republic,National Average,RETAIL,Kg,kg,2.88
2020-09-01,3.23,Bananas,Syrian Arab Republic,National Average,RETAIL,Kg,kg,3.23
2020-10-01,3.0,Bananas,Syrian Arab Republic,National Average,RETAIL,Kg,kg,3.0
2020-11-01,2.35,Bananas,Syrian Arab Republic,National Average,RETAIL,Kg,kg,2.35
2020-12-01,2.04,Bananas,Syrian Arab Republic,National Average,RETAIL,Kg,kg,2.04
2021-01-01,2.01,Bananas,Syrian Arab Republic,National Average,RETAIL,Kg,kg,2.01
2021-02-01,1.97,Bananas,Syrian Arab Republic,National Average,RETAIL,Kg,kg,1.97
2021-03-01,2.36,Bananas,Syrian Arab Republic,National Average,RETAIL,Kg,kg,2.36
2021-04-01,2.61,Bananas,Syrian Arab Republic,National Average,RETAIL,Kg,kg,2.61
2021-05-01,2.8,Bananas,Syrian Arab Republic,National Average,RETAIL,Kg,kg,2.8
2021-06-01,3.89,Bananas,Syrian Arab Republic,National Average,RETAIL,Kg,kg,3.89
2021-07-01,5.06,Bananas,Syrian Arab Republic,National Average,RETAIL,Kg,kg,5.06
2021-08-01,5.29,Bananas,Syrian Arab Republic,National Average,RETAIL,Kg,kg,5.29
2021-09-01,7.8,Bananas,Syrian Arab Republic,National Average,RETAIL,Kg,kg,7.8
2021-10-01,5.91,Bananas,Syrian Arab Republic,National Average,RETAIL,Kg,kg,5.91
2021-11-01,3.15,Bananas,Syrian Arab Republic,National Average,RETAIL,Kg,kg,3.15
2021-12-01,2.85,Bananas,Syrian Arab Republic,National Average,RETAIL,Kg,kg,2.85
2022-01-01,1.68,Bananas,Syrian Arab Republic,National Average,RETAIL,Kg,kg,1.68
2022-02-01,1.68,Bananas,Syrian Arab Republic,National Average,RETAIL,Kg,kg,1.68
2022-03-01,1.97,Bananas,Syrian Arab Republic,National Average,RETAIL,Kg,kg,1.97
2022-04-01,1.88,Bananas,Syrian Arab Republic,National Average,RETAIL,Kg,kg,1.88
2022-05-01,2.3,Bananas,Syrian Arab Republic,National Average,RETAIL,Kg,kg,2.3
2022-06-01,3.06,Bananas,Syrian Arab Republic,National Average,RETAIL,Kg,kg,3.06
2022-07-01,4.01,Bananas,Syrian Arab Republic,National Average,RETAIL,Kg,kg,4.01
2022-08-01,4.07,Bananas,Syrian Arab Republic,National Average,RETAIL,Kg,kg,4.07
2022-09-01,5.27,Bananas,Syrian Arab Republic,National Average,RETAIL,Kg,kg,5.27
2022-10-01,5.89,Bananas,Syrian Arab Republic,National Average,RETAIL,Kg,kg,5.89
2022-11-01,5.73,Bananas,Syrian Arab Republic,National Average,RETAIL,Kg,kg,5.73
2022-12-01,3.48,Bananas,Syrian Arab Republic,National Average,RETAIL,Kg,kg,3.48
2023-01-01,2.65,Bananas,Syrian Arab Republic,National Average,RETAIL,Kg,kg,2.65
2023-02-01,2.77,Bananas,Syrian Arab Republic,National Average,RETAIL,Kg,kg,2.77
2023-03-01,2.87,Bananas,Syrian Arab Republic,National Average,RETAIL,Kg,kg,2.87
2023-04-01,2.86,Bananas,Syrian Arab Republic,National Average,RETAIL,Kg,kg,2.86
2023-05-01,,Bananas,Syrian Arab Republic,National Average,RETAIL,Kg,kg,
2023-06-01,3.91,Bananas,Syrian Arab Republic,National Average,RETAIL,Kg,kg,3.91
2023-07-01,5.86,Bananas,Syrian Arab Republic,National Average,RETAIL,Kg,kg,5.86
2023-08-01,2.92,Bananas,Syrian Arab Republic,National Average,RETAIL,Kg,kg,2.92
2023-09-01,3.63,Bananas,Syrian Arab Republic,National Average,RETAIL,Kg,kg,3.63
2023-10-01,2.72,Bananas,Syrian Arab Republic,National Average,RETAIL,Kg,kg,2.72
2023-11-01,1.92,Bananas,Syrian Arab Republic,National Average,RETAIL,Kg,kg,1.92
2023-12-01,1.49,Bananas,Syrian Arab Republic,National Average,RETAIL,Kg,kg,1.49
2024-01-01,1.38,Bananas,Syrian Arab Republic,National Average,RETAIL,Kg,kg,1.38
2024-02-01,1.35,Bananas,Syrian Arab Republic,National Average,RETAIL,Kg,kg,1.35
2024-03-01,1.52,Bananas,Syrian Arab Republic,National Average,RETAIL,Kg,kg,1.52
2024-04-01,4.58,Bananas,Syrian Arab Republic,National Average,RETAIL,Kg,kg,4.58
2024-05-01,1.6,Bananas,Syrian Arab Republic,National Average,RETAIL,Kg,kg,1.6
2024-06-01,2.12,Bananas,Syrian Arab Republic,National Average,RETAIL,Kg,kg,2.12
2024-07-01,2.37,Bananas,Syrian Arab Republic,National Average,RETAIL,Kg,kg,2.37
2024-08-01,2.4,Bananas,Syrian Arab Republic,National Average,RETAIL,Kg,kg,2.4
2024-09-01,2.6,Bananas,Syrian Arab Republic,National Average,RETAIL,Kg,kg,2.6
2024-10-01,2.6,Bananas,Syrian Arab Republic,National Average,RETAIL,Kg,kg,2.6
2024-11-01,2.08,Bananas,Syrian Arab Republic,National Average,RETAIL,Kg,kg,2.08
2024-12-01,22802.65,Bananas,Syrian Arab Republic,National Average,RETAIL,Kg,kg,22802.65
2025-01-01,12707.13,Bananas,Syrian Arab Republic,National Average,RETAIL,Kg,kg,12707.13
2025-02-01,12346.36,Bananas,Syrian Arab Republic,National Average,RETAIL,Kg,kg,12346.36
2025-03-01,11057.08,Bananas,Syrian Arab Republic,National Average,RETAIL,Kg,kg,11057.08
2025-04-01,12045.82,Bananas,Syrian Arab Republic,National Average,RETAIL,Kg,kg,12045.82
2025-05-01,12638.02,Bananas,Syrian Arab Republic,National Average,RETAIL,Kg,kg,12638.02
2025-06-01,12427.83,Bananas,Syrian Arab Republic,National Average,RETAIL,Kg,kg,12427.83
2025-07-01,12139.98,Bananas,Syrian Arab Republic,National Average,RETAIL,Kg,kg,12139.98
2025-08-01,13635.36,Bananas,Syrian Arab Republic,National Average,RETAIL,Kg,kg,13635.36
2025-09-01,14502.76,Bananas,Syrian Arab Republic,National Average,RETAIL,Kg,kg,14502.76
2025-10-01,14225.89,Bananas,Syrian Arab Republic,National Average,RETAIL,Kg,kg,14225.89
2022-05-01,2.03,Bananas,Türkiye,National Average,RETAIL,Kg,kg,2.03
2022-06-01,1.25,Bananas,Türkiye,National Average,RETAIL,Kg,kg,1.25
2022-07-01,1.18,Bananas,Türkiye,National Average,RETAIL,Kg,kg,1.18
2022-08-01,1.17,Bananas,Türkiye,National Average,RETAIL,Kg,kg,1.17
2022-09-01,1.2,Bananas,Türkiye,National Average,RETAIL,Kg,kg,1.2
2022-10-01,1.24,Bananas,Türkiye,National Average,RETAIL,Kg,kg,1.24
2022-11-01,1.23,Bananas,Türkiye,National Average,RETAIL,Kg,kg,1.23
2022-12-01,1.25,Bananas,Türkiye,National Average,RETAIL,Kg,kg,1.25
2023-01-01,1.24,Bananas,Türkiye,National Average,RETAIL,Kg,kg,1.24
2023-02-01,1.34,Bananas,Türkiye,National Average,RETAIL,Kg,kg,1.34
2023-03-01,1.34,Bananas,Türkiye,National Average,RETAIL,Kg,kg,1.34
2023-04-01,1.39,Bananas,Türkiye,National Average,RETAIL,Kg,kg,1.39
2023-05-01,1.47,Bananas,Türkiye,National Average,RETAIL,Kg,kg,1.47
2023-06-01,1.35,Bananas,Türkiye,National Average,RETAIL,Kg,kg,1.35
2023-07-01,1.36,Bananas,Türkiye,National Average,RETAIL,Kg,kg,1.36
2023-08-01,1.52,Bananas,Türkiye,National Average,RETAIL,Kg,kg,1.52
2023-09-01,1.59,Bananas,Türkiye,National Average,RETAIL,Kg,kg,1.59
2023-10-01,1.5,Bananas,Türkiye,National Average,RETAIL,Kg,kg,1.5
2023-11-01,1.42,Bananas,Türkiye,National Average,RETAIL,Kg,kg,1.42
2023-12-01,1.39,Bananas,Türkiye,National Average,RETAIL,Kg,kg,1.39
2024-01-01,1.43,Bananas,Türkiye,National Average,RETAIL,Kg,kg,1.43
2024-02-01,1.52,Bananas,Türkiye,National Average,RETAIL,Kg,kg,1.52
2024-03-01,1.52,Bananas,Türkiye,National Average,RETAIL,Kg,kg,1.52
2024-04-01,1.66,Bananas,Türkiye,National Average,RETAIL,Kg,kg,1.66
2024-05-01,1.76,Bananas,Türkiye,National Average,RETAIL,Kg,kg,1.76
2024-06-01,1.87,Bananas,Türkiye,National Average,RETAIL,Kg,kg,1.87
2024-07-01,1.85,Bananas,Türkiye,National Average,RETAIL,Kg,kg,1.85
2024-08-01,1.63,Bananas,Türkiye,National Average,RETAIL,Kg,kg,1.63
2024-09-01,1.6,Bananas,Türkiye,National Average,RETAIL,Kg,kg,1.6
2024-10-01,1.74,Bananas,Türkiye,National Average,RETAIL,Kg,kg,1.74
2024-11-01,1.58,Bananas,Türkiye,National Average,RETAIL,Kg,kg,1.58
2024-12-01,1.54,Bananas,Türkiye,National Average,RETAIL,Kg,kg,1.54
2025-01-01,1.6,Bananas,Türkiye,National Average,RETAIL,Kg,kg,1.6
2025-02-01,1.7,Bananas,Türkiye,National Average,RETAIL,Kg,kg,1.7
2025-03-01,1.85,Bananas,Türkiye,National Average,RETAIL,Kg,kg,1.85
2025-04-01,2.15,Bananas,Türkiye,National Average,RETAIL,Kg,kg,2.15
2025-05-01,2.29,Bananas,Türkiye,National Average,RETAIL,Kg,kg,2.29
2025-06-01,2.24,Bananas,Türkiye,National Average,RETAIL,Kg,kg,2.24
2025-07-01,2.0,Bananas,Türkiye,National Average,RETAIL,Kg,kg,2.0
2025-08-01,2.06,Bananas,Türkiye,National Average,RETAIL,Kg,kg,2.06
2025-09-01,2.01,Bananas,Türkiye,National Average,RETAIL,Kg,kg,2.01
2025-01-01,1.36,Bananas,United Kingdom,National Average,RETAIL,Kg,kg,1.36
2025-02-01,1.38,Bananas,United Kingdom,National Average,RETAIL,Kg,kg,1.38
2025-03-01,1.42,Bananas,United Kingdom,National Average,RETAIL,Kg,kg,1.42
2025-04-01,1.44,Bananas,United Kingdom,National Average,RETAIL,Kg,kg,1.44
2025-05-01,1.47,Bananas,United Kingdom,National Average,RETAIL,Kg,kg,1.47
2025-06-01,1.49,Bananas,United Kingdom,National Average,RETAIL,Kg,kg,1.49
2025-07-01,1.49,Bananas,United Kingdom,National Average,RETAIL,Kg,kg,1.49
2025-08-01,1.48,Bananas,United Kingdom,National Average,RETAIL,Kg,kg,1.48
2025-09-01,1.49,Bananas,United Kingdom,National Average,RETAIL,Kg,kg,1.49
1995-01-01,1.11,Bananas,United States of America,National Average,RETAIL,Kg,kg,1.11
1995-02-01,1.09,Bananas,United States of America,National Average,RETAIL,Kg,kg,1.09
1995-03-01,1.12,Bananas,United States of America,National Average,RETAIL,Kg,kg,1.12
1995-04-01,1.07,Bananas,United States of America,National Average,RETAIL,Kg,kg,1.07
1995-05-01,1.06,Bananas,United States of America,National Average,RETAIL,Kg,kg,1.06
1995-06-01,1.08,Bananas,United States of America,National Average,RETAIL,Kg,kg,1.08
1995-07-01,1.15,Bananas,United States of America,National Average,RETAIL,Kg,kg,1.15
1995-08-01,1.13,Bananas,United States of America,National Average,RETAIL,Kg,kg,1.13
1995-09-01,1.08,Bananas,United States of America,National Average,RETAIL,Kg,kg,1.08
1995-10-01,1.04,Bananas,United States of America,National Average,RETAIL,Kg,kg,1.04
1995-11-01,1.02,Bananas,United States of America,National Average,RETAIL,Kg,kg,1.02
1995-12-01,1.0,Bananas,United States of America,National Average,RETAIL,Kg,kg,1.0
1996-01-01,1.02,Bananas,United States of America,National Average,RETAIL,Kg,kg,1.02
1996-02-01,1.1,Bananas,United States of America,National Average,RETAIL,Kg,kg,1.1
1996-03-01,1.19,Bananas,United States of America,National Average,RETAIL,Kg,kg,1.19
1996-04-01,1.11,Bananas,United States of America,National Average,RETAIL,Kg,kg,1.11
1996-05-01,1.13,Bananas,United States of America,National Average,RETAIL,Kg,kg,1.13
1996-06-01,1.1,Bananas,United States of America,National Average,RETAIL,Kg,kg,1.1
1996-07-01,1.1,Bananas,United States of America,National Average,RETAIL,Kg,kg,1.1
1996-08-01,1.05,Bananas,United States of America,National Average,RETAIL,Kg,kg,1.05
1996-09-01,1.01,Bananas,United States of America,National Average,RETAIL,Kg,kg,1.01
1996-10-01,1.03,Bananas,United States of America,National Average,RETAIL,Kg,kg,1.03
1996-11-01,1.05,Bananas,United States of America,National Average,RETAIL,Kg,kg,1.05
1996-12-01,1.06,Bananas,United States of America,National Average,RETAIL,Kg,kg,1.06
1997-01-01,1.1,Bananas,United States of America,National Average,RETAIL,Kg,kg,1.1
1997-02-01,1.14,Bananas,United States of America,National Average,RETAIL,Kg,kg,1.14
1997-03-01,1.17,Bananas,United States of America,National Average,RETAIL,Kg,kg,1.17
1997-04-01,1.13,Bananas,United States of America,National Average,RETAIL,Kg,kg,1.13
1997-05-01,1.07,Bananas,United States of America,National Average,RETAIL,Kg,kg,1.07
1997-06-01,1.08,Bananas,United States of America,National Average,RETAIL,Kg,kg,1.08
1997-07-01,1.07,Bananas,United States of America,National Average,RETAIL,Kg,kg,1.07
1997-08-01,1.05,Bananas,United States of America,National Average,RETAIL,Kg,kg,1.05
1997-09-01,1.01,Bananas,United States of America,National Average,RETAIL,Kg,kg,1.01
1997-10-01,1.01,Bananas,United States of America,National Average,RETAIL,Kg,kg,1.01
1997-11-01,1.03,Bananas,United States of America,National Average,RETAIL,Kg,kg,1.03
1997-12-01,1.02,Bananas,United States of America,National Average,RETAIL,Kg,kg,1.02
1998-01-01,1.04,Bananas,United States of America,National Average,RETAIL,Kg,kg,1.04
1998-02-01,1.08,Bananas,United States of America,National Average,RETAIL,Kg,kg,1.08
1998-03-01,1.05,Bananas,United States of America,National Average,RETAIL,Kg,kg,1.05
1998-04-01,1.13,Bananas,United States of America,National Average,RETAIL,Kg,kg,1.13
1998-05-01,1.12,Bananas,United States of America,National Average,RETAIL,Kg,kg,1.12
1998-06-01,1.12,Bananas,United States of America,National Average,RETAIL,Kg,kg,1.12
1998-07-01,1.17,Bananas,United States of America,National Average,RETAIL,Kg,kg,1.17
1998-08-01,1.08,Bananas,United States of America,National Average,RETAIL,Kg,kg,1.08
1998-09-01,1.05,Bananas,United States of America,National Average,RETAIL,Kg,kg,1.05
1998-10-01,1.04,Bananas,United States of America,National Average,RETAIL,Kg,kg,1.04
1998-11-01,1.07,Bananas,United States of America,National Average,RETAIL,Kg,kg,1.07
1998-12-01,1.12,Bananas,United States of America,National Average,RETAIL,Kg,kg,1.12
1999-01-01,1.08,Bananas,United States of America,National Average,RETAIL,Kg,kg,1.08
1999-02-01,1.12,Bananas,United States of America,National Average,RETAIL,Kg,kg,1.12
1999-03-01,1.12,Bananas,United States of America,National Average,RETAIL,Kg,kg,1.12
1999-04-01,1.06,Bananas,United States of America,National Average,RETAIL,Kg,kg,1.06
1999-05-01,1.08,Bananas,United States of America,National Average,RETAIL,Kg,kg,1.08
1999-06-01,1.11,Bananas,United States of America,National Average,RETAIL,Kg,kg,1.11
1999-07-01,1.09,Bananas,United States of America,National Average,RETAIL,Kg,kg,1.09
1999-08-01,1.08,Bananas,United States of America,National Average,RETAIL,Kg,kg,1.08
1999-09-01,1.06,Bananas,United States of America,National Average,RETAIL,Kg,kg,1.06
1999-10-01,1.04,Bananas,United States of America,National Average,RETAIL,Kg,kg,1.04
1999-11-01,1.06,Bananas,United States of America,National Average,RETAIL,Kg,kg,1.06
1999-12-01,1.09,Bananas,United States of America,National Average,RETAIL,Kg,kg,1.09
2000-01-01,1.08,Bananas,United States of America,National Average,RETAIL,Kg,kg,1.08
2000-02-01,1.16,Bananas,United States of America,National Average,RETAIL,Kg,kg,1.16
2000-03-01,1.14,Bananas,United States of America,National Average,RETAIL,Kg,kg,1.14
2000-04-01,1.12,Bananas,United States of America,National Average,RETAIL,Kg,kg,1.12
2000-05-01,1.12,Bananas,United States of America,National Average,RETAIL,Kg,kg,1.12
2000-06-01,1.12,Bananas,United States of America,National Average,RETAIL,Kg,kg,1.12
2000-07-01,1.13,Bananas,United States of America,National Average,RETAIL,Kg,kg,1.13
2000-08-01,1.08,Bananas,United States of America,National Average,RETAIL,Kg,kg,1.08
2000-09-01,1.08,Bananas,United States of America,National Average,RETAIL,Kg,kg,1.08
2000-10-01,1.09,Bananas,United States of America,National Average,RETAIL,Kg,kg,1.09
2000-11-01,1.06,Bananas,United States of America,National Average,RETAIL,Kg,kg,1.06
2000-12-01,1.07,Bananas,United States of America,National Average,RETAIL,Kg,kg,1.07
2001-01-01,1.1,Bananas,United States of America,National Average,RETAIL,Kg,kg,1.1
2001-02-01,1.09,Bananas,United States of America,National Average,RETAIL,Kg,kg,1.09
2001-03-01,1.12,Bananas,United States of America,National Average,RETAIL,Kg,kg,1.12
2001-04-01,1.08,Bananas,United States of America,National Average,RETAIL,Kg,kg,1.08
2001-05-01,1.12,Bananas,United States of America,National Average,RETAIL,Kg,kg,1.12
2001-06-01,1.12,Bananas,United States of America,National Average,RETAIL,Kg,kg,1.12
2001-07-01,1.15,Bananas,United States of America,National Average,RETAIL,Kg,kg,1.15
2001-08-01,1.14,Bananas,United States of America,National Average,RETAIL,Kg,kg,1.14
2001-09-01,1.12,Bananas,United States of America,National Average,RETAIL,Kg,kg,1.12
2001-10-01,1.11,Bananas,United States of America,National Average,RETAIL,Kg,kg,1.11
2001-11-01,1.12,Bananas,United States of America,National Average,RETAIL,Kg,kg,1.12
2001-12-01,1.11,Bananas,United States of America,National Average,RETAIL,Kg,kg,1.11
2002-01-01,1.12,Bananas,United States of America,National Average,RETAIL,Kg,kg,1.12
2002-02-01,1.11,Bananas,United States of America,National Average,RETAIL,Kg,kg,1.11
2002-03-01,1.14,Bananas,United States of America,National Average,RETAIL,Kg,kg,1.14
2002-04-01,1.11,Bananas,United States of America,National Average,RETAIL,Kg,kg,1.11
2002-05-01,1.14,Bananas,United States of America,National Average,RETAIL,Kg,kg,1.14
2002-06-01,1.13,Bananas,United States of America,National Average,RETAIL,Kg,kg,1.13
2002-07-01,1.14,Bananas,United States of America,National Average,RETAIL,Kg,kg,1.14
2002-08-01,1.1,Bananas,United States of America,National Average,RETAIL,Kg,kg,1.1
2002-09-01,1.1,Bananas,United States of America,National Average,RETAIL,Kg,kg,1.1
2002-10-01,1.11,Bananas,United States of America,National Average,RETAIL,Kg,kg,1.11
2002-11-01,1.11,Bananas,United States of America,National Average,RETAIL,Kg,kg,1.11
2002-12-01,1.11,Bananas,United States of America,National Average,RETAIL,Kg,kg,1.11
2003-01-01,1.16,Bananas,United States of America,National Average,RETAIL,Kg,kg,1.16
2003-02-01,1.12,Bananas,United States of America,National Average,RETAIL,Kg,kg,1.12
2003-03-01,1.13,Bananas,United States of America,National Average,RETAIL,Kg,kg,1.13
2003-04-01,1.14,Bananas,United States of America,National Average,RETAIL,Kg,kg,1.14
2003-05-01,1.11,Bananas,United States of America,National Average,RETAIL,Kg,kg,1.11
2003-06-01,1.15,Bananas,United States of America,National Average,RETAIL,Kg,kg,1.15
2003-07-01,1.13,Bananas,United States of America,National Average,RETAIL,Kg,kg,1.13
2003-08-01,1.13,Bananas,United States of America,National Average,RETAIL,Kg,kg,1.13
2003-09-01,1.09,Bananas,United States of America,National Average,RETAIL,Kg,kg,1.09
2003-10-01,1.08,Bananas,United States of America,National Average,RETAIL,Kg,kg,1.08
2003-11-01,1.1,Bananas,United States of America,National Average,RETAIL,Kg,kg,1.1
2003-12-01,1.11,Bananas,United States of America,National Average,RETAIL,Kg,kg,1.11
2004-01-01,1.13,Bananas,United States of America,National Average,RETAIL,Kg,kg,1.13
2004-02-01,1.11,Bananas,United States of America,National Average,RETAIL,Kg,kg,1.11
2004-03-01,1.1,Bananas,United States of America,National Average,RETAIL,Kg,kg,1.1
2004-04-01,1.11,Bananas,United States of America,National Average,RETAIL,Kg,kg,1.11
2004-05-01,1.08,Bananas,United States of America,National Average,RETAIL,Kg,kg,1.08
2004-06-01,1.1,Bananas,United States of America,National Average,RETAIL,Kg,kg,1.1
2004-07-01,1.12,Bananas,United States of America,National Average,RETAIL,Kg,kg,1.12
2004-08-01,1.12,Bananas,United States of America,National Average,RETAIL,Kg,kg,1.12
2004-09-01,1.08,Bananas,United States of America,National Average,RETAIL,Kg,kg,1.08
2004-10-01,1.07,Bananas,United States of America,National Average,RETAIL,Kg,kg,1.07
2004-11-01,1.03,Bananas,United States of America,National Average,RETAIL,Kg,kg,1.03
2004-12-01,1.04,Bananas,United States of America,National Average,RETAIL,Kg,kg,1.04
2005-01-01,1.07,Bananas,United States of America,National Average,RETAIL,Kg,kg,1.07
2005-02-01,1.11,Bananas,United States of America,National Average,RETAIL,Kg,kg,1.11
2005-03-01,1.12,Bananas,United States of America,National Average,RETAIL,Kg,kg,1.12
2005-04-01,1.11,Bananas,United States of America,National Average,RETAIL,Kg,kg,1.11
2005-05-01,1.1,Bananas,United States of America,National Average,RETAIL,Kg,kg,1.1
2005-06-01,1.09,Bananas,United States of America,National Average,RETAIL,Kg,kg,1.09
2005-07-01,1.09,Bananas,United States of America,National Average,RETAIL,Kg,kg,1.09
2005-08-01,1.07,Bananas,United States of America,National Average,RETAIL,Kg,kg,1.07
2005-09-01,1.07,Bananas,United States of America,National Average,RETAIL,Kg,kg,1.07
2005-10-01,1.08,Bananas,United States of America,National Average,RETAIL,Kg,kg,1.08
2005-11-01,1.06,Bananas,United States of America,National Average,RETAIL,Kg,kg,1.06
2005-12-01,1.06,Bananas,United States of America,National Average,RETAIL,Kg,kg,1.06
2006-01-01,1.08,Bananas,United States of America,National Average,RETAIL,Kg,kg,1.08
2006-02-01,1.12,Bananas,United States of America,National Average,RETAIL,Kg,kg,1.12
2006-03-01,1.12,Bananas,United States of America,National Average,RETAIL,Kg,kg,1.12
2006-04-01,1.12,Bananas,United States of America,National Average,RETAIL,Kg,kg,1.12
2006-05-01,1.13,Bananas,United States of America,National Average,RETAIL,Kg,kg,1.13
2006-06-01,1.13,Bananas,United States of America,National Average,RETAIL,Kg,kg,1.13
2006-07-01,1.12,Bananas,United States of America,National Average,RETAIL,Kg,kg,1.12
2006-08-01,1.08,Bananas,United States of America,National Average,RETAIL,Kg,kg,1.08
2006-09-01,1.06,Bananas,United States of America,National Average,RETAIL,Kg,kg,1.06
2006-10-01,1.08,Bananas,United States of America,National Average,RETAIL,Kg,kg,1.08
2006-11-01,1.1,Bananas,United States of America,National Average,RETAIL,Kg,kg,1.1
2006-12-01,1.1,Bananas,United States of America,National Average,RETAIL,Kg,kg,1.1
2007-01-01,1.11,Bananas,United States of America,National Average,RETAIL,Kg,kg,1.11
2007-02-01,1.12,Bananas,United States of America,National Average,RETAIL,Kg,kg,1.12
2007-03-01,1.12,Bananas,United States of America,National Average,RETAIL,Kg,kg,1.12
2007-04-01,1.14,Bananas,United States of America,National Average,RETAIL,Kg,kg,1.14
2007-05-01,1.11,Bananas,United States of America,National Average,RETAIL,Kg,kg,1.11
2007-06-01,1.13,Bananas,United States of America,National Average,RETAIL,Kg,kg,1.13
2007-07-01,1.12,Bananas,United States of America,National Average,RETAIL,Kg,kg,1.12
2007-08-01,1.12,Bananas,United States of America,National Average,RETAIL,Kg,kg,1.12
2007-09-01,1.11,Bananas,United States of America,National Average,RETAIL,Kg,kg,1.11
2007-10-01,1.12,Bananas,United States of America,National Average,RETAIL,Kg,kg,1.12
2007-11-01,1.14,Bananas,United States of America,National Average,RETAIL,Kg,kg,1.14
2007-12-01,1.16,Bananas,United States of America,National Average,RETAIL,Kg,kg,1.16
2008-01-01,1.15,Bananas,United States of America,National Average,RETAIL,Kg,kg,1.15
2008-02-01,1.19,Bananas,United States of America,National Average,RETAIL,Kg,kg,1.19
2008-03-01,1.32,Bananas,United States of America,National Average,RETAIL,Kg,kg,1.32
2008-04-01,1.38,Bananas,United States of America,National Average,RETAIL,Kg,kg,1.38
2008-05-01,1.39,Bananas,United States of America,National Average,RETAIL,Kg,kg,1.39
2008-06-01,1.4,Bananas,United States of America,National Average,RETAIL,Kg,kg,1.4
2008-07-01,1.38,Bananas,United States of America,National Average,RETAIL,Kg,kg,1.38
2008-08-01,1.4,Bananas,United States of America,National Average,RETAIL,Kg,kg,1.4
2008-09-01,1.39,Bananas,United States of America,National Average,RETAIL,Kg,kg,1.39
2008-10-01,1.39,Bananas,United States of America,National Average,RETAIL,Kg,kg,1.39
2008-11-01,1.38,Bananas,United States of America,National Average,RETAIL,Kg,kg,1.38
2008-12-01,1.36,Bananas,United States of America,National Average,RETAIL,Kg,kg,1.36
2009-01-01,1.39,Bananas,United States of America,National Average,RETAIL,Kg,kg,1.39
2009-02-01,1.41,Bananas,United States of America,National Average,RETAIL,Kg,kg,1.41
2009-03-01,1.4,Bananas,United States of America,National Average,RETAIL,Kg,kg,1.4
2009-04-01,1.39,Bananas,United States of America,National Average,RETAIL,Kg,kg,1.39
2009-05-01,1.37,Bananas,United States of America,National Average,RETAIL,Kg,kg,1.37
2009-06-01,1.36,Bananas,United States of America,National Average,RETAIL,Kg,kg,1.36
2009-07-01,1.36,Bananas,United States of America,National Average,RETAIL,Kg,kg,1.36
2009-08-01,1.35,Bananas,United States of America,National Average,RETAIL,Kg,kg,1.35
2009-09-01,1.33,Bananas,United States of America,National Average,RETAIL,Kg,kg,1.33
2009-10-01,1.32,Bananas,United States of America,National Average,RETAIL,Kg,kg,1.32
2009-11-01,1.24,Bananas,United States of America,National Average,RETAIL,Kg,kg,1.24
2009-12-01,1.26,Bananas,United States of America,National Average,RETAIL,Kg,kg,1.26
2010-01-01,1.29,Bananas,United States of America,National Average,RETAIL,Kg,kg,1.29
2010-02-01,1.29,Bananas,United States of America,National Average,RETAIL,Kg,kg,1.29
2010-03-01,1.27,Bananas,United States of America,National Average,RETAIL,Kg,kg,1.27
2010-04-01,1.28,Bananas,United States of America,National Average,RETAIL,Kg,kg,1.28
2010-05-01,1.26,Bananas,United States of America,National Average,RETAIL,Kg,kg,1.26
2010-06-01,1.27,Bananas,United States of America,National Average,RETAIL,Kg,kg,1.27
2010-07-01,1.29,Bananas,United States of America,National Average,RETAIL,Kg,kg,1.29
2010-08-01,1.27,Bananas,United States of America,National Average,RETAIL,Kg,kg,1.27
2010-09-01,1.26,Bananas,United States of America,National Average,RETAIL,Kg,kg,1.26
2010-10-01,1.28,Bananas,United States of America,National Average,RETAIL,Kg,kg,1.28
2010-11-01,1.28,Bananas,United States of America,National Average,RETAIL,Kg,kg,1.28
2010-12-01,1.29,Bananas,United States of America,National Average,RETAIL,Kg,kg,1.29
2011-01-01,1.31,Bananas,United States of America,National Average,RETAIL,Kg,kg,1.31
2011-02-01,1.38,Bananas,United States of America,National Average,RETAIL,Kg,kg,1.38
2011-03-01,1.37,Bananas,United States of America,National Average,RETAIL,Kg,kg,1.37
2011-04-01,1.37,Bananas,United States of America,National Average,RETAIL,Kg,kg,1.37
2011-05-01,1.36,Bananas,United States of America,National Average,RETAIL,Kg,kg,1.36
2011-06-01,1.35,Bananas,United States of America,National Average,RETAIL,Kg,kg,1.35
2011-07-01,1.35,Bananas,United States of America,National Average,RETAIL,Kg,kg,1.35
2011-08-01,1.34,Bananas,United States of America,National Average,RETAIL,Kg,kg,1.34
2011-09-01,1.34,Bananas,United States of America,National Average,RETAIL,Kg,kg,1.34
2011-10-01,1.34,Bananas,United States of America,National Average,RETAIL,Kg,kg,1.34
2011-11-01,1.32,Bananas,United States of America,National Average,RETAIL,Kg,kg,1.32
2011-12-01,1.32,Bananas,United States of America,National Average,RETAIL,Kg,kg,1.32
2012-01-01,1.33,Bananas,United States of America,National Average,RETAIL,Kg,kg,1.33
2012-02-01,1.33,Bananas,United States of America,National Average,RETAIL,Kg,kg,1.33
2012-03-01,1.34,Bananas,United States of America,National Average,RETAIL,Kg,kg,1.34
2012-04-01,1.33,Bananas,United States of America,National Average,RETAIL,Kg,kg,1.33
2012-05-01,1.32,Bananas,United States of America,National Average,RETAIL,Kg,kg,1.32
2012-06-01,1.33,Bananas,United States of America,National Average,RETAIL,Kg,kg,1.33
2012-07-01,1.33,Bananas,United States of America,National Average,RETAIL,Kg,kg,1.33
2012-08-01,1.31,Bananas,United States of America,National Average,RETAIL,Kg,kg,1.31
2012-09-01,1.32,Bananas,United States of America,National Average,RETAIL,Kg,kg,1.32
2012-10-01,1.33,Bananas,United States of America,National Average,RETAIL,Kg,kg,1.33
2012-11-01,1.32,Bananas,United States of America,National Average,RETAIL,Kg,kg,1.32
2012-12-01,1.34,Bananas,United States of America,National Average,RETAIL,Kg,kg,1.34
2013-01-01,1.34,Bananas,United States of America,National Average,RETAIL,Kg,kg,1.34
2013-02-01,1.35,Bananas,United States of America,National Average,RETAIL,Kg,kg,1.35
2013-03-01,1.34,Bananas,United States of America,National Average,RETAIL,Kg,kg,1.34
2013-04-01,1.32,Bananas,United States of America,National Average,RETAIL,Kg,kg,1.32
2013-05-01,1.33,Bananas,United States of America,National Average,RETAIL,Kg,kg,1.33
2013-06-01,1.33,Bananas,United States of America,National Average,RETAIL,Kg,kg,1.33
2013-07-01,1.33,Bananas,United States of America,National Average,RETAIL,Kg,kg,1.33
2013-08-01,1.31,Bananas,United States of America,National Average,RETAIL,Kg,kg,1.31
2013-09-01,1.32,Bananas,United States of America,National Average,RETAIL,Kg,kg,1.32
2013-10-01,1.29,Bananas,United States of America,National Average,RETAIL,Kg,kg,1.29
2013-11-01,1.29,Bananas,United States of America,National Average,RETAIL,Kg,kg,1.29
2013-12-01,1.31,Bananas,United States of America,National Average,RETAIL,Kg,kg,1.31
2014-01-01,1.31,Bananas,United States of America,National Average,RETAIL,Kg,kg,1.31
2014-02-01,1.32,Bananas,United States of America,National Average,RETAIL,Kg,kg,1.32
2014-03-01,1.32,Bananas,United States of America,National Average,RETAIL,Kg,kg,1.32
2014-04-01,1.32,Bananas,United States of America,National Average,RETAIL,Kg,kg,1.32
2014-05-01,1.33,Bananas,United States of America,National Average,RETAIL,Kg,kg,1.33
2014-06-01,1.34,Bananas,United States of America,National Average,RETAIL,Kg,kg,1.34
2014-07-01,1.34,Bananas,United States of America,National Average,RETAIL,Kg,kg,1.34
2014-08-01,1.34,Bananas,United States of America,National Average,RETAIL,Kg,kg,1.34
2014-09-01,1.34,Bananas,United States of America,National Average,RETAIL,Kg,kg,1.34
2014-10-01,1.28,Bananas,United States of America,National Average,RETAIL,Kg,kg,1.28
2014-11-01,1.31,Bananas,United States of America,National Average,RETAIL,Kg,kg,1.31
2014-12-01,1.29,Bananas,United States of America,National Average,RETAIL,Kg,kg,1.29
2015-01-01,1.29,Bananas,United States of America,National Average,RETAIL,Kg,kg,1.29
2015-02-01,1.3,Bananas,United States of America,National Average,RETAIL,Kg,kg,1.3
2015-03-01,1.31,Bananas,United States of America,National Average,RETAIL,Kg,kg,1.31
2015-04-01,1.32,Bananas,United States of America,National Average,RETAIL,Kg,kg,1.32
2015-05-01,1.28,Bananas,United States of America,National Average,RETAIL,Kg,kg,1.28
2015-06-01,1.27,Bananas,United States of America,National Average,RETAIL,Kg,kg,1.27
2015-07-01,1.28,Bananas,United States of America,National Average,RETAIL,Kg,kg,1.28
2015-08-01,1.28,Bananas,United States of America,National Average,RETAIL,Kg,kg,1.28
2015-09-01,1.28,Bananas,United States of America,National Average,RETAIL,Kg,kg,1.28
2015-10-01,1.27,Bananas,United States of America,National Average,RETAIL,Kg,kg,1.27
2015-11-01,1.27,Bananas,United States of America,National Average,RETAIL,Kg,kg,1.27
2015-12-01,1.28,Bananas,United States of America,National Average,RETAIL,Kg,kg,1.28
2016-01-01,1.28,Bananas,United States of America,National Average,RETAIL,Kg,kg,1.28
2016-02-01,1.26,Bananas,United States of America,National Average,RETAIL,Kg,kg,1.26
2016-03-01,1.29,Bananas,United States of America,National Average,RETAIL,Kg,kg,1.29
2016-04-01,1.27,Bananas,United States of America,National Average,RETAIL,Kg,kg,1.27
2016-05-01,1.26,Bananas,United States of America,National Average,RETAIL,Kg,kg,1.26
2016-06-01,1.25,Bananas,United States of America,National Average,RETAIL,Kg,kg,1.25
2016-07-01,1.25,Bananas,United States of America,National Average,RETAIL,Kg,kg,1.25
2016-08-01,1.24,Bananas,United States of America,National Average,RETAIL,Kg,kg,1.24
2016-09-01,1.27,Bananas,United States of America,National Average,RETAIL,Kg,kg,1.27
2016-10-01,1.26,Bananas,United States of America,National Average,RETAIL,Kg,kg,1.26
2016-11-01,1.26,Bananas,United States of America,National Average,RETAIL,Kg,kg,1.26
2016-12-01,1.27,Bananas,United States of America,National Average,RETAIL,Kg,kg,1.27
2017-01-01,1.26,Bananas,United States of America,National Average,RETAIL,Kg,kg,1.26
2017-02-01,1.26,Bananas,United States of America,National Average,RETAIL,Kg,kg,1.26
2017-03-01,1.26,Bananas,United States of America,National Average,RETAIL,Kg,kg,1.26
2017-04-01,1.26,Bananas,United States of America,National Average,RETAIL,Kg,kg,1.26
2017-05-01,1.24,Bananas,United States of America,National Average,RETAIL,Kg,kg,1.24
2017-06-01,1.26,Bananas,United States of America,National Average,RETAIL,Kg,kg,1.26
2017-07-01,1.25,Bananas,United States of America,National Average,RETAIL,Kg,kg,1.25
2017-08-01,1.24,Bananas,United States of America,National Average,RETAIL,Kg,kg,1.24
2017-09-01,1.2,Bananas,United States of America,National Average,RETAIL,Kg,kg,1.2
2017-10-01,1.21,Bananas,United States of America,National Average,RETAIL,Kg,kg,1.21
2017-11-01,1.21,Bananas,United States of America,National Average,RETAIL,Kg,kg,1.21
2017-12-01,1.23,Bananas,United States of America,National Average,RETAIL,Kg,kg,1.23
2018-01-01,1.25,Bananas,United States of America,National Average,RETAIL,Kg,kg,1.25
2018-02-01,1.27,Bananas,United States of America,National Average,RETAIL,Kg,kg,1.27
2018-03-01,1.28,Bananas,United States of America,National Average,RETAIL,Kg,kg,1.28
2018-04-01,1.27,Bananas,United States of America,National Average,RETAIL,Kg,kg,1.27
2018-05-01,1.27,Bananas,United States of America,National Average,RETAIL,Kg,kg,1.27
2018-06-01,1.27,Bananas,United States of America,National Average,RETAIL,Kg,kg,1.27
2018-07-01,1.27,Bananas,United States of America,National Average,RETAIL,Kg,kg,1.27
2018-08-01,1.25,Bananas,United States of America,National Average,RETAIL,Kg,kg,1.25
2018-09-01,1.26,Bananas,United States of America,National Average,RETAIL,Kg,kg,1.26
2018-10-01,1.27,Bananas,United States of America,National Average,RETAIL,Kg,kg,1.27
2018-11-01,1.25,Bananas,United States of America,National Average,RETAIL,Kg,kg,1.25
2018-12-01,1.27,Bananas,United States of America,National Average,RETAIL,Kg,kg,1.27
2019-01-01,1.27,Bananas,United States of America,National Average,RETAIL,Kg,kg,1.27
2019-02-01,1.26,Bananas,United States of America,National Average,RETAIL,Kg,kg,1.26
2019-03-01,1.28,Bananas,United States of America,National Average,RETAIL,Kg,kg,1.28
2019-04-01,1.25,Bananas,United States of America,National Average,RETAIL,Kg,kg,1.25
2019-05-01,1.28,Bananas,United States of America,National Average,RETAIL,Kg,kg,1.28
2019-06-01,1.27,Bananas,United States of America,National Average,RETAIL,Kg,kg,1.27
2019-07-01,1.25,Bananas,United States of America,National Average,RETAIL,Kg,kg,1.25
2019-08-01,1.27,Bananas,United States of America,National Average,RETAIL,Kg,kg,1.27
2019-09-01,1.25,Bananas,United States of America,National Average,RETAIL,Kg,kg,1.25
2019-10-01,1.26,Bananas,United States of America,National Average,RETAIL,Kg,kg,1.26
2019-11-01,1.26,Bananas,United States of America,National Average,RETAIL,Kg,kg,1.26
2019-12-01,1.26,Bananas,United States of America,National Average,RETAIL,Kg,kg,1.26
2020-01-01,1.26,Bananas,United States of America,National Average,RETAIL,Kg,kg,1.26
2020-02-01,1.27,Bananas,United States of America,National Average,RETAIL,Kg,kg,1.27
2020-03-01,1.27,Bananas,United States of America,National Average,RETAIL,Kg,kg,1.27
2020-04-01,1.28,Bananas,United States of America,National Average,RETAIL,Kg,kg,1.28
2020-05-01,1.3,Bananas,United States of America,National Average,RETAIL,Kg,kg,1.3
2020-06-01,1.3,Bananas,United States of America,National Average,RETAIL,Kg,kg,1.3
2020-07-01,1.28,Bananas,United States of America,National Average,RETAIL,Kg,kg,1.28
2020-08-01,1.27,Bananas,United States of America,National Average,RETAIL,Kg,kg,1.27
2020-09-01,1.27,Bananas,United States of America,National Average,RETAIL,Kg,kg,1.27
2020-10-01,1.27,Bananas,United States of America,National Average,RETAIL,Kg,kg,1.27
2020-11-01,1.27,Bananas,United States of America,National Average,RETAIL,Kg,kg,1.27
2020-12-01,1.26,Bananas,United States of America,National Average,RETAIL,Kg,kg,1.26
2021-01-01,1.32,Bananas,United States of America,National Average,RETAIL,Kg,kg,1.32
2021-02-01,1.3,Bananas,United States of America,National Average,RETAIL,Kg,kg,1.3
2021-03-01,1.31,Bananas,United States of America,National Average,RETAIL,Kg,kg,1.31
2021-04-01,1.33,Bananas,United States of America,National Average,RETAIL,Kg,kg,1.33
2021-05-01,1.32,Bananas,United States of America,National Average,RETAIL,Kg,kg,1.32
2021-06-01,1.31,Bananas,United States of America,National Average,RETAIL,Kg,kg,1.31
2021-07-01,1.31,Bananas,United States of America,National Average,RETAIL,Kg,kg,1.31
2021-08-01,1.3,Bananas,United States of America,National Average,RETAIL,Kg,kg,1.3
2021-09-01,1.32,Bananas,United States of America,National Average,RETAIL,Kg,kg,1.32
2021-10-01,1.32,Bananas,United States of America,National Average,RETAIL,Kg,kg,1.32
2021-11-01,1.36,Bananas,United States of America,National Average,RETAIL,Kg,kg,1.36
2021-12-01,1.37,Bananas,United States of America,National Average,RETAIL,Kg,kg,1.37
2022-01-01,1.39,Bananas,United States of America,National Average,RETAIL,Kg,kg,1.39
2022-02-01,1.38,Bananas,United States of America,National Average,RETAIL,Kg,kg,1.38
2022-03-01,1.42,Bananas,United States of America,National Average,RETAIL,Kg,kg,1.42
2022-04-01,1.4,Bananas,United States of America,National Average,RETAIL,Kg,kg,1.4
2022-05-01,1.42,Bananas,United States of America,National Average,RETAIL,Kg,kg,1.42
2022-06-01,1.41,Bananas,United States of America,National Average,RETAIL,Kg,kg,1.41
2022-07-01,1.41,Bananas,United States of America,National Average,RETAIL,Kg,kg,1.41
2022-08-01,1.42,Bananas,United States of America,National Average,RETAIL,Kg,kg,1.42
2022-09-01,1.42,Bananas,United States of America,National Average,RETAIL,Kg,kg,1.42
2022-10-01,1.4,Bananas,United States of America,National Average,RETAIL,Kg,kg,1.4
2022-11-01,1.39,Bananas,United States of America,National Average,RETAIL,Kg,kg,1.39
2022-12-01,1.38,Bananas,United States of America,National Average,RETAIL,Kg,kg,1.38
2023-01-01,1.41,Bananas,United States of America,National Average,RETAIL,Kg,kg,1.41
2023-02-01,1.41,Bananas,United States of America,National Average,RETAIL,Kg,kg,1.41
2023-03-01,1.39,Bananas,United States of America,National Average,RETAIL,Kg,kg,1.39
2023-04-01,1.4,Bananas,United States of America,National Average,RETAIL,Kg,kg,1.4
2023-05-01,1.38,Bananas,United States of America,National Average,RETAIL,Kg,kg,1.38
2023-06-01,1.38,Bananas,United States of America,National Average,RETAIL,Kg,kg,1.38
2023-07-01,1.39,Bananas,United States of America,National Average,RETAIL,Kg,kg,1.39
2023-08-01,1.39,Bananas,United States of America,National Average,RETAIL,Kg,kg,1.39
2023-09-01,1.38,Bananas,United States of America,National Average,RETAIL,Kg,kg,1.38
2023-10-01,1.38,Bananas,United States of America,National Average,RETAIL,Kg,kg,1.38
2023-11-01,1.38,Bananas,United States of America,National Average,RETAIL,Kg,kg,1.38
2023-12-01,1.38,Bananas,United States of America,National Average,RETAIL,Kg,kg,1.38
2024-01-01,1.36,Bananas,United States of America,National Average,RETAIL,Kg,kg,1.36
2024-02-01,1.38,Bananas,United States of America,National Average,RETAIL,Kg,kg,1.38
2024-03-01,1.39,Bananas,United States of America,National Average,RETAIL,Kg,kg,1.39
2024-04-01,1.38,Bananas,United States of America,National Average,RETAIL,Kg,kg,1.38
2024-05-01,1.37,Bananas,United States of America,National Average,RETAIL,Kg,kg,1.37
2024-06-01,1.38,Bananas,United States of America,National Average,RETAIL,Kg,kg,1.38
2024-07-01,1.35,Bananas,United States of America,National Average,RETAIL,Kg,kg,1.35
2024-08-01,1.35,Bananas,United States of America,National Average,RETAIL,Kg,kg,1.35
2024-09-01,1.36,Bananas,United States of America,National Average,RETAIL,Kg,kg,1.36
2024-10-01,1.36,Bananas,United States of America,National Average,RETAIL,Kg,kg,1.36
2024-11-01,1.37,Bananas,United States of America,National Average,RETAIL,Kg,kg,1.37
2024-12-01,1.36,Bananas,United States of America,National Average,RETAIL,Kg,kg,1.36
2025-01-01,1.37,Bananas,United States of America,National Average,RETAIL,Kg,kg,1.37
2025-02-01,1.36,Bananas,United States of America,National Average,RETAIL,Kg,kg,1.36
2025-03-01,1.38,Bananas,United States of America,National Average,RETAIL,Kg,kg,1.38
2025-04-01,1.4,Bananas,United States of America,National Average,RETAIL,Kg,kg,1.4
2025-05-01,1.44,Bananas,United States of America,National Average,RETAIL,Kg,kg,1.44
2025-06-01,1.44,Bananas,United States of America,National Average,RETAIL,Kg,kg,1.44
2025-07-01,1.45,Bananas,United States of America,National Average,RETAIL,Kg,kg,1.45
2025-08-01,1.47,Bananas,United States of America,National Average,RETAIL,Kg,kg,1.47
2025-09-01,1.48,Bananas,United States of America,National Average,RETAIL,Kg,kg,1.48
2013-01-01,1.56,Bananas,United States of America,New York,WHOLESALE,Kg,kg,1.56
2013-02-01,0.96,Bananas,United States of America,New York,WHOLESALE,Kg,kg,0.96
2013-03-01,0.97,Bananas,United States of America,New York,WHOLESALE,Kg,kg,0.97
2013-04-01,0.96,Bananas,United States of America,New York,WHOLESALE,Kg,kg,0.96
2013-05-01,0.95,Bananas,United States of America,New York,WHOLESALE,Kg,kg,0.95
2013-06-01,0.94,Bananas,United States of America,New York,WHOLESALE,Kg,kg,0.94
2013-07-01,0.94,Bananas,United States of America,New York,WHOLESALE,Kg,kg,0.94
2013-08-01,0.91,Bananas,United States of America,New York,WHOLESALE,Kg,kg,0.91
2013-09-01,0.86,Bananas,United States of America,New York,WHOLESALE,Kg,kg,0.86
2013-10-01,0.89,Bananas,United States of America,New York,WHOLESALE,Kg,kg,0.89
2013-11-01,0.91,Bananas,United States of America,New York,WHOLESALE,Kg,kg,0.91
2013-12-01,0.89,Bananas,United States of America,New York,WHOLESALE,Kg,kg,0.89
2014-01-01,0.94,Bananas,United States of America,New York,WHOLESALE,Kg,kg,0.94
2014-02-01,0.94,Bananas,United States of America,New York,WHOLESALE,Kg,kg,0.94
2014-03-01,0.94,Bananas,United States of America,New York,WHOLESALE,Kg,kg,0.94
2014-04-01,1.01,Bananas,United States of America,New York,WHOLESALE,Kg,kg,1.01
2014-05-01,0.97,Bananas,United States of America,New York,WHOLESALE,Kg,kg,0.97
2014-06-01,0.99,Bananas,United States of America,New York,WHOLESALE,Kg,kg,0.99
2014-07-01,0.98,Bananas,United States of America,New York,WHOLESALE,Kg,kg,0.98
2014-08-01,0.98,Bananas,United States of America,New York,WHOLESALE,Kg,kg,0.98
2014-09-01,0.98,Bananas,United States of America,New York,WHOLESALE,Kg,kg,0.98
2014-10-01,0.98,Bananas,United States of America,New York,WHOLESALE,Kg,kg,0.98
2014-11-01,0.98,Bananas,United States of America,New York,WHOLESALE,Kg,kg,0.98
2014-12-01,0.89,Bananas,United States of America,New York,WHOLESALE,Kg,kg,0.89
2015-01-01,0.87,Bananas,United States of America,New York,WHOLESALE,Kg,kg,0.87
2015-02-01,0.99,Bananas,United States of America,New York,WHOLESALE,Kg,kg,0.99
2015-03-01,1.04,Bananas,United States of America,New York,WHOLESALE,Kg,kg,1.04
2015-04-01,1.01,Bananas,United States of America,New York,WHOLESALE,Kg,kg,1.01
2015-05-01,0.99,Bananas,United States of America,New York,WHOLESALE,Kg,kg,0.99
2015-06-01,0.98,Bananas,United States of America,New York,WHOLESALE,Kg,kg,0.98
2015-07-01,0.98,Bananas,United States of America,New York,WHOLESALE,Kg,kg,0.98
2015-08-01,0.98,Bananas,United States of America,New York,WHOLESALE,Kg,kg,0.98
2015-09-01,0.97,Bananas,United States of America,New York,WHOLESALE,Kg,kg,0.97
2015-10-01,0.97,Bananas,United States of America,New York,WHOLESALE,Kg,kg,0.97
2015-11-01,0.97,Bananas,United States of America,New York,WHOLESALE,Kg,kg,0.97
2015-12-01,0.92,Bananas,United States of America,New York,WHOLESALE,Kg,kg,0.92
2016-01-01,0.95,Bananas,United States of America,New York,WHOLESALE,Kg,kg,0.95
2016-02-01,0.94,Bananas,United States of America,New York,WHOLESALE,Kg,kg,0.94
2016-03-01,0.93,Bananas,United States of America,New York,WHOLESALE,Kg,kg,0.93
2016-04-01,0.93,Bananas,United States of America,New York,WHOLESALE,Kg,kg,0.93
2016-05-01,0.89,Bananas,United States of America,New York,WHOLESALE,Kg,kg,0.89
2016-06-01,0.87,Bananas,United States of America,New York,WHOLESALE,Kg,kg,0.87
2016-07-01,0.93,Bananas,United States of America,New York,WHOLESALE,Kg,kg,0.93
2016-08-01,0.93,Bananas,United States of America,New York,WHOLESALE,Kg,kg,0.93
2016-09-01,0.93,Bananas,United States of America,New York,WHOLESALE,Kg,kg,0.93
2016-10-01,0.93,Bananas,United States of America,New York,WHOLESALE,Kg,kg,0.93
2016-11-01,0.92,Bananas,United States of America,New York,WHOLESALE,Kg,kg,0.92
2016-12-01,0.91,Bananas,United States of America,New York,WHOLESALE,Kg,kg,0.91
2017-01-01,0.91,Bananas,United States of America,New York,WHOLESALE,Kg,kg,0.91
2017-02-01,0.91,Bananas,United States of America,New York,WHOLESALE,Kg,kg,0.91
2017-03-01,0.91,Bananas,United States of America,New York,WHOLESALE,Kg,kg,0.91
2017-04-01,0.91,Bananas,United States of America,New York,WHOLESALE,Kg,kg,0.91
2017-05-01,0.91,Bananas,United States of America,New York,WHOLESALE,Kg,kg,0.91
2017-06-01,0.92,Bananas,United States of America,New York,WHOLESALE,Kg,kg,0.92
2017-07-01,0.92,Bananas,United States of America,New York,WHOLESALE,Kg,kg,0.92
2017-08-01,0.92,Bananas,United States of America,New York,WHOLESALE,Kg,kg,0.92
2017-09-01,0.91,Bananas,United States of America,New York,WHOLESALE,Kg,kg,0.91
2017-10-01,0.89,Bananas,United States of America,New York,WHOLESALE,Kg,kg,0.89
2017-11-01,0.88,Bananas,United States of America,New York,WHOLESALE,Kg,kg,0.88
2017-12-01,0.87,Bananas,United States of America,New York,WHOLESALE,Kg,kg,0.87
2018-01-01,0.91,Bananas,United States of America,New York,WHOLESALE,Kg,kg,0.91
2018-02-01,1.16,Bananas,United States of America,New York,WHOLESALE,Kg,kg,1.16
2018-03-01,1.11,Bananas,United States of America,New York,WHOLESALE,Kg,kg,1.11
2018-04-01,0.98,Bananas,United States of America,New York,WHOLESALE,Kg,kg,0.98
2018-05-01,0.94,Bananas,United States of America,New York,WHOLESALE,Kg,kg,0.94
2018-06-01,0.9,Bananas,United States of America,New York,WHOLESALE,Kg,kg,0.9
2018-07-01,0.9,Bananas,United States of America,New York,WHOLESALE,Kg,kg,0.9
2018-08-01,0.87,Bananas,United States of America,New York,WHOLESALE,Kg,kg,0.87
2018-09-01,0.87,Bananas,United States of America,New York,WHOLESALE,Kg,kg,0.87
2018-10-01,0.9,Bananas,United States of America,New York,WHOLESALE,Kg,kg,0.9
2018-11-01,0.88,Bananas,United States of America,New York,WHOLESALE,Kg,kg,0.88
2018-12-01,0.87,Bananas,United States of America,New York,WHOLESALE,Kg,kg,0.87
2019-01-01,0.87,Bananas,United States of America,New York,WHOLESALE,Kg,kg,0.87
2019-02-01,0.91,Bananas,United States of America,New York,WHOLESALE,Kg,kg,0.91
2019-03-01,1.0,Bananas,United States of America,New York,WHOLESALE,Kg,kg,1.0
2019-04-01,0.94,Bananas,United States of America,New York,WHOLESALE,Kg,kg,0.94
2019-05-01,0.89,Bananas,United States of America,New York,WHOLESALE,Kg,kg,0.89
2019-06-01,0.95,Bananas,United States of America,New York,WHOLESALE,Kg,kg,0.95
2019-07-01,0.95,Bananas,United States of America,New York,WHOLESALE,Kg,kg,0.95
2019-08-01,0.94,Bananas,United States of America,New York,WHOLESALE,Kg,kg,0.94
2019-09-01,0.94,Bananas,United States of America,New York,WHOLESALE,Kg,kg,0.94
2019-10-01,0.94,Bananas,United States of America,New York,WHOLESALE,Kg,kg,0.94
2019-11-01,0.92,Bananas,United States of America,New York,WHOLESALE,Kg,kg,0.92
2019-12-01,0.87,Bananas,United States of America,New York,WHOLESALE,Kg,kg,0.87
2020-01-01,0.88,Bananas,United States of America,New York,WHOLESALE,Kg,kg,0.88
2020-02-01,0.91,Bananas,United States of America,New York,WHOLESALE,Kg,kg,0.91
2020-03-01,1.07,Bananas,United States of America,New York,WHOLESALE,Kg,kg,1.07
2020-04-01,1.06,Bananas,United States of America,New York,WHOLESALE,Kg,kg,1.06
2020-05-01,0.97,Bananas,United States of America,New York,WHOLESALE,Kg,kg,0.97
2020-06-01,0.93,Bananas,United States of America,New York,WHOLESALE,Kg,kg,0.93
2020-07-01,0.91,Bananas,United States of America,New York,WHOLESALE,Kg,kg,0.91
2020-08-01,0.85,Bananas,United States of America,New York,WHOLESALE,Kg,kg,0.85
2020-09-01,0.83,Bananas,United States of America,New York,WHOLESALE,Kg,kg,0.83
2020-10-01,0.84,Bananas,United States of America,New York,WHOLESALE,Kg,kg,0.84
2020-11-01,0.85,Bananas,United States of America,New York,WHOLESALE,Kg,kg,0.85
2020-12-01,0.91,Bananas,United States of America,New York,WHOLESALE,Kg,kg,0.91
2021-01-01,1.04,Bananas,United States of America,New York,WHOLESALE,Kg,kg,1.04
2021-02-01,1.01,Bananas,United States of America,New York,WHOLESALE,Kg,kg,1.01
2021-03-01,0.99,Bananas,United States of America,New York,WHOLESALE,Kg,kg,0.99
2021-04-01,0.98,Bananas,United States of America,New York,WHOLESALE,Kg,kg,0.98
2021-05-01,0.98,Bananas,United States of America,New York,WHOLESALE,Kg,kg,0.98
2021-06-01,0.99,Bananas,United States of America,New York,WHOLESALE,Kg,kg,0.99
2021-07-01,0.97,Bananas,United States of America,New York,WHOLESALE,Kg,kg,0.97
2021-08-01,0.94,Bananas,United States of America,New York,WHOLESALE,Kg,kg,0.94
2021-09-01,0.92,Bananas,United States of America,New York,WHOLESALE,Kg,kg,0.92
2021-10-01,0.93,Bananas,United States of America,New York,WHOLESALE,Kg,kg,0.93
2021-11-01,0.94,Bananas,United States of America,New York,WHOLESALE,Kg,kg,0.94
2021-12-01,0.94,Bananas,United States of America,New York,WHOLESALE,Kg,kg,0.94
2022-01-01,0.99,Bananas,United States of America,New York,WHOLESALE,Kg,kg,0.99
2022-02-01,1.15,Bananas,United States of America,New York,WHOLESALE,Kg,kg,1.15
2022-03-01,1.1,Bananas,United States of America,New York,WHOLESALE,Kg,kg,1.1
2022-04-01,0.95,Bananas,United States of America,New York,WHOLESALE,Kg,kg,0.95
2022-05-01,0.95,Bananas,United States of America,New York,WHOLESALE,Kg,kg,0.95
2022-06-01,0.97,Bananas,United States of America,New York,WHOLESALE,Kg,kg,0.97
2022-07-01,1.09,Bananas,United States of America,New York,WHOLESALE,Kg,kg,1.09
2022-08-01,1.13,Bananas,United States of America,New York,WHOLESALE,Kg,kg,1.13
2022-09-01,1.03,Bananas,United States of America,New York,WHOLESALE,Kg,kg,1.03
2022-10-01,1.01,Bananas,United States of America,New York,WHOLESALE,Kg,kg,1.01
2022-11-01,1.16,Bananas,United States of America,New York,WHOLESALE,Kg,kg,1.16
2022-12-01,1.23,Bananas,United States of America,New York,WHOLESALE,Kg,kg,1.23
2023-01-01,1.17,Bananas,United States of America,New York,WHOLESALE,Kg,kg,1.17
2023-02-01,1.18,Bananas,United States of America,New York,WHOLESALE,Kg,kg,1.18
2023-03-01,1.18,Bananas,United States of America,New York,WHOLESALE,Kg,kg,1.18
2023-04-01,1.17,Bananas,United States of America,New York,WHOLESALE,Kg,kg,1.17
2023-05-01,1.12,Bananas,United States of America,New York,WHOLESALE,Kg,kg,1.12
2023-06-01,1.1,Bananas,United States of America,New York,WHOLESALE,Kg,kg,1.1
2023-07-01,1.1,Bananas,United States of America,New York,WHOLESALE,Kg,kg,1.1
2023-08-01,1.09,Bananas,United States of America,New York,WHOLESALE,Kg,kg,1.09
2023-09-01,1.07,Bananas,United States of America,New York,WHOLESALE,Kg,kg,1.07
2023-10-01,1.06,Bananas,United States of America,New York,WHOLESALE,Kg,kg,1.06
2023-11-01,1.06,Bananas,United States of America,New York,WHOLESALE,Kg,kg,1.06
2023-12-01,1.06,Bananas,United States of America,New York,WHOLESALE,Kg,kg,1.06
2024-01-01,1.07,Bananas,United States of America,New York,WHOLESALE,Kg,kg,1.07
2024-02-01,1.06,Bananas,United States of America,New York,WHOLESALE,Kg,kg,1.06
2024-03-01,1.12,Bananas,United States of America,New York,WHOLESALE,Kg,kg,1.12
2024-04-01,1.13,Bananas,United States of America,New York,WHOLESALE,Kg,kg,1.13
2024-05-01,1.14,Bananas,United States of America,New York,WHOLESALE,Kg,kg,1.14
2024-06-01,1.14,Bananas,United States of America,New York,WHOLESALE,Kg,kg,1.14
2024-07-01,1.16,Bananas,United States of America,New York,WHOLESALE,Kg,kg,1.16
2024-08-01,1.16,Bananas,United States of America,New York,WHOLESALE,Kg,kg,1.16
2024-09-01,1.1,Bananas,United States of America,New York,WHOLESALE,Kg,kg,1.1
2024-10-01,1.02,Bananas,United States of America,New York,WHOLESALE,Kg,kg,1.02
2024-11-01,1.01,Bananas,United States of America,New York,WHOLESALE,Kg,kg,1.01
2024-12-01,1.03,Bananas,United States of America,New York,WHOLESALE,Kg,kg,1.03
2025-01-01,1.05,Bananas,United States of America,New York,WHOLESALE,Kg,kg,1.05
2025-02-01,1.13,Bananas,United States of America,New York,WHOLESALE,Kg,kg,1.13
2025-03-01,1.12,Bananas,United States of America,New York,WHOLESALE,Kg,kg,1.12
2025-04-01,1.14,Bananas,United States of America,New York,WHOLESALE,Kg,kg,1.14
2025-05-01,1.22,Bananas,United States of America,New York,WHOLESALE,Kg,kg,1.22
2025-06-01,1.23,Bananas,United States of America,New York,WHOLESALE,Kg,kg,1.23
2025-07-01,1.23,Bananas,United States of America,New York,WHOLESALE,Kg,kg,1.23
2025-08-01,1.23,Bananas,United States of America,New York,WHOLESALE,Kg,kg,1.23
2025-09-01,1.18,Bananas,United States of America,New York,WHOLESALE,Kg,kg,1.18
2025-10-01,1.16,Bananas,United States of America,New York,WHOLESALE,Kg,kg,1.16
2025-11-01,1.16,Bananas,United States of America,New York,WHOLESALE,Kg,kg,1.16
