date,price_usd,commodity_name,country,market,price_type,unit,unit_std,price_per_unit
2000-01-01,0.34,"Maize (white, flour)",Philippines,Cebu,WHOLESALE,Kg,kg,0.34
2000-02-01,0.35,"Maize (white, flour)",Philippines,Cebu,WHOLESALE,Kg,kg,0.35
2000-03-01,0.35,"Maize (white, flour)",Philippines,Cebu,WHOLESALE,Kg,kg,0.35
2000-04-01,0.35,"Maize (white, flour)",Philippines,Cebu,WHOLESALE,Kg,kg,0.35
2000-05-01,0.36,"Maize (white, flour)",Philippines,Cebu,WHOLESALE,Kg,kg,0.36
2000-06-01,0.33,"Maize (white, flour)",Philippines,Cebu,WHOLESALE,Kg,kg,0.33
2000-07-01,0.31,"Maize (white, flour)",Philippines,Cebu,WHOLESALE,Kg,kg,0.31
2000-08-01,0.31,"Maize (white, flour)",Philippines,Cebu,WHOLESALE,Kg,kg,0.31
2000-09-01,0.29,"Maize (white, flour)",Philippines,Cebu,WHOLESALE,Kg,kg,0.29
2000-10-01,0.28,"Maize (white, flour)",Philippines,Cebu,WHOLESALE,Kg,kg,0.28
2000-11-01,0.26,"Maize (white, flour)",Philippines,Cebu,WHOLESALE,Kg,kg,0.26
2000-12-01,0.25,"Maize (white, flour)",Philippines,Cebu,WHOLESALE,Kg,kg,0.25
2001-01-01,0.25,"Maize (white, flour)",Philippines,Cebu,WHOLESALE,Kg,kg,0.25
2001-02-01,0.27,"Maize (white, flour)",Philippines,Cebu,WHOLESALE,Kg,kg,0.27
2001-03-01,0.3,"Maize (white, flour)",Philippines,Cebu,WHOLESALE,Kg,kg,0.3
2001-04-01,0.29,"Maize (white, flour)",Philippines,Cebu,WHOLESALE,Kg,kg,0.29
2001-05-01,0.28,"Maize (white, flour)",Philippines,Cebu,WHOLESALE,Kg,kg,0.28
2001-06-01,0.25,"Maize (white, flour)",Philippines,Cebu,WHOLESALE,Kg,kg,0.25
2001-07-01,0.22,"Maize (white, flour)",Philippines,Cebu,WHOLESALE,Kg,kg,0.22
2001-08-01,0.23,"Maize (white, flour)",Philippines,Cebu,WHOLESALE,Kg,kg,0.23
2001-09-01,0.23,"Maize (white, flour)",Philippines,Cebu,WHOLESALE,Kg,kg,0.23
2001-10-01,0.21,"Maize (white, flour)",Philippines,Cebu,WHOLESALE,Kg,kg,0.21
2001-11-01,0.22,"Maize (white, flour)",Philippines,Cebu,WHOLESALE,Kg,kg,0.22
2001-12-01,0.22,"Maize (white, flour)",Philippines,Cebu,WHOLESALE,Kg,kg,0.22
2002-01-01,0.25,"Maize (white, flour)",Philippines,Cebu,WHOLESALE,Kg,kg,0.25
2002-02-01,0.27,"Maize (white, flour)",Philippines,Cebu,WHOLESALE,Kg,kg,0.27
2002-03-01,,"Maize (white, flour)",Philippines,Cebu,WHOLESALE,Kg,kg,
2002-04-01,0.33,"Maize (white, flour)",Philippines,Cebu,WHOLESALE,Kg,kg,0.33
2002-05-01,0.3,"Maize (white, flour)",Philippines,Cebu,WHOLESALE,Kg,kg,0.3
2002-06-01,0.26,"Maize (white, flour)",Philippines,Cebu,WHOLESALE,Kg,kg,0.26
2002-07-01,0.26,"Maize (white, flour)",Philippines,Cebu,WHOLESALE,Kg,kg,0.26
2002-08-01,0.25,"Maize (white, flour)",Philippines,Cebu,WHOLESALE,Kg,kg,0.25
2002-09-01,0.24,"Maize (white, flour)",Philippines,Cebu,WHOLESALE,Kg,kg,0.24
2002-10-01,0.24,"Maize (white, flour)",Philippines,Cebu,WHOLESALE,Kg,kg,0.24
2002-11-01,0.25,"Maize (white, flour)",Philippines,Cebu,WHOLESALE,Kg,kg,0.25
2002-12-01,0.23,"Maize (white, flour)",Philippines,Cebu,WHOLESALE,Kg,kg,0.23
2003-01-01,0.24,"Maize (white, flour)",Philippines,Cebu,WHOLESALE,Kg,kg,0.24
2003-02-01,0.25,"Maize (white, flour)",Philippines,Cebu,WHOLESALE,Kg,kg,0.25
2003-03-01,0.25,"Maize (white, flour)",Philippines,Cebu,WHOLESALE,Kg,kg,0.25
2003-04-01,0.26,"Maize (white, flour)",Philippines,Cebu,WHOLESALE,Kg,kg,0.26
2003-05-01,0.26,"Maize (white, flour)",Philippines,Cebu,WHOLESALE,Kg,kg,0.26
2003-06-01,0.25,"Maize (white, flour)",Philippines,Cebu,WHOLESALE,Kg,kg,0.25
2003-07-01,0.27,"Maize (white, flour)",Philippines,Cebu,WHOLESALE,Kg,kg,0.27
2003-08-01,0.26,"Maize (white, flour)",Philippines,Cebu,WHOLESALE,Kg,kg,0.26
2003-09-01,0.24,"Maize (white, flour)",Philippines,Cebu,WHOLESALE,Kg,kg,0.24
2003-10-01,0.25,"Maize (white, flour)",Philippines,Cebu,WHOLESALE,Kg,kg,0.25
2003-11-01,0.25,"Maize (white, flour)",Philippines,Cebu,WHOLESALE,Kg,kg,0.25
2003-12-01,0.25,"Maize (white, flour)",Philippines,Cebu,WHOLESALE,Kg,kg,0.25
2004-01-01,0.27,"Maize (white, flour)",Philippines,Cebu,WHOLESALE,Kg,kg,0.27
2004-02-01,,"Maize (white, flour)",Philippines,Cebu,WHOLESALE,Kg,kg,
2004-03-01,0.27,"Maize (white, flour)",Philippines,Cebu,WHOLESALE,Kg,kg,0.27
2004-04-01,0.32,"Maize (white, flour)",Philippines,Cebu,WHOLESALE,Kg,kg,0.32
2004-05-01,0.31,"Maize (white, flour)",Philippines,Cebu,WHOLESALE,Kg,kg,0.31
2004-06-01,0.29,"Maize (white, flour)",Philippines,Cebu,WHOLESALE,Kg,kg,0.29
2004-07-01,0.29,"Maize (white, flour)",Philippines,Cebu,WHOLESALE,Kg,kg,0.29
2004-08-01,0.3,"Maize (white, flour)",Philippines,Cebu,WHOLESALE,Kg,kg,0.3
2004-09-01,0.29,"Maize (white, flour)",Philippines,Cebu,WHOLESALE,Kg,kg,0.29
2004-10-01,0.3,"Maize (white, flour)",Philippines,Cebu,WHOLESALE,Kg,kg,0.3
2004-11-01,0.3,"Maize (white, flour)",Philippines,Cebu,WHOLESALE,Kg,kg,0.3
2004-12-01,0.31,"Maize (white, flour)",Philippines,Cebu,WHOLESALE,Kg,kg,0.31
2005-01-01,0.31,"Maize (white, flour)",Philippines,Cebu,WHOLESALE,Kg,kg,0.31
2005-02-01,0.3,"Maize (white, flour)",Philippines,Cebu,WHOLESALE,Kg,kg,0.3
2005-03-01,0.34,"Maize (white, flour)",Philippines,Cebu,WHOLESALE,Kg,kg,0.34
2005-04-01,0.35,"Maize (white, flour)",Philippines,Cebu,WHOLESALE,Kg,kg,0.35
2005-05-01,0.35,"Maize (white, flour)",Philippines,Cebu,WHOLESALE,Kg,kg,0.35
2005-06-01,0.34,"Maize (white, flour)",Philippines,Cebu,WHOLESALE,Kg,kg,0.34
2005-07-01,0.3,"Maize (white, flour)",Philippines,Cebu,WHOLESALE,Kg,kg,0.3
2005-08-01,0.26,"Maize (white, flour)",Philippines,Cebu,WHOLESALE,Kg,kg,0.26
2005-09-01,0.25,"Maize (white, flour)",Philippines,Cebu,WHOLESALE,Kg,kg,0.25
2005-10-01,0.24,"Maize (white, flour)",Philippines,Cebu,WHOLESALE,Kg,kg,0.24
2005-11-01,0.26,"Maize (white, flour)",Philippines,Cebu,WHOLESALE,Kg,kg,0.26
2005-12-01,0.27,"Maize (white, flour)",Philippines,Cebu,WHOLESALE,Kg,kg,0.27
2006-01-01,0.31,"Maize (white, flour)",Philippines,Cebu,WHOLESALE,Kg,kg,0.31
2006-02-01,0.35,"Maize (white, flour)",Philippines,Cebu,WHOLESALE,Kg,kg,0.35
2006-03-01,0.38,"Maize (white, flour)",Philippines,Cebu,WHOLESALE,Kg,kg,0.38
2006-04-01,0.39,"Maize (white, flour)",Philippines,Cebu,WHOLESALE,Kg,kg,0.39
2006-05-01,0.37,"Maize (white, flour)",Philippines,Cebu,WHOLESALE,Kg,kg,0.37
2006-06-01,0.35,"Maize (white, flour)",Philippines,Cebu,WHOLESALE,Kg,kg,0.35
2006-07-01,0.37,"Maize (white, flour)",Philippines,Cebu,WHOLESALE,Kg,kg,0.37
2006-08-01,0.35,"Maize (white, flour)",Philippines,Cebu,WHOLESALE,Kg,kg,0.35
2006-09-01,0.35,"Maize (white, flour)",Philippines,Cebu,WHOLESALE,Kg,kg,0.35
2006-10-01,0.35,"Maize (white, flour)",Philippines,Cebu,WHOLESALE,Kg,kg,0.35
2006-11-01,0.36,"Maize (white, flour)",Philippines,Cebu,WHOLESALE,Kg,kg,0.36
2006-12-01,0.36,"Maize (white, flour)",Philippines,Cebu,WHOLESALE,Kg,kg,0.36
2007-01-01,0.37,"Maize (white, flour)",Philippines,Cebu,WHOLESALE,Kg,kg,0.37
2007-02-01,0.38,"Maize (white, flour)",Philippines,Cebu,WHOLESALE,Kg,kg,0.38
2007-03-01,0.41,"Maize (white, flour)",Philippines,Cebu,WHOLESALE,Kg,kg,0.41
2007-04-01,0.42,"Maize (white, flour)",Philippines,Cebu,WHOLESALE,Kg,kg,0.42
2007-05-01,0.44,"Maize (white, flour)",Philippines,Cebu,WHOLESALE,Kg,kg,0.44
2007-06-01,0.44,"Maize (white, flour)",Philippines,Cebu,WHOLESALE,Kg,kg,0.44
2007-07-01,0.39,"Maize (white, flour)",Philippines,Cebu,WHOLESALE,Kg,kg,0.39
2007-08-01,0.36,"Maize (white, flour)",Philippines,Cebu,WHOLESALE,Kg,kg,0.36
2007-09-01,0.35,"Maize (white, flour)",Philippines,Cebu,WHOLESALE,Kg,kg,0.35
2007-10-01,0.37,"Maize (white, flour)",Philippines,Cebu,WHOLESALE,Kg,kg,0.37
2007-11-01,0.4,"Maize (white, flour)",Philippines,Cebu,WHOLESALE,Kg,kg,0.4
2007-12-01,0.41,"Maize (white, flour)",Philippines,Cebu,WHOLESALE,Kg,kg,0.41
2008-01-01,0.45,"Maize (white, flour)",Philippines,Cebu,WHOLESALE,Kg,kg,0.45
2008-02-01,0.51,"Maize (white, flour)",Philippines,Cebu,WHOLESALE,Kg,kg,0.51
2008-03-01,0.6,"Maize (white, flour)",Philippines,Cebu,WHOLESALE,Kg,kg,0.6
2008-04-01,0.71,"Maize (white, flour)",Philippines,Cebu,WHOLESALE,Kg,kg,0.71
2008-05-01,0.69,"Maize (white, flour)",Philippines,Cebu,WHOLESALE,Kg,kg,0.69
2008-06-01,0.81,"Maize (white, flour)",Philippines,Cebu,WHOLESALE,Kg,kg,0.81
2008-07-01,0.72,"Maize (white, flour)",Philippines,Cebu,WHOLESALE,Kg,kg,0.72
2008-08-01,0.55,"Maize (white, flour)",Philippines,Cebu,WHOLESALE,Kg,kg,0.55
2008-09-01,0.56,"Maize (white, flour)",Philippines,Cebu,WHOLESALE,Kg,kg,0.56
2008-10-01,0.54,"Maize (white, flour)",Philippines,Cebu,WHOLESALE,Kg,kg,0.54
2008-11-01,0.52,"Maize (white, flour)",Philippines,Cebu,WHOLESALE,Kg,kg,0.52
2008-12-01,0.5,"Maize (white, flour)",Philippines,Cebu,WHOLESALE,Kg,kg,0.5
2009-01-01,0.57,"Maize (white, flour)",Philippines,Cebu,WHOLESALE,Kg,kg,0.57
2009-02-01,0.63,"Maize (white, flour)",Philippines,Cebu,WHOLESALE,Kg,kg,0.63
2009-03-01,0.66,"Maize (white, flour)",Philippines,Cebu,WHOLESALE,Kg,kg,0.66
2009-04-01,0.64,"Maize (white, flour)",Philippines,Cebu,WHOLESALE,Kg,kg,0.64
2009-05-01,0.62,"Maize (white, flour)",Philippines,Cebu,WHOLESALE,Kg,kg,0.62
2009-06-01,0.52,"Maize (white, flour)",Philippines,Cebu,WHOLESALE,Kg,kg,0.52
2009-07-01,0.5,"Maize (white, flour)",Philippines,Cebu,WHOLESALE,Kg,kg,0.5
2009-08-01,0.44,"Maize (white, flour)",Philippines,Cebu,WHOLESALE,Kg,kg,0.44
2009-09-01,0.47,"Maize (white, flour)",Philippines,Cebu,WHOLESALE,Kg,kg,0.47
2009-10-01,0.48,"Maize (white, flour)",Philippines,Cebu,WHOLESALE,Kg,kg,0.48
2009-11-01,0.51,"Maize (white, flour)",Philippines,Cebu,WHOLESALE,Kg,kg,0.51
2009-12-01,0.53,"Maize (white, flour)",Philippines,Cebu,WHOLESALE,Kg,kg,0.53
2010-01-01,0.55,"Maize (white, flour)",Philippines,Cebu,WHOLESALE,Kg,kg,0.55
2010-02-01,0.56,"Maize (white, flour)",Philippines,Cebu,WHOLESALE,Kg,kg,0.56
2010-03-01,0.57,"Maize (white, flour)",Philippines,Cebu,WHOLESALE,Kg,kg,0.57
2010-04-01,0.55,"Maize (white, flour)",Philippines,Cebu,WHOLESALE,Kg,kg,0.55
2010-05-01,0.49,"Maize (white, flour)",Philippines,Cebu,WHOLESALE,Kg,kg,0.49
2010-06-01,0.49,"Maize (white, flour)",Philippines,Cebu,WHOLESALE,Kg,kg,0.49
2010-07-01,0.46,"Maize (white, flour)",Philippines,Cebu,WHOLESALE,Kg,kg,0.46
2010-08-01,0.41,"Maize (white, flour)",Philippines,Cebu,WHOLESALE,Kg,kg,0.41
2010-09-01,0.43,"Maize (white, flour)",Philippines,Cebu,WHOLESALE,Kg,kg,0.43
2010-10-01,0.41,"Maize (white, flour)",Philippines,Cebu,WHOLESALE,Kg,kg,0.41
2010-11-01,0.44,"Maize (white, flour)",Philippines,Cebu,WHOLESALE,Kg,kg,0.44
2010-12-01,0.46,"Maize (white, flour)",Philippines,Cebu,WHOLESALE,Kg,kg,0.46
2011-01-01,0.53,"Maize (white, flour)",Philippines,Cebu,WHOLESALE,Kg,kg,0.53
2011-02-01,0.59,"Maize (white, flour)",Philippines,Cebu,WHOLESALE,Kg,kg,0.59
2011-03-01,0.62,"Maize (white, flour)",Philippines,Cebu,WHOLESALE,Kg,kg,0.62
2011-04-01,0.66,"Maize (white, flour)",Philippines,Cebu,WHOLESALE,Kg,kg,0.66
2011-05-01,0.69,"Maize (white, flour)",Philippines,Cebu,WHOLESALE,Kg,kg,0.69
2011-06-01,0.68,"Maize (white, flour)",Philippines,Cebu,WHOLESALE,Kg,kg,0.68
2011-07-01,0.71,"Maize (white, flour)",Philippines,Cebu,WHOLESALE,Kg,kg,0.71
2011-08-01,0.67,"Maize (white, flour)",Philippines,Cebu,WHOLESALE,Kg,kg,0.67
2011-09-01,0.61,"Maize (white, flour)",Philippines,Cebu,WHOLESALE,Kg,kg,0.61
2011-10-01,0.62,"Maize (white, flour)",Philippines,Cebu,WHOLESALE,Kg,kg,0.62
2011-11-01,0.69,"Maize (white, flour)",Philippines,Cebu,WHOLESALE,Kg,kg,0.69
2011-12-01,0.66,"Maize (white, flour)",Philippines,Cebu,WHOLESALE,Kg,kg,0.66
2012-01-01,0.62,"Maize (white, flour)",Philippines,Cebu,WHOLESALE,Kg,kg,0.62
2012-02-01,0.63,"Maize (white, flour)",Philippines,Cebu,WHOLESALE,Kg,kg,0.63
2012-03-01,0.6,"Maize (white, flour)",Philippines,Cebu,WHOLESALE,Kg,kg,0.6
2012-04-01,0.6,"Maize (white, flour)",Philippines,Cebu,WHOLESALE,Kg,kg,0.6
2012-05-01,0.58,"Maize (white, flour)",Philippines,Cebu,WHOLESALE,Kg,kg,0.58
2012-06-01,0.56,"Maize (white, flour)",Philippines,Cebu,WHOLESALE,Kg,kg,0.56
2012-07-01,0.58,"Maize (white, flour)",Philippines,Cebu,WHOLESALE,Kg,kg,0.58
2012-08-01,0.58,"Maize (white, flour)",Philippines,Cebu,WHOLESALE,Kg,kg,0.58
2012-09-01,0.58,"Maize (white, flour)",Philippines,Cebu,WHOLESALE,Kg,kg,0.58
2012-10-01,0.62,"Maize (white, flour)",Philippines,Cebu,WHOLESALE,Kg,kg,0.62
2012-11-01,0.65,"Maize (white, flour)",Philippines,Cebu,WHOLESALE,Kg,kg,0.65
2012-12-01,0.7,"Maize (white, flour)",Philippines,Cebu,WHOLESALE,Kg,kg,0.7
2013-01-01,0.68,"Maize (white, flour)",Philippines,Cebu,WHOLESALE,Kg,kg,0.68
2013-02-01,0.67,"Maize (white, flour)",Philippines,Cebu,WHOLESALE,Kg,kg,0.67
2013-03-01,0.68,"Maize (white, flour)",Philippines,Cebu,WHOLESALE,Kg,kg,0.68
2013-04-01,0.68,"Maize (white, flour)",Philippines,Cebu,WHOLESALE,Kg,kg,0.68
2013-05-01,0.68,"Maize (white, flour)",Philippines,Cebu,WHOLESALE,Kg,kg,0.68
2013-06-01,0.64,"Maize (white, flour)",Philippines,Cebu,WHOLESALE,Kg,kg,0.64
2013-07-01,0.61,"Maize (white, flour)",Philippines,Cebu,WHOLESALE,Kg,kg,0.61
2013-08-01,0.57,"Maize (white, flour)",Philippines,Cebu,WHOLESALE,Kg,kg,0.57
2013-09-01,0.56,"Maize (white, flour)",Philippines,Cebu,WHOLESALE,Kg,kg,0.56
2013-10-01,0.58,"Maize (white, flour)",Philippines,Cebu,WHOLESALE,Kg,kg,0.58
2013-11-01,0.65,"Maize (white, flour)",Philippines,Cebu,WHOLESALE,Kg,kg,0.65
2013-12-01,0.71,"Maize (white, flour)",Philippines,Cebu,WHOLESALE,Kg,kg,0.71
2014-01-01,0.67,"Maize (white, flour)",Philippines,Cebu,WHOLESALE,Kg,kg,0.67
2014-02-01,0.64,"Maize (white, flour)",Philippines,Cebu,WHOLESALE,Kg,kg,0.64
2014-03-01,0.66,"Maize (white, flour)",Philippines,Cebu,WHOLESALE,Kg,kg,0.66
2014-04-01,0.7,"Maize (white, flour)",Philippines,Cebu,WHOLESALE,Kg,kg,0.7
2014-05-01,0.72,"Maize (white, flour)",Philippines,Cebu,WHOLESALE,Kg,kg,0.72
2014-06-01,0.75,"Maize (white, flour)",Philippines,Cebu,WHOLESALE,Kg,kg,0.75
2014-07-01,0.73,"Maize (white, flour)",Philippines,Cebu,WHOLESALE,Kg,kg,0.73
2014-08-01,0.65,"Maize (white, flour)",Philippines,Cebu,WHOLESALE,Kg,kg,0.65
2014-09-01,0.59,"Maize (white, flour)",Philippines,Cebu,WHOLESALE,Kg,kg,0.59
2014-10-01,0.56,"Maize (white, flour)",Philippines,Cebu,WHOLESALE,Kg,kg,0.56
2014-11-01,0.55,"Maize (white, flour)",Philippines,Cebu,WHOLESALE,Kg,kg,0.55
2014-12-01,0.53,"Maize (white, flour)",Philippines,Cebu,WHOLESALE,Kg,kg,0.53
2015-01-01,0.51,"Maize (white, flour)",Philippines,Cebu,WHOLESALE,Kg,kg,0.51
2015-02-01,0.49,"Maize (white, flour)",Philippines,Cebu,WHOLESALE,Kg,kg,0.49
2015-03-01,0.6,"Maize (white, flour)",Philippines,Cebu,WHOLESALE,Kg,kg,0.6
2015-04-01,0.61,"Maize (white, flour)",Philippines,Cebu,WHOLESALE,Kg,kg,0.61
2015-05-01,0.63,"Maize (white, flour)",Philippines,Cebu,WHOLESALE,Kg,kg,0.63
2015-06-01,0.64,"Maize (white, flour)",Philippines,Cebu,WHOLESALE,Kg,kg,0.64
2015-07-01,0.62,"Maize (white, flour)",Philippines,Cebu,WHOLESALE,Kg,kg,0.62
2015-08-01,0.61,"Maize (white, flour)",Philippines,Cebu,WHOLESALE,Kg,kg,0.61
2015-09-01,0.54,"Maize (white, flour)",Philippines,Cebu,WHOLESALE,Kg,kg,0.54
2015-10-01,0.53,"Maize (white, flour)",Philippines,Cebu,WHOLESALE,Kg,kg,0.53
2015-11-01,0.51,"Maize (white, flour)",Philippines,Cebu,WHOLESALE,Kg,kg,0.51
2015-12-01,0.5,"Maize (white, flour)",Philippines,Cebu,WHOLESALE,Kg,kg,0.5
2016-01-01,0.46,"Maize (white, flour)",Philippines,Cebu,WHOLESALE,Kg,kg,0.46
2016-02-01,0.51,"Maize (white, flour)",Philippines,Cebu,WHOLESALE,Kg,kg,0.51
2016-03-01,0.56,"Maize (white, flour)",Philippines,Cebu,WHOLESALE,Kg,kg,0.56
2016-04-01,0.62,"Maize (white, flour)",Philippines,Cebu,WHOLESALE,Kg,kg,0.62
2016-05-01,0.61,"Maize (white, flour)",Philippines,Cebu,WHOLESALE,Kg,kg,0.61
2016-06-01,0.55,"Maize (white, flour)",Philippines,Cebu,WHOLESALE,Kg,kg,0.55
2016-07-01,0.57,"Maize (white, flour)",Philippines,Cebu,WHOLESALE,Kg,kg,0.57
2016-08-01,0.52,"Maize (white, flour)",Philippines,Cebu,WHOLESALE,Kg,kg,0.52
2016-09-01,0.5,"Maize (white, flour)",Philippines,Cebu,WHOLESALE,Kg,kg,0.5
2016-10-01,,"Maize (white, flour)",Philippines,Cebu,WHOLESALE,Kg,kg,
2016-11-01,,"Maize (white, flour)",Philippines,Cebu,WHOLESALE,Kg,kg,
2016-12-01,,"Maize (white, flour)",Philippines,Cebu,WHOLESALE,Kg,kg,
2017-01-01,0.42,"Maize (white, flour)",Philippines,Cebu,WHOLESALE,Kg,kg,0.42
2017-02-01,,"Maize (white, flour)",Philippines,Cebu,WHOLESALE,Kg,kg,
2017-03-01,,"Maize (white, flour)",Philippines,Cebu,WHOLESALE,Kg,kg,
2017-04-01,0.42,"Maize (white, flour)",Philippines,Cebu,WHOLESALE,Kg,kg,0.42
2017-05-01,0.43,"Maize (white, flour)",Philippines,Cebu,WHOLESALE,Kg,kg,0.43
2017-06-01,0.42,"Maize (white, flour)",Philippines,Cebu,WHOLESALE,Kg,kg,0.42
2017-07-01,0.41,"Maize (white, flour)",Philippines,Cebu,WHOLESALE,Kg,kg,0.41
2017-08-01,0.41,"Maize (white, flour)",Philippines,Cebu,WHOLESALE,Kg,kg,0.41
2017-09-01,0.37,"Maize (white, flour)",Philippines,Cebu,WHOLESALE,Kg,kg,0.37
2017-10-01,0.41,"Maize (white, flour)",Philippines,Cebu,WHOLESALE,Kg,kg,0.41
2017-11-01,0.5,"Maize (white, flour)",Philippines,Cebu,WHOLESALE,Kg,kg,0.5
2017-12-01,0.59,"Maize (white, flour)",Philippines,Cebu,WHOLESALE,Kg,kg,0.59
2018-01-01,0.63,"Maize (white, flour)",Philippines,Cebu,WHOLESALE,Kg,kg,0.63
2018-02-01,0.63,"Maize (white, flour)",Philippines,Cebu,WHOLESALE,Kg,kg,0.63
2018-03-01,0.64,"Maize (white, flour)",Philippines,Cebu,WHOLESALE,Kg,kg,0.64
2018-04-01,0.65,"Maize (white, flour)",Philippines,Cebu,WHOLESALE,Kg,kg,0.65
2018-05-01,0.64,"Maize (white, flour)",Philippines,Cebu,WHOLESALE,Kg,kg,0.64
2018-06-01,0.63,"Maize (white, flour)",Philippines,Cebu,WHOLESALE,Kg,kg,0.63
2018-07-01,0.59,"Maize (white, flour)",Philippines,Cebu,WHOLESALE,Kg,kg,0.59
2018-08-01,,"Maize (white, flour)",Philippines,Cebu,WHOLESALE,Kg,kg,
2018-09-01,0.44,"Maize (white, flour)",Philippines,Cebu,WHOLESALE,Kg,kg,0.44
2018-10-01,0.42,"Maize (white, flour)",Philippines,Cebu,WHOLESALE,Kg,kg,0.42
2018-11-01,0.43,"Maize (white, flour)",Philippines,Cebu,WHOLESALE,Kg,kg,0.43
2018-12-01,0.42,"Maize (white, flour)",Philippines,Cebu,WHOLESALE,Kg,kg,0.42
2019-01-01,0.42,"Maize (white, flour)",Philippines,Cebu,WHOLESALE,Kg,kg,0.42
2019-02-01,0.43,"Maize (white, flour)",Philippines,Cebu,WHOLESALE,Kg,kg,0.43
2019-03-01,0.43,"Maize (white, flour)",Philippines,Cebu,WHOLESALE,Kg,kg,0.43
2019-04-01,0.47,"Maize (white, flour)",Philippines,Cebu,WHOLESALE,Kg,kg,0.47
2019-05-01,0.54,"Maize (white, flour)",Philippines,Cebu,WHOLESALE,Kg,kg,0.54
2019-06-01,0.56,"Maize (white, flour)",Philippines,Cebu,WHOLESALE,Kg,kg,0.56
2019-07-01,0.56,"Maize (white, flour)",Philippines,Cebu,WHOLESALE,Kg,kg,0.56
2019-08-01,0.53,"Maize (white, flour)",Philippines,Cebu,WHOLESALE,Kg,kg,0.53
2019-09-01,0.57,"Maize (white, flour)",Philippines,Cebu,WHOLESALE,Kg,kg,0.57
2019-10-01,0.62,"Maize (white, flour)",Philippines,Cebu,WHOLESALE,Kg,kg,0.62
2019-11-01,,"Maize (white, flour)",Philippines,Cebu,WHOLESALE,Kg,kg,
2019-12-01,0.53,"Maize (white, flour)",Philippines,Cebu,WHOLESALE,Kg,kg,0.53
2020-01-01,0.57,"Maize (white, flour)",Philippines,Cebu,WHOLESALE,Kg,kg,0.57
2020-02-01,,"Maize (white, flour)",Philippines,Cebu,WHOLESALE,Kg,kg,
2020-03-01,0.55,"Maize (white, flour)",Philippines,Cebu,WHOLESALE,Kg,kg,0.55
2020-04-01,0.62,"Maize (white, flour)",Philippines,Cebu,WHOLESALE,Kg,kg,0.62
2020-05-01,0.63,"Maize (white, flour)",Philippines,Cebu,WHOLESALE,Kg,kg,0.63
2020-06-01,0.63,"Maize (white, flour)",Philippines,Cebu,WHOLESALE,Kg,kg,0.63
2020-07-01,0.63,"Maize (white, flour)",Philippines,Cebu,WHOLESALE,Kg,kg,0.63
2020-08-01,0.64,"Maize (white, flour)",Philippines,Cebu,WHOLESALE,Kg,kg,0.64
2020-09-01,1.07,"Maize (white, flour)",Philippines,Cebu,WHOLESALE,Kg,kg,1.07
2020-10-01,1.21,"Maize (white, flour)",Philippines,Cebu,WHOLESALE,Kg,kg,1.21
2020-11-01,,"Maize (white, flour)",Philippines,Cebu,WHOLESALE,Kg,kg,
2020-12-01,,"Maize (white, flour)",Philippines,Cebu,WHOLESALE,Kg,kg,
2021-01-01,,"Maize (white, flour)",Philippines,Cebu,WHOLESALE,Kg,kg,
2021-02-01,,"Maize (white, flour)",Philippines,Cebu,WHOLESALE,Kg,kg,
2021-03-01,,"Maize (white, flour)",Philippines,Cebu,WHOLESALE,Kg,kg,
2021-04-01,,"Maize (white, flour)",Philippines,Cebu,WHOLESALE,Kg,kg,
2021-05-01,,"Maize (white, flour)",Philippines,Cebu,WHOLESALE,Kg,kg,
2021-06-01,,"Maize (white, flour)",Philippines,Cebu,WHOLESALE,Kg,kg,
2021-07-01,0.88,"Maize (white, flour)",Philippines,Cebu,WHOLESALE,Kg,kg,0.88
2021-08-01,0.81,"Maize (white, flour)",Philippines,Cebu,WHOLESALE,Kg,kg,0.81
2021-09-01,0.82,"Maize (white, flour)",Philippines,Cebu,WHOLESALE,Kg,kg,0.82
2021-10-01,0.77,"Maize (white, flour)",Philippines,Cebu,WHOLESALE,Kg,kg,0.77
2021-11-01,0.71,"Maize (white, flour)",Philippines,Cebu,WHOLESALE,Kg,kg,0.71
2021-12-01,0.74,"Maize (white, flour)",Philippines,Cebu,WHOLESALE,Kg,kg,0.74
2022-01-01,0.77,"Maize (white, flour)",Philippines,Cebu,WHOLESALE,Kg,kg,0.77
2022-02-01,0.72,"Maize (white, flour)",Philippines,Cebu,WHOLESALE,Kg,kg,0.72
2022-03-01,0.72,"Maize (white, flour)",Philippines,Cebu,WHOLESALE,Kg,kg,0.72
2022-04-01,0.74,"Maize (white, flour)",Philippines,Cebu,WHOLESALE,Kg,kg,0.74
2022-05-01,0.75,"Maize (white, flour)",Philippines,Cebu,WHOLESALE,Kg,kg,0.75
2022-06-01,0.74,"Maize (white, flour)",Philippines,Cebu,WHOLESALE,Kg,kg,0.74
2022-07-01,0.72,"Maize (white, flour)",Philippines,Cebu,WHOLESALE,Kg,kg,0.72
2022-08-01,0.76,"Maize (white, flour)",Philippines,Cebu,WHOLESALE,Kg,kg,0.76
2022-09-01,0.72,"Maize (white, flour)",Philippines,Cebu,WHOLESALE,Kg,kg,0.72
2022-10-01,0.72,"Maize (white, flour)",Philippines,Cebu,WHOLESALE,Kg,kg,0.72
2022-11-01,0.73,"Maize (white, flour)",Philippines,Cebu,WHOLESALE,Kg,kg,0.73
2022-12-01,0.76,"Maize (white, flour)",Philippines,Cebu,WHOLESALE,Kg,kg,0.76
2023-01-01,0.71,"Maize (white, flour)",Philippines,Cebu,WHOLESALE,Kg,kg,0.71
2023-02-01,0.68,"Maize (white, flour)",Philippines,Cebu,WHOLESALE,Kg,kg,0.68
2023-03-01,0.65,"Maize (white, flour)",Philippines,Cebu,WHOLESALE,Kg,kg,0.65
2023-04-01,0.67,"Maize (white, flour)",Philippines,Cebu,WHOLESALE,Kg,kg,0.67
2023-05-01,0.69,"Maize (white, flour)",Philippines,Cebu,WHOLESALE,Kg,kg,0.69
2023-06-01,0.69,"Maize (white, flour)",Philippines,Cebu,WHOLESALE,Kg,kg,0.69
2023-07-01,0.75,"Maize (white, flour)",Philippines,Cebu,WHOLESALE,Kg,kg,0.75
2023-08-01,0.71,"Maize (white, flour)",Philippines,Cebu,WHOLESALE,Kg,kg,0.71
2023-09-01,0.71,"Maize (white, flour)",Philippines,Cebu,WHOLESALE,Kg,kg,0.71
2023-10-01,0.72,"Maize (white, flour)",Philippines,Cebu,WHOLESALE,Kg,kg,0.72
2023-11-01,0.74,"Maize (white, flour)",Philippines,Cebu,WHOLESALE,Kg,kg,0.74
2023-12-01,0.74,"Maize (white, flour)",Philippines,Cebu,WHOLESALE,Kg,kg,0.74
2024-01-01,0.74,"Maize (white, flour)",Philippines,Cebu,WHOLESALE,Kg,kg,0.74
2024-02-01,0.73,"Maize (white, flour)",Philippines,Cebu,WHOLESALE,Kg,kg,0.73
2024-03-01,0.75,"Maize (white, flour)",Philippines,Cebu,WHOLESALE,Kg,kg,0.75
2024-04-01,0.79,"Maize (white, flour)",Philippines,Cebu,WHOLESALE,Kg,kg,0.79
2024-05-01,0.82,"Maize (white, flour)",Philippines,Cebu,WHOLESALE,Kg,kg,0.82
2024-06-01,0.81,"Maize (white, flour)",Philippines,Cebu,WHOLESALE,Kg,kg,0.81
2024-07-01,0.82,"Maize (white, flour)",Philippines,Cebu,WHOLESALE,Kg,kg,0.82
2024-08-01,0.89,"Maize (white, flour)",Philippines,Cebu,WHOLESALE,Kg,kg,0.89
2024-09-01,0.82,"Maize (white, flour)",Philippines,Cebu,WHOLESALE,Kg,kg,0.82
2024-10-01,0.66,"Maize (white, flour)",Philippines,Cebu,WHOLESALE,Kg,kg,0.66
2024-11-01,0.5,"Maize (white, flour)",Philippines,Cebu,WHOLESALE,Kg,kg,0.5
2024-12-01,0.49,"Maize (white, flour)",Philippines,Cebu,WHOLESALE,Kg,kg,0.49
2025-01-01,0.48,"Maize (white, flour)",Philippines,Cebu,WHOLESALE,Kg,kg,0.48
2025-02-01,0.47,"Maize (white, flour)",Philippines,Cebu,WHOLESALE,Kg,kg,0.47
2025-03-01,0.55,"Maize (white, flour)",Philippines,Cebu,WHOLESALE,Kg,kg,0.55
2025-04-01,0.63,"Maize (white, flour)",Philippines,Cebu,WHOLESALE,Kg,kg,0.63
2025-05-01,0.65,"Maize (white, flour)",Philippines,Cebu,WHOLESALE,Kg,kg,0.65
2025-06-01,0.62,"Maize (white, flour)",Philippines,Cebu,WHOLESALE,Kg,kg,0.62
2025-07-01,0.59,"Maize (white, flour)",Philippines,Cebu,WHOLESALE,Kg,kg,0.59
2025-08-01,0.57,"Maize (white, flour)",Philippines,Cebu,WHOLESALE,Kg,kg,0.57
2025-09-01,0.6,"Maize (white, flour)",Philippines,Cebu,WHOLESALE,Kg,kg,0.6
2025-10-01,0.59,"Maize (white, flour)",Philippines,Cebu,WHOLESALE,Kg,kg,0.59
2000-01-01,0.34,"Maize (white, flour)",Philippines,Davao City,RETAIL,Kg,kg,0.34
2000-02-01,0.35,"Maize (white, flour)",Philippines,Davao City,RETAIL,Kg,kg,0.35
2000-03-01,0.34,"Maize (white, flour)",Philippines,Davao City,RETAIL,Kg,kg,0.34
2000-04-01,0.35,"Maize (white, flour)",Philippines,Davao City,RETAIL,Kg,kg,0.35
2000-05-01,0.36,"Maize (white, flour)",Philippines,Davao City,RETAIL,Kg,kg,0.36
2000-06-01,0.36,"Maize (white, flour)",Philippines,Davao City,RETAIL,Kg,kg,0.36
2000-07-01,0.31,"Maize (white, flour)",Philippines,Davao City,RETAIL,Kg,kg,0.31
2000-08-01,0.29,"Maize (white, flour)",Philippines,Davao City,RETAIL,Kg,kg,0.29
2000-09-01,0.3,"Maize (white, flour)",Philippines,Davao City,RETAIL,Kg,kg,0.3
2000-10-01,0.27,"Maize (white, flour)",Philippines,Davao City,RETAIL,Kg,kg,0.27
2000-11-01,0.28,"Maize (white, flour)",Philippines,Davao City,RETAIL,Kg,kg,0.28
2000-12-01,0.27,"Maize (white, flour)",Philippines,Davao City,RETAIL,Kg,kg,0.27
2001-01-01,0.24,"Maize (white, flour)",Philippines,Davao City,RETAIL,Kg,kg,0.24
2001-02-01,0.25,"Maize (white, flour)",Philippines,Davao City,RETAIL,Kg,kg,0.25
2001-03-01,0.27,"Maize (white, flour)",Philippines,Davao City,RETAIL,Kg,kg,0.27
2001-04-01,0.27,"Maize (white, flour)",Philippines,Davao City,RETAIL,Kg,kg,0.27
2001-05-01,0.27,"Maize (white, flour)",Philippines,Davao City,RETAIL,Kg,kg,0.27
2001-06-01,0.24,"Maize (white, flour)",Philippines,Davao City,RETAIL,Kg,kg,0.24
2001-07-01,0.22,"Maize (white, flour)",Philippines,Davao City,RETAIL,Kg,kg,0.22
2001-08-01,0.22,"Maize (white, flour)",Philippines,Davao City,RETAIL,Kg,kg,0.22
2001-09-01,0.22,"Maize (white, flour)",Philippines,Davao City,RETAIL,Kg,kg,0.22
2001-10-01,0.22,"Maize (white, flour)",Philippines,Davao City,RETAIL,Kg,kg,0.22
2001-11-01,0.21,"Maize (white, flour)",Philippines,Davao City,RETAIL,Kg,kg,0.21
2001-12-01,0.21,"Maize (white, flour)",Philippines,Davao City,RETAIL,Kg,kg,0.21
2002-01-01,0.23,"Maize (white, flour)",Philippines,Davao City,RETAIL,Kg,kg,0.23
2002-02-01,0.26,"Maize (white, flour)",Philippines,Davao City,RETAIL,Kg,kg,0.26
2002-03-01,0.28,"Maize (white, flour)",Philippines,Davao City,RETAIL,Kg,kg,0.28
2002-04-01,0.29,"Maize (white, flour)",Philippines,Davao City,RETAIL,Kg,kg,0.29
2002-05-01,0.29,"Maize (white, flour)",Philippines,Davao City,RETAIL,Kg,kg,0.29
2002-06-01,0.25,"Maize (white, flour)",Philippines,Davao City,RETAIL,Kg,kg,0.25
2002-07-01,0.25,"Maize (white, flour)",Philippines,Davao City,RETAIL,Kg,kg,0.25
2002-08-01,0.24,"Maize (white, flour)",Philippines,Davao City,RETAIL,Kg,kg,0.24
2002-09-01,0.24,"Maize (white, flour)",Philippines,Davao City,RETAIL,Kg,kg,0.24
2002-10-01,0.24,"Maize (white, flour)",Philippines,Davao City,RETAIL,Kg,kg,0.24
2002-11-01,0.23,"Maize (white, flour)",Philippines,Davao City,RETAIL,Kg,kg,0.23
2002-12-01,0.22,"Maize (white, flour)",Philippines,Davao City,RETAIL,Kg,kg,0.22
2003-01-01,0.24,"Maize (white, flour)",Philippines,Davao City,RETAIL,Kg,kg,0.24
2003-02-01,0.24,"Maize (white, flour)",Philippines,Davao City,RETAIL,Kg,kg,0.24
2003-03-01,0.24,"Maize (white, flour)",Philippines,Davao City,RETAIL,Kg,kg,0.24
2003-04-01,0.25,"Maize (white, flour)",Philippines,Davao City,RETAIL,Kg,kg,0.25
2003-05-01,0.25,"Maize (white, flour)",Philippines,Davao City,RETAIL,Kg,kg,0.25
2003-06-01,0.24,"Maize (white, flour)",Philippines,Davao City,RETAIL,Kg,kg,0.24
2003-07-01,0.24,"Maize (white, flour)",Philippines,Davao City,RETAIL,Kg,kg,0.24
2003-08-01,0.24,"Maize (white, flour)",Philippines,Davao City,RETAIL,Kg,kg,0.24
2003-09-01,0.24,"Maize (white, flour)",Philippines,Davao City,RETAIL,Kg,kg,0.24
2003-10-01,0.24,"Maize (white, flour)",Philippines,Davao City,RETAIL,Kg,kg,0.24
2003-11-01,0.24,"Maize (white, flour)",Philippines,Davao City,RETAIL,Kg,kg,0.24
2003-12-01,0.24,"Maize (white, flour)",Philippines,Davao City,RETAIL,Kg,kg,0.24
2004-01-01,0.24,"Maize (white, flour)",Philippines,Davao City,RETAIL,Kg,kg,0.24
2004-02-01,0.27,"Maize (white, flour)",Philippines,Davao City,RETAIL,Kg,kg,0.27
2004-03-01,0.28,"Maize (white, flour)",Philippines,Davao City,RETAIL,Kg,kg,0.28
2004-04-01,0.29,"Maize (white, flour)",Philippines,Davao City,RETAIL,Kg,kg,0.29
2004-05-01,0.3,"Maize (white, flour)",Philippines,Davao City,RETAIL,Kg,kg,0.3
2004-06-01,0.29,"Maize (white, flour)",Philippines,Davao City,RETAIL,Kg,kg,0.29
2004-07-01,0.29,"Maize (white, flour)",Philippines,Davao City,RETAIL,Kg,kg,0.29
2004-08-01,0.29,"Maize (white, flour)",Philippines,Davao City,RETAIL,Kg,kg,0.29
2004-09-01,0.29,"Maize (white, flour)",Philippines,Davao City,RETAIL,Kg,kg,0.29
2004-10-01,0.28,"Maize (white, flour)",Philippines,Davao City,RETAIL,Kg,kg,0.28
2004-11-01,0.3,"Maize (white, flour)",Philippines,Davao City,RETAIL,Kg,kg,0.3
2004-12-01,0.29,"Maize (white, flour)",Philippines,Davao City,RETAIL,Kg,kg,0.29
2005-01-01,0.29,"Maize (white, flour)",Philippines,Davao City,RETAIL,Kg,kg,0.29
2005-02-01,0.3,"Maize (white, flour)",Philippines,Davao City,RETAIL,Kg,kg,0.3
2005-03-01,0.31,"Maize (white, flour)",Philippines,Davao City,RETAIL,Kg,kg,0.31
2005-04-01,0.32,"Maize (white, flour)",Philippines,Davao City,RETAIL,Kg,kg,0.32
2005-05-01,0.34,"Maize (white, flour)",Philippines,Davao City,RETAIL,Kg,kg,0.34
2005-06-01,0.33,"Maize (white, flour)",Philippines,Davao City,RETAIL,Kg,kg,0.33
2005-07-01,0.31,"Maize (white, flour)",Philippines,Davao City,RETAIL,Kg,kg,0.31
2005-08-01,0.28,"Maize (white, flour)",Philippines,Davao City,RETAIL,Kg,kg,0.28
2005-09-01,0.27,"Maize (white, flour)",Philippines,Davao City,RETAIL,Kg,kg,0.27
2005-10-01,0.25,"Maize (white, flour)",Philippines,Davao City,RETAIL,Kg,kg,0.25
2005-11-01,0.27,"Maize (white, flour)",Philippines,Davao City,RETAIL,Kg,kg,0.27
2005-12-01,0.28,"Maize (white, flour)",Philippines,Davao City,RETAIL,Kg,kg,0.28
2006-01-01,0.29,"Maize (white, flour)",Philippines,Davao City,RETAIL,Kg,kg,0.29
2006-02-01,0.33,"Maize (white, flour)",Philippines,Davao City,RETAIL,Kg,kg,0.33
2006-03-01,0.35,"Maize (white, flour)",Philippines,Davao City,RETAIL,Kg,kg,0.35
2006-04-01,0.38,"Maize (white, flour)",Philippines,Davao City,RETAIL,Kg,kg,0.38
2006-05-01,0.37,"Maize (white, flour)",Philippines,Davao City,RETAIL,Kg,kg,0.37
2006-06-01,0.35,"Maize (white, flour)",Philippines,Davao City,RETAIL,Kg,kg,0.35
2006-07-01,0.35,"Maize (white, flour)",Philippines,Davao City,RETAIL,Kg,kg,0.35
2006-08-01,0.35,"Maize (white, flour)",Philippines,Davao City,RETAIL,Kg,kg,0.35
2006-09-01,0.35,"Maize (white, flour)",Philippines,Davao City,RETAIL,Kg,kg,0.35
2006-10-01,0.34,"Maize (white, flour)",Philippines,Davao City,RETAIL,Kg,kg,0.34
2006-11-01,0.35,"Maize (white, flour)",Philippines,Davao City,RETAIL,Kg,kg,0.35
2006-12-01,0.35,"Maize (white, flour)",Philippines,Davao City,RETAIL,Kg,kg,0.35
2007-01-01,0.36,"Maize (white, flour)",Philippines,Davao City,RETAIL,Kg,kg,0.36
2007-02-01,0.36,"Maize (white, flour)",Philippines,Davao City,RETAIL,Kg,kg,0.36
2007-03-01,0.38,"Maize (white, flour)",Philippines,Davao City,RETAIL,Kg,kg,0.38
2007-04-01,0.41,"Maize (white, flour)",Philippines,Davao City,RETAIL,Kg,kg,0.41
2007-05-01,0.41,"Maize (white, flour)",Philippines,Davao City,RETAIL,Kg,kg,0.41
2007-06-01,0.42,"Maize (white, flour)",Philippines,Davao City,RETAIL,Kg,kg,0.42
2007-07-01,0.4,"Maize (white, flour)",Philippines,Davao City,RETAIL,Kg,kg,0.4
2007-08-01,0.36,"Maize (white, flour)",Philippines,Davao City,RETAIL,Kg,kg,0.36
2007-09-01,0.35,"Maize (white, flour)",Philippines,Davao City,RETAIL,Kg,kg,0.35
2007-10-01,0.37,"Maize (white, flour)",Philippines,Davao City,RETAIL,Kg,kg,0.37
2007-11-01,0.39,"Maize (white, flour)",Philippines,Davao City,RETAIL,Kg,kg,0.39
2007-12-01,0.41,"Maize (white, flour)",Philippines,Davao City,RETAIL,Kg,kg,0.41
2008-01-01,0.42,"Maize (white, flour)",Philippines,Davao City,RETAIL,Kg,kg,0.42
2008-02-01,0.48,"Maize (white, flour)",Philippines,Davao City,RETAIL,Kg,kg,0.48
2008-03-01,0.58,"Maize (white, flour)",Philippines,Davao City,RETAIL,Kg,kg,0.58
2008-04-01,0.67,"Maize (white, flour)",Philippines,Davao City,RETAIL,Kg,kg,0.67
2008-05-01,0.68,"Maize (white, flour)",Philippines,Davao City,RETAIL,Kg,kg,0.68
2008-06-01,0.75,"Maize (white, flour)",Philippines,Davao City,RETAIL,Kg,kg,0.75
2008-07-01,0.62,"Maize (white, flour)",Philippines,Davao City,RETAIL,Kg,kg,0.62
2008-08-01,0.52,"Maize (white, flour)",Philippines,Davao City,RETAIL,Kg,kg,0.52
2008-09-01,0.51,"Maize (white, flour)",Philippines,Davao City,RETAIL,Kg,kg,0.51
2008-10-01,0.5,"Maize (white, flour)",Philippines,Davao City,RETAIL,Kg,kg,0.5
2008-11-01,0.5,"Maize (white, flour)",Philippines,Davao City,RETAIL,Kg,kg,0.5
2008-12-01,0.49,"Maize (white, flour)",Philippines,Davao City,RETAIL,Kg,kg,0.49
2009-01-01,0.53,"Maize (white, flour)",Philippines,Davao City,RETAIL,Kg,kg,0.53
2009-02-01,0.62,"Maize (white, flour)",Philippines,Davao City,RETAIL,Kg,kg,0.62
2009-03-01,0.63,"Maize (white, flour)",Philippines,Davao City,RETAIL,Kg,kg,0.63
2009-04-01,0.64,"Maize (white, flour)",Philippines,Davao City,RETAIL,Kg,kg,0.64
2009-05-01,0.64,"Maize (white, flour)",Philippines,Davao City,RETAIL,Kg,kg,0.64
2009-06-01,0.64,"Maize (white, flour)",Philippines,Davao City,RETAIL,Kg,kg,0.64
2009-07-01,0.6,"Maize (white, flour)",Philippines,Davao City,RETAIL,Kg,kg,0.6
2009-08-01,0.5,"Maize (white, flour)",Philippines,Davao City,RETAIL,Kg,kg,0.5
2009-09-01,0.5,"Maize (white, flour)",Philippines,Davao City,RETAIL,Kg,kg,0.5
2009-10-01,0.52,"Maize (white, flour)",Philippines,Davao City,RETAIL,Kg,kg,0.52
2009-11-01,0.5,"Maize (white, flour)",Philippines,Davao City,RETAIL,Kg,kg,0.5
2009-12-01,0.5,"Maize (white, flour)",Philippines,Davao City,RETAIL,Kg,kg,0.5
2010-01-01,0.53,"Maize (white, flour)",Philippines,Davao City,RETAIL,Kg,kg,0.53
2010-02-01,0.56,"Maize (white, flour)",Philippines,Davao City,RETAIL,Kg,kg,0.56
2010-03-01,0.57,"Maize (white, flour)",Philippines,Davao City,RETAIL,Kg,kg,0.57
2010-04-01,0.58,"Maize (white, flour)",Philippines,Davao City,RETAIL,Kg,kg,0.58
2010-05-01,0.55,"Maize (white, flour)",Philippines,Davao City,RETAIL,Kg,kg,0.55
2010-06-01,0.55,"Maize (white, flour)",Philippines,Davao City,RETAIL,Kg,kg,0.55
2010-07-01,0.54,"Maize (white, flour)",Philippines,Davao City,RETAIL,Kg,kg,0.54
2010-08-01,0.55,"Maize (white, flour)",Philippines,Davao City,RETAIL,Kg,kg,0.55
2010-09-01,0.51,"Maize (white, flour)",Philippines,Davao City,RETAIL,Kg,kg,0.51
2010-10-01,0.55,"Maize (white, flour)",Philippines,Davao City,RETAIL,Kg,kg,0.55
2010-11-01,0.52,"Maize (white, flour)",Philippines,Davao City,RETAIL,Kg,kg,0.52
2010-12-01,0.51,"Maize (white, flour)",Philippines,Davao City,RETAIL,Kg,kg,0.51
2011-01-01,0.56,"Maize (white, flour)",Philippines,Davao City,RETAIL,Kg,kg,0.56
2011-02-01,0.64,"Maize (white, flour)",Philippines,Davao City,RETAIL,Kg,kg,0.64
2011-03-01,0.64,"Maize (white, flour)",Philippines,Davao City,RETAIL,Kg,kg,0.64
2011-04-01,0.65,"Maize (white, flour)",Philippines,Davao City,RETAIL,Kg,kg,0.65
2011-05-01,0.67,"Maize (white, flour)",Philippines,Davao City,RETAIL,Kg,kg,0.67
2011-06-01,0.7,"Maize (white, flour)",Philippines,Davao City,RETAIL,Kg,kg,0.7
2011-07-01,0.7,"Maize (white, flour)",Philippines,Davao City,RETAIL,Kg,kg,0.7
2011-08-01,0.71,"Maize (white, flour)",Philippines,Davao City,RETAIL,Kg,kg,0.71
2011-09-01,0.7,"Maize (white, flour)",Philippines,Davao City,RETAIL,Kg,kg,0.7
2011-10-01,0.69,"Maize (white, flour)",Philippines,Davao City,RETAIL,Kg,kg,0.69
2011-11-01,0.69,"Maize (white, flour)",Philippines,Davao City,RETAIL,Kg,kg,0.69
2011-12-01,0.71,"Maize (white, flour)",Philippines,Davao City,RETAIL,Kg,kg,0.71
2012-01-01,0.73,"Maize (white, flour)",Philippines,Davao City,RETAIL,Kg,kg,0.73
2012-02-01,0.74,"Maize (white, flour)",Philippines,Davao City,RETAIL,Kg,kg,0.74
2012-03-01,0.75,"Maize (white, flour)",Philippines,Davao City,RETAIL,Kg,kg,0.75
2012-04-01,0.7,"Maize (white, flour)",Philippines,Davao City,RETAIL,Kg,kg,0.7
2012-05-01,0.71,"Maize (white, flour)",Philippines,Davao City,RETAIL,Kg,kg,0.71
2012-06-01,0.72,"Maize (white, flour)",Philippines,Davao City,RETAIL,Kg,kg,0.72
2012-07-01,0.72,"Maize (white, flour)",Philippines,Davao City,RETAIL,Kg,kg,0.72
2012-08-01,0.71,"Maize (white, flour)",Philippines,Davao City,RETAIL,Kg,kg,0.71
2012-09-01,0.72,"Maize (white, flour)",Philippines,Davao City,RETAIL,Kg,kg,0.72
2012-10-01,0.72,"Maize (white, flour)",Philippines,Davao City,RETAIL,Kg,kg,0.72
2012-11-01,0.73,"Maize (white, flour)",Philippines,Davao City,RETAIL,Kg,kg,0.73
2012-12-01,0.73,"Maize (white, flour)",Philippines,Davao City,RETAIL,Kg,kg,0.73
2013-01-01,0.74,"Maize (white, flour)",Philippines,Davao City,RETAIL,Kg,kg,0.74
2013-02-01,0.74,"Maize (white, flour)",Philippines,Davao City,RETAIL,Kg,kg,0.74
2013-03-01,0.74,"Maize (white, flour)",Philippines,Davao City,RETAIL,Kg,kg,0.74
2013-04-01,0.73,"Maize (white, flour)",Philippines,Davao City,RETAIL,Kg,kg,0.73
2013-05-01,0.73,"Maize (white, flour)",Philippines,Davao City,RETAIL,Kg,kg,0.73
2013-06-01,0.7,"Maize (white, flour)",Philippines,Davao City,RETAIL,Kg,kg,0.7
2013-07-01,0.69,"Maize (white, flour)",Philippines,Davao City,RETAIL,Kg,kg,0.69
2013-08-01,0.68,"Maize (white, flour)",Philippines,Davao City,RETAIL,Kg,kg,0.68
2013-09-01,0.68,"Maize (white, flour)",Philippines,Davao City,RETAIL,Kg,kg,0.68
2013-10-01,0.69,"Maize (white, flour)",Philippines,Davao City,RETAIL,Kg,kg,0.69
2013-11-01,0.73,"Maize (white, flour)",Philippines,Davao City,RETAIL,Kg,kg,0.73
2013-12-01,0.73,"Maize (white, flour)",Philippines,Davao City,RETAIL,Kg,kg,0.73
2014-01-01,0.67,"Maize (white, flour)",Philippines,Davao City,RETAIL,Kg,kg,0.67
2014-02-01,0.66,"Maize (white, flour)",Philippines,Davao City,RETAIL,Kg,kg,0.66
2014-03-01,0.69,"Maize (white, flour)",Philippines,Davao City,RETAIL,Kg,kg,0.69
2014-04-01,0.72,"Maize (white, flour)",Philippines,Davao City,RETAIL,Kg,kg,0.72
2014-05-01,0.73,"Maize (white, flour)",Philippines,Davao City,RETAIL,Kg,kg,0.73
2014-06-01,0.74,"Maize (white, flour)",Philippines,Davao City,RETAIL,Kg,kg,0.74
2014-07-01,0.73,"Maize (white, flour)",Philippines,Davao City,RETAIL,Kg,kg,0.73
2014-08-01,0.71,"Maize (white, flour)",Philippines,Davao City,RETAIL,Kg,kg,0.71
2014-09-01,0.7,"Maize (white, flour)",Philippines,Davao City,RETAIL,Kg,kg,0.7
2014-10-01,0.67,"Maize (white, flour)",Philippines,Davao City,RETAIL,Kg,kg,0.67
2014-11-01,0.67,"Maize (white, flour)",Philippines,Davao City,RETAIL,Kg,kg,0.67
2014-12-01,0.66,"Maize (white, flour)",Philippines,Davao City,RETAIL,Kg,kg,0.66
2015-01-01,0.64,"Maize (white, flour)",Philippines,Davao City,RETAIL,Kg,kg,0.64
2015-02-01,0.62,"Maize (white, flour)",Philippines,Davao City,RETAIL,Kg,kg,0.62
2015-03-01,0.65,"Maize (white, flour)",Philippines,Davao City,RETAIL,Kg,kg,0.65
2015-04-01,0.66,"Maize (white, flour)",Philippines,Davao City,RETAIL,Kg,kg,0.66
2015-05-01,0.67,"Maize (white, flour)",Philippines,Davao City,RETAIL,Kg,kg,0.67
2015-06-01,0.66,"Maize (white, flour)",Philippines,Davao City,RETAIL,Kg,kg,0.66
2015-07-01,0.66,"Maize (white, flour)",Philippines,Davao City,RETAIL,Kg,kg,0.66
2015-08-01,0.65,"Maize (white, flour)",Philippines,Davao City,RETAIL,Kg,kg,0.65
2015-09-01,0.64,"Maize (white, flour)",Philippines,Davao City,RETAIL,Kg,kg,0.64
2015-10-01,0.63,"Maize (white, flour)",Philippines,Davao City,RETAIL,Kg,kg,0.63
2015-11-01,0.62,"Maize (white, flour)",Philippines,Davao City,RETAIL,Kg,kg,0.62
2015-12-01,0.62,"Maize (white, flour)",Philippines,Davao City,RETAIL,Kg,kg,0.62
2016-01-01,0.61,"Maize (white, flour)",Philippines,Davao City,RETAIL,Kg,kg,0.61
2016-02-01,0.62,"Maize (white, flour)",Philippines,Davao City,RETAIL,Kg,kg,0.62
2016-03-01,0.63,"Maize (white, flour)",Philippines,Davao City,RETAIL,Kg,kg,0.63
2016-04-01,0.64,"Maize (white, flour)",Philippines,Davao City,RETAIL,Kg,kg,0.64
2016-05-01,0.63,"Maize (white, flour)",Philippines,Davao City,RETAIL,Kg,kg,0.63
2016-06-01,0.64,"Maize (white, flour)",Philippines,Davao City,RETAIL,Kg,kg,0.64
2016-07-01,0.62,"Maize (white, flour)",Philippines,Davao City,RETAIL,Kg,kg,0.62
2016-08-01,0.62,"Maize (white, flour)",Philippines,Davao City,RETAIL,Kg,kg,0.62
2016-09-01,0.59,"Maize (white, flour)",Philippines,Davao City,RETAIL,Kg,kg,0.59
2016-10-01,0.56,"Maize (white, flour)",Philippines,Davao City,RETAIL,Kg,kg,0.56
2016-11-01,0.54,"Maize (white, flour)",Philippines,Davao City,RETAIL,Kg,kg,0.54
2016-12-01,0.53,"Maize (white, flour)",Philippines,Davao City,RETAIL,Kg,kg,0.53
2017-01-01,0.52,"Maize (white, flour)",Philippines,Davao City,RETAIL,Kg,kg,0.52
2017-02-01,0.5,"Maize (white, flour)",Philippines,Davao City,RETAIL,Kg,kg,0.5
2017-03-01,0.53,"Maize (white, flour)",Philippines,Davao City,RETAIL,Kg,kg,0.53
2017-04-01,0.54,"Maize (white, flour)",Philippines,Davao City,RETAIL,Kg,kg,0.54
2017-05-01,0.56,"Maize (white, flour)",Philippines,Davao City,RETAIL,Kg,kg,0.56
2017-06-01,0.58,"Maize (white, flour)",Philippines,Davao City,RETAIL,Kg,kg,0.58
2017-07-01,0.59,"Maize (white, flour)",Philippines,Davao City,RETAIL,Kg,kg,0.59
2017-08-01,0.6,"Maize (white, flour)",Philippines,Davao City,RETAIL,Kg,kg,0.6
2017-09-01,0.62,"Maize (white, flour)",Philippines,Davao City,RETAIL,Kg,kg,0.62
2017-10-01,0.65,"Maize (white, flour)",Philippines,Davao City,RETAIL,Kg,kg,0.65
2017-11-01,0.7,"Maize (white, flour)",Philippines,Davao City,RETAIL,Kg,kg,0.7
2017-12-01,0.74,"Maize (white, flour)",Philippines,Davao City,RETAIL,Kg,kg,0.74
2018-01-01,0.73,"Maize (white, flour)",Philippines,Davao City,RETAIL,Kg,kg,0.73
2018-02-01,0.72,"Maize (white, flour)",Philippines,Davao City,RETAIL,Kg,kg,0.72
2018-03-01,0.72,"Maize (white, flour)",Philippines,Davao City,RETAIL,Kg,kg,0.72
2018-04-01,0.7,"Maize (white, flour)",Philippines,Davao City,RETAIL,Kg,kg,0.7
2018-05-01,0.67,"Maize (white, flour)",Philippines,Davao City,RETAIL,Kg,kg,0.67
2018-06-01,,"Maize (white, flour)",Philippines,Davao City,RETAIL,Kg,kg,
2018-07-01,0.67,"Maize (white, flour)",Philippines,Davao City,RETAIL,Kg,kg,0.67
2018-08-01,0.64,"Maize (white, flour)",Philippines,Davao City,RETAIL,Kg,kg,0.64
2018-09-01,0.61,"Maize (white, flour)",Philippines,Davao City,RETAIL,Kg,kg,0.61
2018-10-01,,"Maize (white, flour)",Philippines,Davao City,RETAIL,Kg,kg,
2018-11-01,0.61,"Maize (white, flour)",Philippines,Davao City,RETAIL,Kg,kg,0.61
2018-12-01,0.61,"Maize (white, flour)",Philippines,Davao City,RETAIL,Kg,kg,0.61
2019-01-01,0.59,"Maize (white, flour)",Philippines,Davao City,RETAIL,Kg,kg,0.59
2019-02-01,0.62,"Maize (white, flour)",Philippines,Davao City,RETAIL,Kg,kg,0.62
2019-03-01,0.59,"Maize (white, flour)",Philippines,Davao City,RETAIL,Kg,kg,0.59
2019-04-01,0.6,"Maize (white, flour)",Philippines,Davao City,RETAIL,Kg,kg,0.6
2019-05-01,0.59,"Maize (white, flour)",Philippines,Davao City,RETAIL,Kg,kg,0.59
2019-06-01,0.59,"Maize (white, flour)",Philippines,Davao City,RETAIL,Kg,kg,0.59
2019-07-01,0.61,"Maize (white, flour)",Philippines,Davao City,RETAIL,Kg,kg,0.61
2019-08-01,0.58,"Maize (white, flour)",Philippines,Davao City,RETAIL,Kg,kg,0.58
2019-09-01,0.58,"Maize (white, flour)",Philippines,Davao City,RETAIL,Kg,kg,0.58
2019-10-01,0.59,"Maize (white, flour)",Philippines,Davao City,RETAIL,Kg,kg,0.59
2019-11-01,0.57,"Maize (white, flour)",Philippines,Davao City,RETAIL,Kg,kg,0.57
2019-12-01,0.57,"Maize (white, flour)",Philippines,Davao City,RETAIL,Kg,kg,0.57
2020-01-01,0.58,"Maize (white, flour)",Philippines,Davao City,RETAIL,Kg,kg,0.58
2020-02-01,0.56,"Maize (white, flour)",Philippines,Davao City,RETAIL,Kg,kg,0.56
2020-03-01,0.56,"Maize (white, flour)",Philippines,Davao City,RETAIL,Kg,kg,0.56
2020-04-01,0.66,"Maize (white, flour)",Philippines,Davao City,RETAIL,Kg,kg,0.66
2020-05-01,0.61,"Maize (white, flour)",Philippines,Davao City,RETAIL,Kg,kg,0.61
2020-06-01,,"Maize (white, flour)",Philippines,Davao City,RETAIL,Kg,kg,
2020-07-01,0.6,"Maize (white, flour)",Philippines,Davao City,RETAIL,Kg,kg,0.6
2020-08-01,0.59,"Maize (white, flour)",Philippines,Davao City,RETAIL,Kg,kg,0.59
2020-09-01,0.62,"Maize (white, flour)",Philippines,Davao City,RETAIL,Kg,kg,0.62
2020-10-01,0.59,"Maize (white, flour)",Philippines,Davao City,RETAIL,Kg,kg,0.59
2020-11-01,0.59,"Maize (white, flour)",Philippines,Davao City,RETAIL,Kg,kg,0.59
2020-12-01,0.59,"Maize (white, flour)",Philippines,Davao City,RETAIL,Kg,kg,0.59
2021-01-01,0.79,"Maize (white, flour)",Philippines,Davao City,RETAIL,Kg,kg,0.79
2021-02-01,0.82,"Maize (white, flour)",Philippines,Davao City,RETAIL,Kg,kg,0.82
2021-03-01,0.83,"Maize (white, flour)",Philippines,Davao City,RETAIL,Kg,kg,0.83
2021-04-01,0.85,"Maize (white, flour)",Philippines,Davao City,RETAIL,Kg,kg,0.85
2021-05-01,0.86,"Maize (white, flour)",Philippines,Davao City,RETAIL,Kg,kg,0.86
2021-06-01,0.82,"Maize (white, flour)",Philippines,Davao City,RETAIL,Kg,kg,0.82
2021-07-01,0.81,"Maize (white, flour)",Philippines,Davao City,RETAIL,Kg,kg,0.81
2021-08-01,0.8,"Maize (white, flour)",Philippines,Davao City,RETAIL,Kg,kg,0.8
2021-09-01,0.79,"Maize (white, flour)",Philippines,Davao City,RETAIL,Kg,kg,0.79
2021-10-01,0.78,"Maize (white, flour)",Philippines,Davao City,RETAIL,Kg,kg,0.78
2021-11-01,0.79,"Maize (white, flour)",Philippines,Davao City,RETAIL,Kg,kg,0.79
2021-12-01,0.78,"Maize (white, flour)",Philippines,Davao City,RETAIL,Kg,kg,0.78
2022-01-01,0.76,"Maize (white, flour)",Philippines,Davao City,RETAIL,Kg,kg,0.76
2022-02-01,0.74,"Maize (white, flour)",Philippines,Davao City,RETAIL,Kg,kg,0.74
2022-03-01,0.73,"Maize (white, flour)",Philippines,Davao City,RETAIL,Kg,kg,0.73
2022-04-01,0.72,"Maize (white, flour)",Philippines,Davao City,RETAIL,Kg,kg,0.72
2022-05-01,0.71,"Maize (white, flour)",Philippines,Davao City,RETAIL,Kg,kg,0.71
2022-06-01,0.7,"Maize (white, flour)",Philippines,Davao City,RETAIL,Kg,kg,0.7
2022-07-01,0.69,"Maize (white, flour)",Philippines,Davao City,RETAIL,Kg,kg,0.69
2022-08-01,0.71,"Maize (white, flour)",Philippines,Davao City,RETAIL,Kg,kg,0.71
2022-09-01,0.69,"Maize (white, flour)",Philippines,Davao City,RETAIL,Kg,kg,0.69
2022-10-01,0.66,"Maize (white, flour)",Philippines,Davao City,RETAIL,Kg,kg,0.66
2022-11-01,0.68,"Maize (white, flour)",Philippines,Davao City,RETAIL,Kg,kg,0.68
2022-12-01,0.71,"Maize (white, flour)",Philippines,Davao City,RETAIL,Kg,kg,0.71
2023-01-01,0.72,"Maize (white, flour)",Philippines,Davao City,RETAIL,Kg,kg,0.72
2023-02-01,0.72,"Maize (white, flour)",Philippines,Davao City,RETAIL,Kg,kg,0.72
2023-03-01,0.7,"Maize (white, flour)",Philippines,Davao City,RETAIL,Kg,kg,0.7
2023-04-01,0.69,"Maize (white, flour)",Philippines,Davao City,RETAIL,Kg,kg,0.69
2023-05-01,0.71,"Maize (white, flour)",Philippines,Davao City,RETAIL,Kg,kg,0.71
2023-06-01,0.7,"Maize (white, flour)",Philippines,Davao City,RETAIL,Kg,kg,0.7
2023-07-01,0.72,"Maize (white, flour)",Philippines,Davao City,RETAIL,Kg,kg,0.72
2023-08-01,0.71,"Maize (white, flour)",Philippines,Davao City,RETAIL,Kg,kg,0.71
2023-09-01,0.7,"Maize (white, flour)",Philippines,Davao City,RETAIL,Kg,kg,0.7
2023-10-01,0.71,"Maize (white, flour)",Philippines,Davao City,RETAIL,Kg,kg,0.71
2023-11-01,0.72,"Maize (white, flour)",Philippines,Davao City,RETAIL,Kg,kg,0.72
2023-12-01,0.73,"Maize (white, flour)",Philippines,Davao City,RETAIL,Kg,kg,0.73
2024-01-01,0.74,"Maize (white, flour)",Philippines,Davao City,RETAIL,Kg,kg,0.74
2024-02-01,0.74,"Maize (white, flour)",Philippines,Davao City,RETAIL,Kg,kg,0.74
2024-03-01,0.75,"Maize (white, flour)",Philippines,Davao City,RETAIL,Kg,kg,0.75
2024-04-01,0.74,"Maize (white, flour)",Philippines,Davao City,RETAIL,Kg,kg,0.74
2024-05-01,0.75,"Maize (white, flour)",Philippines,Davao City,RETAIL,Kg,kg,0.75
2024-06-01,0.76,"Maize (white, flour)",Philippines,Davao City,RETAIL,Kg,kg,0.76
2024-07-01,0.77,"Maize (white, flour)",Philippines,Davao City,RETAIL,Kg,kg,0.77
2024-08-01,0.81,"Maize (white, flour)",Philippines,Davao City,RETAIL,Kg,kg,0.81
2024-09-01,0.83,"Maize (white, flour)",Philippines,Davao City,RETAIL,Kg,kg,0.83
2024-10-01,0.77,"Maize (white, flour)",Philippines,Davao City,RETAIL,Kg,kg,0.77
2024-11-01,0.69,"Maize (white, flour)",Philippines,Davao City,RETAIL,Kg,kg,0.69
2024-12-01,0.65,"Maize (white, flour)",Philippines,Davao City,RETAIL,Kg,kg,0.65
2025-01-01,0.65,"Maize (white, flour)",Philippines,Davao City,RETAIL,Kg,kg,0.65
2025-02-01,0.64,"Maize (white, flour)",Philippines,Davao City,RETAIL,Kg,kg,0.64
2025-03-01,0.62,"Maize (white, flour)",Philippines,Davao City,RETAIL,Kg,kg,0.62
2025-04-01,0.63,"Maize (white, flour)",Philippines,Davao City,RETAIL,Kg,kg,0.63
2025-05-01,0.67,"Maize (white, flour)",Philippines,Davao City,RETAIL,Kg,kg,0.67
2025-06-01,0.68,"Maize (white, flour)",Philippines,Davao City,RETAIL,Kg,kg,0.68
2025-07-01,0.68,"Maize (white, flour)",Philippines,Davao City,RETAIL,Kg,kg,0.68
2025-08-01,0.68,"Maize (white, flour)",Philippines,Davao City,RETAIL,Kg,kg,0.68
2025-09-01,0.67,"Maize (white, flour)",Philippines,Davao City,RETAIL,Kg,kg,0.67
2025-10-01,0.65,"Maize (white, flour)",Philippines,Davao City,RETAIL,Kg,kg,0.65
2000-01-01,0.3,"Maize (white, flour)",Philippines,Davao City,WHOLESALE,Kg,kg,0.3
2000-02-01,0.31,"Maize (white, flour)",Philippines,Davao City,WHOLESALE,Kg,kg,0.31
2000-03-01,0.31,"Maize (white, flour)",Philippines,Davao City,WHOLESALE,Kg,kg,0.31
2000-04-01,0.33,"Maize (white, flour)",Philippines,Davao City,WHOLESALE,Kg,kg,0.33
2000-05-01,0.33,"Maize (white, flour)",Philippines,Davao City,WHOLESALE,Kg,kg,0.33
2000-06-01,0.3,"Maize (white, flour)",Philippines,Davao City,WHOLESALE,Kg,kg,0.3
2000-07-01,0.27,"Maize (white, flour)",Philippines,Davao City,WHOLESALE,Kg,kg,0.27
2000-08-01,0.25,"Maize (white, flour)",Philippines,Davao City,WHOLESALE,Kg,kg,0.25
2000-09-01,0.25,"Maize (white, flour)",Philippines,Davao City,WHOLESALE,Kg,kg,0.25
2000-10-01,0.24,"Maize (white, flour)",Philippines,Davao City,WHOLESALE,Kg,kg,0.24
2000-11-01,0.24,"Maize (white, flour)",Philippines,Davao City,WHOLESALE,Kg,kg,0.24
2000-12-01,0.23,"Maize (white, flour)",Philippines,Davao City,WHOLESALE,Kg,kg,0.23
2001-01-01,0.22,"Maize (white, flour)",Philippines,Davao City,WHOLESALE,Kg,kg,0.22
2001-02-01,0.24,"Maize (white, flour)",Philippines,Davao City,WHOLESALE,Kg,kg,0.24
2001-03-01,0.27,"Maize (white, flour)",Philippines,Davao City,WHOLESALE,Kg,kg,0.27
2001-04-01,0.25,"Maize (white, flour)",Philippines,Davao City,WHOLESALE,Kg,kg,0.25
2001-05-01,0.25,"Maize (white, flour)",Philippines,Davao City,WHOLESALE,Kg,kg,0.25
2001-06-01,0.22,"Maize (white, flour)",Philippines,Davao City,WHOLESALE,Kg,kg,0.22
2001-07-01,0.19,"Maize (white, flour)",Philippines,Davao City,WHOLESALE,Kg,kg,0.19
2001-08-01,0.2,"Maize (white, flour)",Philippines,Davao City,WHOLESALE,Kg,kg,0.2
2001-09-01,0.2,"Maize (white, flour)",Philippines,Davao City,WHOLESALE,Kg,kg,0.2
2001-10-01,0.19,"Maize (white, flour)",Philippines,Davao City,WHOLESALE,Kg,kg,0.19
2001-11-01,0.2,"Maize (white, flour)",Philippines,Davao City,WHOLESALE,Kg,kg,0.2
2001-12-01,0.2,"Maize (white, flour)",Philippines,Davao City,WHOLESALE,Kg,kg,0.2
2002-01-01,0.21,"Maize (white, flour)",Philippines,Davao City,WHOLESALE,Kg,kg,0.21
2002-02-01,0.24,"Maize (white, flour)",Philippines,Davao City,WHOLESALE,Kg,kg,0.24
2002-03-01,0.27,"Maize (white, flour)",Philippines,Davao City,WHOLESALE,Kg,kg,0.27
2002-04-01,0.28,"Maize (white, flour)",Philippines,Davao City,WHOLESALE,Kg,kg,0.28
2002-05-01,0.27,"Maize (white, flour)",Philippines,Davao City,WHOLESALE,Kg,kg,0.27
2002-06-01,0.23,"Maize (white, flour)",Philippines,Davao City,WHOLESALE,Kg,kg,0.23
2002-07-01,0.23,"Maize (white, flour)",Philippines,Davao City,WHOLESALE,Kg,kg,0.23
2002-08-01,0.22,"Maize (white, flour)",Philippines,Davao City,WHOLESALE,Kg,kg,0.22
2002-09-01,0.22,"Maize (white, flour)",Philippines,Davao City,WHOLESALE,Kg,kg,0.22
2002-10-01,0.22,"Maize (white, flour)",Philippines,Davao City,WHOLESALE,Kg,kg,0.22
2002-11-01,0.22,"Maize (white, flour)",Philippines,Davao City,WHOLESALE,Kg,kg,0.22
2002-12-01,0.2,"Maize (white, flour)",Philippines,Davao City,WHOLESALE,Kg,kg,0.2
2003-01-01,0.22,"Maize (white, flour)",Philippines,Davao City,WHOLESALE,Kg,kg,0.22
2003-02-01,0.22,"Maize (white, flour)",Philippines,Davao City,WHOLESALE,Kg,kg,0.22
2003-03-01,0.22,"Maize (white, flour)",Philippines,Davao City,WHOLESALE,Kg,kg,0.22
2003-04-01,0.23,"Maize (white, flour)",Philippines,Davao City,WHOLESALE,Kg,kg,0.23
2003-05-01,0.22,"Maize (white, flour)",Philippines,Davao City,WHOLESALE,Kg,kg,0.22
2003-06-01,0.22,"Maize (white, flour)",Philippines,Davao City,WHOLESALE,Kg,kg,0.22
2003-07-01,0.22,"Maize (white, flour)",Philippines,Davao City,WHOLESALE,Kg,kg,0.22
2003-08-01,0.22,"Maize (white, flour)",Philippines,Davao City,WHOLESALE,Kg,kg,0.22
2003-09-01,0.21,"Maize (white, flour)",Philippines,Davao City,WHOLESALE,Kg,kg,0.21
2003-10-01,0.22,"Maize (white, flour)",Philippines,Davao City,WHOLESALE,Kg,kg,0.22
2003-11-01,0.22,"Maize (white, flour)",Philippines,Davao City,WHOLESALE,Kg,kg,0.22
2003-12-01,0.23,"Maize (white, flour)",Philippines,Davao City,WHOLESALE,Kg,kg,0.23
2004-01-01,0.24,"Maize (white, flour)",Philippines,Davao City,WHOLESALE,Kg,kg,0.24
2004-02-01,0.26,"Maize (white, flour)",Philippines,Davao City,WHOLESALE,Kg,kg,0.26
2004-03-01,0.27,"Maize (white, flour)",Philippines,Davao City,WHOLESALE,Kg,kg,0.27
2004-04-01,0.28,"Maize (white, flour)",Philippines,Davao City,WHOLESALE,Kg,kg,0.28
2004-05-01,0.29,"Maize (white, flour)",Philippines,Davao City,WHOLESALE,Kg,kg,0.29
2004-06-01,0.28,"Maize (white, flour)",Philippines,Davao City,WHOLESALE,Kg,kg,0.28
2004-07-01,0.27,"Maize (white, flour)",Philippines,Davao City,WHOLESALE,Kg,kg,0.27
2004-08-01,0.28,"Maize (white, flour)",Philippines,Davao City,WHOLESALE,Kg,kg,0.28
2004-09-01,0.26,"Maize (white, flour)",Philippines,Davao City,WHOLESALE,Kg,kg,0.26
2004-10-01,0.27,"Maize (white, flour)",Philippines,Davao City,WHOLESALE,Kg,kg,0.27
2004-11-01,0.28,"Maize (white, flour)",Philippines,Davao City,WHOLESALE,Kg,kg,0.28
2004-12-01,0.27,"Maize (white, flour)",Philippines,Davao City,WHOLESALE,Kg,kg,0.27
2005-01-01,0.27,"Maize (white, flour)",Philippines,Davao City,WHOLESALE,Kg,kg,0.27
2005-02-01,0.28,"Maize (white, flour)",Philippines,Davao City,WHOLESALE,Kg,kg,0.28
2005-03-01,0.29,"Maize (white, flour)",Philippines,Davao City,WHOLESALE,Kg,kg,0.29
2005-04-01,0.31,"Maize (white, flour)",Philippines,Davao City,WHOLESALE,Kg,kg,0.31
2005-05-01,0.32,"Maize (white, flour)",Philippines,Davao City,WHOLESALE,Kg,kg,0.32
2005-06-01,0.32,"Maize (white, flour)",Philippines,Davao City,WHOLESALE,Kg,kg,0.32
2005-07-01,0.27,"Maize (white, flour)",Philippines,Davao City,WHOLESALE,Kg,kg,0.27
2005-08-01,0.24,"Maize (white, flour)",Philippines,Davao City,WHOLESALE,Kg,kg,0.24
2005-09-01,0.22,"Maize (white, flour)",Philippines,Davao City,WHOLESALE,Kg,kg,0.22
2005-10-01,0.21,"Maize (white, flour)",Philippines,Davao City,WHOLESALE,Kg,kg,0.21
2005-11-01,0.22,"Maize (white, flour)",Philippines,Davao City,WHOLESALE,Kg,kg,0.22
2005-12-01,0.23,"Maize (white, flour)",Philippines,Davao City,WHOLESALE,Kg,kg,0.23
2006-01-01,0.27,"Maize (white, flour)",Philippines,Davao City,WHOLESALE,Kg,kg,0.27
2006-02-01,0.31,"Maize (white, flour)",Philippines,Davao City,WHOLESALE,Kg,kg,0.31
2006-03-01,0.33,"Maize (white, flour)",Philippines,Davao City,WHOLESALE,Kg,kg,0.33
2006-04-01,0.35,"Maize (white, flour)",Philippines,Davao City,WHOLESALE,Kg,kg,0.35
2006-05-01,0.35,"Maize (white, flour)",Philippines,Davao City,WHOLESALE,Kg,kg,0.35
2006-06-01,0.33,"Maize (white, flour)",Philippines,Davao City,WHOLESALE,Kg,kg,0.33
2006-07-01,0.33,"Maize (white, flour)",Philippines,Davao City,WHOLESALE,Kg,kg,0.33
2006-08-01,0.31,"Maize (white, flour)",Philippines,Davao City,WHOLESALE,Kg,kg,0.31
2006-09-01,0.32,"Maize (white, flour)",Philippines,Davao City,WHOLESALE,Kg,kg,0.32
2006-10-01,0.31,"Maize (white, flour)",Philippines,Davao City,WHOLESALE,Kg,kg,0.31
2006-11-01,0.31,"Maize (white, flour)",Philippines,Davao City,WHOLESALE,Kg,kg,0.31
2006-12-01,0.32,"Maize (white, flour)",Philippines,Davao City,WHOLESALE,Kg,kg,0.32
2007-01-01,0.33,"Maize (white, flour)",Philippines,Davao City,WHOLESALE,Kg,kg,0.33
2007-02-01,0.34,"Maize (white, flour)",Philippines,Davao City,WHOLESALE,Kg,kg,0.34
2007-03-01,0.36,"Maize (white, flour)",Philippines,Davao City,WHOLESALE,Kg,kg,0.36
2007-04-01,0.38,"Maize (white, flour)",Philippines,Davao City,WHOLESALE,Kg,kg,0.38
2007-05-01,0.38,"Maize (white, flour)",Philippines,Davao City,WHOLESALE,Kg,kg,0.38
2007-06-01,0.39,"Maize (white, flour)",Philippines,Davao City,WHOLESALE,Kg,kg,0.39
2007-07-01,0.36,"Maize (white, flour)",Philippines,Davao City,WHOLESALE,Kg,kg,0.36
2007-08-01,0.34,"Maize (white, flour)",Philippines,Davao City,WHOLESALE,Kg,kg,0.34
2007-09-01,0.34,"Maize (white, flour)",Philippines,Davao City,WHOLESALE,Kg,kg,0.34
2007-10-01,0.36,"Maize (white, flour)",Philippines,Davao City,WHOLESALE,Kg,kg,0.36
2007-11-01,0.37,"Maize (white, flour)",Philippines,Davao City,WHOLESALE,Kg,kg,0.37
2007-12-01,0.38,"Maize (white, flour)",Philippines,Davao City,WHOLESALE,Kg,kg,0.38
2008-01-01,0.4,"Maize (white, flour)",Philippines,Davao City,WHOLESALE,Kg,kg,0.4
2008-02-01,0.45,"Maize (white, flour)",Philippines,Davao City,WHOLESALE,Kg,kg,0.45
2008-03-01,0.53,"Maize (white, flour)",Philippines,Davao City,WHOLESALE,Kg,kg,0.53
2008-04-01,0.64,"Maize (white, flour)",Philippines,Davao City,WHOLESALE,Kg,kg,0.64
2008-05-01,0.63,"Maize (white, flour)",Philippines,Davao City,WHOLESALE,Kg,kg,0.63
2008-06-01,0.7,"Maize (white, flour)",Philippines,Davao City,WHOLESALE,Kg,kg,0.7
2008-07-01,0.55,"Maize (white, flour)",Philippines,Davao City,WHOLESALE,Kg,kg,0.55
2008-08-01,0.48,"Maize (white, flour)",Philippines,Davao City,WHOLESALE,Kg,kg,0.48
2008-09-01,0.47,"Maize (white, flour)",Philippines,Davao City,WHOLESALE,Kg,kg,0.47
2008-10-01,0.47,"Maize (white, flour)",Philippines,Davao City,WHOLESALE,Kg,kg,0.47
2008-11-01,0.46,"Maize (white, flour)",Philippines,Davao City,WHOLESALE,Kg,kg,0.46
2008-12-01,0.46,"Maize (white, flour)",Philippines,Davao City,WHOLESALE,Kg,kg,0.46
2009-01-01,0.47,"Maize (white, flour)",Philippines,Davao City,WHOLESALE,Kg,kg,0.47
2009-02-01,0.56,"Maize (white, flour)",Philippines,Davao City,WHOLESALE,Kg,kg,0.56
2009-03-01,0.58,"Maize (white, flour)",Philippines,Davao City,WHOLESALE,Kg,kg,0.58
2009-04-01,0.55,"Maize (white, flour)",Philippines,Davao City,WHOLESALE,Kg,kg,0.55
2009-05-01,0.52,"Maize (white, flour)",Philippines,Davao City,WHOLESALE,Kg,kg,0.52
2009-06-01,0.47,"Maize (white, flour)",Philippines,Davao City,WHOLESALE,Kg,kg,0.47
2009-07-01,0.41,"Maize (white, flour)",Philippines,Davao City,WHOLESALE,Kg,kg,0.41
2009-08-01,0.38,"Maize (white, flour)",Philippines,Davao City,WHOLESALE,Kg,kg,0.38
2009-09-01,0.4,"Maize (white, flour)",Philippines,Davao City,WHOLESALE,Kg,kg,0.4
2009-10-01,0.45,"Maize (white, flour)",Philippines,Davao City,WHOLESALE,Kg,kg,0.45
2009-11-01,0.45,"Maize (white, flour)",Philippines,Davao City,WHOLESALE,Kg,kg,0.45
2009-12-01,0.44,"Maize (white, flour)",Philippines,Davao City,WHOLESALE,Kg,kg,0.44
2010-01-01,0.5,"Maize (white, flour)",Philippines,Davao City,WHOLESALE,Kg,kg,0.5
2010-02-01,0.51,"Maize (white, flour)",Philippines,Davao City,WHOLESALE,Kg,kg,0.51
2010-03-01,0.51,"Maize (white, flour)",Philippines,Davao City,WHOLESALE,Kg,kg,0.51
2010-04-01,0.53,"Maize (white, flour)",Philippines,Davao City,WHOLESALE,Kg,kg,0.53
2010-05-01,0.49,"Maize (white, flour)",Philippines,Davao City,WHOLESALE,Kg,kg,0.49
2010-06-01,0.48,"Maize (white, flour)",Philippines,Davao City,WHOLESALE,Kg,kg,0.48
2010-07-01,0.47,"Maize (white, flour)",Philippines,Davao City,WHOLESALE,Kg,kg,0.47
2010-08-01,0.43,"Maize (white, flour)",Philippines,Davao City,WHOLESALE,Kg,kg,0.43
2010-09-01,0.43,"Maize (white, flour)",Philippines,Davao City,WHOLESALE,Kg,kg,0.43
2010-10-01,0.43,"Maize (white, flour)",Philippines,Davao City,WHOLESALE,Kg,kg,0.43
2010-11-01,0.44,"Maize (white, flour)",Philippines,Davao City,WHOLESALE,Kg,kg,0.44
2010-12-01,0.47,"Maize (white, flour)",Philippines,Davao City,WHOLESALE,Kg,kg,0.47
2011-01-01,0.5,"Maize (white, flour)",Philippines,Davao City,WHOLESALE,Kg,kg,0.5
2011-02-01,0.57,"Maize (white, flour)",Philippines,Davao City,WHOLESALE,Kg,kg,0.57
2011-03-01,0.6,"Maize (white, flour)",Philippines,Davao City,WHOLESALE,Kg,kg,0.6
2011-04-01,0.61,"Maize (white, flour)",Philippines,Davao City,WHOLESALE,Kg,kg,0.61
2011-05-01,0.63,"Maize (white, flour)",Philippines,Davao City,WHOLESALE,Kg,kg,0.63
2011-06-01,0.64,"Maize (white, flour)",Philippines,Davao City,WHOLESALE,Kg,kg,0.64
2011-07-01,0.65,"Maize (white, flour)",Philippines,Davao City,WHOLESALE,Kg,kg,0.65
2011-08-01,0.64,"Maize (white, flour)",Philippines,Davao City,WHOLESALE,Kg,kg,0.64
2011-09-01,0.64,"Maize (white, flour)",Philippines,Davao City,WHOLESALE,Kg,kg,0.64
2011-10-01,0.64,"Maize (white, flour)",Philippines,Davao City,WHOLESALE,Kg,kg,0.64
2011-11-01,0.67,"Maize (white, flour)",Philippines,Davao City,WHOLESALE,Kg,kg,0.67
2011-12-01,0.66,"Maize (white, flour)",Philippines,Davao City,WHOLESALE,Kg,kg,0.66
2012-01-01,0.65,"Maize (white, flour)",Philippines,Davao City,WHOLESALE,Kg,kg,0.65
2012-02-01,0.66,"Maize (white, flour)",Philippines,Davao City,WHOLESALE,Kg,kg,0.66
2012-03-01,0.65,"Maize (white, flour)",Philippines,Davao City,WHOLESALE,Kg,kg,0.65
2012-04-01,0.66,"Maize (white, flour)",Philippines,Davao City,WHOLESALE,Kg,kg,0.66
2012-05-01,0.61,"Maize (white, flour)",Philippines,Davao City,WHOLESALE,Kg,kg,0.61
2012-06-01,0.6,"Maize (white, flour)",Philippines,Davao City,WHOLESALE,Kg,kg,0.6
2012-07-01,0.59,"Maize (white, flour)",Philippines,Davao City,WHOLESALE,Kg,kg,0.59
2012-08-01,0.59,"Maize (white, flour)",Philippines,Davao City,WHOLESALE,Kg,kg,0.59
2012-09-01,0.6,"Maize (white, flour)",Philippines,Davao City,WHOLESALE,Kg,kg,0.6
2012-10-01,0.6,"Maize (white, flour)",Philippines,Davao City,WHOLESALE,Kg,kg,0.6
2012-11-01,0.64,"Maize (white, flour)",Philippines,Davao City,WHOLESALE,Kg,kg,0.64
2012-12-01,0.64,"Maize (white, flour)",Philippines,Davao City,WHOLESALE,Kg,kg,0.64
2013-01-01,0.64,"Maize (white, flour)",Philippines,Davao City,WHOLESALE,Kg,kg,0.64
2013-02-01,0.64,"Maize (white, flour)",Philippines,Davao City,WHOLESALE,Kg,kg,0.64
2013-03-01,0.66,"Maize (white, flour)",Philippines,Davao City,WHOLESALE,Kg,kg,0.66
2013-04-01,0.66,"Maize (white, flour)",Philippines,Davao City,WHOLESALE,Kg,kg,0.66
2013-05-01,0.67,"Maize (white, flour)",Philippines,Davao City,WHOLESALE,Kg,kg,0.67
2013-06-01,0.63,"Maize (white, flour)",Philippines,Davao City,WHOLESALE,Kg,kg,0.63
2013-07-01,0.61,"Maize (white, flour)",Philippines,Davao City,WHOLESALE,Kg,kg,0.61
2013-08-01,0.57,"Maize (white, flour)",Philippines,Davao City,WHOLESALE,Kg,kg,0.57
2013-09-01,0.57,"Maize (white, flour)",Philippines,Davao City,WHOLESALE,Kg,kg,0.57
2013-10-01,0.58,"Maize (white, flour)",Philippines,Davao City,WHOLESALE,Kg,kg,0.58
2013-11-01,0.59,"Maize (white, flour)",Philippines,Davao City,WHOLESALE,Kg,kg,0.59
2013-12-01,0.63,"Maize (white, flour)",Philippines,Davao City,WHOLESALE,Kg,kg,0.63
2014-01-01,0.57,"Maize (white, flour)",Philippines,Davao City,WHOLESALE,Kg,kg,0.57
2014-02-01,0.56,"Maize (white, flour)",Philippines,Davao City,WHOLESALE,Kg,kg,0.56
2014-03-01,0.58,"Maize (white, flour)",Philippines,Davao City,WHOLESALE,Kg,kg,0.58
2014-04-01,0.59,"Maize (white, flour)",Philippines,Davao City,WHOLESALE,Kg,kg,0.59
2014-05-01,0.65,"Maize (white, flour)",Philippines,Davao City,WHOLESALE,Kg,kg,0.65
2014-06-01,0.67,"Maize (white, flour)",Philippines,Davao City,WHOLESALE,Kg,kg,0.67
2014-07-01,0.65,"Maize (white, flour)",Philippines,Davao City,WHOLESALE,Kg,kg,0.65
2014-08-01,0.63,"Maize (white, flour)",Philippines,Davao City,WHOLESALE,Kg,kg,0.63
2014-09-01,0.6,"Maize (white, flour)",Philippines,Davao City,WHOLESALE,Kg,kg,0.6
2014-10-01,0.57,"Maize (white, flour)",Philippines,Davao City,WHOLESALE,Kg,kg,0.57
2014-11-01,0.54,"Maize (white, flour)",Philippines,Davao City,WHOLESALE,Kg,kg,0.54
2014-12-01,0.53,"Maize (white, flour)",Philippines,Davao City,WHOLESALE,Kg,kg,0.53
2015-01-01,0.51,"Maize (white, flour)",Philippines,Davao City,WHOLESALE,Kg,kg,0.51
2015-02-01,0.5,"Maize (white, flour)",Philippines,Davao City,WHOLESALE,Kg,kg,0.5
2015-03-01,0.54,"Maize (white, flour)",Philippines,Davao City,WHOLESALE,Kg,kg,0.54
2015-04-01,0.58,"Maize (white, flour)",Philippines,Davao City,WHOLESALE,Kg,kg,0.58
2015-05-01,0.61,"Maize (white, flour)",Philippines,Davao City,WHOLESALE,Kg,kg,0.61
2015-06-01,0.62,"Maize (white, flour)",Philippines,Davao City,WHOLESALE,Kg,kg,0.62
2015-07-01,0.61,"Maize (white, flour)",Philippines,Davao City,WHOLESALE,Kg,kg,0.61
2015-08-01,0.58,"Maize (white, flour)",Philippines,Davao City,WHOLESALE,Kg,kg,0.58
2015-09-01,0.57,"Maize (white, flour)",Philippines,Davao City,WHOLESALE,Kg,kg,0.57
2015-10-01,0.55,"Maize (white, flour)",Philippines,Davao City,WHOLESALE,Kg,kg,0.55
2015-11-01,0.52,"Maize (white, flour)",Philippines,Davao City,WHOLESALE,Kg,kg,0.52
2015-12-01,0.46,"Maize (white, flour)",Philippines,Davao City,WHOLESALE,Kg,kg,0.46
2016-01-01,0.5,"Maize (white, flour)",Philippines,Davao City,WHOLESALE,Kg,kg,0.5
2016-02-01,0.51,"Maize (white, flour)",Philippines,Davao City,WHOLESALE,Kg,kg,0.51
2016-03-01,0.55,"Maize (white, flour)",Philippines,Davao City,WHOLESALE,Kg,kg,0.55
2016-04-01,0.58,"Maize (white, flour)",Philippines,Davao City,WHOLESALE,Kg,kg,0.58
2016-05-01,0.58,"Maize (white, flour)",Philippines,Davao City,WHOLESALE,Kg,kg,0.58
2016-06-01,0.58,"Maize (white, flour)",Philippines,Davao City,WHOLESALE,Kg,kg,0.58
2016-07-01,0.57,"Maize (white, flour)",Philippines,Davao City,WHOLESALE,Kg,kg,0.57
2016-08-01,0.53,"Maize (white, flour)",Philippines,Davao City,WHOLESALE,Kg,kg,0.53
2016-09-01,0.44,"Maize (white, flour)",Philippines,Davao City,WHOLESALE,Kg,kg,0.44
2016-10-01,0.43,"Maize (white, flour)",Philippines,Davao City,WHOLESALE,Kg,kg,0.43
2016-11-01,0.38,"Maize (white, flour)",Philippines,Davao City,WHOLESALE,Kg,kg,0.38
2016-12-01,0.4,"Maize (white, flour)",Philippines,Davao City,WHOLESALE,Kg,kg,0.4
2017-01-01,0.37,"Maize (white, flour)",Philippines,Davao City,WHOLESALE,Kg,kg,0.37
2017-02-01,0.4,"Maize (white, flour)",Philippines,Davao City,WHOLESALE,Kg,kg,0.4
2017-03-01,0.42,"Maize (white, flour)",Philippines,Davao City,WHOLESALE,Kg,kg,0.42
2017-04-01,0.44,"Maize (white, flour)",Philippines,Davao City,WHOLESALE,Kg,kg,0.44
2017-05-01,0.49,"Maize (white, flour)",Philippines,Davao City,WHOLESALE,Kg,kg,0.49
2017-06-01,0.51,"Maize (white, flour)",Philippines,Davao City,WHOLESALE,Kg,kg,0.51
2017-07-01,0.51,"Maize (white, flour)",Philippines,Davao City,WHOLESALE,Kg,kg,0.51
2017-08-01,0.54,"Maize (white, flour)",Philippines,Davao City,WHOLESALE,Kg,kg,0.54
2017-09-01,0.55,"Maize (white, flour)",Philippines,Davao City,WHOLESALE,Kg,kg,0.55
2017-10-01,0.57,"Maize (white, flour)",Philippines,Davao City,WHOLESALE,Kg,kg,0.57
2017-11-01,0.6,"Maize (white, flour)",Philippines,Davao City,WHOLESALE,Kg,kg,0.6
2017-12-01,0.64,"Maize (white, flour)",Philippines,Davao City,WHOLESALE,Kg,kg,0.64
2018-01-01,0.65,"Maize (white, flour)",Philippines,Davao City,WHOLESALE,Kg,kg,0.65
2018-02-01,0.65,"Maize (white, flour)",Philippines,Davao City,WHOLESALE,Kg,kg,0.65
2018-03-01,,"Maize (white, flour)",Philippines,Davao City,WHOLESALE,Kg,kg,
2018-04-01,0.62,"Maize (white, flour)",Philippines,Davao City,WHOLESALE,Kg,kg,0.62
2018-05-01,0.64,"Maize (white, flour)",Philippines,Davao City,WHOLESALE,Kg,kg,0.64
2018-06-01,,"Maize (white, flour)",Philippines,Davao City,WHOLESALE,Kg,kg,
2018-07-01,0.56,"Maize (white, flour)",Philippines,Davao City,WHOLESALE,Kg,kg,0.56
2018-08-01,,"Maize (white, flour)",Philippines,Davao City,WHOLESALE,Kg,kg,
2018-09-01,0.49,"Maize (white, flour)",Philippines,Davao City,WHOLESALE,Kg,kg,0.49
2018-10-01,,"Maize (white, flour)",Philippines,Davao City,WHOLESALE,Kg,kg,
2018-11-01,,"Maize (white, flour)",Philippines,Davao City,WHOLESALE,Kg,kg,
2018-12-01,,"Maize (white, flour)",Philippines,Davao City,WHOLESALE,Kg,kg,
2019-01-01,0.46,"Maize (white, flour)",Philippines,Davao City,WHOLESALE,Kg,kg,0.46
2019-02-01,0.47,"Maize (white, flour)",Philippines,Davao City,WHOLESALE,Kg,kg,0.47
2019-03-01,0.47,"Maize (white, flour)",Philippines,Davao City,WHOLESALE,Kg,kg,0.47
2019-04-01,0.5,"Maize (white, flour)",Philippines,Davao City,WHOLESALE,Kg,kg,0.5
2019-05-01,0.5,"Maize (white, flour)",Philippines,Davao City,WHOLESALE,Kg,kg,0.5
2019-06-01,0.5,"Maize (white, flour)",Philippines,Davao City,WHOLESALE,Kg,kg,0.5
2019-07-01,0.5,"Maize (white, flour)",Philippines,Davao City,WHOLESALE,Kg,kg,0.5
2019-08-01,0.47,"Maize (white, flour)",Philippines,Davao City,WHOLESALE,Kg,kg,0.47
2019-09-01,0.44,"Maize (white, flour)",Philippines,Davao City,WHOLESALE,Kg,kg,0.44
2019-10-01,0.52,"Maize (white, flour)",Philippines,Davao City,WHOLESALE,Kg,kg,0.52
2019-11-01,0.48,"Maize (white, flour)",Philippines,Davao City,WHOLESALE,Kg,kg,0.48
2019-12-01,0.43,"Maize (white, flour)",Philippines,Davao City,WHOLESALE,Kg,kg,0.43
2020-01-01,0.44,"Maize (white, flour)",Philippines,Davao City,WHOLESALE,Kg,kg,0.44
2020-02-01,0.4,"Maize (white, flour)",Philippines,Davao City,WHOLESALE,Kg,kg,0.4
2020-03-01,0.4,"Maize (white, flour)",Philippines,Davao City,WHOLESALE,Kg,kg,0.4
2020-04-01,0.47,"Maize (white, flour)",Philippines,Davao City,WHOLESALE,Kg,kg,0.47
2020-05-01,0.42,"Maize (white, flour)",Philippines,Davao City,WHOLESALE,Kg,kg,0.42
2020-06-01,0.42,"Maize (white, flour)",Philippines,Davao City,WHOLESALE,Kg,kg,0.42
2020-07-01,0.41,"Maize (white, flour)",Philippines,Davao City,WHOLESALE,Kg,kg,0.41
2020-08-01,0.45,"Maize (white, flour)",Philippines,Davao City,WHOLESALE,Kg,kg,0.45
2020-09-01,0.42,"Maize (white, flour)",Philippines,Davao City,WHOLESALE,Kg,kg,0.42
2020-10-01,,"Maize (white, flour)",Philippines,Davao City,WHOLESALE,Kg,kg,
2020-11-01,,"Maize (white, flour)",Philippines,Davao City,WHOLESALE,Kg,kg,
2020-12-01,,"Maize (white, flour)",Philippines,Davao City,WHOLESALE,Kg,kg,
2021-01-01,0.32,"Maize (white, flour)",Philippines,Davao City,WHOLESALE,Kg,kg,0.32
2021-02-01,,"Maize (white, flour)",Philippines,Davao City,WHOLESALE,Kg,kg,
2021-03-01,0.35,"Maize (white, flour)",Philippines,Davao City,WHOLESALE,Kg,kg,0.35
2021-04-01,0.37,"Maize (white, flour)",Philippines,Davao City,WHOLESALE,Kg,kg,0.37
2021-05-01,0.39,"Maize (white, flour)",Philippines,Davao City,WHOLESALE,Kg,kg,0.39
2021-06-01,0.41,"Maize (white, flour)",Philippines,Davao City,WHOLESALE,Kg,kg,0.41
2021-07-01,0.45,"Maize (white, flour)",Philippines,Davao City,WHOLESALE,Kg,kg,0.45
2021-08-01,0.46,"Maize (white, flour)",Philippines,Davao City,WHOLESALE,Kg,kg,0.46
2021-09-01,0.53,"Maize (white, flour)",Philippines,Davao City,WHOLESALE,Kg,kg,0.53
2021-10-01,0.43,"Maize (white, flour)",Philippines,Davao City,WHOLESALE,Kg,kg,0.43
2021-11-01,0.37,"Maize (white, flour)",Philippines,Davao City,WHOLESALE,Kg,kg,0.37
2021-12-01,0.38,"Maize (white, flour)",Philippines,Davao City,WHOLESALE,Kg,kg,0.38
2022-01-01,0.36,"Maize (white, flour)",Philippines,Davao City,WHOLESALE,Kg,kg,0.36
2022-02-01,0.37,"Maize (white, flour)",Philippines,Davao City,WHOLESALE,Kg,kg,0.37
2022-03-01,0.38,"Maize (white, flour)",Philippines,Davao City,WHOLESALE,Kg,kg,0.38
2022-04-01,0.37,"Maize (white, flour)",Philippines,Davao City,WHOLESALE,Kg,kg,0.37
2022-05-01,0.37,"Maize (white, flour)",Philippines,Davao City,WHOLESALE,Kg,kg,0.37
2022-06-01,0.36,"Maize (white, flour)",Philippines,Davao City,WHOLESALE,Kg,kg,0.36
2022-07-01,0.37,"Maize (white, flour)",Philippines,Davao City,WHOLESALE,Kg,kg,0.37
2022-08-01,0.36,"Maize (white, flour)",Philippines,Davao City,WHOLESALE,Kg,kg,0.36
2022-09-01,0.36,"Maize (white, flour)",Philippines,Davao City,WHOLESALE,Kg,kg,0.36
2022-10-01,0.39,"Maize (white, flour)",Philippines,Davao City,WHOLESALE,Kg,kg,0.39
2022-11-01,,"Maize (white, flour)",Philippines,Davao City,WHOLESALE,Kg,kg,
2022-12-01,0.41,"Maize (white, flour)",Philippines,Davao City,WHOLESALE,Kg,kg,0.41
2023-01-01,0.42,"Maize (white, flour)",Philippines,Davao City,WHOLESALE,Kg,kg,0.42
2023-02-01,0.43,"Maize (white, flour)",Philippines,Davao City,WHOLESALE,Kg,kg,0.43
2023-03-01,0.41,"Maize (white, flour)",Philippines,Davao City,WHOLESALE,Kg,kg,0.41
2023-04-01,0.42,"Maize (white, flour)",Philippines,Davao City,WHOLESALE,Kg,kg,0.42
2023-05-01,0.4,"Maize (white, flour)",Philippines,Davao City,WHOLESALE,Kg,kg,0.4
2023-06-01,0.4,"Maize (white, flour)",Philippines,Davao City,WHOLESALE,Kg,kg,0.4
2023-07-01,0.4,"Maize (white, flour)",Philippines,Davao City,WHOLESALE,Kg,kg,0.4
2023-08-01,0.4,"Maize (white, flour)",Philippines,Davao City,WHOLESALE,Kg,kg,0.4
2023-09-01,0.34,"Maize (white, flour)",Philippines,Davao City,WHOLESALE,Kg,kg,0.34
2023-10-01,0.4,"Maize (white, flour)",Philippines,Davao City,WHOLESALE,Kg,kg,0.4
2023-11-01,0.38,"Maize (white, flour)",Philippines,Davao City,WHOLESALE,Kg,kg,0.38
2023-12-01,0.39,"Maize (white, flour)",Philippines,Davao City,WHOLESALE,Kg,kg,0.39
2024-01-01,,"Maize (white, flour)",Philippines,Davao City,WHOLESALE,Kg,kg,
2024-02-01,0.39,"Maize (white, flour)",Philippines,Davao City,WHOLESALE,Kg,kg,0.39
2024-03-01,0.4,"Maize (white, flour)",Philippines,Davao City,WHOLESALE,Kg,kg,0.4
2024-04-01,0.4,"Maize (white, flour)",Philippines,Davao City,WHOLESALE,Kg,kg,0.4
2024-05-01,0.43,"Maize (white, flour)",Philippines,Davao City,WHOLESALE,Kg,kg,0.43
2024-06-01,0.42,"Maize (white, flour)",Philippines,Davao City,WHOLESALE,Kg,kg,0.42
2024-07-01,0.42,"Maize (white, flour)",Philippines,Davao City,WHOLESALE,Kg,kg,0.42
2024-08-01,0.42,"Maize (white, flour)",Philippines,Davao City,WHOLESALE,Kg,kg,0.42
2024-09-01,0.42,"Maize (white, flour)",Philippines,Davao City,WHOLESALE,Kg,kg,0.42
2024-10-01,0.4,"Maize (white, flour)",Philippines,Davao City,WHOLESALE,Kg,kg,0.4
2024-11-01,0.35,"Maize (white, flour)",Philippines,Davao City,WHOLESALE,Kg,kg,0.35
2024-12-01,0.37,"Maize (white, flour)",Philippines,Davao City,WHOLESALE,Kg,kg,0.37
2025-01-01,0.36,"Maize (white, flour)",Philippines,Davao City,WHOLESALE,Kg,kg,0.36
2025-02-01,0.33,"Maize (white, flour)",Philippines,Davao City,WHOLESALE,Kg,kg,0.33
2025-03-01,0.34,"Maize (white, flour)",Philippines,Davao City,WHOLESALE,Kg,kg,0.34
2025-04-01,0.33,"Maize (white, flour)",Philippines,Davao City,WHOLESALE,Kg,kg,0.33
2025-05-01,0.35,"Maize (white, flour)",Philippines,Davao City,WHOLESALE,Kg,kg,0.35
2025-06-01,0.37,"Maize (white, flour)",Philippines,Davao City,WHOLESALE,Kg,kg,0.37
2025-07-01,0.37,"Maize (white, flour)",Philippines,Davao City,WHOLESALE,Kg,kg,0.37
2025-08-01,0.39,"Maize (white, flour)",Philippines,Davao City,WHOLESALE,Kg,kg,0.39
2025-09-01,0.4,"Maize (white, flour)",Philippines,Davao City,WHOLESALE,Kg,kg,0.4
2025-10-01,0.39,"Maize (white, flour)",Philippines,Davao City,WHOLESALE,Kg,kg,0.39
2000-01-01,0.34,"Maize (white, flour)",Philippines,National Average,RETAIL,Kg,kg,0.34
2000-02-01,0.34,"Maize (white, flour)",Philippines,National Average,RETAIL,Kg,kg,0.34
2000-03-01,0.34,"Maize (white, flour)",Philippines,National Average,RETAIL,Kg,kg,0.34
2000-04-01,0.35,"Maize (white, flour)",Philippines,National Average,RETAIL,Kg,kg,0.35
2000-05-01,0.35,"Maize (white, flour)",Philippines,National Average,RETAIL,Kg,kg,0.35
2000-06-01,0.34,"Maize (white, flour)",Philippines,National Average,RETAIL,Kg,kg,0.34
2000-07-01,0.32,"Maize (white, flour)",Philippines,National Average,RETAIL,Kg,kg,0.32
2000-08-01,0.3,"Maize (white, flour)",Philippines,National Average,RETAIL,Kg,kg,0.3
2000-09-01,0.3,"Maize (white, flour)",Philippines,National Average,RETAIL,Kg,kg,0.3
2000-10-01,0.29,"Maize (white, flour)",Philippines,National Average,RETAIL,Kg,kg,0.29
2000-11-01,0.28,"Maize (white, flour)",Philippines,National Average,RETAIL,Kg,kg,0.28
2000-12-01,0.28,"Maize (white, flour)",Philippines,National Average,RETAIL,Kg,kg,0.28
2001-01-01,0.27,"Maize (white, flour)",Philippines,National Average,RETAIL,Kg,kg,0.27
2001-02-01,0.29,"Maize (white, flour)",Philippines,National Average,RETAIL,Kg,kg,0.29
2001-03-01,0.3,"Maize (white, flour)",Philippines,National Average,RETAIL,Kg,kg,0.3
2001-04-01,0.29,"Maize (white, flour)",Philippines,National Average,RETAIL,Kg,kg,0.29
2001-05-01,0.29,"Maize (white, flour)",Philippines,National Average,RETAIL,Kg,kg,0.29
2001-06-01,0.28,"Maize (white, flour)",Philippines,National Average,RETAIL,Kg,kg,0.28
2001-07-01,0.26,"Maize (white, flour)",Philippines,National Average,RETAIL,Kg,kg,0.26
2001-08-01,0.25,"Maize (white, flour)",Philippines,National Average,RETAIL,Kg,kg,0.25
2001-09-01,0.25,"Maize (white, flour)",Philippines,National Average,RETAIL,Kg,kg,0.25
2001-10-01,0.25,"Maize (white, flour)",Philippines,National Average,RETAIL,Kg,kg,0.25
2001-11-01,0.25,"Maize (white, flour)",Philippines,National Average,RETAIL,Kg,kg,0.25
2001-12-01,0.25,"Maize (white, flour)",Philippines,National Average,RETAIL,Kg,kg,0.25
2002-01-01,0.25,"Maize (white, flour)",Philippines,National Average,RETAIL,Kg,kg,0.25
2002-02-01,0.27,"Maize (white, flour)",Philippines,National Average,RETAIL,Kg,kg,0.27
2002-03-01,0.29,"Maize (white, flour)",Philippines,National Average,RETAIL,Kg,kg,0.29
2002-04-01,0.3,"Maize (white, flour)",Philippines,National Average,RETAIL,Kg,kg,0.3
2002-05-01,0.31,"Maize (white, flour)",Philippines,National Average,RETAIL,Kg,kg,0.31
2002-06-01,0.29,"Maize (white, flour)",Philippines,National Average,RETAIL,Kg,kg,0.29
2002-07-01,0.28,"Maize (white, flour)",Philippines,National Average,RETAIL,Kg,kg,0.28
2002-08-01,0.27,"Maize (white, flour)",Philippines,National Average,RETAIL,Kg,kg,0.27
2002-09-01,0.26,"Maize (white, flour)",Philippines,National Average,RETAIL,Kg,kg,0.26
2002-10-01,0.25,"Maize (white, flour)",Philippines,National Average,RETAIL,Kg,kg,0.25
2002-11-01,0.26,"Maize (white, flour)",Philippines,National Average,RETAIL,Kg,kg,0.26
2002-12-01,0.25,"Maize (white, flour)",Philippines,National Average,RETAIL,Kg,kg,0.25
2003-01-01,0.25,"Maize (white, flour)",Philippines,National Average,RETAIL,Kg,kg,0.25
2003-02-01,0.26,"Maize (white, flour)",Philippines,National Average,RETAIL,Kg,kg,0.26
2003-03-01,0.25,"Maize (white, flour)",Philippines,National Average,RETAIL,Kg,kg,0.25
2003-04-01,0.26,"Maize (white, flour)",Philippines,National Average,RETAIL,Kg,kg,0.26
2003-05-01,0.26,"Maize (white, flour)",Philippines,National Average,RETAIL,Kg,kg,0.26
2003-06-01,0.26,"Maize (white, flour)",Philippines,National Average,RETAIL,Kg,kg,0.26
2003-07-01,0.27,"Maize (white, flour)",Philippines,National Average,RETAIL,Kg,kg,0.27
2003-08-01,0.26,"Maize (white, flour)",Philippines,National Average,RETAIL,Kg,kg,0.26
2003-09-01,0.25,"Maize (white, flour)",Philippines,National Average,RETAIL,Kg,kg,0.25
2003-10-01,0.25,"Maize (white, flour)",Philippines,National Average,RETAIL,Kg,kg,0.25
2003-11-01,0.25,"Maize (white, flour)",Philippines,National Average,RETAIL,Kg,kg,0.25
2003-12-01,0.26,"Maize (white, flour)",Philippines,National Average,RETAIL,Kg,kg,0.26
2004-01-01,0.26,"Maize (white, flour)",Philippines,National Average,RETAIL,Kg,kg,0.26
2004-02-01,0.28,"Maize (white, flour)",Philippines,National Average,RETAIL,Kg,kg,0.28
2004-03-01,0.3,"Maize (white, flour)",Philippines,National Average,RETAIL,Kg,kg,0.3
2004-04-01,0.31,"Maize (white, flour)",Philippines,National Average,RETAIL,Kg,kg,0.31
2004-05-01,0.31,"Maize (white, flour)",Philippines,National Average,RETAIL,Kg,kg,0.31
2004-06-01,0.3,"Maize (white, flour)",Philippines,National Average,RETAIL,Kg,kg,0.3
2004-07-01,0.3,"Maize (white, flour)",Philippines,National Average,RETAIL,Kg,kg,0.3
2004-08-01,0.31,"Maize (white, flour)",Philippines,National Average,RETAIL,Kg,kg,0.31
2004-09-01,0.3,"Maize (white, flour)",Philippines,National Average,RETAIL,Kg,kg,0.3
2004-10-01,0.29,"Maize (white, flour)",Philippines,National Average,RETAIL,Kg,kg,0.29
2004-11-01,0.29,"Maize (white, flour)",Philippines,National Average,RETAIL,Kg,kg,0.29
2004-12-01,0.3,"Maize (white, flour)",Philippines,National Average,RETAIL,Kg,kg,0.3
2005-01-01,0.31,"Maize (white, flour)",Philippines,National Average,RETAIL,Kg,kg,0.31
2005-02-01,0.31,"Maize (white, flour)",Philippines,National Average,RETAIL,Kg,kg,0.31
2005-03-01,0.32,"Maize (white, flour)",Philippines,National Average,RETAIL,Kg,kg,0.32
2005-04-01,0.34,"Maize (white, flour)",Philippines,National Average,RETAIL,Kg,kg,0.34
2005-05-01,0.35,"Maize (white, flour)",Philippines,National Average,RETAIL,Kg,kg,0.35
2005-06-01,0.34,"Maize (white, flour)",Philippines,National Average,RETAIL,Kg,kg,0.34
2005-07-01,0.32,"Maize (white, flour)",Philippines,National Average,RETAIL,Kg,kg,0.32
2005-08-01,0.3,"Maize (white, flour)",Philippines,National Average,RETAIL,Kg,kg,0.3
2005-09-01,0.29,"Maize (white, flour)",Philippines,National Average,RETAIL,Kg,kg,0.29
2005-10-01,0.28,"Maize (white, flour)",Philippines,National Average,RETAIL,Kg,kg,0.28
2005-11-01,0.28,"Maize (white, flour)",Philippines,National Average,RETAIL,Kg,kg,0.28
2005-12-01,0.29,"Maize (white, flour)",Philippines,National Average,RETAIL,Kg,kg,0.29
2006-01-01,0.31,"Maize (white, flour)",Philippines,National Average,RETAIL,Kg,kg,0.31
2006-02-01,0.34,"Maize (white, flour)",Philippines,National Average,RETAIL,Kg,kg,0.34
2006-03-01,0.36,"Maize (white, flour)",Philippines,National Average,RETAIL,Kg,kg,0.36
2006-04-01,0.38,"Maize (white, flour)",Philippines,National Average,RETAIL,Kg,kg,0.38
2006-05-01,0.37,"Maize (white, flour)",Philippines,National Average,RETAIL,Kg,kg,0.37
2006-06-01,0.36,"Maize (white, flour)",Philippines,National Average,RETAIL,Kg,kg,0.36
2006-07-01,0.37,"Maize (white, flour)",Philippines,National Average,RETAIL,Kg,kg,0.37
2006-08-01,0.36,"Maize (white, flour)",Philippines,National Average,RETAIL,Kg,kg,0.36
2006-09-01,0.36,"Maize (white, flour)",Philippines,National Average,RETAIL,Kg,kg,0.36
2006-10-01,0.36,"Maize (white, flour)",Philippines,National Average,RETAIL,Kg,kg,0.36
2006-11-01,0.36,"Maize (white, flour)",Philippines,National Average,RETAIL,Kg,kg,0.36
2006-12-01,0.37,"Maize (white, flour)",Philippines,National Average,RETAIL,Kg,kg,0.37
2007-01-01,0.38,"Maize (white, flour)",Philippines,National Average,RETAIL,Kg,kg,0.38
2007-02-01,0.39,"Maize (white, flour)",Philippines,National Average,RETAIL,Kg,kg,0.39
2007-03-01,0.4,"Maize (white, flour)",Philippines,National Average,RETAIL,Kg,kg,0.4
2007-04-01,0.41,"Maize (white, flour)",Philippines,National Average,RETAIL,Kg,kg,0.41
2007-05-01,0.43,"Maize (white, flour)",Philippines,National Average,RETAIL,Kg,kg,0.43
2007-06-01,0.44,"Maize (white, flour)",Philippines,National Average,RETAIL,Kg,kg,0.44
2007-07-01,0.43,"Maize (white, flour)",Philippines,National Average,RETAIL,Kg,kg,0.43
2007-08-01,0.4,"Maize (white, flour)",Philippines,National Average,RETAIL,Kg,kg,0.4
2007-09-01,0.38,"Maize (white, flour)",Philippines,National Average,RETAIL,Kg,kg,0.38
2007-10-01,0.4,"Maize (white, flour)",Philippines,National Average,RETAIL,Kg,kg,0.4
2007-11-01,0.41,"Maize (white, flour)",Philippines,National Average,RETAIL,Kg,kg,0.41
2007-12-01,0.43,"Maize (white, flour)",Philippines,National Average,RETAIL,Kg,kg,0.43
2008-01-01,0.44,"Maize (white, flour)",Philippines,National Average,RETAIL,Kg,kg,0.44
2008-02-01,0.48,"Maize (white, flour)",Philippines,National Average,RETAIL,Kg,kg,0.48
2008-03-01,0.54,"Maize (white, flour)",Philippines,National Average,RETAIL,Kg,kg,0.54
2008-04-01,0.63,"Maize (white, flour)",Philippines,National Average,RETAIL,Kg,kg,0.63
2008-05-01,0.65,"Maize (white, flour)",Philippines,National Average,RETAIL,Kg,kg,0.65
2008-06-01,0.75,"Maize (white, flour)",Philippines,National Average,RETAIL,Kg,kg,0.75
2008-07-01,0.7,"Maize (white, flour)",Philippines,National Average,RETAIL,Kg,kg,0.7
2008-08-01,0.59,"Maize (white, flour)",Philippines,National Average,RETAIL,Kg,kg,0.59
2008-09-01,0.56,"Maize (white, flour)",Philippines,National Average,RETAIL,Kg,kg,0.56
2008-10-01,0.54,"Maize (white, flour)",Philippines,National Average,RETAIL,Kg,kg,0.54
2008-11-01,0.53,"Maize (white, flour)",Philippines,National Average,RETAIL,Kg,kg,0.53
2008-12-01,0.51,"Maize (white, flour)",Philippines,National Average,RETAIL,Kg,kg,0.51
2009-01-01,0.55,"Maize (white, flour)",Philippines,National Average,RETAIL,Kg,kg,0.55
2009-02-01,0.63,"Maize (white, flour)",Philippines,National Average,RETAIL,Kg,kg,0.63
2009-03-01,0.64,"Maize (white, flour)",Philippines,National Average,RETAIL,Kg,kg,0.64
2009-04-01,0.63,"Maize (white, flour)",Philippines,National Average,RETAIL,Kg,kg,0.63
2009-05-01,0.62,"Maize (white, flour)",Philippines,National Average,RETAIL,Kg,kg,0.62
2009-06-01,0.59,"Maize (white, flour)",Philippines,National Average,RETAIL,Kg,kg,0.59
2009-07-01,0.55,"Maize (white, flour)",Philippines,National Average,RETAIL,Kg,kg,0.55
2009-08-01,0.52,"Maize (white, flour)",Philippines,National Average,RETAIL,Kg,kg,0.52
2009-09-01,0.5,"Maize (white, flour)",Philippines,National Average,RETAIL,Kg,kg,0.5
2009-10-01,0.53,"Maize (white, flour)",Philippines,National Average,RETAIL,Kg,kg,0.53
2009-11-01,0.53,"Maize (white, flour)",Philippines,National Average,RETAIL,Kg,kg,0.53
2009-12-01,0.54,"Maize (white, flour)",Philippines,National Average,RETAIL,Kg,kg,0.54
2010-01-01,0.56,"Maize (white, flour)",Philippines,National Average,RETAIL,Kg,kg,0.56
2010-02-01,0.58,"Maize (white, flour)",Philippines,National Average,RETAIL,Kg,kg,0.58
2010-03-01,0.59,"Maize (white, flour)",Philippines,National Average,RETAIL,Kg,kg,0.59
2010-04-01,0.6,"Maize (white, flour)",Philippines,National Average,RETAIL,Kg,kg,0.6
2010-05-01,0.58,"Maize (white, flour)",Philippines,National Average,RETAIL,Kg,kg,0.58
2010-06-01,0.56,"Maize (white, flour)",Philippines,National Average,RETAIL,Kg,kg,0.56
2010-07-01,0.55,"Maize (white, flour)",Philippines,National Average,RETAIL,Kg,kg,0.55
2010-08-01,0.53,"Maize (white, flour)",Philippines,National Average,RETAIL,Kg,kg,0.53
2010-09-01,0.53,"Maize (white, flour)",Philippines,National Average,RETAIL,Kg,kg,0.53
2010-10-01,0.53,"Maize (white, flour)",Philippines,National Average,RETAIL,Kg,kg,0.53
2010-11-01,0.52,"Maize (white, flour)",Philippines,National Average,RETAIL,Kg,kg,0.52
2010-12-01,0.54,"Maize (white, flour)",Philippines,National Average,RETAIL,Kg,kg,0.54
2011-01-01,0.56,"Maize (white, flour)",Philippines,National Average,RETAIL,Kg,kg,0.56
2011-02-01,0.62,"Maize (white, flour)",Philippines,National Average,RETAIL,Kg,kg,0.62
2011-03-01,0.64,"Maize (white, flour)",Philippines,National Average,RETAIL,Kg,kg,0.64
2011-04-01,0.66,"Maize (white, flour)",Philippines,National Average,RETAIL,Kg,kg,0.66
2011-05-01,0.69,"Maize (white, flour)",Philippines,National Average,RETAIL,Kg,kg,0.69
2011-06-01,0.69,"Maize (white, flour)",Philippines,National Average,RETAIL,Kg,kg,0.69
2011-07-01,0.71,"Maize (white, flour)",Philippines,National Average,RETAIL,Kg,kg,0.71
2011-08-01,0.71,"Maize (white, flour)",Philippines,National Average,RETAIL,Kg,kg,0.71
2011-09-01,0.68,"Maize (white, flour)",Philippines,National Average,RETAIL,Kg,kg,0.68
2011-10-01,0.67,"Maize (white, flour)",Philippines,National Average,RETAIL,Kg,kg,0.67
2011-11-01,0.7,"Maize (white, flour)",Philippines,National Average,RETAIL,Kg,kg,0.7
2011-12-01,0.69,"Maize (white, flour)",Philippines,National Average,RETAIL,Kg,kg,0.69
2012-01-01,0.68,"Maize (white, flour)",Philippines,National Average,RETAIL,Kg,kg,0.68
2012-02-01,0.69,"Maize (white, flour)",Philippines,National Average,RETAIL,Kg,kg,0.69
2012-03-01,0.68,"Maize (white, flour)",Philippines,National Average,RETAIL,Kg,kg,0.68
2012-04-01,0.66,"Maize (white, flour)",Philippines,National Average,RETAIL,Kg,kg,0.66
2012-05-01,0.66,"Maize (white, flour)",Philippines,National Average,RETAIL,Kg,kg,0.66
2012-06-01,0.66,"Maize (white, flour)",Philippines,National Average,RETAIL,Kg,kg,0.66
2012-07-01,0.66,"Maize (white, flour)",Philippines,National Average,RETAIL,Kg,kg,0.66
2012-08-01,0.66,"Maize (white, flour)",Philippines,National Average,RETAIL,Kg,kg,0.66
2012-09-01,0.66,"Maize (white, flour)",Philippines,National Average,RETAIL,Kg,kg,0.66
2012-10-01,0.67,"Maize (white, flour)",Philippines,National Average,RETAIL,Kg,kg,0.67
2012-11-01,0.7,"Maize (white, flour)",Philippines,National Average,RETAIL,Kg,kg,0.7
2012-12-01,0.71,"Maize (white, flour)",Philippines,National Average,RETAIL,Kg,kg,0.71
2013-01-01,0.72,"Maize (white, flour)",Philippines,National Average,RETAIL,Kg,kg,0.72
2013-02-01,0.72,"Maize (white, flour)",Philippines,National Average,RETAIL,Kg,kg,0.72
2013-03-01,0.72,"Maize (white, flour)",Philippines,National Average,RETAIL,Kg,kg,0.72
2013-04-01,0.72,"Maize (white, flour)",Philippines,National Average,RETAIL,Kg,kg,0.72
2013-05-01,0.72,"Maize (white, flour)",Philippines,National Average,RETAIL,Kg,kg,0.72
2013-06-01,0.7,"Maize (white, flour)",Philippines,National Average,RETAIL,Kg,kg,0.7
2013-07-01,0.68,"Maize (white, flour)",Philippines,National Average,RETAIL,Kg,kg,0.68
2013-08-01,0.65,"Maize (white, flour)",Philippines,National Average,RETAIL,Kg,kg,0.65
2013-09-01,0.65,"Maize (white, flour)",Philippines,National Average,RETAIL,Kg,kg,0.65
2013-10-01,0.66,"Maize (white, flour)",Philippines,National Average,RETAIL,Kg,kg,0.66
2013-11-01,0.68,"Maize (white, flour)",Philippines,National Average,RETAIL,Kg,kg,0.68
2013-12-01,0.69,"Maize (white, flour)",Philippines,National Average,RETAIL,Kg,kg,0.69
2014-01-01,0.67,"Maize (white, flour)",Philippines,National Average,RETAIL,Kg,kg,0.67
2014-02-01,0.67,"Maize (white, flour)",Philippines,National Average,RETAIL,Kg,kg,0.67
2014-03-01,0.68,"Maize (white, flour)",Philippines,National Average,RETAIL,Kg,kg,0.68
2014-04-01,0.71,"Maize (white, flour)",Philippines,National Average,RETAIL,Kg,kg,0.71
2014-05-01,0.73,"Maize (white, flour)",Philippines,National Average,RETAIL,Kg,kg,0.73
2014-06-01,0.74,"Maize (white, flour)",Philippines,National Average,RETAIL,Kg,kg,0.74
2014-07-01,0.74,"Maize (white, flour)",Philippines,National Average,RETAIL,Kg,kg,0.74
2014-08-01,0.7,"Maize (white, flour)",Philippines,National Average,RETAIL,Kg,kg,0.7
2014-09-01,0.66,"Maize (white, flour)",Philippines,National Average,RETAIL,Kg,kg,0.66
2014-10-01,0.63,"Maize (white, flour)",Philippines,National Average,RETAIL,Kg,kg,0.63
2014-11-01,0.63,"Maize (white, flour)",Philippines,National Average,RETAIL,Kg,kg,0.63
2014-12-01,0.63,"Maize (white, flour)",Philippines,National Average,RETAIL,Kg,kg,0.63
2015-01-01,0.61,"Maize (white, flour)",Philippines,National Average,RETAIL,Kg,kg,0.61
2015-02-01,0.59,"Maize (white, flour)",Philippines,National Average,RETAIL,Kg,kg,0.59
2015-03-01,0.63,"Maize (white, flour)",Philippines,National Average,RETAIL,Kg,kg,0.63
2015-04-01,0.65,"Maize (white, flour)",Philippines,National Average,RETAIL,Kg,kg,0.65
2015-05-01,0.66,"Maize (white, flour)",Philippines,National Average,RETAIL,Kg,kg,0.66
2015-06-01,0.66,"Maize (white, flour)",Philippines,National Average,RETAIL,Kg,kg,0.66
2015-07-01,0.67,"Maize (white, flour)",Philippines,National Average,RETAIL,Kg,kg,0.67
2015-08-01,0.66,"Maize (white, flour)",Philippines,National Average,RETAIL,Kg,kg,0.66
2015-09-01,0.62,"Maize (white, flour)",Philippines,National Average,RETAIL,Kg,kg,0.62
2015-10-01,0.6,"Maize (white, flour)",Philippines,National Average,RETAIL,Kg,kg,0.6
2015-11-01,0.59,"Maize (white, flour)",Philippines,National Average,RETAIL,Kg,kg,0.59
2015-12-01,0.58,"Maize (white, flour)",Philippines,National Average,RETAIL,Kg,kg,0.58
2016-01-01,0.57,"Maize (white, flour)",Philippines,National Average,RETAIL,Kg,kg,0.57
2016-02-01,0.58,"Maize (white, flour)",Philippines,National Average,RETAIL,Kg,kg,0.58
2016-03-01,0.61,"Maize (white, flour)",Philippines,National Average,RETAIL,Kg,kg,0.61
2016-04-01,0.62,"Maize (white, flour)",Philippines,National Average,RETAIL,Kg,kg,0.62
2016-05-01,0.62,"Maize (white, flour)",Philippines,National Average,RETAIL,Kg,kg,0.62
2016-06-01,0.62,"Maize (white, flour)",Philippines,National Average,RETAIL,Kg,kg,0.62
2016-07-01,0.61,"Maize (white, flour)",Philippines,National Average,RETAIL,Kg,kg,0.61
2016-08-01,0.6,"Maize (white, flour)",Philippines,National Average,RETAIL,Kg,kg,0.6
2016-09-01,0.56,"Maize (white, flour)",Philippines,National Average,RETAIL,Kg,kg,0.56
2016-10-01,0.52,"Maize (white, flour)",Philippines,National Average,RETAIL,Kg,kg,0.52
2016-11-01,0.49,"Maize (white, flour)",Philippines,National Average,RETAIL,Kg,kg,0.49
2016-12-01,0.48,"Maize (white, flour)",Philippines,National Average,RETAIL,Kg,kg,0.48
2017-01-01,0.47,"Maize (white, flour)",Philippines,National Average,RETAIL,Kg,kg,0.47
2017-02-01,0.49,"Maize (white, flour)",Philippines,National Average,RETAIL,Kg,kg,0.49
2017-03-01,0.52,"Maize (white, flour)",Philippines,National Average,RETAIL,Kg,kg,0.52
2017-04-01,0.53,"Maize (white, flour)",Philippines,National Average,RETAIL,Kg,kg,0.53
2017-05-01,0.54,"Maize (white, flour)",Philippines,National Average,RETAIL,Kg,kg,0.54
2017-06-01,0.57,"Maize (white, flour)",Philippines,National Average,RETAIL,Kg,kg,0.57
2017-07-01,0.57,"Maize (white, flour)",Philippines,National Average,RETAIL,Kg,kg,0.57
2017-08-01,0.57,"Maize (white, flour)",Philippines,National Average,RETAIL,Kg,kg,0.57
2017-09-01,0.59,"Maize (white, flour)",Philippines,National Average,RETAIL,Kg,kg,0.59
2017-10-01,0.61,"Maize (white, flour)",Philippines,National Average,RETAIL,Kg,kg,0.61
2017-11-01,0.67,"Maize (white, flour)",Philippines,National Average,RETAIL,Kg,kg,0.67
2017-12-01,0.7,"Maize (white, flour)",Philippines,National Average,RETAIL,Kg,kg,0.7
2018-01-01,0.69,"Maize (white, flour)",Philippines,National Average,RETAIL,Kg,kg,0.69
2018-02-01,0.6,"Maize (white, flour)",Philippines,National Average,RETAIL,Kg,kg,0.6
2018-03-01,0.68,"Maize (white, flour)",Philippines,National Average,RETAIL,Kg,kg,0.68
2018-04-01,0.69,"Maize (white, flour)",Philippines,National Average,RETAIL,Kg,kg,0.69
2018-05-01,0.69,"Maize (white, flour)",Philippines,National Average,RETAIL,Kg,kg,0.69
2018-06-01,0.67,"Maize (white, flour)",Philippines,National Average,RETAIL,Kg,kg,0.67
2018-07-01,0.64,"Maize (white, flour)",Philippines,National Average,RETAIL,Kg,kg,0.64
2018-08-01,0.63,"Maize (white, flour)",Philippines,National Average,RETAIL,Kg,kg,0.63
2018-09-01,0.6,"Maize (white, flour)",Philippines,National Average,RETAIL,Kg,kg,0.6
2018-10-01,0.58,"Maize (white, flour)",Philippines,National Average,RETAIL,Kg,kg,0.58
2018-11-01,0.59,"Maize (white, flour)",Philippines,National Average,RETAIL,Kg,kg,0.59
2018-12-01,0.57,"Maize (white, flour)",Philippines,National Average,RETAIL,Kg,kg,0.57
2019-01-01,0.57,"Maize (white, flour)",Philippines,National Average,RETAIL,Kg,kg,0.57
2019-02-01,0.56,"Maize (white, flour)",Philippines,National Average,RETAIL,Kg,kg,0.56
2019-03-01,0.57,"Maize (white, flour)",Philippines,National Average,RETAIL,Kg,kg,0.57
2019-04-01,0.58,"Maize (white, flour)",Philippines,National Average,RETAIL,Kg,kg,0.58
2019-05-01,0.59,"Maize (white, flour)",Philippines,National Average,RETAIL,Kg,kg,0.59
2019-06-01,0.59,"Maize (white, flour)",Philippines,National Average,RETAIL,Kg,kg,0.59
2019-07-01,0.6,"Maize (white, flour)",Philippines,National Average,RETAIL,Kg,kg,0.6
2019-08-01,0.58,"Maize (white, flour)",Philippines,National Average,RETAIL,Kg,kg,0.58
2019-09-01,0.56,"Maize (white, flour)",Philippines,National Average,RETAIL,Kg,kg,0.56
2019-10-01,0.55,"Maize (white, flour)",Philippines,National Average,RETAIL,Kg,kg,0.55
2019-11-01,0.55,"Maize (white, flour)",Philippines,National Average,RETAIL,Kg,kg,0.55
2019-12-01,0.54,"Maize (white, flour)",Philippines,National Average,RETAIL,Kg,kg,0.54
2020-01-01,0.54,"Maize (white, flour)",Philippines,National Average,RETAIL,Kg,kg,0.54
2020-02-01,0.53,"Maize (white, flour)",Philippines,National Average,RETAIL,Kg,kg,0.53
2020-03-01,0.54,"Maize (white, flour)",Philippines,National Average,RETAIL,Kg,kg,0.54
2020-04-01,0.62,"Maize (white, flour)",Philippines,National Average,RETAIL,Kg,kg,0.62
2020-05-01,0.64,"Maize (white, flour)",Philippines,National Average,RETAIL,Kg,kg,0.64
2020-06-01,0.65,"Maize (white, flour)",Philippines,National Average,RETAIL,Kg,kg,0.65
2020-07-01,0.61,"Maize (white, flour)",Philippines,National Average,RETAIL,Kg,kg,0.61
2020-08-01,0.61,"Maize (white, flour)",Philippines,National Average,RETAIL,Kg,kg,0.61
2020-09-01,0.61,"Maize (white, flour)",Philippines,National Average,RETAIL,Kg,kg,0.61
2020-10-01,0.59,"Maize (white, flour)",Philippines,National Average,RETAIL,Kg,kg,0.59
2020-11-01,0.59,"Maize (white, flour)",Philippines,National Average,RETAIL,Kg,kg,0.59
2020-12-01,0.59,"Maize (white, flour)",Philippines,National Average,RETAIL,Kg,kg,0.59
2021-01-01,0.61,"Maize (white, flour)",Philippines,National Average,RETAIL,Kg,kg,0.61
2021-02-01,0.62,"Maize (white, flour)",Philippines,National Average,RETAIL,Kg,kg,0.62
2021-03-01,0.62,"Maize (white, flour)",Philippines,National Average,RETAIL,Kg,kg,0.62
2021-04-01,0.66,"Maize (white, flour)",Philippines,National Average,RETAIL,Kg,kg,0.66
2021-05-01,0.71,"Maize (white, flour)",Philippines,National Average,RETAIL,Kg,kg,0.71
2021-06-01,0.72,"Maize (white, flour)",Philippines,National Average,RETAIL,Kg,kg,0.72
2021-07-01,0.72,"Maize (white, flour)",Philippines,National Average,RETAIL,Kg,kg,0.72
2021-08-01,0.72,"Maize (white, flour)",Philippines,National Average,RETAIL,Kg,kg,0.72
2021-09-01,0.7,"Maize (white, flour)",Philippines,National Average,RETAIL,Kg,kg,0.7
2021-10-01,0.7,"Maize (white, flour)",Philippines,National Average,RETAIL,Kg,kg,0.7
2021-11-01,0.7,"Maize (white, flour)",Philippines,National Average,RETAIL,Kg,kg,0.7
2021-12-01,0.7,"Maize (white, flour)",Philippines,National Average,RETAIL,Kg,kg,0.7
2022-01-01,0.7,"Maize (white, flour)",Philippines,National Average,RETAIL,Kg,kg,0.7
2022-02-01,0.71,"Maize (white, flour)",Philippines,National Average,RETAIL,Kg,kg,0.71
2022-03-01,0.69,"Maize (white, flour)",Philippines,National Average,RETAIL,Kg,kg,0.69
2022-04-01,0.7,"Maize (white, flour)",Philippines,National Average,RETAIL,Kg,kg,0.7
2022-05-01,0.7,"Maize (white, flour)",Philippines,National Average,RETAIL,Kg,kg,0.7
2022-06-01,0.69,"Maize (white, flour)",Philippines,National Average,RETAIL,Kg,kg,0.69
2022-07-01,0.68,"Maize (white, flour)",Philippines,National Average,RETAIL,Kg,kg,0.68
2022-08-01,0.68,"Maize (white, flour)",Philippines,National Average,RETAIL,Kg,kg,0.68
2022-09-01,0.69,"Maize (white, flour)",Philippines,National Average,RETAIL,Kg,kg,0.69
2022-10-01,0.67,"Maize (white, flour)",Philippines,National Average,RETAIL,Kg,kg,0.67
2022-11-01,0.69,"Maize (white, flour)",Philippines,National Average,RETAIL,Kg,kg,0.69
2022-12-01,0.72,"Maize (white, flour)",Philippines,National Average,RETAIL,Kg,kg,0.72
2023-01-01,0.73,"Maize (white, flour)",Philippines,National Average,RETAIL,Kg,kg,0.73
2023-02-01,0.74,"Maize (white, flour)",Philippines,National Average,RETAIL,Kg,kg,0.74
2023-03-01,0.74,"Maize (white, flour)",Philippines,National Average,RETAIL,Kg,kg,0.74
2023-04-01,0.73,"Maize (white, flour)",Philippines,National Average,RETAIL,Kg,kg,0.73
2023-05-01,0.73,"Maize (white, flour)",Philippines,National Average,RETAIL,Kg,kg,0.73
2023-06-01,0.72,"Maize (white, flour)",Philippines,National Average,RETAIL,Kg,kg,0.72
2023-07-01,0.74,"Maize (white, flour)",Philippines,National Average,RETAIL,Kg,kg,0.74
2023-08-01,0.73,"Maize (white, flour)",Philippines,National Average,RETAIL,Kg,kg,0.73
2023-09-01,0.77,"Maize (white, flour)",Philippines,National Average,RETAIL,Kg,kg,0.77
2023-10-01,0.77,"Maize (white, flour)",Philippines,National Average,RETAIL,Kg,kg,0.77
2023-11-01,0.8,"Maize (white, flour)",Philippines,National Average,RETAIL,Kg,kg,0.8
2023-12-01,0.8,"Maize (white, flour)",Philippines,National Average,RETAIL,Kg,kg,0.8
2024-01-01,0.8,"Maize (white, flour)",Philippines,National Average,RETAIL,Kg,kg,0.8
2024-02-01,0.8,"Maize (white, flour)",Philippines,National Average,RETAIL,Kg,kg,0.8
2024-03-01,0.81,"Maize (white, flour)",Philippines,National Average,RETAIL,Kg,kg,0.81
2024-04-01,0.8,"Maize (white, flour)",Philippines,National Average,RETAIL,Kg,kg,0.8
2024-05-01,0.79,"Maize (white, flour)",Philippines,National Average,RETAIL,Kg,kg,0.79
2024-06-01,0.78,"Maize (white, flour)",Philippines,National Average,RETAIL,Kg,kg,0.78
2024-07-01,0.79,"Maize (white, flour)",Philippines,National Average,RETAIL,Kg,kg,0.79
2024-08-01,0.84,"Maize (white, flour)",Philippines,National Average,RETAIL,Kg,kg,0.84
2024-09-01,0.85,"Maize (white, flour)",Philippines,National Average,RETAIL,Kg,kg,0.85
2024-10-01,0.79,"Maize (white, flour)",Philippines,National Average,RETAIL,Kg,kg,0.79
2024-11-01,0.74,"Maize (white, flour)",Philippines,National Average,RETAIL,Kg,kg,0.74
2024-12-01,0.73,"Maize (white, flour)",Philippines,National Average,RETAIL,Kg,kg,0.73
2025-01-01,0.71,"Maize (white, flour)",Philippines,National Average,RETAIL,Kg,kg,0.71
2025-02-01,0.69,"Maize (white, flour)",Philippines,National Average,RETAIL,Kg,kg,0.69
2025-03-01,0.69,"Maize (white, flour)",Philippines,National Average,RETAIL,Kg,kg,0.69
2025-04-01,0.7,"Maize (white, flour)",Philippines,National Average,RETAIL,Kg,kg,0.7
2025-05-01,0.71,"Maize (white, flour)",Philippines,National Average,RETAIL,Kg,kg,0.71
2025-06-01,0.69,"Maize (white, flour)",Philippines,National Average,RETAIL,Kg,kg,0.69
2025-07-01,0.69,"Maize (white, flour)",Philippines,National Average,RETAIL,Kg,kg,0.69
2025-08-01,0.68,"Maize (white, flour)",Philippines,National Average,RETAIL,Kg,kg,0.68
2025-09-01,0.69,"Maize (white, flour)",Philippines,National Average,RETAIL,Kg,kg,0.69
2025-10-01,0.68,"Maize (white, flour)",Philippines,National Average,RETAIL,Kg,kg,0.68
2000-01-01,0.3,"Maize (white, flour)",Philippines,National Average,WHOLESALE,Kg,kg,0.3
2000-02-01,0.31,"Maize (white, flour)",Philippines,National Average,WHOLESALE,Kg,kg,0.31
2000-03-01,0.32,"Maize (white, flour)",Philippines,National Average,WHOLESALE,Kg,kg,0.32
2000-04-01,0.32,"Maize (white, flour)",Philippines,National Average,WHOLESALE,Kg,kg,0.32
2000-05-01,0.32,"Maize (white, flour)",Philippines,National Average,WHOLESALE,Kg,kg,0.32
2000-06-01,0.31,"Maize (white, flour)",Philippines,National Average,WHOLESALE,Kg,kg,0.31
2000-07-01,0.28,"Maize (white, flour)",Philippines,National Average,WHOLESALE,Kg,kg,0.28
2000-08-01,0.27,"Maize (white, flour)",Philippines,National Average,WHOLESALE,Kg,kg,0.27
2000-09-01,0.27,"Maize (white, flour)",Philippines,National Average,WHOLESALE,Kg,kg,0.27
2000-10-01,0.26,"Maize (white, flour)",Philippines,National Average,WHOLESALE,Kg,kg,0.26
2000-11-01,0.25,"Maize (white, flour)",Philippines,National Average,WHOLESALE,Kg,kg,0.25
2000-12-01,0.25,"Maize (white, flour)",Philippines,National Average,WHOLESALE,Kg,kg,0.25
2001-01-01,0.24,"Maize (white, flour)",Philippines,National Average,WHOLESALE,Kg,kg,0.24
2001-02-01,0.25,"Maize (white, flour)",Philippines,National Average,WHOLESALE,Kg,kg,0.25
2001-03-01,0.27,"Maize (white, flour)",Philippines,National Average,WHOLESALE,Kg,kg,0.27
2001-04-01,0.27,"Maize (white, flour)",Philippines,National Average,WHOLESALE,Kg,kg,0.27
2001-05-01,0.27,"Maize (white, flour)",Philippines,National Average,WHOLESALE,Kg,kg,0.27
2001-06-01,0.25,"Maize (white, flour)",Philippines,National Average,WHOLESALE,Kg,kg,0.25
2001-07-01,0.22,"Maize (white, flour)",Philippines,National Average,WHOLESALE,Kg,kg,0.22
2001-08-01,0.22,"Maize (white, flour)",Philippines,National Average,WHOLESALE,Kg,kg,0.22
2001-09-01,0.22,"Maize (white, flour)",Philippines,National Average,WHOLESALE,Kg,kg,0.22
2001-10-01,0.21,"Maize (white, flour)",Philippines,National Average,WHOLESALE,Kg,kg,0.21
2001-11-01,0.22,"Maize (white, flour)",Philippines,National Average,WHOLESALE,Kg,kg,0.22
2001-12-01,0.22,"Maize (white, flour)",Philippines,National Average,WHOLESALE,Kg,kg,0.22
2002-01-01,0.22,"Maize (white, flour)",Philippines,National Average,WHOLESALE,Kg,kg,0.22
2002-02-01,0.24,"Maize (white, flour)",Philippines,National Average,WHOLESALE,Kg,kg,0.24
2002-03-01,0.27,"Maize (white, flour)",Philippines,National Average,WHOLESALE,Kg,kg,0.27
2002-04-01,0.28,"Maize (white, flour)",Philippines,National Average,WHOLESALE,Kg,kg,0.28
2002-05-01,0.28,"Maize (white, flour)",Philippines,National Average,WHOLESALE,Kg,kg,0.28
2002-06-01,0.25,"Maize (white, flour)",Philippines,National Average,WHOLESALE,Kg,kg,0.25
2002-07-01,0.25,"Maize (white, flour)",Philippines,National Average,WHOLESALE,Kg,kg,0.25
2002-08-01,0.24,"Maize (white, flour)",Philippines,National Average,WHOLESALE,Kg,kg,0.24
2002-09-01,0.23,"Maize (white, flour)",Philippines,National Average,WHOLESALE,Kg,kg,0.23
2002-10-01,0.23,"Maize (white, flour)",Philippines,National Average,WHOLESALE,Kg,kg,0.23
2002-11-01,0.23,"Maize (white, flour)",Philippines,National Average,WHOLESALE,Kg,kg,0.23
2002-12-01,0.22,"Maize (white, flour)",Philippines,National Average,WHOLESALE,Kg,kg,0.22
2003-01-01,0.23,"Maize (white, flour)",Philippines,National Average,WHOLESALE,Kg,kg,0.23
2003-02-01,0.23,"Maize (white, flour)",Philippines,National Average,WHOLESALE,Kg,kg,0.23
2003-03-01,0.23,"Maize (white, flour)",Philippines,National Average,WHOLESALE,Kg,kg,0.23
2003-04-01,0.24,"Maize (white, flour)",Philippines,National Average,WHOLESALE,Kg,kg,0.24
2003-05-01,0.24,"Maize (white, flour)",Philippines,National Average,WHOLESALE,Kg,kg,0.24
2003-06-01,0.23,"Maize (white, flour)",Philippines,National Average,WHOLESALE,Kg,kg,0.23
2003-07-01,0.24,"Maize (white, flour)",Philippines,National Average,WHOLESALE,Kg,kg,0.24
2003-08-01,0.23,"Maize (white, flour)",Philippines,National Average,WHOLESALE,Kg,kg,0.23
2003-09-01,0.23,"Maize (white, flour)",Philippines,National Average,WHOLESALE,Kg,kg,0.23
2003-10-01,0.22,"Maize (white, flour)",Philippines,National Average,WHOLESALE,Kg,kg,0.22
2003-11-01,0.22,"Maize (white, flour)",Philippines,National Average,WHOLESALE,Kg,kg,0.22
2003-12-01,0.23,"Maize (white, flour)",Philippines,National Average,WHOLESALE,Kg,kg,0.23
2004-01-01,0.23,"Maize (white, flour)",Philippines,National Average,WHOLESALE,Kg,kg,0.23
2004-02-01,0.25,"Maize (white, flour)",Philippines,National Average,WHOLESALE,Kg,kg,0.25
2004-03-01,0.27,"Maize (white, flour)",Philippines,National Average,WHOLESALE,Kg,kg,0.27
2004-04-01,0.28,"Maize (white, flour)",Philippines,National Average,WHOLESALE,Kg,kg,0.28
2004-05-01,0.29,"Maize (white, flour)",Philippines,National Average,WHOLESALE,Kg,kg,0.29
2004-06-01,0.28,"Maize (white, flour)",Philippines,National Average,WHOLESALE,Kg,kg,0.28
2004-07-01,0.28,"Maize (white, flour)",Philippines,National Average,WHOLESALE,Kg,kg,0.28
2004-08-01,0.28,"Maize (white, flour)",Philippines,National Average,WHOLESALE,Kg,kg,0.28
2004-09-01,0.26,"Maize (white, flour)",Philippines,National Average,WHOLESALE,Kg,kg,0.26
2004-10-01,0.26,"Maize (white, flour)",Philippines,National Average,WHOLESALE,Kg,kg,0.26
2004-11-01,0.27,"Maize (white, flour)",Philippines,National Average,WHOLESALE,Kg,kg,0.27
2004-12-01,0.27,"Maize (white, flour)",Philippines,National Average,WHOLESALE,Kg,kg,0.27
2005-01-01,0.27,"Maize (white, flour)",Philippines,National Average,WHOLESALE,Kg,kg,0.27
2005-02-01,0.28,"Maize (white, flour)",Philippines,National Average,WHOLESALE,Kg,kg,0.28
2005-03-01,0.3,"Maize (white, flour)",Philippines,National Average,WHOLESALE,Kg,kg,0.3
2005-04-01,0.31,"Maize (white, flour)",Philippines,National Average,WHOLESALE,Kg,kg,0.31
2005-05-01,0.32,"Maize (white, flour)",Philippines,National Average,WHOLESALE,Kg,kg,0.32
2005-06-01,0.31,"Maize (white, flour)",Philippines,National Average,WHOLESALE,Kg,kg,0.31
2005-07-01,0.28,"Maize (white, flour)",Philippines,National Average,WHOLESALE,Kg,kg,0.28
2005-08-01,0.26,"Maize (white, flour)",Philippines,National Average,WHOLESALE,Kg,kg,0.26
2005-09-01,0.24,"Maize (white, flour)",Philippines,National Average,WHOLESALE,Kg,kg,0.24
2005-10-01,0.23,"Maize (white, flour)",Philippines,National Average,WHOLESALE,Kg,kg,0.23
2005-11-01,0.24,"Maize (white, flour)",Philippines,National Average,WHOLESALE,Kg,kg,0.24
2005-12-01,0.25,"Maize (white, flour)",Philippines,National Average,WHOLESALE,Kg,kg,0.25
2006-01-01,0.27,"Maize (white, flour)",Philippines,National Average,WHOLESALE,Kg,kg,0.27
2006-02-01,0.31,"Maize (white, flour)",Philippines,National Average,WHOLESALE,Kg,kg,0.31
2006-03-01,0.33,"Maize (white, flour)",Philippines,National Average,WHOLESALE,Kg,kg,0.33
2006-04-01,0.34,"Maize (white, flour)",Philippines,National Average,WHOLESALE,Kg,kg,0.34
2006-05-01,0.34,"Maize (white, flour)",Philippines,National Average,WHOLESALE,Kg,kg,0.34
2006-06-01,0.33,"Maize (white, flour)",Philippines,National Average,WHOLESALE,Kg,kg,0.33
2006-07-01,0.33,"Maize (white, flour)",Philippines,National Average,WHOLESALE,Kg,kg,0.33
2006-08-01,0.32,"Maize (white, flour)",Philippines,National Average,WHOLESALE,Kg,kg,0.32
2006-09-01,0.32,"Maize (white, flour)",Philippines,National Average,WHOLESALE,Kg,kg,0.32
2006-10-01,0.32,"Maize (white, flour)",Philippines,National Average,WHOLESALE,Kg,kg,0.32
2006-11-01,0.32,"Maize (white, flour)",Philippines,National Average,WHOLESALE,Kg,kg,0.32
2006-12-01,0.33,"Maize (white, flour)",Philippines,National Average,WHOLESALE,Kg,kg,0.33
2007-01-01,0.34,"Maize (white, flour)",Philippines,National Average,WHOLESALE,Kg,kg,0.34
2007-02-01,0.35,"Maize (white, flour)",Philippines,National Average,WHOLESALE,Kg,kg,0.35
2007-03-01,0.37,"Maize (white, flour)",Philippines,National Average,WHOLESALE,Kg,kg,0.37
2007-04-01,0.39,"Maize (white, flour)",Philippines,National Average,WHOLESALE,Kg,kg,0.39
2007-05-01,0.4,"Maize (white, flour)",Philippines,National Average,WHOLESALE,Kg,kg,0.4
2007-06-01,0.4,"Maize (white, flour)",Philippines,National Average,WHOLESALE,Kg,kg,0.4
2007-07-01,0.38,"Maize (white, flour)",Philippines,National Average,WHOLESALE,Kg,kg,0.38
2007-08-01,0.35,"Maize (white, flour)",Philippines,National Average,WHOLESALE,Kg,kg,0.35
2007-09-01,0.34,"Maize (white, flour)",Philippines,National Average,WHOLESALE,Kg,kg,0.34
2007-10-01,0.35,"Maize (white, flour)",Philippines,National Average,WHOLESALE,Kg,kg,0.35
2007-11-01,0.37,"Maize (white, flour)",Philippines,National Average,WHOLESALE,Kg,kg,0.37
2007-12-01,0.39,"Maize (white, flour)",Philippines,National Average,WHOLESALE,Kg,kg,0.39
2008-01-01,0.41,"Maize (white, flour)",Philippines,National Average,WHOLESALE,Kg,kg,0.41
2008-02-01,0.45,"Maize (white, flour)",Philippines,National Average,WHOLESALE,Kg,kg,0.45
2008-03-01,0.51,"Maize (white, flour)",Philippines,National Average,WHOLESALE,Kg,kg,0.51
2008-04-01,0.59,"Maize (white, flour)",Philippines,National Average,WHOLESALE,Kg,kg,0.59
2008-05-01,0.61,"Maize (white, flour)",Philippines,National Average,WHOLESALE,Kg,kg,0.61
2008-06-01,0.69,"Maize (white, flour)",Philippines,National Average,WHOLESALE,Kg,kg,0.69
2008-07-01,0.6,"Maize (white, flour)",Philippines,National Average,WHOLESALE,Kg,kg,0.6
2008-08-01,0.52,"Maize (white, flour)",Philippines,National Average,WHOLESALE,Kg,kg,0.52
2008-09-01,0.5,"Maize (white, flour)",Philippines,National Average,WHOLESALE,Kg,kg,0.5
2008-10-01,0.49,"Maize (white, flour)",Philippines,National Average,WHOLESALE,Kg,kg,0.49
2008-11-01,0.48,"Maize (white, flour)",Philippines,National Average,WHOLESALE,Kg,kg,0.48
2008-12-01,0.46,"Maize (white, flour)",Philippines,National Average,WHOLESALE,Kg,kg,0.46
2009-01-01,0.51,"Maize (white, flour)",Philippines,National Average,WHOLESALE,Kg,kg,0.51
2009-02-01,0.58,"Maize (white, flour)",Philippines,National Average,WHOLESALE,Kg,kg,0.58
2009-03-01,0.59,"Maize (white, flour)",Philippines,National Average,WHOLESALE,Kg,kg,0.59
2009-04-01,0.58,"Maize (white, flour)",Philippines,National Average,WHOLESALE,Kg,kg,0.58
2009-05-01,0.56,"Maize (white, flour)",Philippines,National Average,WHOLESALE,Kg,kg,0.56
2009-06-01,0.51,"Maize (white, flour)",Philippines,National Average,WHOLESALE,Kg,kg,0.51
2009-07-01,0.49,"Maize (white, flour)",Philippines,National Average,WHOLESALE,Kg,kg,0.49
2009-08-01,0.45,"Maize (white, flour)",Philippines,National Average,WHOLESALE,Kg,kg,0.45
2009-09-01,0.43,"Maize (white, flour)",Philippines,National Average,WHOLESALE,Kg,kg,0.43
2009-10-01,0.47,"Maize (white, flour)",Philippines,National Average,WHOLESALE,Kg,kg,0.47
2009-11-01,0.47,"Maize (white, flour)",Philippines,National Average,WHOLESALE,Kg,kg,0.47
2009-12-01,0.48,"Maize (white, flour)",Philippines,National Average,WHOLESALE,Kg,kg,0.48
2010-01-01,0.5,"Maize (white, flour)",Philippines,National Average,WHOLESALE,Kg,kg,0.5
2010-02-01,0.52,"Maize (white, flour)",Philippines,National Average,WHOLESALE,Kg,kg,0.52
2010-03-01,0.52,"Maize (white, flour)",Philippines,National Average,WHOLESALE,Kg,kg,0.52
2010-04-01,0.53,"Maize (white, flour)",Philippines,National Average,WHOLESALE,Kg,kg,0.53
2010-05-01,0.5,"Maize (white, flour)",Philippines,National Average,WHOLESALE,Kg,kg,0.5
2010-06-01,0.48,"Maize (white, flour)",Philippines,National Average,WHOLESALE,Kg,kg,0.48
2010-07-01,0.47,"Maize (white, flour)",Philippines,National Average,WHOLESALE,Kg,kg,0.47
2010-08-01,0.45,"Maize (white, flour)",Philippines,National Average,WHOLESALE,Kg,kg,0.45
2010-09-01,0.44,"Maize (white, flour)",Philippines,National Average,WHOLESALE,Kg,kg,0.44
2010-10-01,0.44,"Maize (white, flour)",Philippines,National Average,WHOLESALE,Kg,kg,0.44
2010-11-01,0.45,"Maize (white, flour)",Philippines,National Average,WHOLESALE,Kg,kg,0.45
2010-12-01,0.47,"Maize (white, flour)",Philippines,National Average,WHOLESALE,Kg,kg,0.47
2011-01-01,0.5,"Maize (white, flour)",Philippines,National Average,WHOLESALE,Kg,kg,0.5
2011-02-01,0.57,"Maize (white, flour)",Philippines,National Average,WHOLESALE,Kg,kg,0.57
2011-03-01,0.58,"Maize (white, flour)",Philippines,National Average,WHOLESALE,Kg,kg,0.58
2011-04-01,0.61,"Maize (white, flour)",Philippines,National Average,WHOLESALE,Kg,kg,0.61
2011-05-01,0.63,"Maize (white, flour)",Philippines,National Average,WHOLESALE,Kg,kg,0.63
2011-06-01,0.63,"Maize (white, flour)",Philippines,National Average,WHOLESALE,Kg,kg,0.63
2011-07-01,0.65,"Maize (white, flour)",Philippines,National Average,WHOLESALE,Kg,kg,0.65
2011-08-01,0.63,"Maize (white, flour)",Philippines,National Average,WHOLESALE,Kg,kg,0.63
2011-09-01,0.6,"Maize (white, flour)",Philippines,National Average,WHOLESALE,Kg,kg,0.6
2011-10-01,0.6,"Maize (white, flour)",Philippines,National Average,WHOLESALE,Kg,kg,0.6
2011-11-01,0.64,"Maize (white, flour)",Philippines,National Average,WHOLESALE,Kg,kg,0.64
2011-12-01,0.62,"Maize (white, flour)",Philippines,National Average,WHOLESALE,Kg,kg,0.62
2012-01-01,0.61,"Maize (white, flour)",Philippines,National Average,WHOLESALE,Kg,kg,0.61
2012-02-01,0.61,"Maize (white, flour)",Philippines,National Average,WHOLESALE,Kg,kg,0.61
2012-03-01,0.6,"Maize (white, flour)",Philippines,National Average,WHOLESALE,Kg,kg,0.6
2012-04-01,0.59,"Maize (white, flour)",Philippines,National Average,WHOLESALE,Kg,kg,0.59
2012-05-01,0.58,"Maize (white, flour)",Philippines,National Average,WHOLESALE,Kg,kg,0.58
2012-06-01,0.57,"Maize (white, flour)",Philippines,National Average,WHOLESALE,Kg,kg,0.57
2012-07-01,0.58,"Maize (white, flour)",Philippines,National Average,WHOLESALE,Kg,kg,0.58
2012-08-01,0.56,"Maize (white, flour)",Philippines,National Average,WHOLESALE,Kg,kg,0.56
2012-09-01,0.56,"Maize (white, flour)",Philippines,National Average,WHOLESALE,Kg,kg,0.56
2012-10-01,0.59,"Maize (white, flour)",Philippines,National Average,WHOLESALE,Kg,kg,0.59
2012-11-01,0.64,"Maize (white, flour)",Philippines,National Average,WHOLESALE,Kg,kg,0.64
2012-12-01,0.64,"Maize (white, flour)",Philippines,National Average,WHOLESALE,Kg,kg,0.64
2013-01-01,0.64,"Maize (white, flour)",Philippines,National Average,WHOLESALE,Kg,kg,0.64
2013-02-01,0.64,"Maize (white, flour)",Philippines,National Average,WHOLESALE,Kg,kg,0.64
2013-03-01,0.65,"Maize (white, flour)",Philippines,National Average,WHOLESALE,Kg,kg,0.65
2013-04-01,0.65,"Maize (white, flour)",Philippines,National Average,WHOLESALE,Kg,kg,0.65
2013-05-01,0.64,"Maize (white, flour)",Philippines,National Average,WHOLESALE,Kg,kg,0.64
2013-06-01,0.61,"Maize (white, flour)",Philippines,National Average,WHOLESALE,Kg,kg,0.61
2013-07-01,0.59,"Maize (white, flour)",Philippines,National Average,WHOLESALE,Kg,kg,0.59
2013-08-01,0.56,"Maize (white, flour)",Philippines,National Average,WHOLESALE,Kg,kg,0.56
2013-09-01,0.56,"Maize (white, flour)",Philippines,National Average,WHOLESALE,Kg,kg,0.56
2013-10-01,0.57,"Maize (white, flour)",Philippines,National Average,WHOLESALE,Kg,kg,0.57
2013-11-01,0.59,"Maize (white, flour)",Philippines,National Average,WHOLESALE,Kg,kg,0.59
2013-12-01,0.61,"Maize (white, flour)",Philippines,National Average,WHOLESALE,Kg,kg,0.61
2014-01-01,0.59,"Maize (white, flour)",Philippines,National Average,WHOLESALE,Kg,kg,0.59
2014-02-01,0.61,"Maize (white, flour)",Philippines,National Average,WHOLESALE,Kg,kg,0.61
2014-03-01,0.62,"Maize (white, flour)",Philippines,National Average,WHOLESALE,Kg,kg,0.62
2014-04-01,0.65,"Maize (white, flour)",Philippines,National Average,WHOLESALE,Kg,kg,0.65
2014-05-01,0.67,"Maize (white, flour)",Philippines,National Average,WHOLESALE,Kg,kg,0.67
2014-06-01,0.68,"Maize (white, flour)",Philippines,National Average,WHOLESALE,Kg,kg,0.68
2014-07-01,0.67,"Maize (white, flour)",Philippines,National Average,WHOLESALE,Kg,kg,0.67
2014-08-01,0.59,"Maize (white, flour)",Philippines,National Average,WHOLESALE,Kg,kg,0.59
2014-09-01,0.56,"Maize (white, flour)",Philippines,National Average,WHOLESALE,Kg,kg,0.56
2014-10-01,0.54,"Maize (white, flour)",Philippines,National Average,WHOLESALE,Kg,kg,0.54
2014-11-01,0.54,"Maize (white, flour)",Philippines,National Average,WHOLESALE,Kg,kg,0.54
2014-12-01,0.53,"Maize (white, flour)",Philippines,National Average,WHOLESALE,Kg,kg,0.53
2015-01-01,0.5,"Maize (white, flour)",Philippines,National Average,WHOLESALE,Kg,kg,0.5
2015-02-01,0.49,"Maize (white, flour)",Philippines,National Average,WHOLESALE,Kg,kg,0.49
2015-03-01,0.54,"Maize (white, flour)",Philippines,National Average,WHOLESALE,Kg,kg,0.54
2015-04-01,0.57,"Maize (white, flour)",Philippines,National Average,WHOLESALE,Kg,kg,0.57
2015-05-01,0.58,"Maize (white, flour)",Philippines,National Average,WHOLESALE,Kg,kg,0.58
2015-06-01,0.63,"Maize (white, flour)",Philippines,National Average,WHOLESALE,Kg,kg,0.63
2015-07-01,0.59,"Maize (white, flour)",Philippines,National Average,WHOLESALE,Kg,kg,0.59
2015-08-01,0.57,"Maize (white, flour)",Philippines,National Average,WHOLESALE,Kg,kg,0.57
2015-09-01,0.52,"Maize (white, flour)",Philippines,National Average,WHOLESALE,Kg,kg,0.52
2015-10-01,0.51,"Maize (white, flour)",Philippines,National Average,WHOLESALE,Kg,kg,0.51
2015-11-01,0.49,"Maize (white, flour)",Philippines,National Average,WHOLESALE,Kg,kg,0.49
2015-12-01,0.48,"Maize (white, flour)",Philippines,National Average,WHOLESALE,Kg,kg,0.48
2016-01-01,0.47,"Maize (white, flour)",Philippines,National Average,WHOLESALE,Kg,kg,0.47
2016-02-01,0.46,"Maize (white, flour)",Philippines,National Average,WHOLESALE,Kg,kg,0.46
2016-03-01,0.53,"Maize (white, flour)",Philippines,National Average,WHOLESALE,Kg,kg,0.53
2016-04-01,0.54,"Maize (white, flour)",Philippines,National Average,WHOLESALE,Kg,kg,0.54
2016-05-01,0.55,"Maize (white, flour)",Philippines,National Average,WHOLESALE,Kg,kg,0.55
2016-06-01,0.56,"Maize (white, flour)",Philippines,National Average,WHOLESALE,Kg,kg,0.56
2016-07-01,0.55,"Maize (white, flour)",Philippines,National Average,WHOLESALE,Kg,kg,0.55
2016-08-01,0.53,"Maize (white, flour)",Philippines,National Average,WHOLESALE,Kg,kg,0.53
2016-09-01,0.47,"Maize (white, flour)",Philippines,National Average,WHOLESALE,Kg,kg,0.47
2016-10-01,0.42,"Maize (white, flour)",Philippines,National Average,WHOLESALE,Kg,kg,0.42
2016-11-01,0.4,"Maize (white, flour)",Philippines,National Average,WHOLESALE,Kg,kg,0.4
2016-12-01,0.39,"Maize (white, flour)",Philippines,National Average,WHOLESALE,Kg,kg,0.39
2017-01-01,0.38,"Maize (white, flour)",Philippines,National Average,WHOLESALE,Kg,kg,0.38
2017-02-01,0.4,"Maize (white, flour)",Philippines,National Average,WHOLESALE,Kg,kg,0.4
2017-03-01,0.45,"Maize (white, flour)",Philippines,National Average,WHOLESALE,Kg,kg,0.45
2017-04-01,0.45,"Maize (white, flour)",Philippines,National Average,WHOLESALE,Kg,kg,0.45
2017-05-01,0.46,"Maize (white, flour)",Philippines,National Average,WHOLESALE,Kg,kg,0.46
2017-06-01,0.48,"Maize (white, flour)",Philippines,National Average,WHOLESALE,Kg,kg,0.48
2017-07-01,0.49,"Maize (white, flour)",Philippines,National Average,WHOLESALE,Kg,kg,0.49
2017-08-01,0.51,"Maize (white, flour)",Philippines,National Average,WHOLESALE,Kg,kg,0.51
2017-09-01,0.54,"Maize (white, flour)",Philippines,National Average,WHOLESALE,Kg,kg,0.54
2017-10-01,0.56,"Maize (white, flour)",Philippines,National Average,WHOLESALE,Kg,kg,0.56
2017-11-01,0.62,"Maize (white, flour)",Philippines,National Average,WHOLESALE,Kg,kg,0.62
2017-12-01,0.65,"Maize (white, flour)",Philippines,National Average,WHOLESALE,Kg,kg,0.65
2018-01-01,0.63,"Maize (white, flour)",Philippines,National Average,WHOLESALE,Kg,kg,0.63
2018-02-01,0.62,"Maize (white, flour)",Philippines,National Average,WHOLESALE,Kg,kg,0.62
2018-03-01,0.62,"Maize (white, flour)",Philippines,National Average,WHOLESALE,Kg,kg,0.62
2018-04-01,0.62,"Maize (white, flour)",Philippines,National Average,WHOLESALE,Kg,kg,0.62
2018-05-01,0.63,"Maize (white, flour)",Philippines,National Average,WHOLESALE,Kg,kg,0.63
2018-06-01,0.6,"Maize (white, flour)",Philippines,National Average,WHOLESALE,Kg,kg,0.6
2018-07-01,0.56,"Maize (white, flour)",Philippines,National Average,WHOLESALE,Kg,kg,0.56
2018-08-01,0.5,"Maize (white, flour)",Philippines,National Average,WHOLESALE,Kg,kg,0.5
2018-09-01,0.49,"Maize (white, flour)",Philippines,National Average,WHOLESALE,Kg,kg,0.49
2018-10-01,0.48,"Maize (white, flour)",Philippines,National Average,WHOLESALE,Kg,kg,0.48
2018-11-01,0.47,"Maize (white, flour)",Philippines,National Average,WHOLESALE,Kg,kg,0.47
2018-12-01,0.46,"Maize (white, flour)",Philippines,National Average,WHOLESALE,Kg,kg,0.46
2019-01-01,0.47,"Maize (white, flour)",Philippines,National Average,WHOLESALE,Kg,kg,0.47
2019-02-01,0.47,"Maize (white, flour)",Philippines,National Average,WHOLESALE,Kg,kg,0.47
2019-03-01,0.47,"Maize (white, flour)",Philippines,National Average,WHOLESALE,Kg,kg,0.47
2019-04-01,0.51,"Maize (white, flour)",Philippines,National Average,WHOLESALE,Kg,kg,0.51
2019-05-01,0.49,"Maize (white, flour)",Philippines,National Average,WHOLESALE,Kg,kg,0.49
2019-06-01,0.52,"Maize (white, flour)",Philippines,National Average,WHOLESALE,Kg,kg,0.52
2019-07-01,0.52,"Maize (white, flour)",Philippines,National Average,WHOLESALE,Kg,kg,0.52
2019-08-01,0.51,"Maize (white, flour)",Philippines,National Average,WHOLESALE,Kg,kg,0.51
2019-09-01,0.49,"Maize (white, flour)",Philippines,National Average,WHOLESALE,Kg,kg,0.49
2019-10-01,0.48,"Maize (white, flour)",Philippines,National Average,WHOLESALE,Kg,kg,0.48
2019-11-01,0.46,"Maize (white, flour)",Philippines,National Average,WHOLESALE,Kg,kg,0.46
2019-12-01,,"Maize (white, flour)",Philippines,National Average,WHOLESALE,Kg,kg,
2020-01-01,0.45,"Maize (white, flour)",Philippines,National Average,WHOLESALE,Kg,kg,0.45
2020-02-01,0.44,"Maize (white, flour)",Philippines,National Average,WHOLESALE,Kg,kg,0.44
2020-03-01,0.45,"Maize (white, flour)",Philippines,National Average,WHOLESALE,Kg,kg,0.45
2020-04-01,0.55,"Maize (white, flour)",Philippines,National Average,WHOLESALE,Kg,kg,0.55
2020-05-01,0.58,"Maize (white, flour)",Philippines,National Average,WHOLESALE,Kg,kg,0.58
2020-06-01,0.56,"Maize (white, flour)",Philippines,National Average,WHOLESALE,Kg,kg,0.56
2020-07-01,0.52,"Maize (white, flour)",Philippines,National Average,WHOLESALE,Kg,kg,0.52
2020-08-01,0.52,"Maize (white, flour)",Philippines,National Average,WHOLESALE,Kg,kg,0.52
2020-09-01,0.52,"Maize (white, flour)",Philippines,National Average,WHOLESALE,Kg,kg,0.52
2020-10-01,0.54,"Maize (white, flour)",Philippines,National Average,WHOLESALE,Kg,kg,0.54
2020-11-01,0.5,"Maize (white, flour)",Philippines,National Average,WHOLESALE,Kg,kg,0.5
2020-12-01,,"Maize (white, flour)",Philippines,National Average,WHOLESALE,Kg,kg,
2021-01-01,0.53,"Maize (white, flour)",Philippines,National Average,WHOLESALE,Kg,kg,0.53
2021-02-01,0.54,"Maize (white, flour)",Philippines,National Average,WHOLESALE,Kg,kg,0.54
2021-03-01,0.59,"Maize (white, flour)",Philippines,National Average,WHOLESALE,Kg,kg,0.59
2021-04-01,0.63,"Maize (white, flour)",Philippines,National Average,WHOLESALE,Kg,kg,0.63
2021-05-01,0.67,"Maize (white, flour)",Philippines,National Average,WHOLESALE,Kg,kg,0.67
2021-06-01,0.73,"Maize (white, flour)",Philippines,National Average,WHOLESALE,Kg,kg,0.73
2021-07-01,0.73,"Maize (white, flour)",Philippines,National Average,WHOLESALE,Kg,kg,0.73
2021-08-01,0.71,"Maize (white, flour)",Philippines,National Average,WHOLESALE,Kg,kg,0.71
2021-09-01,0.69,"Maize (white, flour)",Philippines,National Average,WHOLESALE,Kg,kg,0.69
2021-10-01,0.66,"Maize (white, flour)",Philippines,National Average,WHOLESALE,Kg,kg,0.66
2021-11-01,0.66,"Maize (white, flour)",Philippines,National Average,WHOLESALE,Kg,kg,0.66
2021-12-01,0.66,"Maize (white, flour)",Philippines,National Average,WHOLESALE,Kg,kg,0.66
2022-01-01,0.65,"Maize (white, flour)",Philippines,National Average,WHOLESALE,Kg,kg,0.65
2022-02-01,0.65,"Maize (white, flour)",Philippines,National Average,WHOLESALE,Kg,kg,0.65
2022-03-01,0.64,"Maize (white, flour)",Philippines,National Average,WHOLESALE,Kg,kg,0.64
2022-04-01,0.65,"Maize (white, flour)",Philippines,National Average,WHOLESALE,Kg,kg,0.65
2022-05-01,0.64,"Maize (white, flour)",Philippines,National Average,WHOLESALE,Kg,kg,0.64
2022-06-01,0.69,"Maize (white, flour)",Philippines,National Average,WHOLESALE,Kg,kg,0.69
2022-07-01,0.64,"Maize (white, flour)",Philippines,National Average,WHOLESALE,Kg,kg,0.64
2022-08-01,0.65,"Maize (white, flour)",Philippines,National Average,WHOLESALE,Kg,kg,0.65
2022-09-01,0.64,"Maize (white, flour)",Philippines,National Average,WHOLESALE,Kg,kg,0.64
2022-10-01,0.64,"Maize (white, flour)",Philippines,National Average,WHOLESALE,Kg,kg,0.64
2022-11-01,0.64,"Maize (white, flour)",Philippines,National Average,WHOLESALE,Kg,kg,0.64
2022-12-01,0.67,"Maize (white, flour)",Philippines,National Average,WHOLESALE,Kg,kg,0.67
2023-01-01,0.65,"Maize (white, flour)",Philippines,National Average,WHOLESALE,Kg,kg,0.65
2023-02-01,0.65,"Maize (white, flour)",Philippines,National Average,WHOLESALE,Kg,kg,0.65
2023-03-01,0.64,"Maize (white, flour)",Philippines,National Average,WHOLESALE,Kg,kg,0.64
2023-04-01,0.64,"Maize (white, flour)",Philippines,National Average,WHOLESALE,Kg,kg,0.64
2023-05-01,0.65,"Maize (white, flour)",Philippines,National Average,WHOLESALE,Kg,kg,0.65
2023-06-01,0.66,"Maize (white, flour)",Philippines,National Average,WHOLESALE,Kg,kg,0.66
2023-07-01,0.68,"Maize (white, flour)",Philippines,National Average,WHOLESALE,Kg,kg,0.68
2023-08-01,0.67,"Maize (white, flour)",Philippines,National Average,WHOLESALE,Kg,kg,0.67
2023-09-01,0.68,"Maize (white, flour)",Philippines,National Average,WHOLESALE,Kg,kg,0.68
2023-10-01,0.68,"Maize (white, flour)",Philippines,National Average,WHOLESALE,Kg,kg,0.68
2023-11-01,0.7,"Maize (white, flour)",Philippines,National Average,WHOLESALE,Kg,kg,0.7
2023-12-01,0.7,"Maize (white, flour)",Philippines,National Average,WHOLESALE,Kg,kg,0.7
2024-01-01,0.7,"Maize (white, flour)",Philippines,National Average,WHOLESALE,Kg,kg,0.7
2024-02-01,0.7,"Maize (white, flour)",Philippines,National Average,WHOLESALE,Kg,kg,0.7
2024-03-01,0.71,"Maize (white, flour)",Philippines,National Average,WHOLESALE,Kg,kg,0.71
2024-04-01,0.72,"Maize (white, flour)",Philippines,National Average,WHOLESALE,Kg,kg,0.72
2024-05-01,0.72,"Maize (white, flour)",Philippines,National Average,WHOLESALE,Kg,kg,0.72
2024-06-01,0.72,"Maize (white, flour)",Philippines,National Average,WHOLESALE,Kg,kg,0.72
2024-07-01,0.75,"Maize (white, flour)",Philippines,National Average,WHOLESALE,Kg,kg,0.75
2024-08-01,0.78,"Maize (white, flour)",Philippines,National Average,WHOLESALE,Kg,kg,0.78
2024-09-01,0.75,"Maize (white, flour)",Philippines,National Average,WHOLESALE,Kg,kg,0.75
2024-10-01,0.66,"Maize (white, flour)",Philippines,National Average,WHOLESALE,Kg,kg,0.66
2024-11-01,0.58,"Maize (white, flour)",Philippines,National Average,WHOLESALE,Kg,kg,0.58
2024-12-01,0.57,"Maize (white, flour)",Philippines,National Average,WHOLESALE,Kg,kg,0.57
2025-01-01,0.52,"Maize (white, flour)",Philippines,National Average,WHOLESALE,Kg,kg,0.52
2025-02-01,0.49,"Maize (white, flour)",Philippines,National Average,WHOLESALE,Kg,kg,0.49
2025-03-01,0.51,"Maize (white, flour)",Philippines,National Average,WHOLESALE,Kg,kg,0.51
2025-04-01,0.55,"Maize (white, flour)",Philippines,National Average,WHOLESALE,Kg,kg,0.55
2025-05-01,0.58,"Maize (white, flour)",Philippines,National Average,WHOLESALE,Kg,kg,0.58
2025-06-01,0.57,"Maize (white, flour)",Philippines,National Average,WHOLESALE,Kg,kg,0.57
2025-07-01,0.55,"Maize (white, flour)",Philippines,National Average,WHOLESALE,Kg,kg,0.55
2025-08-01,0.55,"Maize (white, flour)",Philippines,National Average,WHOLESALE,Kg,kg,0.55
2025-09-01,0.56,"Maize (white, flour)",Philippines,National Average,WHOLESALE,Kg,kg,0.56
2025-10-01,0.55,"Maize (white, flour)",Philippines,National Average,WHOLESALE,Kg,kg,0.55
