date,price_usd,commodity_name,country,market,price_type,unit
2014-01-01,0.75,Bread (white),Eswatini,Hhohho,RETAIL,800 gms
2014-02-01,0.76,Bread (white),Eswatini,Hhohho,RETAIL,800 gms
2014-03-01,0.78,Bread (white),Eswatini,Hhohho,RETAIL,800 gms
2014-04-01,0.8,Bread (white),Eswatini,Hhohho,RETAIL,800 gms
2014-05-01,0.79,Bread (white),Eswatini,Hhohho,RETAIL,800 gms
2014-06-01,0.77,Bread (white),Eswatini,Hhohho,RETAIL,800 gms
2014-07-01,0.78,Bread (white),Eswatini,Hhohho,RETAIL,800 gms
2014-08-01,0.79,Bread (white),Eswatini,Hhohho,RETAIL,800 gms
2014-09-01,0.81,Bread (white),Eswatini,Hhohho,RETAIL,800 gms
2014-10-01,0.8,Bread (white),Eswatini,Hhohho,RETAIL,800 gms
2014-11-01,0.8,Bread (white),Eswatini,Hhohho,RETAIL,800 gms
2014-12-01,0.78,Bread (white),Eswatini,Hhohho,RETAIL,800 gms
2015-01-01,0.77,Bread (white),Eswatini,Hhohho,RETAIL,800 gms
2015-02-01,0.77,Bread (white),Eswatini,Hhohho,RETAIL,800 gms
2015-03-01,0.74,Bread (white),Eswatini,Hhohho,RETAIL,800 gms
2015-04-01,0.74,Bread (white),Eswatini,Hhohho,RETAIL,800 gms
2015-05-01,0.78,Bread (white),Eswatini,Hhohho,RETAIL,800 gms
2015-06-01,0.76,Bread (white),Eswatini,Hhohho,RETAIL,800 gms
2015-07-01,0.75,Bread (white),Eswatini,Hhohho,RETAIL,800 gms
2015-08-01,0.73,Bread (white),Eswatini,Hhohho,RETAIL,800 gms
2015-09-01,0.69,Bread (white),Eswatini,Hhohho,RETAIL,800 gms
2015-10-01,0.7,Bread (white),Eswatini,Hhohho,RETAIL,800 gms
2015-11-01,0.67,Bread (white),Eswatini,Hhohho,RETAIL,800 gms
2015-12-01,0.63,Bread (white),Eswatini,Hhohho,RETAIL,800 gms
2016-01-01,0.57,Bread (white),Eswatini,Hhohho,RETAIL,800 gms
2016-02-01,0.6,Bread (white),Eswatini,Hhohho,RETAIL,800 gms
2016-03-01,0.61,Bread (white),Eswatini,Hhohho,RETAIL,800 gms
2016-04-01,0.64,Bread (white),Eswatini,Hhohho,RETAIL,800 gms
2016-05-01,0.61,Bread (white),Eswatini,Hhohho,RETAIL,800 gms
2016-06-01,0.62,Bread (white),Eswatini,Hhohho,RETAIL,800 gms
2016-07-01,0.65,Bread (white),Eswatini,Hhohho,RETAIL,800 gms
2016-08-01,0.68,Bread (white),Eswatini,Hhohho,RETAIL,800 gms
2016-09-01,0.67,Bread (white),Eswatini,Hhohho,RETAIL,800 gms
2016-10-01,0.67,Bread (white),Eswatini,Hhohho,RETAIL,800 gms
2016-11-01,0.67,Bread (white),Eswatini,Hhohho,RETAIL,800 gms
2016-12-01,0.68,Bread (white),Eswatini,Hhohho,RETAIL,800 gms
2017-01-01,0.78,Bread (white),Eswatini,Hhohho,RETAIL,800 gms
2017-02-01,0.8,Bread (white),Eswatini,Hhohho,RETAIL,800 gms
2017-03-01,0.82,Bread (white),Eswatini,Hhohho,RETAIL,800 gms
2017-04-01,0.79,Bread (white),Eswatini,Hhohho,RETAIL,800 gms
2017-05-01,0.8,Bread (white),Eswatini,Hhohho,RETAIL,800 gms
2017-06-01,0.82,Bread (white),Eswatini,Hhohho,RETAIL,800 gms
2017-07-01,0.81,Bread (white),Eswatini,Hhohho,RETAIL,800 gms
2017-08-01,0.8,Bread (white),Eswatini,Hhohho,RETAIL,800 gms
2017-09-01,0.81,Bread (white),Eswatini,Hhohho,RETAIL,800 gms
2017-10-01,0.78,Bread (white),Eswatini,Hhohho,RETAIL,800 gms
2017-11-01,0.76,Bread (white),Eswatini,Hhohho,RETAIL,800 gms
2017-12-01,0.8,Bread (white),Eswatini,Hhohho,RETAIL,800 gms
2018-01-01,0.87,Bread (white),Eswatini,Hhohho,RETAIL,800 gms
2018-02-01,0.9,Bread (white),Eswatini,Hhohho,RETAIL,800 gms
2018-03-01,0.9,Bread (white),Eswatini,Hhohho,RETAIL,800 gms
2018-04-01,0.88,Bread (white),Eswatini,Hhohho,RETAIL,800 gms
2018-05-01,0.85,Bread (white),Eswatini,Hhohho,RETAIL,800 gms
2018-06-01,0.8,Bread (white),Eswatini,Hhohho,RETAIL,800 gms
2018-07-01,0.8,Bread (white),Eswatini,Hhohho,RETAIL,800 gms
2018-08-01,0.76,Bread (white),Eswatini,Hhohho,RETAIL,800 gms
2018-09-01,0.72,Bread (white),Eswatini,Hhohho,RETAIL,800 gms
2018-10-01,0.74,Bread (white),Eswatini,Hhohho,RETAIL,800 gms
2018-11-01,0.75,Bread (white),Eswatini,Hhohho,RETAIL,800 gms
2018-12-01,0.75,Bread (white),Eswatini,Hhohho,RETAIL,800 gms
2019-01-01,0.77,Bread (white),Eswatini,Hhohho,RETAIL,800 gms
2019-02-01,0.77,Bread (white),Eswatini,Hhohho,RETAIL,800 gms
2019-03-01,0.74,Bread (white),Eswatini,Hhohho,RETAIL,800 gms
2019-04-01,0.75,Bread (white),Eswatini,Hhohho,RETAIL,800 gms
2019-05-01,0.74,Bread (white),Eswatini,Hhohho,RETAIL,800 gms
2019-06-01,0.73,Bread (white),Eswatini,Hhohho,RETAIL,800 gms
2019-07-01,0.76,Bread (white),Eswatini,Hhohho,RETAIL,800 gms
2019-08-01,0.7,Bread (white),Eswatini,Hhohho,RETAIL,800 gms
2019-09-01,0.72,Bread (white),Eswatini,Hhohho,RETAIL,800 gms
2019-10-01,0.71,Bread (white),Eswatini,Hhohho,RETAIL,800 gms
2019-11-01,0.72,Bread (white),Eswatini,Hhohho,RETAIL,800 gms
2019-12-01,0.76,Bread (white),Eswatini,Hhohho,RETAIL,800 gms
2020-01-01,0.76,Bread (white),Eswatini,Hhohho,RETAIL,800 gms
2020-02-01,0.73,Bread (white),Eswatini,Hhohho,RETAIL,800 gms
2020-03-01,0.66,Bread (white),Eswatini,Hhohho,RETAIL,800 gms
2020-04-01,0.59,Bread (white),Eswatini,Hhohho,RETAIL,800 gms
2020-05-01,0.61,Bread (white),Eswatini,Hhohho,RETAIL,800 gms
2020-06-01,0.65,Bread (white),Eswatini,Hhohho,RETAIL,800 gms
2020-07-01,0.66,Bread (white),Eswatini,Hhohho,RETAIL,800 gms
2020-08-01,0.64,Bread (white),Eswatini,Hhohho,RETAIL,800 gms
2020-09-01,0.66,Bread (white),Eswatini,Hhohho,RETAIL,800 gms
2020-10-01,0.67,Bread (white),Eswatini,Hhohho,RETAIL,800 gms
2020-11-01,0.75,Bread (white),Eswatini,Hhohho,RETAIL,800 gms
2020-12-01,0.78,Bread (white),Eswatini,Hhohho,RETAIL,800 gms
2021-01-01,0.77,Bread (white),Eswatini,Hhohho,RETAIL,800 gms
2021-02-01,0.8,Bread (white),Eswatini,Hhohho,RETAIL,800 gms
2021-03-01,0.79,Bread (white),Eswatini,Hhohho,RETAIL,800 gms
2021-04-01,0.83,Bread (white),Eswatini,Hhohho,RETAIL,800 gms
2021-05-01,0.85,Bread (white),Eswatini,Hhohho,RETAIL,800 gms
2021-06-01,0.85,Bread (white),Eswatini,Hhohho,RETAIL,800 gms
2021-07-01,0.83,Bread (white),Eswatini,Hhohho,RETAIL,800 gms
2021-08-01,0.81,Bread (white),Eswatini,Hhohho,RETAIL,800 gms
2021-09-01,0.82,Bread (white),Eswatini,Hhohho,RETAIL,800 gms
2021-10-01,0.8,Bread (white),Eswatini,Hhohho,RETAIL,800 gms
2021-11-01,0.76,Bread (white),Eswatini,Hhohho,RETAIL,800 gms
2021-12-01,0.74,Bread (white),Eswatini,Hhohho,RETAIL,800 gms
2022-01-01,0.76,Bread (white),Eswatini,Hhohho,RETAIL,800 gms
2022-02-01,0.78,Bread (white),Eswatini,Hhohho,RETAIL,800 gms
2022-03-01,0.79,Bread (white),Eswatini,Hhohho,RETAIL,800 gms
2022-04-01,0.84,Bread (white),Eswatini,Hhohho,RETAIL,800 gms
2022-05-01,0.81,Bread (white),Eswatini,Hhohho,RETAIL,800 gms
2022-06-01,0.81,Bread (white),Eswatini,Hhohho,RETAIL,800 gms
2022-07-01,0.82,Bread (white),Eswatini,Hhohho,RETAIL,800 gms
2022-08-01,0.89,Bread (white),Eswatini,Hhohho,RETAIL,800 gms
2022-09-01,0.85,Bread (white),Eswatini,Hhohho,RETAIL,800 gms
2022-10-01,0.85,Bread (white),Eswatini,Hhohho,RETAIL,800 gms
2022-11-01,0.88,Bread (white),Eswatini,Hhohho,RETAIL,800 gms
2022-12-01,0.89,Bread (white),Eswatini,Hhohho,RETAIL,800 gms
2023-01-01,0.9,Bread (white),Eswatini,Hhohho,RETAIL,800 gms
2023-02-01,0.86,Bread (white),Eswatini,Hhohho,RETAIL,800 gms
2023-03-01,0.84,Bread (white),Eswatini,Hhohho,RETAIL,800 gms
2023-04-01,0.85,Bread (white),Eswatini,Hhohho,RETAIL,800 gms
2023-05-01,0.8,Bread (white),Eswatini,Hhohho,RETAIL,800 gms
2023-06-01,0.82,Bread (white),Eswatini,Hhohho,RETAIL,800 gms
2023-07-01,0.84,Bread (white),Eswatini,Hhohho,RETAIL,800 gms
2023-08-01,0.82,Bread (white),Eswatini,Hhohho,RETAIL,800 gms
2023-09-01,0.81,Bread (white),Eswatini,Hhohho,RETAIL,800 gms
2023-10-01,0.81,Bread (white),Eswatini,Hhohho,RETAIL,800 gms
2023-11-01,0.83,Bread (white),Eswatini,Hhohho,RETAIL,800 gms
2023-12-01,0.82,Bread (white),Eswatini,Hhohho,RETAIL,800 gms
2024-01-01,0.82,Bread (white),Eswatini,Hhohho,RETAIL,800 gms
2024-02-01,0.81,Bread (white),Eswatini,Hhohho,RETAIL,800 gms
2024-03-01,0.81,Bread (white),Eswatini,Hhohho,RETAIL,800 gms
2024-04-01,0.81,Bread (white),Eswatini,Hhohho,RETAIL,800 gms
2024-05-01,0.83,Bread (white),Eswatini,Hhohho,RETAIL,800 gms
2024-06-01,0.83,Bread (white),Eswatini,Hhohho,RETAIL,800 gms
2024-07-01,0.84,Bread (white),Eswatini,Hhohho,RETAIL,800 gms
2024-08-01,0.85,Bread (white),Eswatini,Hhohho,RETAIL,800 gms
2024-09-01,0.87,Bread (white),Eswatini,Hhohho,RETAIL,800 gms
2024-10-01,0.87,Bread (white),Eswatini,Hhohho,RETAIL,800 gms
2024-11-01,0.86,Bread (white),Eswatini,Hhohho,RETAIL,800 gms
2024-12-01,0.85,Bread (white),Eswatini,Hhohho,RETAIL,800 gms
2025-01-01,0.81,Bread (white),Eswatini,Hhohho,RETAIL,800 gms
2025-02-01,0.82,Bread (white),Eswatini,Hhohho,RETAIL,800 gms
2025-03-01,0.82,Bread (white),Eswatini,Hhohho,RETAIL,800 gms
2025-04-01,0.8,Bread (white),Eswatini,Hhohho,RETAIL,800 gms
2025-05-01,0.85,Bread (white),Eswatini,Hhohho,RETAIL,800 gms
2025-06-01,0.86,Bread (white),Eswatini,Hhohho,RETAIL,800 gms
2025-07-01,0.85,Bread (white),Eswatini,Hhohho,RETAIL,800 gms
2025-08-01,0.86,Bread (white),Eswatini,Hhohho,RETAIL,800 gms
2025-09-01,0.87,Bread (white),Eswatini,Hhohho,RETAIL,800 gms
2025-10-01,0.88,Bread (white),Eswatini,Hhohho,RETAIL,800 gms
2014-01-01,0.64,Bread (white),Eswatini,Lubombo,RETAIL,800 gms
2014-02-01,0.68,Bread (white),Eswatini,Lubombo,RETAIL,800 gms
2014-03-01,0.7,Bread (white),Eswatini,Lubombo,RETAIL,800 gms
2014-04-01,0.71,Bread (white),Eswatini,Lubombo,RETAIL,800 gms
2014-05-01,0.72,Bread (white),Eswatini,Lubombo,RETAIL,800 gms
2014-06-01,0.7,Bread (white),Eswatini,Lubombo,RETAIL,800 gms
2014-07-01,0.7,Bread (white),Eswatini,Lubombo,RETAIL,800 gms
2014-08-01,0.7,Bread (white),Eswatini,Lubombo,RETAIL,800 gms
2014-09-01,0.68,Bread (white),Eswatini,Lubombo,RETAIL,800 gms
2014-10-01,0.72,Bread (white),Eswatini,Lubombo,RETAIL,800 gms
2014-11-01,0.72,Bread (white),Eswatini,Lubombo,RETAIL,800 gms
2014-12-01,0.69,Bread (white),Eswatini,Lubombo,RETAIL,800 gms
2015-01-01,0.69,Bread (white),Eswatini,Lubombo,RETAIL,800 gms
2015-02-01,0.69,Bread (white),Eswatini,Lubombo,RETAIL,800 gms
2015-03-01,0.66,Bread (white),Eswatini,Lubombo,RETAIL,800 gms
2015-04-01,0.66,Bread (white),Eswatini,Lubombo,RETAIL,800 gms
2015-05-01,0.66,Bread (white),Eswatini,Lubombo,RETAIL,800 gms
2015-06-01,0.65,Bread (white),Eswatini,Lubombo,RETAIL,800 gms
2015-07-01,0.64,Bread (white),Eswatini,Lubombo,RETAIL,800 gms
2015-08-01,0.62,Bread (white),Eswatini,Lubombo,RETAIL,800 gms
2015-09-01,0.58,Bread (white),Eswatini,Lubombo,RETAIL,800 gms
2015-10-01,0.59,Bread (white),Eswatini,Lubombo,RETAIL,800 gms
2015-11-01,0.56,Bread (white),Eswatini,Lubombo,RETAIL,800 gms
2015-12-01,0.53,Bread (white),Eswatini,Lubombo,RETAIL,800 gms
2016-01-01,0.49,Bread (white),Eswatini,Lubombo,RETAIL,800 gms
2016-02-01,0.5,Bread (white),Eswatini,Lubombo,RETAIL,800 gms
2016-03-01,0.52,Bread (white),Eswatini,Lubombo,RETAIL,800 gms
2016-04-01,0.54,Bread (white),Eswatini,Lubombo,RETAIL,800 gms
2016-05-01,0.52,Bread (white),Eswatini,Lubombo,RETAIL,800 gms
2016-06-01,0.53,Bread (white),Eswatini,Lubombo,RETAIL,800 gms
2016-07-01,0.55,Bread (white),Eswatini,Lubombo,RETAIL,800 gms
2016-08-01,0.58,Bread (white),Eswatini,Lubombo,RETAIL,800 gms
2016-09-01,0.57,Bread (white),Eswatini,Lubombo,RETAIL,800 gms
2016-10-01,0.57,Bread (white),Eswatini,Lubombo,RETAIL,800 gms
2016-11-01,0.57,Bread (white),Eswatini,Lubombo,RETAIL,800 gms
2016-12-01,0.58,Bread (white),Eswatini,Lubombo,RETAIL,800 gms
2017-01-01,0.59,Bread (white),Eswatini,Lubombo,RETAIL,800 gms
2017-02-01,0.6,Bread (white),Eswatini,Lubombo,RETAIL,800 gms
2017-03-01,0.62,Bread (white),Eswatini,Lubombo,RETAIL,800 gms
2017-04-01,0.63,Bread (white),Eswatini,Lubombo,RETAIL,800 gms
2017-05-01,0.64,Bread (white),Eswatini,Lubombo,RETAIL,800 gms
2017-06-01,0.66,Bread (white),Eswatini,Lubombo,RETAIL,800 gms
2017-07-01,0.65,Bread (white),Eswatini,Lubombo,RETAIL,800 gms
2017-08-01,0.64,Bread (white),Eswatini,Lubombo,RETAIL,800 gms
2017-09-01,0.65,Bread (white),Eswatini,Lubombo,RETAIL,800 gms
2017-10-01,0.62,Bread (white),Eswatini,Lubombo,RETAIL,800 gms
2017-11-01,0.6,Bread (white),Eswatini,Lubombo,RETAIL,800 gms
2017-12-01,0.65,Bread (white),Eswatini,Lubombo,RETAIL,800 gms
2018-01-01,0.7,Bread (white),Eswatini,Lubombo,RETAIL,800 gms
2018-02-01,0.76,Bread (white),Eswatini,Lubombo,RETAIL,800 gms
2018-03-01,0.76,Bread (white),Eswatini,Lubombo,RETAIL,800 gms
2018-04-01,0.74,Bread (white),Eswatini,Lubombo,RETAIL,800 gms
2018-05-01,0.72,Bread (white),Eswatini,Lubombo,RETAIL,800 gms
2018-06-01,0.68,Bread (white),Eswatini,Lubombo,RETAIL,800 gms
2018-07-01,0.67,Bread (white),Eswatini,Lubombo,RETAIL,800 gms
2018-08-01,0.64,Bread (white),Eswatini,Lubombo,RETAIL,800 gms
2018-09-01,0.61,Bread (white),Eswatini,Lubombo,RETAIL,800 gms
2018-10-01,0.62,Bread (white),Eswatini,Lubombo,RETAIL,800 gms
2018-11-01,0.64,Bread (white),Eswatini,Lubombo,RETAIL,800 gms
2018-12-01,0.63,Bread (white),Eswatini,Lubombo,RETAIL,800 gms
2019-01-01,0.65,Bread (white),Eswatini,Lubombo,RETAIL,800 gms
2019-02-01,0.65,Bread (white),Eswatini,Lubombo,RETAIL,800 gms
2019-03-01,0.63,Bread (white),Eswatini,Lubombo,RETAIL,800 gms
2019-04-01,0.64,Bread (white),Eswatini,Lubombo,RETAIL,800 gms
2019-05-01,0.62,Bread (white),Eswatini,Lubombo,RETAIL,800 gms
2019-06-01,0.62,Bread (white),Eswatini,Lubombo,RETAIL,800 gms
2019-07-01,0.64,Bread (white),Eswatini,Lubombo,RETAIL,800 gms
2019-08-01,0.59,Bread (white),Eswatini,Lubombo,RETAIL,800 gms
2019-09-01,0.61,Bread (white),Eswatini,Lubombo,RETAIL,800 gms
2019-10-01,0.6,Bread (white),Eswatini,Lubombo,RETAIL,800 gms
2019-11-01,0.61,Bread (white),Eswatini,Lubombo,RETAIL,800 gms
2019-12-01,0.62,Bread (white),Eswatini,Lubombo,RETAIL,800 gms
2020-01-01,0.62,Bread (white),Eswatini,Lubombo,RETAIL,800 gms
2020-02-01,0.6,Bread (white),Eswatini,Lubombo,RETAIL,800 gms
2020-03-01,0.54,Bread (white),Eswatini,Lubombo,RETAIL,800 gms
2020-04-01,0.48,Bread (white),Eswatini,Lubombo,RETAIL,800 gms
2020-05-01,0.5,Bread (white),Eswatini,Lubombo,RETAIL,800 gms
2020-06-01,0.52,Bread (white),Eswatini,Lubombo,RETAIL,800 gms
2020-07-01,0.52,Bread (white),Eswatini,Lubombo,RETAIL,800 gms
2020-08-01,0.5,Bread (white),Eswatini,Lubombo,RETAIL,800 gms
2020-09-01,0.52,Bread (white),Eswatini,Lubombo,RETAIL,800 gms
2020-10-01,0.52,Bread (white),Eswatini,Lubombo,RETAIL,800 gms
2020-11-01,0.6,Bread (white),Eswatini,Lubombo,RETAIL,800 gms
2020-12-01,0.67,Bread (white),Eswatini,Lubombo,RETAIL,800 gms
2021-01-01,0.68,Bread (white),Eswatini,Lubombo,RETAIL,800 gms
2021-02-01,0.68,Bread (white),Eswatini,Lubombo,RETAIL,800 gms
2021-03-01,0.67,Bread (white),Eswatini,Lubombo,RETAIL,800 gms
2021-04-01,0.7,Bread (white),Eswatini,Lubombo,RETAIL,800 gms
2021-05-01,0.73,Bread (white),Eswatini,Lubombo,RETAIL,800 gms
2021-06-01,0.7,Bread (white),Eswatini,Lubombo,RETAIL,800 gms
2021-07-01,0.68,Bread (white),Eswatini,Lubombo,RETAIL,800 gms
2021-08-01,0.67,Bread (white),Eswatini,Lubombo,RETAIL,800 gms
2021-09-01,0.69,Bread (white),Eswatini,Lubombo,RETAIL,800 gms
2021-10-01,0.67,Bread (white),Eswatini,Lubombo,RETAIL,800 gms
2021-11-01,0.64,Bread (white),Eswatini,Lubombo,RETAIL,800 gms
2021-12-01,0.69,Bread (white),Eswatini,Lubombo,RETAIL,800 gms
2022-01-01,0.69,Bread (white),Eswatini,Lubombo,RETAIL,800 gms
2022-02-01,0.71,Bread (white),Eswatini,Lubombo,RETAIL,800 gms
2022-03-01,0.72,Bread (white),Eswatini,Lubombo,RETAIL,800 gms
2022-04-01,0.75,Bread (white),Eswatini,Lubombo,RETAIL,800 gms
2022-05-01,0.7,Bread (white),Eswatini,Lubombo,RETAIL,800 gms
2022-06-01,0.74,Bread (white),Eswatini,Lubombo,RETAIL,800 gms
2022-07-01,0.69,Bread (white),Eswatini,Lubombo,RETAIL,800 gms
2022-08-01,0.79,Bread (white),Eswatini,Lubombo,RETAIL,800 gms
2022-09-01,0.77,Bread (white),Eswatini,Lubombo,RETAIL,800 gms
2022-10-01,0.75,Bread (white),Eswatini,Lubombo,RETAIL,800 gms
2022-11-01,0.78,Bread (white),Eswatini,Lubombo,RETAIL,800 gms
2022-12-01,0.79,Bread (white),Eswatini,Lubombo,RETAIL,800 gms
2023-01-01,0.79,Bread (white),Eswatini,Lubombo,RETAIL,800 gms
2023-02-01,0.75,Bread (white),Eswatini,Lubombo,RETAIL,800 gms
2023-03-01,0.74,Bread (white),Eswatini,Lubombo,RETAIL,800 gms
2023-04-01,0.74,Bread (white),Eswatini,Lubombo,RETAIL,800 gms
2023-05-01,0.71,Bread (white),Eswatini,Lubombo,RETAIL,800 gms
2023-06-01,0.72,Bread (white),Eswatini,Lubombo,RETAIL,800 gms
2023-07-01,0.75,Bread (white),Eswatini,Lubombo,RETAIL,800 gms
2023-08-01,0.72,Bread (white),Eswatini,Lubombo,RETAIL,800 gms
2023-09-01,0.72,Bread (white),Eswatini,Lubombo,RETAIL,800 gms
2023-10-01,0.71,Bread (white),Eswatini,Lubombo,RETAIL,800 gms
2023-11-01,0.73,Bread (white),Eswatini,Lubombo,RETAIL,800 gms
2023-12-01,0.73,Bread (white),Eswatini,Lubombo,RETAIL,800 gms
2024-01-01,0.74,Bread (white),Eswatini,Lubombo,RETAIL,800 gms
2024-02-01,0.73,Bread (white),Eswatini,Lubombo,RETAIL,800 gms
2024-03-01,0.73,Bread (white),Eswatini,Lubombo,RETAIL,800 gms
2024-04-01,0.73,Bread (white),Eswatini,Lubombo,RETAIL,800 gms
2024-05-01,0.75,Bread (white),Eswatini,Lubombo,RETAIL,800 gms
2024-06-01,0.74,Bread (white),Eswatini,Lubombo,RETAIL,800 gms
2024-07-01,0.76,Bread (white),Eswatini,Lubombo,RETAIL,800 gms
2024-08-01,0.77,Bread (white),Eswatini,Lubombo,RETAIL,800 gms
2024-09-01,0.78,Bread (white),Eswatini,Lubombo,RETAIL,800 gms
2024-10-01,0.79,Bread (white),Eswatini,Lubombo,RETAIL,800 gms
2024-11-01,0.78,Bread (white),Eswatini,Lubombo,RETAIL,800 gms
2024-12-01,0.79,Bread (white),Eswatini,Lubombo,RETAIL,800 gms
2025-01-01,0.76,Bread (white),Eswatini,Lubombo,RETAIL,800 gms
2025-02-01,0.77,Bread (white),Eswatini,Lubombo,RETAIL,800 gms
2025-03-01,0.76,Bread (white),Eswatini,Lubombo,RETAIL,800 gms
2025-04-01,0.74,Bread (white),Eswatini,Lubombo,RETAIL,800 gms
2025-05-01,0.77,Bread (white),Eswatini,Lubombo,RETAIL,800 gms
2025-06-01,0.81,Bread (white),Eswatini,Lubombo,RETAIL,800 gms
2025-07-01,0.82,Bread (white),Eswatini,Lubombo,RETAIL,800 gms
2025-08-01,0.82,Bread (white),Eswatini,Lubombo,RETAIL,800 gms
2025-09-01,0.83,Bread (white),Eswatini,Lubombo,RETAIL,800 gms
2025-10-01,0.81,Bread (white),Eswatini,Lubombo,RETAIL,800 gms
2014-01-01,0.79,Bread (white),Eswatini,Manzini,RETAIL,800 gms
2014-02-01,0.77,Bread (white),Eswatini,Manzini,RETAIL,800 gms
2014-03-01,0.79,Bread (white),Eswatini,Manzini,RETAIL,800 gms
2014-04-01,0.81,Bread (white),Eswatini,Manzini,RETAIL,800 gms
2014-05-01,0.82,Bread (white),Eswatini,Manzini,RETAIL,800 gms
2014-06-01,0.8,Bread (white),Eswatini,Manzini,RETAIL,800 gms
2014-07-01,0.79,Bread (white),Eswatini,Manzini,RETAIL,800 gms
2014-08-01,0.8,Bread (white),Eswatini,Manzini,RETAIL,800 gms
2014-09-01,0.77,Bread (white),Eswatini,Manzini,RETAIL,800 gms
2014-10-01,0.77,Bread (white),Eswatini,Manzini,RETAIL,800 gms
2014-11-01,0.81,Bread (white),Eswatini,Manzini,RETAIL,800 gms
2014-12-01,0.78,Bread (white),Eswatini,Manzini,RETAIL,800 gms
2015-01-01,0.77,Bread (white),Eswatini,Manzini,RETAIL,800 gms
2015-02-01,0.77,Bread (white),Eswatini,Manzini,RETAIL,800 gms
2015-03-01,0.74,Bread (white),Eswatini,Manzini,RETAIL,800 gms
2015-04-01,0.75,Bread (white),Eswatini,Manzini,RETAIL,800 gms
2015-05-01,0.75,Bread (white),Eswatini,Manzini,RETAIL,800 gms
2015-06-01,0.76,Bread (white),Eswatini,Manzini,RETAIL,800 gms
2015-07-01,0.75,Bread (white),Eswatini,Manzini,RETAIL,800 gms
2015-08-01,0.73,Bread (white),Eswatini,Manzini,RETAIL,800 gms
2015-09-01,0.69,Bread (white),Eswatini,Manzini,RETAIL,800 gms
2015-10-01,0.7,Bread (white),Eswatini,Manzini,RETAIL,800 gms
2015-11-01,0.67,Bread (white),Eswatini,Manzini,RETAIL,800 gms
2015-12-01,0.63,Bread (white),Eswatini,Manzini,RETAIL,800 gms
2016-01-01,0.57,Bread (white),Eswatini,Manzini,RETAIL,800 gms
2016-02-01,0.6,Bread (white),Eswatini,Manzini,RETAIL,800 gms
2016-03-01,0.61,Bread (white),Eswatini,Manzini,RETAIL,800 gms
2016-04-01,0.64,Bread (white),Eswatini,Manzini,RETAIL,800 gms
2016-05-01,0.61,Bread (white),Eswatini,Manzini,RETAIL,800 gms
2016-06-01,0.62,Bread (white),Eswatini,Manzini,RETAIL,800 gms
2016-07-01,0.65,Bread (white),Eswatini,Manzini,RETAIL,800 gms
2016-08-01,0.68,Bread (white),Eswatini,Manzini,RETAIL,800 gms
2016-09-01,0.67,Bread (white),Eswatini,Manzini,RETAIL,800 gms
2016-10-01,0.67,Bread (white),Eswatini,Manzini,RETAIL,800 gms
2016-11-01,0.68,Bread (white),Eswatini,Manzini,RETAIL,800 gms
2016-12-01,0.68,Bread (white),Eswatini,Manzini,RETAIL,800 gms
2017-01-01,0.76,Bread (white),Eswatini,Manzini,RETAIL,800 gms
2017-02-01,0.77,Bread (white),Eswatini,Manzini,RETAIL,800 gms
2017-03-01,0.82,Bread (white),Eswatini,Manzini,RETAIL,800 gms
2017-04-01,0.79,Bread (white),Eswatini,Manzini,RETAIL,800 gms
2017-05-01,0.8,Bread (white),Eswatini,Manzini,RETAIL,800 gms
2017-06-01,0.82,Bread (white),Eswatini,Manzini,RETAIL,800 gms
2017-07-01,0.81,Bread (white),Eswatini,Manzini,RETAIL,800 gms
2017-08-01,0.8,Bread (white),Eswatini,Manzini,RETAIL,800 gms
2017-09-01,0.81,Bread (white),Eswatini,Manzini,RETAIL,800 gms
2017-10-01,0.78,Bread (white),Eswatini,Manzini,RETAIL,800 gms
2017-11-01,0.76,Bread (white),Eswatini,Manzini,RETAIL,800 gms
2017-12-01,0.8,Bread (white),Eswatini,Manzini,RETAIL,800 gms
2018-01-01,0.87,Bread (white),Eswatini,Manzini,RETAIL,800 gms
2018-02-01,0.9,Bread (white),Eswatini,Manzini,RETAIL,800 gms
2018-03-01,0.9,Bread (white),Eswatini,Manzini,RETAIL,800 gms
2018-04-01,0.88,Bread (white),Eswatini,Manzini,RETAIL,800 gms
2018-05-01,0.85,Bread (white),Eswatini,Manzini,RETAIL,800 gms
2018-06-01,0.8,Bread (white),Eswatini,Manzini,RETAIL,800 gms
2018-07-01,0.8,Bread (white),Eswatini,Manzini,RETAIL,800 gms
2018-08-01,0.76,Bread (white),Eswatini,Manzini,RETAIL,800 gms
2018-09-01,0.72,Bread (white),Eswatini,Manzini,RETAIL,800 gms
2018-10-01,0.74,Bread (white),Eswatini,Manzini,RETAIL,800 gms
2018-11-01,0.75,Bread (white),Eswatini,Manzini,RETAIL,800 gms
2018-12-01,0.75,Bread (white),Eswatini,Manzini,RETAIL,800 gms
2019-01-01,0.77,Bread (white),Eswatini,Manzini,RETAIL,800 gms
2019-02-01,0.77,Bread (white),Eswatini,Manzini,RETAIL,800 gms
2019-03-01,0.74,Bread (white),Eswatini,Manzini,RETAIL,800 gms
2019-04-01,0.75,Bread (white),Eswatini,Manzini,RETAIL,800 gms
2019-05-01,0.74,Bread (white),Eswatini,Manzini,RETAIL,800 gms
2019-06-01,0.73,Bread (white),Eswatini,Manzini,RETAIL,800 gms
2019-07-01,0.76,Bread (white),Eswatini,Manzini,RETAIL,800 gms
2019-08-01,0.7,Bread (white),Eswatini,Manzini,RETAIL,800 gms
2019-09-01,0.72,Bread (white),Eswatini,Manzini,RETAIL,800 gms
2019-10-01,0.71,Bread (white),Eswatini,Manzini,RETAIL,800 gms
2019-11-01,0.72,Bread (white),Eswatini,Manzini,RETAIL,800 gms
2019-12-01,0.76,Bread (white),Eswatini,Manzini,RETAIL,800 gms
2020-01-01,0.76,Bread (white),Eswatini,Manzini,RETAIL,800 gms
2020-02-01,0.73,Bread (white),Eswatini,Manzini,RETAIL,800 gms
2020-03-01,0.66,Bread (white),Eswatini,Manzini,RETAIL,800 gms
2020-04-01,0.59,Bread (white),Eswatini,Manzini,RETAIL,800 gms
2020-05-01,0.61,Bread (white),Eswatini,Manzini,RETAIL,800 gms
2020-06-01,0.64,Bread (white),Eswatini,Manzini,RETAIL,800 gms
2020-07-01,0.65,Bread (white),Eswatini,Manzini,RETAIL,800 gms
2020-08-01,0.63,Bread (white),Eswatini,Manzini,RETAIL,800 gms
2020-09-01,0.65,Bread (white),Eswatini,Manzini,RETAIL,800 gms
2020-10-01,0.66,Bread (white),Eswatini,Manzini,RETAIL,800 gms
2020-11-01,0.75,Bread (white),Eswatini,Manzini,RETAIL,800 gms
2020-12-01,0.79,Bread (white),Eswatini,Manzini,RETAIL,800 gms
2021-01-01,0.78,Bread (white),Eswatini,Manzini,RETAIL,800 gms
2021-02-01,0.8,Bread (white),Eswatini,Manzini,RETAIL,800 gms
2021-03-01,0.78,Bread (white),Eswatini,Manzini,RETAIL,800 gms
2021-04-01,0.81,Bread (white),Eswatini,Manzini,RETAIL,800 gms
2021-05-01,0.84,Bread (white),Eswatini,Manzini,RETAIL,800 gms
2021-06-01,0.85,Bread (white),Eswatini,Manzini,RETAIL,800 gms
2021-07-01,0.83,Bread (white),Eswatini,Manzini,RETAIL,800 gms
2021-08-01,0.81,Bread (white),Eswatini,Manzini,RETAIL,800 gms
2021-09-01,0.82,Bread (white),Eswatini,Manzini,RETAIL,800 gms
2021-10-01,0.81,Bread (white),Eswatini,Manzini,RETAIL,800 gms
2021-11-01,0.76,Bread (white),Eswatini,Manzini,RETAIL,800 gms
2021-12-01,0.75,Bread (white),Eswatini,Manzini,RETAIL,800 gms
2022-01-01,0.76,Bread (white),Eswatini,Manzini,RETAIL,800 gms
2022-02-01,0.78,Bread (white),Eswatini,Manzini,RETAIL,800 gms
2022-03-01,0.79,Bread (white),Eswatini,Manzini,RETAIL,800 gms
2022-04-01,0.85,Bread (white),Eswatini,Manzini,RETAIL,800 gms
2022-05-01,0.81,Bread (white),Eswatini,Manzini,RETAIL,800 gms
2022-06-01,0.82,Bread (white),Eswatini,Manzini,RETAIL,800 gms
2022-07-01,0.84,Bread (white),Eswatini,Manzini,RETAIL,800 gms
2022-08-01,0.91,Bread (white),Eswatini,Manzini,RETAIL,800 gms
2022-09-01,0.89,Bread (white),Eswatini,Manzini,RETAIL,800 gms
2022-10-01,0.87,Bread (white),Eswatini,Manzini,RETAIL,800 gms
2022-11-01,0.9,Bread (white),Eswatini,Manzini,RETAIL,800 gms
2022-12-01,0.9,Bread (white),Eswatini,Manzini,RETAIL,800 gms
2023-01-01,0.91,Bread (white),Eswatini,Manzini,RETAIL,800 gms
2023-02-01,0.85,Bread (white),Eswatini,Manzini,RETAIL,800 gms
2023-03-01,0.84,Bread (white),Eswatini,Manzini,RETAIL,800 gms
2023-04-01,0.83,Bread (white),Eswatini,Manzini,RETAIL,800 gms
2023-05-01,0.81,Bread (white),Eswatini,Manzini,RETAIL,800 gms
2023-06-01,0.82,Bread (white),Eswatini,Manzini,RETAIL,800 gms
2023-07-01,0.85,Bread (white),Eswatini,Manzini,RETAIL,800 gms
2023-08-01,0.82,Bread (white),Eswatini,Manzini,RETAIL,800 gms
2023-09-01,0.81,Bread (white),Eswatini,Manzini,RETAIL,800 gms
2023-10-01,0.81,Bread (white),Eswatini,Manzini,RETAIL,800 gms
2023-11-01,0.83,Bread (white),Eswatini,Manzini,RETAIL,800 gms
2023-12-01,0.83,Bread (white),Eswatini,Manzini,RETAIL,800 gms
2024-01-01,0.82,Bread (white),Eswatini,Manzini,RETAIL,800 gms
2024-02-01,0.81,Bread (white),Eswatini,Manzini,RETAIL,800 gms
2024-03-01,0.81,Bread (white),Eswatini,Manzini,RETAIL,800 gms
2024-04-01,0.81,Bread (white),Eswatini,Manzini,RETAIL,800 gms
2024-05-01,0.84,Bread (white),Eswatini,Manzini,RETAIL,800 gms
2024-06-01,0.84,Bread (white),Eswatini,Manzini,RETAIL,800 gms
2024-07-01,0.85,Bread (white),Eswatini,Manzini,RETAIL,800 gms
2024-08-01,0.86,Bread (white),Eswatini,Manzini,RETAIL,800 gms
2024-09-01,0.88,Bread (white),Eswatini,Manzini,RETAIL,800 gms
2024-10-01,0.87,Bread (white),Eswatini,Manzini,RETAIL,800 gms
2024-11-01,0.86,Bread (white),Eswatini,Manzini,RETAIL,800 gms
2024-12-01,0.84,Bread (white),Eswatini,Manzini,RETAIL,800 gms
2025-01-01,0.81,Bread (white),Eswatini,Manzini,RETAIL,800 gms
2025-02-01,0.82,Bread (white),Eswatini,Manzini,RETAIL,800 gms
2025-03-01,0.83,Bread (white),Eswatini,Manzini,RETAIL,800 gms
2025-04-01,0.81,Bread (white),Eswatini,Manzini,RETAIL,800 gms
2025-05-01,0.83,Bread (white),Eswatini,Manzini,RETAIL,800 gms
2025-06-01,0.85,Bread (white),Eswatini,Manzini,RETAIL,800 gms
2025-07-01,0.85,Bread (white),Eswatini,Manzini,RETAIL,800 gms
2025-08-01,0.86,Bread (white),Eswatini,Manzini,RETAIL,800 gms
2025-09-01,0.87,Bread (white),Eswatini,Manzini,RETAIL,800 gms
2025-10-01,0.88,Bread (white),Eswatini,Manzini,RETAIL,800 gms
2008-01-01,0.77,Bread (white),Eswatini,National Average,RETAIL,800 gms
2008-02-01,0.7,Bread (white),Eswatini,National Average,RETAIL,800 gms
2008-03-01,0.68,Bread (white),Eswatini,National Average,RETAIL,800 gms
2008-04-01,0.71,Bread (white),Eswatini,National Average,RETAIL,800 gms
2008-05-01,0.72,Bread (white),Eswatini,National Average,RETAIL,800 gms
2008-06-01,0.69,Bread (white),Eswatini,National Average,RETAIL,800 gms
2008-07-01,0.72,Bread (white),Eswatini,National Average,RETAIL,800 gms
2008-08-01,0.72,Bread (white),Eswatini,National Average,RETAIL,800 gms
2008-09-01,0.68,Bread (white),Eswatini,National Average,RETAIL,800 gms
2008-10-01,0.71,Bread (white),Eswatini,National Average,RETAIL,800 gms
2008-11-01,0.69,Bread (white),Eswatini,National Average,RETAIL,800 gms
2008-12-01,0.7,Bread (white),Eswatini,National Average,RETAIL,800 gms
2009-01-01,0.7,Bread (white),Eswatini,National Average,RETAIL,800 gms
2009-02-01,0.69,Bread (white),Eswatini,National Average,RETAIL,800 gms
2009-03-01,0.66,Bread (white),Eswatini,National Average,RETAIL,800 gms
2009-04-01,0.77,Bread (white),Eswatini,National Average,RETAIL,800 gms
2009-05-01,0.7,Bread (white),Eswatini,National Average,RETAIL,800 gms
2009-06-01,0.73,Bread (white),Eswatini,National Average,RETAIL,800 gms
2009-07-01,0.74,Bread (white),Eswatini,National Average,RETAIL,800 gms
2009-08-01,0.74,Bread (white),Eswatini,National Average,RETAIL,800 gms
2009-09-01,0.92,Bread (white),Eswatini,National Average,RETAIL,800 gms
2009-10-01,0.87,Bread (white),Eswatini,National Average,RETAIL,800 gms
2009-11-01,0.92,Bread (white),Eswatini,National Average,RETAIL,800 gms
2009-12-01,0.93,Bread (white),Eswatini,National Average,RETAIL,800 gms
2010-01-01,0.93,Bread (white),Eswatini,National Average,RETAIL,800 gms
2010-02-01,0.91,Bread (white),Eswatini,National Average,RETAIL,800 gms
2010-03-01,0.94,Bread (white),Eswatini,National Average,RETAIL,800 gms
2010-04-01,0.95,Bread (white),Eswatini,National Average,RETAIL,800 gms
2010-05-01,0.91,Bread (white),Eswatini,National Average,RETAIL,800 gms
2010-06-01,0.89,Bread (white),Eswatini,National Average,RETAIL,800 gms
2010-07-01,0.9,Bread (white),Eswatini,National Average,RETAIL,800 gms
2010-08-01,0.93,Bread (white),Eswatini,National Average,RETAIL,800 gms
2010-09-01,0.95,Bread (white),Eswatini,National Average,RETAIL,800 gms
2010-10-01,0.98,Bread (white),Eswatini,National Average,RETAIL,800 gms
2010-11-01,0.97,Bread (white),Eswatini,National Average,RETAIL,800 gms
2010-12-01,0.99,Bread (white),Eswatini,National Average,RETAIL,800 gms
2011-01-01,0.98,Bread (white),Eswatini,National Average,RETAIL,800 gms
2011-02-01,0.95,Bread (white),Eswatini,National Average,RETAIL,800 gms
2011-03-01,0.98,Bread (white),Eswatini,National Average,RETAIL,800 gms
2011-04-01,1.04,Bread (white),Eswatini,National Average,RETAIL,800 gms
2011-05-01,1.02,Bread (white),Eswatini,National Average,RETAIL,800 gms
2011-06-01,1.03,Bread (white),Eswatini,National Average,RETAIL,800 gms
2011-07-01,1.03,Bread (white),Eswatini,National Average,RETAIL,800 gms
2011-08-01,0.99,Bread (white),Eswatini,National Average,RETAIL,800 gms
2011-09-01,0.92,Bread (white),Eswatini,National Average,RETAIL,800 gms
2011-10-01,0.88,Bread (white),Eswatini,National Average,RETAIL,800 gms
2011-11-01,0.86,Bread (white),Eswatini,National Average,RETAIL,800 gms
2011-12-01,0.85,Bread (white),Eswatini,National Average,RETAIL,800 gms
2012-01-01,0.87,Bread (white),Eswatini,National Average,RETAIL,800 gms
2012-02-01,0.91,Bread (white),Eswatini,National Average,RETAIL,800 gms
2012-03-01,0.92,Bread (white),Eswatini,National Average,RETAIL,800 gms
2012-04-01,0.93,Bread (white),Eswatini,National Average,RETAIL,800 gms
2012-05-01,0.89,Bread (white),Eswatini,National Average,RETAIL,800 gms
2012-06-01,0.83,Bread (white),Eswatini,National Average,RETAIL,800 gms
2012-07-01,0.85,Bread (white),Eswatini,National Average,RETAIL,800 gms
2012-08-01,0.84,Bread (white),Eswatini,National Average,RETAIL,800 gms
2012-09-01,0.76,Bread (white),Eswatini,National Average,RETAIL,800 gms
2012-10-01,0.93,Bread (white),Eswatini,National Average,RETAIL,800 gms
2012-11-01,0.91,Bread (white),Eswatini,National Average,RETAIL,800 gms
2012-12-01,0.92,Bread (white),Eswatini,National Average,RETAIL,800 gms
2013-01-01,0.91,Bread (white),Eswatini,National Average,RETAIL,800 gms
2013-02-01,0.97,Bread (white),Eswatini,National Average,RETAIL,800 gms
2013-03-01,0.93,Bread (white),Eswatini,National Average,RETAIL,800 gms
2013-04-01,0.94,Bread (white),Eswatini,National Average,RETAIL,800 gms
2013-05-01,0.92,Bread (white),Eswatini,National Average,RETAIL,800 gms
2013-06-01,0.8,Bread (white),Eswatini,National Average,RETAIL,800 gms
2013-07-01,0.81,Bread (white),Eswatini,National Average,RETAIL,800 gms
2013-08-01,0.79,Bread (white),Eswatini,National Average,RETAIL,800 gms
2013-09-01,0.8,Bread (white),Eswatini,National Average,RETAIL,800 gms
2013-10-01,0.81,Bread (white),Eswatini,National Average,RETAIL,800 gms
2013-11-01,0.78,Bread (white),Eswatini,National Average,RETAIL,800 gms
2013-12-01,0.77,Bread (white),Eswatini,National Average,RETAIL,800 gms
2014-01-01,0.77,Bread (white),Eswatini,National Average,RETAIL,800 gms
2014-02-01,0.76,Bread (white),Eswatini,National Average,RETAIL,800 gms
2014-03-01,0.78,Bread (white),Eswatini,National Average,RETAIL,800 gms
2014-04-01,0.8,Bread (white),Eswatini,National Average,RETAIL,800 gms
2014-05-01,0.77,Bread (white),Eswatini,National Average,RETAIL,800 gms
2014-06-01,0.75,Bread (white),Eswatini,National Average,RETAIL,800 gms
2014-07-01,0.78,Bread (white),Eswatini,National Average,RETAIL,800 gms
2014-08-01,0.79,Bread (white),Eswatini,National Average,RETAIL,800 gms
2014-09-01,0.82,Bread (white),Eswatini,National Average,RETAIL,800 gms
2014-10-01,0.8,Bread (white),Eswatini,National Average,RETAIL,800 gms
2014-11-01,0.8,Bread (white),Eswatini,National Average,RETAIL,800 gms
2014-12-01,0.78,Bread (white),Eswatini,National Average,RETAIL,800 gms
2015-01-01,0.77,Bread (white),Eswatini,National Average,RETAIL,800 gms
2015-02-01,0.77,Bread (white),Eswatini,National Average,RETAIL,800 gms
2015-03-01,0.74,Bread (white),Eswatini,National Average,RETAIL,800 gms
2015-04-01,0.74,Bread (white),Eswatini,National Average,RETAIL,800 gms
2015-05-01,0.74,Bread (white),Eswatini,National Average,RETAIL,800 gms
2015-06-01,0.71,Bread (white),Eswatini,National Average,RETAIL,800 gms
2015-07-01,0.7,Bread (white),Eswatini,National Average,RETAIL,800 gms
2015-08-01,0.7,Bread (white),Eswatini,National Average,RETAIL,800 gms
2015-09-01,0.66,Bread (white),Eswatini,National Average,RETAIL,800 gms
2015-10-01,0.67,Bread (white),Eswatini,National Average,RETAIL,800 gms
2015-11-01,0.64,Bread (white),Eswatini,National Average,RETAIL,800 gms
2015-12-01,0.6,Bread (white),Eswatini,National Average,RETAIL,800 gms
2016-01-01,0.55,Bread (white),Eswatini,National Average,RETAIL,800 gms
2016-02-01,0.57,Bread (white),Eswatini,National Average,RETAIL,800 gms
2016-03-01,0.59,Bread (white),Eswatini,National Average,RETAIL,800 gms
2016-04-01,0.62,Bread (white),Eswatini,National Average,RETAIL,800 gms
2016-05-01,0.59,Bread (white),Eswatini,National Average,RETAIL,800 gms
2016-06-01,0.6,Bread (white),Eswatini,National Average,RETAIL,800 gms
2016-07-01,0.63,Bread (white),Eswatini,National Average,RETAIL,800 gms
2016-08-01,0.66,Bread (white),Eswatini,National Average,RETAIL,800 gms
2016-09-01,0.64,Bread (white),Eswatini,National Average,RETAIL,800 gms
2016-10-01,0.65,Bread (white),Eswatini,National Average,RETAIL,800 gms
2016-11-01,0.65,Bread (white),Eswatini,National Average,RETAIL,800 gms
2016-12-01,0.65,Bread (white),Eswatini,National Average,RETAIL,800 gms
2017-01-01,0.71,Bread (white),Eswatini,National Average,RETAIL,800 gms
2017-02-01,0.74,Bread (white),Eswatini,National Average,RETAIL,800 gms
2017-03-01,0.77,Bread (white),Eswatini,National Average,RETAIL,800 gms
2017-04-01,0.75,Bread (white),Eswatini,National Average,RETAIL,800 gms
2017-05-01,0.76,Bread (white),Eswatini,National Average,RETAIL,800 gms
2017-06-01,0.78,Bread (white),Eswatini,National Average,RETAIL,800 gms
2017-07-01,0.77,Bread (white),Eswatini,National Average,RETAIL,800 gms
2017-08-01,0.76,Bread (white),Eswatini,National Average,RETAIL,800 gms
2017-09-01,0.77,Bread (white),Eswatini,National Average,RETAIL,800 gms
2017-10-01,0.74,Bread (white),Eswatini,National Average,RETAIL,800 gms
2017-11-01,0.72,Bread (white),Eswatini,National Average,RETAIL,800 gms
2017-12-01,0.77,Bread (white),Eswatini,National Average,RETAIL,800 gms
2018-01-01,0.83,Bread (white),Eswatini,National Average,RETAIL,800 gms
2018-02-01,0.86,Bread (white),Eswatini,National Average,RETAIL,800 gms
2018-03-01,0.87,Bread (white),Eswatini,National Average,RETAIL,800 gms
2018-04-01,0.85,Bread (white),Eswatini,National Average,RETAIL,800 gms
2018-05-01,0.82,Bread (white),Eswatini,National Average,RETAIL,800 gms
2018-06-01,0.77,Bread (white),Eswatini,National Average,RETAIL,800 gms
2018-07-01,0.77,Bread (white),Eswatini,National Average,RETAIL,800 gms
2018-08-01,0.73,Bread (white),Eswatini,National Average,RETAIL,800 gms
2018-09-01,0.69,Bread (white),Eswatini,National Average,RETAIL,800 gms
2018-10-01,0.71,Bread (white),Eswatini,National Average,RETAIL,800 gms
2018-11-01,0.72,Bread (white),Eswatini,National Average,RETAIL,800 gms
2018-12-01,0.72,Bread (white),Eswatini,National Average,RETAIL,800 gms
2019-01-01,0.74,Bread (white),Eswatini,National Average,RETAIL,800 gms
2019-02-01,0.74,Bread (white),Eswatini,National Average,RETAIL,800 gms
2019-03-01,0.71,Bread (white),Eswatini,National Average,RETAIL,800 gms
2019-04-01,0.72,Bread (white),Eswatini,National Average,RETAIL,800 gms
2019-05-01,0.71,Bread (white),Eswatini,National Average,RETAIL,800 gms
2019-06-01,0.7,Bread (white),Eswatini,National Average,RETAIL,800 gms
2019-07-01,0.73,Bread (white),Eswatini,National Average,RETAIL,800 gms
2019-08-01,0.68,Bread (white),Eswatini,National Average,RETAIL,800 gms
2019-09-01,0.69,Bread (white),Eswatini,National Average,RETAIL,800 gms
2019-10-01,0.69,Bread (white),Eswatini,National Average,RETAIL,800 gms
2019-11-01,0.69,Bread (white),Eswatini,National Average,RETAIL,800 gms
2019-12-01,0.73,Bread (white),Eswatini,National Average,RETAIL,800 gms
2020-01-01,0.73,Bread (white),Eswatini,National Average,RETAIL,800 gms
2020-02-01,0.7,Bread (white),Eswatini,National Average,RETAIL,800 gms
2020-03-01,0.63,Bread (white),Eswatini,National Average,RETAIL,800 gms
2020-04-01,0.57,Bread (white),Eswatini,National Average,RETAIL,800 gms
2020-05-01,0.58,Bread (white),Eswatini,National Average,RETAIL,800 gms
2020-06-01,0.61,Bread (white),Eswatini,National Average,RETAIL,800 gms
2020-07-01,0.62,Bread (white),Eswatini,National Average,RETAIL,800 gms
2020-08-01,0.61,Bread (white),Eswatini,National Average,RETAIL,800 gms
2020-09-01,0.62,Bread (white),Eswatini,National Average,RETAIL,800 gms
2020-10-01,0.63,Bread (white),Eswatini,National Average,RETAIL,800 gms
2020-11-01,0.71,Bread (white),Eswatini,National Average,RETAIL,800 gms
2020-12-01,0.75,Bread (white),Eswatini,National Average,RETAIL,800 gms
2021-01-01,0.75,Bread (white),Eswatini,National Average,RETAIL,800 gms
2021-02-01,0.76,Bread (white),Eswatini,National Average,RETAIL,800 gms
2021-03-01,0.74,Bread (white),Eswatini,National Average,RETAIL,800 gms
2021-04-01,0.79,Bread (white),Eswatini,National Average,RETAIL,800 gms
2021-05-01,0.81,Bread (white),Eswatini,National Average,RETAIL,800 gms
2021-06-01,0.81,Bread (white),Eswatini,National Average,RETAIL,800 gms
2021-07-01,0.79,Bread (white),Eswatini,National Average,RETAIL,800 gms
2021-08-01,0.77,Bread (white),Eswatini,National Average,RETAIL,800 gms
2021-09-01,0.79,Bread (white),Eswatini,National Average,RETAIL,800 gms
2021-10-01,0.77,Bread (white),Eswatini,National Average,RETAIL,800 gms
2021-11-01,0.73,Bread (white),Eswatini,National Average,RETAIL,800 gms
2021-12-01,0.74,Bread (white),Eswatini,National Average,RETAIL,800 gms
2022-01-01,0.75,Bread (white),Eswatini,National Average,RETAIL,800 gms
2022-02-01,0.77,Bread (white),Eswatini,National Average,RETAIL,800 gms
2022-03-01,0.78,Bread (white),Eswatini,National Average,RETAIL,800 gms
2022-04-01,0.82,Bread (white),Eswatini,National Average,RETAIL,800 gms
2022-05-01,0.78,Bread (white),Eswatini,National Average,RETAIL,800 gms
2022-06-01,0.79,Bread (white),Eswatini,National Average,RETAIL,800 gms
2022-07-01,0.78,Bread (white),Eswatini,National Average,RETAIL,800 gms
2022-08-01,0.88,Bread (white),Eswatini,National Average,RETAIL,800 gms
2022-09-01,0.85,Bread (white),Eswatini,National Average,RETAIL,800 gms
2022-10-01,0.83,Bread (white),Eswatini,National Average,RETAIL,800 gms
2022-11-01,0.86,Bread (white),Eswatini,National Average,RETAIL,800 gms
2022-12-01,0.87,Bread (white),Eswatini,National Average,RETAIL,800 gms
2023-01-01,0.87,Bread (white),Eswatini,National Average,RETAIL,800 gms
2023-02-01,0.83,Bread (white),Eswatini,National Average,RETAIL,800 gms
2023-03-01,0.82,Bread (white),Eswatini,National Average,RETAIL,800 gms
2023-04-01,0.82,Bread (white),Eswatini,National Average,RETAIL,800 gms
2023-05-01,0.78,Bread (white),Eswatini,National Average,RETAIL,800 gms
2023-06-01,0.79,Bread (white),Eswatini,National Average,RETAIL,800 gms
2023-07-01,0.82,Bread (white),Eswatini,National Average,RETAIL,800 gms
2023-08-01,0.8,Bread (white),Eswatini,National Average,RETAIL,800 gms
2023-09-01,0.79,Bread (white),Eswatini,National Average,RETAIL,800 gms
2023-10-01,0.78,Bread (white),Eswatini,National Average,RETAIL,800 gms
2023-11-01,0.81,Bread (white),Eswatini,National Average,RETAIL,800 gms
2023-12-01,0.8,Bread (white),Eswatini,National Average,RETAIL,800 gms
2024-01-01,0.8,Bread (white),Eswatini,National Average,RETAIL,800 gms
2024-02-01,0.79,Bread (white),Eswatini,National Average,RETAIL,800 gms
2024-03-01,0.79,Bread (white),Eswatini,National Average,RETAIL,800 gms
2024-04-01,0.79,Bread (white),Eswatini,National Average,RETAIL,800 gms
2024-05-01,0.81,Bread (white),Eswatini,National Average,RETAIL,800 gms
2024-06-01,0.81,Bread (white),Eswatini,National Average,RETAIL,800 gms
2024-07-01,0.82,Bread (white),Eswatini,National Average,RETAIL,800 gms
2024-08-01,0.83,Bread (white),Eswatini,National Average,RETAIL,800 gms
2024-09-01,0.85,Bread (white),Eswatini,National Average,RETAIL,800 gms
2024-10-01,0.85,Bread (white),Eswatini,National Average,RETAIL,800 gms
2024-11-01,0.83,Bread (white),Eswatini,National Average,RETAIL,800 gms
2024-12-01,0.83,Bread (white),Eswatini,National Average,RETAIL,800 gms
2025-01-01,0.8,Bread (white),Eswatini,National Average,RETAIL,800 gms
2025-02-01,0.81,Bread (white),Eswatini,National Average,RETAIL,800 gms
2025-03-01,0.81,Bread (white),Eswatini,National Average,RETAIL,800 gms
2025-04-01,0.79,Bread (white),Eswatini,National Average,RETAIL,800 gms
2025-05-01,0.82,Bread (white),Eswatini,National Average,RETAIL,800 gms
2025-06-01,0.84,Bread (white),Eswatini,National Average,RETAIL,800 gms
2025-07-01,0.84,Bread (white),Eswatini,National Average,RETAIL,800 gms
2025-08-01,0.85,Bread (white),Eswatini,National Average,RETAIL,800 gms
2025-09-01,0.86,Bread (white),Eswatini,National Average,RETAIL,800 gms
2025-10-01,0.86,Bread (white),Eswatini,National Average,RETAIL,800 gms
2014-01-01,0.73,Bread (white),Eswatini,Shiselweni,RETAIL,800 gms
2014-02-01,0.76,Bread (white),Eswatini,Shiselweni,RETAIL,800 gms
2014-03-01,0.78,Bread (white),Eswatini,Shiselweni,RETAIL,800 gms
2014-04-01,0.8,Bread (white),Eswatini,Shiselweni,RETAIL,800 gms
2014-05-01,0.81,Bread (white),Eswatini,Shiselweni,RETAIL,800 gms
2014-06-01,0.79,Bread (white),Eswatini,Shiselweni,RETAIL,800 gms
2014-07-01,0.78,Bread (white),Eswatini,Shiselweni,RETAIL,800 gms
2014-08-01,0.79,Bread (white),Eswatini,Shiselweni,RETAIL,800 gms
2014-09-01,0.81,Bread (white),Eswatini,Shiselweni,RETAIL,800 gms
2014-10-01,0.8,Bread (white),Eswatini,Shiselweni,RETAIL,800 gms
2014-11-01,0.8,Bread (white),Eswatini,Shiselweni,RETAIL,800 gms
2014-12-01,0.78,Bread (white),Eswatini,Shiselweni,RETAIL,800 gms
2015-01-01,0.77,Bread (white),Eswatini,Shiselweni,RETAIL,800 gms
2015-02-01,0.77,Bread (white),Eswatini,Shiselweni,RETAIL,800 gms
2015-03-01,0.74,Bread (white),Eswatini,Shiselweni,RETAIL,800 gms
2015-04-01,0.74,Bread (white),Eswatini,Shiselweni,RETAIL,800 gms
2015-05-01,0.74,Bread (white),Eswatini,Shiselweni,RETAIL,800 gms
2015-06-01,0.68,Bread (white),Eswatini,Shiselweni,RETAIL,800 gms
2015-07-01,0.67,Bread (white),Eswatini,Shiselweni,RETAIL,800 gms
2015-08-01,0.73,Bread (white),Eswatini,Shiselweni,RETAIL,800 gms
2015-09-01,0.69,Bread (white),Eswatini,Shiselweni,RETAIL,800 gms
2015-10-01,0.7,Bread (white),Eswatini,Shiselweni,RETAIL,800 gms
2015-11-01,0.67,Bread (white),Eswatini,Shiselweni,RETAIL,800 gms
2015-12-01,0.63,Bread (white),Eswatini,Shiselweni,RETAIL,800 gms
2016-01-01,0.57,Bread (white),Eswatini,Shiselweni,RETAIL,800 gms
2016-02-01,0.6,Bread (white),Eswatini,Shiselweni,RETAIL,800 gms
2016-03-01,0.61,Bread (white),Eswatini,Shiselweni,RETAIL,800 gms
2016-04-01,0.64,Bread (white),Eswatini,Shiselweni,RETAIL,800 gms
2016-05-01,0.61,Bread (white),Eswatini,Shiselweni,RETAIL,800 gms
2016-06-01,0.62,Bread (white),Eswatini,Shiselweni,RETAIL,800 gms
2016-07-01,0.65,Bread (white),Eswatini,Shiselweni,RETAIL,800 gms
2016-08-01,0.68,Bread (white),Eswatini,Shiselweni,RETAIL,800 gms
2016-09-01,0.67,Bread (white),Eswatini,Shiselweni,RETAIL,800 gms
2016-10-01,0.67,Bread (white),Eswatini,Shiselweni,RETAIL,800 gms
2016-11-01,0.67,Bread (white),Eswatini,Shiselweni,RETAIL,800 gms
2016-12-01,0.68,Bread (white),Eswatini,Shiselweni,RETAIL,800 gms
2017-01-01,0.69,Bread (white),Eswatini,Shiselweni,RETAIL,800 gms
2017-02-01,0.8,Bread (white),Eswatini,Shiselweni,RETAIL,800 gms
2017-03-01,0.82,Bread (white),Eswatini,Shiselweni,RETAIL,800 gms
2017-04-01,0.79,Bread (white),Eswatini,Shiselweni,RETAIL,800 gms
2017-05-01,0.8,Bread (white),Eswatini,Shiselweni,RETAIL,800 gms
2017-06-01,0.82,Bread (white),Eswatini,Shiselweni,RETAIL,800 gms
2017-07-01,0.81,Bread (white),Eswatini,Shiselweni,RETAIL,800 gms
2017-08-01,0.8,Bread (white),Eswatini,Shiselweni,RETAIL,800 gms
2017-09-01,0.81,Bread (white),Eswatini,Shiselweni,RETAIL,800 gms
2017-10-01,0.78,Bread (white),Eswatini,Shiselweni,RETAIL,800 gms
2017-11-01,0.76,Bread (white),Eswatini,Shiselweni,RETAIL,800 gms
2017-12-01,0.8,Bread (white),Eswatini,Shiselweni,RETAIL,800 gms
2018-01-01,0.87,Bread (white),Eswatini,Shiselweni,RETAIL,800 gms
2018-02-01,0.9,Bread (white),Eswatini,Shiselweni,RETAIL,800 gms
2018-03-01,0.9,Bread (white),Eswatini,Shiselweni,RETAIL,800 gms
2018-04-01,0.88,Bread (white),Eswatini,Shiselweni,RETAIL,800 gms
2018-05-01,0.85,Bread (white),Eswatini,Shiselweni,RETAIL,800 gms
2018-06-01,0.8,Bread (white),Eswatini,Shiselweni,RETAIL,800 gms
2018-07-01,0.8,Bread (white),Eswatini,Shiselweni,RETAIL,800 gms
2018-08-01,0.76,Bread (white),Eswatini,Shiselweni,RETAIL,800 gms
2018-09-01,0.72,Bread (white),Eswatini,Shiselweni,RETAIL,800 gms
2018-10-01,0.74,Bread (white),Eswatini,Shiselweni,RETAIL,800 gms
2018-11-01,0.75,Bread (white),Eswatini,Shiselweni,RETAIL,800 gms
2018-12-01,0.75,Bread (white),Eswatini,Shiselweni,RETAIL,800 gms
2019-01-01,0.77,Bread (white),Eswatini,Shiselweni,RETAIL,800 gms
2019-02-01,0.77,Bread (white),Eswatini,Shiselweni,RETAIL,800 gms
2019-03-01,0.74,Bread (white),Eswatini,Shiselweni,RETAIL,800 gms
2019-04-01,0.75,Bread (white),Eswatini,Shiselweni,RETAIL,800 gms
2019-05-01,0.74,Bread (white),Eswatini,Shiselweni,RETAIL,800 gms
2019-06-01,0.73,Bread (white),Eswatini,Shiselweni,RETAIL,800 gms
2019-07-01,0.76,Bread (white),Eswatini,Shiselweni,RETAIL,800 gms
2019-08-01,0.7,Bread (white),Eswatini,Shiselweni,RETAIL,800 gms
2019-09-01,0.72,Bread (white),Eswatini,Shiselweni,RETAIL,800 gms
2019-10-01,0.71,Bread (white),Eswatini,Shiselweni,RETAIL,800 gms
2019-11-01,0.72,Bread (white),Eswatini,Shiselweni,RETAIL,800 gms
2019-12-01,0.76,Bread (white),Eswatini,Shiselweni,RETAIL,800 gms
2020-01-01,0.76,Bread (white),Eswatini,Shiselweni,RETAIL,800 gms
2020-02-01,0.73,Bread (white),Eswatini,Shiselweni,RETAIL,800 gms
2020-03-01,0.66,Bread (white),Eswatini,Shiselweni,RETAIL,800 gms
2020-04-01,0.59,Bread (white),Eswatini,Shiselweni,RETAIL,800 gms
2020-05-01,0.61,Bread (white),Eswatini,Shiselweni,RETAIL,800 gms
2020-06-01,0.64,Bread (white),Eswatini,Shiselweni,RETAIL,800 gms
2020-07-01,0.66,Bread (white),Eswatini,Shiselweni,RETAIL,800 gms
2020-08-01,0.64,Bread (white),Eswatini,Shiselweni,RETAIL,800 gms
2020-09-01,0.66,Bread (white),Eswatini,Shiselweni,RETAIL,800 gms
2020-10-01,0.67,Bread (white),Eswatini,Shiselweni,RETAIL,800 gms
2020-11-01,0.73,Bread (white),Eswatini,Shiselweni,RETAIL,800 gms
2020-12-01,0.78,Bread (white),Eswatini,Shiselweni,RETAIL,800 gms
2021-01-01,0.78,Bread (white),Eswatini,Shiselweni,RETAIL,800 gms
2021-02-01,0.8,Bread (white),Eswatini,Shiselweni,RETAIL,800 gms
2021-03-01,0.79,Bread (white),Eswatini,Shiselweni,RETAIL,800 gms
2021-04-01,0.82,Bread (white),Eswatini,Shiselweni,RETAIL,800 gms
2021-05-01,0.84,Bread (white),Eswatini,Shiselweni,RETAIL,800 gms
2021-06-01,0.86,Bread (white),Eswatini,Shiselweni,RETAIL,800 gms
2021-07-01,0.82,Bread (white),Eswatini,Shiselweni,RETAIL,800 gms
2021-08-01,0.81,Bread (white),Eswatini,Shiselweni,RETAIL,800 gms
2021-09-01,0.82,Bread (white),Eswatini,Shiselweni,RETAIL,800 gms
2021-10-01,0.8,Bread (white),Eswatini,Shiselweni,RETAIL,800 gms
2021-11-01,0.77,Bread (white),Eswatini,Shiselweni,RETAIL,800 gms
2021-12-01,0.77,Bread (white),Eswatini,Shiselweni,RETAIL,800 gms
2022-01-01,0.79,Bread (white),Eswatini,Shiselweni,RETAIL,800 gms
2022-02-01,0.81,Bread (white),Eswatini,Shiselweni,RETAIL,800 gms
2022-03-01,0.82,Bread (white),Eswatini,Shiselweni,RETAIL,800 gms
2022-04-01,0.84,Bread (white),Eswatini,Shiselweni,RETAIL,800 gms
2022-05-01,0.78,Bread (white),Eswatini,Shiselweni,RETAIL,800 gms
2022-06-01,0.8,Bread (white),Eswatini,Shiselweni,RETAIL,800 gms
2022-07-01,0.75,Bread (white),Eswatini,Shiselweni,RETAIL,800 gms
2022-08-01,0.93,Bread (white),Eswatini,Shiselweni,RETAIL,800 gms
2022-09-01,0.88,Bread (white),Eswatini,Shiselweni,RETAIL,800 gms
2022-10-01,0.85,Bread (white),Eswatini,Shiselweni,RETAIL,800 gms
2022-11-01,0.88,Bread (white),Eswatini,Shiselweni,RETAIL,800 gms
2022-12-01,0.89,Bread (white),Eswatini,Shiselweni,RETAIL,800 gms
2023-01-01,0.9,Bread (white),Eswatini,Shiselweni,RETAIL,800 gms
2023-02-01,0.86,Bread (white),Eswatini,Shiselweni,RETAIL,800 gms
2023-03-01,0.84,Bread (white),Eswatini,Shiselweni,RETAIL,800 gms
2023-04-01,0.85,Bread (white),Eswatini,Shiselweni,RETAIL,800 gms
2023-05-01,0.81,Bread (white),Eswatini,Shiselweni,RETAIL,800 gms
2023-06-01,0.78,Bread (white),Eswatini,Shiselweni,RETAIL,800 gms
2023-07-01,0.85,Bread (white),Eswatini,Shiselweni,RETAIL,800 gms
2023-08-01,0.82,Bread (white),Eswatini,Shiselweni,RETAIL,800 gms
2023-09-01,0.81,Bread (white),Eswatini,Shiselweni,RETAIL,800 gms
2023-10-01,0.81,Bread (white),Eswatini,Shiselweni,RETAIL,800 gms
2023-11-01,0.83,Bread (white),Eswatini,Shiselweni,RETAIL,800 gms
2023-12-01,0.83,Bread (white),Eswatini,Shiselweni,RETAIL,800 gms
2024-01-01,0.81,Bread (white),Eswatini,Shiselweni,RETAIL,800 gms
2024-02-01,0.81,Bread (white),Eswatini,Shiselweni,RETAIL,800 gms
2024-03-01,0.82,Bread (white),Eswatini,Shiselweni,RETAIL,800 gms
2024-04-01,0.82,Bread (white),Eswatini,Shiselweni,RETAIL,800 gms
2024-05-01,0.84,Bread (white),Eswatini,Shiselweni,RETAIL,800 gms
2024-06-01,0.84,Bread (white),Eswatini,Shiselweni,RETAIL,800 gms
2024-07-01,0.82,Bread (white),Eswatini,Shiselweni,RETAIL,800 gms
2024-08-01,0.85,Bread (white),Eswatini,Shiselweni,RETAIL,800 gms
2024-09-01,0.87,Bread (white),Eswatini,Shiselweni,RETAIL,800 gms
2024-10-01,0.88,Bread (white),Eswatini,Shiselweni,RETAIL,800 gms
2024-11-01,0.85,Bread (white),Eswatini,Shiselweni,RETAIL,800 gms
2024-12-01,0.84,Bread (white),Eswatini,Shiselweni,RETAIL,800 gms
2025-01-01,0.82,Bread (white),Eswatini,Shiselweni,RETAIL,800 gms
2025-02-01,0.83,Bread (white),Eswatini,Shiselweni,RETAIL,800 gms
2025-03-01,0.83,Bread (white),Eswatini,Shiselweni,RETAIL,800 gms
2025-04-01,0.81,Bread (white),Eswatini,Shiselweni,RETAIL,800 gms
2025-05-01,0.84,Bread (white),Eswatini,Shiselweni,RETAIL,800 gms
2025-06-01,0.85,Bread (white),Eswatini,Shiselweni,RETAIL,800 gms
2025-07-01,0.86,Bread (white),Eswatini,Shiselweni,RETAIL,800 gms
2025-08-01,0.86,Bread (white),Eswatini,Shiselweni,RETAIL,800 gms
2025-09-01,0.87,Bread (white),Eswatini,Shiselweni,RETAIL,800 gms
2025-10-01,0.88,Bread (white),Eswatini,Shiselweni,RETAIL,800 gms
2007-01-01,0.47,Bread (white),Occupied Palestinian Territory,Gaza Strip,RETAIL,Kg
2007-02-01,0.47,Bread (white),Occupied Palestinian Territory,Gaza Strip,RETAIL,Kg
2007-03-01,0.48,Bread (white),Occupied Palestinian Territory,Gaza Strip,RETAIL,Kg
2007-04-01,0.49,Bread (white),Occupied Palestinian Territory,Gaza Strip,RETAIL,Kg
2007-05-01,0.5,Bread (white),Occupied Palestinian Territory,Gaza Strip,RETAIL,Kg
2007-06-01,0.48,Bread (white),Occupied Palestinian Territory,Gaza Strip,RETAIL,Kg
2007-07-01,0.47,Bread (white),Occupied Palestinian Territory,Gaza Strip,RETAIL,Kg
2007-08-01,0.59,Bread (white),Occupied Palestinian Territory,Gaza Strip,RETAIL,Kg
2007-09-01,0.61,Bread (white),Occupied Palestinian Territory,Gaza Strip,RETAIL,Kg
2007-10-01,0.63,Bread (white),Occupied Palestinian Territory,Gaza Strip,RETAIL,Kg
2007-11-01,0.66,Bread (white),Occupied Palestinian Territory,Gaza Strip,RETAIL,Kg
2007-12-01,0.67,Bread (white),Occupied Palestinian Territory,Gaza Strip,RETAIL,Kg
2008-01-01,0.68,Bread (white),Occupied Palestinian Territory,Gaza Strip,RETAIL,Kg
2008-02-01,0.71,Bread (white),Occupied Palestinian Territory,Gaza Strip,RETAIL,Kg
2008-03-01,0.74,Bread (white),Occupied Palestinian Territory,Gaza Strip,RETAIL,Kg
2008-04-01,0.76,Bread (white),Occupied Palestinian Territory,Gaza Strip,RETAIL,Kg
2008-05-01,0.82,Bread (white),Occupied Palestinian Territory,Gaza Strip,RETAIL,Kg
2008-06-01,0.89,Bread (white),Occupied Palestinian Territory,Gaza Strip,RETAIL,Kg
2008-07-01,0.93,Bread (white),Occupied Palestinian Territory,Gaza Strip,RETAIL,Kg
2008-08-01,0.83,Bread (white),Occupied Palestinian Territory,Gaza Strip,RETAIL,Kg
2008-09-01,0.82,Bread (white),Occupied Palestinian Territory,Gaza Strip,RETAIL,Kg
2008-10-01,0.76,Bread (white),Occupied Palestinian Territory,Gaza Strip,RETAIL,Kg
2008-11-01,0.69,Bread (white),Occupied Palestinian Territory,Gaza Strip,RETAIL,Kg
2008-12-01,0.78,Bread (white),Occupied Palestinian Territory,Gaza Strip,RETAIL,Kg
2009-01-01,0.77,Bread (white),Occupied Palestinian Territory,Gaza Strip,RETAIL,Kg
2009-02-01,0.73,Bread (white),Occupied Palestinian Territory,Gaza Strip,RETAIL,Kg
2009-03-01,0.68,Bread (white),Occupied Palestinian Territory,Gaza Strip,RETAIL,Kg
2009-04-01,0.71,Bread (white),Occupied Palestinian Territory,Gaza Strip,RETAIL,Kg
2009-05-01,0.69,Bread (white),Occupied Palestinian Territory,Gaza Strip,RETAIL,Kg
2009-06-01,0.76,Bread (white),Occupied Palestinian Territory,Gaza Strip,RETAIL,Kg
2009-07-01,0.77,Bread (white),Occupied Palestinian Territory,Gaza Strip,RETAIL,Kg
2009-08-01,0.78,Bread (white),Occupied Palestinian Territory,Gaza Strip,RETAIL,Kg
2009-09-01,0.8,Bread (white),Occupied Palestinian Territory,Gaza Strip,RETAIL,Kg
2009-10-01,0.81,Bread (white),Occupied Palestinian Territory,Gaza Strip,RETAIL,Kg
2009-11-01,0.79,Bread (white),Occupied Palestinian Territory,Gaza Strip,RETAIL,Kg
2009-12-01,0.79,Bread (white),Occupied Palestinian Territory,Gaza Strip,RETAIL,Kg
2010-01-01,0.81,Bread (white),Occupied Palestinian Territory,Gaza Strip,RETAIL,Kg
2010-02-01,0.8,Bread (white),Occupied Palestinian Territory,Gaza Strip,RETAIL,Kg
2010-03-01,0.8,Bread (white),Occupied Palestinian Territory,Gaza Strip,RETAIL,Kg
2010-04-01,0.81,Bread (white),Occupied Palestinian Territory,Gaza Strip,RETAIL,Kg
2010-05-01,0.78,Bread (white),Occupied Palestinian Territory,Gaza Strip,RETAIL,Kg
2010-06-01,0.78,Bread (white),Occupied Palestinian Territory,Gaza Strip,RETAIL,Kg
2010-07-01,0.78,Bread (white),Occupied Palestinian Territory,Gaza Strip,RETAIL,Kg
2010-08-01,0.79,Bread (white),Occupied Palestinian Territory,Gaza Strip,RETAIL,Kg
2010-09-01,0.8,Bread (white),Occupied Palestinian Territory,Gaza Strip,RETAIL,Kg
2010-10-01,0.83,Bread (white),Occupied Palestinian Territory,Gaza Strip,RETAIL,Kg
2010-11-01,0.82,Bread (white),Occupied Palestinian Territory,Gaza Strip,RETAIL,Kg
2010-12-01,0.83,Bread (white),Occupied Palestinian Territory,Gaza Strip,RETAIL,Kg
2011-01-01,0.84,Bread (white),Occupied Palestinian Territory,Gaza Strip,RETAIL,Kg
2011-02-01,0.78,Bread (white),Occupied Palestinian Territory,Gaza Strip,RETAIL,Kg
2011-03-01,0.8,Bread (white),Occupied Palestinian Territory,Gaza Strip,RETAIL,Kg
2011-04-01,0.83,Bread (white),Occupied Palestinian Territory,Gaza Strip,RETAIL,Kg
2011-05-01,0.82,Bread (white),Occupied Palestinian Territory,Gaza Strip,RETAIL,Kg
2011-06-01,0.84,Bread (white),Occupied Palestinian Territory,Gaza Strip,RETAIL,Kg
2011-07-01,0.84,Bread (white),Occupied Palestinian Territory,Gaza Strip,RETAIL,Kg
2011-08-01,0.76,Bread (white),Occupied Palestinian Territory,Gaza Strip,RETAIL,Kg
2011-09-01,0.73,Bread (white),Occupied Palestinian Territory,Gaza Strip,RETAIL,Kg
2011-10-01,0.73,Bread (white),Occupied Palestinian Territory,Gaza Strip,RETAIL,Kg
2011-11-01,0.72,Bread (white),Occupied Palestinian Territory,Gaza Strip,RETAIL,Kg
2011-12-01,0.75,Bread (white),Occupied Palestinian Territory,Gaza Strip,RETAIL,Kg
2012-01-01,0.74,Bread (white),Occupied Palestinian Territory,Gaza Strip,RETAIL,Kg
2012-02-01,0.76,Bread (white),Occupied Palestinian Territory,Gaza Strip,RETAIL,Kg
2012-03-01,0.8,Bread (white),Occupied Palestinian Territory,Gaza Strip,RETAIL,Kg
2012-04-01,0.8,Bread (white),Occupied Palestinian Territory,Gaza Strip,RETAIL,Kg
2012-05-01,0.78,Bread (white),Occupied Palestinian Territory,Gaza Strip,RETAIL,Kg
2012-06-01,0.77,Bread (white),Occupied Palestinian Territory,Gaza Strip,RETAIL,Kg
2012-07-01,0.75,Bread (white),Occupied Palestinian Territory,Gaza Strip,RETAIL,Kg
2012-08-01,0.75,Bread (white),Occupied Palestinian Territory,Gaza Strip,RETAIL,Kg
2012-09-01,0.76,Bread (white),Occupied Palestinian Territory,Gaza Strip,RETAIL,Kg
2012-10-01,0.78,Bread (white),Occupied Palestinian Territory,Gaza Strip,RETAIL,Kg
2012-11-01,0.77,Bread (white),Occupied Palestinian Territory,Gaza Strip,RETAIL,Kg
2012-12-01,0.79,Bread (white),Occupied Palestinian Territory,Gaza Strip,RETAIL,Kg
2013-01-01,0.8,Bread (white),Occupied Palestinian Territory,Gaza Strip,RETAIL,Kg
2013-02-01,0.71,Bread (white),Occupied Palestinian Territory,Gaza Strip,RETAIL,Kg
2013-03-01,0.7,Bread (white),Occupied Palestinian Territory,Gaza Strip,RETAIL,Kg
2013-04-01,0.72,Bread (white),Occupied Palestinian Territory,Gaza Strip,RETAIL,Kg
2013-05-01,0.71,Bread (white),Occupied Palestinian Territory,Gaza Strip,RETAIL,Kg
2013-06-01,0.71,Bread (white),Occupied Palestinian Territory,Gaza Strip,RETAIL,Kg
2013-07-01,0.72,Bread (white),Occupied Palestinian Territory,Gaza Strip,RETAIL,Kg
2013-08-01,0.69,Bread (white),Occupied Palestinian Territory,Gaza Strip,RETAIL,Kg
2013-09-01,0.69,Bread (white),Occupied Palestinian Territory,Gaza Strip,RETAIL,Kg
2013-10-01,0.71,Bread (white),Occupied Palestinian Territory,Gaza Strip,RETAIL,Kg
2013-11-01,0.73,Bread (white),Occupied Palestinian Territory,Gaza Strip,RETAIL,Kg
2013-12-01,0.74,Bread (white),Occupied Palestinian Territory,Gaza Strip,RETAIL,Kg
2014-01-01,0.76,Bread (white),Occupied Palestinian Territory,Gaza Strip,RETAIL,Kg
2014-02-01,0.77,Bread (white),Occupied Palestinian Territory,Gaza Strip,RETAIL,Kg
2014-03-01,0.82,Bread (white),Occupied Palestinian Territory,Gaza Strip,RETAIL,Kg
2014-04-01,0.81,Bread (white),Occupied Palestinian Territory,Gaza Strip,RETAIL,Kg
2014-05-01,0.81,Bread (white),Occupied Palestinian Territory,Gaza Strip,RETAIL,Kg
2014-06-01,0.81,Bread (white),Occupied Palestinian Territory,Gaza Strip,RETAIL,Kg
2014-07-01,0.82,Bread (white),Occupied Palestinian Territory,Gaza Strip,RETAIL,Kg
2014-08-01,0.8,Bread (white),Occupied Palestinian Territory,Gaza Strip,RETAIL,Kg
2014-09-01,0.77,Bread (white),Occupied Palestinian Territory,Gaza Strip,RETAIL,Kg
2014-10-01,0.69,Bread (white),Occupied Palestinian Territory,Gaza Strip,RETAIL,Kg
2014-11-01,0.68,Bread (white),Occupied Palestinian Territory,Gaza Strip,RETAIL,Kg
2014-12-01,0.66,Bread (white),Occupied Palestinian Territory,Gaza Strip,RETAIL,Kg
2015-01-01,0.66,Bread (white),Occupied Palestinian Territory,Gaza Strip,RETAIL,Kg
2015-02-01,0.72,Bread (white),Occupied Palestinian Territory,Gaza Strip,RETAIL,Kg
2015-03-01,0.7,Bread (white),Occupied Palestinian Territory,Gaza Strip,RETAIL,Kg
2015-04-01,0.71,Bread (white),Occupied Palestinian Territory,Gaza Strip,RETAIL,Kg
2015-05-01,0.73,Bread (white),Occupied Palestinian Territory,Gaza Strip,RETAIL,Kg
2015-06-01,0.73,Bread (white),Occupied Palestinian Territory,Gaza Strip,RETAIL,Kg
2015-07-01,0.74,Bread (white),Occupied Palestinian Territory,Gaza Strip,RETAIL,Kg
2015-08-01,0.73,Bread (white),Occupied Palestinian Territory,Gaza Strip,RETAIL,Kg
2015-09-01,0.72,Bread (white),Occupied Palestinian Territory,Gaza Strip,RETAIL,Kg
2015-10-01,0.73,Bread (white),Occupied Palestinian Territory,Gaza Strip,RETAIL,Kg
2015-11-01,0.64,Bread (white),Occupied Palestinian Territory,Gaza Strip,RETAIL,Kg
2015-12-01,0.64,Bread (white),Occupied Palestinian Territory,Gaza Strip,RETAIL,Kg
2016-01-01,0.63,Bread (white),Occupied Palestinian Territory,Gaza Strip,RETAIL,Kg
2016-02-01,0.64,Bread (white),Occupied Palestinian Territory,Gaza Strip,RETAIL,Kg
2016-03-01,0.65,Bread (white),Occupied Palestinian Territory,Gaza Strip,RETAIL,Kg
2016-04-01,0.59,Bread (white),Occupied Palestinian Territory,Gaza Strip,RETAIL,Kg
2016-05-01,0.73,Bread (white),Occupied Palestinian Territory,Gaza Strip,RETAIL,Kg
2016-06-01,0.66,Bread (white),Occupied Palestinian Territory,Gaza Strip,RETAIL,Kg
2016-07-01,0.62,Bread (white),Occupied Palestinian Territory,Gaza Strip,RETAIL,Kg
2016-08-01,0.55,Bread (white),Occupied Palestinian Territory,Gaza Strip,RETAIL,Kg
2016-09-01,0.56,Bread (white),Occupied Palestinian Territory,Gaza Strip,RETAIL,Kg
2016-10-01,0.55,Bread (white),Occupied Palestinian Territory,Gaza Strip,RETAIL,Kg
2016-11-01,0.54,Bread (white),Occupied Palestinian Territory,Gaza Strip,RETAIL,Kg
2016-12-01,0.54,Bread (white),Occupied Palestinian Territory,Gaza Strip,RETAIL,Kg
2017-01-01,0.54,Bread (white),Occupied Palestinian Territory,Gaza Strip,RETAIL,Kg
2017-02-01,0.59,Bread (white),Occupied Palestinian Territory,Gaza Strip,RETAIL,Kg
2017-03-01,0.58,Bread (white),Occupied Palestinian Territory,Gaza Strip,RETAIL,Kg
2017-04-01,0.58,Bread (white),Occupied Palestinian Territory,Gaza Strip,RETAIL,Kg
2017-05-01,0.58,Bread (white),Occupied Palestinian Territory,Gaza Strip,RETAIL,Kg
2017-06-01,0.61,Bread (white),Occupied Palestinian Territory,Gaza Strip,RETAIL,Kg
2017-07-01,0.59,Bread (white),Occupied Palestinian Territory,Gaza Strip,RETAIL,Kg
2017-08-01,0.63,Bread (white),Occupied Palestinian Territory,Gaza Strip,RETAIL,Kg
2017-09-01,0.64,Bread (white),Occupied Palestinian Territory,Gaza Strip,RETAIL,Kg
2017-10-01,0.69,Bread (white),Occupied Palestinian Territory,Gaza Strip,RETAIL,Kg
2017-11-01,0.71,Bread (white),Occupied Palestinian Territory,Gaza Strip,RETAIL,Kg
2017-12-01,0.7,Bread (white),Occupied Palestinian Territory,Gaza Strip,RETAIL,Kg
2018-01-01,0.67,Bread (white),Occupied Palestinian Territory,Gaza Strip,RETAIL,Kg
2018-02-01,0.65,Bread (white),Occupied Palestinian Territory,Gaza Strip,RETAIL,Kg
2018-03-01,0.64,Bread (white),Occupied Palestinian Territory,Gaza Strip,RETAIL,Kg
2018-04-01,0.64,Bread (white),Occupied Palestinian Territory,Gaza Strip,RETAIL,Kg
2018-05-01,0.65,Bread (white),Occupied Palestinian Territory,Gaza Strip,RETAIL,Kg
2018-06-01,0.62,Bread (white),Occupied Palestinian Territory,Gaza Strip,RETAIL,Kg
2018-07-01,0.63,Bread (white),Occupied Palestinian Territory,Gaza Strip,RETAIL,Kg
2018-08-01,0.62,Bread (white),Occupied Palestinian Territory,Gaza Strip,RETAIL,Kg
2018-09-01,0.65,Bread (white),Occupied Palestinian Territory,Gaza Strip,RETAIL,Kg
2018-10-01,0.65,Bread (white),Occupied Palestinian Territory,Gaza Strip,RETAIL,Kg
2018-11-01,0.63,Bread (white),Occupied Palestinian Territory,Gaza Strip,RETAIL,Kg
2018-12-01,0.62,Bread (white),Occupied Palestinian Territory,Gaza Strip,RETAIL,Kg
2019-01-01,0.64,Bread (white),Occupied Palestinian Territory,Gaza Strip,RETAIL,Kg
2019-02-01,0.64,Bread (white),Occupied Palestinian Territory,Gaza Strip,RETAIL,Kg
2019-03-01,0.67,Bread (white),Occupied Palestinian Territory,Gaza Strip,RETAIL,Kg
2019-04-01,0.68,Bread (white),Occupied Palestinian Territory,Gaza Strip,RETAIL,Kg
2019-05-01,0.68,Bread (white),Occupied Palestinian Territory,Gaza Strip,RETAIL,Kg
2019-06-01,0.68,Bread (white),Occupied Palestinian Territory,Gaza Strip,RETAIL,Kg
2019-07-01,0.69,Bread (white),Occupied Palestinian Territory,Gaza Strip,RETAIL,Kg
2019-08-01,0.7,Bread (white),Occupied Palestinian Territory,Gaza Strip,RETAIL,Kg
2019-09-01,0.7,Bread (white),Occupied Palestinian Territory,Gaza Strip,RETAIL,Kg
2019-10-01,0.69,Bread (white),Occupied Palestinian Territory,Gaza Strip,RETAIL,Kg
2019-11-01,0.69,Bread (white),Occupied Palestinian Territory,Gaza Strip,RETAIL,Kg
2019-12-01,0.69,Bread (white),Occupied Palestinian Territory,Gaza Strip,RETAIL,Kg
2020-01-01,0.69,Bread (white),Occupied Palestinian Territory,Gaza Strip,RETAIL,Kg
2020-02-01,0.69,Bread (white),Occupied Palestinian Territory,Gaza Strip,RETAIL,Kg
2020-03-01,0.66,Bread (white),Occupied Palestinian Territory,Gaza Strip,RETAIL,Kg
2020-04-01,0.68,Bread (white),Occupied Palestinian Territory,Gaza Strip,RETAIL,Kg
2020-05-01,0.69,Bread (white),Occupied Palestinian Territory,Gaza Strip,RETAIL,Kg
2020-06-01,0.71,Bread (white),Occupied Palestinian Territory,Gaza Strip,RETAIL,Kg
2020-07-01,0.7,Bread (white),Occupied Palestinian Territory,Gaza Strip,RETAIL,Kg
2020-08-01,0.7,Bread (white),Occupied Palestinian Territory,Gaza Strip,RETAIL,Kg
2020-09-01,0.68,Bread (white),Occupied Palestinian Territory,Gaza Strip,RETAIL,Kg
2020-10-01,0.69,Bread (white),Occupied Palestinian Territory,Gaza Strip,RETAIL,Kg
2020-11-01,0.7,Bread (white),Occupied Palestinian Territory,Gaza Strip,RETAIL,Kg
2020-12-01,0.71,Bread (white),Occupied Palestinian Territory,Gaza Strip,RETAIL,Kg
2021-01-01,0.72,Bread (white),Occupied Palestinian Territory,Gaza Strip,RETAIL,Kg
2021-02-01,0.71,Bread (white),Occupied Palestinian Territory,Gaza Strip,RETAIL,Kg
2021-03-01,0.7,Bread (white),Occupied Palestinian Territory,Gaza Strip,RETAIL,Kg
2021-04-01,0.71,Bread (white),Occupied Palestinian Territory,Gaza Strip,RETAIL,Kg
2021-05-01,0.72,Bread (white),Occupied Palestinian Territory,Gaza Strip,RETAIL,Kg
2021-06-01,0.72,Bread (white),Occupied Palestinian Territory,Gaza Strip,RETAIL,Kg
2021-07-01,0.71,Bread (white),Occupied Palestinian Territory,Gaza Strip,RETAIL,Kg
2021-08-01,0.72,Bread (white),Occupied Palestinian Territory,Gaza Strip,RETAIL,Kg
2021-09-01,0.73,Bread (white),Occupied Palestinian Territory,Gaza Strip,RETAIL,Kg
2021-10-01,0.72,Bread (white),Occupied Palestinian Territory,Gaza Strip,RETAIL,Kg
2021-11-01,0.8,Bread (white),Occupied Palestinian Territory,Gaza Strip,RETAIL,Kg
2021-12-01,0.8,Bread (white),Occupied Palestinian Territory,Gaza Strip,RETAIL,Kg
2022-01-01,0.8,Bread (white),Occupied Palestinian Territory,Gaza Strip,RETAIL,Kg
2022-02-01,0.78,Bread (white),Occupied Palestinian Territory,Gaza Strip,RETAIL,Kg
2022-03-01,0.8,Bread (white),Occupied Palestinian Territory,Gaza Strip,RETAIL,Kg
2022-04-01,0.83,Bread (white),Occupied Palestinian Territory,Gaza Strip,RETAIL,Kg
2022-05-01,0.85,Bread (white),Occupied Palestinian Territory,Gaza Strip,RETAIL,Kg
2022-06-01,1.14,Bread (white),Occupied Palestinian Territory,Gaza Strip,RETAIL,Kg
2022-07-01,0.87,Bread (white),Occupied Palestinian Territory,Gaza Strip,RETAIL,Kg
2022-08-01,0.87,Bread (white),Occupied Palestinian Territory,Gaza Strip,RETAIL,Kg
2022-09-01,0.8,Bread (white),Occupied Palestinian Territory,Gaza Strip,RETAIL,Kg
2022-10-01,0.75,Bread (white),Occupied Palestinian Territory,Gaza Strip,RETAIL,Kg
2022-11-01,0.77,Bread (white),Occupied Palestinian Territory,Gaza Strip,RETAIL,Kg
2022-12-01,0.77,Bread (white),Occupied Palestinian Territory,Gaza Strip,RETAIL,Kg
2023-01-01,0.84,Bread (white),Occupied Palestinian Territory,Gaza Strip,RETAIL,Kg
2023-02-01,0.79,Bread (white),Occupied Palestinian Territory,Gaza Strip,RETAIL,Kg
2023-03-01,0.78,Bread (white),Occupied Palestinian Territory,Gaza Strip,RETAIL,Kg
2023-04-01,0.77,Bread (white),Occupied Palestinian Territory,Gaza Strip,RETAIL,Kg
2023-05-01,0.75,Bread (white),Occupied Palestinian Territory,Gaza Strip,RETAIL,Kg
2023-06-01,0.73,Bread (white),Occupied Palestinian Territory,Gaza Strip,RETAIL,Kg
2023-07-01,0.73,Bread (white),Occupied Palestinian Territory,Gaza Strip,RETAIL,Kg
2023-08-01,0.71,Bread (white),Occupied Palestinian Territory,Gaza Strip,RETAIL,Kg
2023-09-01,0.68,Bread (white),Occupied Palestinian Territory,Gaza Strip,RETAIL,Kg
2023-10-01,0.71,Bread (white),Occupied Palestinian Territory,Gaza Strip,RETAIL,Kg
2023-11-01,0.7,Bread (white),Occupied Palestinian Territory,Gaza Strip,RETAIL,Kg
2023-12-01,0.73,Bread (white),Occupied Palestinian Territory,Gaza Strip,RETAIL,Kg
2024-01-01,0.54,Bread (white),Occupied Palestinian Territory,Gaza Strip,RETAIL,Kg
2024-02-01,0.91,Bread (white),Occupied Palestinian Territory,Gaza Strip,RETAIL,Kg
2024-03-01,0.92,Bread (white),Occupied Palestinian Territory,Gaza Strip,RETAIL,Kg
2024-04-01,0.75,Bread (white),Occupied Palestinian Territory,Gaza Strip,RETAIL,Kg
2024-05-01,0.82,Bread (white),Occupied Palestinian Territory,Gaza Strip,RETAIL,Kg
2024-06-01,0.67,Bread (white),Occupied Palestinian Territory,Gaza Strip,RETAIL,Kg
2024-07-01,0.74,Bread (white),Occupied Palestinian Territory,Gaza Strip,RETAIL,Kg
2024-08-01,0.87,Bread (white),Occupied Palestinian Territory,Gaza Strip,RETAIL,Kg
2024-09-01,0.87,Bread (white),Occupied Palestinian Territory,Gaza Strip,RETAIL,Kg
2024-10-01,0.73,Bread (white),Occupied Palestinian Territory,Gaza Strip,RETAIL,Kg
2024-11-01,1.24,Bread (white),Occupied Palestinian Territory,Gaza Strip,RETAIL,Kg
2024-12-01,5.98,Bread (white),Occupied Palestinian Territory,Gaza Strip,RETAIL,Kg
2025-01-01,3.59,Bread (white),Occupied Palestinian Territory,Gaza Strip,RETAIL,Kg
2025-02-01,0.36,Bread (white),Occupied Palestinian Territory,Gaza Strip,RETAIL,Kg
2025-03-01,1.17,Bread (white),Occupied Palestinian Territory,Gaza Strip,RETAIL,Kg
2025-04-01,3.6,Bread (white),Occupied Palestinian Territory,Gaza Strip,RETAIL,Kg
2025-05-01,8.42,Bread (white),Occupied Palestinian Territory,Gaza Strip,RETAIL,Kg
2025-06-01,8.6,Bread (white),Occupied Palestinian Territory,Gaza Strip,RETAIL,Kg
2025-07-01,,Bread (white),Occupied Palestinian Territory,Gaza Strip,RETAIL,Kg
2025-08-01,17.65,Bread (white),Occupied Palestinian Territory,Gaza Strip,RETAIL,Kg
2025-09-01,5.38,Bread (white),Occupied Palestinian Territory,Gaza Strip,RETAIL,Kg
2025-10-01,0.42,Bread (white),Occupied Palestinian Territory,Gaza Strip,RETAIL,Kg
2007-01-01,0.71,Bread (white),Occupied Palestinian Territory,West Bank,RETAIL,Kg
2007-02-01,0.71,Bread (white),Occupied Palestinian Territory,West Bank,RETAIL,Kg
2007-03-01,0.71,Bread (white),Occupied Palestinian Territory,West Bank,RETAIL,Kg
2007-04-01,0.74,Bread (white),Occupied Palestinian Territory,West Bank,RETAIL,Kg
2007-05-01,0.75,Bread (white),Occupied Palestinian Territory,West Bank,RETAIL,Kg
2007-06-01,0.72,Bread (white),Occupied Palestinian Territory,West Bank,RETAIL,Kg
2007-07-01,0.71,Bread (white),Occupied Palestinian Territory,West Bank,RETAIL,Kg
2007-08-01,0.83,Bread (white),Occupied Palestinian Territory,West Bank,RETAIL,Kg
2007-09-01,0.86,Bread (white),Occupied Palestinian Territory,West Bank,RETAIL,Kg
2007-10-01,0.87,Bread (white),Occupied Palestinian Territory,West Bank,RETAIL,Kg
2007-11-01,1.01,Bread (white),Occupied Palestinian Territory,West Bank,RETAIL,Kg
2007-12-01,1.03,Bread (white),Occupied Palestinian Territory,West Bank,RETAIL,Kg
2008-01-01,1.07,Bread (white),Occupied Palestinian Territory,West Bank,RETAIL,Kg
2008-02-01,1.13,Bread (white),Occupied Palestinian Territory,West Bank,RETAIL,Kg
2008-03-01,1.27,Bread (white),Occupied Palestinian Territory,West Bank,RETAIL,Kg
2008-04-01,1.28,Bread (white),Occupied Palestinian Territory,West Bank,RETAIL,Kg
2008-05-01,1.33,Bread (white),Occupied Palestinian Territory,West Bank,RETAIL,Kg
2008-06-01,1.34,Bread (white),Occupied Palestinian Territory,West Bank,RETAIL,Kg
2008-07-01,1.34,Bread (white),Occupied Palestinian Territory,West Bank,RETAIL,Kg
2008-08-01,1.25,Bread (white),Occupied Palestinian Territory,West Bank,RETAIL,Kg
2008-09-01,1.24,Bread (white),Occupied Palestinian Territory,West Bank,RETAIL,Kg
2008-10-01,1.16,Bread (white),Occupied Palestinian Territory,West Bank,RETAIL,Kg
2008-11-01,1.09,Bread (white),Occupied Palestinian Territory,West Bank,RETAIL,Kg
2008-12-01,1.03,Bread (white),Occupied Palestinian Territory,West Bank,RETAIL,Kg
2009-01-01,1.02,Bread (white),Occupied Palestinian Territory,West Bank,RETAIL,Kg
2009-02-01,0.98,Bread (white),Occupied Palestinian Territory,West Bank,RETAIL,Kg
2009-03-01,0.97,Bread (white),Occupied Palestinian Territory,West Bank,RETAIL,Kg
2009-04-01,0.95,Bread (white),Occupied Palestinian Territory,West Bank,RETAIL,Kg
2009-05-01,0.98,Bread (white),Occupied Palestinian Territory,West Bank,RETAIL,Kg
2009-06-01,1.01,Bread (white),Occupied Palestinian Territory,West Bank,RETAIL,Kg
2009-07-01,1.03,Bread (white),Occupied Palestinian Territory,West Bank,RETAIL,Kg
2009-08-01,1.04,Bread (white),Occupied Palestinian Territory,West Bank,RETAIL,Kg
2009-09-01,1.06,Bread (white),Occupied Palestinian Territory,West Bank,RETAIL,Kg
2009-10-01,1.07,Bread (white),Occupied Palestinian Territory,West Bank,RETAIL,Kg
2009-11-01,1.06,Bread (white),Occupied Palestinian Territory,West Bank,RETAIL,Kg
2009-12-01,1.06,Bread (white),Occupied Palestinian Territory,West Bank,RETAIL,Kg
2010-01-01,1.08,Bread (white),Occupied Palestinian Territory,West Bank,RETAIL,Kg
2010-02-01,1.07,Bread (white),Occupied Palestinian Territory,West Bank,RETAIL,Kg
2010-03-01,1.07,Bread (white),Occupied Palestinian Territory,West Bank,RETAIL,Kg
2010-04-01,1.08,Bread (white),Occupied Palestinian Territory,West Bank,RETAIL,Kg
2010-05-01,0.99,Bread (white),Occupied Palestinian Territory,West Bank,RETAIL,Kg
2010-06-01,0.95,Bread (white),Occupied Palestinian Territory,West Bank,RETAIL,Kg
2010-07-01,0.93,Bread (white),Occupied Palestinian Territory,West Bank,RETAIL,Kg
2010-08-01,0.94,Bread (white),Occupied Palestinian Territory,West Bank,RETAIL,Kg
2010-09-01,0.99,Bread (white),Occupied Palestinian Territory,West Bank,RETAIL,Kg
2010-10-01,1.09,Bread (white),Occupied Palestinian Territory,West Bank,RETAIL,Kg
2010-11-01,1.1,Bread (white),Occupied Palestinian Territory,West Bank,RETAIL,Kg
2010-12-01,1.11,Bread (white),Occupied Palestinian Territory,West Bank,RETAIL,Kg
2011-01-01,1.12,Bread (white),Occupied Palestinian Territory,West Bank,RETAIL,Kg
2011-02-01,1.09,Bread (white),Occupied Palestinian Territory,West Bank,RETAIL,Kg
2011-03-01,1.12,Bread (white),Occupied Palestinian Territory,West Bank,RETAIL,Kg
2011-04-01,1.16,Bread (white),Occupied Palestinian Territory,West Bank,RETAIL,Kg
2011-05-01,1.15,Bread (white),Occupied Palestinian Territory,West Bank,RETAIL,Kg
2011-06-01,1.17,Bread (white),Occupied Palestinian Territory,West Bank,RETAIL,Kg
2011-07-01,1.17,Bread (white),Occupied Palestinian Territory,West Bank,RETAIL,Kg
2011-08-01,1.04,Bread (white),Occupied Palestinian Territory,West Bank,RETAIL,Kg
2011-09-01,1.09,Bread (white),Occupied Palestinian Territory,West Bank,RETAIL,Kg
2011-10-01,1.09,Bread (white),Occupied Palestinian Territory,West Bank,RETAIL,Kg
2011-11-01,1.07,Bread (white),Occupied Palestinian Territory,West Bank,RETAIL,Kg
2011-12-01,1.06,Bread (white),Occupied Palestinian Territory,West Bank,RETAIL,Kg
2012-01-01,1.05,Bread (white),Occupied Palestinian Territory,West Bank,RETAIL,Kg
2012-02-01,1.07,Bread (white),Occupied Palestinian Territory,West Bank,RETAIL,Kg
2012-03-01,1.06,Bread (white),Occupied Palestinian Territory,West Bank,RETAIL,Kg
2012-04-01,1.07,Bread (white),Occupied Palestinian Territory,West Bank,RETAIL,Kg
2012-05-01,1.05,Bread (white),Occupied Palestinian Territory,West Bank,RETAIL,Kg
2012-06-01,1.03,Bread (white),Occupied Palestinian Territory,West Bank,RETAIL,Kg
2012-07-01,1.0,Bread (white),Occupied Palestinian Territory,West Bank,RETAIL,Kg
2012-08-01,1.0,Bread (white),Occupied Palestinian Territory,West Bank,RETAIL,Kg
2012-09-01,1.01,Bread (white),Occupied Palestinian Territory,West Bank,RETAIL,Kg
2012-10-01,1.04,Bread (white),Occupied Palestinian Territory,West Bank,RETAIL,Kg
2012-11-01,1.03,Bread (white),Occupied Palestinian Territory,West Bank,RETAIL,Kg
2012-12-01,1.06,Bread (white),Occupied Palestinian Territory,West Bank,RETAIL,Kg
2013-01-01,1.07,Bread (white),Occupied Palestinian Territory,West Bank,RETAIL,Kg
2013-02-01,1.08,Bread (white),Occupied Palestinian Territory,West Bank,RETAIL,Kg
2013-03-01,1.08,Bread (white),Occupied Palestinian Territory,West Bank,RETAIL,Kg
2013-04-01,1.1,Bread (white),Occupied Palestinian Territory,West Bank,RETAIL,Kg
2013-05-01,1.1,Bread (white),Occupied Palestinian Territory,West Bank,RETAIL,Kg
2013-06-01,1.1,Bread (white),Occupied Palestinian Territory,West Bank,RETAIL,Kg
2013-07-01,1.11,Bread (white),Occupied Palestinian Territory,West Bank,RETAIL,Kg
2013-08-01,1.12,Bread (white),Occupied Palestinian Territory,West Bank,RETAIL,Kg
2013-09-01,1.12,Bread (white),Occupied Palestinian Territory,West Bank,RETAIL,Kg
2013-10-01,1.13,Bread (white),Occupied Palestinian Territory,West Bank,RETAIL,Kg
2013-11-01,1.13,Bread (white),Occupied Palestinian Territory,West Bank,RETAIL,Kg
2013-12-01,1.14,Bread (white),Occupied Palestinian Territory,West Bank,RETAIL,Kg
2014-01-01,1.15,Bread (white),Occupied Palestinian Territory,West Bank,RETAIL,Kg
2014-02-01,1.14,Bread (white),Occupied Palestinian Territory,West Bank,RETAIL,Kg
2014-03-01,1.15,Bread (white),Occupied Palestinian Territory,West Bank,RETAIL,Kg
2014-04-01,1.15,Bread (white),Occupied Palestinian Territory,West Bank,RETAIL,Kg
2014-05-01,1.15,Bread (white),Occupied Palestinian Territory,West Bank,RETAIL,Kg
2014-06-01,1.16,Bread (white),Occupied Palestinian Territory,West Bank,RETAIL,Kg
2014-07-01,1.17,Bread (white),Occupied Palestinian Territory,West Bank,RETAIL,Kg
2014-08-01,1.14,Bread (white),Occupied Palestinian Territory,West Bank,RETAIL,Kg
2014-09-01,1.1,Bread (white),Occupied Palestinian Territory,West Bank,RETAIL,Kg
2014-10-01,1.07,Bread (white),Occupied Palestinian Territory,West Bank,RETAIL,Kg
2014-11-01,1.04,Bread (white),Occupied Palestinian Territory,West Bank,RETAIL,Kg
2014-12-01,1.02,Bread (white),Occupied Palestinian Territory,West Bank,RETAIL,Kg
2015-01-01,1.01,Bread (white),Occupied Palestinian Territory,West Bank,RETAIL,Kg
2015-02-01,1.03,Bread (white),Occupied Palestinian Territory,West Bank,RETAIL,Kg
2015-03-01,1.0,Bread (white),Occupied Palestinian Territory,West Bank,RETAIL,Kg
2015-04-01,1.02,Bread (white),Occupied Palestinian Territory,West Bank,RETAIL,Kg
2015-05-01,1.04,Bread (white),Occupied Palestinian Territory,West Bank,RETAIL,Kg
2015-06-01,1.05,Bread (white),Occupied Palestinian Territory,West Bank,RETAIL,Kg
2015-07-01,1.03,Bread (white),Occupied Palestinian Territory,West Bank,RETAIL,Kg
2015-08-01,1.03,Bread (white),Occupied Palestinian Territory,West Bank,RETAIL,Kg
2015-09-01,1.02,Bread (white),Occupied Palestinian Territory,West Bank,RETAIL,Kg
2015-10-01,1.04,Bread (white),Occupied Palestinian Territory,West Bank,RETAIL,Kg
2015-11-01,1.03,Bread (white),Occupied Palestinian Territory,West Bank,RETAIL,Kg
2015-12-01,1.03,Bread (white),Occupied Palestinian Territory,West Bank,RETAIL,Kg
2016-01-01,1.01,Bread (white),Occupied Palestinian Territory,West Bank,RETAIL,Kg
2016-02-01,1.02,Bread (white),Occupied Palestinian Territory,West Bank,RETAIL,Kg
2016-03-01,1.03,Bread (white),Occupied Palestinian Territory,West Bank,RETAIL,Kg
2016-04-01,1.06,Bread (white),Occupied Palestinian Territory,West Bank,RETAIL,Kg
2016-05-01,1.05,Bread (white),Occupied Palestinian Territory,West Bank,RETAIL,Kg
2016-06-01,1.04,Bread (white),Occupied Palestinian Territory,West Bank,RETAIL,Kg
2016-07-01,1.04,Bread (white),Occupied Palestinian Territory,West Bank,RETAIL,Kg
2016-08-01,1.05,Bread (white),Occupied Palestinian Territory,West Bank,RETAIL,Kg
2016-09-01,1.06,Bread (white),Occupied Palestinian Territory,West Bank,RETAIL,Kg
2016-10-01,1.05,Bread (white),Occupied Palestinian Territory,West Bank,RETAIL,Kg
2016-11-01,1.04,Bread (white),Occupied Palestinian Territory,West Bank,RETAIL,Kg
2016-12-01,1.04,Bread (white),Occupied Palestinian Territory,West Bank,RETAIL,Kg
2017-01-01,1.05,Bread (white),Occupied Palestinian Territory,West Bank,RETAIL,Kg
2017-02-01,1.04,Bread (white),Occupied Palestinian Territory,West Bank,RETAIL,Kg
2017-03-01,1.04,Bread (white),Occupied Palestinian Territory,West Bank,RETAIL,Kg
2017-04-01,1.03,Bread (white),Occupied Palestinian Territory,West Bank,RETAIL,Kg
2017-05-01,1.05,Bread (white),Occupied Palestinian Territory,West Bank,RETAIL,Kg
2017-06-01,1.07,Bread (white),Occupied Palestinian Territory,West Bank,RETAIL,Kg
2017-07-01,1.07,Bread (white),Occupied Palestinian Territory,West Bank,RETAIL,Kg
2017-08-01,1.06,Bread (white),Occupied Palestinian Territory,West Bank,RETAIL,Kg
2017-09-01,1.07,Bread (white),Occupied Palestinian Territory,West Bank,RETAIL,Kg
2017-10-01,1.09,Bread (white),Occupied Palestinian Territory,West Bank,RETAIL,Kg
2017-11-01,1.08,Bread (white),Occupied Palestinian Territory,West Bank,RETAIL,Kg
2017-12-01,1.09,Bread (white),Occupied Palestinian Territory,West Bank,RETAIL,Kg
2018-01-01,1.11,Bread (white),Occupied Palestinian Territory,West Bank,RETAIL,Kg
2018-02-01,1.09,Bread (white),Occupied Palestinian Territory,West Bank,RETAIL,Kg
2018-03-01,1.1,Bread (white),Occupied Palestinian Territory,West Bank,RETAIL,Kg
2018-04-01,1.07,Bread (white),Occupied Palestinian Territory,West Bank,RETAIL,Kg
2018-05-01,1.07,Bread (white),Occupied Palestinian Territory,West Bank,RETAIL,Kg
2018-06-01,1.05,Bread (white),Occupied Palestinian Territory,West Bank,RETAIL,Kg
2018-07-01,1.05,Bread (white),Occupied Palestinian Territory,West Bank,RETAIL,Kg
2018-08-01,1.04,Bread (white),Occupied Palestinian Territory,West Bank,RETAIL,Kg
2018-09-01,1.06,Bread (white),Occupied Palestinian Territory,West Bank,RETAIL,Kg
2018-10-01,1.04,Bread (white),Occupied Palestinian Territory,West Bank,RETAIL,Kg
2018-11-01,1.02,Bread (white),Occupied Palestinian Territory,West Bank,RETAIL,Kg
2018-12-01,1.01,Bread (white),Occupied Palestinian Territory,West Bank,RETAIL,Kg
2019-01-01,1.05,Bread (white),Occupied Palestinian Territory,West Bank,RETAIL,Kg
2019-02-01,1.08,Bread (white),Occupied Palestinian Territory,West Bank,RETAIL,Kg
2019-03-01,1.09,Bread (white),Occupied Palestinian Territory,West Bank,RETAIL,Kg
2019-04-01,1.09,Bread (white),Occupied Palestinian Territory,West Bank,RETAIL,Kg
2019-05-01,1.09,Bread (white),Occupied Palestinian Territory,West Bank,RETAIL,Kg
2019-06-01,1.09,Bread (white),Occupied Palestinian Territory,West Bank,RETAIL,Kg
2019-07-01,1.11,Bread (white),Occupied Palestinian Territory,West Bank,RETAIL,Kg
2019-08-01,1.12,Bread (white),Occupied Palestinian Territory,West Bank,RETAIL,Kg
2019-09-01,1.11,Bread (white),Occupied Palestinian Territory,West Bank,RETAIL,Kg
2019-10-01,1.11,Bread (white),Occupied Palestinian Territory,West Bank,RETAIL,Kg
2019-11-01,1.13,Bread (white),Occupied Palestinian Territory,West Bank,RETAIL,Kg
2019-12-01,1.13,Bread (white),Occupied Palestinian Territory,West Bank,RETAIL,Kg
2020-01-01,1.13,Bread (white),Occupied Palestinian Territory,West Bank,RETAIL,Kg
2020-02-01,1.14,Bread (white),Occupied Palestinian Territory,West Bank,RETAIL,Kg
2020-03-01,1.09,Bread (white),Occupied Palestinian Territory,West Bank,RETAIL,Kg
2020-04-01,1.11,Bread (white),Occupied Palestinian Territory,West Bank,RETAIL,Kg
2020-05-01,1.12,Bread (white),Occupied Palestinian Territory,West Bank,RETAIL,Kg
2020-06-01,1.14,Bread (white),Occupied Palestinian Territory,West Bank,RETAIL,Kg
2020-07-01,1.16,Bread (white),Occupied Palestinian Territory,West Bank,RETAIL,Kg
2020-08-01,1.16,Bread (white),Occupied Palestinian Territory,West Bank,RETAIL,Kg
2020-09-01,1.15,Bread (white),Occupied Palestinian Territory,West Bank,RETAIL,Kg
2020-10-01,1.16,Bread (white),Occupied Palestinian Territory,West Bank,RETAIL,Kg
2020-11-01,1.18,Bread (white),Occupied Palestinian Territory,West Bank,RETAIL,Kg
2020-12-01,1.21,Bread (white),Occupied Palestinian Territory,West Bank,RETAIL,Kg
2021-01-01,1.23,Bread (white),Occupied Palestinian Territory,West Bank,RETAIL,Kg
2021-02-01,1.21,Bread (white),Occupied Palestinian Territory,West Bank,RETAIL,Kg
2021-03-01,1.19,Bread (white),Occupied Palestinian Territory,West Bank,RETAIL,Kg
2021-04-01,1.21,Bread (white),Occupied Palestinian Territory,West Bank,RETAIL,Kg
2021-05-01,1.21,Bread (white),Occupied Palestinian Territory,West Bank,RETAIL,Kg
2021-06-01,1.21,Bread (white),Occupied Palestinian Territory,West Bank,RETAIL,Kg
2021-07-01,1.21,Bread (white),Occupied Palestinian Territory,West Bank,RETAIL,Kg
2021-08-01,1.23,Bread (white),Occupied Palestinian Territory,West Bank,RETAIL,Kg
2021-09-01,1.23,Bread (white),Occupied Palestinian Territory,West Bank,RETAIL,Kg
2021-10-01,1.23,Bread (white),Occupied Palestinian Territory,West Bank,RETAIL,Kg
2021-11-01,1.27,Bread (white),Occupied Palestinian Territory,West Bank,RETAIL,Kg
2021-12-01,1.27,Bread (white),Occupied Palestinian Territory,West Bank,RETAIL,Kg
2022-01-01,1.27,Bread (white),Occupied Palestinian Territory,West Bank,RETAIL,Kg
2022-02-01,1.24,Bread (white),Occupied Palestinian Territory,West Bank,RETAIL,Kg
2022-03-01,1.23,Bread (white),Occupied Palestinian Territory,West Bank,RETAIL,Kg
2022-04-01,1.23,Bread (white),Occupied Palestinian Territory,West Bank,RETAIL,Kg
2022-05-01,1.32,Bread (white),Occupied Palestinian Territory,West Bank,RETAIL,Kg
2022-06-01,1.33,Bread (white),Occupied Palestinian Territory,West Bank,RETAIL,Kg
2022-07-01,1.35,Bread (white),Occupied Palestinian Territory,West Bank,RETAIL,Kg
2022-08-01,1.42,Bread (white),Occupied Palestinian Territory,West Bank,RETAIL,Kg
2022-09-01,1.35,Bread (white),Occupied Palestinian Territory,West Bank,RETAIL,Kg
2022-10-01,1.3,Bread (white),Occupied Palestinian Territory,West Bank,RETAIL,Kg
2022-11-01,1.32,Bread (white),Occupied Palestinian Territory,West Bank,RETAIL,Kg
2022-12-01,1.33,Bread (white),Occupied Palestinian Territory,West Bank,RETAIL,Kg
2023-01-01,1.34,Bread (white),Occupied Palestinian Territory,West Bank,RETAIL,Kg
2023-02-01,1.31,Bread (white),Occupied Palestinian Territory,West Bank,RETAIL,Kg
2023-03-01,1.28,Bread (white),Occupied Palestinian Territory,West Bank,RETAIL,Kg
2023-04-01,1.27,Bread (white),Occupied Palestinian Territory,West Bank,RETAIL,Kg
2023-05-01,1.26,Bread (white),Occupied Palestinian Territory,West Bank,RETAIL,Kg
2023-06-01,1.25,Bread (white),Occupied Palestinian Territory,West Bank,RETAIL,Kg
2023-07-01,1.25,Bread (white),Occupied Palestinian Territory,West Bank,RETAIL,Kg
2023-08-01,1.22,Bread (white),Occupied Palestinian Territory,West Bank,RETAIL,Kg
2023-09-01,1.2,Bread (white),Occupied Palestinian Territory,West Bank,RETAIL,Kg
2023-10-01,1.23,Bread (white),Occupied Palestinian Territory,West Bank,RETAIL,Kg
2023-11-01,1.21,Bread (white),Occupied Palestinian Territory,West Bank,RETAIL,Kg
2023-12-01,1.26,Bread (white),Occupied Palestinian Territory,West Bank,RETAIL,Kg
2024-01-01,1.24,Bread (white),Occupied Palestinian Territory,West Bank,RETAIL,Kg
2024-02-01,1.26,Bread (white),Occupied Palestinian Territory,West Bank,RETAIL,Kg
2024-03-01,1.28,Bread (white),Occupied Palestinian Territory,West Bank,RETAIL,Kg
2024-04-01,1.24,Bread (white),Occupied Palestinian Territory,West Bank,RETAIL,Kg
2024-05-01,1.25,Bread (white),Occupied Palestinian Territory,West Bank,RETAIL,Kg
2024-06-01,1.24,Bread (white),Occupied Palestinian Territory,West Bank,RETAIL,Kg
2024-07-01,1.25,Bread (white),Occupied Palestinian Territory,West Bank,RETAIL,Kg
2024-08-01,1.24,Bread (white),Occupied Palestinian Territory,West Bank,RETAIL,Kg
2024-09-01,1.25,Bread (white),Occupied Palestinian Territory,West Bank,RETAIL,Kg
2024-10-01,1.24,Bread (white),Occupied Palestinian Territory,West Bank,RETAIL,Kg
2024-11-01,1.25,Bread (white),Occupied Palestinian Territory,West Bank,RETAIL,Kg
2024-12-01,1.25,Bread (white),Occupied Palestinian Territory,West Bank,RETAIL,Kg
2025-01-01,1.28,Bread (white),Occupied Palestinian Territory,West Bank,RETAIL,Kg
2025-02-01,1.3,Bread (white),Occupied Palestinian Territory,West Bank,RETAIL,Kg
2025-03-01,1.27,Bread (white),Occupied Palestinian Territory,West Bank,RETAIL,Kg
2025-04-01,1.25,Bread (white),Occupied Palestinian Territory,West Bank,RETAIL,Kg
2025-05-01,1.3,Bread (white),Occupied Palestinian Territory,West Bank,RETAIL,Kg
2025-06-01,1.33,Bread (white),Occupied Palestinian Territory,West Bank,RETAIL,Kg
2025-07-01,,Bread (white),Occupied Palestinian Territory,West Bank,RETAIL,Kg
2025-08-01,1.36,Bread (white),Occupied Palestinian Territory,West Bank,RETAIL,Kg
2025-09-01,1.39,Bread (white),Occupied Palestinian Territory,West Bank,RETAIL,Kg
2025-10-01,1.42,Bread (white),Occupied Palestinian Territory,West Bank,RETAIL,Kg
2009-01-01,0.27,Bread (white),Saudi Arabia,National Average,RETAIL,4 loaves
2009-02-01,0.27,Bread (white),Saudi Arabia,National Average,RETAIL,4 loaves
2009-03-01,0.27,Bread (white),Saudi Arabia,National Average,RETAIL,4 loaves
2009-04-01,0.27,Bread (white),Saudi Arabia,National Average,RETAIL,4 loaves
2009-05-01,0.27,Bread (white),Saudi Arabia,National Average,RETAIL,4 loaves
2009-06-01,0.27,Bread (white),Saudi Arabia,National Average,RETAIL,4 loaves
2009-07-01,0.27,Bread (white),Saudi Arabia,National Average,RETAIL,4 loaves
2009-08-01,0.27,Bread (white),Saudi Arabia,National Average,RETAIL,4 loaves
2009-09-01,0.27,Bread (white),Saudi Arabia,National Average,RETAIL,4 loaves
2009-10-01,0.27,Bread (white),Saudi Arabia,National Average,RETAIL,4 loaves
2009-11-01,0.27,Bread (white),Saudi Arabia,National Average,RETAIL,4 loaves
2009-12-01,0.27,Bread (white),Saudi Arabia,National Average,RETAIL,4 loaves
2010-01-01,0.27,Bread (white),Saudi Arabia,National Average,RETAIL,4 loaves
2010-02-01,0.27,Bread (white),Saudi Arabia,National Average,RETAIL,4 loaves
2010-03-01,0.27,Bread (white),Saudi Arabia,National Average,RETAIL,4 loaves
2010-04-01,0.27,Bread (white),Saudi Arabia,National Average,RETAIL,4 loaves
2010-05-01,0.27,Bread (white),Saudi Arabia,National Average,RETAIL,4 loaves
2010-06-01,0.27,Bread (white),Saudi Arabia,National Average,RETAIL,4 loaves
2010-07-01,0.27,Bread (white),Saudi Arabia,National Average,RETAIL,4 loaves
2010-08-01,0.27,Bread (white),Saudi Arabia,National Average,RETAIL,4 loaves
2010-09-01,0.27,Bread (white),Saudi Arabia,National Average,RETAIL,4 loaves
2010-10-01,0.27,Bread (white),Saudi Arabia,National Average,RETAIL,4 loaves
2010-11-01,0.27,Bread (white),Saudi Arabia,National Average,RETAIL,4 loaves
2010-12-01,0.27,Bread (white),Saudi Arabia,National Average,RETAIL,4 loaves
2011-01-01,0.27,Bread (white),Saudi Arabia,National Average,RETAIL,4 loaves
2011-02-01,0.27,Bread (white),Saudi Arabia,National Average,RETAIL,4 loaves
2011-03-01,0.27,Bread (white),Saudi Arabia,National Average,RETAIL,4 loaves
2011-04-01,0.27,Bread (white),Saudi Arabia,National Average,RETAIL,4 loaves
2011-05-01,0.27,Bread (white),Saudi Arabia,National Average,RETAIL,4 loaves
2011-06-01,0.27,Bread (white),Saudi Arabia,National Average,RETAIL,4 loaves
2011-07-01,0.27,Bread (white),Saudi Arabia,National Average,RETAIL,4 loaves
2011-08-01,0.27,Bread (white),Saudi Arabia,National Average,RETAIL,4 loaves
2011-09-01,0.27,Bread (white),Saudi Arabia,National Average,RETAIL,4 loaves
2011-10-01,0.27,Bread (white),Saudi Arabia,National Average,RETAIL,4 loaves
2011-11-01,0.27,Bread (white),Saudi Arabia,National Average,RETAIL,4 loaves
2011-12-01,0.27,Bread (white),Saudi Arabia,National Average,RETAIL,4 loaves
2012-01-01,0.27,Bread (white),Saudi Arabia,National Average,RETAIL,4 loaves
2012-02-01,0.27,Bread (white),Saudi Arabia,National Average,RETAIL,4 loaves
2012-03-01,0.27,Bread (white),Saudi Arabia,National Average,RETAIL,4 loaves
2012-04-01,0.27,Bread (white),Saudi Arabia,National Average,RETAIL,4 loaves
2012-05-01,0.27,Bread (white),Saudi Arabia,National Average,RETAIL,4 loaves
2012-06-01,0.27,Bread (white),Saudi Arabia,National Average,RETAIL,4 loaves
2012-07-01,0.27,Bread (white),Saudi Arabia,National Average,RETAIL,4 loaves
2012-08-01,0.27,Bread (white),Saudi Arabia,National Average,RETAIL,4 loaves
2012-09-01,0.27,Bread (white),Saudi Arabia,National Average,RETAIL,4 loaves
2012-10-01,0.27,Bread (white),Saudi Arabia,National Average,RETAIL,4 loaves
2012-11-01,0.27,Bread (white),Saudi Arabia,National Average,RETAIL,4 loaves
2012-12-01,0.27,Bread (white),Saudi Arabia,National Average,RETAIL,4 loaves
2013-01-01,0.27,Bread (white),Saudi Arabia,National Average,RETAIL,4 loaves
2013-02-01,0.27,Bread (white),Saudi Arabia,National Average,RETAIL,4 loaves
2013-03-01,0.27,Bread (white),Saudi Arabia,National Average,RETAIL,4 loaves
2013-04-01,0.27,Bread (white),Saudi Arabia,National Average,RETAIL,4 loaves
2013-05-01,0.27,Bread (white),Saudi Arabia,National Average,RETAIL,4 loaves
2013-06-01,0.27,Bread (white),Saudi Arabia,National Average,RETAIL,4 loaves
2013-07-01,0.27,Bread (white),Saudi Arabia,National Average,RETAIL,4 loaves
2013-08-01,0.27,Bread (white),Saudi Arabia,National Average,RETAIL,4 loaves
2013-09-01,0.27,Bread (white),Saudi Arabia,National Average,RETAIL,4 loaves
2013-10-01,0.27,Bread (white),Saudi Arabia,National Average,RETAIL,4 loaves
2013-11-01,0.27,Bread (white),Saudi Arabia,National Average,RETAIL,4 loaves
2013-12-01,0.27,Bread (white),Saudi Arabia,National Average,RETAIL,4 loaves
2014-01-01,0.27,Bread (white),Saudi Arabia,National Average,RETAIL,4 loaves
2014-02-01,0.27,Bread (white),Saudi Arabia,National Average,RETAIL,4 loaves
2014-03-01,0.27,Bread (white),Saudi Arabia,National Average,RETAIL,4 loaves
2014-04-01,0.27,Bread (white),Saudi Arabia,National Average,RETAIL,4 loaves
2014-05-01,0.27,Bread (white),Saudi Arabia,National Average,RETAIL,4 loaves
2014-06-01,0.27,Bread (white),Saudi Arabia,National Average,RETAIL,4 loaves
2014-07-01,0.27,Bread (white),Saudi Arabia,National Average,RETAIL,4 loaves
2014-08-01,0.27,Bread (white),Saudi Arabia,National Average,RETAIL,4 loaves
2014-09-01,0.27,Bread (white),Saudi Arabia,National Average,RETAIL,4 loaves
2014-10-01,0.27,Bread (white),Saudi Arabia,National Average,RETAIL,4 loaves
2014-11-01,0.27,Bread (white),Saudi Arabia,National Average,RETAIL,4 loaves
2014-12-01,0.27,Bread (white),Saudi Arabia,National Average,RETAIL,4 loaves
2015-01-01,0.27,Bread (white),Saudi Arabia,National Average,RETAIL,4 loaves
2015-02-01,0.27,Bread (white),Saudi Arabia,National Average,RETAIL,4 loaves
2015-03-01,0.27,Bread (white),Saudi Arabia,National Average,RETAIL,4 loaves
2015-04-01,0.27,Bread (white),Saudi Arabia,National Average,RETAIL,4 loaves
2015-05-01,0.27,Bread (white),Saudi Arabia,National Average,RETAIL,4 loaves
2015-06-01,0.27,Bread (white),Saudi Arabia,National Average,RETAIL,4 loaves
2015-07-01,0.27,Bread (white),Saudi Arabia,National Average,RETAIL,4 loaves
2015-08-01,0.27,Bread (white),Saudi Arabia,National Average,RETAIL,4 loaves
2015-09-01,0.27,Bread (white),Saudi Arabia,National Average,RETAIL,4 loaves
2015-10-01,0.27,Bread (white),Saudi Arabia,National Average,RETAIL,4 loaves
2015-11-01,0.27,Bread (white),Saudi Arabia,National Average,RETAIL,4 loaves
2015-12-01,0.27,Bread (white),Saudi Arabia,National Average,RETAIL,4 loaves
2016-01-01,0.27,Bread (white),Saudi Arabia,National Average,RETAIL,4 loaves
2016-02-01,0.27,Bread (white),Saudi Arabia,National Average,RETAIL,4 loaves
2016-03-01,0.27,Bread (white),Saudi Arabia,National Average,RETAIL,4 loaves
2016-04-01,0.27,Bread (white),Saudi Arabia,National Average,RETAIL,4 loaves
2016-05-01,0.27,Bread (white),Saudi Arabia,National Average,RETAIL,4 loaves
2016-06-01,0.27,Bread (white),Saudi Arabia,National Average,RETAIL,4 loaves
2016-07-01,0.27,Bread (white),Saudi Arabia,National Average,RETAIL,4 loaves
2016-08-01,0.27,Bread (white),Saudi Arabia,National Average,RETAIL,4 loaves
2016-09-01,0.27,Bread (white),Saudi Arabia,National Average,RETAIL,4 loaves
2016-10-01,0.27,Bread (white),Saudi Arabia,National Average,RETAIL,4 loaves
2016-11-01,0.27,Bread (white),Saudi Arabia,National Average,RETAIL,4 loaves
2016-12-01,0.27,Bread (white),Saudi Arabia,National Average,RETAIL,4 loaves
2017-01-01,0.27,Bread (white),Saudi Arabia,National Average,RETAIL,4 loaves
2017-02-01,0.27,Bread (white),Saudi Arabia,National Average,RETAIL,4 loaves
2017-03-01,0.27,Bread (white),Saudi Arabia,National Average,RETAIL,4 loaves
2017-04-01,0.27,Bread (white),Saudi Arabia,National Average,RETAIL,4 loaves
2017-05-01,0.27,Bread (white),Saudi Arabia,National Average,RETAIL,4 loaves
2017-06-01,0.27,Bread (white),Saudi Arabia,National Average,RETAIL,4 loaves
2017-07-01,0.27,Bread (white),Saudi Arabia,National Average,RETAIL,4 loaves
2017-08-01,0.27,Bread (white),Saudi Arabia,National Average,RETAIL,4 loaves
2017-09-01,0.27,Bread (white),Saudi Arabia,National Average,RETAIL,4 loaves
2017-10-01,0.27,Bread (white),Saudi Arabia,National Average,RETAIL,4 loaves
2017-11-01,0.27,Bread (white),Saudi Arabia,National Average,RETAIL,4 loaves
2017-12-01,0.27,Bread (white),Saudi Arabia,National Average,RETAIL,4 loaves
2018-01-01,0.27,Bread (white),Saudi Arabia,National Average,RETAIL,4 loaves
2018-02-01,0.27,Bread (white),Saudi Arabia,National Average,RETAIL,4 loaves
2018-03-01,0.27,Bread (white),Saudi Arabia,National Average,RETAIL,4 loaves
2018-04-01,0.27,Bread (white),Saudi Arabia,National Average,RETAIL,4 loaves
2018-05-01,0.27,Bread (white),Saudi Arabia,National Average,RETAIL,4 loaves
2018-06-01,0.27,Bread (white),Saudi Arabia,National Average,RETAIL,4 loaves
2018-07-01,0.27,Bread (white),Saudi Arabia,National Average,RETAIL,4 loaves
2018-08-01,0.27,Bread (white),Saudi Arabia,National Average,RETAIL,4 loaves
2018-09-01,0.27,Bread (white),Saudi Arabia,National Average,RETAIL,4 loaves
2018-10-01,0.27,Bread (white),Saudi Arabia,National Average,RETAIL,4 loaves
2018-11-01,0.27,Bread (white),Saudi Arabia,National Average,RETAIL,4 loaves
2018-12-01,0.27,Bread (white),Saudi Arabia,National Average,RETAIL,4 loaves
2019-01-01,0.27,Bread (white),Saudi Arabia,National Average,RETAIL,4 loaves
2019-02-01,0.28,Bread (white),Saudi Arabia,National Average,RETAIL,4 loaves
2019-03-01,0.28,Bread (white),Saudi Arabia,National Average,RETAIL,4 loaves
2019-04-01,0.27,Bread (white),Saudi Arabia,National Average,RETAIL,4 loaves
2019-05-01,0.27,Bread (white),Saudi Arabia,National Average,RETAIL,4 loaves
2019-06-01,0.27,Bread (white),Saudi Arabia,National Average,RETAIL,4 loaves
2019-07-01,0.28,Bread (white),Saudi Arabia,National Average,RETAIL,4 loaves
2019-08-01,0.28,Bread (white),Saudi Arabia,National Average,RETAIL,4 loaves
2019-09-01,0.27,Bread (white),Saudi Arabia,National Average,RETAIL,4 loaves
2019-10-01,0.27,Bread (white),Saudi Arabia,National Average,RETAIL,4 loaves
2019-11-01,0.27,Bread (white),Saudi Arabia,National Average,RETAIL,4 loaves
2019-12-01,0.27,Bread (white),Saudi Arabia,National Average,RETAIL,4 loaves
2020-01-01,0.27,Bread (white),Saudi Arabia,National Average,RETAIL,4 loaves
2020-02-01,0.27,Bread (white),Saudi Arabia,National Average,RETAIL,4 loaves
2020-03-01,0.27,Bread (white),Saudi Arabia,National Average,RETAIL,4 loaves
2020-04-01,0.27,Bread (white),Saudi Arabia,National Average,RETAIL,4 loaves
2020-05-01,0.27,Bread (white),Saudi Arabia,National Average,RETAIL,4 loaves
2020-06-01,0.27,Bread (white),Saudi Arabia,National Average,RETAIL,4 loaves
2020-07-01,0.3,Bread (white),Saudi Arabia,National Average,RETAIL,4 loaves
2020-08-01,0.3,Bread (white),Saudi Arabia,National Average,RETAIL,4 loaves
2020-09-01,0.3,Bread (white),Saudi Arabia,National Average,RETAIL,4 loaves
2020-10-01,0.3,Bread (white),Saudi Arabia,National Average,RETAIL,4 loaves
2020-11-01,0.3,Bread (white),Saudi Arabia,National Average,RETAIL,4 loaves
2020-12-01,0.3,Bread (white),Saudi Arabia,National Average,RETAIL,4 loaves
2021-01-01,0.3,Bread (white),Saudi Arabia,National Average,RETAIL,4 loaves
2021-02-01,0.3,Bread (white),Saudi Arabia,National Average,RETAIL,4 loaves
2021-03-01,0.3,Bread (white),Saudi Arabia,National Average,RETAIL,4 loaves
2021-04-01,0.3,Bread (white),Saudi Arabia,National Average,RETAIL,4 loaves
2021-05-01,0.3,Bread (white),Saudi Arabia,National Average,RETAIL,4 loaves
2021-06-01,0.3,Bread (white),Saudi Arabia,National Average,RETAIL,4 loaves
2021-07-01,0.3,Bread (white),Saudi Arabia,National Average,RETAIL,4 loaves
2021-08-01,0.3,Bread (white),Saudi Arabia,National Average,RETAIL,4 loaves
2021-09-01,0.3,Bread (white),Saudi Arabia,National Average,RETAIL,4 loaves
2021-10-01,0.3,Bread (white),Saudi Arabia,National Average,RETAIL,4 loaves
2021-11-01,0.3,Bread (white),Saudi Arabia,National Average,RETAIL,4 loaves
2021-12-01,0.3,Bread (white),Saudi Arabia,National Average,RETAIL,4 loaves
2022-01-01,0.3,Bread (white),Saudi Arabia,National Average,RETAIL,4 loaves
2022-02-01,0.3,Bread (white),Saudi Arabia,National Average,RETAIL,4 loaves
2022-03-01,0.3,Bread (white),Saudi Arabia,National Average,RETAIL,4 loaves
2022-04-01,0.3,Bread (white),Saudi Arabia,National Average,RETAIL,4 loaves
2022-05-01,0.3,Bread (white),Saudi Arabia,National Average,RETAIL,4 loaves
2022-06-01,0.3,Bread (white),Saudi Arabia,National Average,RETAIL,4 loaves
2022-07-01,0.3,Bread (white),Saudi Arabia,National Average,RETAIL,4 loaves
2022-08-01,0.3,Bread (white),Saudi Arabia,National Average,RETAIL,4 loaves
2022-09-01,0.3,Bread (white),Saudi Arabia,National Average,RETAIL,4 loaves
2022-10-01,0.3,Bread (white),Saudi Arabia,National Average,RETAIL,4 loaves
2022-11-01,0.3,Bread (white),Saudi Arabia,National Average,RETAIL,4 loaves
2022-12-01,0.3,Bread (white),Saudi Arabia,National Average,RETAIL,4 loaves
2023-01-01,0.3,Bread (white),Saudi Arabia,National Average,RETAIL,4 loaves
2023-02-01,0.3,Bread (white),Saudi Arabia,National Average,RETAIL,4 loaves
2023-03-01,0.3,Bread (white),Saudi Arabia,National Average,RETAIL,4 loaves
2023-04-01,0.3,Bread (white),Saudi Arabia,National Average,RETAIL,4 loaves
2023-05-01,0.3,Bread (white),Saudi Arabia,National Average,RETAIL,4 loaves
2023-06-01,0.3,Bread (white),Saudi Arabia,National Average,RETAIL,4 loaves
2023-07-01,0.3,Bread (white),Saudi Arabia,National Average,RETAIL,4 loaves
2023-08-01,0.3,Bread (white),Saudi Arabia,National Average,RETAIL,4 loaves
2023-09-01,0.3,Bread (white),Saudi Arabia,National Average,RETAIL,4 loaves
2023-10-01,0.3,Bread (white),Saudi Arabia,National Average,RETAIL,4 loaves
2023-11-01,0.29,Bread (white),Saudi Arabia,National Average,RETAIL,4 loaves
2023-12-01,0.29,Bread (white),Saudi Arabia,National Average,RETAIL,4 loaves
2024-01-01,0.29,Bread (white),Saudi Arabia,National Average,RETAIL,4 loaves
2024-02-01,0.29,Bread (white),Saudi Arabia,National Average,RETAIL,4 loaves
2024-03-01,0.29,Bread (white),Saudi Arabia,National Average,RETAIL,4 loaves
2024-04-01,0.29,Bread (white),Saudi Arabia,National Average,RETAIL,4 loaves
2024-05-01,0.29,Bread (white),Saudi Arabia,National Average,RETAIL,4 loaves
2024-06-01,0.29,Bread (white),Saudi Arabia,National Average,RETAIL,4 loaves
2024-07-01,0.29,Bread (white),Saudi Arabia,National Average,RETAIL,4 loaves
2024-08-01,0.29,Bread (white),Saudi Arabia,National Average,RETAIL,4 loaves
2024-09-01,0.29,Bread (white),Saudi Arabia,National Average,RETAIL,4 loaves
2024-10-01,0.29,Bread (white),Saudi Arabia,National Average,RETAIL,4 loaves
2024-11-01,0.29,Bread (white),Saudi Arabia,National Average,RETAIL,4 loaves
2024-12-01,0.29,Bread (white),Saudi Arabia,National Average,RETAIL,4 loaves
2025-01-01,0.29,Bread (white),Saudi Arabia,National Average,RETAIL,4 loaves
2025-02-01,0.29,Bread (white),Saudi Arabia,National Average,RETAIL,4 loaves
2025-03-01,0.29,Bread (white),Saudi Arabia,National Average,RETAIL,4 loaves
2025-04-01,0.29,Bread (white),Saudi Arabia,National Average,RETAIL,4 loaves
2025-05-01,0.29,Bread (white),Saudi Arabia,National Average,RETAIL,4 loaves
2025-06-01,0.29,Bread (white),Saudi Arabia,National Average,RETAIL,4 loaves
2025-07-01,0.29,Bread (white),Saudi Arabia,National Average,RETAIL,4 loaves
2025-08-01,0.29,Bread (white),Saudi Arabia,National Average,RETAIL,4 loaves
2025-09-01,0.29,Bread (white),Saudi Arabia,National Average,RETAIL,4 loaves
2025-10-01,0.29,Bread (white),Saudi Arabia,National Average,RETAIL,4 loaves
2000-01-01,0.53,Bread (white),South Africa,National Average,RETAIL,700 gms
2000-02-01,0.52,Bread (white),South Africa,National Average,RETAIL,700 gms
2000-03-01,0.51,Bread (white),South Africa,National Average,RETAIL,700 gms
2000-04-01,0.49,Bread (white),South Africa,National Average,RETAIL,700 gms
2000-05-01,0.46,Bread (white),South Africa,National Average,RETAIL,700 gms
2000-06-01,0.47,Bread (white),South Africa,National Average,RETAIL,700 gms
2000-07-01,0.48,Bread (white),South Africa,National Average,RETAIL,700 gms
2000-08-01,0.48,Bread (white),South Africa,National Average,RETAIL,700 gms
2000-09-01,0.46,Bread (white),South Africa,National Average,RETAIL,700 gms
2000-10-01,0.45,Bread (white),South Africa,National Average,RETAIL,700 gms
2000-11-01,0.45,Bread (white),South Africa,National Average,RETAIL,700 gms
2000-12-01,0.45,Bread (white),South Africa,National Average,RETAIL,700 gms
2001-01-01,0.44,Bread (white),South Africa,National Average,RETAIL,700 gms
2001-02-01,0.44,Bread (white),South Africa,National Average,RETAIL,700 gms
2001-03-01,0.44,Bread (white),South Africa,National Average,RETAIL,700 gms
2001-04-01,0.42,Bread (white),South Africa,National Average,RETAIL,700 gms
2001-05-01,0.44,Bread (white),South Africa,National Average,RETAIL,700 gms
2001-06-01,0.43,Bread (white),South Africa,National Average,RETAIL,700 gms
2001-07-01,0.43,Bread (white),South Africa,National Average,RETAIL,700 gms
2001-08-01,0.42,Bread (white),South Africa,National Average,RETAIL,700 gms
2001-09-01,0.4,Bread (white),South Africa,National Average,RETAIL,700 gms
2001-10-01,0.39,Bread (white),South Africa,National Average,RETAIL,700 gms
2001-11-01,0.38,Bread (white),South Africa,National Average,RETAIL,700 gms
2001-12-01,0.32,Bread (white),South Africa,National Average,RETAIL,700 gms
2002-01-01,0.31,Bread (white),South Africa,National Average,RETAIL,700 gms
2002-02-01,0.32,Bread (white),South Africa,National Average,RETAIL,700 gms
2002-03-01,0.34,Bread (white),South Africa,National Average,RETAIL,700 gms
2002-04-01,0.36,Bread (white),South Africa,National Average,RETAIL,700 gms
2002-05-01,0.38,Bread (white),South Africa,National Average,RETAIL,700 gms
2002-06-01,0.39,Bread (white),South Africa,National Average,RETAIL,700 gms
2002-07-01,0.39,Bread (white),South Africa,National Average,RETAIL,700 gms
2002-08-01,0.39,Bread (white),South Africa,National Average,RETAIL,700 gms
2002-09-01,0.39,Bread (white),South Africa,National Average,RETAIL,700 gms
2002-10-01,0.41,Bread (white),South Africa,National Average,RETAIL,700 gms
2002-11-01,0.42,Bread (white),South Africa,National Average,RETAIL,700 gms
2002-12-01,0.47,Bread (white),South Africa,National Average,RETAIL,700 gms
2003-01-01,0.48,Bread (white),South Africa,National Average,RETAIL,700 gms
2003-02-01,0.51,Bread (white),South Africa,National Average,RETAIL,700 gms
2003-03-01,0.53,Bread (white),South Africa,National Average,RETAIL,700 gms
2003-04-01,0.55,Bread (white),South Africa,National Average,RETAIL,700 gms
2003-05-01,0.55,Bread (white),South Africa,National Average,RETAIL,700 gms
2003-06-01,0.54,Bread (white),South Africa,National Average,RETAIL,700 gms
2003-07-01,0.57,Bread (white),South Africa,National Average,RETAIL,700 gms
2003-08-01,0.6,Bread (white),South Africa,National Average,RETAIL,700 gms
2003-09-01,0.61,Bread (white),South Africa,National Average,RETAIL,700 gms
2003-10-01,0.65,Bread (white),South Africa,National Average,RETAIL,700 gms
2003-11-01,0.67,Bread (white),South Africa,National Average,RETAIL,700 gms
2003-12-01,0.69,Bread (white),South Africa,National Average,RETAIL,700 gms
2004-01-01,0.65,Bread (white),South Africa,National Average,RETAIL,700 gms
2004-02-01,0.67,Bread (white),South Africa,National Average,RETAIL,700 gms
2004-03-01,0.68,Bread (white),South Africa,National Average,RETAIL,700 gms
2004-04-01,0.68,Bread (white),South Africa,National Average,RETAIL,700 gms
2004-05-01,0.67,Bread (white),South Africa,National Average,RETAIL,700 gms
2004-06-01,0.71,Bread (white),South Africa,National Average,RETAIL,700 gms
2004-07-01,0.74,Bread (white),South Africa,National Average,RETAIL,700 gms
2004-08-01,0.7,Bread (white),South Africa,National Average,RETAIL,700 gms
2004-09-01,0.7,Bread (white),South Africa,National Average,RETAIL,700 gms
2004-10-01,0.72,Bread (white),South Africa,National Average,RETAIL,700 gms
2004-11-01,0.77,Bread (white),South Africa,National Average,RETAIL,700 gms
2004-12-01,0.82,Bread (white),South Africa,National Average,RETAIL,700 gms
2005-01-01,0.79,Bread (white),South Africa,National Average,RETAIL,700 gms
2005-02-01,0.78,Bread (white),South Africa,National Average,RETAIL,700 gms
2005-03-01,0.79,Bread (white),South Africa,National Average,RETAIL,700 gms
2005-04-01,0.75,Bread (white),South Africa,National Average,RETAIL,700 gms
2005-05-01,0.73,Bread (white),South Africa,National Average,RETAIL,700 gms
2005-06-01,0.7,Bread (white),South Africa,National Average,RETAIL,700 gms
2005-07-01,0.69,Bread (white),South Africa,National Average,RETAIL,700 gms
2005-08-01,0.73,Bread (white),South Africa,National Average,RETAIL,700 gms
2005-09-01,0.74,Bread (white),South Africa,National Average,RETAIL,700 gms
2005-10-01,0.69,Bread (white),South Africa,National Average,RETAIL,700 gms
2005-11-01,0.71,Bread (white),South Africa,National Average,RETAIL,700 gms
2005-12-01,0.73,Bread (white),South Africa,National Average,RETAIL,700 gms
2006-01-01,0.78,Bread (white),South Africa,National Average,RETAIL,700 gms
2006-02-01,0.79,Bread (white),South Africa,National Average,RETAIL,700 gms
2006-03-01,0.78,Bread (white),South Africa,National Average,RETAIL,700 gms
2006-04-01,0.8,Bread (white),South Africa,National Average,RETAIL,700 gms
2006-05-01,0.76,Bread (white),South Africa,National Average,RETAIL,700 gms
2006-06-01,0.68,Bread (white),South Africa,National Average,RETAIL,700 gms
2006-07-01,0.68,Bread (white),South Africa,National Average,RETAIL,700 gms
2006-08-01,0.71,Bread (white),South Africa,National Average,RETAIL,700 gms
2006-09-01,0.65,Bread (white),South Africa,National Average,RETAIL,700 gms
2006-10-01,0.64,Bread (white),South Africa,National Average,RETAIL,700 gms
2006-11-01,0.68,Bread (white),South Africa,National Average,RETAIL,700 gms
2006-12-01,0.69,Bread (white),South Africa,National Average,RETAIL,700 gms
2007-01-01,0.69,Bread (white),South Africa,National Average,RETAIL,700 gms
2007-02-01,0.72,Bread (white),South Africa,National Average,RETAIL,700 gms
2007-03-01,0.72,Bread (white),South Africa,National Average,RETAIL,700 gms
2007-04-01,0.75,Bread (white),South Africa,National Average,RETAIL,700 gms
2007-05-01,0.75,Bread (white),South Africa,National Average,RETAIL,700 gms
2007-06-01,0.74,Bread (white),South Africa,National Average,RETAIL,700 gms
2007-07-01,0.78,Bread (white),South Africa,National Average,RETAIL,700 gms
2007-08-01,0.77,Bread (white),South Africa,National Average,RETAIL,700 gms
2007-09-01,0.8,Bread (white),South Africa,National Average,RETAIL,700 gms
2007-10-01,0.85,Bread (white),South Africa,National Average,RETAIL,700 gms
2007-11-01,0.86,Bread (white),South Africa,National Average,RETAIL,700 gms
2007-12-01,0.86,Bread (white),South Africa,National Average,RETAIL,700 gms
2008-01-01,0.84,Bread (white),South Africa,National Average,RETAIL,700 gms
2008-02-01,0.82,Bread (white),South Africa,National Average,RETAIL,700 gms
2008-03-01,0.81,Bread (white),South Africa,National Average,RETAIL,700 gms
2008-04-01,0.86,Bread (white),South Africa,National Average,RETAIL,700 gms
2008-05-01,0.95,Bread (white),South Africa,National Average,RETAIL,700 gms
2008-06-01,0.95,Bread (white),South Africa,National Average,RETAIL,700 gms
2008-07-01,0.99,Bread (white),South Africa,National Average,RETAIL,700 gms
2008-08-01,1.0,Bread (white),South Africa,National Average,RETAIL,700 gms
2008-09-01,0.96,Bread (white),South Africa,National Average,RETAIL,700 gms
2008-10-01,0.8,Bread (white),South Africa,National Average,RETAIL,700 gms
2008-11-01,0.77,Bread (white),South Africa,National Average,RETAIL,700 gms
2008-12-01,0.79,Bread (white),South Africa,National Average,RETAIL,700 gms
2009-01-01,0.8,Bread (white),South Africa,National Average,RETAIL,700 gms
2009-02-01,0.79,Bread (white),South Africa,National Average,RETAIL,700 gms
2009-03-01,0.75,Bread (white),South Africa,National Average,RETAIL,700 gms
2009-04-01,0.87,Bread (white),South Africa,National Average,RETAIL,700 gms
2009-05-01,0.95,Bread (white),South Africa,National Average,RETAIL,700 gms
2009-06-01,0.98,Bread (white),South Africa,National Average,RETAIL,700 gms
2009-07-01,0.99,Bread (white),South Africa,National Average,RETAIL,700 gms
2009-08-01,0.99,Bread (white),South Africa,National Average,RETAIL,700 gms
2009-09-01,1.04,Bread (white),South Africa,National Average,RETAIL,700 gms
2009-10-01,1.05,Bread (white),South Africa,National Average,RETAIL,700 gms
2009-11-01,1.04,Bread (white),South Africa,National Average,RETAIL,700 gms
2009-12-01,1.05,Bread (white),South Africa,National Average,RETAIL,700 gms
2010-01-01,1.05,Bread (white),South Africa,National Average,RETAIL,700 gms
2010-02-01,1.02,Bread (white),South Africa,National Average,RETAIL,700 gms
2010-03-01,1.05,Bread (white),South Africa,National Average,RETAIL,700 gms
2010-04-01,1.05,Bread (white),South Africa,National Average,RETAIL,700 gms
2010-05-01,1.02,Bread (white),South Africa,National Average,RETAIL,700 gms
2010-06-01,1.02,Bread (white),South Africa,National Average,RETAIL,700 gms
2010-07-01,1.04,Bread (white),South Africa,National Average,RETAIL,700 gms
2010-08-01,1.08,Bread (white),South Africa,National Average,RETAIL,700 gms
2010-09-01,1.11,Bread (white),South Africa,National Average,RETAIL,700 gms
2010-10-01,1.16,Bread (white),South Africa,National Average,RETAIL,700 gms
2010-11-01,1.19,Bread (white),South Africa,National Average,RETAIL,700 gms
2010-12-01,1.21,Bread (white),South Africa,National Average,RETAIL,700 gms
2011-01-01,1.2,Bread (white),South Africa,National Average,RETAIL,700 gms
2011-02-01,1.16,Bread (white),South Africa,National Average,RETAIL,700 gms
2011-03-01,1.19,Bread (white),South Africa,National Average,RETAIL,700 gms
2011-04-01,1.22,Bread (white),South Africa,National Average,RETAIL,700 gms
2011-05-01,1.27,Bread (white),South Africa,National Average,RETAIL,700 gms
2011-06-01,1.29,Bread (white),South Africa,National Average,RETAIL,700 gms
2011-07-01,1.31,Bread (white),South Africa,National Average,RETAIL,700 gms
2011-08-01,1.26,Bread (white),South Africa,National Average,RETAIL,700 gms
2011-09-01,1.19,Bread (white),South Africa,National Average,RETAIL,700 gms
2011-10-01,1.13,Bread (white),South Africa,National Average,RETAIL,700 gms
2011-11-01,1.12,Bread (white),South Africa,National Average,RETAIL,700 gms
2011-12-01,1.12,Bread (white),South Africa,National Average,RETAIL,700 gms
2012-01-01,1.15,Bread (white),South Africa,National Average,RETAIL,700 gms
2012-02-01,1.22,Bread (white),South Africa,National Average,RETAIL,700 gms
2012-03-01,1.21,Bread (white),South Africa,National Average,RETAIL,700 gms
2012-04-01,1.17,Bread (white),South Africa,National Average,RETAIL,700 gms
2012-05-01,1.13,Bread (white),South Africa,National Average,RETAIL,700 gms
2012-06-01,1.1,Bread (white),South Africa,National Average,RETAIL,700 gms
2012-07-01,1.13,Bread (white),South Africa,National Average,RETAIL,700 gms
2012-08-01,1.12,Bread (white),South Africa,National Average,RETAIL,700 gms
2012-09-01,1.14,Bread (white),South Africa,National Average,RETAIL,700 gms
2012-10-01,1.14,Bread (white),South Africa,National Average,RETAIL,700 gms
2012-11-01,1.15,Bread (white),South Africa,National Average,RETAIL,700 gms
2012-12-01,1.17,Bread (white),South Africa,National Average,RETAIL,700 gms
2013-01-01,1.15,Bread (white),South Africa,National Average,RETAIL,700 gms
2013-02-01,1.13,Bread (white),South Africa,National Average,RETAIL,700 gms
2013-03-01,1.08,Bread (white),South Africa,National Average,RETAIL,700 gms
2013-04-01,1.11,Bread (white),South Africa,National Average,RETAIL,700 gms
2013-05-01,1.09,Bread (white),South Africa,National Average,RETAIL,700 gms
2013-06-01,1.02,Bread (white),South Africa,National Average,RETAIL,700 gms
2013-07-01,1.04,Bread (white),South Africa,National Average,RETAIL,700 gms
2013-08-01,1.03,Bread (white),South Africa,National Average,RETAIL,700 gms
2013-09-01,1.05,Bread (white),South Africa,National Average,RETAIL,700 gms
2013-10-01,1.06,Bread (white),South Africa,National Average,RETAIL,700 gms
2013-11-01,1.03,Bread (white),South Africa,National Average,RETAIL,700 gms
2013-12-01,1.01,Bread (white),South Africa,National Average,RETAIL,700 gms
2014-01-01,0.96,Bread (white),South Africa,National Average,RETAIL,700 gms
2014-02-01,0.98,Bread (white),South Africa,National Average,RETAIL,700 gms
2014-03-01,1.0,Bread (white),South Africa,National Average,RETAIL,700 gms
2014-04-01,1.04,Bread (white),South Africa,National Average,RETAIL,700 gms
2014-05-01,1.06,Bread (white),South Africa,National Average,RETAIL,700 gms
2014-06-01,1.06,Bread (white),South Africa,National Average,RETAIL,700 gms
2014-07-01,1.04,Bread (white),South Africa,National Average,RETAIL,700 gms
2014-08-01,1.05,Bread (white),South Africa,National Average,RETAIL,700 gms
2014-09-01,1.03,Bread (white),South Africa,National Average,RETAIL,700 gms
2014-10-01,1.04,Bread (white),South Africa,National Average,RETAIL,700 gms
2014-11-01,1.03,Bread (white),South Africa,National Average,RETAIL,700 gms
2014-12-01,1.0,Bread (white),South Africa,National Average,RETAIL,700 gms
2015-01-01,0.99,Bread (white),South Africa,National Average,RETAIL,700 gms
2015-02-01,1.0,Bread (white),South Africa,National Average,RETAIL,700 gms
2015-03-01,0.96,Bread (white),South Africa,National Average,RETAIL,700 gms
2015-04-01,0.97,Bread (white),South Africa,National Average,RETAIL,700 gms
2015-05-01,0.99,Bread (white),South Africa,National Average,RETAIL,700 gms
2015-06-01,0.96,Bread (white),South Africa,National Average,RETAIL,700 gms
2015-07-01,0.95,Bread (white),South Africa,National Average,RETAIL,700 gms
2015-08-01,0.92,Bread (white),South Africa,National Average,RETAIL,700 gms
2015-09-01,0.88,Bread (white),South Africa,National Average,RETAIL,700 gms
2015-10-01,0.88,Bread (white),South Africa,National Average,RETAIL,700 gms
2015-11-01,0.84,Bread (white),South Africa,National Average,RETAIL,700 gms
2015-12-01,0.79,Bread (white),South Africa,National Average,RETAIL,700 gms
2016-01-01,0.73,Bread (white),South Africa,National Average,RETAIL,700 gms
2016-02-01,0.79,Bread (white),South Africa,National Average,RETAIL,700 gms
2016-03-01,0.81,Bread (white),South Africa,National Average,RETAIL,700 gms
2016-04-01,0.87,Bread (white),South Africa,National Average,RETAIL,700 gms
2016-05-01,0.83,Bread (white),South Africa,National Average,RETAIL,700 gms
2016-06-01,0.85,Bread (white),South Africa,National Average,RETAIL,700 gms
2016-07-01,0.9,Bread (white),South Africa,National Average,RETAIL,700 gms
2016-08-01,0.97,Bread (white),South Africa,National Average,RETAIL,700 gms
2016-09-01,0.95,Bread (white),South Africa,National Average,RETAIL,700 gms
2016-10-01,0.97,Bread (white),South Africa,National Average,RETAIL,700 gms
2016-11-01,0.98,Bread (white),South Africa,National Average,RETAIL,700 gms
2016-12-01,0.98,Bread (white),South Africa,National Average,RETAIL,700 gms
2017-01-01,0.99,Bread (white),South Africa,National Average,RETAIL,700 gms
2017-02-01,1.01,Bread (white),South Africa,National Average,RETAIL,700 gms
2017-03-01,1.04,Bread (white),South Africa,National Average,RETAIL,700 gms
2017-04-01,1.0,Bread (white),South Africa,National Average,RETAIL,700 gms
2017-05-01,1.01,Bread (white),South Africa,National Average,RETAIL,700 gms
2017-06-01,1.03,Bread (white),South Africa,National Average,RETAIL,700 gms
2017-07-01,1.02,Bread (white),South Africa,National Average,RETAIL,700 gms
2017-08-01,1.0,Bread (white),South Africa,National Average,RETAIL,700 gms
2017-09-01,0.99,Bread (white),South Africa,National Average,RETAIL,700 gms
2017-10-01,0.95,Bread (white),South Africa,National Average,RETAIL,700 gms
2017-11-01,0.92,Bread (white),South Africa,National Average,RETAIL,700 gms
2017-12-01,0.97,Bread (white),South Africa,National Average,RETAIL,700 gms
2018-01-01,1.06,Bread (white),South Africa,National Average,RETAIL,700 gms
2018-02-01,1.1,Bread (white),South Africa,National Average,RETAIL,700 gms
2018-03-01,1.09,Bread (white),South Africa,National Average,RETAIL,700 gms
2018-04-01,1.08,Bread (white),South Africa,National Average,RETAIL,700 gms
2018-05-01,1.03,Bread (white),South Africa,National Average,RETAIL,700 gms
2018-06-01,0.97,Bread (white),South Africa,National Average,RETAIL,700 gms
2018-07-01,0.97,Bread (white),South Africa,National Average,RETAIL,700 gms
2018-08-01,0.92,Bread (white),South Africa,National Average,RETAIL,700 gms
2018-09-01,0.89,Bread (white),South Africa,National Average,RETAIL,700 gms
2018-10-01,0.91,Bread (white),South Africa,National Average,RETAIL,700 gms
2018-11-01,0.93,Bread (white),South Africa,National Average,RETAIL,700 gms
2018-12-01,0.94,Bread (white),South Africa,National Average,RETAIL,700 gms
2019-01-01,0.97,Bread (white),South Africa,National Average,RETAIL,700 gms
2019-02-01,0.99,Bread (white),South Africa,National Average,RETAIL,700 gms
2019-03-01,0.96,Bread (white),South Africa,National Average,RETAIL,700 gms
2019-04-01,0.98,Bread (white),South Africa,National Average,RETAIL,700 gms
2019-05-01,0.97,Bread (white),South Africa,National Average,RETAIL,700 gms
2019-06-01,0.95,Bread (white),South Africa,National Average,RETAIL,700 gms
2019-07-01,0.98,Bread (white),South Africa,National Average,RETAIL,700 gms
2019-08-01,0.91,Bread (white),South Africa,National Average,RETAIL,700 gms
2019-09-01,0.92,Bread (white),South Africa,National Average,RETAIL,700 gms
2019-10-01,0.92,Bread (white),South Africa,National Average,RETAIL,700 gms
2019-11-01,0.92,Bread (white),South Africa,National Average,RETAIL,700 gms
2019-12-01,0.94,Bread (white),South Africa,National Average,RETAIL,700 gms
2020-01-01,0.94,Bread (white),South Africa,National Average,RETAIL,700 gms
2020-02-01,0.91,Bread (white),South Africa,National Average,RETAIL,700 gms
2020-03-01,0.82,Bread (white),South Africa,National Average,RETAIL,700 gms
2020-04-01,0.78,Bread (white),South Africa,National Average,RETAIL,700 gms
2020-05-01,0.81,Bread (white),South Africa,National Average,RETAIL,700 gms
2020-06-01,0.89,Bread (white),South Africa,National Average,RETAIL,700 gms
2020-07-01,0.9,Bread (white),South Africa,National Average,RETAIL,700 gms
2020-08-01,0.89,Bread (white),South Africa,National Average,RETAIL,700 gms
2020-09-01,0.9,Bread (white),South Africa,National Average,RETAIL,700 gms
2020-10-01,0.92,Bread (white),South Africa,National Average,RETAIL,700 gms
2020-11-01,0.99,Bread (white),South Africa,National Average,RETAIL,700 gms
2020-12-01,1.02,Bread (white),South Africa,National Average,RETAIL,700 gms
2021-01-01,1.03,Bread (white),South Africa,National Average,RETAIL,700 gms
2021-02-01,1.07,Bread (white),South Africa,National Average,RETAIL,700 gms
2021-03-01,1.04,Bread (white),South Africa,National Average,RETAIL,700 gms
2021-04-01,1.05,Bread (white),South Africa,National Average,RETAIL,700 gms
2021-05-01,1.09,Bread (white),South Africa,National Average,RETAIL,700 gms
2021-06-01,1.1,Bread (white),South Africa,National Average,RETAIL,700 gms
2021-07-01,1.07,Bread (white),South Africa,National Average,RETAIL,700 gms
2021-08-01,1.03,Bread (white),South Africa,National Average,RETAIL,700 gms
2021-09-01,1.05,Bread (white),South Africa,National Average,RETAIL,700 gms
2021-10-01,1.04,Bread (white),South Africa,National Average,RETAIL,700 gms
2021-11-01,1.01,Bread (white),South Africa,National Average,RETAIL,700 gms
2021-12-01,0.97,Bread (white),South Africa,National Average,RETAIL,700 gms
2022-01-01,1.0,Bread (white),South Africa,National Average,RETAIL,700 gms
2022-02-01,1.06,Bread (white),South Africa,National Average,RETAIL,700 gms
2022-03-01,1.07,Bread (white),South Africa,National Average,RETAIL,700 gms
2022-04-01,1.09,Bread (white),South Africa,National Average,RETAIL,700 gms
2022-05-01,1.09,Bread (white),South Africa,National Average,RETAIL,700 gms
2022-06-01,1.1,Bread (white),South Africa,National Average,RETAIL,700 gms
2022-07-01,1.06,Bread (white),South Africa,National Average,RETAIL,700 gms
2022-08-01,1.1,Bread (white),South Africa,National Average,RETAIL,700 gms
2022-09-01,1.06,Bread (white),South Africa,National Average,RETAIL,700 gms
2022-10-01,1.02,Bread (white),South Africa,National Average,RETAIL,700 gms
2022-11-01,1.07,Bread (white),South Africa,National Average,RETAIL,700 gms
2022-12-01,1.08,Bread (white),South Africa,National Average,RETAIL,700 gms
2023-01-01,1.09,Bread (white),South Africa,National Average,RETAIL,700 gms
2023-02-01,1.05,Bread (white),South Africa,National Average,RETAIL,700 gms
2023-03-01,1.04,Bread (white),South Africa,National Average,RETAIL,700 gms
2023-04-01,1.05,Bread (white),South Africa,National Average,RETAIL,700 gms
2023-05-01,1.0,Bread (white),South Africa,National Average,RETAIL,700 gms
2023-06-01,1.0,Bread (white),South Africa,National Average,RETAIL,700 gms
2023-07-01,1.03,Bread (white),South Africa,National Average,RETAIL,700 gms
2023-08-01,0.98,Bread (white),South Africa,National Average,RETAIL,700 gms
2023-09-01,0.97,Bread (white),South Africa,National Average,RETAIL,700 gms
2023-10-01,0.97,Bread (white),South Africa,National Average,RETAIL,700 gms
2023-11-01,1.0,Bread (white),South Africa,National Average,RETAIL,700 gms
2023-12-01,1.0,Bread (white),South Africa,National Average,RETAIL,700 gms
2024-01-01,0.99,Bread (white),South Africa,National Average,RETAIL,700 gms
2024-02-01,0.98,Bread (white),South Africa,National Average,RETAIL,700 gms
2024-03-01,0.98,Bread (white),South Africa,National Average,RETAIL,700 gms
2024-04-01,0.98,Bread (white),South Africa,National Average,RETAIL,700 gms
2024-05-01,1.01,Bread (white),South Africa,National Average,RETAIL,700 gms
2024-06-01,1.01,Bread (white),South Africa,National Average,RETAIL,700 gms
2024-07-01,1.02,Bread (white),South Africa,National Average,RETAIL,700 gms
2024-08-01,1.05,Bread (white),South Africa,National Average,RETAIL,700 gms
2024-09-01,1.07,Bread (white),South Africa,National Average,RETAIL,700 gms
2024-10-01,1.09,Bread (white),South Africa,National Average,RETAIL,700 gms
2024-11-01,1.06,Bread (white),South Africa,National Average,RETAIL,700 gms
2024-12-01,1.05,Bread (white),South Africa,National Average,RETAIL,700 gms
2025-01-01,1.01,Bread (white),South Africa,National Average,RETAIL,700 gms
2025-02-01,1.02,Bread (white),South Africa,National Average,RETAIL,700 gms
2025-03-01,1.03,Bread (white),South Africa,National Average,RETAIL,700 gms
2025-04-01,1.0,Bread (white),South Africa,National Average,RETAIL,700 gms
2025-05-01,1.05,Bread (white),South Africa,National Average,RETAIL,700 gms
2025-06-01,1.06,Bread (white),South Africa,National Average,RETAIL,700 gms
2025-07-01,1.07,Bread (white),South Africa,National Average,RETAIL,700 gms
2025-08-01,1.06,Bread (white),South Africa,National Average,RETAIL,700 gms
2025-09-01,1.09,Bread (white),South Africa,National Average,RETAIL,700 gms
