commodity_name,country,market,price_type,date,price_usd,unit,uuid
Chicken (meat),Israel,National Average,RETAIL,2006-01-01,3.33,Kg,7592af4c-3414-416c-8bb7-edb7fda1d3b4
Chicken (meat),Israel,National Average,RETAIL,2006-02-01,3.36,Kg,7592af4c-3414-416c-8bb7-edb7fda1d3b4
Chicken (meat),Israel,National Average,RETAIL,2006-03-01,3.59,Kg,7592af4c-3414-416c-8bb7-edb7fda1d3b4
Chicken (meat),Israel,National Average,RETAIL,2006-04-01,3.81,Kg,7592af4c-3414-416c-8bb7-edb7fda1d3b4
Chicken (meat),Israel,National Average,RETAIL,2006-05-01,3.7,Kg,7592af4c-3414-416c-8bb7-edb7fda1d3b4
Chicken (meat),Israel,National Average,RETAIL,2006-06-01,3.7,Kg,7592af4c-3414-416c-8bb7-edb7fda1d3b4
Chicken (meat),Israel,National Average,RETAIL,2006-07-01,3.62,Kg,7592af4c-3414-416c-8bb7-edb7fda1d3b4
Chicken (meat),Israel,National Average,RETAIL,2006-08-01,3.71,Kg,7592af4c-3414-416c-8bb7-edb7fda1d3b4
Chicken (meat),Israel,National Average,RETAIL,2006-09-01,3.54,Kg,7592af4c-3414-416c-8bb7-edb7fda1d3b4
Chicken (meat),Israel,National Average,RETAIL,2006-10-01,3.7,Kg,7592af4c-3414-416c-8bb7-edb7fda1d3b4
Chicken (meat),Israel,National Average,RETAIL,2006-11-01,3.55,Kg,7592af4c-3414-416c-8bb7-edb7fda1d3b4
Chicken (meat),Israel,National Average,RETAIL,2006-12-01,3.65,Kg,7592af4c-3414-416c-8bb7-edb7fda1d3b4
Chicken (meat),Israel,National Average,RETAIL,2007-01-01,3.66,Kg,7592af4c-3414-416c-8bb7-edb7fda1d3b4
Chicken (meat),Israel,National Average,RETAIL,2007-02-01,3.62,Kg,7592af4c-3414-416c-8bb7-edb7fda1d3b4
Chicken (meat),Israel,National Average,RETAIL,2007-03-01,3.58,Kg,7592af4c-3414-416c-8bb7-edb7fda1d3b4
Chicken (meat),Israel,National Average,RETAIL,2007-04-01,3.78,Kg,7592af4c-3414-416c-8bb7-edb7fda1d3b4
Chicken (meat),Israel,National Average,RETAIL,2007-05-01,3.76,Kg,7592af4c-3414-416c-8bb7-edb7fda1d3b4
Chicken (meat),Israel,National Average,RETAIL,2007-06-01,3.62,Kg,7592af4c-3414-416c-8bb7-edb7fda1d3b4
Chicken (meat),Israel,National Average,RETAIL,2007-07-01,3.47,Kg,7592af4c-3414-416c-8bb7-edb7fda1d3b4
Chicken (meat),Israel,National Average,RETAIL,2007-08-01,3.39,Kg,7592af4c-3414-416c-8bb7-edb7fda1d3b4
Chicken (meat),Israel,National Average,RETAIL,2007-09-01,3.55,Kg,7592af4c-3414-416c-8bb7-edb7fda1d3b4
Chicken (meat),Israel,National Average,RETAIL,2007-10-01,3.82,Kg,7592af4c-3414-416c-8bb7-edb7fda1d3b4
Chicken (meat),Israel,National Average,RETAIL,2007-11-01,4.08,Kg,7592af4c-3414-416c-8bb7-edb7fda1d3b4
Chicken (meat),Israel,National Average,RETAIL,2007-12-01,4.04,Kg,7592af4c-3414-416c-8bb7-edb7fda1d3b4
Chicken (meat),Israel,National Average,RETAIL,2008-01-01,4.15,Kg,7592af4c-3414-416c-8bb7-edb7fda1d3b4
Chicken (meat),Israel,National Average,RETAIL,2008-02-01,4.41,Kg,7592af4c-3414-416c-8bb7-edb7fda1d3b4
Chicken (meat),Israel,National Average,RETAIL,2008-03-01,4.67,Kg,7592af4c-3414-416c-8bb7-edb7fda1d3b4
Chicken (meat),Israel,National Average,RETAIL,2008-04-01,4.85,Kg,7592af4c-3414-416c-8bb7-edb7fda1d3b4
Chicken (meat),Israel,National Average,RETAIL,2008-05-01,5.05,Kg,7592af4c-3414-416c-8bb7-edb7fda1d3b4
Chicken (meat),Israel,National Average,RETAIL,2008-06-01,5.7,Kg,7592af4c-3414-416c-8bb7-edb7fda1d3b4
Chicken (meat),Israel,National Average,RETAIL,2008-07-01,5.69,Kg,7592af4c-3414-416c-8bb7-edb7fda1d3b4
Chicken (meat),Israel,National Average,RETAIL,2008-08-01,5.41,Kg,7592af4c-3414-416c-8bb7-edb7fda1d3b4
Chicken (meat),Israel,National Average,RETAIL,2008-09-01,5.52,Kg,7592af4c-3414-416c-8bb7-edb7fda1d3b4
Chicken (meat),Israel,National Average,RETAIL,2008-10-01,5.41,Kg,7592af4c-3414-416c-8bb7-edb7fda1d3b4
Chicken (meat),Israel,National Average,RETAIL,2008-11-01,4.94,Kg,7592af4c-3414-416c-8bb7-edb7fda1d3b4
Chicken (meat),Israel,National Average,RETAIL,2008-12-01,4.94,Kg,7592af4c-3414-416c-8bb7-edb7fda1d3b4
Chicken (meat),Israel,National Average,RETAIL,2009-01-01,4.84,Kg,7592af4c-3414-416c-8bb7-edb7fda1d3b4
Chicken (meat),Israel,National Average,RETAIL,2009-02-01,4.7,Kg,7592af4c-3414-416c-8bb7-edb7fda1d3b4
Chicken (meat),Israel,National Average,RETAIL,2009-03-01,4.76,Kg,7592af4c-3414-416c-8bb7-edb7fda1d3b4
Chicken (meat),Israel,National Average,RETAIL,2009-04-01,4.8,Kg,7592af4c-3414-416c-8bb7-edb7fda1d3b4
Chicken (meat),Israel,National Average,RETAIL,2009-05-01,4.95,Kg,7592af4c-3414-416c-8bb7-edb7fda1d3b4
Chicken (meat),Israel,National Average,RETAIL,2009-06-01,5.18,Kg,7592af4c-3414-416c-8bb7-edb7fda1d3b4
Chicken (meat),Israel,National Average,RETAIL,2009-07-01,5.53,Kg,7592af4c-3414-416c-8bb7-edb7fda1d3b4
Chicken (meat),Israel,National Average,RETAIL,2009-08-01,5.74,Kg,7592af4c-3414-416c-8bb7-edb7fda1d3b4
Chicken (meat),Israel,National Average,RETAIL,2009-09-01,5.9,Kg,7592af4c-3414-416c-8bb7-edb7fda1d3b4
Chicken (meat),Israel,National Average,RETAIL,2009-10-01,5.87,Kg,7592af4c-3414-416c-8bb7-edb7fda1d3b4
Chicken (meat),Israel,National Average,RETAIL,2009-11-01,5.8,Kg,7592af4c-3414-416c-8bb7-edb7fda1d3b4
Chicken (meat),Israel,National Average,RETAIL,2009-12-01,5.8,Kg,7592af4c-3414-416c-8bb7-edb7fda1d3b4
Chicken (meat),Israel,National Average,RETAIL,2010-01-01,5.78,Kg,7592af4c-3414-416c-8bb7-edb7fda1d3b4
Chicken (meat),Israel,National Average,RETAIL,2010-02-01,5.77,Kg,7592af4c-3414-416c-8bb7-edb7fda1d3b4
Chicken (meat),Israel,National Average,RETAIL,2010-03-01,5.29,Kg,7592af4c-3414-416c-8bb7-edb7fda1d3b4
Chicken (meat),Israel,National Average,RETAIL,2010-04-01,5.52,Kg,7592af4c-3414-416c-8bb7-edb7fda1d3b4
Chicken (meat),Israel,National Average,RETAIL,2010-05-01,5.4,Kg,7592af4c-3414-416c-8bb7-edb7fda1d3b4
Chicken (meat),Israel,National Average,RETAIL,2010-06-01,5.27,Kg,7592af4c-3414-416c-8bb7-edb7fda1d3b4
Chicken (meat),Israel,National Average,RETAIL,2010-07-01,5.07,Kg,7592af4c-3414-416c-8bb7-edb7fda1d3b4
Chicken (meat),Israel,National Average,RETAIL,2010-08-01,5.36,Kg,7592af4c-3414-416c-8bb7-edb7fda1d3b4
Chicken (meat),Israel,National Average,RETAIL,2010-09-01,5.21,Kg,7592af4c-3414-416c-8bb7-edb7fda1d3b4
Chicken (meat),Israel,National Average,RETAIL,2010-10-01,5.76,Kg,7592af4c-3414-416c-8bb7-edb7fda1d3b4
Chicken (meat),Israel,National Average,RETAIL,2010-11-01,5.57,Kg,7592af4c-3414-416c-8bb7-edb7fda1d3b4
Chicken (meat),Israel,National Average,RETAIL,2010-12-01,5.57,Kg,7592af4c-3414-416c-8bb7-edb7fda1d3b4
Chicken (meat),Israel,National Average,RETAIL,2011-01-01,5.45,Kg,7592af4c-3414-416c-8bb7-edb7fda1d3b4
Chicken (meat),Israel,National Average,RETAIL,2011-02-01,5.25,Kg,7592af4c-3414-416c-8bb7-edb7fda1d3b4
Chicken (meat),Israel,National Average,RETAIL,2011-03-01,5.54,Kg,7592af4c-3414-416c-8bb7-edb7fda1d3b4
Chicken (meat),Israel,National Average,RETAIL,2011-04-01,6.42,Kg,7592af4c-3414-416c-8bb7-edb7fda1d3b4
Chicken (meat),Israel,National Average,RETAIL,2011-05-01,5.9,Kg,7592af4c-3414-416c-8bb7-edb7fda1d3b4
Chicken (meat),Israel,National Average,RETAIL,2011-06-01,5.99,Kg,7592af4c-3414-416c-8bb7-edb7fda1d3b4
Chicken (meat),Israel,National Average,RETAIL,2011-07-01,5.95,Kg,7592af4c-3414-416c-8bb7-edb7fda1d3b4
Chicken (meat),Israel,National Average,RETAIL,2011-08-01,5.69,Kg,7592af4c-3414-416c-8bb7-edb7fda1d3b4
Chicken (meat),Israel,National Average,RETAIL,2011-09-01,5.39,Kg,7592af4c-3414-416c-8bb7-edb7fda1d3b4
Chicken (meat),Israel,National Average,RETAIL,2011-10-01,5.62,Kg,7592af4c-3414-416c-8bb7-edb7fda1d3b4
Chicken (meat),Israel,National Average,RETAIL,2011-11-01,5.42,Kg,7592af4c-3414-416c-8bb7-edb7fda1d3b4
Chicken (meat),Israel,National Average,RETAIL,2011-12-01,5.69,Kg,7592af4c-3414-416c-8bb7-edb7fda1d3b4
Chicken (meat),Israel,National Average,RETAIL,2012-01-01,5.48,Kg,7592af4c-3414-416c-8bb7-edb7fda1d3b4
Chicken (meat),Israel,National Average,RETAIL,2012-02-01,5.33,Kg,7592af4c-3414-416c-8bb7-edb7fda1d3b4
Chicken (meat),Israel,National Average,RETAIL,2012-03-01,5.31,Kg,7592af4c-3414-416c-8bb7-edb7fda1d3b4
Chicken (meat),Israel,National Average,RETAIL,2012-04-01,5.43,Kg,7592af4c-3414-416c-8bb7-edb7fda1d3b4
Chicken (meat),Israel,National Average,RETAIL,2012-05-01,5.23,Kg,7592af4c-3414-416c-8bb7-edb7fda1d3b4
Chicken (meat),Israel,National Average,RETAIL,2012-06-01,5.21,Kg,7592af4c-3414-416c-8bb7-edb7fda1d3b4
Chicken (meat),Israel,National Average,RETAIL,2012-07-01,4.8,Kg,7592af4c-3414-416c-8bb7-edb7fda1d3b4
Chicken (meat),Israel,National Average,RETAIL,2012-08-01,5.21,Kg,7592af4c-3414-416c-8bb7-edb7fda1d3b4
Chicken (meat),Israel,National Average,RETAIL,2012-09-01,5.35,Kg,7592af4c-3414-416c-8bb7-edb7fda1d3b4
Chicken (meat),Israel,National Average,RETAIL,2012-10-01,5.61,Kg,7592af4c-3414-416c-8bb7-edb7fda1d3b4
Chicken (meat),Israel,National Average,RETAIL,2012-11-01,5.47,Kg,7592af4c-3414-416c-8bb7-edb7fda1d3b4
Chicken (meat),Israel,National Average,RETAIL,2012-12-01,5.73,Kg,7592af4c-3414-416c-8bb7-edb7fda1d3b4
Chicken (meat),Israel,National Average,RETAIL,2013-01-01,5.7,Kg,7592af4c-3414-416c-8bb7-edb7fda1d3b4
Chicken (meat),Israel,National Average,RETAIL,2013-02-01,5.88,Kg,7592af4c-3414-416c-8bb7-edb7fda1d3b4
Chicken (meat),Israel,National Average,RETAIL,2013-03-01,6.32,Kg,7592af4c-3414-416c-8bb7-edb7fda1d3b4
Chicken (meat),Israel,National Average,RETAIL,2013-04-01,6.2,Kg,7592af4c-3414-416c-8bb7-edb7fda1d3b4
Chicken (meat),Israel,National Average,RETAIL,2013-05-01,6.22,Kg,7592af4c-3414-416c-8bb7-edb7fda1d3b4
Chicken (meat),Israel,National Average,RETAIL,2013-06-01,6.31,Kg,7592af4c-3414-416c-8bb7-edb7fda1d3b4
Chicken (meat),Israel,National Average,RETAIL,2013-07-01,6.39,Kg,7592af4c-3414-416c-8bb7-edb7fda1d3b4
Chicken (meat),Israel,National Average,RETAIL,2013-08-01,6.54,Kg,7592af4c-3414-416c-8bb7-edb7fda1d3b4
Chicken (meat),Israel,National Average,RETAIL,2013-09-01,6.83,Kg,7592af4c-3414-416c-8bb7-edb7fda1d3b4
Chicken (meat),Israel,National Average,RETAIL,2013-10-01,6.94,Kg,7592af4c-3414-416c-8bb7-edb7fda1d3b4
Chicken (meat),Israel,National Average,RETAIL,2013-11-01,6.81,Kg,7592af4c-3414-416c-8bb7-edb7fda1d3b4
Chicken (meat),Israel,National Average,RETAIL,2013-12-01,6.67,Kg,7592af4c-3414-416c-8bb7-edb7fda1d3b4
Chicken (meat),Israel,National Average,RETAIL,2014-01-01,6.85,Kg,7592af4c-3414-416c-8bb7-edb7fda1d3b4
Chicken (meat),Israel,National Average,RETAIL,2014-02-01,6.7,Kg,7592af4c-3414-416c-8bb7-edb7fda1d3b4
Chicken (meat),Israel,National Average,RETAIL,2014-03-01,6.62,Kg,7592af4c-3414-416c-8bb7-edb7fda1d3b4
Chicken (meat),Israel,National Average,RETAIL,2014-04-01,6.82,Kg,7592af4c-3414-416c-8bb7-edb7fda1d3b4
Chicken (meat),Israel,National Average,RETAIL,2014-05-01,6.75,Kg,7592af4c-3414-416c-8bb7-edb7fda1d3b4
Chicken (meat),Israel,National Average,RETAIL,2014-06-01,6.74,Kg,7592af4c-3414-416c-8bb7-edb7fda1d3b4
Chicken (meat),Israel,National Average,RETAIL,2014-07-01,6.91,Kg,7592af4c-3414-416c-8bb7-edb7fda1d3b4
Chicken (meat),Israel,National Average,RETAIL,2014-08-01,6.84,Kg,7592af4c-3414-416c-8bb7-edb7fda1d3b4
Chicken (meat),Israel,National Average,RETAIL,2014-09-01,6.52,Kg,7592af4c-3414-416c-8bb7-edb7fda1d3b4
Chicken (meat),Israel,National Average,RETAIL,2014-10-01,6.27,Kg,7592af4c-3414-416c-8bb7-edb7fda1d3b4
Chicken (meat),Israel,National Average,RETAIL,2014-11-01,6.11,Kg,7592af4c-3414-416c-8bb7-edb7fda1d3b4
Chicken (meat),Israel,National Average,RETAIL,2014-12-01,6.08,Kg,7592af4c-3414-416c-8bb7-edb7fda1d3b4
Chicken (meat),Israel,National Average,RETAIL,2015-01-01,6.1,Kg,7592af4c-3414-416c-8bb7-edb7fda1d3b4
Chicken (meat),Israel,National Average,RETAIL,2015-02-01,6.13,Kg,7592af4c-3414-416c-8bb7-edb7fda1d3b4
Chicken (meat),Israel,National Average,RETAIL,2015-03-01,5.84,Kg,7592af4c-3414-416c-8bb7-edb7fda1d3b4
Chicken (meat),Algeria,Dakhla,RETAIL,2015-04-01,4.08,Kg,7f495369-cc9e-481f-bb1a-39736b9183ae
Chicken (meat),Algeria,Smara,RETAIL,2015-04-01,3.57,Kg,5f13606d-e899-44be-a6e6-ebed72d5c115
Chicken (meat),Algeria,Tindouf,RETAIL,2015-04-01,3.37,Kg,fac878c0-ca57-45d7-b69e-c503b86e7f30
Chicken (meat),Israel,National Average,RETAIL,2015-04-01,5.9,Kg,7592af4c-3414-416c-8bb7-edb7fda1d3b4
Chicken (meat),Algeria,Dakhla,RETAIL,2015-05-01,3.76,Kg,7f495369-cc9e-481f-bb1a-39736b9183ae
Chicken (meat),Algeria,Smara,RETAIL,2015-05-01,3.76,Kg,5f13606d-e899-44be-a6e6-ebed72d5c115
Chicken (meat),Algeria,Tindouf,RETAIL,2015-05-01,3.46,Kg,fac878c0-ca57-45d7-b69e-c503b86e7f30
Chicken (meat),Israel,National Average,RETAIL,2015-05-01,6.0,Kg,7592af4c-3414-416c-8bb7-edb7fda1d3b4
Chicken (meat),Algeria,Dakhla,RETAIL,2015-06-01,3.75,Kg,7f495369-cc9e-481f-bb1a-39736b9183ae
Chicken (meat),Algeria,Smara,RETAIL,2015-06-01,3.75,Kg,5f13606d-e899-44be-a6e6-ebed72d5c115
Chicken (meat),Algeria,Tindouf,RETAIL,2015-06-01,3.65,Kg,fac878c0-ca57-45d7-b69e-c503b86e7f30
Chicken (meat),Israel,National Average,RETAIL,2015-06-01,6.12,Kg,7592af4c-3414-416c-8bb7-edb7fda1d3b4
Chicken (meat),Algeria,Dakhla,RETAIL,2015-07-01,3.52,Kg,7f495369-cc9e-481f-bb1a-39736b9183ae
Chicken (meat),Algeria,Smara,RETAIL,2015-07-01,3.42,Kg,5f13606d-e899-44be-a6e6-ebed72d5c115
Chicken (meat),Algeria,Tindouf,RETAIL,2015-07-01,3.42,Kg,fac878c0-ca57-45d7-b69e-c503b86e7f30
Chicken (meat),Israel,National Average,RETAIL,2015-07-01,6.26,Kg,7592af4c-3414-416c-8bb7-edb7fda1d3b4
Chicken (meat),Algeria,Dakhla,RETAIL,2015-08-01,3.38,Kg,7f495369-cc9e-481f-bb1a-39736b9183ae
Chicken (meat),Algeria,Smara,RETAIL,2015-08-01,3.28,Kg,5f13606d-e899-44be-a6e6-ebed72d5c115
Chicken (meat),Algeria,Tindouf,RETAIL,2015-08-01,3.28,Kg,fac878c0-ca57-45d7-b69e-c503b86e7f30
Chicken (meat),Israel,National Average,RETAIL,2015-08-01,6.19,Kg,7592af4c-3414-416c-8bb7-edb7fda1d3b4
Chicken (meat),Algeria,Dakhla,RETAIL,2015-09-01,3.3,Kg,7f495369-cc9e-481f-bb1a-39736b9183ae
Chicken (meat),Algeria,Smara,RETAIL,2015-09-01,3.3,Kg,5f13606d-e899-44be-a6e6-ebed72d5c115
Chicken (meat),Algeria,Tindouf,RETAIL,2015-09-01,3.3,Kg,fac878c0-ca57-45d7-b69e-c503b86e7f30
Chicken (meat),Israel,National Average,RETAIL,2015-09-01,5.94,Kg,7592af4c-3414-416c-8bb7-edb7fda1d3b4
Chicken (meat),Algeria,Dakhla,RETAIL,2015-10-01,3.3,Kg,7f495369-cc9e-481f-bb1a-39736b9183ae
Chicken (meat),Algeria,Smara,RETAIL,2015-10-01,3.3,Kg,5f13606d-e899-44be-a6e6-ebed72d5c115
Chicken (meat),Algeria,Tindouf,RETAIL,2015-10-01,3.3,Kg,fac878c0-ca57-45d7-b69e-c503b86e7f30
Chicken (meat),Israel,National Average,RETAIL,2015-10-01,6.08,Kg,7592af4c-3414-416c-8bb7-edb7fda1d3b4
Chicken (meat),Algeria,Dakhla,RETAIL,2015-11-01,3.77,Kg,7f495369-cc9e-481f-bb1a-39736b9183ae
Chicken (meat),Algeria,Smara,RETAIL,2015-11-01,3.59,Kg,5f13606d-e899-44be-a6e6-ebed72d5c115
Chicken (meat),Algeria,Tindouf,RETAIL,2015-11-01,4.25,Kg,fac878c0-ca57-45d7-b69e-c503b86e7f30
Chicken (meat),Israel,National Average,RETAIL,2015-11-01,5.93,Kg,7592af4c-3414-416c-8bb7-edb7fda1d3b4
Chicken (meat),Algeria,Dakhla,RETAIL,2015-12-01,3.25,Kg,7f495369-cc9e-481f-bb1a-39736b9183ae
Chicken (meat),Algeria,Smara,RETAIL,2015-12-01,3.25,Kg,5f13606d-e899-44be-a6e6-ebed72d5c115
Chicken (meat),Algeria,Tindouf,RETAIL,2015-12-01,3.53,Kg,fac878c0-ca57-45d7-b69e-c503b86e7f30
Chicken (meat),Israel,National Average,RETAIL,2015-12-01,6.12,Kg,7592af4c-3414-416c-8bb7-edb7fda1d3b4
Chicken (meat),Algeria,Dakhla,RETAIL,2016-01-01,0.04,Kg,7f495369-cc9e-481f-bb1a-39736b9183ae
Chicken (meat),Algeria,Smara,RETAIL,2016-01-01,3.54,Kg,5f13606d-e899-44be-a6e6-ebed72d5c115
Chicken (meat),Algeria,Tindouf,RETAIL,2016-01-01,2.61,Kg,fac878c0-ca57-45d7-b69e-c503b86e7f30
Chicken (meat),Israel,National Average,RETAIL,2016-01-01,5.92,Kg,7592af4c-3414-416c-8bb7-edb7fda1d3b4
Chicken (meat),Algeria,Awserd,RETAIL,2016-02-01,3.1,Kg,a0a1371f-3e5e-4023-9d06-b4e5afa8b1fa
Chicken (meat),Algeria,Dakhla,RETAIL,2016-02-01,3.38,Kg,7f495369-cc9e-481f-bb1a-39736b9183ae
Chicken (meat),Algeria,Laayoun,RETAIL,2016-02-01,3.1,Kg,174f6fcd-897d-435d-9d46-93526f979aa7
Chicken (meat),Algeria,Smara,RETAIL,2016-02-01,3.1,Kg,5f13606d-e899-44be-a6e6-ebed72d5c115
Chicken (meat),Algeria,Tindouf,RETAIL,2016-02-01,3.1,Kg,fac878c0-ca57-45d7-b69e-c503b86e7f30
Chicken (meat),Israel,National Average,RETAIL,2016-02-01,5.92,Kg,7592af4c-3414-416c-8bb7-edb7fda1d3b4
Chicken (meat),Algeria,Awserd,RETAIL,2016-03-01,3.01,Kg,a0a1371f-3e5e-4023-9d06-b4e5afa8b1fa
Chicken (meat),Algeria,Dakhla,RETAIL,2016-03-01,3.01,Kg,7f495369-cc9e-481f-bb1a-39736b9183ae
Chicken (meat),Algeria,Laayoun,RETAIL,2016-03-01,3.01,Kg,174f6fcd-897d-435d-9d46-93526f979aa7
Chicken (meat),Algeria,Smara,RETAIL,2016-03-01,3.01,Kg,5f13606d-e899-44be-a6e6-ebed72d5c115
Chicken (meat),Algeria,Tindouf,RETAIL,2016-03-01,3.01,Kg,fac878c0-ca57-45d7-b69e-c503b86e7f30
Chicken (meat),Israel,National Average,RETAIL,2016-03-01,6.04,Kg,7592af4c-3414-416c-8bb7-edb7fda1d3b4
Chicken (meat),Israel,National Average,RETAIL,2016-04-01,6.22,Kg,7592af4c-3414-416c-8bb7-edb7fda1d3b4
Chicken (meat),Israel,National Average,RETAIL,2016-05-01,6.17,Kg,7592af4c-3414-416c-8bb7-edb7fda1d3b4
Chicken (meat),Israel,National Average,RETAIL,2016-06-01,6.02,Kg,7592af4c-3414-416c-8bb7-edb7fda1d3b4
Chicken (meat),Jordan,Al Mafraq,RETAIL,2016-06-01,2.85,Kg,011ffdda-e76a-492d-a928-8bc9deb471c1
Chicken (meat),Jordan,Amman,RETAIL,2016-06-01,3.56,Kg,485ed91e-8045-499f-8e5a-062b63da8020
Chicken (meat),Jordan,Irbid,RETAIL,2016-06-01,3.52,Kg,91dea856-32b9-4ec5-9028-3ddc4052afad
Chicken (meat),Jordan,Zarqa,RETAIL,2016-06-01,2.92,Kg,d39506fa-2302-4c12-8326-0ae8cfecf13c
Chicken (meat),Algeria,Awserd,RETAIL,2016-07-01,3.16,Kg,a0a1371f-3e5e-4023-9d06-b4e5afa8b1fa
Chicken (meat),Algeria,Boujdour,RETAIL,2016-07-01,3.62,Kg,b3ae8167-3b88-4df6-bd63-7c3b93379c89
Chicken (meat),Algeria,Dakhla,RETAIL,2016-07-01,3.35,Kg,7f495369-cc9e-481f-bb1a-39736b9183ae
Chicken (meat),Algeria,Laayoun,RETAIL,2016-07-01,3.25,Kg,174f6fcd-897d-435d-9d46-93526f979aa7
Chicken (meat),Algeria,Smara,RETAIL,2016-07-01,3.44,Kg,5f13606d-e899-44be-a6e6-ebed72d5c115
Chicken (meat),Algeria,Tindouf,RETAIL,2016-07-01,3.35,Kg,fac878c0-ca57-45d7-b69e-c503b86e7f30
Chicken (meat),Israel,National Average,RETAIL,2016-07-01,5.9,Kg,7592af4c-3414-416c-8bb7-edb7fda1d3b4
Chicken (meat),Algeria,Awserd,RETAIL,2016-08-01,3.2,Kg,a0a1371f-3e5e-4023-9d06-b4e5afa8b1fa
Chicken (meat),Algeria,Boujdour,RETAIL,2016-08-01,3.65,Kg,b3ae8167-3b88-4df6-bd63-7c3b93379c89
Chicken (meat),Algeria,Dakhla,RETAIL,2016-08-01,3.84,Kg,7f495369-cc9e-481f-bb1a-39736b9183ae
Chicken (meat),Algeria,Laayoun,RETAIL,2016-08-01,3.29,Kg,174f6fcd-897d-435d-9d46-93526f979aa7
Chicken (meat),Algeria,Smara,RETAIL,2016-08-01,3.29,Kg,5f13606d-e899-44be-a6e6-ebed72d5c115
Chicken (meat),Algeria,Tindouf,RETAIL,2016-08-01,3.38,Kg,fac878c0-ca57-45d7-b69e-c503b86e7f30
Chicken (meat),Israel,National Average,RETAIL,2016-08-01,6.11,Kg,7592af4c-3414-416c-8bb7-edb7fda1d3b4
Chicken (meat),Algeria,Awserd,RETAIL,2016-09-01,3.2,Kg,a0a1371f-3e5e-4023-9d06-b4e5afa8b1fa
Chicken (meat),Algeria,Boujdour,RETAIL,2016-09-01,3.66,Kg,b3ae8167-3b88-4df6-bd63-7c3b93379c89
Chicken (meat),Algeria,Dakhla,RETAIL,2016-09-01,3.38,Kg,7f495369-cc9e-481f-bb1a-39736b9183ae
Chicken (meat),Algeria,Laayoun,RETAIL,2016-09-01,3.29,Kg,174f6fcd-897d-435d-9d46-93526f979aa7
Chicken (meat),Algeria,Smara,RETAIL,2016-09-01,3.48,Kg,5f13606d-e899-44be-a6e6-ebed72d5c115
Chicken (meat),Algeria,Tindouf,RETAIL,2016-09-01,3.38,Kg,fac878c0-ca57-45d7-b69e-c503b86e7f30
Chicken (meat),Israel,National Average,RETAIL,2016-09-01,6.28,Kg,7592af4c-3414-416c-8bb7-edb7fda1d3b4
Chicken (meat),Algeria,Awserd,RETAIL,2016-10-01,3.18,Kg,a0a1371f-3e5e-4023-9d06-b4e5afa8b1fa
Chicken (meat),Algeria,Boujdour,RETAIL,2016-10-01,3.63,Kg,b3ae8167-3b88-4df6-bd63-7c3b93379c89
Chicken (meat),Algeria,Dakhla,RETAIL,2016-10-01,3.36,Kg,7f495369-cc9e-481f-bb1a-39736b9183ae
Chicken (meat),Algeria,Laayoun,RETAIL,2016-10-01,3.27,Kg,174f6fcd-897d-435d-9d46-93526f979aa7
Chicken (meat),Algeria,Smara,RETAIL,2016-10-01,3.45,Kg,5f13606d-e899-44be-a6e6-ebed72d5c115
Chicken (meat),Algeria,Tindouf,RETAIL,2016-10-01,3.36,Kg,fac878c0-ca57-45d7-b69e-c503b86e7f30
Chicken (meat),Israel,National Average,RETAIL,2016-10-01,6.05,Kg,7592af4c-3414-416c-8bb7-edb7fda1d3b4
Chicken (meat),Israel,National Average,RETAIL,2016-11-01,5.96,Kg,7592af4c-3414-416c-8bb7-edb7fda1d3b4
Chicken (meat),Israel,National Average,RETAIL,2016-12-01,5.84,Kg,7592af4c-3414-416c-8bb7-edb7fda1d3b4
Chicken (meat),Israel,National Average,RETAIL,2017-01-01,5.93,Kg,7592af4c-3414-416c-8bb7-edb7fda1d3b4
Chicken (meat),Jordan,Al Mafraq,RETAIL,2017-01-01,2.82,Kg,011ffdda-e76a-492d-a928-8bc9deb471c1
Chicken (meat),Jordan,Amman,RETAIL,2017-01-01,3.26,Kg,485ed91e-8045-499f-8e5a-062b63da8020
Chicken (meat),Jordan,Irbid,RETAIL,2017-01-01,3.5,Kg,91dea856-32b9-4ec5-9028-3ddc4052afad
Chicken (meat),Jordan,National Average,RETAIL,2017-01-01,3.1,Kg,e2aa8dc6-8dad-42cd-b6d8-0f4d312e1019
Chicken (meat),Jordan,Zarqa,RETAIL,2017-01-01,3.29,Kg,d39506fa-2302-4c12-8326-0ae8cfecf13c
Chicken (meat),Israel,National Average,RETAIL,2017-02-01,6.19,Kg,7592af4c-3414-416c-8bb7-edb7fda1d3b4
Chicken (meat),Jordan,Al Mafraq,RETAIL,2017-02-01,2.82,Kg,011ffdda-e76a-492d-a928-8bc9deb471c1
Chicken (meat),Jordan,Amman,RETAIL,2017-02-01,3.27,Kg,485ed91e-8045-499f-8e5a-062b63da8020
Chicken (meat),Jordan,Irbid,RETAIL,2017-02-01,3.41,Kg,91dea856-32b9-4ec5-9028-3ddc4052afad
Chicken (meat),Jordan,National Average,RETAIL,2017-02-01,3.27,Kg,e2aa8dc6-8dad-42cd-b6d8-0f4d312e1019
Chicken (meat),Jordan,Zarqa,RETAIL,2017-02-01,3.32,Kg,d39506fa-2302-4c12-8326-0ae8cfecf13c
Chicken (meat),Israel,National Average,RETAIL,2017-03-01,6.48,Kg,7592af4c-3414-416c-8bb7-edb7fda1d3b4
Chicken (meat),Jordan,Al Mafraq,RETAIL,2017-03-01,2.31,Kg,011ffdda-e76a-492d-a928-8bc9deb471c1
Chicken (meat),Jordan,Amman,RETAIL,2017-03-01,2.96,Kg,485ed91e-8045-499f-8e5a-062b63da8020
Chicken (meat),Jordan,Irbid,RETAIL,2017-03-01,2.14,Kg,91dea856-32b9-4ec5-9028-3ddc4052afad
Chicken (meat),Jordan,National Average,RETAIL,2017-03-01,2.61,Kg,e2aa8dc6-8dad-42cd-b6d8-0f4d312e1019
Chicken (meat),Jordan,Zarqa,RETAIL,2017-03-01,2.75,Kg,d39506fa-2302-4c12-8326-0ae8cfecf13c
Chicken (meat),Israel,National Average,RETAIL,2017-04-01,6.55,Kg,7592af4c-3414-416c-8bb7-edb7fda1d3b4
Chicken (meat),Jordan,Al Mafraq,RETAIL,2017-04-01,2.3,Kg,011ffdda-e76a-492d-a928-8bc9deb471c1
Chicken (meat),Jordan,Amman,RETAIL,2017-04-01,2.96,Kg,485ed91e-8045-499f-8e5a-062b63da8020
Chicken (meat),Jordan,Irbid,RETAIL,2017-04-01,2.3,Kg,91dea856-32b9-4ec5-9028-3ddc4052afad
Chicken (meat),Jordan,National Average,RETAIL,2017-04-01,2.64,Kg,e2aa8dc6-8dad-42cd-b6d8-0f4d312e1019
Chicken (meat),Jordan,Zarqa,RETAIL,2017-04-01,2.82,Kg,d39506fa-2302-4c12-8326-0ae8cfecf13c
Chicken (meat),Israel,National Average,RETAIL,2017-05-01,6.43,Kg,7592af4c-3414-416c-8bb7-edb7fda1d3b4
Chicken (meat),Jordan,Al Mafraq,RETAIL,2017-05-01,2.31,Kg,011ffdda-e76a-492d-a928-8bc9deb471c1
Chicken (meat),Jordan,Amman,RETAIL,2017-05-01,2.96,Kg,485ed91e-8045-499f-8e5a-062b63da8020
Chicken (meat),Jordan,Irbid,RETAIL,2017-05-01,2.14,Kg,91dea856-32b9-4ec5-9028-3ddc4052afad
Chicken (meat),Jordan,National Average,RETAIL,2017-05-01,2.61,Kg,e2aa8dc6-8dad-42cd-b6d8-0f4d312e1019
Chicken (meat),Jordan,Zarqa,RETAIL,2017-05-01,2.75,Kg,d39506fa-2302-4c12-8326-0ae8cfecf13c
Chicken (meat),Israel,National Average,RETAIL,2017-06-01,6.37,Kg,7592af4c-3414-416c-8bb7-edb7fda1d3b4
Chicken (meat),Jordan,Al Mafraq,RETAIL,2017-06-01,2.82,Kg,011ffdda-e76a-492d-a928-8bc9deb471c1
Chicken (meat),Jordan,Amman,RETAIL,2017-06-01,3.51,Kg,485ed91e-8045-499f-8e5a-062b63da8020
Chicken (meat),Jordan,Irbid,RETAIL,2017-06-01,3.63,Kg,91dea856-32b9-4ec5-9028-3ddc4052afad
Chicken (meat),Jordan,National Average,RETAIL,2017-06-01,3.29,Kg,e2aa8dc6-8dad-42cd-b6d8-0f4d312e1019
Chicken (meat),Jordan,Zarqa,RETAIL,2017-06-01,3.19,Kg,d39506fa-2302-4c12-8326-0ae8cfecf13c
Chicken (meat),Libyan Arab Jamahiriya,Sebha,RETAIL,2017-06-01,5.73,Kg,31676722-fca8-4454-847e-9556c13a9dae
Chicken (meat),Israel,National Average,RETAIL,2017-07-01,6.63,Kg,7592af4c-3414-416c-8bb7-edb7fda1d3b4
Chicken (meat),Jordan,Al Mafraq,RETAIL,2017-07-01,2.82,Kg,011ffdda-e76a-492d-a928-8bc9deb471c1
Chicken (meat),Jordan,Amman,RETAIL,2017-07-01,3.06,Kg,485ed91e-8045-499f-8e5a-062b63da8020
Chicken (meat),Jordan,Irbid,RETAIL,2017-07-01,3.67,Kg,91dea856-32b9-4ec5-9028-3ddc4052afad
Chicken (meat),Jordan,National Average,RETAIL,2017-07-01,3.12,Kg,e2aa8dc6-8dad-42cd-b6d8-0f4d312e1019
Chicken (meat),Jordan,Zarqa,RETAIL,2017-07-01,3.09,Kg,d39506fa-2302-4c12-8326-0ae8cfecf13c
Chicken (meat),Libyan Arab Jamahiriya,Sebha,RETAIL,2017-07-01,7.34,Kg,31676722-fca8-4454-847e-9556c13a9dae
Chicken (meat),Israel,National Average,RETAIL,2017-08-01,6.32,Kg,7592af4c-3414-416c-8bb7-edb7fda1d3b4
Chicken (meat),Jordan,Al Mafraq,RETAIL,2017-08-01,2.75,Kg,011ffdda-e76a-492d-a928-8bc9deb471c1
Chicken (meat),Jordan,Amman,RETAIL,2017-08-01,2.88,Kg,485ed91e-8045-499f-8e5a-062b63da8020
Chicken (meat),Jordan,Irbid,RETAIL,2017-08-01,3.41,Kg,91dea856-32b9-4ec5-9028-3ddc4052afad
Chicken (meat),Jordan,National Average,RETAIL,2017-08-01,3.05,Kg,e2aa8dc6-8dad-42cd-b6d8-0f4d312e1019
Chicken (meat),Jordan,Zarqa,RETAIL,2017-08-01,3.05,Kg,d39506fa-2302-4c12-8326-0ae8cfecf13c
Chicken (meat),Libyan Arab Jamahiriya,Sebha,RETAIL,2017-08-01,9.09,Kg,31676722-fca8-4454-847e-9556c13a9dae
Chicken (meat),Israel,National Average,RETAIL,2017-09-01,6.55,Kg,7592af4c-3414-416c-8bb7-edb7fda1d3b4
Chicken (meat),Jordan,Al Mafraq,RETAIL,2017-09-01,2.82,Kg,011ffdda-e76a-492d-a928-8bc9deb471c1
Chicken (meat),Jordan,Amman,RETAIL,2017-09-01,2.93,Kg,485ed91e-8045-499f-8e5a-062b63da8020
Chicken (meat),Jordan,Irbid,RETAIL,2017-09-01,3.26,Kg,91dea856-32b9-4ec5-9028-3ddc4052afad
Chicken (meat),Jordan,National Average,RETAIL,2017-09-01,3.01,Kg,e2aa8dc6-8dad-42cd-b6d8-0f4d312e1019
Chicken (meat),Jordan,Zarqa,RETAIL,2017-09-01,2.62,Kg,d39506fa-2302-4c12-8326-0ae8cfecf13c
Chicken (meat),Libyan Arab Jamahiriya,Sebha,RETAIL,2017-09-01,7.69,Kg,31676722-fca8-4454-847e-9556c13a9dae
Chicken (meat),Israel,National Average,RETAIL,2017-10-01,6.67,Kg,7592af4c-3414-416c-8bb7-edb7fda1d3b4
Chicken (meat),Jordan,Al Mafraq,RETAIL,2017-10-01,2.75,Kg,011ffdda-e76a-492d-a928-8bc9deb471c1
Chicken (meat),Jordan,Amman,RETAIL,2017-10-01,2.85,Kg,485ed91e-8045-499f-8e5a-062b63da8020
Chicken (meat),Jordan,Irbid,RETAIL,2017-10-01,3.29,Kg,91dea856-32b9-4ec5-9028-3ddc4052afad
Chicken (meat),Jordan,National Average,RETAIL,2017-10-01,2.99,Kg,e2aa8dc6-8dad-42cd-b6d8-0f4d312e1019
Chicken (meat),Jordan,Zarqa,RETAIL,2017-10-01,2.78,Kg,d39506fa-2302-4c12-8326-0ae8cfecf13c
Chicken (meat),Libyan Arab Jamahiriya,Algatroun,RETAIL,2017-10-01,7.69,Kg,4b90ba35-06e6-49aa-982a-d9d01b8c1556
Chicken (meat),Libyan Arab Jamahiriya,Murzuq,RETAIL,2017-10-01,12.94,Kg,7aaa0e6c-3e7e-4826-b759-39f28be91e32
Chicken (meat),Libyan Arab Jamahiriya,National Average,RETAIL,2017-10-01,8.38,Kg,ebc9ef56-c9c7-4c9a-af31-be1be6dff1ca
Chicken (meat),Libyan Arab Jamahiriya,Sebha,RETAIL,2017-10-01,7.77,Kg,31676722-fca8-4454-847e-9556c13a9dae
Chicken (meat),Israel,National Average,RETAIL,2017-11-01,6.52,Kg,7592af4c-3414-416c-8bb7-edb7fda1d3b4
Chicken (meat),Jordan,Al Mafraq,RETAIL,2017-11-01,2.81,Kg,011ffdda-e76a-492d-a928-8bc9deb471c1
Chicken (meat),Jordan,Amman,RETAIL,2017-11-01,2.88,Kg,485ed91e-8045-499f-8e5a-062b63da8020
Chicken (meat),Jordan,Irbid,RETAIL,2017-11-01,3.24,Kg,91dea856-32b9-4ec5-9028-3ddc4052afad
Chicken (meat),Jordan,National Average,RETAIL,2017-11-01,3.02,Kg,e2aa8dc6-8dad-42cd-b6d8-0f4d312e1019
Chicken (meat),Jordan,Zarqa,RETAIL,2017-11-01,2.99,Kg,d39506fa-2302-4c12-8326-0ae8cfecf13c
Chicken (meat),Libyan Arab Jamahiriya,Algatroun,RETAIL,2017-11-01,7.82,Kg,4b90ba35-06e6-49aa-982a-d9d01b8c1556
Chicken (meat),Libyan Arab Jamahiriya,Murzuq,RETAIL,2017-11-01,8.74,Kg,7aaa0e6c-3e7e-4826-b759-39f28be91e32
Chicken (meat),Libyan Arab Jamahiriya,National Average,RETAIL,2017-11-01,8.28,Kg,ebc9ef56-c9c7-4c9a-af31-be1be6dff1ca
Chicken (meat),Libyan Arab Jamahiriya,Sebha,RETAIL,2017-11-01,7.69,Kg,31676722-fca8-4454-847e-9556c13a9dae
Chicken (meat),Israel,National Average,RETAIL,2017-12-01,6.51,Kg,7592af4c-3414-416c-8bb7-edb7fda1d3b4
Chicken (meat),Jordan,Al Mafraq,RETAIL,2017-12-01,2.82,Kg,011ffdda-e76a-492d-a928-8bc9deb471c1
Chicken (meat),Jordan,Amman,RETAIL,2017-12-01,3.29,Kg,485ed91e-8045-499f-8e5a-062b63da8020
Chicken (meat),Jordan,Irbid,RETAIL,2017-12-01,3.5,Kg,91dea856-32b9-4ec5-9028-3ddc4052afad
Chicken (meat),Jordan,National Average,RETAIL,2017-12-01,3.26,Kg,e2aa8dc6-8dad-42cd-b6d8-0f4d312e1019
Chicken (meat),Jordan,Zarqa,RETAIL,2017-12-01,3.29,Kg,d39506fa-2302-4c12-8326-0ae8cfecf13c
Chicken (meat),Libyan Arab Jamahiriya,Algatroun,RETAIL,2017-12-01,7.87,Kg,4b90ba35-06e6-49aa-982a-d9d01b8c1556
Chicken (meat),Libyan Arab Jamahiriya,National Average,RETAIL,2017-12-01,9.02,Kg,ebc9ef56-c9c7-4c9a-af31-be1be6dff1ca
Chicken (meat),Libyan Arab Jamahiriya,Sebha,RETAIL,2017-12-01,8.79,Kg,31676722-fca8-4454-847e-9556c13a9dae
Chicken (meat),Israel,National Average,RETAIL,2018-01-01,6.67,Kg,7592af4c-3414-416c-8bb7-edb7fda1d3b4
Chicken (meat),Jordan,Al Mafraq,RETAIL,2018-01-01,2.82,Kg,011ffdda-e76a-492d-a928-8bc9deb471c1
Chicken (meat),Jordan,Amman,RETAIL,2018-01-01,2.95,Kg,485ed91e-8045-499f-8e5a-062b63da8020
Chicken (meat),Jordan,Irbid,RETAIL,2018-01-01,3.3,Kg,91dea856-32b9-4ec5-9028-3ddc4052afad
Chicken (meat),Jordan,National Average,RETAIL,2018-01-01,3.03,Kg,e2aa8dc6-8dad-42cd-b6d8-0f4d312e1019
Chicken (meat),Jordan,Zarqa,RETAIL,2018-01-01,2.82,Kg,d39506fa-2302-4c12-8326-0ae8cfecf13c
Chicken (meat),Libyan Arab Jamahiriya,Algatroun,RETAIL,2018-01-01,6.99,Kg,4b90ba35-06e6-49aa-982a-d9d01b8c1556
Chicken (meat),Libyan Arab Jamahiriya,Alkufra,RETAIL,2018-01-01,8.39,Kg,a12c0b33-3674-4148-9fc8-19f787054c99
Chicken (meat),Libyan Arab Jamahiriya,Benghazi,RETAIL,2018-01-01,8.27,Kg,f530629c-534b-454b-b0cf-9fe19028fcc4
Chicken (meat),Libyan Arab Jamahiriya,Murzuq,RETAIL,2018-01-01,9.79,Kg,7aaa0e6c-3e7e-4826-b759-39f28be91e32
Chicken (meat),Libyan Arab Jamahiriya,National Average,RETAIL,2018-01-01,9.24,Kg,ebc9ef56-c9c7-4c9a-af31-be1be6dff1ca
Chicken (meat),Libyan Arab Jamahiriya,Sebha,RETAIL,2018-01-01,9.62,Kg,31676722-fca8-4454-847e-9556c13a9dae
Chicken (meat),Libyan Arab Jamahiriya,Tripoli center,RETAIL,2018-01-01,7.38,Kg,7808e993-e9e2-40c5-88a8-0e7feddee750
Chicken (meat),Syrian Arab Republic,Al-Hasakeh,RETAIL,2018-01-01,1.95,Kg,1da85549-0973-437a-8791-fc2263800fd8
Chicken (meat),Syrian Arab Republic,Dar'a,RETAIL,2018-01-01,2.52,Kg,a89af962-7152-43e5-85ce-945c1e243797
Chicken (meat),Syrian Arab Republic,Deir-ez-Zor,RETAIL,2018-01-01,2.29,Kg,5daf8aea-e065-46a8-9b22-5681fbf40e59
Chicken (meat),Syrian Arab Republic,National Average,RETAIL,2018-01-01,2.36,Kg,7deea02c-1be8-461c-b59d-365d9ba6941f
Chicken (meat),Israel,National Average,RETAIL,2018-02-01,6.57,Kg,7592af4c-3414-416c-8bb7-edb7fda1d3b4
Chicken (meat),Jordan,Al Mafraq,RETAIL,2018-02-01,2.82,Kg,011ffdda-e76a-492d-a928-8bc9deb471c1
Chicken (meat),Jordan,Amman,RETAIL,2018-02-01,2.91,Kg,485ed91e-8045-499f-8e5a-062b63da8020
Chicken (meat),Jordan,Irbid,RETAIL,2018-02-01,3.09,Kg,91dea856-32b9-4ec5-9028-3ddc4052afad
Chicken (meat),Jordan,National Average,RETAIL,2018-02-01,3.03,Kg,e2aa8dc6-8dad-42cd-b6d8-0f4d312e1019
Chicken (meat),Jordan,Zarqa,RETAIL,2018-02-01,2.92,Kg,d39506fa-2302-4c12-8326-0ae8cfecf13c
Chicken (meat),Libyan Arab Jamahiriya,Algatroun,RETAIL,2018-02-01,8.39,Kg,4b90ba35-06e6-49aa-982a-d9d01b8c1556
Chicken (meat),Libyan Arab Jamahiriya,Alkufra,RETAIL,2018-02-01,9.09,Kg,a12c0b33-3674-4148-9fc8-19f787054c99
Chicken (meat),Libyan Arab Jamahiriya,Benghazi,RETAIL,2018-02-01,7.94,Kg,f530629c-534b-454b-b0cf-9fe19028fcc4
Chicken (meat),Libyan Arab Jamahiriya,Murzuq,RETAIL,2018-02-01,9.79,Kg,7aaa0e6c-3e7e-4826-b759-39f28be91e32
Chicken (meat),Libyan Arab Jamahiriya,National Average,RETAIL,2018-02-01,8.27,Kg,ebc9ef56-c9c7-4c9a-af31-be1be6dff1ca
Chicken (meat),Libyan Arab Jamahiriya,Sebha,RETAIL,2018-02-01,8.16,Kg,31676722-fca8-4454-847e-9556c13a9dae
Chicken (meat),Libyan Arab Jamahiriya,Tripoli center,RETAIL,2018-02-01,6.71,Kg,7808e993-e9e2-40c5-88a8-0e7feddee750
Chicken (meat),Syrian Arab Republic,Al-Hasakeh,RETAIL,2018-02-01,1.87,Kg,1da85549-0973-437a-8791-fc2263800fd8
Chicken (meat),Syrian Arab Republic,Dar'a,RETAIL,2018-02-01,2.75,Kg,a89af962-7152-43e5-85ce-945c1e243797
Chicken (meat),Syrian Arab Republic,Deir-ez-Zor,RETAIL,2018-02-01,2.44,Kg,5daf8aea-e065-46a8-9b22-5681fbf40e59
Chicken (meat),Syrian Arab Republic,National Average,RETAIL,2018-02-01,2.18,Kg,7deea02c-1be8-461c-b59d-365d9ba6941f
Chicken (meat),Israel,National Average,RETAIL,2018-03-01,6.45,Kg,7592af4c-3414-416c-8bb7-edb7fda1d3b4
Chicken (meat),Jordan,Al Mafraq,RETAIL,2018-03-01,2.82,Kg,011ffdda-e76a-492d-a928-8bc9deb471c1
Chicken (meat),Jordan,Amman,RETAIL,2018-03-01,2.92,Kg,485ed91e-8045-499f-8e5a-062b63da8020
Chicken (meat),Jordan,Irbid,RETAIL,2018-03-01,3.3,Kg,91dea856-32b9-4ec5-9028-3ddc4052afad
Chicken (meat),Jordan,National Average,RETAIL,2018-03-01,3.1,Kg,e2aa8dc6-8dad-42cd-b6d8-0f4d312e1019
Chicken (meat),Jordan,Zarqa,RETAIL,2018-03-01,3.17,Kg,d39506fa-2302-4c12-8326-0ae8cfecf13c
Chicken (meat),Libyan Arab Jamahiriya,Algatroun,RETAIL,2018-03-01,7.8,Kg,4b90ba35-06e6-49aa-982a-d9d01b8c1556
Chicken (meat),Libyan Arab Jamahiriya,Alkufra,RETAIL,2018-03-01,8.93,Kg,a12c0b33-3674-4148-9fc8-19f787054c99
Chicken (meat),Libyan Arab Jamahiriya,Benghazi,RETAIL,2018-03-01,8.01,Kg,f530629c-534b-454b-b0cf-9fe19028fcc4
Chicken (meat),Libyan Arab Jamahiriya,Misrata,RETAIL,2018-03-01,8.04,Kg,93404742-2344-4782-b0e9-5e3d8a46a582
Chicken (meat),Libyan Arab Jamahiriya,Murzuq,RETAIL,2018-03-01,7.45,Kg,7aaa0e6c-3e7e-4826-b759-39f28be91e32
Chicken (meat),Libyan Arab Jamahiriya,National Average,RETAIL,2018-03-01,8.24,Kg,ebc9ef56-c9c7-4c9a-af31-be1be6dff1ca
Chicken (meat),Libyan Arab Jamahiriya,Sebha,RETAIL,2018-03-01,8.42,Kg,31676722-fca8-4454-847e-9556c13a9dae
Chicken (meat),Libyan Arab Jamahiriya,Tripoli center,RETAIL,2018-03-01,6.82,Kg,7808e993-e9e2-40c5-88a8-0e7feddee750
Chicken (meat),Syrian Arab Republic,Al-Hasakeh,RETAIL,2018-03-01,1.91,Kg,1da85549-0973-437a-8791-fc2263800fd8
Chicken (meat),Syrian Arab Republic,Dar'a,RETAIL,2018-03-01,2.98,Kg,a89af962-7152-43e5-85ce-945c1e243797
Chicken (meat),Syrian Arab Republic,Deir-ez-Zor,RETAIL,2018-03-01,2.44,Kg,5daf8aea-e065-46a8-9b22-5681fbf40e59
Chicken (meat),Syrian Arab Republic,National Average,RETAIL,2018-03-01,2.21,Kg,7deea02c-1be8-461c-b59d-365d9ba6941f
Chicken (meat),Israel,National Average,RETAIL,2018-04-01,6.44,Kg,7592af4c-3414-416c-8bb7-edb7fda1d3b4
Chicken (meat),Jordan,Al Mafraq,RETAIL,2018-04-01,2.82,Kg,011ffdda-e76a-492d-a928-8bc9deb471c1
Chicken (meat),Jordan,Amman,RETAIL,2018-04-01,2.92,Kg,485ed91e-8045-499f-8e5a-062b63da8020
Chicken (meat),Jordan,Irbid,RETAIL,2018-04-01,3.29,Kg,91dea856-32b9-4ec5-9028-3ddc4052afad
Chicken (meat),Jordan,National Average,RETAIL,2018-04-01,3.15,Kg,e2aa8dc6-8dad-42cd-b6d8-0f4d312e1019
Chicken (meat),Jordan,Zarqa,RETAIL,2018-04-01,3.1,Kg,d39506fa-2302-4c12-8326-0ae8cfecf13c
Chicken (meat),Libyan Arab Jamahiriya,Algatroun,RETAIL,2018-04-01,8.53,Kg,4b90ba35-06e6-49aa-982a-d9d01b8c1556
Chicken (meat),Libyan Arab Jamahiriya,Alkufra,RETAIL,2018-04-01,9.3,Kg,a12c0b33-3674-4148-9fc8-19f787054c99
Chicken (meat),Libyan Arab Jamahiriya,Benghazi,RETAIL,2018-04-01,8.74,Kg,f530629c-534b-454b-b0cf-9fe19028fcc4
Chicken (meat),Libyan Arab Jamahiriya,Misrata,RETAIL,2018-04-01,9.62,Kg,93404742-2344-4782-b0e9-5e3d8a46a582
Chicken (meat),Libyan Arab Jamahiriya,Murzuq,RETAIL,2018-04-01,8.39,Kg,7aaa0e6c-3e7e-4826-b759-39f28be91e32
Chicken (meat),Libyan Arab Jamahiriya,National Average,RETAIL,2018-04-01,9.06,Kg,ebc9ef56-c9c7-4c9a-af31-be1be6dff1ca
Chicken (meat),Libyan Arab Jamahiriya,Sebha,RETAIL,2018-04-01,9.51,Kg,31676722-fca8-4454-847e-9556c13a9dae
Chicken (meat),Libyan Arab Jamahiriya,Tripoli center,RETAIL,2018-04-01,8.39,Kg,7808e993-e9e2-40c5-88a8-0e7feddee750
Chicken (meat),Syrian Arab Republic,Al-Hasakeh,RETAIL,2018-04-01,2.41,Kg,1da85549-0973-437a-8791-fc2263800fd8
Chicken (meat),Syrian Arab Republic,Dar'a,RETAIL,2018-04-01,2.98,Kg,a89af962-7152-43e5-85ce-945c1e243797
Chicken (meat),Syrian Arab Republic,Deir-ez-Zor,RETAIL,2018-04-01,2.44,Kg,5daf8aea-e065-46a8-9b22-5681fbf40e59
Chicken (meat),Syrian Arab Republic,National Average,RETAIL,2018-04-01,2.21,Kg,7deea02c-1be8-461c-b59d-365d9ba6941f
Chicken (meat),Israel,National Average,RETAIL,2018-05-01,6.41,Kg,7592af4c-3414-416c-8bb7-edb7fda1d3b4
Chicken (meat),Jordan,Al Mafraq,RETAIL,2018-05-01,2.82,Kg,011ffdda-e76a-492d-a928-8bc9deb471c1
Chicken (meat),Jordan,Amman,RETAIL,2018-05-01,2.91,Kg,485ed91e-8045-499f-8e5a-062b63da8020
Chicken (meat),Jordan,Irbid,RETAIL,2018-05-01,3.24,Kg,91dea856-32b9-4ec5-9028-3ddc4052afad
Chicken (meat),Jordan,National Average,RETAIL,2018-05-01,3.15,Kg,e2aa8dc6-8dad-42cd-b6d8-0f4d312e1019
Chicken (meat),Jordan,Zarqa,RETAIL,2018-05-01,3.24,Kg,d39506fa-2302-4c12-8326-0ae8cfecf13c
Chicken (meat),Libyan Arab Jamahiriya,Algatroun,RETAIL,2018-05-01,8.39,Kg,4b90ba35-06e6-49aa-982a-d9d01b8c1556
Chicken (meat),Libyan Arab Jamahiriya,Alkufra,RETAIL,2018-05-01,8.93,Kg,a12c0b33-3674-4148-9fc8-19f787054c99
Chicken (meat),Libyan Arab Jamahiriya,Benghazi,RETAIL,2018-05-01,9.52,Kg,f530629c-534b-454b-b0cf-9fe19028fcc4
Chicken (meat),Libyan Arab Jamahiriya,Misrata,RETAIL,2018-05-01,8.39,Kg,93404742-2344-4782-b0e9-5e3d8a46a582
Chicken (meat),Libyan Arab Jamahiriya,Murzuq,RETAIL,2018-05-01,11.19,Kg,7aaa0e6c-3e7e-4826-b759-39f28be91e32
Chicken (meat),Libyan Arab Jamahiriya,National Average,RETAIL,2018-05-01,9.48,Kg,ebc9ef56-c9c7-4c9a-af31-be1be6dff1ca
Chicken (meat),Libyan Arab Jamahiriya,Sebha,RETAIL,2018-05-01,9.86,Kg,31676722-fca8-4454-847e-9556c13a9dae
Chicken (meat),Libyan Arab Jamahiriya,Tripoli center,RETAIL,2018-05-01,7.69,Kg,7808e993-e9e2-40c5-88a8-0e7feddee750
Chicken (meat),Syrian Arab Republic,Al-Hasakeh,RETAIL,2018-05-01,2.48,Kg,1da85549-0973-437a-8791-fc2263800fd8
Chicken (meat),Syrian Arab Republic,Dar'a,RETAIL,2018-05-01,2.98,Kg,a89af962-7152-43e5-85ce-945c1e243797
Chicken (meat),Syrian Arab Republic,Deir-ez-Zor,RETAIL,2018-05-01,2.41,Kg,5daf8aea-e065-46a8-9b22-5681fbf40e59
Chicken (meat),Syrian Arab Republic,National Average,RETAIL,2018-05-01,2.27,Kg,7deea02c-1be8-461c-b59d-365d9ba6941f
Chicken (meat),Israel,National Average,RETAIL,2018-06-01,6.38,Kg,7592af4c-3414-416c-8bb7-edb7fda1d3b4
Chicken (meat),Jordan,Al Mafraq,RETAIL,2018-06-01,2.82,Kg,011ffdda-e76a-492d-a928-8bc9deb471c1
Chicken (meat),Jordan,Amman,RETAIL,2018-06-01,2.95,Kg,485ed91e-8045-499f-8e5a-062b63da8020
Chicken (meat),Jordan,Irbid,RETAIL,2018-06-01,3.22,Kg,91dea856-32b9-4ec5-9028-3ddc4052afad
Chicken (meat),Jordan,National Average,RETAIL,2018-06-01,3.1,Kg,e2aa8dc6-8dad-42cd-b6d8-0f4d312e1019
Chicken (meat),Jordan,Zarqa,RETAIL,2018-06-01,2.93,Kg,d39506fa-2302-4c12-8326-0ae8cfecf13c
Chicken (meat),Libyan Arab Jamahiriya,Algatroun,RETAIL,2018-06-01,8.39,Kg,4b90ba35-06e6-49aa-982a-d9d01b8c1556
Chicken (meat),Libyan Arab Jamahiriya,Alkufra,RETAIL,2018-06-01,9.56,Kg,a12c0b33-3674-4148-9fc8-19f787054c99
Chicken (meat),Libyan Arab Jamahiriya,Benghazi,RETAIL,2018-06-01,9.87,Kg,f530629c-534b-454b-b0cf-9fe19028fcc4
Chicken (meat),Libyan Arab Jamahiriya,Misrata,RETAIL,2018-06-01,8.83,Kg,93404742-2344-4782-b0e9-5e3d8a46a582
Chicken (meat),Libyan Arab Jamahiriya,Murzuq,RETAIL,2018-06-01,7.92,Kg,7aaa0e6c-3e7e-4826-b759-39f28be91e32
Chicken (meat),Libyan Arab Jamahiriya,National Average,RETAIL,2018-06-01,8.76,Kg,ebc9ef56-c9c7-4c9a-af31-be1be6dff1ca
Chicken (meat),Libyan Arab Jamahiriya,Sebha,RETAIL,2018-06-01,10.97,Kg,31676722-fca8-4454-847e-9556c13a9dae
Chicken (meat),Libyan Arab Jamahiriya,Tripoli center,RETAIL,2018-06-01,7.34,Kg,7808e993-e9e2-40c5-88a8-0e7feddee750
Chicken (meat),Syrian Arab Republic,Al-Hasakeh,RETAIL,2018-06-01,2.5,Kg,1da85549-0973-437a-8791-fc2263800fd8
Chicken (meat),Syrian Arab Republic,Dar'a,RETAIL,2018-06-01,2.52,Kg,a89af962-7152-43e5-85ce-945c1e243797
Chicken (meat),Syrian Arab Republic,Deir-ez-Zor,RETAIL,2018-06-01,2.23,Kg,5daf8aea-e065-46a8-9b22-5681fbf40e59
Chicken (meat),Syrian Arab Republic,National Average,RETAIL,2018-06-01,2.45,Kg,7deea02c-1be8-461c-b59d-365d9ba6941f
Chicken (meat),Israel,National Average,RETAIL,2018-07-01,6.22,Kg,7592af4c-3414-416c-8bb7-edb7fda1d3b4
Chicken (meat),Jordan,Al Mafraq,RETAIL,2018-07-01,2.82,Kg,011ffdda-e76a-492d-a928-8bc9deb471c1
Chicken (meat),Jordan,Amman,RETAIL,2018-07-01,3.06,Kg,485ed91e-8045-499f-8e5a-062b63da8020
Chicken (meat),Jordan,Irbid,RETAIL,2018-07-01,3.16,Kg,91dea856-32b9-4ec5-9028-3ddc4052afad
Chicken (meat),Jordan,National Average,RETAIL,2018-07-01,3.08,Kg,e2aa8dc6-8dad-42cd-b6d8-0f4d312e1019
Chicken (meat),Jordan,Zarqa,RETAIL,2018-07-01,2.85,Kg,d39506fa-2302-4c12-8326-0ae8cfecf13c
Chicken (meat),Libyan Arab Jamahiriya,Algatroun,RETAIL,2018-07-01,8.39,Kg,4b90ba35-06e6-49aa-982a-d9d01b8c1556
Chicken (meat),Libyan Arab Jamahiriya,Alkufra,RETAIL,2018-07-01,9.85,Kg,a12c0b33-3674-4148-9fc8-19f787054c99
Chicken (meat),Libyan Arab Jamahiriya,Benghazi,RETAIL,2018-07-01,8.21,Kg,f530629c-534b-454b-b0cf-9fe19028fcc4
Chicken (meat),Libyan Arab Jamahiriya,Misrata,RETAIL,2018-07-01,6.82,Kg,93404742-2344-4782-b0e9-5e3d8a46a582
Chicken (meat),Libyan Arab Jamahiriya,Murzuq,RETAIL,2018-07-01,12.01,Kg,7aaa0e6c-3e7e-4826-b759-39f28be91e32
Chicken (meat),Libyan Arab Jamahiriya,National Average,RETAIL,2018-07-01,8.48,Kg,ebc9ef56-c9c7-4c9a-af31-be1be6dff1ca
Chicken (meat),Libyan Arab Jamahiriya,Sebha,RETAIL,2018-07-01,11.62,Kg,31676722-fca8-4454-847e-9556c13a9dae
Chicken (meat),Libyan Arab Jamahiriya,Tripoli center,RETAIL,2018-07-01,6.12,Kg,7808e993-e9e2-40c5-88a8-0e7feddee750
Chicken (meat),Syrian Arab Republic,Al-Hasakeh,RETAIL,2018-07-01,2.77,Kg,1da85549-0973-437a-8791-fc2263800fd8
Chicken (meat),Syrian Arab Republic,Dar'a,RETAIL,2018-07-01,2.29,Kg,a89af962-7152-43e5-85ce-945c1e243797
Chicken (meat),Syrian Arab Republic,Deir-ez-Zor,RETAIL,2018-07-01,2.18,Kg,5daf8aea-e065-46a8-9b22-5681fbf40e59
Chicken (meat),Syrian Arab Republic,National Average,RETAIL,2018-07-01,2.36,Kg,7deea02c-1be8-461c-b59d-365d9ba6941f
Chicken (meat),Israel,National Average,RETAIL,2018-08-01,6.19,Kg,7592af4c-3414-416c-8bb7-edb7fda1d3b4
Chicken (meat),Jordan,Al Mafraq,RETAIL,2018-08-01,2.82,Kg,011ffdda-e76a-492d-a928-8bc9deb471c1
Chicken (meat),Jordan,Amman,RETAIL,2018-08-01,3.06,Kg,485ed91e-8045-499f-8e5a-062b63da8020
Chicken (meat),Jordan,Irbid,RETAIL,2018-08-01,2.98,Kg,91dea856-32b9-4ec5-9028-3ddc4052afad
Chicken (meat),Jordan,National Average,RETAIL,2018-08-01,3.05,Kg,e2aa8dc6-8dad-42cd-b6d8-0f4d312e1019
Chicken (meat),Jordan,Zarqa,RETAIL,2018-08-01,2.99,Kg,d39506fa-2302-4c12-8326-0ae8cfecf13c
Chicken (meat),Libyan Arab Jamahiriya,Algatroun,RETAIL,2018-08-01,8.39,Kg,4b90ba35-06e6-49aa-982a-d9d01b8c1556
Chicken (meat),Libyan Arab Jamahiriya,Alkufra,RETAIL,2018-08-01,9.85,Kg,a12c0b33-3674-4148-9fc8-19f787054c99
Chicken (meat),Libyan Arab Jamahiriya,Benghazi,RETAIL,2018-08-01,9.79,Kg,f530629c-534b-454b-b0cf-9fe19028fcc4
Chicken (meat),Libyan Arab Jamahiriya,Misrata,RETAIL,2018-08-01,7.87,Kg,93404742-2344-4782-b0e9-5e3d8a46a582
Chicken (meat),Libyan Arab Jamahiriya,Murzuq,RETAIL,2018-08-01,12.12,Kg,7aaa0e6c-3e7e-4826-b759-39f28be91e32
Chicken (meat),Libyan Arab Jamahiriya,National Average,RETAIL,2018-08-01,8.55,Kg,ebc9ef56-c9c7-4c9a-af31-be1be6dff1ca
Chicken (meat),Libyan Arab Jamahiriya,Sebha,RETAIL,2018-08-01,6.64,Kg,31676722-fca8-4454-847e-9556c13a9dae
Chicken (meat),Libyan Arab Jamahiriya,Tripoli center,RETAIL,2018-08-01,8.39,Kg,7808e993-e9e2-40c5-88a8-0e7feddee750
Chicken (meat),Syrian Arab Republic,Al-Hasakeh,RETAIL,2018-08-01,2.79,Kg,1da85549-0973-437a-8791-fc2263800fd8
Chicken (meat),Syrian Arab Republic,Dar'a,RETAIL,2018-08-01,2.06,Kg,a89af962-7152-43e5-85ce-945c1e243797
Chicken (meat),Syrian Arab Republic,Deir-ez-Zor,RETAIL,2018-08-01,2.18,Kg,5daf8aea-e065-46a8-9b22-5681fbf40e59
Chicken (meat),Syrian Arab Republic,National Average,RETAIL,2018-08-01,2.23,Kg,7deea02c-1be8-461c-b59d-365d9ba6941f
Chicken (meat),Israel,National Average,RETAIL,2018-09-01,6.22,Kg,7592af4c-3414-416c-8bb7-edb7fda1d3b4
Chicken (meat),Jordan,Al Mafraq,RETAIL,2018-09-01,2.65,Kg,011ffdda-e76a-492d-a928-8bc9deb471c1
Chicken (meat),Jordan,Amman,RETAIL,2018-09-01,2.84,Kg,485ed91e-8045-499f-8e5a-062b63da8020
Chicken (meat),Jordan,Irbid,RETAIL,2018-09-01,2.85,Kg,91dea856-32b9-4ec5-9028-3ddc4052afad
Chicken (meat),Jordan,National Average,RETAIL,2018-09-01,2.92,Kg,e2aa8dc6-8dad-42cd-b6d8-0f4d312e1019
Chicken (meat),Jordan,Zarqa,RETAIL,2018-09-01,2.88,Kg,d39506fa-2302-4c12-8326-0ae8cfecf13c
Chicken (meat),Libyan Arab Jamahiriya,Algatroun,RETAIL,2018-09-01,7.97,Kg,4b90ba35-06e6-49aa-982a-d9d01b8c1556
Chicken (meat),Libyan Arab Jamahiriya,Alkufra,RETAIL,2018-09-01,9.55,Kg,a12c0b33-3674-4148-9fc8-19f787054c99
Chicken (meat),Libyan Arab Jamahiriya,Benghazi,RETAIL,2018-09-01,6.62,Kg,f530629c-534b-454b-b0cf-9fe19028fcc4
Chicken (meat),Libyan Arab Jamahiriya,Misrata,RETAIL,2018-09-01,9.62,Kg,93404742-2344-4782-b0e9-5e3d8a46a582
Chicken (meat),Libyan Arab Jamahiriya,Murzuq,RETAIL,2018-09-01,12.0,Kg,7aaa0e6c-3e7e-4826-b759-39f28be91e32
Chicken (meat),Libyan Arab Jamahiriya,National Average,RETAIL,2018-09-01,9.37,Kg,ebc9ef56-c9c7-4c9a-af31-be1be6dff1ca
Chicken (meat),Libyan Arab Jamahiriya,Sebha,RETAIL,2018-09-01,6.99,Kg,31676722-fca8-4454-847e-9556c13a9dae
Chicken (meat),Syrian Arab Republic,Al-Hasakeh,RETAIL,2018-09-01,2.79,Kg,1da85549-0973-437a-8791-fc2263800fd8
Chicken (meat),Syrian Arab Republic,Dar'a,RETAIL,2018-09-01,1.72,Kg,a89af962-7152-43e5-85ce-945c1e243797
Chicken (meat),Syrian Arab Republic,Deir-ez-Zor,RETAIL,2018-09-01,2.18,Kg,5daf8aea-e065-46a8-9b22-5681fbf40e59
Chicken (meat),Syrian Arab Republic,National Average,RETAIL,2018-09-01,2.25,Kg,7deea02c-1be8-461c-b59d-365d9ba6941f
Chicken (meat),Israel,National Average,RETAIL,2018-10-01,6.38,Kg,7592af4c-3414-416c-8bb7-edb7fda1d3b4
Chicken (meat),Jordan,Al Mafraq,RETAIL,2018-10-01,2.41,Kg,011ffdda-e76a-492d-a928-8bc9deb471c1
Chicken (meat),Jordan,Amman,RETAIL,2018-10-01,2.81,Kg,485ed91e-8045-499f-8e5a-062b63da8020
Chicken (meat),Jordan,Irbid,RETAIL,2018-10-01,2.78,Kg,91dea856-32b9-4ec5-9028-3ddc4052afad
Chicken (meat),Jordan,National Average,RETAIL,2018-10-01,2.89,Kg,e2aa8dc6-8dad-42cd-b6d8-0f4d312e1019
Chicken (meat),Jordan,Zarqa,RETAIL,2018-10-01,2.82,Kg,d39506fa-2302-4c12-8326-0ae8cfecf13c
Chicken (meat),Libyan Arab Jamahiriya,Algatroun,RETAIL,2018-10-01,8.74,Kg,4b90ba35-06e6-49aa-982a-d9d01b8c1556
Chicken (meat),Libyan Arab Jamahiriya,Alkufra,RETAIL,2018-10-01,6.99,Kg,a12c0b33-3674-4148-9fc8-19f787054c99
Chicken (meat),Libyan Arab Jamahiriya,Benghazi,RETAIL,2018-10-01,7.57,Kg,f530629c-534b-454b-b0cf-9fe19028fcc4
Chicken (meat),Libyan Arab Jamahiriya,Misrata,RETAIL,2018-10-01,7.87,Kg,93404742-2344-4782-b0e9-5e3d8a46a582
Chicken (meat),Libyan Arab Jamahiriya,Murzuq,RETAIL,2018-10-01,10.49,Kg,7aaa0e6c-3e7e-4826-b759-39f28be91e32
Chicken (meat),Libyan Arab Jamahiriya,National Average,RETAIL,2018-10-01,8.85,Kg,ebc9ef56-c9c7-4c9a-af31-be1be6dff1ca
Chicken (meat),Libyan Arab Jamahiriya,Sebha,RETAIL,2018-10-01,6.99,Kg,31676722-fca8-4454-847e-9556c13a9dae
Chicken (meat),Libyan Arab Jamahiriya,Tripoli center,RETAIL,2018-10-01,8.74,Kg,7808e993-e9e2-40c5-88a8-0e7feddee750
Chicken (meat),Syrian Arab Republic,Al-Hasakeh,RETAIL,2018-10-01,2.79,Kg,1da85549-0973-437a-8791-fc2263800fd8
Chicken (meat),Syrian Arab Republic,Dar'a,RETAIL,2018-10-01,1.72,Kg,a89af962-7152-43e5-85ce-945c1e243797
Chicken (meat),Syrian Arab Republic,Deir-ez-Zor,RETAIL,2018-10-01,2.18,Kg,5daf8aea-e065-46a8-9b22-5681fbf40e59
Chicken (meat),Syrian Arab Republic,National Average,RETAIL,2018-10-01,2.26,Kg,7deea02c-1be8-461c-b59d-365d9ba6941f
Chicken (meat),Israel,National Average,RETAIL,2018-11-01,6.25,Kg,7592af4c-3414-416c-8bb7-edb7fda1d3b4
Chicken (meat),Jordan,Al Mafraq,RETAIL,2018-11-01,2.54,Kg,011ffdda-e76a-492d-a928-8bc9deb471c1
Chicken (meat),Jordan,Amman,RETAIL,2018-11-01,2.93,Kg,485ed91e-8045-499f-8e5a-062b63da8020
Chicken (meat),Jordan,Irbid,RETAIL,2018-11-01,2.89,Kg,91dea856-32b9-4ec5-9028-3ddc4052afad
Chicken (meat),Jordan,National Average,RETAIL,2018-11-01,2.93,Kg,e2aa8dc6-8dad-42cd-b6d8-0f4d312e1019
Chicken (meat),Jordan,Zarqa,RETAIL,2018-11-01,2.79,Kg,d39506fa-2302-4c12-8326-0ae8cfecf13c
Chicken (meat),Syrian Arab Republic,Al-Hasakeh,RETAIL,2018-11-01,2.79,Kg,1da85549-0973-437a-8791-fc2263800fd8
Chicken (meat),Syrian Arab Republic,Dar'a,RETAIL,2018-11-01,1.52,Kg,a89af962-7152-43e5-85ce-945c1e243797
Chicken (meat),Syrian Arab Republic,Deir-ez-Zor,RETAIL,2018-11-01,2.16,Kg,5daf8aea-e065-46a8-9b22-5681fbf40e59
Chicken (meat),Syrian Arab Republic,National Average,RETAIL,2018-11-01,1.97,Kg,7deea02c-1be8-461c-b59d-365d9ba6941f
Chicken (meat),Israel,National Average,RETAIL,2018-12-01,6.33,Kg,7592af4c-3414-416c-8bb7-edb7fda1d3b4
Chicken (meat),Jordan,Al Mafraq,RETAIL,2018-12-01,2.51,Kg,011ffdda-e76a-492d-a928-8bc9deb471c1
Chicken (meat),Jordan,Amman,RETAIL,2018-12-01,2.85,Kg,485ed91e-8045-499f-8e5a-062b63da8020
Chicken (meat),Jordan,Irbid,RETAIL,2018-12-01,2.82,Kg,91dea856-32b9-4ec5-9028-3ddc4052afad
Chicken (meat),Jordan,National Average,RETAIL,2018-12-01,2.92,Kg,e2aa8dc6-8dad-42cd-b6d8-0f4d312e1019
Chicken (meat),Jordan,Zarqa,RETAIL,2018-12-01,2.77,Kg,d39506fa-2302-4c12-8326-0ae8cfecf13c
Chicken (meat),Libyan Arab Jamahiriya,Algatroun,RETAIL,2018-12-01,8.12,Kg,4b90ba35-06e6-49aa-982a-d9d01b8c1556
Chicken (meat),Libyan Arab Jamahiriya,Alkufra,RETAIL,2018-12-01,7.69,Kg,a12c0b33-3674-4148-9fc8-19f787054c99
Chicken (meat),Libyan Arab Jamahiriya,Benghazi,RETAIL,2018-12-01,5.27,Kg,f530629c-534b-454b-b0cf-9fe19028fcc4
Chicken (meat),Libyan Arab Jamahiriya,Misrata,RETAIL,2018-12-01,8.96,Kg,93404742-2344-4782-b0e9-5e3d8a46a582
Chicken (meat),Libyan Arab Jamahiriya,Murzuq,RETAIL,2018-12-01,9.32,Kg,7aaa0e6c-3e7e-4826-b759-39f28be91e32
Chicken (meat),Libyan Arab Jamahiriya,National Average,RETAIL,2018-12-01,7.27,Kg,ebc9ef56-c9c7-4c9a-af31-be1be6dff1ca
Chicken (meat),Libyan Arab Jamahiriya,Sebha,RETAIL,2018-12-01,7.92,Kg,31676722-fca8-4454-847e-9556c13a9dae
Chicken (meat),Libyan Arab Jamahiriya,Tripoli center,RETAIL,2018-12-01,5.94,Kg,7808e993-e9e2-40c5-88a8-0e7feddee750
Chicken (meat),Syrian Arab Republic,Al-Hasakeh,RETAIL,2018-12-01,2.79,Kg,1da85549-0973-437a-8791-fc2263800fd8
Chicken (meat),Syrian Arab Republic,Dar'a,RETAIL,2018-12-01,1.44,Kg,a89af962-7152-43e5-85ce-945c1e243797
Chicken (meat),Syrian Arab Republic,Deir-ez-Zor,RETAIL,2018-12-01,2.22,Kg,5daf8aea-e065-46a8-9b22-5681fbf40e59
Chicken (meat),Syrian Arab Republic,National Average,RETAIL,2018-12-01,1.97,Kg,7deea02c-1be8-461c-b59d-365d9ba6941f
Chicken (meat),Israel,National Average,RETAIL,2019-01-01,6.43,Kg,7592af4c-3414-416c-8bb7-edb7fda1d3b4
Chicken (meat),Jordan,Al Mafraq,RETAIL,2019-01-01,2.48,Kg,011ffdda-e76a-492d-a928-8bc9deb471c1
Chicken (meat),Jordan,Amman,RETAIL,2019-01-01,2.79,Kg,485ed91e-8045-499f-8e5a-062b63da8020
Chicken (meat),Jordan,Irbid,RETAIL,2019-01-01,2.75,Kg,91dea856-32b9-4ec5-9028-3ddc4052afad
Chicken (meat),Jordan,National Average,RETAIL,2019-01-01,2.85,Kg,e2aa8dc6-8dad-42cd-b6d8-0f4d312e1019
Chicken (meat),Jordan,Zarqa,RETAIL,2019-01-01,2.65,Kg,d39506fa-2302-4c12-8326-0ae8cfecf13c
Chicken (meat),Libyan Arab Jamahiriya,Algatroun,RETAIL,2019-01-01,9.04,Kg,4b90ba35-06e6-49aa-982a-d9d01b8c1556
Chicken (meat),Libyan Arab Jamahiriya,Alkufra,RETAIL,2019-01-01,7.7,Kg,a12c0b33-3674-4148-9fc8-19f787054c99
Chicken (meat),Libyan Arab Jamahiriya,Benghazi,RETAIL,2019-01-01,6.01,Kg,f530629c-534b-454b-b0cf-9fe19028fcc4
Chicken (meat),Libyan Arab Jamahiriya,Misrata,RETAIL,2019-01-01,7.4,Kg,93404742-2344-4782-b0e9-5e3d8a46a582
Chicken (meat),Libyan Arab Jamahiriya,Murzuq,RETAIL,2019-01-01,11.43,Kg,7aaa0e6c-3e7e-4826-b759-39f28be91e32
Chicken (meat),Libyan Arab Jamahiriya,National Average,RETAIL,2019-01-01,6.83,Kg,ebc9ef56-c9c7-4c9a-af31-be1be6dff1ca
Chicken (meat),Libyan Arab Jamahiriya,Sebha,RETAIL,2019-01-01,6.73,Kg,31676722-fca8-4454-847e-9556c13a9dae
Chicken (meat),Libyan Arab Jamahiriya,Tripoli center,RETAIL,2019-01-01,8.12,Kg,7808e993-e9e2-40c5-88a8-0e7feddee750
Chicken (meat),Syrian Arab Republic,Al-Hasakeh,RETAIL,2019-01-01,2.79,Kg,1da85549-0973-437a-8791-fc2263800fd8
Chicken (meat),Syrian Arab Republic,Dar'a,RETAIL,2019-01-01,1.44,Kg,a89af962-7152-43e5-85ce-945c1e243797
Chicken (meat),Syrian Arab Republic,Deir-ez-Zor,RETAIL,2019-01-01,2.14,Kg,5daf8aea-e065-46a8-9b22-5681fbf40e59
Chicken (meat),Syrian Arab Republic,National Average,RETAIL,2019-01-01,2.06,Kg,7deea02c-1be8-461c-b59d-365d9ba6941f
Chicken (meat),Israel,National Average,RETAIL,2019-02-01,6.55,Kg,7592af4c-3414-416c-8bb7-edb7fda1d3b4
Chicken (meat),Jordan,Al Mafraq,RETAIL,2019-02-01,2.39,Kg,011ffdda-e76a-492d-a928-8bc9deb471c1
Chicken (meat),Jordan,Amman,RETAIL,2019-02-01,2.79,Kg,485ed91e-8045-499f-8e5a-062b63da8020
Chicken (meat),Jordan,Irbid,RETAIL,2019-02-01,2.68,Kg,91dea856-32b9-4ec5-9028-3ddc4052afad
Chicken (meat),Jordan,National Average,RETAIL,2019-02-01,2.83,Kg,e2aa8dc6-8dad-42cd-b6d8-0f4d312e1019
Chicken (meat),Jordan,Zarqa,RETAIL,2019-02-01,2.61,Kg,d39506fa-2302-4c12-8326-0ae8cfecf13c
Chicken (meat),Libyan Arab Jamahiriya,Algatroun,RETAIL,2019-02-01,8.44,Kg,4b90ba35-06e6-49aa-982a-d9d01b8c1556
Chicken (meat),Libyan Arab Jamahiriya,Alkufra,RETAIL,2019-02-01,6.74,Kg,a12c0b33-3674-4148-9fc8-19f787054c99
Chicken (meat),Libyan Arab Jamahiriya,Benghazi,RETAIL,2019-02-01,4.72,Kg,f530629c-534b-454b-b0cf-9fe19028fcc4
Chicken (meat),Libyan Arab Jamahiriya,Misrata,RETAIL,2019-02-01,6.14,Kg,93404742-2344-4782-b0e9-5e3d8a46a582
Chicken (meat),Libyan Arab Jamahiriya,National Average,RETAIL,2019-02-01,6.05,Kg,ebc9ef56-c9c7-4c9a-af31-be1be6dff1ca
Chicken (meat),Libyan Arab Jamahiriya,Sebha,RETAIL,2019-02-01,5.17,Kg,31676722-fca8-4454-847e-9556c13a9dae
Chicken (meat),Libyan Arab Jamahiriya,Tripoli center,RETAIL,2019-02-01,5.1,Kg,7808e993-e9e2-40c5-88a8-0e7feddee750
Chicken (meat),Syrian Arab Republic,Al-Hasakeh,RETAIL,2019-02-01,2.79,Kg,1da85549-0973-437a-8791-fc2263800fd8
Chicken (meat),Syrian Arab Republic,Dar'a,RETAIL,2019-02-01,2.0,Kg,a89af962-7152-43e5-85ce-945c1e243797
Chicken (meat),Syrian Arab Republic,Deir-ez-Zor,RETAIL,2019-02-01,2.14,Kg,5daf8aea-e065-46a8-9b22-5681fbf40e59
Chicken (meat),Syrian Arab Republic,National Average,RETAIL,2019-02-01,2.52,Kg,7deea02c-1be8-461c-b59d-365d9ba6941f
Chicken (meat),Israel,National Average,RETAIL,2019-03-01,6.43,Kg,7592af4c-3414-416c-8bb7-edb7fda1d3b4
Chicken (meat),Jordan,Al Mafraq,RETAIL,2019-03-01,2.44,Kg,011ffdda-e76a-492d-a928-8bc9deb471c1
Chicken (meat),Jordan,Amman,RETAIL,2019-03-01,2.8,Kg,485ed91e-8045-499f-8e5a-062b63da8020
Chicken (meat),Jordan,Irbid,RETAIL,2019-03-01,2.7,Kg,91dea856-32b9-4ec5-9028-3ddc4052afad
Chicken (meat),Jordan,National Average,RETAIL,2019-03-01,2.87,Kg,e2aa8dc6-8dad-42cd-b6d8-0f4d312e1019
Chicken (meat),Jordan,Zarqa,RETAIL,2019-03-01,2.72,Kg,d39506fa-2302-4c12-8326-0ae8cfecf13c
Chicken (meat),Libyan Arab Jamahiriya,Algatroun,RETAIL,2019-03-01,7.63,Kg,4b90ba35-06e6-49aa-982a-d9d01b8c1556
Chicken (meat),Libyan Arab Jamahiriya,Alkufra,RETAIL,2019-03-01,7.56,Kg,a12c0b33-3674-4148-9fc8-19f787054c99
Chicken (meat),Libyan Arab Jamahiriya,Benghazi,RETAIL,2019-03-01,3.87,Kg,f530629c-534b-454b-b0cf-9fe19028fcc4
Chicken (meat),Libyan Arab Jamahiriya,Misrata,RETAIL,2019-03-01,5.92,Kg,93404742-2344-4782-b0e9-5e3d8a46a582
Chicken (meat),Libyan Arab Jamahiriya,Murzuq,RETAIL,2019-03-01,8.64,Kg,7aaa0e6c-3e7e-4826-b759-39f28be91e32
Chicken (meat),Libyan Arab Jamahiriya,National Average,RETAIL,2019-03-01,6.58,Kg,ebc9ef56-c9c7-4c9a-af31-be1be6dff1ca
Chicken (meat),Libyan Arab Jamahiriya,Sebha,RETAIL,2019-03-01,7.21,Kg,31676722-fca8-4454-847e-9556c13a9dae
Chicken (meat),Libyan Arab Jamahiriya,Tripoli center,RETAIL,2019-03-01,6.52,Kg,7808e993-e9e2-40c5-88a8-0e7feddee750
Chicken (meat),Syrian Arab Republic,Al-Hasakeh,RETAIL,2019-03-01,2.79,Kg,1da85549-0973-437a-8791-fc2263800fd8
Chicken (meat),Syrian Arab Republic,Dar'a,RETAIL,2019-03-01,2.3,Kg,a89af962-7152-43e5-85ce-945c1e243797
Chicken (meat),Syrian Arab Republic,Deir-ez-Zor,RETAIL,2019-03-01,2.14,Kg,5daf8aea-e065-46a8-9b22-5681fbf40e59
Chicken (meat),Syrian Arab Republic,National Average,RETAIL,2019-03-01,2.65,Kg,7deea02c-1be8-461c-b59d-365d9ba6941f
Chicken (meat),Israel,National Average,RETAIL,2019-04-01,6.53,Kg,7592af4c-3414-416c-8bb7-edb7fda1d3b4
Chicken (meat),Jordan,Al Mafraq,RETAIL,2019-04-01,2.58,Kg,011ffdda-e76a-492d-a928-8bc9deb471c1
Chicken (meat),Jordan,Amman,RETAIL,2019-04-01,2.77,Kg,485ed91e-8045-499f-8e5a-062b63da8020
Chicken (meat),Jordan,Irbid,RETAIL,2019-04-01,2.63,Kg,91dea856-32b9-4ec5-9028-3ddc4052afad
Chicken (meat),Jordan,National Average,RETAIL,2019-04-01,2.92,Kg,e2aa8dc6-8dad-42cd-b6d8-0f4d312e1019
Chicken (meat),Jordan,Zarqa,RETAIL,2019-04-01,2.72,Kg,d39506fa-2302-4c12-8326-0ae8cfecf13c
Chicken (meat),Libyan Arab Jamahiriya,Algatroun,RETAIL,2019-04-01,7.96,Kg,4b90ba35-06e6-49aa-982a-d9d01b8c1556
Chicken (meat),Libyan Arab Jamahiriya,Alkufra,RETAIL,2019-04-01,6.7,Kg,a12c0b33-3674-4148-9fc8-19f787054c99
Chicken (meat),Libyan Arab Jamahiriya,Benghazi,RETAIL,2019-04-01,4.17,Kg,f530629c-534b-454b-b0cf-9fe19028fcc4
Chicken (meat),Libyan Arab Jamahiriya,Misrata,RETAIL,2019-04-01,7.62,Kg,93404742-2344-4782-b0e9-5e3d8a46a582
Chicken (meat),Libyan Arab Jamahiriya,Murzuq,RETAIL,2019-04-01,8.62,Kg,7aaa0e6c-3e7e-4826-b759-39f28be91e32
Chicken (meat),Libyan Arab Jamahiriya,National Average,RETAIL,2019-04-01,6.55,Kg,ebc9ef56-c9c7-4c9a-af31-be1be6dff1ca
Chicken (meat),Libyan Arab Jamahiriya,Sebha,RETAIL,2019-04-01,10.14,Kg,31676722-fca8-4454-847e-9556c13a9dae
Chicken (meat),Libyan Arab Jamahiriya,Tripoli center,RETAIL,2019-04-01,6.19,Kg,7808e993-e9e2-40c5-88a8-0e7feddee750
Chicken (meat),Syrian Arab Republic,Al-Hasakeh,RETAIL,2019-04-01,2.79,Kg,1da85549-0973-437a-8791-fc2263800fd8
Chicken (meat),Syrian Arab Republic,Dar'a,RETAIL,2019-04-01,2.18,Kg,a89af962-7152-43e5-85ce-945c1e243797
Chicken (meat),Syrian Arab Republic,Deir-ez-Zor,RETAIL,2019-04-01,2.29,Kg,5daf8aea-e065-46a8-9b22-5681fbf40e59
Chicken (meat),Syrian Arab Republic,National Average,RETAIL,2019-04-01,2.68,Kg,7deea02c-1be8-461c-b59d-365d9ba6941f
Chicken (meat),Israel,National Average,RETAIL,2019-05-01,6.69,Kg,7592af4c-3414-416c-8bb7-edb7fda1d3b4
Chicken (meat),Jordan,Al Mafraq,RETAIL,2019-05-01,2.83,Kg,011ffdda-e76a-492d-a928-8bc9deb471c1
Chicken (meat),Jordan,Amman,RETAIL,2019-05-01,2.99,Kg,485ed91e-8045-499f-8e5a-062b63da8020
Chicken (meat),Jordan,Irbid,RETAIL,2019-05-01,2.83,Kg,91dea856-32b9-4ec5-9028-3ddc4052afad
Chicken (meat),Jordan,National Average,RETAIL,2019-05-01,3.01,Kg,e2aa8dc6-8dad-42cd-b6d8-0f4d312e1019
Chicken (meat),Jordan,Zarqa,RETAIL,2019-05-01,2.79,Kg,d39506fa-2302-4c12-8326-0ae8cfecf13c
Chicken (meat),Libyan Arab Jamahiriya,Algatroun,RETAIL,2019-05-01,8.28,Kg,4b90ba35-06e6-49aa-982a-d9d01b8c1556
Chicken (meat),Libyan Arab Jamahiriya,Alkufra,RETAIL,2019-05-01,7.63,Kg,a12c0b33-3674-4148-9fc8-19f787054c99
Chicken (meat),Libyan Arab Jamahiriya,Benghazi,RETAIL,2019-05-01,5.9,Kg,f530629c-534b-454b-b0cf-9fe19028fcc4
Chicken (meat),Libyan Arab Jamahiriya,Misrata,RETAIL,2019-05-01,5.24,Kg,93404742-2344-4782-b0e9-5e3d8a46a582
Chicken (meat),Libyan Arab Jamahiriya,Murzuq,RETAIL,2019-05-01,8.58,Kg,7aaa0e6c-3e7e-4826-b759-39f28be91e32
Chicken (meat),Libyan Arab Jamahiriya,National Average,RETAIL,2019-05-01,7.23,Kg,ebc9ef56-c9c7-4c9a-af31-be1be6dff1ca
Chicken (meat),Libyan Arab Jamahiriya,Sebha,RETAIL,2019-05-01,8.11,Kg,31676722-fca8-4454-847e-9556c13a9dae
Chicken (meat),Syrian Arab Republic,Al-Hasakeh,RETAIL,2019-05-01,2.98,Kg,1da85549-0973-437a-8791-fc2263800fd8
Chicken (meat),Syrian Arab Republic,Dar'a,RETAIL,2019-05-01,2.18,Kg,a89af962-7152-43e5-85ce-945c1e243797
Chicken (meat),Syrian Arab Republic,Deir-ez-Zor,RETAIL,2019-05-01,2.6,Kg,5daf8aea-e065-46a8-9b22-5681fbf40e59
Chicken (meat),Syrian Arab Republic,National Average,RETAIL,2019-05-01,2.69,Kg,7deea02c-1be8-461c-b59d-365d9ba6941f
Chicken (meat),Israel,National Average,RETAIL,2019-06-01,6.65,Kg,7592af4c-3414-416c-8bb7-edb7fda1d3b4
Chicken (meat),Jordan,Al Mafraq,RETAIL,2019-06-01,2.82,Kg,011ffdda-e76a-492d-a928-8bc9deb471c1
Chicken (meat),Jordan,Amman,RETAIL,2019-06-01,2.94,Kg,485ed91e-8045-499f-8e5a-062b63da8020
Chicken (meat),Jordan,Irbid,RETAIL,2019-06-01,3.21,Kg,91dea856-32b9-4ec5-9028-3ddc4052afad
Chicken (meat),Jordan,National Average,RETAIL,2019-06-01,3.1,Kg,e2aa8dc6-8dad-42cd-b6d8-0f4d312e1019
Chicken (meat),Jordan,Zarqa,RETAIL,2019-06-01,2.93,Kg,d39506fa-2302-4c12-8326-0ae8cfecf13c
Chicken (meat),Libyan Arab Jamahiriya,Algatroun,RETAIL,2019-06-01,8.06,Kg,4b90ba35-06e6-49aa-982a-d9d01b8c1556
Chicken (meat),Libyan Arab Jamahiriya,Alkufra,RETAIL,2019-06-01,7.01,Kg,a12c0b33-3674-4148-9fc8-19f787054c99
Chicken (meat),Libyan Arab Jamahiriya,Benghazi,RETAIL,2019-06-01,4.94,Kg,f530629c-534b-454b-b0cf-9fe19028fcc4
Chicken (meat),Libyan Arab Jamahiriya,Misrata,RETAIL,2019-06-01,5.49,Kg,93404742-2344-4782-b0e9-5e3d8a46a582
Chicken (meat),Libyan Arab Jamahiriya,Murzuq,RETAIL,2019-06-01,9.56,Kg,7aaa0e6c-3e7e-4826-b759-39f28be91e32
Chicken (meat),Libyan Arab Jamahiriya,National Average,RETAIL,2019-06-01,6.76,Kg,ebc9ef56-c9c7-4c9a-af31-be1be6dff1ca
Chicken (meat),Libyan Arab Jamahiriya,Sebha,RETAIL,2019-06-01,7.06,Kg,31676722-fca8-4454-847e-9556c13a9dae
Chicken (meat),Libyan Arab Jamahiriya,Tripoli center,RETAIL,2019-06-01,6.45,Kg,7808e993-e9e2-40c5-88a8-0e7feddee750
Chicken (meat),Syrian Arab Republic,Al-Hasakeh,RETAIL,2019-06-01,2.71,Kg,1da85549-0973-437a-8791-fc2263800fd8
Chicken (meat),Syrian Arab Republic,Dar'a,RETAIL,2019-06-01,2.12,Kg,a89af962-7152-43e5-85ce-945c1e243797
Chicken (meat),Syrian Arab Republic,Deir-ez-Zor,RETAIL,2019-06-01,2.69,Kg,5daf8aea-e065-46a8-9b22-5681fbf40e59
Chicken (meat),Syrian Arab Republic,National Average,RETAIL,2019-06-01,2.59,Kg,7deea02c-1be8-461c-b59d-365d9ba6941f
Chicken (meat),Israel,National Average,RETAIL,2019-07-01,6.71,Kg,7592af4c-3414-416c-8bb7-edb7fda1d3b4
Chicken (meat),Jordan,Al Mafraq,RETAIL,2019-07-01,3.14,Kg,011ffdda-e76a-492d-a928-8bc9deb471c1
Chicken (meat),Jordan,Amman,RETAIL,2019-07-01,3.28,Kg,485ed91e-8045-499f-8e5a-062b63da8020
Chicken (meat),Jordan,Irbid,RETAIL,2019-07-01,3.1,Kg,91dea856-32b9-4ec5-9028-3ddc4052afad
Chicken (meat),Jordan,National Average,RETAIL,2019-07-01,3.24,Kg,e2aa8dc6-8dad-42cd-b6d8-0f4d312e1019
Chicken (meat),Jordan,Zarqa,RETAIL,2019-07-01,3.21,Kg,d39506fa-2302-4c12-8326-0ae8cfecf13c
Chicken (meat),Libyan Arab Jamahiriya,Algatroun,RETAIL,2019-07-01,8.21,Kg,4b90ba35-06e6-49aa-982a-d9d01b8c1556
Chicken (meat),Libyan Arab Jamahiriya,Alkufra,RETAIL,2019-07-01,7.15,Kg,a12c0b33-3674-4148-9fc8-19f787054c99
Chicken (meat),Libyan Arab Jamahiriya,Benghazi,RETAIL,2019-07-01,5.17,Kg,f530629c-534b-454b-b0cf-9fe19028fcc4
Chicken (meat),Libyan Arab Jamahiriya,Misrata,RETAIL,2019-07-01,6.74,Kg,93404742-2344-4782-b0e9-5e3d8a46a582
Chicken (meat),Libyan Arab Jamahiriya,Murzuq,RETAIL,2019-07-01,10.6,Kg,7aaa0e6c-3e7e-4826-b759-39f28be91e32
Chicken (meat),Libyan Arab Jamahiriya,National Average,RETAIL,2019-07-01,7.71,Kg,ebc9ef56-c9c7-4c9a-af31-be1be6dff1ca
Chicken (meat),Libyan Arab Jamahiriya,Sebha,RETAIL,2019-07-01,8.31,Kg,31676722-fca8-4454-847e-9556c13a9dae
Chicken (meat),Syrian Arab Republic,Al-Hasakeh,RETAIL,2019-07-01,2.71,Kg,1da85549-0973-437a-8791-fc2263800fd8
Chicken (meat),Syrian Arab Republic,Dar'a,RETAIL,2019-07-01,1.65,Kg,a89af962-7152-43e5-85ce-945c1e243797
Chicken (meat),Syrian Arab Republic,Deir-ez-Zor,RETAIL,2019-07-01,2.79,Kg,5daf8aea-e065-46a8-9b22-5681fbf40e59
Chicken (meat),Syrian Arab Republic,National Average,RETAIL,2019-07-01,2.45,Kg,7deea02c-1be8-461c-b59d-365d9ba6941f
Chicken (meat),Israel,National Average,RETAIL,2019-08-01,6.75,Kg,7592af4c-3414-416c-8bb7-edb7fda1d3b4
Chicken (meat),Jordan,Al Mafraq,RETAIL,2019-08-01,2.96,Kg,011ffdda-e76a-492d-a928-8bc9deb471c1
Chicken (meat),Jordan,Amman,RETAIL,2019-08-01,3.04,Kg,485ed91e-8045-499f-8e5a-062b63da8020
Chicken (meat),Jordan,Irbid,RETAIL,2019-08-01,2.96,Kg,91dea856-32b9-4ec5-9028-3ddc4052afad
Chicken (meat),Jordan,National Average,RETAIL,2019-08-01,3.11,Kg,e2aa8dc6-8dad-42cd-b6d8-0f4d312e1019
Chicken (meat),Jordan,Zarqa,RETAIL,2019-08-01,3.03,Kg,d39506fa-2302-4c12-8326-0ae8cfecf13c
Chicken (meat),Libyan Arab Jamahiriya,Algatroun,RETAIL,2019-08-01,6.96,Kg,4b90ba35-06e6-49aa-982a-d9d01b8c1556
Chicken (meat),Libyan Arab Jamahiriya,Alkufra,RETAIL,2019-08-01,7.46,Kg,a12c0b33-3674-4148-9fc8-19f787054c99
Chicken (meat),Libyan Arab Jamahiriya,Benghazi,RETAIL,2019-08-01,5.33,Kg,f530629c-534b-454b-b0cf-9fe19028fcc4
Chicken (meat),Libyan Arab Jamahiriya,Misrata,RETAIL,2019-08-01,6.69,Kg,93404742-2344-4782-b0e9-5e3d8a46a582
Chicken (meat),Libyan Arab Jamahiriya,Murzuq,RETAIL,2019-08-01,8.53,Kg,7aaa0e6c-3e7e-4826-b759-39f28be91e32
Chicken (meat),Libyan Arab Jamahiriya,National Average,RETAIL,2019-08-01,6.3,Kg,ebc9ef56-c9c7-4c9a-af31-be1be6dff1ca
Chicken (meat),Libyan Arab Jamahiriya,Sebha,RETAIL,2019-08-01,7.52,Kg,31676722-fca8-4454-847e-9556c13a9dae
Chicken (meat),Syrian Arab Republic,Al-Hasakeh,RETAIL,2019-08-01,2.73,Kg,1da85549-0973-437a-8791-fc2263800fd8
Chicken (meat),Syrian Arab Republic,Dar'a,RETAIL,2019-08-01,1.72,Kg,a89af962-7152-43e5-85ce-945c1e243797
Chicken (meat),Syrian Arab Republic,Deir-ez-Zor,RETAIL,2019-08-01,2.9,Kg,5daf8aea-e065-46a8-9b22-5681fbf40e59
Chicken (meat),Syrian Arab Republic,Duma,RETAIL,2019-08-01,2.23,Kg,d2224364-6418-4cf5-be76-7fa9e9478444
Chicken (meat),Syrian Arab Republic,National Average,RETAIL,2019-08-01,2.53,Kg,7deea02c-1be8-461c-b59d-365d9ba6941f
Chicken (meat),Israel,National Average,RETAIL,2019-09-01,6.67,Kg,7592af4c-3414-416c-8bb7-edb7fda1d3b4
Chicken (meat),Jordan,Al Mafraq,RETAIL,2019-09-01,2.62,Kg,011ffdda-e76a-492d-a928-8bc9deb471c1
Chicken (meat),Jordan,Amman,RETAIL,2019-09-01,2.92,Kg,485ed91e-8045-499f-8e5a-062b63da8020
Chicken (meat),Jordan,Irbid,RETAIL,2019-09-01,2.85,Kg,91dea856-32b9-4ec5-9028-3ddc4052afad
Chicken (meat),Jordan,National Average,RETAIL,2019-09-01,3.01,Kg,e2aa8dc6-8dad-42cd-b6d8-0f4d312e1019
Chicken (meat),Jordan,Zarqa,RETAIL,2019-09-01,3.1,Kg,d39506fa-2302-4c12-8326-0ae8cfecf13c
Chicken (meat),Libyan Arab Jamahiriya,Algatroun,RETAIL,2019-09-01,7.4,Kg,4b90ba35-06e6-49aa-982a-d9d01b8c1556
Chicken (meat),Libyan Arab Jamahiriya,Alkufra,RETAIL,2019-09-01,6.84,Kg,a12c0b33-3674-4148-9fc8-19f787054c99
Chicken (meat),Libyan Arab Jamahiriya,Benghazi,RETAIL,2019-09-01,5.39,Kg,f530629c-534b-454b-b0cf-9fe19028fcc4
Chicken (meat),Libyan Arab Jamahiriya,Misrata,RETAIL,2019-09-01,5.75,Kg,93404742-2344-4782-b0e9-5e3d8a46a582
Chicken (meat),Libyan Arab Jamahiriya,National Average,RETAIL,2019-09-01,6.08,Kg,ebc9ef56-c9c7-4c9a-af31-be1be6dff1ca
Chicken (meat),Libyan Arab Jamahiriya,Sebha,RETAIL,2019-09-01,6.43,Kg,31676722-fca8-4454-847e-9556c13a9dae
Chicken (meat),Libyan Arab Jamahiriya,Tripoli center,RETAIL,2019-09-01,5.31,Kg,7808e993-e9e2-40c5-88a8-0e7feddee750
Chicken (meat),Syrian Arab Republic,Al-Hasakeh,RETAIL,2019-09-01,2.81,Kg,1da85549-0973-437a-8791-fc2263800fd8
Chicken (meat),Syrian Arab Republic,Dar'a,RETAIL,2019-09-01,1.64,Kg,a89af962-7152-43e5-85ce-945c1e243797
Chicken (meat),Syrian Arab Republic,Deir-ez-Zor,RETAIL,2019-09-01,2.96,Kg,5daf8aea-e065-46a8-9b22-5681fbf40e59
Chicken (meat),Syrian Arab Republic,Duma,RETAIL,2019-09-01,2.35,Kg,d2224364-6418-4cf5-be76-7fa9e9478444
Chicken (meat),Syrian Arab Republic,National Average,RETAIL,2019-09-01,2.42,Kg,7deea02c-1be8-461c-b59d-365d9ba6941f
Chicken (meat),Israel,National Average,RETAIL,2019-10-01,6.71,Kg,7592af4c-3414-416c-8bb7-edb7fda1d3b4
Chicken (meat),Jordan,Al Mafraq,RETAIL,2019-10-01,2.55,Kg,011ffdda-e76a-492d-a928-8bc9deb471c1
Chicken (meat),Jordan,Amman,RETAIL,2019-10-01,2.96,Kg,485ed91e-8045-499f-8e5a-062b63da8020
Chicken (meat),Jordan,Irbid,RETAIL,2019-10-01,2.8,Kg,91dea856-32b9-4ec5-9028-3ddc4052afad
Chicken (meat),Jordan,National Average,RETAIL,2019-10-01,2.97,Kg,e2aa8dc6-8dad-42cd-b6d8-0f4d312e1019
Chicken (meat),Jordan,Zarqa,RETAIL,2019-10-01,3.25,Kg,d39506fa-2302-4c12-8326-0ae8cfecf13c
Chicken (meat),Libyan Arab Jamahiriya,Algatroun,RETAIL,2019-10-01,9.28,Kg,4b90ba35-06e6-49aa-982a-d9d01b8c1556
Chicken (meat),Libyan Arab Jamahiriya,Alkufra,RETAIL,2019-10-01,7.1,Kg,a12c0b33-3674-4148-9fc8-19f787054c99
Chicken (meat),Libyan Arab Jamahiriya,Benghazi,RETAIL,2019-10-01,5.13,Kg,f530629c-534b-454b-b0cf-9fe19028fcc4
Chicken (meat),Libyan Arab Jamahiriya,Misrata,RETAIL,2019-10-01,5.39,Kg,93404742-2344-4782-b0e9-5e3d8a46a582
Chicken (meat),Libyan Arab Jamahiriya,Murzuq,RETAIL,2019-10-01,8.99,Kg,7aaa0e6c-3e7e-4826-b759-39f28be91e32
Chicken (meat),Libyan Arab Jamahiriya,National Average,RETAIL,2019-10-01,6.3,Kg,ebc9ef56-c9c7-4c9a-af31-be1be6dff1ca
Chicken (meat),Libyan Arab Jamahiriya,Sebha,RETAIL,2019-10-01,6.1,Kg,31676722-fca8-4454-847e-9556c13a9dae
Chicken (meat),Syrian Arab Republic,Al-Hasakeh,RETAIL,2019-10-01,2.81,Kg,1da85549-0973-437a-8791-fc2263800fd8
Chicken (meat),Syrian Arab Republic,Dar'a,RETAIL,2019-10-01,1.67,Kg,a89af962-7152-43e5-85ce-945c1e243797
Chicken (meat),Syrian Arab Republic,Deir-ez-Zor,RETAIL,2019-10-01,2.9,Kg,5daf8aea-e065-46a8-9b22-5681fbf40e59
Chicken (meat),Syrian Arab Republic,Duma,RETAIL,2019-10-01,2.21,Kg,d2224364-6418-4cf5-be76-7fa9e9478444
Chicken (meat),Syrian Arab Republic,National Average,RETAIL,2019-10-01,2.43,Kg,7deea02c-1be8-461c-b59d-365d9ba6941f
Chicken (meat),Israel,National Average,RETAIL,2019-11-01,6.86,Kg,7592af4c-3414-416c-8bb7-edb7fda1d3b4
Chicken (meat),Jordan,Al Mafraq,RETAIL,2019-11-01,2.55,Kg,011ffdda-e76a-492d-a928-8bc9deb471c1
Chicken (meat),Jordan,Amman,RETAIL,2019-11-01,3.01,Kg,485ed91e-8045-499f-8e5a-062b63da8020
Chicken (meat),Jordan,Irbid,RETAIL,2019-11-01,2.83,Kg,91dea856-32b9-4ec5-9028-3ddc4052afad
Chicken (meat),Jordan,National Average,RETAIL,2019-11-01,2.97,Kg,e2aa8dc6-8dad-42cd-b6d8-0f4d312e1019
Chicken (meat),Jordan,Zarqa,RETAIL,2019-11-01,3.18,Kg,d39506fa-2302-4c12-8326-0ae8cfecf13c
Chicken (meat),Libyan Arab Jamahiriya,Algatroun,RETAIL,2019-11-01,8.45,Kg,4b90ba35-06e6-49aa-982a-d9d01b8c1556
Chicken (meat),Libyan Arab Jamahiriya,Alkufra,RETAIL,2019-11-01,7.59,Kg,a12c0b33-3674-4148-9fc8-19f787054c99
Chicken (meat),Libyan Arab Jamahiriya,Benghazi,RETAIL,2019-11-01,5.41,Kg,f530629c-534b-454b-b0cf-9fe19028fcc4
Chicken (meat),Libyan Arab Jamahiriya,Misrata,RETAIL,2019-11-01,7.16,Kg,93404742-2344-4782-b0e9-5e3d8a46a582
Chicken (meat),Libyan Arab Jamahiriya,National Average,RETAIL,2019-11-01,6.77,Kg,ebc9ef56-c9c7-4c9a-af31-be1be6dff1ca
Chicken (meat),Libyan Arab Jamahiriya,Sebha,RETAIL,2019-11-01,5.9,Kg,31676722-fca8-4454-847e-9556c13a9dae
Chicken (meat),Libyan Arab Jamahiriya,Tripoli center,RETAIL,2019-11-01,8.3,Kg,7808e993-e9e2-40c5-88a8-0e7feddee750
Chicken (meat),Syrian Arab Republic,Al-Hasakeh,RETAIL,2019-11-01,3.04,Kg,1da85549-0973-437a-8791-fc2263800fd8
Chicken (meat),Syrian Arab Republic,Dar'a,RETAIL,2019-11-01,1.67,Kg,a89af962-7152-43e5-85ce-945c1e243797
Chicken (meat),Syrian Arab Republic,Deir-ez-Zor,RETAIL,2019-11-01,3.04,Kg,5daf8aea-e065-46a8-9b22-5681fbf40e59
Chicken (meat),Syrian Arab Republic,Duma,RETAIL,2019-11-01,2.52,Kg,d2224364-6418-4cf5-be76-7fa9e9478444
Chicken (meat),Syrian Arab Republic,National Average,RETAIL,2019-11-01,2.56,Kg,7deea02c-1be8-461c-b59d-365d9ba6941f
Chicken (meat),Israel,National Average,RETAIL,2019-12-01,6.85,Kg,7592af4c-3414-416c-8bb7-edb7fda1d3b4
Chicken (meat),Jordan,Al Mafraq,RETAIL,2019-12-01,2.59,Kg,011ffdda-e76a-492d-a928-8bc9deb471c1
Chicken (meat),Jordan,Amman,RETAIL,2019-12-01,3.08,Kg,485ed91e-8045-499f-8e5a-062b63da8020
Chicken (meat),Jordan,Irbid,RETAIL,2019-12-01,2.85,Kg,91dea856-32b9-4ec5-9028-3ddc4052afad
Chicken (meat),Jordan,National Average,RETAIL,2019-12-01,2.99,Kg,e2aa8dc6-8dad-42cd-b6d8-0f4d312e1019
Chicken (meat),Jordan,Zarqa,RETAIL,2019-12-01,3.11,Kg,d39506fa-2302-4c12-8326-0ae8cfecf13c
Chicken (meat),Libyan Arab Jamahiriya,Algatroun,RETAIL,2019-12-01,7.57,Kg,4b90ba35-06e6-49aa-982a-d9d01b8c1556
Chicken (meat),Libyan Arab Jamahiriya,Alkufra,RETAIL,2019-12-01,7.13,Kg,a12c0b33-3674-4148-9fc8-19f787054c99
Chicken (meat),Libyan Arab Jamahiriya,Benghazi,RETAIL,2019-12-01,5.51,Kg,f530629c-534b-454b-b0cf-9fe19028fcc4
Chicken (meat),Libyan Arab Jamahiriya,Misrata,RETAIL,2019-12-01,5.51,Kg,93404742-2344-4782-b0e9-5e3d8a46a582
Chicken (meat),Libyan Arab Jamahiriya,National Average,RETAIL,2019-12-01,6.47,Kg,ebc9ef56-c9c7-4c9a-af31-be1be6dff1ca
Chicken (meat),Libyan Arab Jamahiriya,Sebha,RETAIL,2019-12-01,7.13,Kg,31676722-fca8-4454-847e-9556c13a9dae
Chicken (meat),Libyan Arab Jamahiriya,Tripoli center,RETAIL,2019-12-01,8.08,Kg,7808e993-e9e2-40c5-88a8-0e7feddee750
Chicken (meat),Syrian Arab Republic,Al-Hasakeh,RETAIL,2019-12-01,3.4,Kg,1da85549-0973-437a-8791-fc2263800fd8
Chicken (meat),Syrian Arab Republic,Dar'a,RETAIL,2019-12-01,2.0,Kg,a89af962-7152-43e5-85ce-945c1e243797
Chicken (meat),Syrian Arab Republic,Deir-ez-Zor,RETAIL,2019-12-01,4.58,Kg,5daf8aea-e065-46a8-9b22-5681fbf40e59
Chicken (meat),Syrian Arab Republic,Duma,RETAIL,2019-12-01,2.75,Kg,d2224364-6418-4cf5-be76-7fa9e9478444
Chicken (meat),Syrian Arab Republic,National Average,RETAIL,2019-12-01,3.01,Kg,7deea02c-1be8-461c-b59d-365d9ba6941f
Chicken (meat),Israel,National Average,RETAIL,2020-01-01,6.89,Kg,7592af4c-3414-416c-8bb7-edb7fda1d3b4
Chicken (meat),Jordan,Al Mafraq,RETAIL,2020-01-01,2.46,Kg,011ffdda-e76a-492d-a928-8bc9deb471c1
Chicken (meat),Jordan,Amman,RETAIL,2020-01-01,2.96,Kg,485ed91e-8045-499f-8e5a-062b63da8020
Chicken (meat),Jordan,Irbid,RETAIL,2020-01-01,2.7,Kg,91dea856-32b9-4ec5-9028-3ddc4052afad
Chicken (meat),Jordan,National Average,RETAIL,2020-01-01,2.94,Kg,e2aa8dc6-8dad-42cd-b6d8-0f4d312e1019
Chicken (meat),Jordan,Zarqa,RETAIL,2020-01-01,3.14,Kg,d39506fa-2302-4c12-8326-0ae8cfecf13c
Chicken (meat),Libyan Arab Jamahiriya,Algatroun,RETAIL,2020-01-01,7.23,Kg,4b90ba35-06e6-49aa-982a-d9d01b8c1556
Chicken (meat),Libyan Arab Jamahiriya,Alkufra,RETAIL,2020-01-01,7.62,Kg,a12c0b33-3674-4148-9fc8-19f787054c99
Chicken (meat),Libyan Arab Jamahiriya,Benghazi,RETAIL,2020-01-01,6.02,Kg,f530629c-534b-454b-b0cf-9fe19028fcc4
Chicken (meat),Libyan Arab Jamahiriya,National Average,RETAIL,2020-01-01,6.11,Kg,ebc9ef56-c9c7-4c9a-af31-be1be6dff1ca
Chicken (meat),Libyan Arab Jamahiriya,Sebha,RETAIL,2020-01-01,7.14,Kg,31676722-fca8-4454-847e-9556c13a9dae
Chicken (meat),Libyan Arab Jamahiriya,Tripoli center,RETAIL,2020-01-01,5.22,Kg,7808e993-e9e2-40c5-88a8-0e7feddee750
Chicken (meat),Syrian Arab Republic,Al-Hasakeh,RETAIL,2020-01-01,3.88,Kg,1da85549-0973-437a-8791-fc2263800fd8
Chicken (meat),Syrian Arab Republic,Dar'a,RETAIL,2020-01-01,2.86,Kg,a89af962-7152-43e5-85ce-945c1e243797
Chicken (meat),Syrian Arab Republic,Deir-ez-Zor,RETAIL,2020-01-01,2.75,Kg,5daf8aea-e065-46a8-9b22-5681fbf40e59
Chicken (meat),Syrian Arab Republic,Duma,RETAIL,2020-01-01,3.32,Kg,d2224364-6418-4cf5-be76-7fa9e9478444
Chicken (meat),Syrian Arab Republic,National Average,RETAIL,2020-01-01,3.46,Kg,7deea02c-1be8-461c-b59d-365d9ba6941f
Chicken (meat),Israel,National Average,RETAIL,2020-02-01,7.08,Kg,7592af4c-3414-416c-8bb7-edb7fda1d3b4
Chicken (meat),Jordan,Al Mafraq,RETAIL,2020-02-01,2.45,Kg,011ffdda-e76a-492d-a928-8bc9deb471c1
Chicken (meat),Jordan,Amman,RETAIL,2020-02-01,3.01,Kg,485ed91e-8045-499f-8e5a-062b63da8020
Chicken (meat),Jordan,Irbid,RETAIL,2020-02-01,2.76,Kg,91dea856-32b9-4ec5-9028-3ddc4052afad
Chicken (meat),Jordan,National Average,RETAIL,2020-02-01,2.96,Kg,e2aa8dc6-8dad-42cd-b6d8-0f4d312e1019
Chicken (meat),Jordan,Zarqa,RETAIL,2020-02-01,3.13,Kg,d39506fa-2302-4c12-8326-0ae8cfecf13c
Chicken (meat),Libyan Arab Jamahiriya,Algatroun,RETAIL,2020-02-01,8.63,Kg,4b90ba35-06e6-49aa-982a-d9d01b8c1556
Chicken (meat),Libyan Arab Jamahiriya,Alkufra,RETAIL,2020-02-01,7.09,Kg,a12c0b33-3674-4148-9fc8-19f787054c99
Chicken (meat),Libyan Arab Jamahiriya,Benghazi,RETAIL,2020-02-01,5.63,Kg,f530629c-534b-454b-b0cf-9fe19028fcc4
Chicken (meat),Libyan Arab Jamahiriya,Misrata,RETAIL,2020-02-01,4.83,Kg,93404742-2344-4782-b0e9-5e3d8a46a582
Chicken (meat),Libyan Arab Jamahiriya,Murzuq,RETAIL,2020-02-01,8.04,Kg,7aaa0e6c-3e7e-4826-b759-39f28be91e32
Chicken (meat),Libyan Arab Jamahiriya,National Average,RETAIL,2020-02-01,6.6,Kg,ebc9ef56-c9c7-4c9a-af31-be1be6dff1ca
Chicken (meat),Libyan Arab Jamahiriya,Sebha,RETAIL,2020-02-01,8.04,Kg,31676722-fca8-4454-847e-9556c13a9dae
Chicken (meat),Libyan Arab Jamahiriya,Tripoli center,RETAIL,2020-02-01,5.01,Kg,7808e993-e9e2-40c5-88a8-0e7feddee750
Chicken (meat),Syrian Arab Republic,Al-Hasakeh,RETAIL,2020-02-01,4.2,Kg,1da85549-0973-437a-8791-fc2263800fd8
Chicken (meat),Syrian Arab Republic,Dar'a,RETAIL,2020-02-01,3.03,Kg,a89af962-7152-43e5-85ce-945c1e243797
Chicken (meat),Syrian Arab Republic,Deir-ez-Zor,RETAIL,2020-02-01,4.01,Kg,5daf8aea-e065-46a8-9b22-5681fbf40e59
Chicken (meat),Syrian Arab Republic,Duma,RETAIL,2020-02-01,3.78,Kg,d2224364-6418-4cf5-be76-7fa9e9478444
Chicken (meat),Syrian Arab Republic,National Average,RETAIL,2020-02-01,3.8,Kg,7deea02c-1be8-461c-b59d-365d9ba6941f
Chicken (meat),Guinea-Bissau,Bissau-Bandim,RETAIL,2020-03-01,8.82,1 unit,3e4bd495-6004-45ef-83e9-c870472ce929
Chicken (meat),Israel,National Average,RETAIL,2020-03-01,6.53,Kg,7592af4c-3414-416c-8bb7-edb7fda1d3b4
Chicken (meat),Jordan,Al Mafraq,RETAIL,2020-03-01,2.61,Kg,011ffdda-e76a-492d-a928-8bc9deb471c1
Chicken (meat),Jordan,Amman,RETAIL,2020-03-01,3.1,Kg,485ed91e-8045-499f-8e5a-062b63da8020
Chicken (meat),Jordan,Irbid,RETAIL,2020-03-01,2.82,Kg,91dea856-32b9-4ec5-9028-3ddc4052afad
Chicken (meat),Jordan,National Average,RETAIL,2020-03-01,3.08,Kg,e2aa8dc6-8dad-42cd-b6d8-0f4d312e1019
Chicken (meat),Jordan,Zarqa,RETAIL,2020-03-01,3.17,Kg,d39506fa-2302-4c12-8326-0ae8cfecf13c
Chicken (meat),Libyan Arab Jamahiriya,Benghazi,RETAIL,2020-03-01,7.09,Kg,f530629c-534b-454b-b0cf-9fe19028fcc4
Chicken (meat),Libyan Arab Jamahiriya,Misrata,RETAIL,2020-03-01,4.79,Kg,93404742-2344-4782-b0e9-5e3d8a46a582
Chicken (meat),Libyan Arab Jamahiriya,National Average,RETAIL,2020-03-01,6.87,Kg,ebc9ef56-c9c7-4c9a-af31-be1be6dff1ca
Chicken (meat),Libyan Arab Jamahiriya,Sebha,RETAIL,2020-03-01,7.57,Kg,31676722-fca8-4454-847e-9556c13a9dae
Chicken (meat),Libyan Arab Jamahiriya,Tripoli center,RETAIL,2020-03-01,6.56,Kg,7808e993-e9e2-40c5-88a8-0e7feddee750
Chicken (meat),Syrian Arab Republic,Al-Hasakeh,RETAIL,2020-03-01,4.05,Kg,1da85549-0973-437a-8791-fc2263800fd8
Chicken (meat),Syrian Arab Republic,Dar'a,RETAIL,2020-03-01,3.24,Kg,a89af962-7152-43e5-85ce-945c1e243797
Chicken (meat),Syrian Arab Republic,Deir-ez-Zor,RETAIL,2020-03-01,3.93,Kg,5daf8aea-e065-46a8-9b22-5681fbf40e59
Chicken (meat),Syrian Arab Republic,Duma,RETAIL,2020-03-01,4.18,Kg,d2224364-6418-4cf5-be76-7fa9e9478444
Chicken (meat),Syrian Arab Republic,National Average,RETAIL,2020-03-01,4.26,Kg,7deea02c-1be8-461c-b59d-365d9ba6941f
Chicken (meat),Guinea-Bissau,Bissau-Bandim,RETAIL,2020-04-01,7.04,1 unit,3e4bd495-6004-45ef-83e9-c870472ce929
Chicken (meat),Israel,National Average,RETAIL,2020-04-01,6.42,Kg,7592af4c-3414-416c-8bb7-edb7fda1d3b4
Chicken (meat),Jordan,Al Mafraq,RETAIL,2020-04-01,2.61,Kg,011ffdda-e76a-492d-a928-8bc9deb471c1
Chicken (meat),Jordan,Amman,RETAIL,2020-04-01,2.96,Kg,485ed91e-8045-499f-8e5a-062b63da8020
Chicken (meat),Jordan,Irbid,RETAIL,2020-04-01,2.82,Kg,91dea856-32b9-4ec5-9028-3ddc4052afad
Chicken (meat),Jordan,National Average,RETAIL,2020-04-01,2.97,Kg,e2aa8dc6-8dad-42cd-b6d8-0f4d312e1019
Chicken (meat),Jordan,Zarqa,RETAIL,2020-04-01,2.96,Kg,d39506fa-2302-4c12-8326-0ae8cfecf13c
Chicken (meat),Libyan Arab Jamahiriya,Algatroun,RETAIL,2020-04-01,8.33,Kg,4b90ba35-06e6-49aa-982a-d9d01b8c1556
Chicken (meat),Libyan Arab Jamahiriya,Alkufra,RETAIL,2020-04-01,7.09,Kg,a12c0b33-3674-4148-9fc8-19f787054c99
Chicken (meat),Libyan Arab Jamahiriya,Benghazi,RETAIL,2020-04-01,7.84,Kg,f530629c-534b-454b-b0cf-9fe19028fcc4
Chicken (meat),Libyan Arab Jamahiriya,Misrata,RETAIL,2020-04-01,11.7,Kg,93404742-2344-4782-b0e9-5e3d8a46a582
Chicken (meat),Libyan Arab Jamahiriya,National Average,RETAIL,2020-04-01,7.94,Kg,ebc9ef56-c9c7-4c9a-af31-be1be6dff1ca
Chicken (meat),Libyan Arab Jamahiriya,Sebha,RETAIL,2020-04-01,2.48,Kg,31676722-fca8-4454-847e-9556c13a9dae
Chicken (meat),Libyan Arab Jamahiriya,Tripoli center,RETAIL,2020-04-01,8.51,Kg,7808e993-e9e2-40c5-88a8-0e7feddee750
Chicken (meat),Syrian Arab Republic,Al-Hasakeh,RETAIL,2020-04-01,3.21,Kg,1da85549-0973-437a-8791-fc2263800fd8
Chicken (meat),Syrian Arab Republic,Dar'a,RETAIL,2020-04-01,2.85,Kg,a89af962-7152-43e5-85ce-945c1e243797
Chicken (meat),Syrian Arab Republic,Deir-ez-Zor,RETAIL,2020-04-01,4.06,Kg,5daf8aea-e065-46a8-9b22-5681fbf40e59
Chicken (meat),Syrian Arab Republic,Duma,RETAIL,2020-04-01,4.68,Kg,d2224364-6418-4cf5-be76-7fa9e9478444
Chicken (meat),Syrian Arab Republic,National Average,RETAIL,2020-04-01,4.42,Kg,7deea02c-1be8-461c-b59d-365d9ba6941f
Chicken (meat),Guinea-Bissau,Bissau-Bandim,RETAIL,2020-05-01,6.09,1 unit,3e4bd495-6004-45ef-83e9-c870472ce929
Chicken (meat),Guinea-Bissau,Bissora,RETAIL,2020-05-01,6.92,1 unit,adfa23e0-b06f-4af6-aecd-002a12f6f3a8
Chicken (meat),Guinea-Bissau,Catio,RETAIL,2020-05-01,6.65,1 unit,363b73b8-0fd2-4d2c-88ad-fd5ae50f3e2b
Chicken (meat),Guinea-Bissau,Gabu,RETAIL,2020-05-01,3.46,1 unit,dbfa3d5a-5dd4-4ec7-990e-98a5143d38cf
Chicken (meat),Guinea-Bissau,National Average,RETAIL,2020-05-01,5.69,1 unit,05824f28-fd3e-4ff2-acd9-2bd2f1be01d1
Chicken (meat),Israel,National Average,RETAIL,2020-05-01,6.57,Kg,7592af4c-3414-416c-8bb7-edb7fda1d3b4
Chicken (meat),Jordan,Al Mafraq,RETAIL,2020-05-01,2.54,Kg,011ffdda-e76a-492d-a928-8bc9deb471c1
Chicken (meat),Jordan,Amman,RETAIL,2020-05-01,2.89,Kg,485ed91e-8045-499f-8e5a-062b63da8020
Chicken (meat),Jordan,Irbid,RETAIL,2020-05-01,2.82,Kg,91dea856-32b9-4ec5-9028-3ddc4052afad
Chicken (meat),Jordan,National Average,RETAIL,2020-05-01,2.89,Kg,e2aa8dc6-8dad-42cd-b6d8-0f4d312e1019
Chicken (meat),Jordan,Zarqa,RETAIL,2020-05-01,2.82,Kg,d39506fa-2302-4c12-8326-0ae8cfecf13c
Chicken (meat),Libyan Arab Jamahiriya,Algatroun,RETAIL,2020-05-01,7.09,Kg,4b90ba35-06e6-49aa-982a-d9d01b8c1556
Chicken (meat),Libyan Arab Jamahiriya,Alkufra,RETAIL,2020-05-01,6.62,Kg,a12c0b33-3674-4148-9fc8-19f787054c99
Chicken (meat),Libyan Arab Jamahiriya,Benghazi,RETAIL,2020-05-01,8.51,Kg,f530629c-534b-454b-b0cf-9fe19028fcc4
Chicken (meat),Libyan Arab Jamahiriya,Misrata,RETAIL,2020-05-01,10.64,Kg,93404742-2344-4782-b0e9-5e3d8a46a582
Chicken (meat),Libyan Arab Jamahiriya,National Average,RETAIL,2020-05-01,7.7,Kg,ebc9ef56-c9c7-4c9a-af31-be1be6dff1ca
Chicken (meat),Libyan Arab Jamahiriya,Sebha,RETAIL,2020-05-01,8.69,Kg,31676722-fca8-4454-847e-9556c13a9dae
Chicken (meat),Libyan Arab Jamahiriya,Tripoli center,RETAIL,2020-05-01,5.32,Kg,7808e993-e9e2-40c5-88a8-0e7feddee750
Chicken (meat),Syrian Arab Republic,Al-Hasakeh,RETAIL,2020-05-01,3.63,Kg,1da85549-0973-437a-8791-fc2263800fd8
Chicken (meat),Syrian Arab Republic,Dar'a,RETAIL,2020-05-01,3.19,Kg,a89af962-7152-43e5-85ce-945c1e243797
Chicken (meat),Syrian Arab Republic,Deir-ez-Zor,RETAIL,2020-05-01,3.71,Kg,5daf8aea-e065-46a8-9b22-5681fbf40e59
Chicken (meat),Syrian Arab Republic,Duma,RETAIL,2020-05-01,4.35,Kg,d2224364-6418-4cf5-be76-7fa9e9478444
Chicken (meat),Syrian Arab Republic,National Average,RETAIL,2020-05-01,4.4,Kg,7deea02c-1be8-461c-b59d-365d9ba6941f
Chicken (meat),Guinea-Bissau,Bissau-Bandim,RETAIL,2020-06-01,10.75,1 unit,3e4bd495-6004-45ef-83e9-c870472ce929
Chicken (meat),Guinea-Bissau,Bissora,RETAIL,2020-06-01,6.86,1 unit,adfa23e0-b06f-4af6-aecd-002a12f6f3a8
Chicken (meat),Guinea-Bissau,Catio,RETAIL,2020-06-01,5.15,1 unit,363b73b8-0fd2-4d2c-88ad-fd5ae50f3e2b
Chicken (meat),Guinea-Bissau,Gabu,RETAIL,2020-06-01,4.0,1 unit,dbfa3d5a-5dd4-4ec7-990e-98a5143d38cf
Chicken (meat),Guinea-Bissau,National Average,RETAIL,2020-06-01,6.15,1 unit,05824f28-fd3e-4ff2-acd9-2bd2f1be01d1
Chicken (meat),Israel,National Average,RETAIL,2020-06-01,6.67,Kg,7592af4c-3414-416c-8bb7-edb7fda1d3b4
Chicken (meat),Jordan,Al Mafraq,RETAIL,2020-06-01,2.54,Kg,011ffdda-e76a-492d-a928-8bc9deb471c1
Chicken (meat),Jordan,Amman,RETAIL,2020-06-01,2.96,Kg,485ed91e-8045-499f-8e5a-062b63da8020
Chicken (meat),Jordan,Irbid,RETAIL,2020-06-01,2.68,Kg,91dea856-32b9-4ec5-9028-3ddc4052afad
Chicken (meat),Jordan,National Average,RETAIL,2020-06-01,2.85,Kg,e2aa8dc6-8dad-42cd-b6d8-0f4d312e1019
Chicken (meat),Jordan,Zarqa,RETAIL,2020-06-01,2.96,Kg,d39506fa-2302-4c12-8326-0ae8cfecf13c
Chicken (meat),Libyan Arab Jamahiriya,Algatroun,RETAIL,2020-06-01,8.51,Kg,4b90ba35-06e6-49aa-982a-d9d01b8c1556
Chicken (meat),Libyan Arab Jamahiriya,Alkufra,RETAIL,2020-06-01,7.57,Kg,a12c0b33-3674-4148-9fc8-19f787054c99
Chicken (meat),Libyan Arab Jamahiriya,Benghazi,RETAIL,2020-06-01,8.51,Kg,f530629c-534b-454b-b0cf-9fe19028fcc4
Chicken (meat),Libyan Arab Jamahiriya,Misrata,RETAIL,2020-06-01,7.8,Kg,93404742-2344-4782-b0e9-5e3d8a46a582
Chicken (meat),Libyan Arab Jamahiriya,National Average,RETAIL,2020-06-01,7.23,Kg,ebc9ef56-c9c7-4c9a-af31-be1be6dff1ca
Chicken (meat),Libyan Arab Jamahiriya,Sebha,RETAIL,2020-06-01,7.09,Kg,31676722-fca8-4454-847e-9556c13a9dae
Chicken (meat),Libyan Arab Jamahiriya,Tripoli center,RETAIL,2020-06-01,6.74,Kg,7808e993-e9e2-40c5-88a8-0e7feddee750
Chicken (meat),Syrian Arab Republic,Al-Hasakeh,RETAIL,2020-06-01,3.27,Kg,1da85549-0973-437a-8791-fc2263800fd8
Chicken (meat),Syrian Arab Republic,Dar'a,RETAIL,2020-06-01,3.05,Kg,a89af962-7152-43e5-85ce-945c1e243797
Chicken (meat),Syrian Arab Republic,Deir-ez-Zor,RETAIL,2020-06-01,3.14,Kg,5daf8aea-e065-46a8-9b22-5681fbf40e59
Chicken (meat),Syrian Arab Republic,Duma,RETAIL,2020-06-01,2.22,Kg,d2224364-6418-4cf5-be76-7fa9e9478444
Chicken (meat),Syrian Arab Republic,National Average,RETAIL,2020-06-01,2.94,Kg,7deea02c-1be8-461c-b59d-365d9ba6941f
Chicken (meat),Guinea-Bissau,Bissora,RETAIL,2020-07-01,5.24,1 unit,adfa23e0-b06f-4af6-aecd-002a12f6f3a8
Chicken (meat),Guinea-Bissau,Catio,RETAIL,2020-07-01,4.46,1 unit,363b73b8-0fd2-4d2c-88ad-fd5ae50f3e2b
Chicken (meat),Guinea-Bissau,Gabu,RETAIL,2020-07-01,10.14,1 unit,dbfa3d5a-5dd4-4ec7-990e-98a5143d38cf
Chicken (meat),Guinea-Bissau,National Average,RETAIL,2020-07-01,7.12,1 unit,05824f28-fd3e-4ff2-acd9-2bd2f1be01d1
Chicken (meat),Israel,National Average,RETAIL,2020-07-01,6.68,Kg,7592af4c-3414-416c-8bb7-edb7fda1d3b4
Chicken (meat),Jordan,Al Mafraq,RETAIL,2020-07-01,2.52,Kg,011ffdda-e76a-492d-a928-8bc9deb471c1
Chicken (meat),Jordan,Amman,RETAIL,2020-07-01,2.96,Kg,485ed91e-8045-499f-8e5a-062b63da8020
Chicken (meat),Jordan,Irbid,RETAIL,2020-07-01,2.76,Kg,91dea856-32b9-4ec5-9028-3ddc4052afad
Chicken (meat),Jordan,National Average,RETAIL,2020-07-01,2.87,Kg,e2aa8dc6-8dad-42cd-b6d8-0f4d312e1019
Chicken (meat),Jordan,Zarqa,RETAIL,2020-07-01,2.89,Kg,d39506fa-2302-4c12-8326-0ae8cfecf13c
Chicken (meat),Libyan Arab Jamahiriya,Algatroun,RETAIL,2020-07-01,7.19,Kg,4b90ba35-06e6-49aa-982a-d9d01b8c1556
Chicken (meat),Libyan Arab Jamahiriya,Alkufra,RETAIL,2020-07-01,8.15,Kg,a12c0b33-3674-4148-9fc8-19f787054c99
Chicken (meat),Libyan Arab Jamahiriya,Benghazi,RETAIL,2020-07-01,7.55,Kg,f530629c-534b-454b-b0cf-9fe19028fcc4
Chicken (meat),Libyan Arab Jamahiriya,Misrata,RETAIL,2020-07-01,8.81,Kg,93404742-2344-4782-b0e9-5e3d8a46a582
Chicken (meat),Libyan Arab Jamahiriya,National Average,RETAIL,2020-07-01,7.58,Kg,ebc9ef56-c9c7-4c9a-af31-be1be6dff1ca
Chicken (meat),Libyan Arab Jamahiriya,Sebha,RETAIL,2020-07-01,8.63,Kg,31676722-fca8-4454-847e-9556c13a9dae
Chicken (meat),Libyan Arab Jamahiriya,Tripoli center,RETAIL,2020-07-01,8.09,Kg,7808e993-e9e2-40c5-88a8-0e7feddee750
Chicken (meat),Syrian Arab Republic,Al-Hasakeh,RETAIL,2020-07-01,2.38,Kg,1da85549-0973-437a-8791-fc2263800fd8
Chicken (meat),Syrian Arab Republic,Dar'a,RETAIL,2020-07-01,2.53,Kg,a89af962-7152-43e5-85ce-945c1e243797
Chicken (meat),Syrian Arab Republic,Deir-ez-Zor,RETAIL,2020-07-01,2.49,Kg,5daf8aea-e065-46a8-9b22-5681fbf40e59
Chicken (meat),Syrian Arab Republic,Duma,RETAIL,2020-07-01,1.71,Kg,d2224364-6418-4cf5-be76-7fa9e9478444
Chicken (meat),Syrian Arab Republic,National Average,RETAIL,2020-07-01,2.33,Kg,7deea02c-1be8-461c-b59d-365d9ba6941f
Chicken (meat),Guinea-Bissau,Bissau-Bandim,RETAIL,2020-08-01,3.68,1 unit,3e4bd495-6004-45ef-83e9-c870472ce929
Chicken (meat),Guinea-Bissau,Bissora,RETAIL,2020-08-01,3.61,1 unit,adfa23e0-b06f-4af6-aecd-002a12f6f3a8
Chicken (meat),Guinea-Bissau,National Average,RETAIL,2020-08-01,4.9,1 unit,05824f28-fd3e-4ff2-acd9-2bd2f1be01d1
Chicken (meat),Israel,National Average,RETAIL,2020-08-01,6.75,Kg,7592af4c-3414-416c-8bb7-edb7fda1d3b4
Chicken (meat),Jordan,Al Mafraq,RETAIL,2020-08-01,2.49,Kg,011ffdda-e76a-492d-a928-8bc9deb471c1
Chicken (meat),Jordan,Amman,RETAIL,2020-08-01,2.86,Kg,485ed91e-8045-499f-8e5a-062b63da8020
Chicken (meat),Jordan,Irbid,RETAIL,2020-08-01,2.62,Kg,91dea856-32b9-4ec5-9028-3ddc4052afad
Chicken (meat),Jordan,National Average,RETAIL,2020-08-01,2.8,Kg,e2aa8dc6-8dad-42cd-b6d8-0f4d312e1019
Chicken (meat),Jordan,Zarqa,RETAIL,2020-08-01,2.83,Kg,d39506fa-2302-4c12-8326-0ae8cfecf13c
Chicken (meat),Libyan Arab Jamahiriya,Algatroun,RETAIL,2020-08-01,7.3,Kg,4b90ba35-06e6-49aa-982a-d9d01b8c1556
Chicken (meat),Libyan Arab Jamahiriya,Alkufra,RETAIL,2020-08-01,7.3,Kg,a12c0b33-3674-4148-9fc8-19f787054c99
Chicken (meat),Libyan Arab Jamahiriya,Benghazi,RETAIL,2020-08-01,8.76,Kg,f530629c-534b-454b-b0cf-9fe19028fcc4
Chicken (meat),Libyan Arab Jamahiriya,Misrata,RETAIL,2020-08-01,7.3,Kg,93404742-2344-4782-b0e9-5e3d8a46a582
Chicken (meat),Libyan Arab Jamahiriya,National Average,RETAIL,2020-08-01,7.1,Kg,ebc9ef56-c9c7-4c9a-af31-be1be6dff1ca
Chicken (meat),Libyan Arab Jamahiriya,Sebha,RETAIL,2020-08-01,7.3,Kg,31676722-fca8-4454-847e-9556c13a9dae
Chicken (meat),Libyan Arab Jamahiriya,Tripoli center,RETAIL,2020-08-01,6.57,Kg,7808e993-e9e2-40c5-88a8-0e7feddee750
Chicken (meat),Syrian Arab Republic,Al-Hasakeh,RETAIL,2020-08-01,2.5,Kg,1da85549-0973-437a-8791-fc2263800fd8
Chicken (meat),Syrian Arab Republic,Dar'a,RETAIL,2020-08-01,3.57,Kg,a89af962-7152-43e5-85ce-945c1e243797
Chicken (meat),Syrian Arab Republic,Deir-ez-Zor,RETAIL,2020-08-01,3.73,Kg,5daf8aea-e065-46a8-9b22-5681fbf40e59
Chicken (meat),Syrian Arab Republic,Duma,RETAIL,2020-08-01,2.59,Kg,d2224364-6418-4cf5-be76-7fa9e9478444
Chicken (meat),Syrian Arab Republic,National Average,RETAIL,2020-08-01,3.41,Kg,7deea02c-1be8-461c-b59d-365d9ba6941f
Chicken (meat),Guinea-Bissau,Bissau-Bandim,RETAIL,2020-09-01,4.97,1 unit,3e4bd495-6004-45ef-83e9-c870472ce929
Chicken (meat),Guinea-Bissau,Catio,RETAIL,2020-09-01,4.34,1 unit,363b73b8-0fd2-4d2c-88ad-fd5ae50f3e2b
Chicken (meat),Guinea-Bissau,Gabu,RETAIL,2020-09-01,3.84,1 unit,dbfa3d5a-5dd4-4ec7-990e-98a5143d38cf
Chicken (meat),Guinea-Bissau,National Average,RETAIL,2020-09-01,5.29,1 unit,05824f28-fd3e-4ff2-acd9-2bd2f1be01d1
Chicken (meat),Israel,National Average,RETAIL,2020-09-01,6.91,Kg,7592af4c-3414-416c-8bb7-edb7fda1d3b4
Chicken (meat),Jordan,Al Mafraq,RETAIL,2020-09-01,2.39,Kg,011ffdda-e76a-492d-a928-8bc9deb471c1
Chicken (meat),Jordan,Amman,RETAIL,2020-09-01,2.76,Kg,485ed91e-8045-499f-8e5a-062b63da8020
Chicken (meat),Jordan,Irbid,RETAIL,2020-09-01,2.69,Kg,91dea856-32b9-4ec5-9028-3ddc4052afad
Chicken (meat),Jordan,National Average,RETAIL,2020-09-01,2.75,Kg,e2aa8dc6-8dad-42cd-b6d8-0f4d312e1019
Chicken (meat),Jordan,Zarqa,RETAIL,2020-09-01,2.87,Kg,d39506fa-2302-4c12-8326-0ae8cfecf13c
Chicken (meat),Libyan Arab Jamahiriya,Algatroun,RETAIL,2020-09-01,7.66,Kg,4b90ba35-06e6-49aa-982a-d9d01b8c1556
Chicken (meat),Libyan Arab Jamahiriya,Alkufra,RETAIL,2020-09-01,7.79,Kg,a12c0b33-3674-4148-9fc8-19f787054c99
Chicken (meat),Libyan Arab Jamahiriya,Benghazi,RETAIL,2020-09-01,8.03,Kg,f530629c-534b-454b-b0cf-9fe19028fcc4
Chicken (meat),Libyan Arab Jamahiriya,Misrata,RETAIL,2020-09-01,6.2,Kg,93404742-2344-4782-b0e9-5e3d8a46a582
Chicken (meat),Libyan Arab Jamahiriya,National Average,RETAIL,2020-09-01,6.99,Kg,ebc9ef56-c9c7-4c9a-af31-be1be6dff1ca
Chicken (meat),Libyan Arab Jamahiriya,Sebha,RETAIL,2020-09-01,7.3,Kg,31676722-fca8-4454-847e-9556c13a9dae
Chicken (meat),Syrian Arab Republic,Al-Hasakeh,RETAIL,2020-09-01,2.05,Kg,1da85549-0973-437a-8791-fc2263800fd8
Chicken (meat),Syrian Arab Republic,Dar'a,RETAIL,2020-09-01,4.09,Kg,a89af962-7152-43e5-85ce-945c1e243797
Chicken (meat),Syrian Arab Republic,Deir-ez-Zor,RETAIL,2020-09-01,3.6,Kg,5daf8aea-e065-46a8-9b22-5681fbf40e59
Chicken (meat),Syrian Arab Republic,Duma,RETAIL,2020-09-01,3.78,Kg,d2224364-6418-4cf5-be76-7fa9e9478444
Chicken (meat),Syrian Arab Republic,National Average,RETAIL,2020-09-01,3.53,Kg,7deea02c-1be8-461c-b59d-365d9ba6941f
Chicken (meat),Guinea-Bissau,Bissau-Bandim,RETAIL,2020-10-01,7.48,1 unit,3e4bd495-6004-45ef-83e9-c870472ce929
Chicken (meat),Guinea-Bissau,Bissora,RETAIL,2020-10-01,5.39,1 unit,adfa23e0-b06f-4af6-aecd-002a12f6f3a8
Chicken (meat),Guinea-Bissau,Catio,RETAIL,2020-10-01,4.75,1 unit,363b73b8-0fd2-4d2c-88ad-fd5ae50f3e2b
Chicken (meat),Guinea-Bissau,Gabu,RETAIL,2020-10-01,4.35,1 unit,dbfa3d5a-5dd4-4ec7-990e-98a5143d38cf
Chicken (meat),Guinea-Bissau,National Average,RETAIL,2020-10-01,5.25,1 unit,05824f28-fd3e-4ff2-acd9-2bd2f1be01d1
Chicken (meat),Israel,National Average,RETAIL,2020-10-01,6.85,Kg,7592af4c-3414-416c-8bb7-edb7fda1d3b4
Chicken (meat),Jordan,Al Mafraq,RETAIL,2020-10-01,2.3,Kg,011ffdda-e76a-492d-a928-8bc9deb471c1
Chicken (meat),Jordan,Amman,RETAIL,2020-10-01,2.77,Kg,485ed91e-8045-499f-8e5a-062b63da8020
Chicken (meat),Jordan,Irbid,RETAIL,2020-10-01,2.48,Kg,91dea856-32b9-4ec5-9028-3ddc4052afad
Chicken (meat),Jordan,National Average,RETAIL,2020-10-01,2.72,Kg,e2aa8dc6-8dad-42cd-b6d8-0f4d312e1019
Chicken (meat),Jordan,Zarqa,RETAIL,2020-10-01,2.82,Kg,d39506fa-2302-4c12-8326-0ae8cfecf13c
Chicken (meat),Libyan Arab Jamahiriya,Algatroun,RETAIL,2020-10-01,6.93,Kg,4b90ba35-06e6-49aa-982a-d9d01b8c1556
Chicken (meat),Libyan Arab Jamahiriya,Alkufra,RETAIL,2020-10-01,7.3,Kg,a12c0b33-3674-4148-9fc8-19f787054c99
Chicken (meat),Libyan Arab Jamahiriya,Benghazi,RETAIL,2020-10-01,8.21,Kg,f530629c-534b-454b-b0cf-9fe19028fcc4
Chicken (meat),Libyan Arab Jamahiriya,Misrata,RETAIL,2020-10-01,6.2,Kg,93404742-2344-4782-b0e9-5e3d8a46a582
Chicken (meat),Libyan Arab Jamahiriya,National Average,RETAIL,2020-10-01,7.2,Kg,ebc9ef56-c9c7-4c9a-af31-be1be6dff1ca
Chicken (meat),Libyan Arab Jamahiriya,Sebha,RETAIL,2020-10-01,7.79,Kg,31676722-fca8-4454-847e-9556c13a9dae
Chicken (meat),Syrian Arab Republic,Al-Hasakeh,RETAIL,2020-10-01,2.05,Kg,1da85549-0973-437a-8791-fc2263800fd8
Chicken (meat),Syrian Arab Republic,Dar'a,RETAIL,2020-10-01,3.94,Kg,a89af962-7152-43e5-85ce-945c1e243797
Chicken (meat),Syrian Arab Republic,Deir-ez-Zor,RETAIL,2020-10-01,3.12,Kg,5daf8aea-e065-46a8-9b22-5681fbf40e59
Chicken (meat),Syrian Arab Republic,Duma,RETAIL,2020-10-01,3.37,Kg,d2224364-6418-4cf5-be76-7fa9e9478444
Chicken (meat),Syrian Arab Republic,National Average,RETAIL,2020-10-01,3.26,Kg,7deea02c-1be8-461c-b59d-365d9ba6941f
Chicken (meat),Guinea-Bissau,Bissau-Bandim,RETAIL,2020-11-01,7.82,1 unit,3e4bd495-6004-45ef-83e9-c870472ce929
Chicken (meat),Guinea-Bissau,Bissora,RETAIL,2020-11-01,6.17,1 unit,adfa23e0-b06f-4af6-aecd-002a12f6f3a8
Chicken (meat),Guinea-Bissau,Catio,RETAIL,2020-11-01,5.72,1 unit,363b73b8-0fd2-4d2c-88ad-fd5ae50f3e2b
Chicken (meat),Guinea-Bissau,Gabu,RETAIL,2020-11-01,6.8,1 unit,dbfa3d5a-5dd4-4ec7-990e-98a5143d38cf
Chicken (meat),Guinea-Bissau,National Average,RETAIL,2020-11-01,5.88,1 unit,05824f28-fd3e-4ff2-acd9-2bd2f1be01d1
Chicken (meat),Indonesia,National Average,RETAIL,2020-11-01,3.12,Kg,6d75df6b-51b5-4050-9395-4792482566a7
Chicken (meat),Israel,National Average,RETAIL,2020-11-01,6.57,Kg,7592af4c-3414-416c-8bb7-edb7fda1d3b4
Chicken (meat),Jordan,Al Mafraq,RETAIL,2020-11-01,2.39,Kg,011ffdda-e76a-492d-a928-8bc9deb471c1
Chicken (meat),Jordan,Amman,RETAIL,2020-11-01,2.79,Kg,485ed91e-8045-499f-8e5a-062b63da8020
Chicken (meat),Jordan,Irbid,RETAIL,2020-11-01,2.54,Kg,91dea856-32b9-4ec5-9028-3ddc4052afad
Chicken (meat),Jordan,National Average,RETAIL,2020-11-01,2.75,Kg,e2aa8dc6-8dad-42cd-b6d8-0f4d312e1019
Chicken (meat),Jordan,Zarqa,RETAIL,2020-11-01,2.86,Kg,d39506fa-2302-4c12-8326-0ae8cfecf13c
Chicken (meat),Libyan Arab Jamahiriya,Algatroun,RETAIL,2020-11-01,8.46,Kg,4b90ba35-06e6-49aa-982a-d9d01b8c1556
Chicken (meat),Libyan Arab Jamahiriya,Alkufra,RETAIL,2020-11-01,7.85,Kg,a12c0b33-3674-4148-9fc8-19f787054c99
Chicken (meat),Libyan Arab Jamahiriya,Benghazi,RETAIL,2020-11-01,8.82,Kg,f530629c-534b-454b-b0cf-9fe19028fcc4
Chicken (meat),Libyan Arab Jamahiriya,Misrata,RETAIL,2020-11-01,5.88,Kg,93404742-2344-4782-b0e9-5e3d8a46a582
Chicken (meat),Libyan Arab Jamahiriya,National Average,RETAIL,2020-11-01,7.35,Kg,ebc9ef56-c9c7-4c9a-af31-be1be6dff1ca
Chicken (meat),Libyan Arab Jamahiriya,Sebha,RETAIL,2020-11-01,8.33,Kg,31676722-fca8-4454-847e-9556c13a9dae
Chicken (meat),Libyan Arab Jamahiriya,Tripoli center,RETAIL,2020-11-01,7.35,Kg,7808e993-e9e2-40c5-88a8-0e7feddee750
Chicken (meat),Syrian Arab Republic,Al-Hasakeh,RETAIL,2020-11-01,2.2,Kg,1da85549-0973-437a-8791-fc2263800fd8
Chicken (meat),Syrian Arab Republic,Dar'a,RETAIL,2020-11-01,3.88,Kg,a89af962-7152-43e5-85ce-945c1e243797
Chicken (meat),Syrian Arab Republic,Deir-ez-Zor,RETAIL,2020-11-01,3.18,Kg,5daf8aea-e065-46a8-9b22-5681fbf40e59
Chicken (meat),Syrian Arab Republic,Duma,RETAIL,2020-11-01,3.2,Kg,d2224364-6418-4cf5-be76-7fa9e9478444
Chicken (meat),Syrian Arab Republic,National Average,RETAIL,2020-11-01,3.19,Kg,7deea02c-1be8-461c-b59d-365d9ba6941f
Chicken (meat),Guinea-Bissau,Bissau-Bandim,RETAIL,2020-12-01,8.04,1 unit,3e4bd495-6004-45ef-83e9-c870472ce929
Chicken (meat),Guinea-Bissau,Bissora,RETAIL,2020-12-01,6.34,1 unit,adfa23e0-b06f-4af6-aecd-002a12f6f3a8
Chicken (meat),Guinea-Bissau,Catio,RETAIL,2020-12-01,5.88,1 unit,363b73b8-0fd2-4d2c-88ad-fd5ae50f3e2b
Chicken (meat),Guinea-Bissau,Gabu,RETAIL,2020-12-01,6.99,1 unit,dbfa3d5a-5dd4-4ec7-990e-98a5143d38cf
Chicken (meat),Guinea-Bissau,National Average,RETAIL,2020-12-01,6.04,1 unit,05824f28-fd3e-4ff2-acd9-2bd2f1be01d1
Chicken (meat),Indonesia,National Average,RETAIL,2020-12-01,3.2,Kg,6d75df6b-51b5-4050-9395-4792482566a7
Chicken (meat),Israel,National Average,RETAIL,2020-12-01,6.98,Kg,7592af4c-3414-416c-8bb7-edb7fda1d3b4
Chicken (meat),Jordan,Al Mafraq,RETAIL,2020-12-01,2.23,Kg,011ffdda-e76a-492d-a928-8bc9deb471c1
Chicken (meat),Jordan,Amman,RETAIL,2020-12-01,2.79,Kg,485ed91e-8045-499f-8e5a-062b63da8020
Chicken (meat),Jordan,Irbid,RETAIL,2020-12-01,2.54,Kg,91dea856-32b9-4ec5-9028-3ddc4052afad
Chicken (meat),Jordan,National Average,RETAIL,2020-12-01,2.72,Kg,e2aa8dc6-8dad-42cd-b6d8-0f4d312e1019
Chicken (meat),Jordan,Zarqa,RETAIL,2020-12-01,2.94,Kg,d39506fa-2302-4c12-8326-0ae8cfecf13c
Chicken (meat),Libyan Arab Jamahiriya,Algatroun,RETAIL,2020-12-01,7.95,Kg,4b90ba35-06e6-49aa-982a-d9d01b8c1556
Chicken (meat),Libyan Arab Jamahiriya,Alkufra,RETAIL,2020-12-01,7.96,Kg,a12c0b33-3674-4148-9fc8-19f787054c99
Chicken (meat),Libyan Arab Jamahiriya,Benghazi,RETAIL,2020-12-01,8.96,Kg,f530629c-534b-454b-b0cf-9fe19028fcc4
Chicken (meat),Libyan Arab Jamahiriya,Misrata,RETAIL,2020-12-01,5.97,Kg,93404742-2344-4782-b0e9-5e3d8a46a582
Chicken (meat),Libyan Arab Jamahiriya,National Average,RETAIL,2020-12-01,7.69,Kg,ebc9ef56-c9c7-4c9a-af31-be1be6dff1ca
Chicken (meat),Libyan Arab Jamahiriya,Sebha,RETAIL,2020-12-01,8.46,Kg,31676722-fca8-4454-847e-9556c13a9dae
Chicken (meat),Syrian Arab Republic,Al-Hasakeh,RETAIL,2020-12-01,2.78,Kg,1da85549-0973-437a-8791-fc2263800fd8
Chicken (meat),Syrian Arab Republic,Dar'a,RETAIL,2020-12-01,3.76,Kg,a89af962-7152-43e5-85ce-945c1e243797
Chicken (meat),Syrian Arab Republic,Deir-ez-Zor,RETAIL,2020-12-01,3.17,Kg,5daf8aea-e065-46a8-9b22-5681fbf40e59
Chicken (meat),Syrian Arab Republic,Duma,RETAIL,2020-12-01,2.96,Kg,d2224364-6418-4cf5-be76-7fa9e9478444
Chicken (meat),Syrian Arab Republic,National Average,RETAIL,2020-12-01,3.3,Kg,7deea02c-1be8-461c-b59d-365d9ba6941f
Chicken (meat),Algeria,Dakhla,RETAIL,2021-01-01,3.01,Kg,7f495369-cc9e-481f-bb1a-39736b9183ae
Chicken (meat),Algeria,Smara,RETAIL,2021-01-01,2.64,Kg,5f13606d-e899-44be-a6e6-ebed72d5c115
Chicken (meat),Algeria,Tindouf,RETAIL,2021-01-01,2.79,Kg,fac878c0-ca57-45d7-b69e-c503b86e7f30
Chicken (meat),Guinea-Bissau,Bissau-Bandim,RETAIL,2021-01-01,9.9,1 unit,3e4bd495-6004-45ef-83e9-c870472ce929
Chicken (meat),Guinea-Bissau,Bissora,RETAIL,2021-01-01,5.72,1 unit,adfa23e0-b06f-4af6-aecd-002a12f6f3a8
Chicken (meat),Guinea-Bissau,Catio,RETAIL,2021-01-01,5.81,1 unit,363b73b8-0fd2-4d2c-88ad-fd5ae50f3e2b
Chicken (meat),Guinea-Bissau,Gabu,RETAIL,2021-01-01,3.71,1 unit,dbfa3d5a-5dd4-4ec7-990e-98a5143d38cf
Chicken (meat),Guinea-Bissau,National Average,RETAIL,2021-01-01,6.02,1 unit,05824f28-fd3e-4ff2-acd9-2bd2f1be01d1
Chicken (meat),Indonesia,National Average,RETAIL,2021-01-01,3.24,Kg,6d75df6b-51b5-4050-9395-4792482566a7
Chicken (meat),Israel,National Average,RETAIL,2021-01-01,7.26,Kg,7592af4c-3414-416c-8bb7-edb7fda1d3b4
Chicken (meat),Jordan,Al Mafraq,RETAIL,2021-01-01,2.39,Kg,011ffdda-e76a-492d-a928-8bc9deb471c1
Chicken (meat),Jordan,Amman,RETAIL,2021-01-01,2.96,Kg,485ed91e-8045-499f-8e5a-062b63da8020
Chicken (meat),Jordan,Irbid,RETAIL,2021-01-01,2.58,Kg,91dea856-32b9-4ec5-9028-3ddc4052afad
Chicken (meat),Jordan,National Average,RETAIL,2021-01-01,2.79,Kg,e2aa8dc6-8dad-42cd-b6d8-0f4d312e1019
Chicken (meat),Jordan,Zarqa,RETAIL,2021-01-01,3.01,Kg,d39506fa-2302-4c12-8326-0ae8cfecf13c
Chicken (meat),Libyan Arab Jamahiriya,Algatroun,RETAIL,2021-01-01,2.24,Kg,4b90ba35-06e6-49aa-982a-d9d01b8c1556
Chicken (meat),Libyan Arab Jamahiriya,Alkufra,RETAIL,2021-01-01,2.39,Kg,a12c0b33-3674-4148-9fc8-19f787054c99
Chicken (meat),Libyan Arab Jamahiriya,Benghazi,RETAIL,2021-01-01,2.69,Kg,f530629c-534b-454b-b0cf-9fe19028fcc4
Chicken (meat),Libyan Arab Jamahiriya,Misrata,RETAIL,2021-01-01,2.02,Kg,93404742-2344-4782-b0e9-5e3d8a46a582
Chicken (meat),Libyan Arab Jamahiriya,National Average,RETAIL,2021-01-01,2.49,Kg,ebc9ef56-c9c7-4c9a-af31-be1be6dff1ca
Chicken (meat),Libyan Arab Jamahiriya,Sebha,RETAIL,2021-01-01,2.69,Kg,31676722-fca8-4454-847e-9556c13a9dae
Chicken (meat),Libyan Arab Jamahiriya,Tripoli center,RETAIL,2021-01-01,2.52,Kg,7808e993-e9e2-40c5-88a8-0e7feddee750
Chicken (meat),Syrian Arab Republic,Al-Hasakeh,RETAIL,2021-01-01,3.13,Kg,1da85549-0973-437a-8791-fc2263800fd8
Chicken (meat),Syrian Arab Republic,Dar'a,RETAIL,2021-01-01,4.63,Kg,a89af962-7152-43e5-85ce-945c1e243797
Chicken (meat),Syrian Arab Republic,Deir-ez-Zor,RETAIL,2021-01-01,4.07,Kg,5daf8aea-e065-46a8-9b22-5681fbf40e59
Chicken (meat),Syrian Arab Republic,Duma,RETAIL,2021-01-01,4.06,Kg,d2224364-6418-4cf5-be76-7fa9e9478444
Chicken (meat),Syrian Arab Republic,National Average,RETAIL,2021-01-01,4.16,Kg,7deea02c-1be8-461c-b59d-365d9ba6941f
Chicken (meat),Guinea-Bissau,Bissau-Bandim,RETAIL,2021-02-01,7.99,1 unit,3e4bd495-6004-45ef-83e9-c870472ce929
Chicken (meat),Guinea-Bissau,Bissora,RETAIL,2021-02-01,5.69,1 unit,adfa23e0-b06f-4af6-aecd-002a12f6f3a8
Chicken (meat),Guinea-Bissau,Catio,RETAIL,2021-02-01,5.63,1 unit,363b73b8-0fd2-4d2c-88ad-fd5ae50f3e2b
Chicken (meat),Guinea-Bissau,Gabu,RETAIL,2021-02-01,3.46,1 unit,dbfa3d5a-5dd4-4ec7-990e-98a5143d38cf
Chicken (meat),Guinea-Bissau,National Average,RETAIL,2021-02-01,5.63,1 unit,05824f28-fd3e-4ff2-acd9-2bd2f1be01d1
Chicken (meat),Indonesia,National Average,RETAIL,2021-02-01,3.19,Kg,6d75df6b-51b5-4050-9395-4792482566a7
Chicken (meat),Israel,National Average,RETAIL,2021-02-01,7.31,Kg,7592af4c-3414-416c-8bb7-edb7fda1d3b4
Chicken (meat),Jordan,Al Mafraq,RETAIL,2021-02-01,2.77,Kg,011ffdda-e76a-492d-a928-8bc9deb471c1
Chicken (meat),Jordan,Amman,RETAIL,2021-02-01,3.1,Kg,485ed91e-8045-499f-8e5a-062b63da8020
Chicken (meat),Jordan,Irbid,RETAIL,2021-02-01,2.85,Kg,91dea856-32b9-4ec5-9028-3ddc4052afad
Chicken (meat),Jordan,National Average,RETAIL,2021-02-01,2.94,Kg,e2aa8dc6-8dad-42cd-b6d8-0f4d312e1019
Chicken (meat),Jordan,Zarqa,RETAIL,2021-02-01,3.23,Kg,d39506fa-2302-4c12-8326-0ae8cfecf13c
Chicken (meat),Libyan Arab Jamahiriya,Algatroun,RETAIL,2021-02-01,2.24,Kg,4b90ba35-06e6-49aa-982a-d9d01b8c1556
Chicken (meat),Libyan Arab Jamahiriya,Alkufra,RETAIL,2021-02-01,2.39,Kg,a12c0b33-3674-4148-9fc8-19f787054c99
Chicken (meat),Libyan Arab Jamahiriya,Benghazi,RETAIL,2021-02-01,2.46,Kg,f530629c-534b-454b-b0cf-9fe19028fcc4
Chicken (meat),Libyan Arab Jamahiriya,Misrata,RETAIL,2021-02-01,2.49,Kg,93404742-2344-4782-b0e9-5e3d8a46a582
Chicken (meat),Libyan Arab Jamahiriya,National Average,RETAIL,2021-02-01,2.47,Kg,ebc9ef56-c9c7-4c9a-af31-be1be6dff1ca
Chicken (meat),Libyan Arab Jamahiriya,Sebha,RETAIL,2021-02-01,2.69,Kg,31676722-fca8-4454-847e-9556c13a9dae
Chicken (meat),Libyan Arab Jamahiriya,Tripoli center,RETAIL,2021-02-01,2.3,Kg,7808e993-e9e2-40c5-88a8-0e7feddee750
Chicken (meat),Syrian Arab Republic,Al-Hasakeh,RETAIL,2021-02-01,4.09,Kg,1da85549-0973-437a-8791-fc2263800fd8
Chicken (meat),Syrian Arab Republic,Dar'a,RETAIL,2021-02-01,5.37,Kg,a89af962-7152-43e5-85ce-945c1e243797
Chicken (meat),Syrian Arab Republic,Deir-ez-Zor,RETAIL,2021-02-01,4.78,Kg,5daf8aea-e065-46a8-9b22-5681fbf40e59
Chicken (meat),Syrian Arab Republic,Duma,RETAIL,2021-02-01,4.52,Kg,d2224364-6418-4cf5-be76-7fa9e9478444
Chicken (meat),Syrian Arab Republic,National Average,RETAIL,2021-02-01,4.56,Kg,7deea02c-1be8-461c-b59d-365d9ba6941f
Chicken (meat),Guinea-Bissau,Bissau-Bandim,RETAIL,2021-03-01,7.26,1 unit,3e4bd495-6004-45ef-83e9-c870472ce929
Chicken (meat),Guinea-Bissau,Bissora,RETAIL,2021-03-01,5.59,1 unit,adfa23e0-b06f-4af6-aecd-002a12f6f3a8
Chicken (meat),Guinea-Bissau,Catio,RETAIL,2021-03-01,5.23,1 unit,363b73b8-0fd2-4d2c-88ad-fd5ae50f3e2b
Chicken (meat),Guinea-Bissau,Gabu,RETAIL,2021-03-01,5.0,1 unit,dbfa3d5a-5dd4-4ec7-990e-98a5143d38cf
Chicken (meat),Guinea-Bissau,National Average,RETAIL,2021-03-01,5.75,1 unit,05824f28-fd3e-4ff2-acd9-2bd2f1be01d1
Chicken (meat),Indonesia,National Average,RETAIL,2021-03-01,3.14,Kg,6d75df6b-51b5-4050-9395-4792482566a7
Chicken (meat),Israel,National Average,RETAIL,2021-03-01,7.01,Kg,7592af4c-3414-416c-8bb7-edb7fda1d3b4
Chicken (meat),Jordan,Al Mafraq,RETAIL,2021-03-01,2.79,Kg,011ffdda-e76a-492d-a928-8bc9deb471c1
Chicken (meat),Jordan,Amman,RETAIL,2021-03-01,3.06,Kg,485ed91e-8045-499f-8e5a-062b63da8020
Chicken (meat),Jordan,Irbid,RETAIL,2021-03-01,2.77,Kg,91dea856-32b9-4ec5-9028-3ddc4052afad
Chicken (meat),Jordan,National Average,RETAIL,2021-03-01,2.96,Kg,e2aa8dc6-8dad-42cd-b6d8-0f4d312e1019
Chicken (meat),Jordan,Zarqa,RETAIL,2021-03-01,3.1,Kg,d39506fa-2302-4c12-8326-0ae8cfecf13c
Chicken (meat),Libyan Arab Jamahiriya,Algatroun,RETAIL,2021-03-01,2.22,Kg,4b90ba35-06e6-49aa-982a-d9d01b8c1556
Chicken (meat),Libyan Arab Jamahiriya,Alkufra,RETAIL,2021-03-01,2.37,Kg,a12c0b33-3674-4148-9fc8-19f787054c99
Chicken (meat),Libyan Arab Jamahiriya,Benghazi,RETAIL,2021-03-01,2.44,Kg,f530629c-534b-454b-b0cf-9fe19028fcc4
Chicken (meat),Libyan Arab Jamahiriya,Misrata,RETAIL,2021-03-01,1.78,Kg,93404742-2344-4782-b0e9-5e3d8a46a582
Chicken (meat),Libyan Arab Jamahiriya,National Average,RETAIL,2021-03-01,2.38,Kg,ebc9ef56-c9c7-4c9a-af31-be1be6dff1ca
Chicken (meat),Libyan Arab Jamahiriya,Sebha,RETAIL,2021-03-01,2.66,Kg,31676722-fca8-4454-847e-9556c13a9dae
Chicken (meat),Libyan Arab Jamahiriya,Tripoli center,RETAIL,2021-03-01,2.16,Kg,7808e993-e9e2-40c5-88a8-0e7feddee750
Chicken (meat),Syrian Arab Republic,Al-Hasakeh,RETAIL,2021-03-01,4.91,Kg,1da85549-0973-437a-8791-fc2263800fd8
Chicken (meat),Syrian Arab Republic,Dar'a,RETAIL,2021-03-01,5.79,Kg,a89af962-7152-43e5-85ce-945c1e243797
Chicken (meat),Syrian Arab Republic,Deir-ez-Zor,RETAIL,2021-03-01,4.65,Kg,5daf8aea-e065-46a8-9b22-5681fbf40e59
Chicken (meat),Syrian Arab Republic,Duma,RETAIL,2021-03-01,4.94,Kg,d2224364-6418-4cf5-be76-7fa9e9478444
Chicken (meat),Syrian Arab Republic,National Average,RETAIL,2021-03-01,4.95,Kg,7deea02c-1be8-461c-b59d-365d9ba6941f
Chicken (meat),Guinea-Bissau,Bissau-Bandim,RETAIL,2021-04-01,7.0,1 unit,3e4bd495-6004-45ef-83e9-c870472ce929
Chicken (meat),Guinea-Bissau,Bissora,RETAIL,2021-04-01,6.09,1 unit,adfa23e0-b06f-4af6-aecd-002a12f6f3a8
Chicken (meat),Guinea-Bissau,Catio,RETAIL,2021-04-01,5.77,1 unit,363b73b8-0fd2-4d2c-88ad-fd5ae50f3e2b
Chicken (meat),Guinea-Bissau,Gabu,RETAIL,2021-04-01,5.07,1 unit,dbfa3d5a-5dd4-4ec7-990e-98a5143d38cf
Chicken (meat),Guinea-Bissau,National Average,RETAIL,2021-04-01,6.1,1 unit,05824f28-fd3e-4ff2-acd9-2bd2f1be01d1
Chicken (meat),Indonesia,National Average,RETAIL,2021-04-01,3.26,Kg,6d75df6b-51b5-4050-9395-4792482566a7
Chicken (meat),Israel,National Average,RETAIL,2021-04-01,7.31,Kg,7592af4c-3414-416c-8bb7-edb7fda1d3b4
Chicken (meat),Jordan,Al Mafraq,RETAIL,2021-04-01,2.87,Kg,011ffdda-e76a-492d-a928-8bc9deb471c1
Chicken (meat),Jordan,Amman,RETAIL,2021-04-01,3.06,Kg,485ed91e-8045-499f-8e5a-062b63da8020
Chicken (meat),Jordan,Irbid,RETAIL,2021-04-01,2.87,Kg,91dea856-32b9-4ec5-9028-3ddc4052afad
Chicken (meat),Jordan,National Average,RETAIL,2021-04-01,2.97,Kg,e2aa8dc6-8dad-42cd-b6d8-0f4d312e1019
Chicken (meat),Jordan,Zarqa,RETAIL,2021-04-01,3.06,Kg,d39506fa-2302-4c12-8326-0ae8cfecf13c
Chicken (meat),Libyan Arab Jamahiriya,Algatroun,RETAIL,2021-04-01,2.05,Kg,4b90ba35-06e6-49aa-982a-d9d01b8c1556
Chicken (meat),Libyan Arab Jamahiriya,Alkufra,RETAIL,2021-04-01,2.37,Kg,a12c0b33-3674-4148-9fc8-19f787054c99
Chicken (meat),Libyan Arab Jamahiriya,Benghazi,RETAIL,2021-04-01,2.67,Kg,f530629c-534b-454b-b0cf-9fe19028fcc4
Chicken (meat),Libyan Arab Jamahiriya,Misrata,RETAIL,2021-04-01,1.78,Kg,93404742-2344-4782-b0e9-5e3d8a46a582
Chicken (meat),Libyan Arab Jamahiriya,National Average,RETAIL,2021-04-01,2.35,Kg,ebc9ef56-c9c7-4c9a-af31-be1be6dff1ca
Chicken (meat),Libyan Arab Jamahiriya,Sebha,RETAIL,2021-04-01,2.52,Kg,31676722-fca8-4454-847e-9556c13a9dae
Chicken (meat),Syrian Arab Republic,Al-Hasakeh,RETAIL,2021-04-01,4.44,Kg,1da85549-0973-437a-8791-fc2263800fd8
Chicken (meat),Syrian Arab Republic,Dar'a,RETAIL,2021-04-01,6.54,Kg,a89af962-7152-43e5-85ce-945c1e243797
Chicken (meat),Syrian Arab Republic,Deir-ez-Zor,RETAIL,2021-04-01,5.11,Kg,5daf8aea-e065-46a8-9b22-5681fbf40e59
Chicken (meat),Syrian Arab Republic,Duma,RETAIL,2021-04-01,5.24,Kg,d2224364-6418-4cf5-be76-7fa9e9478444
Chicken (meat),Syrian Arab Republic,National Average,RETAIL,2021-04-01,5.32,Kg,7deea02c-1be8-461c-b59d-365d9ba6941f
Chicken (meat),Algeria,Dakhla,RETAIL,2021-05-01,3.37,Kg,7f495369-cc9e-481f-bb1a-39736b9183ae
Chicken (meat),Algeria,Smara,RETAIL,2021-05-01,3.0,Kg,5f13606d-e899-44be-a6e6-ebed72d5c115
Chicken (meat),Algeria,Tindouf,RETAIL,2021-05-01,2.85,Kg,fac878c0-ca57-45d7-b69e-c503b86e7f30
Chicken (meat),Guinea-Bissau,Bissau-Bandim,RETAIL,2021-05-01,6.48,1 unit,3e4bd495-6004-45ef-83e9-c870472ce929
Chicken (meat),Guinea-Bissau,Bissora,RETAIL,2021-05-01,6.94,1 unit,adfa23e0-b06f-4af6-aecd-002a12f6f3a8
Chicken (meat),Guinea-Bissau,Catio,RETAIL,2021-05-01,5.83,1 unit,363b73b8-0fd2-4d2c-88ad-fd5ae50f3e2b
Chicken (meat),Guinea-Bissau,Gabu,RETAIL,2021-05-01,5.68,1 unit,dbfa3d5a-5dd4-4ec7-990e-98a5143d38cf
Chicken (meat),Guinea-Bissau,National Average,RETAIL,2021-05-01,5.86,1 unit,05824f28-fd3e-4ff2-acd9-2bd2f1be01d1
Chicken (meat),Indonesia,National Average,RETAIL,2021-05-01,3.4,Kg,6d75df6b-51b5-4050-9395-4792482566a7
Chicken (meat),Israel,National Average,RETAIL,2021-05-01,7.28,Kg,7592af4c-3414-416c-8bb7-edb7fda1d3b4
Chicken (meat),Jordan,Al Mafraq,RETAIL,2021-05-01,2.86,Kg,011ffdda-e76a-492d-a928-8bc9deb471c1
Chicken (meat),Jordan,Amman,RETAIL,2021-05-01,2.92,Kg,485ed91e-8045-499f-8e5a-062b63da8020
Chicken (meat),Jordan,Irbid,RETAIL,2021-05-01,2.85,Kg,91dea856-32b9-4ec5-9028-3ddc4052afad
Chicken (meat),Jordan,National Average,RETAIL,2021-05-01,2.93,Kg,e2aa8dc6-8dad-42cd-b6d8-0f4d312e1019
Chicken (meat),Jordan,Zarqa,RETAIL,2021-05-01,2.85,Kg,d39506fa-2302-4c12-8326-0ae8cfecf13c
Chicken (meat),Libyan Arab Jamahiriya,Algatroun,RETAIL,2021-05-01,2.24,Kg,4b90ba35-06e6-49aa-982a-d9d01b8c1556
Chicken (meat),Libyan Arab Jamahiriya,Alkufra,RETAIL,2021-05-01,2.39,Kg,a12c0b33-3674-4148-9fc8-19f787054c99
Chicken (meat),Libyan Arab Jamahiriya,Benghazi,RETAIL,2021-05-01,2.46,Kg,f530629c-534b-454b-b0cf-9fe19028fcc4
Chicken (meat),Libyan Arab Jamahiriya,Misrata,RETAIL,2021-05-01,1.9,Kg,93404742-2344-4782-b0e9-5e3d8a46a582
Chicken (meat),Libyan Arab Jamahiriya,National Average,RETAIL,2021-05-01,2.29,Kg,ebc9ef56-c9c7-4c9a-af31-be1be6dff1ca
Chicken (meat),Libyan Arab Jamahiriya,Sebha,RETAIL,2021-05-01,2.54,Kg,31676722-fca8-4454-847e-9556c13a9dae
Chicken (meat),Syrian Arab Republic,Al-Hasakeh,RETAIL,2021-05-01,5.04,Kg,1da85549-0973-437a-8791-fc2263800fd8
Chicken (meat),Syrian Arab Republic,Dar'a,RETAIL,2021-05-01,7.35,Kg,a89af962-7152-43e5-85ce-945c1e243797
Chicken (meat),Syrian Arab Republic,Deir-ez-Zor,RETAIL,2021-05-01,6.6,Kg,5daf8aea-e065-46a8-9b22-5681fbf40e59
Chicken (meat),Syrian Arab Republic,Duma,RETAIL,2021-05-01,6.55,Kg,d2224364-6418-4cf5-be76-7fa9e9478444
Chicken (meat),Syrian Arab Republic,National Average,RETAIL,2021-05-01,6.08,Kg,7deea02c-1be8-461c-b59d-365d9ba6941f
Chicken (meat),Guinea-Bissau,Bissau-Bandim,RETAIL,2021-06-01,6.43,1 unit,3e4bd495-6004-45ef-83e9-c870472ce929
Chicken (meat),Guinea-Bissau,Bissora,RETAIL,2021-06-01,6.89,1 unit,adfa23e0-b06f-4af6-aecd-002a12f6f3a8
Chicken (meat),Guinea-Bissau,Catio,RETAIL,2021-06-01,6.3,1 unit,363b73b8-0fd2-4d2c-88ad-fd5ae50f3e2b
Chicken (meat),Guinea-Bissau,Gabu,RETAIL,2021-06-01,6.12,1 unit,dbfa3d5a-5dd4-4ec7-990e-98a5143d38cf
Chicken (meat),Guinea-Bissau,National Average,RETAIL,2021-06-01,6.19,1 unit,05824f28-fd3e-4ff2-acd9-2bd2f1be01d1
Chicken (meat),Indonesia,National Average,RETAIL,2021-06-01,3.24,Kg,6d75df6b-51b5-4050-9395-4792482566a7
Chicken (meat),Israel,National Average,RETAIL,2021-06-01,7.43,Kg,7592af4c-3414-416c-8bb7-edb7fda1d3b4
Chicken (meat),Jordan,Al Mafraq,RETAIL,2021-06-01,3.14,Kg,011ffdda-e76a-492d-a928-8bc9deb471c1
Chicken (meat),Jordan,Amman,RETAIL,2021-06-01,3.18,Kg,485ed91e-8045-499f-8e5a-062b63da8020
Chicken (meat),Jordan,Irbid,RETAIL,2021-06-01,3.14,Kg,91dea856-32b9-4ec5-9028-3ddc4052afad
Chicken (meat),Jordan,National Average,RETAIL,2021-06-01,3.1,Kg,e2aa8dc6-8dad-42cd-b6d8-0f4d312e1019
Chicken (meat),Jordan,Zarqa,RETAIL,2021-06-01,2.96,Kg,d39506fa-2302-4c12-8326-0ae8cfecf13c
Chicken (meat),Libyan Arab Jamahiriya,Algatroun,RETAIL,2021-06-01,2.23,Kg,4b90ba35-06e6-49aa-982a-d9d01b8c1556
Chicken (meat),Libyan Arab Jamahiriya,Alkufra,RETAIL,2021-06-01,2.38,Kg,a12c0b33-3674-4148-9fc8-19f787054c99
Chicken (meat),Libyan Arab Jamahiriya,Benghazi,RETAIL,2021-06-01,2.57,Kg,f530629c-534b-454b-b0cf-9fe19028fcc4
Chicken (meat),Libyan Arab Jamahiriya,Misrata,RETAIL,2021-06-01,1.9,Kg,93404742-2344-4782-b0e9-5e3d8a46a582
Chicken (meat),Libyan Arab Jamahiriya,National Average,RETAIL,2021-06-01,2.39,Kg,ebc9ef56-c9c7-4c9a-af31-be1be6dff1ca
Chicken (meat),Libyan Arab Jamahiriya,Sebha,RETAIL,2021-06-01,2.53,Kg,31676722-fca8-4454-847e-9556c13a9dae
Chicken (meat),Syrian Arab Republic,Al-Hasakeh,RETAIL,2021-06-01,5.1,Kg,1da85549-0973-437a-8791-fc2263800fd8
Chicken (meat),Syrian Arab Republic,Dar'a,RETAIL,2021-06-01,5.57,Kg,a89af962-7152-43e5-85ce-945c1e243797
Chicken (meat),Syrian Arab Republic,Deir-ez-Zor,RETAIL,2021-06-01,6.55,Kg,5daf8aea-e065-46a8-9b22-5681fbf40e59
Chicken (meat),Syrian Arab Republic,Duma,RETAIL,2021-06-01,4.76,Kg,d2224364-6418-4cf5-be76-7fa9e9478444
Chicken (meat),Syrian Arab Republic,National Average,RETAIL,2021-06-01,4.84,Kg,7deea02c-1be8-461c-b59d-365d9ba6941f
Chicken (meat),Guinea-Bissau,Bissau-Bandim,RETAIL,2021-07-01,8.11,1 unit,3e4bd495-6004-45ef-83e9-c870472ce929
Chicken (meat),Guinea-Bissau,Bissora,RETAIL,2021-07-01,6.31,1 unit,adfa23e0-b06f-4af6-aecd-002a12f6f3a8
Chicken (meat),Guinea-Bissau,Catio,RETAIL,2021-07-01,5.83,1 unit,363b73b8-0fd2-4d2c-88ad-fd5ae50f3e2b
Chicken (meat),Guinea-Bissau,Gabu,RETAIL,2021-07-01,7.1,1 unit,dbfa3d5a-5dd4-4ec7-990e-98a5143d38cf
Chicken (meat),Guinea-Bissau,National Average,RETAIL,2021-07-01,6.32,1 unit,05824f28-fd3e-4ff2-acd9-2bd2f1be01d1
Chicken (meat),Indonesia,National Average,RETAIL,2021-07-01,3.1,Kg,6d75df6b-51b5-4050-9395-4792482566a7
Chicken (meat),Israel,National Average,RETAIL,2021-07-01,7.37,Kg,7592af4c-3414-416c-8bb7-edb7fda1d3b4
Chicken (meat),Jordan,Al Mafraq,RETAIL,2021-07-01,3.17,Kg,011ffdda-e76a-492d-a928-8bc9deb471c1
Chicken (meat),Jordan,Amman,RETAIL,2021-07-01,3.28,Kg,485ed91e-8045-499f-8e5a-062b63da8020
Chicken (meat),Jordan,Irbid,RETAIL,2021-07-01,3.11,Kg,91dea856-32b9-4ec5-9028-3ddc4052afad
Chicken (meat),Jordan,National Average,RETAIL,2021-07-01,3.18,Kg,e2aa8dc6-8dad-42cd-b6d8-0f4d312e1019
Chicken (meat),Jordan,Zarqa,RETAIL,2021-07-01,3.35,Kg,d39506fa-2302-4c12-8326-0ae8cfecf13c
Chicken (meat),Libyan Arab Jamahiriya,Algatroun,RETAIL,2021-07-01,2.04,Kg,4b90ba35-06e6-49aa-982a-d9d01b8c1556
Chicken (meat),Libyan Arab Jamahiriya,Alkufra,RETAIL,2021-07-01,2.36,Kg,a12c0b33-3674-4148-9fc8-19f787054c99
Chicken (meat),Libyan Arab Jamahiriya,Benghazi,RETAIL,2021-07-01,2.44,Kg,f530629c-534b-454b-b0cf-9fe19028fcc4
Chicken (meat),Libyan Arab Jamahiriya,Misrata,RETAIL,2021-07-01,1.77,Kg,93404742-2344-4782-b0e9-5e3d8a46a582
Chicken (meat),Libyan Arab Jamahiriya,National Average,RETAIL,2021-07-01,2.49,Kg,ebc9ef56-c9c7-4c9a-af31-be1be6dff1ca
Chicken (meat),Libyan Arab Jamahiriya,Sebha,RETAIL,2021-07-01,2.51,Kg,31676722-fca8-4454-847e-9556c13a9dae
Chicken (meat),Syrian Arab Republic,Al-Hasakeh,RETAIL,2021-07-01,5.1,Kg,1da85549-0973-437a-8791-fc2263800fd8
Chicken (meat),Syrian Arab Republic,Dar'a,RETAIL,2021-07-01,5.57,Kg,a89af962-7152-43e5-85ce-945c1e243797
Chicken (meat),Syrian Arab Republic,Deir-ez-Zor,RETAIL,2021-07-01,5.97,Kg,5daf8aea-e065-46a8-9b22-5681fbf40e59
Chicken (meat),Syrian Arab Republic,Duma,RETAIL,2021-07-01,4.64,Kg,d2224364-6418-4cf5-be76-7fa9e9478444
Chicken (meat),Syrian Arab Republic,National Average,RETAIL,2021-07-01,4.61,Kg,7deea02c-1be8-461c-b59d-365d9ba6941f
Chicken (meat),Guinea-Bissau,Bissau-Bandim,RETAIL,2021-08-01,8.38,1 unit,3e4bd495-6004-45ef-83e9-c870472ce929
Chicken (meat),Guinea-Bissau,Bissora,RETAIL,2021-08-01,7.33,1 unit,adfa23e0-b06f-4af6-aecd-002a12f6f3a8
Chicken (meat),Guinea-Bissau,Catio,RETAIL,2021-08-01,6.04,1 unit,363b73b8-0fd2-4d2c-88ad-fd5ae50f3e2b
Chicken (meat),Guinea-Bissau,Gabu,RETAIL,2021-08-01,4.19,1 unit,dbfa3d5a-5dd4-4ec7-990e-98a5143d38cf
Chicken (meat),Guinea-Bissau,National Average,RETAIL,2021-08-01,5.94,1 unit,05824f28-fd3e-4ff2-acd9-2bd2f1be01d1
Chicken (meat),Indonesia,National Average,RETAIL,2021-08-01,3.04,Kg,6d75df6b-51b5-4050-9395-4792482566a7
Chicken (meat),Israel,National Average,RETAIL,2021-08-01,7.27,Kg,7592af4c-3414-416c-8bb7-edb7fda1d3b4
Chicken (meat),Jordan,Al Mafraq,RETAIL,2021-08-01,3.07,Kg,011ffdda-e76a-492d-a928-8bc9deb471c1
Chicken (meat),Jordan,Amman,RETAIL,2021-08-01,3.17,Kg,485ed91e-8045-499f-8e5a-062b63da8020
Chicken (meat),Jordan,Irbid,RETAIL,2021-08-01,3.03,Kg,91dea856-32b9-4ec5-9028-3ddc4052afad
Chicken (meat),Jordan,National Average,RETAIL,2021-08-01,3.11,Kg,e2aa8dc6-8dad-42cd-b6d8-0f4d312e1019
Chicken (meat),Jordan,Zarqa,RETAIL,2021-08-01,3.25,Kg,d39506fa-2302-4c12-8326-0ae8cfecf13c
Chicken (meat),Libyan Arab Jamahiriya,Algatroun,RETAIL,2021-08-01,2.04,Kg,4b90ba35-06e6-49aa-982a-d9d01b8c1556
Chicken (meat),Libyan Arab Jamahiriya,Alkufra,RETAIL,2021-08-01,2.51,Kg,a12c0b33-3674-4148-9fc8-19f787054c99
Chicken (meat),Libyan Arab Jamahiriya,Benghazi,RETAIL,2021-08-01,2.43,Kg,f530629c-534b-454b-b0cf-9fe19028fcc4
Chicken (meat),Libyan Arab Jamahiriya,Misrata,RETAIL,2021-08-01,3.32,Kg,93404742-2344-4782-b0e9-5e3d8a46a582
Chicken (meat),Libyan Arab Jamahiriya,National Average,RETAIL,2021-08-01,2.82,Kg,ebc9ef56-c9c7-4c9a-af31-be1be6dff1ca
Chicken (meat),Libyan Arab Jamahiriya,Sebha,RETAIL,2021-08-01,3.98,Kg,31676722-fca8-4454-847e-9556c13a9dae
Chicken (meat),Syrian Arab Republic,Al-Hasakeh,RETAIL,2021-08-01,4.75,Kg,1da85549-0973-437a-8791-fc2263800fd8
Chicken (meat),Syrian Arab Republic,Dar'a,RETAIL,2021-08-01,6.24,Kg,a89af962-7152-43e5-85ce-945c1e243797
Chicken (meat),Syrian Arab Republic,Deir-ez-Zor,RETAIL,2021-08-01,7.53,Kg,5daf8aea-e065-46a8-9b22-5681fbf40e59
Chicken (meat),Syrian Arab Republic,Duma,RETAIL,2021-08-01,5.52,Kg,d2224364-6418-4cf5-be76-7fa9e9478444
Chicken (meat),Syrian Arab Republic,National Average,RETAIL,2021-08-01,5.18,Kg,7deea02c-1be8-461c-b59d-365d9ba6941f
Chicken (meat),Guinea-Bissau,Bissau-Bandim,RETAIL,2021-09-01,8.67,1 unit,3e4bd495-6004-45ef-83e9-c870472ce929
Chicken (meat),Guinea-Bissau,Bissora,RETAIL,2021-09-01,7.18,1 unit,adfa23e0-b06f-4af6-aecd-002a12f6f3a8
Chicken (meat),Guinea-Bissau,Catio,RETAIL,2021-09-01,5.71,1 unit,363b73b8-0fd2-4d2c-88ad-fd5ae50f3e2b
Chicken (meat),Guinea-Bissau,Gabu,RETAIL,2021-09-01,3.59,1 unit,dbfa3d5a-5dd4-4ec7-990e-98a5143d38cf
Chicken (meat),Guinea-Bissau,National Average,RETAIL,2021-09-01,6.26,1 unit,05824f28-fd3e-4ff2-acd9-2bd2f1be01d1
Chicken (meat),Indonesia,National Average,RETAIL,2021-09-01,3.1,Kg,6d75df6b-51b5-4050-9395-4792482566a7
Chicken (meat),Israel,National Average,RETAIL,2021-09-01,7.5,Kg,7592af4c-3414-416c-8bb7-edb7fda1d3b4
Chicken (meat),Jordan,Al Mafraq,RETAIL,2021-09-01,2.72,Kg,011ffdda-e76a-492d-a928-8bc9deb471c1
Chicken (meat),Jordan,Amman,RETAIL,2021-09-01,3.03,Kg,485ed91e-8045-499f-8e5a-062b63da8020
Chicken (meat),Jordan,Irbid,RETAIL,2021-09-01,3.0,Kg,91dea856-32b9-4ec5-9028-3ddc4052afad
Chicken (meat),Jordan,National Average,RETAIL,2021-09-01,3.01,Kg,e2aa8dc6-8dad-42cd-b6d8-0f4d312e1019
Chicken (meat),Jordan,Zarqa,RETAIL,2021-09-01,3.2,Kg,d39506fa-2302-4c12-8326-0ae8cfecf13c
Chicken (meat),Libyan Arab Jamahiriya,Algatroun,RETAIL,2021-09-01,2.43,Kg,4b90ba35-06e6-49aa-982a-d9d01b8c1556
Chicken (meat),Libyan Arab Jamahiriya,Alkufra,RETAIL,2021-09-01,2.65,Kg,a12c0b33-3674-4148-9fc8-19f787054c99
Chicken (meat),Libyan Arab Jamahiriya,Benghazi,RETAIL,2021-09-01,2.65,Kg,f530629c-534b-454b-b0cf-9fe19028fcc4
Chicken (meat),Libyan Arab Jamahiriya,Misrata,RETAIL,2021-09-01,2.49,Kg,93404742-2344-4782-b0e9-5e3d8a46a582
Chicken (meat),Libyan Arab Jamahiriya,National Average,RETAIL,2021-09-01,2.61,Kg,ebc9ef56-c9c7-4c9a-af31-be1be6dff1ca
Chicken (meat),Libyan Arab Jamahiriya,Sebha,RETAIL,2021-09-01,2.95,Kg,31676722-fca8-4454-847e-9556c13a9dae
Chicken (meat),Syrian Arab Republic,Al-Hasakeh,RETAIL,2021-09-01,5.68,Kg,1da85549-0973-437a-8791-fc2263800fd8
Chicken (meat),Syrian Arab Republic,Dar'a,RETAIL,2021-09-01,7.32,Kg,a89af962-7152-43e5-85ce-945c1e243797
Chicken (meat),Syrian Arab Republic,Deir-ez-Zor,RETAIL,2021-09-01,7.19,Kg,5daf8aea-e065-46a8-9b22-5681fbf40e59
Chicken (meat),Syrian Arab Republic,Duma,RETAIL,2021-09-01,5.46,Kg,d2224364-6418-4cf5-be76-7fa9e9478444
Chicken (meat),Syrian Arab Republic,National Average,RETAIL,2021-09-01,5.96,Kg,7deea02c-1be8-461c-b59d-365d9ba6941f
Chicken (meat),Guinea-Bissau,Bissau-Bandim,RETAIL,2021-10-01,6.49,1 unit,3e4bd495-6004-45ef-83e9-c870472ce929
Chicken (meat),Guinea-Bissau,Bissora,RETAIL,2021-10-01,6.63,1 unit,adfa23e0-b06f-4af6-aecd-002a12f6f3a8
Chicken (meat),Guinea-Bissau,Catio,RETAIL,2021-10-01,4.89,1 unit,363b73b8-0fd2-4d2c-88ad-fd5ae50f3e2b
Chicken (meat),Guinea-Bissau,Gabu,RETAIL,2021-10-01,4.42,1 unit,dbfa3d5a-5dd4-4ec7-990e-98a5143d38cf
Chicken (meat),Guinea-Bissau,National Average,RETAIL,2021-10-01,6.61,1 unit,05824f28-fd3e-4ff2-acd9-2bd2f1be01d1
Chicken (meat),Indonesia,National Average,RETAIL,2021-10-01,3.15,Kg,6d75df6b-51b5-4050-9395-4792482566a7
Chicken (meat),Israel,National Average,RETAIL,2021-10-01,7.43,Kg,7592af4c-3414-416c-8bb7-edb7fda1d3b4
Chicken (meat),Jordan,Al Mafraq,RETAIL,2021-10-01,2.42,Kg,011ffdda-e76a-492d-a928-8bc9deb471c1
Chicken (meat),Jordan,Amman,RETAIL,2021-10-01,2.93,Kg,485ed91e-8045-499f-8e5a-062b63da8020
Chicken (meat),Jordan,Irbid,RETAIL,2021-10-01,2.82,Kg,91dea856-32b9-4ec5-9028-3ddc4052afad
Chicken (meat),Jordan,National Average,RETAIL,2021-10-01,2.92,Kg,e2aa8dc6-8dad-42cd-b6d8-0f4d312e1019
Chicken (meat),Jordan,Zarqa,RETAIL,2021-10-01,3.04,Kg,d39506fa-2302-4c12-8326-0ae8cfecf13c
Chicken (meat),Libyan Arab Jamahiriya,Algatroun,RETAIL,2021-10-01,2.64,Kg,4b90ba35-06e6-49aa-982a-d9d01b8c1556
Chicken (meat),Libyan Arab Jamahiriya,Alkufra,RETAIL,2021-10-01,2.93,Kg,a12c0b33-3674-4148-9fc8-19f787054c99
Chicken (meat),Libyan Arab Jamahiriya,Benghazi,RETAIL,2021-10-01,2.42,Kg,f530629c-534b-454b-b0cf-9fe19028fcc4
Chicken (meat),Libyan Arab Jamahiriya,Misrata,RETAIL,2021-10-01,2.75,Kg,93404742-2344-4782-b0e9-5e3d8a46a582
Chicken (meat),Libyan Arab Jamahiriya,National Average,RETAIL,2021-10-01,2.73,Kg,ebc9ef56-c9c7-4c9a-af31-be1be6dff1ca
Chicken (meat),Libyan Arab Jamahiriya,Sebha,RETAIL,2021-10-01,2.93,Kg,31676722-fca8-4454-847e-9556c13a9dae
Chicken (meat),Syrian Arab Republic,Al-Hasakeh,RETAIL,2021-10-01,5.81,Kg,1da85549-0973-437a-8791-fc2263800fd8
Chicken (meat),Syrian Arab Republic,Dar'a,RETAIL,2021-10-01,6.81,Kg,a89af962-7152-43e5-85ce-945c1e243797
Chicken (meat),Syrian Arab Republic,Deir-ez-Zor,RETAIL,2021-10-01,6.51,Kg,5daf8aea-e065-46a8-9b22-5681fbf40e59
Chicken (meat),Syrian Arab Republic,Duma,RETAIL,2021-10-01,5.21,Kg,d2224364-6418-4cf5-be76-7fa9e9478444
Chicken (meat),Syrian Arab Republic,National Average,RETAIL,2021-10-01,5.75,Kg,7deea02c-1be8-461c-b59d-365d9ba6941f
Chicken (meat),Guinea-Bissau,Bissau-Bandim,RETAIL,2021-11-01,6.96,1 unit,3e4bd495-6004-45ef-83e9-c870472ce929
Chicken (meat),Guinea-Bissau,Bissora,RETAIL,2021-11-01,5.36,1 unit,adfa23e0-b06f-4af6-aecd-002a12f6f3a8
Chicken (meat),Guinea-Bissau,Catio,RETAIL,2021-11-01,5.42,1 unit,363b73b8-0fd2-4d2c-88ad-fd5ae50f3e2b
Chicken (meat),Guinea-Bissau,Gabu,RETAIL,2021-11-01,4.93,1 unit,dbfa3d5a-5dd4-4ec7-990e-98a5143d38cf
Chicken (meat),Guinea-Bissau,National Average,RETAIL,2021-11-01,6.09,1 unit,05824f28-fd3e-4ff2-acd9-2bd2f1be01d1
Chicken (meat),Indonesia,National Average,RETAIL,2021-11-01,3.2,Kg,6d75df6b-51b5-4050-9395-4792482566a7
Chicken (meat),Israel,National Average,RETAIL,2021-11-01,7.82,Kg,7592af4c-3414-416c-8bb7-edb7fda1d3b4
Chicken (meat),Jordan,Al Mafraq,RETAIL,2021-11-01,2.54,Kg,011ffdda-e76a-492d-a928-8bc9deb471c1
Chicken (meat),Jordan,Amman,RETAIL,2021-11-01,2.94,Kg,485ed91e-8045-499f-8e5a-062b63da8020
Chicken (meat),Jordan,Irbid,RETAIL,2021-11-01,2.83,Kg,91dea856-32b9-4ec5-9028-3ddc4052afad
Chicken (meat),Jordan,National Average,RETAIL,2021-11-01,2.96,Kg,e2aa8dc6-8dad-42cd-b6d8-0f4d312e1019
Chicken (meat),Jordan,Zarqa,RETAIL,2021-11-01,3.11,Kg,d39506fa-2302-4c12-8326-0ae8cfecf13c
Chicken (meat),Libyan Arab Jamahiriya,Algatroun,RETAIL,2021-11-01,2.4,Kg,4b90ba35-06e6-49aa-982a-d9d01b8c1556
Chicken (meat),Libyan Arab Jamahiriya,Alkufra,RETAIL,2021-11-01,2.91,Kg,a12c0b33-3674-4148-9fc8-19f787054c99
Chicken (meat),Libyan Arab Jamahiriya,Misrata,RETAIL,2021-11-01,2.73,Kg,93404742-2344-4782-b0e9-5e3d8a46a582
Chicken (meat),Libyan Arab Jamahiriya,National Average,RETAIL,2021-11-01,2.72,Kg,ebc9ef56-c9c7-4c9a-af31-be1be6dff1ca
Chicken (meat),Libyan Arab Jamahiriya,Sebha,RETAIL,2021-11-01,2.91,Kg,31676722-fca8-4454-847e-9556c13a9dae
Chicken (meat),Syrian Arab Republic,Al-Hasakeh,RETAIL,2021-11-01,5.81,Kg,1da85549-0973-437a-8791-fc2263800fd8
Chicken (meat),Syrian Arab Republic,Dar'a,RETAIL,2021-11-01,6.77,Kg,a89af962-7152-43e5-85ce-945c1e243797
Chicken (meat),Syrian Arab Republic,Deir-ez-Zor,RETAIL,2021-11-01,6.68,Kg,5daf8aea-e065-46a8-9b22-5681fbf40e59
Chicken (meat),Syrian Arab Republic,Duma,RETAIL,2021-11-01,5.31,Kg,d2224364-6418-4cf5-be76-7fa9e9478444
Chicken (meat),Syrian Arab Republic,National Average,RETAIL,2021-11-01,5.63,Kg,7deea02c-1be8-461c-b59d-365d9ba6941f
Chicken (meat),Guinea-Bissau,Bissau-Bandim,RETAIL,2021-12-01,6.61,1 unit,3e4bd495-6004-45ef-83e9-c870472ce929
Chicken (meat),Guinea-Bissau,Bissora,RETAIL,2021-12-01,6.46,1 unit,adfa23e0-b06f-4af6-aecd-002a12f6f3a8
Chicken (meat),Guinea-Bissau,Catio,RETAIL,2021-12-01,5.46,1 unit,363b73b8-0fd2-4d2c-88ad-fd5ae50f3e2b
Chicken (meat),Guinea-Bissau,Gabu,RETAIL,2021-12-01,3.45,1 unit,dbfa3d5a-5dd4-4ec7-990e-98a5143d38cf
Chicken (meat),Guinea-Bissau,National Average,RETAIL,2021-12-01,5.85,1 unit,05824f28-fd3e-4ff2-acd9-2bd2f1be01d1
Chicken (meat),Indonesia,National Average,RETAIL,2021-12-01,3.26,Kg,6d75df6b-51b5-4050-9395-4792482566a7
Chicken (meat),Israel,National Average,RETAIL,2021-12-01,7.79,Kg,7592af4c-3414-416c-8bb7-edb7fda1d3b4
Chicken (meat),Jordan,Al Mafraq,RETAIL,2021-12-01,2.92,Kg,011ffdda-e76a-492d-a928-8bc9deb471c1
Chicken (meat),Jordan,Amman,RETAIL,2021-12-01,3.2,Kg,485ed91e-8045-499f-8e5a-062b63da8020
Chicken (meat),Jordan,Irbid,RETAIL,2021-12-01,3.3,Kg,91dea856-32b9-4ec5-9028-3ddc4052afad
Chicken (meat),Jordan,National Average,RETAIL,2021-12-01,3.13,Kg,e2aa8dc6-8dad-42cd-b6d8-0f4d312e1019
Chicken (meat),Jordan,Zarqa,RETAIL,2021-12-01,3.21,Kg,d39506fa-2302-4c12-8326-0ae8cfecf13c
Chicken (meat),Libyan Arab Jamahiriya,Algatroun,RETAIL,2021-12-01,2.83,Kg,4b90ba35-06e6-49aa-982a-d9d01b8c1556
Chicken (meat),Libyan Arab Jamahiriya,Alkufra,RETAIL,2021-12-01,2.9,Kg,a12c0b33-3674-4148-9fc8-19f787054c99
Chicken (meat),Libyan Arab Jamahiriya,Benghazi,RETAIL,2021-12-01,2.39,Kg,f530629c-534b-454b-b0cf-9fe19028fcc4
Chicken (meat),Libyan Arab Jamahiriya,Misrata,RETAIL,2021-12-01,2.5,Kg,93404742-2344-4782-b0e9-5e3d8a46a582
Chicken (meat),Libyan Arab Jamahiriya,National Average,RETAIL,2021-12-01,2.52,Kg,ebc9ef56-c9c7-4c9a-af31-be1be6dff1ca
Chicken (meat),Libyan Arab Jamahiriya,Sebha,RETAIL,2021-12-01,2.9,Kg,31676722-fca8-4454-847e-9556c13a9dae
Chicken (meat),Syrian Arab Republic,Al-Hasakeh,RETAIL,2021-12-01,5.81,Kg,1da85549-0973-437a-8791-fc2263800fd8
Chicken (meat),Syrian Arab Republic,Dar'a,RETAIL,2021-12-01,8.03,Kg,a89af962-7152-43e5-85ce-945c1e243797
Chicken (meat),Syrian Arab Republic,Deir-ez-Zor,RETAIL,2021-12-01,7.18,Kg,5daf8aea-e065-46a8-9b22-5681fbf40e59
Chicken (meat),Syrian Arab Republic,Duma,RETAIL,2021-12-01,7.14,Kg,d2224364-6418-4cf5-be76-7fa9e9478444
Chicken (meat),Syrian Arab Republic,National Average,RETAIL,2021-12-01,6.65,Kg,7deea02c-1be8-461c-b59d-365d9ba6941f
Chicken (meat),Guinea-Bissau,Catio,RETAIL,2022-01-01,5.26,1 unit,363b73b8-0fd2-4d2c-88ad-fd5ae50f3e2b
Chicken (meat),Guinea-Bissau,Gabu,RETAIL,2022-01-01,5.03,1 unit,dbfa3d5a-5dd4-4ec7-990e-98a5143d38cf
Chicken (meat),Guinea-Bissau,National Average,RETAIL,2022-01-01,6.24,1 unit,05824f28-fd3e-4ff2-acd9-2bd2f1be01d1
Chicken (meat),Indonesia,National Average,RETAIL,2022-01-01,3.41,Kg,6d75df6b-51b5-4050-9395-4792482566a7
Chicken (meat),Israel,National Average,RETAIL,2022-01-01,7.82,Kg,7592af4c-3414-416c-8bb7-edb7fda1d3b4
Chicken (meat),Jordan,Al Mafraq,RETAIL,2022-01-01,2.92,Kg,011ffdda-e76a-492d-a928-8bc9deb471c1
Chicken (meat),Jordan,Amman,RETAIL,2022-01-01,3.2,Kg,485ed91e-8045-499f-8e5a-062b63da8020
Chicken (meat),Jordan,Irbid,RETAIL,2022-01-01,3.3,Kg,91dea856-32b9-4ec5-9028-3ddc4052afad
Chicken (meat),Jordan,National Average,RETAIL,2022-01-01,3.13,Kg,e2aa8dc6-8dad-42cd-b6d8-0f4d312e1019
Chicken (meat),Jordan,Zarqa,RETAIL,2022-01-01,3.21,Kg,d39506fa-2302-4c12-8326-0ae8cfecf13c
Chicken (meat),Kazakhstan,Aktau,RETAIL,2022-01-01,2.82,Kg,790dc547-a9e0-41b5-a544-0589b5cc776f
Chicken (meat),Kazakhstan,Almaty,RETAIL,2022-01-01,2.45,Kg,20c64a29-5a56-4f14-adc8-47311ede16ff
Chicken (meat),Kazakhstan,Astana,RETAIL,2022-01-01,2.79,Kg,291bd111-0f2b-458e-ad4b-b7d45769ba46
Chicken (meat),Kazakhstan,Kostanay,RETAIL,2022-01-01,2.45,Kg,7e0198c1-a0fa-429f-894c-17b7c7f3ed81
Chicken (meat),Kazakhstan,National Average,RETAIL,2022-01-01,2.48,Kg,0e786654-5b01-442d-b33d-a82b7643b6bd
Chicken (meat),Kazakhstan,Shymkent,RETAIL,2022-01-01,2.66,Kg,662acf88-7902-421f-a561-8d56e8f048fd
Chicken (meat),Libyan Arab Jamahiriya,Algatroun,RETAIL,2022-01-01,3.16,Kg,4b90ba35-06e6-49aa-982a-d9d01b8c1556
Chicken (meat),Libyan Arab Jamahiriya,Alkufra,RETAIL,2022-01-01,2.32,Kg,a12c0b33-3674-4148-9fc8-19f787054c99
Chicken (meat),Libyan Arab Jamahiriya,Benghazi,RETAIL,2022-01-01,2.4,Kg,f530629c-534b-454b-b0cf-9fe19028fcc4
Chicken (meat),Libyan Arab Jamahiriya,Misrata,RETAIL,2022-01-01,2.12,Kg,93404742-2344-4782-b0e9-5e3d8a46a582
Chicken (meat),Libyan Arab Jamahiriya,Murzuq,RETAIL,2022-01-01,2.07,Kg,7aaa0e6c-3e7e-4826-b759-39f28be91e32
Chicken (meat),Libyan Arab Jamahiriya,National Average,RETAIL,2022-01-01,2.23,Kg,ebc9ef56-c9c7-4c9a-af31-be1be6dff1ca
Chicken (meat),Libyan Arab Jamahiriya,Sebha,RETAIL,2022-01-01,2.61,Kg,31676722-fca8-4454-847e-9556c13a9dae
Chicken (meat),Libyan Arab Jamahiriya,Tripoli center,RETAIL,2022-01-01,1.85,Kg,7808e993-e9e2-40c5-88a8-0e7feddee750
Chicken (meat),Syrian Arab Republic,Al-Hasakeh,RETAIL,2022-01-01,2.91,Kg,1da85549-0973-437a-8791-fc2263800fd8
Chicken (meat),Syrian Arab Republic,Dar'a,RETAIL,2022-01-01,4.68,Kg,a89af962-7152-43e5-85ce-945c1e243797
Chicken (meat),Syrian Arab Republic,Deir-ez-Zor,RETAIL,2022-01-01,4.15,Kg,5daf8aea-e065-46a8-9b22-5681fbf40e59
Chicken (meat),Syrian Arab Republic,Duma,RETAIL,2022-01-01,3.78,Kg,d2224364-6418-4cf5-be76-7fa9e9478444
Chicken (meat),Syrian Arab Republic,National Average,RETAIL,2022-01-01,3.62,Kg,7deea02c-1be8-461c-b59d-365d9ba6941f
Chicken (meat),Guinea-Bissau,Bissora,RETAIL,2022-02-01,5.91,1 unit,adfa23e0-b06f-4af6-aecd-002a12f6f3a8
Chicken (meat),Guinea-Bissau,Catio,RETAIL,2022-02-01,5.88,1 unit,363b73b8-0fd2-4d2c-88ad-fd5ae50f3e2b
Chicken (meat),Guinea-Bissau,Gabu,RETAIL,2022-02-01,3.46,1 unit,dbfa3d5a-5dd4-4ec7-990e-98a5143d38cf
Chicken (meat),Guinea-Bissau,National Average,RETAIL,2022-02-01,5.95,1 unit,05824f28-fd3e-4ff2-acd9-2bd2f1be01d1
Chicken (meat),Indonesia,National Average,RETAIL,2022-02-01,3.27,Kg,6d75df6b-51b5-4050-9395-4792482566a7
Chicken (meat),Israel,National Average,RETAIL,2022-02-01,7.68,Kg,7592af4c-3414-416c-8bb7-edb7fda1d3b4
Chicken (meat),Jordan,Al Mafraq,RETAIL,2022-02-01,2.92,Kg,011ffdda-e76a-492d-a928-8bc9deb471c1
Chicken (meat),Jordan,Amman,RETAIL,2022-02-01,3.2,Kg,485ed91e-8045-499f-8e5a-062b63da8020
Chicken (meat),Jordan,Irbid,RETAIL,2022-02-01,3.3,Kg,91dea856-32b9-4ec5-9028-3ddc4052afad
Chicken (meat),Jordan,National Average,RETAIL,2022-02-01,3.13,Kg,e2aa8dc6-8dad-42cd-b6d8-0f4d312e1019
Chicken (meat),Jordan,Zarqa,RETAIL,2022-02-01,3.21,Kg,d39506fa-2302-4c12-8326-0ae8cfecf13c
Chicken (meat),Kazakhstan,Aktau,RETAIL,2022-02-01,2.93,Kg,790dc547-a9e0-41b5-a544-0589b5cc776f
Chicken (meat),Kazakhstan,Almaty,RETAIL,2022-02-01,2.48,Kg,20c64a29-5a56-4f14-adc8-47311ede16ff
Chicken (meat),Kazakhstan,Astana,RETAIL,2022-02-01,2.85,Kg,291bd111-0f2b-458e-ad4b-b7d45769ba46
Chicken (meat),Kazakhstan,Kostanay,RETAIL,2022-02-01,2.58,Kg,7e0198c1-a0fa-429f-894c-17b7c7f3ed81
Chicken (meat),Kazakhstan,National Average,RETAIL,2022-02-01,2.55,Kg,0e786654-5b01-442d-b33d-a82b7643b6bd
Chicken (meat),Kazakhstan,Shymkent,RETAIL,2022-02-01,2.83,Kg,662acf88-7902-421f-a561-8d56e8f048fd
Chicken (meat),Libyan Arab Jamahiriya,Algatroun,RETAIL,2022-02-01,2.5,Kg,4b90ba35-06e6-49aa-982a-d9d01b8c1556
Chicken (meat),Libyan Arab Jamahiriya,Alkufra,RETAIL,2022-02-01,2.61,Kg,a12c0b33-3674-4148-9fc8-19f787054c99
Chicken (meat),Libyan Arab Jamahiriya,Benghazi,RETAIL,2022-02-01,2.4,Kg,f530629c-534b-454b-b0cf-9fe19028fcc4
Chicken (meat),Libyan Arab Jamahiriya,Misrata,RETAIL,2022-02-01,1.74,Kg,93404742-2344-4782-b0e9-5e3d8a46a582
Chicken (meat),Libyan Arab Jamahiriya,Murzuq,RETAIL,2022-02-01,2.29,Kg,7aaa0e6c-3e7e-4826-b759-39f28be91e32
Chicken (meat),Libyan Arab Jamahiriya,National Average,RETAIL,2022-02-01,2.23,Kg,ebc9ef56-c9c7-4c9a-af31-be1be6dff1ca
Chicken (meat),Libyan Arab Jamahiriya,Sebha,RETAIL,2022-02-01,2.61,Kg,31676722-fca8-4454-847e-9556c13a9dae
Chicken (meat),Libyan Arab Jamahiriya,Tripoli center,RETAIL,2022-02-01,2.4,Kg,7808e993-e9e2-40c5-88a8-0e7feddee750
Chicken (meat),Syrian Arab Republic,Al-Hasakeh,RETAIL,2022-02-01,2.91,Kg,1da85549-0973-437a-8791-fc2263800fd8
Chicken (meat),Syrian Arab Republic,Dar'a,RETAIL,2022-02-01,4.51,Kg,a89af962-7152-43e5-85ce-945c1e243797
Chicken (meat),Syrian Arab Republic,Deir-ez-Zor,RETAIL,2022-02-01,4.12,Kg,5daf8aea-e065-46a8-9b22-5681fbf40e59
Chicken (meat),Syrian Arab Republic,Duma,RETAIL,2022-02-01,3.65,Kg,d2224364-6418-4cf5-be76-7fa9e9478444
Chicken (meat),Syrian Arab Republic,National Average,RETAIL,2022-02-01,3.62,Kg,7deea02c-1be8-461c-b59d-365d9ba6941f
Chicken (meat),Algeria,Awserd,RETAIL,2022-03-01,3.02,Kg,a0a1371f-3e5e-4023-9d06-b4e5afa8b1fa
Chicken (meat),Algeria,Boujdour,RETAIL,2022-03-01,3.51,Kg,b3ae8167-3b88-4df6-bd63-7c3b93379c89
Chicken (meat),Algeria,Dakhla,RETAIL,2022-03-01,3.4,Kg,7f495369-cc9e-481f-bb1a-39736b9183ae
Chicken (meat),Algeria,Laayoun,RETAIL,2022-03-01,3.26,Kg,174f6fcd-897d-435d-9d46-93526f979aa7
Chicken (meat),Algeria,Tindouf,RETAIL,2022-03-01,2.74,Kg,fac878c0-ca57-45d7-b69e-c503b86e7f30
Chicken (meat),Guinea-Bissau,Bissora,RETAIL,2022-03-01,5.6,1 unit,adfa23e0-b06f-4af6-aecd-002a12f6f3a8
Chicken (meat),Guinea-Bissau,Catio,RETAIL,2022-03-01,5.6,1 unit,363b73b8-0fd2-4d2c-88ad-fd5ae50f3e2b
Chicken (meat),Guinea-Bissau,Gabu,RETAIL,2022-03-01,3.92,1 unit,dbfa3d5a-5dd4-4ec7-990e-98a5143d38cf
Chicken (meat),Guinea-Bissau,National Average,RETAIL,2022-03-01,6.03,1 unit,05824f28-fd3e-4ff2-acd9-2bd2f1be01d1
Chicken (meat),Indonesia,National Average,RETAIL,2022-03-01,3.31,Kg,6d75df6b-51b5-4050-9395-4792482566a7
Chicken (meat),Israel,National Average,RETAIL,2022-03-01,7.65,Kg,7592af4c-3414-416c-8bb7-edb7fda1d3b4
Chicken (meat),Jordan,Al Mafraq,RETAIL,2022-03-01,2.89,Kg,011ffdda-e76a-492d-a928-8bc9deb471c1
Chicken (meat),Jordan,Amman,RETAIL,2022-03-01,3.24,Kg,485ed91e-8045-499f-8e5a-062b63da8020
Chicken (meat),Jordan,Irbid,RETAIL,2022-03-01,3.17,Kg,91dea856-32b9-4ec5-9028-3ddc4052afad
Chicken (meat),Jordan,National Average,RETAIL,2022-03-01,3.1,Kg,e2aa8dc6-8dad-42cd-b6d8-0f4d312e1019
Chicken (meat),Jordan,Zarqa,RETAIL,2022-03-01,3.24,Kg,d39506fa-2302-4c12-8326-0ae8cfecf13c
Chicken (meat),Kazakhstan,Aktau,RETAIL,2022-03-01,2.61,Kg,790dc547-a9e0-41b5-a544-0589b5cc776f
Chicken (meat),Kazakhstan,Almaty,RETAIL,2022-03-01,2.26,Kg,20c64a29-5a56-4f14-adc8-47311ede16ff
Chicken (meat),Kazakhstan,Astana,RETAIL,2022-03-01,2.56,Kg,291bd111-0f2b-458e-ad4b-b7d45769ba46
Chicken (meat),Kazakhstan,Kostanay,RETAIL,2022-03-01,2.31,Kg,7e0198c1-a0fa-429f-894c-17b7c7f3ed81
Chicken (meat),Kazakhstan,National Average,RETAIL,2022-03-01,2.31,Kg,0e786654-5b01-442d-b33d-a82b7643b6bd
Chicken (meat),Kazakhstan,Shymkent,RETAIL,2022-03-01,2.51,Kg,662acf88-7902-421f-a561-8d56e8f048fd
Chicken (meat),Libyan Arab Jamahiriya,Algatroun,RETAIL,2022-03-01,2.47,Kg,4b90ba35-06e6-49aa-982a-d9d01b8c1556
Chicken (meat),Libyan Arab Jamahiriya,Alkufra,RETAIL,2022-03-01,2.29,Kg,a12c0b33-3674-4148-9fc8-19f787054c99
Chicken (meat),Libyan Arab Jamahiriya,Benghazi,RETAIL,2022-03-01,2.36,Kg,f530629c-534b-454b-b0cf-9fe19028fcc4
Chicken (meat),Libyan Arab Jamahiriya,Misrata,RETAIL,2022-03-01,2.31,Kg,93404742-2344-4782-b0e9-5e3d8a46a582
Chicken (meat),Libyan Arab Jamahiriya,Murzuq,RETAIL,2022-03-01,2.36,Kg,7aaa0e6c-3e7e-4826-b759-39f28be91e32
Chicken (meat),Libyan Arab Jamahiriya,National Average,RETAIL,2022-03-01,2.45,Kg,ebc9ef56-c9c7-4c9a-af31-be1be6dff1ca
Chicken (meat),Libyan Arab Jamahiriya,Sebha,RETAIL,2022-03-01,2.58,Kg,31676722-fca8-4454-847e-9556c13a9dae
Chicken (meat),Libyan Arab Jamahiriya,Tripoli center,RETAIL,2022-03-01,3.12,Kg,7808e993-e9e2-40c5-88a8-0e7feddee750
Chicken (meat),Syrian Arab Republic,Al-Hasakeh,RETAIL,2022-03-01,3.11,Kg,1da85549-0973-437a-8791-fc2263800fd8
Chicken (meat),Syrian Arab Republic,Dar'a,RETAIL,2022-03-01,4.83,Kg,a89af962-7152-43e5-85ce-945c1e243797
Chicken (meat),Syrian Arab Republic,Deir-ez-Zor,RETAIL,2022-03-01,4.36,Kg,5daf8aea-e065-46a8-9b22-5681fbf40e59
Chicken (meat),Syrian Arab Republic,Duma,RETAIL,2022-03-01,3.91,Kg,d2224364-6418-4cf5-be76-7fa9e9478444
Chicken (meat),Syrian Arab Republic,National Average,RETAIL,2022-03-01,3.81,Kg,7deea02c-1be8-461c-b59d-365d9ba6941f
Chicken (meat),Algeria,Awserd,RETAIL,2022-04-01,3.24,Kg,a0a1371f-3e5e-4023-9d06-b4e5afa8b1fa
Chicken (meat),Algeria,Boujdour,RETAIL,2022-04-01,3.87,Kg,b3ae8167-3b88-4df6-bd63-7c3b93379c89
Chicken (meat),Algeria,Dakhla,RETAIL,2022-04-01,3.73,Kg,7f495369-cc9e-481f-bb1a-39736b9183ae
Chicken (meat),Algeria,Laayoun,RETAIL,2022-04-01,3.2,Kg,174f6fcd-897d-435d-9d46-93526f979aa7
Chicken (meat),Algeria,Smara,RETAIL,2022-04-01,3.2,Kg,5f13606d-e899-44be-a6e6-ebed72d5c115
Chicken (meat),Algeria,Tindouf,RETAIL,2022-04-01,3.62,Kg,fac878c0-ca57-45d7-b69e-c503b86e7f30
Chicken (meat),Guinea-Bissau,Bissora,RETAIL,2022-04-01,7.28,1 unit,adfa23e0-b06f-4af6-aecd-002a12f6f3a8
Chicken (meat),Guinea-Bissau,Catio,RETAIL,2022-04-01,5.5,1 unit,363b73b8-0fd2-4d2c-88ad-fd5ae50f3e2b
Chicken (meat),Guinea-Bissau,Gabu,RETAIL,2022-04-01,4.12,1 unit,dbfa3d5a-5dd4-4ec7-990e-98a5143d38cf
Chicken (meat),Guinea-Bissau,National Average,RETAIL,2022-04-01,6.12,1 unit,05824f28-fd3e-4ff2-acd9-2bd2f1be01d1
Chicken (meat),Indonesia,National Average,RETAIL,2022-04-01,3.51,Kg,6d75df6b-51b5-4050-9395-4792482566a7
Chicken (meat),Israel,National Average,RETAIL,2022-04-01,7.75,Kg,7592af4c-3414-416c-8bb7-edb7fda1d3b4
Chicken (meat),Jordan,Al Mafraq,RETAIL,2022-04-01,2.94,Kg,011ffdda-e76a-492d-a928-8bc9deb471c1
Chicken (meat),Jordan,Amman,RETAIL,2022-04-01,3.11,Kg,485ed91e-8045-499f-8e5a-062b63da8020
Chicken (meat),Jordan,Irbid,RETAIL,2022-04-01,3.13,Kg,91dea856-32b9-4ec5-9028-3ddc4052afad
Chicken (meat),Jordan,National Average,RETAIL,2022-04-01,3.08,Kg,e2aa8dc6-8dad-42cd-b6d8-0f4d312e1019
Chicken (meat),Jordan,Zarqa,RETAIL,2022-04-01,2.92,Kg,d39506fa-2302-4c12-8326-0ae8cfecf13c
Chicken (meat),Kazakhstan,Aktau,RETAIL,2022-04-01,3.27,Kg,790dc547-a9e0-41b5-a544-0589b5cc776f
Chicken (meat),Kazakhstan,Almaty,RETAIL,2022-04-01,2.66,Kg,20c64a29-5a56-4f14-adc8-47311ede16ff
Chicken (meat),Kazakhstan,Astana,RETAIL,2022-04-01,2.97,Kg,291bd111-0f2b-458e-ad4b-b7d45769ba46
Chicken (meat),Kazakhstan,Kostanay,RETAIL,2022-04-01,2.64,Kg,7e0198c1-a0fa-429f-894c-17b7c7f3ed81
Chicken (meat),Kazakhstan,National Average,RETAIL,2022-04-01,2.63,Kg,0e786654-5b01-442d-b33d-a82b7643b6bd
Chicken (meat),Kazakhstan,Shymkent,RETAIL,2022-04-01,2.75,Kg,662acf88-7902-421f-a561-8d56e8f048fd
Chicken (meat),Libyan Arab Jamahiriya,Algatroun,RETAIL,2022-04-01,2.55,Kg,4b90ba35-06e6-49aa-982a-d9d01b8c1556
Chicken (meat),Libyan Arab Jamahiriya,Alkufra,RETAIL,2022-04-01,2.41,Kg,a12c0b33-3674-4148-9fc8-19f787054c99
Chicken (meat),Libyan Arab Jamahiriya,Benghazi,RETAIL,2022-04-01,3.08,Kg,f530629c-534b-454b-b0cf-9fe19028fcc4
Chicken (meat),Libyan Arab Jamahiriya,Misrata,RETAIL,2022-04-01,3.29,Kg,93404742-2344-4782-b0e9-5e3d8a46a582
Chicken (meat),Libyan Arab Jamahiriya,Murzuq,RETAIL,2022-04-01,2.5,Kg,7aaa0e6c-3e7e-4826-b759-39f28be91e32
Chicken (meat),Libyan Arab Jamahiriya,National Average,RETAIL,2022-04-01,2.75,Kg,ebc9ef56-c9c7-4c9a-af31-be1be6dff1ca
Chicken (meat),Libyan Arab Jamahiriya,Sebha,RETAIL,2022-04-01,2.83,Kg,31676722-fca8-4454-847e-9556c13a9dae
Chicken (meat),Libyan Arab Jamahiriya,Tripoli center,RETAIL,2022-04-01,2.76,Kg,7808e993-e9e2-40c5-88a8-0e7feddee750
Chicken (meat),Syrian Arab Republic,Al-Hasakeh,RETAIL,2022-04-01,3.27,Kg,1da85549-0973-437a-8791-fc2263800fd8
Chicken (meat),Syrian Arab Republic,Dar'a,RETAIL,2022-04-01,4.78,Kg,a89af962-7152-43e5-85ce-945c1e243797
Chicken (meat),Syrian Arab Republic,Deir-ez-Zor,RETAIL,2022-04-01,4.98,Kg,5daf8aea-e065-46a8-9b22-5681fbf40e59
Chicken (meat),Syrian Arab Republic,Duma,RETAIL,2022-04-01,4.75,Kg,d2224364-6418-4cf5-be76-7fa9e9478444
Chicken (meat),Syrian Arab Republic,National Average,RETAIL,2022-04-01,4.19,Kg,7deea02c-1be8-461c-b59d-365d9ba6941f
Chicken (meat),Algeria,Boujdour,RETAIL,2022-05-01,3.11,Kg,b3ae8167-3b88-4df6-bd63-7c3b93379c89
Chicken (meat),Algeria,Dakhla,RETAIL,2022-05-01,3.81,Kg,7f495369-cc9e-481f-bb1a-39736b9183ae
Chicken (meat),Algeria,Laayoun,RETAIL,2022-05-01,3.26,Kg,174f6fcd-897d-435d-9d46-93526f979aa7
Chicken (meat),Guinea-Bissau,Bissora,RETAIL,2022-05-01,7.12,1 unit,adfa23e0-b06f-4af6-aecd-002a12f6f3a8
Chicken (meat),Guinea-Bissau,Catio,RETAIL,2022-05-01,5.38,1 unit,363b73b8-0fd2-4d2c-88ad-fd5ae50f3e2b
Chicken (meat),Guinea-Bissau,Gabu,RETAIL,2022-05-01,3.23,1 unit,dbfa3d5a-5dd4-4ec7-990e-98a5143d38cf
Chicken (meat),Guinea-Bissau,National Average,RETAIL,2022-05-01,6.17,1 unit,05824f28-fd3e-4ff2-acd9-2bd2f1be01d1
Chicken (meat),Indonesia,National Average,RETAIL,2022-05-01,3.42,Kg,6d75df6b-51b5-4050-9395-4792482566a7
Chicken (meat),Israel,National Average,RETAIL,2022-05-01,7.45,Kg,7592af4c-3414-416c-8bb7-edb7fda1d3b4
Chicken (meat),Jordan,Al Mafraq,RETAIL,2022-05-01,3.25,Kg,011ffdda-e76a-492d-a928-8bc9deb471c1
Chicken (meat),Jordan,Amman,RETAIL,2022-05-01,3.37,Kg,485ed91e-8045-499f-8e5a-062b63da8020
Chicken (meat),Jordan,Irbid,RETAIL,2022-05-01,3.49,Kg,91dea856-32b9-4ec5-9028-3ddc4052afad
Chicken (meat),Jordan,National Average,RETAIL,2022-05-01,3.2,Kg,e2aa8dc6-8dad-42cd-b6d8-0f4d312e1019
Chicken (meat),Jordan,Zarqa,RETAIL,2022-05-01,3.21,Kg,d39506fa-2302-4c12-8326-0ae8cfecf13c
Chicken (meat),Kazakhstan,Aktau,RETAIL,2022-05-01,3.45,Kg,790dc547-a9e0-41b5-a544-0589b5cc776f
Chicken (meat),Kazakhstan,Almaty,RETAIL,2022-05-01,2.85,Kg,20c64a29-5a56-4f14-adc8-47311ede16ff
Chicken (meat),Kazakhstan,Astana,RETAIL,2022-05-01,3.19,Kg,291bd111-0f2b-458e-ad4b-b7d45769ba46
Chicken (meat),Kazakhstan,Kostanay,RETAIL,2022-05-01,2.8,Kg,7e0198c1-a0fa-429f-894c-17b7c7f3ed81
Chicken (meat),Kazakhstan,National Average,RETAIL,2022-05-01,2.8,Kg,0e786654-5b01-442d-b33d-a82b7643b6bd
Chicken (meat),Kazakhstan,Shymkent,RETAIL,2022-05-01,3.07,Kg,662acf88-7902-421f-a561-8d56e8f048fd
Chicken (meat),Libyan Arab Jamahiriya,Algatroun,RETAIL,2022-05-01,2.71,Kg,4b90ba35-06e6-49aa-982a-d9d01b8c1556
Chicken (meat),Libyan Arab Jamahiriya,Alkufra,RETAIL,2022-05-01,2.23,Kg,a12c0b33-3674-4148-9fc8-19f787054c99
Chicken (meat),Libyan Arab Jamahiriya,Benghazi,RETAIL,2022-05-01,2.51,Kg,f530629c-534b-454b-b0cf-9fe19028fcc4
Chicken (meat),Libyan Arab Jamahiriya,Misrata,RETAIL,2022-05-01,2.79,Kg,93404742-2344-4782-b0e9-5e3d8a46a582
Chicken (meat),Libyan Arab Jamahiriya,Murzuq,RETAIL,2022-05-01,2.71,Kg,7aaa0e6c-3e7e-4826-b759-39f28be91e32
Chicken (meat),Libyan Arab Jamahiriya,National Average,RETAIL,2022-05-01,2.59,Kg,ebc9ef56-c9c7-4c9a-af31-be1be6dff1ca
Chicken (meat),Libyan Arab Jamahiriya,Sebha,RETAIL,2022-05-01,2.78,Kg,31676722-fca8-4454-847e-9556c13a9dae
Chicken (meat),Libyan Arab Jamahiriya,Tripoli center,RETAIL,2022-05-01,2.74,Kg,7808e993-e9e2-40c5-88a8-0e7feddee750
Chicken (meat),Syrian Arab Republic,Al-Hasakeh,RETAIL,2022-05-01,3.59,Kg,1da85549-0973-437a-8791-fc2263800fd8
Chicken (meat),Syrian Arab Republic,Dar'a,RETAIL,2022-05-01,4.75,Kg,a89af962-7152-43e5-85ce-945c1e243797
Chicken (meat),Syrian Arab Republic,Deir-ez-Zor,RETAIL,2022-05-01,4.98,Kg,5daf8aea-e065-46a8-9b22-5681fbf40e59
Chicken (meat),Syrian Arab Republic,Duma,RETAIL,2022-05-01,3.95,Kg,d2224364-6418-4cf5-be76-7fa9e9478444
Chicken (meat),Syrian Arab Republic,National Average,RETAIL,2022-05-01,4.06,Kg,7deea02c-1be8-461c-b59d-365d9ba6941f
Chicken (meat),Türkiye,National Average,RETAIL,2022-05-01,3.94,Kg,62585957-01c7-4756-9fe6-ae3404bed8b7
Chicken (meat),Algeria,Awserd,RETAIL,2022-06-01,3.43,Kg,a0a1371f-3e5e-4023-9d06-b4e5afa8b1fa
Chicken (meat),Algeria,Dakhla,RETAIL,2022-06-01,3.7,Kg,7f495369-cc9e-481f-bb1a-39736b9183ae
Chicken (meat),Algeria,Laayoun,RETAIL,2022-06-01,3.09,Kg,174f6fcd-897d-435d-9d46-93526f979aa7
Chicken (meat),Algeria,National Average,RETAIL,2022-06-01,2.23,Kg,e5634d96-bb72-4e2c-8c87-ff7d7812b82b
Chicken (meat),Algeria,Smara,RETAIL,2022-06-01,3.19,Kg,5f13606d-e899-44be-a6e6-ebed72d5c115
Chicken (meat),Algeria,Tindouf,RETAIL,2022-06-01,2.88,Kg,fac878c0-ca57-45d7-b69e-c503b86e7f30
Chicken (meat),Guinea-Bissau,Bissau-Bandim,RETAIL,2022-06-01,11.01,1 unit,3e4bd495-6004-45ef-83e9-c870472ce929
Chicken (meat),Guinea-Bissau,Bissora,RETAIL,2022-06-01,7.85,1 unit,adfa23e0-b06f-4af6-aecd-002a12f6f3a8
Chicken (meat),Guinea-Bissau,Catio,RETAIL,2022-06-01,5.37,1 unit,363b73b8-0fd2-4d2c-88ad-fd5ae50f3e2b
Chicken (meat),Guinea-Bissau,Gabu,RETAIL,2022-06-01,4.83,1 unit,dbfa3d5a-5dd4-4ec7-990e-98a5143d38cf
Chicken (meat),Guinea-Bissau,National Average,RETAIL,2022-06-01,6.88,1 unit,05824f28-fd3e-4ff2-acd9-2bd2f1be01d1
Chicken (meat),Indonesia,National Average,RETAIL,2022-06-01,3.32,Kg,6d75df6b-51b5-4050-9395-4792482566a7
Chicken (meat),Israel,National Average,RETAIL,2022-06-01,7.46,Kg,7592af4c-3414-416c-8bb7-edb7fda1d3b4
Chicken (meat),Jordan,Al Mafraq,RETAIL,2022-06-01,3.31,Kg,011ffdda-e76a-492d-a928-8bc9deb471c1
Chicken (meat),Jordan,Amman,RETAIL,2022-06-01,3.42,Kg,485ed91e-8045-499f-8e5a-062b63da8020
Chicken (meat),Jordan,Irbid,RETAIL,2022-06-01,3.48,Kg,91dea856-32b9-4ec5-9028-3ddc4052afad
Chicken (meat),Jordan,National Average,RETAIL,2022-06-01,3.27,Kg,e2aa8dc6-8dad-42cd-b6d8-0f4d312e1019
Chicken (meat),Jordan,Zarqa,RETAIL,2022-06-01,3.34,Kg,d39506fa-2302-4c12-8326-0ae8cfecf13c
Chicken (meat),Kazakhstan,Aktau,RETAIL,2022-06-01,3.46,Kg,790dc547-a9e0-41b5-a544-0589b5cc776f
Chicken (meat),Kazakhstan,Almaty,RETAIL,2022-06-01,2.83,Kg,20c64a29-5a56-4f14-adc8-47311ede16ff
Chicken (meat),Kazakhstan,Astana,RETAIL,2022-06-01,3.13,Kg,291bd111-0f2b-458e-ad4b-b7d45769ba46
Chicken (meat),Kazakhstan,Kostanay,RETAIL,2022-06-01,2.72,Kg,7e0198c1-a0fa-429f-894c-17b7c7f3ed81
Chicken (meat),Kazakhstan,National Average,RETAIL,2022-06-01,2.81,Kg,0e786654-5b01-442d-b33d-a82b7643b6bd
Chicken (meat),Kazakhstan,Shymkent,RETAIL,2022-06-01,3.01,Kg,662acf88-7902-421f-a561-8d56e8f048fd
Chicken (meat),Libyan Arab Jamahiriya,Algatroun,RETAIL,2022-06-01,2.5,Kg,4b90ba35-06e6-49aa-982a-d9d01b8c1556
Chicken (meat),Libyan Arab Jamahiriya,Alkufra,RETAIL,2022-06-01,2.36,Kg,a12c0b33-3674-4148-9fc8-19f787054c99
Chicken (meat),Libyan Arab Jamahiriya,Benghazi,RETAIL,2022-06-01,3.02,Kg,f530629c-534b-454b-b0cf-9fe19028fcc4
Chicken (meat),Libyan Arab Jamahiriya,Misrata,RETAIL,2022-06-01,3.23,Kg,93404742-2344-4782-b0e9-5e3d8a46a582
Chicken (meat),Libyan Arab Jamahiriya,Murzuq,RETAIL,2022-06-01,2.45,Kg,7aaa0e6c-3e7e-4826-b759-39f28be91e32
Chicken (meat),Libyan Arab Jamahiriya,National Average,RETAIL,2022-06-01,2.69,Kg,ebc9ef56-c9c7-4c9a-af31-be1be6dff1ca
Chicken (meat),Libyan Arab Jamahiriya,Sebha,RETAIL,2022-06-01,2.77,Kg,31676722-fca8-4454-847e-9556c13a9dae
Chicken (meat),Libyan Arab Jamahiriya,Tripoli center,RETAIL,2022-06-01,2.71,Kg,7808e993-e9e2-40c5-88a8-0e7feddee750
Chicken (meat),Syrian Arab Republic,Al-Hasakeh,RETAIL,2022-06-01,3.78,Kg,1da85549-0973-437a-8791-fc2263800fd8
Chicken (meat),Syrian Arab Republic,Dar'a,RETAIL,2022-06-01,4.1,Kg,a89af962-7152-43e5-85ce-945c1e243797
Chicken (meat),Syrian Arab Republic,Deir-ez-Zor,RETAIL,2022-06-01,3.99,Kg,5daf8aea-e065-46a8-9b22-5681fbf40e59
Chicken (meat),Syrian Arab Republic,Duma,RETAIL,2022-06-01,3.4,Kg,d2224364-6418-4cf5-be76-7fa9e9478444
Chicken (meat),Syrian Arab Republic,National Average,RETAIL,2022-06-01,3.52,Kg,7deea02c-1be8-461c-b59d-365d9ba6941f
Chicken (meat),Türkiye,National Average,RETAIL,2022-06-01,2.35,Kg,62585957-01c7-4756-9fe6-ae3404bed8b7
Chicken (meat),Algeria,Boujdour,RETAIL,2022-07-01,3.42,Kg,b3ae8167-3b88-4df6-bd63-7c3b93379c89
Chicken (meat),Algeria,Laayoun,RETAIL,2022-07-01,2.9,Kg,174f6fcd-897d-435d-9d46-93526f979aa7
Chicken (meat),Algeria,National Average,RETAIL,2022-07-01,2.52,Kg,e5634d96-bb72-4e2c-8c87-ff7d7812b82b
Chicken (meat),Algeria,Smara,RETAIL,2022-07-01,3.38,Kg,5f13606d-e899-44be-a6e6-ebed72d5c115
Chicken (meat),Algeria,Tindouf,RETAIL,2022-07-01,2.87,Kg,fac878c0-ca57-45d7-b69e-c503b86e7f30
Chicken (meat),Guinea-Bissau,Bissau-Bandim,RETAIL,2022-07-01,11.12,1 unit,3e4bd495-6004-45ef-83e9-c870472ce929
Chicken (meat),Guinea-Bissau,Bissora,RETAIL,2022-07-01,7.76,1 unit,adfa23e0-b06f-4af6-aecd-002a12f6f3a8
Chicken (meat),Guinea-Bissau,Catio,RETAIL,2022-07-01,5.17,1 unit,363b73b8-0fd2-4d2c-88ad-fd5ae50f3e2b
Chicken (meat),Guinea-Bissau,Gabu,RETAIL,2022-07-01,4.01,1 unit,dbfa3d5a-5dd4-4ec7-990e-98a5143d38cf
Chicken (meat),Guinea-Bissau,National Average,RETAIL,2022-07-01,6.33,1 unit,05824f28-fd3e-4ff2-acd9-2bd2f1be01d1
Chicken (meat),Indonesia,National Average,RETAIL,2022-07-01,3.26,Kg,6d75df6b-51b5-4050-9395-4792482566a7
Chicken (meat),Israel,National Average,RETAIL,2022-07-01,7.16,Kg,7592af4c-3414-416c-8bb7-edb7fda1d3b4
Chicken (meat),Jordan,Al Mafraq,RETAIL,2022-07-01,3.21,Kg,011ffdda-e76a-492d-a928-8bc9deb471c1
Chicken (meat),Jordan,Amman,RETAIL,2022-07-01,3.44,Kg,485ed91e-8045-499f-8e5a-062b63da8020
Chicken (meat),Jordan,Irbid,RETAIL,2022-07-01,3.31,Kg,91dea856-32b9-4ec5-9028-3ddc4052afad
Chicken (meat),Jordan,National Average,RETAIL,2022-07-01,3.23,Kg,e2aa8dc6-8dad-42cd-b6d8-0f4d312e1019
Chicken (meat),Jordan,Zarqa,RETAIL,2022-07-01,3.35,Kg,d39506fa-2302-4c12-8326-0ae8cfecf13c
Chicken (meat),Kazakhstan,Aktau,RETAIL,2022-07-01,3.25,Kg,790dc547-a9e0-41b5-a544-0589b5cc776f
Chicken (meat),Kazakhstan,Almaty,RETAIL,2022-07-01,2.63,Kg,20c64a29-5a56-4f14-adc8-47311ede16ff
Chicken (meat),Kazakhstan,Astana,RETAIL,2022-07-01,2.93,Kg,291bd111-0f2b-458e-ad4b-b7d45769ba46
Chicken (meat),Kazakhstan,Kostanay,RETAIL,2022-07-01,2.57,Kg,7e0198c1-a0fa-429f-894c-17b7c7f3ed81
Chicken (meat),Kazakhstan,National Average,RETAIL,2022-07-01,2.65,Kg,0e786654-5b01-442d-b33d-a82b7643b6bd
Chicken (meat),Kazakhstan,Shymkent,RETAIL,2022-07-01,2.92,Kg,662acf88-7902-421f-a561-8d56e8f048fd
Chicken (meat),Syrian Arab Republic,Al-Hasakeh,RETAIL,2022-07-01,3.78,Kg,1da85549-0973-437a-8791-fc2263800fd8
Chicken (meat),Syrian Arab Republic,Dar'a,RETAIL,2022-07-01,4.38,Kg,a89af962-7152-43e5-85ce-945c1e243797
Chicken (meat),Syrian Arab Republic,Deir-ez-Zor,RETAIL,2022-07-01,3.14,Kg,5daf8aea-e065-46a8-9b22-5681fbf40e59
Chicken (meat),Syrian Arab Republic,Duma,RETAIL,2022-07-01,3.41,Kg,d2224364-6418-4cf5-be76-7fa9e9478444
Chicken (meat),Syrian Arab Republic,National Average,RETAIL,2022-07-01,3.63,Kg,7deea02c-1be8-461c-b59d-365d9ba6941f
Chicken (meat),Türkiye,National Average,RETAIL,2022-07-01,2.12,Kg,62585957-01c7-4756-9fe6-ae3404bed8b7
Chicken (meat),Algeria,Awserd,RETAIL,2022-08-01,3.34,Kg,a0a1371f-3e5e-4023-9d06-b4e5afa8b1fa
Chicken (meat),Algeria,Boujdour,RETAIL,2022-08-01,3.16,Kg,b3ae8167-3b88-4df6-bd63-7c3b93379c89
Chicken (meat),Algeria,Dakhla,RETAIL,2022-08-01,3.51,Kg,7f495369-cc9e-481f-bb1a-39736b9183ae
Chicken (meat),Algeria,Laayoun,RETAIL,2022-08-01,3.51,Kg,174f6fcd-897d-435d-9d46-93526f979aa7
Chicken (meat),Algeria,National Average,RETAIL,2022-08-01,2.97,Kg,e5634d96-bb72-4e2c-8c87-ff7d7812b82b
Chicken (meat),Algeria,Smara,RETAIL,2022-08-01,3.16,Kg,5f13606d-e899-44be-a6e6-ebed72d5c115
Chicken (meat),Algeria,Tindouf,RETAIL,2022-08-01,3.16,Kg,fac878c0-ca57-45d7-b69e-c503b86e7f30
Chicken (meat),Guinea-Bissau,Bissau-Bandim,RETAIL,2022-08-01,9.26,1 unit,3e4bd495-6004-45ef-83e9-c870472ce929
Chicken (meat),Guinea-Bissau,Bissora,RETAIL,2022-08-01,6.82,1 unit,adfa23e0-b06f-4af6-aecd-002a12f6f3a8
Chicken (meat),Guinea-Bissau,Catio,RETAIL,2022-08-01,4.89,1 unit,363b73b8-0fd2-4d2c-88ad-fd5ae50f3e2b
Chicken (meat),Guinea-Bissau,Gabu,RETAIL,2022-08-01,3.86,1 unit,dbfa3d5a-5dd4-4ec7-990e-98a5143d38cf
Chicken (meat),Guinea-Bissau,National Average,RETAIL,2022-08-01,6.43,1 unit,05824f28-fd3e-4ff2-acd9-2bd2f1be01d1
Chicken (meat),Indonesia,National Average,RETAIL,2022-08-01,3.15,Kg,6d75df6b-51b5-4050-9395-4792482566a7
Chicken (meat),Israel,National Average,RETAIL,2022-08-01,7.65,Kg,7592af4c-3414-416c-8bb7-edb7fda1d3b4
Chicken (meat),Jordan,Al Mafraq,RETAIL,2022-08-01,1.9,Kg,011ffdda-e76a-492d-a928-8bc9deb471c1
Chicken (meat),Jordan,Amman,RETAIL,2022-08-01,3.31,Kg,485ed91e-8045-499f-8e5a-062b63da8020
Chicken (meat),Jordan,Irbid,RETAIL,2022-08-01,3.1,Kg,91dea856-32b9-4ec5-9028-3ddc4052afad
Chicken (meat),Jordan,National Average,RETAIL,2022-08-01,3.07,Kg,e2aa8dc6-8dad-42cd-b6d8-0f4d312e1019
Chicken (meat),Jordan,Zarqa,RETAIL,2022-08-01,3.03,Kg,d39506fa-2302-4c12-8326-0ae8cfecf13c
Chicken (meat),Kazakhstan,Aktau,RETAIL,2022-08-01,3.34,Kg,790dc547-a9e0-41b5-a544-0589b5cc776f
Chicken (meat),Kazakhstan,Almaty,RETAIL,2022-08-01,2.74,Kg,20c64a29-5a56-4f14-adc8-47311ede16ff
Chicken (meat),Kazakhstan,Astana,RETAIL,2022-08-01,3.08,Kg,291bd111-0f2b-458e-ad4b-b7d45769ba46
Chicken (meat),Kazakhstan,Kostanay,RETAIL,2022-08-01,2.63,Kg,7e0198c1-a0fa-429f-894c-17b7c7f3ed81
Chicken (meat),Kazakhstan,National Average,RETAIL,2022-08-01,2.74,Kg,0e786654-5b01-442d-b33d-a82b7643b6bd
Chicken (meat),Kazakhstan,Shymkent,RETAIL,2022-08-01,3.03,Kg,662acf88-7902-421f-a561-8d56e8f048fd
Chicken (meat),Syrian Arab Republic,Al-Hasakeh,RETAIL,2022-08-01,3.85,Kg,1da85549-0973-437a-8791-fc2263800fd8
Chicken (meat),Syrian Arab Republic,Dar'a,RETAIL,2022-08-01,6.18,Kg,a89af962-7152-43e5-85ce-945c1e243797
Chicken (meat),Syrian Arab Republic,Deir-ez-Zor,RETAIL,2022-08-01,4.47,Kg,5daf8aea-e065-46a8-9b22-5681fbf40e59
Chicken (meat),Syrian Arab Republic,Duma,RETAIL,2022-08-01,4.86,Kg,d2224364-6418-4cf5-be76-7fa9e9478444
Chicken (meat),Syrian Arab Republic,National Average,RETAIL,2022-08-01,4.49,Kg,7deea02c-1be8-461c-b59d-365d9ba6941f
Chicken (meat),Türkiye,National Average,RETAIL,2022-08-01,2.17,Kg,62585957-01c7-4756-9fe6-ae3404bed8b7
Chicken (meat),Algeria,Awserd,RETAIL,2022-09-01,3.41,Kg,a0a1371f-3e5e-4023-9d06-b4e5afa8b1fa
Chicken (meat),Algeria,Boujdour,RETAIL,2022-09-01,3.66,Kg,b3ae8167-3b88-4df6-bd63-7c3b93379c89
Chicken (meat),Algeria,Dakhla,RETAIL,2022-09-01,3.66,Kg,7f495369-cc9e-481f-bb1a-39736b9183ae
Chicken (meat),Algeria,Laayoun,RETAIL,2022-09-01,2.77,Kg,174f6fcd-897d-435d-9d46-93526f979aa7
Chicken (meat),Algeria,National Average,RETAIL,2022-09-01,3.13,Kg,e5634d96-bb72-4e2c-8c87-ff7d7812b82b
Chicken (meat),Algeria,Smara,RETAIL,2022-09-01,3.77,Kg,5f13606d-e899-44be-a6e6-ebed72d5c115
Chicken (meat),Algeria,Tindouf,RETAIL,2022-09-01,3.63,Kg,fac878c0-ca57-45d7-b69e-c503b86e7f30
Chicken (meat),Guinea-Bissau,Bissau-Bandim,RETAIL,2022-09-01,9.06,1 unit,3e4bd495-6004-45ef-83e9-c870472ce929
Chicken (meat),Guinea-Bissau,Bissora,RETAIL,2022-09-01,6.71,1 unit,adfa23e0-b06f-4af6-aecd-002a12f6f3a8
Chicken (meat),Guinea-Bissau,Catio,RETAIL,2022-09-01,4.79,1 unit,363b73b8-0fd2-4d2c-88ad-fd5ae50f3e2b
Chicken (meat),Guinea-Bissau,Gabu,RETAIL,2022-09-01,3.77,1 unit,dbfa3d5a-5dd4-4ec7-990e-98a5143d38cf
Chicken (meat),Guinea-Bissau,National Average,RETAIL,2022-09-01,6.13,1 unit,05824f28-fd3e-4ff2-acd9-2bd2f1be01d1
Chicken (meat),Indonesia,National Average,RETAIL,2022-09-01,3.11,Kg,6d75df6b-51b5-4050-9395-4792482566a7
Chicken (meat),Israel,National Average,RETAIL,2022-09-01,7.42,Kg,7592af4c-3414-416c-8bb7-edb7fda1d3b4
Chicken (meat),Jordan,Al Mafraq,RETAIL,2022-09-01,2.11,Kg,011ffdda-e76a-492d-a928-8bc9deb471c1
Chicken (meat),Jordan,Amman,RETAIL,2022-09-01,3.27,Kg,485ed91e-8045-499f-8e5a-062b63da8020
Chicken (meat),Jordan,Irbid,RETAIL,2022-09-01,3.07,Kg,91dea856-32b9-4ec5-9028-3ddc4052afad
Chicken (meat),Jordan,National Average,RETAIL,2022-09-01,3.07,Kg,e2aa8dc6-8dad-42cd-b6d8-0f4d312e1019
Chicken (meat),Jordan,Zarqa,RETAIL,2022-09-01,3.24,Kg,d39506fa-2302-4c12-8326-0ae8cfecf13c
Chicken (meat),Kazakhstan,Aktau,RETAIL,2022-09-01,3.49,Kg,790dc547-a9e0-41b5-a544-0589b5cc776f
Chicken (meat),Kazakhstan,Almaty,RETAIL,2022-09-01,2.75,Kg,20c64a29-5a56-4f14-adc8-47311ede16ff
Chicken (meat),Kazakhstan,Kostanay,RETAIL,2022-09-01,2.71,Kg,7e0198c1-a0fa-429f-894c-17b7c7f3ed81
Chicken (meat),Kazakhstan,National Average,RETAIL,2022-09-01,2.79,Kg,0e786654-5b01-442d-b33d-a82b7643b6bd
Chicken (meat),Kazakhstan,Shymkent,RETAIL,2022-09-01,3.13,Kg,662acf88-7902-421f-a561-8d56e8f048fd
Chicken (meat),Libyan Arab Jamahiriya,Algatroun,RETAIL,2022-09-01,2.81,Kg,4b90ba35-06e6-49aa-982a-d9d01b8c1556
Chicken (meat),Libyan Arab Jamahiriya,Alkufra,RETAIL,2022-09-01,2.54,Kg,a12c0b33-3674-4148-9fc8-19f787054c99
Chicken (meat),Libyan Arab Jamahiriya,Benghazi,RETAIL,2022-09-01,2.64,Kg,f530629c-534b-454b-b0cf-9fe19028fcc4
Chicken (meat),Libyan Arab Jamahiriya,Misrata,RETAIL,2022-09-01,3.01,Kg,93404742-2344-4782-b0e9-5e3d8a46a582
Chicken (meat),Libyan Arab Jamahiriya,Murzuq,RETAIL,2022-09-01,2.31,Kg,7aaa0e6c-3e7e-4826-b759-39f28be91e32
Chicken (meat),Libyan Arab Jamahiriya,National Average,RETAIL,2022-09-01,2.55,Kg,ebc9ef56-c9c7-4c9a-af31-be1be6dff1ca
Chicken (meat),Libyan Arab Jamahiriya,Sebha,RETAIL,2022-09-01,2.95,Kg,31676722-fca8-4454-847e-9556c13a9dae
Chicken (meat),Libyan Arab Jamahiriya,Tripoli center,RETAIL,2022-09-01,2.71,Kg,7808e993-e9e2-40c5-88a8-0e7feddee750
Chicken (meat),Syrian Arab Republic,Al-Hasakeh,RETAIL,2022-09-01,3.98,Kg,1da85549-0973-437a-8791-fc2263800fd8
Chicken (meat),Syrian Arab Republic,Dar'a,RETAIL,2022-09-01,6.77,Kg,a89af962-7152-43e5-85ce-945c1e243797
Chicken (meat),Syrian Arab Republic,Deir-ez-Zor,RETAIL,2022-09-01,4.38,Kg,5daf8aea-e065-46a8-9b22-5681fbf40e59
Chicken (meat),Syrian Arab Republic,Duma,RETAIL,2022-09-01,5.31,Kg,d2224364-6418-4cf5-be76-7fa9e9478444
Chicken (meat),Syrian Arab Republic,National Average,RETAIL,2022-09-01,5.26,Kg,7deea02c-1be8-461c-b59d-365d9ba6941f
Chicken (meat),Türkiye,National Average,RETAIL,2022-09-01,2.19,Kg,62585957-01c7-4756-9fe6-ae3404bed8b7
Chicken (meat),Algeria,National Average,RETAIL,2022-10-01,2.67,Kg,e5634d96-bb72-4e2c-8c87-ff7d7812b82b
Chicken (meat),Guinea-Bissau,Bissau-Bandim,RETAIL,2022-10-01,9.01,1 unit,3e4bd495-6004-45ef-83e9-c870472ce929
Chicken (meat),Guinea-Bissau,Bissora,RETAIL,2022-10-01,6.67,1 unit,adfa23e0-b06f-4af6-aecd-002a12f6f3a8
Chicken (meat),Guinea-Bissau,Catio,RETAIL,2022-10-01,4.75,1 unit,363b73b8-0fd2-4d2c-88ad-fd5ae50f3e2b
Chicken (meat),Guinea-Bissau,Gabu,RETAIL,2022-10-01,3.76,1 unit,dbfa3d5a-5dd4-4ec7-990e-98a5143d38cf
Chicken (meat),Guinea-Bissau,National Average,RETAIL,2022-10-01,6.27,1 unit,05824f28-fd3e-4ff2-acd9-2bd2f1be01d1
Chicken (meat),Indonesia,National Average,RETAIL,2022-10-01,2.96,Kg,6d75df6b-51b5-4050-9395-4792482566a7
Chicken (meat),Israel,National Average,RETAIL,2022-10-01,7.29,Kg,7592af4c-3414-416c-8bb7-edb7fda1d3b4
Chicken (meat),Jordan,Al Mafraq,RETAIL,2022-10-01,1.86,Kg,011ffdda-e76a-492d-a928-8bc9deb471c1
Chicken (meat),Jordan,Amman,RETAIL,2022-10-01,3.35,Kg,485ed91e-8045-499f-8e5a-062b63da8020
Chicken (meat),Jordan,Irbid,RETAIL,2022-10-01,2.99,Kg,91dea856-32b9-4ec5-9028-3ddc4052afad
Chicken (meat),Jordan,National Average,RETAIL,2022-10-01,3.03,Kg,e2aa8dc6-8dad-42cd-b6d8-0f4d312e1019
Chicken (meat),Jordan,Zarqa,RETAIL,2022-10-01,3.28,Kg,d39506fa-2302-4c12-8326-0ae8cfecf13c
Chicken (meat),Kazakhstan,Aktau,RETAIL,2022-10-01,3.52,Kg,790dc547-a9e0-41b5-a544-0589b5cc776f
Chicken (meat),Kazakhstan,Almaty,RETAIL,2022-10-01,2.81,Kg,20c64a29-5a56-4f14-adc8-47311ede16ff
Chicken (meat),Kazakhstan,Astana,RETAIL,2022-10-01,3.2,Kg,291bd111-0f2b-458e-ad4b-b7d45769ba46
Chicken (meat),Kazakhstan,Kostanay,RETAIL,2022-10-01,2.73,Kg,7e0198c1-a0fa-429f-894c-17b7c7f3ed81
Chicken (meat),Kazakhstan,National Average,RETAIL,2022-10-01,2.87,Kg,0e786654-5b01-442d-b33d-a82b7643b6bd
Chicken (meat),Kazakhstan,Shymkent,RETAIL,2022-10-01,3.37,Kg,662acf88-7902-421f-a561-8d56e8f048fd
Chicken (meat),Libyan Arab Jamahiriya,Algatroun,RETAIL,2022-10-01,2.55,Kg,4b90ba35-06e6-49aa-982a-d9d01b8c1556
Chicken (meat),Libyan Arab Jamahiriya,Alkufra,RETAIL,2022-10-01,2.09,Kg,a12c0b33-3674-4148-9fc8-19f787054c99
Chicken (meat),Libyan Arab Jamahiriya,Benghazi,RETAIL,2022-10-01,2.15,Kg,f530629c-534b-454b-b0cf-9fe19028fcc4
Chicken (meat),Libyan Arab Jamahiriya,Misrata,RETAIL,2022-10-01,2.35,Kg,93404742-2344-4782-b0e9-5e3d8a46a582
Chicken (meat),Libyan Arab Jamahiriya,Murzuq,RETAIL,2022-10-01,2.64,Kg,7aaa0e6c-3e7e-4826-b759-39f28be91e32
Chicken (meat),Libyan Arab Jamahiriya,National Average,RETAIL,2022-10-01,2.57,Kg,ebc9ef56-c9c7-4c9a-af31-be1be6dff1ca
Chicken (meat),Libyan Arab Jamahiriya,Sebha,RETAIL,2022-10-01,2.61,Kg,31676722-fca8-4454-847e-9556c13a9dae
Chicken (meat),Libyan Arab Jamahiriya,Tripoli center,RETAIL,2022-10-01,2.35,Kg,7808e993-e9e2-40c5-88a8-0e7feddee750
Chicken (meat),Syrian Arab Republic,Al-Hasakeh,RETAIL,2022-10-01,4.38,Kg,1da85549-0973-437a-8791-fc2263800fd8
Chicken (meat),Syrian Arab Republic,Dar'a,RETAIL,2022-10-01,6.56,Kg,a89af962-7152-43e5-85ce-945c1e243797
Chicken (meat),Syrian Arab Republic,Deir-ez-Zor,RETAIL,2022-10-01,4.87,Kg,5daf8aea-e065-46a8-9b22-5681fbf40e59
Chicken (meat),Syrian Arab Republic,Duma,RETAIL,2022-10-01,5.82,Kg,d2224364-6418-4cf5-be76-7fa9e9478444
Chicken (meat),Syrian Arab Republic,National Average,RETAIL,2022-10-01,5.29,Kg,7deea02c-1be8-461c-b59d-365d9ba6941f
Chicken (meat),Türkiye,National Average,RETAIL,2022-10-01,2.16,Kg,62585957-01c7-4756-9fe6-ae3404bed8b7
Chicken (meat),Algeria,Awserd,RETAIL,2022-11-01,3.38,Kg,a0a1371f-3e5e-4023-9d06-b4e5afa8b1fa
Chicken (meat),Algeria,Dakhla,RETAIL,2022-11-01,3.77,Kg,7f495369-cc9e-481f-bb1a-39736b9183ae
Chicken (meat),Algeria,National Average,RETAIL,2022-11-01,2.58,Kg,e5634d96-bb72-4e2c-8c87-ff7d7812b82b
Chicken (meat),Algeria,Smara,RETAIL,2022-11-01,3.23,Kg,5f13606d-e899-44be-a6e6-ebed72d5c115
Chicken (meat),Guinea-Bissau,Bissau-Bandim,RETAIL,2022-11-01,9.38,1 unit,3e4bd495-6004-45ef-83e9-c870472ce929
Chicken (meat),Guinea-Bissau,Bissora,RETAIL,2022-11-01,6.87,1 unit,adfa23e0-b06f-4af6-aecd-002a12f6f3a8
Chicken (meat),Guinea-Bissau,Catio,RETAIL,2022-11-01,5.07,1 unit,363b73b8-0fd2-4d2c-88ad-fd5ae50f3e2b
Chicken (meat),Guinea-Bissau,Gabu,RETAIL,2022-11-01,3.94,1 unit,dbfa3d5a-5dd4-4ec7-990e-98a5143d38cf
Chicken (meat),Guinea-Bissau,National Average,RETAIL,2022-11-01,6.5,1 unit,05824f28-fd3e-4ff2-acd9-2bd2f1be01d1
Chicken (meat),Indonesia,National Average,RETAIL,2022-11-01,2.91,Kg,6d75df6b-51b5-4050-9395-4792482566a7
Chicken (meat),Israel,National Average,RETAIL,2022-11-01,7.49,Kg,7592af4c-3414-416c-8bb7-edb7fda1d3b4
Chicken (meat),Jordan,Al Mafraq,RETAIL,2022-11-01,1.76,Kg,011ffdda-e76a-492d-a928-8bc9deb471c1
Chicken (meat),Jordan,Amman,RETAIL,2022-11-01,3.2,Kg,485ed91e-8045-499f-8e5a-062b63da8020
Chicken (meat),Jordan,Irbid,RETAIL,2022-11-01,2.96,Kg,91dea856-32b9-4ec5-9028-3ddc4052afad
Chicken (meat),Jordan,National Average,RETAIL,2022-11-01,3.08,Kg,e2aa8dc6-8dad-42cd-b6d8-0f4d312e1019
Chicken (meat),Jordan,Zarqa,RETAIL,2022-11-01,3.31,Kg,d39506fa-2302-4c12-8326-0ae8cfecf13c
Chicken (meat),Kazakhstan,Aktau,RETAIL,2022-11-01,3.58,Kg,790dc547-a9e0-41b5-a544-0589b5cc776f
Chicken (meat),Kazakhstan,Almaty,RETAIL,2022-11-01,2.95,Kg,20c64a29-5a56-4f14-adc8-47311ede16ff
Chicken (meat),Kazakhstan,Astana,RETAIL,2022-11-01,3.31,Kg,291bd111-0f2b-458e-ad4b-b7d45769ba46
Chicken (meat),Kazakhstan,Kostanay,RETAIL,2022-11-01,2.83,Kg,7e0198c1-a0fa-429f-894c-17b7c7f3ed81
Chicken (meat),Kazakhstan,National Average,RETAIL,2022-11-01,2.98,Kg,0e786654-5b01-442d-b33d-a82b7643b6bd
Chicken (meat),Kazakhstan,Shymkent,RETAIL,2022-11-01,3.65,Kg,662acf88-7902-421f-a561-8d56e8f048fd
Chicken (meat),Libyan Arab Jamahiriya,Algatroun,RETAIL,2022-11-01,2.63,Kg,4b90ba35-06e6-49aa-982a-d9d01b8c1556
Chicken (meat),Libyan Arab Jamahiriya,Alkufra,RETAIL,2022-11-01,2.43,Kg,a12c0b33-3674-4148-9fc8-19f787054c99
Chicken (meat),Libyan Arab Jamahiriya,Benghazi,RETAIL,2022-11-01,2.23,Kg,f530629c-534b-454b-b0cf-9fe19028fcc4
Chicken (meat),Libyan Arab Jamahiriya,Misrata,RETAIL,2022-11-01,2.38,Kg,93404742-2344-4782-b0e9-5e3d8a46a582
Chicken (meat),Libyan Arab Jamahiriya,Murzuq,RETAIL,2022-11-01,2.43,Kg,7aaa0e6c-3e7e-4826-b759-39f28be91e32
Chicken (meat),Libyan Arab Jamahiriya,National Average,RETAIL,2022-11-01,2.5,Kg,ebc9ef56-c9c7-4c9a-af31-be1be6dff1ca
Chicken (meat),Libyan Arab Jamahiriya,Sebha,RETAIL,2022-11-01,2.97,Kg,31676722-fca8-4454-847e-9556c13a9dae
Chicken (meat),Libyan Arab Jamahiriya,Tripoli center,RETAIL,2022-11-01,2.58,Kg,7808e993-e9e2-40c5-88a8-0e7feddee750
Chicken (meat),Syrian Arab Republic,Al-Hasakeh,RETAIL,2022-11-01,4.49,Kg,1da85549-0973-437a-8791-fc2263800fd8
Chicken (meat),Syrian Arab Republic,Dar'a,RETAIL,2022-11-01,6.49,Kg,a89af962-7152-43e5-85ce-945c1e243797
Chicken (meat),Syrian Arab Republic,Deir-ez-Zor,RETAIL,2022-11-01,4.98,Kg,5daf8aea-e065-46a8-9b22-5681fbf40e59
Chicken (meat),Syrian Arab Republic,Duma,RETAIL,2022-11-01,5.31,Kg,d2224364-6418-4cf5-be76-7fa9e9478444
Chicken (meat),Syrian Arab Republic,National Average,RETAIL,2022-11-01,5.24,Kg,7deea02c-1be8-461c-b59d-365d9ba6941f
Chicken (meat),Türkiye,National Average,RETAIL,2022-11-01,2.24,Kg,62585957-01c7-4756-9fe6-ae3404bed8b7
Chicken (meat),Algeria,Awserd,RETAIL,2022-12-01,2.94,Kg,a0a1371f-3e5e-4023-9d06-b4e5afa8b1fa
Chicken (meat),Algeria,Boujdour,RETAIL,2022-12-01,4.0,Kg,b3ae8167-3b88-4df6-bd63-7c3b93379c89
Chicken (meat),Algeria,Dakhla,RETAIL,2022-12-01,3.67,Kg,7f495369-cc9e-481f-bb1a-39736b9183ae
Chicken (meat),Algeria,Laayoun,RETAIL,2022-12-01,3.27,Kg,174f6fcd-897d-435d-9d46-93526f979aa7
Chicken (meat),Algeria,National Average,RETAIL,2022-12-01,2.51,Kg,e5634d96-bb72-4e2c-8c87-ff7d7812b82b
Chicken (meat),Algeria,Smara,RETAIL,2022-12-01,3.63,Kg,5f13606d-e899-44be-a6e6-ebed72d5c115
Chicken (meat),Algeria,Tindouf,RETAIL,2022-12-01,2.91,Kg,fac878c0-ca57-45d7-b69e-c503b86e7f30
Chicken (meat),Guinea-Bissau,Bissau-Bandim,RETAIL,2022-12-01,11.3,1 unit,3e4bd495-6004-45ef-83e9-c870472ce929
Chicken (meat),Guinea-Bissau,Bissora,RETAIL,2022-12-01,9.36,1 unit,adfa23e0-b06f-4af6-aecd-002a12f6f3a8
Chicken (meat),Guinea-Bissau,Catio,RETAIL,2022-12-01,3.49,1 unit,363b73b8-0fd2-4d2c-88ad-fd5ae50f3e2b
Chicken (meat),Guinea-Bissau,Gabu,RETAIL,2022-12-01,3.5,1 unit,dbfa3d5a-5dd4-4ec7-990e-98a5143d38cf
Chicken (meat),Guinea-Bissau,National Average,RETAIL,2022-12-01,6.92,1 unit,05824f28-fd3e-4ff2-acd9-2bd2f1be01d1
Chicken (meat),Indonesia,National Average,RETAIL,2022-12-01,3.01,Kg,6d75df6b-51b5-4050-9395-4792482566a7
Chicken (meat),Israel,National Average,RETAIL,2022-12-01,7.41,Kg,7592af4c-3414-416c-8bb7-edb7fda1d3b4
Chicken (meat),Jordan,Al Mafraq,RETAIL,2022-12-01,1.73,Kg,011ffdda-e76a-492d-a928-8bc9deb471c1
Chicken (meat),Jordan,Amman,RETAIL,2022-12-01,3.18,Kg,485ed91e-8045-499f-8e5a-062b63da8020
Chicken (meat),Jordan,Irbid,RETAIL,2022-12-01,2.96,Kg,91dea856-32b9-4ec5-9028-3ddc4052afad
Chicken (meat),Jordan,National Average,RETAIL,2022-12-01,2.99,Kg,e2aa8dc6-8dad-42cd-b6d8-0f4d312e1019
Chicken (meat),Jordan,Zarqa,RETAIL,2022-12-01,3.34,Kg,d39506fa-2302-4c12-8326-0ae8cfecf13c
Chicken (meat),Kazakhstan,Aktau,RETAIL,2022-12-01,3.6,Kg,790dc547-a9e0-41b5-a544-0589b5cc776f
Chicken (meat),Kazakhstan,Almaty,RETAIL,2022-12-01,3.04,Kg,20c64a29-5a56-4f14-adc8-47311ede16ff
Chicken (meat),Kazakhstan,Astana,RETAIL,2022-12-01,3.3,Kg,291bd111-0f2b-458e-ad4b-b7d45769ba46
Chicken (meat),Kazakhstan,Kostanay,RETAIL,2022-12-01,2.86,Kg,7e0198c1-a0fa-429f-894c-17b7c7f3ed81
Chicken (meat),Kazakhstan,National Average,RETAIL,2022-12-01,2.98,Kg,0e786654-5b01-442d-b33d-a82b7643b6bd
Chicken (meat),Kazakhstan,Shymkent,RETAIL,2022-12-01,3.32,Kg,662acf88-7902-421f-a561-8d56e8f048fd
Chicken (meat),Libyan Arab Jamahiriya,Algatroun,RETAIL,2022-12-01,2.48,Kg,4b90ba35-06e6-49aa-982a-d9d01b8c1556
Chicken (meat),Libyan Arab Jamahiriya,Alkufra,RETAIL,2022-12-01,2.48,Kg,a12c0b33-3674-4148-9fc8-19f787054c99
Chicken (meat),Libyan Arab Jamahiriya,Benghazi,RETAIL,2022-12-01,2.27,Kg,f530629c-534b-454b-b0cf-9fe19028fcc4
Chicken (meat),Libyan Arab Jamahiriya,Misrata,RETAIL,2022-12-01,2.69,Kg,93404742-2344-4782-b0e9-5e3d8a46a582
Chicken (meat),Libyan Arab Jamahiriya,Murzuq,RETAIL,2022-12-01,2.53,Kg,7aaa0e6c-3e7e-4826-b759-39f28be91e32
Chicken (meat),Libyan Arab Jamahiriya,National Average,RETAIL,2022-12-01,2.47,Kg,ebc9ef56-c9c7-4c9a-af31-be1be6dff1ca
Chicken (meat),Libyan Arab Jamahiriya,Sebha,RETAIL,2022-12-01,2.48,Kg,31676722-fca8-4454-847e-9556c13a9dae
Chicken (meat),Libyan Arab Jamahiriya,Tripoli center,RETAIL,2022-12-01,2.64,Kg,7808e993-e9e2-40c5-88a8-0e7feddee750
Chicken (meat),Syrian Arab Republic,Al-Hasakeh,RETAIL,2022-12-01,4.66,Kg,1da85549-0973-437a-8791-fc2263800fd8
Chicken (meat),Syrian Arab Republic,Dar'a,RETAIL,2022-12-01,7.0,Kg,a89af962-7152-43e5-85ce-945c1e243797
Chicken (meat),Syrian Arab Republic,Deir-ez-Zor,RETAIL,2022-12-01,5.14,Kg,5daf8aea-e065-46a8-9b22-5681fbf40e59
Chicken (meat),Syrian Arab Republic,Duma,RETAIL,2022-12-01,5.47,Kg,d2224364-6418-4cf5-be76-7fa9e9478444
Chicken (meat),Syrian Arab Republic,National Average,RETAIL,2022-12-01,5.41,Kg,7deea02c-1be8-461c-b59d-365d9ba6941f
Chicken (meat),Türkiye,National Average,RETAIL,2022-12-01,2.54,Kg,62585957-01c7-4756-9fe6-ae3404bed8b7
Chicken (meat),Algeria,Awserd,RETAIL,2023-01-01,3.41,Kg,a0a1371f-3e5e-4023-9d06-b4e5afa8b1fa
Chicken (meat),Algeria,Boujdour,RETAIL,2023-01-01,3.82,Kg,b3ae8167-3b88-4df6-bd63-7c3b93379c89
Chicken (meat),Algeria,Dakhla,RETAIL,2023-01-01,3.63,Kg,7f495369-cc9e-481f-bb1a-39736b9183ae
Chicken (meat),Algeria,Laayoun,RETAIL,2023-01-01,3.78,Kg,174f6fcd-897d-435d-9d46-93526f979aa7
Chicken (meat),Algeria,National Average,RETAIL,2023-01-01,2.78,Kg,e5634d96-bb72-4e2c-8c87-ff7d7812b82b
Chicken (meat),Algeria,Smara,RETAIL,2023-01-01,3.67,Kg,5f13606d-e899-44be-a6e6-ebed72d5c115
Chicken (meat),Algeria,Tindouf,RETAIL,2023-01-01,3.01,Kg,fac878c0-ca57-45d7-b69e-c503b86e7f30
Chicken (meat),Guinea-Bissau,Bissau-Bandim,RETAIL,2023-01-01,10.12,1 unit,3e4bd495-6004-45ef-83e9-c870472ce929
Chicken (meat),Guinea-Bissau,Bissora,RETAIL,2023-01-01,9.47,1 unit,adfa23e0-b06f-4af6-aecd-002a12f6f3a8
Chicken (meat),Guinea-Bissau,Catio,RETAIL,2023-01-01,3.56,1 unit,363b73b8-0fd2-4d2c-88ad-fd5ae50f3e2b
Chicken (meat),Guinea-Bissau,Gabu,RETAIL,2023-01-01,3.64,1 unit,dbfa3d5a-5dd4-4ec7-990e-98a5143d38cf
Chicken (meat),Guinea-Bissau,National Average,RETAIL,2023-01-01,6.85,1 unit,05824f28-fd3e-4ff2-acd9-2bd2f1be01d1
Chicken (meat),Indonesia,National Average,RETAIL,2023-01-01,2.6,Kg,6d75df6b-51b5-4050-9395-4792482566a7
Chicken (meat),Israel,National Average,RETAIL,2023-01-01,7.48,Kg,7592af4c-3414-416c-8bb7-edb7fda1d3b4
Chicken (meat),Jordan,Al Mafraq,RETAIL,2023-01-01,1.77,Kg,011ffdda-e76a-492d-a928-8bc9deb471c1
Chicken (meat),Jordan,Amman,RETAIL,2023-01-01,3.11,Kg,485ed91e-8045-499f-8e5a-062b63da8020
Chicken (meat),Jordan,Irbid,RETAIL,2023-01-01,2.82,Kg,91dea856-32b9-4ec5-9028-3ddc4052afad
Chicken (meat),Jordan,National Average,RETAIL,2023-01-01,2.96,Kg,e2aa8dc6-8dad-42cd-b6d8-0f4d312e1019
Chicken (meat),Jordan,Zarqa,RETAIL,2023-01-01,3.35,Kg,d39506fa-2302-4c12-8326-0ae8cfecf13c
Chicken (meat),Kazakhstan,Aktau,RETAIL,2023-01-01,3.64,Kg,790dc547-a9e0-41b5-a544-0589b5cc776f
Chicken (meat),Kazakhstan,Almaty,RETAIL,2023-01-01,3.14,Kg,20c64a29-5a56-4f14-adc8-47311ede16ff
Chicken (meat),Kazakhstan,Astana,RETAIL,2023-01-01,3.34,Kg,291bd111-0f2b-458e-ad4b-b7d45769ba46
Chicken (meat),Kazakhstan,Kostanay,RETAIL,2023-01-01,2.92,Kg,7e0198c1-a0fa-429f-894c-17b7c7f3ed81
Chicken (meat),Kazakhstan,National Average,RETAIL,2023-01-01,3.03,Kg,0e786654-5b01-442d-b33d-a82b7643b6bd
Chicken (meat),Kazakhstan,Shymkent,RETAIL,2023-01-01,3.17,Kg,662acf88-7902-421f-a561-8d56e8f048fd
Chicken (meat),Libyan Arab Jamahiriya,Alkufra,RETAIL,2023-01-01,2.77,Kg,a12c0b33-3674-4148-9fc8-19f787054c99
Chicken (meat),Libyan Arab Jamahiriya,Benghazi,RETAIL,2023-01-01,2.82,Kg,f530629c-534b-454b-b0cf-9fe19028fcc4
Chicken (meat),Libyan Arab Jamahiriya,Misrata,RETAIL,2023-01-01,2.62,Kg,93404742-2344-4782-b0e9-5e3d8a46a582
Chicken (meat),Libyan Arab Jamahiriya,National Average,RETAIL,2023-01-01,2.69,Kg,ebc9ef56-c9c7-4c9a-af31-be1be6dff1ca
Chicken (meat),Libyan Arab Jamahiriya,Sebha,RETAIL,2023-01-01,2.46,Kg,31676722-fca8-4454-847e-9556c13a9dae
Chicken (meat),Libyan Arab Jamahiriya,Tripoli center,RETAIL,2023-01-01,2.72,Kg,7808e993-e9e2-40c5-88a8-0e7feddee750
Chicken (meat),Syrian Arab Republic,Al-Hasakeh,RETAIL,2023-01-01,3.98,Kg,1da85549-0973-437a-8791-fc2263800fd8
Chicken (meat),Syrian Arab Republic,Dar'a,RETAIL,2023-01-01,6.3,Kg,a89af962-7152-43e5-85ce-945c1e243797
Chicken (meat),Syrian Arab Republic,Deir-ez-Zor,RETAIL,2023-01-01,4.64,Kg,5daf8aea-e065-46a8-9b22-5681fbf40e59
Chicken (meat),Syrian Arab Republic,Duma,RETAIL,2023-01-01,4.92,Kg,d2224364-6418-4cf5-be76-7fa9e9478444
Chicken (meat),Syrian Arab Republic,National Average,RETAIL,2023-01-01,4.91,Kg,7deea02c-1be8-461c-b59d-365d9ba6941f
Chicken (meat),Türkiye,National Average,RETAIL,2023-01-01,2.52,Kg,62585957-01c7-4756-9fe6-ae3404bed8b7
Chicken (meat),Algeria,Awserd,RETAIL,2023-02-01,3.7,Kg,a0a1371f-3e5e-4023-9d06-b4e5afa8b1fa
Chicken (meat),Algeria,Boujdour,RETAIL,2023-02-01,3.78,Kg,b3ae8167-3b88-4df6-bd63-7c3b93379c89
Chicken (meat),Algeria,Dakhla,RETAIL,2023-02-01,4.03,Kg,7f495369-cc9e-481f-bb1a-39736b9183ae
Chicken (meat),Algeria,Laayoun,RETAIL,2023-02-01,3.59,Kg,174f6fcd-897d-435d-9d46-93526f979aa7
Chicken (meat),Algeria,National Average,RETAIL,2023-02-01,3.31,Kg,e5634d96-bb72-4e2c-8c87-ff7d7812b82b
Chicken (meat),Algeria,Smara,RETAIL,2023-02-01,3.74,Kg,5f13606d-e899-44be-a6e6-ebed72d5c115
Chicken (meat),Algeria,Tindouf,RETAIL,2023-02-01,3.01,Kg,fac878c0-ca57-45d7-b69e-c503b86e7f30
Chicken (meat),Guinea-Bissau,Bissau-Bandim,RETAIL,2023-02-01,10.02,1 unit,3e4bd495-6004-45ef-83e9-c870472ce929
Chicken (meat),Guinea-Bissau,Bissora,RETAIL,2023-02-01,9.41,1 unit,adfa23e0-b06f-4af6-aecd-002a12f6f3a8
Chicken (meat),Guinea-Bissau,Catio,RETAIL,2023-02-01,3.54,1 unit,363b73b8-0fd2-4d2c-88ad-fd5ae50f3e2b
Chicken (meat),Guinea-Bissau,Gabu,RETAIL,2023-02-01,3.65,1 unit,dbfa3d5a-5dd4-4ec7-990e-98a5143d38cf
Chicken (meat),Guinea-Bissau,National Average,RETAIL,2023-02-01,6.93,1 unit,05824f28-fd3e-4ff2-acd9-2bd2f1be01d1
Chicken (meat),Indonesia,National Average,RETAIL,2023-02-01,2.57,Kg,6d75df6b-51b5-4050-9395-4792482566a7
Chicken (meat),Israel,National Average,RETAIL,2023-02-01,7.28,Kg,7592af4c-3414-416c-8bb7-edb7fda1d3b4
Chicken (meat),Jordan,Al Mafraq,RETAIL,2023-02-01,2.04,Kg,011ffdda-e76a-492d-a928-8bc9deb471c1
Chicken (meat),Jordan,Amman,RETAIL,2023-02-01,3.23,Kg,485ed91e-8045-499f-8e5a-062b63da8020
Chicken (meat),Jordan,Irbid,RETAIL,2023-02-01,3.1,Kg,91dea856-32b9-4ec5-9028-3ddc4052afad
Chicken (meat),Jordan,National Average,RETAIL,2023-02-01,3.03,Kg,e2aa8dc6-8dad-42cd-b6d8-0f4d312e1019
Chicken (meat),Jordan,Zarqa,RETAIL,2023-02-01,3.32,Kg,d39506fa-2302-4c12-8326-0ae8cfecf13c
Chicken (meat),Kazakhstan,Aktau,RETAIL,2023-02-01,3.73,Kg,790dc547-a9e0-41b5-a544-0589b5cc776f
Chicken (meat),Kazakhstan,Almaty,RETAIL,2023-02-01,3.29,Kg,20c64a29-5a56-4f14-adc8-47311ede16ff
Chicken (meat),Kazakhstan,Astana,RETAIL,2023-02-01,3.39,Kg,291bd111-0f2b-458e-ad4b-b7d45769ba46
Chicken (meat),Kazakhstan,Kostanay,RETAIL,2023-02-01,2.99,Kg,7e0198c1-a0fa-429f-894c-17b7c7f3ed81
Chicken (meat),Kazakhstan,National Average,RETAIL,2023-02-01,3.12,Kg,0e786654-5b01-442d-b33d-a82b7643b6bd
Chicken (meat),Kazakhstan,Shymkent,RETAIL,2023-02-01,3.27,Kg,662acf88-7902-421f-a561-8d56e8f048fd
Chicken (meat),Libyan Arab Jamahiriya,Misrata,RETAIL,2023-02-01,2.47,Kg,93404742-2344-4782-b0e9-5e3d8a46a582
Chicken (meat),Libyan Arab Jamahiriya,National Average,RETAIL,2023-02-01,2.61,Kg,ebc9ef56-c9c7-4c9a-af31-be1be6dff1ca
Chicken (meat),Libyan Arab Jamahiriya,Sebha,RETAIL,2023-02-01,2.48,Kg,31676722-fca8-4454-847e-9556c13a9dae
Chicken (meat),Libyan Arab Jamahiriya,Tripoli center,RETAIL,2023-02-01,2.6,Kg,7808e993-e9e2-40c5-88a8-0e7feddee750
Chicken (meat),Syrian Arab Republic,Al-Hasakeh,RETAIL,2023-02-01,4.93,Kg,1da85549-0973-437a-8791-fc2263800fd8
Chicken (meat),Syrian Arab Republic,Dar'a,RETAIL,2023-02-01,8.23,Kg,a89af962-7152-43e5-85ce-945c1e243797
Chicken (meat),Syrian Arab Republic,Deir-ez-Zor,RETAIL,2023-02-01,6.43,Kg,5daf8aea-e065-46a8-9b22-5681fbf40e59
Chicken (meat),Syrian Arab Republic,Duma,RETAIL,2023-02-01,6.95,Kg,d2224364-6418-4cf5-be76-7fa9e9478444
Chicken (meat),Syrian Arab Republic,National Average,RETAIL,2023-02-01,6.3,Kg,7deea02c-1be8-461c-b59d-365d9ba6941f
Chicken (meat),Türkiye,National Average,RETAIL,2023-02-01,2.64,Kg,62585957-01c7-4756-9fe6-ae3404bed8b7
Chicken (meat),Algeria,National Average,RETAIL,2023-03-01,3.37,Kg,e5634d96-bb72-4e2c-8c87-ff7d7812b82b
Chicken (meat),Guinea-Bissau,Bissau-Bandim,RETAIL,2023-03-01,10.03,1 unit,3e4bd495-6004-45ef-83e9-c870472ce929
Chicken (meat),Guinea-Bissau,Bissora,RETAIL,2023-03-01,9.41,1 unit,adfa23e0-b06f-4af6-aecd-002a12f6f3a8
Chicken (meat),Guinea-Bissau,Catio,RETAIL,2023-03-01,3.54,1 unit,363b73b8-0fd2-4d2c-88ad-fd5ae50f3e2b
Chicken (meat),Guinea-Bissau,Gabu,RETAIL,2023-03-01,3.67,1 unit,dbfa3d5a-5dd4-4ec7-990e-98a5143d38cf
Chicken (meat),Guinea-Bissau,National Average,RETAIL,2023-03-01,6.97,1 unit,05824f28-fd3e-4ff2-acd9-2bd2f1be01d1
Chicken (meat),Indonesia,National Average,RETAIL,2023-03-01,2.57,Kg,6d75df6b-51b5-4050-9395-4792482566a7
Chicken (meat),Israel,National Average,RETAIL,2023-03-01,7.3,Kg,7592af4c-3414-416c-8bb7-edb7fda1d3b4
Chicken (meat),Jordan,Al Mafraq,RETAIL,2023-03-01,2.32,Kg,011ffdda-e76a-492d-a928-8bc9deb471c1
Chicken (meat),Jordan,Amman,RETAIL,2023-03-01,3.13,Kg,485ed91e-8045-499f-8e5a-062b63da8020
Chicken (meat),Jordan,Irbid,RETAIL,2023-03-01,3.06,Kg,91dea856-32b9-4ec5-9028-3ddc4052afad
Chicken (meat),Jordan,National Average,RETAIL,2023-03-01,3.03,Kg,e2aa8dc6-8dad-42cd-b6d8-0f4d312e1019
Chicken (meat),Jordan,Zarqa,RETAIL,2023-03-01,3.35,Kg,d39506fa-2302-4c12-8326-0ae8cfecf13c
Chicken (meat),Kazakhstan,Aktau,RETAIL,2023-03-01,3.76,Kg,790dc547-a9e0-41b5-a544-0589b5cc776f
Chicken (meat),Kazakhstan,Almaty,RETAIL,2023-03-01,3.34,Kg,20c64a29-5a56-4f14-adc8-47311ede16ff
Chicken (meat),Kazakhstan,Astana,RETAIL,2023-03-01,3.42,Kg,291bd111-0f2b-458e-ad4b-b7d45769ba46
Chicken (meat),Kazakhstan,Kostanay,RETAIL,2023-03-01,3.0,Kg,7e0198c1-a0fa-429f-894c-17b7c7f3ed81
Chicken (meat),Kazakhstan,National Average,RETAIL,2023-03-01,3.13,Kg,0e786654-5b01-442d-b33d-a82b7643b6bd
Chicken (meat),Kazakhstan,Shymkent,RETAIL,2023-03-01,3.12,Kg,662acf88-7902-421f-a561-8d56e8f048fd
Chicken (meat),Libyan Arab Jamahiriya,Alkufra,RETAIL,2023-03-01,2.91,Kg,a12c0b33-3674-4148-9fc8-19f787054c99
Chicken (meat),Libyan Arab Jamahiriya,Benghazi,RETAIL,2023-03-01,2.81,Kg,f530629c-534b-454b-b0cf-9fe19028fcc4
Chicken (meat),Libyan Arab Jamahiriya,Misrata,RETAIL,2023-03-01,2.7,Kg,93404742-2344-4782-b0e9-5e3d8a46a582
Chicken (meat),Libyan Arab Jamahiriya,National Average,RETAIL,2023-03-01,2.67,Kg,ebc9ef56-c9c7-4c9a-af31-be1be6dff1ca
Chicken (meat),Libyan Arab Jamahiriya,Sebha,RETAIL,2023-03-01,2.36,Kg,31676722-fca8-4454-847e-9556c13a9dae
Chicken (meat),Libyan Arab Jamahiriya,Tripoli center,RETAIL,2023-03-01,2.7,Kg,7808e993-e9e2-40c5-88a8-0e7feddee750
Chicken (meat),Syrian Arab Republic,Al-Hasakeh,RETAIL,2023-03-01,5.77,Kg,1da85549-0973-437a-8791-fc2263800fd8
Chicken (meat),Syrian Arab Republic,Dar'a,RETAIL,2023-03-01,8.74,Kg,a89af962-7152-43e5-85ce-945c1e243797
Chicken (meat),Syrian Arab Republic,Deir-ez-Zor,RETAIL,2023-03-01,6.38,Kg,5daf8aea-e065-46a8-9b22-5681fbf40e59
Chicken (meat),Syrian Arab Republic,Duma,RETAIL,2023-03-01,8.45,Kg,d2224364-6418-4cf5-be76-7fa9e9478444
Chicken (meat),Syrian Arab Republic,National Average,RETAIL,2023-03-01,7.14,Kg,7deea02c-1be8-461c-b59d-365d9ba6941f
Chicken (meat),Türkiye,National Average,RETAIL,2023-03-01,2.77,Kg,62585957-01c7-4756-9fe6-ae3404bed8b7
Chicken (meat),Algeria,National Average,RETAIL,2023-04-01,3.55,Kg,e5634d96-bb72-4e2c-8c87-ff7d7812b82b
Chicken (meat),Algeria,Tindouf,RETAIL,2023-04-01,3.62,Kg,fac878c0-ca57-45d7-b69e-c503b86e7f30
Chicken (meat),Guinea-Bissau,Bissau-Bandim,RETAIL,2023-04-01,10.28,1 unit,3e4bd495-6004-45ef-83e9-c870472ce929
Chicken (meat),Guinea-Bissau,Bissora,RETAIL,2023-04-01,9.65,1 unit,adfa23e0-b06f-4af6-aecd-002a12f6f3a8
Chicken (meat),Guinea-Bissau,Catio,RETAIL,2023-04-01,3.66,1 unit,363b73b8-0fd2-4d2c-88ad-fd5ae50f3e2b
Chicken (meat),Guinea-Bissau,Gabu,RETAIL,2023-04-01,3.77,1 unit,dbfa3d5a-5dd4-4ec7-990e-98a5143d38cf
Chicken (meat),Guinea-Bissau,National Average,RETAIL,2023-04-01,7.0,1 unit,05824f28-fd3e-4ff2-acd9-2bd2f1be01d1
Chicken (meat),Indonesia,National Average,RETAIL,2023-04-01,2.68,Kg,6d75df6b-51b5-4050-9395-4792482566a7
Chicken (meat),Israel,National Average,RETAIL,2023-04-01,7.35,Kg,7592af4c-3414-416c-8bb7-edb7fda1d3b4
Chicken (meat),Jordan,Al Mafraq,RETAIL,2023-04-01,2.32,Kg,011ffdda-e76a-492d-a928-8bc9deb471c1
Chicken (meat),Jordan,Amman,RETAIL,2023-04-01,2.82,Kg,485ed91e-8045-499f-8e5a-062b63da8020
Chicken (meat),Jordan,Irbid,RETAIL,2023-04-01,3.0,Kg,91dea856-32b9-4ec5-9028-3ddc4052afad
Chicken (meat),Jordan,National Average,RETAIL,2023-04-01,2.96,Kg,e2aa8dc6-8dad-42cd-b6d8-0f4d312e1019
Chicken (meat),Jordan,Zarqa,RETAIL,2023-04-01,3.03,Kg,d39506fa-2302-4c12-8326-0ae8cfecf13c
Chicken (meat),Kazakhstan,Aktau,RETAIL,2023-04-01,3.74,Kg,790dc547-a9e0-41b5-a544-0589b5cc776f
Chicken (meat),Kazakhstan,Almaty,RETAIL,2023-04-01,3.33,Kg,20c64a29-5a56-4f14-adc8-47311ede16ff
Chicken (meat),Kazakhstan,Astana,RETAIL,2023-04-01,3.41,Kg,291bd111-0f2b-458e-ad4b-b7d45769ba46
Chicken (meat),Kazakhstan,Kostanay,RETAIL,2023-04-01,2.99,Kg,7e0198c1-a0fa-429f-894c-17b7c7f3ed81
Chicken (meat),Kazakhstan,National Average,RETAIL,2023-04-01,3.12,Kg,0e786654-5b01-442d-b33d-a82b7643b6bd
Chicken (meat),Kazakhstan,Shymkent,RETAIL,2023-04-01,3.12,Kg,662acf88-7902-421f-a561-8d56e8f048fd
Chicken (meat),Libyan Arab Jamahiriya,Benghazi,RETAIL,2023-04-01,2.94,Kg,f530629c-534b-454b-b0cf-9fe19028fcc4
Chicken (meat),Libyan Arab Jamahiriya,National Average,RETAIL,2023-04-01,2.74,Kg,ebc9ef56-c9c7-4c9a-af31-be1be6dff1ca
Chicken (meat),Libyan Arab Jamahiriya,Sebha,RETAIL,2023-04-01,2.56,Kg,31676722-fca8-4454-847e-9556c13a9dae
Chicken (meat),Libyan Arab Jamahiriya,Tripoli center,RETAIL,2023-04-01,2.73,Kg,7808e993-e9e2-40c5-88a8-0e7feddee750
Chicken (meat),Syrian Arab Republic,Al-Hasakeh,RETAIL,2023-04-01,5.97,Kg,1da85549-0973-437a-8791-fc2263800fd8
Chicken (meat),Syrian Arab Republic,Dar'a,RETAIL,2023-04-01,8.62,Kg,a89af962-7152-43e5-85ce-945c1e243797
Chicken (meat),Syrian Arab Republic,Deir-ez-Zor,RETAIL,2023-04-01,7.74,Kg,5daf8aea-e065-46a8-9b22-5681fbf40e59
Chicken (meat),Syrian Arab Republic,Duma,RETAIL,2023-04-01,7.9,Kg,d2224364-6418-4cf5-be76-7fa9e9478444
Chicken (meat),Syrian Arab Republic,National Average,RETAIL,2023-04-01,7.55,Kg,7deea02c-1be8-461c-b59d-365d9ba6941f
Chicken (meat),Türkiye,National Average,RETAIL,2023-04-01,2.99,Kg,62585957-01c7-4756-9fe6-ae3404bed8b7
Chicken (meat),Algeria,National Average,RETAIL,2023-05-01,3.51,Kg,e5634d96-bb72-4e2c-8c87-ff7d7812b82b
Chicken (meat),Guinea-Bissau,Bissau-Bandim,RETAIL,2023-05-01,7.46,1 unit,3e4bd495-6004-45ef-83e9-c870472ce929
Chicken (meat),Guinea-Bissau,Bissora,RETAIL,2023-05-01,5.8,1 unit,adfa23e0-b06f-4af6-aecd-002a12f6f3a8
Chicken (meat),Guinea-Bissau,Catio,RETAIL,2023-05-01,5.25,1 unit,363b73b8-0fd2-4d2c-88ad-fd5ae50f3e2b
Chicken (meat),Guinea-Bissau,Gabu,RETAIL,2023-05-01,3.59,1 unit,dbfa3d5a-5dd4-4ec7-990e-98a5143d38cf
Chicken (meat),Guinea-Bissau,National Average,RETAIL,2023-05-01,6.82,1 unit,05824f28-fd3e-4ff2-acd9-2bd2f1be01d1
Chicken (meat),Indonesia,National Average,RETAIL,2023-05-01,2.75,Kg,6d75df6b-51b5-4050-9395-4792482566a7
Chicken (meat),Israel,National Average,RETAIL,2023-05-01,7.02,Kg,7592af4c-3414-416c-8bb7-edb7fda1d3b4
Chicken (meat),Jordan,Al Mafraq,RETAIL,2023-05-01,2.25,Kg,011ffdda-e76a-492d-a928-8bc9deb471c1
Chicken (meat),Jordan,Amman,RETAIL,2023-05-01,2.94,Kg,485ed91e-8045-499f-8e5a-062b63da8020
Chicken (meat),Jordan,Irbid,RETAIL,2023-05-01,2.99,Kg,91dea856-32b9-4ec5-9028-3ddc4052afad
Chicken (meat),Jordan,National Average,RETAIL,2023-05-01,2.97,Kg,e2aa8dc6-8dad-42cd-b6d8-0f4d312e1019
Chicken (meat),Jordan,Zarqa,RETAIL,2023-05-01,3.06,Kg,d39506fa-2302-4c12-8326-0ae8cfecf13c
Chicken (meat),Kazakhstan,Aktau,RETAIL,2023-05-01,3.85,Kg,790dc547-a9e0-41b5-a544-0589b5cc776f
Chicken (meat),Kazakhstan,Almaty,RETAIL,2023-05-01,3.44,Kg,20c64a29-5a56-4f14-adc8-47311ede16ff
Chicken (meat),Kazakhstan,Astana,RETAIL,2023-05-01,3.61,Kg,291bd111-0f2b-458e-ad4b-b7d45769ba46
Chicken (meat),Kazakhstan,Kostanay,RETAIL,2023-05-01,3.23,Kg,7e0198c1-a0fa-429f-894c-17b7c7f3ed81
Chicken (meat),Kazakhstan,National Average,RETAIL,2023-05-01,3.19,Kg,0e786654-5b01-442d-b33d-a82b7643b6bd
Chicken (meat),Kazakhstan,Shymkent,RETAIL,2023-05-01,3.1,Kg,662acf88-7902-421f-a561-8d56e8f048fd
Chicken (meat),Türkiye,National Average,RETAIL,2023-05-01,3.12,Kg,62585957-01c7-4756-9fe6-ae3404bed8b7
Chicken (meat),Algeria,National Average,RETAIL,2023-06-01,3.1,Kg,e5634d96-bb72-4e2c-8c87-ff7d7812b82b
Chicken (meat),Algeria,Tindouf,RETAIL,2023-06-01,4.05,Kg,fac878c0-ca57-45d7-b69e-c503b86e7f30
Chicken (meat),Guinea-Bissau,Bissau-Bandim,RETAIL,2023-06-01,6.61,1 unit,3e4bd495-6004-45ef-83e9-c870472ce929
Chicken (meat),Guinea-Bissau,Bissora,RETAIL,2023-06-01,7.85,1 unit,adfa23e0-b06f-4af6-aecd-002a12f6f3a8
Chicken (meat),Guinea-Bissau,Catio,RETAIL,2023-06-01,5.51,1 unit,363b73b8-0fd2-4d2c-88ad-fd5ae50f3e2b
Chicken (meat),Guinea-Bissau,Gabu,RETAIL,2023-06-01,3.31,1 unit,dbfa3d5a-5dd4-4ec7-990e-98a5143d38cf
Chicken (meat),Guinea-Bissau,National Average,RETAIL,2023-06-01,7.08,1 unit,05824f28-fd3e-4ff2-acd9-2bd2f1be01d1
Chicken (meat),Indonesia,National Average,RETAIL,2023-06-01,2.86,Kg,6d75df6b-51b5-4050-9395-4792482566a7
Chicken (meat),Israel,National Average,RETAIL,2023-06-01,7.16,Kg,7592af4c-3414-416c-8bb7-edb7fda1d3b4
Chicken (meat),Jordan,Al Mafraq,RETAIL,2023-06-01,2.52,Kg,011ffdda-e76a-492d-a928-8bc9deb471c1
Chicken (meat),Jordan,Amman,RETAIL,2023-06-01,3.23,Kg,485ed91e-8045-499f-8e5a-062b63da8020
Chicken (meat),Jordan,Irbid,RETAIL,2023-06-01,3.41,Kg,91dea856-32b9-4ec5-9028-3ddc4052afad
Chicken (meat),Jordan,National Average,RETAIL,2023-06-01,3.17,Kg,e2aa8dc6-8dad-42cd-b6d8-0f4d312e1019
Chicken (meat),Jordan,Zarqa,RETAIL,2023-06-01,3.21,Kg,d39506fa-2302-4c12-8326-0ae8cfecf13c
Chicken (meat),Kazakhstan,Aktau,RETAIL,2023-06-01,3.83,Kg,790dc547-a9e0-41b5-a544-0589b5cc776f
Chicken (meat),Kazakhstan,Almaty,RETAIL,2023-06-01,3.42,Kg,20c64a29-5a56-4f14-adc8-47311ede16ff
Chicken (meat),Kazakhstan,Astana,RETAIL,2023-06-01,3.6,Kg,291bd111-0f2b-458e-ad4b-b7d45769ba46
Chicken (meat),Kazakhstan,Kostanay,RETAIL,2023-06-01,3.21,Kg,7e0198c1-a0fa-429f-894c-17b7c7f3ed81
Chicken (meat),Kazakhstan,National Average,RETAIL,2023-06-01,3.18,Kg,0e786654-5b01-442d-b33d-a82b7643b6bd
Chicken (meat),Kazakhstan,Shymkent,RETAIL,2023-06-01,3.14,Kg,662acf88-7902-421f-a561-8d56e8f048fd
Chicken (meat),Libyan Arab Jamahiriya,National Average,RETAIL,2023-06-01,2.49,Kg,ebc9ef56-c9c7-4c9a-af31-be1be6dff1ca
Chicken (meat),Libyan Arab Jamahiriya,Sebha,RETAIL,2023-06-01,2.49,Kg,31676722-fca8-4454-847e-9556c13a9dae
Chicken (meat),Libyan Arab Jamahiriya,Tripoli center,RETAIL,2023-06-01,2.49,Kg,7808e993-e9e2-40c5-88a8-0e7feddee750
Chicken (meat),Syrian Arab Republic,Al-Hasakeh,RETAIL,2023-06-01,5.97,Kg,1da85549-0973-437a-8791-fc2263800fd8
Chicken (meat),Syrian Arab Republic,Dar'a,RETAIL,2023-06-01,7.89,Kg,a89af962-7152-43e5-85ce-945c1e243797
Chicken (meat),Syrian Arab Republic,Deir-ez-Zor,RETAIL,2023-06-01,7.06,Kg,5daf8aea-e065-46a8-9b22-5681fbf40e59
Chicken (meat),Syrian Arab Republic,Duma,RETAIL,2023-06-01,7.45,Kg,d2224364-6418-4cf5-be76-7fa9e9478444
Chicken (meat),Syrian Arab Republic,National Average,RETAIL,2023-06-01,7.44,Kg,7deea02c-1be8-461c-b59d-365d9ba6941f
Chicken (meat),Türkiye,National Average,RETAIL,2023-06-01,2.62,Kg,62585957-01c7-4756-9fe6-ae3404bed8b7
Chicken (meat),Algeria,National Average,RETAIL,2023-07-01,2.88,Kg,e5634d96-bb72-4e2c-8c87-ff7d7812b82b
Chicken (meat),Algeria,Tindouf,RETAIL,2023-07-01,3.48,Kg,fac878c0-ca57-45d7-b69e-c503b86e7f30
Chicken (meat),Guinea-Bissau,Bissau-Bandim,RETAIL,2023-07-01,7.3,1 unit,3e4bd495-6004-45ef-83e9-c870472ce929
Chicken (meat),Guinea-Bissau,Bissora,RETAIL,2023-07-01,6.32,1 unit,adfa23e0-b06f-4af6-aecd-002a12f6f3a8
Chicken (meat),Guinea-Bissau,Catio,RETAIL,2023-07-01,5.62,1 unit,363b73b8-0fd2-4d2c-88ad-fd5ae50f3e2b
Chicken (meat),Guinea-Bissau,Gabu,RETAIL,2023-07-01,3.65,1 unit,dbfa3d5a-5dd4-4ec7-990e-98a5143d38cf
Chicken (meat),Guinea-Bissau,National Average,RETAIL,2023-07-01,6.97,1 unit,05824f28-fd3e-4ff2-acd9-2bd2f1be01d1
Chicken (meat),Indonesia,National Average,RETAIL,2023-07-01,2.92,Kg,6d75df6b-51b5-4050-9395-4792482566a7
Chicken (meat),Israel,National Average,RETAIL,2023-07-01,7.06,Kg,7592af4c-3414-416c-8bb7-edb7fda1d3b4
Chicken (meat),Jordan,Al Mafraq,RETAIL,2023-07-01,2.37,Kg,011ffdda-e76a-492d-a928-8bc9deb471c1
Chicken (meat),Jordan,Amman,RETAIL,2023-07-01,3.34,Kg,485ed91e-8045-499f-8e5a-062b63da8020
Chicken (meat),Jordan,Irbid,RETAIL,2023-07-01,3.31,Kg,91dea856-32b9-4ec5-9028-3ddc4052afad
Chicken (meat),Jordan,National Average,RETAIL,2023-07-01,3.27,Kg,e2aa8dc6-8dad-42cd-b6d8-0f4d312e1019
Chicken (meat),Jordan,Zarqa,RETAIL,2023-07-01,3.34,Kg,d39506fa-2302-4c12-8326-0ae8cfecf13c
Chicken (meat),Kazakhstan,Aktau,RETAIL,2023-07-01,3.92,Kg,790dc547-a9e0-41b5-a544-0589b5cc776f
Chicken (meat),Kazakhstan,Almaty,RETAIL,2023-07-01,3.45,Kg,20c64a29-5a56-4f14-adc8-47311ede16ff
Chicken (meat),Kazakhstan,Astana,RETAIL,2023-07-01,3.77,Kg,291bd111-0f2b-458e-ad4b-b7d45769ba46
Chicken (meat),Kazakhstan,Kostanay,RETAIL,2023-07-01,3.24,Kg,7e0198c1-a0fa-429f-894c-17b7c7f3ed81
Chicken (meat),Kazakhstan,National Average,RETAIL,2023-07-01,3.22,Kg,0e786654-5b01-442d-b33d-a82b7643b6bd
Chicken (meat),Kazakhstan,Shymkent,RETAIL,2023-07-01,3.17,Kg,662acf88-7902-421f-a561-8d56e8f048fd
Chicken (meat),Libyan Arab Jamahiriya,Algatroun,RETAIL,2023-07-01,2.3,Kg,4b90ba35-06e6-49aa-982a-d9d01b8c1556
Chicken (meat),Libyan Arab Jamahiriya,Alkufra,RETAIL,2023-07-01,2.09,Kg,a12c0b33-3674-4148-9fc8-19f787054c99
Chicken (meat),Libyan Arab Jamahiriya,Benghazi,RETAIL,2023-07-01,2.09,Kg,f530629c-534b-454b-b0cf-9fe19028fcc4
Chicken (meat),Libyan Arab Jamahiriya,Misrata,RETAIL,2023-07-01,2.09,Kg,93404742-2344-4782-b0e9-5e3d8a46a582
Chicken (meat),Libyan Arab Jamahiriya,Murzuq,RETAIL,2023-07-01,3.14,Kg,7aaa0e6c-3e7e-4826-b759-39f28be91e32
Chicken (meat),Libyan Arab Jamahiriya,National Average,RETAIL,2023-07-01,2.52,Kg,ebc9ef56-c9c7-4c9a-af31-be1be6dff1ca
Chicken (meat),Libyan Arab Jamahiriya,Sebha,RETAIL,2023-07-01,4.19,Kg,31676722-fca8-4454-847e-9556c13a9dae
Chicken (meat),Libyan Arab Jamahiriya,Tripoli center,RETAIL,2023-07-01,1.62,Kg,7808e993-e9e2-40c5-88a8-0e7feddee750
Chicken (meat),Syrian Arab Republic,Al-Hasakeh,RETAIL,2023-07-01,6.29,Kg,1da85549-0973-437a-8791-fc2263800fd8
Chicken (meat),Syrian Arab Republic,Dar'a,RETAIL,2023-07-01,7.97,Kg,a89af962-7152-43e5-85ce-945c1e243797
Chicken (meat),Syrian Arab Republic,Deir-ez-Zor,RETAIL,2023-07-01,7.44,Kg,5daf8aea-e065-46a8-9b22-5681fbf40e59
Chicken (meat),Syrian Arab Republic,Duma,RETAIL,2023-07-01,7.32,Kg,d2224364-6418-4cf5-be76-7fa9e9478444
Chicken (meat),Syrian Arab Republic,National Average,RETAIL,2023-07-01,7.54,Kg,7deea02c-1be8-461c-b59d-365d9ba6941f
Chicken (meat),Türkiye,National Average,RETAIL,2023-07-01,2.38,Kg,62585957-01c7-4756-9fe6-ae3404bed8b7
Chicken (meat),Algeria,National Average,RETAIL,2023-08-01,3.44,Kg,e5634d96-bb72-4e2c-8c87-ff7d7812b82b
Chicken (meat),Guinea-Bissau,Bissau-Bandim,RETAIL,2023-08-01,7.21,1 unit,3e4bd495-6004-45ef-83e9-c870472ce929
Chicken (meat),Guinea-Bissau,Bissora,RETAIL,2023-08-01,6.86,1 unit,adfa23e0-b06f-4af6-aecd-002a12f6f3a8
Chicken (meat),Guinea-Bissau,Catio,RETAIL,2023-08-01,6.1,1 unit,363b73b8-0fd2-4d2c-88ad-fd5ae50f3e2b
Chicken (meat),Guinea-Bissau,Gabu,RETAIL,2023-08-01,3.46,1 unit,dbfa3d5a-5dd4-4ec7-990e-98a5143d38cf
Chicken (meat),Guinea-Bissau,National Average,RETAIL,2023-08-01,7.0,1 unit,05824f28-fd3e-4ff2-acd9-2bd2f1be01d1
Chicken (meat),Indonesia,National Average,RETAIL,2023-08-01,2.74,Kg,6d75df6b-51b5-4050-9395-4792482566a7
Chicken (meat),Israel,National Average,RETAIL,2023-08-01,6.88,Kg,7592af4c-3414-416c-8bb7-edb7fda1d3b4
Chicken (meat),Jordan,Al Mafraq,RETAIL,2023-08-01,2.06,Kg,011ffdda-e76a-492d-a928-8bc9deb471c1
Chicken (meat),Jordan,Amman,RETAIL,2023-08-01,3.23,Kg,485ed91e-8045-499f-8e5a-062b63da8020
Chicken (meat),Jordan,Irbid,RETAIL,2023-08-01,3.03,Kg,91dea856-32b9-4ec5-9028-3ddc4052afad
Chicken (meat),Jordan,National Average,RETAIL,2023-08-01,3.08,Kg,e2aa8dc6-8dad-42cd-b6d8-0f4d312e1019
Chicken (meat),Jordan,Zarqa,RETAIL,2023-08-01,3.1,Kg,d39506fa-2302-4c12-8326-0ae8cfecf13c
Chicken (meat),Kazakhstan,Aktau,RETAIL,2023-08-01,3.87,Kg,790dc547-a9e0-41b5-a544-0589b5cc776f
Chicken (meat),Kazakhstan,Almaty,RETAIL,2023-08-01,3.4,Kg,20c64a29-5a56-4f14-adc8-47311ede16ff
Chicken (meat),Kazakhstan,Astana,RETAIL,2023-08-01,3.69,Kg,291bd111-0f2b-458e-ad4b-b7d45769ba46
Chicken (meat),Kazakhstan,Kostanay,RETAIL,2023-08-01,3.19,Kg,7e0198c1-a0fa-429f-894c-17b7c7f3ed81
Chicken (meat),Kazakhstan,National Average,RETAIL,2023-08-01,3.17,Kg,0e786654-5b01-442d-b33d-a82b7643b6bd
Chicken (meat),Kazakhstan,Shymkent,RETAIL,2023-08-01,3.13,Kg,662acf88-7902-421f-a561-8d56e8f048fd
Chicken (meat),Libyan Arab Jamahiriya,Algatroun,RETAIL,2023-08-01,5.2,Kg,4b90ba35-06e6-49aa-982a-d9d01b8c1556
Chicken (meat),Libyan Arab Jamahiriya,Alkufra,RETAIL,2023-08-01,2.08,Kg,a12c0b33-3674-4148-9fc8-19f787054c99
Chicken (meat),Libyan Arab Jamahiriya,Benghazi,RETAIL,2023-08-01,2.27,Kg,f530629c-534b-454b-b0cf-9fe19028fcc4
Chicken (meat),Libyan Arab Jamahiriya,Misrata,RETAIL,2023-08-01,2.27,Kg,93404742-2344-4782-b0e9-5e3d8a46a582
Chicken (meat),Libyan Arab Jamahiriya,Murzuq,RETAIL,2023-08-01,3.12,Kg,7aaa0e6c-3e7e-4826-b759-39f28be91e32
Chicken (meat),Libyan Arab Jamahiriya,National Average,RETAIL,2023-08-01,2.77,Kg,ebc9ef56-c9c7-4c9a-af31-be1be6dff1ca
Chicken (meat),Libyan Arab Jamahiriya,Sebha,RETAIL,2023-08-01,3.74,Kg,31676722-fca8-4454-847e-9556c13a9dae
Chicken (meat),Libyan Arab Jamahiriya,Tripoli center,RETAIL,2023-08-01,2.45,Kg,7808e993-e9e2-40c5-88a8-0e7feddee750
Chicken (meat),Syrian Arab Republic,Al-Hasakeh,RETAIL,2023-08-01,3.36,Kg,1da85549-0973-437a-8791-fc2263800fd8
Chicken (meat),Syrian Arab Republic,Dar'a,RETAIL,2023-08-01,3.19,Kg,a89af962-7152-43e5-85ce-945c1e243797
Chicken (meat),Syrian Arab Republic,Deir-ez-Zor,RETAIL,2023-08-01,3.52,Kg,5daf8aea-e065-46a8-9b22-5681fbf40e59
Chicken (meat),Syrian Arab Republic,Duma,RETAIL,2023-08-01,3.04,Kg,d2224364-6418-4cf5-be76-7fa9e9478444
Chicken (meat),Syrian Arab Republic,National Average,RETAIL,2023-08-01,3.18,Kg,7deea02c-1be8-461c-b59d-365d9ba6941f
Chicken (meat),Türkiye,National Average,RETAIL,2023-08-01,2.41,Kg,62585957-01c7-4756-9fe6-ae3404bed8b7
Chicken (meat),Algeria,National Average,RETAIL,2023-09-01,4.07,Kg,e5634d96-bb72-4e2c-8c87-ff7d7812b82b
Chicken (meat),Guinea-Bissau,Bissau-Bandim,RETAIL,2023-09-01,8.06,1 unit,3e4bd495-6004-45ef-83e9-c870472ce929
Chicken (meat),Guinea-Bissau,Bissora,RETAIL,2023-09-01,6.11,1 unit,adfa23e0-b06f-4af6-aecd-002a12f6f3a8
Chicken (meat),Guinea-Bissau,Catio,RETAIL,2023-09-01,5.16,1 unit,363b73b8-0fd2-4d2c-88ad-fd5ae50f3e2b
Chicken (meat),Guinea-Bissau,Gabu,RETAIL,2023-09-01,3.53,1 unit,dbfa3d5a-5dd4-4ec7-990e-98a5143d38cf
Chicken (meat),Guinea-Bissau,National Average,RETAIL,2023-09-01,6.65,1 unit,05824f28-fd3e-4ff2-acd9-2bd2f1be01d1
Chicken (meat),Indonesia,National Average,RETAIL,2023-09-01,2.71,Kg,6d75df6b-51b5-4050-9395-4792482566a7
Chicken (meat),Israel,National Average,RETAIL,2023-09-01,6.75,Kg,7592af4c-3414-416c-8bb7-edb7fda1d3b4
Chicken (meat),Jordan,Al Mafraq,RETAIL,2023-09-01,1.94,Kg,011ffdda-e76a-492d-a928-8bc9deb471c1
Chicken (meat),Jordan,Amman,RETAIL,2023-09-01,3.3,Kg,485ed91e-8045-499f-8e5a-062b63da8020
Chicken (meat),Jordan,Irbid,RETAIL,2023-09-01,2.92,Kg,91dea856-32b9-4ec5-9028-3ddc4052afad
Chicken (meat),Jordan,National Average,RETAIL,2023-09-01,3.07,Kg,e2aa8dc6-8dad-42cd-b6d8-0f4d312e1019
Chicken (meat),Jordan,Zarqa,RETAIL,2023-09-01,3.14,Kg,d39506fa-2302-4c12-8326-0ae8cfecf13c
Chicken (meat),Kazakhstan,Aktau,RETAIL,2023-09-01,3.74,Kg,790dc547-a9e0-41b5-a544-0589b5cc776f
Chicken (meat),Kazakhstan,Almaty,RETAIL,2023-09-01,3.29,Kg,20c64a29-5a56-4f14-adc8-47311ede16ff
Chicken (meat),Kazakhstan,Astana,RETAIL,2023-09-01,3.57,Kg,291bd111-0f2b-458e-ad4b-b7d45769ba46
Chicken (meat),Kazakhstan,Kostanay,RETAIL,2023-09-01,3.07,Kg,7e0198c1-a0fa-429f-894c-17b7c7f3ed81
Chicken (meat),Kazakhstan,National Average,RETAIL,2023-09-01,3.07,Kg,0e786654-5b01-442d-b33d-a82b7643b6bd
Chicken (meat),Kazakhstan,Shymkent,RETAIL,2023-09-01,3.02,Kg,662acf88-7902-421f-a561-8d56e8f048fd
Chicken (meat),Libyan Arab Jamahiriya,Algatroun,RETAIL,2023-09-01,4.12,Kg,4b90ba35-06e6-49aa-982a-d9d01b8c1556
Chicken (meat),Libyan Arab Jamahiriya,Alkufra,RETAIL,2023-09-01,2.47,Kg,a12c0b33-3674-4148-9fc8-19f787054c99
Chicken (meat),Libyan Arab Jamahiriya,Benghazi,RETAIL,2023-09-01,2.27,Kg,f530629c-534b-454b-b0cf-9fe19028fcc4
Chicken (meat),Libyan Arab Jamahiriya,Misrata,RETAIL,2023-09-01,2.58,Kg,93404742-2344-4782-b0e9-5e3d8a46a582
Chicken (meat),Libyan Arab Jamahiriya,Murzuq,RETAIL,2023-09-01,3.3,Kg,7aaa0e6c-3e7e-4826-b759-39f28be91e32
Chicken (meat),Libyan Arab Jamahiriya,National Average,RETAIL,2023-09-01,2.82,Kg,ebc9ef56-c9c7-4c9a-af31-be1be6dff1ca
Chicken (meat),Libyan Arab Jamahiriya,Sebha,RETAIL,2023-09-01,3.77,Kg,31676722-fca8-4454-847e-9556c13a9dae
Chicken (meat),Libyan Arab Jamahiriya,Tripoli center,RETAIL,2023-09-01,2.49,Kg,7808e993-e9e2-40c5-88a8-0e7feddee750
Chicken (meat),Syrian Arab Republic,Al-Hasakeh,RETAIL,2023-09-01,4.35,Kg,1da85549-0973-437a-8791-fc2263800fd8
Chicken (meat),Syrian Arab Republic,Dar'a,RETAIL,2023-09-01,4.1,Kg,a89af962-7152-43e5-85ce-945c1e243797
Chicken (meat),Syrian Arab Republic,Deir-ez-Zor,RETAIL,2023-09-01,4.26,Kg,5daf8aea-e065-46a8-9b22-5681fbf40e59
Chicken (meat),Syrian Arab Republic,Duma,RETAIL,2023-09-01,3.37,Kg,d2224364-6418-4cf5-be76-7fa9e9478444
Chicken (meat),Syrian Arab Republic,National Average,RETAIL,2023-09-01,3.73,Kg,7deea02c-1be8-461c-b59d-365d9ba6941f
Chicken (meat),Türkiye,National Average,RETAIL,2023-09-01,2.48,Kg,62585957-01c7-4756-9fe6-ae3404bed8b7
Chicken (meat),Algeria,National Average,RETAIL,2023-10-01,3.54,Kg,e5634d96-bb72-4e2c-8c87-ff7d7812b82b
Chicken (meat),Algeria,Tindouf,RETAIL,2023-10-01,4.08,Kg,fac878c0-ca57-45d7-b69e-c503b86e7f30
Chicken (meat),Guinea-Bissau,Bissau-Bandim,RETAIL,2023-10-01,6.44,1 unit,3e4bd495-6004-45ef-83e9-c870472ce929
Chicken (meat),Guinea-Bissau,Bissora,RETAIL,2023-10-01,7.38,1 unit,adfa23e0-b06f-4af6-aecd-002a12f6f3a8
Chicken (meat),Guinea-Bissau,Catio,RETAIL,2023-10-01,5.37,1 unit,363b73b8-0fd2-4d2c-88ad-fd5ae50f3e2b
Chicken (meat),Guinea-Bissau,Gabu,RETAIL,2023-10-01,3.09,1 unit,dbfa3d5a-5dd4-4ec7-990e-98a5143d38cf
Chicken (meat),Guinea-Bissau,National Average,RETAIL,2023-10-01,6.79,1 unit,05824f28-fd3e-4ff2-acd9-2bd2f1be01d1
Chicken (meat),Indonesia,National Average,RETAIL,2023-10-01,2.63,Kg,6d75df6b-51b5-4050-9395-4792482566a7
Chicken (meat),Israel,National Average,RETAIL,2023-10-01,7.05,Kg,7592af4c-3414-416c-8bb7-edb7fda1d3b4
Chicken (meat),Jordan,Al Mafraq,RETAIL,2023-10-01,1.9,Kg,011ffdda-e76a-492d-a928-8bc9deb471c1
Chicken (meat),Jordan,Amman,RETAIL,2023-10-01,3.3,Kg,485ed91e-8045-499f-8e5a-062b63da8020
Chicken (meat),Jordan,Irbid,RETAIL,2023-10-01,2.79,Kg,91dea856-32b9-4ec5-9028-3ddc4052afad
Chicken (meat),Jordan,National Average,RETAIL,2023-10-01,3.03,Kg,e2aa8dc6-8dad-42cd-b6d8-0f4d312e1019
Chicken (meat),Jordan,Zarqa,RETAIL,2023-10-01,3.14,Kg,d39506fa-2302-4c12-8326-0ae8cfecf13c
Chicken (meat),Kazakhstan,Aktau,RETAIL,2023-10-01,3.67,Kg,790dc547-a9e0-41b5-a544-0589b5cc776f
Chicken (meat),Kazakhstan,Almaty,RETAIL,2023-10-01,3.25,Kg,20c64a29-5a56-4f14-adc8-47311ede16ff
Chicken (meat),Kazakhstan,Astana,RETAIL,2023-10-01,3.5,Kg,291bd111-0f2b-458e-ad4b-b7d45769ba46
Chicken (meat),Kazakhstan,Kostanay,RETAIL,2023-10-01,3.01,Kg,7e0198c1-a0fa-429f-894c-17b7c7f3ed81
Chicken (meat),Kazakhstan,National Average,RETAIL,2023-10-01,3.02,Kg,0e786654-5b01-442d-b33d-a82b7643b6bd
Chicken (meat),Kazakhstan,Shymkent,RETAIL,2023-10-01,3.09,Kg,662acf88-7902-421f-a561-8d56e8f048fd
Chicken (meat),Libyan Arab Jamahiriya,Algatroun,RETAIL,2023-10-01,5.11,Kg,4b90ba35-06e6-49aa-982a-d9d01b8c1556
Chicken (meat),Libyan Arab Jamahiriya,Alkufra,RETAIL,2023-10-01,2.5,Kg,a12c0b33-3674-4148-9fc8-19f787054c99
Chicken (meat),Libyan Arab Jamahiriya,Benghazi,RETAIL,2023-10-01,1.13,Kg,f530629c-534b-454b-b0cf-9fe19028fcc4
Chicken (meat),Libyan Arab Jamahiriya,Misrata,RETAIL,2023-10-01,2.04,Kg,93404742-2344-4782-b0e9-5e3d8a46a582
Chicken (meat),Libyan Arab Jamahiriya,Murzuq,RETAIL,2023-10-01,3.07,Kg,7aaa0e6c-3e7e-4826-b759-39f28be91e32
Chicken (meat),Libyan Arab Jamahiriya,National Average,RETAIL,2023-10-01,2.83,Kg,ebc9ef56-c9c7-4c9a-af31-be1be6dff1ca
Chicken (meat),Libyan Arab Jamahiriya,Sebha,RETAIL,2023-10-01,4.09,Kg,31676722-fca8-4454-847e-9556c13a9dae
Chicken (meat),Libyan Arab Jamahiriya,Tripoli center,RETAIL,2023-10-01,2.17,Kg,7808e993-e9e2-40c5-88a8-0e7feddee750
Chicken (meat),Syrian Arab Republic,Al-Hasakeh,RETAIL,2023-10-01,3.46,Kg,1da85549-0973-437a-8791-fc2263800fd8
Chicken (meat),Syrian Arab Republic,Dar'a,RETAIL,2023-10-01,3.09,Kg,a89af962-7152-43e5-85ce-945c1e243797
Chicken (meat),Syrian Arab Republic,Deir-ez-Zor,RETAIL,2023-10-01,3.23,Kg,5daf8aea-e065-46a8-9b22-5681fbf40e59
Chicken (meat),Syrian Arab Republic,Duma,RETAIL,2023-10-01,2.48,Kg,d2224364-6418-4cf5-be76-7fa9e9478444
Chicken (meat),Syrian Arab Republic,National Average,RETAIL,2023-10-01,2.84,Kg,7deea02c-1be8-461c-b59d-365d9ba6941f
Chicken (meat),Türkiye,National Average,RETAIL,2023-10-01,2.52,Kg,62585957-01c7-4756-9fe6-ae3404bed8b7
Chicken (meat),Algeria,National Average,RETAIL,2023-11-01,4.18,Kg,e5634d96-bb72-4e2c-8c87-ff7d7812b82b
Chicken (meat),Guinea-Bissau,Bissau-Bandim,RETAIL,2023-11-01,7.41,1 unit,3e4bd495-6004-45ef-83e9-c870472ce929
Chicken (meat),Guinea-Bissau,Bissora,RETAIL,2023-11-01,4.94,1 unit,adfa23e0-b06f-4af6-aecd-002a12f6f3a8
Chicken (meat),Guinea-Bissau,Catio,RETAIL,2023-11-01,5.49,1 unit,363b73b8-0fd2-4d2c-88ad-fd5ae50f3e2b
Chicken (meat),Guinea-Bissau,Gabu,RETAIL,2023-11-01,3.62,1 unit,dbfa3d5a-5dd4-4ec7-990e-98a5143d38cf
Chicken (meat),Guinea-Bissau,National Average,RETAIL,2023-11-01,6.62,1 unit,05824f28-fd3e-4ff2-acd9-2bd2f1be01d1
Chicken (meat),Indonesia,National Average,RETAIL,2023-11-01,2.63,Kg,6d75df6b-51b5-4050-9395-4792482566a7
Chicken (meat),Israel,National Average,RETAIL,2023-11-01,6.84,Kg,7592af4c-3414-416c-8bb7-edb7fda1d3b4
Chicken (meat),Jordan,Al Mafraq,RETAIL,2023-11-01,1.85,Kg,011ffdda-e76a-492d-a928-8bc9deb471c1
Chicken (meat),Jordan,Amman,RETAIL,2023-11-01,3.27,Kg,485ed91e-8045-499f-8e5a-062b63da8020
Chicken (meat),Jordan,Irbid,RETAIL,2023-11-01,2.62,Kg,91dea856-32b9-4ec5-9028-3ddc4052afad
Chicken (meat),Jordan,National Average,RETAIL,2023-11-01,2.99,Kg,e2aa8dc6-8dad-42cd-b6d8-0f4d312e1019
Chicken (meat),Jordan,Zarqa,RETAIL,2023-11-01,3.07,Kg,d39506fa-2302-4c12-8326-0ae8cfecf13c
Chicken (meat),Kazakhstan,Aktau,RETAIL,2023-11-01,3.77,Kg,790dc547-a9e0-41b5-a544-0589b5cc776f
Chicken (meat),Kazakhstan,Almaty,RETAIL,2023-11-01,3.36,Kg,20c64a29-5a56-4f14-adc8-47311ede16ff
Chicken (meat),Kazakhstan,Astana,RETAIL,2023-11-01,3.57,Kg,291bd111-0f2b-458e-ad4b-b7d45769ba46
Chicken (meat),Kazakhstan,Kostanay,RETAIL,2023-11-01,3.09,Kg,7e0198c1-a0fa-429f-894c-17b7c7f3ed81
Chicken (meat),Kazakhstan,National Average,RETAIL,2023-11-01,3.12,Kg,0e786654-5b01-442d-b33d-a82b7643b6bd
Chicken (meat),Kazakhstan,Shymkent,RETAIL,2023-11-01,3.18,Kg,662acf88-7902-421f-a561-8d56e8f048fd
Chicken (meat),Libyan Arab Jamahiriya,Algatroun,RETAIL,2023-11-01,5.16,Kg,4b90ba35-06e6-49aa-982a-d9d01b8c1556
Chicken (meat),Libyan Arab Jamahiriya,Alkufra,RETAIL,2023-11-01,2.54,Kg,a12c0b33-3674-4148-9fc8-19f787054c99
Chicken (meat),Libyan Arab Jamahiriya,Benghazi,RETAIL,2023-11-01,1.24,Kg,f530629c-534b-454b-b0cf-9fe19028fcc4
Chicken (meat),Libyan Arab Jamahiriya,Misrata,RETAIL,2023-11-01,2.68,Kg,93404742-2344-4782-b0e9-5e3d8a46a582
Chicken (meat),Libyan Arab Jamahiriya,Murzuq,RETAIL,2023-11-01,3.1,Kg,7aaa0e6c-3e7e-4826-b759-39f28be91e32
Chicken (meat),Libyan Arab Jamahiriya,National Average,RETAIL,2023-11-01,3.13,Kg,ebc9ef56-c9c7-4c9a-af31-be1be6dff1ca
Chicken (meat),Libyan Arab Jamahiriya,Sebha,RETAIL,2023-11-01,4.13,Kg,31676722-fca8-4454-847e-9556c13a9dae
Chicken (meat),Libyan Arab Jamahiriya,Tripoli center,RETAIL,2023-11-01,3.51,Kg,7808e993-e9e2-40c5-88a8-0e7feddee750
Chicken (meat),Syrian Arab Republic,Al-Hasakeh,RETAIL,2023-11-01,3.13,Kg,1da85549-0973-437a-8791-fc2263800fd8
Chicken (meat),Syrian Arab Republic,Dar'a,RETAIL,2023-11-01,4.04,Kg,a89af962-7152-43e5-85ce-945c1e243797
Chicken (meat),Syrian Arab Republic,Deir-ez-Zor,RETAIL,2023-11-01,3.19,Kg,5daf8aea-e065-46a8-9b22-5681fbf40e59
Chicken (meat),Syrian Arab Republic,Duma,RETAIL,2023-11-01,4.03,Kg,d2224364-6418-4cf5-be76-7fa9e9478444
Chicken (meat),Syrian Arab Republic,National Average,RETAIL,2023-11-01,3.69,Kg,7deea02c-1be8-461c-b59d-365d9ba6941f
Chicken (meat),Türkiye,National Average,RETAIL,2023-11-01,2.59,Kg,62585957-01c7-4756-9fe6-ae3404bed8b7
Chicken (meat),Algeria,National Average,RETAIL,2023-12-01,3.73,Kg,e5634d96-bb72-4e2c-8c87-ff7d7812b82b
Chicken (meat),Guinea-Bissau,Bissau-Bandim,RETAIL,2023-12-01,8.03,1 unit,3e4bd495-6004-45ef-83e9-c870472ce929
Chicken (meat),Guinea-Bissau,Bissora,RETAIL,2023-12-01,6.79,1 unit,adfa23e0-b06f-4af6-aecd-002a12f6f3a8
Chicken (meat),Guinea-Bissau,Catio,RETAIL,2023-12-01,6.37,1 unit,363b73b8-0fd2-4d2c-88ad-fd5ae50f3e2b
Chicken (meat),Guinea-Bissau,Gabu,RETAIL,2023-12-01,3.32,1 unit,dbfa3d5a-5dd4-4ec7-990e-98a5143d38cf
Chicken (meat),Guinea-Bissau,National Average,RETAIL,2023-12-01,7.48,1 unit,05824f28-fd3e-4ff2-acd9-2bd2f1be01d1
Chicken (meat),Indonesia,National Average,RETAIL,2023-12-01,2.37,Kg,6d75df6b-51b5-4050-9395-4792482566a7
Chicken (meat),Israel,National Average,RETAIL,2023-12-01,7.12,Kg,7592af4c-3414-416c-8bb7-edb7fda1d3b4
Chicken (meat),Jordan,Al Mafraq,RETAIL,2023-12-01,1.96,Kg,011ffdda-e76a-492d-a928-8bc9deb471c1
Chicken (meat),Jordan,Amman,RETAIL,2023-12-01,3.3,Kg,485ed91e-8045-499f-8e5a-062b63da8020
Chicken (meat),Jordan,Irbid,RETAIL,2023-12-01,2.86,Kg,91dea856-32b9-4ec5-9028-3ddc4052afad
Chicken (meat),Jordan,National Average,RETAIL,2023-12-01,3.03,Kg,e2aa8dc6-8dad-42cd-b6d8-0f4d312e1019
Chicken (meat),Jordan,Zarqa,RETAIL,2023-12-01,3.14,Kg,d39506fa-2302-4c12-8326-0ae8cfecf13c
Chicken (meat),Kazakhstan,Aktau,RETAIL,2023-12-01,3.82,Kg,790dc547-a9e0-41b5-a544-0589b5cc776f
Chicken (meat),Kazakhstan,Almaty,RETAIL,2023-12-01,3.46,Kg,20c64a29-5a56-4f14-adc8-47311ede16ff
Chicken (meat),Kazakhstan,Astana,RETAIL,2023-12-01,3.64,Kg,291bd111-0f2b-458e-ad4b-b7d45769ba46
Chicken (meat),Kazakhstan,Kostanay,RETAIL,2023-12-01,3.15,Kg,7e0198c1-a0fa-429f-894c-17b7c7f3ed81
Chicken (meat),Kazakhstan,National Average,RETAIL,2023-12-01,3.19,Kg,0e786654-5b01-442d-b33d-a82b7643b6bd
Chicken (meat),Kazakhstan,Shymkent,RETAIL,2023-12-01,3.3,Kg,662acf88-7902-421f-a561-8d56e8f048fd
Chicken (meat),Libyan Arab Jamahiriya,Algatroun,RETAIL,2023-12-01,3.95,Kg,4b90ba35-06e6-49aa-982a-d9d01b8c1556
Chicken (meat),Libyan Arab Jamahiriya,Alkufra,RETAIL,2023-12-01,2.49,Kg,a12c0b33-3674-4148-9fc8-19f787054c99
Chicken (meat),Libyan Arab Jamahiriya,Benghazi,RETAIL,2023-12-01,2.62,Kg,f530629c-534b-454b-b0cf-9fe19028fcc4
Chicken (meat),Libyan Arab Jamahiriya,Misrata,RETAIL,2023-12-01,2.6,Kg,93404742-2344-4782-b0e9-5e3d8a46a582
Chicken (meat),Libyan Arab Jamahiriya,Murzuq,RETAIL,2023-12-01,3.12,Kg,7aaa0e6c-3e7e-4826-b759-39f28be91e32
Chicken (meat),Libyan Arab Jamahiriya,National Average,RETAIL,2023-12-01,3.06,Kg,ebc9ef56-c9c7-4c9a-af31-be1be6dff1ca
Chicken (meat),Libyan Arab Jamahiriya,Sebha,RETAIL,2023-12-01,4.16,Kg,31676722-fca8-4454-847e-9556c13a9dae
Chicken (meat),Libyan Arab Jamahiriya,Tripoli center,RETAIL,2023-12-01,3.74,Kg,7808e993-e9e2-40c5-88a8-0e7feddee750
Chicken (meat),Syrian Arab Republic,Al-Hasakeh,RETAIL,2023-12-01,2.81,Kg,1da85549-0973-437a-8791-fc2263800fd8
Chicken (meat),Syrian Arab Republic,Dar'a,RETAIL,2023-12-01,3.61,Kg,a89af962-7152-43e5-85ce-945c1e243797
Chicken (meat),Syrian Arab Republic,Deir-ez-Zor,RETAIL,2023-12-01,2.95,Kg,5daf8aea-e065-46a8-9b22-5681fbf40e59
Chicken (meat),Syrian Arab Republic,Duma,RETAIL,2023-12-01,4.22,Kg,d2224364-6418-4cf5-be76-7fa9e9478444
Chicken (meat),Syrian Arab Republic,National Average,RETAIL,2023-12-01,3.55,Kg,7deea02c-1be8-461c-b59d-365d9ba6941f
Chicken (meat),Türkiye,National Average,RETAIL,2023-12-01,2.62,Kg,62585957-01c7-4756-9fe6-ae3404bed8b7
Chicken (meat),Algeria,Boujdour,RETAIL,2024-01-01,4.76,Kg,b3ae8167-3b88-4df6-bd63-7c3b93379c89
Chicken (meat),Algeria,National Average,RETAIL,2024-01-01,3.32,Kg,e5634d96-bb72-4e2c-8c87-ff7d7812b82b
Chicken (meat),Algeria,Tindouf,RETAIL,2024-01-01,4.02,Kg,fac878c0-ca57-45d7-b69e-c503b86e7f30
Chicken (meat),Guinea-Bissau,Bissau-Bandim,RETAIL,2024-01-01,8.49,1 unit,3e4bd495-6004-45ef-83e9-c870472ce929
Chicken (meat),Guinea-Bissau,Bissora,RETAIL,2024-01-01,6.1,1 unit,adfa23e0-b06f-4af6-aecd-002a12f6f3a8
Chicken (meat),Guinea-Bissau,Catio,RETAIL,2024-01-01,5.27,1 unit,363b73b8-0fd2-4d2c-88ad-fd5ae50f3e2b
Chicken (meat),Guinea-Bissau,Gabu,RETAIL,2024-01-01,6.23,1 unit,dbfa3d5a-5dd4-4ec7-990e-98a5143d38cf
Chicken (meat),Guinea-Bissau,National Average,RETAIL,2024-01-01,6.69,1 unit,05824f28-fd3e-4ff2-acd9-2bd2f1be01d1
Chicken (meat),Indonesia,National Average,RETAIL,2024-01-01,2.38,Kg,6d75df6b-51b5-4050-9395-4792482566a7
Chicken (meat),Israel,National Average,RETAIL,2024-01-01,6.64,Kg,7592af4c-3414-416c-8bb7-edb7fda1d3b4
Chicken (meat),Jordan,Al Mafraq,RETAIL,2024-01-01,2.11,Kg,011ffdda-e76a-492d-a928-8bc9deb471c1
Chicken (meat),Jordan,Amman,RETAIL,2024-01-01,3.23,Kg,485ed91e-8045-499f-8e5a-062b63da8020
Chicken (meat),Jordan,Irbid,RETAIL,2024-01-01,3.03,Kg,91dea856-32b9-4ec5-9028-3ddc4052afad
Chicken (meat),Jordan,National Average,RETAIL,2024-01-01,3.07,Kg,e2aa8dc6-8dad-42cd-b6d8-0f4d312e1019
Chicken (meat),Jordan,Zarqa,RETAIL,2024-01-01,3.11,Kg,d39506fa-2302-4c12-8326-0ae8cfecf13c
Chicken (meat),Kazakhstan,Aktau,RETAIL,2024-01-01,3.92,Kg,790dc547-a9e0-41b5-a544-0589b5cc776f
Chicken (meat),Kazakhstan,Almaty,RETAIL,2024-01-01,3.53,Kg,20c64a29-5a56-4f14-adc8-47311ede16ff
Chicken (meat),Kazakhstan,Astana,RETAIL,2024-01-01,3.71,Kg,291bd111-0f2b-458e-ad4b-b7d45769ba46
Chicken (meat),Kazakhstan,Kostanay,RETAIL,2024-01-01,3.2,Kg,7e0198c1-a0fa-429f-894c-17b7c7f3ed81
Chicken (meat),Kazakhstan,National Average,RETAIL,2024-01-01,3.25,Kg,0e786654-5b01-442d-b33d-a82b7643b6bd
Chicken (meat),Kazakhstan,Shymkent,RETAIL,2024-01-01,3.34,Kg,662acf88-7902-421f-a561-8d56e8f048fd
Chicken (meat),Libyan Arab Jamahiriya,Algatroun,RETAIL,2024-01-01,3.12,Kg,4b90ba35-06e6-49aa-982a-d9d01b8c1556
Chicken (meat),Libyan Arab Jamahiriya,Alkufra,RETAIL,2024-01-01,2.7,Kg,a12c0b33-3674-4148-9fc8-19f787054c99
Chicken (meat),Libyan Arab Jamahiriya,Benghazi,RETAIL,2024-01-01,2.62,Kg,f530629c-534b-454b-b0cf-9fe19028fcc4
Chicken (meat),Libyan Arab Jamahiriya,Misrata,RETAIL,2024-01-01,2.7,Kg,93404742-2344-4782-b0e9-5e3d8a46a582
Chicken (meat),Libyan Arab Jamahiriya,Murzuq,RETAIL,2024-01-01,3.12,Kg,7aaa0e6c-3e7e-4826-b759-39f28be91e32
Chicken (meat),Libyan Arab Jamahiriya,National Average,RETAIL,2024-01-01,2.91,Kg,ebc9ef56-c9c7-4c9a-af31-be1be6dff1ca
Chicken (meat),Libyan Arab Jamahiriya,Sebha,RETAIL,2024-01-01,3.74,Kg,31676722-fca8-4454-847e-9556c13a9dae
Chicken (meat),Libyan Arab Jamahiriya,Tripoli center,RETAIL,2024-01-01,2.0,Kg,7808e993-e9e2-40c5-88a8-0e7feddee750
Chicken (meat),Syrian Arab Republic,Al-Hasakeh,RETAIL,2024-01-01,2.45,Kg,1da85549-0973-437a-8791-fc2263800fd8
Chicken (meat),Syrian Arab Republic,Dar'a,RETAIL,2024-01-01,4.05,Kg,a89af962-7152-43e5-85ce-945c1e243797
Chicken (meat),Syrian Arab Republic,Deir-ez-Zor,RETAIL,2024-01-01,3.05,Kg,5daf8aea-e065-46a8-9b22-5681fbf40e59
Chicken (meat),Syrian Arab Republic,Duma,RETAIL,2024-01-01,3.4,Kg,d2224364-6418-4cf5-be76-7fa9e9478444
Chicken (meat),Syrian Arab Republic,National Average,RETAIL,2024-01-01,3.47,Kg,7deea02c-1be8-461c-b59d-365d9ba6941f
Chicken (meat),Türkiye,National Average,RETAIL,2024-01-01,2.64,Kg,62585957-01c7-4756-9fe6-ae3404bed8b7
Chicken (meat),Algeria,Awserd,RETAIL,2024-02-01,4.09,Kg,a0a1371f-3e5e-4023-9d06-b4e5afa8b1fa
Chicken (meat),Algeria,National Average,RETAIL,2024-02-01,3.29,Kg,e5634d96-bb72-4e2c-8c87-ff7d7812b82b
Chicken (meat),Algeria,Smara,RETAIL,2024-02-01,4.46,Kg,5f13606d-e899-44be-a6e6-ebed72d5c115
Chicken (meat),Guinea-Bissau,Bissau-Bandim,RETAIL,2024-02-01,7.13,1 unit,3e4bd495-6004-45ef-83e9-c870472ce929
Chicken (meat),Guinea-Bissau,Bissora,RETAIL,2024-02-01,6.31,1 unit,adfa23e0-b06f-4af6-aecd-002a12f6f3a8
Chicken (meat),Guinea-Bissau,Catio,RETAIL,2024-02-01,4.39,1 unit,363b73b8-0fd2-4d2c-88ad-fd5ae50f3e2b
Chicken (meat),Guinea-Bissau,Gabu,RETAIL,2024-02-01,4.8,1 unit,dbfa3d5a-5dd4-4ec7-990e-98a5143d38cf
Chicken (meat),Guinea-Bissau,National Average,RETAIL,2024-02-01,6.91,1 unit,05824f28-fd3e-4ff2-acd9-2bd2f1be01d1
Chicken (meat),Indonesia,National Average,RETAIL,2024-02-01,2.41,Kg,6d75df6b-51b5-4050-9395-4792482566a7
Chicken (meat),Israel,National Average,RETAIL,2024-02-01,7.02,Kg,7592af4c-3414-416c-8bb7-edb7fda1d3b4
Chicken (meat),Jordan,Al Mafraq,RETAIL,2024-02-01,2.13,Kg,011ffdda-e76a-492d-a928-8bc9deb471c1
Chicken (meat),Jordan,Amman,RETAIL,2024-02-01,3.25,Kg,485ed91e-8045-499f-8e5a-062b63da8020
Chicken (meat),Jordan,Irbid,RETAIL,2024-02-01,2.97,Kg,91dea856-32b9-4ec5-9028-3ddc4052afad
Chicken (meat),Jordan,National Average,RETAIL,2024-02-01,3.08,Kg,e2aa8dc6-8dad-42cd-b6d8-0f4d312e1019
Chicken (meat),Jordan,Zarqa,RETAIL,2024-02-01,3.18,Kg,d39506fa-2302-4c12-8326-0ae8cfecf13c
Chicken (meat),Kazakhstan,Aktau,RETAIL,2024-02-01,3.93,Kg,790dc547-a9e0-41b5-a544-0589b5cc776f
Chicken (meat),Kazakhstan,Almaty,RETAIL,2024-02-01,3.58,Kg,20c64a29-5a56-4f14-adc8-47311ede16ff
Chicken (meat),Kazakhstan,Astana,RETAIL,2024-02-01,3.67,Kg,291bd111-0f2b-458e-ad4b-b7d45769ba46
Chicken (meat),Kazakhstan,Kostanay,RETAIL,2024-02-01,3.23,Kg,7e0198c1-a0fa-429f-894c-17b7c7f3ed81
Chicken (meat),Kazakhstan,National Average,RETAIL,2024-02-01,3.27,Kg,0e786654-5b01-442d-b33d-a82b7643b6bd
Chicken (meat),Kazakhstan,Shymkent,RETAIL,2024-02-01,3.34,Kg,662acf88-7902-421f-a561-8d56e8f048fd
Chicken (meat),Libyan Arab Jamahiriya,Algatroun,RETAIL,2024-02-01,5.17,Kg,4b90ba35-06e6-49aa-982a-d9d01b8c1556
Chicken (meat),Libyan Arab Jamahiriya,Alkufra,RETAIL,2024-02-01,2.69,Kg,a12c0b33-3674-4148-9fc8-19f787054c99
Chicken (meat),Libyan Arab Jamahiriya,Benghazi,RETAIL,2024-02-01,1.29,Kg,f530629c-534b-454b-b0cf-9fe19028fcc4
Chicken (meat),Libyan Arab Jamahiriya,Misrata,RETAIL,2024-02-01,2.58,Kg,93404742-2344-4782-b0e9-5e3d8a46a582
Chicken (meat),Libyan Arab Jamahiriya,Murzuq,RETAIL,2024-02-01,3.93,Kg,7aaa0e6c-3e7e-4826-b759-39f28be91e32
Chicken (meat),Libyan Arab Jamahiriya,National Average,RETAIL,2024-02-01,3.02,Kg,ebc9ef56-c9c7-4c9a-af31-be1be6dff1ca
Chicken (meat),Libyan Arab Jamahiriya,Sebha,RETAIL,2024-02-01,3.93,Kg,31676722-fca8-4454-847e-9556c13a9dae
Chicken (meat),Libyan Arab Jamahiriya,Tripoli center,RETAIL,2024-02-01,2.58,Kg,7808e993-e9e2-40c5-88a8-0e7feddee750
Chicken (meat),Syrian Arab Republic,Al-Hasakeh,RETAIL,2024-02-01,2.55,Kg,1da85549-0973-437a-8791-fc2263800fd8
Chicken (meat),Syrian Arab Republic,Dar'a,RETAIL,2024-02-01,3.69,Kg,a89af962-7152-43e5-85ce-945c1e243797
Chicken (meat),Syrian Arab Republic,Deir-ez-Zor,RETAIL,2024-02-01,3.16,Kg,5daf8aea-e065-46a8-9b22-5681fbf40e59
Chicken (meat),Syrian Arab Republic,Duma,RETAIL,2024-02-01,3.06,Kg,d2224364-6418-4cf5-be76-7fa9e9478444
Chicken (meat),Syrian Arab Republic,National Average,RETAIL,2024-02-01,3.26,Kg,7deea02c-1be8-461c-b59d-365d9ba6941f
Chicken (meat),Türkiye,National Average,RETAIL,2024-02-01,2.73,Kg,62585957-01c7-4756-9fe6-ae3404bed8b7
Chicken (meat),Algeria,Awserd,RETAIL,2024-03-01,4.09,Kg,a0a1371f-3e5e-4023-9d06-b4e5afa8b1fa
Chicken (meat),Algeria,Boujdour,RETAIL,2024-03-01,4.57,Kg,b3ae8167-3b88-4df6-bd63-7c3b93379c89
Chicken (meat),Algeria,Laayoun,RETAIL,2024-03-01,4.37,Kg,174f6fcd-897d-435d-9d46-93526f979aa7
Chicken (meat),Algeria,National Average,RETAIL,2024-03-01,3.74,Kg,e5634d96-bb72-4e2c-8c87-ff7d7812b82b
Chicken (meat),Algeria,Smara,RETAIL,2024-03-01,4.54,Kg,5f13606d-e899-44be-a6e6-ebed72d5c115
Chicken (meat),Algeria,Tindouf,RETAIL,2024-03-01,4.09,Kg,fac878c0-ca57-45d7-b69e-c503b86e7f30
Chicken (meat),Guinea-Bissau,Bissau-Bandim,RETAIL,2024-03-01,7.18,1 unit,3e4bd495-6004-45ef-83e9-c870472ce929
Chicken (meat),Guinea-Bissau,Bissora,RETAIL,2024-03-01,5.8,1 unit,adfa23e0-b06f-4af6-aecd-002a12f6f3a8
Chicken (meat),Guinea-Bissau,Catio,RETAIL,2024-03-01,4.97,1 unit,363b73b8-0fd2-4d2c-88ad-fd5ae50f3e2b
Chicken (meat),Guinea-Bissau,Gabu,RETAIL,2024-03-01,4.28,1 unit,dbfa3d5a-5dd4-4ec7-990e-98a5143d38cf
Chicken (meat),Guinea-Bissau,National Average,RETAIL,2024-03-01,6.8,1 unit,05824f28-fd3e-4ff2-acd9-2bd2f1be01d1
Chicken (meat),Indonesia,National Average,RETAIL,2024-03-01,2.54,Kg,6d75df6b-51b5-4050-9395-4792482566a7
Chicken (meat),Israel,National Average,RETAIL,2024-03-01,7.13,Kg,7592af4c-3414-416c-8bb7-edb7fda1d3b4
Chicken (meat),Jordan,Al Mafraq,RETAIL,2024-03-01,2.38,Kg,011ffdda-e76a-492d-a928-8bc9deb471c1
Chicken (meat),Jordan,Amman,RETAIL,2024-03-01,3.35,Kg,485ed91e-8045-499f-8e5a-062b63da8020
Chicken (meat),Jordan,Irbid,RETAIL,2024-03-01,3.28,Kg,91dea856-32b9-4ec5-9028-3ddc4052afad
Chicken (meat),Jordan,National Average,RETAIL,2024-03-01,3.2,Kg,e2aa8dc6-8dad-42cd-b6d8-0f4d312e1019
Chicken (meat),Jordan,Zarqa,RETAIL,2024-03-01,3.42,Kg,d39506fa-2302-4c12-8326-0ae8cfecf13c
Chicken (meat),Kazakhstan,Aktau,RETAIL,2024-03-01,3.93,Kg,790dc547-a9e0-41b5-a544-0589b5cc776f
Chicken (meat),Kazakhstan,Almaty,RETAIL,2024-03-01,3.58,Kg,20c64a29-5a56-4f14-adc8-47311ede16ff
Chicken (meat),Kazakhstan,Astana,RETAIL,2024-03-01,3.69,Kg,291bd111-0f2b-458e-ad4b-b7d45769ba46
Chicken (meat),Kazakhstan,Kostanay,RETAIL,2024-03-01,3.31,Kg,7e0198c1-a0fa-429f-894c-17b7c7f3ed81
Chicken (meat),Kazakhstan,National Average,RETAIL,2024-03-01,3.27,Kg,0e786654-5b01-442d-b33d-a82b7643b6bd
Chicken (meat),Kazakhstan,Shymkent,RETAIL,2024-03-01,3.34,Kg,662acf88-7902-421f-a561-8d56e8f048fd
Chicken (meat),Libyan Arab Jamahiriya,Algatroun,RETAIL,2024-03-01,5.19,Kg,4b90ba35-06e6-49aa-982a-d9d01b8c1556
Chicken (meat),Libyan Arab Jamahiriya,Alkufra,RETAIL,2024-03-01,2.94,Kg,a12c0b33-3674-4148-9fc8-19f787054c99
Chicken (meat),Libyan Arab Jamahiriya,Benghazi,RETAIL,2024-03-01,2.91,Kg,f530629c-534b-454b-b0cf-9fe19028fcc4
Chicken (meat),Libyan Arab Jamahiriya,Misrata,RETAIL,2024-03-01,2.8,Kg,93404742-2344-4782-b0e9-5e3d8a46a582
Chicken (meat),Libyan Arab Jamahiriya,Murzuq,RETAIL,2024-03-01,4.57,Kg,7aaa0e6c-3e7e-4826-b759-39f28be91e32
Chicken (meat),Libyan Arab Jamahiriya,National Average,RETAIL,2024-03-01,3.38,Kg,ebc9ef56-c9c7-4c9a-af31-be1be6dff1ca
Chicken (meat),Libyan Arab Jamahiriya,Sebha,RETAIL,2024-03-01,4.57,Kg,31676722-fca8-4454-847e-9556c13a9dae
Chicken (meat),Libyan Arab Jamahiriya,Tripoli center,RETAIL,2024-03-01,2.39,Kg,7808e993-e9e2-40c5-88a8-0e7feddee750
Chicken (meat),Syrian Arab Republic,Al-Hasakeh,RETAIL,2024-03-01,2.67,Kg,1da85549-0973-437a-8791-fc2263800fd8
Chicken (meat),Syrian Arab Republic,Dar'a,RETAIL,2024-03-01,4.12,Kg,a89af962-7152-43e5-85ce-945c1e243797
Chicken (meat),Syrian Arab Republic,Deir-ez-Zor,RETAIL,2024-03-01,3.71,Kg,5daf8aea-e065-46a8-9b22-5681fbf40e59
Chicken (meat),Syrian Arab Republic,Duma,RETAIL,2024-03-01,3.71,Kg,d2224364-6418-4cf5-be76-7fa9e9478444
Chicken (meat),Syrian Arab Republic,National Average,RETAIL,2024-03-01,3.71,Kg,7deea02c-1be8-461c-b59d-365d9ba6941f
Chicken (meat),Türkiye,National Average,RETAIL,2024-03-01,2.95,Kg,62585957-01c7-4756-9fe6-ae3404bed8b7
Chicken (meat),Algeria,Awserd,RETAIL,2024-04-01,4.28,Kg,a0a1371f-3e5e-4023-9d06-b4e5afa8b1fa
Chicken (meat),Algeria,Dakhla,RETAIL,2024-04-01,4.57,Kg,7f495369-cc9e-481f-bb1a-39736b9183ae
Chicken (meat),Algeria,Laayoun,RETAIL,2024-04-01,4.39,Kg,174f6fcd-897d-435d-9d46-93526f979aa7
Chicken (meat),Algeria,National Average,RETAIL,2024-04-01,3.26,Kg,e5634d96-bb72-4e2c-8c87-ff7d7812b82b
Chicken (meat),Algeria,Smara,RETAIL,2024-04-01,4.39,Kg,5f13606d-e899-44be-a6e6-ebed72d5c115
Chicken (meat),Guinea-Bissau,Bissau-Bandim,RETAIL,2024-04-01,6.81,1 unit,3e4bd495-6004-45ef-83e9-c870472ce929
Chicken (meat),Guinea-Bissau,Bissora,RETAIL,2024-04-01,6.0,1 unit,adfa23e0-b06f-4af6-aecd-002a12f6f3a8
Chicken (meat),Guinea-Bissau,Catio,RETAIL,2024-04-01,5.18,1 unit,363b73b8-0fd2-4d2c-88ad-fd5ae50f3e2b
Chicken (meat),Guinea-Bissau,Gabu,RETAIL,2024-04-01,3.0,1 unit,dbfa3d5a-5dd4-4ec7-990e-98a5143d38cf
Chicken (meat),Guinea-Bissau,National Average,RETAIL,2024-04-01,6.83,1 unit,05824f28-fd3e-4ff2-acd9-2bd2f1be01d1
Chicken (meat),Indonesia,National Average,RETAIL,2024-04-01,2.5,Kg,6d75df6b-51b5-4050-9395-4792482566a7
Chicken (meat),Israel,National Average,RETAIL,2024-04-01,7.31,Kg,7592af4c-3414-416c-8bb7-edb7fda1d3b4
Chicken (meat),Jordan,Al Mafraq,RETAIL,2024-04-01,2.32,Kg,011ffdda-e76a-492d-a928-8bc9deb471c1
Chicken (meat),Jordan,Amman,RETAIL,2024-04-01,3.35,Kg,485ed91e-8045-499f-8e5a-062b63da8020
Chicken (meat),Jordan,Irbid,RETAIL,2024-04-01,3.21,Kg,91dea856-32b9-4ec5-9028-3ddc4052afad
Chicken (meat),Jordan,National Average,RETAIL,2024-04-01,3.24,Kg,e2aa8dc6-8dad-42cd-b6d8-0f4d312e1019
Chicken (meat),Jordan,Zarqa,RETAIL,2024-04-01,3.52,Kg,d39506fa-2302-4c12-8326-0ae8cfecf13c
Chicken (meat),Kazakhstan,Aktau,RETAIL,2024-04-01,4.02,Kg,790dc547-a9e0-41b5-a544-0589b5cc776f
Chicken (meat),Kazakhstan,Almaty,RETAIL,2024-04-01,3.6,Kg,20c64a29-5a56-4f14-adc8-47311ede16ff
Chicken (meat),Kazakhstan,Astana,RETAIL,2024-04-01,3.72,Kg,291bd111-0f2b-458e-ad4b-b7d45769ba46
Chicken (meat),Kazakhstan,Kostanay,RETAIL,2024-04-01,3.33,Kg,7e0198c1-a0fa-429f-894c-17b7c7f3ed81
Chicken (meat),Kazakhstan,National Average,RETAIL,2024-04-01,3.3,Kg,0e786654-5b01-442d-b33d-a82b7643b6bd
Chicken (meat),Syrian Arab Republic,Al-Hasakeh,RETAIL,2024-04-01,7.58,Kg,1da85549-0973-437a-8791-fc2263800fd8
Chicken (meat),Syrian Arab Republic,Dar'a,RETAIL,2024-04-01,12.4,Kg,a89af962-7152-43e5-85ce-945c1e243797
Chicken (meat),Syrian Arab Republic,Deir-ez-Zor,RETAIL,2024-04-01,11.48,Kg,5daf8aea-e065-46a8-9b22-5681fbf40e59
Chicken (meat),Syrian Arab Republic,Duma,RETAIL,2024-04-01,11.85,Kg,d2224364-6418-4cf5-be76-7fa9e9478444
Chicken (meat),Syrian Arab Republic,National Average,RETAIL,2024-04-01,11.35,Kg,7deea02c-1be8-461c-b59d-365d9ba6941f
Chicken (meat),Türkiye,National Average,RETAIL,2024-04-01,3.31,Kg,62585957-01c7-4756-9fe6-ae3404bed8b7
Chicken (meat),Algeria,National Average,RETAIL,2024-05-01,2.77,Kg,e5634d96-bb72-4e2c-8c87-ff7d7812b82b
Chicken (meat),Guinea-Bissau,Bissau-Bandim,RETAIL,2024-05-01,7.42,1 unit,3e4bd495-6004-45ef-83e9-c870472ce929
Chicken (meat),Guinea-Bissau,Bissora,RETAIL,2024-05-01,8.52,1 unit,adfa23e0-b06f-4af6-aecd-002a12f6f3a8
Chicken (meat),Guinea-Bissau,Catio,RETAIL,2024-05-01,5.22,1 unit,363b73b8-0fd2-4d2c-88ad-fd5ae50f3e2b
Chicken (meat),Guinea-Bissau,Gabu,RETAIL,2024-05-01,3.57,1 unit,dbfa3d5a-5dd4-4ec7-990e-98a5143d38cf
Chicken (meat),Guinea-Bissau,National Average,RETAIL,2024-05-01,7.28,1 unit,05824f28-fd3e-4ff2-acd9-2bd2f1be01d1
Chicken (meat),Indonesia,National Average,RETAIL,2024-05-01,2.46,Kg,6d75df6b-51b5-4050-9395-4792482566a7
Chicken (meat),Israel,National Average,RETAIL,2024-05-01,7.38,Kg,7592af4c-3414-416c-8bb7-edb7fda1d3b4
Chicken (meat),Jordan,Al Mafraq,RETAIL,2024-05-01,2.39,Kg,011ffdda-e76a-492d-a928-8bc9deb471c1
Chicken (meat),Jordan,Amman,RETAIL,2024-05-01,3.45,Kg,485ed91e-8045-499f-8e5a-062b63da8020
Chicken (meat),Jordan,Irbid,RETAIL,2024-05-01,3.11,Kg,91dea856-32b9-4ec5-9028-3ddc4052afad
Chicken (meat),Jordan,National Average,RETAIL,2024-05-01,3.3,Kg,e2aa8dc6-8dad-42cd-b6d8-0f4d312e1019
Chicken (meat),Jordan,Zarqa,RETAIL,2024-05-01,3.24,Kg,d39506fa-2302-4c12-8326-0ae8cfecf13c
Chicken (meat),Kazakhstan,Aktau,RETAIL,2024-05-01,4.04,Kg,790dc547-a9e0-41b5-a544-0589b5cc776f
Chicken (meat),Kazakhstan,Almaty,RETAIL,2024-05-01,3.64,Kg,20c64a29-5a56-4f14-adc8-47311ede16ff
Chicken (meat),Kazakhstan,Astana,RETAIL,2024-05-01,3.68,Kg,291bd111-0f2b-458e-ad4b-b7d45769ba46
Chicken (meat),Kazakhstan,Kostanay,RETAIL,2024-05-01,3.3,Kg,7e0198c1-a0fa-429f-894c-17b7c7f3ed81
Chicken (meat),Kazakhstan,National Average,RETAIL,2024-05-01,3.32,Kg,0e786654-5b01-442d-b33d-a82b7643b6bd
Chicken (meat),Kazakhstan,Shymkent,RETAIL,2024-05-01,3.4,Kg,662acf88-7902-421f-a561-8d56e8f048fd
Chicken (meat),Libyan Arab Jamahiriya,Algatroun,RETAIL,2024-05-01,4.12,Kg,4b90ba35-06e6-49aa-982a-d9d01b8c1556
Chicken (meat),Libyan Arab Jamahiriya,Alkufra,RETAIL,2024-05-01,2.88,Kg,a12c0b33-3674-4148-9fc8-19f787054c99
Chicken (meat),Libyan Arab Jamahiriya,Benghazi,RETAIL,2024-05-01,4.05,Kg,f530629c-534b-454b-b0cf-9fe19028fcc4
Chicken (meat),Libyan Arab Jamahiriya,Misrata,RETAIL,2024-05-01,3.48,Kg,93404742-2344-4782-b0e9-5e3d8a46a582
Chicken (meat),Libyan Arab Jamahiriya,Murzuq,RETAIL,2024-05-01,3.71,Kg,7aaa0e6c-3e7e-4826-b759-39f28be91e32
Chicken (meat),Libyan Arab Jamahiriya,National Average,RETAIL,2024-05-01,3.79,Kg,ebc9ef56-c9c7-4c9a-af31-be1be6dff1ca
Chicken (meat),Libyan Arab Jamahiriya,Sebha,RETAIL,2024-05-01,4.12,Kg,31676722-fca8-4454-847e-9556c13a9dae
Chicken (meat),Libyan Arab Jamahiriya,Tripoli center,RETAIL,2024-05-01,4.79,Kg,7808e993-e9e2-40c5-88a8-0e7feddee750
Chicken (meat),Syrian Arab Republic,Al-Hasakeh,RETAIL,2024-05-01,2.79,Kg,1da85549-0973-437a-8791-fc2263800fd8
Chicken (meat),Syrian Arab Republic,Dar'a,RETAIL,2024-05-01,3.71,Kg,a89af962-7152-43e5-85ce-945c1e243797
Chicken (meat),Syrian Arab Republic,Deir-ez-Zor,RETAIL,2024-05-01,3.53,Kg,5daf8aea-e065-46a8-9b22-5681fbf40e59
Chicken (meat),Syrian Arab Republic,Duma,RETAIL,2024-05-01,3.52,Kg,d2224364-6418-4cf5-be76-7fa9e9478444
Chicken (meat),Syrian Arab Republic,National Average,RETAIL,2024-05-01,3.48,Kg,7deea02c-1be8-461c-b59d-365d9ba6941f
Chicken (meat),Türkiye,National Average,RETAIL,2024-05-01,3.28,Kg,62585957-01c7-4756-9fe6-ae3404bed8b7
Chicken (meat),Algeria,Awserd,RETAIL,2024-06-01,3.57,Kg,a0a1371f-3e5e-4023-9d06-b4e5afa8b1fa
Chicken (meat),Algeria,National Average,RETAIL,2024-06-01,2.53,Kg,e5634d96-bb72-4e2c-8c87-ff7d7812b82b
Chicken (meat),Algeria,Smara,RETAIL,2024-06-01,4.61,Kg,5f13606d-e899-44be-a6e6-ebed72d5c115
Chicken (meat),Guinea-Bissau,Bissau-Bandim,RETAIL,2024-06-01,6.56,1 unit,3e4bd495-6004-45ef-83e9-c870472ce929
Chicken (meat),Guinea-Bissau,Bissora,RETAIL,2024-06-01,7.38,1 unit,adfa23e0-b06f-4af6-aecd-002a12f6f3a8
Chicken (meat),Guinea-Bissau,Catio,RETAIL,2024-06-01,5.74,1 unit,363b73b8-0fd2-4d2c-88ad-fd5ae50f3e2b
Chicken (meat),Guinea-Bissau,Gabu,RETAIL,2024-06-01,4.1,1 unit,dbfa3d5a-5dd4-4ec7-990e-98a5143d38cf
Chicken (meat),Guinea-Bissau,National Average,RETAIL,2024-06-01,6.95,1 unit,05824f28-fd3e-4ff2-acd9-2bd2f1be01d1
Chicken (meat),Indonesia,National Average,RETAIL,2024-06-01,2.34,Kg,6d75df6b-51b5-4050-9395-4792482566a7
Chicken (meat),Israel,National Average,RETAIL,2024-06-01,7.35,Kg,7592af4c-3414-416c-8bb7-edb7fda1d3b4
Chicken (meat),Jordan,Al Mafraq,RETAIL,2024-06-01,2.41,Kg,011ffdda-e76a-492d-a928-8bc9deb471c1
Chicken (meat),Jordan,Amman,RETAIL,2024-06-01,3.52,Kg,485ed91e-8045-499f-8e5a-062b63da8020
Chicken (meat),Jordan,Irbid,RETAIL,2024-06-01,3.25,Kg,91dea856-32b9-4ec5-9028-3ddc4052afad
Chicken (meat),Jordan,National Average,RETAIL,2024-06-01,3.38,Kg,e2aa8dc6-8dad-42cd-b6d8-0f4d312e1019
Chicken (meat),Jordan,Zarqa,RETAIL,2024-06-01,3.38,Kg,d39506fa-2302-4c12-8326-0ae8cfecf13c
Chicken (meat),Kazakhstan,Aktau,RETAIL,2024-06-01,3.92,Kg,790dc547-a9e0-41b5-a544-0589b5cc776f
Chicken (meat),Kazakhstan,Almaty,RETAIL,2024-06-01,3.54,Kg,20c64a29-5a56-4f14-adc8-47311ede16ff
Chicken (meat),Kazakhstan,Astana,RETAIL,2024-06-01,3.66,Kg,291bd111-0f2b-458e-ad4b-b7d45769ba46
Chicken (meat),Kazakhstan,Kostanay,RETAIL,2024-06-01,3.22,Kg,7e0198c1-a0fa-429f-894c-17b7c7f3ed81
Chicken (meat),Kazakhstan,National Average,RETAIL,2024-06-01,3.25,Kg,0e786654-5b01-442d-b33d-a82b7643b6bd
Chicken (meat),Kazakhstan,Shymkent,RETAIL,2024-06-01,3.41,Kg,662acf88-7902-421f-a561-8d56e8f048fd
Chicken (meat),Libyan Arab Jamahiriya,Algatroun,RETAIL,2024-06-01,5.15,Kg,4b90ba35-06e6-49aa-982a-d9d01b8c1556
Chicken (meat),Libyan Arab Jamahiriya,Alkufra,RETAIL,2024-06-01,4.13,Kg,a12c0b33-3674-4148-9fc8-19f787054c99
Chicken (meat),Libyan Arab Jamahiriya,Benghazi,RETAIL,2024-06-01,4.28,Kg,f530629c-534b-454b-b0cf-9fe19028fcc4
Chicken (meat),Libyan Arab Jamahiriya,Misrata,RETAIL,2024-06-01,2.68,Kg,93404742-2344-4782-b0e9-5e3d8a46a582
Chicken (meat),Libyan Arab Jamahiriya,Murzuq,RETAIL,2024-06-01,4.17,Kg,7aaa0e6c-3e7e-4826-b759-39f28be91e32
Chicken (meat),Libyan Arab Jamahiriya,National Average,RETAIL,2024-06-01,3.98,Kg,ebc9ef56-c9c7-4c9a-af31-be1be6dff1ca
Chicken (meat),Libyan Arab Jamahiriya,Sebha,RETAIL,2024-06-01,4.17,Kg,31676722-fca8-4454-847e-9556c13a9dae
Chicken (meat),Libyan Arab Jamahiriya,Tripoli center,RETAIL,2024-06-01,5.36,Kg,7808e993-e9e2-40c5-88a8-0e7feddee750
Chicken (meat),Syrian Arab Republic,Al-Hasakeh,RETAIL,2024-06-01,2.45,Kg,1da85549-0973-437a-8791-fc2263800fd8
Chicken (meat),Syrian Arab Republic,Dar'a,RETAIL,2024-06-01,3.51,Kg,a89af962-7152-43e5-85ce-945c1e243797
Chicken (meat),Syrian Arab Republic,Deir-ez-Zor,RETAIL,2024-06-01,3.22,Kg,5daf8aea-e065-46a8-9b22-5681fbf40e59
Chicken (meat),Syrian Arab Republic,Duma,RETAIL,2024-06-01,3.35,Kg,d2224364-6418-4cf5-be76-7fa9e9478444
Chicken (meat),Syrian Arab Republic,National Average,RETAIL,2024-06-01,3.45,Kg,7deea02c-1be8-461c-b59d-365d9ba6941f
Chicken (meat),Türkiye,National Average,RETAIL,2024-06-01,3.12,Kg,62585957-01c7-4756-9fe6-ae3404bed8b7
Chicken (meat),Algeria,Awserd,RETAIL,2024-07-01,3.72,Kg,a0a1371f-3e5e-4023-9d06-b4e5afa8b1fa
Chicken (meat),Algeria,Boujdour,RETAIL,2024-07-01,4.09,Kg,b3ae8167-3b88-4df6-bd63-7c3b93379c89
Chicken (meat),Algeria,National Average,RETAIL,2024-07-01,2.78,Kg,e5634d96-bb72-4e2c-8c87-ff7d7812b82b
Chicken (meat),Algeria,Smara,RETAIL,2024-07-01,3.94,Kg,5f13606d-e899-44be-a6e6-ebed72d5c115
Chicken (meat),Guinea-Bissau,Bissau-Bandim,RETAIL,2024-07-01,6.61,1 unit,3e4bd495-6004-45ef-83e9-c870472ce929
Chicken (meat),Guinea-Bissau,Bissora,RETAIL,2024-07-01,7.44,1 unit,adfa23e0-b06f-4af6-aecd-002a12f6f3a8
Chicken (meat),Guinea-Bissau,Catio,RETAIL,2024-07-01,6.36,1 unit,363b73b8-0fd2-4d2c-88ad-fd5ae50f3e2b
Chicken (meat),Guinea-Bissau,Gabu,RETAIL,2024-07-01,3.31,1 unit,dbfa3d5a-5dd4-4ec7-990e-98a5143d38cf
Chicken (meat),Guinea-Bissau,National Average,RETAIL,2024-07-01,7.19,1 unit,05824f28-fd3e-4ff2-acd9-2bd2f1be01d1
Chicken (meat),Indonesia,National Average,RETAIL,2024-07-01,2.3,Kg,6d75df6b-51b5-4050-9395-4792482566a7
Chicken (meat),Israel,National Average,RETAIL,2024-07-01,7.44,Kg,7592af4c-3414-416c-8bb7-edb7fda1d3b4
Chicken (meat),Jordan,Al Mafraq,RETAIL,2024-07-01,2.39,Kg,011ffdda-e76a-492d-a928-8bc9deb471c1
Chicken (meat),Jordan,Amman,RETAIL,2024-07-01,3.38,Kg,485ed91e-8045-499f-8e5a-062b63da8020
Chicken (meat),Jordan,Irbid,RETAIL,2024-07-01,3.24,Kg,91dea856-32b9-4ec5-9028-3ddc4052afad
Chicken (meat),Jordan,National Average,RETAIL,2024-07-01,3.27,Kg,e2aa8dc6-8dad-42cd-b6d8-0f4d312e1019
Chicken (meat),Jordan,Zarqa,RETAIL,2024-07-01,3.44,Kg,d39506fa-2302-4c12-8326-0ae8cfecf13c
Chicken (meat),Kazakhstan,Aktau,RETAIL,2024-07-01,3.75,Kg,790dc547-a9e0-41b5-a544-0589b5cc776f
Chicken (meat),Kazakhstan,Almaty,RETAIL,2024-07-01,3.39,Kg,20c64a29-5a56-4f14-adc8-47311ede16ff
Chicken (meat),Kazakhstan,Astana,RETAIL,2024-07-01,3.5,Kg,291bd111-0f2b-458e-ad4b-b7d45769ba46
Chicken (meat),Kazakhstan,Kostanay,RETAIL,2024-07-01,3.08,Kg,7e0198c1-a0fa-429f-894c-17b7c7f3ed81
Chicken (meat),Kazakhstan,National Average,RETAIL,2024-07-01,3.11,Kg,0e786654-5b01-442d-b33d-a82b7643b6bd
Chicken (meat),Kazakhstan,Shymkent,RETAIL,2024-07-01,3.35,Kg,662acf88-7902-421f-a561-8d56e8f048fd
Chicken (meat),Libyan Arab Jamahiriya,Algatroun,RETAIL,2024-07-01,4.93,Kg,4b90ba35-06e6-49aa-982a-d9d01b8c1556
Chicken (meat),Libyan Arab Jamahiriya,Alkufra,RETAIL,2024-07-01,3.94,Kg,a12c0b33-3674-4148-9fc8-19f787054c99
Chicken (meat),Libyan Arab Jamahiriya,Benghazi,RETAIL,2024-07-01,4.23,Kg,f530629c-534b-454b-b0cf-9fe19028fcc4
Chicken (meat),Libyan Arab Jamahiriya,Misrata,RETAIL,2024-07-01,1.66,Kg,93404742-2344-4782-b0e9-5e3d8a46a582
Chicken (meat),Libyan Arab Jamahiriya,Murzuq,RETAIL,2024-07-01,4.32,Kg,7aaa0e6c-3e7e-4826-b759-39f28be91e32
Chicken (meat),Libyan Arab Jamahiriya,National Average,RETAIL,2024-07-01,3.65,Kg,ebc9ef56-c9c7-4c9a-af31-be1be6dff1ca
Chicken (meat),Libyan Arab Jamahiriya,Sebha,RETAIL,2024-07-01,4.15,Kg,31676722-fca8-4454-847e-9556c13a9dae
Chicken (meat),Libyan Arab Jamahiriya,Tripoli center,RETAIL,2024-07-01,5.08,Kg,7808e993-e9e2-40c5-88a8-0e7feddee750
Chicken (meat),Syrian Arab Republic,Al-Hasakeh,RETAIL,2024-07-01,3.31,Kg,1da85549-0973-437a-8791-fc2263800fd8
Chicken (meat),Syrian Arab Republic,Dar'a,RETAIL,2024-07-01,3.67,Kg,a89af962-7152-43e5-85ce-945c1e243797
Chicken (meat),Syrian Arab Republic,Deir-ez-Zor,RETAIL,2024-07-01,3.47,Kg,5daf8aea-e065-46a8-9b22-5681fbf40e59
Chicken (meat),Syrian Arab Republic,Duma,RETAIL,2024-07-01,3.82,Kg,d2224364-6418-4cf5-be76-7fa9e9478444
Chicken (meat),Syrian Arab Republic,National Average,RETAIL,2024-07-01,3.71,Kg,7deea02c-1be8-461c-b59d-365d9ba6941f
Chicken (meat),Türkiye,National Average,RETAIL,2024-07-01,2.98,Kg,62585957-01c7-4756-9fe6-ae3404bed8b7
Chicken (meat),Algeria,Awserd,RETAIL,2024-08-01,3.91,Kg,a0a1371f-3e5e-4023-9d06-b4e5afa8b1fa
Chicken (meat),Algeria,Boujdour,RETAIL,2024-08-01,4.28,Kg,b3ae8167-3b88-4df6-bd63-7c3b93379c89
Chicken (meat),Algeria,Dakhla,RETAIL,2024-08-01,4.06,Kg,7f495369-cc9e-481f-bb1a-39736b9183ae
Chicken (meat),Algeria,Laayoun,RETAIL,2024-08-01,4.28,Kg,174f6fcd-897d-435d-9d46-93526f979aa7
Chicken (meat),Algeria,National Average,RETAIL,2024-08-01,3.57,Kg,e5634d96-bb72-4e2c-8c87-ff7d7812b82b
Chicken (meat),Algeria,Smara,RETAIL,2024-08-01,4.17,Kg,5f13606d-e899-44be-a6e6-ebed72d5c115
Chicken (meat),Algeria,Tindouf,RETAIL,2024-08-01,3.73,Kg,fac878c0-ca57-45d7-b69e-c503b86e7f30
Chicken (meat),Guinea-Bissau,Bissau-Bandim,RETAIL,2024-08-01,4.2,1 unit,3e4bd495-6004-45ef-83e9-c870472ce929
Chicken (meat),Guinea-Bissau,Bissora,RETAIL,2024-08-01,7.55,1 unit,adfa23e0-b06f-4af6-aecd-002a12f6f3a8
Chicken (meat),Guinea-Bissau,Catio,RETAIL,2024-08-01,5.88,1 unit,363b73b8-0fd2-4d2c-88ad-fd5ae50f3e2b
Chicken (meat),Guinea-Bissau,Gabu,RETAIL,2024-08-01,3.36,1 unit,dbfa3d5a-5dd4-4ec7-990e-98a5143d38cf
Chicken (meat),Guinea-Bissau,National Average,RETAIL,2024-08-01,6.61,1 unit,05824f28-fd3e-4ff2-acd9-2bd2f1be01d1
Chicken (meat),Indonesia,National Average,RETAIL,2024-08-01,2.31,Kg,6d75df6b-51b5-4050-9395-4792482566a7
Chicken (meat),Israel,National Average,RETAIL,2024-08-01,7.22,Kg,7592af4c-3414-416c-8bb7-edb7fda1d3b4
Chicken (meat),Jordan,Al Mafraq,RETAIL,2024-08-01,2.18,Kg,011ffdda-e76a-492d-a928-8bc9deb471c1
Chicken (meat),Jordan,Amman,RETAIL,2024-08-01,3.38,Kg,485ed91e-8045-499f-8e5a-062b63da8020
Chicken (meat),Jordan,Irbid,RETAIL,2024-08-01,3.13,Kg,91dea856-32b9-4ec5-9028-3ddc4052afad
Chicken (meat),Jordan,National Average,RETAIL,2024-08-01,3.24,Kg,e2aa8dc6-8dad-42cd-b6d8-0f4d312e1019
Chicken (meat),Jordan,Zarqa,RETAIL,2024-08-01,3.31,Kg,d39506fa-2302-4c12-8326-0ae8cfecf13c
Chicken (meat),Kazakhstan,Aktau,RETAIL,2024-08-01,3.72,Kg,790dc547-a9e0-41b5-a544-0589b5cc776f
Chicken (meat),Kazakhstan,Almaty,RETAIL,2024-08-01,3.36,Kg,20c64a29-5a56-4f14-adc8-47311ede16ff
Chicken (meat),Kazakhstan,Astana,RETAIL,2024-08-01,3.45,Kg,291bd111-0f2b-458e-ad4b-b7d45769ba46
Chicken (meat),Kazakhstan,Kostanay,RETAIL,2024-08-01,3.05,Kg,7e0198c1-a0fa-429f-894c-17b7c7f3ed81
Chicken (meat),Kazakhstan,National Average,RETAIL,2024-08-01,3.09,Kg,0e786654-5b01-442d-b33d-a82b7643b6bd
Chicken (meat),Kazakhstan,Shymkent,RETAIL,2024-08-01,3.32,Kg,662acf88-7902-421f-a561-8d56e8f048fd
Chicken (meat),Libyan Arab Jamahiriya,Algatroun,RETAIL,2024-08-01,5.21,Kg,4b90ba35-06e6-49aa-982a-d9d01b8c1556
Chicken (meat),Libyan Arab Jamahiriya,Alkufra,RETAIL,2024-08-01,3.97,Kg,a12c0b33-3674-4148-9fc8-19f787054c99
Chicken (meat),Libyan Arab Jamahiriya,Benghazi,RETAIL,2024-08-01,4.32,Kg,f530629c-534b-454b-b0cf-9fe19028fcc4
Chicken (meat),Libyan Arab Jamahiriya,Misrata,RETAIL,2024-08-01,3.86,Kg,93404742-2344-4782-b0e9-5e3d8a46a582
Chicken (meat),Libyan Arab Jamahiriya,Murzuq,RETAIL,2024-08-01,5.05,Kg,7aaa0e6c-3e7e-4826-b759-39f28be91e32
Chicken (meat),Libyan Arab Jamahiriya,National Average,RETAIL,2024-08-01,4.05,Kg,ebc9ef56-c9c7-4c9a-af31-be1be6dff1ca
Chicken (meat),Libyan Arab Jamahiriya,Sebha,RETAIL,2024-08-01,4.17,Kg,31676722-fca8-4454-847e-9556c13a9dae
Chicken (meat),Libyan Arab Jamahiriya,Tripoli center,RETAIL,2024-08-01,5.11,Kg,7808e993-e9e2-40c5-88a8-0e7feddee750
Chicken (meat),Syrian Arab Republic,Al-Hasakeh,RETAIL,2024-08-01,3.26,Kg,1da85549-0973-437a-8791-fc2263800fd8
Chicken (meat),Syrian Arab Republic,Dar'a,RETAIL,2024-08-01,3.58,Kg,a89af962-7152-43e5-85ce-945c1e243797
Chicken (meat),Syrian Arab Republic,Deir-ez-Zor,RETAIL,2024-08-01,3.98,Kg,5daf8aea-e065-46a8-9b22-5681fbf40e59
Chicken (meat),Syrian Arab Republic,Duma,RETAIL,2024-08-01,3.71,Kg,d2224364-6418-4cf5-be76-7fa9e9478444
Chicken (meat),Syrian Arab Republic,National Average,RETAIL,2024-08-01,3.77,Kg,7deea02c-1be8-461c-b59d-365d9ba6941f
Chicken (meat),Türkiye,National Average,RETAIL,2024-08-01,2.74,Kg,62585957-01c7-4756-9fe6-ae3404bed8b7
Chicken (meat),Algeria,National Average,RETAIL,2024-09-01,3.56,Kg,e5634d96-bb72-4e2c-8c87-ff7d7812b82b
Chicken (meat),Guinea-Bissau,Bissau-Bandim,RETAIL,2024-09-01,6.77,1 unit,3e4bd495-6004-45ef-83e9-c870472ce929
Chicken (meat),Guinea-Bissau,Bissora,RETAIL,2024-09-01,6.77,1 unit,adfa23e0-b06f-4af6-aecd-002a12f6f3a8
Chicken (meat),Guinea-Bissau,Catio,RETAIL,2024-09-01,5.93,1 unit,363b73b8-0fd2-4d2c-88ad-fd5ae50f3e2b
Chicken (meat),Guinea-Bissau,Gabu,RETAIL,2024-09-01,4.23,1 unit,dbfa3d5a-5dd4-4ec7-990e-98a5143d38cf
Chicken (meat),Guinea-Bissau,National Average,RETAIL,2024-09-01,7.14,1 unit,05824f28-fd3e-4ff2-acd9-2bd2f1be01d1
Chicken (meat),Indonesia,National Average,RETAIL,2024-09-01,2.36,Kg,6d75df6b-51b5-4050-9395-4792482566a7
Chicken (meat),Israel,National Average,RETAIL,2024-09-01,7.17,Kg,7592af4c-3414-416c-8bb7-edb7fda1d3b4
Chicken (meat),Jordan,Al Mafraq,RETAIL,2024-09-01,1.94,Kg,011ffdda-e76a-492d-a928-8bc9deb471c1
Chicken (meat),Jordan,Amman,RETAIL,2024-09-01,3.31,Kg,485ed91e-8045-499f-8e5a-062b63da8020
Chicken (meat),Jordan,Irbid,RETAIL,2024-09-01,2.96,Kg,91dea856-32b9-4ec5-9028-3ddc4052afad
Chicken (meat),Jordan,National Average,RETAIL,2024-09-01,3.15,Kg,e2aa8dc6-8dad-42cd-b6d8-0f4d312e1019
Chicken (meat),Jordan,Zarqa,RETAIL,2024-09-01,3.08,Kg,d39506fa-2302-4c12-8326-0ae8cfecf13c
Chicken (meat),Kazakhstan,Aktau,RETAIL,2024-09-01,3.71,Kg,790dc547-a9e0-41b5-a544-0589b5cc776f
Chicken (meat),Kazakhstan,Almaty,RETAIL,2024-09-01,3.37,Kg,20c64a29-5a56-4f14-adc8-47311ede16ff
Chicken (meat),Kazakhstan,Astana,RETAIL,2024-09-01,3.43,Kg,291bd111-0f2b-458e-ad4b-b7d45769ba46
Chicken (meat),Kazakhstan,Kostanay,RETAIL,2024-09-01,3.04,Kg,7e0198c1-a0fa-429f-894c-17b7c7f3ed81
Chicken (meat),Kazakhstan,National Average,RETAIL,2024-09-01,3.09,Kg,0e786654-5b01-442d-b33d-a82b7643b6bd
Chicken (meat),Kazakhstan,Shymkent,RETAIL,2024-09-01,3.31,Kg,662acf88-7902-421f-a561-8d56e8f048fd
Chicken (meat),Libyan Arab Jamahiriya,Algatroun,RETAIL,2024-09-01,6.34,Kg,4b90ba35-06e6-49aa-982a-d9d01b8c1556
Chicken (meat),Libyan Arab Jamahiriya,Alkufra,RETAIL,2024-09-01,4.21,Kg,a12c0b33-3674-4148-9fc8-19f787054c99
Chicken (meat),Libyan Arab Jamahiriya,Benghazi,RETAIL,2024-09-01,3.6,Kg,f530629c-534b-454b-b0cf-9fe19028fcc4
Chicken (meat),Libyan Arab Jamahiriya,Misrata,RETAIL,2024-09-01,4.02,Kg,93404742-2344-4782-b0e9-5e3d8a46a582
Chicken (meat),Libyan Arab Jamahiriya,Murzuq,RETAIL,2024-09-01,6.31,Kg,7aaa0e6c-3e7e-4826-b759-39f28be91e32
Chicken (meat),Libyan Arab Jamahiriya,National Average,RETAIL,2024-09-01,4.31,Kg,ebc9ef56-c9c7-4c9a-af31-be1be6dff1ca
Chicken (meat),Libyan Arab Jamahiriya,Sebha,RETAIL,2024-09-01,5.26,Kg,31676722-fca8-4454-847e-9556c13a9dae
Chicken (meat),Libyan Arab Jamahiriya,Tripoli center,RETAIL,2024-09-01,5.1,Kg,7808e993-e9e2-40c5-88a8-0e7feddee750
Chicken (meat),Syrian Arab Republic,Al-Hasakeh,RETAIL,2024-09-01,2.89,Kg,1da85549-0973-437a-8791-fc2263800fd8
Chicken (meat),Syrian Arab Republic,Dar'a,RETAIL,2024-09-01,3.19,Kg,a89af962-7152-43e5-85ce-945c1e243797
Chicken (meat),Syrian Arab Republic,Deir-ez-Zor,RETAIL,2024-09-01,3.16,Kg,5daf8aea-e065-46a8-9b22-5681fbf40e59
Chicken (meat),Syrian Arab Republic,Duma,RETAIL,2024-09-01,2.87,Kg,d2224364-6418-4cf5-be76-7fa9e9478444
Chicken (meat),Syrian Arab Republic,National Average,RETAIL,2024-09-01,3.08,Kg,7deea02c-1be8-461c-b59d-365d9ba6941f
Chicken (meat),Türkiye,National Average,RETAIL,2024-09-01,2.75,Kg,62585957-01c7-4756-9fe6-ae3404bed8b7
Chicken (meat),Algeria,Awserd,RETAIL,2024-10-01,4.51,Kg,a0a1371f-3e5e-4023-9d06-b4e5afa8b1fa
Chicken (meat),Algeria,Boujdour,RETAIL,2024-10-01,4.51,Kg,b3ae8167-3b88-4df6-bd63-7c3b93379c89
Chicken (meat),Algeria,Dakhla,RETAIL,2024-10-01,4.51,Kg,7f495369-cc9e-481f-bb1a-39736b9183ae
Chicken (meat),Algeria,Laayoun,RETAIL,2024-10-01,4.13,Kg,174f6fcd-897d-435d-9d46-93526f979aa7
Chicken (meat),Algeria,National Average,RETAIL,2024-10-01,3.32,Kg,e5634d96-bb72-4e2c-8c87-ff7d7812b82b
Chicken (meat),Algeria,Smara,RETAIL,2024-10-01,4.51,Kg,5f13606d-e899-44be-a6e6-ebed72d5c115
Chicken (meat),Algeria,Tindouf,RETAIL,2024-10-01,4.13,Kg,fac878c0-ca57-45d7-b69e-c503b86e7f30
Chicken (meat),Guinea-Bissau,Bissau-Bandim,RETAIL,2024-10-01,6.65,1 unit,3e4bd495-6004-45ef-83e9-c870472ce929
Chicken (meat),Guinea-Bissau,Bissora,RETAIL,2024-10-01,6.23,1 unit,adfa23e0-b06f-4af6-aecd-002a12f6f3a8
Chicken (meat),Guinea-Bissau,Catio,RETAIL,2024-10-01,5.82,1 unit,363b73b8-0fd2-4d2c-88ad-fd5ae50f3e2b
Chicken (meat),Guinea-Bissau,Gabu,RETAIL,2024-10-01,3.32,1 unit,dbfa3d5a-5dd4-4ec7-990e-98a5143d38cf
Chicken (meat),Guinea-Bissau,National Average,RETAIL,2024-10-01,6.73,1 unit,05824f28-fd3e-4ff2-acd9-2bd2f1be01d1
Chicken (meat),Indonesia,National Average,RETAIL,2024-10-01,2.36,Kg,6d75df6b-51b5-4050-9395-4792482566a7
Chicken (meat),Israel,National Average,RETAIL,2024-10-01,7.23,Kg,7592af4c-3414-416c-8bb7-edb7fda1d3b4
Chicken (meat),Jordan,Al Mafraq,RETAIL,2024-10-01,1.8,Kg,011ffdda-e76a-492d-a928-8bc9deb471c1
Chicken (meat),Jordan,Amman,RETAIL,2024-10-01,3.3,Kg,485ed91e-8045-499f-8e5a-062b63da8020
Chicken (meat),Jordan,Irbid,RETAIL,2024-10-01,2.72,Kg,91dea856-32b9-4ec5-9028-3ddc4052afad
Chicken (meat),Jordan,National Average,RETAIL,2024-10-01,3.06,Kg,e2aa8dc6-8dad-42cd-b6d8-0f4d312e1019
Chicken (meat),Jordan,Zarqa,RETAIL,2024-10-01,3.18,Kg,d39506fa-2302-4c12-8326-0ae8cfecf13c
Chicken (meat),Kazakhstan,Aktau,RETAIL,2024-10-01,3.7,Kg,790dc547-a9e0-41b5-a544-0589b5cc776f
Chicken (meat),Kazakhstan,Almaty,RETAIL,2024-10-01,3.33,Kg,20c64a29-5a56-4f14-adc8-47311ede16ff
Chicken (meat),Kazakhstan,Astana,RETAIL,2024-10-01,3.47,Kg,291bd111-0f2b-458e-ad4b-b7d45769ba46
Chicken (meat),Kazakhstan,Kostanay,RETAIL,2024-10-01,3.01,Kg,7e0198c1-a0fa-429f-894c-17b7c7f3ed81
Chicken (meat),Kazakhstan,National Average,RETAIL,2024-10-01,3.07,Kg,0e786654-5b01-442d-b33d-a82b7643b6bd
Chicken (meat),Kazakhstan,Shymkent,RETAIL,2024-10-01,3.27,Kg,662acf88-7902-421f-a561-8d56e8f048fd
Chicken (meat),Libyan Arab Jamahiriya,Algatroun,RETAIL,2024-10-01,4.17,Kg,4b90ba35-06e6-49aa-982a-d9d01b8c1556
Chicken (meat),Libyan Arab Jamahiriya,Alkufra,RETAIL,2024-10-01,3.99,Kg,a12c0b33-3674-4148-9fc8-19f787054c99
Chicken (meat),Libyan Arab Jamahiriya,Benghazi,RETAIL,2024-10-01,3.4,Kg,f530629c-534b-454b-b0cf-9fe19028fcc4
Chicken (meat),Libyan Arab Jamahiriya,Misrata,RETAIL,2024-10-01,5.21,Kg,93404742-2344-4782-b0e9-5e3d8a46a582
Chicken (meat),Libyan Arab Jamahiriya,Murzuq,RETAIL,2024-10-01,4.06,Kg,7aaa0e6c-3e7e-4826-b759-39f28be91e32
Chicken (meat),Libyan Arab Jamahiriya,National Average,RETAIL,2024-10-01,4.11,Kg,ebc9ef56-c9c7-4c9a-af31-be1be6dff1ca
Chicken (meat),Libyan Arab Jamahiriya,Sebha,RETAIL,2024-10-01,3.75,Kg,31676722-fca8-4454-847e-9556c13a9dae
Chicken (meat),Libyan Arab Jamahiriya,Tripoli center,RETAIL,2024-10-01,5.47,Kg,7808e993-e9e2-40c5-88a8-0e7feddee750
Chicken (meat),Syrian Arab Republic,Al-Hasakeh,RETAIL,2024-10-01,2.7,Kg,1da85549-0973-437a-8791-fc2263800fd8
Chicken (meat),Syrian Arab Republic,Dar'a,RETAIL,2024-10-01,3.11,Kg,a89af962-7152-43e5-85ce-945c1e243797
Chicken (meat),Syrian Arab Republic,Deir-ez-Zor,RETAIL,2024-10-01,2.88,Kg,5daf8aea-e065-46a8-9b22-5681fbf40e59
Chicken (meat),Syrian Arab Republic,Duma,RETAIL,2024-10-01,2.72,Kg,d2224364-6418-4cf5-be76-7fa9e9478444
Chicken (meat),Syrian Arab Republic,National Average,RETAIL,2024-10-01,2.92,Kg,7deea02c-1be8-461c-b59d-365d9ba6941f
Chicken (meat),Türkiye,National Average,RETAIL,2024-10-01,2.75,Kg,62585957-01c7-4756-9fe6-ae3404bed8b7
Chicken (meat),Algeria,Awserd,RETAIL,2024-11-01,4.27,Kg,a0a1371f-3e5e-4023-9d06-b4e5afa8b1fa
Chicken (meat),Algeria,Boujdour,RETAIL,2024-11-01,4.49,Kg,b3ae8167-3b88-4df6-bd63-7c3b93379c89
Chicken (meat),Algeria,Dakhla,RETAIL,2024-11-01,4.23,Kg,7f495369-cc9e-481f-bb1a-39736b9183ae
Chicken (meat),Algeria,Laayoun,RETAIL,2024-11-01,4.68,Kg,174f6fcd-897d-435d-9d46-93526f979aa7
Chicken (meat),Algeria,National Average,RETAIL,2024-11-01,3.27,Kg,e5634d96-bb72-4e2c-8c87-ff7d7812b82b
Chicken (meat),Algeria,Smara,RETAIL,2024-11-01,4.49,Kg,5f13606d-e899-44be-a6e6-ebed72d5c115
Chicken (meat),Guinea-Bissau,Bissau-Bandim,RETAIL,2024-11-01,6.48,1 unit,3e4bd495-6004-45ef-83e9-c870472ce929
Chicken (meat),Guinea-Bissau,Bissora,RETAIL,2024-11-01,6.48,1 unit,adfa23e0-b06f-4af6-aecd-002a12f6f3a8
Chicken (meat),Guinea-Bissau,Catio,RETAIL,2024-11-01,5.67,1 unit,363b73b8-0fd2-4d2c-88ad-fd5ae50f3e2b
Chicken (meat),Guinea-Bissau,Gabu,RETAIL,2024-11-01,4.05,1 unit,dbfa3d5a-5dd4-4ec7-990e-98a5143d38cf
Chicken (meat),Guinea-Bissau,National Average,RETAIL,2024-11-01,6.7,1 unit,05824f28-fd3e-4ff2-acd9-2bd2f1be01d1
Chicken (meat),Indonesia,National Average,RETAIL,2024-11-01,2.34,Kg,6d75df6b-51b5-4050-9395-4792482566a7
Chicken (meat),Israel,National Average,RETAIL,2024-11-01,7.3,Kg,7592af4c-3414-416c-8bb7-edb7fda1d3b4
Chicken (meat),Jordan,Al Mafraq,RETAIL,2024-11-01,1.94,Kg,011ffdda-e76a-492d-a928-8bc9deb471c1
Chicken (meat),Jordan,Amman,RETAIL,2024-11-01,3.17,Kg,485ed91e-8045-499f-8e5a-062b63da8020
Chicken (meat),Jordan,Irbid,RETAIL,2024-11-01,2.79,Kg,91dea856-32b9-4ec5-9028-3ddc4052afad
Chicken (meat),Jordan,National Average,RETAIL,2024-11-01,3.06,Kg,e2aa8dc6-8dad-42cd-b6d8-0f4d312e1019
Chicken (meat),Jordan,Zarqa,RETAIL,2024-11-01,3.06,Kg,d39506fa-2302-4c12-8326-0ae8cfecf13c
Chicken (meat),Kazakhstan,Aktau,RETAIL,2024-11-01,3.61,Kg,790dc547-a9e0-41b5-a544-0589b5cc776f
Chicken (meat),Kazakhstan,Almaty,RETAIL,2024-11-01,3.27,Kg,20c64a29-5a56-4f14-adc8-47311ede16ff
Chicken (meat),Kazakhstan,Astana,RETAIL,2024-11-01,3.42,Kg,291bd111-0f2b-458e-ad4b-b7d45769ba46
Chicken (meat),Kazakhstan,Kostanay,RETAIL,2024-11-01,2.87,Kg,7e0198c1-a0fa-429f-894c-17b7c7f3ed81
Chicken (meat),Kazakhstan,National Average,RETAIL,2024-11-01,3.01,Kg,0e786654-5b01-442d-b33d-a82b7643b6bd
Chicken (meat),Kazakhstan,Shymkent,RETAIL,2024-11-01,3.17,Kg,662acf88-7902-421f-a561-8d56e8f048fd
Chicken (meat),Libyan Arab Jamahiriya,Algatroun,RETAIL,2024-11-01,5.14,Kg,4b90ba35-06e6-49aa-982a-d9d01b8c1556
Chicken (meat),Libyan Arab Jamahiriya,Alkufra,RETAIL,2024-11-01,4.02,Kg,a12c0b33-3674-4148-9fc8-19f787054c99
Chicken (meat),Libyan Arab Jamahiriya,Benghazi,RETAIL,2024-11-01,3.34,Kg,f530629c-534b-454b-b0cf-9fe19028fcc4
Chicken (meat),Libyan Arab Jamahiriya,Misrata,RETAIL,2024-11-01,4.88,Kg,93404742-2344-4782-b0e9-5e3d8a46a582
Chicken (meat),Libyan Arab Jamahiriya,Murzuq,RETAIL,2024-11-01,5.14,Kg,7aaa0e6c-3e7e-4826-b759-39f28be91e32
Chicken (meat),Libyan Arab Jamahiriya,National Average,RETAIL,2024-11-01,4.18,Kg,ebc9ef56-c9c7-4c9a-af31-be1be6dff1ca
Chicken (meat),Libyan Arab Jamahiriya,Sebha,RETAIL,2024-11-01,4.11,Kg,31676722-fca8-4454-847e-9556c13a9dae
Chicken (meat),Libyan Arab Jamahiriya,Tripoli center,RETAIL,2024-11-01,4.83,Kg,7808e993-e9e2-40c5-88a8-0e7feddee750
Chicken (meat),Syrian Arab Republic,Al-Hasakeh,RETAIL,2024-11-01,2.73,Kg,1da85549-0973-437a-8791-fc2263800fd8
Chicken (meat),Syrian Arab Republic,Dar'a,RETAIL,2024-11-01,3.46,Kg,a89af962-7152-43e5-85ce-945c1e243797
Chicken (meat),Syrian Arab Republic,Deir-ez-Zor,RETAIL,2024-11-01,2.99,Kg,5daf8aea-e065-46a8-9b22-5681fbf40e59
Chicken (meat),Syrian Arab Republic,Duma,RETAIL,2024-11-01,3.05,Kg,d2224364-6418-4cf5-be76-7fa9e9478444
Chicken (meat),Syrian Arab Republic,National Average,RETAIL,2024-11-01,3.05,Kg,7deea02c-1be8-461c-b59d-365d9ba6941f
Chicken (meat),Türkiye,National Average,RETAIL,2024-11-01,2.83,Kg,62585957-01c7-4756-9fe6-ae3404bed8b7
Chicken (meat),Algeria,Awserd,RETAIL,2024-12-01,4.47,Kg,a0a1371f-3e5e-4023-9d06-b4e5afa8b1fa
Chicken (meat),Algeria,Boujdour,RETAIL,2024-12-01,4.47,Kg,b3ae8167-3b88-4df6-bd63-7c3b93379c89
Chicken (meat),Algeria,Dakhla,RETAIL,2024-12-01,4.66,Kg,7f495369-cc9e-481f-bb1a-39736b9183ae
Chicken (meat),Algeria,Laayoun,RETAIL,2024-12-01,4.47,Kg,174f6fcd-897d-435d-9d46-93526f979aa7
Chicken (meat),Algeria,National Average,RETAIL,2024-12-01,2.86,Kg,e5634d96-bb72-4e2c-8c87-ff7d7812b82b
Chicken (meat),Algeria,Smara,RETAIL,2024-12-01,4.66,Kg,5f13606d-e899-44be-a6e6-ebed72d5c115
Chicken (meat),Algeria,Tindouf,RETAIL,2024-12-01,3.95,Kg,fac878c0-ca57-45d7-b69e-c503b86e7f30
Chicken (meat),Guinea-Bissau,Bissau-Bandim,RETAIL,2024-12-01,7.19,1 unit,3e4bd495-6004-45ef-83e9-c870472ce929
Chicken (meat),Guinea-Bissau,Bissora,RETAIL,2024-12-01,7.19,1 unit,adfa23e0-b06f-4af6-aecd-002a12f6f3a8
Chicken (meat),Guinea-Bissau,Catio,RETAIL,2024-12-01,6.39,1 unit,363b73b8-0fd2-4d2c-88ad-fd5ae50f3e2b
Chicken (meat),Guinea-Bissau,Gabu,RETAIL,2024-12-01,3.19,1 unit,dbfa3d5a-5dd4-4ec7-990e-98a5143d38cf
Chicken (meat),Guinea-Bissau,National Average,RETAIL,2024-12-01,6.61,1 unit,05824f28-fd3e-4ff2-acd9-2bd2f1be01d1
Chicken (meat),Indonesia,National Average,RETAIL,2024-12-01,2.35,Kg,6d75df6b-51b5-4050-9395-4792482566a7
Chicken (meat),Israel,National Average,RETAIL,2024-12-01,7.41,Kg,7592af4c-3414-416c-8bb7-edb7fda1d3b4
Chicken (meat),Jordan,Al Mafraq,RETAIL,2024-12-01,2.15,Kg,011ffdda-e76a-492d-a928-8bc9deb471c1
Chicken (meat),Jordan,Amman,RETAIL,2024-12-01,3.18,Kg,485ed91e-8045-499f-8e5a-062b63da8020
Chicken (meat),Jordan,Irbid,RETAIL,2024-12-01,3.01,Kg,91dea856-32b9-4ec5-9028-3ddc4052afad
Chicken (meat),Jordan,National Average,RETAIL,2024-12-01,3.18,Kg,e2aa8dc6-8dad-42cd-b6d8-0f4d312e1019
Chicken (meat),Jordan,Zarqa,RETAIL,2024-12-01,3.18,Kg,d39506fa-2302-4c12-8326-0ae8cfecf13c
Chicken (meat),Kazakhstan,Aktau,RETAIL,2024-12-01,3.44,Kg,790dc547-a9e0-41b5-a544-0589b5cc776f
Chicken (meat),Kazakhstan,Almaty,RETAIL,2024-12-01,3.12,Kg,20c64a29-5a56-4f14-adc8-47311ede16ff
Chicken (meat),Kazakhstan,Astana,RETAIL,2024-12-01,3.28,Kg,291bd111-0f2b-458e-ad4b-b7d45769ba46
Chicken (meat),Kazakhstan,Kostanay,RETAIL,2024-12-01,2.73,Kg,7e0198c1-a0fa-429f-894c-17b7c7f3ed81
Chicken (meat),Kazakhstan,National Average,RETAIL,2024-12-01,2.86,Kg,0e786654-5b01-442d-b33d-a82b7643b6bd
Chicken (meat),Kazakhstan,Shymkent,RETAIL,2024-12-01,2.78,Kg,662acf88-7902-421f-a561-8d56e8f048fd
Chicken (meat),Libyan Arab Jamahiriya,Algatroun,RETAIL,2024-12-01,5.11,Kg,4b90ba35-06e6-49aa-982a-d9d01b8c1556
Chicken (meat),Libyan Arab Jamahiriya,Alkufra,RETAIL,2024-12-01,3.92,Kg,a12c0b33-3674-4148-9fc8-19f787054c99
Chicken (meat),Libyan Arab Jamahiriya,Benghazi,RETAIL,2024-12-01,3.87,Kg,f530629c-534b-454b-b0cf-9fe19028fcc4
Chicken (meat),Libyan Arab Jamahiriya,Misrata,RETAIL,2024-12-01,5.26,Kg,93404742-2344-4782-b0e9-5e3d8a46a582
Chicken (meat),Libyan Arab Jamahiriya,Murzuq,RETAIL,2024-12-01,5.11,Kg,7aaa0e6c-3e7e-4826-b759-39f28be91e32
Chicken (meat),Libyan Arab Jamahiriya,National Average,RETAIL,2024-12-01,4.12,Kg,ebc9ef56-c9c7-4c9a-af31-be1be6dff1ca
Chicken (meat),Libyan Arab Jamahiriya,Sebha,RETAIL,2024-12-01,4.09,Kg,31676722-fca8-4454-847e-9556c13a9dae
Chicken (meat),Libyan Arab Jamahiriya,Tripoli center,RETAIL,2024-12-01,5.11,Kg,7808e993-e9e2-40c5-88a8-0e7feddee750
Chicken (meat),Syrian Arab Republic,Al-Hasakeh,RETAIL,2024-12-01,33621.21,Kg,1da85549-0973-437a-8791-fc2263800fd8
Chicken (meat),Syrian Arab Republic,Dar'a,RETAIL,2024-12-01,45803.03,Kg,a89af962-7152-43e5-85ce-945c1e243797
Chicken (meat),Syrian Arab Republic,Deir-ez-Zor,RETAIL,2024-12-01,37242.43,Kg,5daf8aea-e065-46a8-9b22-5681fbf40e59
Chicken (meat),Syrian Arab Republic,Duma,RETAIL,2024-12-01,29800.0,Kg,d2224364-6418-4cf5-be76-7fa9e9478444
Chicken (meat),Syrian Arab Republic,National Average,RETAIL,2024-12-01,38927.48,Kg,7deea02c-1be8-461c-b59d-365d9ba6941f
Chicken (meat),Türkiye,National Average,RETAIL,2024-12-01,2.76,Kg,62585957-01c7-4756-9fe6-ae3404bed8b7
Chicken (meat),Algeria,Awserd,RETAIL,2025-01-01,4.43,Kg,a0a1371f-3e5e-4023-9d06-b4e5afa8b1fa
Chicken (meat),Algeria,Boujdour,RETAIL,2025-01-01,4.61,Kg,b3ae8167-3b88-4df6-bd63-7c3b93379c89
Chicken (meat),Algeria,Dakhla,RETAIL,2025-01-01,4.43,Kg,7f495369-cc9e-481f-bb1a-39736b9183ae
Chicken (meat),Algeria,Laayoun,RETAIL,2025-01-01,3.87,Kg,174f6fcd-897d-435d-9d46-93526f979aa7
Chicken (meat),Algeria,National Average,RETAIL,2025-01-01,2.59,Kg,e5634d96-bb72-4e2c-8c87-ff7d7812b82b
Chicken (meat),Algeria,Smara,RETAIL,2025-01-01,3.32,Kg,5f13606d-e899-44be-a6e6-ebed72d5c115
Chicken (meat),Algeria,Tindouf,RETAIL,2025-01-01,4.43,Kg,fac878c0-ca57-45d7-b69e-c503b86e7f30
Chicken (meat),Indonesia,National Average,RETAIL,2025-01-01,2.37,Kg,6d75df6b-51b5-4050-9395-4792482566a7
Chicken (meat),Israel,National Average,RETAIL,2025-01-01,7.58,Kg,7592af4c-3414-416c-8bb7-edb7fda1d3b4
Chicken (meat),Jordan,Al Mafraq,RETAIL,2025-01-01,2.49,Kg,011ffdda-e76a-492d-a928-8bc9deb471c1
Chicken (meat),Jordan,Amman,RETAIL,2025-01-01,3.51,Kg,485ed91e-8045-499f-8e5a-062b63da8020
Chicken (meat),Jordan,Irbid,RETAIL,2025-01-01,3.32,Kg,91dea856-32b9-4ec5-9028-3ddc4052afad
Chicken (meat),Jordan,National Average,RETAIL,2025-01-01,3.44,Kg,e2aa8dc6-8dad-42cd-b6d8-0f4d312e1019
Chicken (meat),Jordan,Zarqa,RETAIL,2025-01-01,3.48,Kg,d39506fa-2302-4c12-8326-0ae8cfecf13c
Chicken (meat),Kazakhstan,Aktau,RETAIL,2025-01-01,3.45,Kg,790dc547-a9e0-41b5-a544-0589b5cc776f
Chicken (meat),Kazakhstan,Almaty,RETAIL,2025-01-01,3.11,Kg,20c64a29-5a56-4f14-adc8-47311ede16ff
Chicken (meat),Kazakhstan,Astana,RETAIL,2025-01-01,3.24,Kg,291bd111-0f2b-458e-ad4b-b7d45769ba46
Chicken (meat),Kazakhstan,Kostanay,RETAIL,2025-01-01,2.7,Kg,7e0198c1-a0fa-429f-894c-17b7c7f3ed81
Chicken (meat),Kazakhstan,National Average,RETAIL,2025-01-01,2.87,Kg,0e786654-5b01-442d-b33d-a82b7643b6bd
Chicken (meat),Kazakhstan,Shymkent,RETAIL,2025-01-01,2.82,Kg,662acf88-7902-421f-a561-8d56e8f048fd
Chicken (meat),Libyan Arab Jamahiriya,Algatroun,RETAIL,2025-01-01,4.46,Kg,4b90ba35-06e6-49aa-982a-d9d01b8c1556
Chicken (meat),Libyan Arab Jamahiriya,Alkufra,RETAIL,2025-01-01,3.79,Kg,a12c0b33-3674-4148-9fc8-19f787054c99
Chicken (meat),Libyan Arab Jamahiriya,Benghazi,RETAIL,2025-01-01,3.56,Kg,f530629c-534b-454b-b0cf-9fe19028fcc4
Chicken (meat),Libyan Arab Jamahiriya,Misrata,RETAIL,2025-01-01,2.56,Kg,93404742-2344-4782-b0e9-5e3d8a46a582
Chicken (meat),Libyan Arab Jamahiriya,Murzuq,RETAIL,2025-01-01,4.87,Kg,7aaa0e6c-3e7e-4826-b759-39f28be91e32
Chicken (meat),Libyan Arab Jamahiriya,National Average,RETAIL,2025-01-01,3.67,Kg,ebc9ef56-c9c7-4c9a-af31-be1be6dff1ca
Chicken (meat),Libyan Arab Jamahiriya,Sebha,RETAIL,2025-01-01,4.06,Kg,31676722-fca8-4454-847e-9556c13a9dae
Chicken (meat),Libyan Arab Jamahiriya,Tripoli center,RETAIL,2025-01-01,5.27,Kg,7808e993-e9e2-40c5-88a8-0e7feddee750
Chicken (meat),Syrian Arab Republic,Al-Hasakeh,RETAIL,2025-01-01,34256.41,Kg,1da85549-0973-437a-8791-fc2263800fd8
Chicken (meat),Syrian Arab Republic,Dar'a,RETAIL,2025-01-01,36307.69,Kg,a89af962-7152-43e5-85ce-945c1e243797
Chicken (meat),Syrian Arab Republic,Deir-ez-Zor,RETAIL,2025-01-01,35358.97,Kg,5daf8aea-e065-46a8-9b22-5681fbf40e59
Chicken (meat),Syrian Arab Republic,Duma,RETAIL,2025-01-01,31846.16,Kg,d2224364-6418-4cf5-be76-7fa9e9478444
Chicken (meat),Syrian Arab Republic,National Average,RETAIL,2025-01-01,36343.73,Kg,7deea02c-1be8-461c-b59d-365d9ba6941f
Chicken (meat),Türkiye,National Average,RETAIL,2025-01-01,2.69,Kg,62585957-01c7-4756-9fe6-ae3404bed8b7
Chicken (meat),Algeria,Awserd,RETAIL,2025-02-01,3.7,Kg,a0a1371f-3e5e-4023-9d06-b4e5afa8b1fa
Chicken (meat),Algeria,Dakhla,RETAIL,2025-02-01,4.04,Kg,7f495369-cc9e-481f-bb1a-39736b9183ae
Chicken (meat),Algeria,Laayoun,RETAIL,2025-02-01,4.26,Kg,174f6fcd-897d-435d-9d46-93526f979aa7
Chicken (meat),Algeria,National Average,RETAIL,2025-02-01,2.98,Kg,e5634d96-bb72-4e2c-8c87-ff7d7812b82b
Chicken (meat),Algeria,Smara,RETAIL,2025-02-01,4.07,Kg,5f13606d-e899-44be-a6e6-ebed72d5c115
Chicken (meat),Algeria,Tindouf,RETAIL,2025-02-01,3.56,Kg,fac878c0-ca57-45d7-b69e-c503b86e7f30
Chicken (meat),Indonesia,National Average,RETAIL,2025-02-01,2.27,Kg,6d75df6b-51b5-4050-9395-4792482566a7
Chicken (meat),Israel,National Average,RETAIL,2025-02-01,7.69,Kg,7592af4c-3414-416c-8bb7-edb7fda1d3b4
Chicken (meat),Jordan,Al Mafraq,RETAIL,2025-02-01,2.51,Kg,011ffdda-e76a-492d-a928-8bc9deb471c1
Chicken (meat),Jordan,Amman,RETAIL,2025-02-01,3.52,Kg,485ed91e-8045-499f-8e5a-062b63da8020
Chicken (meat),Jordan,Irbid,RETAIL,2025-02-01,3.3,Kg,91dea856-32b9-4ec5-9028-3ddc4052afad
Chicken (meat),Jordan,National Average,RETAIL,2025-02-01,3.41,Kg,e2aa8dc6-8dad-42cd-b6d8-0f4d312e1019
Chicken (meat),Jordan,Zarqa,RETAIL,2025-02-01,3.52,Kg,d39506fa-2302-4c12-8326-0ae8cfecf13c
Chicken (meat),Kazakhstan,Aktau,RETAIL,2025-02-01,3.57,Kg,790dc547-a9e0-41b5-a544-0589b5cc776f
Chicken (meat),Kazakhstan,Almaty,RETAIL,2025-02-01,3.22,Kg,20c64a29-5a56-4f14-adc8-47311ede16ff
Chicken (meat),Kazakhstan,Astana,RETAIL,2025-02-01,3.36,Kg,291bd111-0f2b-458e-ad4b-b7d45769ba46
Chicken (meat),Kazakhstan,Kostanay,RETAIL,2025-02-01,2.8,Kg,7e0198c1-a0fa-429f-894c-17b7c7f3ed81
Chicken (meat),Kazakhstan,National Average,RETAIL,2025-02-01,2.99,Kg,0e786654-5b01-442d-b33d-a82b7643b6bd
Chicken (meat),Kazakhstan,Shymkent,RETAIL,2025-02-01,3.31,Kg,662acf88-7902-421f-a561-8d56e8f048fd
Chicken (meat),Libyan Arab Jamahiriya,Algatroun,RETAIL,2025-02-01,4.49,Kg,4b90ba35-06e6-49aa-982a-d9d01b8c1556
Chicken (meat),Libyan Arab Jamahiriya,Alkufra,RETAIL,2025-02-01,3.57,Kg,a12c0b33-3674-4148-9fc8-19f787054c99
Chicken (meat),Libyan Arab Jamahiriya,Benghazi,RETAIL,2025-02-01,3.18,Kg,f530629c-534b-454b-b0cf-9fe19028fcc4
Chicken (meat),Libyan Arab Jamahiriya,Misrata,RETAIL,2025-02-01,3.26,Kg,93404742-2344-4782-b0e9-5e3d8a46a582
Chicken (meat),Libyan Arab Jamahiriya,Murzuq,RETAIL,2025-02-01,4.59,Kg,7aaa0e6c-3e7e-4826-b759-39f28be91e32
Chicken (meat),Libyan Arab Jamahiriya,National Average,RETAIL,2025-02-01,3.51,Kg,ebc9ef56-c9c7-4c9a-af31-be1be6dff1ca
Chicken (meat),Libyan Arab Jamahiriya,Sebha,RETAIL,2025-02-01,4.33,Kg,31676722-fca8-4454-847e-9556c13a9dae
Chicken (meat),Libyan Arab Jamahiriya,Tripoli center,RETAIL,2025-02-01,3.36,Kg,7808e993-e9e2-40c5-88a8-0e7feddee750
Chicken (meat),Syrian Arab Republic,Al-Hasakeh,RETAIL,2025-02-01,40000.0,Kg,1da85549-0973-437a-8791-fc2263800fd8
Chicken (meat),Syrian Arab Republic,Dar'a,RETAIL,2025-02-01,36666.67,Kg,a89af962-7152-43e5-85ce-945c1e243797
Chicken (meat),Syrian Arab Republic,Deir-ez-Zor,RETAIL,2025-02-01,35000.0,Kg,5daf8aea-e065-46a8-9b22-5681fbf40e59
Chicken (meat),Syrian Arab Republic,Duma,RETAIL,2025-02-01,29333.33,Kg,d2224364-6418-4cf5-be76-7fa9e9478444
Chicken (meat),Syrian Arab Republic,National Average,RETAIL,2025-02-01,37340.62,Kg,7deea02c-1be8-461c-b59d-365d9ba6941f
Chicken (meat),Türkiye,National Average,RETAIL,2025-02-01,2.66,Kg,62585957-01c7-4756-9fe6-ae3404bed8b7
Chicken (meat),Algeria,Awserd,RETAIL,2025-03-01,4.3,Kg,a0a1371f-3e5e-4023-9d06-b4e5afa8b1fa
Chicken (meat),Algeria,Laayoun,RETAIL,2025-03-01,4.49,Kg,174f6fcd-897d-435d-9d46-93526f979aa7
Chicken (meat),Algeria,National Average,RETAIL,2025-03-01,2.95,Kg,e5634d96-bb72-4e2c-8c87-ff7d7812b82b
Chicken (meat),Algeria,Smara,RETAIL,2025-03-01,4.12,Kg,5f13606d-e899-44be-a6e6-ebed72d5c115
Chicken (meat),Algeria,Tindouf,RETAIL,2025-03-01,4.12,Kg,fac878c0-ca57-45d7-b69e-c503b86e7f30
Chicken (meat),Guinea-Bissau,Bissau-Bandim,RETAIL,2025-03-01,7.41,1 unit,3e4bd495-6004-45ef-83e9-c870472ce929
Chicken (meat),Guinea-Bissau,Bissora,RETAIL,2025-03-01,6.59,1 unit,adfa23e0-b06f-4af6-aecd-002a12f6f3a8
Chicken (meat),Guinea-Bissau,Catio,RETAIL,2025-03-01,4.94,1 unit,363b73b8-0fd2-4d2c-88ad-fd5ae50f3e2b
Chicken (meat),Guinea-Bissau,Gabu,RETAIL,2025-03-01,3.29,1 unit,dbfa3d5a-5dd4-4ec7-990e-98a5143d38cf
Chicken (meat),Guinea-Bissau,National Average,RETAIL,2025-03-01,7.09,1 unit,05824f28-fd3e-4ff2-acd9-2bd2f1be01d1
Chicken (meat),Indonesia,National Average,RETAIL,2025-03-01,2.29,Kg,6d75df6b-51b5-4050-9395-4792482566a7
Chicken (meat),Israel,National Average,RETAIL,2025-03-01,7.46,Kg,7592af4c-3414-416c-8bb7-edb7fda1d3b4
Chicken (meat),Jordan,Al Mafraq,RETAIL,2025-03-01,2.42,Kg,011ffdda-e76a-492d-a928-8bc9deb471c1
Chicken (meat),Jordan,Amman,RETAIL,2025-03-01,3.46,Kg,485ed91e-8045-499f-8e5a-062b63da8020
Chicken (meat),Jordan,Irbid,RETAIL,2025-03-01,3.24,Kg,91dea856-32b9-4ec5-9028-3ddc4052afad
Chicken (meat),Jordan,National Average,RETAIL,2025-03-01,3.39,Kg,e2aa8dc6-8dad-42cd-b6d8-0f4d312e1019
Chicken (meat),Jordan,Zarqa,RETAIL,2025-03-01,3.49,Kg,d39506fa-2302-4c12-8326-0ae8cfecf13c
Chicken (meat),Kazakhstan,Aktau,RETAIL,2025-03-01,3.66,Kg,790dc547-a9e0-41b5-a544-0589b5cc776f
Chicken (meat),Kazakhstan,Almaty,RETAIL,2025-03-01,3.27,Kg,20c64a29-5a56-4f14-adc8-47311ede16ff
Chicken (meat),Kazakhstan,Astana,RETAIL,2025-03-01,3.41,Kg,291bd111-0f2b-458e-ad4b-b7d45769ba46
Chicken (meat),Kazakhstan,Kostanay,RETAIL,2025-03-01,2.84,Kg,7e0198c1-a0fa-429f-894c-17b7c7f3ed81
Chicken (meat),Kazakhstan,National Average,RETAIL,2025-03-01,3.05,Kg,0e786654-5b01-442d-b33d-a82b7643b6bd
Chicken (meat),Kazakhstan,Shymkent,RETAIL,2025-03-01,3.13,Kg,662acf88-7902-421f-a561-8d56e8f048fd
Chicken (meat),Libyan Arab Jamahiriya,Algatroun,RETAIL,2025-03-01,4.55,Kg,4b90ba35-06e6-49aa-982a-d9d01b8c1556
Chicken (meat),Libyan Arab Jamahiriya,Alkufra,RETAIL,2025-03-01,3.62,Kg,a12c0b33-3674-4148-9fc8-19f787054c99
Chicken (meat),Libyan Arab Jamahiriya,Benghazi,RETAIL,2025-03-01,3.14,Kg,f530629c-534b-454b-b0cf-9fe19028fcc4
Chicken (meat),Libyan Arab Jamahiriya,Misrata,RETAIL,2025-03-01,3.56,Kg,93404742-2344-4782-b0e9-5e3d8a46a582
Chicken (meat),Libyan Arab Jamahiriya,Murzuq,RETAIL,2025-03-01,4.76,Kg,7aaa0e6c-3e7e-4826-b759-39f28be91e32
Chicken (meat),Libyan Arab Jamahiriya,National Average,RETAIL,2025-03-01,3.93,Kg,ebc9ef56-c9c7-4c9a-af31-be1be6dff1ca
Chicken (meat),Libyan Arab Jamahiriya,Sebha,RETAIL,2025-03-01,4.14,Kg,31676722-fca8-4454-847e-9556c13a9dae
Chicken (meat),Libyan Arab Jamahiriya,Tripoli center,RETAIL,2025-03-01,3.52,Kg,7808e993-e9e2-40c5-88a8-0e7feddee750
Chicken (meat),Syrian Arab Republic,Al-Hasakeh,RETAIL,2025-03-01,33419.35,Kg,1da85549-0973-437a-8791-fc2263800fd8
Chicken (meat),Syrian Arab Republic,Dar'a,RETAIL,2025-03-01,37763.44,Kg,a89af962-7152-43e5-85ce-945c1e243797
Chicken (meat),Syrian Arab Republic,Deir-ez-Zor,RETAIL,2025-03-01,29806.45,Kg,5daf8aea-e065-46a8-9b22-5681fbf40e59
Chicken (meat),Syrian Arab Republic,Duma,RETAIL,2025-03-01,25368.28,Kg,d2224364-6418-4cf5-be76-7fa9e9478444
Chicken (meat),Syrian Arab Republic,National Average,RETAIL,2025-03-01,33300.19,Kg,7deea02c-1be8-461c-b59d-365d9ba6941f
Chicken (meat),Türkiye,National Average,RETAIL,2025-03-01,2.76,Kg,62585957-01c7-4756-9fe6-ae3404bed8b7
Chicken (meat),Algeria,Awserd,RETAIL,2025-04-01,4.37,Kg,a0a1371f-3e5e-4023-9d06-b4e5afa8b1fa
Chicken (meat),Algeria,Boujdour,RETAIL,2025-04-01,4.52,Kg,b3ae8167-3b88-4df6-bd63-7c3b93379c89
Chicken (meat),Algeria,Dakhla,RETAIL,2025-04-01,4.45,Kg,7f495369-cc9e-481f-bb1a-39736b9183ae
Chicken (meat),Algeria,Laayoun,RETAIL,2025-04-01,4.07,Kg,174f6fcd-897d-435d-9d46-93526f979aa7
Chicken (meat),Algeria,National Average,RETAIL,2025-04-01,2.75,Kg,e5634d96-bb72-4e2c-8c87-ff7d7812b82b
Chicken (meat),Algeria,Smara,RETAIL,2025-04-01,4.52,Kg,5f13606d-e899-44be-a6e6-ebed72d5c115
Chicken (meat),Indonesia,National Average,RETAIL,2025-04-01,2.15,Kg,6d75df6b-51b5-4050-9395-4792482566a7
Chicken (meat),Israel,National Average,RETAIL,2025-04-01,7.52,Kg,7592af4c-3414-416c-8bb7-edb7fda1d3b4
Chicken (meat),Jordan,Al Mafraq,RETAIL,2025-04-01,2.27,Kg,011ffdda-e76a-492d-a928-8bc9deb471c1
Chicken (meat),Jordan,Amman,RETAIL,2025-04-01,3.34,Kg,485ed91e-8045-499f-8e5a-062b63da8020
Chicken (meat),Jordan,Irbid,RETAIL,2025-04-01,3.1,Kg,91dea856-32b9-4ec5-9028-3ddc4052afad
Chicken (meat),Jordan,National Average,RETAIL,2025-04-01,3.31,Kg,e2aa8dc6-8dad-42cd-b6d8-0f4d312e1019
Chicken (meat),Jordan,Zarqa,RETAIL,2025-04-01,3.44,Kg,d39506fa-2302-4c12-8326-0ae8cfecf13c
Chicken (meat),Kazakhstan,Aktau,RETAIL,2025-04-01,3.62,Kg,790dc547-a9e0-41b5-a544-0589b5cc776f
Chicken (meat),Kazakhstan,Astana,RETAIL,2025-04-01,3.27,Kg,291bd111-0f2b-458e-ad4b-b7d45769ba46
Chicken (meat),Kazakhstan,National Average,RETAIL,2025-04-01,2.91,Kg,0e786654-5b01-442d-b33d-a82b7643b6bd
Chicken (meat),Kazakhstan,Shymkent,RETAIL,2025-04-01,3.13,Kg,662acf88-7902-421f-a561-8d56e8f048fd
Chicken (meat),Libyan Arab Jamahiriya,Algatroun,RETAIL,2025-04-01,4.55,Kg,4b90ba35-06e6-49aa-982a-d9d01b8c1556
Chicken (meat),Libyan Arab Jamahiriya,Alkufra,RETAIL,2025-04-01,3.67,Kg,a12c0b33-3674-4148-9fc8-19f787054c99
Chicken (meat),Libyan Arab Jamahiriya,Benghazi,RETAIL,2025-04-01,2.82,Kg,f530629c-534b-454b-b0cf-9fe19028fcc4
Chicken (meat),Libyan Arab Jamahiriya,Misrata,RETAIL,2025-04-01,3.14,Kg,93404742-2344-4782-b0e9-5e3d8a46a582
Chicken (meat),Libyan Arab Jamahiriya,Murzuq,RETAIL,2025-04-01,4.69,Kg,7aaa0e6c-3e7e-4826-b759-39f28be91e32
Chicken (meat),Libyan Arab Jamahiriya,National Average,RETAIL,2025-04-01,3.56,Kg,ebc9ef56-c9c7-4c9a-af31-be1be6dff1ca
Chicken (meat),Libyan Arab Jamahiriya,Sebha,RETAIL,2025-04-01,3.76,Kg,31676722-fca8-4454-847e-9556c13a9dae
Chicken (meat),Libyan Arab Jamahiriya,Tripoli center,RETAIL,2025-04-01,3.19,Kg,7808e993-e9e2-40c5-88a8-0e7feddee750
Chicken (meat),Syrian Arab Republic,Al-Hasakeh,RETAIL,2025-04-01,29600.0,Kg,1da85549-0973-437a-8791-fc2263800fd8
Chicken (meat),Syrian Arab Republic,Dar'a,RETAIL,2025-04-01,31851.85,Kg,a89af962-7152-43e5-85ce-945c1e243797
Chicken (meat),Syrian Arab Republic,Deir-ez-Zor,RETAIL,2025-04-01,29488.89,Kg,5daf8aea-e065-46a8-9b22-5681fbf40e59
Chicken (meat),Syrian Arab Republic,Duma,RETAIL,2025-04-01,24800.0,Kg,d2224364-6418-4cf5-be76-7fa9e9478444
Chicken (meat),Syrian Arab Republic,National Average,RETAIL,2025-04-01,31063.35,Kg,7deea02c-1be8-461c-b59d-365d9ba6941f
Chicken (meat),Türkiye,National Average,RETAIL,2025-04-01,2.65,Kg,62585957-01c7-4756-9fe6-ae3404bed8b7
Chicken (meat),Algeria,Awserd,RETAIL,2025-05-01,3.69,Kg,a0a1371f-3e5e-4023-9d06-b4e5afa8b1fa
Chicken (meat),Algeria,Boujdour,RETAIL,2025-05-01,3.96,Kg,b3ae8167-3b88-4df6-bd63-7c3b93379c89
Chicken (meat),Algeria,Dakhla,RETAIL,2025-05-01,4.15,Kg,7f495369-cc9e-481f-bb1a-39736b9183ae
Chicken (meat),Algeria,Laayoun,RETAIL,2025-05-01,3.92,Kg,174f6fcd-897d-435d-9d46-93526f979aa7
Chicken (meat),Algeria,National Average,RETAIL,2025-05-01,2.63,Kg,e5634d96-bb72-4e2c-8c87-ff7d7812b82b
Chicken (meat),Algeria,Smara,RETAIL,2025-05-01,3.47,Kg,5f13606d-e899-44be-a6e6-ebed72d5c115
Chicken (meat),Algeria,Tindouf,RETAIL,2025-05-01,3.47,Kg,fac878c0-ca57-45d7-b69e-c503b86e7f30
Chicken (meat),Indonesia,National Average,RETAIL,2025-05-01,2.17,Kg,6d75df6b-51b5-4050-9395-4792482566a7
Chicken (meat),Israel,National Average,RETAIL,2025-05-01,7.79,Kg,7592af4c-3414-416c-8bb7-edb7fda1d3b4
Chicken (meat),Jordan,Al Mafraq,RETAIL,2025-05-01,2.49,Kg,011ffdda-e76a-492d-a928-8bc9deb471c1
Chicken (meat),Jordan,Amman,RETAIL,2025-05-01,3.34,Kg,485ed91e-8045-499f-8e5a-062b63da8020
Chicken (meat),Jordan,Irbid,RETAIL,2025-05-01,3.31,Kg,91dea856-32b9-4ec5-9028-3ddc4052afad
Chicken (meat),Jordan,National Average,RETAIL,2025-05-01,3.41,Kg,e2aa8dc6-8dad-42cd-b6d8-0f4d312e1019
Chicken (meat),Jordan,Zarqa,RETAIL,2025-05-01,3.54,Kg,d39506fa-2302-4c12-8326-0ae8cfecf13c
Chicken (meat),Kazakhstan,Aktau,RETAIL,2025-05-01,3.7,Kg,790dc547-a9e0-41b5-a544-0589b5cc776f
Chicken (meat),Kazakhstan,Astana,RETAIL,2025-05-01,3.31,Kg,291bd111-0f2b-458e-ad4b-b7d45769ba46
Chicken (meat),Kazakhstan,National Average,RETAIL,2025-05-01,2.93,Kg,0e786654-5b01-442d-b33d-a82b7643b6bd
Chicken (meat),Kazakhstan,Shymkent,RETAIL,2025-05-01,3.15,Kg,662acf88-7902-421f-a561-8d56e8f048fd
Chicken (meat),Libyan Arab Jamahiriya,Algatroun,RETAIL,2025-05-01,4.58,Kg,4b90ba35-06e6-49aa-982a-d9d01b8c1556
Chicken (meat),Libyan Arab Jamahiriya,Alkufra,RETAIL,2025-05-01,3.3,Kg,a12c0b33-3674-4148-9fc8-19f787054c99
Chicken (meat),Libyan Arab Jamahiriya,Benghazi,RETAIL,2025-05-01,2.64,Kg,f530629c-534b-454b-b0cf-9fe19028fcc4
Chicken (meat),Libyan Arab Jamahiriya,Misrata,RETAIL,2025-05-01,5.27,Kg,93404742-2344-4782-b0e9-5e3d8a46a582
Chicken (meat),Libyan Arab Jamahiriya,Murzuq,RETAIL,2025-05-01,4.58,Kg,7aaa0e6c-3e7e-4826-b759-39f28be91e32
Chicken (meat),Libyan Arab Jamahiriya,National Average,RETAIL,2025-05-01,4.19,Kg,ebc9ef56-c9c7-4c9a-af31-be1be6dff1ca
Chicken (meat),Libyan Arab Jamahiriya,Sebha,RETAIL,2025-05-01,4.22,Kg,31676722-fca8-4454-847e-9556c13a9dae
Chicken (meat),Libyan Arab Jamahiriya,Tripoli center,RETAIL,2025-05-01,4.53,Kg,7808e993-e9e2-40c5-88a8-0e7feddee750
Chicken (meat),Syrian Arab Republic,Al-Hasakeh,RETAIL,2025-05-01,32333.33,Kg,1da85549-0973-437a-8791-fc2263800fd8
Chicken (meat),Syrian Arab Republic,Deir-ez-Zor,RETAIL,2025-05-01,28000.0,Kg,5daf8aea-e065-46a8-9b22-5681fbf40e59
Chicken (meat),Syrian Arab Republic,Duma,RETAIL,2025-05-01,30000.0,Kg,d2224364-6418-4cf5-be76-7fa9e9478444
Chicken (meat),Syrian Arab Republic,National Average,RETAIL,2025-05-01,31713.62,Kg,7deea02c-1be8-461c-b59d-365d9ba6941f
Chicken (meat),Türkiye,National Average,RETAIL,2025-05-01,2.51,Kg,62585957-01c7-4756-9fe6-ae3404bed8b7
Chicken (meat),Algeria,Dakhla,RETAIL,2025-06-01,4.02,Kg,7f495369-cc9e-481f-bb1a-39736b9183ae
Chicken (meat),Algeria,Laayoun,RETAIL,2025-06-01,4.02,Kg,174f6fcd-897d-435d-9d46-93526f979aa7
Chicken (meat),Algeria,National Average,RETAIL,2025-06-01,3.0,Kg,e5634d96-bb72-4e2c-8c87-ff7d7812b82b
Chicken (meat),Algeria,Smara,RETAIL,2025-06-01,4.21,Kg,5f13606d-e899-44be-a6e6-ebed72d5c115
Chicken (meat),Algeria,Tindouf,RETAIL,2025-06-01,3.45,Kg,fac878c0-ca57-45d7-b69e-c503b86e7f30
Chicken (meat),Guinea-Bissau,Bissau-Bandim,RETAIL,2025-06-01,4.39,1 unit,3e4bd495-6004-45ef-83e9-c870472ce929
Chicken (meat),Guinea-Bissau,Bissora,RETAIL,2025-06-01,7.02,1 unit,adfa23e0-b06f-4af6-aecd-002a12f6f3a8
Chicken (meat),Guinea-Bissau,Catio,RETAIL,2025-06-01,5.27,1 unit,363b73b8-0fd2-4d2c-88ad-fd5ae50f3e2b
Chicken (meat),Guinea-Bissau,Gabu,RETAIL,2025-06-01,5.27,1 unit,dbfa3d5a-5dd4-4ec7-990e-98a5143d38cf
Chicken (meat),Guinea-Bissau,National Average,RETAIL,2025-06-01,7.4,1 unit,05824f28-fd3e-4ff2-acd9-2bd2f1be01d1
Chicken (meat),Indonesia,National Average,RETAIL,2025-06-01,2.2,Kg,6d75df6b-51b5-4050-9395-4792482566a7
Chicken (meat),Israel,National Average,RETAIL,2025-06-01,7.76,Kg,7592af4c-3414-416c-8bb7-edb7fda1d3b4
Chicken (meat),Jordan,Al Mafraq,RETAIL,2025-06-01,2.42,Kg,011ffdda-e76a-492d-a928-8bc9deb471c1
Chicken (meat),Jordan,Amman,RETAIL,2025-06-01,3.44,Kg,485ed91e-8045-499f-8e5a-062b63da8020
Chicken (meat),Jordan,Irbid,RETAIL,2025-06-01,3.27,Kg,91dea856-32b9-4ec5-9028-3ddc4052afad
Chicken (meat),Jordan,National Average,RETAIL,2025-06-01,3.44,Kg,e2aa8dc6-8dad-42cd-b6d8-0f4d312e1019
Chicken (meat),Jordan,Zarqa,RETAIL,2025-06-01,3.37,Kg,d39506fa-2302-4c12-8326-0ae8cfecf13c
Chicken (meat),Kazakhstan,Aktau,RETAIL,2025-06-01,3.67,Kg,790dc547-a9e0-41b5-a544-0589b5cc776f
Chicken (meat),Kazakhstan,Astana,RETAIL,2025-06-01,3.28,Kg,291bd111-0f2b-458e-ad4b-b7d45769ba46
Chicken (meat),Kazakhstan,National Average,RETAIL,2025-06-01,2.92,Kg,0e786654-5b01-442d-b33d-a82b7643b6bd
Chicken (meat),Kazakhstan,Shymkent,RETAIL,2025-06-01,3.12,Kg,662acf88-7902-421f-a561-8d56e8f048fd
Chicken (meat),Libyan Arab Jamahiriya,Algatroun,RETAIL,2025-06-01,4.59,Kg,4b90ba35-06e6-49aa-982a-d9d01b8c1556
Chicken (meat),Libyan Arab Jamahiriya,Alkufra,RETAIL,2025-06-01,3.5,Kg,a12c0b33-3674-4148-9fc8-19f787054c99
Chicken (meat),Libyan Arab Jamahiriya,Benghazi,RETAIL,2025-06-01,2.82,Kg,f530629c-534b-454b-b0cf-9fe19028fcc4
Chicken (meat),Libyan Arab Jamahiriya,Misrata,RETAIL,2025-06-01,4.96,Kg,93404742-2344-4782-b0e9-5e3d8a46a582
Chicken (meat),Libyan Arab Jamahiriya,Murzuq,RETAIL,2025-06-01,4.59,Kg,7aaa0e6c-3e7e-4826-b759-39f28be91e32
Chicken (meat),Libyan Arab Jamahiriya,National Average,RETAIL,2025-06-01,4.29,Kg,ebc9ef56-c9c7-4c9a-af31-be1be6dff1ca
Chicken (meat),Libyan Arab Jamahiriya,Sebha,RETAIL,2025-06-01,4.23,Kg,31676722-fca8-4454-847e-9556c13a9dae
Chicken (meat),Libyan Arab Jamahiriya,Tripoli center,RETAIL,2025-06-01,5.88,Kg,7808e993-e9e2-40c5-88a8-0e7feddee750
Chicken (meat),Syrian Arab Republic,Al-Hasakeh,RETAIL,2025-06-01,34433.33,Kg,1da85549-0973-437a-8791-fc2263800fd8
Chicken (meat),Syrian Arab Republic,Dar'a,RETAIL,2025-06-01,28966.67,Kg,a89af962-7152-43e5-85ce-945c1e243797
Chicken (meat),Syrian Arab Republic,Deir-ez-Zor,RETAIL,2025-06-01,30644.44,Kg,5daf8aea-e065-46a8-9b22-5681fbf40e59
Chicken (meat),Syrian Arab Republic,Duma,RETAIL,2025-06-01,27494.44,Kg,d2224364-6418-4cf5-be76-7fa9e9478444
Chicken (meat),Syrian Arab Republic,National Average,RETAIL,2025-06-01,31092.21,Kg,7deea02c-1be8-461c-b59d-365d9ba6941f
Chicken (meat),Türkiye,National Average,RETAIL,2025-06-01,2.37,Kg,62585957-01c7-4756-9fe6-ae3404bed8b7
Chicken (meat),Algeria,Awserd,RETAIL,2025-07-01,4.43,Kg,a0a1371f-3e5e-4023-9d06-b4e5afa8b1fa
Chicken (meat),Algeria,Boujdour,RETAIL,2025-07-01,4.82,Kg,b3ae8167-3b88-4df6-bd63-7c3b93379c89
Chicken (meat),Algeria,Laayoun,RETAIL,2025-07-01,4.24,Kg,174f6fcd-897d-435d-9d46-93526f979aa7
Chicken (meat),Algeria,National Average,RETAIL,2025-07-01,2.79,Kg,e5634d96-bb72-4e2c-8c87-ff7d7812b82b
Chicken (meat),Algeria,Smara,RETAIL,2025-07-01,4.05,Kg,5f13606d-e899-44be-a6e6-ebed72d5c115
Chicken (meat),Algeria,Tindouf,RETAIL,2025-07-01,5.09,Kg,fac878c0-ca57-45d7-b69e-c503b86e7f30
Chicken (meat),Indonesia,National Average,RETAIL,2025-07-01,2.21,Kg,6d75df6b-51b5-4050-9395-4792482566a7
Chicken (meat),Israel,National Average,RETAIL,2025-07-01,8.32,Kg,7592af4c-3414-416c-8bb7-edb7fda1d3b4
Chicken (meat),Jordan,Al Mafraq,RETAIL,2025-07-01,2.0,Kg,011ffdda-e76a-492d-a928-8bc9deb471c1
Chicken (meat),Jordan,Amman,RETAIL,2025-07-01,3.38,Kg,485ed91e-8045-499f-8e5a-062b63da8020
Chicken (meat),Jordan,Irbid,RETAIL,2025-07-01,3.24,Kg,91dea856-32b9-4ec5-9028-3ddc4052afad
Chicken (meat),Jordan,National Average,RETAIL,2025-07-01,3.28,Kg,e2aa8dc6-8dad-42cd-b6d8-0f4d312e1019
Chicken (meat),Jordan,Zarqa,RETAIL,2025-07-01,3.31,Kg,d39506fa-2302-4c12-8326-0ae8cfecf13c
Chicken (meat),Kazakhstan,Aktau,RETAIL,2025-07-01,3.57,Kg,790dc547-a9e0-41b5-a544-0589b5cc776f
Chicken (meat),Kazakhstan,Astana,RETAIL,2025-07-01,3.26,Kg,291bd111-0f2b-458e-ad4b-b7d45769ba46
Chicken (meat),Kazakhstan,National Average,RETAIL,2025-07-01,2.87,Kg,0e786654-5b01-442d-b33d-a82b7643b6bd
Chicken (meat),Kazakhstan,Shymkent,RETAIL,2025-07-01,3.11,Kg,662acf88-7902-421f-a561-8d56e8f048fd
Chicken (meat),Syrian Arab Republic,Al-Hasakeh,RETAIL,2025-07-01,27666.67,Kg,1da85549-0973-437a-8791-fc2263800fd8
Chicken (meat),Syrian Arab Republic,Dar'a,RETAIL,2025-07-01,27000.0,Kg,a89af962-7152-43e5-85ce-945c1e243797
Chicken (meat),Syrian Arab Republic,Deir-ez-Zor,RETAIL,2025-07-01,27666.67,Kg,5daf8aea-e065-46a8-9b22-5681fbf40e59
Chicken (meat),Syrian Arab Republic,Duma,RETAIL,2025-07-01,25333.33,Kg,d2224364-6418-4cf5-be76-7fa9e9478444
Chicken (meat),Syrian Arab Republic,National Average,RETAIL,2025-07-01,29069.13,Kg,7deea02c-1be8-461c-b59d-365d9ba6941f
Chicken (meat),Türkiye,National Average,RETAIL,2025-07-01,2.19,Kg,62585957-01c7-4756-9fe6-ae3404bed8b7
Chicken (meat),Algeria,National Average,RETAIL,2025-08-01,3.69,Kg,e5634d96-bb72-4e2c-8c87-ff7d7812b82b
Chicken (meat),Indonesia,National Average,RETAIL,2025-08-01,2.21,Kg,6d75df6b-51b5-4050-9395-4792482566a7
Chicken (meat),Israel,National Average,RETAIL,2025-08-01,8.18,Kg,7592af4c-3414-416c-8bb7-edb7fda1d3b4
Chicken (meat),Jordan,Al Mafraq,RETAIL,2025-08-01,1.9,Kg,011ffdda-e76a-492d-a928-8bc9deb471c1
Chicken (meat),Jordan,Amman,RETAIL,2025-08-01,3.24,Kg,485ed91e-8045-499f-8e5a-062b63da8020
Chicken (meat),Jordan,Irbid,RETAIL,2025-08-01,3.1,Kg,91dea856-32b9-4ec5-9028-3ddc4052afad
Chicken (meat),Jordan,Zarqa,RETAIL,2025-08-01,3.17,Kg,d39506fa-2302-4c12-8326-0ae8cfecf13c
Chicken (meat),Kazakhstan,Aktau,RETAIL,2025-08-01,3.55,Kg,790dc547-a9e0-41b5-a544-0589b5cc776f
Chicken (meat),Kazakhstan,Astana,RETAIL,2025-08-01,3.21,Kg,291bd111-0f2b-458e-ad4b-b7d45769ba46
Chicken (meat),Kazakhstan,National Average,RETAIL,2025-08-01,2.9,Kg,0e786654-5b01-442d-b33d-a82b7643b6bd
Chicken (meat),Kazakhstan,Shymkent,RETAIL,2025-08-01,3.05,Kg,662acf88-7902-421f-a561-8d56e8f048fd
Chicken (meat),Türkiye,National Average,RETAIL,2025-08-01,2.21,Kg,62585957-01c7-4756-9fe6-ae3404bed8b7
Chicken (meat),Indonesia,National Average,RETAIL,2025-09-01,2.36,Kg,6d75df6b-51b5-4050-9395-4792482566a7
Chicken (meat),Israel,National Average,RETAIL,2025-09-01,8.22,Kg,7592af4c-3414-416c-8bb7-edb7fda1d3b4
Chicken (meat),Kazakhstan,Aktau,RETAIL,2025-09-01,3.58,Kg,790dc547-a9e0-41b5-a544-0589b5cc776f
Chicken (meat),Kazakhstan,Astana,RETAIL,2025-09-01,3.28,Kg,291bd111-0f2b-458e-ad4b-b7d45769ba46
Chicken (meat),Kazakhstan,National Average,RETAIL,2025-09-01,2.96,Kg,0e786654-5b01-442d-b33d-a82b7643b6bd
Chicken (meat),Kazakhstan,Shymkent,RETAIL,2025-09-01,3.09,Kg,662acf88-7902-421f-a561-8d56e8f048fd
Chicken (meat),Türkiye,National Average,RETAIL,2025-09-01,2.44,Kg,62585957-01c7-4756-9fe6-ae3404bed8b7
