date,price_usd,commodity_name,country,market,price_type,unit
2016-06-01,1.75,Lentils,Jordan,Al Mafraq,RETAIL,Kg
2016-07-01,,Lentils,Jordan,Al Mafraq,RETAIL,Kg
2016-08-01,,Lentils,Jordan,Al Mafraq,RETAIL,Kg
2016-09-01,,Lentils,Jordan,Al Mafraq,RETAIL,Kg
2016-10-01,,Lentils,Jordan,Al Mafraq,RETAIL,Kg
2016-11-01,,Lentils,Jordan,Al Mafraq,RETAIL,Kg
2016-12-01,,Lentils,Jordan,Al Mafraq,RETAIL,Kg
2017-01-01,1.83,Lentils,Jordan,Al Mafraq,RETAIL,Kg
2017-02-01,1.96,Lentils,Jordan,Al Mafraq,RETAIL,Kg
2017-03-01,1.75,Lentils,Jordan,Al Mafraq,RETAIL,Kg
2017-04-01,1.74,Lentils,Jordan,Al Mafraq,RETAIL,Kg
2017-05-01,1.75,Lentils,Jordan,Al Mafraq,RETAIL,Kg
2017-06-01,1.62,Lentils,Jordan,Al Mafraq,RETAIL,Kg
2017-07-01,1.54,Lentils,Jordan,Al Mafraq,RETAIL,Kg
2017-08-01,1.54,Lentils,Jordan,Al Mafraq,RETAIL,Kg
2017-09-01,1.54,Lentils,Jordan,Al Mafraq,RETAIL,Kg
2017-10-01,1.54,Lentils,Jordan,Al Mafraq,RETAIL,Kg
2017-11-01,1.54,Lentils,Jordan,Al Mafraq,RETAIL,Kg
2017-12-01,1.78,Lentils,Jordan,Al Mafraq,RETAIL,Kg
2018-01-01,1.54,Lentils,Jordan,Al Mafraq,RETAIL,Kg
2018-02-01,1.54,Lentils,Jordan,Al Mafraq,RETAIL,Kg
2018-03-01,1.54,Lentils,Jordan,Al Mafraq,RETAIL,Kg
2018-04-01,1.54,Lentils,Jordan,Al Mafraq,RETAIL,Kg
2018-05-01,1.51,Lentils,Jordan,Al Mafraq,RETAIL,Kg
2018-06-01,1.51,Lentils,Jordan,Al Mafraq,RETAIL,Kg
2018-07-01,1.51,Lentils,Jordan,Al Mafraq,RETAIL,Kg
2018-08-01,1.51,Lentils,Jordan,Al Mafraq,RETAIL,Kg
2018-09-01,1.54,Lentils,Jordan,Al Mafraq,RETAIL,Kg
2018-10-01,1.54,Lentils,Jordan,Al Mafraq,RETAIL,Kg
2018-11-01,1.64,Lentils,Jordan,Al Mafraq,RETAIL,Kg
2018-12-01,1.63,Lentils,Jordan,Al Mafraq,RETAIL,Kg
2019-01-01,1.66,Lentils,Jordan,Al Mafraq,RETAIL,Kg
2019-02-01,1.66,Lentils,Jordan,Al Mafraq,RETAIL,Kg
2019-03-01,1.66,Lentils,Jordan,Al Mafraq,RETAIL,Kg
2019-04-01,1.66,Lentils,Jordan,Al Mafraq,RETAIL,Kg
2019-05-01,1.41,Lentils,Jordan,Al Mafraq,RETAIL,Kg
2019-06-01,1.51,Lentils,Jordan,Al Mafraq,RETAIL,Kg
2019-07-01,1.41,Lentils,Jordan,Al Mafraq,RETAIL,Kg
2019-08-01,1.41,Lentils,Jordan,Al Mafraq,RETAIL,Kg
2019-09-01,1.41,Lentils,Jordan,Al Mafraq,RETAIL,Kg
2019-10-01,1.41,Lentils,Jordan,Al Mafraq,RETAIL,Kg
2019-11-01,1.35,Lentils,Jordan,Al Mafraq,RETAIL,Kg
2019-12-01,1.35,Lentils,Jordan,Al Mafraq,RETAIL,Kg
2020-01-01,1.35,Lentils,Jordan,Al Mafraq,RETAIL,Kg
2020-02-01,1.35,Lentils,Jordan,Al Mafraq,RETAIL,Kg
2020-03-01,1.35,Lentils,Jordan,Al Mafraq,RETAIL,Kg
2020-04-01,1.35,Lentils,Jordan,Al Mafraq,RETAIL,Kg
2020-05-01,1.35,Lentils,Jordan,Al Mafraq,RETAIL,Kg
2020-06-01,1.35,Lentils,Jordan,Al Mafraq,RETAIL,Kg
2020-07-01,1.27,Lentils,Jordan,Al Mafraq,RETAIL,Kg
2020-08-01,1.23,Lentils,Jordan,Al Mafraq,RETAIL,Kg
2020-09-01,1.21,Lentils,Jordan,Al Mafraq,RETAIL,Kg
2020-10-01,1.21,Lentils,Jordan,Al Mafraq,RETAIL,Kg
2020-11-01,1.21,Lentils,Jordan,Al Mafraq,RETAIL,Kg
2020-12-01,1.21,Lentils,Jordan,Al Mafraq,RETAIL,Kg
2021-01-01,1.21,Lentils,Jordan,Al Mafraq,RETAIL,Kg
2021-02-01,1.21,Lentils,Jordan,Al Mafraq,RETAIL,Kg
2021-03-01,1.21,Lentils,Jordan,Al Mafraq,RETAIL,Kg
2021-04-01,1.21,Lentils,Jordan,Al Mafraq,RETAIL,Kg
2021-05-01,1.21,Lentils,Jordan,Al Mafraq,RETAIL,Kg
2021-06-01,1.21,Lentils,Jordan,Al Mafraq,RETAIL,Kg
2021-07-01,1.3,Lentils,Jordan,Al Mafraq,RETAIL,Kg
2021-08-01,1.3,Lentils,Jordan,Al Mafraq,RETAIL,Kg
2021-09-01,1.52,Lentils,Jordan,Al Mafraq,RETAIL,Kg
2021-10-01,1.61,Lentils,Jordan,Al Mafraq,RETAIL,Kg
2021-11-01,1.61,Lentils,Jordan,Al Mafraq,RETAIL,Kg
2021-12-01,1.61,Lentils,Jordan,Al Mafraq,RETAIL,Kg
2022-01-01,1.61,Lentils,Jordan,Al Mafraq,RETAIL,Kg
2022-02-01,1.61,Lentils,Jordan,Al Mafraq,RETAIL,Kg
2022-03-01,1.68,Lentils,Jordan,Al Mafraq,RETAIL,Kg
2022-04-01,1.69,Lentils,Jordan,Al Mafraq,RETAIL,Kg
2022-05-01,1.69,Lentils,Jordan,Al Mafraq,RETAIL,Kg
2022-06-01,1.68,Lentils,Jordan,Al Mafraq,RETAIL,Kg
2022-07-01,1.69,Lentils,Jordan,Al Mafraq,RETAIL,Kg
2022-08-01,1.7,Lentils,Jordan,Al Mafraq,RETAIL,Kg
2022-09-01,1.7,Lentils,Jordan,Al Mafraq,RETAIL,Kg
2022-10-01,1.7,Lentils,Jordan,Al Mafraq,RETAIL,Kg
2022-11-01,1.7,Lentils,Jordan,Al Mafraq,RETAIL,Kg
2022-12-01,1.75,Lentils,Jordan,Al Mafraq,RETAIL,Kg
2023-01-01,1.76,Lentils,Jordan,Al Mafraq,RETAIL,Kg
2023-02-01,1.76,Lentils,Jordan,Al Mafraq,RETAIL,Kg
2023-03-01,1.75,Lentils,Jordan,Al Mafraq,RETAIL,Kg
2023-04-01,1.76,Lentils,Jordan,Al Mafraq,RETAIL,Kg
2023-05-01,1.75,Lentils,Jordan,Al Mafraq,RETAIL,Kg
2023-06-01,1.75,Lentils,Jordan,Al Mafraq,RETAIL,Kg
2023-07-01,1.75,Lentils,Jordan,Al Mafraq,RETAIL,Kg
2023-08-01,1.76,Lentils,Jordan,Al Mafraq,RETAIL,Kg
2023-09-01,1.38,Lentils,Jordan,Al Mafraq,RETAIL,Kg
2023-10-01,1.38,Lentils,Jordan,Al Mafraq,RETAIL,Kg
2023-11-01,1.38,Lentils,Jordan,Al Mafraq,RETAIL,Kg
2023-12-01,1.39,Lentils,Jordan,Al Mafraq,RETAIL,Kg
2024-01-01,1.51,Lentils,Jordan,Al Mafraq,RETAIL,Kg
2024-02-01,1.51,Lentils,Jordan,Al Mafraq,RETAIL,Kg
2024-03-01,1.51,Lentils,Jordan,Al Mafraq,RETAIL,Kg
2024-04-01,1.51,Lentils,Jordan,Al Mafraq,RETAIL,Kg
2024-05-01,1.51,Lentils,Jordan,Al Mafraq,RETAIL,Kg
2024-06-01,1.58,Lentils,Jordan,Al Mafraq,RETAIL,Kg
2024-07-01,1.61,Lentils,Jordan,Al Mafraq,RETAIL,Kg
2024-08-01,1.61,Lentils,Jordan,Al Mafraq,RETAIL,Kg
2024-09-01,1.62,Lentils,Jordan,Al Mafraq,RETAIL,Kg
2024-10-01,1.62,Lentils,Jordan,Al Mafraq,RETAIL,Kg
2024-11-01,1.62,Lentils,Jordan,Al Mafraq,RETAIL,Kg
2024-12-01,1.62,Lentils,Jordan,Al Mafraq,RETAIL,Kg
2025-01-01,1.7,Lentils,Jordan,Al Mafraq,RETAIL,Kg
2025-02-01,1.51,Lentils,Jordan,Al Mafraq,RETAIL,Kg
2025-03-01,1.49,Lentils,Jordan,Al Mafraq,RETAIL,Kg
2025-04-01,1.49,Lentils,Jordan,Al Mafraq,RETAIL,Kg
2025-05-01,1.49,Lentils,Jordan,Al Mafraq,RETAIL,Kg
2025-06-01,1.49,Lentils,Jordan,Al Mafraq,RETAIL,Kg
2025-07-01,1.49,Lentils,Jordan,Al Mafraq,RETAIL,Kg
2025-08-01,1.5,Lentils,Jordan,Al Mafraq,RETAIL,Kg
2016-06-01,1.58,Lentils,Jordan,Amman,RETAIL,Kg
2016-07-01,,Lentils,Jordan,Amman,RETAIL,Kg
2016-08-01,,Lentils,Jordan,Amman,RETAIL,Kg
2016-09-01,,Lentils,Jordan,Amman,RETAIL,Kg
2016-10-01,,Lentils,Jordan,Amman,RETAIL,Kg
2016-11-01,,Lentils,Jordan,Amman,RETAIL,Kg
2016-12-01,,Lentils,Jordan,Amman,RETAIL,Kg
2017-01-01,2.02,Lentils,Jordan,Amman,RETAIL,Kg
2017-02-01,2.06,Lentils,Jordan,Amman,RETAIL,Kg
2017-03-01,1.82,Lentils,Jordan,Amman,RETAIL,Kg
2017-04-01,1.82,Lentils,Jordan,Amman,RETAIL,Kg
2017-05-01,1.82,Lentils,Jordan,Amman,RETAIL,Kg
2017-06-01,1.82,Lentils,Jordan,Amman,RETAIL,Kg
2017-07-01,1.82,Lentils,Jordan,Amman,RETAIL,Kg
2017-08-01,1.82,Lentils,Jordan,Amman,RETAIL,Kg
2017-09-01,1.82,Lentils,Jordan,Amman,RETAIL,Kg
2017-10-01,1.79,Lentils,Jordan,Amman,RETAIL,Kg
2017-11-01,1.79,Lentils,Jordan,Amman,RETAIL,Kg
2017-12-01,1.82,Lentils,Jordan,Amman,RETAIL,Kg
2018-01-01,1.75,Lentils,Jordan,Amman,RETAIL,Kg
2018-02-01,1.71,Lentils,Jordan,Amman,RETAIL,Kg
2018-03-01,1.71,Lentils,Jordan,Amman,RETAIL,Kg
2018-04-01,1.71,Lentils,Jordan,Amman,RETAIL,Kg
2018-05-01,1.69,Lentils,Jordan,Amman,RETAIL,Kg
2018-06-01,1.69,Lentils,Jordan,Amman,RETAIL,Kg
2018-07-01,1.69,Lentils,Jordan,Amman,RETAIL,Kg
2018-08-01,1.65,Lentils,Jordan,Amman,RETAIL,Kg
2018-09-01,1.66,Lentils,Jordan,Amman,RETAIL,Kg
2018-10-01,1.71,Lentils,Jordan,Amman,RETAIL,Kg
2018-11-01,1.74,Lentils,Jordan,Amman,RETAIL,Kg
2018-12-01,1.73,Lentils,Jordan,Amman,RETAIL,Kg
2019-01-01,1.73,Lentils,Jordan,Amman,RETAIL,Kg
2019-02-01,1.73,Lentils,Jordan,Amman,RETAIL,Kg
2019-03-01,1.62,Lentils,Jordan,Amman,RETAIL,Kg
2019-04-01,1.61,Lentils,Jordan,Amman,RETAIL,Kg
2019-05-01,1.61,Lentils,Jordan,Amman,RETAIL,Kg
2019-06-01,1.69,Lentils,Jordan,Amman,RETAIL,Kg
2019-07-01,1.56,Lentils,Jordan,Amman,RETAIL,Kg
2019-08-01,1.58,Lentils,Jordan,Amman,RETAIL,Kg
2019-09-01,1.54,Lentils,Jordan,Amman,RETAIL,Kg
2019-10-01,1.55,Lentils,Jordan,Amman,RETAIL,Kg
2019-11-01,1.54,Lentils,Jordan,Amman,RETAIL,Kg
2019-12-01,1.55,Lentils,Jordan,Amman,RETAIL,Kg
2020-01-01,1.55,Lentils,Jordan,Amman,RETAIL,Kg
2020-02-01,1.52,Lentils,Jordan,Amman,RETAIL,Kg
2020-03-01,1.52,Lentils,Jordan,Amman,RETAIL,Kg
2020-04-01,1.52,Lentils,Jordan,Amman,RETAIL,Kg
2020-05-01,1.52,Lentils,Jordan,Amman,RETAIL,Kg
2020-06-01,1.52,Lentils,Jordan,Amman,RETAIL,Kg
2020-07-01,1.54,Lentils,Jordan,Amman,RETAIL,Kg
2020-08-01,1.61,Lentils,Jordan,Amman,RETAIL,Kg
2020-09-01,1.61,Lentils,Jordan,Amman,RETAIL,Kg
2020-10-01,1.61,Lentils,Jordan,Amman,RETAIL,Kg
2020-11-01,1.61,Lentils,Jordan,Amman,RETAIL,Kg
2020-12-01,1.61,Lentils,Jordan,Amman,RETAIL,Kg
2021-01-01,1.61,Lentils,Jordan,Amman,RETAIL,Kg
2021-02-01,1.61,Lentils,Jordan,Amman,RETAIL,Kg
2021-03-01,1.61,Lentils,Jordan,Amman,RETAIL,Kg
2021-04-01,1.61,Lentils,Jordan,Amman,RETAIL,Kg
2021-05-01,1.61,Lentils,Jordan,Amman,RETAIL,Kg
2021-06-01,1.61,Lentils,Jordan,Amman,RETAIL,Kg
2021-07-01,1.61,Lentils,Jordan,Amman,RETAIL,Kg
2021-08-01,1.61,Lentils,Jordan,Amman,RETAIL,Kg
2021-09-01,1.61,Lentils,Jordan,Amman,RETAIL,Kg
2021-10-01,1.62,Lentils,Jordan,Amman,RETAIL,Kg
2021-11-01,1.73,Lentils,Jordan,Amman,RETAIL,Kg
2021-12-01,1.77,Lentils,Jordan,Amman,RETAIL,Kg
2022-01-01,1.77,Lentils,Jordan,Amman,RETAIL,Kg
2022-02-01,1.77,Lentils,Jordan,Amman,RETAIL,Kg
2022-03-01,1.8,Lentils,Jordan,Amman,RETAIL,Kg
2022-04-01,1.8,Lentils,Jordan,Amman,RETAIL,Kg
2022-05-01,1.8,Lentils,Jordan,Amman,RETAIL,Kg
2022-06-01,1.82,Lentils,Jordan,Amman,RETAIL,Kg
2022-07-01,1.8,Lentils,Jordan,Amman,RETAIL,Kg
2022-08-01,1.8,Lentils,Jordan,Amman,RETAIL,Kg
2022-09-01,1.8,Lentils,Jordan,Amman,RETAIL,Kg
2022-10-01,1.79,Lentils,Jordan,Amman,RETAIL,Kg
2022-11-01,1.75,Lentils,Jordan,Amman,RETAIL,Kg
2022-12-01,1.75,Lentils,Jordan,Amman,RETAIL,Kg
2023-01-01,1.76,Lentils,Jordan,Amman,RETAIL,Kg
2023-02-01,1.76,Lentils,Jordan,Amman,RETAIL,Kg
2023-03-01,1.75,Lentils,Jordan,Amman,RETAIL,Kg
2023-04-01,1.75,Lentils,Jordan,Amman,RETAIL,Kg
2023-05-01,1.75,Lentils,Jordan,Amman,RETAIL,Kg
2023-06-01,1.75,Lentils,Jordan,Amman,RETAIL,Kg
2023-07-01,1.75,Lentils,Jordan,Amman,RETAIL,Kg
2023-08-01,1.75,Lentils,Jordan,Amman,RETAIL,Kg
2023-09-01,1.72,Lentils,Jordan,Amman,RETAIL,Kg
2023-10-01,1.73,Lentils,Jordan,Amman,RETAIL,Kg
2023-11-01,1.73,Lentils,Jordan,Amman,RETAIL,Kg
2023-12-01,1.75,Lentils,Jordan,Amman,RETAIL,Kg
2024-01-01,1.76,Lentils,Jordan,Amman,RETAIL,Kg
2024-02-01,1.76,Lentils,Jordan,Amman,RETAIL,Kg
2024-03-01,1.76,Lentils,Jordan,Amman,RETAIL,Kg
2024-04-01,1.76,Lentils,Jordan,Amman,RETAIL,Kg
2024-05-01,1.77,Lentils,Jordan,Amman,RETAIL,Kg
2024-06-01,1.77,Lentils,Jordan,Amman,RETAIL,Kg
2024-07-01,1.82,Lentils,Jordan,Amman,RETAIL,Kg
2024-08-01,1.86,Lentils,Jordan,Amman,RETAIL,Kg
2024-09-01,1.86,Lentils,Jordan,Amman,RETAIL,Kg
2024-10-01,1.83,Lentils,Jordan,Amman,RETAIL,Kg
2024-11-01,1.82,Lentils,Jordan,Amman,RETAIL,Kg
2024-12-01,1.82,Lentils,Jordan,Amman,RETAIL,Kg
2025-01-01,1.82,Lentils,Jordan,Amman,RETAIL,Kg
2025-02-01,1.8,Lentils,Jordan,Amman,RETAIL,Kg
2025-03-01,1.8,Lentils,Jordan,Amman,RETAIL,Kg
2025-04-01,1.8,Lentils,Jordan,Amman,RETAIL,Kg
2025-05-01,1.82,Lentils,Jordan,Amman,RETAIL,Kg
2025-06-01,1.82,Lentils,Jordan,Amman,RETAIL,Kg
2025-07-01,1.8,Lentils,Jordan,Amman,RETAIL,Kg
2025-08-01,1.81,Lentils,Jordan,Amman,RETAIL,Kg
2016-06-01,1.79,Lentils,Jordan,Irbid,RETAIL,Kg
2016-07-01,,Lentils,Jordan,Irbid,RETAIL,Kg
2016-08-01,,Lentils,Jordan,Irbid,RETAIL,Kg
2016-09-01,,Lentils,Jordan,Irbid,RETAIL,Kg
2016-10-01,,Lentils,Jordan,Irbid,RETAIL,Kg
2016-11-01,,Lentils,Jordan,Irbid,RETAIL,Kg
2016-12-01,,Lentils,Jordan,Irbid,RETAIL,Kg
2017-01-01,1.78,Lentils,Jordan,Irbid,RETAIL,Kg
2017-02-01,1.95,Lentils,Jordan,Irbid,RETAIL,Kg
2017-03-01,1.74,Lentils,Jordan,Irbid,RETAIL,Kg
2017-04-01,1.74,Lentils,Jordan,Irbid,RETAIL,Kg
2017-05-01,1.74,Lentils,Jordan,Irbid,RETAIL,Kg
2017-06-01,1.62,Lentils,Jordan,Irbid,RETAIL,Kg
2017-07-01,1.59,Lentils,Jordan,Irbid,RETAIL,Kg
2017-08-01,1.59,Lentils,Jordan,Irbid,RETAIL,Kg
2017-09-01,1.59,Lentils,Jordan,Irbid,RETAIL,Kg
2017-10-01,1.59,Lentils,Jordan,Irbid,RETAIL,Kg
2017-11-01,1.57,Lentils,Jordan,Irbid,RETAIL,Kg
2017-12-01,1.74,Lentils,Jordan,Irbid,RETAIL,Kg
2018-01-01,1.54,Lentils,Jordan,Irbid,RETAIL,Kg
2018-02-01,1.52,Lentils,Jordan,Irbid,RETAIL,Kg
2018-03-01,1.52,Lentils,Jordan,Irbid,RETAIL,Kg
2018-04-01,1.51,Lentils,Jordan,Irbid,RETAIL,Kg
2018-05-01,1.52,Lentils,Jordan,Irbid,RETAIL,Kg
2018-06-01,1.51,Lentils,Jordan,Irbid,RETAIL,Kg
2018-07-01,1.48,Lentils,Jordan,Irbid,RETAIL,Kg
2018-08-01,1.51,Lentils,Jordan,Irbid,RETAIL,Kg
2018-09-01,1.5,Lentils,Jordan,Irbid,RETAIL,Kg
2018-10-01,1.5,Lentils,Jordan,Irbid,RETAIL,Kg
2018-11-01,1.5,Lentils,Jordan,Irbid,RETAIL,Kg
2018-12-01,1.49,Lentils,Jordan,Irbid,RETAIL,Kg
2019-01-01,1.56,Lentils,Jordan,Irbid,RETAIL,Kg
2019-02-01,1.56,Lentils,Jordan,Irbid,RETAIL,Kg
2019-03-01,1.56,Lentils,Jordan,Irbid,RETAIL,Kg
2019-04-01,1.56,Lentils,Jordan,Irbid,RETAIL,Kg
2019-05-01,1.48,Lentils,Jordan,Irbid,RETAIL,Kg
2019-06-01,1.51,Lentils,Jordan,Irbid,RETAIL,Kg
2019-07-01,1.48,Lentils,Jordan,Irbid,RETAIL,Kg
2019-08-01,1.48,Lentils,Jordan,Irbid,RETAIL,Kg
2019-09-01,1.48,Lentils,Jordan,Irbid,RETAIL,Kg
2019-10-01,1.48,Lentils,Jordan,Irbid,RETAIL,Kg
2019-11-01,1.48,Lentils,Jordan,Irbid,RETAIL,Kg
2019-12-01,1.48,Lentils,Jordan,Irbid,RETAIL,Kg
2020-01-01,1.48,Lentils,Jordan,Irbid,RETAIL,Kg
2020-02-01,1.48,Lentils,Jordan,Irbid,RETAIL,Kg
2020-03-01,1.48,Lentils,Jordan,Irbid,RETAIL,Kg
2020-04-01,1.27,Lentils,Jordan,Irbid,RETAIL,Kg
2020-05-01,1.34,Lentils,Jordan,Irbid,RETAIL,Kg
2020-06-01,1.34,Lentils,Jordan,Irbid,RETAIL,Kg
2020-07-01,1.49,Lentils,Jordan,Irbid,RETAIL,Kg
2020-08-01,1.48,Lentils,Jordan,Irbid,RETAIL,Kg
2020-09-01,1.48,Lentils,Jordan,Irbid,RETAIL,Kg
2020-10-01,1.48,Lentils,Jordan,Irbid,RETAIL,Kg
2020-11-01,1.48,Lentils,Jordan,Irbid,RETAIL,Kg
2020-12-01,1.48,Lentils,Jordan,Irbid,RETAIL,Kg
2021-01-01,1.48,Lentils,Jordan,Irbid,RETAIL,Kg
2021-02-01,1.48,Lentils,Jordan,Irbid,RETAIL,Kg
2021-03-01,1.48,Lentils,Jordan,Irbid,RETAIL,Kg
2021-04-01,1.48,Lentils,Jordan,Irbid,RETAIL,Kg
2021-05-01,1.48,Lentils,Jordan,Irbid,RETAIL,Kg
2021-06-01,1.48,Lentils,Jordan,Irbid,RETAIL,Kg
2021-07-01,1.48,Lentils,Jordan,Irbid,RETAIL,Kg
2021-08-01,1.48,Lentils,Jordan,Irbid,RETAIL,Kg
2021-09-01,1.62,Lentils,Jordan,Irbid,RETAIL,Kg
2021-10-01,1.62,Lentils,Jordan,Irbid,RETAIL,Kg
2021-11-01,1.75,Lentils,Jordan,Irbid,RETAIL,Kg
2021-12-01,1.76,Lentils,Jordan,Irbid,RETAIL,Kg
2022-01-01,1.76,Lentils,Jordan,Irbid,RETAIL,Kg
2022-02-01,1.76,Lentils,Jordan,Irbid,RETAIL,Kg
2022-03-01,1.79,Lentils,Jordan,Irbid,RETAIL,Kg
2022-04-01,1.8,Lentils,Jordan,Irbid,RETAIL,Kg
2022-05-01,1.89,Lentils,Jordan,Irbid,RETAIL,Kg
2022-06-01,1.89,Lentils,Jordan,Irbid,RETAIL,Kg
2022-07-01,1.89,Lentils,Jordan,Irbid,RETAIL,Kg
2022-08-01,1.89,Lentils,Jordan,Irbid,RETAIL,Kg
2022-09-01,1.89,Lentils,Jordan,Irbid,RETAIL,Kg
2022-10-01,1.8,Lentils,Jordan,Irbid,RETAIL,Kg
2022-11-01,1.8,Lentils,Jordan,Irbid,RETAIL,Kg
2022-12-01,1.8,Lentils,Jordan,Irbid,RETAIL,Kg
2023-01-01,1.8,Lentils,Jordan,Irbid,RETAIL,Kg
2023-02-01,1.8,Lentils,Jordan,Irbid,RETAIL,Kg
2023-03-01,1.8,Lentils,Jordan,Irbid,RETAIL,Kg
2023-04-01,1.8,Lentils,Jordan,Irbid,RETAIL,Kg
2023-05-01,1.8,Lentils,Jordan,Irbid,RETAIL,Kg
2023-06-01,1.8,Lentils,Jordan,Irbid,RETAIL,Kg
2023-07-01,1.8,Lentils,Jordan,Irbid,RETAIL,Kg
2023-08-01,1.8,Lentils,Jordan,Irbid,RETAIL,Kg
2023-09-01,1.8,Lentils,Jordan,Irbid,RETAIL,Kg
2023-10-01,1.8,Lentils,Jordan,Irbid,RETAIL,Kg
2023-11-01,1.8,Lentils,Jordan,Irbid,RETAIL,Kg
2023-12-01,1.8,Lentils,Jordan,Irbid,RETAIL,Kg
2024-01-01,1.89,Lentils,Jordan,Irbid,RETAIL,Kg
2024-02-01,1.92,Lentils,Jordan,Irbid,RETAIL,Kg
2024-03-01,1.92,Lentils,Jordan,Irbid,RETAIL,Kg
2024-04-01,1.92,Lentils,Jordan,Irbid,RETAIL,Kg
2024-05-01,1.92,Lentils,Jordan,Irbid,RETAIL,Kg
2024-06-01,1.92,Lentils,Jordan,Irbid,RETAIL,Kg
2024-07-01,1.92,Lentils,Jordan,Irbid,RETAIL,Kg
2024-08-01,1.92,Lentils,Jordan,Irbid,RETAIL,Kg
2024-09-01,1.92,Lentils,Jordan,Irbid,RETAIL,Kg
2024-10-01,1.92,Lentils,Jordan,Irbid,RETAIL,Kg
2024-11-01,1.92,Lentils,Jordan,Irbid,RETAIL,Kg
2024-12-01,1.92,Lentils,Jordan,Irbid,RETAIL,Kg
2025-01-01,1.92,Lentils,Jordan,Irbid,RETAIL,Kg
2025-02-01,1.92,Lentils,Jordan,Irbid,RETAIL,Kg
2025-03-01,1.92,Lentils,Jordan,Irbid,RETAIL,Kg
2025-04-01,1.92,Lentils,Jordan,Irbid,RETAIL,Kg
2025-05-01,1.92,Lentils,Jordan,Irbid,RETAIL,Kg
2025-06-01,1.92,Lentils,Jordan,Irbid,RETAIL,Kg
2025-07-01,1.92,Lentils,Jordan,Irbid,RETAIL,Kg
2025-08-01,1.92,Lentils,Jordan,Irbid,RETAIL,Kg
2017-01-01,2.02,Lentils,Jordan,National Average,RETAIL,Kg
2017-02-01,2.05,Lentils,Jordan,National Average,RETAIL,Kg
2017-03-01,1.85,Lentils,Jordan,National Average,RETAIL,Kg
2017-04-01,1.83,Lentils,Jordan,National Average,RETAIL,Kg
2017-05-01,1.85,Lentils,Jordan,National Average,RETAIL,Kg
2017-06-01,1.76,Lentils,Jordan,National Average,RETAIL,Kg
2017-07-01,1.75,Lentils,Jordan,National Average,RETAIL,Kg
2017-08-01,1.75,Lentils,Jordan,National Average,RETAIL,Kg
2017-09-01,1.75,Lentils,Jordan,National Average,RETAIL,Kg
2017-10-01,1.78,Lentils,Jordan,National Average,RETAIL,Kg
2017-11-01,1.72,Lentils,Jordan,National Average,RETAIL,Kg
2017-12-01,1.89,Lentils,Jordan,National Average,RETAIL,Kg
2018-01-01,1.68,Lentils,Jordan,National Average,RETAIL,Kg
2018-02-01,1.68,Lentils,Jordan,National Average,RETAIL,Kg
2018-03-01,1.68,Lentils,Jordan,National Average,RETAIL,Kg
2018-04-01,1.66,Lentils,Jordan,National Average,RETAIL,Kg
2018-05-01,1.66,Lentils,Jordan,National Average,RETAIL,Kg
2018-06-01,1.66,Lentils,Jordan,National Average,RETAIL,Kg
2018-07-01,1.65,Lentils,Jordan,National Average,RETAIL,Kg
2018-08-01,1.62,Lentils,Jordan,National Average,RETAIL,Kg
2018-09-01,1.64,Lentils,Jordan,National Average,RETAIL,Kg
2018-10-01,1.64,Lentils,Jordan,National Average,RETAIL,Kg
2018-11-01,1.74,Lentils,Jordan,National Average,RETAIL,Kg
2018-12-01,1.73,Lentils,Jordan,National Average,RETAIL,Kg
2019-01-01,1.75,Lentils,Jordan,National Average,RETAIL,Kg
2019-02-01,1.72,Lentils,Jordan,National Average,RETAIL,Kg
2019-03-01,1.72,Lentils,Jordan,National Average,RETAIL,Kg
2019-04-01,1.7,Lentils,Jordan,National Average,RETAIL,Kg
2019-05-01,1.65,Lentils,Jordan,National Average,RETAIL,Kg
2019-06-01,1.66,Lentils,Jordan,National Average,RETAIL,Kg
2019-07-01,1.62,Lentils,Jordan,National Average,RETAIL,Kg
2019-08-01,1.61,Lentils,Jordan,National Average,RETAIL,Kg
2019-09-01,1.61,Lentils,Jordan,National Average,RETAIL,Kg
2019-10-01,1.61,Lentils,Jordan,National Average,RETAIL,Kg
2019-11-01,1.58,Lentils,Jordan,National Average,RETAIL,Kg
2019-12-01,1.56,Lentils,Jordan,National Average,RETAIL,Kg
2020-01-01,1.56,Lentils,Jordan,National Average,RETAIL,Kg
2020-02-01,1.58,Lentils,Jordan,National Average,RETAIL,Kg
2020-03-01,1.62,Lentils,Jordan,National Average,RETAIL,Kg
2020-04-01,1.59,Lentils,Jordan,National Average,RETAIL,Kg
2020-05-01,1.61,Lentils,Jordan,National Average,RETAIL,Kg
2020-06-01,1.61,Lentils,Jordan,National Average,RETAIL,Kg
2020-07-01,1.52,Lentils,Jordan,National Average,RETAIL,Kg
2020-08-01,1.52,Lentils,Jordan,National Average,RETAIL,Kg
2020-09-01,1.52,Lentils,Jordan,National Average,RETAIL,Kg
2020-10-01,1.52,Lentils,Jordan,National Average,RETAIL,Kg
2020-11-01,1.52,Lentils,Jordan,National Average,RETAIL,Kg
2020-12-01,1.52,Lentils,Jordan,National Average,RETAIL,Kg
2021-01-01,1.52,Lentils,Jordan,National Average,RETAIL,Kg
2021-02-01,1.54,Lentils,Jordan,National Average,RETAIL,Kg
2021-03-01,1.55,Lentils,Jordan,National Average,RETAIL,Kg
2021-04-01,1.54,Lentils,Jordan,National Average,RETAIL,Kg
2021-05-01,1.54,Lentils,Jordan,National Average,RETAIL,Kg
2021-06-01,1.54,Lentils,Jordan,National Average,RETAIL,Kg
2021-07-01,1.54,Lentils,Jordan,National Average,RETAIL,Kg
2021-08-01,1.54,Lentils,Jordan,National Average,RETAIL,Kg
2021-09-01,1.59,Lentils,Jordan,National Average,RETAIL,Kg
2021-10-01,1.62,Lentils,Jordan,National Average,RETAIL,Kg
2021-11-01,1.69,Lentils,Jordan,National Average,RETAIL,Kg
2021-12-01,1.73,Lentils,Jordan,National Average,RETAIL,Kg
2022-01-01,1.73,Lentils,Jordan,National Average,RETAIL,Kg
2022-02-01,1.73,Lentils,Jordan,National Average,RETAIL,Kg
2022-03-01,1.77,Lentils,Jordan,National Average,RETAIL,Kg
2022-04-01,1.77,Lentils,Jordan,National Average,RETAIL,Kg
2022-05-01,1.77,Lentils,Jordan,National Average,RETAIL,Kg
2022-06-01,1.79,Lentils,Jordan,National Average,RETAIL,Kg
2022-07-01,1.79,Lentils,Jordan,National Average,RETAIL,Kg
2022-08-01,1.79,Lentils,Jordan,National Average,RETAIL,Kg
2022-09-01,1.79,Lentils,Jordan,National Average,RETAIL,Kg
2022-10-01,1.8,Lentils,Jordan,National Average,RETAIL,Kg
2022-11-01,1.8,Lentils,Jordan,National Average,RETAIL,Kg
2022-12-01,1.82,Lentils,Jordan,National Average,RETAIL,Kg
2023-01-01,1.85,Lentils,Jordan,National Average,RETAIL,Kg
2023-02-01,1.85,Lentils,Jordan,National Average,RETAIL,Kg
2023-03-01,1.86,Lentils,Jordan,National Average,RETAIL,Kg
2023-04-01,1.87,Lentils,Jordan,National Average,RETAIL,Kg
2023-05-01,1.87,Lentils,Jordan,National Average,RETAIL,Kg
2023-06-01,1.87,Lentils,Jordan,National Average,RETAIL,Kg
2023-07-01,1.87,Lentils,Jordan,National Average,RETAIL,Kg
2023-08-01,1.87,Lentils,Jordan,National Average,RETAIL,Kg
2023-09-01,1.82,Lentils,Jordan,National Average,RETAIL,Kg
2023-10-01,1.82,Lentils,Jordan,National Average,RETAIL,Kg
2023-11-01,1.8,Lentils,Jordan,National Average,RETAIL,Kg
2023-12-01,1.82,Lentils,Jordan,National Average,RETAIL,Kg
2024-01-01,1.86,Lentils,Jordan,National Average,RETAIL,Kg
2024-02-01,1.86,Lentils,Jordan,National Average,RETAIL,Kg
2024-03-01,1.85,Lentils,Jordan,National Average,RETAIL,Kg
2024-04-01,1.86,Lentils,Jordan,National Average,RETAIL,Kg
2024-05-01,1.86,Lentils,Jordan,National Average,RETAIL,Kg
2024-06-01,1.87,Lentils,Jordan,National Average,RETAIL,Kg
2024-07-01,1.89,Lentils,Jordan,National Average,RETAIL,Kg
2024-08-01,1.87,Lentils,Jordan,National Average,RETAIL,Kg
2024-09-01,1.89,Lentils,Jordan,National Average,RETAIL,Kg
2024-10-01,1.89,Lentils,Jordan,National Average,RETAIL,Kg
2024-11-01,1.92,Lentils,Jordan,National Average,RETAIL,Kg
2024-12-01,1.93,Lentils,Jordan,National Average,RETAIL,Kg
2025-01-01,1.93,Lentils,Jordan,National Average,RETAIL,Kg
2025-02-01,1.89,Lentils,Jordan,National Average,RETAIL,Kg
2025-03-01,1.87,Lentils,Jordan,National Average,RETAIL,Kg
2025-04-01,1.9,Lentils,Jordan,National Average,RETAIL,Kg
2025-05-01,1.89,Lentils,Jordan,National Average,RETAIL,Kg
2025-06-01,1.89,Lentils,Jordan,National Average,RETAIL,Kg
2025-07-01,1.89,Lentils,Jordan,National Average,RETAIL,Kg
2016-06-01,1.55,Lentils,Jordan,Zarqa,RETAIL,Kg
2016-07-01,,Lentils,Jordan,Zarqa,RETAIL,Kg
2016-08-01,,Lentils,Jordan,Zarqa,RETAIL,Kg
2016-09-01,,Lentils,Jordan,Zarqa,RETAIL,Kg
2016-10-01,,Lentils,Jordan,Zarqa,RETAIL,Kg
2016-11-01,,Lentils,Jordan,Zarqa,RETAIL,Kg
2016-12-01,,Lentils,Jordan,Zarqa,RETAIL,Kg
2017-01-01,2.05,Lentils,Jordan,Zarqa,RETAIL,Kg
2017-02-01,2.05,Lentils,Jordan,Zarqa,RETAIL,Kg
2017-03-01,1.9,Lentils,Jordan,Zarqa,RETAIL,Kg
2017-04-01,1.9,Lentils,Jordan,Zarqa,RETAIL,Kg
2017-05-01,1.9,Lentils,Jordan,Zarqa,RETAIL,Kg
2017-06-01,1.9,Lentils,Jordan,Zarqa,RETAIL,Kg
2017-07-01,1.9,Lentils,Jordan,Zarqa,RETAIL,Kg
2017-08-01,1.9,Lentils,Jordan,Zarqa,RETAIL,Kg
2017-09-01,1.9,Lentils,Jordan,Zarqa,RETAIL,Kg
2017-10-01,1.9,Lentils,Jordan,Zarqa,RETAIL,Kg
2017-11-01,1.76,Lentils,Jordan,Zarqa,RETAIL,Kg
2017-12-01,1.83,Lentils,Jordan,Zarqa,RETAIL,Kg
2018-01-01,1.76,Lentils,Jordan,Zarqa,RETAIL,Kg
2018-02-01,1.76,Lentils,Jordan,Zarqa,RETAIL,Kg
2018-03-01,1.74,Lentils,Jordan,Zarqa,RETAIL,Kg
2018-04-01,1.69,Lentils,Jordan,Zarqa,RETAIL,Kg
2018-05-01,1.69,Lentils,Jordan,Zarqa,RETAIL,Kg
2018-06-01,1.69,Lentils,Jordan,Zarqa,RETAIL,Kg
2018-07-01,1.69,Lentils,Jordan,Zarqa,RETAIL,Kg
2018-08-01,1.69,Lentils,Jordan,Zarqa,RETAIL,Kg
2018-09-01,1.69,Lentils,Jordan,Zarqa,RETAIL,Kg
2018-10-01,1.69,Lentils,Jordan,Zarqa,RETAIL,Kg
2018-11-01,1.69,Lentils,Jordan,Zarqa,RETAIL,Kg
2018-12-01,1.69,Lentils,Jordan,Zarqa,RETAIL,Kg
2019-01-01,1.66,Lentils,Jordan,Zarqa,RETAIL,Kg
2019-02-01,1.66,Lentils,Jordan,Zarqa,RETAIL,Kg
2019-03-01,1.69,Lentils,Jordan,Zarqa,RETAIL,Kg
2019-04-01,1.69,Lentils,Jordan,Zarqa,RETAIL,Kg
2019-05-01,1.69,Lentils,Jordan,Zarqa,RETAIL,Kg
2019-06-01,1.69,Lentils,Jordan,Zarqa,RETAIL,Kg
2019-07-01,1.62,Lentils,Jordan,Zarqa,RETAIL,Kg
2019-08-01,1.62,Lentils,Jordan,Zarqa,RETAIL,Kg
2019-09-01,1.62,Lentils,Jordan,Zarqa,RETAIL,Kg
2019-10-01,1.62,Lentils,Jordan,Zarqa,RETAIL,Kg
2019-11-01,1.62,Lentils,Jordan,Zarqa,RETAIL,Kg
2019-12-01,1.62,Lentils,Jordan,Zarqa,RETAIL,Kg
2020-01-01,1.62,Lentils,Jordan,Zarqa,RETAIL,Kg
2020-02-01,1.62,Lentils,Jordan,Zarqa,RETAIL,Kg
2020-03-01,1.62,Lentils,Jordan,Zarqa,RETAIL,Kg
2020-04-01,1.62,Lentils,Jordan,Zarqa,RETAIL,Kg
2020-05-01,1.62,Lentils,Jordan,Zarqa,RETAIL,Kg
2020-06-01,1.62,Lentils,Jordan,Zarqa,RETAIL,Kg
2020-07-01,1.55,Lentils,Jordan,Zarqa,RETAIL,Kg
2020-08-01,1.54,Lentils,Jordan,Zarqa,RETAIL,Kg
2020-09-01,1.56,Lentils,Jordan,Zarqa,RETAIL,Kg
2020-10-01,1.56,Lentils,Jordan,Zarqa,RETAIL,Kg
2020-11-01,1.56,Lentils,Jordan,Zarqa,RETAIL,Kg
2020-12-01,1.56,Lentils,Jordan,Zarqa,RETAIL,Kg
2021-01-01,1.56,Lentils,Jordan,Zarqa,RETAIL,Kg
2021-02-01,1.54,Lentils,Jordan,Zarqa,RETAIL,Kg
2021-03-01,1.45,Lentils,Jordan,Zarqa,RETAIL,Kg
2021-04-01,1.45,Lentils,Jordan,Zarqa,RETAIL,Kg
2021-05-01,1.45,Lentils,Jordan,Zarqa,RETAIL,Kg
2021-06-01,1.45,Lentils,Jordan,Zarqa,RETAIL,Kg
2021-07-01,1.45,Lentils,Jordan,Zarqa,RETAIL,Kg
2021-08-01,1.45,Lentils,Jordan,Zarqa,RETAIL,Kg
2021-09-01,1.45,Lentils,Jordan,Zarqa,RETAIL,Kg
2021-10-01,1.46,Lentils,Jordan,Zarqa,RETAIL,Kg
2021-11-01,1.75,Lentils,Jordan,Zarqa,RETAIL,Kg
2021-12-01,1.79,Lentils,Jordan,Zarqa,RETAIL,Kg
2022-01-01,1.79,Lentils,Jordan,Zarqa,RETAIL,Kg
2022-02-01,1.79,Lentils,Jordan,Zarqa,RETAIL,Kg
2022-03-01,1.79,Lentils,Jordan,Zarqa,RETAIL,Kg
2022-04-01,1.79,Lentils,Jordan,Zarqa,RETAIL,Kg
2022-05-01,1.79,Lentils,Jordan,Zarqa,RETAIL,Kg
2022-06-01,1.79,Lentils,Jordan,Zarqa,RETAIL,Kg
2022-07-01,1.79,Lentils,Jordan,Zarqa,RETAIL,Kg
2022-08-01,1.79,Lentils,Jordan,Zarqa,RETAIL,Kg
2022-09-01,1.79,Lentils,Jordan,Zarqa,RETAIL,Kg
2022-10-01,1.79,Lentils,Jordan,Zarqa,RETAIL,Kg
2022-11-01,1.79,Lentils,Jordan,Zarqa,RETAIL,Kg
2022-12-01,1.79,Lentils,Jordan,Zarqa,RETAIL,Kg
2023-01-01,1.79,Lentils,Jordan,Zarqa,RETAIL,Kg
2023-02-01,1.79,Lentils,Jordan,Zarqa,RETAIL,Kg
2023-03-01,1.79,Lentils,Jordan,Zarqa,RETAIL,Kg
2023-04-01,1.79,Lentils,Jordan,Zarqa,RETAIL,Kg
2023-05-01,1.8,Lentils,Jordan,Zarqa,RETAIL,Kg
2023-06-01,1.8,Lentils,Jordan,Zarqa,RETAIL,Kg
2023-07-01,1.83,Lentils,Jordan,Zarqa,RETAIL,Kg
2023-08-01,1.83,Lentils,Jordan,Zarqa,RETAIL,Kg
2023-09-01,1.83,Lentils,Jordan,Zarqa,RETAIL,Kg
2023-10-01,1.83,Lentils,Jordan,Zarqa,RETAIL,Kg
2023-11-01,1.83,Lentils,Jordan,Zarqa,RETAIL,Kg
2023-12-01,1.83,Lentils,Jordan,Zarqa,RETAIL,Kg
2024-01-01,1.83,Lentils,Jordan,Zarqa,RETAIL,Kg
2024-02-01,1.83,Lentils,Jordan,Zarqa,RETAIL,Kg
2024-03-01,1.83,Lentils,Jordan,Zarqa,RETAIL,Kg
2024-04-01,1.83,Lentils,Jordan,Zarqa,RETAIL,Kg
2024-05-01,1.83,Lentils,Jordan,Zarqa,RETAIL,Kg
2024-06-01,1.83,Lentils,Jordan,Zarqa,RETAIL,Kg
2024-07-01,1.76,Lentils,Jordan,Zarqa,RETAIL,Kg
2024-08-01,1.76,Lentils,Jordan,Zarqa,RETAIL,Kg
2024-09-01,1.76,Lentils,Jordan,Zarqa,RETAIL,Kg
2024-10-01,1.76,Lentils,Jordan,Zarqa,RETAIL,Kg
2024-11-01,1.76,Lentils,Jordan,Zarqa,RETAIL,Kg
2024-12-01,1.76,Lentils,Jordan,Zarqa,RETAIL,Kg
2025-01-01,1.76,Lentils,Jordan,Zarqa,RETAIL,Kg
2025-02-01,1.76,Lentils,Jordan,Zarqa,RETAIL,Kg
2025-03-01,1.76,Lentils,Jordan,Zarqa,RETAIL,Kg
2025-04-01,1.76,Lentils,Jordan,Zarqa,RETAIL,Kg
2025-05-01,1.76,Lentils,Jordan,Zarqa,RETAIL,Kg
2025-06-01,1.76,Lentils,Jordan,Zarqa,RETAIL,Kg
2025-07-01,1.76,Lentils,Jordan,Zarqa,RETAIL,Kg
2025-08-01,1.76,Lentils,Jordan,Zarqa,RETAIL,Kg
2022-10-01,34.99,Lentils,Lebanon,Akkar,RETAIL,900 gms
2022-11-01,34.07,Lentils,Lebanon,Akkar,RETAIL,900 gms
2022-12-01,37.07,Lentils,Lebanon,Akkar,RETAIL,900 gms
2023-01-01,36.24,Lentils,Lebanon,Akkar,RETAIL,900 gms
2023-02-01,4.93,Lentils,Lebanon,Akkar,RETAIL,900 gms
2023-03-01,7.69,Lentils,Lebanon,Akkar,RETAIL,900 gms
2023-04-01,8.01,Lentils,Lebanon,Akkar,RETAIL,900 gms
2023-05-01,6.66,Lentils,Lebanon,Akkar,RETAIL,900 gms
2023-06-01,8.93,Lentils,Lebanon,Akkar,RETAIL,900 gms
2023-07-01,8.23,Lentils,Lebanon,Akkar,RETAIL,900 gms
2023-08-01,8.21,Lentils,Lebanon,Akkar,RETAIL,900 gms
2023-09-01,8.72,Lentils,Lebanon,Akkar,RETAIL,900 gms
2023-10-01,8.79,Lentils,Lebanon,Akkar,RETAIL,900 gms
2023-11-01,9.38,Lentils,Lebanon,Akkar,RETAIL,900 gms
2023-12-01,8.82,Lentils,Lebanon,Akkar,RETAIL,900 gms
2024-01-01,9.04,Lentils,Lebanon,Akkar,RETAIL,900 gms
2024-02-01,13.45,Lentils,Lebanon,Akkar,RETAIL,900 gms
2024-03-01,1.53,Lentils,Lebanon,Akkar,RETAIL,900 gms
2024-04-01,1.57,Lentils,Lebanon,Akkar,RETAIL,900 gms
2024-05-01,1.55,Lentils,Lebanon,Akkar,RETAIL,900 gms
2024-06-01,1.58,Lentils,Lebanon,Akkar,RETAIL,900 gms
2024-07-01,1.6,Lentils,Lebanon,Akkar,RETAIL,900 gms
2024-08-01,1.62,Lentils,Lebanon,Akkar,RETAIL,900 gms
2024-09-01,1.61,Lentils,Lebanon,Akkar,RETAIL,900 gms
2024-10-01,1.68,Lentils,Lebanon,Akkar,RETAIL,900 gms
2024-11-01,1.7,Lentils,Lebanon,Akkar,RETAIL,900 gms
2024-12-01,1.65,Lentils,Lebanon,Akkar,RETAIL,900 gms
2025-01-01,1.66,Lentils,Lebanon,Akkar,RETAIL,900 gms
2025-02-01,1.66,Lentils,Lebanon,Akkar,RETAIL,900 gms
2025-03-01,1.64,Lentils,Lebanon,Akkar,RETAIL,900 gms
2025-04-01,1.64,Lentils,Lebanon,Akkar,RETAIL,900 gms
2025-05-01,1.72,Lentils,Lebanon,Akkar,RETAIL,900 gms
2025-06-01,1.73,Lentils,Lebanon,Akkar,RETAIL,900 gms
2025-07-01,1.72,Lentils,Lebanon,Akkar,RETAIL,900 gms
2022-10-01,40.09,Lentils,Lebanon,Beirut,RETAIL,900 gms
2022-11-01,46.4,Lentils,Lebanon,Beirut,RETAIL,900 gms
2022-12-01,50.44,Lentils,Lebanon,Beirut,RETAIL,900 gms
2023-01-01,48.71,Lentils,Lebanon,Beirut,RETAIL,900 gms
2023-02-01,7.98,Lentils,Lebanon,Beirut,RETAIL,900 gms
2023-03-01,9.79,Lentils,Lebanon,Beirut,RETAIL,900 gms
2023-04-01,10.36,Lentils,Lebanon,Beirut,RETAIL,900 gms
2023-05-01,9.0,Lentils,Lebanon,Beirut,RETAIL,900 gms
2023-06-01,10.34,Lentils,Lebanon,Beirut,RETAIL,900 gms
2023-07-01,10.09,Lentils,Lebanon,Beirut,RETAIL,900 gms
2023-08-01,9.98,Lentils,Lebanon,Beirut,RETAIL,900 gms
2023-09-01,9.95,Lentils,Lebanon,Beirut,RETAIL,900 gms
2023-10-01,9.68,Lentils,Lebanon,Beirut,RETAIL,900 gms
2023-11-01,9.82,Lentils,Lebanon,Beirut,RETAIL,900 gms
2023-12-01,10.02,Lentils,Lebanon,Beirut,RETAIL,900 gms
2024-01-01,10.04,Lentils,Lebanon,Beirut,RETAIL,900 gms
2024-02-01,14.34,Lentils,Lebanon,Beirut,RETAIL,900 gms
2024-03-01,1.68,Lentils,Lebanon,Beirut,RETAIL,900 gms
2024-04-01,1.7,Lentils,Lebanon,Beirut,RETAIL,900 gms
2024-05-01,1.69,Lentils,Lebanon,Beirut,RETAIL,900 gms
2024-06-01,1.68,Lentils,Lebanon,Beirut,RETAIL,900 gms
2024-07-01,1.67,Lentils,Lebanon,Beirut,RETAIL,900 gms
2024-08-01,1.66,Lentils,Lebanon,Beirut,RETAIL,900 gms
2024-09-01,1.7,Lentils,Lebanon,Beirut,RETAIL,900 gms
2024-10-01,1.67,Lentils,Lebanon,Beirut,RETAIL,900 gms
2024-11-01,1.69,Lentils,Lebanon,Beirut,RETAIL,900 gms
2024-12-01,1.67,Lentils,Lebanon,Beirut,RETAIL,900 gms
2025-01-01,1.7,Lentils,Lebanon,Beirut,RETAIL,900 gms
2025-02-01,1.7,Lentils,Lebanon,Beirut,RETAIL,900 gms
2025-03-01,1.7,Lentils,Lebanon,Beirut,RETAIL,900 gms
2025-04-01,1.7,Lentils,Lebanon,Beirut,RETAIL,900 gms
2025-05-01,1.67,Lentils,Lebanon,Beirut,RETAIL,900 gms
2025-06-01,1.71,Lentils,Lebanon,Beirut,RETAIL,900 gms
2025-07-01,1.66,Lentils,Lebanon,Beirut,RETAIL,900 gms
2022-10-01,38.21,Lentils,Lebanon,El Nabatieh,RETAIL,900 gms
2022-11-01,39.64,Lentils,Lebanon,El Nabatieh,RETAIL,900 gms
2022-12-01,40.98,Lentils,Lebanon,El Nabatieh,RETAIL,900 gms
2023-01-01,44.93,Lentils,Lebanon,El Nabatieh,RETAIL,900 gms
2023-02-01,6.4,Lentils,Lebanon,El Nabatieh,RETAIL,900 gms
2023-03-01,9.27,Lentils,Lebanon,El Nabatieh,RETAIL,900 gms
2023-04-01,9.46,Lentils,Lebanon,El Nabatieh,RETAIL,900 gms
2023-05-01,8.94,Lentils,Lebanon,El Nabatieh,RETAIL,900 gms
2023-06-01,11.18,Lentils,Lebanon,El Nabatieh,RETAIL,900 gms
2023-07-01,10.69,Lentils,Lebanon,El Nabatieh,RETAIL,900 gms
2023-08-01,10.5,Lentils,Lebanon,El Nabatieh,RETAIL,900 gms
2023-09-01,10.67,Lentils,Lebanon,El Nabatieh,RETAIL,900 gms
2023-10-01,9.22,Lentils,Lebanon,El Nabatieh,RETAIL,900 gms
2023-11-01,9.55,Lentils,Lebanon,El Nabatieh,RETAIL,900 gms
2023-12-01,9.19,Lentils,Lebanon,El Nabatieh,RETAIL,900 gms
2024-01-01,8.81,Lentils,Lebanon,El Nabatieh,RETAIL,900 gms
2024-02-01,11.82,Lentils,Lebanon,El Nabatieh,RETAIL,900 gms
2024-03-01,1.46,Lentils,Lebanon,El Nabatieh,RETAIL,900 gms
2024-04-01,1.43,Lentils,Lebanon,El Nabatieh,RETAIL,900 gms
2024-05-01,1.47,Lentils,Lebanon,El Nabatieh,RETAIL,900 gms
2024-06-01,1.57,Lentils,Lebanon,El Nabatieh,RETAIL,900 gms
2024-07-01,1.56,Lentils,Lebanon,El Nabatieh,RETAIL,900 gms
2024-08-01,1.6,Lentils,Lebanon,El Nabatieh,RETAIL,900 gms
2024-09-01,1.73,Lentils,Lebanon,El Nabatieh,RETAIL,900 gms
2024-10-01,1.66,Lentils,Lebanon,El Nabatieh,RETAIL,900 gms
2024-11-01,1.73,Lentils,Lebanon,El Nabatieh,RETAIL,900 gms
2024-12-01,1.69,Lentils,Lebanon,El Nabatieh,RETAIL,900 gms
2025-01-01,1.54,Lentils,Lebanon,El Nabatieh,RETAIL,900 gms
2025-02-01,1.51,Lentils,Lebanon,El Nabatieh,RETAIL,900 gms
2025-03-01,1.6,Lentils,Lebanon,El Nabatieh,RETAIL,900 gms
2025-04-01,1.6,Lentils,Lebanon,El Nabatieh,RETAIL,900 gms
2025-05-01,1.74,Lentils,Lebanon,El Nabatieh,RETAIL,900 gms
2025-06-01,1.83,Lentils,Lebanon,El Nabatieh,RETAIL,900 gms
2025-07-01,1.6,Lentils,Lebanon,El Nabatieh,RETAIL,900 gms
2022-10-01,37.7,Lentils,Lebanon,National Average,RETAIL,900 gms
2022-11-01,39.54,Lentils,Lebanon,National Average,RETAIL,900 gms
2022-12-01,41.84,Lentils,Lebanon,National Average,RETAIL,900 gms
2023-01-01,42.84,Lentils,Lebanon,National Average,RETAIL,900 gms
2023-02-01,6.11,Lentils,Lebanon,National Average,RETAIL,900 gms
2023-03-01,8.61,Lentils,Lebanon,National Average,RETAIL,900 gms
2023-04-01,8.94,Lentils,Lebanon,National Average,RETAIL,900 gms
2023-05-01,7.88,Lentils,Lebanon,National Average,RETAIL,900 gms
2023-06-01,9.73,Lentils,Lebanon,National Average,RETAIL,900 gms
2023-07-01,9.41,Lentils,Lebanon,National Average,RETAIL,900 gms
2023-08-01,9.2,Lentils,Lebanon,National Average,RETAIL,900 gms
2023-09-01,9.5,Lentils,Lebanon,National Average,RETAIL,900 gms
2023-10-01,9.5,Lentils,Lebanon,National Average,RETAIL,900 gms
2023-11-01,9.75,Lentils,Lebanon,National Average,RETAIL,900 gms
2023-12-01,9.58,Lentils,Lebanon,National Average,RETAIL,900 gms
2024-01-01,9.63,Lentils,Lebanon,National Average,RETAIL,900 gms
2024-02-01,13.95,Lentils,Lebanon,National Average,RETAIL,900 gms
2024-03-01,1.64,Lentils,Lebanon,National Average,RETAIL,900 gms
2024-04-01,1.66,Lentils,Lebanon,National Average,RETAIL,900 gms
2024-05-01,1.67,Lentils,Lebanon,National Average,RETAIL,900 gms
2024-06-01,1.67,Lentils,Lebanon,National Average,RETAIL,900 gms
2024-07-01,1.69,Lentils,Lebanon,National Average,RETAIL,900 gms
2024-08-01,1.75,Lentils,Lebanon,National Average,RETAIL,900 gms
2024-09-01,1.73,Lentils,Lebanon,National Average,RETAIL,900 gms
2024-10-01,1.8,Lentils,Lebanon,National Average,RETAIL,900 gms
2024-11-01,1.79,Lentils,Lebanon,National Average,RETAIL,900 gms
2024-12-01,1.79,Lentils,Lebanon,National Average,RETAIL,900 gms
2025-01-01,1.79,Lentils,Lebanon,National Average,RETAIL,900 gms
2025-02-01,1.75,Lentils,Lebanon,National Average,RETAIL,900 gms
2025-03-01,1.76,Lentils,Lebanon,National Average,RETAIL,900 gms
2025-04-01,1.76,Lentils,Lebanon,National Average,RETAIL,900 gms
2025-05-01,1.81,Lentils,Lebanon,National Average,RETAIL,900 gms
2025-06-01,1.88,Lentils,Lebanon,National Average,RETAIL,900 gms
2025-07-01,1.79,Lentils,Lebanon,National Average,RETAIL,900 gms
2022-10-01,38.25,Lentils,Lebanon,North,RETAIL,900 gms
2022-11-01,37.88,Lentils,Lebanon,North,RETAIL,900 gms
2022-12-01,41.82,Lentils,Lebanon,North,RETAIL,900 gms
2023-01-01,43.62,Lentils,Lebanon,North,RETAIL,900 gms
2023-02-01,5.92,Lentils,Lebanon,North,RETAIL,900 gms
2023-03-01,8.78,Lentils,Lebanon,North,RETAIL,900 gms
2023-04-01,8.74,Lentils,Lebanon,North,RETAIL,900 gms
2023-05-01,6.67,Lentils,Lebanon,North,RETAIL,900 gms
2023-06-01,10.03,Lentils,Lebanon,North,RETAIL,900 gms
2023-07-01,9.68,Lentils,Lebanon,North,RETAIL,900 gms
2023-08-01,9.26,Lentils,Lebanon,North,RETAIL,900 gms
2023-09-01,10.02,Lentils,Lebanon,North,RETAIL,900 gms
2023-10-01,10.43,Lentils,Lebanon,North,RETAIL,900 gms
2023-11-01,10.49,Lentils,Lebanon,North,RETAIL,900 gms
2023-12-01,10.3,Lentils,Lebanon,North,RETAIL,900 gms
2024-01-01,10.43,Lentils,Lebanon,North,RETAIL,900 gms
2024-02-01,14.95,Lentils,Lebanon,North,RETAIL,900 gms
2024-03-01,1.76,Lentils,Lebanon,North,RETAIL,900 gms
2024-04-01,1.74,Lentils,Lebanon,North,RETAIL,900 gms
2024-05-01,1.8,Lentils,Lebanon,North,RETAIL,900 gms
2024-06-01,1.75,Lentils,Lebanon,North,RETAIL,900 gms
2024-07-01,1.87,Lentils,Lebanon,North,RETAIL,900 gms
2024-08-01,1.84,Lentils,Lebanon,North,RETAIL,900 gms
2024-09-01,1.87,Lentils,Lebanon,North,RETAIL,900 gms
2024-10-01,1.97,Lentils,Lebanon,North,RETAIL,900 gms
2024-11-01,1.89,Lentils,Lebanon,North,RETAIL,900 gms
2024-12-01,1.87,Lentils,Lebanon,North,RETAIL,900 gms
2025-01-01,1.9,Lentils,Lebanon,North,RETAIL,900 gms
2025-02-01,1.84,Lentils,Lebanon,North,RETAIL,900 gms
2025-03-01,1.83,Lentils,Lebanon,North,RETAIL,900 gms
2025-04-01,1.83,Lentils,Lebanon,North,RETAIL,900 gms
2025-05-01,1.88,Lentils,Lebanon,North,RETAIL,900 gms
2025-06-01,2.03,Lentils,Lebanon,North,RETAIL,900 gms
2025-07-01,1.97,Lentils,Lebanon,North,RETAIL,900 gms
2022-10-01,38.46,Lentils,Lebanon,South,RETAIL,900 gms
2022-11-01,40.24,Lentils,Lebanon,South,RETAIL,900 gms
2022-12-01,41.89,Lentils,Lebanon,South,RETAIL,900 gms
2023-01-01,46.0,Lentils,Lebanon,South,RETAIL,900 gms
2023-02-01,6.62,Lentils,Lebanon,South,RETAIL,900 gms
2023-03-01,9.12,Lentils,Lebanon,South,RETAIL,900 gms
2023-04-01,8.93,Lentils,Lebanon,South,RETAIL,900 gms
2023-05-01,7.24,Lentils,Lebanon,South,RETAIL,900 gms
2023-06-01,10.06,Lentils,Lebanon,South,RETAIL,900 gms
2023-07-01,9.87,Lentils,Lebanon,South,RETAIL,900 gms
2023-08-01,9.71,Lentils,Lebanon,South,RETAIL,900 gms
2023-09-01,9.83,Lentils,Lebanon,South,RETAIL,900 gms
2023-10-01,9.58,Lentils,Lebanon,South,RETAIL,900 gms
2023-11-01,9.83,Lentils,Lebanon,South,RETAIL,900 gms
2023-12-01,10.05,Lentils,Lebanon,South,RETAIL,900 gms
2024-01-01,9.73,Lentils,Lebanon,South,RETAIL,900 gms
2024-02-01,14.7,Lentils,Lebanon,South,RETAIL,900 gms
2024-03-01,1.71,Lentils,Lebanon,South,RETAIL,900 gms
2024-04-01,1.78,Lentils,Lebanon,South,RETAIL,900 gms
2024-05-01,1.79,Lentils,Lebanon,South,RETAIL,900 gms
2024-06-01,1.76,Lentils,Lebanon,South,RETAIL,900 gms
2024-07-01,1.83,Lentils,Lebanon,South,RETAIL,900 gms
2024-08-01,1.94,Lentils,Lebanon,South,RETAIL,900 gms
2024-09-01,1.77,Lentils,Lebanon,South,RETAIL,900 gms
2024-10-01,2.06,Lentils,Lebanon,South,RETAIL,900 gms
2024-11-01,1.94,Lentils,Lebanon,South,RETAIL,900 gms
2024-12-01,2.14,Lentils,Lebanon,South,RETAIL,900 gms
2025-01-01,2.14,Lentils,Lebanon,South,RETAIL,900 gms
2025-02-01,1.97,Lentils,Lebanon,South,RETAIL,900 gms
2025-03-01,1.97,Lentils,Lebanon,South,RETAIL,900 gms
2025-04-01,1.97,Lentils,Lebanon,South,RETAIL,900 gms
2025-05-01,2.06,Lentils,Lebanon,South,RETAIL,900 gms
2025-06-01,2.11,Lentils,Lebanon,South,RETAIL,900 gms
2025-07-01,1.86,Lentils,Lebanon,South,RETAIL,900 gms
2006-01-01,0.5,Lentils,Panama,Panama City,RETAIL,Libra
2006-02-01,0.5,Lentils,Panama,Panama City,RETAIL,Libra
2006-03-01,0.49,Lentils,Panama,Panama City,RETAIL,Libra
2006-04-01,0.46,Lentils,Panama,Panama City,RETAIL,Libra
2006-05-01,0.42,Lentils,Panama,Panama City,RETAIL,Libra
2006-06-01,0.42,Lentils,Panama,Panama City,RETAIL,Libra
2006-07-01,0.42,Lentils,Panama,Panama City,RETAIL,Libra
2006-08-01,0.42,Lentils,Panama,Panama City,RETAIL,Libra
2006-09-01,0.41,Lentils,Panama,Panama City,RETAIL,Libra
2006-10-01,0.38,Lentils,Panama,Panama City,RETAIL,Libra
2006-11-01,0.55,Lentils,Panama,Panama City,RETAIL,Libra
2006-12-01,0.5,Lentils,Panama,Panama City,RETAIL,Libra
2007-01-01,0.5,Lentils,Panama,Panama City,RETAIL,Libra
2007-02-01,0.5,Lentils,Panama,Panama City,RETAIL,Libra
2007-03-01,0.48,Lentils,Panama,Panama City,RETAIL,Libra
2007-04-01,0.47,Lentils,Panama,Panama City,RETAIL,Libra
2007-05-01,0.47,Lentils,Panama,Panama City,RETAIL,Libra
2007-06-01,0.42,Lentils,Panama,Panama City,RETAIL,Libra
2007-07-01,0.42,Lentils,Panama,Panama City,RETAIL,Libra
2007-08-01,0.42,Lentils,Panama,Panama City,RETAIL,Libra
2007-09-01,0.43,Lentils,Panama,Panama City,RETAIL,Libra
2007-10-01,0.43,Lentils,Panama,Panama City,RETAIL,Libra
2007-11-01,0.45,Lentils,Panama,Panama City,RETAIL,Libra
2007-12-01,0.47,Lentils,Panama,Panama City,RETAIL,Libra
2008-01-01,0.48,Lentils,Panama,Panama City,RETAIL,Libra
2008-02-01,0.52,Lentils,Panama,Panama City,RETAIL,Libra
2008-03-01,0.6,Lentils,Panama,Panama City,RETAIL,Libra
2008-04-01,0.61,Lentils,Panama,Panama City,RETAIL,Libra
2008-05-01,0.5,Lentils,Panama,Panama City,RETAIL,Libra
2008-06-01,0.63,Lentils,Panama,Panama City,RETAIL,Libra
2008-07-01,0.63,Lentils,Panama,Panama City,RETAIL,Libra
2008-08-01,0.63,Lentils,Panama,Panama City,RETAIL,Libra
2008-09-01,0.67,Lentils,Panama,Panama City,RETAIL,Libra
2008-10-01,0.68,Lentils,Panama,Panama City,RETAIL,Libra
2008-11-01,0.72,Lentils,Panama,Panama City,RETAIL,Libra
2008-12-01,0.64,Lentils,Panama,Panama City,RETAIL,Libra
2009-01-01,0.68,Lentils,Panama,Panama City,RETAIL,Libra
2009-02-01,0.66,Lentils,Panama,Panama City,RETAIL,Libra
2009-03-01,0.67,Lentils,Panama,Panama City,RETAIL,Libra
2009-04-01,0.64,Lentils,Panama,Panama City,RETAIL,Libra
2009-05-01,0.65,Lentils,Panama,Panama City,RETAIL,Libra
2009-06-01,0.65,Lentils,Panama,Panama City,RETAIL,Libra
2009-07-01,0.63,Lentils,Panama,Panama City,RETAIL,Libra
2009-08-01,0.63,Lentils,Panama,Panama City,RETAIL,Libra
2009-09-01,0.68,Lentils,Panama,Panama City,RETAIL,Libra
2009-10-01,0.71,Lentils,Panama,Panama City,RETAIL,Libra
2009-11-01,0.7,Lentils,Panama,Panama City,RETAIL,Libra
2009-12-01,0.72,Lentils,Panama,Panama City,RETAIL,Libra
2010-01-01,0.72,Lentils,Panama,Panama City,RETAIL,Libra
2010-02-01,0.72,Lentils,Panama,Panama City,RETAIL,Libra
2010-03-01,0.72,Lentils,Panama,Panama City,RETAIL,Libra
2010-04-01,0.7,Lentils,Panama,Panama City,RETAIL,Libra
2010-05-01,0.7,Lentils,Panama,Panama City,RETAIL,Libra
2010-06-01,0.7,Lentils,Panama,Panama City,RETAIL,Libra
2010-07-01,0.7,Lentils,Panama,Panama City,RETAIL,Libra
2010-08-01,0.7,Lentils,Panama,Panama City,RETAIL,Libra
2010-09-01,0.7,Lentils,Panama,Panama City,RETAIL,Libra
2010-10-01,0.7,Lentils,Panama,Panama City,RETAIL,Libra
2010-11-01,0.7,Lentils,Panama,Panama City,RETAIL,Libra
2010-12-01,0.7,Lentils,Panama,Panama City,RETAIL,Libra
2011-01-01,0.7,Lentils,Panama,Panama City,RETAIL,Libra
2011-02-01,0.7,Lentils,Panama,Panama City,RETAIL,Libra
2011-03-01,0.71,Lentils,Panama,Panama City,RETAIL,Libra
2011-04-01,0.72,Lentils,Panama,Panama City,RETAIL,Libra
2011-05-01,0.72,Lentils,Panama,Panama City,RETAIL,Libra
2011-06-01,0.73,Lentils,Panama,Panama City,RETAIL,Libra
2011-07-01,0.72,Lentils,Panama,Panama City,RETAIL,Libra
2011-08-01,0.72,Lentils,Panama,Panama City,RETAIL,Libra
2011-09-01,0.72,Lentils,Panama,Panama City,RETAIL,Libra
2011-10-01,0.72,Lentils,Panama,Panama City,RETAIL,Libra
2011-11-01,0.72,Lentils,Panama,Panama City,RETAIL,Libra
2011-12-01,0.72,Lentils,Panama,Panama City,RETAIL,Libra
2012-01-01,0.73,Lentils,Panama,Panama City,RETAIL,Libra
2012-02-01,0.73,Lentils,Panama,Panama City,RETAIL,Libra
2012-03-01,0.73,Lentils,Panama,Panama City,RETAIL,Libra
2012-04-01,0.73,Lentils,Panama,Panama City,RETAIL,Libra
2012-05-01,0.73,Lentils,Panama,Panama City,RETAIL,Libra
2012-06-01,0.73,Lentils,Panama,Panama City,RETAIL,Libra
2012-07-01,0.73,Lentils,Panama,Panama City,RETAIL,Libra
2012-08-01,0.72,Lentils,Panama,Panama City,RETAIL,Libra
2012-09-01,0.72,Lentils,Panama,Panama City,RETAIL,Libra
2012-10-01,0.72,Lentils,Panama,Panama City,RETAIL,Libra
2012-11-01,0.73,Lentils,Panama,Panama City,RETAIL,Libra
2012-12-01,0.73,Lentils,Panama,Panama City,RETAIL,Libra
2013-01-01,0.73,Lentils,Panama,Panama City,RETAIL,Libra
2013-02-01,0.73,Lentils,Panama,Panama City,RETAIL,Libra
2013-03-01,0.73,Lentils,Panama,Panama City,RETAIL,Libra
2013-04-01,0.73,Lentils,Panama,Panama City,RETAIL,Libra
2013-05-01,0.73,Lentils,Panama,Panama City,RETAIL,Libra
2013-06-01,0.73,Lentils,Panama,Panama City,RETAIL,Libra
2013-07-01,0.73,Lentils,Panama,Panama City,RETAIL,Libra
2013-08-01,0.73,Lentils,Panama,Panama City,RETAIL,Libra
2013-09-01,0.73,Lentils,Panama,Panama City,RETAIL,Libra
2013-10-01,0.73,Lentils,Panama,Panama City,RETAIL,Libra
2013-11-01,0.74,Lentils,Panama,Panama City,RETAIL,Libra
2013-12-01,0.74,Lentils,Panama,Panama City,RETAIL,Libra
2014-01-01,0.75,Lentils,Panama,Panama City,RETAIL,Libra
2014-02-01,0.75,Lentils,Panama,Panama City,RETAIL,Libra
2014-03-01,0.75,Lentils,Panama,Panama City,RETAIL,Libra
2014-04-01,0.75,Lentils,Panama,Panama City,RETAIL,Libra
2014-05-01,0.75,Lentils,Panama,Panama City,RETAIL,Libra
2014-06-01,0.75,Lentils,Panama,Panama City,RETAIL,Libra
2014-07-01,0.67,Lentils,Panama,Panama City,RETAIL,Libra
2014-08-01,0.57,Lentils,Panama,Panama City,RETAIL,Libra
2014-09-01,0.55,Lentils,Panama,Panama City,RETAIL,Libra
2014-10-01,0.56,Lentils,Panama,Panama City,RETAIL,Libra
2014-11-01,0.58,Lentils,Panama,Panama City,RETAIL,Libra
2014-12-01,0.58,Lentils,Panama,Panama City,RETAIL,Libra
2015-01-01,0.59,Lentils,Panama,Panama City,RETAIL,Libra
2015-02-01,0.63,Lentils,Panama,Panama City,RETAIL,Libra
2015-03-01,0.63,Lentils,Panama,Panama City,RETAIL,Libra
2015-04-01,0.65,Lentils,Panama,Panama City,RETAIL,Libra
2015-05-01,0.64,Lentils,Panama,Panama City,RETAIL,Libra
2015-06-01,0.67,Lentils,Panama,Panama City,RETAIL,Libra
2015-07-01,0.68,Lentils,Panama,Panama City,RETAIL,Libra
2015-08-01,0.69,Lentils,Panama,Panama City,RETAIL,Libra
2015-09-01,0.69,Lentils,Panama,Panama City,RETAIL,Libra
2015-10-01,0.67,Lentils,Panama,Panama City,RETAIL,Libra
2015-11-01,0.69,Lentils,Panama,Panama City,RETAIL,Libra
2015-12-01,0.69,Lentils,Panama,Panama City,RETAIL,Libra
2016-01-01,0.69,Lentils,Panama,Panama City,RETAIL,Libra
2016-02-01,0.69,Lentils,Panama,Panama City,RETAIL,Libra
2016-03-01,0.69,Lentils,Panama,Panama City,RETAIL,Libra
2016-04-01,0.73,Lentils,Panama,Panama City,RETAIL,Libra
2016-05-01,0.73,Lentils,Panama,Panama City,RETAIL,Libra
2016-06-01,0.73,Lentils,Panama,Panama City,RETAIL,Libra
2016-07-01,0.81,Lentils,Panama,Panama City,RETAIL,Libra
2016-08-01,0.85,Lentils,Panama,Panama City,RETAIL,Libra
2016-09-01,0.85,Lentils,Panama,Panama City,RETAIL,Libra
2016-10-01,0.89,Lentils,Panama,Panama City,RETAIL,Libra
2016-11-01,0.99,Lentils,Panama,Panama City,RETAIL,Libra
2016-12-01,0.98,Lentils,Panama,Panama City,RETAIL,Libra
2017-01-01,0.93,Lentils,Panama,Panama City,RETAIL,Libra
2017-02-01,0.88,Lentils,Panama,Panama City,RETAIL,Libra
2017-03-01,0.89,Lentils,Panama,Panama City,RETAIL,Libra
2017-04-01,0.95,Lentils,Panama,Panama City,RETAIL,Libra
2017-05-01,0.94,Lentils,Panama,Panama City,RETAIL,Libra
2017-06-01,0.94,Lentils,Panama,Panama City,RETAIL,Libra
2017-07-01,0.96,Lentils,Panama,Panama City,RETAIL,Libra
2017-08-01,0.98,Lentils,Panama,Panama City,RETAIL,Libra
2017-09-01,0.98,Lentils,Panama,Panama City,RETAIL,Libra
2017-10-01,0.98,Lentils,Panama,Panama City,RETAIL,Libra
2017-11-01,1.0,Lentils,Panama,Panama City,RETAIL,Libra
2017-12-01,1.0,Lentils,Panama,Panama City,RETAIL,Libra
2018-01-01,0.99,Lentils,Panama,Panama City,RETAIL,Libra
2018-02-01,0.93,Lentils,Panama,Panama City,RETAIL,Libra
2018-03-01,0.88,Lentils,Panama,Panama City,RETAIL,Libra
2018-04-01,0.79,Lentils,Panama,Panama City,RETAIL,Libra
2018-05-01,0.75,Lentils,Panama,Panama City,RETAIL,Libra
2018-06-01,0.75,Lentils,Panama,Panama City,RETAIL,Libra
2018-07-01,0.75,Lentils,Panama,Panama City,RETAIL,Libra
2018-08-01,0.75,Lentils,Panama,Panama City,RETAIL,Libra
2018-09-01,0.75,Lentils,Panama,Panama City,RETAIL,Libra
2018-10-01,0.75,Lentils,Panama,Panama City,RETAIL,Libra
2018-11-01,0.83,Lentils,Panama,Panama City,RETAIL,Libra
2018-12-01,0.75,Lentils,Panama,Panama City,RETAIL,Libra
2019-01-01,0.78,Lentils,Panama,Panama City,RETAIL,Libra
2019-02-01,0.83,Lentils,Panama,Panama City,RETAIL,Libra
2019-03-01,0.83,Lentils,Panama,Panama City,RETAIL,Libra
2019-04-01,0.83,Lentils,Panama,Panama City,RETAIL,Libra
2019-05-01,0.83,Lentils,Panama,Panama City,RETAIL,Libra
2019-06-01,0.83,Lentils,Panama,Panama City,RETAIL,Libra
2019-07-01,0.83,Lentils,Panama,Panama City,RETAIL,Libra
2019-08-01,0.83,Lentils,Panama,Panama City,RETAIL,Libra
2019-09-01,0.83,Lentils,Panama,Panama City,RETAIL,Libra
2019-10-01,0.83,Lentils,Panama,Panama City,RETAIL,Libra
2019-11-01,0.83,Lentils,Panama,Panama City,RETAIL,Libra
2019-12-01,0.83,Lentils,Panama,Panama City,RETAIL,Libra
2020-01-01,0.83,Lentils,Panama,Panama City,RETAIL,Libra
2020-02-01,0.83,Lentils,Panama,Panama City,RETAIL,Libra
2020-03-01,0.83,Lentils,Panama,Panama City,RETAIL,Libra
2020-04-01,0.86,Lentils,Panama,Panama City,RETAIL,Libra
2020-05-01,1.0,Lentils,Panama,Panama City,RETAIL,Libra
2020-06-01,0.95,Lentils,Panama,Panama City,RETAIL,Libra
2020-07-01,0.84,Lentils,Panama,Panama City,RETAIL,Libra
2020-08-01,0.83,Lentils,Panama,Panama City,RETAIL,Libra
2020-09-01,0.83,Lentils,Panama,Panama City,RETAIL,Libra
2020-10-01,0.83,Lentils,Panama,Panama City,RETAIL,Libra
2020-11-01,0.83,Lentils,Panama,Panama City,RETAIL,Libra
2020-12-01,0.83,Lentils,Panama,Panama City,RETAIL,Libra
2021-01-01,0.83,Lentils,Panama,Panama City,RETAIL,Libra
2021-02-01,0.83,Lentils,Panama,Panama City,RETAIL,Libra
2021-03-01,0.81,Lentils,Panama,Panama City,RETAIL,Libra
2021-04-01,0.82,Lentils,Panama,Panama City,RETAIL,Libra
2021-05-01,0.89,Lentils,Panama,Panama City,RETAIL,Libra
2021-06-01,0.87,Lentils,Panama,Panama City,RETAIL,Libra
2021-07-01,0.87,Lentils,Panama,Panama City,RETAIL,Libra
2021-08-01,0.87,Lentils,Panama,Panama City,RETAIL,Libra
2021-09-01,0.87,Lentils,Panama,Panama City,RETAIL,Libra
2021-10-01,0.94,Lentils,Panama,Panama City,RETAIL,Libra
2021-11-01,1.0,Lentils,Panama,Panama City,RETAIL,Libra
2021-12-01,1.0,Lentils,Panama,Panama City,RETAIL,Libra
2022-01-01,1.01,Lentils,Panama,Panama City,RETAIL,Libra
2022-02-01,1.09,Lentils,Panama,Panama City,RETAIL,Libra
2022-03-01,1.22,Lentils,Panama,Panama City,RETAIL,Libra
2022-04-01,1.25,Lentils,Panama,Panama City,RETAIL,Libra
2022-05-01,1.25,Lentils,Panama,Panama City,RETAIL,Libra
2022-06-01,1.25,Lentils,Panama,Panama City,RETAIL,Libra
2022-07-01,1.25,Lentils,Panama,Panama City,RETAIL,Libra
2022-08-01,1.21,Lentils,Panama,Panama City,RETAIL,Libra
2022-09-01,1.08,Lentils,Panama,Panama City,RETAIL,Libra
2022-10-01,1.11,Lentils,Panama,Panama City,RETAIL,Libra
2022-11-01,1.23,Lentils,Panama,Panama City,RETAIL,Libra
2022-12-01,1.25,Lentils,Panama,Panama City,RETAIL,Libra
2023-01-01,1.2,Lentils,Panama,Panama City,RETAIL,Libra
2023-02-01,1.08,Lentils,Panama,Panama City,RETAIL,Libra
2023-03-01,1.08,Lentils,Panama,Panama City,RETAIL,Libra
2023-04-01,1.08,Lentils,Panama,Panama City,RETAIL,Libra
2023-05-01,1.08,Lentils,Panama,Panama City,RETAIL,Libra
2023-06-01,1.08,Lentils,Panama,Panama City,RETAIL,Libra
2023-07-01,1.08,Lentils,Panama,Panama City,RETAIL,Libra
2023-08-01,1.16,Lentils,Panama,Panama City,RETAIL,Libra
2023-09-01,1.17,Lentils,Panama,Panama City,RETAIL,Libra
2023-10-01,1.17,Lentils,Panama,Panama City,RETAIL,Libra
2023-11-01,1.17,Lentils,Panama,Panama City,RETAIL,Libra
2023-12-01,1.22,Lentils,Panama,Panama City,RETAIL,Libra
2024-01-01,1.33,Lentils,Panama,Panama City,RETAIL,Libra
2024-02-01,1.31,Lentils,Panama,Panama City,RETAIL,Libra
2024-03-01,1.25,Lentils,Panama,Panama City,RETAIL,Libra
2024-04-01,1.25,Lentils,Panama,Panama City,RETAIL,Libra
2024-05-01,1.25,Lentils,Panama,Panama City,RETAIL,Libra
2024-06-01,1.25,Lentils,Panama,Panama City,RETAIL,Libra
2024-07-01,1.25,Lentils,Panama,Panama City,RETAIL,Libra
2024-08-01,1.25,Lentils,Panama,Panama City,RETAIL,Libra
2024-09-01,1.32,Lentils,Panama,Panama City,RETAIL,Libra
2024-10-01,1.33,Lentils,Panama,Panama City,RETAIL,Libra
2024-11-01,1.33,Lentils,Panama,Panama City,RETAIL,Libra
2024-12-01,1.33,Lentils,Panama,Panama City,RETAIL,Libra
2025-01-01,1.37,Lentils,Panama,Panama City,RETAIL,Libra
2025-02-01,1.42,Lentils,Panama,Panama City,RETAIL,Libra
2025-03-01,1.42,Lentils,Panama,Panama City,RETAIL,Libra
2025-04-01,1.35,Lentils,Panama,Panama City,RETAIL,Libra
2025-05-01,1.35,Lentils,Panama,Panama City,RETAIL,Libra
2025-06-01,1.35,Lentils,Panama,Panama City,RETAIL,Libra
2025-07-01,1.33,Lentils,Panama,Panama City,RETAIL,Libra
2025-08-01,1.47,Lentils,Panama,Panama City,RETAIL,Libra
2025-09-01,1.36,Lentils,Panama,Panama City,RETAIL,Libra
2025-10-01,1.33,Lentils,Panama,Panama City,RETAIL,Libra
2006-01-01,30.4,Lentils,Panama,Panama City,WHOLESALE,Spanish quintal (46 kg)
2006-02-01,29.6,Lentils,Panama,Panama City,WHOLESALE,Spanish quintal (46 kg)
2006-03-01,28.8,Lentils,Panama,Panama City,WHOLESALE,Spanish quintal (46 kg)
2006-04-01,27.6,Lentils,Panama,Panama City,WHOLESALE,Spanish quintal (46 kg)
2006-05-01,26.0,Lentils,Panama,Panama City,WHOLESALE,Spanish quintal (46 kg)
2006-06-01,25.6,Lentils,Panama,Panama City,WHOLESALE,Spanish quintal (46 kg)
2006-07-01,24.2,Lentils,Panama,Panama City,WHOLESALE,Spanish quintal (46 kg)
2006-08-01,23.8,Lentils,Panama,Panama City,WHOLESALE,Spanish quintal (46 kg)
2006-09-01,25.0,Lentils,Panama,Panama City,WHOLESALE,Spanish quintal (46 kg)
2006-10-01,26.2,Lentils,Panama,Panama City,WHOLESALE,Spanish quintal (46 kg)
2006-11-01,28.4,Lentils,Panama,Panama City,WHOLESALE,Spanish quintal (46 kg)
2006-12-01,33.4,Lentils,Panama,Panama City,WHOLESALE,Spanish quintal (46 kg)
2007-01-01,33.6,Lentils,Panama,Panama City,WHOLESALE,Spanish quintal (46 kg)
2007-02-01,32.2,Lentils,Panama,Panama City,WHOLESALE,Spanish quintal (46 kg)
2007-03-01,32.6,Lentils,Panama,Panama City,WHOLESALE,Spanish quintal (46 kg)
2007-04-01,31.8,Lentils,Panama,Panama City,WHOLESALE,Spanish quintal (46 kg)
2007-05-01,31.0,Lentils,Panama,Panama City,WHOLESALE,Spanish quintal (46 kg)
2007-06-01,30.0,Lentils,Panama,Panama City,WHOLESALE,Spanish quintal (46 kg)
2007-07-01,31.8,Lentils,Panama,Panama City,WHOLESALE,Spanish quintal (46 kg)
2007-08-01,33.0,Lentils,Panama,Panama City,WHOLESALE,Spanish quintal (46 kg)
2007-09-01,34.2,Lentils,Panama,Panama City,WHOLESALE,Spanish quintal (46 kg)
2007-10-01,33.4,Lentils,Panama,Panama City,WHOLESALE,Spanish quintal (46 kg)
2007-11-01,36.6,Lentils,Panama,Panama City,WHOLESALE,Spanish quintal (46 kg)
2007-12-01,40.25,Lentils,Panama,Panama City,WHOLESALE,Spanish quintal (46 kg)
2008-01-01,43.8,Lentils,Panama,Panama City,WHOLESALE,Spanish quintal (46 kg)
2008-02-01,46.2,Lentils,Panama,Panama City,WHOLESALE,Spanish quintal (46 kg)
2008-03-01,50.6,Lentils,Panama,Panama City,WHOLESALE,Spanish quintal (46 kg)
2008-04-01,51.0,Lentils,Panama,Panama City,WHOLESALE,Spanish quintal (46 kg)
2008-05-01,55.0,Lentils,Panama,Panama City,WHOLESALE,Spanish quintal (46 kg)
2008-06-01,55.2,Lentils,Panama,Panama City,WHOLESALE,Spanish quintal (46 kg)
2008-07-01,56.2,Lentils,Panama,Panama City,WHOLESALE,Spanish quintal (46 kg)
2008-08-01,58.4,Lentils,Panama,Panama City,WHOLESALE,Spanish quintal (46 kg)
2008-09-01,60.2,Lentils,Panama,Panama City,WHOLESALE,Spanish quintal (46 kg)
2008-10-01,60.6,Lentils,Panama,Panama City,WHOLESALE,Spanish quintal (46 kg)
2008-11-01,61.0,Lentils,Panama,Panama City,WHOLESALE,Spanish quintal (46 kg)
2008-12-01,59.4,Lentils,Panama,Panama City,WHOLESALE,Spanish quintal (46 kg)
2009-01-01,55.0,Lentils,Panama,Panama City,WHOLESALE,Spanish quintal (46 kg)
2009-02-01,53.0,Lentils,Panama,Panama City,WHOLESALE,Spanish quintal (46 kg)
2009-03-01,45.0,Lentils,Panama,Panama City,WHOLESALE,Spanish quintal (46 kg)
2009-04-01,46.2,Lentils,Panama,Panama City,WHOLESALE,Spanish quintal (46 kg)
2009-05-01,48.75,Lentils,Panama,Panama City,WHOLESALE,Spanish quintal (46 kg)
2009-06-01,49.0,Lentils,Panama,Panama City,WHOLESALE,Spanish quintal (46 kg)
2009-07-01,54.0,Lentils,Panama,Panama City,WHOLESALE,Spanish quintal (46 kg)
2009-08-01,54.0,Lentils,Panama,Panama City,WHOLESALE,Spanish quintal (46 kg)
2009-09-01,57.0,Lentils,Panama,Panama City,WHOLESALE,Spanish quintal (46 kg)
2009-10-01,52.0,Lentils,Panama,Panama City,WHOLESALE,Spanish quintal (46 kg)
2009-11-01,48.0,Lentils,Panama,Panama City,WHOLESALE,Spanish quintal (46 kg)
2009-12-01,50.0,Lentils,Panama,Panama City,WHOLESALE,Spanish quintal (46 kg)
2010-01-01,53.0,Lentils,Panama,Panama City,WHOLESALE,Spanish quintal (46 kg)
2010-02-01,53.0,Lentils,Panama,Panama City,WHOLESALE,Spanish quintal (46 kg)
2010-03-01,52.6,Lentils,Panama,Panama City,WHOLESALE,Spanish quintal (46 kg)
2010-04-01,52.28,Lentils,Panama,Panama City,WHOLESALE,Spanish quintal (46 kg)
2010-05-01,50.6,Lentils,Panama,Panama City,WHOLESALE,Spanish quintal (46 kg)
2010-06-01,51.0,Lentils,Panama,Panama City,WHOLESALE,Spanish quintal (46 kg)
2010-07-01,51.0,Lentils,Panama,Panama City,WHOLESALE,Spanish quintal (46 kg)
2010-08-01,51.0,Lentils,Panama,Panama City,WHOLESALE,Spanish quintal (46 kg)
2010-09-01,48.8,Lentils,Panama,Panama City,WHOLESALE,Spanish quintal (46 kg)
2010-10-01,52.0,Lentils,Panama,Panama City,WHOLESALE,Spanish quintal (46 kg)
2010-11-01,54.0,Lentils,Panama,Panama City,WHOLESALE,Spanish quintal (46 kg)
2010-12-01,58.0,Lentils,Panama,Panama City,WHOLESALE,Spanish quintal (46 kg)
2011-01-01,55.0,Lentils,Panama,Panama City,WHOLESALE,Spanish quintal (46 kg)
2011-02-01,55.0,Lentils,Panama,Panama City,WHOLESALE,Spanish quintal (46 kg)
2011-03-01,54.0,Lentils,Panama,Panama City,WHOLESALE,Spanish quintal (46 kg)
2011-04-01,54.0,Lentils,Panama,Panama City,WHOLESALE,Spanish quintal (46 kg)
2011-05-01,51.0,Lentils,Panama,Panama City,WHOLESALE,Spanish quintal (46 kg)
2011-06-01,51.0,Lentils,Panama,Panama City,WHOLESALE,Spanish quintal (46 kg)
2011-07-01,53.0,Lentils,Panama,Panama City,WHOLESALE,Spanish quintal (46 kg)
2011-08-01,58.4,Lentils,Panama,Panama City,WHOLESALE,Spanish quintal (46 kg)
2011-09-01,60.8,Lentils,Panama,Panama City,WHOLESALE,Spanish quintal (46 kg)
2011-10-01,59.2,Lentils,Panama,Panama City,WHOLESALE,Spanish quintal (46 kg)
2011-11-01,57.0,Lentils,Panama,Panama City,WHOLESALE,Spanish quintal (46 kg)
2011-12-01,57.24,Lentils,Panama,Panama City,WHOLESALE,Spanish quintal (46 kg)
2012-01-01,55.2,Lentils,Panama,Panama City,WHOLESALE,Spanish quintal (46 kg)
2012-02-01,55.0,Lentils,Panama,Panama City,WHOLESALE,Spanish quintal (46 kg)
2012-03-01,57.4,Lentils,Panama,Panama City,WHOLESALE,Spanish quintal (46 kg)
2012-04-01,56.0,Lentils,Panama,Panama City,WHOLESALE,Spanish quintal (46 kg)
2012-05-01,56.56,Lentils,Panama,Panama City,WHOLESALE,Spanish quintal (46 kg)
2012-06-01,55.0,Lentils,Panama,Panama City,WHOLESALE,Spanish quintal (46 kg)
2012-07-01,55.0,Lentils,Panama,Panama City,WHOLESALE,Spanish quintal (46 kg)
2012-08-01,55.0,Lentils,Panama,Panama City,WHOLESALE,Spanish quintal (46 kg)
2012-09-01,56.0,Lentils,Panama,Panama City,WHOLESALE,Spanish quintal (46 kg)
2012-10-01,56.0,Lentils,Panama,Panama City,WHOLESALE,Spanish quintal (46 kg)
2012-11-01,57.0,Lentils,Panama,Panama City,WHOLESALE,Spanish quintal (46 kg)
2012-12-01,54.75,Lentils,Panama,Panama City,WHOLESALE,Spanish quintal (46 kg)
2013-01-01,55.0,Lentils,Panama,Panama City,WHOLESALE,Spanish quintal (46 kg)
2013-02-01,56.0,Lentils,Panama,Panama City,WHOLESALE,Spanish quintal (46 kg)
2013-03-01,56.0,Lentils,Panama,Panama City,WHOLESALE,Spanish quintal (46 kg)
2013-04-01,55.07,Lentils,Panama,Panama City,WHOLESALE,Spanish quintal (46 kg)
2013-05-01,56.27,Lentils,Panama,Panama City,WHOLESALE,Spanish quintal (46 kg)
2013-06-01,55.25,Lentils,Panama,Panama City,WHOLESALE,Spanish quintal (46 kg)
2013-07-01,55.0,Lentils,Panama,Panama City,WHOLESALE,Spanish quintal (46 kg)
2013-08-01,55.0,Lentils,Panama,Panama City,WHOLESALE,Spanish quintal (46 kg)
2013-09-01,55.0,Lentils,Panama,Panama City,WHOLESALE,Spanish quintal (46 kg)
2013-10-01,55.0,Lentils,Panama,Panama City,WHOLESALE,Spanish quintal (46 kg)
2013-11-01,55.0,Lentils,Panama,Panama City,WHOLESALE,Spanish quintal (46 kg)
2013-12-01,55.0,Lentils,Panama,Panama City,WHOLESALE,Spanish quintal (46 kg)
2014-01-01,55.0,Lentils,Panama,Panama City,WHOLESALE,Spanish quintal (46 kg)
2014-02-01,55.0,Lentils,Panama,Panama City,WHOLESALE,Spanish quintal (46 kg)
2014-03-01,55.0,Lentils,Panama,Panama City,WHOLESALE,Spanish quintal (46 kg)
2014-04-01,55.0,Lentils,Panama,Panama City,WHOLESALE,Spanish quintal (46 kg)
2014-05-01,55.0,Lentils,Panama,Panama City,WHOLESALE,Spanish quintal (46 kg)
2014-06-01,55.0,Lentils,Panama,Panama City,WHOLESALE,Spanish quintal (46 kg)
2014-07-01,47.41,Lentils,Panama,Panama City,WHOLESALE,Spanish quintal (46 kg)
2014-08-01,46.05,Lentils,Panama,Panama City,WHOLESALE,Spanish quintal (46 kg)
2014-09-01,45.11,Lentils,Panama,Panama City,WHOLESALE,Spanish quintal (46 kg)
2014-10-01,46.93,Lentils,Panama,Panama City,WHOLESALE,Spanish quintal (46 kg)
2014-11-01,50.5,Lentils,Panama,Panama City,WHOLESALE,Spanish quintal (46 kg)
2014-12-01,51.59,Lentils,Panama,Panama City,WHOLESALE,Spanish quintal (46 kg)
2015-01-01,51.95,Lentils,Panama,Panama City,WHOLESALE,Spanish quintal (46 kg)
2015-02-01,52.43,Lentils,Panama,Panama City,WHOLESALE,Spanish quintal (46 kg)
2015-03-01,52.4,Lentils,Panama,Panama City,WHOLESALE,Spanish quintal (46 kg)
2015-04-01,51.13,Lentils,Panama,Panama City,WHOLESALE,Spanish quintal (46 kg)
2015-05-01,54.87,Lentils,Panama,Panama City,WHOLESALE,Spanish quintal (46 kg)
2015-06-01,54.78,Lentils,Panama,Panama City,WHOLESALE,Spanish quintal (46 kg)
2015-07-01,54.48,Lentils,Panama,Panama City,WHOLESALE,Spanish quintal (46 kg)
2015-08-01,55.0,Lentils,Panama,Panama City,WHOLESALE,Spanish quintal (46 kg)
2015-09-01,55.0,Lentils,Panama,Panama City,WHOLESALE,Spanish quintal (46 kg)
2015-10-01,55.0,Lentils,Panama,Panama City,WHOLESALE,Spanish quintal (46 kg)
2015-11-01,59.33,Lentils,Panama,Panama City,WHOLESALE,Spanish quintal (46 kg)
2015-12-01,59.08,Lentils,Panama,Panama City,WHOLESALE,Spanish quintal (46 kg)
2016-01-01,57.3,Lentils,Panama,Panama City,WHOLESALE,Spanish quintal (46 kg)
2016-02-01,65.38,Lentils,Panama,Panama City,WHOLESALE,Spanish quintal (46 kg)
2016-03-01,66.75,Lentils,Panama,Panama City,WHOLESALE,Spanish quintal (46 kg)
2016-04-01,70.27,Lentils,Panama,Panama City,WHOLESALE,Spanish quintal (46 kg)
2016-05-01,71.53,Lentils,Panama,Panama City,WHOLESALE,Spanish quintal (46 kg)
2016-06-01,72.73,Lentils,Panama,Panama City,WHOLESALE,Spanish quintal (46 kg)
2016-07-01,79.35,Lentils,Panama,Panama City,WHOLESALE,Spanish quintal (46 kg)
2016-08-01,80.17,Lentils,Panama,Panama City,WHOLESALE,Spanish quintal (46 kg)
2016-09-01,82.19,Lentils,Panama,Panama City,WHOLESALE,Spanish quintal (46 kg)
2016-10-01,82.07,Lentils,Panama,Panama City,WHOLESALE,Spanish quintal (46 kg)
2016-11-01,84.9,Lentils,Panama,Panama City,WHOLESALE,Spanish quintal (46 kg)
2016-12-01,82.92,Lentils,Panama,Panama City,WHOLESALE,Spanish quintal (46 kg)
2017-01-01,79.33,Lentils,Panama,Panama City,WHOLESALE,Spanish quintal (46 kg)
2017-02-01,73.95,Lentils,Panama,Panama City,WHOLESALE,Spanish quintal (46 kg)
2017-03-01,74.09,Lentils,Panama,Panama City,WHOLESALE,Spanish quintal (46 kg)
2017-04-01,70.17,Lentils,Panama,Panama City,WHOLESALE,Spanish quintal (46 kg)
2017-05-01,68.71,Lentils,Panama,Panama City,WHOLESALE,Spanish quintal (46 kg)
2017-06-01,64.17,Lentils,Panama,Panama City,WHOLESALE,Spanish quintal (46 kg)
2017-07-01,65.79,Lentils,Panama,Panama City,WHOLESALE,Spanish quintal (46 kg)
2017-08-01,71.05,Lentils,Panama,Panama City,WHOLESALE,Spanish quintal (46 kg)
2017-09-01,70.09,Lentils,Panama,Panama City,WHOLESALE,Spanish quintal (46 kg)
2017-10-01,70.0,Lentils,Panama,Panama City,WHOLESALE,Spanish quintal (46 kg)
2017-11-01,71.96,Lentils,Panama,Panama City,WHOLESALE,Spanish quintal (46 kg)
2017-12-01,71.0,Lentils,Panama,Panama City,WHOLESALE,Spanish quintal (46 kg)
2018-01-01,66.92,Lentils,Panama,Panama City,WHOLESALE,Spanish quintal (46 kg)
2018-02-01,59.17,Lentils,Panama,Panama City,WHOLESALE,Spanish quintal (46 kg)
2018-03-01,63.07,Lentils,Panama,Panama City,WHOLESALE,Spanish quintal (46 kg)
2018-04-01,60.72,Lentils,Panama,Panama City,WHOLESALE,Spanish quintal (46 kg)
2018-05-01,60.0,Lentils,Panama,Panama City,WHOLESALE,Spanish quintal (46 kg)
2018-06-01,58.63,Lentils,Panama,Panama City,WHOLESALE,Spanish quintal (46 kg)
2018-07-01,59.37,Lentils,Panama,Panama City,WHOLESALE,Spanish quintal (46 kg)
2018-08-01,59.33,Lentils,Panama,Panama City,WHOLESALE,Spanish quintal (46 kg)
2018-09-01,60.17,Lentils,Panama,Panama City,WHOLESALE,Spanish quintal (46 kg)
2018-10-01,60.56,Lentils,Panama,Panama City,WHOLESALE,Spanish quintal (46 kg)
2018-11-01,60.0,Lentils,Panama,Panama City,WHOLESALE,Spanish quintal (46 kg)
2018-12-01,59.69,Lentils,Panama,Panama City,WHOLESALE,Spanish quintal (46 kg)
2019-01-01,60.05,Lentils,Panama,Panama City,WHOLESALE,Spanish quintal (46 kg)
2019-02-01,56.09,Lentils,Panama,Panama City,WHOLESALE,Spanish quintal (46 kg)
2019-03-01,52.72,Lentils,Panama,Panama City,WHOLESALE,Spanish quintal (46 kg)
2019-04-01,51.75,Lentils,Panama,Panama City,WHOLESALE,Spanish quintal (46 kg)
2019-05-01,50.68,Lentils,Panama,Panama City,WHOLESALE,Spanish quintal (46 kg)
2019-06-01,56.67,Lentils,Panama,Panama City,WHOLESALE,Spanish quintal (46 kg)
2019-07-01,56.67,Lentils,Panama,Panama City,WHOLESALE,Spanish quintal (46 kg)
2019-08-01,52.92,Lentils,Panama,Panama City,WHOLESALE,Spanish quintal (46 kg)
2019-09-01,51.67,Lentils,Panama,Panama City,WHOLESALE,Spanish quintal (46 kg)
2019-10-01,47.18,Lentils,Panama,Panama City,WHOLESALE,Spanish quintal (46 kg)
2019-11-01,40.55,Lentils,Panama,Panama City,WHOLESALE,Spanish quintal (46 kg)
2019-12-01,43.33,Lentils,Panama,Panama City,WHOLESALE,Spanish quintal (46 kg)
2020-01-01,43.33,Lentils,Panama,Panama City,WHOLESALE,Spanish quintal (46 kg)
2020-02-01,41.84,Lentils,Panama,Panama City,WHOLESALE,Spanish quintal (46 kg)
2020-03-01,37.49,Lentils,Panama,Panama City,WHOLESALE,Spanish quintal (46 kg)
2020-04-01,52.05,Lentils,Panama,Panama City,WHOLESALE,Spanish quintal (46 kg)
2020-05-01,55.84,Lentils,Panama,Panama City,WHOLESALE,Spanish quintal (46 kg)
2020-06-01,48.18,Lentils,Panama,Panama City,WHOLESALE,Spanish quintal (46 kg)
2020-07-01,42.68,Lentils,Panama,Panama City,WHOLESALE,Spanish quintal (46 kg)
2020-08-01,43.33,Lentils,Panama,Panama City,WHOLESALE,Spanish quintal (46 kg)
2020-09-01,41.97,Lentils,Panama,Panama City,WHOLESALE,Spanish quintal (46 kg)
2020-10-01,41.67,Lentils,Panama,Panama City,WHOLESALE,Spanish quintal (46 kg)
2020-11-01,38.54,Lentils,Panama,Panama City,WHOLESALE,Spanish quintal (46 kg)
2020-12-01,38.33,Lentils,Panama,Panama City,WHOLESALE,Spanish quintal (46 kg)
2021-01-01,40.1,Lentils,Panama,Panama City,WHOLESALE,Spanish quintal (46 kg)
2021-02-01,45.88,Lentils,Panama,Panama City,WHOLESALE,Spanish quintal (46 kg)
2021-03-01,47.25,Lentils,Panama,Panama City,WHOLESALE,Spanish quintal (46 kg)
2021-04-01,47.07,Lentils,Panama,Panama City,WHOLESALE,Spanish quintal (46 kg)
2021-05-01,48.33,Lentils,Panama,Panama City,WHOLESALE,Spanish quintal (46 kg)
2021-06-01,48.33,Lentils,Panama,Panama City,WHOLESALE,Spanish quintal (46 kg)
2021-07-01,49.54,Lentils,Panama,Panama City,WHOLESALE,Spanish quintal (46 kg)
2021-08-01,49.79,Lentils,Panama,Panama City,WHOLESALE,Spanish quintal (46 kg)
2021-09-01,56.77,Lentils,Panama,Panama City,WHOLESALE,Spanish quintal (46 kg)
2021-10-01,58.0,Lentils,Panama,Panama City,WHOLESALE,Spanish quintal (46 kg)
2021-11-01,73.25,Lentils,Panama,Panama City,WHOLESALE,Spanish quintal (46 kg)
2021-12-01,74.4,Lentils,Panama,Panama City,WHOLESALE,Spanish quintal (46 kg)
2022-01-01,70.5,Lentils,Panama,Panama City,WHOLESALE,Spanish quintal (46 kg)
2022-02-01,76.63,Lentils,Panama,Panama City,WHOLESALE,Spanish quintal (46 kg)
2022-03-01,89.25,Lentils,Panama,Panama City,WHOLESALE,Spanish quintal (46 kg)
2022-04-01,93.33,Lentils,Panama,Panama City,WHOLESALE,Spanish quintal (46 kg)
2022-05-01,91.67,Lentils,Panama,Panama City,WHOLESALE,Spanish quintal (46 kg)
2022-06-01,91.67,Lentils,Panama,Panama City,WHOLESALE,Spanish quintal (46 kg)
2022-07-01,90.57,Lentils,Panama,Panama City,WHOLESALE,Spanish quintal (46 kg)
2022-08-01,80.99,Lentils,Panama,Panama City,WHOLESALE,Spanish quintal (46 kg)
2022-09-01,70.91,Lentils,Panama,Panama City,WHOLESALE,Spanish quintal (46 kg)
2022-10-01,72.12,Lentils,Panama,Panama City,WHOLESALE,Spanish quintal (46 kg)
2022-11-01,68.33,Lentils,Panama,Panama City,WHOLESALE,Spanish quintal (46 kg)
2022-12-01,70.15,Lentils,Panama,Panama City,WHOLESALE,Spanish quintal (46 kg)
2023-01-01,76.22,Lentils,Panama,Panama City,WHOLESALE,Spanish quintal (46 kg)
2023-02-01,70.1,Lentils,Panama,Panama City,WHOLESALE,Spanish quintal (46 kg)
2023-03-01,68.33,Lentils,Panama,Panama City,WHOLESALE,Spanish quintal (46 kg)
2023-04-01,68.33,Lentils,Panama,Panama City,WHOLESALE,Spanish quintal (46 kg)
2023-05-01,69.79,Lentils,Panama,Panama City,WHOLESALE,Spanish quintal (46 kg)
2023-06-01,72.91,Lentils,Panama,Panama City,WHOLESALE,Spanish quintal (46 kg)
2023-07-01,72.14,Lentils,Panama,Panama City,WHOLESALE,Spanish quintal (46 kg)
2023-08-01,71.67,Lentils,Panama,Panama City,WHOLESALE,Spanish quintal (46 kg)
2023-09-01,71.67,Lentils,Panama,Panama City,WHOLESALE,Spanish quintal (46 kg)
2023-10-01,75.31,Lentils,Panama,Panama City,WHOLESALE,Spanish quintal (46 kg)
2023-11-01,76.67,Lentils,Panama,Panama City,WHOLESALE,Spanish quintal (46 kg)
2023-12-01,98.73,Lentils,Panama,Panama City,WHOLESALE,Spanish quintal (46 kg)
2024-01-01,103.33,Lentils,Panama,Panama City,WHOLESALE,Spanish quintal (46 kg)
2024-02-01,99.2,Lentils,Panama,Panama City,WHOLESALE,Spanish quintal (46 kg)
2024-03-01,96.67,Lentils,Panama,Panama City,WHOLESALE,Spanish quintal (46 kg)
2024-04-01,96.67,Lentils,Panama,Panama City,WHOLESALE,Spanish quintal (46 kg)
2024-05-01,96.67,Lentils,Panama,Panama City,WHOLESALE,Spanish quintal (46 kg)
2024-06-01,95.0,Lentils,Panama,Panama City,WHOLESALE,Spanish quintal (46 kg)
2024-07-01,93.33,Lentils,Panama,Panama City,WHOLESALE,Spanish quintal (46 kg)
2024-08-01,93.33,Lentils,Panama,Panama City,WHOLESALE,Spanish quintal (46 kg)
2024-09-01,101.97,Lentils,Panama,Panama City,WHOLESALE,Spanish quintal (46 kg)
2024-10-01,103.76,Lentils,Panama,Panama City,WHOLESALE,Spanish quintal (46 kg)
2024-11-01,100.48,Lentils,Panama,Panama City,WHOLESALE,Spanish quintal (46 kg)
2024-12-01,96.67,Lentils,Panama,Panama City,WHOLESALE,Spanish quintal (46 kg)
2025-01-01,100.91,Lentils,Panama,Panama City,WHOLESALE,Spanish quintal (46 kg)
2025-02-01,103.33,Lentils,Panama,Panama City,WHOLESALE,Spanish quintal (46 kg)
2025-03-01,103.33,Lentils,Panama,Panama City,WHOLESALE,Spanish quintal (46 kg)
2025-04-01,103.33,Lentils,Panama,Panama City,WHOLESALE,Spanish quintal (46 kg)
2025-05-01,103.33,Lentils,Panama,Panama City,WHOLESALE,Spanish quintal (46 kg)
2025-06-01,103.33,Lentils,Panama,Panama City,WHOLESALE,Spanish quintal (46 kg)
2025-07-01,100.0,Lentils,Panama,Panama City,WHOLESALE,Spanish quintal (46 kg)
2025-08-01,100.0,Lentils,Panama,Panama City,WHOLESALE,Spanish quintal (46 kg)
2025-09-01,100.0,Lentils,Panama,Panama City,WHOLESALE,Spanish quintal (46 kg)
2025-10-01,100.0,Lentils,Panama,Panama City,WHOLESALE,Spanish quintal (46 kg)
2013-05-01,1.1,Lentils,Syrian Arab Republic,Al-Hasakeh,RETAIL,Kg
2013-06-01,1.18,Lentils,Syrian Arab Republic,Al-Hasakeh,RETAIL,Kg
2013-07-01,2.12,Lentils,Syrian Arab Republic,Al-Hasakeh,RETAIL,Kg
2013-08-01,1.73,Lentils,Syrian Arab Republic,Al-Hasakeh,RETAIL,Kg
2013-09-01,1.44,Lentils,Syrian Arab Republic,Al-Hasakeh,RETAIL,Kg
2013-10-01,1.67,Lentils,Syrian Arab Republic,Al-Hasakeh,RETAIL,Kg
2013-11-01,1.43,Lentils,Syrian Arab Republic,Al-Hasakeh,RETAIL,Kg
2013-12-01,1.22,Lentils,Syrian Arab Republic,Al-Hasakeh,RETAIL,Kg
2014-01-01,1.13,Lentils,Syrian Arab Republic,Al-Hasakeh,RETAIL,Kg
2014-02-01,1.18,Lentils,Syrian Arab Republic,Al-Hasakeh,RETAIL,Kg
2014-03-01,1.04,Lentils,Syrian Arab Republic,Al-Hasakeh,RETAIL,Kg
2014-04-01,1.02,Lentils,Syrian Arab Republic,Al-Hasakeh,RETAIL,Kg
2014-05-01,1.01,Lentils,Syrian Arab Republic,Al-Hasakeh,RETAIL,Kg
2014-06-01,1.21,Lentils,Syrian Arab Republic,Al-Hasakeh,RETAIL,Kg
2014-07-01,1.21,Lentils,Syrian Arab Republic,Al-Hasakeh,RETAIL,Kg
2014-08-01,1.28,Lentils,Syrian Arab Republic,Al-Hasakeh,RETAIL,Kg
2014-09-01,1.23,Lentils,Syrian Arab Republic,Al-Hasakeh,RETAIL,Kg
2014-10-01,1.31,Lentils,Syrian Arab Republic,Al-Hasakeh,RETAIL,Kg
2014-11-01,1.5,Lentils,Syrian Arab Republic,Al-Hasakeh,RETAIL,Kg
2014-12-01,1.43,Lentils,Syrian Arab Republic,Al-Hasakeh,RETAIL,Kg
2015-01-01,1.38,Lentils,Syrian Arab Republic,Al-Hasakeh,RETAIL,Kg
2015-02-01,1.49,Lentils,Syrian Arab Republic,Al-Hasakeh,RETAIL,Kg
2015-03-01,1.4,Lentils,Syrian Arab Republic,Al-Hasakeh,RETAIL,Kg
2015-04-01,1.25,Lentils,Syrian Arab Republic,Al-Hasakeh,RETAIL,Kg
2015-05-01,1.17,Lentils,Syrian Arab Republic,Al-Hasakeh,RETAIL,Kg
2015-06-01,1.09,Lentils,Syrian Arab Republic,Al-Hasakeh,RETAIL,Kg
2015-07-01,1.15,Lentils,Syrian Arab Republic,Al-Hasakeh,RETAIL,Kg
2015-08-01,1.12,Lentils,Syrian Arab Republic,Al-Hasakeh,RETAIL,Kg
2015-09-01,1.02,Lentils,Syrian Arab Republic,Al-Hasakeh,RETAIL,Kg
2015-10-01,1.18,Lentils,Syrian Arab Republic,Al-Hasakeh,RETAIL,Kg
2015-11-01,1.1,Lentils,Syrian Arab Republic,Al-Hasakeh,RETAIL,Kg
2015-12-01,1.14,Lentils,Syrian Arab Republic,Al-Hasakeh,RETAIL,Kg
2016-01-01,1.05,Lentils,Syrian Arab Republic,Al-Hasakeh,RETAIL,Kg
2016-02-01,1.01,Lentils,Syrian Arab Republic,Al-Hasakeh,RETAIL,Kg
2016-03-01,0.95,Lentils,Syrian Arab Republic,Al-Hasakeh,RETAIL,Kg
2016-04-01,1.21,Lentils,Syrian Arab Republic,Al-Hasakeh,RETAIL,Kg
2016-05-01,1.17,Lentils,Syrian Arab Republic,Al-Hasakeh,RETAIL,Kg
2016-06-01,1.49,Lentils,Syrian Arab Republic,Al-Hasakeh,RETAIL,Kg
2016-07-01,1.49,Lentils,Syrian Arab Republic,Al-Hasakeh,RETAIL,Kg
2016-08-01,1.41,Lentils,Syrian Arab Republic,Al-Hasakeh,RETAIL,Kg
2016-09-01,1.45,Lentils,Syrian Arab Republic,Al-Hasakeh,RETAIL,Kg
2016-10-01,1.6,Lentils,Syrian Arab Republic,Al-Hasakeh,RETAIL,Kg
2016-11-01,1.6,Lentils,Syrian Arab Republic,Al-Hasakeh,RETAIL,Kg
2016-12-01,1.3,Lentils,Syrian Arab Republic,Al-Hasakeh,RETAIL,Kg
2017-01-01,1.15,Lentils,Syrian Arab Republic,Al-Hasakeh,RETAIL,Kg
2017-02-01,1.0,Lentils,Syrian Arab Republic,Al-Hasakeh,RETAIL,Kg
2017-03-01,1.0,Lentils,Syrian Arab Republic,Al-Hasakeh,RETAIL,Kg
2017-04-01,1.0,Lentils,Syrian Arab Republic,Al-Hasakeh,RETAIL,Kg
2017-05-01,1.0,Lentils,Syrian Arab Republic,Al-Hasakeh,RETAIL,Kg
2017-06-01,1.0,Lentils,Syrian Arab Republic,Al-Hasakeh,RETAIL,Kg
2017-07-01,0.95,Lentils,Syrian Arab Republic,Al-Hasakeh,RETAIL,Kg
2017-08-01,0.9,Lentils,Syrian Arab Republic,Al-Hasakeh,RETAIL,Kg
2017-09-01,0.85,Lentils,Syrian Arab Republic,Al-Hasakeh,RETAIL,Kg
2017-10-01,0.9,Lentils,Syrian Arab Republic,Al-Hasakeh,RETAIL,Kg
2017-11-01,0.92,Lentils,Syrian Arab Republic,Al-Hasakeh,RETAIL,Kg
2017-12-01,0.95,Lentils,Syrian Arab Republic,Al-Hasakeh,RETAIL,Kg
2018-01-01,0.92,Lentils,Syrian Arab Republic,Al-Hasakeh,RETAIL,Kg
2018-02-01,0.92,Lentils,Syrian Arab Republic,Al-Hasakeh,RETAIL,Kg
2018-03-01,0.84,Lentils,Syrian Arab Republic,Al-Hasakeh,RETAIL,Kg
2018-04-01,0.84,Lentils,Syrian Arab Republic,Al-Hasakeh,RETAIL,Kg
2018-05-01,0.86,Lentils,Syrian Arab Republic,Al-Hasakeh,RETAIL,Kg
2018-06-01,0.69,Lentils,Syrian Arab Republic,Al-Hasakeh,RETAIL,Kg
2018-07-01,0.69,Lentils,Syrian Arab Republic,Al-Hasakeh,RETAIL,Kg
2018-08-01,0.69,Lentils,Syrian Arab Republic,Al-Hasakeh,RETAIL,Kg
2018-09-01,0.69,Lentils,Syrian Arab Republic,Al-Hasakeh,RETAIL,Kg
2018-10-01,0.69,Lentils,Syrian Arab Republic,Al-Hasakeh,RETAIL,Kg
2018-11-01,0.69,Lentils,Syrian Arab Republic,Al-Hasakeh,RETAIL,Kg
2018-12-01,0.69,Lentils,Syrian Arab Republic,Al-Hasakeh,RETAIL,Kg
2019-01-01,0.69,Lentils,Syrian Arab Republic,Al-Hasakeh,RETAIL,Kg
2019-02-01,0.69,Lentils,Syrian Arab Republic,Al-Hasakeh,RETAIL,Kg
2019-03-01,0.69,Lentils,Syrian Arab Republic,Al-Hasakeh,RETAIL,Kg
2019-04-01,0.71,Lentils,Syrian Arab Republic,Al-Hasakeh,RETAIL,Kg
2019-05-01,0.77,Lentils,Syrian Arab Republic,Al-Hasakeh,RETAIL,Kg
2019-06-01,0.8,Lentils,Syrian Arab Republic,Al-Hasakeh,RETAIL,Kg
2019-07-01,0.69,Lentils,Syrian Arab Republic,Al-Hasakeh,RETAIL,Kg
2019-08-01,0.69,Lentils,Syrian Arab Republic,Al-Hasakeh,RETAIL,Kg
2019-09-01,0.72,Lentils,Syrian Arab Republic,Al-Hasakeh,RETAIL,Kg
2019-10-01,0.8,Lentils,Syrian Arab Republic,Al-Hasakeh,RETAIL,Kg
2019-11-01,0.97,Lentils,Syrian Arab Republic,Al-Hasakeh,RETAIL,Kg
2019-12-01,1.11,Lentils,Syrian Arab Republic,Al-Hasakeh,RETAIL,Kg
2020-01-01,1.37,Lentils,Syrian Arab Republic,Al-Hasakeh,RETAIL,Kg
2020-02-01,1.36,Lentils,Syrian Arab Republic,Al-Hasakeh,RETAIL,Kg
2020-03-01,1.47,Lentils,Syrian Arab Republic,Al-Hasakeh,RETAIL,Kg
2020-04-01,2.01,Lentils,Syrian Arab Republic,Al-Hasakeh,RETAIL,Kg
2020-05-01,2.6,Lentils,Syrian Arab Republic,Al-Hasakeh,RETAIL,Kg
2020-06-01,1.92,Lentils,Syrian Arab Republic,Al-Hasakeh,RETAIL,Kg
2020-07-01,1.2,Lentils,Syrian Arab Republic,Al-Hasakeh,RETAIL,Kg
2020-08-01,1.12,Lentils,Syrian Arab Republic,Al-Hasakeh,RETAIL,Kg
2020-09-01,1.11,Lentils,Syrian Arab Republic,Al-Hasakeh,RETAIL,Kg
2020-10-01,1.15,Lentils,Syrian Arab Republic,Al-Hasakeh,RETAIL,Kg
2020-11-01,1.21,Lentils,Syrian Arab Republic,Al-Hasakeh,RETAIL,Kg
2020-12-01,1.26,Lentils,Syrian Arab Republic,Al-Hasakeh,RETAIL,Kg
2021-01-01,1.4,Lentils,Syrian Arab Republic,Al-Hasakeh,RETAIL,Kg
2021-02-01,1.48,Lentils,Syrian Arab Republic,Al-Hasakeh,RETAIL,Kg
2021-03-01,1.58,Lentils,Syrian Arab Republic,Al-Hasakeh,RETAIL,Kg
2021-04-01,1.56,Lentils,Syrian Arab Republic,Al-Hasakeh,RETAIL,Kg
2021-05-01,1.36,Lentils,Syrian Arab Republic,Al-Hasakeh,RETAIL,Kg
2021-06-01,1.35,Lentils,Syrian Arab Republic,Al-Hasakeh,RETAIL,Kg
2021-07-01,1.35,Lentils,Syrian Arab Republic,Al-Hasakeh,RETAIL,Kg
2021-08-01,1.42,Lentils,Syrian Arab Republic,Al-Hasakeh,RETAIL,Kg
2021-09-01,1.59,Lentils,Syrian Arab Republic,Al-Hasakeh,RETAIL,Kg
2021-10-01,1.59,Lentils,Syrian Arab Republic,Al-Hasakeh,RETAIL,Kg
2021-11-01,2.0,Lentils,Syrian Arab Republic,Al-Hasakeh,RETAIL,Kg
2021-12-01,3.92,Lentils,Syrian Arab Republic,Al-Hasakeh,RETAIL,Kg
2022-01-01,1.99,Lentils,Syrian Arab Republic,Al-Hasakeh,RETAIL,Kg
2022-02-01,1.99,Lentils,Syrian Arab Republic,Al-Hasakeh,RETAIL,Kg
2022-03-01,2.08,Lentils,Syrian Arab Republic,Al-Hasakeh,RETAIL,Kg
2022-04-01,2.11,Lentils,Syrian Arab Republic,Al-Hasakeh,RETAIL,Kg
2022-05-01,2.11,Lentils,Syrian Arab Republic,Al-Hasakeh,RETAIL,Kg
2022-06-01,2.11,Lentils,Syrian Arab Republic,Al-Hasakeh,RETAIL,Kg
2022-07-01,2.11,Lentils,Syrian Arab Republic,Al-Hasakeh,RETAIL,Kg
2022-08-01,2.21,Lentils,Syrian Arab Republic,Al-Hasakeh,RETAIL,Kg
2022-09-01,2.39,Lentils,Syrian Arab Republic,Al-Hasakeh,RETAIL,Kg
2022-10-01,2.91,Lentils,Syrian Arab Republic,Al-Hasakeh,RETAIL,Kg
2022-11-01,3.1,Lentils,Syrian Arab Republic,Al-Hasakeh,RETAIL,Kg
2022-12-01,3.18,Lentils,Syrian Arab Republic,Al-Hasakeh,RETAIL,Kg
2023-01-01,2.65,Lentils,Syrian Arab Republic,Al-Hasakeh,RETAIL,Kg
2023-02-01,2.82,Lentils,Syrian Arab Republic,Al-Hasakeh,RETAIL,Kg
2023-03-01,2.88,Lentils,Syrian Arab Republic,Al-Hasakeh,RETAIL,Kg
2023-04-01,2.99,Lentils,Syrian Arab Republic,Al-Hasakeh,RETAIL,Kg
2023-05-01,,Lentils,Syrian Arab Republic,Al-Hasakeh,RETAIL,Kg
2023-06-01,3.04,Lentils,Syrian Arab Republic,Al-Hasakeh,RETAIL,Kg
2023-07-01,3.24,Lentils,Syrian Arab Republic,Al-Hasakeh,RETAIL,Kg
2023-08-01,1.73,Lentils,Syrian Arab Republic,Al-Hasakeh,RETAIL,Kg
2023-09-01,2.11,Lentils,Syrian Arab Republic,Al-Hasakeh,RETAIL,Kg
2023-10-01,1.56,Lentils,Syrian Arab Republic,Al-Hasakeh,RETAIL,Kg
2023-11-01,1.34,Lentils,Syrian Arab Republic,Al-Hasakeh,RETAIL,Kg
2023-12-01,1.15,Lentils,Syrian Arab Republic,Al-Hasakeh,RETAIL,Kg
2024-01-01,1.26,Lentils,Syrian Arab Republic,Al-Hasakeh,RETAIL,Kg
2024-02-01,1.22,Lentils,Syrian Arab Republic,Al-Hasakeh,RETAIL,Kg
2024-03-01,1.19,Lentils,Syrian Arab Republic,Al-Hasakeh,RETAIL,Kg
2024-04-01,3.44,Lentils,Syrian Arab Republic,Al-Hasakeh,RETAIL,Kg
2024-05-01,1.11,Lentils,Syrian Arab Republic,Al-Hasakeh,RETAIL,Kg
2024-06-01,1.07,Lentils,Syrian Arab Republic,Al-Hasakeh,RETAIL,Kg
2024-07-01,1.11,Lentils,Syrian Arab Republic,Al-Hasakeh,RETAIL,Kg
2024-08-01,0.93,Lentils,Syrian Arab Republic,Al-Hasakeh,RETAIL,Kg
2024-09-01,0.84,Lentils,Syrian Arab Republic,Al-Hasakeh,RETAIL,Kg
2024-10-01,0.88,Lentils,Syrian Arab Republic,Al-Hasakeh,RETAIL,Kg
2024-11-01,0.89,Lentils,Syrian Arab Republic,Al-Hasakeh,RETAIL,Kg
2024-12-01,14931.82,Lentils,Syrian Arab Republic,Al-Hasakeh,RETAIL,Kg
2025-01-01,17525.64,Lentils,Syrian Arab Republic,Al-Hasakeh,RETAIL,Kg
2025-02-01,14833.33,Lentils,Syrian Arab Republic,Al-Hasakeh,RETAIL,Kg
2025-03-01,9016.13,Lentils,Syrian Arab Republic,Al-Hasakeh,RETAIL,Kg
2025-04-01,12033.33,Lentils,Syrian Arab Republic,Al-Hasakeh,RETAIL,Kg
2025-05-01,12333.33,Lentils,Syrian Arab Republic,Al-Hasakeh,RETAIL,Kg
2025-06-01,13011.11,Lentils,Syrian Arab Republic,Al-Hasakeh,RETAIL,Kg
2025-07-01,12666.67,Lentils,Syrian Arab Republic,Al-Hasakeh,RETAIL,Kg
2025-08-01,14526.88,Lentils,Syrian Arab Republic,Al-Hasakeh,RETAIL,Kg
2025-09-01,14322.22,Lentils,Syrian Arab Republic,Al-Hasakeh,RETAIL,Kg
2025-10-01,14166.67,Lentils,Syrian Arab Republic,Al-Hasakeh,RETAIL,Kg
2012-07-01,1.16,Lentils,Syrian Arab Republic,Dar'a,RETAIL,Kg
2012-08-01,1.13,Lentils,Syrian Arab Republic,Dar'a,RETAIL,Kg
2012-09-01,1.12,Lentils,Syrian Arab Republic,Dar'a,RETAIL,Kg
2012-10-01,1.18,Lentils,Syrian Arab Republic,Dar'a,RETAIL,Kg
2012-11-01,1.25,Lentils,Syrian Arab Republic,Dar'a,RETAIL,Kg
2012-12-01,1.27,Lentils,Syrian Arab Republic,Dar'a,RETAIL,Kg
2013-01-01,1.2,Lentils,Syrian Arab Republic,Dar'a,RETAIL,Kg
2013-02-01,1.18,Lentils,Syrian Arab Republic,Dar'a,RETAIL,Kg
2013-03-01,1.36,Lentils,Syrian Arab Republic,Dar'a,RETAIL,Kg
2013-04-01,1.31,Lentils,Syrian Arab Republic,Dar'a,RETAIL,Kg
2013-05-01,0.92,Lentils,Syrian Arab Republic,Dar'a,RETAIL,Kg
2013-06-01,0.98,Lentils,Syrian Arab Republic,Dar'a,RETAIL,Kg
2013-07-01,2.28,Lentils,Syrian Arab Republic,Dar'a,RETAIL,Kg
2013-08-01,2.28,Lentils,Syrian Arab Republic,Dar'a,RETAIL,Kg
2013-09-01,2.2,Lentils,Syrian Arab Republic,Dar'a,RETAIL,Kg
2013-10-01,2.36,Lentils,Syrian Arab Republic,Dar'a,RETAIL,Kg
2013-11-01,2.32,Lentils,Syrian Arab Republic,Dar'a,RETAIL,Kg
2013-12-01,2.55,Lentils,Syrian Arab Republic,Dar'a,RETAIL,Kg
2014-01-01,1.4,Lentils,Syrian Arab Republic,Dar'a,RETAIL,Kg
2014-02-01,1.39,Lentils,Syrian Arab Republic,Dar'a,RETAIL,Kg
2014-03-01,1.2,Lentils,Syrian Arab Republic,Dar'a,RETAIL,Kg
2014-04-01,1.12,Lentils,Syrian Arab Republic,Dar'a,RETAIL,Kg
2014-05-01,1.11,Lentils,Syrian Arab Republic,Dar'a,RETAIL,Kg
2014-06-01,1.1,Lentils,Syrian Arab Republic,Dar'a,RETAIL,Kg
2014-07-01,1.1,Lentils,Syrian Arab Republic,Dar'a,RETAIL,Kg
2014-08-01,1.09,Lentils,Syrian Arab Republic,Dar'a,RETAIL,Kg
2014-09-01,1.05,Lentils,Syrian Arab Republic,Dar'a,RETAIL,Kg
2014-10-01,1.01,Lentils,Syrian Arab Republic,Dar'a,RETAIL,Kg
2014-11-01,0.97,Lentils,Syrian Arab Republic,Dar'a,RETAIL,Kg
2014-12-01,0.93,Lentils,Syrian Arab Republic,Dar'a,RETAIL,Kg
2015-01-01,0.89,Lentils,Syrian Arab Republic,Dar'a,RETAIL,Kg
2015-02-01,0.97,Lentils,Syrian Arab Republic,Dar'a,RETAIL,Kg
2015-03-01,0.95,Lentils,Syrian Arab Republic,Dar'a,RETAIL,Kg
2015-04-01,1.1,Lentils,Syrian Arab Republic,Dar'a,RETAIL,Kg
2015-05-01,1.13,Lentils,Syrian Arab Republic,Dar'a,RETAIL,Kg
2015-06-01,1.07,Lentils,Syrian Arab Republic,Dar'a,RETAIL,Kg
2015-07-01,1.05,Lentils,Syrian Arab Republic,Dar'a,RETAIL,Kg
2015-08-01,1.03,Lentils,Syrian Arab Republic,Dar'a,RETAIL,Kg
2015-09-01,1.0,Lentils,Syrian Arab Republic,Dar'a,RETAIL,Kg
2015-10-01,0.99,Lentils,Syrian Arab Republic,Dar'a,RETAIL,Kg
2015-11-01,0.96,Lentils,Syrian Arab Republic,Dar'a,RETAIL,Kg
2015-12-01,1.11,Lentils,Syrian Arab Republic,Dar'a,RETAIL,Kg
2016-01-01,1.2,Lentils,Syrian Arab Republic,Dar'a,RETAIL,Kg
2016-02-01,1.08,Lentils,Syrian Arab Republic,Dar'a,RETAIL,Kg
2016-03-01,0.95,Lentils,Syrian Arab Republic,Dar'a,RETAIL,Kg
2016-04-01,0.88,Lentils,Syrian Arab Republic,Dar'a,RETAIL,Kg
2016-05-01,0.75,Lentils,Syrian Arab Republic,Dar'a,RETAIL,Kg
2016-06-01,0.85,Lentils,Syrian Arab Republic,Dar'a,RETAIL,Kg
2016-07-01,0.85,Lentils,Syrian Arab Republic,Dar'a,RETAIL,Kg
2016-08-01,0.83,Lentils,Syrian Arab Republic,Dar'a,RETAIL,Kg
2016-09-01,0.8,Lentils,Syrian Arab Republic,Dar'a,RETAIL,Kg
2016-10-01,0.8,Lentils,Syrian Arab Republic,Dar'a,RETAIL,Kg
2016-11-01,0.86,Lentils,Syrian Arab Republic,Dar'a,RETAIL,Kg
2016-12-01,0.92,Lentils,Syrian Arab Republic,Dar'a,RETAIL,Kg
2017-01-01,1.0,Lentils,Syrian Arab Republic,Dar'a,RETAIL,Kg
2017-02-01,1.15,Lentils,Syrian Arab Republic,Dar'a,RETAIL,Kg
2017-03-01,1.2,Lentils,Syrian Arab Republic,Dar'a,RETAIL,Kg
2017-04-01,1.2,Lentils,Syrian Arab Republic,Dar'a,RETAIL,Kg
2017-05-01,1.2,Lentils,Syrian Arab Republic,Dar'a,RETAIL,Kg
2017-06-01,1.2,Lentils,Syrian Arab Republic,Dar'a,RETAIL,Kg
2017-07-01,1.2,Lentils,Syrian Arab Republic,Dar'a,RETAIL,Kg
2017-08-01,1.2,Lentils,Syrian Arab Republic,Dar'a,RETAIL,Kg
2017-09-01,1.25,Lentils,Syrian Arab Republic,Dar'a,RETAIL,Kg
2017-10-01,1.2,Lentils,Syrian Arab Republic,Dar'a,RETAIL,Kg
2017-11-01,1.23,Lentils,Syrian Arab Republic,Dar'a,RETAIL,Kg
2017-12-01,1.37,Lentils,Syrian Arab Republic,Dar'a,RETAIL,Kg
2018-01-01,1.37,Lentils,Syrian Arab Republic,Dar'a,RETAIL,Kg
2018-02-01,1.15,Lentils,Syrian Arab Republic,Dar'a,RETAIL,Kg
2018-03-01,1.01,Lentils,Syrian Arab Republic,Dar'a,RETAIL,Kg
2018-04-01,0.84,Lentils,Syrian Arab Republic,Dar'a,RETAIL,Kg
2018-05-01,0.84,Lentils,Syrian Arab Republic,Dar'a,RETAIL,Kg
2018-06-01,0.84,Lentils,Syrian Arab Republic,Dar'a,RETAIL,Kg
2018-07-01,0.84,Lentils,Syrian Arab Republic,Dar'a,RETAIL,Kg
2018-08-01,0.84,Lentils,Syrian Arab Republic,Dar'a,RETAIL,Kg
2018-09-01,0.84,Lentils,Syrian Arab Republic,Dar'a,RETAIL,Kg
2018-10-01,0.84,Lentils,Syrian Arab Republic,Dar'a,RETAIL,Kg
2018-11-01,0.84,Lentils,Syrian Arab Republic,Dar'a,RETAIL,Kg
2018-12-01,0.84,Lentils,Syrian Arab Republic,Dar'a,RETAIL,Kg
2019-01-01,0.84,Lentils,Syrian Arab Republic,Dar'a,RETAIL,Kg
2019-02-01,0.84,Lentils,Syrian Arab Republic,Dar'a,RETAIL,Kg
2019-03-01,0.84,Lentils,Syrian Arab Republic,Dar'a,RETAIL,Kg
2019-04-01,0.84,Lentils,Syrian Arab Republic,Dar'a,RETAIL,Kg
2019-05-01,0.84,Lentils,Syrian Arab Republic,Dar'a,RETAIL,Kg
2019-06-01,0.92,Lentils,Syrian Arab Republic,Dar'a,RETAIL,Kg
2019-07-01,0.84,Lentils,Syrian Arab Republic,Dar'a,RETAIL,Kg
2019-08-01,0.84,Lentils,Syrian Arab Republic,Dar'a,RETAIL,Kg
2019-09-01,0.84,Lentils,Syrian Arab Republic,Dar'a,RETAIL,Kg
2019-10-01,0.84,Lentils,Syrian Arab Republic,Dar'a,RETAIL,Kg
2019-11-01,0.8,Lentils,Syrian Arab Republic,Dar'a,RETAIL,Kg
2019-12-01,0.92,Lentils,Syrian Arab Republic,Dar'a,RETAIL,Kg
2020-01-01,0.92,Lentils,Syrian Arab Republic,Dar'a,RETAIL,Kg
2020-02-01,0.92,Lentils,Syrian Arab Republic,Dar'a,RETAIL,Kg
2020-03-01,1.16,Lentils,Syrian Arab Republic,Dar'a,RETAIL,Kg
2020-04-01,1.66,Lentils,Syrian Arab Republic,Dar'a,RETAIL,Kg
2020-05-01,2.98,Lentils,Syrian Arab Republic,Dar'a,RETAIL,Kg
2020-06-01,1.69,Lentils,Syrian Arab Republic,Dar'a,RETAIL,Kg
2020-07-01,1.2,Lentils,Syrian Arab Republic,Dar'a,RETAIL,Kg
2020-08-01,1.19,Lentils,Syrian Arab Republic,Dar'a,RETAIL,Kg
2020-09-01,1.19,Lentils,Syrian Arab Republic,Dar'a,RETAIL,Kg
2020-10-01,1.19,Lentils,Syrian Arab Republic,Dar'a,RETAIL,Kg
2020-11-01,1.24,Lentils,Syrian Arab Republic,Dar'a,RETAIL,Kg
2020-12-01,1.29,Lentils,Syrian Arab Republic,Dar'a,RETAIL,Kg
2021-01-01,1.29,Lentils,Syrian Arab Republic,Dar'a,RETAIL,Kg
2021-02-01,1.59,Lentils,Syrian Arab Republic,Dar'a,RETAIL,Kg
2021-03-01,2.06,Lentils,Syrian Arab Republic,Dar'a,RETAIL,Kg
2021-04-01,2.39,Lentils,Syrian Arab Republic,Dar'a,RETAIL,Kg
2021-05-01,2.39,Lentils,Syrian Arab Republic,Dar'a,RETAIL,Kg
2021-06-01,2.39,Lentils,Syrian Arab Republic,Dar'a,RETAIL,Kg
2021-07-01,2.39,Lentils,Syrian Arab Republic,Dar'a,RETAIL,Kg
2021-08-01,2.55,Lentils,Syrian Arab Republic,Dar'a,RETAIL,Kg
2021-09-01,2.77,Lentils,Syrian Arab Republic,Dar'a,RETAIL,Kg
2021-10-01,2.79,Lentils,Syrian Arab Republic,Dar'a,RETAIL,Kg
2021-11-01,2.97,Lentils,Syrian Arab Republic,Dar'a,RETAIL,Kg
2021-12-01,3.44,Lentils,Syrian Arab Republic,Dar'a,RETAIL,Kg
2022-01-01,1.8,Lentils,Syrian Arab Republic,Dar'a,RETAIL,Kg
2022-02-01,1.92,Lentils,Syrian Arab Republic,Dar'a,RETAIL,Kg
2022-03-01,2.39,Lentils,Syrian Arab Republic,Dar'a,RETAIL,Kg
2022-04-01,2.87,Lentils,Syrian Arab Republic,Dar'a,RETAIL,Kg
2022-05-01,2.87,Lentils,Syrian Arab Republic,Dar'a,RETAIL,Kg
2022-06-01,2.84,Lentils,Syrian Arab Republic,Dar'a,RETAIL,Kg
2022-07-01,2.84,Lentils,Syrian Arab Republic,Dar'a,RETAIL,Kg
2022-08-01,2.94,Lentils,Syrian Arab Republic,Dar'a,RETAIL,Kg
2022-09-01,2.96,Lentils,Syrian Arab Republic,Dar'a,RETAIL,Kg
2022-10-01,3.35,Lentils,Syrian Arab Republic,Dar'a,RETAIL,Kg
2022-11-01,3.77,Lentils,Syrian Arab Republic,Dar'a,RETAIL,Kg
2022-12-01,3.77,Lentils,Syrian Arab Republic,Dar'a,RETAIL,Kg
2023-01-01,3.2,Lentils,Syrian Arab Republic,Dar'a,RETAIL,Kg
2023-02-01,3.7,Lentils,Syrian Arab Republic,Dar'a,RETAIL,Kg
2023-03-01,3.73,Lentils,Syrian Arab Republic,Dar'a,RETAIL,Kg
2023-04-01,3.76,Lentils,Syrian Arab Republic,Dar'a,RETAIL,Kg
2023-05-01,,Lentils,Syrian Arab Republic,Dar'a,RETAIL,Kg
2023-06-01,4.09,Lentils,Syrian Arab Republic,Dar'a,RETAIL,Kg
2023-07-01,4.58,Lentils,Syrian Arab Republic,Dar'a,RETAIL,Kg
2023-08-01,2.12,Lentils,Syrian Arab Republic,Dar'a,RETAIL,Kg
2023-09-01,2.39,Lentils,Syrian Arab Republic,Dar'a,RETAIL,Kg
2023-10-01,1.79,Lentils,Syrian Arab Republic,Dar'a,RETAIL,Kg
2023-11-01,1.89,Lentils,Syrian Arab Republic,Dar'a,RETAIL,Kg
2023-12-01,1.8,Lentils,Syrian Arab Republic,Dar'a,RETAIL,Kg
2024-01-01,1.97,Lentils,Syrian Arab Republic,Dar'a,RETAIL,Kg
2024-02-01,2.08,Lentils,Syrian Arab Republic,Dar'a,RETAIL,Kg
2024-03-01,2.0,Lentils,Syrian Arab Republic,Dar'a,RETAIL,Kg
2024-04-01,6.03,Lentils,Syrian Arab Republic,Dar'a,RETAIL,Kg
2024-05-01,2.12,Lentils,Syrian Arab Republic,Dar'a,RETAIL,Kg
2024-06-01,2.17,Lentils,Syrian Arab Republic,Dar'a,RETAIL,Kg
2024-07-01,2.14,Lentils,Syrian Arab Republic,Dar'a,RETAIL,Kg
2024-08-01,2.15,Lentils,Syrian Arab Republic,Dar'a,RETAIL,Kg
2024-09-01,1.86,Lentils,Syrian Arab Republic,Dar'a,RETAIL,Kg
2024-10-01,1.81,Lentils,Syrian Arab Republic,Dar'a,RETAIL,Kg
2024-11-01,1.79,Lentils,Syrian Arab Republic,Dar'a,RETAIL,Kg
2024-12-01,21893.94,Lentils,Syrian Arab Republic,Dar'a,RETAIL,Kg
2025-01-01,17769.23,Lentils,Syrian Arab Republic,Dar'a,RETAIL,Kg
2025-02-01,14000.0,Lentils,Syrian Arab Republic,Dar'a,RETAIL,Kg
2025-03-01,11381.72,Lentils,Syrian Arab Republic,Dar'a,RETAIL,Kg
2025-04-01,11820.99,Lentils,Syrian Arab Republic,Dar'a,RETAIL,Kg
2025-05-01,,Lentils,Syrian Arab Republic,Dar'a,RETAIL,Kg
2025-06-01,11411.11,Lentils,Syrian Arab Republic,Dar'a,RETAIL,Kg
2025-07-01,12000.0,Lentils,Syrian Arab Republic,Dar'a,RETAIL,Kg
2025-08-01,12413.98,Lentils,Syrian Arab Republic,Dar'a,RETAIL,Kg
2025-09-01,13000.0,Lentils,Syrian Arab Republic,Dar'a,RETAIL,Kg
2025-10-01,13000.0,Lentils,Syrian Arab Republic,Dar'a,RETAIL,Kg
2013-05-01,1.27,Lentils,Syrian Arab Republic,Deir-ez-Zor,RETAIL,Kg
2013-06-01,1.39,Lentils,Syrian Arab Republic,Deir-ez-Zor,RETAIL,Kg
2013-07-01,1.89,Lentils,Syrian Arab Republic,Deir-ez-Zor,RETAIL,Kg
2013-08-01,2.28,Lentils,Syrian Arab Republic,Deir-ez-Zor,RETAIL,Kg
2013-09-01,1.76,Lentils,Syrian Arab Republic,Deir-ez-Zor,RETAIL,Kg
2013-10-01,1.66,Lentils,Syrian Arab Republic,Deir-ez-Zor,RETAIL,Kg
2013-11-01,1.43,Lentils,Syrian Arab Republic,Deir-ez-Zor,RETAIL,Kg
2013-12-01,1.59,Lentils,Syrian Arab Republic,Deir-ez-Zor,RETAIL,Kg
2014-01-01,1.68,Lentils,Syrian Arab Republic,Deir-ez-Zor,RETAIL,Kg
2014-02-01,1.74,Lentils,Syrian Arab Republic,Deir-ez-Zor,RETAIL,Kg
2014-03-01,1.2,Lentils,Syrian Arab Republic,Deir-ez-Zor,RETAIL,Kg
2014-04-01,1.22,Lentils,Syrian Arab Republic,Deir-ez-Zor,RETAIL,Kg
2014-05-01,1.22,Lentils,Syrian Arab Republic,Deir-ez-Zor,RETAIL,Kg
2014-06-01,1.38,Lentils,Syrian Arab Republic,Deir-ez-Zor,RETAIL,Kg
2014-07-01,1.37,Lentils,Syrian Arab Republic,Deir-ez-Zor,RETAIL,Kg
2014-08-01,1.37,Lentils,Syrian Arab Republic,Deir-ez-Zor,RETAIL,Kg
2014-09-01,1.32,Lentils,Syrian Arab Republic,Deir-ez-Zor,RETAIL,Kg
2014-10-01,1.69,Lentils,Syrian Arab Republic,Deir-ez-Zor,RETAIL,Kg
2014-11-01,1.76,Lentils,Syrian Arab Republic,Deir-ez-Zor,RETAIL,Kg
2014-12-01,1.69,Lentils,Syrian Arab Republic,Deir-ez-Zor,RETAIL,Kg
2015-01-01,1.62,Lentils,Syrian Arab Republic,Deir-ez-Zor,RETAIL,Kg
2015-02-01,1.73,Lentils,Syrian Arab Republic,Deir-ez-Zor,RETAIL,Kg
2015-03-01,3.93,Lentils,Syrian Arab Republic,Deir-ez-Zor,RETAIL,Kg
2015-04-01,4.28,Lentils,Syrian Arab Republic,Deir-ez-Zor,RETAIL,Kg
2015-05-01,3.42,Lentils,Syrian Arab Republic,Deir-ez-Zor,RETAIL,Kg
2015-06-01,3.84,Lentils,Syrian Arab Republic,Deir-ez-Zor,RETAIL,Kg
2015-07-01,5.03,Lentils,Syrian Arab Republic,Deir-ez-Zor,RETAIL,Kg
2015-08-01,31.04,Lentils,Syrian Arab Republic,Deir-ez-Zor,RETAIL,Kg
2015-09-01,30.03,Lentils,Syrian Arab Republic,Deir-ez-Zor,RETAIL,Kg
2015-10-01,27.64,Lentils,Syrian Arab Republic,Deir-ez-Zor,RETAIL,Kg
2015-11-01,24.55,Lentils,Syrian Arab Republic,Deir-ez-Zor,RETAIL,Kg
2015-12-01,23.5,Lentils,Syrian Arab Republic,Deir-ez-Zor,RETAIL,Kg
2016-01-01,12.57,Lentils,Syrian Arab Republic,Deir-ez-Zor,RETAIL,Kg
2016-02-01,11.08,Lentils,Syrian Arab Republic,Deir-ez-Zor,RETAIL,Kg
2016-03-01,10.35,Lentils,Syrian Arab Republic,Deir-ez-Zor,RETAIL,Kg
2016-04-01,9.46,Lentils,Syrian Arab Republic,Deir-ez-Zor,RETAIL,Kg
2016-05-01,7.87,Lentils,Syrian Arab Republic,Deir-ez-Zor,RETAIL,Kg
2016-06-01,2.99,Lentils,Syrian Arab Republic,Deir-ez-Zor,RETAIL,Kg
2016-07-01,4.8,Lentils,Syrian Arab Republic,Deir-ez-Zor,RETAIL,Kg
2016-08-01,1.25,Lentils,Syrian Arab Republic,Deir-ez-Zor,RETAIL,Kg
2016-09-01,1.91,Lentils,Syrian Arab Republic,Deir-ez-Zor,RETAIL,Kg
2016-10-01,2.51,Lentils,Syrian Arab Republic,Deir-ez-Zor,RETAIL,Kg
2016-11-01,3.81,Lentils,Syrian Arab Republic,Deir-ez-Zor,RETAIL,Kg
2016-12-01,6.02,Lentils,Syrian Arab Republic,Deir-ez-Zor,RETAIL,Kg
2017-01-01,6.42,Lentils,Syrian Arab Republic,Deir-ez-Zor,RETAIL,Kg
2017-02-01,4.01,Lentils,Syrian Arab Republic,Deir-ez-Zor,RETAIL,Kg
2017-03-01,2.31,Lentils,Syrian Arab Republic,Deir-ez-Zor,RETAIL,Kg
2017-04-01,2.01,Lentils,Syrian Arab Republic,Deir-ez-Zor,RETAIL,Kg
2017-05-01,0.4,Lentils,Syrian Arab Republic,Deir-ez-Zor,RETAIL,Kg
2017-06-01,0.4,Lentils,Syrian Arab Republic,Deir-ez-Zor,RETAIL,Kg
2017-07-01,0.6,Lentils,Syrian Arab Republic,Deir-ez-Zor,RETAIL,Kg
2017-08-01,0.55,Lentils,Syrian Arab Republic,Deir-ez-Zor,RETAIL,Kg
2017-09-01,0.65,Lentils,Syrian Arab Republic,Deir-ez-Zor,RETAIL,Kg
2017-10-01,0.55,Lentils,Syrian Arab Republic,Deir-ez-Zor,RETAIL,Kg
2017-11-01,0.61,Lentils,Syrian Arab Republic,Deir-ez-Zor,RETAIL,Kg
2017-12-01,0.69,Lentils,Syrian Arab Republic,Deir-ez-Zor,RETAIL,Kg
2018-01-01,0.92,Lentils,Syrian Arab Republic,Deir-ez-Zor,RETAIL,Kg
2018-02-01,0.96,Lentils,Syrian Arab Republic,Deir-ez-Zor,RETAIL,Kg
2018-03-01,0.99,Lentils,Syrian Arab Republic,Deir-ez-Zor,RETAIL,Kg
2018-04-01,0.99,Lentils,Syrian Arab Republic,Deir-ez-Zor,RETAIL,Kg
2018-05-01,1.05,Lentils,Syrian Arab Republic,Deir-ez-Zor,RETAIL,Kg
2018-06-01,1.03,Lentils,Syrian Arab Republic,Deir-ez-Zor,RETAIL,Kg
2018-07-01,0.88,Lentils,Syrian Arab Republic,Deir-ez-Zor,RETAIL,Kg
2018-08-01,0.73,Lentils,Syrian Arab Republic,Deir-ez-Zor,RETAIL,Kg
2018-09-01,0.73,Lentils,Syrian Arab Republic,Deir-ez-Zor,RETAIL,Kg
2018-10-01,0.73,Lentils,Syrian Arab Republic,Deir-ez-Zor,RETAIL,Kg
2018-11-01,0.76,Lentils,Syrian Arab Republic,Deir-ez-Zor,RETAIL,Kg
2018-12-01,0.88,Lentils,Syrian Arab Republic,Deir-ez-Zor,RETAIL,Kg
2019-01-01,0.8,Lentils,Syrian Arab Republic,Deir-ez-Zor,RETAIL,Kg
2019-02-01,0.8,Lentils,Syrian Arab Republic,Deir-ez-Zor,RETAIL,Kg
2019-03-01,0.8,Lentils,Syrian Arab Republic,Deir-ez-Zor,RETAIL,Kg
2019-04-01,0.8,Lentils,Syrian Arab Republic,Deir-ez-Zor,RETAIL,Kg
2019-05-01,0.92,Lentils,Syrian Arab Republic,Deir-ez-Zor,RETAIL,Kg
2019-06-01,0.92,Lentils,Syrian Arab Republic,Deir-ez-Zor,RETAIL,Kg
2019-07-01,0.92,Lentils,Syrian Arab Republic,Deir-ez-Zor,RETAIL,Kg
2019-08-01,0.92,Lentils,Syrian Arab Republic,Deir-ez-Zor,RETAIL,Kg
2019-09-01,0.94,Lentils,Syrian Arab Republic,Deir-ez-Zor,RETAIL,Kg
2019-10-01,0.94,Lentils,Syrian Arab Republic,Deir-ez-Zor,RETAIL,Kg
2019-11-01,1.07,Lentils,Syrian Arab Republic,Deir-ez-Zor,RETAIL,Kg
2019-12-01,1.26,Lentils,Syrian Arab Republic,Deir-ez-Zor,RETAIL,Kg
2020-01-01,2.29,Lentils,Syrian Arab Republic,Deir-ez-Zor,RETAIL,Kg
2020-02-01,1.64,Lentils,Syrian Arab Republic,Deir-ez-Zor,RETAIL,Kg
2020-03-01,1.37,Lentils,Syrian Arab Republic,Deir-ez-Zor,RETAIL,Kg
2020-04-01,0.99,Lentils,Syrian Arab Republic,Deir-ez-Zor,RETAIL,Kg
2020-05-01,1.74,Lentils,Syrian Arab Republic,Deir-ez-Zor,RETAIL,Kg
2020-06-01,1.87,Lentils,Syrian Arab Republic,Deir-ez-Zor,RETAIL,Kg
2020-07-01,1.19,Lentils,Syrian Arab Republic,Deir-ez-Zor,RETAIL,Kg
2020-08-01,1.17,Lentils,Syrian Arab Republic,Deir-ez-Zor,RETAIL,Kg
2020-09-01,1.27,Lentils,Syrian Arab Republic,Deir-ez-Zor,RETAIL,Kg
2020-10-01,1.27,Lentils,Syrian Arab Republic,Deir-ez-Zor,RETAIL,Kg
2020-11-01,1.27,Lentils,Syrian Arab Republic,Deir-ez-Zor,RETAIL,Kg
2020-12-01,1.43,Lentils,Syrian Arab Republic,Deir-ez-Zor,RETAIL,Kg
2021-01-01,1.43,Lentils,Syrian Arab Republic,Deir-ez-Zor,RETAIL,Kg
2021-02-01,1.5,Lentils,Syrian Arab Republic,Deir-ez-Zor,RETAIL,Kg
2021-03-01,2.24,Lentils,Syrian Arab Republic,Deir-ez-Zor,RETAIL,Kg
2021-04-01,2.65,Lentils,Syrian Arab Republic,Deir-ez-Zor,RETAIL,Kg
2021-05-01,2.58,Lentils,Syrian Arab Republic,Deir-ez-Zor,RETAIL,Kg
2021-06-01,2.67,Lentils,Syrian Arab Republic,Deir-ez-Zor,RETAIL,Kg
2021-07-01,2.79,Lentils,Syrian Arab Republic,Deir-ez-Zor,RETAIL,Kg
2021-08-01,2.6,Lentils,Syrian Arab Republic,Deir-ez-Zor,RETAIL,Kg
2021-09-01,2.7,Lentils,Syrian Arab Republic,Deir-ez-Zor,RETAIL,Kg
2021-10-01,3.35,Lentils,Syrian Arab Republic,Deir-ez-Zor,RETAIL,Kg
2021-11-01,3.98,Lentils,Syrian Arab Republic,Deir-ez-Zor,RETAIL,Kg
2021-12-01,3.98,Lentils,Syrian Arab Republic,Deir-ez-Zor,RETAIL,Kg
2022-01-01,2.13,Lentils,Syrian Arab Republic,Deir-ez-Zor,RETAIL,Kg
2022-02-01,2.2,Lentils,Syrian Arab Republic,Deir-ez-Zor,RETAIL,Kg
2022-03-01,2.8,Lentils,Syrian Arab Republic,Deir-ez-Zor,RETAIL,Kg
2022-04-01,3.0,Lentils,Syrian Arab Republic,Deir-ez-Zor,RETAIL,Kg
2022-05-01,2.98,Lentils,Syrian Arab Republic,Deir-ez-Zor,RETAIL,Kg
2022-06-01,2.21,Lentils,Syrian Arab Republic,Deir-ez-Zor,RETAIL,Kg
2022-07-01,1.68,Lentils,Syrian Arab Republic,Deir-ez-Zor,RETAIL,Kg
2022-08-01,2.41,Lentils,Syrian Arab Republic,Deir-ez-Zor,RETAIL,Kg
2022-09-01,2.59,Lentils,Syrian Arab Republic,Deir-ez-Zor,RETAIL,Kg
2022-10-01,2.43,Lentils,Syrian Arab Republic,Deir-ez-Zor,RETAIL,Kg
2022-11-01,3.0,Lentils,Syrian Arab Republic,Deir-ez-Zor,RETAIL,Kg
2022-12-01,3.12,Lentils,Syrian Arab Republic,Deir-ez-Zor,RETAIL,Kg
2023-01-01,2.54,Lentils,Syrian Arab Republic,Deir-ez-Zor,RETAIL,Kg
2023-02-01,2.73,Lentils,Syrian Arab Republic,Deir-ez-Zor,RETAIL,Kg
2023-03-01,2.8,Lentils,Syrian Arab Republic,Deir-ez-Zor,RETAIL,Kg
2023-04-01,2.79,Lentils,Syrian Arab Republic,Deir-ez-Zor,RETAIL,Kg
2023-05-01,,Lentils,Syrian Arab Republic,Deir-ez-Zor,RETAIL,Kg
2023-06-01,2.74,Lentils,Syrian Arab Republic,Deir-ez-Zor,RETAIL,Kg
2023-07-01,2.81,Lentils,Syrian Arab Republic,Deir-ez-Zor,RETAIL,Kg
2023-08-01,1.17,Lentils,Syrian Arab Republic,Deir-ez-Zor,RETAIL,Kg
2023-09-01,1.86,Lentils,Syrian Arab Republic,Deir-ez-Zor,RETAIL,Kg
2023-10-01,1.62,Lentils,Syrian Arab Republic,Deir-ez-Zor,RETAIL,Kg
2023-11-01,1.43,Lentils,Syrian Arab Republic,Deir-ez-Zor,RETAIL,Kg
2023-12-01,1.54,Lentils,Syrian Arab Republic,Deir-ez-Zor,RETAIL,Kg
2024-01-01,1.68,Lentils,Syrian Arab Republic,Deir-ez-Zor,RETAIL,Kg
2024-02-01,1.81,Lentils,Syrian Arab Republic,Deir-ez-Zor,RETAIL,Kg
2024-03-01,1.74,Lentils,Syrian Arab Republic,Deir-ez-Zor,RETAIL,Kg
2024-04-01,5.78,Lentils,Syrian Arab Republic,Deir-ez-Zor,RETAIL,Kg
2024-05-01,2.02,Lentils,Syrian Arab Republic,Deir-ez-Zor,RETAIL,Kg
2024-06-01,1.96,Lentils,Syrian Arab Republic,Deir-ez-Zor,RETAIL,Kg
2024-07-01,1.98,Lentils,Syrian Arab Republic,Deir-ez-Zor,RETAIL,Kg
2024-08-01,1.99,Lentils,Syrian Arab Republic,Deir-ez-Zor,RETAIL,Kg
2024-09-01,1.01,Lentils,Syrian Arab Republic,Deir-ez-Zor,RETAIL,Kg
2024-10-01,1.12,Lentils,Syrian Arab Republic,Deir-ez-Zor,RETAIL,Kg
2024-11-01,1.15,Lentils,Syrian Arab Republic,Deir-ez-Zor,RETAIL,Kg
2024-12-01,14772.73,Lentils,Syrian Arab Republic,Deir-ez-Zor,RETAIL,Kg
2025-01-01,12846.16,Lentils,Syrian Arab Republic,Deir-ez-Zor,RETAIL,Kg
2025-02-01,10333.33,Lentils,Syrian Arab Republic,Deir-ez-Zor,RETAIL,Kg
2025-03-01,9752.69,Lentils,Syrian Arab Republic,Deir-ez-Zor,RETAIL,Kg
2025-04-01,10166.67,Lentils,Syrian Arab Republic,Deir-ez-Zor,RETAIL,Kg
2025-05-01,10000.0,Lentils,Syrian Arab Republic,Deir-ez-Zor,RETAIL,Kg
2025-06-01,8805.55,Lentils,Syrian Arab Republic,Deir-ez-Zor,RETAIL,Kg
2025-07-01,8333.33,Lentils,Syrian Arab Republic,Deir-ez-Zor,RETAIL,Kg
2025-08-01,8634.41,Lentils,Syrian Arab Republic,Deir-ez-Zor,RETAIL,Kg
2025-09-01,9333.33,Lentils,Syrian Arab Republic,Deir-ez-Zor,RETAIL,Kg
2025-10-01,9333.33,Lentils,Syrian Arab Republic,Deir-ez-Zor,RETAIL,Kg
2019-08-01,0.84,Lentils,Syrian Arab Republic,Duma,RETAIL,Kg
2019-09-01,0.84,Lentils,Syrian Arab Republic,Duma,RETAIL,Kg
2019-10-01,0.84,Lentils,Syrian Arab Republic,Duma,RETAIL,Kg
2019-11-01,0.89,Lentils,Syrian Arab Republic,Duma,RETAIL,Kg
2019-12-01,0.94,Lentils,Syrian Arab Republic,Duma,RETAIL,Kg
2020-01-01,1.24,Lentils,Syrian Arab Republic,Duma,RETAIL,Kg
2020-02-01,1.34,Lentils,Syrian Arab Republic,Duma,RETAIL,Kg
2020-03-01,1.53,Lentils,Syrian Arab Republic,Duma,RETAIL,Kg
2020-04-01,2.08,Lentils,Syrian Arab Republic,Duma,RETAIL,Kg
2020-05-01,2.17,Lentils,Syrian Arab Republic,Duma,RETAIL,Kg
2020-06-01,1.34,Lentils,Syrian Arab Republic,Duma,RETAIL,Kg
2020-07-01,0.94,Lentils,Syrian Arab Republic,Duma,RETAIL,Kg
2020-08-01,0.98,Lentils,Syrian Arab Republic,Duma,RETAIL,Kg
2020-09-01,0.98,Lentils,Syrian Arab Republic,Duma,RETAIL,Kg
2020-10-01,1.0,Lentils,Syrian Arab Republic,Duma,RETAIL,Kg
2020-11-01,1.05,Lentils,Syrian Arab Republic,Duma,RETAIL,Kg
2020-12-01,1.26,Lentils,Syrian Arab Republic,Duma,RETAIL,Kg
2021-01-01,1.65,Lentils,Syrian Arab Republic,Duma,RETAIL,Kg
2021-02-01,1.45,Lentils,Syrian Arab Republic,Duma,RETAIL,Kg
2021-03-01,1.83,Lentils,Syrian Arab Republic,Duma,RETAIL,Kg
2021-04-01,2.02,Lentils,Syrian Arab Republic,Duma,RETAIL,Kg
2021-05-01,2.15,Lentils,Syrian Arab Republic,Duma,RETAIL,Kg
2021-06-01,2.33,Lentils,Syrian Arab Republic,Duma,RETAIL,Kg
2021-07-01,2.28,Lentils,Syrian Arab Republic,Duma,RETAIL,Kg
2021-08-01,2.73,Lentils,Syrian Arab Republic,Duma,RETAIL,Kg
2021-09-01,2.1,Lentils,Syrian Arab Republic,Duma,RETAIL,Kg
2021-10-01,2.47,Lentils,Syrian Arab Republic,Duma,RETAIL,Kg
2021-11-01,3.52,Lentils,Syrian Arab Republic,Duma,RETAIL,Kg
2021-12-01,3.63,Lentils,Syrian Arab Republic,Duma,RETAIL,Kg
2022-01-01,1.87,Lentils,Syrian Arab Republic,Duma,RETAIL,Kg
2022-02-01,1.92,Lentils,Syrian Arab Republic,Duma,RETAIL,Kg
2022-03-01,2.36,Lentils,Syrian Arab Republic,Duma,RETAIL,Kg
2022-04-01,2.95,Lentils,Syrian Arab Republic,Duma,RETAIL,Kg
2022-05-01,2.87,Lentils,Syrian Arab Republic,Duma,RETAIL,Kg
2022-06-01,2.82,Lentils,Syrian Arab Republic,Duma,RETAIL,Kg
2022-07-01,2.76,Lentils,Syrian Arab Republic,Duma,RETAIL,Kg
2022-08-01,2.8,Lentils,Syrian Arab Republic,Duma,RETAIL,Kg
2022-09-01,2.88,Lentils,Syrian Arab Republic,Duma,RETAIL,Kg
2022-10-01,3.36,Lentils,Syrian Arab Republic,Duma,RETAIL,Kg
2022-11-01,3.76,Lentils,Syrian Arab Republic,Duma,RETAIL,Kg
2022-12-01,3.76,Lentils,Syrian Arab Republic,Duma,RETAIL,Kg
2023-01-01,3.25,Lentils,Syrian Arab Republic,Duma,RETAIL,Kg
2023-02-01,3.59,Lentils,Syrian Arab Republic,Duma,RETAIL,Kg
2023-03-01,3.88,Lentils,Syrian Arab Republic,Duma,RETAIL,Kg
2023-04-01,3.79,Lentils,Syrian Arab Republic,Duma,RETAIL,Kg
2023-05-01,,Lentils,Syrian Arab Republic,Duma,RETAIL,Kg
2023-06-01,3.86,Lentils,Syrian Arab Republic,Duma,RETAIL,Kg
2023-07-01,4.21,Lentils,Syrian Arab Republic,Duma,RETAIL,Kg
2023-08-01,2.17,Lentils,Syrian Arab Republic,Duma,RETAIL,Kg
2023-09-01,1.86,Lentils,Syrian Arab Republic,Duma,RETAIL,Kg
2023-10-01,1.99,Lentils,Syrian Arab Republic,Duma,RETAIL,Kg
2023-11-01,2.01,Lentils,Syrian Arab Republic,Duma,RETAIL,Kg
2023-12-01,1.8,Lentils,Syrian Arab Republic,Duma,RETAIL,Kg
2024-01-01,1.88,Lentils,Syrian Arab Republic,Duma,RETAIL,Kg
2024-02-01,1.97,Lentils,Syrian Arab Republic,Duma,RETAIL,Kg
2024-03-01,1.96,Lentils,Syrian Arab Republic,Duma,RETAIL,Kg
2024-04-01,5.76,Lentils,Syrian Arab Republic,Duma,RETAIL,Kg
2024-05-01,1.99,Lentils,Syrian Arab Republic,Duma,RETAIL,Kg
2024-06-01,1.94,Lentils,Syrian Arab Republic,Duma,RETAIL,Kg
2024-07-01,1.83,Lentils,Syrian Arab Republic,Duma,RETAIL,Kg
2024-08-01,1.86,Lentils,Syrian Arab Republic,Duma,RETAIL,Kg
2024-09-01,1.63,Lentils,Syrian Arab Republic,Duma,RETAIL,Kg
2024-10-01,1.56,Lentils,Syrian Arab Republic,Duma,RETAIL,Kg
2024-11-01,1.51,Lentils,Syrian Arab Republic,Duma,RETAIL,Kg
2024-12-01,19822.22,Lentils,Syrian Arab Republic,Duma,RETAIL,Kg
2025-01-01,13916.67,Lentils,Syrian Arab Republic,Duma,RETAIL,Kg
2025-02-01,13333.33,Lentils,Syrian Arab Republic,Duma,RETAIL,Kg
2025-03-01,11467.74,Lentils,Syrian Arab Republic,Duma,RETAIL,Kg
2025-04-01,10911.11,Lentils,Syrian Arab Republic,Duma,RETAIL,Kg
2025-05-01,12000.0,Lentils,Syrian Arab Republic,Duma,RETAIL,Kg
2025-06-01,10344.44,Lentils,Syrian Arab Republic,Duma,RETAIL,Kg
2025-07-01,10666.67,Lentils,Syrian Arab Republic,Duma,RETAIL,Kg
2025-08-01,10580.65,Lentils,Syrian Arab Republic,Duma,RETAIL,Kg
2025-09-01,11766.66,Lentils,Syrian Arab Republic,Duma,RETAIL,Kg
2025-10-01,12000.0,Lentils,Syrian Arab Republic,Duma,RETAIL,Kg
2013-05-01,1.06,Lentils,Syrian Arab Republic,National Average,RETAIL,Kg
2013-06-01,1.13,Lentils,Syrian Arab Republic,National Average,RETAIL,Kg
2013-07-01,1.84,Lentils,Syrian Arab Republic,National Average,RETAIL,Kg
2013-08-01,1.96,Lentils,Syrian Arab Republic,National Average,RETAIL,Kg
2013-09-01,1.76,Lentils,Syrian Arab Republic,National Average,RETAIL,Kg
2013-10-01,1.74,Lentils,Syrian Arab Republic,National Average,RETAIL,Kg
2013-11-01,1.55,Lentils,Syrian Arab Republic,National Average,RETAIL,Kg
2013-12-01,1.51,Lentils,Syrian Arab Republic,National Average,RETAIL,Kg
2014-01-01,1.25,Lentils,Syrian Arab Republic,National Average,RETAIL,Kg
2014-02-01,1.27,Lentils,Syrian Arab Republic,National Average,RETAIL,Kg
2014-03-01,1.24,Lentils,Syrian Arab Republic,National Average,RETAIL,Kg
2014-04-01,1.23,Lentils,Syrian Arab Republic,National Average,RETAIL,Kg
2014-05-01,1.14,Lentils,Syrian Arab Republic,National Average,RETAIL,Kg
2014-06-01,1.15,Lentils,Syrian Arab Republic,National Average,RETAIL,Kg
2014-07-01,1.15,Lentils,Syrian Arab Republic,National Average,RETAIL,Kg
2014-08-01,1.18,Lentils,Syrian Arab Republic,National Average,RETAIL,Kg
2014-09-01,1.13,Lentils,Syrian Arab Republic,National Average,RETAIL,Kg
2014-10-01,1.21,Lentils,Syrian Arab Republic,National Average,RETAIL,Kg
2014-11-01,1.36,Lentils,Syrian Arab Republic,National Average,RETAIL,Kg
2014-12-01,1.37,Lentils,Syrian Arab Republic,National Average,RETAIL,Kg
2015-01-01,1.34,Lentils,Syrian Arab Republic,National Average,RETAIL,Kg
2015-02-01,1.3,Lentils,Syrian Arab Republic,National Average,RETAIL,Kg
2015-03-01,1.42,Lentils,Syrian Arab Republic,National Average,RETAIL,Kg
2015-04-01,1.45,Lentils,Syrian Arab Republic,National Average,RETAIL,Kg
2015-05-01,1.46,Lentils,Syrian Arab Republic,National Average,RETAIL,Kg
2015-06-01,1.45,Lentils,Syrian Arab Republic,National Average,RETAIL,Kg
2015-07-01,1.54,Lentils,Syrian Arab Republic,National Average,RETAIL,Kg
2015-08-01,2.69,Lentils,Syrian Arab Republic,National Average,RETAIL,Kg
2015-09-01,2.57,Lentils,Syrian Arab Republic,National Average,RETAIL,Kg
2015-10-01,2.52,Lentils,Syrian Arab Republic,National Average,RETAIL,Kg
2015-11-01,2.28,Lentils,Syrian Arab Republic,National Average,RETAIL,Kg
2015-12-01,2.27,Lentils,Syrian Arab Republic,National Average,RETAIL,Kg
2016-01-01,1.82,Lentils,Syrian Arab Republic,National Average,RETAIL,Kg
2016-02-01,1.68,Lentils,Syrian Arab Republic,National Average,RETAIL,Kg
2016-03-01,1.51,Lentils,Syrian Arab Republic,National Average,RETAIL,Kg
2016-04-01,1.37,Lentils,Syrian Arab Republic,National Average,RETAIL,Kg
2016-05-01,1.28,Lentils,Syrian Arab Republic,National Average,RETAIL,Kg
2016-06-01,1.36,Lentils,Syrian Arab Republic,National Average,RETAIL,Kg
2016-07-01,1.43,Lentils,Syrian Arab Republic,National Average,RETAIL,Kg
2016-08-01,1.21,Lentils,Syrian Arab Republic,National Average,RETAIL,Kg
2016-09-01,1.22,Lentils,Syrian Arab Republic,National Average,RETAIL,Kg
2016-10-01,1.25,Lentils,Syrian Arab Republic,National Average,RETAIL,Kg
2016-11-01,1.35,Lentils,Syrian Arab Republic,National Average,RETAIL,Kg
2016-12-01,1.44,Lentils,Syrian Arab Republic,National Average,RETAIL,Kg
2017-01-01,1.38,Lentils,Syrian Arab Republic,National Average,RETAIL,Kg
2017-02-01,1.31,Lentils,Syrian Arab Republic,National Average,RETAIL,Kg
2017-03-01,1.27,Lentils,Syrian Arab Republic,National Average,RETAIL,Kg
2017-04-01,1.29,Lentils,Syrian Arab Republic,National Average,RETAIL,Kg
2017-05-01,1.2,Lentils,Syrian Arab Republic,National Average,RETAIL,Kg
2017-06-01,1.21,Lentils,Syrian Arab Republic,National Average,RETAIL,Kg
2017-07-01,1.19,Lentils,Syrian Arab Republic,National Average,RETAIL,Kg
2017-08-01,1.16,Lentils,Syrian Arab Republic,National Average,RETAIL,Kg
2017-09-01,1.16,Lentils,Syrian Arab Republic,National Average,RETAIL,Kg
2017-10-01,1.14,Lentils,Syrian Arab Republic,National Average,RETAIL,Kg
2017-11-01,1.17,Lentils,Syrian Arab Republic,National Average,RETAIL,Kg
2017-12-01,1.24,Lentils,Syrian Arab Republic,National Average,RETAIL,Kg
2018-01-01,1.08,Lentils,Syrian Arab Republic,National Average,RETAIL,Kg
2018-02-01,1.05,Lentils,Syrian Arab Republic,National Average,RETAIL,Kg
2018-03-01,1.02,Lentils,Syrian Arab Republic,National Average,RETAIL,Kg
2018-04-01,0.87,Lentils,Syrian Arab Republic,National Average,RETAIL,Kg
2018-05-01,0.85,Lentils,Syrian Arab Republic,National Average,RETAIL,Kg
2018-06-01,0.85,Lentils,Syrian Arab Republic,National Average,RETAIL,Kg
2018-07-01,0.89,Lentils,Syrian Arab Republic,National Average,RETAIL,Kg
2018-08-01,0.91,Lentils,Syrian Arab Republic,National Average,RETAIL,Kg
2018-09-01,0.88,Lentils,Syrian Arab Republic,National Average,RETAIL,Kg
2018-10-01,0.9,Lentils,Syrian Arab Republic,National Average,RETAIL,Kg
2018-11-01,0.86,Lentils,Syrian Arab Republic,National Average,RETAIL,Kg
2018-12-01,0.85,Lentils,Syrian Arab Republic,National Average,RETAIL,Kg
2019-01-01,0.87,Lentils,Syrian Arab Republic,National Average,RETAIL,Kg
2019-02-01,0.9,Lentils,Syrian Arab Republic,National Average,RETAIL,Kg
2019-03-01,0.87,Lentils,Syrian Arab Republic,National Average,RETAIL,Kg
2019-04-01,0.88,Lentils,Syrian Arab Republic,National Average,RETAIL,Kg
2019-05-01,0.89,Lentils,Syrian Arab Republic,National Average,RETAIL,Kg
2019-06-01,0.9,Lentils,Syrian Arab Republic,National Average,RETAIL,Kg
2019-07-01,0.85,Lentils,Syrian Arab Republic,National Average,RETAIL,Kg
2019-08-01,0.83,Lentils,Syrian Arab Republic,National Average,RETAIL,Kg
2019-09-01,0.85,Lentils,Syrian Arab Republic,National Average,RETAIL,Kg
2019-10-01,0.87,Lentils,Syrian Arab Republic,National Average,RETAIL,Kg
2019-11-01,0.95,Lentils,Syrian Arab Republic,National Average,RETAIL,Kg
2019-12-01,1.08,Lentils,Syrian Arab Republic,National Average,RETAIL,Kg
2020-01-01,1.2,Lentils,Syrian Arab Republic,National Average,RETAIL,Kg
2020-02-01,1.27,Lentils,Syrian Arab Republic,National Average,RETAIL,Kg
2020-03-01,1.37,Lentils,Syrian Arab Republic,National Average,RETAIL,Kg
2020-04-01,2.06,Lentils,Syrian Arab Republic,National Average,RETAIL,Kg
2020-05-01,2.32,Lentils,Syrian Arab Republic,National Average,RETAIL,Kg
2020-06-01,1.55,Lentils,Syrian Arab Republic,National Average,RETAIL,Kg
2020-07-01,1.06,Lentils,Syrian Arab Republic,National Average,RETAIL,Kg
2020-08-01,1.07,Lentils,Syrian Arab Republic,National Average,RETAIL,Kg
2020-09-01,1.09,Lentils,Syrian Arab Republic,National Average,RETAIL,Kg
2020-10-01,1.13,Lentils,Syrian Arab Republic,National Average,RETAIL,Kg
2020-11-01,1.24,Lentils,Syrian Arab Republic,National Average,RETAIL,Kg
2020-12-01,1.44,Lentils,Syrian Arab Republic,National Average,RETAIL,Kg
2021-01-01,1.58,Lentils,Syrian Arab Republic,National Average,RETAIL,Kg
2021-02-01,1.61,Lentils,Syrian Arab Republic,National Average,RETAIL,Kg
2021-03-01,2.09,Lentils,Syrian Arab Republic,National Average,RETAIL,Kg
2021-04-01,2.27,Lentils,Syrian Arab Republic,National Average,RETAIL,Kg
2021-05-01,2.2,Lentils,Syrian Arab Republic,National Average,RETAIL,Kg
2021-06-01,2.15,Lentils,Syrian Arab Republic,National Average,RETAIL,Kg
2021-07-01,2.14,Lentils,Syrian Arab Republic,National Average,RETAIL,Kg
2021-08-01,2.23,Lentils,Syrian Arab Republic,National Average,RETAIL,Kg
2021-09-01,2.44,Lentils,Syrian Arab Republic,National Average,RETAIL,Kg
2021-10-01,2.75,Lentils,Syrian Arab Republic,National Average,RETAIL,Kg
2021-11-01,3.1,Lentils,Syrian Arab Republic,National Average,RETAIL,Kg
2021-12-01,3.41,Lentils,Syrian Arab Republic,National Average,RETAIL,Kg
2022-01-01,1.8,Lentils,Syrian Arab Republic,National Average,RETAIL,Kg
2022-02-01,1.85,Lentils,Syrian Arab Republic,National Average,RETAIL,Kg
2022-03-01,2.21,Lentils,Syrian Arab Republic,National Average,RETAIL,Kg
2022-04-01,2.53,Lentils,Syrian Arab Republic,National Average,RETAIL,Kg
2022-05-01,2.52,Lentils,Syrian Arab Republic,National Average,RETAIL,Kg
2022-06-01,2.47,Lentils,Syrian Arab Republic,National Average,RETAIL,Kg
2022-07-01,2.49,Lentils,Syrian Arab Republic,National Average,RETAIL,Kg
2022-08-01,2.51,Lentils,Syrian Arab Republic,National Average,RETAIL,Kg
2022-09-01,2.59,Lentils,Syrian Arab Republic,National Average,RETAIL,Kg
2022-10-01,2.9,Lentils,Syrian Arab Republic,National Average,RETAIL,Kg
2022-11-01,3.21,Lentils,Syrian Arab Republic,National Average,RETAIL,Kg
2022-12-01,3.38,Lentils,Syrian Arab Republic,National Average,RETAIL,Kg
2023-01-01,2.9,Lentils,Syrian Arab Republic,National Average,RETAIL,Kg
2023-02-01,3.23,Lentils,Syrian Arab Republic,National Average,RETAIL,Kg
2023-03-01,3.4,Lentils,Syrian Arab Republic,National Average,RETAIL,Kg
2023-04-01,3.42,Lentils,Syrian Arab Republic,National Average,RETAIL,Kg
2023-05-01,,Lentils,Syrian Arab Republic,National Average,RETAIL,Kg
2023-06-01,3.52,Lentils,Syrian Arab Republic,National Average,RETAIL,Kg
2023-07-01,3.84,Lentils,Syrian Arab Republic,National Average,RETAIL,Kg
2023-08-01,1.77,Lentils,Syrian Arab Republic,National Average,RETAIL,Kg
2023-09-01,2.11,Lentils,Syrian Arab Republic,National Average,RETAIL,Kg
2023-10-01,1.65,Lentils,Syrian Arab Republic,National Average,RETAIL,Kg
2023-11-01,1.69,Lentils,Syrian Arab Republic,National Average,RETAIL,Kg
2023-12-01,1.57,Lentils,Syrian Arab Republic,National Average,RETAIL,Kg
2024-01-01,1.63,Lentils,Syrian Arab Republic,National Average,RETAIL,Kg
2024-02-01,1.73,Lentils,Syrian Arab Republic,National Average,RETAIL,Kg
2024-03-01,1.7,Lentils,Syrian Arab Republic,National Average,RETAIL,Kg
2024-04-01,4.86,Lentils,Syrian Arab Republic,National Average,RETAIL,Kg
2024-05-01,1.69,Lentils,Syrian Arab Republic,National Average,RETAIL,Kg
2024-06-01,1.65,Lentils,Syrian Arab Republic,National Average,RETAIL,Kg
2024-07-01,1.63,Lentils,Syrian Arab Republic,National Average,RETAIL,Kg
2024-08-01,1.61,Lentils,Syrian Arab Republic,National Average,RETAIL,Kg
2024-09-01,1.54,Lentils,Syrian Arab Republic,National Average,RETAIL,Kg
2024-10-01,1.53,Lentils,Syrian Arab Republic,National Average,RETAIL,Kg
2024-11-01,1.51,Lentils,Syrian Arab Republic,National Average,RETAIL,Kg
2024-12-01,19878.02,Lentils,Syrian Arab Republic,National Average,RETAIL,Kg
2025-01-01,15044.5,Lentils,Syrian Arab Republic,National Average,RETAIL,Kg
2025-02-01,14158.11,Lentils,Syrian Arab Republic,National Average,RETAIL,Kg
2025-03-01,11588.38,Lentils,Syrian Arab Republic,National Average,RETAIL,Kg
2025-04-01,11466.5,Lentils,Syrian Arab Republic,National Average,RETAIL,Kg
2025-05-01,11784.51,Lentils,Syrian Arab Republic,National Average,RETAIL,Kg
2025-06-01,10801.91,Lentils,Syrian Arab Republic,National Average,RETAIL,Kg
2025-07-01,10869.47,Lentils,Syrian Arab Republic,National Average,RETAIL,Kg
2025-08-01,11296.48,Lentils,Syrian Arab Republic,National Average,RETAIL,Kg
2025-09-01,11995.54,Lentils,Syrian Arab Republic,National Average,RETAIL,Kg
2025-10-01,12398.9,Lentils,Syrian Arab Republic,National Average,RETAIL,Kg
