commodity_name,country,market,price_type,date,price_usd,unit,uuid
Milk,Tunisia,Tunis,RETAIL,1994-01-01,0.5,Liter,ea0604c0-f78e-4fdb-9abd-6acb924220ce
Milk,Tunisia,Tunis,RETAIL,1994-02-01,0.5,Liter,ea0604c0-f78e-4fdb-9abd-6acb924220ce
Milk,Tunisia,Tunis,RETAIL,1994-03-01,0.5,Liter,ea0604c0-f78e-4fdb-9abd-6acb924220ce
Milk,Tunisia,Tunis,RETAIL,1994-04-01,0.5,Liter,ea0604c0-f78e-4fdb-9abd-6acb924220ce
Milk,Tunisia,Tunis,RETAIL,1994-05-01,0.5,Liter,ea0604c0-f78e-4fdb-9abd-6acb924220ce
Milk,Tunisia,Tunis,RETAIL,1994-06-01,0.5,Liter,ea0604c0-f78e-4fdb-9abd-6acb924220ce
Milk,Tunisia,Tunis,RETAIL,1994-07-01,0.5,Liter,ea0604c0-f78e-4fdb-9abd-6acb924220ce
Milk,Tunisia,Tunis,RETAIL,1994-08-01,0.5,Liter,ea0604c0-f78e-4fdb-9abd-6acb924220ce
Milk,Tunisia,Tunis,RETAIL,1994-09-01,0.5,Liter,ea0604c0-f78e-4fdb-9abd-6acb924220ce
Milk,Tunisia,Tunis,RETAIL,1994-10-01,0.52,Liter,ea0604c0-f78e-4fdb-9abd-6acb924220ce
Milk,Tunisia,Tunis,RETAIL,1994-11-01,0.52,Liter,ea0604c0-f78e-4fdb-9abd-6acb924220ce
Milk,Tunisia,Tunis,RETAIL,1994-12-01,0.52,Liter,ea0604c0-f78e-4fdb-9abd-6acb924220ce
Milk,Tunisia,Tunis,RETAIL,1995-01-01,0.52,Liter,ea0604c0-f78e-4fdb-9abd-6acb924220ce
Milk,Tunisia,Tunis,RETAIL,1995-02-01,0.52,Liter,ea0604c0-f78e-4fdb-9abd-6acb924220ce
Milk,Tunisia,Tunis,RETAIL,1995-03-01,0.52,Liter,ea0604c0-f78e-4fdb-9abd-6acb924220ce
Milk,Tunisia,Tunis,RETAIL,1995-04-01,0.54,Liter,ea0604c0-f78e-4fdb-9abd-6acb924220ce
Milk,Tunisia,Tunis,RETAIL,1995-05-01,0.54,Liter,ea0604c0-f78e-4fdb-9abd-6acb924220ce
Milk,Tunisia,Tunis,RETAIL,1995-06-01,0.54,Liter,ea0604c0-f78e-4fdb-9abd-6acb924220ce
Milk,Tunisia,Tunis,RETAIL,1995-07-01,0.54,Liter,ea0604c0-f78e-4fdb-9abd-6acb924220ce
Milk,Tunisia,Tunis,RETAIL,1995-08-01,0.54,Liter,ea0604c0-f78e-4fdb-9abd-6acb924220ce
Milk,Tunisia,Tunis,RETAIL,1995-09-01,0.54,Liter,ea0604c0-f78e-4fdb-9abd-6acb924220ce
Milk,Tunisia,Tunis,RETAIL,1995-10-01,0.55,Liter,ea0604c0-f78e-4fdb-9abd-6acb924220ce
Milk,Tunisia,Tunis,RETAIL,1995-11-01,0.55,Liter,ea0604c0-f78e-4fdb-9abd-6acb924220ce
Milk,Tunisia,Tunis,RETAIL,1995-12-01,0.52,Liter,ea0604c0-f78e-4fdb-9abd-6acb924220ce
Milk,Tunisia,Tunis,RETAIL,1996-01-01,0.52,Liter,ea0604c0-f78e-4fdb-9abd-6acb924220ce
Milk,Tunisia,Tunis,RETAIL,1996-02-01,0.52,Liter,ea0604c0-f78e-4fdb-9abd-6acb924220ce
Milk,Tunisia,Tunis,RETAIL,1996-03-01,0.52,Liter,ea0604c0-f78e-4fdb-9abd-6acb924220ce
Milk,Tunisia,Tunis,RETAIL,1996-04-01,0.52,Liter,ea0604c0-f78e-4fdb-9abd-6acb924220ce
Milk,Tunisia,Tunis,RETAIL,1996-05-01,0.56,Liter,ea0604c0-f78e-4fdb-9abd-6acb924220ce
Milk,Tunisia,Tunis,RETAIL,1996-06-01,0.56,Liter,ea0604c0-f78e-4fdb-9abd-6acb924220ce
Milk,Tunisia,Tunis,RETAIL,1996-07-01,0.56,Liter,ea0604c0-f78e-4fdb-9abd-6acb924220ce
Milk,Tunisia,Tunis,RETAIL,1996-08-01,0.56,Liter,ea0604c0-f78e-4fdb-9abd-6acb924220ce
Milk,Tunisia,Tunis,RETAIL,1996-09-01,0.56,Liter,ea0604c0-f78e-4fdb-9abd-6acb924220ce
Milk,Tunisia,Tunis,RETAIL,1996-10-01,0.56,Liter,ea0604c0-f78e-4fdb-9abd-6acb924220ce
Milk,Tunisia,Tunis,RETAIL,1996-11-01,0.56,Liter,ea0604c0-f78e-4fdb-9abd-6acb924220ce
Milk,Tunisia,Tunis,RETAIL,1996-12-01,0.56,Liter,ea0604c0-f78e-4fdb-9abd-6acb924220ce
Milk,Tunisia,Tunis,RETAIL,1997-01-01,0.6,Liter,ea0604c0-f78e-4fdb-9abd-6acb924220ce
Milk,Tunisia,Tunis,RETAIL,1997-02-01,0.6,Liter,ea0604c0-f78e-4fdb-9abd-6acb924220ce
Milk,Tunisia,Tunis,RETAIL,1997-03-01,0.6,Liter,ea0604c0-f78e-4fdb-9abd-6acb924220ce
Milk,Tunisia,Tunis,RETAIL,1997-04-01,0.6,Liter,ea0604c0-f78e-4fdb-9abd-6acb924220ce
Milk,Tunisia,Tunis,RETAIL,1997-05-01,0.6,Liter,ea0604c0-f78e-4fdb-9abd-6acb924220ce
Milk,Tunisia,Tunis,RETAIL,1997-06-01,0.6,Liter,ea0604c0-f78e-4fdb-9abd-6acb924220ce
Milk,Tunisia,Tunis,RETAIL,1997-07-01,0.6,Liter,ea0604c0-f78e-4fdb-9abd-6acb924220ce
Milk,Tunisia,Tunis,RETAIL,1997-08-01,0.6,Liter,ea0604c0-f78e-4fdb-9abd-6acb924220ce
Milk,Tunisia,Tunis,RETAIL,1997-09-01,0.6,Liter,ea0604c0-f78e-4fdb-9abd-6acb924220ce
Milk,Tunisia,Tunis,RETAIL,1997-10-01,0.6,Liter,ea0604c0-f78e-4fdb-9abd-6acb924220ce
Milk,Tunisia,Tunis,RETAIL,1997-11-01,0.6,Liter,ea0604c0-f78e-4fdb-9abd-6acb924220ce
Milk,Tunisia,Tunis,RETAIL,1997-12-01,0.6,Liter,ea0604c0-f78e-4fdb-9abd-6acb924220ce
Milk,Tunisia,Tunis,RETAIL,1998-01-01,0.64,Liter,ea0604c0-f78e-4fdb-9abd-6acb924220ce
Milk,Tunisia,Tunis,RETAIL,1998-02-01,0.64,Liter,ea0604c0-f78e-4fdb-9abd-6acb924220ce
Milk,Tunisia,Tunis,RETAIL,1998-03-01,0.64,Liter,ea0604c0-f78e-4fdb-9abd-6acb924220ce
Milk,Tunisia,Tunis,RETAIL,1998-04-01,0.64,Liter,ea0604c0-f78e-4fdb-9abd-6acb924220ce
Milk,Tunisia,Tunis,RETAIL,1998-05-01,0.64,Liter,ea0604c0-f78e-4fdb-9abd-6acb924220ce
Milk,Tunisia,Tunis,RETAIL,1998-06-01,0.64,Liter,ea0604c0-f78e-4fdb-9abd-6acb924220ce
Milk,Tunisia,Tunis,RETAIL,1998-07-01,0.64,Liter,ea0604c0-f78e-4fdb-9abd-6acb924220ce
Milk,Tunisia,Tunis,RETAIL,1998-08-01,0.64,Liter,ea0604c0-f78e-4fdb-9abd-6acb924220ce
Milk,Tunisia,Tunis,RETAIL,1998-09-01,0.64,Liter,ea0604c0-f78e-4fdb-9abd-6acb924220ce
Milk,Tunisia,Tunis,RETAIL,1998-10-01,0.64,Liter,ea0604c0-f78e-4fdb-9abd-6acb924220ce
Milk,Tunisia,Tunis,RETAIL,1998-11-01,0.64,Liter,ea0604c0-f78e-4fdb-9abd-6acb924220ce
Milk,Tunisia,Tunis,RETAIL,1998-12-01,0.64,Liter,ea0604c0-f78e-4fdb-9abd-6acb924220ce
Milk,Tunisia,Tunis,RETAIL,1999-01-01,0.64,Liter,ea0604c0-f78e-4fdb-9abd-6acb924220ce
Milk,Tunisia,Tunis,RETAIL,1999-02-01,0.64,Liter,ea0604c0-f78e-4fdb-9abd-6acb924220ce
Milk,Tunisia,Tunis,RETAIL,1999-03-01,0.64,Liter,ea0604c0-f78e-4fdb-9abd-6acb924220ce
Milk,Tunisia,Tunis,RETAIL,1999-04-01,0.64,Liter,ea0604c0-f78e-4fdb-9abd-6acb924220ce
Milk,Tunisia,Tunis,RETAIL,1999-05-01,0.64,Liter,ea0604c0-f78e-4fdb-9abd-6acb924220ce
Milk,Tunisia,Tunis,RETAIL,1999-06-01,0.64,Liter,ea0604c0-f78e-4fdb-9abd-6acb924220ce
Milk,Tunisia,Tunis,RETAIL,1999-07-01,0.64,Liter,ea0604c0-f78e-4fdb-9abd-6acb924220ce
Milk,Tunisia,Tunis,RETAIL,1999-08-01,0.64,Liter,ea0604c0-f78e-4fdb-9abd-6acb924220ce
Milk,Tunisia,Tunis,RETAIL,1999-09-01,0.64,Liter,ea0604c0-f78e-4fdb-9abd-6acb924220ce
Milk,Tunisia,Tunis,RETAIL,1999-10-01,0.64,Liter,ea0604c0-f78e-4fdb-9abd-6acb924220ce
Milk,Tunisia,Tunis,RETAIL,1999-11-01,0.64,Liter,ea0604c0-f78e-4fdb-9abd-6acb924220ce
Milk,Tunisia,Tunis,RETAIL,1999-12-01,0.64,Liter,ea0604c0-f78e-4fdb-9abd-6acb924220ce
Milk,Tunisia,Tunis,RETAIL,2000-01-01,0.51,Liter,ea0604c0-f78e-4fdb-9abd-6acb924220ce
Milk,Tunisia,Tunis,RETAIL,2000-02-01,0.5,Liter,ea0604c0-f78e-4fdb-9abd-6acb924220ce
Milk,Tunisia,Tunis,RETAIL,2000-03-01,0.49,Liter,ea0604c0-f78e-4fdb-9abd-6acb924220ce
Milk,Tunisia,Tunis,RETAIL,2000-04-01,0.48,Liter,ea0604c0-f78e-4fdb-9abd-6acb924220ce
Milk,Tunisia,Tunis,RETAIL,2000-05-01,0.46,Liter,ea0604c0-f78e-4fdb-9abd-6acb924220ce
Milk,Tunisia,Tunis,RETAIL,2000-06-01,0.48,Liter,ea0604c0-f78e-4fdb-9abd-6acb924220ce
Milk,Tunisia,Tunis,RETAIL,2000-07-01,0.47,Liter,ea0604c0-f78e-4fdb-9abd-6acb924220ce
Milk,Tunisia,Tunis,RETAIL,2000-08-01,0.46,Liter,ea0604c0-f78e-4fdb-9abd-6acb924220ce
Milk,Tunisia,Tunis,RETAIL,2000-09-01,0.45,Liter,ea0604c0-f78e-4fdb-9abd-6acb924220ce
Milk,Tunisia,Tunis,RETAIL,2000-10-01,0.44,Liter,ea0604c0-f78e-4fdb-9abd-6acb924220ce
Milk,Tunisia,Tunis,RETAIL,2000-11-01,0.44,Liter,ea0604c0-f78e-4fdb-9abd-6acb924220ce
Milk,Tunisia,Tunis,RETAIL,2000-12-01,0.45,Liter,ea0604c0-f78e-4fdb-9abd-6acb924220ce
Milk,Tunisia,Tunis,RETAIL,2001-01-01,0.47,Liter,ea0604c0-f78e-4fdb-9abd-6acb924220ce
Milk,Tunisia,Tunis,RETAIL,2001-02-01,0.46,Liter,ea0604c0-f78e-4fdb-9abd-6acb924220ce
Milk,Tunisia,Tunis,RETAIL,2001-03-01,0.45,Liter,ea0604c0-f78e-4fdb-9abd-6acb924220ce
Milk,Tunisia,Tunis,RETAIL,2001-04-01,0.45,Liter,ea0604c0-f78e-4fdb-9abd-6acb924220ce
Milk,Tunisia,Tunis,RETAIL,2001-05-01,0.44,Liter,ea0604c0-f78e-4fdb-9abd-6acb924220ce
Milk,Tunisia,Tunis,RETAIL,2001-06-01,0.43,Liter,ea0604c0-f78e-4fdb-9abd-6acb924220ce
Milk,Tunisia,Tunis,RETAIL,2001-07-01,0.43,Liter,ea0604c0-f78e-4fdb-9abd-6acb924220ce
Milk,Tunisia,Tunis,RETAIL,2001-08-01,0.44,Liter,ea0604c0-f78e-4fdb-9abd-6acb924220ce
Milk,Tunisia,Tunis,RETAIL,2001-09-01,0.45,Liter,ea0604c0-f78e-4fdb-9abd-6acb924220ce
Milk,Tunisia,Tunis,RETAIL,2001-10-01,0.44,Liter,ea0604c0-f78e-4fdb-9abd-6acb924220ce
Milk,Tunisia,Tunis,RETAIL,2001-11-01,0.44,Liter,ea0604c0-f78e-4fdb-9abd-6acb924220ce
Milk,Tunisia,Tunis,RETAIL,2001-12-01,0.44,Liter,ea0604c0-f78e-4fdb-9abd-6acb924220ce
Milk,Tunisia,Tunis,RETAIL,2002-01-01,0.44,Liter,ea0604c0-f78e-4fdb-9abd-6acb924220ce
Milk,Tunisia,Tunis,RETAIL,2002-02-01,0.43,Liter,ea0604c0-f78e-4fdb-9abd-6acb924220ce
Milk,Tunisia,Tunis,RETAIL,2002-03-01,0.43,Liter,ea0604c0-f78e-4fdb-9abd-6acb924220ce
Milk,Tunisia,Tunis,RETAIL,2002-04-01,0.43,Liter,ea0604c0-f78e-4fdb-9abd-6acb924220ce
Milk,Tunisia,Tunis,RETAIL,2002-05-01,0.44,Liter,ea0604c0-f78e-4fdb-9abd-6acb924220ce
Milk,Tunisia,Tunis,RETAIL,2002-06-01,0.47,Liter,ea0604c0-f78e-4fdb-9abd-6acb924220ce
Milk,Tunisia,Tunis,RETAIL,2002-07-01,0.48,Liter,ea0604c0-f78e-4fdb-9abd-6acb924220ce
Milk,Tunisia,Tunis,RETAIL,2002-08-01,0.48,Liter,ea0604c0-f78e-4fdb-9abd-6acb924220ce
Milk,Tunisia,Tunis,RETAIL,2002-09-01,0.48,Liter,ea0604c0-f78e-4fdb-9abd-6acb924220ce
Milk,Tunisia,Tunis,RETAIL,2002-10-01,0.48,Liter,ea0604c0-f78e-4fdb-9abd-6acb924220ce
Milk,Tunisia,Tunis,RETAIL,2002-11-01,0.48,Liter,ea0604c0-f78e-4fdb-9abd-6acb924220ce
Milk,Tunisia,Tunis,RETAIL,2002-12-01,0.49,Liter,ea0604c0-f78e-4fdb-9abd-6acb924220ce
Milk,Tunisia,Tunis,RETAIL,2003-01-01,0.5,Liter,ea0604c0-f78e-4fdb-9abd-6acb924220ce
Milk,Tunisia,Tunis,RETAIL,2003-02-01,0.5,Liter,ea0604c0-f78e-4fdb-9abd-6acb924220ce
Milk,Tunisia,Tunis,RETAIL,2003-03-01,0.5,Liter,ea0604c0-f78e-4fdb-9abd-6acb924220ce
Milk,Tunisia,Tunis,RETAIL,2003-04-01,0.5,Liter,ea0604c0-f78e-4fdb-9abd-6acb924220ce
Milk,Tunisia,Tunis,RETAIL,2003-05-01,0.52,Liter,ea0604c0-f78e-4fdb-9abd-6acb924220ce
Milk,Tunisia,Tunis,RETAIL,2003-06-01,0.52,Liter,ea0604c0-f78e-4fdb-9abd-6acb924220ce
Milk,Tunisia,Tunis,RETAIL,2003-07-01,0.51,Liter,ea0604c0-f78e-4fdb-9abd-6acb924220ce
Milk,Tunisia,Tunis,RETAIL,2003-08-01,0.51,Liter,ea0604c0-f78e-4fdb-9abd-6acb924220ce
Milk,Tunisia,Tunis,RETAIL,2003-09-01,0.51,Liter,ea0604c0-f78e-4fdb-9abd-6acb924220ce
Milk,Tunisia,Tunis,RETAIL,2003-10-01,0.52,Liter,ea0604c0-f78e-4fdb-9abd-6acb924220ce
Milk,Tunisia,Tunis,RETAIL,2003-11-01,0.52,Liter,ea0604c0-f78e-4fdb-9abd-6acb924220ce
Milk,Tunisia,Tunis,RETAIL,2003-12-01,0.54,Liter,ea0604c0-f78e-4fdb-9abd-6acb924220ce
Milk,Tunisia,Tunis,RETAIL,2004-01-01,0.55,Liter,ea0604c0-f78e-4fdb-9abd-6acb924220ce
Milk,Tunisia,Tunis,RETAIL,2004-02-01,0.54,Liter,ea0604c0-f78e-4fdb-9abd-6acb924220ce
Milk,Tunisia,Tunis,RETAIL,2004-03-01,0.53,Liter,ea0604c0-f78e-4fdb-9abd-6acb924220ce
Milk,Tunisia,Tunis,RETAIL,2004-04-01,0.52,Liter,ea0604c0-f78e-4fdb-9abd-6acb924220ce
Milk,Tunisia,Tunis,RETAIL,2004-05-01,0.53,Liter,ea0604c0-f78e-4fdb-9abd-6acb924220ce
Milk,Tunisia,Tunis,RETAIL,2004-06-01,0.53,Liter,ea0604c0-f78e-4fdb-9abd-6acb924220ce
Milk,Tunisia,Tunis,RETAIL,2004-07-01,0.53,Liter,ea0604c0-f78e-4fdb-9abd-6acb924220ce
Milk,Tunisia,Tunis,RETAIL,2004-08-01,0.53,Liter,ea0604c0-f78e-4fdb-9abd-6acb924220ce
Milk,Tunisia,Tunis,RETAIL,2004-09-01,0.53,Liter,ea0604c0-f78e-4fdb-9abd-6acb924220ce
Milk,Tunisia,Tunis,RETAIL,2004-10-01,0.53,Liter,ea0604c0-f78e-4fdb-9abd-6acb924220ce
Milk,Tunisia,Tunis,RETAIL,2004-11-01,0.55,Liter,ea0604c0-f78e-4fdb-9abd-6acb924220ce
Milk,Tunisia,Tunis,RETAIL,2004-12-01,0.55,Liter,ea0604c0-f78e-4fdb-9abd-6acb924220ce
Milk,Tunisia,Tunis,RETAIL,2005-01-01,0.55,Liter,ea0604c0-f78e-4fdb-9abd-6acb924220ce
Milk,Tunisia,Tunis,RETAIL,2005-02-01,0.55,Liter,ea0604c0-f78e-4fdb-9abd-6acb924220ce
Milk,Tunisia,Tunis,RETAIL,2005-03-01,0.55,Liter,ea0604c0-f78e-4fdb-9abd-6acb924220ce
Milk,Tunisia,Tunis,RETAIL,2005-04-01,0.54,Liter,ea0604c0-f78e-4fdb-9abd-6acb924220ce
Milk,Tunisia,Tunis,RETAIL,2005-05-01,0.54,Liter,ea0604c0-f78e-4fdb-9abd-6acb924220ce
Milk,Tunisia,Tunis,RETAIL,2005-06-01,0.52,Liter,ea0604c0-f78e-4fdb-9abd-6acb924220ce
Milk,Tunisia,Tunis,RETAIL,2005-07-01,0.51,Liter,ea0604c0-f78e-4fdb-9abd-6acb924220ce
Milk,Tunisia,Tunis,RETAIL,2005-08-01,0.52,Liter,ea0604c0-f78e-4fdb-9abd-6acb924220ce
Milk,Tunisia,Tunis,RETAIL,2005-09-01,0.52,Liter,ea0604c0-f78e-4fdb-9abd-6acb924220ce
Milk,Tunisia,Tunis,RETAIL,2005-10-01,0.51,Liter,ea0604c0-f78e-4fdb-9abd-6acb924220ce
Milk,Tunisia,Tunis,RETAIL,2005-11-01,0.5,Liter,ea0604c0-f78e-4fdb-9abd-6acb924220ce
Milk,Tunisia,Tunis,RETAIL,2005-12-01,0.5,Liter,ea0604c0-f78e-4fdb-9abd-6acb924220ce
Milk,Tunisia,Tunis,RETAIL,2006-01-01,0.52,Liter,ea0604c0-f78e-4fdb-9abd-6acb924220ce
Milk,Tunisia,Tunis,RETAIL,2006-02-01,0.51,Liter,ea0604c0-f78e-4fdb-9abd-6acb924220ce
Milk,Tunisia,Tunis,RETAIL,2006-03-01,0.52,Liter,ea0604c0-f78e-4fdb-9abd-6acb924220ce
Milk,Tunisia,Tunis,RETAIL,2006-04-01,0.52,Liter,ea0604c0-f78e-4fdb-9abd-6acb924220ce
Milk,Tunisia,Tunis,RETAIL,2006-05-01,0.53,Liter,ea0604c0-f78e-4fdb-9abd-6acb924220ce
Milk,Tunisia,Tunis,RETAIL,2006-06-01,0.53,Liter,ea0604c0-f78e-4fdb-9abd-6acb924220ce
Milk,Tunisia,Tunis,RETAIL,2006-07-01,0.53,Liter,ea0604c0-f78e-4fdb-9abd-6acb924220ce
Milk,Tunisia,Tunis,RETAIL,2006-08-01,0.53,Liter,ea0604c0-f78e-4fdb-9abd-6acb924220ce
Milk,Tunisia,Tunis,RETAIL,2006-09-01,0.53,Liter,ea0604c0-f78e-4fdb-9abd-6acb924220ce
Milk,Tunisia,Tunis,RETAIL,2006-10-01,0.52,Liter,ea0604c0-f78e-4fdb-9abd-6acb924220ce
Milk,Tunisia,Tunis,RETAIL,2006-11-01,0.53,Liter,ea0604c0-f78e-4fdb-9abd-6acb924220ce
Milk,Tunisia,Tunis,RETAIL,2006-12-01,0.54,Liter,ea0604c0-f78e-4fdb-9abd-6acb924220ce
Milk,Tunisia,Tunis,RETAIL,2007-01-01,0.57,Liter,ea0604c0-f78e-4fdb-9abd-6acb924220ce
Milk,Tunisia,Tunis,RETAIL,2007-02-01,0.57,Liter,ea0604c0-f78e-4fdb-9abd-6acb924220ce
Milk,Tunisia,Tunis,RETAIL,2007-03-01,0.57,Liter,ea0604c0-f78e-4fdb-9abd-6acb924220ce
Milk,Tunisia,Tunis,RETAIL,2007-04-01,0.58,Liter,ea0604c0-f78e-4fdb-9abd-6acb924220ce
Milk,Tunisia,Tunis,RETAIL,2007-05-01,0.58,Liter,ea0604c0-f78e-4fdb-9abd-6acb924220ce
Milk,Tunisia,Tunis,RETAIL,2007-06-01,0.58,Liter,ea0604c0-f78e-4fdb-9abd-6acb924220ce
Milk,Tunisia,Tunis,RETAIL,2007-07-01,0.58,Liter,ea0604c0-f78e-4fdb-9abd-6acb924220ce
Milk,Tunisia,Tunis,RETAIL,2007-08-01,0.61,Liter,ea0604c0-f78e-4fdb-9abd-6acb924220ce
Milk,Tunisia,Tunis,RETAIL,2007-09-01,0.62,Liter,ea0604c0-f78e-4fdb-9abd-6acb924220ce
Milk,Tunisia,Tunis,RETAIL,2007-10-01,0.62,Liter,ea0604c0-f78e-4fdb-9abd-6acb924220ce
Milk,Tunisia,Tunis,RETAIL,2007-11-01,0.68,Liter,ea0604c0-f78e-4fdb-9abd-6acb924220ce
Milk,Tunisia,Tunis,RETAIL,2007-12-01,0.68,Liter,ea0604c0-f78e-4fdb-9abd-6acb924220ce
Milk,Tunisia,Tunis,RETAIL,2008-01-01,0.74,Liter,ea0604c0-f78e-4fdb-9abd-6acb924220ce
Milk,Tunisia,Tunis,RETAIL,2008-02-01,0.74,Liter,ea0604c0-f78e-4fdb-9abd-6acb924220ce
Milk,Tunisia,Tunis,RETAIL,2008-03-01,0.77,Liter,ea0604c0-f78e-4fdb-9abd-6acb924220ce
Milk,Tunisia,Tunis,RETAIL,2008-04-01,0.78,Liter,ea0604c0-f78e-4fdb-9abd-6acb924220ce
Milk,Tunisia,Tunis,RETAIL,2008-05-01,0.77,Liter,ea0604c0-f78e-4fdb-9abd-6acb924220ce
Milk,Tunisia,Tunis,RETAIL,2008-06-01,0.76,Liter,ea0604c0-f78e-4fdb-9abd-6acb924220ce
Milk,Tunisia,Tunis,RETAIL,2008-07-01,0.77,Liter,ea0604c0-f78e-4fdb-9abd-6acb924220ce
Milk,Tunisia,Tunis,RETAIL,2008-08-01,0.74,Liter,ea0604c0-f78e-4fdb-9abd-6acb924220ce
Milk,Tunisia,Tunis,RETAIL,2008-09-01,0.72,Liter,ea0604c0-f78e-4fdb-9abd-6acb924220ce
Milk,Tunisia,Tunis,RETAIL,2008-10-01,0.68,Liter,ea0604c0-f78e-4fdb-9abd-6acb924220ce
Milk,Tunisia,Tunis,RETAIL,2008-11-01,0.65,Liter,ea0604c0-f78e-4fdb-9abd-6acb924220ce
Milk,Tunisia,Tunis,RETAIL,2008-12-01,0.72,Liter,ea0604c0-f78e-4fdb-9abd-6acb924220ce
Milk,Tunisia,Tunis,RETAIL,2009-01-01,0.71,Liter,ea0604c0-f78e-4fdb-9abd-6acb924220ce
Milk,Tunisia,Tunis,RETAIL,2009-02-01,0.68,Liter,ea0604c0-f78e-4fdb-9abd-6acb924220ce
Milk,Tunisia,Tunis,RETAIL,2009-03-01,0.68,Liter,ea0604c0-f78e-4fdb-9abd-6acb924220ce
Milk,Tunisia,Tunis,RETAIL,2009-04-01,0.69,Liter,ea0604c0-f78e-4fdb-9abd-6acb924220ce
Milk,Tunisia,Tunis,RETAIL,2009-05-01,0.71,Liter,ea0604c0-f78e-4fdb-9abd-6acb924220ce
Milk,Tunisia,Tunis,RETAIL,2009-06-01,0.72,Liter,ea0604c0-f78e-4fdb-9abd-6acb924220ce
Milk,Tunisia,Tunis,RETAIL,2009-07-01,0.73,Liter,ea0604c0-f78e-4fdb-9abd-6acb924220ce
Milk,Tunisia,Tunis,RETAIL,2009-08-01,0.73,Liter,ea0604c0-f78e-4fdb-9abd-6acb924220ce
Milk,Tunisia,Tunis,RETAIL,2009-09-01,0.74,Liter,ea0604c0-f78e-4fdb-9abd-6acb924220ce
Milk,Tunisia,Tunis,RETAIL,2009-10-01,0.75,Liter,ea0604c0-f78e-4fdb-9abd-6acb924220ce
Milk,Tunisia,Tunis,RETAIL,2009-11-01,0.75,Liter,ea0604c0-f78e-4fdb-9abd-6acb924220ce
Milk,Tunisia,Tunis,RETAIL,2009-12-01,0.74,Liter,ea0604c0-f78e-4fdb-9abd-6acb924220ce
Milk,Tunisia,Tunis,RETAIL,2010-01-01,0.78,Liter,ea0604c0-f78e-4fdb-9abd-6acb924220ce
Milk,Tunisia,Tunis,RETAIL,2010-02-01,0.75,Liter,ea0604c0-f78e-4fdb-9abd-6acb924220ce
Milk,Tunisia,Tunis,RETAIL,2010-03-01,0.74,Liter,ea0604c0-f78e-4fdb-9abd-6acb924220ce
Milk,Tunisia,Tunis,RETAIL,2010-04-01,0.73,Liter,ea0604c0-f78e-4fdb-9abd-6acb924220ce
Milk,Tunisia,Tunis,RETAIL,2010-05-01,0.69,Liter,ea0604c0-f78e-4fdb-9abd-6acb924220ce
Milk,Tunisia,Tunis,RETAIL,2010-06-01,0.68,Liter,ea0604c0-f78e-4fdb-9abd-6acb924220ce
Milk,Tunisia,Tunis,RETAIL,2010-07-01,0.7,Liter,ea0604c0-f78e-4fdb-9abd-6acb924220ce
Milk,Tunisia,Tunis,RETAIL,2010-08-01,0.7,Liter,ea0604c0-f78e-4fdb-9abd-6acb924220ce
Milk,Tunisia,Tunis,RETAIL,2010-09-01,0.71,Liter,ea0604c0-f78e-4fdb-9abd-6acb924220ce
Milk,Tunisia,Tunis,RETAIL,2010-10-01,0.74,Liter,ea0604c0-f78e-4fdb-9abd-6acb924220ce
Milk,Tunisia,Tunis,RETAIL,2010-11-01,0.73,Liter,ea0604c0-f78e-4fdb-9abd-6acb924220ce
Milk,Tunisia,Tunis,RETAIL,2010-12-01,0.71,Liter,ea0604c0-f78e-4fdb-9abd-6acb924220ce
Milk,Tunisia,Tunis,RETAIL,2011-01-01,0.67,Liter,ea0604c0-f78e-4fdb-9abd-6acb924220ce
Milk,Tunisia,Tunis,RETAIL,2011-02-01,0.68,Liter,ea0604c0-f78e-4fdb-9abd-6acb924220ce
Milk,Tunisia,Tunis,RETAIL,2011-03-01,0.7,Liter,ea0604c0-f78e-4fdb-9abd-6acb924220ce
Milk,Tunisia,Tunis,RETAIL,2011-04-01,0.71,Liter,ea0604c0-f78e-4fdb-9abd-6acb924220ce
Milk,Tunisia,Tunis,RETAIL,2011-05-01,0.7,Liter,ea0604c0-f78e-4fdb-9abd-6acb924220ce
Milk,Tunisia,Tunis,RETAIL,2011-06-01,0.71,Liter,ea0604c0-f78e-4fdb-9abd-6acb924220ce
Milk,Tunisia,Tunis,RETAIL,2011-07-01,0.7,Liter,ea0604c0-f78e-4fdb-9abd-6acb924220ce
Milk,Tunisia,Tunis,RETAIL,2011-08-01,0.71,Liter,ea0604c0-f78e-4fdb-9abd-6acb924220ce
Milk,Tunisia,Tunis,RETAIL,2011-09-01,0.69,Liter,ea0604c0-f78e-4fdb-9abd-6acb924220ce
Milk,Tunisia,Tunis,RETAIL,2011-10-01,0.68,Liter,ea0604c0-f78e-4fdb-9abd-6acb924220ce
Milk,Ecuador,Cuenca,WHOLESALE,2011-11-01,0.94,Liter,9ded0774-9f9c-4c3f-981e-70173ab253a1
Milk,Ecuador,Guayaquil,WHOLESALE,2011-11-01,1.3,Liter,4b83440a-8202-4f13-800e-74715be3a282
Milk,Tunisia,Tunis,RETAIL,2011-11-01,0.67,Liter,ea0604c0-f78e-4fdb-9abd-6acb924220ce
Milk,Ecuador,Guayaquil,WHOLESALE,2011-12-01,1.3,Liter,4b83440a-8202-4f13-800e-74715be3a282
Milk,Tunisia,Tunis,RETAIL,2011-12-01,0.65,Liter,ea0604c0-f78e-4fdb-9abd-6acb924220ce
Milk,Ecuador,Cuenca,WHOLESALE,2012-01-01,0.94,Liter,9ded0774-9f9c-4c3f-981e-70173ab253a1
Milk,Tunisia,Tunis,RETAIL,2012-01-01,0.64,Liter,ea0604c0-f78e-4fdb-9abd-6acb924220ce
Milk,Ecuador,Cuenca,WHOLESALE,2012-02-01,0.94,Liter,9ded0774-9f9c-4c3f-981e-70173ab253a1
Milk,Tunisia,Tunis,RETAIL,2012-02-01,0.65,Liter,ea0604c0-f78e-4fdb-9abd-6acb924220ce
Milk,Tunisia,Tunis,RETAIL,2012-03-01,0.64,Liter,ea0604c0-f78e-4fdb-9abd-6acb924220ce
Milk,Ecuador,Cuenca,WHOLESALE,2012-04-01,0.94,Liter,9ded0774-9f9c-4c3f-981e-70173ab253a1
Milk,Tunisia,Tunis,RETAIL,2012-04-01,0.64,Liter,ea0604c0-f78e-4fdb-9abd-6acb924220ce
Milk,Tunisia,Tunis,RETAIL,2012-05-01,0.62,Liter,ea0604c0-f78e-4fdb-9abd-6acb924220ce
Milk,Ecuador,Cuenca,WHOLESALE,2012-06-01,0.94,Liter,9ded0774-9f9c-4c3f-981e-70173ab253a1
Milk,Tunisia,Tunis,RETAIL,2012-06-01,0.61,Liter,ea0604c0-f78e-4fdb-9abd-6acb924220ce
Milk,Ecuador,Cuenca,WHOLESALE,2012-07-01,0.94,Liter,9ded0774-9f9c-4c3f-981e-70173ab253a1
Milk,Tunisia,Tunis,RETAIL,2012-07-01,0.6,Liter,ea0604c0-f78e-4fdb-9abd-6acb924220ce
Milk,Tunisia,Tunis,RETAIL,2012-08-01,0.6,Liter,ea0604c0-f78e-4fdb-9abd-6acb924220ce
Milk,Tunisia,Tunis,RETAIL,2012-09-01,0.62,Liter,ea0604c0-f78e-4fdb-9abd-6acb924220ce
Milk,Tunisia,Tunis,RETAIL,2012-10-01,0.68,Liter,ea0604c0-f78e-4fdb-9abd-6acb924220ce
Milk,Tunisia,Tunis,RETAIL,2012-11-01,0.67,Liter,ea0604c0-f78e-4fdb-9abd-6acb924220ce
Milk,Ecuador,Cuenca,WHOLESALE,2012-12-01,0.94,Liter,9ded0774-9f9c-4c3f-981e-70173ab253a1
Milk,Tunisia,Tunis,RETAIL,2012-12-01,0.68,Liter,ea0604c0-f78e-4fdb-9abd-6acb924220ce
Milk,Tunisia,Tunis,RETAIL,2013-01-01,0.68,Liter,ea0604c0-f78e-4fdb-9abd-6acb924220ce
Milk,Ecuador,Cuenca,WHOLESALE,2013-02-01,0.94,Liter,9ded0774-9f9c-4c3f-981e-70173ab253a1
Milk,Tunisia,Tunis,RETAIL,2013-02-01,0.68,Liter,ea0604c0-f78e-4fdb-9abd-6acb924220ce
Milk,Ecuador,Cuenca,WHOLESALE,2013-03-01,0.94,Liter,9ded0774-9f9c-4c3f-981e-70173ab253a1
Milk,Tunisia,Tunis,RETAIL,2013-03-01,0.67,Liter,ea0604c0-f78e-4fdb-9abd-6acb924220ce
Milk,Ecuador,Cuenca,WHOLESALE,2013-04-01,0.94,Liter,9ded0774-9f9c-4c3f-981e-70173ab253a1
Milk,Tunisia,Tunis,RETAIL,2013-04-01,0.66,Liter,ea0604c0-f78e-4fdb-9abd-6acb924220ce
Milk,Tunisia,Tunis,RETAIL,2013-05-01,0.65,Liter,ea0604c0-f78e-4fdb-9abd-6acb924220ce
Milk,Ecuador,Cuenca,WHOLESALE,2013-06-01,0.94,Liter,9ded0774-9f9c-4c3f-981e-70173ab253a1
Milk,Tunisia,Tunis,RETAIL,2013-06-01,0.65,Liter,ea0604c0-f78e-4fdb-9abd-6acb924220ce
Milk,Ecuador,Cuenca,WHOLESALE,2013-07-01,0.94,Liter,9ded0774-9f9c-4c3f-981e-70173ab253a1
Milk,Tunisia,Tunis,RETAIL,2013-07-01,0.64,Liter,ea0604c0-f78e-4fdb-9abd-6acb924220ce
Milk,Tunisia,Tunis,RETAIL,2013-08-01,0.64,Liter,ea0604c0-f78e-4fdb-9abd-6acb924220ce
Milk,Ecuador,Cuenca,WHOLESALE,2013-09-01,0.94,Liter,9ded0774-9f9c-4c3f-981e-70173ab253a1
Milk,Tunisia,Tunis,RETAIL,2013-09-01,0.64,Liter,ea0604c0-f78e-4fdb-9abd-6acb924220ce
Milk,Ecuador,Cuenca,WHOLESALE,2013-10-01,0.94,Liter,9ded0774-9f9c-4c3f-981e-70173ab253a1
Milk,Tunisia,Tunis,RETAIL,2013-10-01,0.65,Liter,ea0604c0-f78e-4fdb-9abd-6acb924220ce
Milk,Ecuador,Cuenca,WHOLESALE,2013-11-01,0.94,Liter,9ded0774-9f9c-4c3f-981e-70173ab253a1
Milk,Tunisia,Tunis,RETAIL,2013-11-01,0.64,Liter,ea0604c0-f78e-4fdb-9abd-6acb924220ce
Milk,Ecuador,Cuenca,WHOLESALE,2013-12-01,0.94,Liter,9ded0774-9f9c-4c3f-981e-70173ab253a1
Milk,Tunisia,Tunis,RETAIL,2013-12-01,0.64,Liter,ea0604c0-f78e-4fdb-9abd-6acb924220ce
Milk,Ecuador,Cuenca,WHOLESALE,2014-01-01,0.94,Liter,9ded0774-9f9c-4c3f-981e-70173ab253a1
Milk,India,Andhra Pradesh,RETAIL,2014-01-01,0.56,Liter,177c26f9-cc5e-4954-998c-920407b7ed2b
Milk,India,Andhra Pradesh,WHOLESALE,2014-01-01,51.55,100 liters,9bd42cc6-fc7c-4edd-86da-7d044bfa81e6
Milk,India,Bihar,RETAIL,2014-01-01,0.53,Liter,3d46fd94-bee5-4617-8bd5-cf37d3f74efc
Milk,India,Bihar,WHOLESALE,2014-01-01,51.86,100 liters,f9f75db4-1b8a-4f94-b38f-3cf626a056a6
Milk,India,Chandigarh,WHOLESALE,2014-01-01,56.38,100 liters,0e41a37c-0712-48e0-a514-562b65ef629d
Milk,India,Chandigarh,RETAIL,2014-01-01,0.56,Liter,7538bf6d-4980-4164-a626-9bbc7a2a7a6c
Milk,India,Delhi,RETAIL,2014-01-01,0.55,Liter,fd7a5f7a-34b8-4b83-ba22-80acf59a34fc
Milk,India,Goa,RETAIL,2014-01-01,0.65,Liter,1c0912ca-658d-4354-a6f1-d12f805e651a
Milk,India,Gujarat,RETAIL,2014-01-01,0.68,Liter,edff013e-a49f-429c-aedd-b12b8c183797
Milk,India,Haryana,WHOLESALE,2014-01-01,61.84,100 liters,58214e91-5e6d-4d3e-b6ea-0bbabb3fe598
Milk,India,Haryana,RETAIL,2014-01-01,0.67,Liter,ba20dd21-6119-4f95-a9d0-457f17c44d00
Milk,India,Karnataka,RETAIL,2014-01-01,0.53,Liter,34893397-2968-4ca0-a8bc-3d586eb132ba
Milk,India,Karnataka,WHOLESALE,2014-01-01,51.63,100 liters,5b91aca9-0d94-48ec-af3f-dc8f0e52d69e
Milk,India,Madhya Pradesh,WHOLESALE,2014-01-01,57.64,100 liters,94697d34-761e-403b-a1af-cbecc7288289
Milk,India,Madhya Pradesh,RETAIL,2014-01-01,0.61,Liter,a9cc3a73-2df0-48a6-b85f-ee1eeb52c730
Milk,India,Maharashtra,RETAIL,2014-01-01,0.56,Liter,3325148d-79ac-46f5-a02a-95099621e47b
Milk,India,Maharashtra,WHOLESALE,2014-01-01,53.27,100 liters,a3f1ac52-3d0d-4b05-a897-dc25fc45e47c
Milk,India,National Average,WHOLESALE,2014-01-01,54.47,100 liters,34810c05-53d8-461c-8322-c853d3aaf3c5
Milk,India,National Average,RETAIL,2014-01-01,0.57,Liter,43ac28e5-2717-4173-8d19-13b90ff5dbe6
Milk,India,Puducherry,WHOLESALE,2014-01-01,46.02,100 liters,41fe9cde-d4e0-455d-85d4-5279c520e366
Milk,India,Puducherry,RETAIL,2014-01-01,0.46,Liter,53e6ae43-aa38-4c44-aa4c-76594c0fadd5
Milk,India,Punjab,WHOLESALE,2014-01-01,55.41,100 liters,6ef01407-babd-493b-9871-62e969e56acd
Milk,India,Punjab,RETAIL,2014-01-01,0.59,Liter,9ec5b53b-dbbb-4852-97d1-c987f62e244c
Milk,India,Tamil Nadu,RETAIL,2014-01-01,0.47,Liter,725f0105-ce4b-472c-a48f-82cdad56fd9c
Milk,India,Uttar Pradesh,RETAIL,2014-01-01,0.67,Liter,9d7e7e25-1632-48ec-9826-adfd708bb6a7
Milk,Tunisia,Tunis,RETAIL,2014-01-01,0.65,Liter,ea0604c0-f78e-4fdb-9abd-6acb924220ce
Milk,Ecuador,Cuenca,WHOLESALE,2014-02-01,0.94,Liter,9ded0774-9f9c-4c3f-981e-70173ab253a1
Milk,India,Andhra Pradesh,RETAIL,2014-02-01,0.55,Liter,177c26f9-cc5e-4954-998c-920407b7ed2b
Milk,India,Andhra Pradesh,WHOLESALE,2014-02-01,51.4,100 liters,9bd42cc6-fc7c-4edd-86da-7d044bfa81e6
Milk,India,Bihar,RETAIL,2014-02-01,0.53,Liter,3d46fd94-bee5-4617-8bd5-cf37d3f74efc
Milk,India,Bihar,WHOLESALE,2014-02-01,50.41,100 liters,f9f75db4-1b8a-4f94-b38f-3cf626a056a6
Milk,India,Chandigarh,WHOLESALE,2014-02-01,56.22,100 liters,0e41a37c-0712-48e0-a514-562b65ef629d
Milk,India,Chandigarh,RETAIL,2014-02-01,0.56,Liter,7538bf6d-4980-4164-a626-9bbc7a2a7a6c
Milk,India,Delhi,RETAIL,2014-02-01,0.58,Liter,fd7a5f7a-34b8-4b83-ba22-80acf59a34fc
Milk,India,Goa,RETAIL,2014-02-01,0.67,Liter,1c0912ca-658d-4354-a6f1-d12f805e651a
Milk,India,Gujarat,RETAIL,2014-02-01,0.67,Liter,edff013e-a49f-429c-aedd-b12b8c183797
Milk,India,Haryana,WHOLESALE,2014-02-01,62.48,100 liters,58214e91-5e6d-4d3e-b6ea-0bbabb3fe598
Milk,India,Haryana,RETAIL,2014-02-01,0.66,Liter,ba20dd21-6119-4f95-a9d0-457f17c44d00
Milk,India,Karnataka,RETAIL,2014-02-01,0.53,Liter,34893397-2968-4ca0-a8bc-3d586eb132ba
Milk,India,Karnataka,WHOLESALE,2014-02-01,51.03,100 liters,5b91aca9-0d94-48ec-af3f-dc8f0e52d69e
Milk,India,Madhya Pradesh,WHOLESALE,2014-02-01,57.96,100 liters,94697d34-761e-403b-a1af-cbecc7288289
Milk,India,Madhya Pradesh,RETAIL,2014-02-01,0.61,Liter,a9cc3a73-2df0-48a6-b85f-ee1eeb52c730
Milk,India,Maharashtra,RETAIL,2014-02-01,0.56,Liter,3325148d-79ac-46f5-a02a-95099621e47b
Milk,India,Maharashtra,WHOLESALE,2014-02-01,53.1,100 liters,a3f1ac52-3d0d-4b05-a897-dc25fc45e47c
Milk,India,National Average,WHOLESALE,2014-02-01,54.0,100 liters,34810c05-53d8-461c-8322-c853d3aaf3c5
Milk,India,National Average,RETAIL,2014-02-01,0.57,Liter,43ac28e5-2717-4173-8d19-13b90ff5dbe6
Milk,India,Puducherry,WHOLESALE,2014-02-01,45.89,100 liters,41fe9cde-d4e0-455d-85d4-5279c520e366
Milk,India,Puducherry,RETAIL,2014-02-01,0.47,Liter,53e6ae43-aa38-4c44-aa4c-76594c0fadd5
Milk,India,Punjab,WHOLESALE,2014-02-01,55.6,100 liters,6ef01407-babd-493b-9871-62e969e56acd
Milk,India,Punjab,RETAIL,2014-02-01,0.59,Liter,9ec5b53b-dbbb-4852-97d1-c987f62e244c
Milk,India,Tamil Nadu,RETAIL,2014-02-01,0.48,Liter,725f0105-ce4b-472c-a48f-82cdad56fd9c
Milk,India,Uttar Pradesh,RETAIL,2014-02-01,0.68,Liter,9d7e7e25-1632-48ec-9826-adfd708bb6a7
Milk,Tunisia,Tunis,RETAIL,2014-02-01,0.67,Liter,ea0604c0-f78e-4fdb-9abd-6acb924220ce
Milk,Ecuador,Cuenca,WHOLESALE,2014-03-01,0.94,Liter,9ded0774-9f9c-4c3f-981e-70173ab253a1
Milk,India,Andhra Pradesh,RETAIL,2014-03-01,0.6,Liter,177c26f9-cc5e-4954-998c-920407b7ed2b
Milk,India,Andhra Pradesh,WHOLESALE,2014-03-01,55.94,100 liters,9bd42cc6-fc7c-4edd-86da-7d044bfa81e6
Milk,India,Bihar,RETAIL,2014-03-01,0.54,Liter,3d46fd94-bee5-4617-8bd5-cf37d3f74efc
Milk,India,Bihar,WHOLESALE,2014-03-01,52.45,100 liters,f9f75db4-1b8a-4f94-b38f-3cf626a056a6
Milk,India,Chandigarh,WHOLESALE,2014-03-01,57.36,100 liters,0e41a37c-0712-48e0-a514-562b65ef629d
Milk,India,Chandigarh,RETAIL,2014-03-01,0.62,Liter,7538bf6d-4980-4164-a626-9bbc7a2a7a6c
Milk,India,Delhi,RETAIL,2014-03-01,0.59,Liter,fd7a5f7a-34b8-4b83-ba22-80acf59a34fc
Milk,India,Goa,RETAIL,2014-03-01,0.69,Liter,1c0912ca-658d-4354-a6f1-d12f805e651a
Milk,India,Gujarat,RETAIL,2014-03-01,0.69,Liter,edff013e-a49f-429c-aedd-b12b8c183797
Milk,India,Haryana,WHOLESALE,2014-03-01,63.51,100 liters,58214e91-5e6d-4d3e-b6ea-0bbabb3fe598
Milk,India,Haryana,RETAIL,2014-03-01,0.68,Liter,ba20dd21-6119-4f95-a9d0-457f17c44d00
Milk,India,Karnataka,RETAIL,2014-03-01,0.55,Liter,34893397-2968-4ca0-a8bc-3d586eb132ba
Milk,India,Karnataka,WHOLESALE,2014-03-01,53.17,100 liters,5b91aca9-0d94-48ec-af3f-dc8f0e52d69e
Milk,India,Madhya Pradesh,WHOLESALE,2014-03-01,58.84,100 liters,94697d34-761e-403b-a1af-cbecc7288289
Milk,India,Madhya Pradesh,RETAIL,2014-03-01,0.62,Liter,a9cc3a73-2df0-48a6-b85f-ee1eeb52c730
Milk,India,Maharashtra,RETAIL,2014-03-01,0.58,Liter,3325148d-79ac-46f5-a02a-95099621e47b
Milk,India,Maharashtra,WHOLESALE,2014-03-01,54.36,100 liters,a3f1ac52-3d0d-4b05-a897-dc25fc45e47c
Milk,India,National Average,WHOLESALE,2014-03-01,55.89,100 liters,34810c05-53d8-461c-8322-c853d3aaf3c5
Milk,India,National Average,RETAIL,2014-03-01,0.58,Liter,43ac28e5-2717-4173-8d19-13b90ff5dbe6
Milk,India,Puducherry,WHOLESALE,2014-03-01,46.83,100 liters,41fe9cde-d4e0-455d-85d4-5279c520e366
Milk,India,Puducherry,RETAIL,2014-03-01,0.48,Liter,53e6ae43-aa38-4c44-aa4c-76594c0fadd5
Milk,India,Punjab,WHOLESALE,2014-03-01,58.9,100 liters,6ef01407-babd-493b-9871-62e969e56acd
Milk,India,Punjab,RETAIL,2014-03-01,0.63,Liter,9ec5b53b-dbbb-4852-97d1-c987f62e244c
Milk,India,Tamil Nadu,RETAIL,2014-03-01,0.49,Liter,725f0105-ce4b-472c-a48f-82cdad56fd9c
Milk,India,Uttar Pradesh,RETAIL,2014-03-01,0.7,Liter,9d7e7e25-1632-48ec-9826-adfd708bb6a7
Milk,Tunisia,Tunis,RETAIL,2014-03-01,0.67,Liter,ea0604c0-f78e-4fdb-9abd-6acb924220ce
Milk,Ecuador,Cuenca,WHOLESALE,2014-04-01,0.94,Liter,9ded0774-9f9c-4c3f-981e-70173ab253a1
Milk,India,Andhra Pradesh,RETAIL,2014-04-01,0.6,Liter,177c26f9-cc5e-4954-998c-920407b7ed2b
Milk,India,Andhra Pradesh,WHOLESALE,2014-04-01,56.75,100 liters,9bd42cc6-fc7c-4edd-86da-7d044bfa81e6
Milk,India,Bihar,RETAIL,2014-04-01,0.55,Liter,3d46fd94-bee5-4617-8bd5-cf37d3f74efc
Milk,India,Bihar,WHOLESALE,2014-04-01,53.16,100 liters,f9f75db4-1b8a-4f94-b38f-3cf626a056a6
Milk,India,Chandigarh,WHOLESALE,2014-04-01,57.99,100 liters,0e41a37c-0712-48e0-a514-562b65ef629d
Milk,India,Chandigarh,RETAIL,2014-04-01,0.63,Liter,7538bf6d-4980-4164-a626-9bbc7a2a7a6c
Milk,India,Delhi,RETAIL,2014-04-01,0.6,Liter,fd7a5f7a-34b8-4b83-ba22-80acf59a34fc
Milk,India,Goa,RETAIL,2014-04-01,0.7,Liter,1c0912ca-658d-4354-a6f1-d12f805e651a
Milk,India,Gujarat,RETAIL,2014-04-01,0.7,Liter,edff013e-a49f-429c-aedd-b12b8c183797
Milk,India,Haryana,WHOLESALE,2014-04-01,65.11,100 liters,58214e91-5e6d-4d3e-b6ea-0bbabb3fe598
Milk,India,Haryana,RETAIL,2014-04-01,0.69,Liter,ba20dd21-6119-4f95-a9d0-457f17c44d00
Milk,India,Karnataka,RETAIL,2014-04-01,0.56,Liter,34893397-2968-4ca0-a8bc-3d586eb132ba
Milk,India,Karnataka,WHOLESALE,2014-04-01,54.76,100 liters,5b91aca9-0d94-48ec-af3f-dc8f0e52d69e
Milk,India,Madhya Pradesh,WHOLESALE,2014-04-01,60.94,100 liters,94697d34-761e-403b-a1af-cbecc7288289
Milk,India,Madhya Pradesh,RETAIL,2014-04-01,0.64,Liter,a9cc3a73-2df0-48a6-b85f-ee1eeb52c730
Milk,India,Maharashtra,RETAIL,2014-04-01,0.6,Liter,3325148d-79ac-46f5-a02a-95099621e47b
Milk,India,Maharashtra,WHOLESALE,2014-04-01,55.18,100 liters,a3f1ac52-3d0d-4b05-a897-dc25fc45e47c
Milk,India,National Average,WHOLESALE,2014-04-01,57.55,100 liters,34810c05-53d8-461c-8322-c853d3aaf3c5
Milk,India,National Average,RETAIL,2014-04-01,0.6,Liter,43ac28e5-2717-4173-8d19-13b90ff5dbe6
Milk,India,Puducherry,WHOLESALE,2014-04-01,47.34,100 liters,41fe9cde-d4e0-455d-85d4-5279c520e366
Milk,India,Puducherry,RETAIL,2014-04-01,0.48,Liter,53e6ae43-aa38-4c44-aa4c-76594c0fadd5
Milk,India,Punjab,WHOLESALE,2014-04-01,61.35,100 liters,6ef01407-babd-493b-9871-62e969e56acd
Milk,India,Punjab,RETAIL,2014-04-01,0.65,Liter,9ec5b53b-dbbb-4852-97d1-c987f62e244c
Milk,India,Tamil Nadu,RETAIL,2014-04-01,0.49,Liter,725f0105-ce4b-472c-a48f-82cdad56fd9c
Milk,India,Uttar Pradesh,RETAIL,2014-04-01,0.71,Liter,9d7e7e25-1632-48ec-9826-adfd708bb6a7
Milk,Tunisia,Tunis,RETAIL,2014-04-01,0.67,Liter,ea0604c0-f78e-4fdb-9abd-6acb924220ce
Milk,Ecuador,Cuenca,WHOLESALE,2014-05-01,0.94,Liter,9ded0774-9f9c-4c3f-981e-70173ab253a1
Milk,India,Andhra Pradesh,RETAIL,2014-05-01,0.62,Liter,177c26f9-cc5e-4954-998c-920407b7ed2b
Milk,India,Andhra Pradesh,WHOLESALE,2014-05-01,57.75,100 liters,9bd42cc6-fc7c-4edd-86da-7d044bfa81e6
Milk,India,Bihar,RETAIL,2014-05-01,0.57,Liter,3d46fd94-bee5-4617-8bd5-cf37d3f74efc
Milk,India,Bihar,WHOLESALE,2014-05-01,55.59,100 liters,f9f75db4-1b8a-4f94-b38f-3cf626a056a6
Milk,India,Chandigarh,WHOLESALE,2014-05-01,59.02,100 liters,0e41a37c-0712-48e0-a514-562b65ef629d
Milk,India,Chandigarh,RETAIL,2014-05-01,0.64,Liter,7538bf6d-4980-4164-a626-9bbc7a2a7a6c
Milk,India,Delhi,RETAIL,2014-05-01,0.61,Liter,fd7a5f7a-34b8-4b83-ba22-80acf59a34fc
Milk,India,Goa,RETAIL,2014-05-01,0.71,Liter,1c0912ca-658d-4354-a6f1-d12f805e651a
Milk,India,Gujarat,RETAIL,2014-05-01,0.72,Liter,edff013e-a49f-429c-aedd-b12b8c183797
Milk,India,Haryana,WHOLESALE,2014-05-01,67.32,100 liters,58214e91-5e6d-4d3e-b6ea-0bbabb3fe598
Milk,India,Haryana,RETAIL,2014-05-01,0.71,Liter,ba20dd21-6119-4f95-a9d0-457f17c44d00
Milk,India,Karnataka,RETAIL,2014-05-01,0.57,Liter,34893397-2968-4ca0-a8bc-3d586eb132ba
Milk,India,Karnataka,WHOLESALE,2014-05-01,56.15,100 liters,5b91aca9-0d94-48ec-af3f-dc8f0e52d69e
Milk,India,Madhya Pradesh,WHOLESALE,2014-05-01,61.9,100 liters,94697d34-761e-403b-a1af-cbecc7288289
Milk,India,Madhya Pradesh,RETAIL,2014-05-01,0.65,Liter,a9cc3a73-2df0-48a6-b85f-ee1eeb52c730
Milk,India,Maharashtra,RETAIL,2014-05-01,0.61,Liter,3325148d-79ac-46f5-a02a-95099621e47b
Milk,India,Maharashtra,WHOLESALE,2014-05-01,56.91,100 liters,a3f1ac52-3d0d-4b05-a897-dc25fc45e47c
Milk,India,National Average,WHOLESALE,2014-05-01,59.08,100 liters,34810c05-53d8-461c-8322-c853d3aaf3c5
Milk,India,National Average,RETAIL,2014-05-01,0.61,Liter,43ac28e5-2717-4173-8d19-13b90ff5dbe6
Milk,India,Puducherry,WHOLESALE,2014-05-01,48.17,100 liters,41fe9cde-d4e0-455d-85d4-5279c520e366
Milk,India,Puducherry,RETAIL,2014-05-01,0.49,Liter,53e6ae43-aa38-4c44-aa4c-76594c0fadd5
Milk,India,Punjab,WHOLESALE,2014-05-01,63.36,100 liters,6ef01407-babd-493b-9871-62e969e56acd
Milk,India,Punjab,RETAIL,2014-05-01,0.67,Liter,9ec5b53b-dbbb-4852-97d1-c987f62e244c
Milk,India,Tamil Nadu,RETAIL,2014-05-01,0.49,Liter,725f0105-ce4b-472c-a48f-82cdad56fd9c
Milk,India,Uttar Pradesh,RETAIL,2014-05-01,0.73,Liter,9d7e7e25-1632-48ec-9826-adfd708bb6a7
Milk,Tunisia,Tunis,RETAIL,2014-05-01,0.65,Liter,ea0604c0-f78e-4fdb-9abd-6acb924220ce
Milk,Ecuador,Cuenca,WHOLESALE,2014-06-01,0.94,Liter,9ded0774-9f9c-4c3f-981e-70173ab253a1
Milk,India,Andhra Pradesh,RETAIL,2014-06-01,0.63,Liter,177c26f9-cc5e-4954-998c-920407b7ed2b
Milk,India,Andhra Pradesh,WHOLESALE,2014-06-01,58.78,100 liters,9bd42cc6-fc7c-4edd-86da-7d044bfa81e6
Milk,India,Bihar,RETAIL,2014-06-01,0.57,Liter,3d46fd94-bee5-4617-8bd5-cf37d3f74efc
Milk,India,Bihar,WHOLESALE,2014-06-01,55.47,100 liters,f9f75db4-1b8a-4f94-b38f-3cf626a056a6
Milk,India,Chandigarh,WHOLESALE,2014-06-01,58.6,100 liters,0e41a37c-0712-48e0-a514-562b65ef629d
Milk,India,Chandigarh,RETAIL,2014-06-01,0.64,Liter,7538bf6d-4980-4164-a626-9bbc7a2a7a6c
Milk,India,Delhi,RETAIL,2014-06-01,0.64,Liter,fd7a5f7a-34b8-4b83-ba22-80acf59a34fc
Milk,India,Goa,RETAIL,2014-06-01,0.7,Liter,1c0912ca-658d-4354-a6f1-d12f805e651a
Milk,India,Gujarat,RETAIL,2014-06-01,0.72,Liter,edff013e-a49f-429c-aedd-b12b8c183797
Milk,India,Haryana,WHOLESALE,2014-06-01,69.71,100 liters,58214e91-5e6d-4d3e-b6ea-0bbabb3fe598
Milk,India,Haryana,RETAIL,2014-06-01,0.74,Liter,ba20dd21-6119-4f95-a9d0-457f17c44d00
Milk,India,Karnataka,RETAIL,2014-06-01,0.57,Liter,34893397-2968-4ca0-a8bc-3d586eb132ba
Milk,India,Karnataka,WHOLESALE,2014-06-01,55.75,100 liters,5b91aca9-0d94-48ec-af3f-dc8f0e52d69e
Milk,India,Madhya Pradesh,WHOLESALE,2014-06-01,62.16,100 liters,94697d34-761e-403b-a1af-cbecc7288289
Milk,India,Madhya Pradesh,RETAIL,2014-06-01,0.65,Liter,a9cc3a73-2df0-48a6-b85f-ee1eeb52c730
Milk,India,Maharashtra,RETAIL,2014-06-01,0.6,Liter,3325148d-79ac-46f5-a02a-95099621e47b
Milk,India,Maharashtra,WHOLESALE,2014-06-01,55.6,100 liters,a3f1ac52-3d0d-4b05-a897-dc25fc45e47c
Milk,India,National Average,WHOLESALE,2014-06-01,59.25,100 liters,34810c05-53d8-461c-8322-c853d3aaf3c5
Milk,India,National Average,RETAIL,2014-06-01,0.61,Liter,43ac28e5-2717-4173-8d19-13b90ff5dbe6
Milk,India,Puducherry,WHOLESALE,2014-06-01,47.83,100 liters,41fe9cde-d4e0-455d-85d4-5279c520e366
Milk,India,Puducherry,RETAIL,2014-06-01,0.49,Liter,53e6ae43-aa38-4c44-aa4c-76594c0fadd5
Milk,India,Punjab,WHOLESALE,2014-06-01,62.75,100 liters,6ef01407-babd-493b-9871-62e969e56acd
Milk,India,Punjab,RETAIL,2014-06-01,0.66,Liter,9ec5b53b-dbbb-4852-97d1-c987f62e244c
Milk,India,Tamil Nadu,RETAIL,2014-06-01,0.49,Liter,725f0105-ce4b-472c-a48f-82cdad56fd9c
Milk,India,Uttar Pradesh,RETAIL,2014-06-01,0.74,Liter,9d7e7e25-1632-48ec-9826-adfd708bb6a7
Milk,Tunisia,Tunis,RETAIL,2014-06-01,0.64,Liter,ea0604c0-f78e-4fdb-9abd-6acb924220ce
Milk,Ecuador,Cuenca,WHOLESALE,2014-07-01,1.04,Liter,9ded0774-9f9c-4c3f-981e-70173ab253a1
Milk,India,Andhra Pradesh,RETAIL,2014-07-01,0.62,Liter,177c26f9-cc5e-4954-998c-920407b7ed2b
Milk,India,Andhra Pradesh,WHOLESALE,2014-07-01,58.69,100 liters,9bd42cc6-fc7c-4edd-86da-7d044bfa81e6
Milk,India,Bihar,RETAIL,2014-07-01,0.57,Liter,3d46fd94-bee5-4617-8bd5-cf37d3f74efc
Milk,India,Bihar,WHOLESALE,2014-07-01,55.76,100 liters,f9f75db4-1b8a-4f94-b38f-3cf626a056a6
Milk,India,Chandigarh,WHOLESALE,2014-07-01,58.28,100 liters,0e41a37c-0712-48e0-a514-562b65ef629d
Milk,India,Chandigarh,RETAIL,2014-07-01,0.63,Liter,7538bf6d-4980-4164-a626-9bbc7a2a7a6c
Milk,India,Delhi,RETAIL,2014-07-01,0.63,Liter,fd7a5f7a-34b8-4b83-ba22-80acf59a34fc
Milk,India,Goa,RETAIL,2014-07-01,0.73,Liter,1c0912ca-658d-4354-a6f1-d12f805e651a
Milk,India,Gujarat,RETAIL,2014-07-01,0.72,Liter,edff013e-a49f-429c-aedd-b12b8c183797
Milk,India,Haryana,WHOLESALE,2014-07-01,69.22,100 liters,58214e91-5e6d-4d3e-b6ea-0bbabb3fe598
Milk,India,Haryana,RETAIL,2014-07-01,0.73,Liter,ba20dd21-6119-4f95-a9d0-457f17c44d00
Milk,India,Karnataka,RETAIL,2014-07-01,0.57,Liter,34893397-2968-4ca0-a8bc-3d586eb132ba
Milk,India,Karnataka,WHOLESALE,2014-07-01,55.76,100 liters,5b91aca9-0d94-48ec-af3f-dc8f0e52d69e
Milk,India,Madhya Pradesh,WHOLESALE,2014-07-01,61.37,100 liters,94697d34-761e-403b-a1af-cbecc7288289
Milk,India,Madhya Pradesh,RETAIL,2014-07-01,0.64,Liter,a9cc3a73-2df0-48a6-b85f-ee1eeb52c730
Milk,India,Maharashtra,RETAIL,2014-07-01,0.6,Liter,3325148d-79ac-46f5-a02a-95099621e47b
Milk,India,Maharashtra,WHOLESALE,2014-07-01,55.3,100 liters,a3f1ac52-3d0d-4b05-a897-dc25fc45e47c
Milk,India,National Average,WHOLESALE,2014-07-01,59.88,100 liters,34810c05-53d8-461c-8322-c853d3aaf3c5
Milk,India,National Average,RETAIL,2014-07-01,0.62,Liter,43ac28e5-2717-4173-8d19-13b90ff5dbe6
Milk,India,Puducherry,WHOLESALE,2014-07-01,47.57,100 liters,41fe9cde-d4e0-455d-85d4-5279c520e366
Milk,India,Puducherry,RETAIL,2014-07-01,0.46,Liter,53e6ae43-aa38-4c44-aa4c-76594c0fadd5
Milk,India,Punjab,WHOLESALE,2014-07-01,65.12,100 liters,6ef01407-babd-493b-9871-62e969e56acd
Milk,India,Punjab,RETAIL,2014-07-01,0.68,Liter,9ec5b53b-dbbb-4852-97d1-c987f62e244c
Milk,India,Tamil Nadu,RETAIL,2014-07-01,0.49,Liter,725f0105-ce4b-472c-a48f-82cdad56fd9c
Milk,India,Uttar Pradesh,RETAIL,2014-07-01,0.75,Liter,9d7e7e25-1632-48ec-9826-adfd708bb6a7
Milk,Tunisia,Tunis,RETAIL,2014-07-01,0.62,Liter,ea0604c0-f78e-4fdb-9abd-6acb924220ce
Milk,Ecuador,Cuenca,WHOLESALE,2014-08-01,1.15,Liter,9ded0774-9f9c-4c3f-981e-70173ab253a1
Milk,India,Andhra Pradesh,RETAIL,2014-08-01,0.62,Liter,177c26f9-cc5e-4954-998c-920407b7ed2b
Milk,India,Andhra Pradesh,WHOLESALE,2014-08-01,57.89,100 liters,9bd42cc6-fc7c-4edd-86da-7d044bfa81e6
Milk,India,Bihar,RETAIL,2014-08-01,0.57,Liter,3d46fd94-bee5-4617-8bd5-cf37d3f74efc
Milk,India,Bihar,WHOLESALE,2014-08-01,55.72,100 liters,f9f75db4-1b8a-4f94-b38f-3cf626a056a6
Milk,India,Chandigarh,WHOLESALE,2014-08-01,57.48,100 liters,0e41a37c-0712-48e0-a514-562b65ef629d
Milk,India,Chandigarh,RETAIL,2014-08-01,0.62,Liter,7538bf6d-4980-4164-a626-9bbc7a2a7a6c
Milk,India,Delhi,RETAIL,2014-08-01,0.62,Liter,fd7a5f7a-34b8-4b83-ba22-80acf59a34fc
Milk,India,Goa,RETAIL,2014-08-01,0.72,Liter,1c0912ca-658d-4354-a6f1-d12f805e651a
Milk,India,Gujarat,RETAIL,2014-08-01,0.71,Liter,edff013e-a49f-429c-aedd-b12b8c183797
Milk,India,Haryana,WHOLESALE,2014-08-01,68.46,100 liters,58214e91-5e6d-4d3e-b6ea-0bbabb3fe598
Milk,India,Haryana,RETAIL,2014-08-01,0.72,Liter,ba20dd21-6119-4f95-a9d0-457f17c44d00
Milk,India,Karnataka,RETAIL,2014-08-01,0.57,Liter,34893397-2968-4ca0-a8bc-3d586eb132ba
Milk,India,Karnataka,WHOLESALE,2014-08-01,56.06,100 liters,5b91aca9-0d94-48ec-af3f-dc8f0e52d69e
Milk,India,Madhya Pradesh,WHOLESALE,2014-08-01,60.69,100 liters,94697d34-761e-403b-a1af-cbecc7288289
Milk,India,Madhya Pradesh,RETAIL,2014-08-01,0.64,Liter,a9cc3a73-2df0-48a6-b85f-ee1eeb52c730
Milk,India,Maharashtra,RETAIL,2014-08-01,0.59,Liter,3325148d-79ac-46f5-a02a-95099621e47b
Milk,India,Maharashtra,WHOLESALE,2014-08-01,54.73,100 liters,a3f1ac52-3d0d-4b05-a897-dc25fc45e47c
Milk,India,National Average,WHOLESALE,2014-08-01,59.63,100 liters,34810c05-53d8-461c-8322-c853d3aaf3c5
Milk,India,National Average,RETAIL,2014-08-01,0.62,Liter,43ac28e5-2717-4173-8d19-13b90ff5dbe6
Milk,India,Puducherry,RETAIL,2014-08-01,0.43,Liter,53e6ae43-aa38-4c44-aa4c-76594c0fadd5
Milk,India,Punjab,WHOLESALE,2014-08-01,64.27,100 liters,6ef01407-babd-493b-9871-62e969e56acd
Milk,India,Punjab,RETAIL,2014-08-01,0.67,Liter,9ec5b53b-dbbb-4852-97d1-c987f62e244c
Milk,India,Tamil Nadu,RETAIL,2014-08-01,0.47,Liter,725f0105-ce4b-472c-a48f-82cdad56fd9c
Milk,India,Uttar Pradesh,RETAIL,2014-08-01,0.76,Liter,9d7e7e25-1632-48ec-9826-adfd708bb6a7
Milk,Tunisia,Tunis,RETAIL,2014-08-01,0.61,Liter,ea0604c0-f78e-4fdb-9abd-6acb924220ce
Milk,Ecuador,Cuenca,WHOLESALE,2014-09-01,1.15,Liter,9ded0774-9f9c-4c3f-981e-70173ab253a1
Milk,India,Andhra Pradesh,RETAIL,2014-09-01,0.62,Liter,177c26f9-cc5e-4954-998c-920407b7ed2b
Milk,India,Andhra Pradesh,WHOLESALE,2014-09-01,57.92,100 liters,9bd42cc6-fc7c-4edd-86da-7d044bfa81e6
Milk,India,Bihar,RETAIL,2014-09-01,0.58,Liter,3d46fd94-bee5-4617-8bd5-cf37d3f74efc
Milk,India,Bihar,WHOLESALE,2014-09-01,55.86,100 liters,f9f75db4-1b8a-4f94-b38f-3cf626a056a6
Milk,India,Chandigarh,WHOLESALE,2014-09-01,57.5,100 liters,0e41a37c-0712-48e0-a514-562b65ef629d
Milk,India,Chandigarh,RETAIL,2014-09-01,0.62,Liter,7538bf6d-4980-4164-a626-9bbc7a2a7a6c
Milk,India,Delhi,RETAIL,2014-09-01,0.62,Liter,fd7a5f7a-34b8-4b83-ba22-80acf59a34fc
Milk,India,Goa,RETAIL,2014-09-01,0.72,Liter,1c0912ca-658d-4354-a6f1-d12f805e651a
Milk,India,Gujarat,RETAIL,2014-09-01,0.71,Liter,edff013e-a49f-429c-aedd-b12b8c183797
Milk,India,Haryana,WHOLESALE,2014-09-01,68.33,100 liters,58214e91-5e6d-4d3e-b6ea-0bbabb3fe598
Milk,India,Haryana,RETAIL,2014-09-01,0.72,Liter,ba20dd21-6119-4f95-a9d0-457f17c44d00
Milk,India,Karnataka,RETAIL,2014-09-01,0.58,Liter,34893397-2968-4ca0-a8bc-3d586eb132ba
Milk,India,Karnataka,WHOLESALE,2014-09-01,58.34,100 liters,5b91aca9-0d94-48ec-af3f-dc8f0e52d69e
Milk,India,Madhya Pradesh,WHOLESALE,2014-09-01,60.85,100 liters,94697d34-761e-403b-a1af-cbecc7288289
Milk,India,Madhya Pradesh,RETAIL,2014-09-01,0.64,Liter,a9cc3a73-2df0-48a6-b85f-ee1eeb52c730
Milk,India,Maharashtra,RETAIL,2014-09-01,0.59,Liter,3325148d-79ac-46f5-a02a-95099621e47b
Milk,India,Maharashtra,WHOLESALE,2014-09-01,54.91,100 liters,a3f1ac52-3d0d-4b05-a897-dc25fc45e47c
Milk,India,National Average,WHOLESALE,2014-09-01,60.05,100 liters,34810c05-53d8-461c-8322-c853d3aaf3c5
Milk,India,National Average,RETAIL,2014-09-01,0.61,Liter,43ac28e5-2717-4173-8d19-13b90ff5dbe6
Milk,India,Puducherry,RETAIL,2014-09-01,0.43,Liter,53e6ae43-aa38-4c44-aa4c-76594c0fadd5
Milk,India,Punjab,WHOLESALE,2014-09-01,64.35,100 liters,6ef01407-babd-493b-9871-62e969e56acd
Milk,India,Punjab,RETAIL,2014-09-01,0.67,Liter,9ec5b53b-dbbb-4852-97d1-c987f62e244c
Milk,India,Tamil Nadu,RETAIL,2014-09-01,0.47,Liter,725f0105-ce4b-472c-a48f-82cdad56fd9c
Milk,India,Uttar Pradesh,RETAIL,2014-09-01,0.75,Liter,9d7e7e25-1632-48ec-9826-adfd708bb6a7
Milk,Tunisia,Tunis,RETAIL,2014-09-01,0.6,Liter,ea0604c0-f78e-4fdb-9abd-6acb924220ce
Milk,Ecuador,Cuenca,WHOLESALE,2014-10-01,1.15,Liter,9ded0774-9f9c-4c3f-981e-70173ab253a1
Milk,India,Andhra Pradesh,RETAIL,2014-10-01,0.61,Liter,177c26f9-cc5e-4954-998c-920407b7ed2b
Milk,India,Andhra Pradesh,WHOLESALE,2014-10-01,57.46,100 liters,9bd42cc6-fc7c-4edd-86da-7d044bfa81e6
Milk,India,Bihar,RETAIL,2014-10-01,0.59,Liter,3d46fd94-bee5-4617-8bd5-cf37d3f74efc
Milk,India,Bihar,WHOLESALE,2014-10-01,55.43,100 liters,f9f75db4-1b8a-4f94-b38f-3cf626a056a6
Milk,India,Chandigarh,WHOLESALE,2014-10-01,57.06,100 liters,0e41a37c-0712-48e0-a514-562b65ef629d
Milk,India,Chandigarh,RETAIL,2014-10-01,0.62,Liter,7538bf6d-4980-4164-a626-9bbc7a2a7a6c
Milk,India,Delhi,RETAIL,2014-10-01,0.62,Liter,fd7a5f7a-34b8-4b83-ba22-80acf59a34fc
Milk,India,Goa,RETAIL,2014-10-01,0.72,Liter,1c0912ca-658d-4354-a6f1-d12f805e651a
Milk,India,Gujarat,RETAIL,2014-10-01,0.7,Liter,edff013e-a49f-429c-aedd-b12b8c183797
Milk,India,Haryana,WHOLESALE,2014-10-01,67.87,100 liters,58214e91-5e6d-4d3e-b6ea-0bbabb3fe598
Milk,India,Haryana,RETAIL,2014-10-01,0.72,Liter,ba20dd21-6119-4f95-a9d0-457f17c44d00
Milk,India,Karnataka,RETAIL,2014-10-01,0.57,Liter,34893397-2968-4ca0-a8bc-3d586eb132ba
Milk,India,Karnataka,WHOLESALE,2014-10-01,55.9,100 liters,5b91aca9-0d94-48ec-af3f-dc8f0e52d69e
Milk,India,Madhya Pradesh,WHOLESALE,2014-10-01,61.82,100 liters,94697d34-761e-403b-a1af-cbecc7288289
Milk,India,Madhya Pradesh,RETAIL,2014-10-01,0.65,Liter,a9cc3a73-2df0-48a6-b85f-ee1eeb52c730
Milk,India,Maharashtra,RETAIL,2014-10-01,0.59,Liter,3325148d-79ac-46f5-a02a-95099621e47b
Milk,India,Maharashtra,WHOLESALE,2014-10-01,54.18,100 liters,a3f1ac52-3d0d-4b05-a897-dc25fc45e47c
Milk,India,National Average,WHOLESALE,2014-10-01,59.55,100 liters,34810c05-53d8-461c-8322-c853d3aaf3c5
Milk,India,National Average,RETAIL,2014-10-01,0.61,Liter,43ac28e5-2717-4173-8d19-13b90ff5dbe6
Milk,India,Puducherry,RETAIL,2014-10-01,0.42,Liter,53e6ae43-aa38-4c44-aa4c-76594c0fadd5
Milk,India,Punjab,WHOLESALE,2014-10-01,63.49,100 liters,6ef01407-babd-493b-9871-62e969e56acd
Milk,India,Punjab,RETAIL,2014-10-01,0.66,Liter,9ec5b53b-dbbb-4852-97d1-c987f62e244c
Milk,India,Tamil Nadu,RETAIL,2014-10-01,0.46,Liter,725f0105-ce4b-472c-a48f-82cdad56fd9c
Milk,India,Uttar Pradesh,RETAIL,2014-10-01,0.75,Liter,9d7e7e25-1632-48ec-9826-adfd708bb6a7
Milk,Tunisia,Tunis,RETAIL,2014-10-01,0.59,Liter,ea0604c0-f78e-4fdb-9abd-6acb924220ce
Milk,Ecuador,Cuenca,WHOLESALE,2014-11-01,1.15,Liter,9ded0774-9f9c-4c3f-981e-70173ab253a1
Milk,India,Andhra Pradesh,RETAIL,2014-11-01,0.61,Liter,177c26f9-cc5e-4954-998c-920407b7ed2b
Milk,India,Andhra Pradesh,WHOLESALE,2014-11-01,57.13,100 liters,9bd42cc6-fc7c-4edd-86da-7d044bfa81e6
Milk,India,Bihar,RETAIL,2014-11-01,0.58,Liter,3d46fd94-bee5-4617-8bd5-cf37d3f74efc
Milk,India,Bihar,WHOLESALE,2014-11-01,55.1,100 liters,f9f75db4-1b8a-4f94-b38f-3cf626a056a6
Milk,India,Chandigarh,WHOLESALE,2014-11-01,56.72,100 liters,0e41a37c-0712-48e0-a514-562b65ef629d
Milk,India,Chandigarh,RETAIL,2014-11-01,0.62,Liter,7538bf6d-4980-4164-a626-9bbc7a2a7a6c
Milk,India,Delhi,RETAIL,2014-11-01,0.62,Liter,fd7a5f7a-34b8-4b83-ba22-80acf59a34fc
Milk,India,Goa,RETAIL,2014-11-01,0.71,Liter,1c0912ca-658d-4354-a6f1-d12f805e651a
Milk,India,Gujarat,RETAIL,2014-11-01,0.7,Liter,edff013e-a49f-429c-aedd-b12b8c183797
Milk,India,Haryana,WHOLESALE,2014-11-01,68.09,100 liters,58214e91-5e6d-4d3e-b6ea-0bbabb3fe598
Milk,India,Haryana,RETAIL,2014-11-01,0.72,Liter,ba20dd21-6119-4f95-a9d0-457f17c44d00
Milk,India,Karnataka,RETAIL,2014-11-01,0.58,Liter,34893397-2968-4ca0-a8bc-3d586eb132ba
Milk,India,Karnataka,WHOLESALE,2014-11-01,56.3,100 liters,5b91aca9-0d94-48ec-af3f-dc8f0e52d69e
Milk,India,Madhya Pradesh,WHOLESALE,2014-11-01,60.17,100 liters,94697d34-761e-403b-a1af-cbecc7288289
Milk,India,Madhya Pradesh,RETAIL,2014-11-01,0.63,Liter,a9cc3a73-2df0-48a6-b85f-ee1eeb52c730
Milk,India,Maharashtra,RETAIL,2014-11-01,0.58,Liter,3325148d-79ac-46f5-a02a-95099621e47b
Milk,India,Maharashtra,WHOLESALE,2014-11-01,53.86,100 liters,a3f1ac52-3d0d-4b05-a897-dc25fc45e47c
Milk,India,National Average,WHOLESALE,2014-11-01,59.6,100 liters,34810c05-53d8-461c-8322-c853d3aaf3c5
Milk,India,National Average,RETAIL,2014-11-01,0.62,Liter,43ac28e5-2717-4173-8d19-13b90ff5dbe6
Milk,India,Puducherry,RETAIL,2014-11-01,0.43,Liter,53e6ae43-aa38-4c44-aa4c-76594c0fadd5
Milk,India,Punjab,WHOLESALE,2014-11-01,63.43,100 liters,6ef01407-babd-493b-9871-62e969e56acd
Milk,India,Punjab,RETAIL,2014-11-01,0.67,Liter,9ec5b53b-dbbb-4852-97d1-c987f62e244c
Milk,India,Tamil Nadu,RETAIL,2014-11-01,0.58,Liter,725f0105-ce4b-472c-a48f-82cdad56fd9c
Milk,India,Uttar Pradesh,RETAIL,2014-11-01,0.74,Liter,9d7e7e25-1632-48ec-9826-adfd708bb6a7
Milk,Tunisia,Tunis,RETAIL,2014-11-01,0.58,Liter,ea0604c0-f78e-4fdb-9abd-6acb924220ce
Milk,Ecuador,Cuenca,WHOLESALE,2014-12-01,1.15,Liter,9ded0774-9f9c-4c3f-981e-70173ab253a1
Milk,India,Andhra Pradesh,RETAIL,2014-12-01,0.6,Liter,177c26f9-cc5e-4954-998c-920407b7ed2b
Milk,India,Andhra Pradesh,WHOLESALE,2014-12-01,56.17,100 liters,9bd42cc6-fc7c-4edd-86da-7d044bfa81e6
Milk,India,Bihar,RETAIL,2014-12-01,0.58,Liter,3d46fd94-bee5-4617-8bd5-cf37d3f74efc
Milk,India,Bihar,WHOLESALE,2014-12-01,54.18,100 liters,f9f75db4-1b8a-4f94-b38f-3cf626a056a6
Milk,India,Chandigarh,WHOLESALE,2014-12-01,55.77,100 liters,0e41a37c-0712-48e0-a514-562b65ef629d
Milk,India,Chandigarh,RETAIL,2014-12-01,0.61,Liter,7538bf6d-4980-4164-a626-9bbc7a2a7a6c
Milk,India,Delhi,RETAIL,2014-12-01,0.61,Liter,fd7a5f7a-34b8-4b83-ba22-80acf59a34fc
Milk,India,Goa,RETAIL,2014-12-01,0.7,Liter,1c0912ca-658d-4354-a6f1-d12f805e651a
Milk,India,Gujarat,RETAIL,2014-12-01,0.69,Liter,edff013e-a49f-429c-aedd-b12b8c183797
Milk,India,Haryana,WHOLESALE,2014-12-01,67.63,100 liters,58214e91-5e6d-4d3e-b6ea-0bbabb3fe598
Milk,India,Haryana,RETAIL,2014-12-01,0.71,Liter,ba20dd21-6119-4f95-a9d0-457f17c44d00
Milk,India,Karnataka,RETAIL,2014-12-01,0.55,Liter,34893397-2968-4ca0-a8bc-3d586eb132ba
Milk,India,Karnataka,WHOLESALE,2014-12-01,55.1,100 liters,5b91aca9-0d94-48ec-af3f-dc8f0e52d69e
Milk,India,Madhya Pradesh,WHOLESALE,2014-12-01,59.09,100 liters,94697d34-761e-403b-a1af-cbecc7288289
Milk,India,Madhya Pradesh,RETAIL,2014-12-01,0.62,Liter,a9cc3a73-2df0-48a6-b85f-ee1eeb52c730
Milk,India,Maharashtra,RETAIL,2014-12-01,0.57,Liter,3325148d-79ac-46f5-a02a-95099621e47b
Milk,India,Maharashtra,WHOLESALE,2014-12-01,53.21,100 liters,a3f1ac52-3d0d-4b05-a897-dc25fc45e47c
Milk,India,National Average,WHOLESALE,2014-12-01,58.27,100 liters,34810c05-53d8-461c-8322-c853d3aaf3c5
Milk,India,National Average,RETAIL,2014-12-01,0.61,Liter,43ac28e5-2717-4173-8d19-13b90ff5dbe6
Milk,India,Puducherry,RETAIL,2014-12-01,0.57,Liter,53e6ae43-aa38-4c44-aa4c-76594c0fadd5
Milk,India,Punjab,WHOLESALE,2014-12-01,62.41,100 liters,6ef01407-babd-493b-9871-62e969e56acd
Milk,India,Punjab,RETAIL,2014-12-01,0.66,Liter,9ec5b53b-dbbb-4852-97d1-c987f62e244c
Milk,India,Tamil Nadu,RETAIL,2014-12-01,0.57,Liter,725f0105-ce4b-472c-a48f-82cdad56fd9c
Milk,India,Uttar Pradesh,RETAIL,2014-12-01,0.73,Liter,9d7e7e25-1632-48ec-9826-adfd708bb6a7
Milk,Tunisia,Tunis,RETAIL,2014-12-01,0.57,Liter,ea0604c0-f78e-4fdb-9abd-6acb924220ce
Milk,Ecuador,Cuenca,WHOLESALE,2015-01-01,1.15,Liter,9ded0774-9f9c-4c3f-981e-70173ab253a1
Milk,India,Andhra Pradesh,RETAIL,2015-01-01,0.6,Liter,177c26f9-cc5e-4954-998c-920407b7ed2b
Milk,India,Andhra Pradesh,WHOLESALE,2015-01-01,56.65,100 liters,9bd42cc6-fc7c-4edd-86da-7d044bfa81e6
Milk,India,Bihar,RETAIL,2015-01-01,0.58,Liter,3d46fd94-bee5-4617-8bd5-cf37d3f74efc
Milk,India,Bihar,WHOLESALE,2015-01-01,54.64,100 liters,f9f75db4-1b8a-4f94-b38f-3cf626a056a6
Milk,India,Chandigarh,WHOLESALE,2015-01-01,56.25,100 liters,0e41a37c-0712-48e0-a514-562b65ef629d
Milk,India,Chandigarh,RETAIL,2015-01-01,0.61,Liter,7538bf6d-4980-4164-a626-9bbc7a2a7a6c
Milk,India,Delhi,RETAIL,2015-01-01,0.61,Liter,fd7a5f7a-34b8-4b83-ba22-80acf59a34fc
Milk,India,Goa,RETAIL,2015-01-01,0.71,Liter,1c0912ca-658d-4354-a6f1-d12f805e651a
Milk,India,Gujarat,RETAIL,2015-01-01,0.69,Liter,edff013e-a49f-429c-aedd-b12b8c183797
Milk,India,Haryana,WHOLESALE,2015-01-01,69.48,100 liters,58214e91-5e6d-4d3e-b6ea-0bbabb3fe598
Milk,India,Haryana,RETAIL,2015-01-01,0.73,Liter,ba20dd21-6119-4f95-a9d0-457f17c44d00
Milk,India,Karnataka,RETAIL,2015-01-01,0.57,Liter,34893397-2968-4ca0-a8bc-3d586eb132ba
Milk,India,Karnataka,WHOLESALE,2015-01-01,55.88,100 liters,5b91aca9-0d94-48ec-af3f-dc8f0e52d69e
Milk,India,Madhya Pradesh,WHOLESALE,2015-01-01,59.45,100 liters,94697d34-761e-403b-a1af-cbecc7288289
Milk,India,Madhya Pradesh,RETAIL,2015-01-01,0.62,Liter,a9cc3a73-2df0-48a6-b85f-ee1eeb52c730
Milk,India,Maharashtra,RETAIL,2015-01-01,0.58,Liter,3325148d-79ac-46f5-a02a-95099621e47b
Milk,India,Maharashtra,WHOLESALE,2015-01-01,53.73,100 liters,a3f1ac52-3d0d-4b05-a897-dc25fc45e47c
Milk,India,National Average,WHOLESALE,2015-01-01,58.49,100 liters,34810c05-53d8-461c-8322-c853d3aaf3c5
Milk,India,National Average,RETAIL,2015-01-01,0.62,Liter,43ac28e5-2717-4173-8d19-13b90ff5dbe6
Milk,India,Puducherry,RETAIL,2015-01-01,0.58,Liter,53e6ae43-aa38-4c44-aa4c-76594c0fadd5
Milk,India,Punjab,WHOLESALE,2015-01-01,62.74,100 liters,6ef01407-babd-493b-9871-62e969e56acd
Milk,India,Punjab,RETAIL,2015-01-01,0.66,Liter,9ec5b53b-dbbb-4852-97d1-c987f62e244c
Milk,India,Tamil Nadu,RETAIL,2015-01-01,0.58,Liter,725f0105-ce4b-472c-a48f-82cdad56fd9c
Milk,India,Uttar Pradesh,RETAIL,2015-01-01,0.74,Liter,9d7e7e25-1632-48ec-9826-adfd708bb6a7
Milk,Tunisia,Tunis,RETAIL,2015-01-01,0.59,Liter,ea0604c0-f78e-4fdb-9abd-6acb924220ce
Milk,Ecuador,Cuenca,WHOLESALE,2015-02-01,1.15,Liter,9ded0774-9f9c-4c3f-981e-70173ab253a1
Milk,India,Andhra Pradesh,RETAIL,2015-02-01,0.6,Liter,177c26f9-cc5e-4954-998c-920407b7ed2b
Milk,India,Andhra Pradesh,WHOLESALE,2015-02-01,56.82,100 liters,9bd42cc6-fc7c-4edd-86da-7d044bfa81e6
Milk,India,Bihar,RETAIL,2015-02-01,0.59,Liter,3d46fd94-bee5-4617-8bd5-cf37d3f74efc
Milk,India,Bihar,WHOLESALE,2015-02-01,54.81,100 liters,f9f75db4-1b8a-4f94-b38f-3cf626a056a6
Milk,India,Chandigarh,WHOLESALE,2015-02-01,56.42,100 liters,0e41a37c-0712-48e0-a514-562b65ef629d
Milk,India,Chandigarh,RETAIL,2015-02-01,0.61,Liter,7538bf6d-4980-4164-a626-9bbc7a2a7a6c
Milk,India,Delhi,RETAIL,2015-02-01,0.61,Liter,fd7a5f7a-34b8-4b83-ba22-80acf59a34fc
Milk,India,Goa,RETAIL,2015-02-01,0.71,Liter,1c0912ca-658d-4354-a6f1-d12f805e651a
Milk,India,Gujarat,RETAIL,2015-02-01,0.69,Liter,edff013e-a49f-429c-aedd-b12b8c183797
Milk,India,Haryana,WHOLESALE,2015-02-01,70.12,100 liters,58214e91-5e6d-4d3e-b6ea-0bbabb3fe598
Milk,India,Haryana,RETAIL,2015-02-01,0.73,Liter,ba20dd21-6119-4f95-a9d0-457f17c44d00
Milk,India,Karnataka,RETAIL,2015-02-01,0.57,Liter,34893397-2968-4ca0-a8bc-3d586eb132ba
Milk,India,Karnataka,WHOLESALE,2015-02-01,55.99,100 liters,5b91aca9-0d94-48ec-af3f-dc8f0e52d69e
Milk,India,Madhya Pradesh,WHOLESALE,2015-02-01,59.2,100 liters,94697d34-761e-403b-a1af-cbecc7288289
Milk,India,Madhya Pradesh,RETAIL,2015-02-01,0.62,Liter,a9cc3a73-2df0-48a6-b85f-ee1eeb52c730
Milk,India,Maharashtra,RETAIL,2015-02-01,0.58,Liter,3325148d-79ac-46f5-a02a-95099621e47b
Milk,India,Maharashtra,WHOLESALE,2015-02-01,53.93,100 liters,a3f1ac52-3d0d-4b05-a897-dc25fc45e47c
Milk,India,National Average,WHOLESALE,2015-02-01,58.49,100 liters,34810c05-53d8-461c-8322-c853d3aaf3c5
Milk,India,National Average,RETAIL,2015-02-01,0.62,Liter,43ac28e5-2717-4173-8d19-13b90ff5dbe6
Milk,India,Puducherry,RETAIL,2015-02-01,0.58,Liter,53e6ae43-aa38-4c44-aa4c-76594c0fadd5
Milk,India,Punjab,WHOLESALE,2015-02-01,62.87,100 liters,6ef01407-babd-493b-9871-62e969e56acd
Milk,India,Punjab,RETAIL,2015-02-01,0.66,Liter,9ec5b53b-dbbb-4852-97d1-c987f62e244c
Milk,India,Tamil Nadu,RETAIL,2015-02-01,0.58,Liter,725f0105-ce4b-472c-a48f-82cdad56fd9c
Milk,India,Uttar Pradesh,RETAIL,2015-02-01,0.75,Liter,9d7e7e25-1632-48ec-9826-adfd708bb6a7
Milk,Tunisia,Tunis,RETAIL,2015-02-01,0.58,Liter,ea0604c0-f78e-4fdb-9abd-6acb924220ce
Milk,Ecuador,Cuenca,WHOLESALE,2015-03-01,1.15,Liter,9ded0774-9f9c-4c3f-981e-70173ab253a1
Milk,India,Andhra Pradesh,RETAIL,2015-03-01,0.6,Liter,177c26f9-cc5e-4954-998c-920407b7ed2b
Milk,India,Andhra Pradesh,WHOLESALE,2015-03-01,56.45,100 liters,9bd42cc6-fc7c-4edd-86da-7d044bfa81e6
Milk,India,Bihar,RETAIL,2015-03-01,0.59,Liter,3d46fd94-bee5-4617-8bd5-cf37d3f74efc
Milk,India,Bihar,WHOLESALE,2015-03-01,57.96,100 liters,f9f75db4-1b8a-4f94-b38f-3cf626a056a6
Milk,India,Chandigarh,WHOLESALE,2015-03-01,56.04,100 liters,0e41a37c-0712-48e0-a514-562b65ef629d
Milk,India,Chandigarh,RETAIL,2015-03-01,0.61,Liter,7538bf6d-4980-4164-a626-9bbc7a2a7a6c
Milk,India,Delhi,RETAIL,2015-03-01,0.61,Liter,fd7a5f7a-34b8-4b83-ba22-80acf59a34fc
Milk,India,Goa,RETAIL,2015-03-01,0.7,Liter,1c0912ca-658d-4354-a6f1-d12f805e651a
Milk,India,Gujarat,RETAIL,2015-03-01,0.69,Liter,edff013e-a49f-429c-aedd-b12b8c183797
Milk,India,Haryana,WHOLESALE,2015-03-01,69.66,100 liters,58214e91-5e6d-4d3e-b6ea-0bbabb3fe598
Milk,India,Haryana,RETAIL,2015-03-01,0.73,Liter,ba20dd21-6119-4f95-a9d0-457f17c44d00
Milk,India,Karnataka,RETAIL,2015-03-01,0.56,Liter,34893397-2968-4ca0-a8bc-3d586eb132ba
Milk,India,Karnataka,WHOLESALE,2015-03-01,54.87,100 liters,5b91aca9-0d94-48ec-af3f-dc8f0e52d69e
Milk,India,Madhya Pradesh,WHOLESALE,2015-03-01,59.59,100 liters,94697d34-761e-403b-a1af-cbecc7288289
Milk,India,Madhya Pradesh,RETAIL,2015-03-01,0.62,Liter,a9cc3a73-2df0-48a6-b85f-ee1eeb52c730
Milk,India,Maharashtra,RETAIL,2015-03-01,0.58,Liter,3325148d-79ac-46f5-a02a-95099621e47b
Milk,India,Maharashtra,WHOLESALE,2015-03-01,53.22,100 liters,a3f1ac52-3d0d-4b05-a897-dc25fc45e47c
Milk,India,National Average,WHOLESALE,2015-03-01,58.64,100 liters,34810c05-53d8-461c-8322-c853d3aaf3c5
Milk,India,National Average,RETAIL,2015-03-01,0.62,Liter,43ac28e5-2717-4173-8d19-13b90ff5dbe6
Milk,India,Puducherry,RETAIL,2015-03-01,0.58,Liter,53e6ae43-aa38-4c44-aa4c-76594c0fadd5
Milk,India,Punjab,WHOLESALE,2015-03-01,62.63,100 liters,6ef01407-babd-493b-9871-62e969e56acd
Milk,India,Punjab,RETAIL,2015-03-01,0.66,Liter,9ec5b53b-dbbb-4852-97d1-c987f62e244c
Milk,India,Tamil Nadu,RETAIL,2015-03-01,0.58,Liter,725f0105-ce4b-472c-a48f-82cdad56fd9c
Milk,India,Uttar Pradesh,RETAIL,2015-03-01,0.74,Liter,9d7e7e25-1632-48ec-9826-adfd708bb6a7
Milk,Tunisia,Tunis,RETAIL,2015-03-01,0.57,Liter,ea0604c0-f78e-4fdb-9abd-6acb924220ce
Milk,Ecuador,Cuenca,WHOLESALE,2015-04-01,1.15,Liter,9ded0774-9f9c-4c3f-981e-70173ab253a1
Milk,India,Andhra Pradesh,RETAIL,2015-04-01,0.6,Liter,177c26f9-cc5e-4954-998c-920407b7ed2b
Milk,India,Andhra Pradesh,WHOLESALE,2015-04-01,56.17,100 liters,9bd42cc6-fc7c-4edd-86da-7d044bfa81e6
Milk,India,Bihar,RETAIL,2015-04-01,0.59,Liter,3d46fd94-bee5-4617-8bd5-cf37d3f74efc
Milk,India,Bihar,WHOLESALE,2015-04-01,57.46,100 liters,f9f75db4-1b8a-4f94-b38f-3cf626a056a6
Milk,India,Chandigarh,WHOLESALE,2015-04-01,55.77,100 liters,0e41a37c-0712-48e0-a514-562b65ef629d
Milk,India,Chandigarh,RETAIL,2015-04-01,0.61,Liter,7538bf6d-4980-4164-a626-9bbc7a2a7a6c
Milk,India,Delhi,RETAIL,2015-04-01,0.61,Liter,fd7a5f7a-34b8-4b83-ba22-80acf59a34fc
Milk,India,Goa,RETAIL,2015-04-01,0.7,Liter,1c0912ca-658d-4354-a6f1-d12f805e651a
Milk,India,Gujarat,RETAIL,2015-04-01,0.7,Liter,edff013e-a49f-429c-aedd-b12b8c183797
Milk,India,Haryana,WHOLESALE,2015-04-01,69.32,100 liters,58214e91-5e6d-4d3e-b6ea-0bbabb3fe598
Milk,India,Haryana,RETAIL,2015-04-01,0.73,Liter,ba20dd21-6119-4f95-a9d0-457f17c44d00
Milk,India,Karnataka,RETAIL,2015-04-01,0.53,Liter,34893397-2968-4ca0-a8bc-3d586eb132ba
Milk,India,Karnataka,WHOLESALE,2015-04-01,52.64,100 liters,5b91aca9-0d94-48ec-af3f-dc8f0e52d69e
Milk,India,Madhya Pradesh,WHOLESALE,2015-04-01,58.41,100 liters,94697d34-761e-403b-a1af-cbecc7288289
Milk,India,Madhya Pradesh,RETAIL,2015-04-01,0.61,Liter,a9cc3a73-2df0-48a6-b85f-ee1eeb52c730
Milk,India,Maharashtra,RETAIL,2015-04-01,0.57,Liter,3325148d-79ac-46f5-a02a-95099621e47b
Milk,India,Maharashtra,WHOLESALE,2015-04-01,52.96,100 liters,a3f1ac52-3d0d-4b05-a897-dc25fc45e47c
Milk,India,National Average,WHOLESALE,2015-04-01,59.03,100 liters,34810c05-53d8-461c-8322-c853d3aaf3c5
Milk,India,National Average,RETAIL,2015-04-01,0.62,Liter,43ac28e5-2717-4173-8d19-13b90ff5dbe6
Milk,India,Puducherry,RETAIL,2015-04-01,0.57,Liter,53e6ae43-aa38-4c44-aa4c-76594c0fadd5
Milk,India,Punjab,WHOLESALE,2015-04-01,62.58,100 liters,6ef01407-babd-493b-9871-62e969e56acd
Milk,India,Punjab,RETAIL,2015-04-01,0.66,Liter,9ec5b53b-dbbb-4852-97d1-c987f62e244c
Milk,India,Tamil Nadu,RETAIL,2015-04-01,0.57,Liter,725f0105-ce4b-472c-a48f-82cdad56fd9c
Milk,India,Uttar Pradesh,RETAIL,2015-04-01,0.74,Liter,9d7e7e25-1632-48ec-9826-adfd708bb6a7
Milk,Tunisia,Tunis,RETAIL,2015-04-01,0.57,Liter,ea0604c0-f78e-4fdb-9abd-6acb924220ce
Milk,Ecuador,Cuenca,WHOLESALE,2015-05-01,1.15,Liter,9ded0774-9f9c-4c3f-981e-70173ab253a1
Milk,India,Andhra Pradesh,RETAIL,2015-05-01,0.59,Liter,177c26f9-cc5e-4954-998c-920407b7ed2b
Milk,India,Andhra Pradesh,WHOLESALE,2015-05-01,55.25,100 liters,9bd42cc6-fc7c-4edd-86da-7d044bfa81e6
Milk,India,Bihar,RETAIL,2015-05-01,0.58,Liter,3d46fd94-bee5-4617-8bd5-cf37d3f74efc
Milk,India,Bihar,WHOLESALE,2015-05-01,56.79,100 liters,f9f75db4-1b8a-4f94-b38f-3cf626a056a6
Milk,India,Chandigarh,WHOLESALE,2015-05-01,54.86,100 liters,0e41a37c-0712-48e0-a514-562b65ef629d
Milk,India,Chandigarh,RETAIL,2015-05-01,0.6,Liter,7538bf6d-4980-4164-a626-9bbc7a2a7a6c
Milk,India,Delhi,RETAIL,2015-05-01,0.6,Liter,fd7a5f7a-34b8-4b83-ba22-80acf59a34fc
Milk,India,Goa,RETAIL,2015-05-01,0.69,Liter,1c0912ca-658d-4354-a6f1-d12f805e651a
Milk,India,Gujarat,RETAIL,2015-05-01,0.7,Liter,edff013e-a49f-429c-aedd-b12b8c183797
Milk,India,Haryana,WHOLESALE,2015-05-01,68.18,100 liters,58214e91-5e6d-4d3e-b6ea-0bbabb3fe598
Milk,India,Haryana,RETAIL,2015-05-01,0.71,Liter,ba20dd21-6119-4f95-a9d0-457f17c44d00
Milk,India,Karnataka,RETAIL,2015-05-01,0.52,Liter,34893397-2968-4ca0-a8bc-3d586eb132ba
Milk,India,Karnataka,WHOLESALE,2015-05-01,51.72,100 liters,5b91aca9-0d94-48ec-af3f-dc8f0e52d69e
Milk,India,Madhya Pradesh,WHOLESALE,2015-05-01,58.46,100 liters,94697d34-761e-403b-a1af-cbecc7288289
Milk,India,Madhya Pradesh,RETAIL,2015-05-01,0.61,Liter,a9cc3a73-2df0-48a6-b85f-ee1eeb52c730
Milk,India,Maharashtra,RETAIL,2015-05-01,0.56,Liter,3325148d-79ac-46f5-a02a-95099621e47b
Milk,India,Maharashtra,WHOLESALE,2015-05-01,52.09,100 liters,a3f1ac52-3d0d-4b05-a897-dc25fc45e47c
Milk,India,National Average,WHOLESALE,2015-05-01,58.02,100 liters,34810c05-53d8-461c-8322-c853d3aaf3c5
Milk,India,National Average,RETAIL,2015-05-01,0.61,Liter,43ac28e5-2717-4173-8d19-13b90ff5dbe6
Milk,India,Puducherry,RETAIL,2015-05-01,0.56,Liter,53e6ae43-aa38-4c44-aa4c-76594c0fadd5
Milk,India,Punjab,WHOLESALE,2015-05-01,61.51,100 liters,6ef01407-babd-493b-9871-62e969e56acd
Milk,India,Punjab,RETAIL,2015-05-01,0.65,Liter,9ec5b53b-dbbb-4852-97d1-c987f62e244c
Milk,India,Tamil Nadu,RETAIL,2015-05-01,0.56,Liter,725f0105-ce4b-472c-a48f-82cdad56fd9c
Milk,India,Uttar Pradesh,RETAIL,2015-05-01,0.73,Liter,9d7e7e25-1632-48ec-9826-adfd708bb6a7
Milk,Tunisia,Tunis,RETAIL,2015-05-01,0.58,Liter,ea0604c0-f78e-4fdb-9abd-6acb924220ce
Milk,Ecuador,Cuenca,WHOLESALE,2015-06-01,1.15,Liter,9ded0774-9f9c-4c3f-981e-70173ab253a1
Milk,India,Andhra Pradesh,RETAIL,2015-06-01,0.59,Liter,177c26f9-cc5e-4954-998c-920407b7ed2b
Milk,India,Andhra Pradesh,WHOLESALE,2015-06-01,55.2,100 liters,9bd42cc6-fc7c-4edd-86da-7d044bfa81e6
Milk,India,Bihar,RETAIL,2015-06-01,0.58,Liter,3d46fd94-bee5-4617-8bd5-cf37d3f74efc
Milk,India,Bihar,WHOLESALE,2015-06-01,56.57,100 liters,f9f75db4-1b8a-4f94-b38f-3cf626a056a6
Milk,India,Chandigarh,WHOLESALE,2015-06-01,57.23,100 liters,0e41a37c-0712-48e0-a514-562b65ef629d
Milk,India,Chandigarh,RETAIL,2015-06-01,0.62,Liter,7538bf6d-4980-4164-a626-9bbc7a2a7a6c
Milk,India,Delhi,RETAIL,2015-06-01,0.6,Liter,fd7a5f7a-34b8-4b83-ba22-80acf59a34fc
Milk,India,Goa,RETAIL,2015-06-01,0.69,Liter,1c0912ca-658d-4354-a6f1-d12f805e651a
Milk,India,Gujarat,RETAIL,2015-06-01,0.72,Liter,edff013e-a49f-429c-aedd-b12b8c183797
Milk,India,Haryana,WHOLESALE,2015-06-01,68.12,100 liters,58214e91-5e6d-4d3e-b6ea-0bbabb3fe598
Milk,India,Haryana,RETAIL,2015-06-01,0.71,Liter,ba20dd21-6119-4f95-a9d0-457f17c44d00
Milk,India,Karnataka,RETAIL,2015-06-01,0.52,Liter,34893397-2968-4ca0-a8bc-3d586eb132ba
Milk,India,Karnataka,WHOLESALE,2015-06-01,51.06,100 liters,5b91aca9-0d94-48ec-af3f-dc8f0e52d69e
Milk,India,Madhya Pradesh,WHOLESALE,2015-06-01,58.81,100 liters,94697d34-761e-403b-a1af-cbecc7288289
Milk,India,Madhya Pradesh,RETAIL,2015-06-01,0.61,Liter,a9cc3a73-2df0-48a6-b85f-ee1eeb52c730
Milk,India,Maharashtra,RETAIL,2015-06-01,0.56,Liter,3325148d-79ac-46f5-a02a-95099621e47b
Milk,India,Maharashtra,WHOLESALE,2015-06-01,51.88,100 liters,a3f1ac52-3d0d-4b05-a897-dc25fc45e47c
Milk,India,National Average,WHOLESALE,2015-06-01,57.92,100 liters,34810c05-53d8-461c-8322-c853d3aaf3c5
Milk,India,National Average,RETAIL,2015-06-01,0.61,Liter,43ac28e5-2717-4173-8d19-13b90ff5dbe6
Milk,India,Puducherry,RETAIL,2015-06-01,0.56,Liter,53e6ae43-aa38-4c44-aa4c-76594c0fadd5
Milk,India,Punjab,WHOLESALE,2015-06-01,61.33,100 liters,6ef01407-babd-493b-9871-62e969e56acd
Milk,India,Punjab,RETAIL,2015-06-01,0.65,Liter,9ec5b53b-dbbb-4852-97d1-c987f62e244c
Milk,India,Tamil Nadu,RETAIL,2015-06-01,0.56,Liter,725f0105-ce4b-472c-a48f-82cdad56fd9c
Milk,India,Uttar Pradesh,RETAIL,2015-06-01,0.74,Liter,9d7e7e25-1632-48ec-9826-adfd708bb6a7
Milk,Tunisia,Tunis,RETAIL,2015-06-01,0.58,Liter,ea0604c0-f78e-4fdb-9abd-6acb924220ce
Milk,Ecuador,Cuenca,WHOLESALE,2015-07-01,1.15,Liter,9ded0774-9f9c-4c3f-981e-70173ab253a1
Milk,India,Andhra Pradesh,RETAIL,2015-07-01,0.59,Liter,177c26f9-cc5e-4954-998c-920407b7ed2b
Milk,India,Andhra Pradesh,WHOLESALE,2015-07-01,55.38,100 liters,9bd42cc6-fc7c-4edd-86da-7d044bfa81e6
Milk,India,Bihar,RETAIL,2015-07-01,0.58,Liter,3d46fd94-bee5-4617-8bd5-cf37d3f74efc
Milk,India,Bihar,WHOLESALE,2015-07-01,56.56,100 liters,f9f75db4-1b8a-4f94-b38f-3cf626a056a6
Milk,India,Chandigarh,WHOLESALE,2015-07-01,59.71,100 liters,0e41a37c-0712-48e0-a514-562b65ef629d
Milk,India,Chandigarh,RETAIL,2015-07-01,0.64,Liter,7538bf6d-4980-4164-a626-9bbc7a2a7a6c
Milk,India,Delhi,RETAIL,2015-07-01,0.6,Liter,fd7a5f7a-34b8-4b83-ba22-80acf59a34fc
Milk,India,Goa,RETAIL,2015-07-01,0.69,Liter,1c0912ca-658d-4354-a6f1-d12f805e651a
Milk,India,Gujarat,RETAIL,2015-07-01,0.72,Liter,edff013e-a49f-429c-aedd-b12b8c183797
Milk,India,Haryana,WHOLESALE,2015-07-01,68.35,100 liters,58214e91-5e6d-4d3e-b6ea-0bbabb3fe598
Milk,India,Haryana,RETAIL,2015-07-01,0.71,Liter,ba20dd21-6119-4f95-a9d0-457f17c44d00
Milk,India,Karnataka,RETAIL,2015-07-01,0.52,Liter,34893397-2968-4ca0-a8bc-3d586eb132ba
Milk,India,Karnataka,WHOLESALE,2015-07-01,51.3,100 liters,5b91aca9-0d94-48ec-af3f-dc8f0e52d69e
Milk,India,Madhya Pradesh,WHOLESALE,2015-07-01,59.47,100 liters,94697d34-761e-403b-a1af-cbecc7288289
Milk,India,Madhya Pradesh,RETAIL,2015-07-01,0.62,Liter,a9cc3a73-2df0-48a6-b85f-ee1eeb52c730
Milk,India,Maharashtra,RETAIL,2015-07-01,0.57,Liter,3325148d-79ac-46f5-a02a-95099621e47b
Milk,India,Maharashtra,WHOLESALE,2015-07-01,52.22,100 liters,a3f1ac52-3d0d-4b05-a897-dc25fc45e47c
Milk,India,National Average,WHOLESALE,2015-07-01,58.41,100 liters,34810c05-53d8-461c-8322-c853d3aaf3c5
Milk,India,National Average,RETAIL,2015-07-01,0.62,Liter,43ac28e5-2717-4173-8d19-13b90ff5dbe6
Milk,India,Puducherry,RETAIL,2015-07-01,0.57,Liter,53e6ae43-aa38-4c44-aa4c-76594c0fadd5
Milk,India,Punjab,WHOLESALE,2015-07-01,61.88,100 liters,6ef01407-babd-493b-9871-62e969e56acd
Milk,India,Punjab,RETAIL,2015-07-01,0.65,Liter,9ec5b53b-dbbb-4852-97d1-c987f62e244c
Milk,India,Tamil Nadu,RETAIL,2015-07-01,0.57,Liter,725f0105-ce4b-472c-a48f-82cdad56fd9c
Milk,India,Uttar Pradesh,RETAIL,2015-07-01,0.75,Liter,9d7e7e25-1632-48ec-9826-adfd708bb6a7
Milk,Tunisia,Tunis,RETAIL,2015-07-01,0.57,Liter,ea0604c0-f78e-4fdb-9abd-6acb924220ce
Milk,Ecuador,Cuenca,WHOLESALE,2015-08-01,1.15,Liter,9ded0774-9f9c-4c3f-981e-70173ab253a1
Milk,India,Andhra Pradesh,RETAIL,2015-08-01,0.58,Liter,177c26f9-cc5e-4954-998c-920407b7ed2b
Milk,India,Andhra Pradesh,WHOLESALE,2015-08-01,54.17,100 liters,9bd42cc6-fc7c-4edd-86da-7d044bfa81e6
Milk,India,Bihar,RETAIL,2015-08-01,0.57,Liter,3d46fd94-bee5-4617-8bd5-cf37d3f74efc
Milk,India,Bihar,WHOLESALE,2015-08-01,55.48,100 liters,f9f75db4-1b8a-4f94-b38f-3cf626a056a6
Milk,India,Chandigarh,WHOLESALE,2015-08-01,58.4,100 liters,0e41a37c-0712-48e0-a514-562b65ef629d
Milk,India,Chandigarh,RETAIL,2015-08-01,0.63,Liter,7538bf6d-4980-4164-a626-9bbc7a2a7a6c
Milk,India,Delhi,RETAIL,2015-08-01,0.58,Liter,fd7a5f7a-34b8-4b83-ba22-80acf59a34fc
Milk,India,Goa,RETAIL,2015-08-01,0.68,Liter,1c0912ca-658d-4354-a6f1-d12f805e651a
Milk,India,Gujarat,RETAIL,2015-08-01,0.71,Liter,edff013e-a49f-429c-aedd-b12b8c183797
Milk,India,Haryana,WHOLESALE,2015-08-01,67.06,100 liters,58214e91-5e6d-4d3e-b6ea-0bbabb3fe598
Milk,India,Haryana,RETAIL,2015-08-01,0.7,Liter,ba20dd21-6119-4f95-a9d0-457f17c44d00
Milk,India,Karnataka,RETAIL,2015-08-01,0.51,Liter,34893397-2968-4ca0-a8bc-3d586eb132ba
Milk,India,Karnataka,WHOLESALE,2015-08-01,50.49,100 liters,5b91aca9-0d94-48ec-af3f-dc8f0e52d69e
Milk,India,Madhya Pradesh,WHOLESALE,2015-08-01,58.12,100 liters,94697d34-761e-403b-a1af-cbecc7288289
Milk,India,Madhya Pradesh,RETAIL,2015-08-01,0.6,Liter,a9cc3a73-2df0-48a6-b85f-ee1eeb52c730
Milk,India,Maharashtra,RETAIL,2015-08-01,0.55,Liter,3325148d-79ac-46f5-a02a-95099621e47b
Milk,India,Maharashtra,WHOLESALE,2015-08-01,51.07,100 liters,a3f1ac52-3d0d-4b05-a897-dc25fc45e47c
Milk,India,National Average,WHOLESALE,2015-08-01,57.03,100 liters,34810c05-53d8-461c-8322-c853d3aaf3c5
Milk,India,National Average,RETAIL,2015-08-01,0.61,Liter,43ac28e5-2717-4173-8d19-13b90ff5dbe6
Milk,India,Puducherry,RETAIL,2015-08-01,0.55,Liter,53e6ae43-aa38-4c44-aa4c-76594c0fadd5
Milk,India,Punjab,WHOLESALE,2015-08-01,60.32,100 liters,6ef01407-babd-493b-9871-62e969e56acd
Milk,India,Punjab,RETAIL,2015-08-01,0.64,Liter,9ec5b53b-dbbb-4852-97d1-c987f62e244c
Milk,India,Tamil Nadu,RETAIL,2015-08-01,0.55,Liter,725f0105-ce4b-472c-a48f-82cdad56fd9c
Milk,India,Uttar Pradesh,RETAIL,2015-08-01,0.73,Liter,9d7e7e25-1632-48ec-9826-adfd708bb6a7
Milk,Tunisia,Tunis,RETAIL,2015-08-01,0.57,Liter,ea0604c0-f78e-4fdb-9abd-6acb924220ce
Milk,Ecuador,Cuenca,WHOLESALE,2015-09-01,1.15,Liter,9ded0774-9f9c-4c3f-981e-70173ab253a1
Milk,India,Andhra Pradesh,RETAIL,2015-09-01,0.57,Liter,177c26f9-cc5e-4954-998c-920407b7ed2b
Milk,India,Andhra Pradesh,WHOLESALE,2015-09-01,53.23,100 liters,9bd42cc6-fc7c-4edd-86da-7d044bfa81e6
Milk,India,Bihar,RETAIL,2015-09-01,0.56,Liter,3d46fd94-bee5-4617-8bd5-cf37d3f74efc
Milk,India,Bihar,WHOLESALE,2015-09-01,53.01,100 liters,f9f75db4-1b8a-4f94-b38f-3cf626a056a6
Milk,India,Chandigarh,WHOLESALE,2015-09-01,57.38,100 liters,0e41a37c-0712-48e0-a514-562b65ef629d
Milk,India,Chandigarh,RETAIL,2015-09-01,0.62,Liter,7538bf6d-4980-4164-a626-9bbc7a2a7a6c
Milk,India,Delhi,RETAIL,2015-09-01,0.57,Liter,fd7a5f7a-34b8-4b83-ba22-80acf59a34fc
Milk,India,Goa,RETAIL,2015-09-01,0.66,Liter,1c0912ca-658d-4354-a6f1-d12f805e651a
Milk,India,Gujarat,RETAIL,2015-09-01,0.7,Liter,edff013e-a49f-429c-aedd-b12b8c183797
Milk,India,Haryana,WHOLESALE,2015-09-01,65.62,100 liters,58214e91-5e6d-4d3e-b6ea-0bbabb3fe598
Milk,India,Haryana,RETAIL,2015-09-01,0.69,Liter,ba20dd21-6119-4f95-a9d0-457f17c44d00
Milk,India,Karnataka,RETAIL,2015-09-01,0.49,Liter,34893397-2968-4ca0-a8bc-3d586eb132ba
Milk,India,Karnataka,WHOLESALE,2015-09-01,48.77,100 liters,5b91aca9-0d94-48ec-af3f-dc8f0e52d69e
Milk,India,Madhya Pradesh,WHOLESALE,2015-09-01,56.78,100 liters,94697d34-761e-403b-a1af-cbecc7288289
Milk,India,Madhya Pradesh,RETAIL,2015-09-01,0.59,Liter,a9cc3a73-2df0-48a6-b85f-ee1eeb52c730
Milk,India,Maharashtra,RETAIL,2015-09-01,0.54,Liter,3325148d-79ac-46f5-a02a-95099621e47b
Milk,India,Maharashtra,WHOLESALE,2015-09-01,50.19,100 liters,a3f1ac52-3d0d-4b05-a897-dc25fc45e47c
Milk,India,National Average,WHOLESALE,2015-09-01,56.53,100 liters,34810c05-53d8-461c-8322-c853d3aaf3c5
Milk,India,National Average,RETAIL,2015-09-01,0.6,Liter,43ac28e5-2717-4173-8d19-13b90ff5dbe6
Milk,India,Puducherry,RETAIL,2015-09-01,0.54,Liter,53e6ae43-aa38-4c44-aa4c-76594c0fadd5
Milk,India,Punjab,WHOLESALE,2015-09-01,59.51,100 liters,6ef01407-babd-493b-9871-62e969e56acd
Milk,India,Punjab,RETAIL,2015-09-01,0.62,Liter,9ec5b53b-dbbb-4852-97d1-c987f62e244c
Milk,India,Tamil Nadu,RETAIL,2015-09-01,0.54,Liter,725f0105-ce4b-472c-a48f-82cdad56fd9c
Milk,India,Uttar Pradesh,RETAIL,2015-09-01,0.72,Liter,9d7e7e25-1632-48ec-9826-adfd708bb6a7
Milk,Tunisia,Tunis,RETAIL,2015-09-01,0.57,Liter,ea0604c0-f78e-4fdb-9abd-6acb924220ce
Milk,Ecuador,Cuenca,WHOLESALE,2015-10-01,1.15,Liter,9ded0774-9f9c-4c3f-981e-70173ab253a1
Milk,India,Andhra Pradesh,RETAIL,2015-10-01,0.58,Liter,177c26f9-cc5e-4954-998c-920407b7ed2b
Milk,India,Andhra Pradesh,WHOLESALE,2015-10-01,54.16,100 liters,9bd42cc6-fc7c-4edd-86da-7d044bfa81e6
Milk,India,Bihar,RETAIL,2015-10-01,0.57,Liter,3d46fd94-bee5-4617-8bd5-cf37d3f74efc
Milk,India,Bihar,WHOLESALE,2015-10-01,52.68,100 liters,f9f75db4-1b8a-4f94-b38f-3cf626a056a6
Milk,India,Chandigarh,WHOLESALE,2015-10-01,58.39,100 liters,0e41a37c-0712-48e0-a514-562b65ef629d
Milk,India,Chandigarh,RETAIL,2015-10-01,0.63,Liter,7538bf6d-4980-4164-a626-9bbc7a2a7a6c
Milk,India,Delhi,RETAIL,2015-10-01,0.58,Liter,fd7a5f7a-34b8-4b83-ba22-80acf59a34fc
Milk,India,Goa,RETAIL,2015-10-01,0.68,Liter,1c0912ca-658d-4354-a6f1-d12f805e651a
Milk,India,Gujarat,RETAIL,2015-10-01,0.71,Liter,edff013e-a49f-429c-aedd-b12b8c183797
Milk,India,Haryana,WHOLESALE,2015-10-01,66.85,100 liters,58214e91-5e6d-4d3e-b6ea-0bbabb3fe598
Milk,India,Haryana,RETAIL,2015-10-01,0.7,Liter,ba20dd21-6119-4f95-a9d0-457f17c44d00
Milk,India,Karnataka,RETAIL,2015-10-01,0.49,Liter,34893397-2968-4ca0-a8bc-3d586eb132ba
Milk,India,Karnataka,WHOLESALE,2015-10-01,47.68,100 liters,5b91aca9-0d94-48ec-af3f-dc8f0e52d69e
Milk,India,Madhya Pradesh,WHOLESALE,2015-10-01,57.96,100 liters,94697d34-761e-403b-a1af-cbecc7288289
Milk,India,Madhya Pradesh,RETAIL,2015-10-01,0.6,Liter,a9cc3a73-2df0-48a6-b85f-ee1eeb52c730
Milk,India,Maharashtra,RETAIL,2015-10-01,0.55,Liter,3325148d-79ac-46f5-a02a-95099621e47b
Milk,India,Maharashtra,WHOLESALE,2015-10-01,51.07,100 liters,a3f1ac52-3d0d-4b05-a897-dc25fc45e47c
Milk,India,National Average,WHOLESALE,2015-10-01,56.66,100 liters,34810c05-53d8-461c-8322-c853d3aaf3c5
Milk,India,National Average,RETAIL,2015-10-01,0.61,Liter,43ac28e5-2717-4173-8d19-13b90ff5dbe6
Milk,India,Puducherry,RETAIL,2015-10-01,0.55,Liter,53e6ae43-aa38-4c44-aa4c-76594c0fadd5
Milk,India,Punjab,WHOLESALE,2015-10-01,60.38,100 liters,6ef01407-babd-493b-9871-62e969e56acd
Milk,India,Punjab,RETAIL,2015-10-01,0.64,Liter,9ec5b53b-dbbb-4852-97d1-c987f62e244c
Milk,India,Tamil Nadu,RETAIL,2015-10-01,0.55,Liter,725f0105-ce4b-472c-a48f-82cdad56fd9c
Milk,India,Uttar Pradesh,WHOLESALE,2015-10-01,72.22,100 liters,26104e58-bd44-4fd7-85d7-d96210bba3bc
Milk,India,Uttar Pradesh,RETAIL,2015-10-01,0.73,Liter,9d7e7e25-1632-48ec-9826-adfd708bb6a7
Milk,Tunisia,Tunis,RETAIL,2015-10-01,0.57,Liter,ea0604c0-f78e-4fdb-9abd-6acb924220ce
Milk,Ecuador,Cuenca,WHOLESALE,2015-11-01,1.15,Liter,9ded0774-9f9c-4c3f-981e-70173ab253a1
Milk,India,Andhra Pradesh,RETAIL,2015-11-01,0.57,Liter,177c26f9-cc5e-4954-998c-920407b7ed2b
Milk,India,Andhra Pradesh,WHOLESALE,2015-11-01,53.47,100 liters,9bd42cc6-fc7c-4edd-86da-7d044bfa81e6
Milk,India,Bihar,RETAIL,2015-11-01,0.56,Liter,3d46fd94-bee5-4617-8bd5-cf37d3f74efc
Milk,India,Bihar,WHOLESALE,2015-11-01,54.65,100 liters,f9f75db4-1b8a-4f94-b38f-3cf626a056a6
Milk,India,Chandigarh,WHOLESALE,2015-11-01,63.59,100 liters,0e41a37c-0712-48e0-a514-562b65ef629d
Milk,India,Chandigarh,RETAIL,2015-11-01,0.67,Liter,7538bf6d-4980-4164-a626-9bbc7a2a7a6c
Milk,India,Delhi,RETAIL,2015-11-01,0.58,Liter,fd7a5f7a-34b8-4b83-ba22-80acf59a34fc
Milk,India,Goa,RETAIL,2015-11-01,0.66,Liter,1c0912ca-658d-4354-a6f1-d12f805e651a
Milk,India,Gujarat,RETAIL,2015-11-01,0.7,Liter,edff013e-a49f-429c-aedd-b12b8c183797
Milk,India,Haryana,WHOLESALE,2015-11-01,65.72,100 liters,58214e91-5e6d-4d3e-b6ea-0bbabb3fe598
Milk,India,Haryana,RETAIL,2015-11-01,0.69,Liter,ba20dd21-6119-4f95-a9d0-457f17c44d00
Milk,India,Karnataka,RETAIL,2015-11-01,0.48,Liter,34893397-2968-4ca0-a8bc-3d586eb132ba
Milk,India,Karnataka,WHOLESALE,2015-11-01,47.17,100 liters,5b91aca9-0d94-48ec-af3f-dc8f0e52d69e
Milk,India,Madhya Pradesh,WHOLESALE,2015-11-01,56.41,100 liters,94697d34-761e-403b-a1af-cbecc7288289
Milk,India,Madhya Pradesh,RETAIL,2015-11-01,0.59,Liter,a9cc3a73-2df0-48a6-b85f-ee1eeb52c730
Milk,India,Maharashtra,RETAIL,2015-11-01,0.55,Liter,3325148d-79ac-46f5-a02a-95099621e47b
Milk,India,Maharashtra,WHOLESALE,2015-11-01,49.27,100 liters,a3f1ac52-3d0d-4b05-a897-dc25fc45e47c
Milk,India,National Average,WHOLESALE,2015-11-01,55.37,100 liters,34810c05-53d8-461c-8322-c853d3aaf3c5
Milk,India,National Average,RETAIL,2015-11-01,0.59,Liter,43ac28e5-2717-4173-8d19-13b90ff5dbe6
Milk,India,Puducherry,RETAIL,2015-11-01,0.55,Liter,53e6ae43-aa38-4c44-aa4c-76594c0fadd5
Milk,India,Punjab,WHOLESALE,2015-11-01,60.11,100 liters,6ef01407-babd-493b-9871-62e969e56acd
Milk,India,Punjab,RETAIL,2015-11-01,0.63,Liter,9ec5b53b-dbbb-4852-97d1-c987f62e244c
Milk,India,Tamil Nadu,RETAIL,2015-11-01,0.55,Liter,725f0105-ce4b-472c-a48f-82cdad56fd9c
Milk,India,Uttar Pradesh,WHOLESALE,2015-11-01,71.54,100 liters,26104e58-bd44-4fd7-85d7-d96210bba3bc
Milk,India,Uttar Pradesh,RETAIL,2015-11-01,0.72,Liter,9d7e7e25-1632-48ec-9826-adfd708bb6a7
Milk,Tunisia,Tunis,RETAIL,2015-11-01,0.55,Liter,ea0604c0-f78e-4fdb-9abd-6acb924220ce
Milk,Ecuador,Cuenca,WHOLESALE,2015-12-01,1.15,Liter,9ded0774-9f9c-4c3f-981e-70173ab253a1
Milk,India,Andhra Pradesh,RETAIL,2015-12-01,0.56,Liter,177c26f9-cc5e-4954-998c-920407b7ed2b
Milk,India,Andhra Pradesh,WHOLESALE,2015-12-01,52.95,100 liters,9bd42cc6-fc7c-4edd-86da-7d044bfa81e6
Milk,India,Bihar,RETAIL,2015-12-01,0.56,Liter,3d46fd94-bee5-4617-8bd5-cf37d3f74efc
Milk,India,Bihar,WHOLESALE,2015-12-01,53.98,100 liters,f9f75db4-1b8a-4f94-b38f-3cf626a056a6
Milk,India,Chandigarh,WHOLESALE,2015-12-01,63.07,100 liters,0e41a37c-0712-48e0-a514-562b65ef629d
Milk,India,Chandigarh,RETAIL,2015-12-01,0.66,Liter,7538bf6d-4980-4164-a626-9bbc7a2a7a6c
Milk,India,Delhi,RETAIL,2015-12-01,0.57,Liter,fd7a5f7a-34b8-4b83-ba22-80acf59a34fc
Milk,India,Goa,RETAIL,2015-12-01,0.66,Liter,1c0912ca-658d-4354-a6f1-d12f805e651a
Milk,India,Gujarat,RETAIL,2015-12-01,0.7,Liter,edff013e-a49f-429c-aedd-b12b8c183797
Milk,India,Haryana,WHOLESALE,2015-12-01,65.41,100 liters,58214e91-5e6d-4d3e-b6ea-0bbabb3fe598
Milk,India,Haryana,RETAIL,2015-12-01,0.68,Liter,ba20dd21-6119-4f95-a9d0-457f17c44d00
Milk,India,Karnataka,RETAIL,2015-12-01,0.48,Liter,34893397-2968-4ca0-a8bc-3d586eb132ba
Milk,India,Karnataka,WHOLESALE,2015-12-01,46.86,100 liters,5b91aca9-0d94-48ec-af3f-dc8f0e52d69e
Milk,India,Madhya Pradesh,WHOLESALE,2015-12-01,55.88,100 liters,94697d34-761e-403b-a1af-cbecc7288289
Milk,India,Madhya Pradesh,RETAIL,2015-12-01,0.58,Liter,a9cc3a73-2df0-48a6-b85f-ee1eeb52c730
Milk,India,Maharashtra,RETAIL,2015-12-01,0.54,Liter,3325148d-79ac-46f5-a02a-95099621e47b
Milk,India,Maharashtra,WHOLESALE,2015-12-01,49.16,100 liters,a3f1ac52-3d0d-4b05-a897-dc25fc45e47c
Milk,India,National Average,WHOLESALE,2015-12-01,55.47,100 liters,34810c05-53d8-461c-8322-c853d3aaf3c5
Milk,India,National Average,RETAIL,2015-12-01,0.59,Liter,43ac28e5-2717-4173-8d19-13b90ff5dbe6
Milk,India,Puducherry,RETAIL,2015-12-01,0.54,Liter,53e6ae43-aa38-4c44-aa4c-76594c0fadd5
Milk,India,Punjab,WHOLESALE,2015-12-01,60.97,100 liters,6ef01407-babd-493b-9871-62e969e56acd
Milk,India,Punjab,RETAIL,2015-12-01,0.64,Liter,9ec5b53b-dbbb-4852-97d1-c987f62e244c
Milk,India,Tamil Nadu,RETAIL,2015-12-01,0.54,Liter,725f0105-ce4b-472c-a48f-82cdad56fd9c
Milk,India,Uttar Pradesh,WHOLESALE,2015-12-01,61.57,100 liters,26104e58-bd44-4fd7-85d7-d96210bba3bc
Milk,India,Uttar Pradesh,RETAIL,2015-12-01,0.69,Liter,9d7e7e25-1632-48ec-9826-adfd708bb6a7
Milk,Tunisia,Tunis,RETAIL,2015-12-01,0.55,Liter,ea0604c0-f78e-4fdb-9abd-6acb924220ce
Milk,Ecuador,Cuenca,WHOLESALE,2016-01-01,1.15,Liter,9ded0774-9f9c-4c3f-981e-70173ab253a1
Milk,India,Andhra Pradesh,RETAIL,2016-01-01,0.56,Liter,177c26f9-cc5e-4954-998c-920407b7ed2b
Milk,India,Andhra Pradesh,WHOLESALE,2016-01-01,52.67,100 liters,9bd42cc6-fc7c-4edd-86da-7d044bfa81e6
Milk,India,Bihar,RETAIL,2016-01-01,0.55,Liter,3d46fd94-bee5-4617-8bd5-cf37d3f74efc
Milk,India,Bihar,WHOLESALE,2016-01-01,50.82,100 liters,f9f75db4-1b8a-4f94-b38f-3cf626a056a6
Milk,India,Chandigarh,WHOLESALE,2016-01-01,62.45,100 liters,0e41a37c-0712-48e0-a514-562b65ef629d
Milk,India,Chandigarh,RETAIL,2016-01-01,0.65,Liter,7538bf6d-4980-4164-a626-9bbc7a2a7a6c
Milk,India,Delhi,RETAIL,2016-01-01,0.57,Liter,fd7a5f7a-34b8-4b83-ba22-80acf59a34fc
Milk,India,Goa,RETAIL,2016-01-01,0.65,Liter,1c0912ca-658d-4354-a6f1-d12f805e651a
Milk,India,Gujarat,RETAIL,2016-01-01,0.69,Liter,edff013e-a49f-429c-aedd-b12b8c183797
Milk,India,Haryana,WHOLESALE,2016-01-01,64.67,100 liters,58214e91-5e6d-4d3e-b6ea-0bbabb3fe598
Milk,India,Haryana,RETAIL,2016-01-01,0.68,Liter,ba20dd21-6119-4f95-a9d0-457f17c44d00
Milk,India,Karnataka,RETAIL,2016-01-01,0.52,Liter,34893397-2968-4ca0-a8bc-3d586eb132ba
Milk,India,Karnataka,WHOLESALE,2016-01-01,50.7,100 liters,5b91aca9-0d94-48ec-af3f-dc8f0e52d69e
Milk,India,Madhya Pradesh,WHOLESALE,2016-01-01,55.2,100 liters,94697d34-761e-403b-a1af-cbecc7288289
Milk,India,Madhya Pradesh,RETAIL,2016-01-01,0.58,Liter,a9cc3a73-2df0-48a6-b85f-ee1eeb52c730
Milk,India,Maharashtra,RETAIL,2016-01-01,0.55,Liter,3325148d-79ac-46f5-a02a-95099621e47b
Milk,India,Maharashtra,WHOLESALE,2016-01-01,49.7,100 liters,a3f1ac52-3d0d-4b05-a897-dc25fc45e47c
Milk,India,National Average,WHOLESALE,2016-01-01,55.05,100 liters,34810c05-53d8-461c-8322-c853d3aaf3c5
Milk,India,National Average,RETAIL,2016-01-01,0.59,Liter,43ac28e5-2717-4173-8d19-13b90ff5dbe6
Milk,India,Puducherry,RETAIL,2016-01-01,0.54,Liter,53e6ae43-aa38-4c44-aa4c-76594c0fadd5
Milk,India,Punjab,WHOLESALE,2016-01-01,60.53,100 liters,6ef01407-babd-493b-9871-62e969e56acd
Milk,India,Punjab,RETAIL,2016-01-01,0.63,Liter,9ec5b53b-dbbb-4852-97d1-c987f62e244c
Milk,India,Tamil Nadu,RETAIL,2016-01-01,0.54,Liter,725f0105-ce4b-472c-a48f-82cdad56fd9c
Milk,India,Uttar Pradesh,WHOLESALE,2016-01-01,56.14,100 liters,26104e58-bd44-4fd7-85d7-d96210bba3bc
Milk,India,Uttar Pradesh,RETAIL,2016-01-01,0.67,Liter,9d7e7e25-1632-48ec-9826-adfd708bb6a7
Milk,Tunisia,Tunis,RETAIL,2016-01-01,0.55,Liter,ea0604c0-f78e-4fdb-9abd-6acb924220ce
Milk,Ecuador,Cuenca,WHOLESALE,2016-02-01,1.15,Liter,9ded0774-9f9c-4c3f-981e-70173ab253a1
Milk,India,Andhra Pradesh,RETAIL,2016-02-01,0.57,Liter,177c26f9-cc5e-4954-998c-920407b7ed2b
Milk,India,Andhra Pradesh,WHOLESALE,2016-02-01,53.11,100 liters,9bd42cc6-fc7c-4edd-86da-7d044bfa81e6
Milk,India,Bihar,RETAIL,2016-02-01,0.54,Liter,3d46fd94-bee5-4617-8bd5-cf37d3f74efc
Milk,India,Bihar,WHOLESALE,2016-02-01,49.82,100 liters,f9f75db4-1b8a-4f94-b38f-3cf626a056a6
Milk,India,Chandigarh,WHOLESALE,2016-02-01,61.55,100 liters,0e41a37c-0712-48e0-a514-562b65ef629d
Milk,India,Chandigarh,RETAIL,2016-02-01,0.64,Liter,7538bf6d-4980-4164-a626-9bbc7a2a7a6c
Milk,India,Delhi,RETAIL,2016-02-01,0.56,Liter,fd7a5f7a-34b8-4b83-ba22-80acf59a34fc
Milk,India,Goa,RETAIL,2016-02-01,0.64,Liter,1c0912ca-658d-4354-a6f1-d12f805e651a
Milk,India,Gujarat,RETAIL,2016-02-01,0.68,Liter,edff013e-a49f-429c-aedd-b12b8c183797
Milk,India,Haryana,WHOLESALE,2016-02-01,63.75,100 liters,58214e91-5e6d-4d3e-b6ea-0bbabb3fe598
Milk,India,Haryana,RETAIL,2016-02-01,0.67,Liter,ba20dd21-6119-4f95-a9d0-457f17c44d00
Milk,India,Karnataka,RETAIL,2016-02-01,0.52,Liter,34893397-2968-4ca0-a8bc-3d586eb132ba
Milk,India,Karnataka,WHOLESALE,2016-02-01,50.39,100 liters,5b91aca9-0d94-48ec-af3f-dc8f0e52d69e
Milk,India,Madhya Pradesh,WHOLESALE,2016-02-01,54.4,100 liters,94697d34-761e-403b-a1af-cbecc7288289
Milk,India,Madhya Pradesh,RETAIL,2016-02-01,0.57,Liter,a9cc3a73-2df0-48a6-b85f-ee1eeb52c730
Milk,India,Maharashtra,RETAIL,2016-02-01,0.54,Liter,3325148d-79ac-46f5-a02a-95099621e47b
Milk,India,Maharashtra,WHOLESALE,2016-02-01,49.09,100 liters,a3f1ac52-3d0d-4b05-a897-dc25fc45e47c
Milk,India,National Average,WHOLESALE,2016-02-01,54.28,100 liters,34810c05-53d8-461c-8322-c853d3aaf3c5
Milk,India,National Average,RETAIL,2016-02-01,0.58,Liter,43ac28e5-2717-4173-8d19-13b90ff5dbe6
Milk,India,Puducherry,RETAIL,2016-02-01,0.53,Liter,53e6ae43-aa38-4c44-aa4c-76594c0fadd5
Milk,India,Punjab,WHOLESALE,2016-02-01,59.62,100 liters,6ef01407-babd-493b-9871-62e969e56acd
Milk,India,Punjab,RETAIL,2016-02-01,0.62,Liter,9ec5b53b-dbbb-4852-97d1-c987f62e244c
Milk,India,Tamil Nadu,RETAIL,2016-02-01,0.53,Liter,725f0105-ce4b-472c-a48f-82cdad56fd9c
Milk,India,Uttar Pradesh,WHOLESALE,2016-02-01,54.85,100 liters,26104e58-bd44-4fd7-85d7-d96210bba3bc
Milk,India,Uttar Pradesh,RETAIL,2016-02-01,0.67,Liter,9d7e7e25-1632-48ec-9826-adfd708bb6a7
Milk,Tunisia,Tunis,RETAIL,2016-02-01,0.55,Liter,ea0604c0-f78e-4fdb-9abd-6acb924220ce
Milk,Ecuador,Cuenca,WHOLESALE,2016-03-01,1.15,Liter,9ded0774-9f9c-4c3f-981e-70173ab253a1
Milk,India,Andhra Pradesh,RETAIL,2016-03-01,0.59,Liter,177c26f9-cc5e-4954-998c-920407b7ed2b
Milk,India,Andhra Pradesh,WHOLESALE,2016-03-01,54.88,100 liters,9bd42cc6-fc7c-4edd-86da-7d044bfa81e6
Milk,India,Bihar,RETAIL,2016-03-01,0.55,Liter,3d46fd94-bee5-4617-8bd5-cf37d3f74efc
Milk,India,Bihar,WHOLESALE,2016-03-01,50.73,100 liters,f9f75db4-1b8a-4f94-b38f-3cf626a056a6
Milk,India,Chandigarh,WHOLESALE,2016-03-01,62.67,100 liters,0e41a37c-0712-48e0-a514-562b65ef629d
Milk,India,Chandigarh,RETAIL,2016-03-01,0.66,Liter,7538bf6d-4980-4164-a626-9bbc7a2a7a6c
Milk,India,Delhi,RETAIL,2016-03-01,0.57,Liter,fd7a5f7a-34b8-4b83-ba22-80acf59a34fc
Milk,India,Goa,RETAIL,2016-03-01,0.66,Liter,1c0912ca-658d-4354-a6f1-d12f805e651a
Milk,India,Gujarat,RETAIL,2016-03-01,0.69,Liter,edff013e-a49f-429c-aedd-b12b8c183797
Milk,India,Haryana,WHOLESALE,2016-03-01,64.91,100 liters,58214e91-5e6d-4d3e-b6ea-0bbabb3fe598
Milk,India,Haryana,RETAIL,2016-03-01,0.68,Liter,ba20dd21-6119-4f95-a9d0-457f17c44d00
Milk,India,Karnataka,RETAIL,2016-03-01,0.53,Liter,34893397-2968-4ca0-a8bc-3d586eb132ba
Milk,India,Karnataka,WHOLESALE,2016-03-01,51.13,100 liters,5b91aca9-0d94-48ec-af3f-dc8f0e52d69e
Milk,India,Madhya Pradesh,WHOLESALE,2016-03-01,55.08,100 liters,94697d34-761e-403b-a1af-cbecc7288289
Milk,India,Madhya Pradesh,RETAIL,2016-03-01,0.58,Liter,a9cc3a73-2df0-48a6-b85f-ee1eeb52c730
Milk,India,Maharashtra,RETAIL,2016-03-01,0.54,Liter,3325148d-79ac-46f5-a02a-95099621e47b
Milk,India,Maharashtra,WHOLESALE,2016-03-01,49.93,100 liters,a3f1ac52-3d0d-4b05-a897-dc25fc45e47c
Milk,India,National Average,WHOLESALE,2016-03-01,55.28,100 liters,34810c05-53d8-461c-8322-c853d3aaf3c5
Milk,India,National Average,RETAIL,2016-03-01,0.59,Liter,43ac28e5-2717-4173-8d19-13b90ff5dbe6
Milk,India,Puducherry,RETAIL,2016-03-01,0.54,Liter,53e6ae43-aa38-4c44-aa4c-76594c0fadd5
Milk,India,Punjab,WHOLESALE,2016-03-01,59.9,100 liters,6ef01407-babd-493b-9871-62e969e56acd
Milk,India,Punjab,RETAIL,2016-03-01,0.63,Liter,9ec5b53b-dbbb-4852-97d1-c987f62e244c
Milk,India,Tamil Nadu,RETAIL,2016-03-01,0.54,Liter,725f0105-ce4b-472c-a48f-82cdad56fd9c
Milk,India,Uttar Pradesh,WHOLESALE,2016-03-01,54.62,100 liters,26104e58-bd44-4fd7-85d7-d96210bba3bc
Milk,India,Uttar Pradesh,RETAIL,2016-03-01,0.68,Liter,9d7e7e25-1632-48ec-9826-adfd708bb6a7
Milk,Tunisia,Tunis,RETAIL,2016-03-01,0.55,Liter,ea0604c0-f78e-4fdb-9abd-6acb924220ce
Milk,Ecuador,Cuenca,WHOLESALE,2016-04-01,1.15,Liter,9ded0774-9f9c-4c3f-981e-70173ab253a1
Milk,India,Andhra Pradesh,RETAIL,2016-04-01,0.6,Liter,177c26f9-cc5e-4954-998c-920407b7ed2b
Milk,India,Andhra Pradesh,WHOLESALE,2016-04-01,55.85,100 liters,9bd42cc6-fc7c-4edd-86da-7d044bfa81e6
Milk,India,Bihar,RETAIL,2016-04-01,0.56,Liter,3d46fd94-bee5-4617-8bd5-cf37d3f74efc
Milk,India,Bihar,WHOLESALE,2016-04-01,51.15,100 liters,f9f75db4-1b8a-4f94-b38f-3cf626a056a6
Milk,India,Chandigarh,WHOLESALE,2016-04-01,63.19,100 liters,0e41a37c-0712-48e0-a514-562b65ef629d
Milk,India,Chandigarh,RETAIL,2016-04-01,0.66,Liter,7538bf6d-4980-4164-a626-9bbc7a2a7a6c
Milk,India,Delhi,RETAIL,2016-04-01,0.57,Liter,fd7a5f7a-34b8-4b83-ba22-80acf59a34fc
Milk,India,Goa,RETAIL,2016-04-01,0.66,Liter,1c0912ca-658d-4354-a6f1-d12f805e651a
Milk,India,Gujarat,RETAIL,2016-04-01,0.7,Liter,edff013e-a49f-429c-aedd-b12b8c183797
Milk,India,Haryana,WHOLESALE,2016-04-01,65.44,100 liters,58214e91-5e6d-4d3e-b6ea-0bbabb3fe598
Milk,India,Haryana,RETAIL,2016-04-01,0.68,Liter,ba20dd21-6119-4f95-a9d0-457f17c44d00
Milk,India,Karnataka,RETAIL,2016-04-01,0.52,Liter,34893397-2968-4ca0-a8bc-3d586eb132ba
Milk,India,Karnataka,WHOLESALE,2016-04-01,50.41,100 liters,5b91aca9-0d94-48ec-af3f-dc8f0e52d69e
Milk,India,Madhya Pradesh,WHOLESALE,2016-04-01,55.51,100 liters,94697d34-761e-403b-a1af-cbecc7288289
Milk,India,Madhya Pradesh,RETAIL,2016-04-01,0.58,Liter,a9cc3a73-2df0-48a6-b85f-ee1eeb52c730
Milk,India,Maharashtra,RETAIL,2016-04-01,0.55,Liter,3325148d-79ac-46f5-a02a-95099621e47b
Milk,India,Maharashtra,WHOLESALE,2016-04-01,50.14,100 liters,a3f1ac52-3d0d-4b05-a897-dc25fc45e47c
Milk,India,National Average,WHOLESALE,2016-04-01,55.83,100 liters,34810c05-53d8-461c-8322-c853d3aaf3c5
Milk,India,National Average,RETAIL,2016-04-01,0.59,Liter,43ac28e5-2717-4173-8d19-13b90ff5dbe6
Milk,India,Puducherry,RETAIL,2016-04-01,0.54,Liter,53e6ae43-aa38-4c44-aa4c-76594c0fadd5
Milk,India,Punjab,WHOLESALE,2016-04-01,60.46,100 liters,6ef01407-babd-493b-9871-62e969e56acd
Milk,India,Punjab,RETAIL,2016-04-01,0.63,Liter,9ec5b53b-dbbb-4852-97d1-c987f62e244c
Milk,India,Tamil Nadu,RETAIL,2016-04-01,0.54,Liter,725f0105-ce4b-472c-a48f-82cdad56fd9c
Milk,India,Uttar Pradesh,WHOLESALE,2016-04-01,54.8,100 liters,26104e58-bd44-4fd7-85d7-d96210bba3bc
Milk,India,Uttar Pradesh,RETAIL,2016-04-01,0.69,Liter,9d7e7e25-1632-48ec-9826-adfd708bb6a7
Milk,Tunisia,Tunis,RETAIL,2016-04-01,0.56,Liter,ea0604c0-f78e-4fdb-9abd-6acb924220ce
Milk,Ecuador,Cuenca,WHOLESALE,2016-05-01,0.85,Liter,9ded0774-9f9c-4c3f-981e-70173ab253a1
Milk,Ecuador,Guayaquil,WHOLESALE,2016-05-01,0.68,Liter,4b83440a-8202-4f13-800e-74715be3a282
Milk,India,Andhra Pradesh,RETAIL,2016-05-01,0.59,Liter,177c26f9-cc5e-4954-998c-920407b7ed2b
Milk,India,Andhra Pradesh,WHOLESALE,2016-05-01,55.49,100 liters,9bd42cc6-fc7c-4edd-86da-7d044bfa81e6
Milk,India,Bihar,RETAIL,2016-05-01,0.56,Liter,3d46fd94-bee5-4617-8bd5-cf37d3f74efc
Milk,India,Bihar,WHOLESALE,2016-05-01,50.81,100 liters,f9f75db4-1b8a-4f94-b38f-3cf626a056a6
Milk,India,Chandigarh,WHOLESALE,2016-05-01,62.77,100 liters,0e41a37c-0712-48e0-a514-562b65ef629d
Milk,India,Chandigarh,RETAIL,2016-05-01,0.66,Liter,7538bf6d-4980-4164-a626-9bbc7a2a7a6c
Milk,India,Delhi,RETAIL,2016-05-01,0.57,Liter,fd7a5f7a-34b8-4b83-ba22-80acf59a34fc
Milk,India,Goa,RETAIL,2016-05-01,0.66,Liter,1c0912ca-658d-4354-a6f1-d12f805e651a
Milk,India,Gujarat,RETAIL,2016-05-01,0.69,Liter,edff013e-a49f-429c-aedd-b12b8c183797
Milk,India,Haryana,WHOLESALE,2016-05-01,65.68,100 liters,58214e91-5e6d-4d3e-b6ea-0bbabb3fe598
Milk,India,Haryana,RETAIL,2016-05-01,0.69,Liter,ba20dd21-6119-4f95-a9d0-457f17c44d00
Milk,India,Karnataka,RETAIL,2016-05-01,0.51,Liter,34893397-2968-4ca0-a8bc-3d586eb132ba
Milk,India,Karnataka,WHOLESALE,2016-05-01,49.57,100 liters,5b91aca9-0d94-48ec-af3f-dc8f0e52d69e
Milk,India,Madhya Pradesh,WHOLESALE,2016-05-01,55.02,100 liters,94697d34-761e-403b-a1af-cbecc7288289
Milk,India,Madhya Pradesh,RETAIL,2016-05-01,0.58,Liter,a9cc3a73-2df0-48a6-b85f-ee1eeb52c730
Milk,India,Maharashtra,RETAIL,2016-05-01,0.54,Liter,3325148d-79ac-46f5-a02a-95099621e47b
Milk,India,Maharashtra,WHOLESALE,2016-05-01,50.05,100 liters,a3f1ac52-3d0d-4b05-a897-dc25fc45e47c
Milk,India,National Average,WHOLESALE,2016-05-01,55.67,100 liters,34810c05-53d8-461c-8322-c853d3aaf3c5
Milk,India,National Average,RETAIL,2016-05-01,0.59,Liter,43ac28e5-2717-4173-8d19-13b90ff5dbe6
Milk,India,Puducherry,RETAIL,2016-05-01,0.54,Liter,53e6ae43-aa38-4c44-aa4c-76594c0fadd5
Milk,India,Punjab,WHOLESALE,2016-05-01,60.3,100 liters,6ef01407-babd-493b-9871-62e969e56acd
Milk,India,Punjab,RETAIL,2016-05-01,0.63,Liter,9ec5b53b-dbbb-4852-97d1-c987f62e244c
Milk,India,Tamil Nadu,RETAIL,2016-05-01,0.54,Liter,725f0105-ce4b-472c-a48f-82cdad56fd9c
Milk,India,Uttar Pradesh,WHOLESALE,2016-05-01,55.18,100 liters,26104e58-bd44-4fd7-85d7-d96210bba3bc
Milk,India,Uttar Pradesh,RETAIL,2016-05-01,0.69,Liter,9d7e7e25-1632-48ec-9826-adfd708bb6a7
Milk,Tunisia,Tunis,RETAIL,2016-05-01,0.55,Liter,ea0604c0-f78e-4fdb-9abd-6acb924220ce
Milk,Ecuador,Cuenca,WHOLESALE,2016-06-01,0.85,Liter,9ded0774-9f9c-4c3f-981e-70173ab253a1
Milk,Ecuador,Guayaquil,WHOLESALE,2016-06-01,0.68,Liter,4b83440a-8202-4f13-800e-74715be3a282
Milk,India,Andhra Pradesh,RETAIL,2016-06-01,0.59,Liter,177c26f9-cc5e-4954-998c-920407b7ed2b
Milk,India,Andhra Pradesh,WHOLESALE,2016-06-01,55.29,100 liters,9bd42cc6-fc7c-4edd-86da-7d044bfa81e6
Milk,India,Bihar,RETAIL,2016-06-01,0.56,Liter,3d46fd94-bee5-4617-8bd5-cf37d3f74efc
Milk,India,Chandigarh,WHOLESALE,2016-06-01,62.41,100 liters,0e41a37c-0712-48e0-a514-562b65ef629d
Milk,India,Chandigarh,RETAIL,2016-06-01,0.65,Liter,7538bf6d-4980-4164-a626-9bbc7a2a7a6c
Milk,India,Delhi,RETAIL,2016-06-01,0.56,Liter,fd7a5f7a-34b8-4b83-ba22-80acf59a34fc
Milk,India,Goa,RETAIL,2016-06-01,0.65,Liter,1c0912ca-658d-4354-a6f1-d12f805e651a
Milk,India,Gujarat,RETAIL,2016-06-01,0.71,Liter,edff013e-a49f-429c-aedd-b12b8c183797
Milk,India,Haryana,WHOLESALE,2016-06-01,65.38,100 liters,58214e91-5e6d-4d3e-b6ea-0bbabb3fe598
Milk,India,Haryana,RETAIL,2016-06-01,0.68,Liter,ba20dd21-6119-4f95-a9d0-457f17c44d00
Milk,India,Karnataka,RETAIL,2016-06-01,0.51,Liter,34893397-2968-4ca0-a8bc-3d586eb132ba
Milk,India,Karnataka,WHOLESALE,2016-06-01,49.28,100 liters,5b91aca9-0d94-48ec-af3f-dc8f0e52d69e
Milk,India,Madhya Pradesh,WHOLESALE,2016-06-01,54.82,100 liters,94697d34-761e-403b-a1af-cbecc7288289
Milk,India,Madhya Pradesh,RETAIL,2016-06-01,0.58,Liter,a9cc3a73-2df0-48a6-b85f-ee1eeb52c730
Milk,India,Maharashtra,RETAIL,2016-06-01,0.54,Liter,3325148d-79ac-46f5-a02a-95099621e47b
Milk,India,Maharashtra,WHOLESALE,2016-06-01,50.04,100 liters,a3f1ac52-3d0d-4b05-a897-dc25fc45e47c
Milk,India,National Average,WHOLESALE,2016-06-01,55.76,100 liters,34810c05-53d8-461c-8322-c853d3aaf3c5
Milk,India,National Average,RETAIL,2016-06-01,0.6,Liter,43ac28e5-2717-4173-8d19-13b90ff5dbe6
Milk,India,Puducherry,RETAIL,2016-06-01,0.53,Liter,53e6ae43-aa38-4c44-aa4c-76594c0fadd5
Milk,India,Punjab,WHOLESALE,2016-06-01,59.97,100 liters,6ef01407-babd-493b-9871-62e969e56acd
Milk,India,Punjab,RETAIL,2016-06-01,0.63,Liter,9ec5b53b-dbbb-4852-97d1-c987f62e244c
Milk,India,Tamil Nadu,RETAIL,2016-06-01,0.53,Liter,725f0105-ce4b-472c-a48f-82cdad56fd9c
Milk,India,Uttar Pradesh,WHOLESALE,2016-06-01,56.46,100 liters,26104e58-bd44-4fd7-85d7-d96210bba3bc
Milk,India,Uttar Pradesh,RETAIL,2016-06-01,0.69,Liter,9d7e7e25-1632-48ec-9826-adfd708bb6a7
Milk,Tunisia,Tunis,RETAIL,2016-06-01,0.52,Liter,ea0604c0-f78e-4fdb-9abd-6acb924220ce
Milk,Ecuador,Cuenca,WHOLESALE,2016-07-01,0.85,Liter,9ded0774-9f9c-4c3f-981e-70173ab253a1
Milk,Ecuador,Guayaquil,WHOLESALE,2016-07-01,0.68,Liter,4b83440a-8202-4f13-800e-74715be3a282
Milk,India,Andhra Pradesh,RETAIL,2016-07-01,0.6,Liter,177c26f9-cc5e-4954-998c-920407b7ed2b
Milk,India,Andhra Pradesh,WHOLESALE,2016-07-01,56.13,100 liters,9bd42cc6-fc7c-4edd-86da-7d044bfa81e6
Milk,India,Bihar,RETAIL,2016-07-01,0.56,Liter,3d46fd94-bee5-4617-8bd5-cf37d3f74efc
Milk,India,Chandigarh,WHOLESALE,2016-07-01,62.49,100 liters,0e41a37c-0712-48e0-a514-562b65ef629d
Milk,India,Chandigarh,RETAIL,2016-07-01,0.65,Liter,7538bf6d-4980-4164-a626-9bbc7a2a7a6c
Milk,India,Delhi,RETAIL,2016-07-01,0.57,Liter,fd7a5f7a-34b8-4b83-ba22-80acf59a34fc
Milk,India,Goa,RETAIL,2016-07-01,0.65,Liter,1c0912ca-658d-4354-a6f1-d12f805e651a
Milk,India,Gujarat,RETAIL,2016-07-01,0.72,Liter,edff013e-a49f-429c-aedd-b12b8c183797
Milk,India,Haryana,WHOLESALE,2016-07-01,65.52,100 liters,58214e91-5e6d-4d3e-b6ea-0bbabb3fe598
Milk,India,Haryana,RETAIL,2016-07-01,0.68,Liter,ba20dd21-6119-4f95-a9d0-457f17c44d00
Milk,India,Karnataka,RETAIL,2016-07-01,0.51,Liter,34893397-2968-4ca0-a8bc-3d586eb132ba
Milk,India,Karnataka,WHOLESALE,2016-07-01,49.33,100 liters,5b91aca9-0d94-48ec-af3f-dc8f0e52d69e
Milk,India,Madhya Pradesh,WHOLESALE,2016-07-01,54.95,100 liters,94697d34-761e-403b-a1af-cbecc7288289
Milk,India,Madhya Pradesh,RETAIL,2016-07-01,0.58,Liter,a9cc3a73-2df0-48a6-b85f-ee1eeb52c730
Milk,India,Maharashtra,RETAIL,2016-07-01,0.55,Liter,3325148d-79ac-46f5-a02a-95099621e47b
Milk,India,Maharashtra,WHOLESALE,2016-07-01,50.07,100 liters,a3f1ac52-3d0d-4b05-a897-dc25fc45e47c
Milk,India,National Average,WHOLESALE,2016-07-01,55.54,100 liters,34810c05-53d8-461c-8322-c853d3aaf3c5
Milk,India,National Average,RETAIL,2016-07-01,0.6,Liter,43ac28e5-2717-4173-8d19-13b90ff5dbe6
Milk,India,Puducherry,RETAIL,2016-07-01,0.54,Liter,53e6ae43-aa38-4c44-aa4c-76594c0fadd5
Milk,India,Punjab,WHOLESALE,2016-07-01,60.07,100 liters,6ef01407-babd-493b-9871-62e969e56acd
Milk,India,Punjab,RETAIL,2016-07-01,0.63,Liter,9ec5b53b-dbbb-4852-97d1-c987f62e244c
Milk,India,Tamil Nadu,RETAIL,2016-07-01,0.54,Liter,725f0105-ce4b-472c-a48f-82cdad56fd9c
Milk,India,Uttar Pradesh,WHOLESALE,2016-07-01,56.47,100 liters,26104e58-bd44-4fd7-85d7-d96210bba3bc
Milk,India,Uttar Pradesh,RETAIL,2016-07-01,0.69,Liter,9d7e7e25-1632-48ec-9826-adfd708bb6a7
Milk,Tunisia,Tunis,RETAIL,2016-07-01,0.5,Liter,ea0604c0-f78e-4fdb-9abd-6acb924220ce
Milk,Ecuador,Cuenca,WHOLESALE,2016-08-01,0.85,Liter,9ded0774-9f9c-4c3f-981e-70173ab253a1
Milk,Ecuador,Guayaquil,WHOLESALE,2016-08-01,0.68,Liter,4b83440a-8202-4f13-800e-74715be3a282
Milk,India,Andhra Pradesh,RETAIL,2016-08-01,0.6,Liter,177c26f9-cc5e-4954-998c-920407b7ed2b
Milk,India,Andhra Pradesh,WHOLESALE,2016-08-01,56.51,100 liters,9bd42cc6-fc7c-4edd-86da-7d044bfa81e6
Milk,India,Bihar,RETAIL,2016-08-01,0.56,Liter,3d46fd94-bee5-4617-8bd5-cf37d3f74efc
Milk,India,Chandigarh,WHOLESALE,2016-08-01,62.74,100 liters,0e41a37c-0712-48e0-a514-562b65ef629d
Milk,India,Chandigarh,RETAIL,2016-08-01,0.66,Liter,7538bf6d-4980-4164-a626-9bbc7a2a7a6c
Milk,India,Delhi,RETAIL,2016-08-01,0.58,Liter,fd7a5f7a-34b8-4b83-ba22-80acf59a34fc
Milk,India,Goa,RETAIL,2016-08-01,0.66,Liter,1c0912ca-658d-4354-a6f1-d12f805e651a
Milk,India,Gujarat,RETAIL,2016-08-01,0.72,Liter,edff013e-a49f-429c-aedd-b12b8c183797
Milk,India,Haryana,WHOLESALE,2016-08-01,55.64,100 liters,58214e91-5e6d-4d3e-b6ea-0bbabb3fe598
Milk,India,Haryana,RETAIL,2016-08-01,0.6,Liter,ba20dd21-6119-4f95-a9d0-457f17c44d00
Milk,India,Karnataka,RETAIL,2016-08-01,0.51,Liter,34893397-2968-4ca0-a8bc-3d586eb132ba
Milk,India,Karnataka,WHOLESALE,2016-08-01,49.55,100 liters,5b91aca9-0d94-48ec-af3f-dc8f0e52d69e
Milk,India,Madhya Pradesh,WHOLESALE,2016-08-01,55.19,100 liters,94697d34-761e-403b-a1af-cbecc7288289
Milk,India,Madhya Pradesh,RETAIL,2016-08-01,0.59,Liter,a9cc3a73-2df0-48a6-b85f-ee1eeb52c730
Milk,India,Maharashtra,RETAIL,2016-08-01,0.55,Liter,3325148d-79ac-46f5-a02a-95099621e47b
Milk,India,Maharashtra,WHOLESALE,2016-08-01,50.39,100 liters,a3f1ac52-3d0d-4b05-a897-dc25fc45e47c
Milk,India,National Average,WHOLESALE,2016-08-01,55.28,100 liters,34810c05-53d8-461c-8322-c853d3aaf3c5
Milk,India,National Average,RETAIL,2016-08-01,0.6,Liter,43ac28e5-2717-4173-8d19-13b90ff5dbe6
Milk,India,Puducherry,RETAIL,2016-08-01,0.54,Liter,53e6ae43-aa38-4c44-aa4c-76594c0fadd5
Milk,India,Punjab,WHOLESALE,2016-08-01,61.71,100 liters,6ef01407-babd-493b-9871-62e969e56acd
Milk,India,Punjab,RETAIL,2016-08-01,0.64,Liter,9ec5b53b-dbbb-4852-97d1-c987f62e244c
Milk,India,Tamil Nadu,RETAIL,2016-08-01,0.54,Liter,725f0105-ce4b-472c-a48f-82cdad56fd9c
Milk,India,Uttar Pradesh,WHOLESALE,2016-08-01,56.68,100 liters,26104e58-bd44-4fd7-85d7-d96210bba3bc
Milk,India,Uttar Pradesh,RETAIL,2016-08-01,0.69,Liter,9d7e7e25-1632-48ec-9826-adfd708bb6a7
Milk,Tunisia,Tunis,RETAIL,2016-08-01,0.51,Liter,ea0604c0-f78e-4fdb-9abd-6acb924220ce
Milk,Ecuador,Cuenca,WHOLESALE,2016-09-01,0.85,Liter,9ded0774-9f9c-4c3f-981e-70173ab253a1
Milk,Ecuador,Guayaquil,WHOLESALE,2016-09-01,0.68,Liter,4b83440a-8202-4f13-800e-74715be3a282
Milk,India,Andhra Pradesh,RETAIL,2016-09-01,0.6,Liter,177c26f9-cc5e-4954-998c-920407b7ed2b
Milk,India,Andhra Pradesh,WHOLESALE,2016-09-01,56.7,100 liters,9bd42cc6-fc7c-4edd-86da-7d044bfa81e6
Milk,India,Bihar,RETAIL,2016-09-01,0.57,Liter,3d46fd94-bee5-4617-8bd5-cf37d3f74efc
Milk,India,Bihar,WHOLESALE,2016-09-01,55.44,100 liters,f9f75db4-1b8a-4f94-b38f-3cf626a056a6
Milk,India,Chandigarh,WHOLESALE,2016-09-01,62.93,100 liters,0e41a37c-0712-48e0-a514-562b65ef629d
Milk,India,Chandigarh,RETAIL,2016-09-01,0.66,Liter,7538bf6d-4980-4164-a626-9bbc7a2a7a6c
Milk,India,Delhi,RETAIL,2016-09-01,0.58,Liter,fd7a5f7a-34b8-4b83-ba22-80acf59a34fc
Milk,India,Goa,RETAIL,2016-09-01,0.7,Liter,1c0912ca-658d-4354-a6f1-d12f805e651a
Milk,India,Gujarat,RETAIL,2016-09-01,0.73,Liter,edff013e-a49f-429c-aedd-b12b8c183797
Milk,India,Haryana,WHOLESALE,2016-09-01,54.32,100 liters,58214e91-5e6d-4d3e-b6ea-0bbabb3fe598
Milk,India,Haryana,RETAIL,2016-09-01,0.59,Liter,ba20dd21-6119-4f95-a9d0-457f17c44d00
Milk,India,Karnataka,RETAIL,2016-09-01,0.51,Liter,34893397-2968-4ca0-a8bc-3d586eb132ba
Milk,India,Karnataka,WHOLESALE,2016-09-01,49.7,100 liters,5b91aca9-0d94-48ec-af3f-dc8f0e52d69e
Milk,India,Madhya Pradesh,WHOLESALE,2016-09-01,55.48,100 liters,94697d34-761e-403b-a1af-cbecc7288289
Milk,India,Madhya Pradesh,RETAIL,2016-09-01,0.59,Liter,a9cc3a73-2df0-48a6-b85f-ee1eeb52c730
Milk,India,Maharashtra,RETAIL,2016-09-01,0.55,Liter,3325148d-79ac-46f5-a02a-95099621e47b
Milk,India,Maharashtra,WHOLESALE,2016-09-01,50.5,100 liters,a3f1ac52-3d0d-4b05-a897-dc25fc45e47c
Milk,India,National Average,WHOLESALE,2016-09-01,55.03,100 liters,34810c05-53d8-461c-8322-c853d3aaf3c5
Milk,India,National Average,RETAIL,2016-09-01,0.6,Liter,43ac28e5-2717-4173-8d19-13b90ff5dbe6
Milk,India,Puducherry,RETAIL,2016-09-01,0.54,Liter,53e6ae43-aa38-4c44-aa4c-76594c0fadd5
Milk,India,Punjab,WHOLESALE,2016-09-01,62.72,100 liters,6ef01407-babd-493b-9871-62e969e56acd
Milk,India,Punjab,RETAIL,2016-09-01,0.65,Liter,9ec5b53b-dbbb-4852-97d1-c987f62e244c
Milk,India,Tamil Nadu,RETAIL,2016-09-01,0.54,Liter,725f0105-ce4b-472c-a48f-82cdad56fd9c
Milk,India,Uttar Pradesh,WHOLESALE,2016-09-01,56.96,100 liters,26104e58-bd44-4fd7-85d7-d96210bba3bc
Milk,India,Uttar Pradesh,RETAIL,2016-09-01,0.69,Liter,9d7e7e25-1632-48ec-9826-adfd708bb6a7
Milk,Tunisia,Tunis,RETAIL,2016-09-01,0.51,Liter,ea0604c0-f78e-4fdb-9abd-6acb924220ce
Milk,Ecuador,Cuenca,WHOLESALE,2016-10-01,0.85,Liter,9ded0774-9f9c-4c3f-981e-70173ab253a1
Milk,Ecuador,Guayaquil,WHOLESALE,2016-10-01,0.68,Liter,4b83440a-8202-4f13-800e-74715be3a282
Milk,India,Andhra Pradesh,RETAIL,2016-10-01,0.6,Liter,177c26f9-cc5e-4954-998c-920407b7ed2b
Milk,India,Andhra Pradesh,WHOLESALE,2016-10-01,56.85,100 liters,9bd42cc6-fc7c-4edd-86da-7d044bfa81e6
Milk,India,Bihar,RETAIL,2016-10-01,0.57,Liter,3d46fd94-bee5-4617-8bd5-cf37d3f74efc
Milk,India,Bihar,WHOLESALE,2016-10-01,55.43,100 liters,f9f75db4-1b8a-4f94-b38f-3cf626a056a6
Milk,India,Chandigarh,WHOLESALE,2016-10-01,62.92,100 liters,0e41a37c-0712-48e0-a514-562b65ef629d
Milk,India,Chandigarh,RETAIL,2016-10-01,0.66,Liter,7538bf6d-4980-4164-a626-9bbc7a2a7a6c
Milk,India,Delhi,RETAIL,2016-10-01,0.58,Liter,fd7a5f7a-34b8-4b83-ba22-80acf59a34fc
Milk,India,Goa,RETAIL,2016-10-01,0.7,Liter,1c0912ca-658d-4354-a6f1-d12f805e651a
Milk,India,Gujarat,RETAIL,2016-10-01,0.73,Liter,edff013e-a49f-429c-aedd-b12b8c183797
Milk,India,Haryana,WHOLESALE,2016-10-01,53.93,100 liters,58214e91-5e6d-4d3e-b6ea-0bbabb3fe598
Milk,India,Haryana,RETAIL,2016-10-01,0.59,Liter,ba20dd21-6119-4f95-a9d0-457f17c44d00
Milk,India,Karnataka,RETAIL,2016-10-01,0.52,Liter,34893397-2968-4ca0-a8bc-3d586eb132ba
Milk,India,Karnataka,WHOLESALE,2016-10-01,49.84,100 liters,5b91aca9-0d94-48ec-af3f-dc8f0e52d69e
Milk,India,Madhya Pradesh,WHOLESALE,2016-10-01,55.27,100 liters,94697d34-761e-403b-a1af-cbecc7288289
Milk,India,Madhya Pradesh,RETAIL,2016-10-01,0.59,Liter,a9cc3a73-2df0-48a6-b85f-ee1eeb52c730
Milk,India,Maharashtra,RETAIL,2016-10-01,0.55,Liter,3325148d-79ac-46f5-a02a-95099621e47b
Milk,India,Maharashtra,WHOLESALE,2016-10-01,50.46,100 liters,a3f1ac52-3d0d-4b05-a897-dc25fc45e47c
Milk,India,National Average,WHOLESALE,2016-10-01,54.82,100 liters,34810c05-53d8-461c-8322-c853d3aaf3c5
Milk,India,National Average,RETAIL,2016-10-01,0.6,Liter,43ac28e5-2717-4173-8d19-13b90ff5dbe6
Milk,India,Puducherry,RETAIL,2016-10-01,0.54,Liter,53e6ae43-aa38-4c44-aa4c-76594c0fadd5
Milk,India,Punjab,WHOLESALE,2016-10-01,63.04,100 liters,6ef01407-babd-493b-9871-62e969e56acd
Milk,India,Punjab,RETAIL,2016-10-01,0.66,Liter,9ec5b53b-dbbb-4852-97d1-c987f62e244c
Milk,India,Tamil Nadu,RETAIL,2016-10-01,0.54,Liter,725f0105-ce4b-472c-a48f-82cdad56fd9c
Milk,India,Uttar Pradesh,WHOLESALE,2016-10-01,57.07,100 liters,26104e58-bd44-4fd7-85d7-d96210bba3bc
Milk,India,Uttar Pradesh,RETAIL,2016-10-01,0.7,Liter,9d7e7e25-1632-48ec-9826-adfd708bb6a7
Milk,Tunisia,Tunis,RETAIL,2016-10-01,0.5,Liter,ea0604c0-f78e-4fdb-9abd-6acb924220ce
Milk,Ecuador,Cuenca,WHOLESALE,2016-11-01,0.85,Liter,9ded0774-9f9c-4c3f-981e-70173ab253a1
Milk,Ecuador,Guayaquil,WHOLESALE,2016-11-01,0.68,Liter,4b83440a-8202-4f13-800e-74715be3a282
Milk,India,Andhra Pradesh,RETAIL,2016-11-01,0.6,Liter,177c26f9-cc5e-4954-998c-920407b7ed2b
Milk,India,Andhra Pradesh,WHOLESALE,2016-11-01,57.3,100 liters,9bd42cc6-fc7c-4edd-86da-7d044bfa81e6
Milk,India,Bihar,RETAIL,2016-11-01,0.56,Liter,3d46fd94-bee5-4617-8bd5-cf37d3f74efc
Milk,India,Bihar,WHOLESALE,2016-11-01,54.71,100 liters,f9f75db4-1b8a-4f94-b38f-3cf626a056a6
Milk,India,Chandigarh,WHOLESALE,2016-11-01,62.1,100 liters,0e41a37c-0712-48e0-a514-562b65ef629d
Milk,India,Chandigarh,RETAIL,2016-11-01,0.65,Liter,7538bf6d-4980-4164-a626-9bbc7a2a7a6c
Milk,India,Delhi,RETAIL,2016-11-01,0.58,Liter,fd7a5f7a-34b8-4b83-ba22-80acf59a34fc
Milk,India,Goa,RETAIL,2016-11-01,0.69,Liter,1c0912ca-658d-4354-a6f1-d12f805e651a
Milk,India,Gujarat,RETAIL,2016-11-01,0.72,Liter,edff013e-a49f-429c-aedd-b12b8c183797
Milk,India,Haryana,WHOLESALE,2016-11-01,53.76,100 liters,58214e91-5e6d-4d3e-b6ea-0bbabb3fe598
Milk,India,Haryana,RETAIL,2016-11-01,0.59,Liter,ba20dd21-6119-4f95-a9d0-457f17c44d00
Milk,India,Karnataka,RETAIL,2016-11-01,0.51,Liter,34893397-2968-4ca0-a8bc-3d586eb132ba
Milk,India,Karnataka,WHOLESALE,2016-11-01,49.58,100 liters,5b91aca9-0d94-48ec-af3f-dc8f0e52d69e
Milk,India,Madhya Pradesh,WHOLESALE,2016-11-01,54.6,100 liters,94697d34-761e-403b-a1af-cbecc7288289
Milk,India,Madhya Pradesh,RETAIL,2016-11-01,0.59,Liter,a9cc3a73-2df0-48a6-b85f-ee1eeb52c730
Milk,India,Maharashtra,RETAIL,2016-11-01,0.55,Liter,3325148d-79ac-46f5-a02a-95099621e47b
Milk,India,Maharashtra,WHOLESALE,2016-11-01,50.21,100 liters,a3f1ac52-3d0d-4b05-a897-dc25fc45e47c
Milk,India,National Average,WHOLESALE,2016-11-01,54.09,100 liters,34810c05-53d8-461c-8322-c853d3aaf3c5
Milk,India,National Average,RETAIL,2016-11-01,0.59,Liter,43ac28e5-2717-4173-8d19-13b90ff5dbe6
Milk,India,Puducherry,RETAIL,2016-11-01,0.53,Liter,53e6ae43-aa38-4c44-aa4c-76594c0fadd5
Milk,India,Punjab,WHOLESALE,2016-11-01,61.9,100 liters,6ef01407-babd-493b-9871-62e969e56acd
Milk,India,Punjab,RETAIL,2016-11-01,0.65,Liter,9ec5b53b-dbbb-4852-97d1-c987f62e244c
Milk,India,Tamil Nadu,RETAIL,2016-11-01,0.53,Liter,725f0105-ce4b-472c-a48f-82cdad56fd9c
Milk,India,Uttar Pradesh,WHOLESALE,2016-11-01,56.19,100 liters,26104e58-bd44-4fd7-85d7-d96210bba3bc
Milk,India,Uttar Pradesh,RETAIL,2016-11-01,0.69,Liter,9d7e7e25-1632-48ec-9826-adfd708bb6a7
Milk,Tunisia,Tunis,RETAIL,2016-11-01,0.49,Liter,ea0604c0-f78e-4fdb-9abd-6acb924220ce
Milk,Ecuador,Cuenca,WHOLESALE,2016-12-01,0.85,Liter,9ded0774-9f9c-4c3f-981e-70173ab253a1
Milk,Ecuador,Guayaquil,WHOLESALE,2016-12-01,0.68,Liter,4b83440a-8202-4f13-800e-74715be3a282
Milk,India,Andhra Pradesh,RETAIL,2016-12-01,0.6,Liter,177c26f9-cc5e-4954-998c-920407b7ed2b
Milk,India,Andhra Pradesh,WHOLESALE,2016-12-01,57.26,100 liters,9bd42cc6-fc7c-4edd-86da-7d044bfa81e6
Milk,India,Bihar,RETAIL,2016-12-01,0.57,Liter,3d46fd94-bee5-4617-8bd5-cf37d3f74efc
Milk,India,Chandigarh,WHOLESALE,2016-12-01,61.86,100 liters,0e41a37c-0712-48e0-a514-562b65ef629d
Milk,India,Chandigarh,RETAIL,2016-12-01,0.65,Liter,7538bf6d-4980-4164-a626-9bbc7a2a7a6c
Milk,India,Delhi,RETAIL,2016-12-01,0.57,Liter,fd7a5f7a-34b8-4b83-ba22-80acf59a34fc
Milk,India,Goa,RETAIL,2016-12-01,0.69,Liter,1c0912ca-658d-4354-a6f1-d12f805e651a
Milk,India,Gujarat,RETAIL,2016-12-01,0.72,Liter,edff013e-a49f-429c-aedd-b12b8c183797
Milk,India,Haryana,WHOLESALE,2016-12-01,54.49,100 liters,58214e91-5e6d-4d3e-b6ea-0bbabb3fe598
Milk,India,Haryana,RETAIL,2016-12-01,0.59,Liter,ba20dd21-6119-4f95-a9d0-457f17c44d00
Milk,India,Karnataka,RETAIL,2016-12-01,0.51,Liter,34893397-2968-4ca0-a8bc-3d586eb132ba
Milk,India,Karnataka,WHOLESALE,2016-12-01,49.56,100 liters,5b91aca9-0d94-48ec-af3f-dc8f0e52d69e
Milk,India,Madhya Pradesh,WHOLESALE,2016-12-01,54.78,100 liters,94697d34-761e-403b-a1af-cbecc7288289
Milk,India,Madhya Pradesh,RETAIL,2016-12-01,0.58,Liter,a9cc3a73-2df0-48a6-b85f-ee1eeb52c730
Milk,India,Maharashtra,RETAIL,2016-12-01,0.57,Liter,3325148d-79ac-46f5-a02a-95099621e47b
Milk,India,Maharashtra,WHOLESALE,2016-12-01,51.83,100 liters,a3f1ac52-3d0d-4b05-a897-dc25fc45e47c
Milk,India,National Average,WHOLESALE,2016-12-01,54.01,100 liters,34810c05-53d8-461c-8322-c853d3aaf3c5
Milk,India,National Average,RETAIL,2016-12-01,0.59,Liter,43ac28e5-2717-4173-8d19-13b90ff5dbe6
Milk,India,Puducherry,RETAIL,2016-12-01,0.53,Liter,53e6ae43-aa38-4c44-aa4c-76594c0fadd5
Milk,India,Punjab,WHOLESALE,2016-12-01,61.39,100 liters,6ef01407-babd-493b-9871-62e969e56acd
Milk,India,Punjab,RETAIL,2016-12-01,0.65,Liter,9ec5b53b-dbbb-4852-97d1-c987f62e244c
Milk,India,Tamil Nadu,RETAIL,2016-12-01,0.53,Liter,725f0105-ce4b-472c-a48f-82cdad56fd9c
Milk,India,Uttar Pradesh,WHOLESALE,2016-12-01,56.2,100 liters,26104e58-bd44-4fd7-85d7-d96210bba3bc
Milk,India,Uttar Pradesh,RETAIL,2016-12-01,0.69,Liter,9d7e7e25-1632-48ec-9826-adfd708bb6a7
Milk,Tunisia,Tunis,RETAIL,2016-12-01,0.48,Liter,ea0604c0-f78e-4fdb-9abd-6acb924220ce
Milk,Ecuador,Cuenca,WHOLESALE,2017-01-01,0.85,Liter,9ded0774-9f9c-4c3f-981e-70173ab253a1
Milk,Ecuador,Guayaquil,WHOLESALE,2017-01-01,0.68,Liter,4b83440a-8202-4f13-800e-74715be3a282
Milk,Egypt,National Average,RETAIL,2017-01-01,0.52,Liter,6b8e500a-e2a6-4d5f-8774-d100d78f68c8
Milk,India,Andhra Pradesh,RETAIL,2017-01-01,0.6,Liter,177c26f9-cc5e-4954-998c-920407b7ed2b
Milk,India,Andhra Pradesh,WHOLESALE,2017-01-01,56.74,100 liters,9bd42cc6-fc7c-4edd-86da-7d044bfa81e6
Milk,India,Bihar,RETAIL,2017-01-01,0.56,Liter,3d46fd94-bee5-4617-8bd5-cf37d3f74efc
Milk,India,Chandigarh,WHOLESALE,2017-01-01,61.69,100 liters,0e41a37c-0712-48e0-a514-562b65ef629d
Milk,India,Chandigarh,RETAIL,2017-01-01,0.65,Liter,7538bf6d-4980-4164-a626-9bbc7a2a7a6c
Milk,India,Delhi,RETAIL,2017-01-01,0.57,Liter,fd7a5f7a-34b8-4b83-ba22-80acf59a34fc
Milk,India,Goa,RETAIL,2017-01-01,0.69,Liter,1c0912ca-658d-4354-a6f1-d12f805e651a
Milk,India,Gujarat,RETAIL,2017-01-01,0.73,Liter,edff013e-a49f-429c-aedd-b12b8c183797
Milk,India,Haryana,WHOLESALE,2017-01-01,56.18,100 liters,58214e91-5e6d-4d3e-b6ea-0bbabb3fe598
Milk,India,Haryana,RETAIL,2017-01-01,0.61,Liter,ba20dd21-6119-4f95-a9d0-457f17c44d00
Milk,India,Karnataka,RETAIL,2017-01-01,0.51,Liter,34893397-2968-4ca0-a8bc-3d586eb132ba
Milk,India,Karnataka,WHOLESALE,2017-01-01,49.4,100 liters,5b91aca9-0d94-48ec-af3f-dc8f0e52d69e
Milk,India,Madhya Pradesh,WHOLESALE,2017-01-01,55.18,100 liters,94697d34-761e-403b-a1af-cbecc7288289
Milk,India,Madhya Pradesh,RETAIL,2017-01-01,0.59,Liter,a9cc3a73-2df0-48a6-b85f-ee1eeb52c730
Milk,India,Maharashtra,RETAIL,2017-01-01,0.58,Liter,3325148d-79ac-46f5-a02a-95099621e47b
Milk,India,Maharashtra,WHOLESALE,2017-01-01,53.57,100 liters,a3f1ac52-3d0d-4b05-a897-dc25fc45e47c
Milk,India,National Average,WHOLESALE,2017-01-01,54.58,100 liters,34810c05-53d8-461c-8322-c853d3aaf3c5
Milk,India,National Average,RETAIL,2017-01-01,0.6,Liter,43ac28e5-2717-4173-8d19-13b90ff5dbe6
Milk,India,Puducherry,RETAIL,2017-01-01,0.53,Liter,53e6ae43-aa38-4c44-aa4c-76594c0fadd5
Milk,India,Punjab,WHOLESALE,2017-01-01,61.06,100 liters,6ef01407-babd-493b-9871-62e969e56acd
Milk,India,Punjab,RETAIL,2017-01-01,0.64,Liter,9ec5b53b-dbbb-4852-97d1-c987f62e244c
Milk,India,Tamil Nadu,RETAIL,2017-01-01,0.53,Liter,725f0105-ce4b-472c-a48f-82cdad56fd9c
Milk,India,Uttar Pradesh,WHOLESALE,2017-01-01,56.31,100 liters,26104e58-bd44-4fd7-85d7-d96210bba3bc
Milk,India,Uttar Pradesh,RETAIL,2017-01-01,0.69,Liter,9d7e7e25-1632-48ec-9826-adfd708bb6a7
Milk,Tunisia,Tunis,RETAIL,2017-01-01,0.48,Liter,ea0604c0-f78e-4fdb-9abd-6acb924220ce
Milk,Ecuador,Cuenca,WHOLESALE,2017-02-01,0.85,Liter,9ded0774-9f9c-4c3f-981e-70173ab253a1
Milk,Ecuador,Guayaquil,WHOLESALE,2017-02-01,0.68,Liter,4b83440a-8202-4f13-800e-74715be3a282
Milk,Egypt,National Average,RETAIL,2017-02-01,0.61,Liter,6b8e500a-e2a6-4d5f-8774-d100d78f68c8
Milk,India,Andhra Pradesh,RETAIL,2017-02-01,0.61,Liter,177c26f9-cc5e-4954-998c-920407b7ed2b
Milk,India,Andhra Pradesh,WHOLESALE,2017-02-01,57.48,100 liters,9bd42cc6-fc7c-4edd-86da-7d044bfa81e6
Milk,India,Bihar,RETAIL,2017-02-01,0.57,Liter,3d46fd94-bee5-4617-8bd5-cf37d3f74efc
Milk,India,Chandigarh,WHOLESALE,2017-02-01,62.61,100 liters,0e41a37c-0712-48e0-a514-562b65ef629d
Milk,India,Chandigarh,RETAIL,2017-02-01,0.66,Liter,7538bf6d-4980-4164-a626-9bbc7a2a7a6c
Milk,India,Delhi,RETAIL,2017-02-01,0.58,Liter,fd7a5f7a-34b8-4b83-ba22-80acf59a34fc
Milk,India,Goa,RETAIL,2017-02-01,0.72,Liter,1c0912ca-658d-4354-a6f1-d12f805e651a
Milk,India,Gujarat,RETAIL,2017-02-01,0.74,Liter,edff013e-a49f-429c-aedd-b12b8c183797
Milk,India,Haryana,WHOLESALE,2017-02-01,57.02,100 liters,58214e91-5e6d-4d3e-b6ea-0bbabb3fe598
Milk,India,Haryana,RETAIL,2017-02-01,0.62,Liter,ba20dd21-6119-4f95-a9d0-457f17c44d00
Milk,India,Karnataka,RETAIL,2017-02-01,0.52,Liter,34893397-2968-4ca0-a8bc-3d586eb132ba
Milk,India,Karnataka,WHOLESALE,2017-02-01,50.14,100 liters,5b91aca9-0d94-48ec-af3f-dc8f0e52d69e
Milk,India,Madhya Pradesh,WHOLESALE,2017-02-01,55.67,100 liters,94697d34-761e-403b-a1af-cbecc7288289
Milk,India,Madhya Pradesh,RETAIL,2017-02-01,0.59,Liter,a9cc3a73-2df0-48a6-b85f-ee1eeb52c730
Milk,India,Maharashtra,RETAIL,2017-02-01,0.59,Liter,3325148d-79ac-46f5-a02a-95099621e47b
Milk,India,Maharashtra,WHOLESALE,2017-02-01,54.56,100 liters,a3f1ac52-3d0d-4b05-a897-dc25fc45e47c
Milk,India,National Average,WHOLESALE,2017-02-01,55.48,100 liters,34810c05-53d8-461c-8322-c853d3aaf3c5
Milk,India,National Average,RETAIL,2017-02-01,0.6,Liter,43ac28e5-2717-4173-8d19-13b90ff5dbe6
Milk,India,Puducherry,RETAIL,2017-02-01,0.54,Liter,53e6ae43-aa38-4c44-aa4c-76594c0fadd5
Milk,India,Punjab,WHOLESALE,2017-02-01,62.04,100 liters,6ef01407-babd-493b-9871-62e969e56acd
Milk,India,Punjab,RETAIL,2017-02-01,0.66,Liter,9ec5b53b-dbbb-4852-97d1-c987f62e244c
Milk,India,Tamil Nadu,RETAIL,2017-02-01,0.54,Liter,725f0105-ce4b-472c-a48f-82cdad56fd9c
Milk,India,Uttar Pradesh,WHOLESALE,2017-02-01,57.22,100 liters,26104e58-bd44-4fd7-85d7-d96210bba3bc
Milk,India,Uttar Pradesh,RETAIL,2017-02-01,0.7,Liter,9d7e7e25-1632-48ec-9826-adfd708bb6a7
Milk,Tunisia,Tunis,RETAIL,2017-02-01,0.49,Liter,ea0604c0-f78e-4fdb-9abd-6acb924220ce
Milk,Ecuador,Cuenca,WHOLESALE,2017-03-01,0.85,Liter,9ded0774-9f9c-4c3f-981e-70173ab253a1
Milk,Ecuador,Guayaquil,WHOLESALE,2017-03-01,0.68,Liter,4b83440a-8202-4f13-800e-74715be3a282
Milk,Egypt,National Average,RETAIL,2017-03-01,0.58,Liter,6b8e500a-e2a6-4d5f-8774-d100d78f68c8
Milk,India,Andhra Pradesh,RETAIL,2017-03-01,0.62,Liter,177c26f9-cc5e-4954-998c-920407b7ed2b
Milk,India,Andhra Pradesh,WHOLESALE,2017-03-01,58.54,100 liters,9bd42cc6-fc7c-4edd-86da-7d044bfa81e6
Milk,India,Bihar,RETAIL,2017-03-01,0.58,Liter,3d46fd94-bee5-4617-8bd5-cf37d3f74efc
Milk,India,Chandigarh,WHOLESALE,2017-03-01,63.75,100 liters,0e41a37c-0712-48e0-a514-562b65ef629d
Milk,India,Chandigarh,RETAIL,2017-03-01,0.67,Liter,7538bf6d-4980-4164-a626-9bbc7a2a7a6c
Milk,India,Delhi,RETAIL,2017-03-01,0.62,Liter,fd7a5f7a-34b8-4b83-ba22-80acf59a34fc
Milk,India,Goa,RETAIL,2017-03-01,0.74,Liter,1c0912ca-658d-4354-a6f1-d12f805e651a
Milk,India,Gujarat,RETAIL,2017-03-01,0.76,Liter,edff013e-a49f-429c-aedd-b12b8c183797
Milk,India,Haryana,WHOLESALE,2017-03-01,58.33,100 liters,58214e91-5e6d-4d3e-b6ea-0bbabb3fe598
Milk,India,Haryana,RETAIL,2017-03-01,0.63,Liter,ba20dd21-6119-4f95-a9d0-457f17c44d00
Milk,India,Karnataka,RETAIL,2017-03-01,0.53,Liter,34893397-2968-4ca0-a8bc-3d586eb132ba
Milk,India,Karnataka,WHOLESALE,2017-03-01,51.09,100 liters,5b91aca9-0d94-48ec-af3f-dc8f0e52d69e
Milk,India,Madhya Pradesh,WHOLESALE,2017-03-01,56.6,100 liters,94697d34-761e-403b-a1af-cbecc7288289
Milk,India,Madhya Pradesh,RETAIL,2017-03-01,0.6,Liter,a9cc3a73-2df0-48a6-b85f-ee1eeb52c730
Milk,India,Maharashtra,RETAIL,2017-03-01,0.6,Liter,3325148d-79ac-46f5-a02a-95099621e47b
Milk,India,Maharashtra,WHOLESALE,2017-03-01,55.56,100 liters,a3f1ac52-3d0d-4b05-a897-dc25fc45e47c
Milk,India,National Average,WHOLESALE,2017-03-01,57.05,100 liters,34810c05-53d8-461c-8322-c853d3aaf3c5
Milk,India,National Average,RETAIL,2017-03-01,0.62,Liter,43ac28e5-2717-4173-8d19-13b90ff5dbe6
Milk,India,Puducherry,RETAIL,2017-03-01,0.55,Liter,53e6ae43-aa38-4c44-aa4c-76594c0fadd5
Milk,India,Punjab,WHOLESALE,2017-03-01,64.23,100 liters,6ef01407-babd-493b-9871-62e969e56acd
Milk,India,Punjab,RETAIL,2017-03-01,0.68,Liter,9ec5b53b-dbbb-4852-97d1-c987f62e244c
Milk,India,Tamil Nadu,RETAIL,2017-03-01,0.54,Liter,725f0105-ce4b-472c-a48f-82cdad56fd9c
Milk,India,Uttar Pradesh,WHOLESALE,2017-03-01,58.19,100 liters,26104e58-bd44-4fd7-85d7-d96210bba3bc
Milk,India,Uttar Pradesh,RETAIL,2017-03-01,0.72,Liter,9d7e7e25-1632-48ec-9826-adfd708bb6a7
Milk,Tunisia,Tunis,RETAIL,2017-03-01,0.49,Liter,ea0604c0-f78e-4fdb-9abd-6acb924220ce
Milk,Ecuador,Cuenca,WHOLESALE,2017-04-01,0.85,Liter,9ded0774-9f9c-4c3f-981e-70173ab253a1
Milk,Ecuador,Guayaquil,WHOLESALE,2017-04-01,0.68,Liter,4b83440a-8202-4f13-800e-74715be3a282
Milk,Egypt,National Average,RETAIL,2017-04-01,0.57,Liter,6b8e500a-e2a6-4d5f-8774-d100d78f68c8
Milk,India,Andhra Pradesh,RETAIL,2017-04-01,0.64,Liter,177c26f9-cc5e-4954-998c-920407b7ed2b
Milk,India,Andhra Pradesh,WHOLESALE,2017-04-01,60.67,100 liters,9bd42cc6-fc7c-4edd-86da-7d044bfa81e6
Milk,India,Bihar,RETAIL,2017-04-01,0.6,Liter,3d46fd94-bee5-4617-8bd5-cf37d3f74efc
Milk,India,Chandigarh,WHOLESALE,2017-04-01,65.11,100 liters,0e41a37c-0712-48e0-a514-562b65ef629d
Milk,India,Chandigarh,RETAIL,2017-04-01,0.68,Liter,7538bf6d-4980-4164-a626-9bbc7a2a7a6c
Milk,India,Delhi,RETAIL,2017-04-01,0.65,Liter,fd7a5f7a-34b8-4b83-ba22-80acf59a34fc
Milk,India,Goa,RETAIL,2017-04-01,0.78,Liter,1c0912ca-658d-4354-a6f1-d12f805e651a
Milk,India,Gujarat,RETAIL,2017-04-01,0.78,Liter,edff013e-a49f-429c-aedd-b12b8c183797
Milk,India,Haryana,WHOLESALE,2017-04-01,59.29,100 liters,58214e91-5e6d-4d3e-b6ea-0bbabb3fe598
Milk,India,Haryana,RETAIL,2017-04-01,0.65,Liter,ba20dd21-6119-4f95-a9d0-457f17c44d00
Milk,India,Karnataka,RETAIL,2017-04-01,0.56,Liter,34893397-2968-4ca0-a8bc-3d586eb132ba
Milk,India,Karnataka,WHOLESALE,2017-04-01,54.1,100 liters,5b91aca9-0d94-48ec-af3f-dc8f0e52d69e
Milk,India,Madhya Pradesh,WHOLESALE,2017-04-01,58.06,100 liters,94697d34-761e-403b-a1af-cbecc7288289
Milk,India,Madhya Pradesh,RETAIL,2017-04-01,0.62,Liter,a9cc3a73-2df0-48a6-b85f-ee1eeb52c730
Milk,India,Maharashtra,RETAIL,2017-04-01,0.62,Liter,3325148d-79ac-46f5-a02a-95099621e47b
Milk,India,Maharashtra,WHOLESALE,2017-04-01,56.73,100 liters,a3f1ac52-3d0d-4b05-a897-dc25fc45e47c
Milk,India,National Average,WHOLESALE,2017-04-01,58.47,100 liters,34810c05-53d8-461c-8322-c853d3aaf3c5
Milk,India,National Average,RETAIL,2017-04-01,0.64,Liter,43ac28e5-2717-4173-8d19-13b90ff5dbe6
Milk,India,Puducherry,RETAIL,2017-04-01,0.56,Liter,53e6ae43-aa38-4c44-aa4c-76594c0fadd5
Milk,India,Punjab,WHOLESALE,2017-04-01,65.93,100 liters,6ef01407-babd-493b-9871-62e969e56acd
Milk,India,Punjab,RETAIL,2017-04-01,0.69,Liter,9ec5b53b-dbbb-4852-97d1-c987f62e244c
Milk,India,Tamil Nadu,RETAIL,2017-04-01,0.55,Liter,725f0105-ce4b-472c-a48f-82cdad56fd9c
Milk,India,Uttar Pradesh,WHOLESALE,2017-04-01,59.42,100 liters,26104e58-bd44-4fd7-85d7-d96210bba3bc
Milk,India,Uttar Pradesh,RETAIL,2017-04-01,0.73,Liter,9d7e7e25-1632-48ec-9826-adfd708bb6a7
Milk,Tunisia,Tunis,RETAIL,2017-04-01,0.47,Liter,ea0604c0-f78e-4fdb-9abd-6acb924220ce
Milk,Ecuador,Cuenca,WHOLESALE,2017-05-01,0.85,Liter,9ded0774-9f9c-4c3f-981e-70173ab253a1
Milk,Ecuador,Guayaquil,WHOLESALE,2017-05-01,0.68,Liter,4b83440a-8202-4f13-800e-74715be3a282
Milk,Egypt,National Average,RETAIL,2017-05-01,0.57,Liter,6b8e500a-e2a6-4d5f-8774-d100d78f68c8
Milk,India,Andhra Pradesh,RETAIL,2017-05-01,0.64,Liter,177c26f9-cc5e-4954-998c-920407b7ed2b
Milk,India,Andhra Pradesh,WHOLESALE,2017-05-01,60.6,100 liters,9bd42cc6-fc7c-4edd-86da-7d044bfa81e6
Milk,India,Bihar,RETAIL,2017-05-01,0.59,Liter,3d46fd94-bee5-4617-8bd5-cf37d3f74efc
Milk,India,Chandigarh,WHOLESALE,2017-05-01,65.2,100 liters,0e41a37c-0712-48e0-a514-562b65ef629d
Milk,India,Chandigarh,RETAIL,2017-05-01,0.68,Liter,7538bf6d-4980-4164-a626-9bbc7a2a7a6c
Milk,India,Delhi,RETAIL,2017-05-01,0.65,Liter,fd7a5f7a-34b8-4b83-ba22-80acf59a34fc
Milk,India,Goa,RETAIL,2017-05-01,0.78,Liter,1c0912ca-658d-4354-a6f1-d12f805e651a
Milk,India,Gujarat,RETAIL,2017-05-01,0.78,Liter,edff013e-a49f-429c-aedd-b12b8c183797
Milk,India,Haryana,WHOLESALE,2017-05-01,59.38,100 liters,58214e91-5e6d-4d3e-b6ea-0bbabb3fe598
Milk,India,Haryana,RETAIL,2017-05-01,0.65,Liter,ba20dd21-6119-4f95-a9d0-457f17c44d00
Milk,India,Karnataka,RETAIL,2017-05-01,0.56,Liter,34893397-2968-4ca0-a8bc-3d586eb132ba
Milk,India,Karnataka,WHOLESALE,2017-05-01,54.38,100 liters,5b91aca9-0d94-48ec-af3f-dc8f0e52d69e
Milk,India,Madhya Pradesh,WHOLESALE,2017-05-01,58.62,100 liters,94697d34-761e-403b-a1af-cbecc7288289
Milk,India,Madhya Pradesh,RETAIL,2017-05-01,0.62,Liter,a9cc3a73-2df0-48a6-b85f-ee1eeb52c730
Milk,India,Maharashtra,RETAIL,2017-05-01,0.62,Liter,3325148d-79ac-46f5-a02a-95099621e47b
Milk,India,Maharashtra,WHOLESALE,2017-05-01,56.82,100 liters,a3f1ac52-3d0d-4b05-a897-dc25fc45e47c
Milk,India,National Average,WHOLESALE,2017-05-01,58.98,100 liters,34810c05-53d8-461c-8322-c853d3aaf3c5
Milk,India,National Average,RETAIL,2017-05-01,0.65,Liter,43ac28e5-2717-4173-8d19-13b90ff5dbe6
Milk,India,Puducherry,RETAIL,2017-05-01,0.56,Liter,53e6ae43-aa38-4c44-aa4c-76594c0fadd5
Milk,India,Punjab,WHOLESALE,2017-05-01,66.49,100 liters,6ef01407-babd-493b-9871-62e969e56acd
Milk,India,Punjab,RETAIL,2017-05-01,0.7,Liter,9ec5b53b-dbbb-4852-97d1-c987f62e244c
Milk,India,Tamil Nadu,RETAIL,2017-05-01,0.55,Liter,725f0105-ce4b-472c-a48f-82cdad56fd9c
Milk,India,Uttar Pradesh,WHOLESALE,2017-05-01,59.51,100 liters,26104e58-bd44-4fd7-85d7-d96210bba3bc
Milk,India,Uttar Pradesh,RETAIL,2017-05-01,0.73,Liter,9d7e7e25-1632-48ec-9826-adfd708bb6a7
Milk,Tunisia,Tunis,RETAIL,2017-05-01,0.46,Liter,ea0604c0-f78e-4fdb-9abd-6acb924220ce
Milk,Ecuador,Cuenca,WHOLESALE,2017-06-01,0.9,Liter,9ded0774-9f9c-4c3f-981e-70173ab253a1
Milk,Ecuador,Guayaquil,WHOLESALE,2017-06-01,0.68,Liter,4b83440a-8202-4f13-800e-74715be3a282
Milk,Egypt,National Average,RETAIL,2017-06-01,0.61,Liter,6b8e500a-e2a6-4d5f-8774-d100d78f68c8
Milk,India,Andhra Pradesh,RETAIL,2017-06-01,0.64,Liter,177c26f9-cc5e-4954-998c-920407b7ed2b
Milk,India,Andhra Pradesh,WHOLESALE,2017-06-01,60.52,100 liters,9bd42cc6-fc7c-4edd-86da-7d044bfa81e6
Milk,India,Bihar,RETAIL,2017-06-01,0.59,Liter,3d46fd94-bee5-4617-8bd5-cf37d3f74efc
Milk,India,Chandigarh,WHOLESALE,2017-06-01,65.18,100 liters,0e41a37c-0712-48e0-a514-562b65ef629d
Milk,India,Chandigarh,RETAIL,2017-06-01,0.68,Liter,7538bf6d-4980-4164-a626-9bbc7a2a7a6c
Milk,India,Delhi,RETAIL,2017-06-01,0.65,Liter,fd7a5f7a-34b8-4b83-ba22-80acf59a34fc
Milk,India,Goa,RETAIL,2017-06-01,0.78,Liter,1c0912ca-658d-4354-a6f1-d12f805e651a
Milk,India,Gujarat,RETAIL,2017-06-01,0.78,Liter,edff013e-a49f-429c-aedd-b12b8c183797
Milk,India,Haryana,WHOLESALE,2017-06-01,60.53,100 liters,58214e91-5e6d-4d3e-b6ea-0bbabb3fe598
Milk,India,Haryana,RETAIL,2017-06-01,0.65,Liter,ba20dd21-6119-4f95-a9d0-457f17c44d00
Milk,India,Karnataka,RETAIL,2017-06-01,0.56,Liter,34893397-2968-4ca0-a8bc-3d586eb132ba
Milk,India,Karnataka,WHOLESALE,2017-06-01,54.11,100 liters,5b91aca9-0d94-48ec-af3f-dc8f0e52d69e
Milk,India,Madhya Pradesh,WHOLESALE,2017-06-01,59.96,100 liters,94697d34-761e-403b-a1af-cbecc7288289
Milk,India,Madhya Pradesh,RETAIL,2017-06-01,0.64,Liter,a9cc3a73-2df0-48a6-b85f-ee1eeb52c730
Milk,India,Maharashtra,RETAIL,2017-06-01,0.62,Liter,3325148d-79ac-46f5-a02a-95099621e47b
Milk,India,Maharashtra,WHOLESALE,2017-06-01,56.81,100 liters,a3f1ac52-3d0d-4b05-a897-dc25fc45e47c
Milk,India,National Average,WHOLESALE,2017-06-01,58.98,100 liters,34810c05-53d8-461c-8322-c853d3aaf3c5
Milk,India,National Average,RETAIL,2017-06-01,0.65,Liter,43ac28e5-2717-4173-8d19-13b90ff5dbe6
Milk,India,Puducherry,RETAIL,2017-06-01,0.56,Liter,53e6ae43-aa38-4c44-aa4c-76594c0fadd5
Milk,India,Punjab,WHOLESALE,2017-06-01,67.3,100 liters,6ef01407-babd-493b-9871-62e969e56acd
Milk,India,Punjab,RETAIL,2017-06-01,0.71,Liter,9ec5b53b-dbbb-4852-97d1-c987f62e244c
Milk,India,Tamil Nadu,RETAIL,2017-06-01,0.55,Liter,725f0105-ce4b-472c-a48f-82cdad56fd9c
Milk,India,Uttar Pradesh,WHOLESALE,2017-06-01,60.26,100 liters,26104e58-bd44-4fd7-85d7-d96210bba3bc
Milk,India,Uttar Pradesh,RETAIL,2017-06-01,0.73,Liter,9d7e7e25-1632-48ec-9826-adfd708bb6a7
Milk,Tunisia,Tunis,RETAIL,2017-06-01,0.46,Liter,ea0604c0-f78e-4fdb-9abd-6acb924220ce
Milk,Ecuador,Cuenca,WHOLESALE,2017-07-01,0.9,Liter,9ded0774-9f9c-4c3f-981e-70173ab253a1
Milk,Ecuador,Guayaquil,WHOLESALE,2017-07-01,0.68,Liter,4b83440a-8202-4f13-800e-74715be3a282
Milk,Egypt,National Average,RETAIL,2017-07-01,0.67,Liter,6b8e500a-e2a6-4d5f-8774-d100d78f68c8
Milk,India,Andhra Pradesh,RETAIL,2017-07-01,0.66,Liter,177c26f9-cc5e-4954-998c-920407b7ed2b
Milk,India,Andhra Pradesh,WHOLESALE,2017-07-01,62.07,100 liters,9bd42cc6-fc7c-4edd-86da-7d044bfa81e6
Milk,India,Bihar,RETAIL,2017-07-01,0.59,Liter,3d46fd94-bee5-4617-8bd5-cf37d3f74efc
Milk,India,Chandigarh,WHOLESALE,2017-07-01,65.16,100 liters,0e41a37c-0712-48e0-a514-562b65ef629d
Milk,India,Chandigarh,RETAIL,2017-07-01,0.68,Liter,7538bf6d-4980-4164-a626-9bbc7a2a7a6c
Milk,India,Delhi,RETAIL,2017-07-01,0.65,Liter,fd7a5f7a-34b8-4b83-ba22-80acf59a34fc
Milk,India,Goa,RETAIL,2017-07-01,0.78,Liter,1c0912ca-658d-4354-a6f1-d12f805e651a
Milk,India,Gujarat,RETAIL,2017-07-01,0.78,Liter,edff013e-a49f-429c-aedd-b12b8c183797
Milk,India,Haryana,WHOLESALE,2017-07-01,63.5,100 liters,58214e91-5e6d-4d3e-b6ea-0bbabb3fe598
Milk,India,Haryana,RETAIL,2017-07-01,0.67,Liter,ba20dd21-6119-4f95-a9d0-457f17c44d00
Milk,India,Karnataka,RETAIL,2017-07-01,0.56,Liter,34893397-2968-4ca0-a8bc-3d586eb132ba
Milk,India,Karnataka,WHOLESALE,2017-07-01,54.1,100 liters,5b91aca9-0d94-48ec-af3f-dc8f0e52d69e
Milk,India,Madhya Pradesh,WHOLESALE,2017-07-01,60.85,100 liters,94697d34-761e-403b-a1af-cbecc7288289
Milk,India,Madhya Pradesh,RETAIL,2017-07-01,0.66,Liter,a9cc3a73-2df0-48a6-b85f-ee1eeb52c730
Milk,India,Maharashtra,RETAIL,2017-07-01,0.62,Liter,3325148d-79ac-46f5-a02a-95099621e47b
Milk,India,Maharashtra,WHOLESALE,2017-07-01,56.79,100 liters,a3f1ac52-3d0d-4b05-a897-dc25fc45e47c
Milk,India,National Average,WHOLESALE,2017-07-01,59.68,100 liters,34810c05-53d8-461c-8322-c853d3aaf3c5
Milk,India,National Average,RETAIL,2017-07-01,0.65,Liter,43ac28e5-2717-4173-8d19-13b90ff5dbe6
Milk,India,Puducherry,RETAIL,2017-07-01,0.56,Liter,53e6ae43-aa38-4c44-aa4c-76594c0fadd5
Milk,India,Punjab,WHOLESALE,2017-07-01,66.47,100 liters,6ef01407-babd-493b-9871-62e969e56acd
Milk,India,Punjab,RETAIL,2017-07-01,0.72,Liter,9ec5b53b-dbbb-4852-97d1-c987f62e244c
Milk,India,Tamil Nadu,RETAIL,2017-07-01,0.56,Liter,725f0105-ce4b-472c-a48f-82cdad56fd9c
Milk,India,Uttar Pradesh,WHOLESALE,2017-07-01,64.51,100 liters,26104e58-bd44-4fd7-85d7-d96210bba3bc
Milk,India,Uttar Pradesh,RETAIL,2017-07-01,0.74,Liter,9d7e7e25-1632-48ec-9826-adfd708bb6a7
Milk,Tunisia,Tunis,RETAIL,2017-07-01,0.45,Liter,ea0604c0-f78e-4fdb-9abd-6acb924220ce
Milk,Ecuador,Cuenca,WHOLESALE,2017-08-01,0.9,Liter,9ded0774-9f9c-4c3f-981e-70173ab253a1
Milk,Ecuador,Guayaquil,WHOLESALE,2017-08-01,0.68,Liter,4b83440a-8202-4f13-800e-74715be3a282
Milk,Egypt,National Average,RETAIL,2017-08-01,0.68,Liter,6b8e500a-e2a6-4d5f-8774-d100d78f68c8
Milk,India,Andhra Pradesh,RETAIL,2017-08-01,0.66,Liter,177c26f9-cc5e-4954-998c-920407b7ed2b
Milk,India,Andhra Pradesh,WHOLESALE,2017-08-01,62.53,100 liters,9bd42cc6-fc7c-4edd-86da-7d044bfa81e6
Milk,India,Bihar,RETAIL,2017-08-01,0.6,Liter,3d46fd94-bee5-4617-8bd5-cf37d3f74efc
Milk,India,Bihar,WHOLESALE,2017-08-01,60.97,100 liters,f9f75db4-1b8a-4f94-b38f-3cf626a056a6
Milk,India,Chandigarh,WHOLESALE,2017-08-01,65.66,100 liters,0e41a37c-0712-48e0-a514-562b65ef629d
Milk,India,Chandigarh,RETAIL,2017-08-01,0.69,Liter,7538bf6d-4980-4164-a626-9bbc7a2a7a6c
Milk,India,Delhi,RETAIL,2017-08-01,0.66,Liter,fd7a5f7a-34b8-4b83-ba22-80acf59a34fc
Milk,India,Goa,RETAIL,2017-08-01,0.78,Liter,1c0912ca-658d-4354-a6f1-d12f805e651a
Milk,India,Gujarat,RETAIL,2017-08-01,0.79,Liter,edff013e-a49f-429c-aedd-b12b8c183797
Milk,India,Haryana,WHOLESALE,2017-08-01,64.6,100 liters,58214e91-5e6d-4d3e-b6ea-0bbabb3fe598
Milk,India,Haryana,RETAIL,2017-08-01,0.68,Liter,ba20dd21-6119-4f95-a9d0-457f17c44d00
Milk,India,Karnataka,RETAIL,2017-08-01,0.56,Liter,34893397-2968-4ca0-a8bc-3d586eb132ba
Milk,India,Karnataka,WHOLESALE,2017-08-01,54.52,100 liters,5b91aca9-0d94-48ec-af3f-dc8f0e52d69e
Milk,India,Madhya Pradesh,WHOLESALE,2017-08-01,62.08,100 liters,94697d34-761e-403b-a1af-cbecc7288289
Milk,India,Madhya Pradesh,RETAIL,2017-08-01,0.68,Liter,a9cc3a73-2df0-48a6-b85f-ee1eeb52c730
Milk,India,Maharashtra,RETAIL,2017-08-01,0.62,Liter,3325148d-79ac-46f5-a02a-95099621e47b
Milk,India,Maharashtra,WHOLESALE,2017-08-01,57.16,100 liters,a3f1ac52-3d0d-4b05-a897-dc25fc45e47c
Milk,India,National Average,WHOLESALE,2017-08-01,60.58,100 liters,34810c05-53d8-461c-8322-c853d3aaf3c5
Milk,India,National Average,RETAIL,2017-08-01,0.66,Liter,43ac28e5-2717-4173-8d19-13b90ff5dbe6
Milk,India,Puducherry,RETAIL,2017-08-01,0.56,Liter,53e6ae43-aa38-4c44-aa4c-76594c0fadd5
Milk,India,Punjab,WHOLESALE,2017-08-01,68.85,100 liters,6ef01407-babd-493b-9871-62e969e56acd
Milk,India,Punjab,RETAIL,2017-08-01,0.74,Liter,9ec5b53b-dbbb-4852-97d1-c987f62e244c
Milk,India,Tamil Nadu,RETAIL,2017-08-01,0.56,Liter,725f0105-ce4b-472c-a48f-82cdad56fd9c
Milk,India,Uttar Pradesh,WHOLESALE,2017-08-01,65.54,100 liters,26104e58-bd44-4fd7-85d7-d96210bba3bc
Milk,India,Uttar Pradesh,RETAIL,2017-08-01,0.75,Liter,9d7e7e25-1632-48ec-9826-adfd708bb6a7
Milk,Tunisia,Tunis,RETAIL,2017-08-01,0.46,Liter,ea0604c0-f78e-4fdb-9abd-6acb924220ce
Milk,Ecuador,Cuenca,WHOLESALE,2017-09-01,0.9,Liter,9ded0774-9f9c-4c3f-981e-70173ab253a1
Milk,Ecuador,Guayaquil,WHOLESALE,2017-09-01,0.68,Liter,4b83440a-8202-4f13-800e-74715be3a282
Milk,Egypt,National Average,RETAIL,2017-09-01,0.68,Liter,6b8e500a-e2a6-4d5f-8774-d100d78f68c8
Milk,India,Andhra Pradesh,RETAIL,2017-09-01,0.66,Liter,177c26f9-cc5e-4954-998c-920407b7ed2b
Milk,India,Andhra Pradesh,WHOLESALE,2017-09-01,62.07,100 liters,9bd42cc6-fc7c-4edd-86da-7d044bfa81e6
Milk,India,Bihar,RETAIL,2017-09-01,0.6,Liter,3d46fd94-bee5-4617-8bd5-cf37d3f74efc
Milk,India,Bihar,WHOLESALE,2017-09-01,60.52,100 liters,f9f75db4-1b8a-4f94-b38f-3cf626a056a6
Milk,India,Chandigarh,WHOLESALE,2017-09-01,65.18,100 liters,0e41a37c-0712-48e0-a514-562b65ef629d
Milk,India,Chandigarh,RETAIL,2017-09-01,0.68,Liter,7538bf6d-4980-4164-a626-9bbc7a2a7a6c
Milk,India,Delhi,RETAIL,2017-09-01,0.65,Liter,fd7a5f7a-34b8-4b83-ba22-80acf59a34fc
Milk,India,Goa,RETAIL,2017-09-01,0.78,Liter,1c0912ca-658d-4354-a6f1-d12f805e651a
Milk,India,Gujarat,RETAIL,2017-09-01,0.78,Liter,edff013e-a49f-429c-aedd-b12b8c183797
Milk,India,Haryana,WHOLESALE,2017-09-01,64.47,100 liters,58214e91-5e6d-4d3e-b6ea-0bbabb3fe598
Milk,India,Haryana,RETAIL,2017-09-01,0.68,Liter,ba20dd21-6119-4f95-a9d0-457f17c44d00
Milk,India,Karnataka,RETAIL,2017-09-01,0.56,Liter,34893397-2968-4ca0-a8bc-3d586eb132ba
Milk,India,Karnataka,WHOLESALE,2017-09-01,54.11,100 liters,5b91aca9-0d94-48ec-af3f-dc8f0e52d69e
Milk,India,Madhya Pradesh,WHOLESALE,2017-09-01,61.27,100 liters,94697d34-761e-403b-a1af-cbecc7288289
Milk,India,Madhya Pradesh,RETAIL,2017-09-01,0.67,Liter,a9cc3a73-2df0-48a6-b85f-ee1eeb52c730
Milk,India,Maharashtra,RETAIL,2017-09-01,0.62,Liter,3325148d-79ac-46f5-a02a-95099621e47b
Milk,India,Maharashtra,WHOLESALE,2017-09-01,56.97,100 liters,a3f1ac52-3d0d-4b05-a897-dc25fc45e47c
Milk,India,National Average,WHOLESALE,2017-09-01,60.25,100 liters,34810c05-53d8-461c-8322-c853d3aaf3c5
Milk,India,National Average,RETAIL,2017-09-01,0.65,Liter,43ac28e5-2717-4173-8d19-13b90ff5dbe6
Milk,India,Puducherry,RETAIL,2017-09-01,0.56,Liter,53e6ae43-aa38-4c44-aa4c-76594c0fadd5
Milk,India,Punjab,WHOLESALE,2017-09-01,68.19,100 liters,6ef01407-babd-493b-9871-62e969e56acd
Milk,India,Punjab,RETAIL,2017-09-01,0.73,Liter,9ec5b53b-dbbb-4852-97d1-c987f62e244c
Milk,India,Tamil Nadu,RETAIL,2017-09-01,0.56,Liter,725f0105-ce4b-472c-a48f-82cdad56fd9c
Milk,India,Uttar Pradesh,WHOLESALE,2017-09-01,65.05,100 liters,26104e58-bd44-4fd7-85d7-d96210bba3bc
Milk,India,Uttar Pradesh,RETAIL,2017-09-01,0.75,Liter,9d7e7e25-1632-48ec-9826-adfd708bb6a7
Milk,Tunisia,Tunis,RETAIL,2017-09-01,0.46,Liter,ea0604c0-f78e-4fdb-9abd-6acb924220ce
Milk,Ecuador,Cuenca,WHOLESALE,2017-10-01,0.9,Liter,9ded0774-9f9c-4c3f-981e-70173ab253a1
Milk,Ecuador,Guayaquil,WHOLESALE,2017-10-01,0.68,Liter,4b83440a-8202-4f13-800e-74715be3a282
Milk,Egypt,National Average,RETAIL,2017-10-01,0.68,Liter,6b8e500a-e2a6-4d5f-8774-d100d78f68c8
Milk,India,Andhra Pradesh,RETAIL,2017-10-01,0.65,Liter,177c26f9-cc5e-4954-998c-920407b7ed2b
Milk,India,Andhra Pradesh,WHOLESALE,2017-10-01,61.46,100 liters,9bd42cc6-fc7c-4edd-86da-7d044bfa81e6
Milk,India,Bihar,RETAIL,2017-10-01,0.6,Liter,3d46fd94-bee5-4617-8bd5-cf37d3f74efc
Milk,India,Chandigarh,WHOLESALE,2017-10-01,64.54,100 liters,0e41a37c-0712-48e0-a514-562b65ef629d
Milk,India,Chandigarh,RETAIL,2017-10-01,0.68,Liter,7538bf6d-4980-4164-a626-9bbc7a2a7a6c
Milk,India,Delhi,RETAIL,2017-10-01,0.65,Liter,fd7a5f7a-34b8-4b83-ba22-80acf59a34fc
Milk,India,Goa,RETAIL,2017-10-01,0.77,Liter,1c0912ca-658d-4354-a6f1-d12f805e651a
Milk,India,Gujarat,RETAIL,2017-10-01,0.78,Liter,edff013e-a49f-429c-aedd-b12b8c183797
Milk,India,Haryana,WHOLESALE,2017-10-01,63.84,100 liters,58214e91-5e6d-4d3e-b6ea-0bbabb3fe598
Milk,India,Haryana,RETAIL,2017-10-01,0.67,Liter,ba20dd21-6119-4f95-a9d0-457f17c44d00
Milk,India,Karnataka,RETAIL,2017-10-01,0.55,Liter,34893397-2968-4ca0-a8bc-3d586eb132ba
Milk,India,Karnataka,WHOLESALE,2017-10-01,53.59,100 liters,5b91aca9-0d94-48ec-af3f-dc8f0e52d69e
Milk,India,Madhya Pradesh,WHOLESALE,2017-10-01,60.63,100 liters,94697d34-761e-403b-a1af-cbecc7288289
Milk,India,Madhya Pradesh,RETAIL,2017-10-01,0.66,Liter,a9cc3a73-2df0-48a6-b85f-ee1eeb52c730
Milk,India,Maharashtra,RETAIL,2017-10-01,0.61,Liter,3325148d-79ac-46f5-a02a-95099621e47b
Milk,India,Maharashtra,WHOLESALE,2017-10-01,56.36,100 liters,a3f1ac52-3d0d-4b05-a897-dc25fc45e47c
Milk,India,National Average,WHOLESALE,2017-10-01,59.69,100 liters,34810c05-53d8-461c-8322-c853d3aaf3c5
Milk,India,National Average,RETAIL,2017-10-01,0.65,Liter,43ac28e5-2717-4173-8d19-13b90ff5dbe6
Milk,India,Puducherry,RETAIL,2017-10-01,0.55,Liter,53e6ae43-aa38-4c44-aa4c-76594c0fadd5
Milk,India,Punjab,WHOLESALE,2017-10-01,67.28,100 liters,6ef01407-babd-493b-9871-62e969e56acd
Milk,India,Punjab,RETAIL,2017-10-01,0.72,Liter,9ec5b53b-dbbb-4852-97d1-c987f62e244c
Milk,India,Tamil Nadu,RETAIL,2017-10-01,0.55,Liter,725f0105-ce4b-472c-a48f-82cdad56fd9c
Milk,India,Uttar Pradesh,WHOLESALE,2017-10-01,64.54,100 liters,26104e58-bd44-4fd7-85d7-d96210bba3bc
Milk,India,Uttar Pradesh,RETAIL,2017-10-01,0.74,Liter,9d7e7e25-1632-48ec-9826-adfd708bb6a7
Milk,Tunisia,Tunis,RETAIL,2017-10-01,0.45,Liter,ea0604c0-f78e-4fdb-9abd-6acb924220ce
Milk,Ecuador,Cuenca,WHOLESALE,2017-11-01,0.9,Liter,9ded0774-9f9c-4c3f-981e-70173ab253a1
Milk,Ecuador,Guayaquil,WHOLESALE,2017-11-01,0.68,Liter,4b83440a-8202-4f13-800e-74715be3a282
Milk,Egypt,National Average,RETAIL,2017-11-01,0.74,Liter,6b8e500a-e2a6-4d5f-8774-d100d78f68c8
Milk,India,Andhra Pradesh,RETAIL,2017-11-01,0.65,Liter,177c26f9-cc5e-4954-998c-920407b7ed2b
Milk,India,Andhra Pradesh,WHOLESALE,2017-11-01,61.73,100 liters,9bd42cc6-fc7c-4edd-86da-7d044bfa81e6
Milk,India,Bihar,RETAIL,2017-11-01,0.62,Liter,3d46fd94-bee5-4617-8bd5-cf37d3f74efc
Milk,India,Chandigarh,WHOLESALE,2017-11-01,64.75,100 liters,0e41a37c-0712-48e0-a514-562b65ef629d
Milk,India,Chandigarh,RETAIL,2017-11-01,0.68,Liter,7538bf6d-4980-4164-a626-9bbc7a2a7a6c
Milk,India,Delhi,RETAIL,2017-11-01,0.65,Liter,fd7a5f7a-34b8-4b83-ba22-80acf59a34fc
Milk,India,Goa,RETAIL,2017-11-01,0.77,Liter,1c0912ca-658d-4354-a6f1-d12f805e651a
Milk,India,Gujarat,RETAIL,2017-11-01,0.78,Liter,edff013e-a49f-429c-aedd-b12b8c183797
Milk,India,Haryana,WHOLESALE,2017-11-01,64.1,100 liters,58214e91-5e6d-4d3e-b6ea-0bbabb3fe598
Milk,India,Haryana,RETAIL,2017-11-01,0.67,Liter,ba20dd21-6119-4f95-a9d0-457f17c44d00
Milk,India,Karnataka,RETAIL,2017-11-01,0.56,Liter,34893397-2968-4ca0-a8bc-3d586eb132ba
Milk,India,Karnataka,WHOLESALE,2017-11-01,53.76,100 liters,5b91aca9-0d94-48ec-af3f-dc8f0e52d69e
Milk,India,Madhya Pradesh,WHOLESALE,2017-11-01,62.13,100 liters,94697d34-761e-403b-a1af-cbecc7288289
Milk,India,Madhya Pradesh,RETAIL,2017-11-01,0.67,Liter,a9cc3a73-2df0-48a6-b85f-ee1eeb52c730
Milk,India,Maharashtra,RETAIL,2017-11-01,0.61,Liter,3325148d-79ac-46f5-a02a-95099621e47b
Milk,India,Maharashtra,WHOLESALE,2017-11-01,56.65,100 liters,a3f1ac52-3d0d-4b05-a897-dc25fc45e47c
Milk,India,National Average,WHOLESALE,2017-11-01,60.58,100 liters,34810c05-53d8-461c-8322-c853d3aaf3c5
Milk,India,National Average,RETAIL,2017-11-01,0.65,Liter,43ac28e5-2717-4173-8d19-13b90ff5dbe6
Milk,India,Puducherry,RETAIL,2017-11-01,0.56,Liter,53e6ae43-aa38-4c44-aa4c-76594c0fadd5
Milk,India,Punjab,WHOLESALE,2017-11-01,67.6,100 liters,6ef01407-babd-493b-9871-62e969e56acd
Milk,India,Punjab,RETAIL,2017-11-01,0.72,Liter,9ec5b53b-dbbb-4852-97d1-c987f62e244c
Milk,India,Tamil Nadu,RETAIL,2017-11-01,0.55,Liter,725f0105-ce4b-472c-a48f-82cdad56fd9c
Milk,India,Uttar Pradesh,WHOLESALE,2017-11-01,64.48,100 liters,26104e58-bd44-4fd7-85d7-d96210bba3bc
Milk,India,Uttar Pradesh,RETAIL,2017-11-01,0.75,Liter,9d7e7e25-1632-48ec-9826-adfd708bb6a7
Milk,Tunisia,Tunis,RETAIL,2017-11-01,0.45,Liter,ea0604c0-f78e-4fdb-9abd-6acb924220ce
Milk,Ecuador,Cuenca,WHOLESALE,2017-12-01,0.9,Liter,9ded0774-9f9c-4c3f-981e-70173ab253a1
Milk,Ecuador,Guayaquil,WHOLESALE,2017-12-01,0.68,Liter,4b83440a-8202-4f13-800e-74715be3a282
Milk,Egypt,National Average,RETAIL,2017-12-01,0.73,Liter,6b8e500a-e2a6-4d5f-8774-d100d78f68c8
Milk,India,Andhra Pradesh,RETAIL,2017-12-01,0.65,Liter,177c26f9-cc5e-4954-998c-920407b7ed2b
Milk,India,Andhra Pradesh,WHOLESALE,2017-12-01,61.82,100 liters,9bd42cc6-fc7c-4edd-86da-7d044bfa81e6
Milk,India,Bihar,RETAIL,2017-12-01,0.62,Liter,3d46fd94-bee5-4617-8bd5-cf37d3f74efc
Milk,India,Chandigarh,WHOLESALE,2017-12-01,65.38,100 liters,0e41a37c-0712-48e0-a514-562b65ef629d
Milk,India,Chandigarh,RETAIL,2017-12-01,0.68,Liter,7538bf6d-4980-4164-a626-9bbc7a2a7a6c
Milk,India,Delhi,RETAIL,2017-12-01,0.65,Liter,fd7a5f7a-34b8-4b83-ba22-80acf59a34fc
Milk,India,Goa,RETAIL,2017-12-01,0.78,Liter,1c0912ca-658d-4354-a6f1-d12f805e651a
Milk,India,Gujarat,RETAIL,2017-12-01,0.79,Liter,edff013e-a49f-429c-aedd-b12b8c183797
Milk,India,Haryana,WHOLESALE,2017-12-01,64.72,100 liters,58214e91-5e6d-4d3e-b6ea-0bbabb3fe598
Milk,India,Haryana,RETAIL,2017-12-01,0.68,Liter,ba20dd21-6119-4f95-a9d0-457f17c44d00
Milk,India,Karnataka,RETAIL,2017-12-01,0.56,Liter,34893397-2968-4ca0-a8bc-3d586eb132ba
Milk,India,Karnataka,WHOLESALE,2017-12-01,54.27,100 liters,5b91aca9-0d94-48ec-af3f-dc8f0e52d69e
Milk,India,Madhya Pradesh,WHOLESALE,2017-12-01,63.76,100 liters,94697d34-761e-403b-a1af-cbecc7288289
Milk,India,Madhya Pradesh,RETAIL,2017-12-01,0.69,Liter,a9cc3a73-2df0-48a6-b85f-ee1eeb52c730
Milk,India,Maharashtra,RETAIL,2017-12-01,0.62,Liter,3325148d-79ac-46f5-a02a-95099621e47b
Milk,India,Maharashtra,WHOLESALE,2017-12-01,57.17,100 liters,a3f1ac52-3d0d-4b05-a897-dc25fc45e47c
Milk,India,National Average,WHOLESALE,2017-12-01,61.18,100 liters,34810c05-53d8-461c-8322-c853d3aaf3c5
Milk,India,National Average,RETAIL,2017-12-01,0.66,Liter,43ac28e5-2717-4173-8d19-13b90ff5dbe6
Milk,India,Puducherry,RETAIL,2017-12-01,0.56,Liter,53e6ae43-aa38-4c44-aa4c-76594c0fadd5
Milk,India,Punjab,WHOLESALE,2017-12-01,69.62,100 liters,6ef01407-babd-493b-9871-62e969e56acd
Milk,India,Punjab,RETAIL,2017-12-01,0.73,Liter,9ec5b53b-dbbb-4852-97d1-c987f62e244c
Milk,India,Tamil Nadu,RETAIL,2017-12-01,0.56,Liter,725f0105-ce4b-472c-a48f-82cdad56fd9c
Milk,India,Uttar Pradesh,WHOLESALE,2017-12-01,65.26,100 liters,26104e58-bd44-4fd7-85d7-d96210bba3bc
Milk,India,Uttar Pradesh,RETAIL,2017-12-01,0.75,Liter,9d7e7e25-1632-48ec-9826-adfd708bb6a7
Milk,Tunisia,Tunis,RETAIL,2017-12-01,0.45,Liter,ea0604c0-f78e-4fdb-9abd-6acb924220ce
Milk,Ecuador,Cuenca,WHOLESALE,2018-01-01,0.9,Liter,9ded0774-9f9c-4c3f-981e-70173ab253a1
Milk,Ecuador,Guayaquil,WHOLESALE,2018-01-01,0.67,Liter,4b83440a-8202-4f13-800e-74715be3a282
Milk,Egypt,National Average,RETAIL,2018-01-01,0.74,Liter,6b8e500a-e2a6-4d5f-8774-d100d78f68c8
Milk,India,Andhra Pradesh,RETAIL,2018-01-01,0.66,Liter,177c26f9-cc5e-4954-998c-920407b7ed2b
Milk,India,Andhra Pradesh,WHOLESALE,2018-01-01,62.05,100 liters,9bd42cc6-fc7c-4edd-86da-7d044bfa81e6
Milk,India,Bihar,RETAIL,2018-01-01,0.63,Liter,3d46fd94-bee5-4617-8bd5-cf37d3f74efc
Milk,India,Chandigarh,WHOLESALE,2018-01-01,66.0,100 liters,0e41a37c-0712-48e0-a514-562b65ef629d
Milk,India,Chandigarh,RETAIL,2018-01-01,0.69,Liter,7538bf6d-4980-4164-a626-9bbc7a2a7a6c
Milk,India,Delhi,RETAIL,2018-01-01,0.66,Liter,fd7a5f7a-34b8-4b83-ba22-80acf59a34fc
Milk,India,Goa,RETAIL,2018-01-01,0.79,Liter,1c0912ca-658d-4354-a6f1-d12f805e651a
Milk,India,Gujarat,RETAIL,2018-01-01,0.79,Liter,edff013e-a49f-429c-aedd-b12b8c183797
Milk,India,Haryana,WHOLESALE,2018-01-01,65.33,100 liters,58214e91-5e6d-4d3e-b6ea-0bbabb3fe598
Milk,India,Haryana,RETAIL,2018-01-01,0.69,Liter,ba20dd21-6119-4f95-a9d0-457f17c44d00
Milk,India,Karnataka,RETAIL,2018-01-01,0.57,Liter,34893397-2968-4ca0-a8bc-3d586eb132ba
Milk,India,Karnataka,WHOLESALE,2018-01-01,54.8,100 liters,5b91aca9-0d94-48ec-af3f-dc8f0e52d69e
Milk,India,Madhya Pradesh,WHOLESALE,2018-01-01,64.06,100 liters,94697d34-761e-403b-a1af-cbecc7288289
Milk,India,Madhya Pradesh,RETAIL,2018-01-01,0.7,Liter,a9cc3a73-2df0-48a6-b85f-ee1eeb52c730
Milk,India,Maharashtra,RETAIL,2018-01-01,0.62,Liter,3325148d-79ac-46f5-a02a-95099621e47b
Milk,India,Maharashtra,WHOLESALE,2018-01-01,57.75,100 liters,a3f1ac52-3d0d-4b05-a897-dc25fc45e47c
Milk,India,National Average,WHOLESALE,2018-01-01,61.8,100 liters,34810c05-53d8-461c-8322-c853d3aaf3c5
Milk,India,National Average,RETAIL,2018-01-01,0.66,Liter,43ac28e5-2717-4173-8d19-13b90ff5dbe6
Milk,India,Puducherry,RETAIL,2018-01-01,0.57,Liter,53e6ae43-aa38-4c44-aa4c-76594c0fadd5
Milk,India,Punjab,WHOLESALE,2018-01-01,67.4,100 liters,6ef01407-babd-493b-9871-62e969e56acd
Milk,India,Punjab,RETAIL,2018-01-01,0.72,Liter,9ec5b53b-dbbb-4852-97d1-c987f62e244c
Milk,India,Tamil Nadu,RETAIL,2018-01-01,0.57,Liter,725f0105-ce4b-472c-a48f-82cdad56fd9c
Milk,India,Uttar Pradesh,WHOLESALE,2018-01-01,65.99,100 liters,26104e58-bd44-4fd7-85d7-d96210bba3bc
Milk,India,Uttar Pradesh,RETAIL,2018-01-01,0.76,Liter,9d7e7e25-1632-48ec-9826-adfd708bb6a7
Milk,Tunisia,Tunis,RETAIL,2018-01-01,0.45,Liter,ea0604c0-f78e-4fdb-9abd-6acb924220ce
Milk,Ecuador,Cuenca,WHOLESALE,2018-02-01,0.9,Liter,9ded0774-9f9c-4c3f-981e-70173ab253a1
Milk,Ecuador,Guayaquil,WHOLESALE,2018-02-01,0.67,Liter,4b83440a-8202-4f13-800e-74715be3a282
Milk,Egypt,National Average,RETAIL,2018-02-01,0.74,Liter,6b8e500a-e2a6-4d5f-8774-d100d78f68c8
Milk,India,Andhra Pradesh,RETAIL,2018-02-01,0.65,Liter,177c26f9-cc5e-4954-998c-920407b7ed2b
Milk,India,Andhra Pradesh,WHOLESALE,2018-02-01,61.38,100 liters,9bd42cc6-fc7c-4edd-86da-7d044bfa81e6
Milk,India,Bihar,RETAIL,2018-02-01,0.62,Liter,3d46fd94-bee5-4617-8bd5-cf37d3f74efc
Milk,India,Chandigarh,WHOLESALE,2018-02-01,65.24,100 liters,0e41a37c-0712-48e0-a514-562b65ef629d
Milk,India,Chandigarh,RETAIL,2018-02-01,0.68,Liter,7538bf6d-4980-4164-a626-9bbc7a2a7a6c
Milk,India,Delhi,RETAIL,2018-02-01,0.65,Liter,fd7a5f7a-34b8-4b83-ba22-80acf59a34fc
Milk,India,Goa,RETAIL,2018-02-01,0.78,Liter,1c0912ca-658d-4354-a6f1-d12f805e651a
Milk,India,Gujarat,RETAIL,2018-02-01,0.78,Liter,edff013e-a49f-429c-aedd-b12b8c183797
Milk,India,Haryana,WHOLESALE,2018-02-01,64.58,100 liters,58214e91-5e6d-4d3e-b6ea-0bbabb3fe598
Milk,India,Haryana,RETAIL,2018-02-01,0.68,Liter,ba20dd21-6119-4f95-a9d0-457f17c44d00
Milk,India,Karnataka,RETAIL,2018-02-01,0.56,Liter,34893397-2968-4ca0-a8bc-3d586eb132ba
Milk,India,Karnataka,WHOLESALE,2018-02-01,54.16,100 liters,5b91aca9-0d94-48ec-af3f-dc8f0e52d69e
Milk,India,Madhya Pradesh,WHOLESALE,2018-02-01,63.46,100 liters,94697d34-761e-403b-a1af-cbecc7288289
Milk,India,Madhya Pradesh,RETAIL,2018-02-01,0.69,Liter,a9cc3a73-2df0-48a6-b85f-ee1eeb52c730
Milk,India,Maharashtra,RETAIL,2018-02-01,0.62,Liter,3325148d-79ac-46f5-a02a-95099621e47b
Milk,India,Maharashtra,WHOLESALE,2018-02-01,57.03,100 liters,a3f1ac52-3d0d-4b05-a897-dc25fc45e47c
Milk,India,National Average,WHOLESALE,2018-02-01,60.66,100 liters,34810c05-53d8-461c-8322-c853d3aaf3c5
Milk,India,National Average,RETAIL,2018-02-01,0.65,Liter,43ac28e5-2717-4173-8d19-13b90ff5dbe6
Milk,India,Puducherry,RETAIL,2018-02-01,0.56,Liter,53e6ae43-aa38-4c44-aa4c-76594c0fadd5
Milk,India,Punjab,WHOLESALE,2018-02-01,65.63,100 liters,6ef01407-babd-493b-9871-62e969e56acd
Milk,India,Punjab,RETAIL,2018-02-01,0.71,Liter,9ec5b53b-dbbb-4852-97d1-c987f62e244c
Milk,India,Tamil Nadu,RETAIL,2018-02-01,0.56,Liter,725f0105-ce4b-472c-a48f-82cdad56fd9c
Milk,India,Uttar Pradesh,WHOLESALE,2018-02-01,64.87,100 liters,26104e58-bd44-4fd7-85d7-d96210bba3bc
Milk,India,Uttar Pradesh,RETAIL,2018-02-01,0.75,Liter,9d7e7e25-1632-48ec-9826-adfd708bb6a7
Milk,Tunisia,Tunis,RETAIL,2018-02-01,0.46,Liter,ea0604c0-f78e-4fdb-9abd-6acb924220ce
Milk,Ecuador,Cuenca,WHOLESALE,2018-03-01,0.9,Liter,9ded0774-9f9c-4c3f-981e-70173ab253a1
Milk,Ecuador,Guayaquil,WHOLESALE,2018-03-01,0.67,Liter,4b83440a-8202-4f13-800e-74715be3a282
Milk,Egypt,National Average,RETAIL,2018-03-01,0.74,Liter,6b8e500a-e2a6-4d5f-8774-d100d78f68c8
Milk,India,Andhra Pradesh,RETAIL,2018-03-01,0.64,Liter,177c26f9-cc5e-4954-998c-920407b7ed2b
Milk,India,Andhra Pradesh,WHOLESALE,2018-03-01,60.79,100 liters,9bd42cc6-fc7c-4edd-86da-7d044bfa81e6
Milk,India,Bihar,RETAIL,2018-03-01,0.62,Liter,3d46fd94-bee5-4617-8bd5-cf37d3f74efc
Milk,India,Chandigarh,WHOLESALE,2018-03-01,64.59,100 liters,0e41a37c-0712-48e0-a514-562b65ef629d
Milk,India,Chandigarh,RETAIL,2018-03-01,0.68,Liter,7538bf6d-4980-4164-a626-9bbc7a2a7a6c
Milk,India,Delhi,RETAIL,2018-03-01,0.65,Liter,fd7a5f7a-34b8-4b83-ba22-80acf59a34fc
Milk,India,Goa,RETAIL,2018-03-01,0.77,Liter,1c0912ca-658d-4354-a6f1-d12f805e651a
Milk,India,Gujarat,RETAIL,2018-03-01,0.78,Liter,edff013e-a49f-429c-aedd-b12b8c183797
Milk,India,Haryana,WHOLESALE,2018-03-01,64.18,100 liters,58214e91-5e6d-4d3e-b6ea-0bbabb3fe598
Milk,India,Haryana,RETAIL,2018-03-01,0.67,Liter,ba20dd21-6119-4f95-a9d0-457f17c44d00
Milk,India,Karnataka,RETAIL,2018-03-01,0.55,Liter,34893397-2968-4ca0-a8bc-3d586eb132ba
Milk,India,Karnataka,WHOLESALE,2018-03-01,53.62,100 liters,5b91aca9-0d94-48ec-af3f-dc8f0e52d69e
Milk,India,Madhya Pradesh,WHOLESALE,2018-03-01,62.85,100 liters,94697d34-761e-403b-a1af-cbecc7288289
Milk,India,Madhya Pradesh,RETAIL,2018-03-01,0.68,Liter,a9cc3a73-2df0-48a6-b85f-ee1eeb52c730
Milk,India,Maharashtra,RETAIL,2018-03-01,0.61,Liter,3325148d-79ac-46f5-a02a-95099621e47b
Milk,India,Maharashtra,WHOLESALE,2018-03-01,56.48,100 liters,a3f1ac52-3d0d-4b05-a897-dc25fc45e47c
Milk,India,National Average,WHOLESALE,2018-03-01,60.12,100 liters,34810c05-53d8-461c-8322-c853d3aaf3c5
Milk,India,National Average,RETAIL,2018-03-01,0.64,Liter,43ac28e5-2717-4173-8d19-13b90ff5dbe6
Milk,India,Puducherry,RETAIL,2018-03-01,0.55,Liter,53e6ae43-aa38-4c44-aa4c-76594c0fadd5
Milk,India,Punjab,WHOLESALE,2018-03-01,64.87,100 liters,6ef01407-babd-493b-9871-62e969e56acd
Milk,India,Punjab,RETAIL,2018-03-01,0.71,Liter,9ec5b53b-dbbb-4852-97d1-c987f62e244c
Milk,India,Tamil Nadu,RETAIL,2018-03-01,0.55,Liter,725f0105-ce4b-472c-a48f-82cdad56fd9c
Milk,India,Uttar Pradesh,WHOLESALE,2018-03-01,64.32,100 liters,26104e58-bd44-4fd7-85d7-d96210bba3bc
Milk,India,Uttar Pradesh,RETAIL,2018-03-01,0.74,Liter,9d7e7e25-1632-48ec-9826-adfd708bb6a7
Milk,Tunisia,Tunis,RETAIL,2018-03-01,0.46,Liter,ea0604c0-f78e-4fdb-9abd-6acb924220ce
Milk,Ecuador,Cuenca,WHOLESALE,2018-04-01,0.9,Liter,9ded0774-9f9c-4c3f-981e-70173ab253a1
Milk,Ecuador,Guayaquil,WHOLESALE,2018-04-01,0.67,Liter,4b83440a-8202-4f13-800e-74715be3a282
Milk,Egypt,National Average,RETAIL,2018-04-01,0.74,Liter,6b8e500a-e2a6-4d5f-8774-d100d78f68c8
Milk,India,Andhra Pradesh,RETAIL,2018-04-01,0.64,Liter,177c26f9-cc5e-4954-998c-920407b7ed2b
Milk,India,Andhra Pradesh,WHOLESALE,2018-04-01,60.22,100 liters,9bd42cc6-fc7c-4edd-86da-7d044bfa81e6
Milk,India,Bihar,RETAIL,2018-04-01,0.61,Liter,3d46fd94-bee5-4617-8bd5-cf37d3f74efc
Milk,India,Chandigarh,WHOLESALE,2018-04-01,63.99,100 liters,0e41a37c-0712-48e0-a514-562b65ef629d
Milk,India,Chandigarh,RETAIL,2018-04-01,0.67,Liter,7538bf6d-4980-4164-a626-9bbc7a2a7a6c
Milk,India,Delhi,RETAIL,2018-04-01,0.64,Liter,fd7a5f7a-34b8-4b83-ba22-80acf59a34fc
Milk,India,Goa,RETAIL,2018-04-01,0.76,Liter,1c0912ca-658d-4354-a6f1-d12f805e651a
Milk,India,Gujarat,RETAIL,2018-04-01,0.78,Liter,edff013e-a49f-429c-aedd-b12b8c183797
Milk,India,Haryana,WHOLESALE,2018-04-01,65.13,100 liters,58214e91-5e6d-4d3e-b6ea-0bbabb3fe598
Milk,India,Haryana,RETAIL,2018-04-01,0.67,Liter,ba20dd21-6119-4f95-a9d0-457f17c44d00
Milk,India,Karnataka,RETAIL,2018-04-01,0.55,Liter,34893397-2968-4ca0-a8bc-3d586eb132ba
Milk,India,Karnataka,WHOLESALE,2018-04-01,53.1,100 liters,5b91aca9-0d94-48ec-af3f-dc8f0e52d69e
Milk,India,Madhya Pradesh,WHOLESALE,2018-04-01,62.21,100 liters,94697d34-761e-403b-a1af-cbecc7288289
Milk,India,Madhya Pradesh,RETAIL,2018-04-01,0.68,Liter,a9cc3a73-2df0-48a6-b85f-ee1eeb52c730
Milk,India,Maharashtra,RETAIL,2018-04-01,0.61,Liter,3325148d-79ac-46f5-a02a-95099621e47b
Milk,India,Maharashtra,WHOLESALE,2018-04-01,55.95,100 liters,a3f1ac52-3d0d-4b05-a897-dc25fc45e47c
Milk,India,National Average,WHOLESALE,2018-04-01,59.81,100 liters,34810c05-53d8-461c-8322-c853d3aaf3c5
Milk,India,National Average,RETAIL,2018-04-01,0.64,Liter,43ac28e5-2717-4173-8d19-13b90ff5dbe6
Milk,India,Puducherry,RETAIL,2018-04-01,0.55,Liter,53e6ae43-aa38-4c44-aa4c-76594c0fadd5
Milk,India,Punjab,WHOLESALE,2018-04-01,64.7,100 liters,6ef01407-babd-493b-9871-62e969e56acd
Milk,India,Punjab,RETAIL,2018-04-01,0.71,Liter,9ec5b53b-dbbb-4852-97d1-c987f62e244c
Milk,India,Tamil Nadu,RETAIL,2018-04-01,0.55,Liter,725f0105-ce4b-472c-a48f-82cdad56fd9c
Milk,India,Uttar Pradesh,WHOLESALE,2018-04-01,63.69,100 liters,26104e58-bd44-4fd7-85d7-d96210bba3bc
Milk,India,Uttar Pradesh,RETAIL,2018-04-01,0.73,Liter,9d7e7e25-1632-48ec-9826-adfd708bb6a7
Milk,Tunisia,Tunis,RETAIL,2018-04-01,0.46,Liter,ea0604c0-f78e-4fdb-9abd-6acb924220ce
Milk,Ecuador,Cuenca,WHOLESALE,2018-05-01,0.9,Liter,9ded0774-9f9c-4c3f-981e-70173ab253a1
Milk,Ecuador,Guayaquil,WHOLESALE,2018-05-01,0.67,Liter,4b83440a-8202-4f13-800e-74715be3a282
Milk,Egypt,National Average,RETAIL,2018-05-01,0.76,Liter,6b8e500a-e2a6-4d5f-8774-d100d78f68c8
Milk,India,Andhra Pradesh,RETAIL,2018-05-01,0.63,Liter,177c26f9-cc5e-4954-998c-920407b7ed2b
Milk,India,Andhra Pradesh,WHOLESALE,2018-05-01,59.61,100 liters,9bd42cc6-fc7c-4edd-86da-7d044bfa81e6
Milk,India,Bihar,RETAIL,2018-05-01,0.59,Liter,3d46fd94-bee5-4617-8bd5-cf37d3f74efc
Milk,India,Bihar,WHOLESALE,2018-05-01,53.3,100 liters,f9f75db4-1b8a-4f94-b38f-3cf626a056a6
Milk,India,Chandigarh,WHOLESALE,2018-05-01,62.19,100 liters,0e41a37c-0712-48e0-a514-562b65ef629d
Milk,India,Chandigarh,RETAIL,2018-05-01,0.65,Liter,7538bf6d-4980-4164-a626-9bbc7a2a7a6c
Milk,India,Delhi,RETAIL,2018-05-01,0.62,Liter,fd7a5f7a-34b8-4b83-ba22-80acf59a34fc
Milk,India,Goa,RETAIL,2018-05-01,0.74,Liter,1c0912ca-658d-4354-a6f1-d12f805e651a
Milk,India,Gujarat,RETAIL,2018-05-01,0.75,Liter,edff013e-a49f-429c-aedd-b12b8c183797
Milk,India,Haryana,WHOLESALE,2018-05-01,63.3,100 liters,58214e91-5e6d-4d3e-b6ea-0bbabb3fe598
Milk,India,Haryana,RETAIL,2018-05-01,0.66,Liter,ba20dd21-6119-4f95-a9d0-457f17c44d00
Milk,India,Karnataka,RETAIL,2018-05-01,0.53,Liter,34893397-2968-4ca0-a8bc-3d586eb132ba
Milk,India,Karnataka,WHOLESALE,2018-05-01,51.61,100 liters,5b91aca9-0d94-48ec-af3f-dc8f0e52d69e
Milk,India,Madhya Pradesh,WHOLESALE,2018-05-01,60.4,100 liters,94697d34-761e-403b-a1af-cbecc7288289
Milk,India,Madhya Pradesh,RETAIL,2018-05-01,0.65,Liter,a9cc3a73-2df0-48a6-b85f-ee1eeb52c730
Milk,India,Maharashtra,RETAIL,2018-05-01,0.59,Liter,3325148d-79ac-46f5-a02a-95099621e47b
Milk,India,Maharashtra,WHOLESALE,2018-05-01,54.44,100 liters,a3f1ac52-3d0d-4b05-a897-dc25fc45e47c
Milk,India,National Average,WHOLESALE,2018-05-01,58.25,100 liters,34810c05-53d8-461c-8322-c853d3aaf3c5
Milk,India,National Average,RETAIL,2018-05-01,0.62,Liter,43ac28e5-2717-4173-8d19-13b90ff5dbe6
Milk,India,Puducherry,RETAIL,2018-05-01,0.53,Liter,53e6ae43-aa38-4c44-aa4c-76594c0fadd5
Milk,India,Punjab,WHOLESALE,2018-05-01,61.84,100 liters,6ef01407-babd-493b-9871-62e969e56acd
Milk,India,Punjab,RETAIL,2018-05-01,0.68,Liter,9ec5b53b-dbbb-4852-97d1-c987f62e244c
Milk,India,Tamil Nadu,RETAIL,2018-05-01,0.53,Liter,725f0105-ce4b-472c-a48f-82cdad56fd9c
Milk,India,Uttar Pradesh,WHOLESALE,2018-05-01,61.87,100 liters,26104e58-bd44-4fd7-85d7-d96210bba3bc
Milk,India,Uttar Pradesh,RETAIL,2018-05-01,0.71,Liter,9d7e7e25-1632-48ec-9826-adfd708bb6a7
Milk,Tunisia,Tunis,RETAIL,2018-05-01,0.44,Liter,ea0604c0-f78e-4fdb-9abd-6acb924220ce
Milk,Ecuador,Cuenca,WHOLESALE,2018-06-01,0.9,Liter,9ded0774-9f9c-4c3f-981e-70173ab253a1
Milk,Ecuador,Guayaquil,WHOLESALE,2018-06-01,0.67,Liter,4b83440a-8202-4f13-800e-74715be3a282
Milk,Egypt,National Average,RETAIL,2018-06-01,0.79,Liter,6b8e500a-e2a6-4d5f-8774-d100d78f68c8
Milk,India,Andhra Pradesh,RETAIL,2018-06-01,0.62,Liter,177c26f9-cc5e-4954-998c-920407b7ed2b
Milk,India,Andhra Pradesh,WHOLESALE,2018-06-01,58.88,100 liters,9bd42cc6-fc7c-4edd-86da-7d044bfa81e6
Milk,India,Bihar,RETAIL,2018-06-01,0.58,Liter,3d46fd94-bee5-4617-8bd5-cf37d3f74efc
Milk,India,Bihar,WHOLESALE,2018-06-01,53.1,100 liters,f9f75db4-1b8a-4f94-b38f-3cf626a056a6
Milk,India,Chandigarh,WHOLESALE,2018-06-01,61.95,100 liters,0e41a37c-0712-48e0-a514-562b65ef629d
Milk,India,Chandigarh,RETAIL,2018-06-01,0.65,Liter,7538bf6d-4980-4164-a626-9bbc7a2a7a6c
Milk,India,Delhi,RETAIL,2018-06-01,0.62,Liter,fd7a5f7a-34b8-4b83-ba22-80acf59a34fc
Milk,India,Goa,RETAIL,2018-06-01,0.74,Liter,1c0912ca-658d-4354-a6f1-d12f805e651a
Milk,India,Gujarat,RETAIL,2018-06-01,0.74,Liter,edff013e-a49f-429c-aedd-b12b8c183797
Milk,India,Haryana,WHOLESALE,2018-06-01,63.06,100 liters,58214e91-5e6d-4d3e-b6ea-0bbabb3fe598
Milk,India,Haryana,RETAIL,2018-06-01,0.65,Liter,ba20dd21-6119-4f95-a9d0-457f17c44d00
Milk,India,Karnataka,RETAIL,2018-06-01,0.53,Liter,34893397-2968-4ca0-a8bc-3d586eb132ba
Milk,India,Karnataka,WHOLESALE,2018-06-01,51.44,100 liters,5b91aca9-0d94-48ec-af3f-dc8f0e52d69e
Milk,India,Madhya Pradesh,WHOLESALE,2018-06-01,60.96,100 liters,94697d34-761e-403b-a1af-cbecc7288289
Milk,India,Madhya Pradesh,RETAIL,2018-06-01,0.66,Liter,a9cc3a73-2df0-48a6-b85f-ee1eeb52c730
Milk,India,Maharashtra,RETAIL,2018-06-01,0.59,Liter,3325148d-79ac-46f5-a02a-95099621e47b
Milk,India,Maharashtra,WHOLESALE,2018-06-01,54.2,100 liters,a3f1ac52-3d0d-4b05-a897-dc25fc45e47c
Milk,India,National Average,WHOLESALE,2018-06-01,58.12,100 liters,34810c05-53d8-461c-8322-c853d3aaf3c5
Milk,India,National Average,RETAIL,2018-06-01,0.63,Liter,43ac28e5-2717-4173-8d19-13b90ff5dbe6
Milk,India,Puducherry,RETAIL,2018-06-01,0.53,Liter,53e6ae43-aa38-4c44-aa4c-76594c0fadd5
Milk,India,Punjab,WHOLESALE,2018-06-01,60.14,100 liters,6ef01407-babd-493b-9871-62e969e56acd
Milk,India,Punjab,RETAIL,2018-06-01,0.67,Liter,9ec5b53b-dbbb-4852-97d1-c987f62e244c
Milk,India,Tamil Nadu,RETAIL,2018-06-01,0.54,Liter,725f0105-ce4b-472c-a48f-82cdad56fd9c
Milk,India,Uttar Pradesh,WHOLESALE,2018-06-01,61.75,100 liters,26104e58-bd44-4fd7-85d7-d96210bba3bc
Milk,India,Uttar Pradesh,RETAIL,2018-06-01,0.71,Liter,9d7e7e25-1632-48ec-9826-adfd708bb6a7
Milk,Tunisia,Tunis,RETAIL,2018-06-01,0.43,Liter,ea0604c0-f78e-4fdb-9abd-6acb924220ce
Milk,Ecuador,Cuenca,WHOLESALE,2018-07-01,0.9,Liter,9ded0774-9f9c-4c3f-981e-70173ab253a1
Milk,Ecuador,Guayaquil,WHOLESALE,2018-07-01,0.67,Liter,4b83440a-8202-4f13-800e-74715be3a282
Milk,Egypt,National Average,RETAIL,2018-07-01,0.78,Liter,6b8e500a-e2a6-4d5f-8774-d100d78f68c8
Milk,India,Andhra Pradesh,RETAIL,2018-07-01,0.61,Liter,177c26f9-cc5e-4954-998c-920407b7ed2b
Milk,India,Andhra Pradesh,WHOLESALE,2018-07-01,57.58,100 liters,9bd42cc6-fc7c-4edd-86da-7d044bfa81e6
Milk,India,Bihar,RETAIL,2018-07-01,0.58,Liter,3d46fd94-bee5-4617-8bd5-cf37d3f74efc
Milk,India,Bihar,WHOLESALE,2018-07-01,53.21,100 liters,f9f75db4-1b8a-4f94-b38f-3cf626a056a6
Milk,India,Chandigarh,WHOLESALE,2018-07-01,61.14,100 liters,0e41a37c-0712-48e0-a514-562b65ef629d
Milk,India,Chandigarh,RETAIL,2018-07-01,0.64,Liter,7538bf6d-4980-4164-a626-9bbc7a2a7a6c
Milk,India,Delhi,RETAIL,2018-07-01,0.61,Liter,fd7a5f7a-34b8-4b83-ba22-80acf59a34fc
Milk,India,Goa,RETAIL,2018-07-01,0.73,Liter,1c0912ca-658d-4354-a6f1-d12f805e651a
Milk,India,Gujarat,RETAIL,2018-07-01,0.74,Liter,edff013e-a49f-429c-aedd-b12b8c183797
Milk,India,Haryana,WHOLESALE,2018-07-01,62.23,100 liters,58214e91-5e6d-4d3e-b6ea-0bbabb3fe598
Milk,India,Haryana,RETAIL,2018-07-01,0.64,Liter,ba20dd21-6119-4f95-a9d0-457f17c44d00
Milk,India,Karnataka,RETAIL,2018-07-01,0.52,Liter,34893397-2968-4ca0-a8bc-3d586eb132ba
Milk,India,Karnataka,WHOLESALE,2018-07-01,50.76,100 liters,5b91aca9-0d94-48ec-af3f-dc8f0e52d69e
Milk,India,Madhya Pradesh,WHOLESALE,2018-07-01,60.68,100 liters,94697d34-761e-403b-a1af-cbecc7288289
Milk,India,Madhya Pradesh,RETAIL,2018-07-01,0.65,Liter,a9cc3a73-2df0-48a6-b85f-ee1eeb52c730
Milk,India,Maharashtra,RETAIL,2018-07-01,0.58,Liter,3325148d-79ac-46f5-a02a-95099621e47b
Milk,India,Maharashtra,WHOLESALE,2018-07-01,53.47,100 liters,a3f1ac52-3d0d-4b05-a897-dc25fc45e47c
Milk,India,National Average,WHOLESALE,2018-07-01,57.82,100 liters,34810c05-53d8-461c-8322-c853d3aaf3c5
Milk,India,National Average,RETAIL,2018-07-01,0.62,Liter,43ac28e5-2717-4173-8d19-13b90ff5dbe6
Milk,India,Puducherry,RETAIL,2018-07-01,0.52,Liter,53e6ae43-aa38-4c44-aa4c-76594c0fadd5
Milk,India,Punjab,WHOLESALE,2018-07-01,60.0,100 liters,6ef01407-babd-493b-9871-62e969e56acd
Milk,India,Punjab,RETAIL,2018-07-01,0.66,Liter,9ec5b53b-dbbb-4852-97d1-c987f62e244c
Milk,India,Tamil Nadu,RETAIL,2018-07-01,0.53,Liter,725f0105-ce4b-472c-a48f-82cdad56fd9c
Milk,India,Uttar Pradesh,WHOLESALE,2018-07-01,61.0,100 liters,26104e58-bd44-4fd7-85d7-d96210bba3bc
Milk,India,Uttar Pradesh,RETAIL,2018-07-01,0.7,Liter,9d7e7e25-1632-48ec-9826-adfd708bb6a7
Milk,Tunisia,Tunis,RETAIL,2018-07-01,0.42,Liter,ea0604c0-f78e-4fdb-9abd-6acb924220ce
Milk,Ecuador,Cuenca,WHOLESALE,2018-08-01,0.9,Liter,9ded0774-9f9c-4c3f-981e-70173ab253a1
Milk,Ecuador,Guayaquil,WHOLESALE,2018-08-01,0.67,Liter,4b83440a-8202-4f13-800e-74715be3a282
Milk,Egypt,National Average,RETAIL,2018-08-01,0.79,Liter,6b8e500a-e2a6-4d5f-8774-d100d78f68c8
Milk,India,Andhra Pradesh,RETAIL,2018-08-01,0.6,Liter,177c26f9-cc5e-4954-998c-920407b7ed2b
Milk,India,Andhra Pradesh,WHOLESALE,2018-08-01,57.14,100 liters,9bd42cc6-fc7c-4edd-86da-7d044bfa81e6
Milk,India,Bihar,RETAIL,2018-08-01,0.57,Liter,3d46fd94-bee5-4617-8bd5-cf37d3f74efc
Milk,India,Bihar,WHOLESALE,2018-08-01,53.73,100 liters,f9f75db4-1b8a-4f94-b38f-3cf626a056a6
Milk,India,Chandigarh,WHOLESALE,2018-08-01,60.39,100 liters,0e41a37c-0712-48e0-a514-562b65ef629d
Milk,India,Chandigarh,RETAIL,2018-08-01,0.63,Liter,7538bf6d-4980-4164-a626-9bbc7a2a7a6c
Milk,India,Delhi,RETAIL,2018-08-01,0.6,Liter,fd7a5f7a-34b8-4b83-ba22-80acf59a34fc
Milk,India,Goa,RETAIL,2018-08-01,0.72,Liter,1c0912ca-658d-4354-a6f1-d12f805e651a
Milk,India,Gujarat,RETAIL,2018-08-01,0.73,Liter,edff013e-a49f-429c-aedd-b12b8c183797
Milk,India,Haryana,WHOLESALE,2018-08-01,61.47,100 liters,58214e91-5e6d-4d3e-b6ea-0bbabb3fe598
Milk,India,Haryana,RETAIL,2018-08-01,0.64,Liter,ba20dd21-6119-4f95-a9d0-457f17c44d00
Milk,India,Karnataka,RETAIL,2018-08-01,0.52,Liter,34893397-2968-4ca0-a8bc-3d586eb132ba
Milk,India,Karnataka,WHOLESALE,2018-08-01,50.21,100 liters,5b91aca9-0d94-48ec-af3f-dc8f0e52d69e
Milk,India,Madhya Pradesh,WHOLESALE,2018-08-01,59.8,100 liters,94697d34-761e-403b-a1af-cbecc7288289
Milk,India,Madhya Pradesh,RETAIL,2018-08-01,0.64,Liter,a9cc3a73-2df0-48a6-b85f-ee1eeb52c730
Milk,India,Maharashtra,RETAIL,2018-08-01,0.57,Liter,3325148d-79ac-46f5-a02a-95099621e47b
Milk,India,Maharashtra,WHOLESALE,2018-08-01,52.78,100 liters,a3f1ac52-3d0d-4b05-a897-dc25fc45e47c
Milk,India,National Average,WHOLESALE,2018-08-01,57.04,100 liters,34810c05-53d8-461c-8322-c853d3aaf3c5
Milk,India,National Average,RETAIL,2018-08-01,0.61,Liter,43ac28e5-2717-4173-8d19-13b90ff5dbe6
Milk,India,Puducherry,RETAIL,2018-08-01,0.52,Liter,53e6ae43-aa38-4c44-aa4c-76594c0fadd5
Milk,India,Punjab,WHOLESALE,2018-08-01,59.69,100 liters,6ef01407-babd-493b-9871-62e969e56acd
Milk,India,Punjab,RETAIL,2018-08-01,0.64,Liter,9ec5b53b-dbbb-4852-97d1-c987f62e244c
Milk,India,Tamil Nadu,RETAIL,2018-08-01,0.52,Liter,725f0105-ce4b-472c-a48f-82cdad56fd9c
Milk,India,Uttar Pradesh,WHOLESALE,2018-08-01,60.25,100 liters,26104e58-bd44-4fd7-85d7-d96210bba3bc
Milk,India,Uttar Pradesh,RETAIL,2018-08-01,0.69,Liter,9d7e7e25-1632-48ec-9826-adfd708bb6a7
Milk,Tunisia,Tunis,RETAIL,2018-08-01,0.41,Liter,ea0604c0-f78e-4fdb-9abd-6acb924220ce
Milk,Ecuador,Cuenca,WHOLESALE,2018-09-01,0.9,Liter,9ded0774-9f9c-4c3f-981e-70173ab253a1
Milk,Ecuador,Guayaquil,WHOLESALE,2018-09-01,0.72,Liter,4b83440a-8202-4f13-800e-74715be3a282
Milk,Egypt,National Average,RETAIL,2018-09-01,0.78,Liter,6b8e500a-e2a6-4d5f-8774-d100d78f68c8
Milk,India,Andhra Pradesh,RETAIL,2018-09-01,0.58,Liter,177c26f9-cc5e-4954-998c-920407b7ed2b
Milk,India,Andhra Pradesh,WHOLESALE,2018-09-01,55.06,100 liters,9bd42cc6-fc7c-4edd-86da-7d044bfa81e6
Milk,India,Bihar,RETAIL,2018-09-01,0.55,Liter,3d46fd94-bee5-4617-8bd5-cf37d3f74efc
Milk,India,Bihar,WHOLESALE,2018-09-01,51.53,100 liters,f9f75db4-1b8a-4f94-b38f-3cf626a056a6
Milk,India,Chandigarh,WHOLESALE,2018-09-01,58.16,100 liters,0e41a37c-0712-48e0-a514-562b65ef629d
Milk,India,Chandigarh,RETAIL,2018-09-01,0.61,Liter,7538bf6d-4980-4164-a626-9bbc7a2a7a6c
Milk,India,Delhi,RETAIL,2018-09-01,0.58,Liter,fd7a5f7a-34b8-4b83-ba22-80acf59a34fc
Milk,India,Goa,RETAIL,2018-09-01,0.69,Liter,1c0912ca-658d-4354-a6f1-d12f805e651a
Milk,India,Gujarat,RETAIL,2018-09-01,0.7,Liter,edff013e-a49f-429c-aedd-b12b8c183797
Milk,India,Haryana,WHOLESALE,2018-09-01,59.2,100 liters,58214e91-5e6d-4d3e-b6ea-0bbabb3fe598
Milk,India,Haryana,RETAIL,2018-09-01,0.61,Liter,ba20dd21-6119-4f95-a9d0-457f17c44d00
Milk,India,Karnataka,RETAIL,2018-09-01,0.5,Liter,34893397-2968-4ca0-a8bc-3d586eb132ba
Milk,India,Karnataka,WHOLESALE,2018-09-01,48.35,100 liters,5b91aca9-0d94-48ec-af3f-dc8f0e52d69e
Milk,India,Madhya Pradesh,WHOLESALE,2018-09-01,57.44,100 liters,94697d34-761e-403b-a1af-cbecc7288289
Milk,India,Madhya Pradesh,RETAIL,2018-09-01,0.62,Liter,a9cc3a73-2df0-48a6-b85f-ee1eeb52c730
Milk,India,Maharashtra,RETAIL,2018-09-01,0.55,Liter,3325148d-79ac-46f5-a02a-95099621e47b
Milk,India,Maharashtra,WHOLESALE,2018-09-01,50.8,100 liters,a3f1ac52-3d0d-4b05-a897-dc25fc45e47c
Milk,India,National Average,WHOLESALE,2018-09-01,54.67,100 liters,34810c05-53d8-461c-8322-c853d3aaf3c5
Milk,India,National Average,RETAIL,2018-09-01,0.59,Liter,43ac28e5-2717-4173-8d19-13b90ff5dbe6
Milk,India,Puducherry,RETAIL,2018-09-01,0.5,Liter,53e6ae43-aa38-4c44-aa4c-76594c0fadd5
Milk,India,Punjab,WHOLESALE,2018-09-01,56.4,100 liters,6ef01407-babd-493b-9871-62e969e56acd
Milk,India,Punjab,RETAIL,2018-09-01,0.61,Liter,9ec5b53b-dbbb-4852-97d1-c987f62e244c
Milk,India,Tamil Nadu,RETAIL,2018-09-01,0.5,Liter,725f0105-ce4b-472c-a48f-82cdad56fd9c
Milk,India,Uttar Pradesh,WHOLESALE,2018-09-01,57.95,100 liters,26104e58-bd44-4fd7-85d7-d96210bba3bc
Milk,India,Uttar Pradesh,RETAIL,2018-09-01,0.66,Liter,9d7e7e25-1632-48ec-9826-adfd708bb6a7
Milk,Tunisia,Tunis,RETAIL,2018-09-01,0.4,Liter,ea0604c0-f78e-4fdb-9abd-6acb924220ce
Milk,Ecuador,Cuenca,WHOLESALE,2018-10-01,0.9,Liter,9ded0774-9f9c-4c3f-981e-70173ab253a1
Milk,Ecuador,Guayaquil,WHOLESALE,2018-10-01,0.72,Liter,4b83440a-8202-4f13-800e-74715be3a282
Milk,Egypt,National Average,RETAIL,2018-10-01,0.78,Liter,6b8e500a-e2a6-4d5f-8774-d100d78f68c8
Milk,India,Andhra Pradesh,RETAIL,2018-10-01,0.57,Liter,177c26f9-cc5e-4954-998c-920407b7ed2b
Milk,India,Andhra Pradesh,WHOLESALE,2018-10-01,54.02,100 liters,9bd42cc6-fc7c-4edd-86da-7d044bfa81e6
Milk,India,Bihar,RETAIL,2018-10-01,0.54,Liter,3d46fd94-bee5-4617-8bd5-cf37d3f74efc
Milk,India,Bihar,WHOLESALE,2018-10-01,49.88,100 liters,f9f75db4-1b8a-4f94-b38f-3cf626a056a6
Milk,India,Chandigarh,WHOLESALE,2018-10-01,57.04,100 liters,0e41a37c-0712-48e0-a514-562b65ef629d
Milk,India,Chandigarh,RETAIL,2018-10-01,0.6,Liter,7538bf6d-4980-4164-a626-9bbc7a2a7a6c
Milk,India,Delhi,RETAIL,2018-10-01,0.57,Liter,fd7a5f7a-34b8-4b83-ba22-80acf59a34fc
Milk,India,Goa,RETAIL,2018-10-01,0.68,Liter,1c0912ca-658d-4354-a6f1-d12f805e651a
Milk,India,Gujarat,RETAIL,2018-10-01,0.69,Liter,edff013e-a49f-429c-aedd-b12b8c183797
Milk,India,Haryana,WHOLESALE,2018-10-01,58.06,100 liters,58214e91-5e6d-4d3e-b6ea-0bbabb3fe598
Milk,India,Haryana,RETAIL,2018-10-01,0.6,Liter,ba20dd21-6119-4f95-a9d0-457f17c44d00
Milk,India,Karnataka,RETAIL,2018-10-01,0.49,Liter,34893397-2968-4ca0-a8bc-3d586eb132ba
Milk,India,Karnataka,WHOLESALE,2018-10-01,47.36,100 liters,5b91aca9-0d94-48ec-af3f-dc8f0e52d69e
Milk,India,Madhya Pradesh,WHOLESALE,2018-10-01,56.7,100 liters,94697d34-761e-403b-a1af-cbecc7288289
Milk,India,Madhya Pradesh,RETAIL,2018-10-01,0.61,Liter,a9cc3a73-2df0-48a6-b85f-ee1eeb52c730
Milk,India,Maharashtra,RETAIL,2018-10-01,0.54,Liter,3325148d-79ac-46f5-a02a-95099621e47b
Milk,India,Maharashtra,WHOLESALE,2018-10-01,49.88,100 liters,a3f1ac52-3d0d-4b05-a897-dc25fc45e47c
Milk,India,National Average,WHOLESALE,2018-10-01,53.85,100 liters,34810c05-53d8-461c-8322-c853d3aaf3c5
Milk,India,National Average,RETAIL,2018-10-01,0.58,Liter,43ac28e5-2717-4173-8d19-13b90ff5dbe6
Milk,India,Puducherry,RETAIL,2018-10-01,0.49,Liter,53e6ae43-aa38-4c44-aa4c-76594c0fadd5
Milk,India,Punjab,WHOLESALE,2018-10-01,55.17,100 liters,6ef01407-babd-493b-9871-62e969e56acd
Milk,India,Punjab,RETAIL,2018-10-01,0.6,Liter,9ec5b53b-dbbb-4852-97d1-c987f62e244c
Milk,India,Tamil Nadu,RETAIL,2018-10-01,0.49,Liter,725f0105-ce4b-472c-a48f-82cdad56fd9c
Milk,India,Uttar Pradesh,WHOLESALE,2018-10-01,56.9,100 liters,26104e58-bd44-4fd7-85d7-d96210bba3bc
Milk,India,Uttar Pradesh,RETAIL,2018-10-01,0.65,Liter,9d7e7e25-1632-48ec-9826-adfd708bb6a7
Milk,Tunisia,Tunis,RETAIL,2018-10-01,0.39,Liter,ea0604c0-f78e-4fdb-9abd-6acb924220ce
Milk,Ecuador,Cuenca,WHOLESALE,2018-11-01,0.9,Liter,9ded0774-9f9c-4c3f-981e-70173ab253a1
Milk,Ecuador,Guayaquil,WHOLESALE,2018-11-01,0.72,Liter,4b83440a-8202-4f13-800e-74715be3a282
Milk,Egypt,National Average,RETAIL,2018-11-01,0.8,Liter,6b8e500a-e2a6-4d5f-8774-d100d78f68c8
Milk,India,Andhra Pradesh,RETAIL,2018-11-01,0.59,Liter,177c26f9-cc5e-4954-998c-920407b7ed2b
Milk,India,Andhra Pradesh,WHOLESALE,2018-11-01,55.71,100 liters,9bd42cc6-fc7c-4edd-86da-7d044bfa81e6
Milk,India,Bihar,RETAIL,2018-11-01,0.55,Liter,3d46fd94-bee5-4617-8bd5-cf37d3f74efc
Milk,India,Bihar,WHOLESALE,2018-11-01,51.84,100 liters,f9f75db4-1b8a-4f94-b38f-3cf626a056a6
Milk,India,Chandigarh,WHOLESALE,2018-11-01,58.45,100 liters,0e41a37c-0712-48e0-a514-562b65ef629d
Milk,India,Chandigarh,RETAIL,2018-11-01,0.61,Liter,7538bf6d-4980-4164-a626-9bbc7a2a7a6c
Milk,India,Delhi,RETAIL,2018-11-01,0.58,Liter,fd7a5f7a-34b8-4b83-ba22-80acf59a34fc
Milk,India,Goa,RETAIL,2018-11-01,0.7,Liter,1c0912ca-658d-4354-a6f1-d12f805e651a
Milk,India,Gujarat,RETAIL,2018-11-01,0.7,Liter,edff013e-a49f-429c-aedd-b12b8c183797
Milk,India,Haryana,WHOLESALE,2018-11-01,59.5,100 liters,58214e91-5e6d-4d3e-b6ea-0bbabb3fe598
Milk,India,Haryana,RETAIL,2018-11-01,0.62,Liter,ba20dd21-6119-4f95-a9d0-457f17c44d00
Milk,India,Karnataka,RETAIL,2018-11-01,0.5,Liter,34893397-2968-4ca0-a8bc-3d586eb132ba
Milk,India,Karnataka,WHOLESALE,2018-11-01,48.53,100 liters,5b91aca9-0d94-48ec-af3f-dc8f0e52d69e
Milk,India,Madhya Pradesh,WHOLESALE,2018-11-01,57.93,100 liters,94697d34-761e-403b-a1af-cbecc7288289
Milk,India,Madhya Pradesh,RETAIL,2018-11-01,0.62,Liter,a9cc3a73-2df0-48a6-b85f-ee1eeb52c730
Milk,India,Maharashtra,RETAIL,2018-11-01,0.55,Liter,3325148d-79ac-46f5-a02a-95099621e47b
Milk,India,Maharashtra,WHOLESALE,2018-11-01,50.89,100 liters,a3f1ac52-3d0d-4b05-a897-dc25fc45e47c
Milk,India,National Average,WHOLESALE,2018-11-01,55.08,100 liters,34810c05-53d8-461c-8322-c853d3aaf3c5
Milk,India,National Average,RETAIL,2018-11-01,0.59,Liter,43ac28e5-2717-4173-8d19-13b90ff5dbe6
Milk,India,Puducherry,RETAIL,2018-11-01,0.5,Liter,53e6ae43-aa38-4c44-aa4c-76594c0fadd5
Milk,India,Punjab,WHOLESALE,2018-11-01,57.22,100 liters,6ef01407-babd-493b-9871-62e969e56acd
Milk,India,Punjab,RETAIL,2018-11-01,0.61,Liter,9ec5b53b-dbbb-4852-97d1-c987f62e244c
Milk,India,Tamil Nadu,RETAIL,2018-11-01,0.5,Liter,725f0105-ce4b-472c-a48f-82cdad56fd9c
Milk,India,Uttar Pradesh,WHOLESALE,2018-11-01,58.24,100 liters,26104e58-bd44-4fd7-85d7-d96210bba3bc
Milk,India,Uttar Pradesh,RETAIL,2018-11-01,0.67,Liter,9d7e7e25-1632-48ec-9826-adfd708bb6a7
Milk,Tunisia,Tunis,RETAIL,2018-11-01,0.38,Liter,ea0604c0-f78e-4fdb-9abd-6acb924220ce
Milk,Ecuador,Cuenca,WHOLESALE,2018-12-01,0.9,Liter,9ded0774-9f9c-4c3f-981e-70173ab253a1
Milk,Ecuador,Guayaquil,WHOLESALE,2018-12-01,0.72,Liter,4b83440a-8202-4f13-800e-74715be3a282
Milk,Egypt,National Average,RETAIL,2018-12-01,0.8,Liter,6b8e500a-e2a6-4d5f-8774-d100d78f68c8
Milk,India,Andhra Pradesh,RETAIL,2018-12-01,0.6,Liter,177c26f9-cc5e-4954-998c-920407b7ed2b
Milk,India,Andhra Pradesh,WHOLESALE,2018-12-01,56.52,100 liters,9bd42cc6-fc7c-4edd-86da-7d044bfa81e6
Milk,India,Bihar,RETAIL,2018-12-01,0.56,Liter,3d46fd94-bee5-4617-8bd5-cf37d3f74efc
Milk,India,Bihar,WHOLESALE,2018-12-01,54.23,100 liters,f9f75db4-1b8a-4f94-b38f-3cf626a056a6
Milk,India,Chandigarh,WHOLESALE,2018-12-01,59.3,100 liters,0e41a37c-0712-48e0-a514-562b65ef629d
Milk,India,Chandigarh,RETAIL,2018-12-01,0.62,Liter,7538bf6d-4980-4164-a626-9bbc7a2a7a6c
Milk,India,Delhi,RETAIL,2018-12-01,0.59,Liter,fd7a5f7a-34b8-4b83-ba22-80acf59a34fc
Milk,India,Goa,RETAIL,2018-12-01,0.71,Liter,1c0912ca-658d-4354-a6f1-d12f805e651a
Milk,India,Gujarat,RETAIL,2018-12-01,0.71,Liter,edff013e-a49f-429c-aedd-b12b8c183797
Milk,India,Haryana,WHOLESALE,2018-12-01,60.05,100 liters,58214e91-5e6d-4d3e-b6ea-0bbabb3fe598
Milk,India,Haryana,RETAIL,2018-12-01,0.62,Liter,ba20dd21-6119-4f95-a9d0-457f17c44d00
Milk,India,Karnataka,RETAIL,2018-12-01,0.51,Liter,34893397-2968-4ca0-a8bc-3d586eb132ba
Milk,India,Karnataka,WHOLESALE,2018-12-01,49.23,100 liters,5b91aca9-0d94-48ec-af3f-dc8f0e52d69e
Milk,India,Madhya Pradesh,WHOLESALE,2018-12-01,59.26,100 liters,94697d34-761e-403b-a1af-cbecc7288289
Milk,India,Madhya Pradesh,RETAIL,2018-12-01,0.64,Liter,a9cc3a73-2df0-48a6-b85f-ee1eeb52c730
Milk,India,Maharashtra,RETAIL,2018-12-01,0.56,Liter,3325148d-79ac-46f5-a02a-95099621e47b
Milk,India,Maharashtra,WHOLESALE,2018-12-01,52.01,100 liters,a3f1ac52-3d0d-4b05-a897-dc25fc45e47c
Milk,India,National Average,WHOLESALE,2018-12-01,56.39,100 liters,34810c05-53d8-461c-8322-c853d3aaf3c5
Milk,India,National Average,RETAIL,2018-12-01,0.6,Liter,43ac28e5-2717-4173-8d19-13b90ff5dbe6
Milk,India,Puducherry,RETAIL,2018-12-01,0.51,Liter,53e6ae43-aa38-4c44-aa4c-76594c0fadd5
Milk,India,Punjab,WHOLESALE,2018-12-01,58.38,100 liters,6ef01407-babd-493b-9871-62e969e56acd
Milk,India,Punjab,RETAIL,2018-12-01,0.62,Liter,9ec5b53b-dbbb-4852-97d1-c987f62e244c
Milk,India,Tamil Nadu,RETAIL,2018-12-01,0.53,Liter,725f0105-ce4b-472c-a48f-82cdad56fd9c
Milk,India,Uttar Pradesh,WHOLESALE,2018-12-01,59.19,100 liters,26104e58-bd44-4fd7-85d7-d96210bba3bc
Milk,India,Uttar Pradesh,RETAIL,2018-12-01,0.68,Liter,9d7e7e25-1632-48ec-9826-adfd708bb6a7
Milk,Tunisia,Tunis,RETAIL,2018-12-01,0.38,Liter,ea0604c0-f78e-4fdb-9abd-6acb924220ce
Milk,Ecuador,Cuenca,WHOLESALE,2019-01-01,0.9,Liter,9ded0774-9f9c-4c3f-981e-70173ab253a1
Milk,Ecuador,Guayaquil,WHOLESALE,2019-01-01,0.72,Liter,4b83440a-8202-4f13-800e-74715be3a282
Milk,Egypt,National Average,RETAIL,2019-01-01,0.8,Liter,6b8e500a-e2a6-4d5f-8774-d100d78f68c8
Milk,India,Andhra Pradesh,RETAIL,2019-01-01,0.59,Liter,177c26f9-cc5e-4954-998c-920407b7ed2b
Milk,India,Andhra Pradesh,WHOLESALE,2019-01-01,56.21,100 liters,9bd42cc6-fc7c-4edd-86da-7d044bfa81e6
Milk,India,Bihar,RETAIL,2019-01-01,0.56,Liter,3d46fd94-bee5-4617-8bd5-cf37d3f74efc
Milk,India,Bihar,WHOLESALE,2019-01-01,54.79,100 liters,f9f75db4-1b8a-4f94-b38f-3cf626a056a6
Milk,India,Chandigarh,WHOLESALE,2019-01-01,59.38,100 liters,0e41a37c-0712-48e0-a514-562b65ef629d
Milk,India,Chandigarh,RETAIL,2019-01-01,0.62,Liter,7538bf6d-4980-4164-a626-9bbc7a2a7a6c
Milk,India,Delhi,RETAIL,2019-01-01,0.59,Liter,fd7a5f7a-34b8-4b83-ba22-80acf59a34fc
Milk,India,Goa,RETAIL,2019-01-01,0.71,Liter,1c0912ca-658d-4354-a6f1-d12f805e651a
Milk,India,Gujarat,RETAIL,2019-01-01,0.71,Liter,edff013e-a49f-429c-aedd-b12b8c183797
Milk,India,Haryana,WHOLESALE,2019-01-01,59.73,100 liters,58214e91-5e6d-4d3e-b6ea-0bbabb3fe598
Milk,India,Haryana,RETAIL,2019-01-01,0.62,Liter,ba20dd21-6119-4f95-a9d0-457f17c44d00
Milk,India,Karnataka,RETAIL,2019-01-01,0.51,Liter,34893397-2968-4ca0-a8bc-3d586eb132ba
Milk,India,Karnataka,WHOLESALE,2019-01-01,49.31,100 liters,5b91aca9-0d94-48ec-af3f-dc8f0e52d69e
Milk,India,Madhya Pradesh,WHOLESALE,2019-01-01,59.55,100 liters,94697d34-761e-403b-a1af-cbecc7288289
Milk,India,Madhya Pradesh,RETAIL,2019-01-01,0.64,Liter,a9cc3a73-2df0-48a6-b85f-ee1eeb52c730
Milk,India,Maharashtra,RETAIL,2019-01-01,0.57,Liter,3325148d-79ac-46f5-a02a-95099621e47b
Milk,India,Maharashtra,WHOLESALE,2019-01-01,52.23,100 liters,a3f1ac52-3d0d-4b05-a897-dc25fc45e47c
Milk,India,National Average,WHOLESALE,2019-01-01,56.8,100 liters,34810c05-53d8-461c-8322-c853d3aaf3c5
Milk,India,National Average,RETAIL,2019-01-01,0.6,Liter,43ac28e5-2717-4173-8d19-13b90ff5dbe6
Milk,India,Puducherry,RETAIL,2019-01-01,0.51,Liter,53e6ae43-aa38-4c44-aa4c-76594c0fadd5
Milk,India,Punjab,WHOLESALE,2019-01-01,60.55,100 liters,6ef01407-babd-493b-9871-62e969e56acd
Milk,India,Punjab,RETAIL,2019-01-01,0.64,Liter,9ec5b53b-dbbb-4852-97d1-c987f62e244c
Milk,India,Tamil Nadu,RETAIL,2019-01-01,0.53,Liter,725f0105-ce4b-472c-a48f-82cdad56fd9c
Milk,India,Uttar Pradesh,WHOLESALE,2019-01-01,59.24,100 liters,26104e58-bd44-4fd7-85d7-d96210bba3bc
Milk,India,Uttar Pradesh,RETAIL,2019-01-01,0.68,Liter,9d7e7e25-1632-48ec-9826-adfd708bb6a7
Milk,Tunisia,Tunis,RETAIL,2019-01-01,0.37,Liter,ea0604c0-f78e-4fdb-9abd-6acb924220ce
Milk,Ecuador,Cuenca,WHOLESALE,2019-02-01,0.9,Liter,9ded0774-9f9c-4c3f-981e-70173ab253a1
Milk,Ecuador,Guayaquil,WHOLESALE,2019-02-01,0.72,Liter,4b83440a-8202-4f13-800e-74715be3a282
Milk,Egypt,National Average,RETAIL,2019-02-01,0.83,Liter,6b8e500a-e2a6-4d5f-8774-d100d78f68c8
Milk,India,Andhra Pradesh,RETAIL,2019-02-01,0.59,Liter,177c26f9-cc5e-4954-998c-920407b7ed2b
Milk,India,Andhra Pradesh,WHOLESALE,2019-02-01,55.85,100 liters,9bd42cc6-fc7c-4edd-86da-7d044bfa81e6
Milk,India,Bihar,RETAIL,2019-02-01,0.56,Liter,3d46fd94-bee5-4617-8bd5-cf37d3f74efc
Milk,India,Bihar,WHOLESALE,2019-02-01,54.43,100 liters,f9f75db4-1b8a-4f94-b38f-3cf626a056a6
Milk,India,Chandigarh,WHOLESALE,2019-02-01,58.97,100 liters,0e41a37c-0712-48e0-a514-562b65ef629d
Milk,India,Chandigarh,RETAIL,2019-02-01,0.62,Liter,7538bf6d-4980-4164-a626-9bbc7a2a7a6c
Milk,India,Delhi,RETAIL,2019-02-01,0.59,Liter,fd7a5f7a-34b8-4b83-ba22-80acf59a34fc
Milk,India,Goa,RETAIL,2019-02-01,0.7,Liter,1c0912ca-658d-4354-a6f1-d12f805e651a
Milk,India,Gujarat,RETAIL,2019-02-01,0.71,Liter,edff013e-a49f-429c-aedd-b12b8c183797
Milk,India,Haryana,WHOLESALE,2019-02-01,59.32,100 liters,58214e91-5e6d-4d3e-b6ea-0bbabb3fe598
Milk,India,Haryana,RETAIL,2019-02-01,0.61,Liter,ba20dd21-6119-4f95-a9d0-457f17c44d00
Milk,India,Karnataka,RETAIL,2019-02-01,0.51,Liter,34893397-2968-4ca0-a8bc-3d586eb132ba
Milk,India,Karnataka,WHOLESALE,2019-02-01,48.96,100 liters,5b91aca9-0d94-48ec-af3f-dc8f0e52d69e
Milk,India,Madhya Pradesh,WHOLESALE,2019-02-01,58.83,100 liters,94697d34-761e-403b-a1af-cbecc7288289
Milk,India,Madhya Pradesh,RETAIL,2019-02-01,0.63,Liter,a9cc3a73-2df0-48a6-b85f-ee1eeb52c730
Milk,India,Maharashtra,RETAIL,2019-02-01,0.56,Liter,3325148d-79ac-46f5-a02a-95099621e47b
Milk,India,Maharashtra,WHOLESALE,2019-02-01,51.82,100 liters,a3f1ac52-3d0d-4b05-a897-dc25fc45e47c
Milk,India,National Average,WHOLESALE,2019-02-01,56.65,100 liters,34810c05-53d8-461c-8322-c853d3aaf3c5
Milk,India,National Average,RETAIL,2019-02-01,0.6,Liter,43ac28e5-2717-4173-8d19-13b90ff5dbe6
Milk,India,Puducherry,RETAIL,2019-02-01,0.51,Liter,53e6ae43-aa38-4c44-aa4c-76594c0fadd5
Milk,India,Punjab,WHOLESALE,2019-02-01,59.74,100 liters,6ef01407-babd-493b-9871-62e969e56acd
Milk,India,Punjab,RETAIL,2019-02-01,0.64,Liter,9ec5b53b-dbbb-4852-97d1-c987f62e244c
Milk,India,Tamil Nadu,RETAIL,2019-02-01,0.52,Liter,725f0105-ce4b-472c-a48f-82cdad56fd9c
Milk,India,Uttar Pradesh,WHOLESALE,2019-02-01,58.85,100 liters,26104e58-bd44-4fd7-85d7-d96210bba3bc
Milk,India,Uttar Pradesh,RETAIL,2019-02-01,0.67,Liter,9d7e7e25-1632-48ec-9826-adfd708bb6a7
Milk,Tunisia,Tunis,RETAIL,2019-02-01,0.37,Liter,ea0604c0-f78e-4fdb-9abd-6acb924220ce
Milk,Ecuador,Cuenca,WHOLESALE,2019-03-01,0.9,Liter,9ded0774-9f9c-4c3f-981e-70173ab253a1
Milk,Ecuador,Guayaquil,WHOLESALE,2019-03-01,0.72,Liter,4b83440a-8202-4f13-800e-74715be3a282
Milk,Egypt,National Average,RETAIL,2019-03-01,0.84,Liter,6b8e500a-e2a6-4d5f-8774-d100d78f68c8
Milk,India,Andhra Pradesh,RETAIL,2019-03-01,0.6,Liter,177c26f9-cc5e-4954-998c-920407b7ed2b
Milk,India,Andhra Pradesh,WHOLESALE,2019-03-01,57.21,100 liters,9bd42cc6-fc7c-4edd-86da-7d044bfa81e6
Milk,India,Bihar,RETAIL,2019-03-01,0.58,Liter,3d46fd94-bee5-4617-8bd5-cf37d3f74efc
Milk,India,Bihar,WHOLESALE,2019-03-01,55.91,100 liters,f9f75db4-1b8a-4f94-b38f-3cf626a056a6
Milk,India,Chandigarh,WHOLESALE,2019-03-01,60.45,100 liters,0e41a37c-0712-48e0-a514-562b65ef629d
Milk,India,Chandigarh,RETAIL,2019-03-01,0.63,Liter,7538bf6d-4980-4164-a626-9bbc7a2a7a6c
Milk,India,Delhi,RETAIL,2019-03-01,0.6,Liter,fd7a5f7a-34b8-4b83-ba22-80acf59a34fc
Milk,India,Goa,RETAIL,2019-03-01,0.72,Liter,1c0912ca-658d-4354-a6f1-d12f805e651a
Milk,India,Gujarat,RETAIL,2019-03-01,0.73,Liter,edff013e-a49f-429c-aedd-b12b8c183797
Milk,India,Haryana,WHOLESALE,2019-03-01,60.81,100 liters,58214e91-5e6d-4d3e-b6ea-0bbabb3fe598
Milk,India,Haryana,RETAIL,2019-03-01,0.63,Liter,ba20dd21-6119-4f95-a9d0-457f17c44d00
Milk,India,Karnataka,RETAIL,2019-03-01,0.52,Liter,34893397-2968-4ca0-a8bc-3d586eb132ba
Milk,India,Karnataka,WHOLESALE,2019-03-01,50.25,100 liters,5b91aca9-0d94-48ec-af3f-dc8f0e52d69e
Milk,India,Madhya Pradesh,WHOLESALE,2019-03-01,60.47,100 liters,94697d34-761e-403b-a1af-cbecc7288289
Milk,India,Madhya Pradesh,RETAIL,2019-03-01,0.65,Liter,a9cc3a73-2df0-48a6-b85f-ee1eeb52c730
Milk,India,Maharashtra,RETAIL,2019-03-01,0.58,Liter,3325148d-79ac-46f5-a02a-95099621e47b
Milk,India,Maharashtra,WHOLESALE,2019-03-01,53.09,100 liters,a3f1ac52-3d0d-4b05-a897-dc25fc45e47c
Milk,India,National Average,WHOLESALE,2019-03-01,59.15,100 liters,34810c05-53d8-461c-8322-c853d3aaf3c5
Milk,India,National Average,RETAIL,2019-03-01,0.62,Liter,43ac28e5-2717-4173-8d19-13b90ff5dbe6
Milk,India,Puducherry,RETAIL,2019-03-01,0.52,Liter,53e6ae43-aa38-4c44-aa4c-76594c0fadd5
Milk,India,Punjab,WHOLESALE,2019-03-01,62.7,100 liters,6ef01407-babd-493b-9871-62e969e56acd
Milk,India,Punjab,RETAIL,2019-03-01,0.66,Liter,9ec5b53b-dbbb-4852-97d1-c987f62e244c
Milk,India,Tamil Nadu,RETAIL,2019-03-01,0.54,Liter,725f0105-ce4b-472c-a48f-82cdad56fd9c
Milk,India,Uttar Pradesh,WHOLESALE,2019-03-01,60.31,100 liters,26104e58-bd44-4fd7-85d7-d96210bba3bc
Milk,India,Uttar Pradesh,RETAIL,2019-03-01,0.69,Liter,9d7e7e25-1632-48ec-9826-adfd708bb6a7
Milk,Tunisia,Tunis,RETAIL,2019-03-01,0.37,Liter,ea0604c0-f78e-4fdb-9abd-6acb924220ce
Milk,Ecuador,Cuenca,WHOLESALE,2019-04-01,0.9,Liter,9ded0774-9f9c-4c3f-981e-70173ab253a1
Milk,Ecuador,Guayaquil,WHOLESALE,2019-04-01,0.72,Liter,4b83440a-8202-4f13-800e-74715be3a282
Milk,Egypt,National Average,RETAIL,2019-04-01,0.84,Liter,6b8e500a-e2a6-4d5f-8774-d100d78f68c8
Milk,India,Andhra Pradesh,RETAIL,2019-04-01,0.6,Liter,177c26f9-cc5e-4954-998c-920407b7ed2b
Milk,India,Andhra Pradesh,WHOLESALE,2019-04-01,57.2,100 liters,9bd42cc6-fc7c-4edd-86da-7d044bfa81e6
Milk,India,Bihar,RETAIL,2019-04-01,0.58,Liter,3d46fd94-bee5-4617-8bd5-cf37d3f74efc
Milk,India,Bihar,WHOLESALE,2019-04-01,56.09,100 liters,f9f75db4-1b8a-4f94-b38f-3cf626a056a6
Milk,India,Chandigarh,WHOLESALE,2019-04-01,60.49,100 liters,0e41a37c-0712-48e0-a514-562b65ef629d
Milk,India,Chandigarh,RETAIL,2019-04-01,0.63,Liter,7538bf6d-4980-4164-a626-9bbc7a2a7a6c
Milk,India,Delhi,RETAIL,2019-04-01,0.6,Liter,fd7a5f7a-34b8-4b83-ba22-80acf59a34fc
Milk,India,Goa,RETAIL,2019-04-01,0.72,Liter,1c0912ca-658d-4354-a6f1-d12f805e651a
Milk,India,Gujarat,RETAIL,2019-04-01,0.73,Liter,edff013e-a49f-429c-aedd-b12b8c183797
Milk,India,Haryana,WHOLESALE,2019-04-01,60.85,100 liters,58214e91-5e6d-4d3e-b6ea-0bbabb3fe598
Milk,India,Haryana,RETAIL,2019-04-01,0.63,Liter,ba20dd21-6119-4f95-a9d0-457f17c44d00
Milk,India,Karnataka,RETAIL,2019-04-01,0.52,Liter,34893397-2968-4ca0-a8bc-3d586eb132ba
Milk,India,Karnataka,WHOLESALE,2019-04-01,50.28,100 liters,5b91aca9-0d94-48ec-af3f-dc8f0e52d69e
Milk,India,Madhya Pradesh,WHOLESALE,2019-04-01,60.37,100 liters,94697d34-761e-403b-a1af-cbecc7288289
Milk,India,Madhya Pradesh,RETAIL,2019-04-01,0.65,Liter,a9cc3a73-2df0-48a6-b85f-ee1eeb52c730
Milk,India,Maharashtra,RETAIL,2019-04-01,0.58,Liter,3325148d-79ac-46f5-a02a-95099621e47b
Milk,India,Maharashtra,WHOLESALE,2019-04-01,52.89,100 liters,a3f1ac52-3d0d-4b05-a897-dc25fc45e47c
Milk,India,National Average,WHOLESALE,2019-04-01,59.35,100 liters,34810c05-53d8-461c-8322-c853d3aaf3c5
Milk,India,National Average,RETAIL,2019-04-01,0.62,Liter,43ac28e5-2717-4173-8d19-13b90ff5dbe6
Milk,India,Puducherry,RETAIL,2019-04-01,0.52,Liter,53e6ae43-aa38-4c44-aa4c-76594c0fadd5
Milk,India,Punjab,WHOLESALE,2019-04-01,63.15,100 liters,6ef01407-babd-493b-9871-62e969e56acd
Milk,India,Punjab,RETAIL,2019-04-01,0.67,Liter,9ec5b53b-dbbb-4852-97d1-c987f62e244c
Milk,India,Tamil Nadu,RETAIL,2019-04-01,0.54,Liter,725f0105-ce4b-472c-a48f-82cdad56fd9c
Milk,India,Uttar Pradesh,WHOLESALE,2019-04-01,60.2,100 liters,26104e58-bd44-4fd7-85d7-d96210bba3bc
Milk,India,Uttar Pradesh,RETAIL,2019-04-01,0.69,Liter,9d7e7e25-1632-48ec-9826-adfd708bb6a7
Milk,Nepal,Biratnagar,RETAIL,2019-04-01,0.68,Liter,a7c5cff2-64de-44f3-bbf3-c32a29ebd48e
Milk,Nepal,Birendranagar,RETAIL,2019-04-01,0.59,Liter,effb518f-1a51-4370-9aef-5103685da210
Milk,Nepal,Dhangadhi,RETAIL,2019-04-01,0.6,Liter,e44d4485-0f36-424a-9193-83671eee9b98
Milk,Nepal,Hetauda,RETAIL,2019-04-01,0.68,Liter,778e9236-afca-4972-9539-788fdc3b7c26
Milk,Nepal,Janakpurdham,RETAIL,2019-04-01,0.68,Liter,dc444de5-0bb4-48e3-8c1f-87485f64237d
Milk,Nepal,Kathmandu,RETAIL,2019-04-01,0.68,Liter,e33e7ecb-c237-41df-9d9d-e187a75d5f66
Milk,Nepal,Nepalgunj,RETAIL,2019-04-01,0.68,Liter,15c5b91e-49c6-46ba-bcc1-ef0530496752
Milk,Nepal,Pokhara,RETAIL,2019-04-01,0.72,Liter,55b840b0-d937-4916-b47d-585991af739f
Milk,Tunisia,Tunis,RETAIL,2019-04-01,0.37,Liter,ea0604c0-f78e-4fdb-9abd-6acb924220ce
Milk,Ecuador,Cuenca,WHOLESALE,2019-05-01,0.9,Liter,9ded0774-9f9c-4c3f-981e-70173ab253a1
Milk,Ecuador,Guayaquil,WHOLESALE,2019-05-01,0.72,Liter,4b83440a-8202-4f13-800e-74715be3a282
Milk,Egypt,National Average,RETAIL,2019-05-01,0.86,Liter,6b8e500a-e2a6-4d5f-8774-d100d78f68c8
Milk,India,Andhra Pradesh,RETAIL,2019-05-01,0.6,Liter,177c26f9-cc5e-4954-998c-920407b7ed2b
Milk,India,Andhra Pradesh,WHOLESALE,2019-05-01,56.76,100 liters,9bd42cc6-fc7c-4edd-86da-7d044bfa81e6
Milk,India,Bihar,RETAIL,2019-05-01,0.57,Liter,3d46fd94-bee5-4617-8bd5-cf37d3f74efc
Milk,India,Bihar,WHOLESALE,2019-05-01,55.77,100 liters,f9f75db4-1b8a-4f94-b38f-3cf626a056a6
Milk,India,Chandigarh,WHOLESALE,2019-05-01,60.2,100 liters,0e41a37c-0712-48e0-a514-562b65ef629d
Milk,India,Chandigarh,RETAIL,2019-05-01,0.63,Liter,7538bf6d-4980-4164-a626-9bbc7a2a7a6c
Milk,India,Delhi,RETAIL,2019-05-01,0.61,Liter,fd7a5f7a-34b8-4b83-ba22-80acf59a34fc
Milk,India,Goa,RETAIL,2019-05-01,0.72,Liter,1c0912ca-658d-4354-a6f1-d12f805e651a
Milk,India,Gujarat,RETAIL,2019-05-01,0.72,Liter,edff013e-a49f-429c-aedd-b12b8c183797
Milk,India,Haryana,WHOLESALE,2019-05-01,60.55,100 liters,58214e91-5e6d-4d3e-b6ea-0bbabb3fe598
Milk,India,Haryana,RETAIL,2019-05-01,0.63,Liter,ba20dd21-6119-4f95-a9d0-457f17c44d00
Milk,India,Karnataka,RETAIL,2019-05-01,0.52,Liter,34893397-2968-4ca0-a8bc-3d586eb132ba
Milk,India,Karnataka,WHOLESALE,2019-05-01,49.95,100 liters,5b91aca9-0d94-48ec-af3f-dc8f0e52d69e
Milk,India,Madhya Pradesh,WHOLESALE,2019-05-01,60.75,100 liters,94697d34-761e-403b-a1af-cbecc7288289
Milk,India,Madhya Pradesh,RETAIL,2019-05-01,0.66,Liter,a9cc3a73-2df0-48a6-b85f-ee1eeb52c730
Milk,India,Maharashtra,RETAIL,2019-05-01,0.58,Liter,3325148d-79ac-46f5-a02a-95099621e47b
Milk,India,Maharashtra,WHOLESALE,2019-05-01,52.79,100 liters,a3f1ac52-3d0d-4b05-a897-dc25fc45e47c
Milk,India,National Average,WHOLESALE,2019-05-01,59.25,100 liters,34810c05-53d8-461c-8322-c853d3aaf3c5
Milk,India,National Average,RETAIL,2019-05-01,0.62,Liter,43ac28e5-2717-4173-8d19-13b90ff5dbe6
Milk,India,Puducherry,RETAIL,2019-05-01,0.52,Liter,53e6ae43-aa38-4c44-aa4c-76594c0fadd5
Milk,India,Punjab,WHOLESALE,2019-05-01,62.24,100 liters,6ef01407-babd-493b-9871-62e969e56acd
Milk,India,Punjab,RETAIL,2019-05-01,0.66,Liter,9ec5b53b-dbbb-4852-97d1-c987f62e244c
Milk,India,Tamil Nadu,RETAIL,2019-05-01,0.56,Liter,725f0105-ce4b-472c-a48f-82cdad56fd9c
Milk,India,Uttar Pradesh,WHOLESALE,2019-05-01,60.89,100 liters,26104e58-bd44-4fd7-85d7-d96210bba3bc
Milk,India,Uttar Pradesh,RETAIL,2019-05-01,0.69,Liter,9d7e7e25-1632-48ec-9826-adfd708bb6a7
Milk,Nepal,Biratnagar,RETAIL,2019-05-01,0.67,Liter,a7c5cff2-64de-44f3-bbf3-c32a29ebd48e
Milk,Nepal,Birendranagar,RETAIL,2019-05-01,0.58,Liter,effb518f-1a51-4370-9aef-5103685da210
Milk,Nepal,Dhangadhi,RETAIL,2019-05-01,0.59,Liter,e44d4485-0f36-424a-9193-83671eee9b98
Milk,Nepal,Hetauda,RETAIL,2019-05-01,0.67,Liter,778e9236-afca-4972-9539-788fdc3b7c26
Milk,Nepal,Janakpurdham,RETAIL,2019-05-01,0.72,Liter,dc444de5-0bb4-48e3-8c1f-87485f64237d
Milk,Nepal,Kathmandu,RETAIL,2019-05-01,0.67,Liter,e33e7ecb-c237-41df-9d9d-e187a75d5f66
Milk,Nepal,Nepalgunj,RETAIL,2019-05-01,0.67,Liter,15c5b91e-49c6-46ba-bcc1-ef0530496752
Milk,Nepal,Pokhara,RETAIL,2019-05-01,0.72,Liter,55b840b0-d937-4916-b47d-585991af739f
Milk,Tunisia,Tunis,RETAIL,2019-05-01,0.37,Liter,ea0604c0-f78e-4fdb-9abd-6acb924220ce
Milk,Ecuador,Cuenca,WHOLESALE,2019-06-01,0.9,Liter,9ded0774-9f9c-4c3f-981e-70173ab253a1
Milk,Ecuador,Guayaquil,WHOLESALE,2019-06-01,0.72,Liter,4b83440a-8202-4f13-800e-74715be3a282
Milk,Egypt,National Average,RETAIL,2019-06-01,0.87,Liter,6b8e500a-e2a6-4d5f-8774-d100d78f68c8
Milk,India,Andhra Pradesh,RETAIL,2019-06-01,0.6,Liter,177c26f9-cc5e-4954-998c-920407b7ed2b
Milk,India,Andhra Pradesh,WHOLESALE,2019-06-01,57.34,100 liters,9bd42cc6-fc7c-4edd-86da-7d044bfa81e6
Milk,India,Bihar,RETAIL,2019-06-01,0.58,Liter,3d46fd94-bee5-4617-8bd5-cf37d3f74efc
Milk,India,Bihar,WHOLESALE,2019-06-01,56.07,100 liters,f9f75db4-1b8a-4f94-b38f-3cf626a056a6
Milk,India,Chandigarh,WHOLESALE,2019-06-01,60.48,100 liters,0e41a37c-0712-48e0-a514-562b65ef629d
Milk,India,Chandigarh,RETAIL,2019-06-01,0.63,Liter,7538bf6d-4980-4164-a626-9bbc7a2a7a6c
Milk,India,Delhi,RETAIL,2019-06-01,0.63,Liter,fd7a5f7a-34b8-4b83-ba22-80acf59a34fc
Milk,India,Goa,RETAIL,2019-06-01,0.72,Liter,1c0912ca-658d-4354-a6f1-d12f805e651a
Milk,India,Gujarat,RETAIL,2019-06-01,0.73,Liter,edff013e-a49f-429c-aedd-b12b8c183797
Milk,India,Haryana,WHOLESALE,2019-06-01,60.84,100 liters,58214e91-5e6d-4d3e-b6ea-0bbabb3fe598
Milk,India,Haryana,RETAIL,2019-06-01,0.63,Liter,ba20dd21-6119-4f95-a9d0-457f17c44d00
Milk,India,Karnataka,RETAIL,2019-06-01,0.52,Liter,34893397-2968-4ca0-a8bc-3d586eb132ba
Milk,India,Karnataka,WHOLESALE,2019-06-01,50.25,100 liters,5b91aca9-0d94-48ec-af3f-dc8f0e52d69e
Milk,India,Madhya Pradesh,WHOLESALE,2019-06-01,61.37,100 liters,94697d34-761e-403b-a1af-cbecc7288289
Milk,India,Madhya Pradesh,RETAIL,2019-06-01,0.67,Liter,a9cc3a73-2df0-48a6-b85f-ee1eeb52c730
Milk,India,Maharashtra,RETAIL,2019-06-01,0.58,Liter,3325148d-79ac-46f5-a02a-95099621e47b
Milk,India,Maharashtra,WHOLESALE,2019-06-01,53.33,100 liters,a3f1ac52-3d0d-4b05-a897-dc25fc45e47c
Milk,India,National Average,WHOLESALE,2019-06-01,58.95,100 liters,34810c05-53d8-461c-8322-c853d3aaf3c5
Milk,India,National Average,RETAIL,2019-06-01,0.62,Liter,43ac28e5-2717-4173-8d19-13b90ff5dbe6
Milk,India,Puducherry,RETAIL,2019-06-01,0.52,Liter,53e6ae43-aa38-4c44-aa4c-76594c0fadd5
Milk,India,Punjab,WHOLESALE,2019-06-01,62.13,100 liters,6ef01407-babd-493b-9871-62e969e56acd
Milk,India,Punjab,RETAIL,2019-06-01,0.66,Liter,9ec5b53b-dbbb-4852-97d1-c987f62e244c
Milk,India,Tamil Nadu,RETAIL,2019-06-01,0.56,Liter,725f0105-ce4b-472c-a48f-82cdad56fd9c
Milk,India,Uttar Pradesh,WHOLESALE,2019-06-01,61.35,100 liters,26104e58-bd44-4fd7-85d7-d96210bba3bc
Milk,India,Uttar Pradesh,RETAIL,2019-06-01,0.7,Liter,9d7e7e25-1632-48ec-9826-adfd708bb6a7
Milk,Nepal,Biratnagar,RETAIL,2019-06-01,0.67,Liter,a7c5cff2-64de-44f3-bbf3-c32a29ebd48e
Milk,Nepal,Birendranagar,RETAIL,2019-06-01,0.58,Liter,effb518f-1a51-4370-9aef-5103685da210
Milk,Nepal,Dhangadhi,RETAIL,2019-06-01,0.59,Liter,e44d4485-0f36-424a-9193-83671eee9b98
Milk,Nepal,Hetauda,RETAIL,2019-06-01,0.67,Liter,778e9236-afca-4972-9539-788fdc3b7c26
Milk,Nepal,Janakpurdham,RETAIL,2019-06-01,0.63,Liter,dc444de5-0bb4-48e3-8c1f-87485f64237d
Milk,Nepal,Kathmandu,RETAIL,2019-06-01,0.72,Liter,e33e7ecb-c237-41df-9d9d-e187a75d5f66
Milk,Nepal,Nepalgunj,RETAIL,2019-06-01,0.58,Liter,15c5b91e-49c6-46ba-bcc1-ef0530496752
Milk,Nepal,Pokhara,RETAIL,2019-06-01,0.72,Liter,55b840b0-d937-4916-b47d-585991af739f
Milk,Tunisia,Tunis,RETAIL,2019-06-01,0.38,Liter,ea0604c0-f78e-4fdb-9abd-6acb924220ce
Milk,Ecuador,Cuenca,WHOLESALE,2019-07-01,0.9,Liter,9ded0774-9f9c-4c3f-981e-70173ab253a1
Milk,Ecuador,Guayaquil,WHOLESALE,2019-07-01,0.73,Liter,4b83440a-8202-4f13-800e-74715be3a282
Milk,Egypt,National Average,RETAIL,2019-07-01,0.88,Liter,6b8e500a-e2a6-4d5f-8774-d100d78f68c8
Milk,India,Andhra Pradesh,RETAIL,2019-07-01,0.61,Liter,177c26f9-cc5e-4954-998c-920407b7ed2b
Milk,India,Andhra Pradesh,WHOLESALE,2019-07-01,57.96,100 liters,9bd42cc6-fc7c-4edd-86da-7d044bfa81e6
Milk,India,Bihar,RETAIL,2019-07-01,0.58,Liter,3d46fd94-bee5-4617-8bd5-cf37d3f74efc
Milk,India,Bihar,WHOLESALE,2019-07-01,56.79,100 liters,f9f75db4-1b8a-4f94-b38f-3cf626a056a6
Milk,India,Chandigarh,WHOLESALE,2019-07-01,61.04,100 liters,0e41a37c-0712-48e0-a514-562b65ef629d
Milk,India,Chandigarh,RETAIL,2019-07-01,0.64,Liter,7538bf6d-4980-4164-a626-9bbc7a2a7a6c
Milk,India,Delhi,RETAIL,2019-07-01,0.64,Liter,fd7a5f7a-34b8-4b83-ba22-80acf59a34fc
Milk,India,Goa,RETAIL,2019-07-01,0.73,Liter,1c0912ca-658d-4354-a6f1-d12f805e651a
Milk,India,Gujarat,RETAIL,2019-07-01,0.74,Liter,edff013e-a49f-429c-aedd-b12b8c183797
Milk,India,Haryana,WHOLESALE,2019-07-01,61.4,100 liters,58214e91-5e6d-4d3e-b6ea-0bbabb3fe598
Milk,India,Haryana,RETAIL,2019-07-01,0.64,Liter,ba20dd21-6119-4f95-a9d0-457f17c44d00
Milk,India,Karnataka,RETAIL,2019-07-01,0.52,Liter,34893397-2968-4ca0-a8bc-3d586eb132ba
Milk,India,Karnataka,WHOLESALE,2019-07-01,50.68,100 liters,5b91aca9-0d94-48ec-af3f-dc8f0e52d69e
Milk,India,Madhya Pradesh,WHOLESALE,2019-07-01,62.25,100 liters,94697d34-761e-403b-a1af-cbecc7288289
Milk,India,Madhya Pradesh,RETAIL,2019-07-01,0.67,Liter,a9cc3a73-2df0-48a6-b85f-ee1eeb52c730
Milk,India,Maharashtra,RETAIL,2019-07-01,0.59,Liter,3325148d-79ac-46f5-a02a-95099621e47b
Milk,India,Maharashtra,WHOLESALE,2019-07-01,53.93,100 liters,a3f1ac52-3d0d-4b05-a897-dc25fc45e47c
Milk,India,National Average,WHOLESALE,2019-07-01,59.5,100 liters,34810c05-53d8-461c-8322-c853d3aaf3c5
Milk,India,National Average,RETAIL,2019-07-01,0.63,Liter,43ac28e5-2717-4173-8d19-13b90ff5dbe6
Milk,India,Puducherry,RETAIL,2019-07-01,0.52,Liter,53e6ae43-aa38-4c44-aa4c-76594c0fadd5
Milk,India,Punjab,WHOLESALE,2019-07-01,62.74,100 liters,6ef01407-babd-493b-9871-62e969e56acd
Milk,India,Punjab,RETAIL,2019-07-01,0.67,Liter,9ec5b53b-dbbb-4852-97d1-c987f62e244c
Milk,India,Tamil Nadu,RETAIL,2019-07-01,0.56,Liter,725f0105-ce4b-472c-a48f-82cdad56fd9c
Milk,India,Uttar Pradesh,WHOLESALE,2019-07-01,61.91,100 liters,26104e58-bd44-4fd7-85d7-d96210bba3bc
Milk,India,Uttar Pradesh,RETAIL,2019-07-01,0.71,Liter,9d7e7e25-1632-48ec-9826-adfd708bb6a7
Milk,Nepal,Biratnagar,RETAIL,2019-07-01,0.68,Liter,a7c5cff2-64de-44f3-bbf3-c32a29ebd48e
Milk,Nepal,Birendranagar,RETAIL,2019-07-01,0.59,Liter,effb518f-1a51-4370-9aef-5103685da210
Milk,Nepal,Dhangadhi,RETAIL,2019-07-01,0.6,Liter,e44d4485-0f36-424a-9193-83671eee9b98
Milk,Nepal,Hetauda,RETAIL,2019-07-01,0.68,Liter,778e9236-afca-4972-9539-788fdc3b7c26
Milk,Nepal,Janakpurdham,RETAIL,2019-07-01,0.72,Liter,dc444de5-0bb4-48e3-8c1f-87485f64237d
Milk,Nepal,Kathmandu,RETAIL,2019-07-01,0.72,Liter,e33e7ecb-c237-41df-9d9d-e187a75d5f66
Milk,Nepal,Nepalgunj,RETAIL,2019-07-01,0.59,Liter,15c5b91e-49c6-46ba-bcc1-ef0530496752
Milk,Nepal,Pokhara,RETAIL,2019-07-01,0.72,Liter,55b840b0-d937-4916-b47d-585991af739f
Milk,Tunisia,Tunis,RETAIL,2019-07-01,0.39,Liter,ea0604c0-f78e-4fdb-9abd-6acb924220ce
Milk,Ecuador,Cuenca,WHOLESALE,2019-08-01,0.9,Liter,9ded0774-9f9c-4c3f-981e-70173ab253a1
Milk,Ecuador,Guayaquil,WHOLESALE,2019-08-01,0.73,Liter,4b83440a-8202-4f13-800e-74715be3a282
Milk,Egypt,National Average,RETAIL,2019-08-01,0.88,Liter,6b8e500a-e2a6-4d5f-8774-d100d78f68c8
Milk,India,Andhra Pradesh,RETAIL,2019-08-01,0.59,Liter,177c26f9-cc5e-4954-998c-920407b7ed2b
Milk,India,Andhra Pradesh,WHOLESALE,2019-08-01,56.05,100 liters,9bd42cc6-fc7c-4edd-86da-7d044bfa81e6
Milk,India,Bihar,RETAIL,2019-08-01,0.57,Liter,3d46fd94-bee5-4617-8bd5-cf37d3f74efc
Milk,India,Bihar,WHOLESALE,2019-08-01,55.34,100 liters,f9f75db4-1b8a-4f94-b38f-3cf626a056a6
Milk,India,Chandigarh,WHOLESALE,2019-08-01,58.33,100 liters,0e41a37c-0712-48e0-a514-562b65ef629d
Milk,India,Chandigarh,RETAIL,2019-08-01,0.61,Liter,7538bf6d-4980-4164-a626-9bbc7a2a7a6c
Milk,India,Delhi,RETAIL,2019-08-01,0.62,Liter,fd7a5f7a-34b8-4b83-ba22-80acf59a34fc
Milk,India,Goa,RETAIL,2019-08-01,0.7,Liter,1c0912ca-658d-4354-a6f1-d12f805e651a
Milk,India,Gujarat,RETAIL,2019-08-01,0.72,Liter,edff013e-a49f-429c-aedd-b12b8c183797
Milk,India,Haryana,WHOLESALE,2019-08-01,59.39,100 liters,58214e91-5e6d-4d3e-b6ea-0bbabb3fe598
Milk,India,Haryana,RETAIL,2019-08-01,0.61,Liter,ba20dd21-6119-4f95-a9d0-457f17c44d00
Milk,India,Karnataka,RETAIL,2019-08-01,0.51,Liter,34893397-2968-4ca0-a8bc-3d586eb132ba
Milk,India,Karnataka,WHOLESALE,2019-08-01,49.06,100 liters,5b91aca9-0d94-48ec-af3f-dc8f0e52d69e
Milk,India,Madhya Pradesh,WHOLESALE,2019-08-01,59.92,100 liters,94697d34-761e-403b-a1af-cbecc7288289
Milk,India,Madhya Pradesh,RETAIL,2019-08-01,0.64,Liter,a9cc3a73-2df0-48a6-b85f-ee1eeb52c730
Milk,India,Maharashtra,RETAIL,2019-08-01,0.57,Liter,3325148d-79ac-46f5-a02a-95099621e47b
Milk,India,Maharashtra,WHOLESALE,2019-08-01,52.23,100 liters,a3f1ac52-3d0d-4b05-a897-dc25fc45e47c
Milk,India,National Average,WHOLESALE,2019-08-01,57.81,100 liters,34810c05-53d8-461c-8322-c853d3aaf3c5
Milk,India,National Average,RETAIL,2019-08-01,0.61,Liter,43ac28e5-2717-4173-8d19-13b90ff5dbe6
Milk,India,Puducherry,RETAIL,2019-08-01,0.51,Liter,53e6ae43-aa38-4c44-aa4c-76594c0fadd5
Milk,India,Punjab,WHOLESALE,2019-08-01,60.97,100 liters,6ef01407-babd-493b-9871-62e969e56acd
Milk,India,Punjab,RETAIL,2019-08-01,0.65,Liter,9ec5b53b-dbbb-4852-97d1-c987f62e244c
Milk,India,Tamil Nadu,RETAIL,2019-08-01,0.56,Liter,725f0105-ce4b-472c-a48f-82cdad56fd9c
Milk,India,Uttar Pradesh,WHOLESALE,2019-08-01,60.02,100 liters,26104e58-bd44-4fd7-85d7-d96210bba3bc
Milk,India,Uttar Pradesh,RETAIL,2019-08-01,0.69,Liter,9d7e7e25-1632-48ec-9826-adfd708bb6a7
Milk,Nepal,Biratnagar,RETAIL,2019-08-01,0.63,Liter,a7c5cff2-64de-44f3-bbf3-c32a29ebd48e
Milk,Nepal,Birendranagar,RETAIL,2019-08-01,0.58,Liter,effb518f-1a51-4370-9aef-5103685da210
Milk,Nepal,Dhangadhi,RETAIL,2019-08-01,0.63,Liter,e44d4485-0f36-424a-9193-83671eee9b98
Milk,Nepal,Hetauda,RETAIL,2019-08-01,0.67,Liter,778e9236-afca-4972-9539-788fdc3b7c26
Milk,Nepal,Janakpurdham,RETAIL,2019-08-01,0.72,Liter,dc444de5-0bb4-48e3-8c1f-87485f64237d
Milk,Nepal,Kathmandu,RETAIL,2019-08-01,0.72,Liter,e33e7ecb-c237-41df-9d9d-e187a75d5f66
Milk,Nepal,Nepalgunj,RETAIL,2019-08-01,0.58,Liter,15c5b91e-49c6-46ba-bcc1-ef0530496752
Milk,Nepal,Pokhara,RETAIL,2019-08-01,0.72,Liter,55b840b0-d937-4916-b47d-585991af739f
Milk,Tunisia,Tunis,RETAIL,2019-08-01,0.39,Liter,ea0604c0-f78e-4fdb-9abd-6acb924220ce
Milk,Ecuador,Cuenca,WHOLESALE,2019-09-01,0.9,Liter,9ded0774-9f9c-4c3f-981e-70173ab253a1
Milk,Ecuador,Guayaquil,WHOLESALE,2019-09-01,0.73,Liter,4b83440a-8202-4f13-800e-74715be3a282
Milk,Egypt,National Average,RETAIL,2019-09-01,0.89,Liter,6b8e500a-e2a6-4d5f-8774-d100d78f68c8
Milk,India,Andhra Pradesh,RETAIL,2019-09-01,0.59,Liter,177c26f9-cc5e-4954-998c-920407b7ed2b
Milk,India,Andhra Pradesh,WHOLESALE,2019-09-01,55.92,100 liters,9bd42cc6-fc7c-4edd-86da-7d044bfa81e6
Milk,India,Bihar,RETAIL,2019-09-01,0.57,Liter,3d46fd94-bee5-4617-8bd5-cf37d3f74efc
Milk,India,Bihar,WHOLESALE,2019-09-01,55.32,100 liters,f9f75db4-1b8a-4f94-b38f-3cf626a056a6
Milk,India,Chandigarh,WHOLESALE,2019-09-01,58.88,100 liters,0e41a37c-0712-48e0-a514-562b65ef629d
Milk,India,Chandigarh,RETAIL,2019-09-01,0.62,Liter,7538bf6d-4980-4164-a626-9bbc7a2a7a6c
Milk,India,Delhi,RETAIL,2019-09-01,0.62,Liter,fd7a5f7a-34b8-4b83-ba22-80acf59a34fc
Milk,India,Goa,RETAIL,2019-09-01,0.7,Liter,1c0912ca-658d-4354-a6f1-d12f805e651a
Milk,India,Gujarat,RETAIL,2019-09-01,0.71,Liter,edff013e-a49f-429c-aedd-b12b8c183797
Milk,India,Haryana,WHOLESALE,2019-09-01,59.39,100 liters,58214e91-5e6d-4d3e-b6ea-0bbabb3fe598
Milk,India,Haryana,RETAIL,2019-09-01,0.62,Liter,ba20dd21-6119-4f95-a9d0-457f17c44d00
Milk,India,Karnataka,RETAIL,2019-09-01,0.52,Liter,34893397-2968-4ca0-a8bc-3d586eb132ba
Milk,India,Karnataka,WHOLESALE,2019-09-01,49.66,100 liters,5b91aca9-0d94-48ec-af3f-dc8f0e52d69e
Milk,India,Madhya Pradesh,WHOLESALE,2019-09-01,59.77,100 liters,94697d34-761e-403b-a1af-cbecc7288289
Milk,India,Madhya Pradesh,RETAIL,2019-09-01,0.64,Liter,a9cc3a73-2df0-48a6-b85f-ee1eeb52c730
Milk,India,Maharashtra,RETAIL,2019-09-01,0.56,Liter,3325148d-79ac-46f5-a02a-95099621e47b
Milk,India,Maharashtra,WHOLESALE,2019-09-01,52.07,100 liters,a3f1ac52-3d0d-4b05-a897-dc25fc45e47c
Milk,India,National Average,WHOLESALE,2019-09-01,58.23,100 liters,34810c05-53d8-461c-8322-c853d3aaf3c5
Milk,India,National Average,RETAIL,2019-09-01,0.62,Liter,43ac28e5-2717-4173-8d19-13b90ff5dbe6
Milk,India,Puducherry,RETAIL,2019-09-01,0.59,Liter,53e6ae43-aa38-4c44-aa4c-76594c0fadd5
Milk,India,Punjab,WHOLESALE,2019-09-01,59.52,100 liters,6ef01407-babd-493b-9871-62e969e56acd
Milk,India,Punjab,RETAIL,2019-09-01,0.64,Liter,9ec5b53b-dbbb-4852-97d1-c987f62e244c
Milk,India,Tamil Nadu,WHOLESALE,2019-09-01,49.77,100 liters,2131ee16-25de-42d4-ae1b-505fd22b03ab
Milk,India,Tamil Nadu,RETAIL,2019-09-01,0.63,Liter,725f0105-ce4b-472c-a48f-82cdad56fd9c
Milk,India,Uttar Pradesh,WHOLESALE,2019-09-01,59.6,100 liters,26104e58-bd44-4fd7-85d7-d96210bba3bc
Milk,India,Uttar Pradesh,RETAIL,2019-09-01,0.68,Liter,9d7e7e25-1632-48ec-9826-adfd708bb6a7
Milk,Nepal,Biratnagar,RETAIL,2019-09-01,0.66,Liter,a7c5cff2-64de-44f3-bbf3-c32a29ebd48e
Milk,Nepal,Birendranagar,RETAIL,2019-09-01,0.61,Liter,effb518f-1a51-4370-9aef-5103685da210
Milk,Nepal,Dhangadhi,RETAIL,2019-09-01,0.61,Liter,e44d4485-0f36-424a-9193-83671eee9b98
Milk,Nepal,Hetauda,RETAIL,2019-09-01,0.65,Liter,778e9236-afca-4972-9539-788fdc3b7c26
Milk,Nepal,Janakpurdham,RETAIL,2019-09-01,0.66,Liter,dc444de5-0bb4-48e3-8c1f-87485f64237d
Milk,Nepal,Kathmandu,RETAIL,2019-09-01,0.7,Liter,e33e7ecb-c237-41df-9d9d-e187a75d5f66
Milk,Nepal,Nepalgunj,RETAIL,2019-09-01,0.57,Liter,15c5b91e-49c6-46ba-bcc1-ef0530496752
Milk,Nepal,Pokhara,RETAIL,2019-09-01,0.74,Liter,55b840b0-d937-4916-b47d-585991af739f
Milk,Tunisia,Tunis,RETAIL,2019-09-01,0.39,Liter,ea0604c0-f78e-4fdb-9abd-6acb924220ce
Milk,Ecuador,Cuenca,WHOLESALE,2019-10-01,0.9,Liter,9ded0774-9f9c-4c3f-981e-70173ab253a1
Milk,Ecuador,Guayaquil,WHOLESALE,2019-10-01,0.73,Liter,4b83440a-8202-4f13-800e-74715be3a282
Milk,Egypt,National Average,RETAIL,2019-10-01,0.9,Liter,6b8e500a-e2a6-4d5f-8774-d100d78f68c8
Milk,India,Andhra Pradesh,RETAIL,2019-10-01,0.6,Liter,177c26f9-cc5e-4954-998c-920407b7ed2b
Milk,India,Andhra Pradesh,WHOLESALE,2019-10-01,55.85,100 liters,9bd42cc6-fc7c-4edd-86da-7d044bfa81e6
Milk,India,Bihar,RETAIL,2019-10-01,0.57,Liter,3d46fd94-bee5-4617-8bd5-cf37d3f74efc
Milk,India,Bihar,WHOLESALE,2019-10-01,55.46,100 liters,f9f75db4-1b8a-4f94-b38f-3cf626a056a6
Milk,India,Chandigarh,WHOLESALE,2019-10-01,59.12,100 liters,0e41a37c-0712-48e0-a514-562b65ef629d
Milk,India,Chandigarh,RETAIL,2019-10-01,0.62,Liter,7538bf6d-4980-4164-a626-9bbc7a2a7a6c
Milk,India,Delhi,RETAIL,2019-10-01,0.62,Liter,fd7a5f7a-34b8-4b83-ba22-80acf59a34fc
Milk,India,Goa,RETAIL,2019-10-01,0.7,Liter,1c0912ca-658d-4354-a6f1-d12f805e651a
Milk,India,Gujarat,RETAIL,2019-10-01,0.72,Liter,edff013e-a49f-429c-aedd-b12b8c183797
Milk,India,Haryana,WHOLESALE,2019-10-01,59.47,100 liters,58214e91-5e6d-4d3e-b6ea-0bbabb3fe598
Milk,India,Haryana,RETAIL,2019-10-01,0.62,Liter,ba20dd21-6119-4f95-a9d0-457f17c44d00
Milk,India,Karnataka,RETAIL,2019-10-01,0.52,Liter,34893397-2968-4ca0-a8bc-3d586eb132ba
Milk,India,Karnataka,WHOLESALE,2019-10-01,50.14,100 liters,5b91aca9-0d94-48ec-af3f-dc8f0e52d69e
Milk,India,Madhya Pradesh,WHOLESALE,2019-10-01,59.89,100 liters,94697d34-761e-403b-a1af-cbecc7288289
Milk,India,Madhya Pradesh,RETAIL,2019-10-01,0.65,Liter,a9cc3a73-2df0-48a6-b85f-ee1eeb52c730
Milk,India,Maharashtra,RETAIL,2019-10-01,0.57,Liter,3325148d-79ac-46f5-a02a-95099621e47b
Milk,India,Maharashtra,WHOLESALE,2019-10-01,52.26,100 liters,a3f1ac52-3d0d-4b05-a897-dc25fc45e47c
Milk,India,National Average,WHOLESALE,2019-10-01,59.02,100 liters,34810c05-53d8-461c-8322-c853d3aaf3c5
Milk,India,National Average,RETAIL,2019-10-01,0.63,Liter,43ac28e5-2717-4173-8d19-13b90ff5dbe6
Milk,India,Puducherry,RETAIL,2019-10-01,0.59,Liter,53e6ae43-aa38-4c44-aa4c-76594c0fadd5
Milk,India,Punjab,WHOLESALE,2019-10-01,61.13,100 liters,6ef01407-babd-493b-9871-62e969e56acd
Milk,India,Punjab,RETAIL,2019-10-01,0.65,Liter,9ec5b53b-dbbb-4852-97d1-c987f62e244c
Milk,India,Tamil Nadu,WHOLESALE,2019-10-01,39.41,100 liters,2131ee16-25de-42d4-ae1b-505fd22b03ab
Milk,India,Tamil Nadu,RETAIL,2019-10-01,0.65,Liter,725f0105-ce4b-472c-a48f-82cdad56fd9c
Milk,India,Uttar Pradesh,WHOLESALE,2019-10-01,60.02,100 liters,26104e58-bd44-4fd7-85d7-d96210bba3bc
Milk,India,Uttar Pradesh,RETAIL,2019-10-01,0.69,Liter,9d7e7e25-1632-48ec-9826-adfd708bb6a7
Milk,Nepal,Biratnagar,RETAIL,2019-10-01,0.7,Liter,a7c5cff2-64de-44f3-bbf3-c32a29ebd48e
Milk,Nepal,Birendranagar,RETAIL,2019-10-01,0.62,Liter,effb518f-1a51-4370-9aef-5103685da210
Milk,Nepal,Dhangadhi,RETAIL,2019-10-01,0.62,Liter,e44d4485-0f36-424a-9193-83671eee9b98
Milk,Nepal,Hetauda,RETAIL,2019-10-01,0.66,Liter,778e9236-afca-4972-9539-788fdc3b7c26
Milk,Nepal,Janakpurdham,RETAIL,2019-10-01,0.67,Liter,dc444de5-0bb4-48e3-8c1f-87485f64237d
Milk,Nepal,Kathmandu,RETAIL,2019-10-01,0.66,Liter,e33e7ecb-c237-41df-9d9d-e187a75d5f66
Milk,Nepal,Nepalgunj,RETAIL,2019-10-01,0.62,Liter,15c5b91e-49c6-46ba-bcc1-ef0530496752
Milk,Nepal,Pokhara,RETAIL,2019-10-01,0.88,Liter,55b840b0-d937-4916-b47d-585991af739f
Milk,Tunisia,Tunis,RETAIL,2019-10-01,0.39,Liter,ea0604c0-f78e-4fdb-9abd-6acb924220ce
Milk,Ecuador,Cuenca,WHOLESALE,2019-11-01,0.9,Liter,9ded0774-9f9c-4c3f-981e-70173ab253a1
Milk,Ecuador,Guayaquil,WHOLESALE,2019-11-01,0.73,Liter,4b83440a-8202-4f13-800e-74715be3a282
Milk,Egypt,National Average,RETAIL,2019-11-01,0.9,Liter,6b8e500a-e2a6-4d5f-8774-d100d78f68c8
Milk,India,Andhra Pradesh,RETAIL,2019-11-01,0.61,Liter,177c26f9-cc5e-4954-998c-920407b7ed2b
Milk,India,Andhra Pradesh,WHOLESALE,2019-11-01,55.6,100 liters,9bd42cc6-fc7c-4edd-86da-7d044bfa81e6
Milk,India,Bihar,RETAIL,2019-11-01,0.57,Liter,3d46fd94-bee5-4617-8bd5-cf37d3f74efc
Milk,India,Bihar,WHOLESALE,2019-11-01,55.26,100 liters,f9f75db4-1b8a-4f94-b38f-3cf626a056a6
Milk,India,Chandigarh,WHOLESALE,2019-11-01,58.78,100 liters,0e41a37c-0712-48e0-a514-562b65ef629d
Milk,India,Chandigarh,RETAIL,2019-11-01,0.62,Liter,7538bf6d-4980-4164-a626-9bbc7a2a7a6c
Milk,India,Delhi,RETAIL,2019-11-01,0.62,Liter,fd7a5f7a-34b8-4b83-ba22-80acf59a34fc
Milk,India,Goa,RETAIL,2019-11-01,0.7,Liter,1c0912ca-658d-4354-a6f1-d12f805e651a
Milk,India,Gujarat,RETAIL,2019-11-01,0.72,Liter,edff013e-a49f-429c-aedd-b12b8c183797
Milk,India,Haryana,WHOLESALE,2019-11-01,59.13,100 liters,58214e91-5e6d-4d3e-b6ea-0bbabb3fe598
Milk,India,Haryana,RETAIL,2019-11-01,0.62,Liter,ba20dd21-6119-4f95-a9d0-457f17c44d00
Milk,India,Karnataka,RETAIL,2019-11-01,0.52,Liter,34893397-2968-4ca0-a8bc-3d586eb132ba
Milk,India,Karnataka,WHOLESALE,2019-11-01,49.89,100 liters,5b91aca9-0d94-48ec-af3f-dc8f0e52d69e
Milk,India,Madhya Pradesh,WHOLESALE,2019-11-01,59.62,100 liters,94697d34-761e-403b-a1af-cbecc7288289
Milk,India,Madhya Pradesh,RETAIL,2019-11-01,0.64,Liter,a9cc3a73-2df0-48a6-b85f-ee1eeb52c730
Milk,India,Maharashtra,RETAIL,2019-11-01,0.56,Liter,3325148d-79ac-46f5-a02a-95099621e47b
Milk,India,Maharashtra,WHOLESALE,2019-11-01,52.02,100 liters,a3f1ac52-3d0d-4b05-a897-dc25fc45e47c
Milk,India,National Average,WHOLESALE,2019-11-01,58.63,100 liters,34810c05-53d8-461c-8322-c853d3aaf3c5
Milk,India,National Average,RETAIL,2019-11-01,0.63,Liter,43ac28e5-2717-4173-8d19-13b90ff5dbe6
Milk,India,Puducherry,RETAIL,2019-11-01,0.59,Liter,53e6ae43-aa38-4c44-aa4c-76594c0fadd5
Milk,India,Punjab,WHOLESALE,2019-11-01,60.45,100 liters,6ef01407-babd-493b-9871-62e969e56acd
Milk,India,Punjab,RETAIL,2019-11-01,0.64,Liter,9ec5b53b-dbbb-4852-97d1-c987f62e244c
Milk,India,Tamil Nadu,WHOLESALE,2019-11-01,39.19,100 liters,2131ee16-25de-42d4-ae1b-505fd22b03ab
Milk,India,Tamil Nadu,RETAIL,2019-11-01,0.63,Liter,725f0105-ce4b-472c-a48f-82cdad56fd9c
Milk,India,Uttar Pradesh,WHOLESALE,2019-11-01,59.68,100 liters,26104e58-bd44-4fd7-85d7-d96210bba3bc
Milk,India,Uttar Pradesh,RETAIL,2019-11-01,0.68,Liter,9d7e7e25-1632-48ec-9826-adfd708bb6a7
Milk,Nepal,Biratnagar,RETAIL,2019-11-01,0.7,Liter,a7c5cff2-64de-44f3-bbf3-c32a29ebd48e
Milk,Nepal,Birendranagar,RETAIL,2019-11-01,0.62,Liter,effb518f-1a51-4370-9aef-5103685da210
Milk,Nepal,Dhangadhi,RETAIL,2019-11-01,0.62,Liter,e44d4485-0f36-424a-9193-83671eee9b98
Milk,Nepal,Hetauda,RETAIL,2019-11-01,0.7,Liter,778e9236-afca-4972-9539-788fdc3b7c26
Milk,Nepal,Janakpurdham,RETAIL,2019-11-01,0.67,Liter,dc444de5-0bb4-48e3-8c1f-87485f64237d
Milk,Nepal,Kathmandu,RETAIL,2019-11-01,0.7,Liter,e33e7ecb-c237-41df-9d9d-e187a75d5f66
Milk,Nepal,Nepalgunj,RETAIL,2019-11-01,0.62,Liter,15c5b91e-49c6-46ba-bcc1-ef0530496752
Milk,Nepal,Pokhara,RETAIL,2019-11-01,0.88,Liter,55b840b0-d937-4916-b47d-585991af739f
Milk,Tunisia,Tunis,RETAIL,2019-11-01,0.39,Liter,ea0604c0-f78e-4fdb-9abd-6acb924220ce
Milk,Ecuador,Cuenca,WHOLESALE,2019-12-01,0.9,Liter,9ded0774-9f9c-4c3f-981e-70173ab253a1
Milk,Ecuador,Guayaquil,WHOLESALE,2019-12-01,0.73,Liter,4b83440a-8202-4f13-800e-74715be3a282
Milk,Egypt,National Average,RETAIL,2019-12-01,0.91,Liter,6b8e500a-e2a6-4d5f-8774-d100d78f68c8
Milk,India,Andhra Pradesh,RETAIL,2019-12-01,0.61,Liter,177c26f9-cc5e-4954-998c-920407b7ed2b
Milk,India,Andhra Pradesh,WHOLESALE,2019-12-01,56.96,100 liters,9bd42cc6-fc7c-4edd-86da-7d044bfa81e6
Milk,India,Bihar,RETAIL,2019-12-01,0.57,Liter,3d46fd94-bee5-4617-8bd5-cf37d3f74efc
Milk,India,Bihar,WHOLESALE,2019-12-01,55.72,100 liters,f9f75db4-1b8a-4f94-b38f-3cf626a056a6
Milk,India,Chandigarh,WHOLESALE,2019-12-01,59.0,100 liters,0e41a37c-0712-48e0-a514-562b65ef629d
Milk,India,Chandigarh,RETAIL,2019-12-01,0.62,Liter,7538bf6d-4980-4164-a626-9bbc7a2a7a6c
Milk,India,Delhi,RETAIL,2019-12-01,0.63,Liter,fd7a5f7a-34b8-4b83-ba22-80acf59a34fc
Milk,India,Goa,RETAIL,2019-12-01,0.7,Liter,1c0912ca-658d-4354-a6f1-d12f805e651a
Milk,India,Gujarat,RETAIL,2019-12-01,0.72,Liter,edff013e-a49f-429c-aedd-b12b8c183797
Milk,India,Haryana,WHOLESALE,2019-12-01,59.75,100 liters,58214e91-5e6d-4d3e-b6ea-0bbabb3fe598
Milk,India,Haryana,RETAIL,2019-12-01,0.63,Liter,ba20dd21-6119-4f95-a9d0-457f17c44d00
Milk,India,Karnataka,RETAIL,2019-12-01,0.52,Liter,34893397-2968-4ca0-a8bc-3d586eb132ba
Milk,India,Karnataka,WHOLESALE,2019-12-01,50.03,100 liters,5b91aca9-0d94-48ec-af3f-dc8f0e52d69e
Milk,India,Madhya Pradesh,WHOLESALE,2019-12-01,59.82,100 liters,94697d34-761e-403b-a1af-cbecc7288289
Milk,India,Madhya Pradesh,RETAIL,2019-12-01,0.65,Liter,a9cc3a73-2df0-48a6-b85f-ee1eeb52c730
Milk,India,Maharashtra,RETAIL,2019-12-01,0.57,Liter,3325148d-79ac-46f5-a02a-95099621e47b
Milk,India,Maharashtra,WHOLESALE,2019-12-01,52.45,100 liters,a3f1ac52-3d0d-4b05-a897-dc25fc45e47c
Milk,India,National Average,WHOLESALE,2019-12-01,58.84,100 liters,34810c05-53d8-461c-8322-c853d3aaf3c5
Milk,India,National Average,RETAIL,2019-12-01,0.63,Liter,43ac28e5-2717-4173-8d19-13b90ff5dbe6
Milk,India,Puducherry,RETAIL,2019-12-01,0.59,Liter,53e6ae43-aa38-4c44-aa4c-76594c0fadd5
Milk,India,Punjab,WHOLESALE,2019-12-01,59.93,100 liters,6ef01407-babd-493b-9871-62e969e56acd
Milk,India,Punjab,RETAIL,2019-12-01,0.63,Liter,9ec5b53b-dbbb-4852-97d1-c987f62e244c
Milk,India,Tamil Nadu,WHOLESALE,2019-12-01,39.33,100 liters,2131ee16-25de-42d4-ae1b-505fd22b03ab
Milk,India,Tamil Nadu,RETAIL,2019-12-01,0.61,Liter,725f0105-ce4b-472c-a48f-82cdad56fd9c
Milk,India,Uttar Pradesh,WHOLESALE,2019-12-01,60.02,100 liters,26104e58-bd44-4fd7-85d7-d96210bba3bc
Milk,India,Uttar Pradesh,RETAIL,2019-12-01,0.69,Liter,9d7e7e25-1632-48ec-9826-adfd708bb6a7
Milk,Nepal,Biratnagar,RETAIL,2019-12-01,0.7,Liter,a7c5cff2-64de-44f3-bbf3-c32a29ebd48e
Milk,Nepal,Birendranagar,RETAIL,2019-12-01,0.61,Liter,effb518f-1a51-4370-9aef-5103685da210
Milk,Nepal,Dhangadhi,RETAIL,2019-12-01,0.61,Liter,e44d4485-0f36-424a-9193-83671eee9b98
Milk,Nepal,Hetauda,RETAIL,2019-12-01,0.7,Liter,778e9236-afca-4972-9539-788fdc3b7c26
Milk,Nepal,Janakpurdham,RETAIL,2019-12-01,0.66,Liter,dc444de5-0bb4-48e3-8c1f-87485f64237d
Milk,Nepal,Kathmandu,RETAIL,2019-12-01,0.7,Liter,e33e7ecb-c237-41df-9d9d-e187a75d5f66
Milk,Nepal,Nepalgunj,RETAIL,2019-12-01,0.61,Liter,15c5b91e-49c6-46ba-bcc1-ef0530496752
Milk,Nepal,Pokhara,RETAIL,2019-12-01,0.87,Liter,55b840b0-d937-4916-b47d-585991af739f
Milk,Tunisia,Tunis,RETAIL,2019-12-01,0.39,Liter,ea0604c0-f78e-4fdb-9abd-6acb924220ce
Milk,Ecuador,Guayaquil,WHOLESALE,2020-01-01,0.73,Liter,4b83440a-8202-4f13-800e-74715be3a282
Milk,Egypt,National Average,RETAIL,2020-01-01,0.92,Liter,6b8e500a-e2a6-4d5f-8774-d100d78f68c8
Milk,India,Andhra Pradesh,RETAIL,2020-01-01,0.6,Liter,177c26f9-cc5e-4954-998c-920407b7ed2b
Milk,India,Andhra Pradesh,WHOLESALE,2020-01-01,57.46,100 liters,9bd42cc6-fc7c-4edd-86da-7d044bfa81e6
Milk,India,Bihar,RETAIL,2020-01-01,0.56,Liter,3d46fd94-bee5-4617-8bd5-cf37d3f74efc
Milk,India,Bihar,WHOLESALE,2020-01-01,56.31,100 liters,f9f75db4-1b8a-4f94-b38f-3cf626a056a6
Milk,India,Chandigarh,WHOLESALE,2020-01-01,58.9,100 liters,0e41a37c-0712-48e0-a514-562b65ef629d
Milk,India,Chandigarh,RETAIL,2020-01-01,0.62,Liter,7538bf6d-4980-4164-a626-9bbc7a2a7a6c
Milk,India,Delhi,RETAIL,2020-01-01,0.65,Liter,fd7a5f7a-34b8-4b83-ba22-80acf59a34fc
Milk,India,Goa,RETAIL,2020-01-01,0.7,Liter,1c0912ca-658d-4354-a6f1-d12f805e651a
Milk,India,Gujarat,RETAIL,2020-01-01,0.72,Liter,edff013e-a49f-429c-aedd-b12b8c183797
Milk,India,Haryana,WHOLESALE,2020-01-01,61.1,100 liters,58214e91-5e6d-4d3e-b6ea-0bbabb3fe598
Milk,India,Haryana,RETAIL,2020-01-01,0.66,Liter,ba20dd21-6119-4f95-a9d0-457f17c44d00
Milk,India,Karnataka,RETAIL,2020-01-01,0.52,Liter,34893397-2968-4ca0-a8bc-3d586eb132ba
Milk,India,Karnataka,WHOLESALE,2020-01-01,49.96,100 liters,5b91aca9-0d94-48ec-af3f-dc8f0e52d69e
Milk,India,Madhya Pradesh,WHOLESALE,2020-01-01,59.52,100 liters,94697d34-761e-403b-a1af-cbecc7288289
Milk,India,Madhya Pradesh,RETAIL,2020-01-01,0.64,Liter,a9cc3a73-2df0-48a6-b85f-ee1eeb52c730
Milk,India,Maharashtra,RETAIL,2020-01-01,0.57,Liter,3325148d-79ac-46f5-a02a-95099621e47b
Milk,India,Maharashtra,WHOLESALE,2020-01-01,52.65,100 liters,a3f1ac52-3d0d-4b05-a897-dc25fc45e47c
Milk,India,National Average,WHOLESALE,2020-01-01,58.92,100 liters,34810c05-53d8-461c-8322-c853d3aaf3c5
Milk,India,National Average,RETAIL,2020-01-01,0.63,Liter,43ac28e5-2717-4173-8d19-13b90ff5dbe6
Milk,India,Puducherry,RETAIL,2020-01-01,0.59,Liter,53e6ae43-aa38-4c44-aa4c-76594c0fadd5
Milk,India,Punjab,WHOLESALE,2020-01-01,59.83,100 liters,6ef01407-babd-493b-9871-62e969e56acd
Milk,India,Punjab,RETAIL,2020-01-01,0.63,Liter,9ec5b53b-dbbb-4852-97d1-c987f62e244c
Milk,India,Tamil Nadu,WHOLESALE,2020-01-01,39.27,100 liters,2131ee16-25de-42d4-ae1b-505fd22b03ab
Milk,India,Tamil Nadu,RETAIL,2020-01-01,0.61,Liter,725f0105-ce4b-472c-a48f-82cdad56fd9c
Milk,India,Uttar Pradesh,WHOLESALE,2020-01-01,60.93,100 liters,26104e58-bd44-4fd7-85d7-d96210bba3bc
Milk,India,Uttar Pradesh,RETAIL,2020-01-01,0.7,Liter,9d7e7e25-1632-48ec-9826-adfd708bb6a7
Milk,Nepal,Biratnagar,RETAIL,2020-01-01,0.7,Liter,a7c5cff2-64de-44f3-bbf3-c32a29ebd48e
Milk,Nepal,Birendranagar,RETAIL,2020-01-01,0.61,Liter,effb518f-1a51-4370-9aef-5103685da210
Milk,Nepal,Dhangadhi,RETAIL,2020-01-01,0.61,Liter,e44d4485-0f36-424a-9193-83671eee9b98
Milk,Nepal,Hetauda,RETAIL,2020-01-01,0.7,Liter,778e9236-afca-4972-9539-788fdc3b7c26
Milk,Nepal,Janakpurdham,RETAIL,2020-01-01,0.67,Liter,dc444de5-0bb4-48e3-8c1f-87485f64237d
Milk,Nepal,Nepalgunj,RETAIL,2020-01-01,0.61,Liter,15c5b91e-49c6-46ba-bcc1-ef0530496752
Milk,Nepal,Pokhara,RETAIL,2020-01-01,0.88,Liter,55b840b0-d937-4916-b47d-585991af739f
Milk,Tunisia,Tunis,RETAIL,2020-01-01,0.4,Liter,ea0604c0-f78e-4fdb-9abd-6acb924220ce
Milk,Ecuador,Cuenca,WHOLESALE,2020-02-01,0.9,Liter,9ded0774-9f9c-4c3f-981e-70173ab253a1
Milk,Ecuador,Guayaquil,WHOLESALE,2020-02-01,0.73,Liter,4b83440a-8202-4f13-800e-74715be3a282
Milk,Egypt,National Average,RETAIL,2020-02-01,0.93,Liter,6b8e500a-e2a6-4d5f-8774-d100d78f68c8
Milk,India,Andhra Pradesh,RETAIL,2020-02-01,0.61,Liter,177c26f9-cc5e-4954-998c-920407b7ed2b
Milk,India,Andhra Pradesh,WHOLESALE,2020-02-01,58.51,100 liters,9bd42cc6-fc7c-4edd-86da-7d044bfa81e6
Milk,India,Bihar,RETAIL,2020-02-01,0.57,Liter,3d46fd94-bee5-4617-8bd5-cf37d3f74efc
Milk,India,Bihar,WHOLESALE,2020-02-01,56.76,100 liters,f9f75db4-1b8a-4f94-b38f-3cf626a056a6
Milk,India,Chandigarh,WHOLESALE,2020-02-01,58.75,100 liters,0e41a37c-0712-48e0-a514-562b65ef629d
Milk,India,Chandigarh,RETAIL,2020-02-01,0.62,Liter,7538bf6d-4980-4164-a626-9bbc7a2a7a6c
Milk,India,Delhi,RETAIL,2020-02-01,0.64,Liter,fd7a5f7a-34b8-4b83-ba22-80acf59a34fc
Milk,India,Goa,RETAIL,2020-02-01,0.72,Liter,1c0912ca-658d-4354-a6f1-d12f805e651a
Milk,India,Gujarat,RETAIL,2020-02-01,0.72,Liter,edff013e-a49f-429c-aedd-b12b8c183797
Milk,India,Haryana,WHOLESALE,2020-02-01,60.85,100 liters,58214e91-5e6d-4d3e-b6ea-0bbabb3fe598
Milk,India,Haryana,RETAIL,2020-02-01,0.66,Liter,ba20dd21-6119-4f95-a9d0-457f17c44d00
Milk,India,Karnataka,RETAIL,2020-02-01,0.53,Liter,34893397-2968-4ca0-a8bc-3d586eb132ba
Milk,India,Karnataka,WHOLESALE,2020-02-01,50.5,100 liters,5b91aca9-0d94-48ec-af3f-dc8f0e52d69e
Milk,India,Madhya Pradesh,WHOLESALE,2020-02-01,59.58,100 liters,94697d34-761e-403b-a1af-cbecc7288289
Milk,India,Madhya Pradesh,RETAIL,2020-02-01,0.64,Liter,a9cc3a73-2df0-48a6-b85f-ee1eeb52c730
Milk,India,Maharashtra,RETAIL,2020-02-01,0.57,Liter,3325148d-79ac-46f5-a02a-95099621e47b
Milk,India,Maharashtra,WHOLESALE,2020-02-01,52.38,100 liters,a3f1ac52-3d0d-4b05-a897-dc25fc45e47c
Milk,India,National Average,WHOLESALE,2020-02-01,59.31,100 liters,34810c05-53d8-461c-8322-c853d3aaf3c5
Milk,India,National Average,RETAIL,2020-02-01,0.63,Liter,43ac28e5-2717-4173-8d19-13b90ff5dbe6
Milk,India,Puducherry,RETAIL,2020-02-01,0.59,Liter,53e6ae43-aa38-4c44-aa4c-76594c0fadd5
Milk,India,Punjab,WHOLESALE,2020-02-01,59.69,100 liters,6ef01407-babd-493b-9871-62e969e56acd
Milk,India,Punjab,RETAIL,2020-02-01,0.63,Liter,9ec5b53b-dbbb-4852-97d1-c987f62e244c
Milk,India,Tamil Nadu,WHOLESALE,2020-02-01,39.17,100 liters,2131ee16-25de-42d4-ae1b-505fd22b03ab
Milk,India,Tamil Nadu,RETAIL,2020-02-01,0.61,Liter,725f0105-ce4b-472c-a48f-82cdad56fd9c
Milk,India,Uttar Pradesh,WHOLESALE,2020-02-01,60.93,100 liters,26104e58-bd44-4fd7-85d7-d96210bba3bc
Milk,India,Uttar Pradesh,RETAIL,2020-02-01,0.69,Liter,9d7e7e25-1632-48ec-9826-adfd708bb6a7
Milk,Nepal,Biratnagar,RETAIL,2020-02-01,0.7,Liter,a7c5cff2-64de-44f3-bbf3-c32a29ebd48e
Milk,Nepal,Birendranagar,RETAIL,2020-02-01,0.61,Liter,effb518f-1a51-4370-9aef-5103685da210
Milk,Nepal,Dhangadhi,RETAIL,2020-02-01,0.61,Liter,e44d4485-0f36-424a-9193-83671eee9b98
Milk,Nepal,Hetauda,RETAIL,2020-02-01,0.7,Liter,778e9236-afca-4972-9539-788fdc3b7c26
Milk,Nepal,Janakpurdham,RETAIL,2020-02-01,0.67,Liter,dc444de5-0bb4-48e3-8c1f-87485f64237d
Milk,Nepal,Nepalgunj,RETAIL,2020-02-01,0.61,Liter,15c5b91e-49c6-46ba-bcc1-ef0530496752
Milk,Nepal,Pokhara,RETAIL,2020-02-01,0.92,Liter,55b840b0-d937-4916-b47d-585991af739f
Milk,Tunisia,Tunis,RETAIL,2020-02-01,0.39,Liter,ea0604c0-f78e-4fdb-9abd-6acb924220ce
Milk,Ecuador,Cuenca,WHOLESALE,2020-03-01,0.9,Liter,9ded0774-9f9c-4c3f-981e-70173ab253a1
Milk,Ecuador,Guayaquil,WHOLESALE,2020-03-01,0.73,Liter,4b83440a-8202-4f13-800e-74715be3a282
Milk,Egypt,National Average,RETAIL,2020-03-01,0.93,Liter,6b8e500a-e2a6-4d5f-8774-d100d78f68c8
Milk,India,Andhra Pradesh,RETAIL,2020-03-01,0.58,Liter,177c26f9-cc5e-4954-998c-920407b7ed2b
Milk,India,Andhra Pradesh,WHOLESALE,2020-03-01,55.92,100 liters,9bd42cc6-fc7c-4edd-86da-7d044bfa81e6
Milk,India,Bihar,RETAIL,2020-03-01,0.55,Liter,3d46fd94-bee5-4617-8bd5-cf37d3f74efc
Milk,India,Bihar,WHOLESALE,2020-03-01,54.13,100 liters,f9f75db4-1b8a-4f94-b38f-3cf626a056a6
Milk,India,Chandigarh,WHOLESALE,2020-03-01,56.49,100 liters,0e41a37c-0712-48e0-a514-562b65ef629d
Milk,India,Chandigarh,RETAIL,2020-03-01,0.59,Liter,7538bf6d-4980-4164-a626-9bbc7a2a7a6c
Milk,India,Delhi,RETAIL,2020-03-01,0.62,Liter,fd7a5f7a-34b8-4b83-ba22-80acf59a34fc
Milk,India,Goa,RETAIL,2020-03-01,0.71,Liter,1c0912ca-658d-4354-a6f1-d12f805e651a
Milk,India,Gujarat,RETAIL,2020-03-01,0.7,Liter,edff013e-a49f-429c-aedd-b12b8c183797
Milk,India,Haryana,WHOLESALE,2020-03-01,59.24,100 liters,58214e91-5e6d-4d3e-b6ea-0bbabb3fe598
Milk,India,Haryana,RETAIL,2020-03-01,0.64,Liter,ba20dd21-6119-4f95-a9d0-457f17c44d00
Milk,India,Karnataka,RETAIL,2020-03-01,0.51,Liter,34893397-2968-4ca0-a8bc-3d586eb132ba
Milk,India,Karnataka,WHOLESALE,2020-03-01,48.56,100 liters,5b91aca9-0d94-48ec-af3f-dc8f0e52d69e
Milk,India,Madhya Pradesh,WHOLESALE,2020-03-01,57.52,100 liters,94697d34-761e-403b-a1af-cbecc7288289
Milk,India,Madhya Pradesh,RETAIL,2020-03-01,0.62,Liter,a9cc3a73-2df0-48a6-b85f-ee1eeb52c730
Milk,India,Maharashtra,RETAIL,2020-03-01,0.55,Liter,3325148d-79ac-46f5-a02a-95099621e47b
Milk,India,Maharashtra,WHOLESALE,2020-03-01,50.16,100 liters,a3f1ac52-3d0d-4b05-a897-dc25fc45e47c
Milk,India,National Average,WHOLESALE,2020-03-01,57.19,100 liters,34810c05-53d8-461c-8322-c853d3aaf3c5
Milk,India,National Average,RETAIL,2020-03-01,0.61,Liter,43ac28e5-2717-4173-8d19-13b90ff5dbe6
Milk,India,Puducherry,RETAIL,2020-03-01,0.56,Liter,53e6ae43-aa38-4c44-aa4c-76594c0fadd5
Milk,India,Punjab,WHOLESALE,2020-03-01,57.38,100 liters,6ef01407-babd-493b-9871-62e969e56acd
Milk,India,Punjab,RETAIL,2020-03-01,0.61,Liter,9ec5b53b-dbbb-4852-97d1-c987f62e244c
Milk,India,Tamil Nadu,WHOLESALE,2020-03-01,37.66,100 liters,2131ee16-25de-42d4-ae1b-505fd22b03ab
Milk,India,Tamil Nadu,RETAIL,2020-03-01,0.58,Liter,725f0105-ce4b-472c-a48f-82cdad56fd9c
Milk,India,Uttar Pradesh,WHOLESALE,2020-03-01,58.63,100 liters,26104e58-bd44-4fd7-85d7-d96210bba3bc
Milk,India,Uttar Pradesh,RETAIL,2020-03-01,0.66,Liter,9d7e7e25-1632-48ec-9826-adfd708bb6a7
Milk,Nepal,Biratnagar,RETAIL,2020-03-01,0.69,Liter,a7c5cff2-64de-44f3-bbf3-c32a29ebd48e
Milk,Nepal,Birendranagar,RETAIL,2020-03-01,0.6,Liter,effb518f-1a51-4370-9aef-5103685da210
Milk,Nepal,Dhangadhi,RETAIL,2020-03-01,0.6,Liter,e44d4485-0f36-424a-9193-83671eee9b98
Milk,Nepal,Hetauda,RETAIL,2020-03-01,0.69,Liter,778e9236-afca-4972-9539-788fdc3b7c26
Milk,Nepal,Janakpurdham,RETAIL,2020-03-01,0.69,Liter,dc444de5-0bb4-48e3-8c1f-87485f64237d
Milk,Nepal,Nepalgunj,RETAIL,2020-03-01,0.6,Liter,15c5b91e-49c6-46ba-bcc1-ef0530496752
Milk,Nepal,Pokhara,RETAIL,2020-03-01,0.86,Liter,55b840b0-d937-4916-b47d-585991af739f
Milk,Tunisia,Tunis,RETAIL,2020-03-01,0.39,Liter,ea0604c0-f78e-4fdb-9abd-6acb924220ce
Milk,Ecuador,Cuenca,WHOLESALE,2020-04-01,0.9,Liter,9ded0774-9f9c-4c3f-981e-70173ab253a1
Milk,Ecuador,Guayaquil,WHOLESALE,2020-04-01,0.73,Liter,4b83440a-8202-4f13-800e-74715be3a282
Milk,Egypt,National Average,RETAIL,2020-04-01,0.92,Liter,6b8e500a-e2a6-4d5f-8774-d100d78f68c8
Milk,India,Andhra Pradesh,RETAIL,2020-04-01,0.57,Liter,177c26f9-cc5e-4954-998c-920407b7ed2b
Milk,India,Andhra Pradesh,WHOLESALE,2020-04-01,54.65,100 liters,9bd42cc6-fc7c-4edd-86da-7d044bfa81e6
Milk,India,Bihar,RETAIL,2020-04-01,0.55,Liter,3d46fd94-bee5-4617-8bd5-cf37d3f74efc
Milk,India,Bihar,WHOLESALE,2020-04-01,51.6,100 liters,f9f75db4-1b8a-4f94-b38f-3cf626a056a6
Milk,India,Chandigarh,WHOLESALE,2020-04-01,58.09,100 liters,0e41a37c-0712-48e0-a514-562b65ef629d
Milk,India,Chandigarh,RETAIL,2020-04-01,0.63,Liter,7538bf6d-4980-4164-a626-9bbc7a2a7a6c
Milk,India,Delhi,RETAIL,2020-04-01,0.6,Liter,fd7a5f7a-34b8-4b83-ba22-80acf59a34fc
Milk,India,Goa,RETAIL,2020-04-01,0.7,Liter,1c0912ca-658d-4354-a6f1-d12f805e651a
Milk,India,Gujarat,RETAIL,2020-04-01,0.68,Liter,edff013e-a49f-429c-aedd-b12b8c183797
Milk,India,Haryana,WHOLESALE,2020-04-01,65.83,100 liters,58214e91-5e6d-4d3e-b6ea-0bbabb3fe598
Milk,India,Haryana,RETAIL,2020-04-01,0.69,Liter,ba20dd21-6119-4f95-a9d0-457f17c44d00
Milk,India,Karnataka,RETAIL,2020-04-01,0.47,Liter,34893397-2968-4ca0-a8bc-3d586eb132ba
Milk,India,Karnataka,WHOLESALE,2020-04-01,47.05,100 liters,5b91aca9-0d94-48ec-af3f-dc8f0e52d69e
Milk,India,Madhya Pradesh,WHOLESALE,2020-04-01,56.58,100 liters,94697d34-761e-403b-a1af-cbecc7288289
Milk,India,Madhya Pradesh,RETAIL,2020-04-01,0.61,Liter,a9cc3a73-2df0-48a6-b85f-ee1eeb52c730
Milk,India,Maharashtra,RETAIL,2020-04-01,0.53,Liter,3325148d-79ac-46f5-a02a-95099621e47b
Milk,India,Maharashtra,WHOLESALE,2020-04-01,49.24,100 liters,a3f1ac52-3d0d-4b05-a897-dc25fc45e47c
Milk,India,National Average,WHOLESALE,2020-04-01,56.51,100 liters,34810c05-53d8-461c-8322-c853d3aaf3c5
Milk,India,National Average,RETAIL,2020-04-01,0.61,Liter,43ac28e5-2717-4173-8d19-13b90ff5dbe6
Milk,India,Puducherry,RETAIL,2020-04-01,0.55,Liter,53e6ae43-aa38-4c44-aa4c-76594c0fadd5
Milk,India,Punjab,WHOLESALE,2020-04-01,56.0,100 liters,6ef01407-babd-493b-9871-62e969e56acd
Milk,India,Punjab,RETAIL,2020-04-01,0.59,Liter,9ec5b53b-dbbb-4852-97d1-c987f62e244c
Milk,India,Tamil Nadu,WHOLESALE,2020-04-01,36.75,100 liters,2131ee16-25de-42d4-ae1b-505fd22b03ab
Milk,India,Tamil Nadu,RETAIL,2020-04-01,0.57,Liter,725f0105-ce4b-472c-a48f-82cdad56fd9c
Milk,India,Uttar Pradesh,WHOLESALE,2020-04-01,57.44,100 liters,26104e58-bd44-4fd7-85d7-d96210bba3bc
Milk,India,Uttar Pradesh,RETAIL,2020-04-01,0.64,Liter,9d7e7e25-1632-48ec-9826-adfd708bb6a7
Milk,Nepal,Dhangadhi,RETAIL,2020-04-01,0.61,Liter,e44d4485-0f36-424a-9193-83671eee9b98
Milk,Nepal,Hetauda,RETAIL,2020-04-01,0.66,Liter,778e9236-afca-4972-9539-788fdc3b7c26
Milk,Nepal,Janakpurdham,RETAIL,2020-04-01,0.65,Liter,dc444de5-0bb4-48e3-8c1f-87485f64237d
Milk,Nepal,Nepalgunj,RETAIL,2020-04-01,0.58,Liter,15c5b91e-49c6-46ba-bcc1-ef0530496752
Milk,Tunisia,Tunis,RETAIL,2020-04-01,0.39,Liter,ea0604c0-f78e-4fdb-9abd-6acb924220ce
Milk,Ecuador,Cuenca,WHOLESALE,2020-05-01,0.9,Liter,9ded0774-9f9c-4c3f-981e-70173ab253a1
Milk,Ecuador,Guayaquil,WHOLESALE,2020-05-01,0.73,Liter,4b83440a-8202-4f13-800e-74715be3a282
Milk,Egypt,National Average,RETAIL,2020-05-01,0.92,Liter,6b8e500a-e2a6-4d5f-8774-d100d78f68c8
Milk,India,Andhra Pradesh,RETAIL,2020-05-01,0.59,Liter,177c26f9-cc5e-4954-998c-920407b7ed2b
Milk,India,Andhra Pradesh,WHOLESALE,2020-05-01,56.54,100 liters,9bd42cc6-fc7c-4edd-86da-7d044bfa81e6
Milk,India,Bihar,RETAIL,2020-05-01,0.55,Liter,3d46fd94-bee5-4617-8bd5-cf37d3f74efc
Milk,India,Bihar,WHOLESALE,2020-05-01,53.76,100 liters,f9f75db4-1b8a-4f94-b38f-3cf626a056a6
Milk,India,Chandigarh,WHOLESALE,2020-05-01,58.15,100 liters,0e41a37c-0712-48e0-a514-562b65ef629d
Milk,India,Chandigarh,RETAIL,2020-05-01,0.63,Liter,7538bf6d-4980-4164-a626-9bbc7a2a7a6c
Milk,India,Delhi,RETAIL,2020-05-01,0.61,Liter,fd7a5f7a-34b8-4b83-ba22-80acf59a34fc
Milk,India,Goa,RETAIL,2020-05-01,0.7,Liter,1c0912ca-658d-4354-a6f1-d12f805e651a
Milk,India,Gujarat,RETAIL,2020-05-01,0.69,Liter,edff013e-a49f-429c-aedd-b12b8c183797
Milk,India,Haryana,WHOLESALE,2020-05-01,66.69,100 liters,58214e91-5e6d-4d3e-b6ea-0bbabb3fe598
Milk,India,Haryana,RETAIL,2020-05-01,0.7,Liter,ba20dd21-6119-4f95-a9d0-457f17c44d00
Milk,India,Karnataka,RETAIL,2020-05-01,0.48,Liter,34893397-2968-4ca0-a8bc-3d586eb132ba
Milk,India,Karnataka,WHOLESALE,2020-05-01,46.26,100 liters,5b91aca9-0d94-48ec-af3f-dc8f0e52d69e
Milk,India,Madhya Pradesh,WHOLESALE,2020-05-01,57.16,100 liters,94697d34-761e-403b-a1af-cbecc7288289
Milk,India,Madhya Pradesh,RETAIL,2020-05-01,0.62,Liter,a9cc3a73-2df0-48a6-b85f-ee1eeb52c730
Milk,India,Maharashtra,RETAIL,2020-05-01,0.53,Liter,3325148d-79ac-46f5-a02a-95099621e47b
Milk,India,Maharashtra,WHOLESALE,2020-05-01,48.77,100 liters,a3f1ac52-3d0d-4b05-a897-dc25fc45e47c
Milk,India,National Average,WHOLESALE,2020-05-01,57.37,100 liters,34810c05-53d8-461c-8322-c853d3aaf3c5
Milk,India,National Average,RETAIL,2020-05-01,0.62,Liter,43ac28e5-2717-4173-8d19-13b90ff5dbe6
Milk,India,Puducherry,RETAIL,2020-05-01,0.56,Liter,53e6ae43-aa38-4c44-aa4c-76594c0fadd5
Milk,India,Punjab,WHOLESALE,2020-05-01,56.39,100 liters,6ef01407-babd-493b-9871-62e969e56acd
Milk,India,Punjab,RETAIL,2020-05-01,0.59,Liter,9ec5b53b-dbbb-4852-97d1-c987f62e244c
Milk,India,Tamil Nadu,WHOLESALE,2020-05-01,37.01,100 liters,2131ee16-25de-42d4-ae1b-505fd22b03ab
Milk,India,Tamil Nadu,RETAIL,2020-05-01,0.57,Liter,725f0105-ce4b-472c-a48f-82cdad56fd9c
Milk,India,Uttar Pradesh,WHOLESALE,2020-05-01,57.85,100 liters,26104e58-bd44-4fd7-85d7-d96210bba3bc
Milk,India,Uttar Pradesh,RETAIL,2020-05-01,0.64,Liter,9d7e7e25-1632-48ec-9826-adfd708bb6a7
Milk,Nepal,Biratnagar,RETAIL,2020-05-01,0.66,Liter,a7c5cff2-64de-44f3-bbf3-c32a29ebd48e
Milk,Nepal,Birendranagar,RETAIL,2020-05-01,0.56,Liter,effb518f-1a51-4370-9aef-5103685da210
Milk,Nepal,Dhangadhi,RETAIL,2020-05-01,0.58,Liter,e44d4485-0f36-424a-9193-83671eee9b98
Milk,Nepal,Hetauda,RETAIL,2020-05-01,0.62,Liter,778e9236-afca-4972-9539-788fdc3b7c26
Milk,Nepal,Janakpurdham,RETAIL,2020-05-01,0.58,Liter,dc444de5-0bb4-48e3-8c1f-87485f64237d
Milk,Nepal,Nepalgunj,RETAIL,2020-05-01,0.62,Liter,15c5b91e-49c6-46ba-bcc1-ef0530496752
Milk,Nepal,Pokhara,RETAIL,2020-05-01,0.82,Liter,55b840b0-d937-4916-b47d-585991af739f
Milk,Tunisia,Tunis,RETAIL,2020-05-01,0.39,Liter,ea0604c0-f78e-4fdb-9abd-6acb924220ce
Milk,Ecuador,Cuenca,WHOLESALE,2020-06-01,0.9,Liter,9ded0774-9f9c-4c3f-981e-70173ab253a1
Milk,Ecuador,Guayaquil,WHOLESALE,2020-06-01,0.73,Liter,4b83440a-8202-4f13-800e-74715be3a282
Milk,Egypt,National Average,RETAIL,2020-06-01,0.9,Liter,6b8e500a-e2a6-4d5f-8774-d100d78f68c8
Milk,India,Andhra Pradesh,RETAIL,2020-06-01,0.59,Liter,177c26f9-cc5e-4954-998c-920407b7ed2b
Milk,India,Andhra Pradesh,WHOLESALE,2020-06-01,57.02,100 liters,9bd42cc6-fc7c-4edd-86da-7d044bfa81e6
Milk,India,Bihar,RETAIL,2020-06-01,0.55,Liter,3d46fd94-bee5-4617-8bd5-cf37d3f74efc
Milk,India,Bihar,WHOLESALE,2020-06-01,53.58,100 liters,f9f75db4-1b8a-4f94-b38f-3cf626a056a6
Milk,India,Chandigarh,WHOLESALE,2020-06-01,58.1,100 liters,0e41a37c-0712-48e0-a514-562b65ef629d
Milk,India,Chandigarh,RETAIL,2020-06-01,0.63,Liter,7538bf6d-4980-4164-a626-9bbc7a2a7a6c
Milk,India,Delhi,RETAIL,2020-06-01,0.61,Liter,fd7a5f7a-34b8-4b83-ba22-80acf59a34fc
Milk,India,Goa,RETAIL,2020-06-01,0.67,Liter,1c0912ca-658d-4354-a6f1-d12f805e651a
Milk,India,Gujarat,RETAIL,2020-06-01,0.69,Liter,edff013e-a49f-429c-aedd-b12b8c183797
Milk,India,Haryana,WHOLESALE,2020-06-01,67.4,100 liters,58214e91-5e6d-4d3e-b6ea-0bbabb3fe598
Milk,India,Haryana,RETAIL,2020-06-01,0.71,Liter,ba20dd21-6119-4f95-a9d0-457f17c44d00
Milk,India,Karnataka,RETAIL,2020-06-01,0.48,Liter,34893397-2968-4ca0-a8bc-3d586eb132ba
Milk,India,Karnataka,WHOLESALE,2020-06-01,46.26,100 liters,5b91aca9-0d94-48ec-af3f-dc8f0e52d69e
Milk,India,Madhya Pradesh,WHOLESALE,2020-06-01,58.43,100 liters,94697d34-761e-403b-a1af-cbecc7288289
Milk,India,Madhya Pradesh,RETAIL,2020-06-01,0.63,Liter,a9cc3a73-2df0-48a6-b85f-ee1eeb52c730
Milk,India,Maharashtra,RETAIL,2020-06-01,0.53,Liter,3325148d-79ac-46f5-a02a-95099621e47b
Milk,India,Maharashtra,WHOLESALE,2020-06-01,49.03,100 liters,a3f1ac52-3d0d-4b05-a897-dc25fc45e47c
Milk,India,National Average,WHOLESALE,2020-06-01,58.13,100 liters,34810c05-53d8-461c-8322-c853d3aaf3c5
Milk,India,National Average,RETAIL,2020-06-01,0.62,Liter,43ac28e5-2717-4173-8d19-13b90ff5dbe6
Milk,India,Puducherry,RETAIL,2020-06-01,0.55,Liter,53e6ae43-aa38-4c44-aa4c-76594c0fadd5
Milk,India,Punjab,WHOLESALE,2020-06-01,56.34,100 liters,6ef01407-babd-493b-9871-62e969e56acd
Milk,India,Punjab,RETAIL,2020-06-01,0.59,Liter,9ec5b53b-dbbb-4852-97d1-c987f62e244c
Milk,India,Tamil Nadu,WHOLESALE,2020-06-01,36.97,100 liters,2131ee16-25de-42d4-ae1b-505fd22b03ab
Milk,India,Tamil Nadu,RETAIL,2020-06-01,0.57,Liter,725f0105-ce4b-472c-a48f-82cdad56fd9c
Milk,India,Uttar Pradesh,WHOLESALE,2020-06-01,57.78,100 liters,26104e58-bd44-4fd7-85d7-d96210bba3bc
Milk,India,Uttar Pradesh,RETAIL,2020-06-01,0.64,Liter,9d7e7e25-1632-48ec-9826-adfd708bb6a7
Milk,Nepal,Biratnagar,RETAIL,2020-06-01,0.58,Liter,a7c5cff2-64de-44f3-bbf3-c32a29ebd48e
Milk,Nepal,Birendranagar,RETAIL,2020-06-01,0.6,Liter,effb518f-1a51-4370-9aef-5103685da210
Milk,Nepal,Dhangadhi,RETAIL,2020-06-01,0.58,Liter,e44d4485-0f36-424a-9193-83671eee9b98
Milk,Nepal,Hetauda,RETAIL,2020-06-01,0.56,Liter,778e9236-afca-4972-9539-788fdc3b7c26
Milk,Nepal,Nepalgunj,RETAIL,2020-06-01,0.68,Liter,15c5b91e-49c6-46ba-bcc1-ef0530496752
Milk,Nepal,Pokhara,RETAIL,2020-06-01,0.91,Liter,55b840b0-d937-4916-b47d-585991af739f
Milk,Tunisia,Tunis,RETAIL,2020-06-01,0.39,Liter,ea0604c0-f78e-4fdb-9abd-6acb924220ce
Milk,Ecuador,Cuenca,WHOLESALE,2020-07-01,0.9,Liter,9ded0774-9f9c-4c3f-981e-70173ab253a1
Milk,Ecuador,Guayaquil,WHOLESALE,2020-07-01,0.73,Liter,4b83440a-8202-4f13-800e-74715be3a282
Milk,Egypt,National Average,RETAIL,2020-07-01,0.91,Liter,6b8e500a-e2a6-4d5f-8774-d100d78f68c8
Milk,India,Andhra Pradesh,RETAIL,2020-07-01,0.6,Liter,177c26f9-cc5e-4954-998c-920407b7ed2b
Milk,India,Andhra Pradesh,WHOLESALE,2020-07-01,57.42,100 liters,9bd42cc6-fc7c-4edd-86da-7d044bfa81e6
Milk,India,Bihar,RETAIL,2020-07-01,0.56,Liter,3d46fd94-bee5-4617-8bd5-cf37d3f74efc
Milk,India,Bihar,WHOLESALE,2020-07-01,54.23,100 liters,f9f75db4-1b8a-4f94-b38f-3cf626a056a6
Milk,India,Chandigarh,WHOLESALE,2020-07-01,58.67,100 liters,0e41a37c-0712-48e0-a514-562b65ef629d
Milk,India,Chandigarh,RETAIL,2020-07-01,0.64,Liter,7538bf6d-4980-4164-a626-9bbc7a2a7a6c
Milk,India,Delhi,RETAIL,2020-07-01,0.61,Liter,fd7a5f7a-34b8-4b83-ba22-80acf59a34fc
Milk,India,Goa,RETAIL,2020-07-01,0.67,Liter,1c0912ca-658d-4354-a6f1-d12f805e651a
Milk,India,Gujarat,RETAIL,2020-07-01,0.69,Liter,edff013e-a49f-429c-aedd-b12b8c183797
Milk,India,Haryana,WHOLESALE,2020-07-01,67.64,100 liters,58214e91-5e6d-4d3e-b6ea-0bbabb3fe598
Milk,India,Haryana,RETAIL,2020-07-01,0.71,Liter,ba20dd21-6119-4f95-a9d0-457f17c44d00
Milk,India,Karnataka,RETAIL,2020-07-01,0.51,Liter,34893397-2968-4ca0-a8bc-3d586eb132ba
Milk,India,Karnataka,WHOLESALE,2020-07-01,49.83,100 liters,5b91aca9-0d94-48ec-af3f-dc8f0e52d69e
Milk,India,Madhya Pradesh,WHOLESALE,2020-07-01,59.76,100 liters,94697d34-761e-403b-a1af-cbecc7288289
Milk,India,Madhya Pradesh,RETAIL,2020-07-01,0.65,Liter,a9cc3a73-2df0-48a6-b85f-ee1eeb52c730
Milk,India,Maharashtra,RETAIL,2020-07-01,0.54,Liter,3325148d-79ac-46f5-a02a-95099621e47b
Milk,India,Maharashtra,WHOLESALE,2020-07-01,49.58,100 liters,a3f1ac52-3d0d-4b05-a897-dc25fc45e47c
Milk,India,National Average,WHOLESALE,2020-07-01,59.18,100 liters,34810c05-53d8-461c-8322-c853d3aaf3c5
Milk,India,National Average,RETAIL,2020-07-01,0.63,Liter,43ac28e5-2717-4173-8d19-13b90ff5dbe6
Milk,India,Puducherry,RETAIL,2020-07-01,0.56,Liter,53e6ae43-aa38-4c44-aa4c-76594c0fadd5
Milk,India,Punjab,WHOLESALE,2020-07-01,56.82,100 liters,6ef01407-babd-493b-9871-62e969e56acd
Milk,India,Punjab,RETAIL,2020-07-01,0.6,Liter,9ec5b53b-dbbb-4852-97d1-c987f62e244c
Milk,India,Tamil Nadu,WHOLESALE,2020-07-01,37.34,100 liters,2131ee16-25de-42d4-ae1b-505fd22b03ab
Milk,India,Tamil Nadu,RETAIL,2020-07-01,0.57,Liter,725f0105-ce4b-472c-a48f-82cdad56fd9c
Milk,India,Uttar Pradesh,WHOLESALE,2020-07-01,58.26,100 liters,26104e58-bd44-4fd7-85d7-d96210bba3bc
Milk,India,Uttar Pradesh,RETAIL,2020-07-01,0.65,Liter,9d7e7e25-1632-48ec-9826-adfd708bb6a7
Milk,Nepal,Biratnagar,RETAIL,2020-07-01,0.66,Liter,a7c5cff2-64de-44f3-bbf3-c32a29ebd48e
Milk,Nepal,Birendranagar,RETAIL,2020-07-01,0.66,Liter,effb518f-1a51-4370-9aef-5103685da210
Milk,Nepal,Dhangadhi,RETAIL,2020-07-01,0.31,Liter,e44d4485-0f36-424a-9193-83671eee9b98
Milk,Nepal,Hetauda,RETAIL,2020-07-01,0.58,Liter,778e9236-afca-4972-9539-788fdc3b7c26
Milk,Nepal,Janakpurdham,RETAIL,2020-07-01,0.75,Liter,dc444de5-0bb4-48e3-8c1f-87485f64237d
Milk,Nepal,Nepalgunj,RETAIL,2020-07-01,0.68,Liter,15c5b91e-49c6-46ba-bcc1-ef0530496752
Milk,Nepal,Pokhara,RETAIL,2020-07-01,0.79,Liter,55b840b0-d937-4916-b47d-585991af739f
Milk,Tunisia,Tunis,RETAIL,2020-07-01,0.4,Liter,ea0604c0-f78e-4fdb-9abd-6acb924220ce
Milk,Ecuador,Cuenca,WHOLESALE,2020-08-01,0.9,Liter,9ded0774-9f9c-4c3f-981e-70173ab253a1
Milk,Ecuador,Guayaquil,WHOLESALE,2020-08-01,0.73,Liter,4b83440a-8202-4f13-800e-74715be3a282
Milk,Egypt,National Average,RETAIL,2020-08-01,0.91,Liter,6b8e500a-e2a6-4d5f-8774-d100d78f68c8
Milk,India,Andhra Pradesh,RETAIL,2020-08-01,0.6,Liter,177c26f9-cc5e-4954-998c-920407b7ed2b
Milk,India,Andhra Pradesh,WHOLESALE,2020-08-01,58.21,100 liters,9bd42cc6-fc7c-4edd-86da-7d044bfa81e6
Milk,India,Bihar,RETAIL,2020-08-01,0.57,Liter,3d46fd94-bee5-4617-8bd5-cf37d3f74efc
Milk,India,Bihar,WHOLESALE,2020-08-01,54.91,100 liters,f9f75db4-1b8a-4f94-b38f-3cf626a056a6
Milk,India,Chandigarh,WHOLESALE,2020-08-01,59.35,100 liters,0e41a37c-0712-48e0-a514-562b65ef629d
Milk,India,Chandigarh,RETAIL,2020-08-01,0.64,Liter,7538bf6d-4980-4164-a626-9bbc7a2a7a6c
Milk,India,Delhi,RETAIL,2020-08-01,0.62,Liter,fd7a5f7a-34b8-4b83-ba22-80acf59a34fc
Milk,India,Goa,RETAIL,2020-08-01,0.67,Liter,1c0912ca-658d-4354-a6f1-d12f805e651a
Milk,India,Gujarat,RETAIL,2020-08-01,0.7,Liter,edff013e-a49f-429c-aedd-b12b8c183797
Milk,India,Haryana,WHOLESALE,2020-08-01,68.67,100 liters,58214e91-5e6d-4d3e-b6ea-0bbabb3fe598
Milk,India,Haryana,RETAIL,2020-08-01,0.72,Liter,ba20dd21-6119-4f95-a9d0-457f17c44d00
Milk,India,Karnataka,RETAIL,2020-08-01,0.52,Liter,34893397-2968-4ca0-a8bc-3d586eb132ba
Milk,India,Karnataka,WHOLESALE,2020-08-01,50.01,100 liters,5b91aca9-0d94-48ec-af3f-dc8f0e52d69e
Milk,India,Madhya Pradesh,WHOLESALE,2020-08-01,59.82,100 liters,94697d34-761e-403b-a1af-cbecc7288289
Milk,India,Madhya Pradesh,RETAIL,2020-08-01,0.65,Liter,a9cc3a73-2df0-48a6-b85f-ee1eeb52c730
Milk,India,Maharashtra,RETAIL,2020-08-01,0.54,Liter,3325148d-79ac-46f5-a02a-95099621e47b
Milk,India,Maharashtra,WHOLESALE,2020-08-01,49.56,100 liters,a3f1ac52-3d0d-4b05-a897-dc25fc45e47c
Milk,India,National Average,WHOLESALE,2020-08-01,59.29,100 liters,34810c05-53d8-461c-8322-c853d3aaf3c5
Milk,India,National Average,RETAIL,2020-08-01,0.63,Liter,43ac28e5-2717-4173-8d19-13b90ff5dbe6
Milk,India,Puducherry,RETAIL,2020-08-01,0.56,Liter,53e6ae43-aa38-4c44-aa4c-76594c0fadd5
Milk,India,Punjab,WHOLESALE,2020-08-01,57.09,100 liters,6ef01407-babd-493b-9871-62e969e56acd
Milk,India,Punjab,RETAIL,2020-08-01,0.6,Liter,9ec5b53b-dbbb-4852-97d1-c987f62e244c
Milk,India,Tamil Nadu,WHOLESALE,2020-08-01,37.5,100 liters,2131ee16-25de-42d4-ae1b-505fd22b03ab
Milk,India,Tamil Nadu,RETAIL,2020-08-01,0.57,Liter,725f0105-ce4b-472c-a48f-82cdad56fd9c
Milk,India,Uttar Pradesh,WHOLESALE,2020-08-01,58.67,100 liters,26104e58-bd44-4fd7-85d7-d96210bba3bc
Milk,India,Uttar Pradesh,RETAIL,2020-08-01,0.66,Liter,9d7e7e25-1632-48ec-9826-adfd708bb6a7
Milk,Nepal,Biratnagar,RETAIL,2020-08-01,0.67,Liter,a7c5cff2-64de-44f3-bbf3-c32a29ebd48e
Milk,Nepal,Birendranagar,RETAIL,2020-08-01,0.65,Liter,effb518f-1a51-4370-9aef-5103685da210
Milk,Nepal,Dhangadhi,RETAIL,2020-08-01,0.61,Liter,e44d4485-0f36-424a-9193-83671eee9b98
Milk,Nepal,Hetauda,RETAIL,2020-08-01,0.67,Liter,778e9236-afca-4972-9539-788fdc3b7c26
Milk,Nepal,Janakpurdham,RETAIL,2020-08-01,0.75,Liter,dc444de5-0bb4-48e3-8c1f-87485f64237d
Milk,Nepal,Nepalgunj,RETAIL,2020-08-01,0.71,Liter,15c5b91e-49c6-46ba-bcc1-ef0530496752
Milk,Nepal,Pokhara,RETAIL,2020-08-01,0.77,Liter,55b840b0-d937-4916-b47d-585991af739f
Milk,Tunisia,Tunis,RETAIL,2020-08-01,0.46,Liter,ea0604c0-f78e-4fdb-9abd-6acb924220ce
Milk,Ecuador,Cuenca,WHOLESALE,2020-09-01,0.9,Liter,9ded0774-9f9c-4c3f-981e-70173ab253a1
Milk,Ecuador,Guayaquil,WHOLESALE,2020-09-01,0.73,Liter,4b83440a-8202-4f13-800e-74715be3a282
Milk,Egypt,National Average,RETAIL,2020-09-01,0.92,Liter,6b8e500a-e2a6-4d5f-8774-d100d78f68c8
Milk,India,Andhra Pradesh,RETAIL,2020-09-01,0.61,Liter,177c26f9-cc5e-4954-998c-920407b7ed2b
Milk,India,Andhra Pradesh,WHOLESALE,2020-09-01,59.12,100 liters,9bd42cc6-fc7c-4edd-86da-7d044bfa81e6
Milk,India,Bihar,RETAIL,2020-09-01,0.57,Liter,3d46fd94-bee5-4617-8bd5-cf37d3f74efc
Milk,India,Bihar,WHOLESALE,2020-09-01,56.07,100 liters,f9f75db4-1b8a-4f94-b38f-3cf626a056a6
Milk,India,Chandigarh,WHOLESALE,2020-09-01,60.56,100 liters,0e41a37c-0712-48e0-a514-562b65ef629d
Milk,India,Chandigarh,RETAIL,2020-09-01,0.66,Liter,7538bf6d-4980-4164-a626-9bbc7a2a7a6c
Milk,India,Delhi,RETAIL,2020-09-01,0.63,Liter,fd7a5f7a-34b8-4b83-ba22-80acf59a34fc
Milk,India,Goa,RETAIL,2020-09-01,0.68,Liter,1c0912ca-658d-4354-a6f1-d12f805e651a
Milk,India,Gujarat,RETAIL,2020-09-01,0.71,Liter,edff013e-a49f-429c-aedd-b12b8c183797
Milk,India,Haryana,WHOLESALE,2020-09-01,69.61,100 liters,58214e91-5e6d-4d3e-b6ea-0bbabb3fe598
Milk,India,Haryana,RETAIL,2020-09-01,0.72,Liter,ba20dd21-6119-4f95-a9d0-457f17c44d00
Milk,India,Karnataka,RETAIL,2020-09-01,0.53,Liter,34893397-2968-4ca0-a8bc-3d586eb132ba
Milk,India,Karnataka,WHOLESALE,2020-09-01,50.86,100 liters,5b91aca9-0d94-48ec-af3f-dc8f0e52d69e
Milk,India,Madhya Pradesh,WHOLESALE,2020-09-01,60.88,100 liters,94697d34-761e-403b-a1af-cbecc7288289
Milk,India,Madhya Pradesh,RETAIL,2020-09-01,0.66,Liter,a9cc3a73-2df0-48a6-b85f-ee1eeb52c730
Milk,India,Maharashtra,RETAIL,2020-09-01,0.55,Liter,3325148d-79ac-46f5-a02a-95099621e47b
Milk,India,Maharashtra,WHOLESALE,2020-09-01,50.32,100 liters,a3f1ac52-3d0d-4b05-a897-dc25fc45e47c
Milk,India,National Average,WHOLESALE,2020-09-01,59.97,100 liters,34810c05-53d8-461c-8322-c853d3aaf3c5
Milk,India,National Average,RETAIL,2020-09-01,0.64,Liter,43ac28e5-2717-4173-8d19-13b90ff5dbe6
Milk,India,Puducherry,RETAIL,2020-09-01,0.57,Liter,53e6ae43-aa38-4c44-aa4c-76594c0fadd5
Milk,India,Punjab,WHOLESALE,2020-09-01,58.01,100 liters,6ef01407-babd-493b-9871-62e969e56acd
Milk,India,Punjab,RETAIL,2020-09-01,0.61,Liter,9ec5b53b-dbbb-4852-97d1-c987f62e244c
Milk,India,Tamil Nadu,WHOLESALE,2020-09-01,38.11,100 liters,2131ee16-25de-42d4-ae1b-505fd22b03ab
Milk,India,Tamil Nadu,RETAIL,2020-09-01,0.58,Liter,725f0105-ce4b-472c-a48f-82cdad56fd9c
Milk,India,Uttar Pradesh,WHOLESALE,2020-09-01,59.81,100 liters,26104e58-bd44-4fd7-85d7-d96210bba3bc
Milk,India,Uttar Pradesh,RETAIL,2020-09-01,0.68,Liter,9d7e7e25-1632-48ec-9826-adfd708bb6a7
Milk,Nepal,Biratnagar,RETAIL,2020-09-01,0.68,Liter,a7c5cff2-64de-44f3-bbf3-c32a29ebd48e
Milk,Nepal,Birendranagar,RETAIL,2020-09-01,0.68,Liter,effb518f-1a51-4370-9aef-5103685da210
Milk,Nepal,Dhangadhi,RETAIL,2020-09-01,0.62,Liter,e44d4485-0f36-424a-9193-83671eee9b98
Milk,Nepal,Hetauda,RETAIL,2020-09-01,0.67,Liter,778e9236-afca-4972-9539-788fdc3b7c26
Milk,Nepal,Janakpurdham,RETAIL,2020-09-01,0.68,Liter,dc444de5-0bb4-48e3-8c1f-87485f64237d
Milk,Nepal,Nepalgunj,RETAIL,2020-09-01,0.45,Liter,15c5b91e-49c6-46ba-bcc1-ef0530496752
Milk,Nepal,Pokhara,RETAIL,2020-09-01,0.72,Liter,55b840b0-d937-4916-b47d-585991af739f
Milk,Tunisia,Tunis,RETAIL,2020-09-01,0.45,Liter,ea0604c0-f78e-4fdb-9abd-6acb924220ce
Milk,Ecuador,Cuenca,WHOLESALE,2020-10-01,0.9,Liter,9ded0774-9f9c-4c3f-981e-70173ab253a1
Milk,Ecuador,Guayaquil,WHOLESALE,2020-10-01,0.72,Liter,4b83440a-8202-4f13-800e-74715be3a282
Milk,Egypt,National Average,RETAIL,2020-10-01,0.94,Liter,6b8e500a-e2a6-4d5f-8774-d100d78f68c8
Milk,India,Andhra Pradesh,RETAIL,2020-10-01,0.61,Liter,177c26f9-cc5e-4954-998c-920407b7ed2b
Milk,India,Andhra Pradesh,WHOLESALE,2020-10-01,59.06,100 liters,9bd42cc6-fc7c-4edd-86da-7d044bfa81e6
Milk,India,Bihar,RETAIL,2020-10-01,0.57,Liter,3d46fd94-bee5-4617-8bd5-cf37d3f74efc
Milk,India,Bihar,WHOLESALE,2020-10-01,55.97,100 liters,f9f75db4-1b8a-4f94-b38f-3cf626a056a6
Milk,India,Chandigarh,WHOLESALE,2020-10-01,60.58,100 liters,0e41a37c-0712-48e0-a514-562b65ef629d
Milk,India,Chandigarh,RETAIL,2020-10-01,0.66,Liter,7538bf6d-4980-4164-a626-9bbc7a2a7a6c
Milk,India,Delhi,RETAIL,2020-10-01,0.63,Liter,fd7a5f7a-34b8-4b83-ba22-80acf59a34fc
Milk,India,Goa,RETAIL,2020-10-01,0.68,Liter,1c0912ca-658d-4354-a6f1-d12f805e651a
Milk,India,Gujarat,RETAIL,2020-10-01,0.71,Liter,edff013e-a49f-429c-aedd-b12b8c183797
Milk,India,Haryana,WHOLESALE,2020-10-01,69.1,100 liters,58214e91-5e6d-4d3e-b6ea-0bbabb3fe598
Milk,India,Haryana,RETAIL,2020-10-01,0.72,Liter,ba20dd21-6119-4f95-a9d0-457f17c44d00
Milk,India,Karnataka,RETAIL,2020-10-01,0.53,Liter,34893397-2968-4ca0-a8bc-3d586eb132ba
Milk,India,Karnataka,WHOLESALE,2020-10-01,50.82,100 liters,5b91aca9-0d94-48ec-af3f-dc8f0e52d69e
Milk,India,Madhya Pradesh,WHOLESALE,2020-10-01,61.12,100 liters,94697d34-761e-403b-a1af-cbecc7288289
Milk,India,Madhya Pradesh,RETAIL,2020-10-01,0.66,Liter,a9cc3a73-2df0-48a6-b85f-ee1eeb52c730
Milk,India,Maharashtra,RETAIL,2020-10-01,0.55,Liter,3325148d-79ac-46f5-a02a-95099621e47b
Milk,India,Maharashtra,WHOLESALE,2020-10-01,50.16,100 liters,a3f1ac52-3d0d-4b05-a897-dc25fc45e47c
Milk,India,National Average,WHOLESALE,2020-10-01,60.02,100 liters,34810c05-53d8-461c-8322-c853d3aaf3c5
Milk,India,National Average,RETAIL,2020-10-01,0.64,Liter,43ac28e5-2717-4173-8d19-13b90ff5dbe6
Milk,India,Puducherry,RETAIL,2020-10-01,0.57,Liter,53e6ae43-aa38-4c44-aa4c-76594c0fadd5
Milk,India,Punjab,WHOLESALE,2020-10-01,58.12,100 liters,6ef01407-babd-493b-9871-62e969e56acd
Milk,India,Punjab,RETAIL,2020-10-01,0.62,Liter,9ec5b53b-dbbb-4852-97d1-c987f62e244c
Milk,India,Tamil Nadu,WHOLESALE,2020-10-01,38.12,100 liters,2131ee16-25de-42d4-ae1b-505fd22b03ab
Milk,India,Tamil Nadu,RETAIL,2020-10-01,0.58,Liter,725f0105-ce4b-472c-a48f-82cdad56fd9c
Milk,India,Uttar Pradesh,WHOLESALE,2020-10-01,59.78,100 liters,26104e58-bd44-4fd7-85d7-d96210bba3bc
Milk,India,Uttar Pradesh,RETAIL,2020-10-01,0.68,Liter,9d7e7e25-1632-48ec-9826-adfd708bb6a7
Milk,Nepal,Biratnagar,RETAIL,2020-10-01,0.68,Liter,a7c5cff2-64de-44f3-bbf3-c32a29ebd48e
Milk,Nepal,Birendranagar,RETAIL,2020-10-01,0.64,Liter,effb518f-1a51-4370-9aef-5103685da210
Milk,Nepal,Dhangadhi,RETAIL,2020-10-01,0.68,Liter,e44d4485-0f36-424a-9193-83671eee9b98
Milk,Nepal,Hetauda,RETAIL,2020-10-01,0.64,Liter,778e9236-afca-4972-9539-788fdc3b7c26
Milk,Nepal,Janakpurdham,RETAIL,2020-10-01,0.62,Liter,dc444de5-0bb4-48e3-8c1f-87485f64237d
Milk,Nepal,Nepalgunj,RETAIL,2020-10-01,0.67,Liter,15c5b91e-49c6-46ba-bcc1-ef0530496752
Milk,Nepal,Pokhara,RETAIL,2020-10-01,0.77,Liter,55b840b0-d937-4916-b47d-585991af739f
Milk,Tunisia,Tunis,RETAIL,2020-10-01,0.45,Liter,ea0604c0-f78e-4fdb-9abd-6acb924220ce
Milk,Ecuador,Cuenca,WHOLESALE,2020-11-01,1.12,Liter,9ded0774-9f9c-4c3f-981e-70173ab253a1
Milk,Ecuador,Guayaquil,WHOLESALE,2020-11-01,0.72,Liter,4b83440a-8202-4f13-800e-74715be3a282
Milk,Egypt,National Average,RETAIL,2020-11-01,0.94,Liter,6b8e500a-e2a6-4d5f-8774-d100d78f68c8
Milk,India,Andhra Pradesh,RETAIL,2020-11-01,0.61,Liter,177c26f9-cc5e-4954-998c-920407b7ed2b
Milk,India,Andhra Pradesh,WHOLESALE,2020-11-01,58.43,100 liters,9bd42cc6-fc7c-4edd-86da-7d044bfa81e6
Milk,India,Bihar,RETAIL,2020-11-01,0.57,Liter,3d46fd94-bee5-4617-8bd5-cf37d3f74efc
Milk,India,Bihar,WHOLESALE,2020-11-01,55.46,100 liters,f9f75db4-1b8a-4f94-b38f-3cf626a056a6
Milk,India,Chandigarh,WHOLESALE,2020-11-01,59.91,100 liters,0e41a37c-0712-48e0-a514-562b65ef629d
Milk,India,Chandigarh,RETAIL,2020-11-01,0.66,Liter,7538bf6d-4980-4164-a626-9bbc7a2a7a6c
Milk,India,Delhi,RETAIL,2020-11-01,0.62,Liter,fd7a5f7a-34b8-4b83-ba22-80acf59a34fc
Milk,India,Goa,RETAIL,2020-11-01,0.67,Liter,1c0912ca-658d-4354-a6f1-d12f805e651a
Milk,India,Gujarat,RETAIL,2020-11-01,0.7,Liter,edff013e-a49f-429c-aedd-b12b8c183797
Milk,India,Haryana,WHOLESALE,2020-11-01,68.26,100 liters,58214e91-5e6d-4d3e-b6ea-0bbabb3fe598
Milk,India,Haryana,RETAIL,2020-11-01,0.71,Liter,ba20dd21-6119-4f95-a9d0-457f17c44d00
Milk,India,Karnataka,RETAIL,2020-11-01,0.53,Liter,34893397-2968-4ca0-a8bc-3d586eb132ba
Milk,India,Karnataka,WHOLESALE,2020-11-01,50.32,100 liters,5b91aca9-0d94-48ec-af3f-dc8f0e52d69e
Milk,India,Madhya Pradesh,WHOLESALE,2020-11-01,61.21,100 liters,94697d34-761e-403b-a1af-cbecc7288289
Milk,India,Madhya Pradesh,RETAIL,2020-11-01,0.66,Liter,a9cc3a73-2df0-48a6-b85f-ee1eeb52c730
Milk,India,Maharashtra,RETAIL,2020-11-01,0.54,Liter,3325148d-79ac-46f5-a02a-95099621e47b
Milk,India,Maharashtra,WHOLESALE,2020-11-01,49.92,100 liters,a3f1ac52-3d0d-4b05-a897-dc25fc45e47c
Milk,India,National Average,WHOLESALE,2020-11-01,59.61,100 liters,34810c05-53d8-461c-8322-c853d3aaf3c5
Milk,India,National Average,RETAIL,2020-11-01,0.63,Liter,43ac28e5-2717-4173-8d19-13b90ff5dbe6
Milk,India,Puducherry,RETAIL,2020-11-01,0.57,Liter,53e6ae43-aa38-4c44-aa4c-76594c0fadd5
Milk,India,Punjab,WHOLESALE,2020-11-01,57.41,100 liters,6ef01407-babd-493b-9871-62e969e56acd
Milk,India,Punjab,RETAIL,2020-11-01,0.61,Liter,9ec5b53b-dbbb-4852-97d1-c987f62e244c
Milk,India,Tamil Nadu,WHOLESALE,2020-11-01,37.73,100 liters,2131ee16-25de-42d4-ae1b-505fd22b03ab
Milk,India,Tamil Nadu,RETAIL,2020-11-01,0.58,Liter,725f0105-ce4b-472c-a48f-82cdad56fd9c
Milk,India,Uttar Pradesh,WHOLESALE,2020-11-01,59.76,100 liters,26104e58-bd44-4fd7-85d7-d96210bba3bc
Milk,India,Uttar Pradesh,RETAIL,2020-11-01,0.68,Liter,9d7e7e25-1632-48ec-9826-adfd708bb6a7
Milk,Nepal,Biratnagar,RETAIL,2020-11-01,0.73,Liter,a7c5cff2-64de-44f3-bbf3-c32a29ebd48e
Milk,Nepal,Birendranagar,RETAIL,2020-11-01,0.68,Liter,effb518f-1a51-4370-9aef-5103685da210
Milk,Nepal,Dhangadhi,RETAIL,2020-11-01,0.59,Liter,e44d4485-0f36-424a-9193-83671eee9b98
Milk,Nepal,Hetauda,RETAIL,2020-11-01,0.68,Liter,778e9236-afca-4972-9539-788fdc3b7c26
Milk,Nepal,Janakpurdham,RETAIL,2020-11-01,0.65,Liter,dc444de5-0bb4-48e3-8c1f-87485f64237d
Milk,Nepal,Nepalgunj,RETAIL,2020-11-01,0.76,Liter,15c5b91e-49c6-46ba-bcc1-ef0530496752
Milk,Nepal,Pokhara,RETAIL,2020-11-01,0.84,Liter,55b840b0-d937-4916-b47d-585991af739f
Milk,Tunisia,Tunis,RETAIL,2020-11-01,0.45,Liter,ea0604c0-f78e-4fdb-9abd-6acb924220ce
Milk,Ecuador,Cuenca,WHOLESALE,2020-12-01,1.12,Liter,9ded0774-9f9c-4c3f-981e-70173ab253a1
Milk,Ecuador,Guayaquil,WHOLESALE,2020-12-01,0.72,Liter,4b83440a-8202-4f13-800e-74715be3a282
Milk,Egypt,National Average,RETAIL,2020-12-01,0.94,Liter,6b8e500a-e2a6-4d5f-8774-d100d78f68c8
Milk,India,Andhra Pradesh,RETAIL,2020-12-01,0.62,Liter,177c26f9-cc5e-4954-998c-920407b7ed2b
Milk,India,Andhra Pradesh,WHOLESALE,2020-12-01,59.23,100 liters,9bd42cc6-fc7c-4edd-86da-7d044bfa81e6
Milk,India,Bihar,RETAIL,2020-12-01,0.58,Liter,3d46fd94-bee5-4617-8bd5-cf37d3f74efc
Milk,India,Bihar,WHOLESALE,2020-12-01,55.56,100 liters,f9f75db4-1b8a-4f94-b38f-3cf626a056a6
Milk,India,Chandigarh,WHOLESALE,2020-12-01,59.73,100 liters,0e41a37c-0712-48e0-a514-562b65ef629d
Milk,India,Chandigarh,RETAIL,2020-12-01,0.65,Liter,7538bf6d-4980-4164-a626-9bbc7a2a7a6c
Milk,India,Delhi,RETAIL,2020-12-01,0.62,Liter,fd7a5f7a-34b8-4b83-ba22-80acf59a34fc
Milk,India,Goa,RETAIL,2020-12-01,0.68,Liter,1c0912ca-658d-4354-a6f1-d12f805e651a
Milk,India,Gujarat,RETAIL,2020-12-01,0.71,Liter,edff013e-a49f-429c-aedd-b12b8c183797
Milk,India,Haryana,WHOLESALE,2020-12-01,67.65,100 liters,58214e91-5e6d-4d3e-b6ea-0bbabb3fe598
Milk,India,Haryana,RETAIL,2020-12-01,0.72,Liter,ba20dd21-6119-4f95-a9d0-457f17c44d00
Milk,India,Karnataka,RETAIL,2020-12-01,0.52,Liter,34893397-2968-4ca0-a8bc-3d586eb132ba
Milk,India,Karnataka,WHOLESALE,2020-12-01,50.97,100 liters,5b91aca9-0d94-48ec-af3f-dc8f0e52d69e
Milk,India,Madhya Pradesh,WHOLESALE,2020-12-01,60.71,100 liters,94697d34-761e-403b-a1af-cbecc7288289
Milk,India,Madhya Pradesh,RETAIL,2020-12-01,0.66,Liter,a9cc3a73-2df0-48a6-b85f-ee1eeb52c730
Milk,India,Maharashtra,RETAIL,2020-12-01,0.56,Liter,3325148d-79ac-46f5-a02a-95099621e47b
Milk,India,Maharashtra,WHOLESALE,2020-12-01,51.91,100 liters,a3f1ac52-3d0d-4b05-a897-dc25fc45e47c
Milk,India,National Average,WHOLESALE,2020-12-01,60.14,100 liters,34810c05-53d8-461c-8322-c853d3aaf3c5
Milk,India,National Average,RETAIL,2020-12-01,0.64,Liter,43ac28e5-2717-4173-8d19-13b90ff5dbe6
Milk,India,Puducherry,RETAIL,2020-12-01,0.57,Liter,53e6ae43-aa38-4c44-aa4c-76594c0fadd5
Milk,India,Punjab,WHOLESALE,2020-12-01,57.41,100 liters,6ef01407-babd-493b-9871-62e969e56acd
Milk,India,Punjab,RETAIL,2020-12-01,0.6,Liter,9ec5b53b-dbbb-4852-97d1-c987f62e244c
Milk,India,Tamil Nadu,WHOLESALE,2020-12-01,38.01,100 liters,2131ee16-25de-42d4-ae1b-505fd22b03ab
Milk,India,Tamil Nadu,RETAIL,2020-12-01,0.58,Liter,725f0105-ce4b-472c-a48f-82cdad56fd9c
Milk,India,Uttar Pradesh,WHOLESALE,2020-12-01,60.04,100 liters,26104e58-bd44-4fd7-85d7-d96210bba3bc
Milk,India,Uttar Pradesh,RETAIL,2020-12-01,0.69,Liter,9d7e7e25-1632-48ec-9826-adfd708bb6a7
Milk,Nepal,Biratnagar,RETAIL,2020-12-01,0.63,Liter,a7c5cff2-64de-44f3-bbf3-c32a29ebd48e
Milk,Nepal,Birendranagar,RETAIL,2020-12-01,0.68,Liter,effb518f-1a51-4370-9aef-5103685da210
Milk,Nepal,Dhangadhi,RETAIL,2020-12-01,0.59,Liter,e44d4485-0f36-424a-9193-83671eee9b98
Milk,Nepal,Hetauda,RETAIL,2020-12-01,0.68,Liter,778e9236-afca-4972-9539-788fdc3b7c26
Milk,Nepal,Janakpurdham,RETAIL,2020-12-01,0.68,Liter,dc444de5-0bb4-48e3-8c1f-87485f64237d
Milk,Nepal,Nepalgunj,RETAIL,2020-12-01,0.76,Liter,15c5b91e-49c6-46ba-bcc1-ef0530496752
Milk,Nepal,Pokhara,RETAIL,2020-12-01,0.68,Liter,55b840b0-d937-4916-b47d-585991af739f
Milk,Tunisia,Tunis,RETAIL,2020-12-01,0.46,Liter,ea0604c0-f78e-4fdb-9abd-6acb924220ce
Milk,Ecuador,Cuenca,WHOLESALE,2021-01-01,0.9,Liter,9ded0774-9f9c-4c3f-981e-70173ab253a1
Milk,Ecuador,Guayaquil,WHOLESALE,2021-01-01,0.72,Liter,4b83440a-8202-4f13-800e-74715be3a282
Milk,Egypt,National Average,RETAIL,2021-01-01,0.94,Liter,6b8e500a-e2a6-4d5f-8774-d100d78f68c8
Milk,India,Andhra Pradesh,RETAIL,2021-01-01,0.61,Liter,177c26f9-cc5e-4954-998c-920407b7ed2b
Milk,India,Andhra Pradesh,WHOLESALE,2021-01-01,61.21,100 liters,9bd42cc6-fc7c-4edd-86da-7d044bfa81e6
Milk,India,Bihar,RETAIL,2021-01-01,0.59,Liter,3d46fd94-bee5-4617-8bd5-cf37d3f74efc
Milk,India,Bihar,WHOLESALE,2021-01-01,56.51,100 liters,f9f75db4-1b8a-4f94-b38f-3cf626a056a6
Milk,India,Chandigarh,WHOLESALE,2021-01-01,61.67,100 liters,0e41a37c-0712-48e0-a514-562b65ef629d
Milk,India,Chandigarh,RETAIL,2021-01-01,0.69,Liter,7538bf6d-4980-4164-a626-9bbc7a2a7a6c
Milk,India,Delhi,RETAIL,2021-01-01,0.63,Liter,fd7a5f7a-34b8-4b83-ba22-80acf59a34fc
Milk,India,Goa,RETAIL,2021-01-01,0.68,Liter,1c0912ca-658d-4354-a6f1-d12f805e651a
Milk,India,Gujarat,WHOLESALE,2021-01-01,63.9,100 liters,a12bbad0-0220-488f-9396-9558f9f9619c
Milk,India,Gujarat,RETAIL,2021-01-01,0.71,Liter,edff013e-a49f-429c-aedd-b12b8c183797
Milk,India,Haryana,WHOLESALE,2021-01-01,67.08,100 liters,58214e91-5e6d-4d3e-b6ea-0bbabb3fe598
Milk,India,Haryana,RETAIL,2021-01-01,0.72,Liter,ba20dd21-6119-4f95-a9d0-457f17c44d00
Milk,India,Karnataka,RETAIL,2021-01-01,0.58,Liter,34893397-2968-4ca0-a8bc-3d586eb132ba
Milk,India,Karnataka,WHOLESALE,2021-01-01,51.05,100 liters,5b91aca9-0d94-48ec-af3f-dc8f0e52d69e
Milk,India,Madhya Pradesh,WHOLESALE,2021-01-01,61.27,100 liters,94697d34-761e-403b-a1af-cbecc7288289
Milk,India,Madhya Pradesh,RETAIL,2021-01-01,0.69,Liter,a9cc3a73-2df0-48a6-b85f-ee1eeb52c730
Milk,India,Maharashtra,RETAIL,2021-01-01,0.59,Liter,3325148d-79ac-46f5-a02a-95099621e47b
Milk,India,Maharashtra,WHOLESALE,2021-01-01,53.19,100 liters,a3f1ac52-3d0d-4b05-a897-dc25fc45e47c
Milk,India,National Average,WHOLESALE,2021-01-01,60.96,100 liters,34810c05-53d8-461c-8322-c853d3aaf3c5
Milk,India,National Average,RETAIL,2021-01-01,0.65,Liter,43ac28e5-2717-4173-8d19-13b90ff5dbe6
Milk,India,Puducherry,RETAIL,2021-01-01,0.57,Liter,53e6ae43-aa38-4c44-aa4c-76594c0fadd5
Milk,India,Punjab,WHOLESALE,2021-01-01,56.94,100 liters,6ef01407-babd-493b-9871-62e969e56acd
Milk,India,Punjab,RETAIL,2021-01-01,0.64,Liter,9ec5b53b-dbbb-4852-97d1-c987f62e244c
Milk,India,Tamil Nadu,WHOLESALE,2021-01-01,38.3,100 liters,2131ee16-25de-42d4-ae1b-505fd22b03ab
Milk,India,Tamil Nadu,RETAIL,2021-01-01,0.59,Liter,725f0105-ce4b-472c-a48f-82cdad56fd9c
Milk,India,Uttar Pradesh,WHOLESALE,2021-01-01,62.27,100 liters,26104e58-bd44-4fd7-85d7-d96210bba3bc
Milk,India,Uttar Pradesh,RETAIL,2021-01-01,0.71,Liter,9d7e7e25-1632-48ec-9826-adfd708bb6a7
Milk,Nepal,Biratnagar,RETAIL,2021-01-01,0.68,Liter,a7c5cff2-64de-44f3-bbf3-c32a29ebd48e
Milk,Nepal,Birendranagar,RETAIL,2021-01-01,0.6,Liter,effb518f-1a51-4370-9aef-5103685da210
Milk,Nepal,Dhangadhi,RETAIL,2021-01-01,0.6,Liter,e44d4485-0f36-424a-9193-83671eee9b98
Milk,Nepal,Hetauda,RETAIL,2021-01-01,0.51,Liter,778e9236-afca-4972-9539-788fdc3b7c26
Milk,Nepal,Janakpurdham,RETAIL,2021-01-01,0.68,Liter,dc444de5-0bb4-48e3-8c1f-87485f64237d
Milk,Nepal,Kathmandu,RETAIL,2021-01-01,0.68,Liter,e33e7ecb-c237-41df-9d9d-e187a75d5f66
Milk,Nepal,Nepalgunj,RETAIL,2021-01-01,0.68,Liter,15c5b91e-49c6-46ba-bcc1-ef0530496752
Milk,Nepal,Pokhara,RETAIL,2021-01-01,0.85,Liter,55b840b0-d937-4916-b47d-585991af739f
Milk,Tunisia,Tunis,RETAIL,2021-01-01,0.46,Liter,ea0604c0-f78e-4fdb-9abd-6acb924220ce
Milk,Ecuador,Cuenca,WHOLESALE,2021-02-01,0.9,Liter,9ded0774-9f9c-4c3f-981e-70173ab253a1
Milk,Ecuador,Guayaquil,WHOLESALE,2021-02-01,0.72,Liter,4b83440a-8202-4f13-800e-74715be3a282
Milk,Egypt,National Average,RETAIL,2021-02-01,0.95,Liter,6b8e500a-e2a6-4d5f-8774-d100d78f68c8
Milk,India,Andhra Pradesh,RETAIL,2021-02-01,0.68,Liter,177c26f9-cc5e-4954-998c-920407b7ed2b
Milk,India,Andhra Pradesh,WHOLESALE,2021-02-01,62.67,100 liters,9bd42cc6-fc7c-4edd-86da-7d044bfa81e6
Milk,India,Bihar,RETAIL,2021-02-01,0.61,Liter,3d46fd94-bee5-4617-8bd5-cf37d3f74efc
Milk,India,Bihar,WHOLESALE,2021-02-01,58.56,100 liters,f9f75db4-1b8a-4f94-b38f-3cf626a056a6
Milk,India,Chandigarh,WHOLESALE,2021-02-01,62.59,100 liters,0e41a37c-0712-48e0-a514-562b65ef629d
Milk,India,Chandigarh,RETAIL,2021-02-01,0.71,Liter,7538bf6d-4980-4164-a626-9bbc7a2a7a6c
Milk,India,Delhi,RETAIL,2021-02-01,0.63,Liter,fd7a5f7a-34b8-4b83-ba22-80acf59a34fc
Milk,India,Goa,RETAIL,2021-02-01,0.69,Liter,1c0912ca-658d-4354-a6f1-d12f805e651a
Milk,India,Gujarat,WHOLESALE,2021-02-01,68.72,100 liters,a12bbad0-0220-488f-9396-9558f9f9619c
Milk,India,Gujarat,RETAIL,2021-02-01,0.71,Liter,edff013e-a49f-429c-aedd-b12b8c183797
Milk,India,Haryana,WHOLESALE,2021-02-01,69.06,100 liters,58214e91-5e6d-4d3e-b6ea-0bbabb3fe598
Milk,India,Haryana,RETAIL,2021-02-01,0.75,Liter,ba20dd21-6119-4f95-a9d0-457f17c44d00
Milk,India,Karnataka,RETAIL,2021-02-01,0.6,Liter,34893397-2968-4ca0-a8bc-3d586eb132ba
Milk,India,Karnataka,WHOLESALE,2021-02-01,51.31,100 liters,5b91aca9-0d94-48ec-af3f-dc8f0e52d69e
Milk,India,Madhya Pradesh,WHOLESALE,2021-02-01,60.7,100 liters,94697d34-761e-403b-a1af-cbecc7288289
Milk,India,Madhya Pradesh,RETAIL,2021-02-01,0.69,Liter,a9cc3a73-2df0-48a6-b85f-ee1eeb52c730
Milk,India,Maharashtra,RETAIL,2021-02-01,0.64,Liter,3325148d-79ac-46f5-a02a-95099621e47b
Milk,India,Maharashtra,WHOLESALE,2021-02-01,58.14,100 liters,a3f1ac52-3d0d-4b05-a897-dc25fc45e47c
Milk,India,National Average,WHOLESALE,2021-02-01,62.81,100 liters,34810c05-53d8-461c-8322-c853d3aaf3c5
Milk,India,National Average,RETAIL,2021-02-01,0.67,Liter,43ac28e5-2717-4173-8d19-13b90ff5dbe6
Milk,India,Puducherry,RETAIL,2021-02-01,0.58,Liter,53e6ae43-aa38-4c44-aa4c-76594c0fadd5
Milk,India,Punjab,WHOLESALE,2021-02-01,58.16,100 liters,6ef01407-babd-493b-9871-62e969e56acd
Milk,India,Punjab,RETAIL,2021-02-01,0.67,Liter,9ec5b53b-dbbb-4852-97d1-c987f62e244c
Milk,India,Tamil Nadu,WHOLESALE,2021-02-01,38.48,100 liters,2131ee16-25de-42d4-ae1b-505fd22b03ab
Milk,India,Tamil Nadu,RETAIL,2021-02-01,0.6,Liter,725f0105-ce4b-472c-a48f-82cdad56fd9c
Milk,India,Uttar Pradesh,WHOLESALE,2021-02-01,67.71,100 liters,26104e58-bd44-4fd7-85d7-d96210bba3bc
Milk,India,Uttar Pradesh,RETAIL,2021-02-01,0.72,Liter,9d7e7e25-1632-48ec-9826-adfd708bb6a7
Milk,Nepal,Biratnagar,RETAIL,2021-02-01,0.68,Liter,a7c5cff2-64de-44f3-bbf3-c32a29ebd48e
Milk,Nepal,Birendranagar,RETAIL,2021-02-01,0.6,Liter,effb518f-1a51-4370-9aef-5103685da210
Milk,Nepal,Dhangadhi,RETAIL,2021-02-01,0.6,Liter,e44d4485-0f36-424a-9193-83671eee9b98
Milk,Nepal,Hetauda,RETAIL,2021-02-01,0.68,Liter,778e9236-afca-4972-9539-788fdc3b7c26
Milk,Nepal,Janakpurdham,RETAIL,2021-02-01,0.68,Liter,dc444de5-0bb4-48e3-8c1f-87485f64237d
Milk,Nepal,Kathmandu,RETAIL,2021-02-01,0.68,Liter,e33e7ecb-c237-41df-9d9d-e187a75d5f66
Milk,Nepal,Nepalgunj,RETAIL,2021-02-01,0.68,Liter,15c5b91e-49c6-46ba-bcc1-ef0530496752
Milk,Nepal,Pokhara,RETAIL,2021-02-01,0.86,Liter,55b840b0-d937-4916-b47d-585991af739f
Milk,Tunisia,Tunis,RETAIL,2021-02-01,0.46,Liter,ea0604c0-f78e-4fdb-9abd-6acb924220ce
Milk,Ecuador,Cuenca,WHOLESALE,2021-03-01,0.9,Liter,9ded0774-9f9c-4c3f-981e-70173ab253a1
Milk,Ecuador,Guayaquil,WHOLESALE,2021-03-01,0.72,Liter,4b83440a-8202-4f13-800e-74715be3a282
Milk,Egypt,National Average,RETAIL,2021-03-01,0.95,Liter,6b8e500a-e2a6-4d5f-8774-d100d78f68c8
Milk,India,Andhra Pradesh,RETAIL,2021-03-01,0.66,Liter,177c26f9-cc5e-4954-998c-920407b7ed2b
Milk,India,Andhra Pradesh,WHOLESALE,2021-03-01,67.68,100 liters,9bd42cc6-fc7c-4edd-86da-7d044bfa81e6
Milk,India,Bihar,RETAIL,2021-03-01,0.62,Liter,3d46fd94-bee5-4617-8bd5-cf37d3f74efc
Milk,India,Bihar,WHOLESALE,2021-03-01,60.12,100 liters,f9f75db4-1b8a-4f94-b38f-3cf626a056a6
Milk,India,Chandigarh,WHOLESALE,2021-03-01,62.34,100 liters,0e41a37c-0712-48e0-a514-562b65ef629d
Milk,India,Chandigarh,RETAIL,2021-03-01,0.7,Liter,7538bf6d-4980-4164-a626-9bbc7a2a7a6c
Milk,India,Delhi,RETAIL,2021-03-01,0.63,Liter,fd7a5f7a-34b8-4b83-ba22-80acf59a34fc
Milk,India,Goa,RETAIL,2021-03-01,0.68,Liter,1c0912ca-658d-4354-a6f1-d12f805e651a
Milk,India,Gujarat,WHOLESALE,2021-03-01,68.69,100 liters,a12bbad0-0220-488f-9396-9558f9f9619c
Milk,India,Gujarat,RETAIL,2021-03-01,0.71,Liter,edff013e-a49f-429c-aedd-b12b8c183797
Milk,India,Haryana,WHOLESALE,2021-03-01,69.09,100 liters,58214e91-5e6d-4d3e-b6ea-0bbabb3fe598
Milk,India,Haryana,RETAIL,2021-03-01,0.74,Liter,ba20dd21-6119-4f95-a9d0-457f17c44d00
Milk,India,Karnataka,RETAIL,2021-03-01,0.58,Liter,34893397-2968-4ca0-a8bc-3d586eb132ba
Milk,India,Karnataka,WHOLESALE,2021-03-01,52.66,100 liters,5b91aca9-0d94-48ec-af3f-dc8f0e52d69e
Milk,India,Madhya Pradesh,WHOLESALE,2021-03-01,61.33,100 liters,94697d34-761e-403b-a1af-cbecc7288289
Milk,India,Madhya Pradesh,RETAIL,2021-03-01,0.69,Liter,a9cc3a73-2df0-48a6-b85f-ee1eeb52c730
Milk,India,Maharashtra,RETAIL,2021-03-01,0.64,Liter,3325148d-79ac-46f5-a02a-95099621e47b
Milk,India,Maharashtra,WHOLESALE,2021-03-01,60.52,100 liters,a3f1ac52-3d0d-4b05-a897-dc25fc45e47c
Milk,India,National Average,WHOLESALE,2021-03-01,63.16,100 liters,34810c05-53d8-461c-8322-c853d3aaf3c5
Milk,India,National Average,RETAIL,2021-03-01,0.67,Liter,43ac28e5-2717-4173-8d19-13b90ff5dbe6
Milk,India,Puducherry,RETAIL,2021-03-01,0.58,Liter,53e6ae43-aa38-4c44-aa4c-76594c0fadd5
Milk,India,Punjab,WHOLESALE,2021-03-01,58.97,100 liters,6ef01407-babd-493b-9871-62e969e56acd
Milk,India,Punjab,RETAIL,2021-03-01,0.69,Liter,9ec5b53b-dbbb-4852-97d1-c987f62e244c
Milk,India,Tamil Nadu,WHOLESALE,2021-03-01,38.47,100 liters,2131ee16-25de-42d4-ae1b-505fd22b03ab
Milk,India,Tamil Nadu,RETAIL,2021-03-01,0.6,Liter,725f0105-ce4b-472c-a48f-82cdad56fd9c
Milk,India,Uttar Pradesh,WHOLESALE,2021-03-01,67.78,100 liters,26104e58-bd44-4fd7-85d7-d96210bba3bc
Milk,India,Uttar Pradesh,RETAIL,2021-03-01,0.73,Liter,9d7e7e25-1632-48ec-9826-adfd708bb6a7
Milk,Nepal,Biratnagar,RETAIL,2021-03-01,0.69,Liter,a7c5cff2-64de-44f3-bbf3-c32a29ebd48e
Milk,Nepal,Birendranagar,RETAIL,2021-03-01,0.6,Liter,effb518f-1a51-4370-9aef-5103685da210
Milk,Nepal,Dhangadhi,RETAIL,2021-03-01,0.6,Liter,e44d4485-0f36-424a-9193-83671eee9b98
Milk,Nepal,Hetauda,RETAIL,2021-03-01,0.69,Liter,778e9236-afca-4972-9539-788fdc3b7c26
Milk,Nepal,Janakpurdham,RETAIL,2021-03-01,0.69,Liter,dc444de5-0bb4-48e3-8c1f-87485f64237d
Milk,Nepal,Kathmandu,RETAIL,2021-03-01,0.77,Liter,e33e7ecb-c237-41df-9d9d-e187a75d5f66
Milk,Nepal,Nepalgunj,RETAIL,2021-03-01,0.69,Liter,15c5b91e-49c6-46ba-bcc1-ef0530496752
Milk,Nepal,Pokhara,RETAIL,2021-03-01,0.94,Liter,55b840b0-d937-4916-b47d-585991af739f
Milk,Tunisia,Tunis,RETAIL,2021-03-01,0.45,Liter,ea0604c0-f78e-4fdb-9abd-6acb924220ce
Milk,Ecuador,Cuenca,WHOLESALE,2021-04-01,0.9,Liter,9ded0774-9f9c-4c3f-981e-70173ab253a1
Milk,Ecuador,Guayaquil,WHOLESALE,2021-04-01,0.72,Liter,4b83440a-8202-4f13-800e-74715be3a282
Milk,Egypt,National Average,RETAIL,2021-04-01,0.95,Liter,6b8e500a-e2a6-4d5f-8774-d100d78f68c8
Milk,India,Andhra Pradesh,RETAIL,2021-04-01,0.7,Liter,177c26f9-cc5e-4954-998c-920407b7ed2b
Milk,India,Andhra Pradesh,WHOLESALE,2021-04-01,68.23,100 liters,9bd42cc6-fc7c-4edd-86da-7d044bfa81e6
Milk,India,Bihar,RETAIL,2021-04-01,0.61,Liter,3d46fd94-bee5-4617-8bd5-cf37d3f74efc
Milk,India,Bihar,WHOLESALE,2021-04-01,58.38,100 liters,f9f75db4-1b8a-4f94-b38f-3cf626a056a6
Milk,India,Chandigarh,WHOLESALE,2021-04-01,60.43,100 liters,0e41a37c-0712-48e0-a514-562b65ef629d
Milk,India,Chandigarh,RETAIL,2021-04-01,0.68,Liter,7538bf6d-4980-4164-a626-9bbc7a2a7a6c
Milk,India,Delhi,RETAIL,2021-04-01,0.62,Liter,fd7a5f7a-34b8-4b83-ba22-80acf59a34fc
Milk,India,Goa,RETAIL,2021-04-01,0.65,Liter,1c0912ca-658d-4354-a6f1-d12f805e651a
Milk,India,Gujarat,WHOLESALE,2021-04-01,67.14,100 liters,a12bbad0-0220-488f-9396-9558f9f9619c
Milk,India,Gujarat,RETAIL,2021-04-01,0.7,Liter,edff013e-a49f-429c-aedd-b12b8c183797
Milk,India,Haryana,WHOLESALE,2021-04-01,66.79,100 liters,58214e91-5e6d-4d3e-b6ea-0bbabb3fe598
Milk,India,Haryana,RETAIL,2021-04-01,0.73,Liter,ba20dd21-6119-4f95-a9d0-457f17c44d00
Milk,India,Karnataka,RETAIL,2021-04-01,0.57,Liter,34893397-2968-4ca0-a8bc-3d586eb132ba
Milk,India,Karnataka,WHOLESALE,2021-04-01,51.48,100 liters,5b91aca9-0d94-48ec-af3f-dc8f0e52d69e
Milk,India,Madhya Pradesh,WHOLESALE,2021-04-01,61.98,100 liters,94697d34-761e-403b-a1af-cbecc7288289
Milk,India,Madhya Pradesh,RETAIL,2021-04-01,0.69,Liter,a9cc3a73-2df0-48a6-b85f-ee1eeb52c730
Milk,India,Maharashtra,RETAIL,2021-04-01,0.6,Liter,3325148d-79ac-46f5-a02a-95099621e47b
Milk,India,Maharashtra,WHOLESALE,2021-04-01,58.34,100 liters,a3f1ac52-3d0d-4b05-a897-dc25fc45e47c
Milk,India,National Average,WHOLESALE,2021-04-01,61.57,100 liters,34810c05-53d8-461c-8322-c853d3aaf3c5
Milk,India,National Average,RETAIL,2021-04-01,0.65,Liter,43ac28e5-2717-4173-8d19-13b90ff5dbe6
Milk,India,Puducherry,RETAIL,2021-04-01,0.56,Liter,53e6ae43-aa38-4c44-aa4c-76594c0fadd5
Milk,India,Punjab,WHOLESALE,2021-04-01,57.74,100 liters,6ef01407-babd-493b-9871-62e969e56acd
Milk,India,Punjab,RETAIL,2021-04-01,0.67,Liter,9ec5b53b-dbbb-4852-97d1-c987f62e244c
Milk,India,Tamil Nadu,WHOLESALE,2021-04-01,37.6,100 liters,2131ee16-25de-42d4-ae1b-505fd22b03ab
Milk,India,Tamil Nadu,RETAIL,2021-04-01,0.59,Liter,725f0105-ce4b-472c-a48f-82cdad56fd9c
Milk,India,Uttar Pradesh,WHOLESALE,2021-04-01,66.03,100 liters,26104e58-bd44-4fd7-85d7-d96210bba3bc
Milk,India,Uttar Pradesh,RETAIL,2021-04-01,0.71,Liter,9d7e7e25-1632-48ec-9826-adfd708bb6a7
Milk,Nepal,Biratnagar,RETAIL,2021-04-01,0.68,Liter,a7c5cff2-64de-44f3-bbf3-c32a29ebd48e
Milk,Nepal,Birendranagar,RETAIL,2021-04-01,0.6,Liter,effb518f-1a51-4370-9aef-5103685da210
Milk,Nepal,Dhangadhi,RETAIL,2021-04-01,0.6,Liter,e44d4485-0f36-424a-9193-83671eee9b98
Milk,Nepal,Hetauda,RETAIL,2021-04-01,0.68,Liter,778e9236-afca-4972-9539-788fdc3b7c26
Milk,Nepal,Janakpurdham,RETAIL,2021-04-01,0.68,Liter,dc444de5-0bb4-48e3-8c1f-87485f64237d
Milk,Nepal,Kathmandu,RETAIL,2021-04-01,0.77,Liter,e33e7ecb-c237-41df-9d9d-e187a75d5f66
Milk,Nepal,Nepalgunj,RETAIL,2021-04-01,0.68,Liter,15c5b91e-49c6-46ba-bcc1-ef0530496752
Milk,Nepal,Pokhara,RETAIL,2021-04-01,0.94,Liter,55b840b0-d937-4916-b47d-585991af739f
Milk,Tunisia,Tunis,RETAIL,2021-04-01,0.49,Liter,ea0604c0-f78e-4fdb-9abd-6acb924220ce
Milk,Ecuador,Cuenca,WHOLESALE,2021-05-01,0.9,Liter,9ded0774-9f9c-4c3f-981e-70173ab253a1
Milk,Ecuador,Guayaquil,WHOLESALE,2021-05-01,0.72,Liter,4b83440a-8202-4f13-800e-74715be3a282
Milk,Egypt,National Average,RETAIL,2021-05-01,0.95,Liter,6b8e500a-e2a6-4d5f-8774-d100d78f68c8
Milk,India,Andhra Pradesh,RETAIL,2021-05-01,0.71,Liter,177c26f9-cc5e-4954-998c-920407b7ed2b
Milk,India,Andhra Pradesh,WHOLESALE,2021-05-01,59.49,100 liters,9bd42cc6-fc7c-4edd-86da-7d044bfa81e6
Milk,India,Bihar,RETAIL,2021-05-01,0.62,Liter,3d46fd94-bee5-4617-8bd5-cf37d3f74efc
Milk,India,Bihar,WHOLESALE,2021-05-01,59.4,100 liters,f9f75db4-1b8a-4f94-b38f-3cf626a056a6
Milk,India,Chandigarh,WHOLESALE,2021-05-01,61.42,100 liters,0e41a37c-0712-48e0-a514-562b65ef629d
Milk,India,Chandigarh,RETAIL,2021-05-01,0.7,Liter,7538bf6d-4980-4164-a626-9bbc7a2a7a6c
Milk,India,Delhi,RETAIL,2021-05-01,0.63,Liter,fd7a5f7a-34b8-4b83-ba22-80acf59a34fc
Milk,India,Goa,RETAIL,2021-05-01,0.66,Liter,1c0912ca-658d-4354-a6f1-d12f805e651a
Milk,India,Gujarat,WHOLESALE,2021-05-01,68.24,100 liters,a12bbad0-0220-488f-9396-9558f9f9619c
Milk,India,Gujarat,RETAIL,2021-05-01,0.71,Liter,edff013e-a49f-429c-aedd-b12b8c183797
Milk,India,Haryana,WHOLESALE,2021-05-01,66.16,100 liters,58214e91-5e6d-4d3e-b6ea-0bbabb3fe598
Milk,India,Haryana,RETAIL,2021-05-01,0.71,Liter,ba20dd21-6119-4f95-a9d0-457f17c44d00
Milk,India,Karnataka,RETAIL,2021-05-01,0.58,Liter,34893397-2968-4ca0-a8bc-3d586eb132ba
Milk,India,Karnataka,WHOLESALE,2021-05-01,52.18,100 liters,5b91aca9-0d94-48ec-af3f-dc8f0e52d69e
Milk,India,Madhya Pradesh,WHOLESALE,2021-05-01,64.74,100 liters,94697d34-761e-403b-a1af-cbecc7288289
Milk,India,Madhya Pradesh,RETAIL,2021-05-01,0.71,Liter,a9cc3a73-2df0-48a6-b85f-ee1eeb52c730
Milk,India,Maharashtra,RETAIL,2021-05-01,0.61,Liter,3325148d-79ac-46f5-a02a-95099621e47b
Milk,India,Maharashtra,WHOLESALE,2021-05-01,58.77,100 liters,a3f1ac52-3d0d-4b05-a897-dc25fc45e47c
Milk,India,National Average,WHOLESALE,2021-05-01,62.42,100 liters,34810c05-53d8-461c-8322-c853d3aaf3c5
Milk,India,National Average,RETAIL,2021-05-01,0.66,Liter,43ac28e5-2717-4173-8d19-13b90ff5dbe6
Milk,India,Puducherry,WHOLESALE,2021-05-01,57.32,100 liters,41fe9cde-d4e0-455d-85d4-5279c520e366
Milk,India,Puducherry,RETAIL,2021-05-01,0.58,Liter,53e6ae43-aa38-4c44-aa4c-76594c0fadd5
Milk,India,Punjab,WHOLESALE,2021-05-01,57.92,100 liters,6ef01407-babd-493b-9871-62e969e56acd
Milk,India,Punjab,RETAIL,2021-05-01,0.68,Liter,9ec5b53b-dbbb-4852-97d1-c987f62e244c
Milk,India,Tamil Nadu,WHOLESALE,2021-05-01,38.22,100 liters,2131ee16-25de-42d4-ae1b-505fd22b03ab
Milk,India,Tamil Nadu,RETAIL,2021-05-01,0.59,Liter,725f0105-ce4b-472c-a48f-82cdad56fd9c
Milk,India,Uttar Pradesh,WHOLESALE,2021-05-01,66.65,100 liters,26104e58-bd44-4fd7-85d7-d96210bba3bc
Milk,India,Uttar Pradesh,RETAIL,2021-05-01,0.73,Liter,9d7e7e25-1632-48ec-9826-adfd708bb6a7
Milk,Nepal,Biratnagar,RETAIL,2021-05-01,0.67,Liter,a7c5cff2-64de-44f3-bbf3-c32a29ebd48e
Milk,Nepal,Birendranagar,RETAIL,2021-05-01,0.59,Liter,effb518f-1a51-4370-9aef-5103685da210
Milk,Nepal,Dhangadhi,RETAIL,2021-05-01,0.59,Liter,e44d4485-0f36-424a-9193-83671eee9b98
Milk,Nepal,Hetauda,RETAIL,2021-05-01,0.5,Liter,778e9236-afca-4972-9539-788fdc3b7c26
Milk,Nepal,Janakpurdham,RETAIL,2021-05-01,0.67,Liter,dc444de5-0bb4-48e3-8c1f-87485f64237d
Milk,Nepal,Kathmandu,RETAIL,2021-05-01,0.59,Liter,e33e7ecb-c237-41df-9d9d-e187a75d5f66
Milk,Nepal,Nepalgunj,RETAIL,2021-05-01,0.67,Liter,15c5b91e-49c6-46ba-bcc1-ef0530496752
Milk,Nepal,Pokhara,RETAIL,2021-05-01,0.93,Liter,55b840b0-d937-4916-b47d-585991af739f
Milk,Tunisia,Tunis,RETAIL,2021-05-01,0.49,Liter,ea0604c0-f78e-4fdb-9abd-6acb924220ce
Milk,Ecuador,Cuenca,WHOLESALE,2021-06-01,0.9,Liter,9ded0774-9f9c-4c3f-981e-70173ab253a1
Milk,Ecuador,Guayaquil,WHOLESALE,2021-06-01,0.72,Liter,4b83440a-8202-4f13-800e-74715be3a282
Milk,Egypt,National Average,RETAIL,2021-06-01,0.95,Liter,6b8e500a-e2a6-4d5f-8774-d100d78f68c8
Milk,India,Andhra Pradesh,RETAIL,2021-06-01,0.71,Liter,177c26f9-cc5e-4954-998c-920407b7ed2b
Milk,India,Andhra Pradesh,WHOLESALE,2021-06-01,64.01,100 liters,9bd42cc6-fc7c-4edd-86da-7d044bfa81e6
Milk,India,Bihar,RETAIL,2021-06-01,0.62,Liter,3d46fd94-bee5-4617-8bd5-cf37d3f74efc
Milk,India,Bihar,WHOLESALE,2021-06-01,58.91,100 liters,f9f75db4-1b8a-4f94-b38f-3cf626a056a6
Milk,India,Chandigarh,WHOLESALE,2021-06-01,61.18,100 liters,0e41a37c-0712-48e0-a514-562b65ef629d
Milk,India,Chandigarh,RETAIL,2021-06-01,0.69,Liter,7538bf6d-4980-4164-a626-9bbc7a2a7a6c
Milk,India,Delhi,RETAIL,2021-06-01,0.63,Liter,fd7a5f7a-34b8-4b83-ba22-80acf59a34fc
Milk,India,Goa,RETAIL,2021-06-01,0.65,Liter,1c0912ca-658d-4354-a6f1-d12f805e651a
Milk,India,Gujarat,WHOLESALE,2021-06-01,67.68,100 liters,a12bbad0-0220-488f-9396-9558f9f9619c
Milk,India,Gujarat,RETAIL,2021-06-01,0.71,Liter,edff013e-a49f-429c-aedd-b12b8c183797
Milk,India,Haryana,WHOLESALE,2021-06-01,64.21,100 liters,58214e91-5e6d-4d3e-b6ea-0bbabb3fe598
Milk,India,Haryana,RETAIL,2021-06-01,0.7,Liter,ba20dd21-6119-4f95-a9d0-457f17c44d00
Milk,India,Karnataka,RETAIL,2021-06-01,0.59,Liter,34893397-2968-4ca0-a8bc-3d586eb132ba
Milk,India,Karnataka,WHOLESALE,2021-06-01,52.15,100 liters,5b91aca9-0d94-48ec-af3f-dc8f0e52d69e
Milk,India,Madhya Pradesh,WHOLESALE,2021-06-01,64.87,100 liters,94697d34-761e-403b-a1af-cbecc7288289
Milk,India,Madhya Pradesh,RETAIL,2021-06-01,0.71,Liter,a9cc3a73-2df0-48a6-b85f-ee1eeb52c730
Milk,India,Maharashtra,RETAIL,2021-06-01,0.64,Liter,3325148d-79ac-46f5-a02a-95099621e47b
Milk,India,Maharashtra,WHOLESALE,2021-06-01,60.36,100 liters,a3f1ac52-3d0d-4b05-a897-dc25fc45e47c
Milk,India,National Average,WHOLESALE,2021-06-01,62.45,100 liters,34810c05-53d8-461c-8322-c853d3aaf3c5
Milk,India,National Average,RETAIL,2021-06-01,0.67,Liter,43ac28e5-2717-4173-8d19-13b90ff5dbe6
Milk,India,Puducherry,WHOLESALE,2021-06-01,57.1,100 liters,41fe9cde-d4e0-455d-85d4-5279c520e366
Milk,India,Puducherry,RETAIL,2021-06-01,0.58,Liter,53e6ae43-aa38-4c44-aa4c-76594c0fadd5
Milk,India,Punjab,WHOLESALE,2021-06-01,57.48,100 liters,6ef01407-babd-493b-9871-62e969e56acd
Milk,India,Punjab,RETAIL,2021-06-01,0.67,Liter,9ec5b53b-dbbb-4852-97d1-c987f62e244c
Milk,India,Tamil Nadu,WHOLESALE,2021-06-01,38.07,100 liters,2131ee16-25de-42d4-ae1b-505fd22b03ab
Milk,India,Tamil Nadu,RETAIL,2021-06-01,0.56,Liter,725f0105-ce4b-472c-a48f-82cdad56fd9c
Milk,India,Uttar Pradesh,WHOLESALE,2021-06-01,66.44,100 liters,26104e58-bd44-4fd7-85d7-d96210bba3bc
Milk,India,Uttar Pradesh,RETAIL,2021-06-01,0.73,Liter,9d7e7e25-1632-48ec-9826-adfd708bb6a7
Milk,Nepal,Biratnagar,RETAIL,2021-06-01,0.6,Liter,a7c5cff2-64de-44f3-bbf3-c32a29ebd48e
Milk,Nepal,Birendranagar,RETAIL,2021-06-01,0.6,Liter,effb518f-1a51-4370-9aef-5103685da210
Milk,Nepal,Dhangadhi,RETAIL,2021-06-01,0.6,Liter,e44d4485-0f36-424a-9193-83671eee9b98
Milk,Nepal,Hetauda,RETAIL,2021-06-01,0.69,Liter,778e9236-afca-4972-9539-788fdc3b7c26
Milk,Nepal,Janakpurdham,RETAIL,2021-06-01,0.69,Liter,dc444de5-0bb4-48e3-8c1f-87485f64237d
Milk,Nepal,Kathmandu,RETAIL,2021-06-01,0.69,Liter,e33e7ecb-c237-41df-9d9d-e187a75d5f66
Milk,Nepal,Nepalgunj,RETAIL,2021-06-01,0.69,Liter,15c5b91e-49c6-46ba-bcc1-ef0530496752
Milk,Nepal,Pokhara,RETAIL,2021-06-01,0.94,Liter,55b840b0-d937-4916-b47d-585991af739f
Milk,Tunisia,Tunis,RETAIL,2021-06-01,0.48,Liter,ea0604c0-f78e-4fdb-9abd-6acb924220ce
Milk,Ecuador,Cuenca,WHOLESALE,2021-07-01,0.9,Liter,9ded0774-9f9c-4c3f-981e-70173ab253a1
Milk,Ecuador,Guayaquil,WHOLESALE,2021-07-01,0.72,Liter,4b83440a-8202-4f13-800e-74715be3a282
Milk,Egypt,National Average,RETAIL,2021-07-01,0.95,Liter,6b8e500a-e2a6-4d5f-8774-d100d78f68c8
Milk,India,Andhra Pradesh,RETAIL,2021-07-01,0.71,Liter,177c26f9-cc5e-4954-998c-920407b7ed2b
Milk,India,Andhra Pradesh,WHOLESALE,2021-07-01,64.02,100 liters,9bd42cc6-fc7c-4edd-86da-7d044bfa81e6
Milk,India,Bihar,RETAIL,2021-07-01,0.61,Liter,3d46fd94-bee5-4617-8bd5-cf37d3f74efc
Milk,India,Bihar,WHOLESALE,2021-07-01,58.27,100 liters,f9f75db4-1b8a-4f94-b38f-3cf626a056a6
Milk,India,Chandigarh,WHOLESALE,2021-07-01,65.7,100 liters,0e41a37c-0712-48e0-a514-562b65ef629d
Milk,India,Chandigarh,RETAIL,2021-07-01,0.72,Liter,7538bf6d-4980-4164-a626-9bbc7a2a7a6c
Milk,India,Delhi,RETAIL,2021-07-01,0.64,Liter,fd7a5f7a-34b8-4b83-ba22-80acf59a34fc
Milk,India,Goa,RETAIL,2021-07-01,0.64,Liter,1c0912ca-658d-4354-a6f1-d12f805e651a
Milk,India,Gujarat,WHOLESALE,2021-07-01,67.93,100 liters,a12bbad0-0220-488f-9396-9558f9f9619c
Milk,India,Gujarat,RETAIL,2021-07-01,0.72,Liter,edff013e-a49f-429c-aedd-b12b8c183797
Milk,India,Haryana,WHOLESALE,2021-07-01,62.66,100 liters,58214e91-5e6d-4d3e-b6ea-0bbabb3fe598
Milk,India,Haryana,RETAIL,2021-07-01,0.69,Liter,ba20dd21-6119-4f95-a9d0-457f17c44d00
Milk,India,Karnataka,RETAIL,2021-07-01,0.57,Liter,34893397-2968-4ca0-a8bc-3d586eb132ba
Milk,India,Karnataka,WHOLESALE,2021-07-01,50.64,100 liters,5b91aca9-0d94-48ec-af3f-dc8f0e52d69e
Milk,India,Madhya Pradesh,WHOLESALE,2021-07-01,65.26,100 liters,94697d34-761e-403b-a1af-cbecc7288289
Milk,India,Madhya Pradesh,RETAIL,2021-07-01,0.71,Liter,a9cc3a73-2df0-48a6-b85f-ee1eeb52c730
Milk,India,Maharashtra,RETAIL,2021-07-01,0.63,Liter,3325148d-79ac-46f5-a02a-95099621e47b
Milk,India,Maharashtra,WHOLESALE,2021-07-01,58.54,100 liters,a3f1ac52-3d0d-4b05-a897-dc25fc45e47c
Milk,India,National Average,WHOLESALE,2021-07-01,62.06,100 liters,34810c05-53d8-461c-8322-c853d3aaf3c5
Milk,India,National Average,RETAIL,2021-07-01,0.66,Liter,43ac28e5-2717-4173-8d19-13b90ff5dbe6
Milk,India,Puducherry,WHOLESALE,2021-07-01,56.36,100 liters,41fe9cde-d4e0-455d-85d4-5279c520e366
Milk,India,Puducherry,RETAIL,2021-07-01,0.58,Liter,53e6ae43-aa38-4c44-aa4c-76594c0fadd5
Milk,India,Punjab,WHOLESALE,2021-07-01,57.03,100 liters,6ef01407-babd-493b-9871-62e969e56acd
Milk,India,Punjab,RETAIL,2021-07-01,0.66,Liter,9ec5b53b-dbbb-4852-97d1-c987f62e244c
Milk,India,Tamil Nadu,WHOLESALE,2021-07-01,37.57,100 liters,2131ee16-25de-42d4-ae1b-505fd22b03ab
Milk,India,Tamil Nadu,RETAIL,2021-07-01,0.55,Liter,725f0105-ce4b-472c-a48f-82cdad56fd9c
Milk,India,Uttar Pradesh,WHOLESALE,2021-07-01,65.82,100 liters,26104e58-bd44-4fd7-85d7-d96210bba3bc
Milk,India,Uttar Pradesh,RETAIL,2021-07-01,0.72,Liter,9d7e7e25-1632-48ec-9826-adfd708bb6a7
Milk,Nepal,Biratnagar,RETAIL,2021-07-01,0.67,Liter,a7c5cff2-64de-44f3-bbf3-c32a29ebd48e
Milk,Nepal,Birendranagar,RETAIL,2021-07-01,0.59,Liter,effb518f-1a51-4370-9aef-5103685da210
Milk,Nepal,Dhangadhi,RETAIL,2021-07-01,0.59,Liter,e44d4485-0f36-424a-9193-83671eee9b98
Milk,Nepal,Hetauda,RETAIL,2021-07-01,0.67,Liter,778e9236-afca-4972-9539-788fdc3b7c26
Milk,Nepal,Janakpurdham,RETAIL,2021-07-01,0.67,Liter,dc444de5-0bb4-48e3-8c1f-87485f64237d
Milk,Nepal,Kathmandu,RETAIL,2021-07-01,0.67,Liter,e33e7ecb-c237-41df-9d9d-e187a75d5f66
Milk,Nepal,Nepalgunj,RETAIL,2021-07-01,0.67,Liter,15c5b91e-49c6-46ba-bcc1-ef0530496752
Milk,Nepal,Pokhara,RETAIL,2021-07-01,0.84,Liter,55b840b0-d937-4916-b47d-585991af739f
Milk,Tunisia,Tunis,RETAIL,2021-07-01,0.48,Liter,ea0604c0-f78e-4fdb-9abd-6acb924220ce
Milk,Ecuador,Cuenca,WHOLESALE,2021-08-01,0.9,Liter,9ded0774-9f9c-4c3f-981e-70173ab253a1
Milk,Ecuador,Guayaquil,WHOLESALE,2021-08-01,0.72,Liter,4b83440a-8202-4f13-800e-74715be3a282
Milk,Egypt,National Average,RETAIL,2021-08-01,0.95,Liter,6b8e500a-e2a6-4d5f-8774-d100d78f68c8
Milk,India,Andhra Pradesh,RETAIL,2021-08-01,0.68,Liter,177c26f9-cc5e-4954-998c-920407b7ed2b
Milk,India,Andhra Pradesh,WHOLESALE,2021-08-01,62.45,100 liters,9bd42cc6-fc7c-4edd-86da-7d044bfa81e6
Milk,India,Bihar,RETAIL,2021-08-01,0.62,Liter,3d46fd94-bee5-4617-8bd5-cf37d3f74efc
Milk,India,Bihar,WHOLESALE,2021-08-01,58.25,100 liters,f9f75db4-1b8a-4f94-b38f-3cf626a056a6
Milk,India,Chandigarh,WHOLESALE,2021-08-01,67.85,100 liters,0e41a37c-0712-48e0-a514-562b65ef629d
Milk,India,Chandigarh,RETAIL,2021-08-01,0.73,Liter,7538bf6d-4980-4164-a626-9bbc7a2a7a6c
Milk,India,Delhi,RETAIL,2021-08-01,0.65,Liter,fd7a5f7a-34b8-4b83-ba22-80acf59a34fc
Milk,India,Goa,RETAIL,2021-08-01,0.65,Liter,1c0912ca-658d-4354-a6f1-d12f805e651a
Milk,India,Gujarat,WHOLESALE,2021-08-01,68.75,100 liters,a12bbad0-0220-488f-9396-9558f9f9619c
Milk,India,Gujarat,RETAIL,2021-08-01,0.7,Liter,edff013e-a49f-429c-aedd-b12b8c183797
Milk,India,Haryana,WHOLESALE,2021-08-01,65.86,100 liters,58214e91-5e6d-4d3e-b6ea-0bbabb3fe598
Milk,India,Haryana,RETAIL,2021-08-01,0.71,Liter,ba20dd21-6119-4f95-a9d0-457f17c44d00
Milk,India,Karnataka,RETAIL,2021-08-01,0.58,Liter,34893397-2968-4ca0-a8bc-3d586eb132ba
Milk,India,Karnataka,WHOLESALE,2021-08-01,51.61,100 liters,5b91aca9-0d94-48ec-af3f-dc8f0e52d69e
Milk,India,Madhya Pradesh,WHOLESALE,2021-08-01,65.02,100 liters,94697d34-761e-403b-a1af-cbecc7288289
Milk,India,Madhya Pradesh,RETAIL,2021-08-01,0.72,Liter,a9cc3a73-2df0-48a6-b85f-ee1eeb52c730
Milk,India,Maharashtra,RETAIL,2021-08-01,0.62,Liter,3325148d-79ac-46f5-a02a-95099621e47b
Milk,India,Maharashtra,WHOLESALE,2021-08-01,59.45,100 liters,a3f1ac52-3d0d-4b05-a897-dc25fc45e47c
Milk,India,National Average,WHOLESALE,2021-08-01,62.57,100 liters,34810c05-53d8-461c-8322-c853d3aaf3c5
Milk,India,National Average,RETAIL,2021-08-01,0.66,Liter,43ac28e5-2717-4173-8d19-13b90ff5dbe6
Milk,India,Puducherry,WHOLESALE,2021-08-01,56.62,100 liters,41fe9cde-d4e0-455d-85d4-5279c520e366
Milk,India,Puducherry,RETAIL,2021-08-01,0.58,Liter,53e6ae43-aa38-4c44-aa4c-76594c0fadd5
Milk,India,Punjab,WHOLESALE,2021-08-01,56.82,100 liters,6ef01407-babd-493b-9871-62e969e56acd
Milk,India,Punjab,RETAIL,2021-08-01,0.68,Liter,9ec5b53b-dbbb-4852-97d1-c987f62e244c
Milk,India,Tamil Nadu,WHOLESALE,2021-08-01,37.74,100 liters,2131ee16-25de-42d4-ae1b-505fd22b03ab
Milk,India,Tamil Nadu,RETAIL,2021-08-01,0.55,Liter,725f0105-ce4b-472c-a48f-82cdad56fd9c
Milk,India,Uttar Pradesh,WHOLESALE,2021-08-01,66.73,100 liters,26104e58-bd44-4fd7-85d7-d96210bba3bc
Milk,India,Uttar Pradesh,RETAIL,2021-08-01,0.73,Liter,9d7e7e25-1632-48ec-9826-adfd708bb6a7
Milk,Nepal,Biratnagar,RETAIL,2021-08-01,0.63,Liter,a7c5cff2-64de-44f3-bbf3-c32a29ebd48e
Milk,Nepal,Birendranagar,RETAIL,2021-08-01,0.59,Liter,effb518f-1a51-4370-9aef-5103685da210
Milk,Nepal,Dhangadhi,RETAIL,2021-08-01,0.59,Liter,e44d4485-0f36-424a-9193-83671eee9b98
Milk,Nepal,Hetauda,RETAIL,2021-08-01,0.59,Liter,778e9236-afca-4972-9539-788fdc3b7c26
Milk,Nepal,Janakpurdham,RETAIL,2021-08-01,0.67,Liter,dc444de5-0bb4-48e3-8c1f-87485f64237d
Milk,Nepal,Kathmandu,RETAIL,2021-08-01,0.59,Liter,e33e7ecb-c237-41df-9d9d-e187a75d5f66
Milk,Nepal,Nepalgunj,RETAIL,2021-08-01,0.67,Liter,15c5b91e-49c6-46ba-bcc1-ef0530496752
Milk,Nepal,Pokhara,RETAIL,2021-08-01,0.92,Liter,55b840b0-d937-4916-b47d-585991af739f
Milk,Tunisia,Tunis,RETAIL,2021-08-01,0.48,Liter,ea0604c0-f78e-4fdb-9abd-6acb924220ce
Milk,Ecuador,Cuenca,WHOLESALE,2021-09-01,0.9,Liter,9ded0774-9f9c-4c3f-981e-70173ab253a1
Milk,Ecuador,Guayaquil,WHOLESALE,2021-09-01,0.72,Liter,4b83440a-8202-4f13-800e-74715be3a282
Milk,Egypt,National Average,RETAIL,2021-09-01,0.95,Liter,6b8e500a-e2a6-4d5f-8774-d100d78f68c8
Milk,India,Andhra Pradesh,RETAIL,2021-09-01,0.67,Liter,177c26f9-cc5e-4954-998c-920407b7ed2b
Milk,India,Andhra Pradesh,WHOLESALE,2021-09-01,63.82,100 liters,9bd42cc6-fc7c-4edd-86da-7d044bfa81e6
Milk,India,Bihar,RETAIL,2021-09-01,0.62,Liter,3d46fd94-bee5-4617-8bd5-cf37d3f74efc
Milk,India,Bihar,WHOLESALE,2021-09-01,58.64,100 liters,f9f75db4-1b8a-4f94-b38f-3cf626a056a6
Milk,India,Chandigarh,WHOLESALE,2021-09-01,70.69,100 liters,0e41a37c-0712-48e0-a514-562b65ef629d
Milk,India,Chandigarh,RETAIL,2021-09-01,0.73,Liter,7538bf6d-4980-4164-a626-9bbc7a2a7a6c
Milk,India,Delhi,RETAIL,2021-09-01,0.65,Liter,fd7a5f7a-34b8-4b83-ba22-80acf59a34fc
Milk,India,Goa,RETAIL,2021-09-01,0.65,Liter,1c0912ca-658d-4354-a6f1-d12f805e651a
Milk,India,Gujarat,WHOLESALE,2021-09-01,68.77,100 liters,a12bbad0-0220-488f-9396-9558f9f9619c
Milk,India,Gujarat,RETAIL,2021-09-01,0.67,Liter,edff013e-a49f-429c-aedd-b12b8c183797
Milk,India,Haryana,WHOLESALE,2021-09-01,67.68,100 liters,58214e91-5e6d-4d3e-b6ea-0bbabb3fe598
Milk,India,Haryana,RETAIL,2021-09-01,0.73,Liter,ba20dd21-6119-4f95-a9d0-457f17c44d00
Milk,India,Karnataka,RETAIL,2021-09-01,0.58,Liter,34893397-2968-4ca0-a8bc-3d586eb132ba
Milk,India,Karnataka,WHOLESALE,2021-09-01,52.4,100 liters,5b91aca9-0d94-48ec-af3f-dc8f0e52d69e
Milk,India,Madhya Pradesh,WHOLESALE,2021-09-01,67.56,100 liters,94697d34-761e-403b-a1af-cbecc7288289
Milk,India,Madhya Pradesh,RETAIL,2021-09-01,0.74,Liter,a9cc3a73-2df0-48a6-b85f-ee1eeb52c730
Milk,India,Maharashtra,RETAIL,2021-09-01,0.63,Liter,3325148d-79ac-46f5-a02a-95099621e47b
Milk,India,Maharashtra,WHOLESALE,2021-09-01,60.1,100 liters,a3f1ac52-3d0d-4b05-a897-dc25fc45e47c
Milk,India,National Average,WHOLESALE,2021-09-01,63.44,100 liters,34810c05-53d8-461c-8322-c853d3aaf3c5
Milk,India,National Average,RETAIL,2021-09-01,0.67,Liter,43ac28e5-2717-4173-8d19-13b90ff5dbe6
Milk,India,Puducherry,WHOLESALE,2021-09-01,57.09,100 liters,41fe9cde-d4e0-455d-85d4-5279c520e366
Milk,India,Puducherry,RETAIL,2021-09-01,0.58,Liter,53e6ae43-aa38-4c44-aa4c-76594c0fadd5
Milk,India,Punjab,WHOLESALE,2021-09-01,56.64,100 liters,6ef01407-babd-493b-9871-62e969e56acd
Milk,India,Punjab,RETAIL,2021-09-01,0.69,Liter,9ec5b53b-dbbb-4852-97d1-c987f62e244c
Milk,India,Tamil Nadu,WHOLESALE,2021-09-01,38.06,100 liters,2131ee16-25de-42d4-ae1b-505fd22b03ab
Milk,India,Tamil Nadu,RETAIL,2021-09-01,0.56,Liter,725f0105-ce4b-472c-a48f-82cdad56fd9c
Milk,India,Uttar Pradesh,WHOLESALE,2021-09-01,67.17,100 liters,26104e58-bd44-4fd7-85d7-d96210bba3bc
Milk,India,Uttar Pradesh,RETAIL,2021-09-01,0.74,Liter,9d7e7e25-1632-48ec-9826-adfd708bb6a7
Milk,Nepal,Biratnagar,RETAIL,2021-09-01,0.64,Liter,a7c5cff2-64de-44f3-bbf3-c32a29ebd48e
Milk,Nepal,Birendranagar,RETAIL,2021-09-01,0.59,Liter,effb518f-1a51-4370-9aef-5103685da210
Milk,Nepal,Dhangadhi,RETAIL,2021-09-01,0.59,Liter,e44d4485-0f36-424a-9193-83671eee9b98
Milk,Nepal,Hetauda,RETAIL,2021-09-01,0.68,Liter,778e9236-afca-4972-9539-788fdc3b7c26
Milk,Nepal,Janakpurdham,RETAIL,2021-09-01,0.76,Liter,dc444de5-0bb4-48e3-8c1f-87485f64237d
Milk,Nepal,Kathmandu,RETAIL,2021-09-01,0.68,Liter,e33e7ecb-c237-41df-9d9d-e187a75d5f66
Milk,Nepal,Nepalgunj,RETAIL,2021-09-01,0.68,Liter,15c5b91e-49c6-46ba-bcc1-ef0530496752
Milk,Nepal,Pokhara,RETAIL,2021-09-01,0.93,Liter,55b840b0-d937-4916-b47d-585991af739f
Milk,Tunisia,Tunis,RETAIL,2021-09-01,0.48,Liter,ea0604c0-f78e-4fdb-9abd-6acb924220ce
Milk,Ecuador,Cuenca,WHOLESALE,2021-10-01,0.9,Liter,9ded0774-9f9c-4c3f-981e-70173ab253a1
Milk,Ecuador,Guayaquil,WHOLESALE,2021-10-01,0.72,Liter,4b83440a-8202-4f13-800e-74715be3a282
Milk,Egypt,National Average,RETAIL,2021-10-01,0.95,Liter,6b8e500a-e2a6-4d5f-8774-d100d78f68c8
Milk,India,Andhra Pradesh,RETAIL,2021-10-01,0.63,Liter,177c26f9-cc5e-4954-998c-920407b7ed2b
Milk,India,Andhra Pradesh,WHOLESALE,2021-10-01,59.06,100 liters,9bd42cc6-fc7c-4edd-86da-7d044bfa81e6
Milk,India,Bihar,RETAIL,2021-10-01,0.62,Liter,3d46fd94-bee5-4617-8bd5-cf37d3f74efc
Milk,India,Bihar,WHOLESALE,2021-10-01,58.55,100 liters,f9f75db4-1b8a-4f94-b38f-3cf626a056a6
Milk,India,Chandigarh,WHOLESALE,2021-10-01,69.41,100 liters,0e41a37c-0712-48e0-a514-562b65ef629d
Milk,India,Chandigarh,RETAIL,2021-10-01,0.72,Liter,7538bf6d-4980-4164-a626-9bbc7a2a7a6c
Milk,India,Delhi,RETAIL,2021-10-01,0.64,Liter,fd7a5f7a-34b8-4b83-ba22-80acf59a34fc
Milk,India,Goa,RETAIL,2021-10-01,0.64,Liter,1c0912ca-658d-4354-a6f1-d12f805e651a
Milk,India,Gujarat,WHOLESALE,2021-10-01,62.41,100 liters,a12bbad0-0220-488f-9396-9558f9f9619c
Milk,India,Gujarat,RETAIL,2021-10-01,0.66,Liter,edff013e-a49f-429c-aedd-b12b8c183797
Milk,India,Haryana,WHOLESALE,2021-10-01,65.85,100 liters,58214e91-5e6d-4d3e-b6ea-0bbabb3fe598
Milk,India,Haryana,RETAIL,2021-10-01,0.71,Liter,ba20dd21-6119-4f95-a9d0-457f17c44d00
Milk,India,Karnataka,RETAIL,2021-10-01,0.57,Liter,34893397-2968-4ca0-a8bc-3d586eb132ba
Milk,India,Karnataka,WHOLESALE,2021-10-01,51.57,100 liters,5b91aca9-0d94-48ec-af3f-dc8f0e52d69e
Milk,India,Madhya Pradesh,WHOLESALE,2021-10-01,66.65,100 liters,94697d34-761e-403b-a1af-cbecc7288289
Milk,India,Madhya Pradesh,RETAIL,2021-10-01,0.73,Liter,a9cc3a73-2df0-48a6-b85f-ee1eeb52c730
Milk,India,Maharashtra,RETAIL,2021-10-01,0.64,Liter,3325148d-79ac-46f5-a02a-95099621e47b
Milk,India,Maharashtra,WHOLESALE,2021-10-01,59.67,100 liters,a3f1ac52-3d0d-4b05-a897-dc25fc45e47c
Milk,India,National Average,WHOLESALE,2021-10-01,62.0,100 liters,34810c05-53d8-461c-8322-c853d3aaf3c5
Milk,India,National Average,RETAIL,2021-10-01,0.66,Liter,43ac28e5-2717-4173-8d19-13b90ff5dbe6
Milk,India,Puducherry,WHOLESALE,2021-10-01,57.97,100 liters,41fe9cde-d4e0-455d-85d4-5279c520e366
Milk,India,Puducherry,RETAIL,2021-10-01,0.58,Liter,53e6ae43-aa38-4c44-aa4c-76594c0fadd5
Milk,India,Punjab,WHOLESALE,2021-10-01,55.62,100 liters,6ef01407-babd-493b-9871-62e969e56acd
Milk,India,Punjab,RETAIL,2021-10-01,0.69,Liter,9ec5b53b-dbbb-4852-97d1-c987f62e244c
Milk,India,Tamil Nadu,WHOLESALE,2021-10-01,37.38,100 liters,2131ee16-25de-42d4-ae1b-505fd22b03ab
Milk,India,Tamil Nadu,RETAIL,2021-10-01,0.55,Liter,725f0105-ce4b-472c-a48f-82cdad56fd9c
Milk,India,Uttar Pradesh,WHOLESALE,2021-10-01,66.28,100 liters,26104e58-bd44-4fd7-85d7-d96210bba3bc
Milk,India,Uttar Pradesh,RETAIL,2021-10-01,0.73,Liter,9d7e7e25-1632-48ec-9826-adfd708bb6a7
Milk,Nepal,Biratnagar,RETAIL,2021-10-01,0.63,Liter,a7c5cff2-64de-44f3-bbf3-c32a29ebd48e
Milk,Nepal,Birendranagar,RETAIL,2021-10-01,0.59,Liter,effb518f-1a51-4370-9aef-5103685da210
Milk,Nepal,Dhangadhi,RETAIL,2021-10-01,0.59,Liter,e44d4485-0f36-424a-9193-83671eee9b98
Milk,Nepal,Hetauda,RETAIL,2021-10-01,0.67,Liter,778e9236-afca-4972-9539-788fdc3b7c26
Milk,Nepal,Janakpurdham,RETAIL,2021-10-01,0.76,Liter,dc444de5-0bb4-48e3-8c1f-87485f64237d
Milk,Nepal,Kathmandu,RETAIL,2021-10-01,0.71,Liter,e33e7ecb-c237-41df-9d9d-e187a75d5f66
Milk,Nepal,Nepalgunj,RETAIL,2021-10-01,0.67,Liter,15c5b91e-49c6-46ba-bcc1-ef0530496752
Milk,Nepal,Pokhara,RETAIL,2021-10-01,0.92,Liter,55b840b0-d937-4916-b47d-585991af739f
Milk,Tunisia,Tunis,RETAIL,2021-10-01,0.48,Liter,ea0604c0-f78e-4fdb-9abd-6acb924220ce
Milk,Ecuador,Cuenca,WHOLESALE,2021-11-01,0.9,Liter,9ded0774-9f9c-4c3f-981e-70173ab253a1
Milk,Ecuador,Guayaquil,WHOLESALE,2021-11-01,0.72,Liter,4b83440a-8202-4f13-800e-74715be3a282
Milk,Egypt,National Average,RETAIL,2021-11-01,0.8,Liter,6b8e500a-e2a6-4d5f-8774-d100d78f68c8
Milk,India,Andhra Pradesh,RETAIL,2021-11-01,0.64,Liter,177c26f9-cc5e-4954-998c-920407b7ed2b
Milk,India,Andhra Pradesh,WHOLESALE,2021-11-01,59.65,100 liters,9bd42cc6-fc7c-4edd-86da-7d044bfa81e6
Milk,India,Bihar,RETAIL,2021-11-01,0.64,Liter,3d46fd94-bee5-4617-8bd5-cf37d3f74efc
Milk,India,Bihar,WHOLESALE,2021-11-01,60.69,100 liters,f9f75db4-1b8a-4f94-b38f-3cf626a056a6
Milk,India,Chandigarh,WHOLESALE,2021-11-01,69.19,100 liters,0e41a37c-0712-48e0-a514-562b65ef629d
Milk,India,Chandigarh,RETAIL,2021-11-01,0.74,Liter,7538bf6d-4980-4164-a626-9bbc7a2a7a6c
Milk,India,Delhi,RETAIL,2021-11-01,0.64,Liter,fd7a5f7a-34b8-4b83-ba22-80acf59a34fc
Milk,India,Goa,RETAIL,2021-11-01,0.64,Liter,1c0912ca-658d-4354-a6f1-d12f805e651a
Milk,India,Gujarat,WHOLESALE,2021-11-01,60.54,100 liters,a12bbad0-0220-488f-9396-9558f9f9619c
Milk,India,Gujarat,RETAIL,2021-11-01,0.65,Liter,edff013e-a49f-429c-aedd-b12b8c183797
Milk,India,Haryana,WHOLESALE,2021-11-01,66.68,100 liters,58214e91-5e6d-4d3e-b6ea-0bbabb3fe598
Milk,India,Haryana,RETAIL,2021-11-01,0.72,Liter,ba20dd21-6119-4f95-a9d0-457f17c44d00
Milk,India,Karnataka,RETAIL,2021-11-01,0.57,Liter,34893397-2968-4ca0-a8bc-3d586eb132ba
Milk,India,Karnataka,WHOLESALE,2021-11-01,51.45,100 liters,5b91aca9-0d94-48ec-af3f-dc8f0e52d69e
Milk,India,Madhya Pradesh,WHOLESALE,2021-11-01,66.39,100 liters,94697d34-761e-403b-a1af-cbecc7288289
Milk,India,Madhya Pradesh,RETAIL,2021-11-01,0.73,Liter,a9cc3a73-2df0-48a6-b85f-ee1eeb52c730
Milk,India,Maharashtra,RETAIL,2021-11-01,0.64,Liter,3325148d-79ac-46f5-a02a-95099621e47b
Milk,India,Maharashtra,WHOLESALE,2021-11-01,60.53,100 liters,a3f1ac52-3d0d-4b05-a897-dc25fc45e47c
Milk,India,National Average,WHOLESALE,2021-11-01,62.93,100 liters,34810c05-53d8-461c-8322-c853d3aaf3c5
Milk,India,National Average,RETAIL,2021-11-01,0.67,Liter,43ac28e5-2717-4173-8d19-13b90ff5dbe6
Milk,India,Puducherry,WHOLESALE,2021-11-01,59.06,100 liters,41fe9cde-d4e0-455d-85d4-5279c520e366
Milk,India,Puducherry,RETAIL,2021-11-01,0.59,Liter,53e6ae43-aa38-4c44-aa4c-76594c0fadd5
Milk,India,Punjab,WHOLESALE,2021-11-01,55.93,100 liters,6ef01407-babd-493b-9871-62e969e56acd
Milk,India,Punjab,RETAIL,2021-11-01,0.69,Liter,9ec5b53b-dbbb-4852-97d1-c987f62e244c
Milk,India,Tamil Nadu,WHOLESALE,2021-11-01,37.59,100 liters,2131ee16-25de-42d4-ae1b-505fd22b03ab
Milk,India,Tamil Nadu,RETAIL,2021-11-01,0.56,Liter,725f0105-ce4b-472c-a48f-82cdad56fd9c
Milk,India,Uttar Pradesh,WHOLESALE,2021-11-01,67.76,100 liters,26104e58-bd44-4fd7-85d7-d96210bba3bc
Milk,India,Uttar Pradesh,RETAIL,2021-11-01,0.74,Liter,9d7e7e25-1632-48ec-9826-adfd708bb6a7
Milk,Nepal,Biratnagar,RETAIL,2021-11-01,0.63,Liter,a7c5cff2-64de-44f3-bbf3-c32a29ebd48e
Milk,Nepal,Birendranagar,RETAIL,2021-11-01,0.59,Liter,effb518f-1a51-4370-9aef-5103685da210
Milk,Nepal,Dhangadhi,RETAIL,2021-11-01,0.59,Liter,e44d4485-0f36-424a-9193-83671eee9b98
Milk,Nepal,Hetauda,RETAIL,2021-11-01,0.67,Liter,778e9236-afca-4972-9539-788fdc3b7c26
Milk,Nepal,Janakpurdham,RETAIL,2021-11-01,0.67,Liter,dc444de5-0bb4-48e3-8c1f-87485f64237d
Milk,Nepal,Kathmandu,RETAIL,2021-11-01,0.71,Liter,e33e7ecb-c237-41df-9d9d-e187a75d5f66
Milk,Nepal,Nepalgunj,RETAIL,2021-11-01,0.67,Liter,15c5b91e-49c6-46ba-bcc1-ef0530496752
Milk,Nepal,Pokhara,RETAIL,2021-11-01,0.84,Liter,55b840b0-d937-4916-b47d-585991af739f
Milk,Tunisia,Tunis,RETAIL,2021-11-01,0.47,Liter,ea0604c0-f78e-4fdb-9abd-6acb924220ce
Milk,Ecuador,Cuenca,WHOLESALE,2021-12-01,0.9,Liter,9ded0774-9f9c-4c3f-981e-70173ab253a1
Milk,Ecuador,Guayaquil,WHOLESALE,2021-12-01,0.72,Liter,4b83440a-8202-4f13-800e-74715be3a282
Milk,Egypt,National Average,RETAIL,2021-12-01,0.8,Liter,6b8e500a-e2a6-4d5f-8774-d100d78f68c8
Milk,India,Andhra Pradesh,RETAIL,2021-12-01,0.63,Liter,177c26f9-cc5e-4954-998c-920407b7ed2b
Milk,India,Andhra Pradesh,WHOLESALE,2021-12-01,59.04,100 liters,9bd42cc6-fc7c-4edd-86da-7d044bfa81e6
Milk,India,Bihar,RETAIL,2021-12-01,0.64,Liter,3d46fd94-bee5-4617-8bd5-cf37d3f74efc
Milk,India,Bihar,WHOLESALE,2021-12-01,61.14,100 liters,f9f75db4-1b8a-4f94-b38f-3cf626a056a6
Milk,India,Chandigarh,WHOLESALE,2021-12-01,69.01,100 liters,0e41a37c-0712-48e0-a514-562b65ef629d
Milk,India,Chandigarh,RETAIL,2021-12-01,0.73,Liter,7538bf6d-4980-4164-a626-9bbc7a2a7a6c
Milk,India,Delhi,RETAIL,2021-12-01,0.64,Liter,fd7a5f7a-34b8-4b83-ba22-80acf59a34fc
Milk,India,Goa,RETAIL,2021-12-01,0.64,Liter,1c0912ca-658d-4354-a6f1-d12f805e651a
Milk,India,Gujarat,WHOLESALE,2021-12-01,61.56,100 liters,a12bbad0-0220-488f-9396-9558f9f9619c
Milk,India,Gujarat,RETAIL,2021-12-01,0.65,Liter,edff013e-a49f-429c-aedd-b12b8c183797
Milk,India,Haryana,WHOLESALE,2021-12-01,65.58,100 liters,58214e91-5e6d-4d3e-b6ea-0bbabb3fe598
Milk,India,Haryana,RETAIL,2021-12-01,0.71,Liter,ba20dd21-6119-4f95-a9d0-457f17c44d00
Milk,India,Karnataka,RETAIL,2021-12-01,0.55,Liter,34893397-2968-4ca0-a8bc-3d586eb132ba
Milk,India,Karnataka,WHOLESALE,2021-12-01,51.35,100 liters,5b91aca9-0d94-48ec-af3f-dc8f0e52d69e
Milk,India,Madhya Pradesh,WHOLESALE,2021-12-01,65.38,100 liters,94697d34-761e-403b-a1af-cbecc7288289
Milk,India,Madhya Pradesh,RETAIL,2021-12-01,0.72,Liter,a9cc3a73-2df0-48a6-b85f-ee1eeb52c730
Milk,India,Maharashtra,RETAIL,2021-12-01,0.63,Liter,3325148d-79ac-46f5-a02a-95099621e47b
Milk,India,Maharashtra,WHOLESALE,2021-12-01,58.54,100 liters,a3f1ac52-3d0d-4b05-a897-dc25fc45e47c
Milk,India,National Average,WHOLESALE,2021-12-01,62.48,100 liters,34810c05-53d8-461c-8322-c853d3aaf3c5
Milk,India,National Average,RETAIL,2021-12-01,0.66,Liter,43ac28e5-2717-4173-8d19-13b90ff5dbe6
Milk,India,Puducherry,WHOLESALE,2021-12-01,58.25,100 liters,41fe9cde-d4e0-455d-85d4-5279c520e366
Milk,India,Puducherry,RETAIL,2021-12-01,0.58,Liter,53e6ae43-aa38-4c44-aa4c-76594c0fadd5
Milk,India,Punjab,WHOLESALE,2021-12-01,55.65,100 liters,6ef01407-babd-493b-9871-62e969e56acd
Milk,India,Punjab,RETAIL,2021-12-01,0.67,Liter,9ec5b53b-dbbb-4852-97d1-c987f62e244c
Milk,India,Tamil Nadu,WHOLESALE,2021-12-01,37.07,100 liters,2131ee16-25de-42d4-ae1b-505fd22b03ab
Milk,India,Tamil Nadu,RETAIL,2021-12-01,0.55,Liter,725f0105-ce4b-472c-a48f-82cdad56fd9c
Milk,India,Uttar Pradesh,WHOLESALE,2021-12-01,66.53,100 liters,26104e58-bd44-4fd7-85d7-d96210bba3bc
Milk,India,Uttar Pradesh,RETAIL,2021-12-01,0.73,Liter,9d7e7e25-1632-48ec-9826-adfd708bb6a7
Milk,Nepal,Biratnagar,RETAIL,2021-12-01,0.67,Liter,a7c5cff2-64de-44f3-bbf3-c32a29ebd48e
Milk,Nepal,Birendranagar,RETAIL,2021-12-01,0.58,Liter,effb518f-1a51-4370-9aef-5103685da210
Milk,Nepal,Dhangadhi,RETAIL,2021-12-01,0.58,Liter,e44d4485-0f36-424a-9193-83671eee9b98
Milk,Nepal,Hetauda,RETAIL,2021-12-01,0.67,Liter,778e9236-afca-4972-9539-788fdc3b7c26
Milk,Nepal,Janakpurdham,RETAIL,2021-12-01,0.67,Liter,dc444de5-0bb4-48e3-8c1f-87485f64237d
Milk,Nepal,Kathmandu,RETAIL,2021-12-01,0.67,Liter,e33e7ecb-c237-41df-9d9d-e187a75d5f66
Milk,Nepal,Nepalgunj,RETAIL,2021-12-01,0.67,Liter,15c5b91e-49c6-46ba-bcc1-ef0530496752
Milk,Nepal,Pokhara,RETAIL,2021-12-01,0.83,Liter,55b840b0-d937-4916-b47d-585991af739f
Milk,Tunisia,Tunis,RETAIL,2021-12-01,0.46,Liter,ea0604c0-f78e-4fdb-9abd-6acb924220ce
Milk,Ecuador,Cuenca,WHOLESALE,2022-01-01,0.9,Liter,9ded0774-9f9c-4c3f-981e-70173ab253a1
Milk,Ecuador,Guayaquil,WHOLESALE,2022-01-01,0.72,Liter,4b83440a-8202-4f13-800e-74715be3a282
Milk,Egypt,National Average,RETAIL,2022-01-01,0.8,Liter,6b8e500a-e2a6-4d5f-8774-d100d78f68c8
Milk,India,Andhra Pradesh,RETAIL,2022-01-01,0.73,Liter,177c26f9-cc5e-4954-998c-920407b7ed2b
Milk,India,Andhra Pradesh,WHOLESALE,2022-01-01,63.87,100 liters,9bd42cc6-fc7c-4edd-86da-7d044bfa81e6
Milk,India,Bihar,RETAIL,2022-01-01,0.65,Liter,3d46fd94-bee5-4617-8bd5-cf37d3f74efc
Milk,India,Bihar,WHOLESALE,2022-01-01,62.16,100 liters,f9f75db4-1b8a-4f94-b38f-3cf626a056a6
Milk,India,Chandigarh,WHOLESALE,2022-01-01,70.5,100 liters,0e41a37c-0712-48e0-a514-562b65ef629d
Milk,India,Chandigarh,RETAIL,2022-01-01,0.73,Liter,7538bf6d-4980-4164-a626-9bbc7a2a7a6c
Milk,India,Delhi,RETAIL,2022-01-01,0.64,Liter,fd7a5f7a-34b8-4b83-ba22-80acf59a34fc
Milk,India,Goa,RETAIL,2022-01-01,0.64,Liter,1c0912ca-658d-4354-a6f1-d12f805e651a
Milk,India,Gujarat,WHOLESALE,2022-01-01,61.74,100 liters,a12bbad0-0220-488f-9396-9558f9f9619c
Milk,India,Gujarat,RETAIL,2022-01-01,0.66,Liter,edff013e-a49f-429c-aedd-b12b8c183797
Milk,India,Haryana,WHOLESALE,2022-01-01,66.3,100 liters,58214e91-5e6d-4d3e-b6ea-0bbabb3fe598
Milk,India,Haryana,RETAIL,2022-01-01,0.71,Liter,ba20dd21-6119-4f95-a9d0-457f17c44d00
Milk,India,Karnataka,RETAIL,2022-01-01,0.56,Liter,34893397-2968-4ca0-a8bc-3d586eb132ba
Milk,India,Karnataka,WHOLESALE,2022-01-01,52.33,100 liters,5b91aca9-0d94-48ec-af3f-dc8f0e52d69e
Milk,India,Madhya Pradesh,WHOLESALE,2022-01-01,67.49,100 liters,94697d34-761e-403b-a1af-cbecc7288289
Milk,India,Madhya Pradesh,RETAIL,2022-01-01,0.75,Liter,a9cc3a73-2df0-48a6-b85f-ee1eeb52c730
Milk,India,Maharashtra,RETAIL,2022-01-01,0.63,Liter,3325148d-79ac-46f5-a02a-95099621e47b
Milk,India,Maharashtra,WHOLESALE,2022-01-01,58.81,100 liters,a3f1ac52-3d0d-4b05-a897-dc25fc45e47c
Milk,India,National Average,WHOLESALE,2022-01-01,63.32,100 liters,34810c05-53d8-461c-8322-c853d3aaf3c5
Milk,India,National Average,RETAIL,2022-01-01,0.67,Liter,43ac28e5-2717-4173-8d19-13b90ff5dbe6
Milk,India,Puducherry,WHOLESALE,2022-01-01,59.1,100 liters,41fe9cde-d4e0-455d-85d4-5279c520e366
Milk,India,Puducherry,RETAIL,2022-01-01,0.59,Liter,53e6ae43-aa38-4c44-aa4c-76594c0fadd5
Milk,India,Punjab,WHOLESALE,2022-01-01,55.9,100 liters,6ef01407-babd-493b-9871-62e969e56acd
Milk,India,Punjab,RETAIL,2022-01-01,0.69,Liter,9ec5b53b-dbbb-4852-97d1-c987f62e244c
Milk,India,Tamil Nadu,WHOLESALE,2022-01-01,37.61,100 liters,2131ee16-25de-42d4-ae1b-505fd22b03ab
Milk,India,Tamil Nadu,RETAIL,2022-01-01,0.56,Liter,725f0105-ce4b-472c-a48f-82cdad56fd9c
Milk,India,Uttar Pradesh,WHOLESALE,2022-01-01,67.58,100 liters,26104e58-bd44-4fd7-85d7-d96210bba3bc
Milk,India,Uttar Pradesh,RETAIL,2022-01-01,0.74,Liter,9d7e7e25-1632-48ec-9826-adfd708bb6a7
Milk,Nepal,Biratnagar,RETAIL,2022-01-01,0.67,Liter,a7c5cff2-64de-44f3-bbf3-c32a29ebd48e
Milk,Nepal,Birendranagar,RETAIL,2022-01-01,0.58,Liter,effb518f-1a51-4370-9aef-5103685da210
Milk,Nepal,Dhangadhi,RETAIL,2022-01-01,0.58,Liter,e44d4485-0f36-424a-9193-83671eee9b98
Milk,Nepal,Hetauda,RETAIL,2022-01-01,0.67,Liter,778e9236-afca-4972-9539-788fdc3b7c26
Milk,Nepal,Janakpurdham,RETAIL,2022-01-01,0.67,Liter,dc444de5-0bb4-48e3-8c1f-87485f64237d
Milk,Nepal,Kathmandu,RETAIL,2022-01-01,0.67,Liter,e33e7ecb-c237-41df-9d9d-e187a75d5f66
Milk,Nepal,Nepalgunj,RETAIL,2022-01-01,0.67,Liter,15c5b91e-49c6-46ba-bcc1-ef0530496752
Milk,Nepal,Pokhara,RETAIL,2022-01-01,0.83,Liter,55b840b0-d937-4916-b47d-585991af739f
Milk,Tunisia,Tunis,RETAIL,2022-01-01,0.47,Liter,ea0604c0-f78e-4fdb-9abd-6acb924220ce
Milk,Ecuador,Cuenca,WHOLESALE,2022-02-01,0.9,Liter,9ded0774-9f9c-4c3f-981e-70173ab253a1
Milk,Ecuador,Guayaquil,WHOLESALE,2022-02-01,0.72,Liter,4b83440a-8202-4f13-800e-74715be3a282
Milk,Egypt,National Average,RETAIL,2022-02-01,0.81,Liter,6b8e500a-e2a6-4d5f-8774-d100d78f68c8
Milk,India,Andhra Pradesh,RETAIL,2022-02-01,0.71,Liter,177c26f9-cc5e-4954-998c-920407b7ed2b
Milk,India,Andhra Pradesh,WHOLESALE,2022-02-01,65.2,100 liters,9bd42cc6-fc7c-4edd-86da-7d044bfa81e6
Milk,India,Bihar,RETAIL,2022-02-01,0.65,Liter,3d46fd94-bee5-4617-8bd5-cf37d3f74efc
Milk,India,Bihar,WHOLESALE,2022-02-01,61.74,100 liters,f9f75db4-1b8a-4f94-b38f-3cf626a056a6
Milk,India,Chandigarh,WHOLESALE,2022-02-01,69.3,100 liters,0e41a37c-0712-48e0-a514-562b65ef629d
Milk,India,Chandigarh,RETAIL,2022-02-01,0.72,Liter,7538bf6d-4980-4164-a626-9bbc7a2a7a6c
Milk,India,Delhi,RETAIL,2022-02-01,0.64,Liter,fd7a5f7a-34b8-4b83-ba22-80acf59a34fc
Milk,India,Goa,RETAIL,2022-02-01,0.64,Liter,1c0912ca-658d-4354-a6f1-d12f805e651a
Milk,India,Gujarat,WHOLESALE,2022-02-01,63.43,100 liters,a12bbad0-0220-488f-9396-9558f9f9619c
Milk,India,Gujarat,RETAIL,2022-02-01,0.68,Liter,edff013e-a49f-429c-aedd-b12b8c183797
Milk,India,Haryana,WHOLESALE,2022-02-01,65.28,100 liters,58214e91-5e6d-4d3e-b6ea-0bbabb3fe598
Milk,India,Haryana,RETAIL,2022-02-01,0.71,Liter,ba20dd21-6119-4f95-a9d0-457f17c44d00
Milk,India,Karnataka,RETAIL,2022-02-01,0.56,Liter,34893397-2968-4ca0-a8bc-3d586eb132ba
Milk,India,Karnataka,WHOLESALE,2022-02-01,51.28,100 liters,5b91aca9-0d94-48ec-af3f-dc8f0e52d69e
Milk,India,Madhya Pradesh,WHOLESALE,2022-02-01,67.22,100 liters,94697d34-761e-403b-a1af-cbecc7288289
Milk,India,Madhya Pradesh,RETAIL,2022-02-01,0.74,Liter,a9cc3a73-2df0-48a6-b85f-ee1eeb52c730
Milk,India,Maharashtra,RETAIL,2022-02-01,0.63,Liter,3325148d-79ac-46f5-a02a-95099621e47b
Milk,India,Maharashtra,WHOLESALE,2022-02-01,58.83,100 liters,a3f1ac52-3d0d-4b05-a897-dc25fc45e47c
Milk,India,National Average,WHOLESALE,2022-02-01,63.07,100 liters,34810c05-53d8-461c-8322-c853d3aaf3c5
Milk,India,National Average,RETAIL,2022-02-01,0.67,Liter,43ac28e5-2717-4173-8d19-13b90ff5dbe6
Milk,India,Puducherry,WHOLESALE,2022-02-01,58.64,100 liters,41fe9cde-d4e0-455d-85d4-5279c520e366
Milk,India,Puducherry,RETAIL,2022-02-01,0.59,Liter,53e6ae43-aa38-4c44-aa4c-76594c0fadd5
Milk,India,Punjab,WHOLESALE,2022-02-01,55.27,100 liters,6ef01407-babd-493b-9871-62e969e56acd
Milk,India,Punjab,RETAIL,2022-02-01,0.71,Liter,9ec5b53b-dbbb-4852-97d1-c987f62e244c
Milk,India,Tamil Nadu,WHOLESALE,2022-02-01,37.8,100 liters,2131ee16-25de-42d4-ae1b-505fd22b03ab
Milk,India,Tamil Nadu,RETAIL,2022-02-01,0.55,Liter,725f0105-ce4b-472c-a48f-82cdad56fd9c
Milk,India,Uttar Pradesh,WHOLESALE,2022-02-01,67.01,100 liters,26104e58-bd44-4fd7-85d7-d96210bba3bc
Milk,India,Uttar Pradesh,RETAIL,2022-02-01,0.73,Liter,9d7e7e25-1632-48ec-9826-adfd708bb6a7
Milk,Nepal,Biratnagar,RETAIL,2022-02-01,0.67,Liter,a7c5cff2-64de-44f3-bbf3-c32a29ebd48e
Milk,Nepal,Birendranagar,RETAIL,2022-02-01,0.67,Liter,effb518f-1a51-4370-9aef-5103685da210
Milk,Nepal,Dhangadhi,RETAIL,2022-02-01,0.59,Liter,e44d4485-0f36-424a-9193-83671eee9b98
Milk,Nepal,Hetauda,RETAIL,2022-02-01,0.71,Liter,778e9236-afca-4972-9539-788fdc3b7c26
Milk,Nepal,Janakpurdham,RETAIL,2022-02-01,0.75,Liter,dc444de5-0bb4-48e3-8c1f-87485f64237d
Milk,Nepal,Kathmandu,RETAIL,2022-02-01,0.75,Liter,e33e7ecb-c237-41df-9d9d-e187a75d5f66
Milk,Nepal,Nepalgunj,RETAIL,2022-02-01,0.67,Liter,15c5b91e-49c6-46ba-bcc1-ef0530496752
Milk,Nepal,Pokhara,RETAIL,2022-02-01,0.92,Liter,55b840b0-d937-4916-b47d-585991af739f
Milk,Tunisia,Tunis,RETAIL,2022-02-01,0.47,Liter,ea0604c0-f78e-4fdb-9abd-6acb924220ce
Milk,Ecuador,Cuenca,WHOLESALE,2022-03-01,0.9,Liter,9ded0774-9f9c-4c3f-981e-70173ab253a1
Milk,Ecuador,Guayaquil,WHOLESALE,2022-03-01,0.72,Liter,4b83440a-8202-4f13-800e-74715be3a282
Milk,Egypt,National Average,RETAIL,2022-03-01,0.84,Liter,6b8e500a-e2a6-4d5f-8774-d100d78f68c8
Milk,India,Andhra Pradesh,RETAIL,2022-03-01,0.71,Liter,177c26f9-cc5e-4954-998c-920407b7ed2b
Milk,India,Andhra Pradesh,WHOLESALE,2022-03-01,65.71,100 liters,9bd42cc6-fc7c-4edd-86da-7d044bfa81e6
Milk,India,Bihar,RETAIL,2022-03-01,0.64,Liter,3d46fd94-bee5-4617-8bd5-cf37d3f74efc
Milk,India,Bihar,WHOLESALE,2022-03-01,61.12,100 liters,f9f75db4-1b8a-4f94-b38f-3cf626a056a6
Milk,India,Chandigarh,WHOLESALE,2022-03-01,64.54,100 liters,0e41a37c-0712-48e0-a514-562b65ef629d
Milk,India,Chandigarh,RETAIL,2022-03-01,0.7,Liter,7538bf6d-4980-4164-a626-9bbc7a2a7a6c
Milk,India,Delhi,RETAIL,2022-03-01,0.65,Liter,fd7a5f7a-34b8-4b83-ba22-80acf59a34fc
Milk,India,Goa,RETAIL,2022-03-01,0.63,Liter,1c0912ca-658d-4354-a6f1-d12f805e651a
Milk,India,Gujarat,WHOLESALE,2022-03-01,62.11,100 liters,a12bbad0-0220-488f-9396-9558f9f9619c
Milk,India,Gujarat,RETAIL,2022-03-01,0.68,Liter,edff013e-a49f-429c-aedd-b12b8c183797
Milk,India,Haryana,WHOLESALE,2022-03-01,65.57,100 liters,58214e91-5e6d-4d3e-b6ea-0bbabb3fe598
Milk,India,Haryana,RETAIL,2022-03-01,0.71,Liter,ba20dd21-6119-4f95-a9d0-457f17c44d00
Milk,India,Karnataka,RETAIL,2022-03-01,0.55,Liter,34893397-2968-4ca0-a8bc-3d586eb132ba
Milk,India,Karnataka,WHOLESALE,2022-03-01,50.56,100 liters,5b91aca9-0d94-48ec-af3f-dc8f0e52d69e
Milk,India,Madhya Pradesh,WHOLESALE,2022-03-01,65.85,100 liters,94697d34-761e-403b-a1af-cbecc7288289
Milk,India,Madhya Pradesh,RETAIL,2022-03-01,0.72,Liter,a9cc3a73-2df0-48a6-b85f-ee1eeb52c730
Milk,India,Maharashtra,RETAIL,2022-03-01,0.64,Liter,3325148d-79ac-46f5-a02a-95099621e47b
Milk,India,Maharashtra,WHOLESALE,2022-03-01,57.08,100 liters,a3f1ac52-3d0d-4b05-a897-dc25fc45e47c
Milk,India,National Average,WHOLESALE,2022-03-01,62.31,100 liters,34810c05-53d8-461c-8322-c853d3aaf3c5
Milk,India,National Average,RETAIL,2022-03-01,0.66,Liter,43ac28e5-2717-4173-8d19-13b90ff5dbe6
Milk,India,Puducherry,WHOLESALE,2022-03-01,57.71,100 liters,41fe9cde-d4e0-455d-85d4-5279c520e366
Milk,India,Puducherry,RETAIL,2022-03-01,0.58,Liter,53e6ae43-aa38-4c44-aa4c-76594c0fadd5
Milk,India,Punjab,WHOLESALE,2022-03-01,54.25,100 liters,6ef01407-babd-493b-9871-62e969e56acd
Milk,India,Punjab,RETAIL,2022-03-01,0.71,Liter,9ec5b53b-dbbb-4852-97d1-c987f62e244c
Milk,India,Tamil Nadu,WHOLESALE,2022-03-01,39.35,100 liters,2131ee16-25de-42d4-ae1b-505fd22b03ab
Milk,India,Tamil Nadu,RETAIL,2022-03-01,0.54,Liter,725f0105-ce4b-472c-a48f-82cdad56fd9c
Milk,India,Uttar Pradesh,WHOLESALE,2022-03-01,66.91,100 liters,26104e58-bd44-4fd7-85d7-d96210bba3bc
Milk,India,Uttar Pradesh,RETAIL,2022-03-01,0.73,Liter,9d7e7e25-1632-48ec-9826-adfd708bb6a7
Milk,Nepal,Biratnagar,RETAIL,2022-03-01,0.7,Liter,a7c5cff2-64de-44f3-bbf3-c32a29ebd48e
Milk,Nepal,Birendranagar,RETAIL,2022-03-01,0.7,Liter,effb518f-1a51-4370-9aef-5103685da210
Milk,Nepal,Dhangadhi,RETAIL,2022-03-01,0.58,Liter,e44d4485-0f36-424a-9193-83671eee9b98
Milk,Nepal,Hetauda,RETAIL,2022-03-01,0.66,Liter,778e9236-afca-4972-9539-788fdc3b7c26
Milk,Nepal,Janakpurdham,RETAIL,2022-03-01,0.74,Liter,dc444de5-0bb4-48e3-8c1f-87485f64237d
Milk,Nepal,Kathmandu,RETAIL,2022-03-01,0.7,Liter,e33e7ecb-c237-41df-9d9d-e187a75d5f66
Milk,Nepal,Nepalgunj,RETAIL,2022-03-01,0.66,Liter,15c5b91e-49c6-46ba-bcc1-ef0530496752
Milk,Nepal,Pokhara,RETAIL,2022-03-01,0.91,Liter,55b840b0-d937-4916-b47d-585991af739f
Milk,Tunisia,Tunis,RETAIL,2022-03-01,0.47,Liter,ea0604c0-f78e-4fdb-9abd-6acb924220ce
Milk,Ecuador,Cuenca,WHOLESALE,2022-04-01,0.9,Liter,9ded0774-9f9c-4c3f-981e-70173ab253a1
Milk,Ecuador,Guayaquil,WHOLESALE,2022-04-01,0.72,Liter,4b83440a-8202-4f13-800e-74715be3a282
Milk,Egypt,National Average,RETAIL,2022-04-01,0.8,Liter,6b8e500a-e2a6-4d5f-8774-d100d78f68c8
Milk,India,Andhra Pradesh,RETAIL,2022-04-01,0.72,Liter,177c26f9-cc5e-4954-998c-920407b7ed2b
Milk,India,Andhra Pradesh,WHOLESALE,2022-04-01,67.03,100 liters,9bd42cc6-fc7c-4edd-86da-7d044bfa81e6
Milk,India,Bihar,RETAIL,2022-04-01,0.65,Liter,3d46fd94-bee5-4617-8bd5-cf37d3f74efc
Milk,India,Bihar,WHOLESALE,2022-04-01,61.69,100 liters,f9f75db4-1b8a-4f94-b38f-3cf626a056a6
Milk,India,Chandigarh,WHOLESALE,2022-04-01,64.29,100 liters,0e41a37c-0712-48e0-a514-562b65ef629d
Milk,India,Chandigarh,RETAIL,2022-04-01,0.71,Liter,7538bf6d-4980-4164-a626-9bbc7a2a7a6c
Milk,India,Delhi,RETAIL,2022-04-01,0.66,Liter,fd7a5f7a-34b8-4b83-ba22-80acf59a34fc
Milk,India,Goa,RETAIL,2022-04-01,0.63,Liter,1c0912ca-658d-4354-a6f1-d12f805e651a
Milk,India,Gujarat,WHOLESALE,2022-04-01,65.87,100 liters,a12bbad0-0220-488f-9396-9558f9f9619c
Milk,India,Gujarat,RETAIL,2022-04-01,0.68,Liter,edff013e-a49f-429c-aedd-b12b8c183797
Milk,India,Haryana,WHOLESALE,2022-04-01,68.27,100 liters,58214e91-5e6d-4d3e-b6ea-0bbabb3fe598
Milk,India,Haryana,RETAIL,2022-04-01,0.73,Liter,ba20dd21-6119-4f95-a9d0-457f17c44d00
Milk,India,Karnataka,RETAIL,2022-04-01,0.55,Liter,34893397-2968-4ca0-a8bc-3d586eb132ba
Milk,India,Karnataka,WHOLESALE,2022-04-01,50.63,100 liters,5b91aca9-0d94-48ec-af3f-dc8f0e52d69e
Milk,India,Madhya Pradesh,WHOLESALE,2022-04-01,66.64,100 liters,94697d34-761e-403b-a1af-cbecc7288289
Milk,India,Madhya Pradesh,RETAIL,2022-04-01,0.73,Liter,a9cc3a73-2df0-48a6-b85f-ee1eeb52c730
Milk,India,Maharashtra,RETAIL,2022-04-01,0.66,Liter,3325148d-79ac-46f5-a02a-95099621e47b
Milk,India,Maharashtra,WHOLESALE,2022-04-01,59.5,100 liters,a3f1ac52-3d0d-4b05-a897-dc25fc45e47c
Milk,India,National Average,WHOLESALE,2022-04-01,63.15,100 liters,34810c05-53d8-461c-8322-c853d3aaf3c5
Milk,India,National Average,RETAIL,2022-04-01,0.67,Liter,43ac28e5-2717-4173-8d19-13b90ff5dbe6
Milk,India,Puducherry,WHOLESALE,2022-04-01,57.77,100 liters,41fe9cde-d4e0-455d-85d4-5279c520e366
Milk,India,Puducherry,RETAIL,2022-04-01,0.58,Liter,53e6ae43-aa38-4c44-aa4c-76594c0fadd5
Milk,India,Punjab,WHOLESALE,2022-04-01,54.41,100 liters,6ef01407-babd-493b-9871-62e969e56acd
Milk,India,Punjab,RETAIL,2022-04-01,0.71,Liter,9ec5b53b-dbbb-4852-97d1-c987f62e244c
Milk,India,Tamil Nadu,WHOLESALE,2022-04-01,39.39,100 liters,2131ee16-25de-42d4-ae1b-505fd22b03ab
Milk,India,Tamil Nadu,RETAIL,2022-04-01,0.54,Liter,725f0105-ce4b-472c-a48f-82cdad56fd9c
Milk,India,Uttar Pradesh,WHOLESALE,2022-04-01,67.54,100 liters,26104e58-bd44-4fd7-85d7-d96210bba3bc
Milk,India,Uttar Pradesh,RETAIL,2022-04-01,0.74,Liter,9d7e7e25-1632-48ec-9826-adfd708bb6a7
Milk,Nepal,Biratnagar,RETAIL,2022-04-01,0.7,Liter,a7c5cff2-64de-44f3-bbf3-c32a29ebd48e
Milk,Nepal,Birendranagar,RETAIL,2022-04-01,0.66,Liter,effb518f-1a51-4370-9aef-5103685da210
Milk,Nepal,Dhangadhi,RETAIL,2022-04-01,0.58,Liter,e44d4485-0f36-424a-9193-83671eee9b98
Milk,Nepal,Hetauda,RETAIL,2022-04-01,0.66,Liter,778e9236-afca-4972-9539-788fdc3b7c26
Milk,Nepal,Janakpurdham,RETAIL,2022-04-01,0.74,Liter,dc444de5-0bb4-48e3-8c1f-87485f64237d
Milk,Nepal,Kathmandu,RETAIL,2022-04-01,0.66,Liter,e33e7ecb-c237-41df-9d9d-e187a75d5f66
Milk,Nepal,Nepalgunj,RETAIL,2022-04-01,0.66,Liter,15c5b91e-49c6-46ba-bcc1-ef0530496752
Milk,Nepal,Pokhara,RETAIL,2022-04-01,1.07,Liter,55b840b0-d937-4916-b47d-585991af739f
Milk,Tunisia,Tunis,RETAIL,2022-04-01,0.45,Liter,ea0604c0-f78e-4fdb-9abd-6acb924220ce
Milk,Ecuador,Cuenca,WHOLESALE,2022-05-01,0.9,Liter,9ded0774-9f9c-4c3f-981e-70173ab253a1
Milk,Ecuador,Guayaquil,WHOLESALE,2022-05-01,0.78,Liter,4b83440a-8202-4f13-800e-74715be3a282
Milk,Egypt,National Average,RETAIL,2022-05-01,0.74,Liter,6b8e500a-e2a6-4d5f-8774-d100d78f68c8
Milk,India,Andhra Pradesh,RETAIL,2022-05-01,0.71,Liter,177c26f9-cc5e-4954-998c-920407b7ed2b
Milk,India,Andhra Pradesh,WHOLESALE,2022-05-01,66.15,100 liters,9bd42cc6-fc7c-4edd-86da-7d044bfa81e6
Milk,India,Bihar,RETAIL,2022-05-01,0.64,Liter,3d46fd94-bee5-4617-8bd5-cf37d3f74efc
Milk,India,Bihar,WHOLESALE,2022-05-01,61.0,100 liters,f9f75db4-1b8a-4f94-b38f-3cf626a056a6
Milk,India,Chandigarh,WHOLESALE,2022-05-01,63.37,100 liters,0e41a37c-0712-48e0-a514-562b65ef629d
Milk,India,Chandigarh,RETAIL,2022-05-01,0.71,Liter,7538bf6d-4980-4164-a626-9bbc7a2a7a6c
Milk,India,Delhi,RETAIL,2022-05-01,0.65,Liter,fd7a5f7a-34b8-4b83-ba22-80acf59a34fc
Milk,India,Goa,RETAIL,2022-05-01,0.66,Liter,1c0912ca-658d-4354-a6f1-d12f805e651a
Milk,India,Gujarat,WHOLESALE,2022-05-01,65.75,100 liters,a12bbad0-0220-488f-9396-9558f9f9619c
Milk,India,Gujarat,RETAIL,2022-05-01,0.68,Liter,edff013e-a49f-429c-aedd-b12b8c183797
Milk,India,Haryana,WHOLESALE,2022-05-01,67.78,100 liters,58214e91-5e6d-4d3e-b6ea-0bbabb3fe598
Milk,India,Haryana,RETAIL,2022-05-01,0.72,Liter,ba20dd21-6119-4f95-a9d0-457f17c44d00
Milk,India,Karnataka,RETAIL,2022-05-01,0.54,Liter,34893397-2968-4ca0-a8bc-3d586eb132ba
Milk,India,Karnataka,WHOLESALE,2022-05-01,49.83,100 liters,5b91aca9-0d94-48ec-af3f-dc8f0e52d69e
Milk,India,Madhya Pradesh,WHOLESALE,2022-05-01,66.44,100 liters,94697d34-761e-403b-a1af-cbecc7288289
Milk,India,Madhya Pradesh,RETAIL,2022-05-01,0.73,Liter,a9cc3a73-2df0-48a6-b85f-ee1eeb52c730
Milk,India,Maharashtra,RETAIL,2022-05-01,0.65,Liter,3325148d-79ac-46f5-a02a-95099621e47b
Milk,India,Maharashtra,WHOLESALE,2022-05-01,58.61,100 liters,a3f1ac52-3d0d-4b05-a897-dc25fc45e47c
Milk,India,National Average,WHOLESALE,2022-05-01,62.7,100 liters,34810c05-53d8-461c-8322-c853d3aaf3c5
Milk,India,National Average,RETAIL,2022-05-01,0.67,Liter,43ac28e5-2717-4173-8d19-13b90ff5dbe6
Milk,India,Puducherry,WHOLESALE,2022-05-01,56.91,100 liters,41fe9cde-d4e0-455d-85d4-5279c520e366
Milk,India,Puducherry,RETAIL,2022-05-01,0.57,Liter,53e6ae43-aa38-4c44-aa4c-76594c0fadd5
Milk,India,Punjab,WHOLESALE,2022-05-01,53.76,100 liters,6ef01407-babd-493b-9871-62e969e56acd
Milk,India,Punjab,RETAIL,2022-05-01,0.7,Liter,9ec5b53b-dbbb-4852-97d1-c987f62e244c
Milk,India,Tamil Nadu,WHOLESALE,2022-05-01,38.8,100 liters,2131ee16-25de-42d4-ae1b-505fd22b03ab
Milk,India,Tamil Nadu,RETAIL,2022-05-01,0.54,Liter,725f0105-ce4b-472c-a48f-82cdad56fd9c
Milk,India,Uttar Pradesh,WHOLESALE,2022-05-01,66.89,100 liters,26104e58-bd44-4fd7-85d7-d96210bba3bc
Milk,India,Uttar Pradesh,RETAIL,2022-05-01,0.73,Liter,9d7e7e25-1632-48ec-9826-adfd708bb6a7
Milk,Nepal,Biratnagar,RETAIL,2022-05-01,0.68,Liter,a7c5cff2-64de-44f3-bbf3-c32a29ebd48e
Milk,Nepal,Birendranagar,RETAIL,2022-05-01,0.65,Liter,effb518f-1a51-4370-9aef-5103685da210
Milk,Nepal,Dhangadhi,RETAIL,2022-05-01,0.65,Liter,e44d4485-0f36-424a-9193-83671eee9b98
Milk,Nepal,Hetauda,RETAIL,2022-05-01,0.65,Liter,778e9236-afca-4972-9539-788fdc3b7c26
Milk,Nepal,Janakpurdham,RETAIL,2022-05-01,0.73,Liter,dc444de5-0bb4-48e3-8c1f-87485f64237d
Milk,Nepal,Kathmandu,RETAIL,2022-05-01,0.69,Liter,e33e7ecb-c237-41df-9d9d-e187a75d5f66
Milk,Nepal,Nepalgunj,RETAIL,2022-05-01,0.65,Liter,15c5b91e-49c6-46ba-bcc1-ef0530496752
Milk,Nepal,Pokhara,RETAIL,2022-05-01,0.95,Liter,55b840b0-d937-4916-b47d-585991af739f
Milk,Tunisia,Tunis,RETAIL,2022-05-01,0.43,Liter,ea0604c0-f78e-4fdb-9abd-6acb924220ce
Milk,Ecuador,Cuenca,WHOLESALE,2022-06-01,0.9,Liter,9ded0774-9f9c-4c3f-981e-70173ab253a1
Milk,Ecuador,Guayaquil,WHOLESALE,2022-06-01,0.85,Liter,4b83440a-8202-4f13-800e-74715be3a282
Milk,Egypt,National Average,RETAIL,2022-06-01,0.73,Liter,6b8e500a-e2a6-4d5f-8774-d100d78f68c8
Milk,India,Andhra Pradesh,RETAIL,2022-06-01,0.71,Liter,177c26f9-cc5e-4954-998c-920407b7ed2b
Milk,India,Andhra Pradesh,WHOLESALE,2022-06-01,67.23,100 liters,9bd42cc6-fc7c-4edd-86da-7d044bfa81e6
Milk,India,Bihar,RETAIL,2022-06-01,0.63,Liter,3d46fd94-bee5-4617-8bd5-cf37d3f74efc
Milk,India,Bihar,WHOLESALE,2022-06-01,60.34,100 liters,f9f75db4-1b8a-4f94-b38f-3cf626a056a6
Milk,India,Chandigarh,WHOLESALE,2022-06-01,62.76,100 liters,0e41a37c-0712-48e0-a514-562b65ef629d
Milk,India,Chandigarh,RETAIL,2022-06-01,0.7,Liter,7538bf6d-4980-4164-a626-9bbc7a2a7a6c
Milk,India,Delhi,RETAIL,2022-06-01,0.64,Liter,fd7a5f7a-34b8-4b83-ba22-80acf59a34fc
Milk,India,Goa,RETAIL,2022-06-01,0.67,Liter,1c0912ca-658d-4354-a6f1-d12f805e651a
Milk,India,Gujarat,WHOLESALE,2022-06-01,64.66,100 liters,a12bbad0-0220-488f-9396-9558f9f9619c
Milk,India,Gujarat,RETAIL,2022-06-01,0.67,Liter,edff013e-a49f-429c-aedd-b12b8c183797
Milk,India,Haryana,WHOLESALE,2022-06-01,67.77,100 liters,58214e91-5e6d-4d3e-b6ea-0bbabb3fe598
Milk,India,Haryana,RETAIL,2022-06-01,0.72,Liter,ba20dd21-6119-4f95-a9d0-457f17c44d00
Milk,India,Karnataka,RETAIL,2022-06-01,0.54,Liter,34893397-2968-4ca0-a8bc-3d586eb132ba
Milk,India,Karnataka,WHOLESALE,2022-06-01,49.6,100 liters,5b91aca9-0d94-48ec-af3f-dc8f0e52d69e
Milk,India,Madhya Pradesh,WHOLESALE,2022-06-01,66.91,100 liters,94697d34-761e-403b-a1af-cbecc7288289
Milk,India,Madhya Pradesh,RETAIL,2022-06-01,0.73,Liter,a9cc3a73-2df0-48a6-b85f-ee1eeb52c730
Milk,India,Maharashtra,RETAIL,2022-06-01,0.65,Liter,3325148d-79ac-46f5-a02a-95099621e47b
Milk,India,Maharashtra,WHOLESALE,2022-06-01,58.78,100 liters,a3f1ac52-3d0d-4b05-a897-dc25fc45e47c
Milk,India,National Average,WHOLESALE,2022-06-01,62.59,100 liters,34810c05-53d8-461c-8322-c853d3aaf3c5
Milk,India,National Average,RETAIL,2022-06-01,0.66,Liter,43ac28e5-2717-4173-8d19-13b90ff5dbe6
Milk,India,Puducherry,WHOLESALE,2022-06-01,56.36,100 liters,41fe9cde-d4e0-455d-85d4-5279c520e366
Milk,India,Puducherry,RETAIL,2022-06-01,0.56,Liter,53e6ae43-aa38-4c44-aa4c-76594c0fadd5
Milk,India,Punjab,WHOLESALE,2022-06-01,54.27,100 liters,6ef01407-babd-493b-9871-62e969e56acd
Milk,India,Punjab,RETAIL,2022-06-01,0.69,Liter,9ec5b53b-dbbb-4852-97d1-c987f62e244c
Milk,India,Tamil Nadu,WHOLESALE,2022-06-01,38.42,100 liters,2131ee16-25de-42d4-ae1b-505fd22b03ab
Milk,India,Tamil Nadu,RETAIL,2022-06-01,0.53,Liter,725f0105-ce4b-472c-a48f-82cdad56fd9c
Milk,India,Uttar Pradesh,WHOLESALE,2022-06-01,66.57,100 liters,26104e58-bd44-4fd7-85d7-d96210bba3bc
Milk,India,Uttar Pradesh,RETAIL,2022-06-01,0.72,Liter,9d7e7e25-1632-48ec-9826-adfd708bb6a7
Milk,Nepal,Biratnagar,RETAIL,2022-06-01,0.68,Liter,a7c5cff2-64de-44f3-bbf3-c32a29ebd48e
Milk,Nepal,Birendranagar,RETAIL,2022-06-01,0.64,Liter,effb518f-1a51-4370-9aef-5103685da210
Milk,Nepal,Dhangadhi,RETAIL,2022-06-01,0.64,Liter,e44d4485-0f36-424a-9193-83671eee9b98
Milk,Nepal,Hetauda,RETAIL,2022-06-01,0.64,Liter,778e9236-afca-4972-9539-788fdc3b7c26
Milk,Nepal,Janakpurdham,RETAIL,2022-06-01,0.72,Liter,dc444de5-0bb4-48e3-8c1f-87485f64237d
Milk,Nepal,Kathmandu,RETAIL,2022-06-01,0.72,Liter,e33e7ecb-c237-41df-9d9d-e187a75d5f66
Milk,Nepal,Nepalgunj,RETAIL,2022-06-01,0.64,Liter,15c5b91e-49c6-46ba-bcc1-ef0530496752
Milk,Nepal,Pokhara,RETAIL,2022-06-01,1.05,Liter,55b840b0-d937-4916-b47d-585991af739f
Milk,Tunisia,Tunis,RETAIL,2022-06-01,0.44,Liter,ea0604c0-f78e-4fdb-9abd-6acb924220ce
Milk,Ecuador,Cuenca,WHOLESALE,2022-07-01,0.95,Liter,9ded0774-9f9c-4c3f-981e-70173ab253a1
Milk,Ecuador,Guayaquil,WHOLESALE,2022-07-01,0.85,Liter,4b83440a-8202-4f13-800e-74715be3a282
Milk,Egypt,National Average,RETAIL,2022-07-01,0.73,Liter,6b8e500a-e2a6-4d5f-8774-d100d78f68c8
Milk,India,Andhra Pradesh,RETAIL,2022-07-01,0.68,Liter,177c26f9-cc5e-4954-998c-920407b7ed2b
Milk,India,Andhra Pradesh,WHOLESALE,2022-07-01,63.74,100 liters,9bd42cc6-fc7c-4edd-86da-7d044bfa81e6
Milk,India,Bihar,RETAIL,2022-07-01,0.63,Liter,3d46fd94-bee5-4617-8bd5-cf37d3f74efc
Milk,India,Bihar,WHOLESALE,2022-07-01,59.53,100 liters,f9f75db4-1b8a-4f94-b38f-3cf626a056a6
Milk,India,Chandigarh,WHOLESALE,2022-07-01,62.27,100 liters,0e41a37c-0712-48e0-a514-562b65ef629d
Milk,India,Chandigarh,RETAIL,2022-07-01,0.7,Liter,7538bf6d-4980-4164-a626-9bbc7a2a7a6c
Milk,India,Delhi,RETAIL,2022-07-01,0.63,Liter,fd7a5f7a-34b8-4b83-ba22-80acf59a34fc
Milk,India,Goa,RETAIL,2022-07-01,0.65,Liter,1c0912ca-658d-4354-a6f1-d12f805e651a
Milk,India,Gujarat,WHOLESALE,2022-07-01,65.83,100 liters,a12bbad0-0220-488f-9396-9558f9f9619c
Milk,India,Gujarat,RETAIL,2022-07-01,0.68,Liter,edff013e-a49f-429c-aedd-b12b8c183797
Milk,India,Haryana,WHOLESALE,2022-07-01,66.26,100 liters,58214e91-5e6d-4d3e-b6ea-0bbabb3fe598
Milk,India,Haryana,RETAIL,2022-07-01,0.7,Liter,ba20dd21-6119-4f95-a9d0-457f17c44d00
Milk,India,Karnataka,RETAIL,2022-07-01,0.54,Liter,34893397-2968-4ca0-a8bc-3d586eb132ba
Milk,India,Karnataka,WHOLESALE,2022-07-01,50.16,100 liters,5b91aca9-0d94-48ec-af3f-dc8f0e52d69e
Milk,India,Madhya Pradesh,WHOLESALE,2022-07-01,65.93,100 liters,94697d34-761e-403b-a1af-cbecc7288289
Milk,India,Madhya Pradesh,RETAIL,2022-07-01,0.72,Liter,a9cc3a73-2df0-48a6-b85f-ee1eeb52c730
Milk,India,Maharashtra,RETAIL,2022-07-01,0.64,Liter,3325148d-79ac-46f5-a02a-95099621e47b
Milk,India,Maharashtra,WHOLESALE,2022-07-01,58.25,100 liters,a3f1ac52-3d0d-4b05-a897-dc25fc45e47c
Milk,India,National Average,WHOLESALE,2022-07-01,61.72,100 liters,34810c05-53d8-461c-8322-c853d3aaf3c5
Milk,India,National Average,RETAIL,2022-07-01,0.65,Liter,43ac28e5-2717-4173-8d19-13b90ff5dbe6
Milk,India,Puducherry,WHOLESALE,2022-07-01,55.26,100 liters,41fe9cde-d4e0-455d-85d4-5279c520e366
Milk,India,Puducherry,RETAIL,2022-07-01,0.55,Liter,53e6ae43-aa38-4c44-aa4c-76594c0fadd5
Milk,India,Punjab,WHOLESALE,2022-07-01,53.23,100 liters,6ef01407-babd-493b-9871-62e969e56acd
Milk,India,Punjab,RETAIL,2022-07-01,0.66,Liter,9ec5b53b-dbbb-4852-97d1-c987f62e244c
Milk,India,Tamil Nadu,WHOLESALE,2022-07-01,37.68,100 liters,2131ee16-25de-42d4-ae1b-505fd22b03ab
Milk,India,Tamil Nadu,RETAIL,2022-07-01,0.52,Liter,725f0105-ce4b-472c-a48f-82cdad56fd9c
Milk,India,Uttar Pradesh,WHOLESALE,2022-07-01,65.47,100 liters,26104e58-bd44-4fd7-85d7-d96210bba3bc
Milk,India,Uttar Pradesh,RETAIL,2022-07-01,0.71,Liter,9d7e7e25-1632-48ec-9826-adfd708bb6a7
Milk,Nepal,Biratnagar,RETAIL,2022-07-01,0.67,Liter,a7c5cff2-64de-44f3-bbf3-c32a29ebd48e
Milk,Nepal,Birendranagar,RETAIL,2022-07-01,0.63,Liter,effb518f-1a51-4370-9aef-5103685da210
Milk,Nepal,Dhangadhi,RETAIL,2022-07-01,0.63,Liter,e44d4485-0f36-424a-9193-83671eee9b98
Milk,Nepal,Hetauda,RETAIL,2022-07-01,0.63,Liter,778e9236-afca-4972-9539-788fdc3b7c26
Milk,Nepal,Janakpurdham,RETAIL,2022-07-01,0.71,Liter,dc444de5-0bb4-48e3-8c1f-87485f64237d
Milk,Nepal,Kathmandu,RETAIL,2022-07-01,0.63,Liter,e33e7ecb-c237-41df-9d9d-e187a75d5f66
Milk,Nepal,Nepalgunj,RETAIL,2022-07-01,0.63,Liter,15c5b91e-49c6-46ba-bcc1-ef0530496752
Milk,Nepal,Pokhara,RETAIL,2022-07-01,1.03,Liter,55b840b0-d937-4916-b47d-585991af739f
Milk,Tunisia,Tunis,RETAIL,2022-07-01,0.43,Liter,ea0604c0-f78e-4fdb-9abd-6acb924220ce
Milk,Ecuador,Cuenca,WHOLESALE,2022-08-01,1.0,Liter,9ded0774-9f9c-4c3f-981e-70173ab253a1
Milk,Ecuador,Guayaquil,WHOLESALE,2022-08-01,0.85,Liter,4b83440a-8202-4f13-800e-74715be3a282
Milk,Egypt,National Average,RETAIL,2022-08-01,0.74,Liter,6b8e500a-e2a6-4d5f-8774-d100d78f68c8
Milk,India,Andhra Pradesh,RETAIL,2022-08-01,0.7,Liter,177c26f9-cc5e-4954-998c-920407b7ed2b
Milk,India,Andhra Pradesh,WHOLESALE,2022-08-01,64.44,100 liters,9bd42cc6-fc7c-4edd-86da-7d044bfa81e6
Milk,India,Bihar,RETAIL,2022-08-01,0.63,Liter,3d46fd94-bee5-4617-8bd5-cf37d3f74efc
Milk,India,Bihar,WHOLESALE,2022-08-01,59.66,100 liters,f9f75db4-1b8a-4f94-b38f-3cf626a056a6
Milk,India,Chandigarh,WHOLESALE,2022-08-01,62.85,100 liters,0e41a37c-0712-48e0-a514-562b65ef629d
Milk,India,Chandigarh,RETAIL,2022-08-01,0.71,Liter,7538bf6d-4980-4164-a626-9bbc7a2a7a6c
Milk,India,Delhi,RETAIL,2022-08-01,0.64,Liter,fd7a5f7a-34b8-4b83-ba22-80acf59a34fc
Milk,India,Goa,RETAIL,2022-08-01,0.65,Liter,1c0912ca-658d-4354-a6f1-d12f805e651a
Milk,India,Gujarat,WHOLESALE,2022-08-01,66.12,100 liters,a12bbad0-0220-488f-9396-9558f9f9619c
Milk,India,Gujarat,RETAIL,2022-08-01,0.69,Liter,edff013e-a49f-429c-aedd-b12b8c183797
Milk,India,Haryana,WHOLESALE,2022-08-01,66.72,100 liters,58214e91-5e6d-4d3e-b6ea-0bbabb3fe598
Milk,India,Haryana,RETAIL,2022-08-01,0.71,Liter,ba20dd21-6119-4f95-a9d0-457f17c44d00
Milk,India,Karnataka,RETAIL,2022-08-01,0.55,Liter,34893397-2968-4ca0-a8bc-3d586eb132ba
Milk,India,Karnataka,WHOLESALE,2022-08-01,50.44,100 liters,5b91aca9-0d94-48ec-af3f-dc8f0e52d69e
Milk,India,Madhya Pradesh,WHOLESALE,2022-08-01,66.38,100 liters,94697d34-761e-403b-a1af-cbecc7288289
Milk,India,Madhya Pradesh,RETAIL,2022-08-01,0.73,Liter,a9cc3a73-2df0-48a6-b85f-ee1eeb52c730
Milk,India,Maharashtra,RETAIL,2022-08-01,0.65,Liter,3325148d-79ac-46f5-a02a-95099621e47b
Milk,India,Maharashtra,WHOLESALE,2022-08-01,58.7,100 liters,a3f1ac52-3d0d-4b05-a897-dc25fc45e47c
Milk,India,National Average,WHOLESALE,2022-08-01,62.07,100 liters,34810c05-53d8-461c-8322-c853d3aaf3c5
Milk,India,National Average,RETAIL,2022-08-01,0.66,Liter,43ac28e5-2717-4173-8d19-13b90ff5dbe6
Milk,India,Puducherry,WHOLESALE,2022-08-01,55.31,100 liters,41fe9cde-d4e0-455d-85d4-5279c520e366
Milk,India,Puducherry,RETAIL,2022-08-01,0.55,Liter,53e6ae43-aa38-4c44-aa4c-76594c0fadd5
Milk,India,Punjab,WHOLESALE,2022-08-01,54.39,100 liters,6ef01407-babd-493b-9871-62e969e56acd
Milk,India,Punjab,RETAIL,2022-08-01,0.66,Liter,9ec5b53b-dbbb-4852-97d1-c987f62e244c
Milk,India,Tamil Nadu,WHOLESALE,2022-08-01,37.71,100 liters,2131ee16-25de-42d4-ae1b-505fd22b03ab
Milk,India,Tamil Nadu,RETAIL,2022-08-01,0.52,Liter,725f0105-ce4b-472c-a48f-82cdad56fd9c
Milk,India,Uttar Pradesh,WHOLESALE,2022-08-01,65.7,100 liters,26104e58-bd44-4fd7-85d7-d96210bba3bc
Milk,India,Uttar Pradesh,RETAIL,2022-08-01,0.71,Liter,9d7e7e25-1632-48ec-9826-adfd708bb6a7
Milk,Nepal,Biratnagar,RETAIL,2022-08-01,0.67,Liter,a7c5cff2-64de-44f3-bbf3-c32a29ebd48e
Milk,Nepal,Birendranagar,RETAIL,2022-08-01,0.63,Liter,effb518f-1a51-4370-9aef-5103685da210
Milk,Nepal,Dhangadhi,RETAIL,2022-08-01,0.63,Liter,e44d4485-0f36-424a-9193-83671eee9b98
Milk,Nepal,Hetauda,RETAIL,2022-08-01,0.79,Liter,778e9236-afca-4972-9539-788fdc3b7c26
Milk,Nepal,Janakpurdham,RETAIL,2022-08-01,0.71,Liter,dc444de5-0bb4-48e3-8c1f-87485f64237d
Milk,Nepal,Kathmandu,RETAIL,2022-08-01,0.86,Liter,e33e7ecb-c237-41df-9d9d-e187a75d5f66
Milk,Nepal,Nepalgunj,RETAIL,2022-08-01,0.63,Liter,15c5b91e-49c6-46ba-bcc1-ef0530496752
Milk,Nepal,Pokhara,RETAIL,2022-08-01,0.94,Liter,55b840b0-d937-4916-b47d-585991af739f
Milk,Tunisia,Tunis,RETAIL,2022-08-01,0.43,Liter,ea0604c0-f78e-4fdb-9abd-6acb924220ce
Milk,Ecuador,Cuenca,WHOLESALE,2022-09-01,1.0,Liter,9ded0774-9f9c-4c3f-981e-70173ab253a1
Milk,Ecuador,Guayaquil,WHOLESALE,2022-09-01,0.85,Liter,4b83440a-8202-4f13-800e-74715be3a282
Milk,Egypt,National Average,RETAIL,2022-09-01,0.75,Liter,6b8e500a-e2a6-4d5f-8774-d100d78f68c8
Milk,India,Andhra Pradesh,RETAIL,2022-09-01,0.7,Liter,177c26f9-cc5e-4954-998c-920407b7ed2b
Milk,India,Andhra Pradesh,WHOLESALE,2022-09-01,64.8,100 liters,9bd42cc6-fc7c-4edd-86da-7d044bfa81e6
Milk,India,Bihar,RETAIL,2022-09-01,0.64,Liter,3d46fd94-bee5-4617-8bd5-cf37d3f74efc
Milk,India,Bihar,WHOLESALE,2022-09-01,60.36,100 liters,f9f75db4-1b8a-4f94-b38f-3cf626a056a6
Milk,India,Chandigarh,WHOLESALE,2022-09-01,62.31,100 liters,0e41a37c-0712-48e0-a514-562b65ef629d
Milk,India,Chandigarh,RETAIL,2022-09-01,0.71,Liter,7538bf6d-4980-4164-a626-9bbc7a2a7a6c
Milk,India,Delhi,RETAIL,2022-09-01,0.65,Liter,fd7a5f7a-34b8-4b83-ba22-80acf59a34fc
Milk,India,Goa,RETAIL,2022-09-01,0.65,Liter,1c0912ca-658d-4354-a6f1-d12f805e651a
Milk,India,Gujarat,WHOLESALE,2022-09-01,66.59,100 liters,a12bbad0-0220-488f-9396-9558f9f9619c
Milk,India,Gujarat,RETAIL,2022-09-01,0.7,Liter,edff013e-a49f-429c-aedd-b12b8c183797
Milk,India,Haryana,WHOLESALE,2022-09-01,66.75,100 liters,58214e91-5e6d-4d3e-b6ea-0bbabb3fe598
Milk,India,Haryana,RETAIL,2022-09-01,0.71,Liter,ba20dd21-6119-4f95-a9d0-457f17c44d00
Milk,India,Karnataka,RETAIL,2022-09-01,0.54,Liter,34893397-2968-4ca0-a8bc-3d586eb132ba
Milk,India,Karnataka,WHOLESALE,2022-09-01,50.17,100 liters,5b91aca9-0d94-48ec-af3f-dc8f0e52d69e
Milk,India,Madhya Pradesh,WHOLESALE,2022-09-01,66.43,100 liters,94697d34-761e-403b-a1af-cbecc7288289
Milk,India,Madhya Pradesh,RETAIL,2022-09-01,0.72,Liter,a9cc3a73-2df0-48a6-b85f-ee1eeb52c730
Milk,India,Maharashtra,RETAIL,2022-09-01,0.67,Liter,3325148d-79ac-46f5-a02a-95099621e47b
Milk,India,Maharashtra,WHOLESALE,2022-09-01,60.03,100 liters,a3f1ac52-3d0d-4b05-a897-dc25fc45e47c
Milk,India,National Average,WHOLESALE,2022-09-01,62.81,100 liters,34810c05-53d8-461c-8322-c853d3aaf3c5
Milk,India,National Average,RETAIL,2022-09-01,0.67,Liter,43ac28e5-2717-4173-8d19-13b90ff5dbe6
Milk,India,Puducherry,WHOLESALE,2022-09-01,54.83,100 liters,41fe9cde-d4e0-455d-85d4-5279c520e366
Milk,India,Puducherry,RETAIL,2022-09-01,0.55,Liter,53e6ae43-aa38-4c44-aa4c-76594c0fadd5
Milk,India,Punjab,WHOLESALE,2022-09-01,55.51,100 liters,6ef01407-babd-493b-9871-62e969e56acd
Milk,India,Punjab,RETAIL,2022-09-01,0.67,Liter,9ec5b53b-dbbb-4852-97d1-c987f62e244c
Milk,India,Tamil Nadu,WHOLESALE,2022-09-01,37.38,100 liters,2131ee16-25de-42d4-ae1b-505fd22b03ab
Milk,India,Tamil Nadu,RETAIL,2022-09-01,0.52,Liter,725f0105-ce4b-472c-a48f-82cdad56fd9c
Milk,India,Uttar Pradesh,WHOLESALE,2022-09-01,66.56,100 liters,26104e58-bd44-4fd7-85d7-d96210bba3bc
Milk,India,Uttar Pradesh,RETAIL,2022-09-01,0.72,Liter,9d7e7e25-1632-48ec-9826-adfd708bb6a7
Milk,Nepal,Biratnagar,RETAIL,2022-09-01,0.67,Liter,a7c5cff2-64de-44f3-bbf3-c32a29ebd48e
Milk,Nepal,Birendranagar,RETAIL,2022-09-01,0.63,Liter,effb518f-1a51-4370-9aef-5103685da210
Milk,Nepal,Dhangadhi,RETAIL,2022-09-01,0.63,Liter,e44d4485-0f36-424a-9193-83671eee9b98
Milk,Nepal,Hetauda,RETAIL,2022-09-01,0.59,Liter,778e9236-afca-4972-9539-788fdc3b7c26
Milk,Nepal,Janakpurdham,RETAIL,2022-09-01,0.71,Liter,dc444de5-0bb4-48e3-8c1f-87485f64237d
Milk,Nepal,Kathmandu,RETAIL,2022-09-01,0.63,Liter,e33e7ecb-c237-41df-9d9d-e187a75d5f66
Milk,Nepal,Nepalgunj,RETAIL,2022-09-01,0.63,Liter,15c5b91e-49c6-46ba-bcc1-ef0530496752
Milk,Nepal,Pokhara,RETAIL,2022-09-01,0.94,Liter,55b840b0-d937-4916-b47d-585991af739f
Milk,Tunisia,Tunis,RETAIL,2022-09-01,0.42,Liter,ea0604c0-f78e-4fdb-9abd-6acb924220ce
Milk,Ecuador,Cuenca,WHOLESALE,2022-10-01,1.0,Liter,9ded0774-9f9c-4c3f-981e-70173ab253a1
Milk,Ecuador,Guayaquil,WHOLESALE,2022-10-01,0.85,Liter,4b83440a-8202-4f13-800e-74715be3a282
Milk,Egypt,National Average,RETAIL,2022-10-01,0.74,Liter,6b8e500a-e2a6-4d5f-8774-d100d78f68c8
Milk,India,Andhra Pradesh,RETAIL,2022-10-01,0.69,Liter,177c26f9-cc5e-4954-998c-920407b7ed2b
Milk,India,Andhra Pradesh,WHOLESALE,2022-10-01,63.98,100 liters,9bd42cc6-fc7c-4edd-86da-7d044bfa81e6
Milk,India,Bihar,RETAIL,2022-10-01,0.63,Liter,3d46fd94-bee5-4617-8bd5-cf37d3f74efc
Milk,India,Bihar,WHOLESALE,2022-10-01,59.93,100 liters,f9f75db4-1b8a-4f94-b38f-3cf626a056a6
Milk,India,Chandigarh,WHOLESALE,2022-10-01,60.81,100 liters,0e41a37c-0712-48e0-a514-562b65ef629d
Milk,India,Chandigarh,RETAIL,2022-10-01,0.69,Liter,7538bf6d-4980-4164-a626-9bbc7a2a7a6c
Milk,India,Delhi,RETAIL,2022-10-01,0.63,Liter,fd7a5f7a-34b8-4b83-ba22-80acf59a34fc
Milk,India,Goa,RETAIL,2022-10-01,0.65,Liter,1c0912ca-658d-4354-a6f1-d12f805e651a
Milk,India,Gujarat,WHOLESALE,2022-10-01,65.39,100 liters,a12bbad0-0220-488f-9396-9558f9f9619c
Milk,India,Gujarat,RETAIL,2022-10-01,0.69,Liter,edff013e-a49f-429c-aedd-b12b8c183797
Milk,India,Haryana,WHOLESALE,2022-10-01,65.3,100 liters,58214e91-5e6d-4d3e-b6ea-0bbabb3fe598
Milk,India,Haryana,RETAIL,2022-10-01,0.69,Liter,ba20dd21-6119-4f95-a9d0-457f17c44d00
Milk,India,Karnataka,RETAIL,2022-10-01,0.52,Liter,34893397-2968-4ca0-a8bc-3d586eb132ba
Milk,India,Karnataka,WHOLESALE,2022-10-01,48.63,100 liters,5b91aca9-0d94-48ec-af3f-dc8f0e52d69e
Milk,India,Madhya Pradesh,WHOLESALE,2022-10-01,64.93,100 liters,94697d34-761e-403b-a1af-cbecc7288289
Milk,India,Madhya Pradesh,RETAIL,2022-10-01,0.71,Liter,a9cc3a73-2df0-48a6-b85f-ee1eeb52c730
Milk,India,Maharashtra,RETAIL,2022-10-01,0.65,Liter,3325148d-79ac-46f5-a02a-95099621e47b
Milk,India,Maharashtra,WHOLESALE,2022-10-01,58.94,100 liters,a3f1ac52-3d0d-4b05-a897-dc25fc45e47c
Milk,India,National Average,WHOLESALE,2022-10-01,62.25,100 liters,34810c05-53d8-461c-8322-c853d3aaf3c5
Milk,India,National Average,RETAIL,2022-10-01,0.66,Liter,43ac28e5-2717-4173-8d19-13b90ff5dbe6
Milk,India,Puducherry,WHOLESALE,2022-10-01,53.44,100 liters,41fe9cde-d4e0-455d-85d4-5279c520e366
Milk,India,Puducherry,RETAIL,2022-10-01,0.53,Liter,53e6ae43-aa38-4c44-aa4c-76594c0fadd5
Milk,India,Punjab,WHOLESALE,2022-10-01,54.93,100 liters,6ef01407-babd-493b-9871-62e969e56acd
Milk,India,Punjab,RETAIL,2022-10-01,0.66,Liter,9ec5b53b-dbbb-4852-97d1-c987f62e244c
Milk,India,Tamil Nadu,WHOLESALE,2022-10-01,36.44,100 liters,2131ee16-25de-42d4-ae1b-505fd22b03ab
Milk,India,Tamil Nadu,RETAIL,2022-10-01,0.51,Liter,725f0105-ce4b-472c-a48f-82cdad56fd9c
Milk,India,Uttar Pradesh,WHOLESALE,2022-10-01,65.33,100 liters,26104e58-bd44-4fd7-85d7-d96210bba3bc
Milk,India,Uttar Pradesh,RETAIL,2022-10-01,0.71,Liter,9d7e7e25-1632-48ec-9826-adfd708bb6a7
Milk,Nepal,Biratnagar,RETAIL,2022-10-01,0.65,Liter,a7c5cff2-64de-44f3-bbf3-c32a29ebd48e
Milk,Nepal,Birendranagar,RETAIL,2022-10-01,0.61,Liter,effb518f-1a51-4370-9aef-5103685da210
Milk,Nepal,Dhangadhi,RETAIL,2022-10-01,0.61,Liter,e44d4485-0f36-424a-9193-83671eee9b98
Milk,Nepal,Hetauda,RETAIL,2022-10-01,0.61,Liter,778e9236-afca-4972-9539-788fdc3b7c26
Milk,Nepal,Janakpurdham,RETAIL,2022-10-01,0.69,Liter,dc444de5-0bb4-48e3-8c1f-87485f64237d
Milk,Nepal,Kathmandu,RETAIL,2022-10-01,0.69,Liter,e33e7ecb-c237-41df-9d9d-e187a75d5f66
Milk,Nepal,Nepalgunj,RETAIL,2022-10-01,0.61,Liter,15c5b91e-49c6-46ba-bcc1-ef0530496752
Milk,Nepal,Pokhara,RETAIL,2022-10-01,0.92,Liter,55b840b0-d937-4916-b47d-585991af739f
Milk,Tunisia,Tunis,RETAIL,2022-10-01,0.41,Liter,ea0604c0-f78e-4fdb-9abd-6acb924220ce
Milk,Ecuador,Cuenca,WHOLESALE,2022-11-01,1.0,Liter,9ded0774-9f9c-4c3f-981e-70173ab253a1
Milk,Ecuador,Guayaquil,WHOLESALE,2022-11-01,0.85,Liter,4b83440a-8202-4f13-800e-74715be3a282
Milk,Egypt,National Average,RETAIL,2022-11-01,0.64,Liter,6b8e500a-e2a6-4d5f-8774-d100d78f68c8
Milk,India,Andhra Pradesh,RETAIL,2022-11-01,0.7,Liter,177c26f9-cc5e-4954-998c-920407b7ed2b
Milk,India,Andhra Pradesh,WHOLESALE,2022-11-01,65.43,100 liters,9bd42cc6-fc7c-4edd-86da-7d044bfa81e6
Milk,India,Bihar,RETAIL,2022-11-01,0.64,Liter,3d46fd94-bee5-4617-8bd5-cf37d3f74efc
Milk,India,Bihar,WHOLESALE,2022-11-01,60.85,100 liters,f9f75db4-1b8a-4f94-b38f-3cf626a056a6
Milk,India,Chandigarh,WHOLESALE,2022-11-01,63.17,100 liters,0e41a37c-0712-48e0-a514-562b65ef629d
Milk,India,Chandigarh,RETAIL,2022-11-01,0.68,Liter,7538bf6d-4980-4164-a626-9bbc7a2a7a6c
Milk,India,Delhi,RETAIL,2022-11-01,0.64,Liter,fd7a5f7a-34b8-4b83-ba22-80acf59a34fc
Milk,India,Goa,RETAIL,2022-11-01,0.65,Liter,1c0912ca-658d-4354-a6f1-d12f805e651a
Milk,India,Gujarat,WHOLESALE,2022-11-01,65.44,100 liters,a12bbad0-0220-488f-9396-9558f9f9619c
Milk,India,Gujarat,RETAIL,2022-11-01,0.69,Liter,edff013e-a49f-429c-aedd-b12b8c183797
Milk,India,Haryana,WHOLESALE,2022-11-01,66.6,100 liters,58214e91-5e6d-4d3e-b6ea-0bbabb3fe598
Milk,India,Haryana,RETAIL,2022-11-01,0.7,Liter,ba20dd21-6119-4f95-a9d0-457f17c44d00
Milk,India,Karnataka,RETAIL,2022-11-01,0.53,Liter,34893397-2968-4ca0-a8bc-3d586eb132ba
Milk,India,Karnataka,WHOLESALE,2022-11-01,50.14,100 liters,5b91aca9-0d94-48ec-af3f-dc8f0e52d69e
Milk,India,Madhya Pradesh,WHOLESALE,2022-11-01,64.44,100 liters,94697d34-761e-403b-a1af-cbecc7288289
Milk,India,Madhya Pradesh,RETAIL,2022-11-01,0.7,Liter,a9cc3a73-2df0-48a6-b85f-ee1eeb52c730
Milk,India,Maharashtra,RETAIL,2022-11-01,0.66,Liter,3325148d-79ac-46f5-a02a-95099621e47b
Milk,India,Maharashtra,WHOLESALE,2022-11-01,59.52,100 liters,a3f1ac52-3d0d-4b05-a897-dc25fc45e47c
Milk,India,National Average,WHOLESALE,2022-11-01,63.17,100 liters,34810c05-53d8-461c-8322-c853d3aaf3c5
Milk,India,National Average,RETAIL,2022-11-01,0.67,Liter,43ac28e5-2717-4173-8d19-13b90ff5dbe6
Milk,India,Puducherry,WHOLESALE,2022-11-01,53.78,100 liters,41fe9cde-d4e0-455d-85d4-5279c520e366
Milk,India,Puducherry,RETAIL,2022-11-01,0.54,Liter,53e6ae43-aa38-4c44-aa4c-76594c0fadd5
Milk,India,Punjab,WHOLESALE,2022-11-01,56.09,100 liters,6ef01407-babd-493b-9871-62e969e56acd
Milk,India,Punjab,RETAIL,2022-11-01,0.67,Liter,9ec5b53b-dbbb-4852-97d1-c987f62e244c
Milk,India,Tamil Nadu,WHOLESALE,2022-11-01,36.67,100 liters,2131ee16-25de-42d4-ae1b-505fd22b03ab
Milk,India,Tamil Nadu,RETAIL,2022-11-01,0.51,Liter,725f0105-ce4b-472c-a48f-82cdad56fd9c
Milk,India,Uttar Pradesh,WHOLESALE,2022-11-01,65.56,100 liters,26104e58-bd44-4fd7-85d7-d96210bba3bc
Milk,India,Uttar Pradesh,RETAIL,2022-11-01,0.71,Liter,9d7e7e25-1632-48ec-9826-adfd708bb6a7
Milk,Nepal,Biratnagar,RETAIL,2022-11-01,0.65,Liter,a7c5cff2-64de-44f3-bbf3-c32a29ebd48e
Milk,Nepal,Birendranagar,RETAIL,2022-11-01,0.74,Liter,effb518f-1a51-4370-9aef-5103685da210
Milk,Nepal,Dhangadhi,RETAIL,2022-11-01,0.61,Liter,e44d4485-0f36-424a-9193-83671eee9b98
Milk,Nepal,Hetauda,RETAIL,2022-11-01,0.68,Liter,778e9236-afca-4972-9539-788fdc3b7c26
Milk,Nepal,Janakpurdham,RETAIL,2022-11-01,0.68,Liter,dc444de5-0bb4-48e3-8c1f-87485f64237d
Milk,Nepal,Kathmandu,RETAIL,2022-11-01,0.76,Liter,e33e7ecb-c237-41df-9d9d-e187a75d5f66
Milk,Nepal,Nepalgunj,RETAIL,2022-11-01,0.61,Liter,15c5b91e-49c6-46ba-bcc1-ef0530496752
Milk,Nepal,Pokhara,RETAIL,2022-11-01,0.91,Liter,55b840b0-d937-4916-b47d-585991af739f
Milk,Tunisia,Tunis,RETAIL,2022-11-01,0.42,Liter,ea0604c0-f78e-4fdb-9abd-6acb924220ce
Milk,Ecuador,Cuenca,WHOLESALE,2022-12-01,1.0,Liter,9ded0774-9f9c-4c3f-981e-70173ab253a1
Milk,Ecuador,Guayaquil,WHOLESALE,2022-12-01,0.85,Liter,4b83440a-8202-4f13-800e-74715be3a282
Milk,Egypt,National Average,RETAIL,2022-12-01,0.69,Liter,6b8e500a-e2a6-4d5f-8774-d100d78f68c8
Milk,India,Andhra Pradesh,RETAIL,2022-12-01,0.69,Liter,177c26f9-cc5e-4954-998c-920407b7ed2b
Milk,India,Andhra Pradesh,WHOLESALE,2022-12-01,64.79,100 liters,9bd42cc6-fc7c-4edd-86da-7d044bfa81e6
Milk,India,Bihar,RETAIL,2022-12-01,0.63,Liter,3d46fd94-bee5-4617-8bd5-cf37d3f74efc
Milk,India,Bihar,WHOLESALE,2022-12-01,60.6,100 liters,f9f75db4-1b8a-4f94-b38f-3cf626a056a6
Milk,India,Chandigarh,WHOLESALE,2022-12-01,62.69,100 liters,0e41a37c-0712-48e0-a514-562b65ef629d
Milk,India,Chandigarh,RETAIL,2022-12-01,0.67,Liter,7538bf6d-4980-4164-a626-9bbc7a2a7a6c
Milk,India,Delhi,RETAIL,2022-12-01,0.63,Liter,fd7a5f7a-34b8-4b83-ba22-80acf59a34fc
Milk,India,Goa,RETAIL,2022-12-01,0.65,Liter,1c0912ca-658d-4354-a6f1-d12f805e651a
Milk,India,Gujarat,WHOLESALE,2022-12-01,64.94,100 liters,a12bbad0-0220-488f-9396-9558f9f9619c
Milk,India,Gujarat,RETAIL,2022-12-01,0.68,Liter,edff013e-a49f-429c-aedd-b12b8c183797
Milk,India,Haryana,WHOLESALE,2022-12-01,66.41,100 liters,58214e91-5e6d-4d3e-b6ea-0bbabb3fe598
Milk,India,Haryana,RETAIL,2022-12-01,0.7,Liter,ba20dd21-6119-4f95-a9d0-457f17c44d00
Milk,India,Karnataka,RETAIL,2022-12-01,0.55,Liter,34893397-2968-4ca0-a8bc-3d586eb132ba
Milk,India,Karnataka,WHOLESALE,2022-12-01,51.33,100 liters,5b91aca9-0d94-48ec-af3f-dc8f0e52d69e
Milk,India,Madhya Pradesh,WHOLESALE,2022-12-01,61.11,100 liters,94697d34-761e-403b-a1af-cbecc7288289
Milk,India,Madhya Pradesh,RETAIL,2022-12-01,0.67,Liter,a9cc3a73-2df0-48a6-b85f-ee1eeb52c730
Milk,India,Maharashtra,RETAIL,2022-12-01,0.67,Liter,3325148d-79ac-46f5-a02a-95099621e47b
Milk,India,Maharashtra,WHOLESALE,2022-12-01,60.21,100 liters,a3f1ac52-3d0d-4b05-a897-dc25fc45e47c
Milk,India,National Average,WHOLESALE,2022-12-01,62.95,100 liters,34810c05-53d8-461c-8322-c853d3aaf3c5
Milk,India,National Average,RETAIL,2022-12-01,0.67,Liter,43ac28e5-2717-4173-8d19-13b90ff5dbe6
Milk,India,Puducherry,WHOLESALE,2022-12-01,53.36,100 liters,41fe9cde-d4e0-455d-85d4-5279c520e366
Milk,India,Puducherry,RETAIL,2022-12-01,0.53,Liter,53e6ae43-aa38-4c44-aa4c-76594c0fadd5
Milk,India,Punjab,WHOLESALE,2022-12-01,58.0,100 liters,6ef01407-babd-493b-9871-62e969e56acd
Milk,India,Punjab,RETAIL,2022-12-01,0.67,Liter,9ec5b53b-dbbb-4852-97d1-c987f62e244c
Milk,India,Tamil Nadu,WHOLESALE,2022-12-01,36.38,100 liters,2131ee16-25de-42d4-ae1b-505fd22b03ab
Milk,India,Tamil Nadu,RETAIL,2022-12-01,0.51,Liter,725f0105-ce4b-472c-a48f-82cdad56fd9c
Milk,India,Uttar Pradesh,WHOLESALE,2022-12-01,65.13,100 liters,26104e58-bd44-4fd7-85d7-d96210bba3bc
Milk,India,Uttar Pradesh,RETAIL,2022-12-01,0.7,Liter,9d7e7e25-1632-48ec-9826-adfd708bb6a7
Milk,Nepal,Biratnagar,RETAIL,2022-12-01,0.65,Liter,a7c5cff2-64de-44f3-bbf3-c32a29ebd48e
Milk,Nepal,Birendranagar,RETAIL,2022-12-01,0.76,Liter,effb518f-1a51-4370-9aef-5103685da210
Milk,Nepal,Dhangadhi,RETAIL,2022-12-01,0.61,Liter,e44d4485-0f36-424a-9193-83671eee9b98
Milk,Nepal,Hetauda,RETAIL,2022-12-01,0.69,Liter,778e9236-afca-4972-9539-788fdc3b7c26
Milk,Nepal,Janakpurdham,RETAIL,2022-12-01,0.69,Liter,dc444de5-0bb4-48e3-8c1f-87485f64237d
Milk,Nepal,Kathmandu,RETAIL,2022-12-01,0.84,Liter,e33e7ecb-c237-41df-9d9d-e187a75d5f66
Milk,Nepal,Nepalgunj,RETAIL,2022-12-01,0.61,Liter,15c5b91e-49c6-46ba-bcc1-ef0530496752
Milk,Nepal,Pokhara,RETAIL,2022-12-01,0.92,Liter,55b840b0-d937-4916-b47d-585991af739f
Milk,Tunisia,Tunis,RETAIL,2022-12-01,0.43,Liter,ea0604c0-f78e-4fdb-9abd-6acb924220ce
Milk,Ecuador,Cuenca,WHOLESALE,2023-01-01,1.0,Liter,9ded0774-9f9c-4c3f-981e-70173ab253a1
Milk,Ecuador,Guayaquil,WHOLESALE,2023-01-01,0.85,Liter,4b83440a-8202-4f13-800e-74715be3a282
Milk,Egypt,National Average,RETAIL,2023-01-01,0.64,Liter,6b8e500a-e2a6-4d5f-8774-d100d78f68c8
Milk,India,Andhra Pradesh,RETAIL,2023-01-01,0.7,Liter,177c26f9-cc5e-4954-998c-920407b7ed2b
Milk,India,Andhra Pradesh,WHOLESALE,2023-01-01,65.83,100 liters,9bd42cc6-fc7c-4edd-86da-7d044bfa81e6
Milk,India,Bihar,RETAIL,2023-01-01,0.64,Liter,3d46fd94-bee5-4617-8bd5-cf37d3f74efc
Milk,India,Bihar,WHOLESALE,2023-01-01,61.06,100 liters,f9f75db4-1b8a-4f94-b38f-3cf626a056a6
Milk,India,Chandigarh,WHOLESALE,2023-01-01,63.13,100 liters,0e41a37c-0712-48e0-a514-562b65ef629d
Milk,India,Chandigarh,RETAIL,2023-01-01,0.67,Liter,7538bf6d-4980-4164-a626-9bbc7a2a7a6c
Milk,India,Delhi,RETAIL,2023-01-01,0.64,Liter,fd7a5f7a-34b8-4b83-ba22-80acf59a34fc
Milk,India,Goa,RETAIL,2023-01-01,0.65,Liter,1c0912ca-658d-4354-a6f1-d12f805e651a
Milk,India,Gujarat,WHOLESALE,2023-01-01,65.03,100 liters,a12bbad0-0220-488f-9396-9558f9f9619c
Milk,India,Gujarat,RETAIL,2023-01-01,0.68,Liter,edff013e-a49f-429c-aedd-b12b8c183797
Milk,India,Haryana,WHOLESALE,2023-01-01,67.77,100 liters,58214e91-5e6d-4d3e-b6ea-0bbabb3fe598
Milk,India,Haryana,RETAIL,2023-01-01,0.71,Liter,ba20dd21-6119-4f95-a9d0-457f17c44d00
Milk,India,Karnataka,RETAIL,2023-01-01,0.56,Liter,34893397-2968-4ca0-a8bc-3d586eb132ba
Milk,India,Karnataka,WHOLESALE,2023-01-01,51.48,100 liters,5b91aca9-0d94-48ec-af3f-dc8f0e52d69e
Milk,India,Madhya Pradesh,WHOLESALE,2023-01-01,61.46,100 liters,94697d34-761e-403b-a1af-cbecc7288289
Milk,India,Madhya Pradesh,RETAIL,2023-01-01,0.67,Liter,a9cc3a73-2df0-48a6-b85f-ee1eeb52c730
Milk,India,Maharashtra,RETAIL,2023-01-01,0.68,Liter,3325148d-79ac-46f5-a02a-95099621e47b
Milk,India,Maharashtra,WHOLESALE,2023-01-01,61.84,100 liters,a3f1ac52-3d0d-4b05-a897-dc25fc45e47c
Milk,India,National Average,WHOLESALE,2023-01-01,63.76,100 liters,34810c05-53d8-461c-8322-c853d3aaf3c5
Milk,India,National Average,RETAIL,2023-01-01,0.68,Liter,43ac28e5-2717-4173-8d19-13b90ff5dbe6
Milk,India,Puducherry,WHOLESALE,2023-01-01,53.72,100 liters,41fe9cde-d4e0-455d-85d4-5279c520e366
Milk,India,Puducherry,RETAIL,2023-01-01,0.55,Liter,53e6ae43-aa38-4c44-aa4c-76594c0fadd5
Milk,India,Punjab,WHOLESALE,2023-01-01,59.02,100 liters,6ef01407-babd-493b-9871-62e969e56acd
Milk,India,Punjab,RETAIL,2023-01-01,0.67,Liter,9ec5b53b-dbbb-4852-97d1-c987f62e244c
Milk,India,Tamil Nadu,WHOLESALE,2023-01-01,36.63,100 liters,2131ee16-25de-42d4-ae1b-505fd22b03ab
Milk,India,Tamil Nadu,RETAIL,2023-01-01,0.51,Liter,725f0105-ce4b-472c-a48f-82cdad56fd9c
Milk,India,Uttar Pradesh,WHOLESALE,2023-01-01,65.66,100 liters,26104e58-bd44-4fd7-85d7-d96210bba3bc
Milk,India,Uttar Pradesh,RETAIL,2023-01-01,0.71,Liter,9d7e7e25-1632-48ec-9826-adfd708bb6a7
Milk,Nepal,Biratnagar,RETAIL,2023-01-01,0.61,Liter,a7c5cff2-64de-44f3-bbf3-c32a29ebd48e
Milk,Nepal,Birendranagar,RETAIL,2023-01-01,0.61,Liter,effb518f-1a51-4370-9aef-5103685da210
Milk,Nepal,Dhangadhi,RETAIL,2023-01-01,0.61,Liter,e44d4485-0f36-424a-9193-83671eee9b98
Milk,Nepal,Hetauda,RETAIL,2023-01-01,0.76,Liter,778e9236-afca-4972-9539-788fdc3b7c26
Milk,Nepal,Janakpurdham,RETAIL,2023-01-01,0.68,Liter,dc444de5-0bb4-48e3-8c1f-87485f64237d
Milk,Nepal,Kathmandu,RETAIL,2023-01-01,0.76,Liter,e33e7ecb-c237-41df-9d9d-e187a75d5f66
Milk,Nepal,Nepalgunj,RETAIL,2023-01-01,0.61,Liter,15c5b91e-49c6-46ba-bcc1-ef0530496752
Milk,Nepal,Pokhara,RETAIL,2023-01-01,0.87,Liter,55b840b0-d937-4916-b47d-585991af739f
Milk,Tunisia,Tunis,RETAIL,2023-01-01,0.44,Liter,ea0604c0-f78e-4fdb-9abd-6acb924220ce
Milk,Ecuador,Cuenca,WHOLESALE,2023-02-01,1.0,Liter,9ded0774-9f9c-4c3f-981e-70173ab253a1
Milk,Ecuador,Guayaquil,WHOLESALE,2023-02-01,0.85,Liter,4b83440a-8202-4f13-800e-74715be3a282
Milk,Egypt,National Average,RETAIL,2023-02-01,0.64,Liter,6b8e500a-e2a6-4d5f-8774-d100d78f68c8
Milk,India,Andhra Pradesh,RETAIL,2023-02-01,0.69,Liter,177c26f9-cc5e-4954-998c-920407b7ed2b
Milk,India,Andhra Pradesh,WHOLESALE,2023-02-01,65.29,100 liters,9bd42cc6-fc7c-4edd-86da-7d044bfa81e6
Milk,India,Bihar,RETAIL,2023-02-01,0.64,Liter,3d46fd94-bee5-4617-8bd5-cf37d3f74efc
Milk,India,Bihar,WHOLESALE,2023-02-01,60.58,100 liters,f9f75db4-1b8a-4f94-b38f-3cf626a056a6
Milk,India,Chandigarh,WHOLESALE,2023-02-01,62.58,100 liters,0e41a37c-0712-48e0-a514-562b65ef629d
Milk,India,Chandigarh,RETAIL,2023-02-01,0.67,Liter,7538bf6d-4980-4164-a626-9bbc7a2a7a6c
Milk,India,Delhi,RETAIL,2023-02-01,0.64,Liter,fd7a5f7a-34b8-4b83-ba22-80acf59a34fc
Milk,India,Goa,RETAIL,2023-02-01,0.69,Liter,1c0912ca-658d-4354-a6f1-d12f805e651a
Milk,India,Gujarat,WHOLESALE,2023-02-01,62.53,100 liters,a12bbad0-0220-488f-9396-9558f9f9619c
Milk,India,Gujarat,RETAIL,2023-02-01,0.67,Liter,edff013e-a49f-429c-aedd-b12b8c183797
Milk,India,Haryana,WHOLESALE,2023-02-01,67.35,100 liters,58214e91-5e6d-4d3e-b6ea-0bbabb3fe598
Milk,India,Haryana,RETAIL,2023-02-01,0.71,Liter,ba20dd21-6119-4f95-a9d0-457f17c44d00
Milk,India,Karnataka,RETAIL,2023-02-01,0.56,Liter,34893397-2968-4ca0-a8bc-3d586eb132ba
Milk,India,Karnataka,WHOLESALE,2023-02-01,51.54,100 liters,5b91aca9-0d94-48ec-af3f-dc8f0e52d69e
Milk,India,Madhya Pradesh,WHOLESALE,2023-02-01,61.14,100 liters,94697d34-761e-403b-a1af-cbecc7288289
Milk,India,Madhya Pradesh,RETAIL,2023-02-01,0.68,Liter,a9cc3a73-2df0-48a6-b85f-ee1eeb52c730
Milk,India,Maharashtra,RETAIL,2023-02-01,0.67,Liter,3325148d-79ac-46f5-a02a-95099621e47b
Milk,India,Maharashtra,WHOLESALE,2023-02-01,61.34,100 liters,a3f1ac52-3d0d-4b05-a897-dc25fc45e47c
Milk,India,National Average,WHOLESALE,2023-02-01,63.51,100 liters,34810c05-53d8-461c-8322-c853d3aaf3c5
Milk,India,National Average,RETAIL,2023-02-01,0.68,Liter,43ac28e5-2717-4173-8d19-13b90ff5dbe6
Milk,India,Puducherry,WHOLESALE,2023-02-01,49.08,100 liters,41fe9cde-d4e0-455d-85d4-5279c520e366
Milk,India,Puducherry,RETAIL,2023-02-01,0.56,Liter,53e6ae43-aa38-4c44-aa4c-76594c0fadd5
Milk,India,Punjab,WHOLESALE,2023-02-01,60.87,100 liters,6ef01407-babd-493b-9871-62e969e56acd
Milk,India,Punjab,RETAIL,2023-02-01,0.68,Liter,9ec5b53b-dbbb-4852-97d1-c987f62e244c
Milk,India,Tamil Nadu,WHOLESALE,2023-02-01,36.32,100 liters,2131ee16-25de-42d4-ae1b-505fd22b03ab
Milk,India,Tamil Nadu,RETAIL,2023-02-01,0.51,Liter,725f0105-ce4b-472c-a48f-82cdad56fd9c
Milk,India,Uttar Pradesh,WHOLESALE,2023-02-01,66.55,100 liters,26104e58-bd44-4fd7-85d7-d96210bba3bc
Milk,India,Uttar Pradesh,RETAIL,2023-02-01,0.72,Liter,9d7e7e25-1632-48ec-9826-adfd708bb6a7
Milk,Nepal,Biratnagar,RETAIL,2023-02-01,0.61,Liter,a7c5cff2-64de-44f3-bbf3-c32a29ebd48e
Milk,Nepal,Birendranagar,RETAIL,2023-02-01,0.64,Liter,effb518f-1a51-4370-9aef-5103685da210
Milk,Nepal,Dhangadhi,RETAIL,2023-02-01,0.61,Liter,e44d4485-0f36-424a-9193-83671eee9b98
Milk,Nepal,Hetauda,RETAIL,2023-02-01,0.73,Liter,778e9236-afca-4972-9539-788fdc3b7c26
Milk,Nepal,Janakpurdham,RETAIL,2023-02-01,0.69,Liter,dc444de5-0bb4-48e3-8c1f-87485f64237d
Milk,Nepal,Kathmandu,RETAIL,2023-02-01,0.76,Liter,e33e7ecb-c237-41df-9d9d-e187a75d5f66
Milk,Nepal,Nepalgunj,RETAIL,2023-02-01,0.61,Liter,15c5b91e-49c6-46ba-bcc1-ef0530496752
Milk,Nepal,Pokhara,RETAIL,2023-02-01,0.92,Liter,55b840b0-d937-4916-b47d-585991af739f
Milk,Tunisia,Tunis,RETAIL,2023-02-01,0.43,Liter,ea0604c0-f78e-4fdb-9abd-6acb924220ce
Milk,Ecuador,Cuenca,WHOLESALE,2023-03-01,1.0,Liter,9ded0774-9f9c-4c3f-981e-70173ab253a1
Milk,Ecuador,Guayaquil,WHOLESALE,2023-03-01,0.85,Liter,4b83440a-8202-4f13-800e-74715be3a282
Milk,Egypt,National Average,RETAIL,2023-03-01,0.65,Liter,6b8e500a-e2a6-4d5f-8774-d100d78f68c8
Milk,India,Andhra Pradesh,RETAIL,2023-03-01,0.7,Liter,177c26f9-cc5e-4954-998c-920407b7ed2b
Milk,India,Andhra Pradesh,WHOLESALE,2023-03-01,65.92,100 liters,9bd42cc6-fc7c-4edd-86da-7d044bfa81e6
Milk,India,Bihar,RETAIL,2023-03-01,0.64,Liter,3d46fd94-bee5-4617-8bd5-cf37d3f74efc
Milk,India,Bihar,WHOLESALE,2023-03-01,60.89,100 liters,f9f75db4-1b8a-4f94-b38f-3cf626a056a6
Milk,India,Chandigarh,WHOLESALE,2023-03-01,62.83,100 liters,0e41a37c-0712-48e0-a514-562b65ef629d
Milk,India,Chandigarh,RETAIL,2023-03-01,0.67,Liter,7538bf6d-4980-4164-a626-9bbc7a2a7a6c
Milk,India,Delhi,RETAIL,2023-03-01,0.64,Liter,fd7a5f7a-34b8-4b83-ba22-80acf59a34fc
Milk,India,Goa,RETAIL,2023-03-01,0.7,Liter,1c0912ca-658d-4354-a6f1-d12f805e651a
Milk,India,Gujarat,WHOLESALE,2023-03-01,62.73,100 liters,a12bbad0-0220-488f-9396-9558f9f9619c
Milk,India,Gujarat,RETAIL,2023-03-01,0.66,Liter,edff013e-a49f-429c-aedd-b12b8c183797
Milk,India,Haryana,WHOLESALE,2023-03-01,67.72,100 liters,58214e91-5e6d-4d3e-b6ea-0bbabb3fe598
Milk,India,Haryana,RETAIL,2023-03-01,0.71,Liter,ba20dd21-6119-4f95-a9d0-457f17c44d00
Milk,India,Karnataka,RETAIL,2023-03-01,0.56,Liter,34893397-2968-4ca0-a8bc-3d586eb132ba
Milk,India,Karnataka,WHOLESALE,2023-03-01,51.77,100 liters,5b91aca9-0d94-48ec-af3f-dc8f0e52d69e
Milk,India,Madhya Pradesh,WHOLESALE,2023-03-01,61.71,100 liters,94697d34-761e-403b-a1af-cbecc7288289
Milk,India,Madhya Pradesh,RETAIL,2023-03-01,0.68,Liter,a9cc3a73-2df0-48a6-b85f-ee1eeb52c730
Milk,India,Maharashtra,RETAIL,2023-03-01,0.68,Liter,3325148d-79ac-46f5-a02a-95099621e47b
Milk,India,Maharashtra,WHOLESALE,2023-03-01,62.05,100 liters,a3f1ac52-3d0d-4b05-a897-dc25fc45e47c
Milk,India,National Average,WHOLESALE,2023-03-01,64.17,100 liters,34810c05-53d8-461c-8322-c853d3aaf3c5
Milk,India,National Average,RETAIL,2023-03-01,0.68,Liter,43ac28e5-2717-4173-8d19-13b90ff5dbe6
Milk,India,Puducherry,WHOLESALE,2023-03-01,49.82,100 liters,41fe9cde-d4e0-455d-85d4-5279c520e366
Milk,India,Puducherry,RETAIL,2023-03-01,0.54,Liter,53e6ae43-aa38-4c44-aa4c-76594c0fadd5
Milk,India,Punjab,WHOLESALE,2023-03-01,61.12,100 liters,6ef01407-babd-493b-9871-62e969e56acd
Milk,India,Punjab,RETAIL,2023-03-01,0.67,Liter,9ec5b53b-dbbb-4852-97d1-c987f62e244c
Milk,India,Tamil Nadu,WHOLESALE,2023-03-01,36.46,100 liters,2131ee16-25de-42d4-ae1b-505fd22b03ab
Milk,India,Tamil Nadu,RETAIL,2023-03-01,0.51,Liter,725f0105-ce4b-472c-a48f-82cdad56fd9c
Milk,India,Uttar Pradesh,WHOLESALE,2023-03-01,67.65,100 liters,26104e58-bd44-4fd7-85d7-d96210bba3bc
Milk,India,Uttar Pradesh,RETAIL,2023-03-01,0.73,Liter,9d7e7e25-1632-48ec-9826-adfd708bb6a7
Milk,Nepal,Biratnagar,RETAIL,2023-03-01,0.68,Liter,a7c5cff2-64de-44f3-bbf3-c32a29ebd48e
Milk,Nepal,Birendranagar,RETAIL,2023-03-01,0.68,Liter,effb518f-1a51-4370-9aef-5103685da210
Milk,Nepal,Dhangadhi,RETAIL,2023-03-01,0.68,Liter,e44d4485-0f36-424a-9193-83671eee9b98
Milk,Nepal,Hetauda,RETAIL,2023-03-01,0.72,Liter,778e9236-afca-4972-9539-788fdc3b7c26
Milk,Nepal,Janakpurdham,RETAIL,2023-03-01,0.76,Liter,dc444de5-0bb4-48e3-8c1f-87485f64237d
Milk,Nepal,Kathmandu,RETAIL,2023-03-01,0.71,Liter,e33e7ecb-c237-41df-9d9d-e187a75d5f66
Milk,Nepal,Nepalgunj,RETAIL,2023-03-01,0.72,Liter,15c5b91e-49c6-46ba-bcc1-ef0530496752
Milk,Nepal,Pokhara,RETAIL,2023-03-01,1.06,Liter,55b840b0-d937-4916-b47d-585991af739f
Milk,Tunisia,Tunis,RETAIL,2023-03-01,0.43,Liter,ea0604c0-f78e-4fdb-9abd-6acb924220ce
Milk,Ecuador,Cuenca,WHOLESALE,2023-04-01,1.0,Liter,9ded0774-9f9c-4c3f-981e-70173ab253a1
Milk,Ecuador,Guayaquil,WHOLESALE,2023-04-01,0.85,Liter,4b83440a-8202-4f13-800e-74715be3a282
Milk,Egypt,National Average,RETAIL,2023-04-01,0.65,Liter,6b8e500a-e2a6-4d5f-8774-d100d78f68c8
Milk,India,Andhra Pradesh,RETAIL,2023-04-01,0.71,Liter,177c26f9-cc5e-4954-998c-920407b7ed2b
Milk,India,Andhra Pradesh,WHOLESALE,2023-04-01,66.37,100 liters,9bd42cc6-fc7c-4edd-86da-7d044bfa81e6
Milk,India,Bihar,RETAIL,2023-04-01,0.65,Liter,3d46fd94-bee5-4617-8bd5-cf37d3f74efc
Milk,India,Bihar,WHOLESALE,2023-04-01,61.63,100 liters,f9f75db4-1b8a-4f94-b38f-3cf626a056a6
Milk,India,Chandigarh,WHOLESALE,2023-04-01,63.2,100 liters,0e41a37c-0712-48e0-a514-562b65ef629d
Milk,India,Chandigarh,RETAIL,2023-04-01,0.68,Liter,7538bf6d-4980-4164-a626-9bbc7a2a7a6c
Milk,India,Delhi,RETAIL,2023-04-01,0.65,Liter,fd7a5f7a-34b8-4b83-ba22-80acf59a34fc
Milk,India,Goa,RETAIL,2023-04-01,0.7,Liter,1c0912ca-658d-4354-a6f1-d12f805e651a
Milk,India,Gujarat,WHOLESALE,2023-04-01,64.93,100 liters,a12bbad0-0220-488f-9396-9558f9f9619c
Milk,India,Gujarat,RETAIL,2023-04-01,0.69,Liter,edff013e-a49f-429c-aedd-b12b8c183797
Milk,India,Haryana,WHOLESALE,2023-04-01,67.71,100 liters,58214e91-5e6d-4d3e-b6ea-0bbabb3fe598
Milk,India,Haryana,RETAIL,2023-04-01,0.71,Liter,ba20dd21-6119-4f95-a9d0-457f17c44d00
Milk,India,Karnataka,RETAIL,2023-04-01,0.56,Liter,34893397-2968-4ca0-a8bc-3d586eb132ba
Milk,India,Karnataka,WHOLESALE,2023-04-01,52.62,100 liters,5b91aca9-0d94-48ec-af3f-dc8f0e52d69e
Milk,India,Madhya Pradesh,WHOLESALE,2023-04-01,62.31,100 liters,94697d34-761e-403b-a1af-cbecc7288289
Milk,India,Madhya Pradesh,RETAIL,2023-04-01,0.69,Liter,a9cc3a73-2df0-48a6-b85f-ee1eeb52c730
Milk,India,Maharashtra,RETAIL,2023-04-01,0.69,Liter,3325148d-79ac-46f5-a02a-95099621e47b
Milk,India,Maharashtra,WHOLESALE,2023-04-01,62.44,100 liters,a3f1ac52-3d0d-4b05-a897-dc25fc45e47c
Milk,India,National Average,WHOLESALE,2023-04-01,64.9,100 liters,34810c05-53d8-461c-8322-c853d3aaf3c5
Milk,India,National Average,RETAIL,2023-04-01,0.69,Liter,43ac28e5-2717-4173-8d19-13b90ff5dbe6
Milk,India,Puducherry,WHOLESALE,2023-04-01,49.99,100 liters,41fe9cde-d4e0-455d-85d4-5279c520e366
Milk,India,Puducherry,RETAIL,2023-04-01,0.55,Liter,53e6ae43-aa38-4c44-aa4c-76594c0fadd5
Milk,India,Punjab,WHOLESALE,2023-04-01,61.58,100 liters,6ef01407-babd-493b-9871-62e969e56acd
Milk,India,Punjab,RETAIL,2023-04-01,0.69,Liter,9ec5b53b-dbbb-4852-97d1-c987f62e244c
Milk,India,Tamil Nadu,WHOLESALE,2023-04-01,40.46,100 liters,2131ee16-25de-42d4-ae1b-505fd22b03ab
Milk,India,Tamil Nadu,RETAIL,2023-04-01,0.52,Liter,725f0105-ce4b-472c-a48f-82cdad56fd9c
Milk,India,Uttar Pradesh,WHOLESALE,2023-04-01,68.72,100 liters,26104e58-bd44-4fd7-85d7-d96210bba3bc
Milk,India,Uttar Pradesh,RETAIL,2023-04-01,0.74,Liter,9d7e7e25-1632-48ec-9826-adfd708bb6a7
Milk,Nepal,Biratnagar,RETAIL,2023-04-01,0.68,Liter,a7c5cff2-64de-44f3-bbf3-c32a29ebd48e
Milk,Nepal,Birendranagar,RETAIL,2023-04-01,0.71,Liter,effb518f-1a51-4370-9aef-5103685da210
Milk,Nepal,Dhangadhi,RETAIL,2023-04-01,0.68,Liter,e44d4485-0f36-424a-9193-83671eee9b98
Milk,Nepal,Hetauda,RETAIL,2023-04-01,0.91,Liter,778e9236-afca-4972-9539-788fdc3b7c26
Milk,Nepal,Janakpurdham,RETAIL,2023-04-01,0.76,Liter,dc444de5-0bb4-48e3-8c1f-87485f64237d
Milk,Nepal,Kathmandu,RETAIL,2023-04-01,0.76,Liter,e33e7ecb-c237-41df-9d9d-e187a75d5f66
Milk,Nepal,Nepalgunj,RETAIL,2023-04-01,0.76,Liter,15c5b91e-49c6-46ba-bcc1-ef0530496752
Milk,Nepal,Pokhara,RETAIL,2023-04-01,1.06,Liter,55b840b0-d937-4916-b47d-585991af739f
Milk,Tunisia,Tunis,RETAIL,2023-04-01,0.44,Liter,ea0604c0-f78e-4fdb-9abd-6acb924220ce
Milk,Ecuador,Cuenca,WHOLESALE,2023-05-01,1.0,Liter,9ded0774-9f9c-4c3f-981e-70173ab253a1
Milk,Ecuador,Guayaquil,WHOLESALE,2023-05-01,0.85,Liter,4b83440a-8202-4f13-800e-74715be3a282
Milk,Egypt,National Average,RETAIL,2023-05-01,0.68,Liter,6b8e500a-e2a6-4d5f-8774-d100d78f68c8
Milk,India,Andhra Pradesh,RETAIL,2023-05-01,0.71,Liter,177c26f9-cc5e-4954-998c-920407b7ed2b
Milk,India,Andhra Pradesh,WHOLESALE,2023-05-01,66.21,100 liters,9bd42cc6-fc7c-4edd-86da-7d044bfa81e6
Milk,India,Bihar,RETAIL,2023-05-01,0.66,Liter,3d46fd94-bee5-4617-8bd5-cf37d3f74efc
Milk,India,Bihar,WHOLESALE,2023-05-01,62.51,100 liters,f9f75db4-1b8a-4f94-b38f-3cf626a056a6
Milk,India,Chandigarh,WHOLESALE,2023-05-01,63.15,100 liters,0e41a37c-0712-48e0-a514-562b65ef629d
Milk,India,Chandigarh,RETAIL,2023-05-01,0.69,Liter,7538bf6d-4980-4164-a626-9bbc7a2a7a6c
Milk,India,Delhi,RETAIL,2023-05-01,0.64,Liter,fd7a5f7a-34b8-4b83-ba22-80acf59a34fc
Milk,India,Goa,RETAIL,2023-05-01,0.7,Liter,1c0912ca-658d-4354-a6f1-d12f805e651a
Milk,India,Gujarat,WHOLESALE,2023-05-01,63.91,100 liters,a12bbad0-0220-488f-9396-9558f9f9619c
Milk,India,Gujarat,RETAIL,2023-05-01,0.69,Liter,edff013e-a49f-429c-aedd-b12b8c183797
Milk,India,Haryana,WHOLESALE,2023-05-01,67.44,100 liters,58214e91-5e6d-4d3e-b6ea-0bbabb3fe598
Milk,India,Haryana,RETAIL,2023-05-01,0.71,Liter,ba20dd21-6119-4f95-a9d0-457f17c44d00
Milk,India,Karnataka,RETAIL,2023-05-01,0.56,Liter,34893397-2968-4ca0-a8bc-3d586eb132ba
Milk,India,Karnataka,WHOLESALE,2023-05-01,52.72,100 liters,5b91aca9-0d94-48ec-af3f-dc8f0e52d69e
Milk,India,Madhya Pradesh,WHOLESALE,2023-05-01,62.43,100 liters,94697d34-761e-403b-a1af-cbecc7288289
Milk,India,Madhya Pradesh,RETAIL,2023-05-01,0.68,Liter,a9cc3a73-2df0-48a6-b85f-ee1eeb52c730
Milk,India,Maharashtra,RETAIL,2023-05-01,0.68,Liter,3325148d-79ac-46f5-a02a-95099621e47b
Milk,India,Maharashtra,WHOLESALE,2023-05-01,61.96,100 liters,a3f1ac52-3d0d-4b05-a897-dc25fc45e47c
Milk,India,National Average,WHOLESALE,2023-05-01,65.16,100 liters,34810c05-53d8-461c-8322-c853d3aaf3c5
Milk,India,National Average,RETAIL,2023-05-01,0.69,Liter,43ac28e5-2717-4173-8d19-13b90ff5dbe6
Milk,India,Puducherry,WHOLESALE,2023-05-01,50.65,100 liters,41fe9cde-d4e0-455d-85d4-5279c520e366
Milk,India,Puducherry,RETAIL,2023-05-01,0.55,Liter,53e6ae43-aa38-4c44-aa4c-76594c0fadd5
Milk,India,Punjab,WHOLESALE,2023-05-01,62.99,100 liters,6ef01407-babd-493b-9871-62e969e56acd
Milk,India,Punjab,RETAIL,2023-05-01,0.7,Liter,9ec5b53b-dbbb-4852-97d1-c987f62e244c
Milk,India,Tamil Nadu,WHOLESALE,2023-05-01,48.66,100 liters,2131ee16-25de-42d4-ae1b-505fd22b03ab
Milk,India,Tamil Nadu,RETAIL,2023-05-01,0.52,Liter,725f0105-ce4b-472c-a48f-82cdad56fd9c
Milk,India,Uttar Pradesh,WHOLESALE,2023-05-01,68.87,100 liters,26104e58-bd44-4fd7-85d7-d96210bba3bc
Milk,India,Uttar Pradesh,RETAIL,2023-05-01,0.74,Liter,9d7e7e25-1632-48ec-9826-adfd708bb6a7
Milk,Nepal,Biratnagar,RETAIL,2023-05-01,0.69,Liter,a7c5cff2-64de-44f3-bbf3-c32a29ebd48e
Milk,Nepal,Birendranagar,RETAIL,2023-05-01,0.69,Liter,effb518f-1a51-4370-9aef-5103685da210
Milk,Nepal,Dhangadhi,RETAIL,2023-05-01,0.69,Liter,e44d4485-0f36-424a-9193-83671eee9b98
Milk,Nepal,Hetauda,RETAIL,2023-05-01,0.92,Liter,778e9236-afca-4972-9539-788fdc3b7c26
Milk,Nepal,Janakpurdham,RETAIL,2023-05-01,0.76,Liter,dc444de5-0bb4-48e3-8c1f-87485f64237d
Milk,Nepal,Kathmandu,RETAIL,2023-05-01,0.92,Liter,e33e7ecb-c237-41df-9d9d-e187a75d5f66
Milk,Nepal,Nepalgunj,RETAIL,2023-05-01,0.76,Liter,15c5b91e-49c6-46ba-bcc1-ef0530496752
Milk,Nepal,Pokhara,RETAIL,2023-05-01,1.07,Liter,55b840b0-d937-4916-b47d-585991af739f
Milk,Tunisia,Tunis,RETAIL,2023-05-01,0.44,Liter,ea0604c0-f78e-4fdb-9abd-6acb924220ce
Milk,Ecuador,Cuenca,WHOLESALE,2023-06-01,1.0,Liter,9ded0774-9f9c-4c3f-981e-70173ab253a1
Milk,Ecuador,Guayaquil,WHOLESALE,2023-06-01,0.85,Liter,4b83440a-8202-4f13-800e-74715be3a282
Milk,Egypt,National Average,RETAIL,2023-06-01,0.69,Liter,6b8e500a-e2a6-4d5f-8774-d100d78f68c8
Milk,India,Andhra Pradesh,RETAIL,2023-06-01,0.71,Liter,177c26f9-cc5e-4954-998c-920407b7ed2b
Milk,India,Andhra Pradesh,WHOLESALE,2023-06-01,66.09,100 liters,9bd42cc6-fc7c-4edd-86da-7d044bfa81e6
Milk,India,Bihar,RETAIL,2023-06-01,0.66,Liter,3d46fd94-bee5-4617-8bd5-cf37d3f74efc
Milk,India,Bihar,WHOLESALE,2023-06-01,62.84,100 liters,f9f75db4-1b8a-4f94-b38f-3cf626a056a6
Milk,India,Chandigarh,WHOLESALE,2023-06-01,63.23,100 liters,0e41a37c-0712-48e0-a514-562b65ef629d
Milk,India,Chandigarh,RETAIL,2023-06-01,0.69,Liter,7538bf6d-4980-4164-a626-9bbc7a2a7a6c
Milk,India,Delhi,RETAIL,2023-06-01,0.64,Liter,fd7a5f7a-34b8-4b83-ba22-80acf59a34fc
Milk,India,Goa,RETAIL,2023-06-01,0.7,Liter,1c0912ca-658d-4354-a6f1-d12f805e651a
Milk,India,Gujarat,WHOLESALE,2023-06-01,64.04,100 liters,a12bbad0-0220-488f-9396-9558f9f9619c
Milk,India,Gujarat,RETAIL,2023-06-01,0.69,Liter,edff013e-a49f-429c-aedd-b12b8c183797
Milk,India,Haryana,WHOLESALE,2023-06-01,67.75,100 liters,58214e91-5e6d-4d3e-b6ea-0bbabb3fe598
Milk,India,Haryana,RETAIL,2023-06-01,0.72,Liter,ba20dd21-6119-4f95-a9d0-457f17c44d00
Milk,India,Karnataka,RETAIL,2023-06-01,0.56,Liter,34893397-2968-4ca0-a8bc-3d586eb132ba
Milk,India,Karnataka,WHOLESALE,2023-06-01,53.14,100 liters,5b91aca9-0d94-48ec-af3f-dc8f0e52d69e
Milk,India,Madhya Pradesh,WHOLESALE,2023-06-01,63.54,100 liters,94697d34-761e-403b-a1af-cbecc7288289
Milk,India,Madhya Pradesh,RETAIL,2023-06-01,0.7,Liter,a9cc3a73-2df0-48a6-b85f-ee1eeb52c730
Milk,India,Maharashtra,RETAIL,2023-06-01,0.69,Liter,3325148d-79ac-46f5-a02a-95099621e47b
Milk,India,Maharashtra,WHOLESALE,2023-06-01,62.08,100 liters,a3f1ac52-3d0d-4b05-a897-dc25fc45e47c
Milk,India,National Average,WHOLESALE,2023-06-01,65.81,100 liters,34810c05-53d8-461c-8322-c853d3aaf3c5
Milk,India,National Average,RETAIL,2023-06-01,0.7,Liter,43ac28e5-2717-4173-8d19-13b90ff5dbe6
Milk,India,Puducherry,WHOLESALE,2023-06-01,51.07,100 liters,41fe9cde-d4e0-455d-85d4-5279c520e366
Milk,India,Puducherry,RETAIL,2023-06-01,0.54,Liter,53e6ae43-aa38-4c44-aa4c-76594c0fadd5
Milk,India,Punjab,WHOLESALE,2023-06-01,63.47,100 liters,6ef01407-babd-493b-9871-62e969e56acd
Milk,India,Punjab,RETAIL,2023-06-01,0.7,Liter,9ec5b53b-dbbb-4852-97d1-c987f62e244c
Milk,India,Tamil Nadu,WHOLESALE,2023-06-01,62.53,100 liters,2131ee16-25de-42d4-ae1b-505fd22b03ab
Milk,India,Tamil Nadu,RETAIL,2023-06-01,0.53,Liter,725f0105-ce4b-472c-a48f-82cdad56fd9c
Milk,India,Uttar Pradesh,WHOLESALE,2023-06-01,69.41,100 liters,26104e58-bd44-4fd7-85d7-d96210bba3bc
Milk,India,Uttar Pradesh,RETAIL,2023-06-01,0.75,Liter,9d7e7e25-1632-48ec-9826-adfd708bb6a7
Milk,Nepal,Biratnagar,RETAIL,2023-06-01,0.68,Liter,a7c5cff2-64de-44f3-bbf3-c32a29ebd48e
Milk,Nepal,Birendranagar,RETAIL,2023-06-01,0.7,Liter,effb518f-1a51-4370-9aef-5103685da210
Milk,Nepal,Dhangadhi,RETAIL,2023-06-01,0.68,Liter,e44d4485-0f36-424a-9193-83671eee9b98
Milk,Nepal,Hetauda,RETAIL,2023-06-01,0.91,Liter,778e9236-afca-4972-9539-788fdc3b7c26
Milk,Nepal,Janakpurdham,RETAIL,2023-06-01,0.76,Liter,dc444de5-0bb4-48e3-8c1f-87485f64237d
Milk,Nepal,Kathmandu,RETAIL,2023-06-01,0.91,Liter,e33e7ecb-c237-41df-9d9d-e187a75d5f66
Milk,Nepal,Nepalgunj,RETAIL,2023-06-01,0.76,Liter,15c5b91e-49c6-46ba-bcc1-ef0530496752
Milk,Nepal,Pokhara,RETAIL,2023-06-01,1.06,Liter,55b840b0-d937-4916-b47d-585991af739f
Milk,Tunisia,Tunis,RETAIL,2023-06-01,0.44,Liter,ea0604c0-f78e-4fdb-9abd-6acb924220ce
Milk,Ecuador,Cuenca,WHOLESALE,2023-07-01,1.0,Liter,9ded0774-9f9c-4c3f-981e-70173ab253a1
Milk,Ecuador,Guayaquil,WHOLESALE,2023-07-01,0.85,Liter,4b83440a-8202-4f13-800e-74715be3a282
Milk,Egypt,National Average,RETAIL,2023-07-01,0.7,Liter,6b8e500a-e2a6-4d5f-8774-d100d78f68c8
Milk,India,Andhra Pradesh,RETAIL,2023-07-01,0.7,Liter,177c26f9-cc5e-4954-998c-920407b7ed2b
Milk,India,Andhra Pradesh,WHOLESALE,2023-07-01,65.8,100 liters,9bd42cc6-fc7c-4edd-86da-7d044bfa81e6
Milk,India,Bihar,RETAIL,2023-07-01,0.67,Liter,3d46fd94-bee5-4617-8bd5-cf37d3f74efc
Milk,India,Bihar,WHOLESALE,2023-07-01,63.51,100 liters,f9f75db4-1b8a-4f94-b38f-3cf626a056a6
Milk,India,Chandigarh,WHOLESALE,2023-07-01,64.15,100 liters,0e41a37c-0712-48e0-a514-562b65ef629d
Milk,India,Chandigarh,RETAIL,2023-07-01,0.7,Liter,7538bf6d-4980-4164-a626-9bbc7a2a7a6c
Milk,India,Delhi,RETAIL,2023-07-01,0.65,Liter,fd7a5f7a-34b8-4b83-ba22-80acf59a34fc
Milk,India,Goa,RETAIL,2023-07-01,0.7,Liter,1c0912ca-658d-4354-a6f1-d12f805e651a
Milk,India,Gujarat,WHOLESALE,2023-07-01,65.49,100 liters,a12bbad0-0220-488f-9396-9558f9f9619c
Milk,India,Gujarat,RETAIL,2023-07-01,0.7,Liter,edff013e-a49f-429c-aedd-b12b8c183797
Milk,India,Haryana,WHOLESALE,2023-07-01,68.01,100 liters,58214e91-5e6d-4d3e-b6ea-0bbabb3fe598
Milk,India,Haryana,RETAIL,2023-07-01,0.72,Liter,ba20dd21-6119-4f95-a9d0-457f17c44d00
Milk,India,Karnataka,RETAIL,2023-07-01,0.58,Liter,34893397-2968-4ca0-a8bc-3d586eb132ba
Milk,India,Karnataka,WHOLESALE,2023-07-01,54.11,100 liters,5b91aca9-0d94-48ec-af3f-dc8f0e52d69e
Milk,India,Madhya Pradesh,WHOLESALE,2023-07-01,63.77,100 liters,94697d34-761e-403b-a1af-cbecc7288289
Milk,India,Madhya Pradesh,RETAIL,2023-07-01,0.7,Liter,a9cc3a73-2df0-48a6-b85f-ee1eeb52c730
Milk,India,Maharashtra,RETAIL,2023-07-01,0.69,Liter,3325148d-79ac-46f5-a02a-95099621e47b
Milk,India,Maharashtra,WHOLESALE,2023-07-01,62.13,100 liters,a3f1ac52-3d0d-4b05-a897-dc25fc45e47c
Milk,India,National Average,WHOLESALE,2023-07-01,66.02,100 liters,34810c05-53d8-461c-8322-c853d3aaf3c5
Milk,India,National Average,RETAIL,2023-07-01,0.7,Liter,43ac28e5-2717-4173-8d19-13b90ff5dbe6
Milk,India,Puducherry,WHOLESALE,2023-07-01,51.12,100 liters,41fe9cde-d4e0-455d-85d4-5279c520e366
Milk,India,Puducherry,RETAIL,2023-07-01,0.55,Liter,53e6ae43-aa38-4c44-aa4c-76594c0fadd5
Milk,India,Punjab,WHOLESALE,2023-07-01,63.04,100 liters,6ef01407-babd-493b-9871-62e969e56acd
Milk,India,Punjab,RETAIL,2023-07-01,0.69,Liter,9ec5b53b-dbbb-4852-97d1-c987f62e244c
Milk,India,Tamil Nadu,WHOLESALE,2023-07-01,58.81,100 liters,2131ee16-25de-42d4-ae1b-505fd22b03ab
Milk,India,Tamil Nadu,RETAIL,2023-07-01,0.55,Liter,725f0105-ce4b-472c-a48f-82cdad56fd9c
Milk,India,Uttar Pradesh,WHOLESALE,2023-07-01,69.72,100 liters,26104e58-bd44-4fd7-85d7-d96210bba3bc
Milk,India,Uttar Pradesh,RETAIL,2023-07-01,0.75,Liter,9d7e7e25-1632-48ec-9826-adfd708bb6a7
Milk,Nepal,Biratnagar,RETAIL,2023-07-01,0.68,Liter,a7c5cff2-64de-44f3-bbf3-c32a29ebd48e
Milk,Nepal,Birendranagar,RETAIL,2023-07-01,0.72,Liter,effb518f-1a51-4370-9aef-5103685da210
Milk,Nepal,Dhangadhi,RETAIL,2023-07-01,0.68,Liter,e44d4485-0f36-424a-9193-83671eee9b98
Milk,Nepal,Hetauda,RETAIL,2023-07-01,0.87,Liter,778e9236-afca-4972-9539-788fdc3b7c26
Milk,Nepal,Janakpurdham,RETAIL,2023-07-01,0.76,Liter,dc444de5-0bb4-48e3-8c1f-87485f64237d
Milk,Nepal,Kathmandu,RETAIL,2023-07-01,0.84,Liter,e33e7ecb-c237-41df-9d9d-e187a75d5f66
Milk,Nepal,Nepalgunj,RETAIL,2023-07-01,0.76,Liter,15c5b91e-49c6-46ba-bcc1-ef0530496752
Milk,Nepal,Pokhara,RETAIL,2023-07-01,0.87,Liter,55b840b0-d937-4916-b47d-585991af739f
Milk,Tunisia,Tunis,RETAIL,2023-07-01,0.44,Liter,ea0604c0-f78e-4fdb-9abd-6acb924220ce
Milk,Ecuador,Cuenca,WHOLESALE,2023-08-01,1.0,Liter,9ded0774-9f9c-4c3f-981e-70173ab253a1
Milk,Ecuador,Guayaquil,WHOLESALE,2023-08-01,0.85,Liter,4b83440a-8202-4f13-800e-74715be3a282
Milk,Egypt,National Average,RETAIL,2023-08-01,0.73,Liter,6b8e500a-e2a6-4d5f-8774-d100d78f68c8
Milk,India,Andhra Pradesh,RETAIL,2023-08-01,0.7,Liter,177c26f9-cc5e-4954-998c-920407b7ed2b
Milk,India,Andhra Pradesh,WHOLESALE,2023-08-01,65.23,100 liters,9bd42cc6-fc7c-4edd-86da-7d044bfa81e6
Milk,India,Bihar,RETAIL,2023-08-01,0.67,Liter,3d46fd94-bee5-4617-8bd5-cf37d3f74efc
Milk,India,Bihar,WHOLESALE,2023-08-01,63.14,100 liters,f9f75db4-1b8a-4f94-b38f-3cf626a056a6
Milk,India,Chandigarh,WHOLESALE,2023-08-01,64.62,100 liters,0e41a37c-0712-48e0-a514-562b65ef629d
Milk,India,Chandigarh,RETAIL,2023-08-01,0.7,Liter,7538bf6d-4980-4164-a626-9bbc7a2a7a6c
Milk,India,Delhi,RETAIL,2023-08-01,0.64,Liter,fd7a5f7a-34b8-4b83-ba22-80acf59a34fc
Milk,India,Goa,RETAIL,2023-08-01,0.69,Liter,1c0912ca-658d-4354-a6f1-d12f805e651a
Milk,India,Gujarat,WHOLESALE,2023-08-01,65.49,100 liters,a12bbad0-0220-488f-9396-9558f9f9619c
Milk,India,Gujarat,RETAIL,2023-08-01,0.7,Liter,edff013e-a49f-429c-aedd-b12b8c183797
Milk,India,Haryana,WHOLESALE,2023-08-01,67.63,100 liters,58214e91-5e6d-4d3e-b6ea-0bbabb3fe598
Milk,India,Haryana,RETAIL,2023-08-01,0.71,Liter,ba20dd21-6119-4f95-a9d0-457f17c44d00
Milk,India,Karnataka,RETAIL,2023-08-01,0.6,Liter,34893397-2968-4ca0-a8bc-3d586eb132ba
Milk,India,Karnataka,WHOLESALE,2023-08-01,56.1,100 liters,5b91aca9-0d94-48ec-af3f-dc8f0e52d69e
Milk,India,Madhya Pradesh,WHOLESALE,2023-08-01,63.5,100 liters,94697d34-761e-403b-a1af-cbecc7288289
Milk,India,Madhya Pradesh,RETAIL,2023-08-01,0.7,Liter,a9cc3a73-2df0-48a6-b85f-ee1eeb52c730
Milk,India,Maharashtra,RETAIL,2023-08-01,0.69,Liter,3325148d-79ac-46f5-a02a-95099621e47b
Milk,India,Maharashtra,WHOLESALE,2023-08-01,61.76,100 liters,a3f1ac52-3d0d-4b05-a897-dc25fc45e47c
Milk,India,National Average,WHOLESALE,2023-08-01,65.99,100 liters,34810c05-53d8-461c-8322-c853d3aaf3c5
Milk,India,National Average,RETAIL,2023-08-01,0.7,Liter,43ac28e5-2717-4173-8d19-13b90ff5dbe6
Milk,India,Puducherry,WHOLESALE,2023-08-01,50.73,100 liters,41fe9cde-d4e0-455d-85d4-5279c520e366
Milk,India,Puducherry,RETAIL,2023-08-01,0.55,Liter,53e6ae43-aa38-4c44-aa4c-76594c0fadd5
Milk,India,Punjab,WHOLESALE,2023-08-01,63.16,100 liters,6ef01407-babd-493b-9871-62e969e56acd
Milk,India,Punjab,RETAIL,2023-08-01,0.69,Liter,9ec5b53b-dbbb-4852-97d1-c987f62e244c
Milk,India,Tamil Nadu,WHOLESALE,2023-08-01,57.28,100 liters,2131ee16-25de-42d4-ae1b-505fd22b03ab
Milk,India,Tamil Nadu,RETAIL,2023-08-01,0.55,Liter,725f0105-ce4b-472c-a48f-82cdad56fd9c
Milk,India,Uttar Pradesh,WHOLESALE,2023-08-01,69.39,100 liters,26104e58-bd44-4fd7-85d7-d96210bba3bc
Milk,India,Uttar Pradesh,RETAIL,2023-08-01,0.75,Liter,9d7e7e25-1632-48ec-9826-adfd708bb6a7
Milk,Nepal,Biratnagar,RETAIL,2023-08-01,0.68,Liter,a7c5cff2-64de-44f3-bbf3-c32a29ebd48e
Milk,Nepal,Birendranagar,RETAIL,2023-08-01,0.72,Liter,effb518f-1a51-4370-9aef-5103685da210
Milk,Nepal,Dhangadhi,RETAIL,2023-08-01,0.68,Liter,e44d4485-0f36-424a-9193-83671eee9b98
Milk,Nepal,Hetauda,RETAIL,2023-08-01,0.83,Liter,778e9236-afca-4972-9539-788fdc3b7c26
Milk,Nepal,Janakpurdham,RETAIL,2023-08-01,0.72,Liter,dc444de5-0bb4-48e3-8c1f-87485f64237d
Milk,Nepal,Kathmandu,RETAIL,2023-08-01,0.91,Liter,e33e7ecb-c237-41df-9d9d-e187a75d5f66
Milk,Nepal,Nepalgunj,RETAIL,2023-08-01,0.76,Liter,15c5b91e-49c6-46ba-bcc1-ef0530496752
Milk,Nepal,Pokhara,RETAIL,2023-08-01,0.99,Liter,55b840b0-d937-4916-b47d-585991af739f
Milk,Tunisia,Tunis,RETAIL,2023-08-01,0.44,Liter,ea0604c0-f78e-4fdb-9abd-6acb924220ce
Milk,Ecuador,Cuenca,WHOLESALE,2023-09-01,1.0,Liter,9ded0774-9f9c-4c3f-981e-70173ab253a1
Milk,Ecuador,Guayaquil,WHOLESALE,2023-09-01,0.85,Liter,4b83440a-8202-4f13-800e-74715be3a282
Milk,Egypt,National Average,RETAIL,2023-09-01,0.77,Liter,6b8e500a-e2a6-4d5f-8774-d100d78f68c8
Milk,India,Andhra Pradesh,RETAIL,2023-09-01,0.7,Liter,177c26f9-cc5e-4954-998c-920407b7ed2b
Milk,India,Andhra Pradesh,WHOLESALE,2023-09-01,65.89,100 liters,9bd42cc6-fc7c-4edd-86da-7d044bfa81e6
Milk,India,Bihar,RETAIL,2023-09-01,0.67,Liter,3d46fd94-bee5-4617-8bd5-cf37d3f74efc
Milk,India,Bihar,WHOLESALE,2023-09-01,63.02,100 liters,f9f75db4-1b8a-4f94-b38f-3cf626a056a6
Milk,India,Chandigarh,WHOLESALE,2023-09-01,64.42,100 liters,0e41a37c-0712-48e0-a514-562b65ef629d
Milk,India,Chandigarh,RETAIL,2023-09-01,0.7,Liter,7538bf6d-4980-4164-a626-9bbc7a2a7a6c
Milk,India,Delhi,RETAIL,2023-09-01,0.64,Liter,fd7a5f7a-34b8-4b83-ba22-80acf59a34fc
Milk,India,Goa,RETAIL,2023-09-01,0.69,Liter,1c0912ca-658d-4354-a6f1-d12f805e651a
Milk,India,Gujarat,WHOLESALE,2023-09-01,65.88,100 liters,a12bbad0-0220-488f-9396-9558f9f9619c
Milk,India,Gujarat,RETAIL,2023-09-01,0.69,Liter,edff013e-a49f-429c-aedd-b12b8c183797
Milk,India,Haryana,WHOLESALE,2023-09-01,67.61,100 liters,58214e91-5e6d-4d3e-b6ea-0bbabb3fe598
Milk,India,Haryana,RETAIL,2023-09-01,0.71,Liter,ba20dd21-6119-4f95-a9d0-457f17c44d00
Milk,India,Karnataka,RETAIL,2023-09-01,0.6,Liter,34893397-2968-4ca0-a8bc-3d586eb132ba
Milk,India,Karnataka,WHOLESALE,2023-09-01,56.24,100 liters,5b91aca9-0d94-48ec-af3f-dc8f0e52d69e
Milk,India,Madhya Pradesh,WHOLESALE,2023-09-01,63.22,100 liters,94697d34-761e-403b-a1af-cbecc7288289
Milk,India,Madhya Pradesh,RETAIL,2023-09-01,0.7,Liter,a9cc3a73-2df0-48a6-b85f-ee1eeb52c730
Milk,India,Maharashtra,RETAIL,2023-09-01,0.7,Liter,3325148d-79ac-46f5-a02a-95099621e47b
Milk,India,Maharashtra,WHOLESALE,2023-09-01,62.47,100 liters,a3f1ac52-3d0d-4b05-a897-dc25fc45e47c
Milk,India,National Average,WHOLESALE,2023-09-01,66.14,100 liters,34810c05-53d8-461c-8322-c853d3aaf3c5
Milk,India,National Average,RETAIL,2023-09-01,0.7,Liter,43ac28e5-2717-4173-8d19-13b90ff5dbe6
Milk,India,Puducherry,WHOLESALE,2023-09-01,50.57,100 liters,41fe9cde-d4e0-455d-85d4-5279c520e366
Milk,India,Puducherry,RETAIL,2023-09-01,0.54,Liter,53e6ae43-aa38-4c44-aa4c-76594c0fadd5
Milk,India,Punjab,WHOLESALE,2023-09-01,65.41,100 liters,6ef01407-babd-493b-9871-62e969e56acd
Milk,India,Punjab,RETAIL,2023-09-01,0.71,Liter,9ec5b53b-dbbb-4852-97d1-c987f62e244c
Milk,India,Tamil Nadu,WHOLESALE,2023-09-01,57.88,100 liters,2131ee16-25de-42d4-ae1b-505fd22b03ab
Milk,India,Tamil Nadu,RETAIL,2023-09-01,0.55,Liter,725f0105-ce4b-472c-a48f-82cdad56fd9c
Milk,India,Uttar Pradesh,WHOLESALE,2023-09-01,69.18,100 liters,26104e58-bd44-4fd7-85d7-d96210bba3bc
Milk,India,Uttar Pradesh,RETAIL,2023-09-01,0.75,Liter,9d7e7e25-1632-48ec-9826-adfd708bb6a7
Milk,Nepal,Biratnagar,RETAIL,2023-09-01,0.68,Liter,a7c5cff2-64de-44f3-bbf3-c32a29ebd48e
Milk,Nepal,Birendranagar,RETAIL,2023-09-01,0.72,Liter,effb518f-1a51-4370-9aef-5103685da210
Milk,Nepal,Dhangadhi,RETAIL,2023-09-01,0.68,Liter,e44d4485-0f36-424a-9193-83671eee9b98
Milk,Nepal,Hetauda,RETAIL,2023-09-01,0.79,Liter,778e9236-afca-4972-9539-788fdc3b7c26
Milk,Nepal,Janakpurdham,RETAIL,2023-09-01,0.75,Liter,dc444de5-0bb4-48e3-8c1f-87485f64237d
Milk,Nepal,Kathmandu,RETAIL,2023-09-01,0.9,Liter,e33e7ecb-c237-41df-9d9d-e187a75d5f66
Milk,Nepal,Nepalgunj,RETAIL,2023-09-01,0.75,Liter,15c5b91e-49c6-46ba-bcc1-ef0530496752
Milk,Nepal,Pokhara,RETAIL,2023-09-01,0.98,Liter,55b840b0-d937-4916-b47d-585991af739f
Milk,Tunisia,Tunis,RETAIL,2023-09-01,0.43,Liter,ea0604c0-f78e-4fdb-9abd-6acb924220ce
Milk,Ecuador,Cuenca,WHOLESALE,2023-10-01,1.0,Liter,9ded0774-9f9c-4c3f-981e-70173ab253a1
Milk,Ecuador,Guayaquil,WHOLESALE,2023-10-01,0.85,Liter,4b83440a-8202-4f13-800e-74715be3a282
Milk,Egypt,National Average,RETAIL,2023-10-01,0.78,Liter,6b8e500a-e2a6-4d5f-8774-d100d78f68c8
Milk,India,Andhra Pradesh,RETAIL,2023-10-01,0.71,Liter,177c26f9-cc5e-4954-998c-920407b7ed2b
Milk,India,Andhra Pradesh,WHOLESALE,2023-10-01,65.39,100 liters,9bd42cc6-fc7c-4edd-86da-7d044bfa81e6
Milk,India,Bihar,RETAIL,2023-10-01,0.67,Liter,3d46fd94-bee5-4617-8bd5-cf37d3f74efc
Milk,India,Bihar,WHOLESALE,2023-10-01,62.93,100 liters,f9f75db4-1b8a-4f94-b38f-3cf626a056a6
Milk,India,Chandigarh,WHOLESALE,2023-10-01,65.84,100 liters,0e41a37c-0712-48e0-a514-562b65ef629d
Milk,India,Chandigarh,RETAIL,2023-10-01,0.71,Liter,7538bf6d-4980-4164-a626-9bbc7a2a7a6c
Milk,India,Delhi,RETAIL,2023-10-01,0.64,Liter,fd7a5f7a-34b8-4b83-ba22-80acf59a34fc
Milk,India,Goa,RETAIL,2023-10-01,0.69,Liter,1c0912ca-658d-4354-a6f1-d12f805e651a
Milk,India,Gujarat,WHOLESALE,2023-10-01,66.47,100 liters,a12bbad0-0220-488f-9396-9558f9f9619c
Milk,India,Gujarat,RETAIL,2023-10-01,0.71,Liter,edff013e-a49f-429c-aedd-b12b8c183797
Milk,India,Haryana,WHOLESALE,2023-10-01,68.33,100 liters,58214e91-5e6d-4d3e-b6ea-0bbabb3fe598
Milk,India,Haryana,RETAIL,2023-10-01,0.71,Liter,ba20dd21-6119-4f95-a9d0-457f17c44d00
Milk,India,Karnataka,RETAIL,2023-10-01,0.6,Liter,34893397-2968-4ca0-a8bc-3d586eb132ba
Milk,India,Karnataka,WHOLESALE,2023-10-01,56.13,100 liters,5b91aca9-0d94-48ec-af3f-dc8f0e52d69e
Milk,India,Madhya Pradesh,WHOLESALE,2023-10-01,63.2,100 liters,94697d34-761e-403b-a1af-cbecc7288289
Milk,India,Madhya Pradesh,RETAIL,2023-10-01,0.69,Liter,a9cc3a73-2df0-48a6-b85f-ee1eeb52c730
Milk,India,Maharashtra,RETAIL,2023-10-01,0.7,Liter,3325148d-79ac-46f5-a02a-95099621e47b
Milk,India,Maharashtra,WHOLESALE,2023-10-01,62.56,100 liters,a3f1ac52-3d0d-4b05-a897-dc25fc45e47c
Milk,India,National Average,WHOLESALE,2023-10-01,66.09,100 liters,34810c05-53d8-461c-8322-c853d3aaf3c5
Milk,India,National Average,RETAIL,2023-10-01,0.7,Liter,43ac28e5-2717-4173-8d19-13b90ff5dbe6
Milk,India,Puducherry,WHOLESALE,2023-10-01,50.46,100 liters,41fe9cde-d4e0-455d-85d4-5279c520e366
Milk,India,Puducherry,RETAIL,2023-10-01,0.55,Liter,53e6ae43-aa38-4c44-aa4c-76594c0fadd5
Milk,India,Punjab,WHOLESALE,2023-10-01,65.07,100 liters,6ef01407-babd-493b-9871-62e969e56acd
Milk,India,Punjab,RETAIL,2023-10-01,0.71,Liter,9ec5b53b-dbbb-4852-97d1-c987f62e244c
Milk,India,Tamil Nadu,WHOLESALE,2023-10-01,57.2,100 liters,2131ee16-25de-42d4-ae1b-505fd22b03ab
Milk,India,Tamil Nadu,RETAIL,2023-10-01,0.55,Liter,725f0105-ce4b-472c-a48f-82cdad56fd9c
Milk,India,Uttar Pradesh,WHOLESALE,2023-10-01,69.39,100 liters,26104e58-bd44-4fd7-85d7-d96210bba3bc
Milk,India,Uttar Pradesh,RETAIL,2023-10-01,0.75,Liter,9d7e7e25-1632-48ec-9826-adfd708bb6a7
Milk,Nepal,Biratnagar,RETAIL,2023-10-01,0.71,Liter,a7c5cff2-64de-44f3-bbf3-c32a29ebd48e
Milk,Nepal,Birendranagar,RETAIL,2023-10-01,0.71,Liter,effb518f-1a51-4370-9aef-5103685da210
Milk,Nepal,Dhangadhi,RETAIL,2023-10-01,0.71,Liter,e44d4485-0f36-424a-9193-83671eee9b98
Milk,Nepal,Hetauda,RETAIL,2023-10-01,0.79,Liter,778e9236-afca-4972-9539-788fdc3b7c26
Milk,Nepal,Janakpurdham,RETAIL,2023-10-01,0.75,Liter,dc444de5-0bb4-48e3-8c1f-87485f64237d
Milk,Nepal,Kathmandu,RETAIL,2023-10-01,0.9,Liter,e33e7ecb-c237-41df-9d9d-e187a75d5f66
Milk,Nepal,Nepalgunj,RETAIL,2023-10-01,0.75,Liter,15c5b91e-49c6-46ba-bcc1-ef0530496752
Milk,Nepal,Pokhara,RETAIL,2023-10-01,0.75,Liter,55b840b0-d937-4916-b47d-585991af739f
Milk,Tunisia,Tunis,RETAIL,2023-10-01,0.42,Liter,ea0604c0-f78e-4fdb-9abd-6acb924220ce
Milk,Ecuador,Cuenca,WHOLESALE,2023-11-01,1.0,Liter,9ded0774-9f9c-4c3f-981e-70173ab253a1
Milk,Ecuador,Guayaquil,WHOLESALE,2023-11-01,0.85,Liter,4b83440a-8202-4f13-800e-74715be3a282
Milk,Egypt,National Average,RETAIL,2023-11-01,0.8,Liter,6b8e500a-e2a6-4d5f-8774-d100d78f68c8
Milk,India,Andhra Pradesh,RETAIL,2023-11-01,0.71,Liter,177c26f9-cc5e-4954-998c-920407b7ed2b
Milk,India,Andhra Pradesh,WHOLESALE,2023-11-01,65.43,100 liters,9bd42cc6-fc7c-4edd-86da-7d044bfa81e6
Milk,India,Bihar,RETAIL,2023-11-01,0.67,Liter,3d46fd94-bee5-4617-8bd5-cf37d3f74efc
Milk,India,Bihar,WHOLESALE,2023-11-01,62.87,100 liters,f9f75db4-1b8a-4f94-b38f-3cf626a056a6
Milk,India,Chandigarh,WHOLESALE,2023-11-01,66.03,100 liters,0e41a37c-0712-48e0-a514-562b65ef629d
Milk,India,Chandigarh,RETAIL,2023-11-01,0.71,Liter,7538bf6d-4980-4164-a626-9bbc7a2a7a6c
Milk,India,Delhi,RETAIL,2023-11-01,0.64,Liter,fd7a5f7a-34b8-4b83-ba22-80acf59a34fc
Milk,India,Goa,RETAIL,2023-11-01,0.69,Liter,1c0912ca-658d-4354-a6f1-d12f805e651a
Milk,India,Gujarat,WHOLESALE,2023-11-01,66.3,100 liters,a12bbad0-0220-488f-9396-9558f9f9619c
Milk,India,Gujarat,RETAIL,2023-11-01,0.7,Liter,edff013e-a49f-429c-aedd-b12b8c183797
Milk,India,Haryana,WHOLESALE,2023-11-01,68.47,100 liters,58214e91-5e6d-4d3e-b6ea-0bbabb3fe598
Milk,India,Haryana,RETAIL,2023-11-01,0.71,Liter,ba20dd21-6119-4f95-a9d0-457f17c44d00
Milk,India,Karnataka,RETAIL,2023-11-01,0.6,Liter,34893397-2968-4ca0-a8bc-3d586eb132ba
Milk,India,Karnataka,WHOLESALE,2023-11-01,56.3,100 liters,5b91aca9-0d94-48ec-af3f-dc8f0e52d69e
Milk,India,Madhya Pradesh,WHOLESALE,2023-11-01,63.1,100 liters,94697d34-761e-403b-a1af-cbecc7288289
Milk,India,Madhya Pradesh,RETAIL,2023-11-01,0.69,Liter,a9cc3a73-2df0-48a6-b85f-ee1eeb52c730
Milk,India,Maharashtra,RETAIL,2023-11-01,0.71,Liter,3325148d-79ac-46f5-a02a-95099621e47b
Milk,India,Maharashtra,WHOLESALE,2023-11-01,62.96,100 liters,a3f1ac52-3d0d-4b05-a897-dc25fc45e47c
Milk,India,National Average,WHOLESALE,2023-11-01,66.11,100 liters,34810c05-53d8-461c-8322-c853d3aaf3c5
Milk,India,National Average,RETAIL,2023-11-01,0.7,Liter,43ac28e5-2717-4173-8d19-13b90ff5dbe6
Milk,India,Puducherry,WHOLESALE,2023-11-01,50.42,100 liters,41fe9cde-d4e0-455d-85d4-5279c520e366
Milk,India,Puducherry,RETAIL,2023-11-01,0.55,Liter,53e6ae43-aa38-4c44-aa4c-76594c0fadd5
Milk,India,Punjab,WHOLESALE,2023-11-01,65.07,100 liters,6ef01407-babd-493b-9871-62e969e56acd
Milk,India,Punjab,RETAIL,2023-11-01,0.71,Liter,9ec5b53b-dbbb-4852-97d1-c987f62e244c
Milk,India,Tamil Nadu,WHOLESALE,2023-11-01,59.61,100 liters,2131ee16-25de-42d4-ae1b-505fd22b03ab
Milk,India,Tamil Nadu,RETAIL,2023-11-01,0.56,Liter,725f0105-ce4b-472c-a48f-82cdad56fd9c
Milk,India,Uttar Pradesh,WHOLESALE,2023-11-01,69.35,100 liters,26104e58-bd44-4fd7-85d7-d96210bba3bc
Milk,India,Uttar Pradesh,RETAIL,2023-11-01,0.75,Liter,9d7e7e25-1632-48ec-9826-adfd708bb6a7
Milk,Nepal,Biratnagar,RETAIL,2023-11-01,0.75,Liter,a7c5cff2-64de-44f3-bbf3-c32a29ebd48e
Milk,Nepal,Birendranagar,RETAIL,2023-11-01,0.71,Liter,effb518f-1a51-4370-9aef-5103685da210
Milk,Nepal,Dhangadhi,RETAIL,2023-11-01,0.68,Liter,e44d4485-0f36-424a-9193-83671eee9b98
Milk,Nepal,Hetauda,RETAIL,2023-11-01,0.75,Liter,778e9236-afca-4972-9539-788fdc3b7c26
Milk,Nepal,Janakpurdham,RETAIL,2023-11-01,0.75,Liter,dc444de5-0bb4-48e3-8c1f-87485f64237d
Milk,Nepal,Kathmandu,RETAIL,2023-11-01,0.9,Liter,e33e7ecb-c237-41df-9d9d-e187a75d5f66
Milk,Nepal,Nepalgunj,RETAIL,2023-11-01,0.75,Liter,15c5b91e-49c6-46ba-bcc1-ef0530496752
Milk,Nepal,Pokhara,RETAIL,2023-11-01,0.98,Liter,55b840b0-d937-4916-b47d-585991af739f
Milk,Tunisia,Tunis,RETAIL,2023-11-01,0.43,Liter,ea0604c0-f78e-4fdb-9abd-6acb924220ce
Milk,Ecuador,Cuenca,WHOLESALE,2023-12-01,1.0,Liter,9ded0774-9f9c-4c3f-981e-70173ab253a1
Milk,Ecuador,Guayaquil,WHOLESALE,2023-12-01,0.86,Liter,4b83440a-8202-4f13-800e-74715be3a282
Milk,Egypt,National Average,RETAIL,2023-12-01,0.82,Liter,6b8e500a-e2a6-4d5f-8774-d100d78f68c8
Milk,India,Andhra Pradesh,RETAIL,2023-12-01,0.72,Liter,177c26f9-cc5e-4954-998c-920407b7ed2b
Milk,India,Andhra Pradesh,WHOLESALE,2023-12-01,65.64,100 liters,9bd42cc6-fc7c-4edd-86da-7d044bfa81e6
Milk,India,Bihar,RETAIL,2023-12-01,0.67,Liter,3d46fd94-bee5-4617-8bd5-cf37d3f74efc
Milk,India,Bihar,WHOLESALE,2023-12-01,62.82,100 liters,f9f75db4-1b8a-4f94-b38f-3cf626a056a6
Milk,India,Chandigarh,WHOLESALE,2023-12-01,66.04,100 liters,0e41a37c-0712-48e0-a514-562b65ef629d
Milk,India,Chandigarh,RETAIL,2023-12-01,0.71,Liter,7538bf6d-4980-4164-a626-9bbc7a2a7a6c
Milk,India,Delhi,RETAIL,2023-12-01,0.65,Liter,fd7a5f7a-34b8-4b83-ba22-80acf59a34fc
Milk,India,Goa,RETAIL,2023-12-01,0.69,Liter,1c0912ca-658d-4354-a6f1-d12f805e651a
Milk,India,Gujarat,WHOLESALE,2023-12-01,67.11,100 liters,a12bbad0-0220-488f-9396-9558f9f9619c
Milk,India,Gujarat,RETAIL,2023-12-01,0.71,Liter,edff013e-a49f-429c-aedd-b12b8c183797
Milk,India,Haryana,WHOLESALE,2023-12-01,68.9,100 liters,58214e91-5e6d-4d3e-b6ea-0bbabb3fe598
Milk,India,Haryana,RETAIL,2023-12-01,0.72,Liter,ba20dd21-6119-4f95-a9d0-457f17c44d00
Milk,India,Karnataka,RETAIL,2023-12-01,0.6,Liter,34893397-2968-4ca0-a8bc-3d586eb132ba
Milk,India,Karnataka,WHOLESALE,2023-12-01,56.19,100 liters,5b91aca9-0d94-48ec-af3f-dc8f0e52d69e
Milk,India,Madhya Pradesh,WHOLESALE,2023-12-01,63.14,100 liters,94697d34-761e-403b-a1af-cbecc7288289
Milk,India,Madhya Pradesh,RETAIL,2023-12-01,0.69,Liter,a9cc3a73-2df0-48a6-b85f-ee1eeb52c730
Milk,India,Maharashtra,RETAIL,2023-12-01,0.71,Liter,3325148d-79ac-46f5-a02a-95099621e47b
Milk,India,Maharashtra,WHOLESALE,2023-12-01,63.11,100 liters,a3f1ac52-3d0d-4b05-a897-dc25fc45e47c
Milk,India,National Average,WHOLESALE,2023-12-01,66.02,100 liters,34810c05-53d8-461c-8322-c853d3aaf3c5
Milk,India,National Average,RETAIL,2023-12-01,0.7,Liter,43ac28e5-2717-4173-8d19-13b90ff5dbe6
Milk,India,Puducherry,WHOLESALE,2023-12-01,50.43,100 liters,41fe9cde-d4e0-455d-85d4-5279c520e366
Milk,India,Puducherry,RETAIL,2023-12-01,0.56,Liter,53e6ae43-aa38-4c44-aa4c-76594c0fadd5
Milk,India,Punjab,WHOLESALE,2023-12-01,65.1,100 liters,6ef01407-babd-493b-9871-62e969e56acd
Milk,India,Punjab,RETAIL,2023-12-01,0.71,Liter,9ec5b53b-dbbb-4852-97d1-c987f62e244c
Milk,India,Tamil Nadu,WHOLESALE,2023-12-01,59.63,100 liters,2131ee16-25de-42d4-ae1b-505fd22b03ab
Milk,India,Tamil Nadu,RETAIL,2023-12-01,0.56,Liter,725f0105-ce4b-472c-a48f-82cdad56fd9c
Milk,India,Uttar Pradesh,WHOLESALE,2023-12-01,69.39,100 liters,26104e58-bd44-4fd7-85d7-d96210bba3bc
Milk,India,Uttar Pradesh,RETAIL,2023-12-01,0.75,Liter,9d7e7e25-1632-48ec-9826-adfd708bb6a7
Milk,Nepal,Biratnagar,RETAIL,2023-12-01,0.75,Liter,a7c5cff2-64de-44f3-bbf3-c32a29ebd48e
Milk,Nepal,Birendranagar,RETAIL,2023-12-01,0.7,Liter,effb518f-1a51-4370-9aef-5103685da210
Milk,Nepal,Dhangadhi,RETAIL,2023-12-01,0.67,Liter,e44d4485-0f36-424a-9193-83671eee9b98
Milk,Nepal,Hetauda,RETAIL,2023-12-01,0.75,Liter,778e9236-afca-4972-9539-788fdc3b7c26
Milk,Nepal,Janakpurdham,RETAIL,2023-12-01,0.75,Liter,dc444de5-0bb4-48e3-8c1f-87485f64237d
Milk,Nepal,Kathmandu,RETAIL,2023-12-01,0.82,Liter,e33e7ecb-c237-41df-9d9d-e187a75d5f66
Milk,Nepal,Nepalgunj,RETAIL,2023-12-01,0.75,Liter,15c5b91e-49c6-46ba-bcc1-ef0530496752
Milk,Nepal,Pokhara,RETAIL,2023-12-01,1.01,Liter,55b840b0-d937-4916-b47d-585991af739f
Milk,Tunisia,Tunis,RETAIL,2023-12-01,0.44,Liter,ea0604c0-f78e-4fdb-9abd-6acb924220ce
Milk,Ecuador,Cuenca,WHOLESALE,2024-01-01,1.0,Liter,9ded0774-9f9c-4c3f-981e-70173ab253a1
Milk,Ecuador,Guayaquil,WHOLESALE,2024-01-01,0.85,Liter,4b83440a-8202-4f13-800e-74715be3a282
Milk,Egypt,National Average,RETAIL,2024-01-01,0.85,Liter,6b8e500a-e2a6-4d5f-8774-d100d78f68c8
Milk,India,Andhra Pradesh,RETAIL,2024-01-01,0.72,Liter,177c26f9-cc5e-4954-998c-920407b7ed2b
Milk,India,Andhra Pradesh,WHOLESALE,2024-01-01,65.85,100 liters,9bd42cc6-fc7c-4edd-86da-7d044bfa81e6
Milk,India,Bihar,RETAIL,2024-01-01,0.67,Liter,3d46fd94-bee5-4617-8bd5-cf37d3f74efc
Milk,India,Bihar,WHOLESALE,2024-01-01,62.73,100 liters,f9f75db4-1b8a-4f94-b38f-3cf626a056a6
Milk,India,Chandigarh,WHOLESALE,2024-01-01,66.17,100 liters,0e41a37c-0712-48e0-a514-562b65ef629d
Milk,India,Chandigarh,RETAIL,2024-01-01,0.71,Liter,7538bf6d-4980-4164-a626-9bbc7a2a7a6c
Milk,India,Delhi,RETAIL,2024-01-01,0.65,Liter,fd7a5f7a-34b8-4b83-ba22-80acf59a34fc
Milk,India,Goa,RETAIL,2024-01-01,0.69,Liter,1c0912ca-658d-4354-a6f1-d12f805e651a
Milk,India,Gujarat,WHOLESALE,2024-01-01,68.09,100 liters,a12bbad0-0220-488f-9396-9558f9f9619c
Milk,India,Gujarat,RETAIL,2024-01-01,0.73,Liter,edff013e-a49f-429c-aedd-b12b8c183797
Milk,India,Haryana,WHOLESALE,2024-01-01,68.98,100 liters,58214e91-5e6d-4d3e-b6ea-0bbabb3fe598
Milk,India,Haryana,RETAIL,2024-01-01,0.72,Liter,ba20dd21-6119-4f95-a9d0-457f17c44d00
Milk,India,Karnataka,RETAIL,2024-01-01,0.61,Liter,34893397-2968-4ca0-a8bc-3d586eb132ba
Milk,India,Karnataka,WHOLESALE,2024-01-01,56.35,100 liters,5b91aca9-0d94-48ec-af3f-dc8f0e52d69e
Milk,India,Madhya Pradesh,WHOLESALE,2024-01-01,63.03,100 liters,94697d34-761e-403b-a1af-cbecc7288289
Milk,India,Madhya Pradesh,RETAIL,2024-01-01,0.69,Liter,a9cc3a73-2df0-48a6-b85f-ee1eeb52c730
Milk,India,Maharashtra,RETAIL,2024-01-01,0.71,Liter,3325148d-79ac-46f5-a02a-95099621e47b
Milk,India,Maharashtra,WHOLESALE,2024-01-01,62.97,100 liters,a3f1ac52-3d0d-4b05-a897-dc25fc45e47c
Milk,India,National Average,WHOLESALE,2024-01-01,66.19,100 liters,34810c05-53d8-461c-8322-c853d3aaf3c5
Milk,India,National Average,RETAIL,2024-01-01,0.7,Liter,43ac28e5-2717-4173-8d19-13b90ff5dbe6
Milk,India,Puducherry,WHOLESALE,2024-01-01,50.53,100 liters,41fe9cde-d4e0-455d-85d4-5279c520e366
Milk,India,Puducherry,RETAIL,2024-01-01,0.57,Liter,53e6ae43-aa38-4c44-aa4c-76594c0fadd5
Milk,India,Punjab,WHOLESALE,2024-01-01,64.7,100 liters,6ef01407-babd-493b-9871-62e969e56acd
Milk,India,Punjab,RETAIL,2024-01-01,0.71,Liter,9ec5b53b-dbbb-4852-97d1-c987f62e244c
Milk,India,Tamil Nadu,WHOLESALE,2024-01-01,59.11,100 liters,2131ee16-25de-42d4-ae1b-505fd22b03ab
Milk,India,Tamil Nadu,RETAIL,2024-01-01,0.56,Liter,725f0105-ce4b-472c-a48f-82cdad56fd9c
Milk,India,Uttar Pradesh,WHOLESALE,2024-01-01,69.49,100 liters,26104e58-bd44-4fd7-85d7-d96210bba3bc
Milk,India,Uttar Pradesh,RETAIL,2024-01-01,0.75,Liter,9d7e7e25-1632-48ec-9826-adfd708bb6a7
Milk,Nepal,Biratnagar,RETAIL,2024-01-01,0.71,Liter,a7c5cff2-64de-44f3-bbf3-c32a29ebd48e
Milk,Nepal,Birendranagar,RETAIL,2024-01-01,0.71,Liter,effb518f-1a51-4370-9aef-5103685da210
Milk,Nepal,Dhangadhi,RETAIL,2024-01-01,0.68,Liter,e44d4485-0f36-424a-9193-83671eee9b98
Milk,Nepal,Hetauda,RETAIL,2024-01-01,0.9,Liter,778e9236-afca-4972-9539-788fdc3b7c26
Milk,Nepal,Janakpurdham,RETAIL,2024-01-01,0.75,Liter,dc444de5-0bb4-48e3-8c1f-87485f64237d
Milk,Nepal,Kathmandu,RETAIL,2024-01-01,0.9,Liter,e33e7ecb-c237-41df-9d9d-e187a75d5f66
Milk,Nepal,Nepalgunj,RETAIL,2024-01-01,0.75,Liter,15c5b91e-49c6-46ba-bcc1-ef0530496752
Milk,Nepal,Pokhara,RETAIL,2024-01-01,0.98,Liter,55b840b0-d937-4916-b47d-585991af739f
Milk,Tunisia,Tunis,RETAIL,2024-01-01,0.44,Liter,ea0604c0-f78e-4fdb-9abd-6acb924220ce
Milk,Ecuador,Cuenca,WHOLESALE,2024-02-01,1.0,Liter,9ded0774-9f9c-4c3f-981e-70173ab253a1
Milk,Ecuador,Guayaquil,WHOLESALE,2024-02-01,0.85,Liter,4b83440a-8202-4f13-800e-74715be3a282
Milk,Egypt,National Average,RETAIL,2024-02-01,0.94,Liter,6b8e500a-e2a6-4d5f-8774-d100d78f68c8
Milk,India,Andhra Pradesh,RETAIL,2024-02-01,0.72,Liter,177c26f9-cc5e-4954-998c-920407b7ed2b
Milk,India,Bihar,RETAIL,2024-02-01,0.67,Liter,3d46fd94-bee5-4617-8bd5-cf37d3f74efc
Milk,India,Chandigarh,RETAIL,2024-02-01,0.71,Liter,7538bf6d-4980-4164-a626-9bbc7a2a7a6c
Milk,India,Delhi,RETAIL,2024-02-01,0.65,Liter,fd7a5f7a-34b8-4b83-ba22-80acf59a34fc
Milk,India,Goa,RETAIL,2024-02-01,0.71,Liter,1c0912ca-658d-4354-a6f1-d12f805e651a
Milk,India,Gujarat,RETAIL,2024-02-01,0.72,Liter,edff013e-a49f-429c-aedd-b12b8c183797
Milk,India,Haryana,RETAIL,2024-02-01,0.72,Liter,ba20dd21-6119-4f95-a9d0-457f17c44d00
Milk,India,Karnataka,RETAIL,2024-02-01,0.61,Liter,34893397-2968-4ca0-a8bc-3d586eb132ba
Milk,India,Madhya Pradesh,RETAIL,2024-02-01,0.69,Liter,a9cc3a73-2df0-48a6-b85f-ee1eeb52c730
Milk,India,Maharashtra,RETAIL,2024-02-01,0.71,Liter,3325148d-79ac-46f5-a02a-95099621e47b
Milk,India,National Average,RETAIL,2024-02-01,0.7,Liter,43ac28e5-2717-4173-8d19-13b90ff5dbe6
Milk,India,Puducherry,RETAIL,2024-02-01,0.58,Liter,53e6ae43-aa38-4c44-aa4c-76594c0fadd5
Milk,India,Punjab,RETAIL,2024-02-01,0.71,Liter,9ec5b53b-dbbb-4852-97d1-c987f62e244c
Milk,India,Tamil Nadu,RETAIL,2024-02-01,0.57,Liter,725f0105-ce4b-472c-a48f-82cdad56fd9c
Milk,India,Uttar Pradesh,RETAIL,2024-02-01,0.75,Liter,9d7e7e25-1632-48ec-9826-adfd708bb6a7
Milk,Nepal,Biratnagar,RETAIL,2024-02-01,0.6,Liter,a7c5cff2-64de-44f3-bbf3-c32a29ebd48e
Milk,Nepal,Birendranagar,RETAIL,2024-02-01,0.71,Liter,effb518f-1a51-4370-9aef-5103685da210
Milk,Nepal,Dhangadhi,RETAIL,2024-02-01,0.68,Liter,e44d4485-0f36-424a-9193-83671eee9b98
Milk,Nepal,Hetauda,RETAIL,2024-02-01,0.71,Liter,778e9236-afca-4972-9539-788fdc3b7c26
Milk,Nepal,Janakpurdham,RETAIL,2024-02-01,0.75,Liter,dc444de5-0bb4-48e3-8c1f-87485f64237d
Milk,Nepal,Kathmandu,RETAIL,2024-02-01,0.9,Liter,e33e7ecb-c237-41df-9d9d-e187a75d5f66
Milk,Nepal,Nepalgunj,RETAIL,2024-02-01,0.75,Liter,15c5b91e-49c6-46ba-bcc1-ef0530496752
Milk,Nepal,Pokhara,RETAIL,2024-02-01,0.9,Liter,55b840b0-d937-4916-b47d-585991af739f
Milk,Tunisia,Tunis,RETAIL,2024-02-01,0.43,Liter,ea0604c0-f78e-4fdb-9abd-6acb924220ce
Milk,Ecuador,Guayaquil,WHOLESALE,2024-03-01,0.85,Liter,4b83440a-8202-4f13-800e-74715be3a282
Milk,Egypt,National Average,RETAIL,2024-03-01,0.65,Liter,6b8e500a-e2a6-4d5f-8774-d100d78f68c8
Milk,India,Andhra Pradesh,RETAIL,2024-03-01,0.73,Liter,177c26f9-cc5e-4954-998c-920407b7ed2b
Milk,India,Bihar,RETAIL,2024-03-01,0.67,Liter,3d46fd94-bee5-4617-8bd5-cf37d3f74efc
Milk,India,Chandigarh,RETAIL,2024-03-01,0.71,Liter,7538bf6d-4980-4164-a626-9bbc7a2a7a6c
Milk,India,Delhi,RETAIL,2024-03-01,0.65,Liter,fd7a5f7a-34b8-4b83-ba22-80acf59a34fc
Milk,India,Goa,RETAIL,2024-03-01,0.7,Liter,1c0912ca-658d-4354-a6f1-d12f805e651a
Milk,India,Gujarat,RETAIL,2024-03-01,0.72,Liter,edff013e-a49f-429c-aedd-b12b8c183797
Milk,India,Haryana,RETAIL,2024-03-01,0.72,Liter,ba20dd21-6119-4f95-a9d0-457f17c44d00
Milk,India,Karnataka,RETAIL,2024-03-01,0.61,Liter,34893397-2968-4ca0-a8bc-3d586eb132ba
Milk,India,Madhya Pradesh,RETAIL,2024-03-01,0.69,Liter,a9cc3a73-2df0-48a6-b85f-ee1eeb52c730
Milk,India,Maharashtra,RETAIL,2024-03-01,0.71,Liter,3325148d-79ac-46f5-a02a-95099621e47b
Milk,India,National Average,RETAIL,2024-03-01,0.71,Liter,43ac28e5-2717-4173-8d19-13b90ff5dbe6
Milk,India,Puducherry,RETAIL,2024-03-01,0.58,Liter,53e6ae43-aa38-4c44-aa4c-76594c0fadd5
Milk,India,Punjab,RETAIL,2024-03-01,0.71,Liter,9ec5b53b-dbbb-4852-97d1-c987f62e244c
Milk,India,Tamil Nadu,RETAIL,2024-03-01,0.57,Liter,725f0105-ce4b-472c-a48f-82cdad56fd9c
Milk,India,Uttar Pradesh,RETAIL,2024-03-01,0.75,Liter,9d7e7e25-1632-48ec-9826-adfd708bb6a7
Milk,Nepal,Biratnagar,RETAIL,2024-03-01,0.6,Liter,a7c5cff2-64de-44f3-bbf3-c32a29ebd48e
Milk,Nepal,Birendranagar,RETAIL,2024-03-01,0.72,Liter,effb518f-1a51-4370-9aef-5103685da210
Milk,Nepal,Dhangadhi,RETAIL,2024-03-01,0.68,Liter,e44d4485-0f36-424a-9193-83671eee9b98
Milk,Nepal,Janakpurdham,RETAIL,2024-03-01,0.75,Liter,dc444de5-0bb4-48e3-8c1f-87485f64237d
Milk,Nepal,Kathmandu,RETAIL,2024-03-01,0.83,Liter,e33e7ecb-c237-41df-9d9d-e187a75d5f66
Milk,Nepal,Nepalgunj,RETAIL,2024-03-01,0.75,Liter,15c5b91e-49c6-46ba-bcc1-ef0530496752
Milk,Nepal,Pokhara,RETAIL,2024-03-01,0.9,Liter,55b840b0-d937-4916-b47d-585991af739f
Milk,Tunisia,Tunis,RETAIL,2024-03-01,0.43,Liter,ea0604c0-f78e-4fdb-9abd-6acb924220ce
Milk,Ecuador,Guayaquil,WHOLESALE,2024-04-01,0.85,Liter,4b83440a-8202-4f13-800e-74715be3a282
Milk,Egypt,National Average,RETAIL,2024-04-01,0.63,Liter,6b8e500a-e2a6-4d5f-8774-d100d78f68c8
Milk,India,Andhra Pradesh,RETAIL,2024-04-01,0.72,Liter,177c26f9-cc5e-4954-998c-920407b7ed2b
Milk,India,Andhra Pradesh,WHOLESALE,2024-04-01,65.55,100 liters,9bd42cc6-fc7c-4edd-86da-7d044bfa81e6
Milk,India,Bihar,RETAIL,2024-04-01,0.67,Liter,3d46fd94-bee5-4617-8bd5-cf37d3f74efc
Milk,India,Bihar,WHOLESALE,2024-04-01,62.73,100 liters,f9f75db4-1b8a-4f94-b38f-3cf626a056a6
Milk,India,Chandigarh,WHOLESALE,2024-04-01,65.94,100 liters,0e41a37c-0712-48e0-a514-562b65ef629d
Milk,India,Chandigarh,RETAIL,2024-04-01,0.71,Liter,7538bf6d-4980-4164-a626-9bbc7a2a7a6c
Milk,India,Delhi,RETAIL,2024-04-01,0.65,Liter,fd7a5f7a-34b8-4b83-ba22-80acf59a34fc
Milk,India,Goa,RETAIL,2024-04-01,0.69,Liter,1c0912ca-658d-4354-a6f1-d12f805e651a
Milk,India,Gujarat,WHOLESALE,2024-04-01,66.64,100 liters,a12bbad0-0220-488f-9396-9558f9f9619c
Milk,India,Gujarat,RETAIL,2024-04-01,0.72,Liter,edff013e-a49f-429c-aedd-b12b8c183797
Milk,India,Haryana,WHOLESALE,2024-04-01,68.74,100 liters,58214e91-5e6d-4d3e-b6ea-0bbabb3fe598
Milk,India,Haryana,RETAIL,2024-04-01,0.72,Liter,ba20dd21-6119-4f95-a9d0-457f17c44d00
Milk,India,Karnataka,RETAIL,2024-04-01,0.6,Liter,34893397-2968-4ca0-a8bc-3d586eb132ba
Milk,India,Karnataka,WHOLESALE,2024-04-01,56.12,100 liters,5b91aca9-0d94-48ec-af3f-dc8f0e52d69e
Milk,India,Madhya Pradesh,WHOLESALE,2024-04-01,63.15,100 liters,94697d34-761e-403b-a1af-cbecc7288289
Milk,India,Madhya Pradesh,RETAIL,2024-04-01,0.69,Liter,a9cc3a73-2df0-48a6-b85f-ee1eeb52c730
Milk,India,Maharashtra,RETAIL,2024-04-01,0.71,Liter,3325148d-79ac-46f5-a02a-95099621e47b
Milk,India,Maharashtra,WHOLESALE,2024-04-01,62.84,100 liters,a3f1ac52-3d0d-4b05-a897-dc25fc45e47c
Milk,India,National Average,WHOLESALE,2024-04-01,66.12,100 liters,34810c05-53d8-461c-8322-c853d3aaf3c5
Milk,India,National Average,RETAIL,2024-04-01,0.7,Liter,43ac28e5-2717-4173-8d19-13b90ff5dbe6
Milk,India,Puducherry,WHOLESALE,2024-04-01,51.56,100 liters,41fe9cde-d4e0-455d-85d4-5279c520e366
Milk,India,Puducherry,RETAIL,2024-04-01,0.58,Liter,53e6ae43-aa38-4c44-aa4c-76594c0fadd5
Milk,India,Punjab,WHOLESALE,2024-04-01,64.4,100 liters,6ef01407-babd-493b-9871-62e969e56acd
Milk,India,Punjab,RETAIL,2024-04-01,0.71,Liter,9ec5b53b-dbbb-4852-97d1-c987f62e244c
Milk,India,Tamil Nadu,WHOLESALE,2024-04-01,59.11,100 liters,2131ee16-25de-42d4-ae1b-505fd22b03ab
Milk,India,Tamil Nadu,RETAIL,2024-04-01,0.56,Liter,725f0105-ce4b-472c-a48f-82cdad56fd9c
Milk,India,Uttar Pradesh,WHOLESALE,2024-04-01,69.19,100 liters,26104e58-bd44-4fd7-85d7-d96210bba3bc
Milk,India,Uttar Pradesh,RETAIL,2024-04-01,0.75,Liter,9d7e7e25-1632-48ec-9826-adfd708bb6a7
Milk,Nepal,Biratnagar,RETAIL,2024-04-01,0.6,Liter,a7c5cff2-64de-44f3-bbf3-c32a29ebd48e
Milk,Nepal,Birendranagar,RETAIL,2024-04-01,0.71,Liter,effb518f-1a51-4370-9aef-5103685da210
Milk,Nepal,Dhangadhi,RETAIL,2024-04-01,0.68,Liter,e44d4485-0f36-424a-9193-83671eee9b98
Milk,Nepal,Hetauda,RETAIL,2024-04-01,0.62,Liter,778e9236-afca-4972-9539-788fdc3b7c26
Milk,Nepal,Janakpurdham,RETAIL,2024-04-01,0.75,Liter,dc444de5-0bb4-48e3-8c1f-87485f64237d
Milk,Nepal,Kathmandu,RETAIL,2024-04-01,0.9,Liter,e33e7ecb-c237-41df-9d9d-e187a75d5f66
Milk,Nepal,Nepalgunj,RETAIL,2024-04-01,0.75,Liter,15c5b91e-49c6-46ba-bcc1-ef0530496752
Milk,Nepal,Pokhara,RETAIL,2024-04-01,0.9,Liter,55b840b0-d937-4916-b47d-585991af739f
Milk,Tunisia,Tunis,RETAIL,2024-04-01,0.43,Liter,ea0604c0-f78e-4fdb-9abd-6acb924220ce
Milk,Ecuador,Guayaquil,WHOLESALE,2024-05-01,0.85,Liter,4b83440a-8202-4f13-800e-74715be3a282
Milk,Egypt,National Average,RETAIL,2024-05-01,0.64,Liter,6b8e500a-e2a6-4d5f-8774-d100d78f68c8
Milk,India,Andhra Pradesh,RETAIL,2024-05-01,0.72,Liter,177c26f9-cc5e-4954-998c-920407b7ed2b
Milk,India,Andhra Pradesh,WHOLESALE,2024-05-01,65.38,100 liters,9bd42cc6-fc7c-4edd-86da-7d044bfa81e6
Milk,India,Bihar,RETAIL,2024-05-01,0.67,Liter,3d46fd94-bee5-4617-8bd5-cf37d3f74efc
Milk,India,Bihar,WHOLESALE,2024-05-01,62.37,100 liters,f9f75db4-1b8a-4f94-b38f-3cf626a056a6
Milk,India,Chandigarh,WHOLESALE,2024-05-01,65.95,100 liters,0e41a37c-0712-48e0-a514-562b65ef629d
Milk,India,Chandigarh,RETAIL,2024-05-01,0.71,Liter,7538bf6d-4980-4164-a626-9bbc7a2a7a6c
Milk,India,Delhi,RETAIL,2024-05-01,0.65,Liter,fd7a5f7a-34b8-4b83-ba22-80acf59a34fc
Milk,India,Goa,RETAIL,2024-05-01,0.69,Liter,1c0912ca-658d-4354-a6f1-d12f805e651a
Milk,India,Gujarat,WHOLESALE,2024-05-01,66.74,100 liters,a12bbad0-0220-488f-9396-9558f9f9619c
Milk,India,Gujarat,RETAIL,2024-05-01,0.72,Liter,edff013e-a49f-429c-aedd-b12b8c183797
Milk,India,Haryana,WHOLESALE,2024-05-01,68.54,100 liters,58214e91-5e6d-4d3e-b6ea-0bbabb3fe598
Milk,India,Haryana,RETAIL,2024-05-01,0.72,Liter,ba20dd21-6119-4f95-a9d0-457f17c44d00
Milk,India,Karnataka,RETAIL,2024-05-01,0.6,Liter,34893397-2968-4ca0-a8bc-3d586eb132ba
Milk,India,Karnataka,WHOLESALE,2024-05-01,56.14,100 liters,5b91aca9-0d94-48ec-af3f-dc8f0e52d69e
Milk,India,Madhya Pradesh,WHOLESALE,2024-05-01,63.32,100 liters,94697d34-761e-403b-a1af-cbecc7288289
Milk,India,Madhya Pradesh,RETAIL,2024-05-01,0.69,Liter,a9cc3a73-2df0-48a6-b85f-ee1eeb52c730
Milk,India,Maharashtra,RETAIL,2024-05-01,0.71,Liter,3325148d-79ac-46f5-a02a-95099621e47b
Milk,India,Maharashtra,WHOLESALE,2024-05-01,63.18,100 liters,a3f1ac52-3d0d-4b05-a897-dc25fc45e47c
Milk,India,National Average,WHOLESALE,2024-05-01,66.2,100 liters,34810c05-53d8-461c-8322-c853d3aaf3c5
Milk,India,National Average,RETAIL,2024-05-01,0.7,Liter,43ac28e5-2717-4173-8d19-13b90ff5dbe6
Milk,India,Puducherry,WHOLESALE,2024-05-01,57.56,100 liters,41fe9cde-d4e0-455d-85d4-5279c520e366
Milk,India,Puducherry,RETAIL,2024-05-01,0.58,Liter,53e6ae43-aa38-4c44-aa4c-76594c0fadd5
Milk,India,Punjab,WHOLESALE,2024-05-01,64.76,100 liters,6ef01407-babd-493b-9871-62e969e56acd
Milk,India,Punjab,RETAIL,2024-05-01,0.71,Liter,9ec5b53b-dbbb-4852-97d1-c987f62e244c
Milk,India,Tamil Nadu,WHOLESALE,2024-05-01,59.48,100 liters,2131ee16-25de-42d4-ae1b-505fd22b03ab
Milk,India,Tamil Nadu,RETAIL,2024-05-01,0.57,Liter,725f0105-ce4b-472c-a48f-82cdad56fd9c
Milk,India,Uttar Pradesh,WHOLESALE,2024-05-01,69.17,100 liters,26104e58-bd44-4fd7-85d7-d96210bba3bc
Milk,India,Uttar Pradesh,RETAIL,2024-05-01,0.75,Liter,9d7e7e25-1632-48ec-9826-adfd708bb6a7
Milk,Nepal,Biratnagar,RETAIL,2024-05-01,0.6,Liter,a7c5cff2-64de-44f3-bbf3-c32a29ebd48e
Milk,Nepal,Birendranagar,RETAIL,2024-05-01,0.73,Liter,effb518f-1a51-4370-9aef-5103685da210
Milk,Nepal,Dhangadhi,RETAIL,2024-05-01,0.67,Liter,e44d4485-0f36-424a-9193-83671eee9b98
Milk,Nepal,Hetauda,RETAIL,2024-05-01,0.82,Liter,778e9236-afca-4972-9539-788fdc3b7c26
Milk,Nepal,Janakpurdham,RETAIL,2024-05-01,0.75,Liter,dc444de5-0bb4-48e3-8c1f-87485f64237d
Milk,Nepal,Kathmandu,RETAIL,2024-05-01,0.82,Liter,e33e7ecb-c237-41df-9d9d-e187a75d5f66
Milk,Nepal,Nepalgunj,RETAIL,2024-05-01,0.75,Liter,15c5b91e-49c6-46ba-bcc1-ef0530496752
Milk,Nepal,Pokhara,RETAIL,2024-05-01,0.9,Liter,55b840b0-d937-4916-b47d-585991af739f
Milk,Tunisia,Tunis,RETAIL,2024-05-01,0.43,Liter,ea0604c0-f78e-4fdb-9abd-6acb924220ce
Milk,Ecuador,Guayaquil,WHOLESALE,2024-06-01,0.85,Liter,4b83440a-8202-4f13-800e-74715be3a282
Milk,Egypt,National Average,RETAIL,2024-06-01,0.63,Liter,6b8e500a-e2a6-4d5f-8774-d100d78f68c8
Milk,India,Andhra Pradesh,WHOLESALE,2024-06-01,66.33,100 liters,9bd42cc6-fc7c-4edd-86da-7d044bfa81e6
Milk,India,Bihar,WHOLESALE,2024-06-01,62.7,100 liters,f9f75db4-1b8a-4f94-b38f-3cf626a056a6
Milk,India,Chandigarh,WHOLESALE,2024-06-01,67.38,100 liters,0e41a37c-0712-48e0-a514-562b65ef629d
Milk,India,Gujarat,WHOLESALE,2024-06-01,67.99,100 liters,a12bbad0-0220-488f-9396-9558f9f9619c
Milk,India,Haryana,WHOLESALE,2024-06-01,68.91,100 liters,58214e91-5e6d-4d3e-b6ea-0bbabb3fe598
Milk,India,Karnataka,WHOLESALE,2024-06-01,56.32,100 liters,5b91aca9-0d94-48ec-af3f-dc8f0e52d69e
Milk,India,Madhya Pradesh,WHOLESALE,2024-06-01,63.56,100 liters,94697d34-761e-403b-a1af-cbecc7288289
Milk,India,Maharashtra,WHOLESALE,2024-06-01,63.58,100 liters,a3f1ac52-3d0d-4b05-a897-dc25fc45e47c
Milk,India,National Average,WHOLESALE,2024-06-01,66.55,100 liters,34810c05-53d8-461c-8322-c853d3aaf3c5
Milk,India,Puducherry,WHOLESALE,2024-06-01,57.51,100 liters,41fe9cde-d4e0-455d-85d4-5279c520e366
Milk,India,Punjab,WHOLESALE,2024-06-01,66.15,100 liters,6ef01407-babd-493b-9871-62e969e56acd
Milk,India,Tamil Nadu,WHOLESALE,2024-06-01,59.37,100 liters,2131ee16-25de-42d4-ae1b-505fd22b03ab
Milk,India,Uttar Pradesh,WHOLESALE,2024-06-01,69.57,100 liters,26104e58-bd44-4fd7-85d7-d96210bba3bc
Milk,Nepal,Biratnagar,RETAIL,2024-06-01,0.6,Liter,a7c5cff2-64de-44f3-bbf3-c32a29ebd48e
Milk,Nepal,Birendranagar,RETAIL,2024-06-01,0.67,Liter,effb518f-1a51-4370-9aef-5103685da210
Milk,Nepal,Dhangadhi,RETAIL,2024-06-01,0.67,Liter,e44d4485-0f36-424a-9193-83671eee9b98
Milk,Nepal,Hetauda,RETAIL,2024-06-01,0.67,Liter,778e9236-afca-4972-9539-788fdc3b7c26
Milk,Nepal,Janakpurdham,RETAIL,2024-06-01,0.75,Liter,dc444de5-0bb4-48e3-8c1f-87485f64237d
Milk,Nepal,Kathmandu,RETAIL,2024-06-01,0.9,Liter,e33e7ecb-c237-41df-9d9d-e187a75d5f66
Milk,Nepal,Nepalgunj,RETAIL,2024-06-01,0.75,Liter,15c5b91e-49c6-46ba-bcc1-ef0530496752
Milk,Nepal,Pokhara,RETAIL,2024-06-01,0.75,Liter,55b840b0-d937-4916-b47d-585991af739f
Milk,Tunisia,Tunis,RETAIL,2024-06-01,0.43,Liter,ea0604c0-f78e-4fdb-9abd-6acb924220ce
Milk,Ecuador,Guayaquil,WHOLESALE,2024-07-01,0.85,Liter,4b83440a-8202-4f13-800e-74715be3a282
Milk,Egypt,National Average,RETAIL,2024-07-01,0.62,Liter,6b8e500a-e2a6-4d5f-8774-d100d78f68c8
Milk,India,Andhra Pradesh,RETAIL,2024-07-01,0.7,Liter,177c26f9-cc5e-4954-998c-920407b7ed2b
Milk,India,Andhra Pradesh,WHOLESALE,2024-07-01,65.6,100 liters,9bd42cc6-fc7c-4edd-86da-7d044bfa81e6
Milk,India,Bihar,RETAIL,2024-07-01,0.67,Liter,3d46fd94-bee5-4617-8bd5-cf37d3f74efc
Milk,India,Bihar,WHOLESALE,2024-07-01,62.61,100 liters,f9f75db4-1b8a-4f94-b38f-3cf626a056a6
Milk,India,Chandigarh,WHOLESALE,2024-07-01,67.19,100 liters,0e41a37c-0712-48e0-a514-562b65ef629d
Milk,India,Chandigarh,RETAIL,2024-07-01,0.72,Liter,7538bf6d-4980-4164-a626-9bbc7a2a7a6c
Milk,India,Delhi,RETAIL,2024-07-01,0.67,Liter,fd7a5f7a-34b8-4b83-ba22-80acf59a34fc
Milk,India,Goa,RETAIL,2024-07-01,0.69,Liter,1c0912ca-658d-4354-a6f1-d12f805e651a
Milk,India,Gujarat,WHOLESALE,2024-07-01,68.86,100 liters,a12bbad0-0220-488f-9396-9558f9f9619c
Milk,India,Gujarat,RETAIL,2024-07-01,0.74,Liter,edff013e-a49f-429c-aedd-b12b8c183797
Milk,India,Haryana,WHOLESALE,2024-07-01,70.45,100 liters,58214e91-5e6d-4d3e-b6ea-0bbabb3fe598
Milk,India,Haryana,RETAIL,2024-07-01,0.73,Liter,ba20dd21-6119-4f95-a9d0-457f17c44d00
Milk,India,Karnataka,RETAIL,2024-07-01,0.62,Liter,34893397-2968-4ca0-a8bc-3d586eb132ba
Milk,India,Karnataka,WHOLESALE,2024-07-01,57.02,100 liters,5b91aca9-0d94-48ec-af3f-dc8f0e52d69e
Milk,India,Madhya Pradesh,WHOLESALE,2024-07-01,63.29,100 liters,94697d34-761e-403b-a1af-cbecc7288289
Milk,India,Madhya Pradesh,RETAIL,2024-07-01,0.69,Liter,a9cc3a73-2df0-48a6-b85f-ee1eeb52c730
Milk,India,Maharashtra,RETAIL,2024-07-01,0.72,Liter,3325148d-79ac-46f5-a02a-95099621e47b
Milk,India,Maharashtra,WHOLESALE,2024-07-01,63.75,100 liters,a3f1ac52-3d0d-4b05-a897-dc25fc45e47c
Milk,India,National Average,WHOLESALE,2024-07-01,66.61,100 liters,34810c05-53d8-461c-8322-c853d3aaf3c5
Milk,India,National Average,RETAIL,2024-07-01,0.71,Liter,43ac28e5-2717-4173-8d19-13b90ff5dbe6
Milk,India,Puducherry,WHOLESALE,2024-07-01,57.42,100 liters,41fe9cde-d4e0-455d-85d4-5279c520e366
Milk,India,Puducherry,RETAIL,2024-07-01,0.57,Liter,53e6ae43-aa38-4c44-aa4c-76594c0fadd5
Milk,India,Punjab,WHOLESALE,2024-07-01,67.09,100 liters,6ef01407-babd-493b-9871-62e969e56acd
Milk,India,Punjab,RETAIL,2024-07-01,0.73,Liter,9ec5b53b-dbbb-4852-97d1-c987f62e244c
Milk,India,Tamil Nadu,WHOLESALE,2024-07-01,60.15,100 liters,2131ee16-25de-42d4-ae1b-505fd22b03ab
Milk,India,Tamil Nadu,RETAIL,2024-07-01,0.57,Liter,725f0105-ce4b-472c-a48f-82cdad56fd9c
Milk,India,Uttar Pradesh,WHOLESALE,2024-07-01,69.6,100 liters,26104e58-bd44-4fd7-85d7-d96210bba3bc
Milk,India,Uttar Pradesh,RETAIL,2024-07-01,0.75,Liter,9d7e7e25-1632-48ec-9826-adfd708bb6a7
Milk,Tunisia,Tunis,RETAIL,2024-07-01,0.43,Liter,ea0604c0-f78e-4fdb-9abd-6acb924220ce
Milk,Ecuador,Cuenca,WHOLESALE,2024-08-01,1.0,Liter,9ded0774-9f9c-4c3f-981e-70173ab253a1
Milk,Ecuador,Guayaquil,WHOLESALE,2024-08-01,0.85,Liter,4b83440a-8202-4f13-800e-74715be3a282
Milk,Egypt,National Average,RETAIL,2024-08-01,0.62,Liter,6b8e500a-e2a6-4d5f-8774-d100d78f68c8
Milk,India,Andhra Pradesh,RETAIL,2024-08-01,0.7,Liter,177c26f9-cc5e-4954-998c-920407b7ed2b
Milk,India,Andhra Pradesh,WHOLESALE,2024-08-01,66.1,100 liters,9bd42cc6-fc7c-4edd-86da-7d044bfa81e6
Milk,India,Bihar,RETAIL,2024-08-01,0.67,Liter,3d46fd94-bee5-4617-8bd5-cf37d3f74efc
Milk,India,Bihar,WHOLESALE,2024-08-01,62.15,100 liters,f9f75db4-1b8a-4f94-b38f-3cf626a056a6
Milk,India,Chandigarh,WHOLESALE,2024-08-01,66.35,100 liters,0e41a37c-0712-48e0-a514-562b65ef629d
Milk,India,Chandigarh,RETAIL,2024-08-01,0.71,Liter,7538bf6d-4980-4164-a626-9bbc7a2a7a6c
Milk,India,Delhi,RETAIL,2024-08-01,0.67,Liter,fd7a5f7a-34b8-4b83-ba22-80acf59a34fc
Milk,India,Goa,RETAIL,2024-08-01,0.7,Liter,1c0912ca-658d-4354-a6f1-d12f805e651a
Milk,India,Gujarat,WHOLESALE,2024-08-01,70.99,100 liters,a12bbad0-0220-488f-9396-9558f9f9619c
Milk,India,Gujarat,RETAIL,2024-08-01,0.75,Liter,edff013e-a49f-429c-aedd-b12b8c183797
Milk,India,Haryana,WHOLESALE,2024-08-01,68.24,100 liters,58214e91-5e6d-4d3e-b6ea-0bbabb3fe598
Milk,India,Haryana,RETAIL,2024-08-01,0.72,Liter,ba20dd21-6119-4f95-a9d0-457f17c44d00
Milk,India,Karnataka,RETAIL,2024-08-01,0.62,Liter,34893397-2968-4ca0-a8bc-3d586eb132ba
Milk,India,Karnataka,WHOLESALE,2024-08-01,57.31,100 liters,5b91aca9-0d94-48ec-af3f-dc8f0e52d69e
Milk,India,Madhya Pradesh,WHOLESALE,2024-08-01,60.93,100 liters,94697d34-761e-403b-a1af-cbecc7288289
Milk,India,Madhya Pradesh,RETAIL,2024-08-01,0.67,Liter,a9cc3a73-2df0-48a6-b85f-ee1eeb52c730
Milk,India,Maharashtra,RETAIL,2024-08-01,0.72,Liter,3325148d-79ac-46f5-a02a-95099621e47b
Milk,India,Maharashtra,WHOLESALE,2024-08-01,63.68,100 liters,a3f1ac52-3d0d-4b05-a897-dc25fc45e47c
Milk,India,National Average,WHOLESALE,2024-08-01,66.22,100 liters,34810c05-53d8-461c-8322-c853d3aaf3c5
Milk,India,National Average,RETAIL,2024-08-01,0.71,Liter,43ac28e5-2717-4173-8d19-13b90ff5dbe6
Milk,India,Puducherry,WHOLESALE,2024-08-01,57.21,100 liters,41fe9cde-d4e0-455d-85d4-5279c520e366
Milk,India,Puducherry,RETAIL,2024-08-01,0.57,Liter,53e6ae43-aa38-4c44-aa4c-76594c0fadd5
Milk,India,Punjab,WHOLESALE,2024-08-01,65.46,100 liters,6ef01407-babd-493b-9871-62e969e56acd
Milk,India,Punjab,RETAIL,2024-08-01,0.71,Liter,9ec5b53b-dbbb-4852-97d1-c987f62e244c
Milk,India,Tamil Nadu,WHOLESALE,2024-08-01,60.05,100 liters,2131ee16-25de-42d4-ae1b-505fd22b03ab
Milk,India,Tamil Nadu,RETAIL,2024-08-01,0.57,Liter,725f0105-ce4b-472c-a48f-82cdad56fd9c
Milk,India,Uttar Pradesh,WHOLESALE,2024-08-01,68.92,100 liters,26104e58-bd44-4fd7-85d7-d96210bba3bc
Milk,India,Uttar Pradesh,RETAIL,2024-08-01,0.75,Liter,9d7e7e25-1632-48ec-9826-adfd708bb6a7
Milk,Nepal,Biratnagar,RETAIL,2024-08-01,0.6,Liter,a7c5cff2-64de-44f3-bbf3-c32a29ebd48e
Milk,Nepal,Birendranagar,RETAIL,2024-08-01,0.67,Liter,effb518f-1a51-4370-9aef-5103685da210
Milk,Nepal,Dhangadhi,RETAIL,2024-08-01,0.67,Liter,e44d4485-0f36-424a-9193-83671eee9b98
Milk,Nepal,Hetauda,RETAIL,2024-08-01,0.67,Liter,778e9236-afca-4972-9539-788fdc3b7c26
Milk,Nepal,Janakpurdham,RETAIL,2024-08-01,0.75,Liter,dc444de5-0bb4-48e3-8c1f-87485f64237d
Milk,Nepal,Kathmandu,RETAIL,2024-08-01,0.9,Liter,e33e7ecb-c237-41df-9d9d-e187a75d5f66
Milk,Nepal,Nepalgunj,RETAIL,2024-08-01,0.75,Liter,15c5b91e-49c6-46ba-bcc1-ef0530496752
Milk,Nepal,Pokhara,RETAIL,2024-08-01,0.9,Liter,55b840b0-d937-4916-b47d-585991af739f
Milk,Tunisia,Tunis,RETAIL,2024-08-01,0.44,Liter,ea0604c0-f78e-4fdb-9abd-6acb924220ce
Milk,Ecuador,Cuenca,WHOLESALE,2024-09-01,1.0,Liter,9ded0774-9f9c-4c3f-981e-70173ab253a1
Milk,Ecuador,Guayaquil,WHOLESALE,2024-09-01,0.85,Liter,4b83440a-8202-4f13-800e-74715be3a282
Milk,Egypt,National Average,RETAIL,2024-09-01,0.63,Liter,6b8e500a-e2a6-4d5f-8774-d100d78f68c8
Milk,India,Andhra Pradesh,RETAIL,2024-09-01,0.69,Liter,177c26f9-cc5e-4954-998c-920407b7ed2b
Milk,India,Andhra Pradesh,WHOLESALE,2024-09-01,65.85,100 liters,9bd42cc6-fc7c-4edd-86da-7d044bfa81e6
Milk,India,Bihar,RETAIL,2024-09-01,0.67,Liter,3d46fd94-bee5-4617-8bd5-cf37d3f74efc
Milk,India,Bihar,WHOLESALE,2024-09-01,62.19,100 liters,f9f75db4-1b8a-4f94-b38f-3cf626a056a6
Milk,India,Chandigarh,WHOLESALE,2024-09-01,66.23,100 liters,0e41a37c-0712-48e0-a514-562b65ef629d
Milk,India,Chandigarh,RETAIL,2024-09-01,0.72,Liter,7538bf6d-4980-4164-a626-9bbc7a2a7a6c
Milk,India,Delhi,RETAIL,2024-09-01,0.67,Liter,fd7a5f7a-34b8-4b83-ba22-80acf59a34fc
Milk,India,Goa,RETAIL,2024-09-01,0.7,Liter,1c0912ca-658d-4354-a6f1-d12f805e651a
Milk,India,Gujarat,WHOLESALE,2024-09-01,70.73,100 liters,a12bbad0-0220-488f-9396-9558f9f9619c
Milk,India,Gujarat,RETAIL,2024-09-01,0.75,Liter,edff013e-a49f-429c-aedd-b12b8c183797
Milk,India,Haryana,WHOLESALE,2024-09-01,64.04,100 liters,58214e91-5e6d-4d3e-b6ea-0bbabb3fe598
Milk,India,Haryana,RETAIL,2024-09-01,0.67,Liter,ba20dd21-6119-4f95-a9d0-457f17c44d00
Milk,India,Karnataka,RETAIL,2024-09-01,0.61,Liter,34893397-2968-4ca0-a8bc-3d586eb132ba
Milk,India,Karnataka,WHOLESALE,2024-09-01,57.11,100 liters,5b91aca9-0d94-48ec-af3f-dc8f0e52d69e
Milk,India,Madhya Pradesh,WHOLESALE,2024-09-01,59.95,100 liters,94697d34-761e-403b-a1af-cbecc7288289
Milk,India,Madhya Pradesh,RETAIL,2024-09-01,0.66,Liter,a9cc3a73-2df0-48a6-b85f-ee1eeb52c730
Milk,India,Maharashtra,RETAIL,2024-09-01,0.71,Liter,3325148d-79ac-46f5-a02a-95099621e47b
Milk,India,Maharashtra,WHOLESALE,2024-09-01,62.85,100 liters,a3f1ac52-3d0d-4b05-a897-dc25fc45e47c
Milk,India,National Average,WHOLESALE,2024-09-01,65.82,100 liters,34810c05-53d8-461c-8322-c853d3aaf3c5
Milk,India,National Average,RETAIL,2024-09-01,0.7,Liter,43ac28e5-2717-4173-8d19-13b90ff5dbe6
Milk,India,Puducherry,WHOLESALE,2024-09-01,57.27,100 liters,41fe9cde-d4e0-455d-85d4-5279c520e366
Milk,India,Puducherry,RETAIL,2024-09-01,0.57,Liter,53e6ae43-aa38-4c44-aa4c-76594c0fadd5
Milk,India,Punjab,WHOLESALE,2024-09-01,65.19,100 liters,6ef01407-babd-493b-9871-62e969e56acd
Milk,India,Punjab,RETAIL,2024-09-01,0.71,Liter,9ec5b53b-dbbb-4852-97d1-c987f62e244c
Milk,India,Tamil Nadu,WHOLESALE,2024-09-01,59.91,100 liters,2131ee16-25de-42d4-ae1b-505fd22b03ab
Milk,India,Tamil Nadu,RETAIL,2024-09-01,0.56,Liter,725f0105-ce4b-472c-a48f-82cdad56fd9c
Milk,India,Uttar Pradesh,WHOLESALE,2024-09-01,68.55,100 liters,26104e58-bd44-4fd7-85d7-d96210bba3bc
Milk,India,Uttar Pradesh,RETAIL,2024-09-01,0.74,Liter,9d7e7e25-1632-48ec-9826-adfd708bb6a7
Milk,Nepal,Biratnagar,RETAIL,2024-09-01,0.6,Liter,a7c5cff2-64de-44f3-bbf3-c32a29ebd48e
Milk,Nepal,Birendranagar,RETAIL,2024-09-01,0.67,Liter,effb518f-1a51-4370-9aef-5103685da210
Milk,Nepal,Dhangadhi,RETAIL,2024-09-01,0.67,Liter,e44d4485-0f36-424a-9193-83671eee9b98
Milk,Nepal,Hetauda,RETAIL,2024-09-01,0.74,Liter,778e9236-afca-4972-9539-788fdc3b7c26
Milk,Nepal,Janakpurdham,RETAIL,2024-09-01,0.74,Liter,dc444de5-0bb4-48e3-8c1f-87485f64237d
Milk,Nepal,Kathmandu,RETAIL,2024-09-01,0.89,Liter,e33e7ecb-c237-41df-9d9d-e187a75d5f66
Milk,Nepal,Nepalgunj,RETAIL,2024-09-01,0.74,Liter,15c5b91e-49c6-46ba-bcc1-ef0530496752
Milk,Nepal,Pokhara,RETAIL,2024-09-01,0.89,Liter,55b840b0-d937-4916-b47d-585991af739f
Milk,Tunisia,Tunis,RETAIL,2024-09-01,0.44,Liter,ea0604c0-f78e-4fdb-9abd-6acb924220ce
Milk,Ecuador,Cuenca,WHOLESALE,2024-10-01,1.0,Liter,9ded0774-9f9c-4c3f-981e-70173ab253a1
Milk,Ecuador,Guayaquil,WHOLESALE,2024-10-01,0.85,Liter,4b83440a-8202-4f13-800e-74715be3a282
Milk,Egypt,National Average,RETAIL,2024-10-01,0.64,Liter,6b8e500a-e2a6-4d5f-8774-d100d78f68c8
Milk,India,Andhra Pradesh,RETAIL,2024-10-01,0.68,Liter,177c26f9-cc5e-4954-998c-920407b7ed2b
Milk,India,Andhra Pradesh,WHOLESALE,2024-10-01,65.31,100 liters,9bd42cc6-fc7c-4edd-86da-7d044bfa81e6
Milk,India,Bihar,RETAIL,2024-10-01,0.67,Liter,3d46fd94-bee5-4617-8bd5-cf37d3f74efc
Milk,India,Bihar,WHOLESALE,2024-10-01,62.22,100 liters,f9f75db4-1b8a-4f94-b38f-3cf626a056a6
Milk,India,Chandigarh,WHOLESALE,2024-10-01,66.06,100 liters,0e41a37c-0712-48e0-a514-562b65ef629d
Milk,India,Chandigarh,RETAIL,2024-10-01,0.71,Liter,7538bf6d-4980-4164-a626-9bbc7a2a7a6c
Milk,India,Delhi,RETAIL,2024-10-01,0.67,Liter,fd7a5f7a-34b8-4b83-ba22-80acf59a34fc
Milk,India,Goa,RETAIL,2024-10-01,0.7,Liter,1c0912ca-658d-4354-a6f1-d12f805e651a
Milk,India,Gujarat,WHOLESALE,2024-10-01,70.41,100 liters,a12bbad0-0220-488f-9396-9558f9f9619c
Milk,India,Gujarat,RETAIL,2024-10-01,0.75,Liter,edff013e-a49f-429c-aedd-b12b8c183797
Milk,India,Haryana,WHOLESALE,2024-10-01,66.15,100 liters,58214e91-5e6d-4d3e-b6ea-0bbabb3fe598
Milk,India,Haryana,RETAIL,2024-10-01,0.69,Liter,ba20dd21-6119-4f95-a9d0-457f17c44d00
Milk,India,Karnataka,RETAIL,2024-10-01,0.61,Liter,34893397-2968-4ca0-a8bc-3d586eb132ba
Milk,India,Karnataka,WHOLESALE,2024-10-01,56.65,100 liters,5b91aca9-0d94-48ec-af3f-dc8f0e52d69e
Milk,India,Madhya Pradesh,WHOLESALE,2024-10-01,59.93,100 liters,94697d34-761e-403b-a1af-cbecc7288289
Milk,India,Madhya Pradesh,RETAIL,2024-10-01,0.66,Liter,a9cc3a73-2df0-48a6-b85f-ee1eeb52c730
Milk,India,Maharashtra,RETAIL,2024-10-01,0.7,Liter,3325148d-79ac-46f5-a02a-95099621e47b
Milk,India,Maharashtra,WHOLESALE,2024-10-01,62.99,100 liters,a3f1ac52-3d0d-4b05-a897-dc25fc45e47c
Milk,India,National Average,WHOLESALE,2024-10-01,65.73,100 liters,34810c05-53d8-461c-8322-c853d3aaf3c5
Milk,India,National Average,RETAIL,2024-10-01,0.7,Liter,43ac28e5-2717-4173-8d19-13b90ff5dbe6
Milk,India,Puducherry,WHOLESALE,2024-10-01,57.13,100 liters,41fe9cde-d4e0-455d-85d4-5279c520e366
Milk,India,Puducherry,RETAIL,2024-10-01,0.57,Liter,53e6ae43-aa38-4c44-aa4c-76594c0fadd5
Milk,India,Punjab,WHOLESALE,2024-10-01,65.06,100 liters,6ef01407-babd-493b-9871-62e969e56acd
Milk,India,Punjab,RETAIL,2024-10-01,0.71,Liter,9ec5b53b-dbbb-4852-97d1-c987f62e244c
Milk,India,Tamil Nadu,WHOLESALE,2024-10-01,59.23,100 liters,2131ee16-25de-42d4-ae1b-505fd22b03ab
Milk,India,Tamil Nadu,RETAIL,2024-10-01,0.56,Liter,725f0105-ce4b-472c-a48f-82cdad56fd9c
Milk,India,Uttar Pradesh,WHOLESALE,2024-10-01,68.35,100 liters,26104e58-bd44-4fd7-85d7-d96210bba3bc
Milk,India,Uttar Pradesh,RETAIL,2024-10-01,0.74,Liter,9d7e7e25-1632-48ec-9826-adfd708bb6a7
Milk,Nepal,Biratnagar,RETAIL,2024-10-01,0.6,Liter,a7c5cff2-64de-44f3-bbf3-c32a29ebd48e
Milk,Nepal,Birendranagar,RETAIL,2024-10-01,0.67,Liter,effb518f-1a51-4370-9aef-5103685da210
Milk,Nepal,Dhangadhi,RETAIL,2024-10-01,0.67,Liter,e44d4485-0f36-424a-9193-83671eee9b98
Milk,Nepal,Hetauda,RETAIL,2024-10-01,0.75,Liter,778e9236-afca-4972-9539-788fdc3b7c26
Milk,Nepal,Janakpurdham,RETAIL,2024-10-01,0.75,Liter,dc444de5-0bb4-48e3-8c1f-87485f64237d
Milk,Nepal,Kathmandu,RETAIL,2024-10-01,0.89,Liter,e33e7ecb-c237-41df-9d9d-e187a75d5f66
Milk,Nepal,Nepalgunj,RETAIL,2024-10-01,0.75,Liter,15c5b91e-49c6-46ba-bcc1-ef0530496752
Milk,Nepal,Pokhara,RETAIL,2024-10-01,0.89,Liter,55b840b0-d937-4916-b47d-585991af739f
Milk,Tunisia,Tunis,RETAIL,2024-10-01,0.44,Liter,ea0604c0-f78e-4fdb-9abd-6acb924220ce
Milk,Ecuador,Cuenca,WHOLESALE,2024-11-01,1.0,Liter,9ded0774-9f9c-4c3f-981e-70173ab253a1
Milk,Ecuador,Guayaquil,WHOLESALE,2024-11-01,0.85,Liter,4b83440a-8202-4f13-800e-74715be3a282
Milk,Egypt,National Average,RETAIL,2024-11-01,0.63,Liter,6b8e500a-e2a6-4d5f-8774-d100d78f68c8
Milk,India,Andhra Pradesh,RETAIL,2024-11-01,0.68,Liter,177c26f9-cc5e-4954-998c-920407b7ed2b
Milk,India,Andhra Pradesh,WHOLESALE,2024-11-01,65.59,100 liters,9bd42cc6-fc7c-4edd-86da-7d044bfa81e6
Milk,India,Bihar,RETAIL,2024-11-01,0.67,Liter,3d46fd94-bee5-4617-8bd5-cf37d3f74efc
Milk,India,Bihar,WHOLESALE,2024-11-01,61.8,100 liters,f9f75db4-1b8a-4f94-b38f-3cf626a056a6
Milk,India,Chandigarh,WHOLESALE,2024-11-01,65.8,100 liters,0e41a37c-0712-48e0-a514-562b65ef629d
Milk,India,Chandigarh,RETAIL,2024-11-01,0.71,Liter,7538bf6d-4980-4164-a626-9bbc7a2a7a6c
Milk,India,Delhi,RETAIL,2024-11-01,0.66,Liter,fd7a5f7a-34b8-4b83-ba22-80acf59a34fc
Milk,India,Goa,RETAIL,2024-11-01,0.7,Liter,1c0912ca-658d-4354-a6f1-d12f805e651a
Milk,India,Gujarat,WHOLESALE,2024-11-01,70.48,100 liters,a12bbad0-0220-488f-9396-9558f9f9619c
Milk,India,Gujarat,RETAIL,2024-11-01,0.75,Liter,edff013e-a49f-429c-aedd-b12b8c183797
Milk,India,Haryana,WHOLESALE,2024-11-01,66.08,100 liters,58214e91-5e6d-4d3e-b6ea-0bbabb3fe598
Milk,India,Haryana,RETAIL,2024-11-01,0.69,Liter,ba20dd21-6119-4f95-a9d0-457f17c44d00
Milk,India,Karnataka,RETAIL,2024-11-01,0.61,Liter,34893397-2968-4ca0-a8bc-3d586eb132ba
Milk,India,Karnataka,WHOLESALE,2024-11-01,56.42,100 liters,5b91aca9-0d94-48ec-af3f-dc8f0e52d69e
Milk,India,Madhya Pradesh,WHOLESALE,2024-11-01,59.68,100 liters,94697d34-761e-403b-a1af-cbecc7288289
Milk,India,Madhya Pradesh,RETAIL,2024-11-01,0.66,Liter,a9cc3a73-2df0-48a6-b85f-ee1eeb52c730
Milk,India,Maharashtra,RETAIL,2024-11-01,0.7,Liter,3325148d-79ac-46f5-a02a-95099621e47b
Milk,India,Maharashtra,WHOLESALE,2024-11-01,62.72,100 liters,a3f1ac52-3d0d-4b05-a897-dc25fc45e47c
Milk,India,National Average,WHOLESALE,2024-11-01,65.51,100 liters,34810c05-53d8-461c-8322-c853d3aaf3c5
Milk,India,National Average,RETAIL,2024-11-01,0.7,Liter,43ac28e5-2717-4173-8d19-13b90ff5dbe6
Milk,India,Puducherry,WHOLESALE,2024-11-01,56.9,100 liters,41fe9cde-d4e0-455d-85d4-5279c520e366
Milk,India,Puducherry,RETAIL,2024-11-01,0.57,Liter,53e6ae43-aa38-4c44-aa4c-76594c0fadd5
Milk,India,Punjab,WHOLESALE,2024-11-01,64.59,100 liters,6ef01407-babd-493b-9871-62e969e56acd
Milk,India,Punjab,RETAIL,2024-11-01,0.71,Liter,9ec5b53b-dbbb-4852-97d1-c987f62e244c
Milk,India,Tamil Nadu,WHOLESALE,2024-11-01,58.72,100 liters,2131ee16-25de-42d4-ae1b-505fd22b03ab
Milk,India,Tamil Nadu,RETAIL,2024-11-01,0.56,Liter,725f0105-ce4b-472c-a48f-82cdad56fd9c
Milk,India,Uttar Pradesh,WHOLESALE,2024-11-01,68.14,100 liters,26104e58-bd44-4fd7-85d7-d96210bba3bc
Milk,India,Uttar Pradesh,RETAIL,2024-11-01,0.73,Liter,9d7e7e25-1632-48ec-9826-adfd708bb6a7
Milk,Nepal,Biratnagar,RETAIL,2024-11-01,0.59,Liter,a7c5cff2-64de-44f3-bbf3-c32a29ebd48e
Milk,Nepal,Birendranagar,RETAIL,2024-11-01,0.67,Liter,effb518f-1a51-4370-9aef-5103685da210
Milk,Nepal,Dhangadhi,RETAIL,2024-11-01,0.67,Liter,e44d4485-0f36-424a-9193-83671eee9b98
Milk,Nepal,Hetauda,RETAIL,2024-11-01,0.74,Liter,778e9236-afca-4972-9539-788fdc3b7c26
Milk,Nepal,Janakpurdham,RETAIL,2024-11-01,0.74,Liter,dc444de5-0bb4-48e3-8c1f-87485f64237d
Milk,Nepal,Kathmandu,RETAIL,2024-11-01,0.89,Liter,e33e7ecb-c237-41df-9d9d-e187a75d5f66
Milk,Nepal,Nepalgunj,RETAIL,2024-11-01,0.74,Liter,15c5b91e-49c6-46ba-bcc1-ef0530496752
Milk,Nepal,Pokhara,RETAIL,2024-11-01,0.89,Liter,55b840b0-d937-4916-b47d-585991af739f
Milk,Tunisia,Tunis,RETAIL,2024-11-01,0.43,Liter,ea0604c0-f78e-4fdb-9abd-6acb924220ce
Milk,Ecuador,Cuenca,WHOLESALE,2024-12-01,1.0,Liter,9ded0774-9f9c-4c3f-981e-70173ab253a1
Milk,Ecuador,Guayaquil,WHOLESALE,2024-12-01,0.85,Liter,4b83440a-8202-4f13-800e-74715be3a282
Milk,Egypt,National Average,RETAIL,2024-12-01,0.63,Liter,6b8e500a-e2a6-4d5f-8774-d100d78f68c8
Milk,India,Andhra Pradesh,RETAIL,2024-12-01,0.68,Liter,177c26f9-cc5e-4954-998c-920407b7ed2b
Milk,India,Andhra Pradesh,WHOLESALE,2024-12-01,65.91,100 liters,9bd42cc6-fc7c-4edd-86da-7d044bfa81e6
Milk,India,Bihar,RETAIL,2024-12-01,0.67,Liter,3d46fd94-bee5-4617-8bd5-cf37d3f74efc
Milk,India,Bihar,WHOLESALE,2024-12-01,61.55,100 liters,f9f75db4-1b8a-4f94-b38f-3cf626a056a6
Milk,India,Chandigarh,WHOLESALE,2024-12-01,65.32,100 liters,0e41a37c-0712-48e0-a514-562b65ef629d
Milk,India,Chandigarh,RETAIL,2024-12-01,0.71,Liter,7538bf6d-4980-4164-a626-9bbc7a2a7a6c
Milk,India,Delhi,RETAIL,2024-12-01,0.66,Liter,fd7a5f7a-34b8-4b83-ba22-80acf59a34fc
Milk,India,Goa,RETAIL,2024-12-01,0.7,Liter,1c0912ca-658d-4354-a6f1-d12f805e651a
Milk,India,Gujarat,WHOLESALE,2024-12-01,70.07,100 liters,a12bbad0-0220-488f-9396-9558f9f9619c
Milk,India,Gujarat,RETAIL,2024-12-01,0.75,Liter,edff013e-a49f-429c-aedd-b12b8c183797
Milk,India,Haryana,WHOLESALE,2024-12-01,65.58,100 liters,58214e91-5e6d-4d3e-b6ea-0bbabb3fe598
Milk,India,Haryana,RETAIL,2024-12-01,0.68,Liter,ba20dd21-6119-4f95-a9d0-457f17c44d00
Milk,India,Karnataka,RETAIL,2024-12-01,0.61,Liter,34893397-2968-4ca0-a8bc-3d586eb132ba
Milk,India,Karnataka,WHOLESALE,2024-12-01,56.3,100 liters,5b91aca9-0d94-48ec-af3f-dc8f0e52d69e
Milk,India,Madhya Pradesh,WHOLESALE,2024-12-01,59.27,100 liters,94697d34-761e-403b-a1af-cbecc7288289
Milk,India,Madhya Pradesh,RETAIL,2024-12-01,0.65,Liter,a9cc3a73-2df0-48a6-b85f-ee1eeb52c730
Milk,India,Maharashtra,RETAIL,2024-12-01,0.7,Liter,3325148d-79ac-46f5-a02a-95099621e47b
Milk,India,Maharashtra,WHOLESALE,2024-12-01,62.6,100 liters,a3f1ac52-3d0d-4b05-a897-dc25fc45e47c
Milk,India,National Average,WHOLESALE,2024-12-01,65.09,100 liters,34810c05-53d8-461c-8322-c853d3aaf3c5
Milk,India,National Average,RETAIL,2024-12-01,0.69,Liter,43ac28e5-2717-4173-8d19-13b90ff5dbe6
Milk,India,Puducherry,WHOLESALE,2024-12-01,56.48,100 liters,41fe9cde-d4e0-455d-85d4-5279c520e366
Milk,India,Puducherry,RETAIL,2024-12-01,0.56,Liter,53e6ae43-aa38-4c44-aa4c-76594c0fadd5
Milk,India,Punjab,WHOLESALE,2024-12-01,64.03,100 liters,6ef01407-babd-493b-9871-62e969e56acd
Milk,India,Punjab,RETAIL,2024-12-01,0.71,Liter,9ec5b53b-dbbb-4852-97d1-c987f62e244c
Milk,India,Tamil Nadu,WHOLESALE,2024-12-01,58.5,100 liters,2131ee16-25de-42d4-ae1b-505fd22b03ab
Milk,India,Tamil Nadu,RETAIL,2024-12-01,0.56,Liter,725f0105-ce4b-472c-a48f-82cdad56fd9c
Milk,India,Uttar Pradesh,WHOLESALE,2024-12-01,67.78,100 liters,26104e58-bd44-4fd7-85d7-d96210bba3bc
Milk,India,Uttar Pradesh,RETAIL,2024-12-01,0.73,Liter,9d7e7e25-1632-48ec-9826-adfd708bb6a7
Milk,Tunisia,Tunis,RETAIL,2024-12-01,0.43,Liter,ea0604c0-f78e-4fdb-9abd-6acb924220ce
Milk,Ecuador,Cuenca,WHOLESALE,2025-01-01,1.0,Liter,9ded0774-9f9c-4c3f-981e-70173ab253a1
Milk,Ecuador,Guayaquil,WHOLESALE,2025-01-01,0.85,Liter,4b83440a-8202-4f13-800e-74715be3a282
Milk,Egypt,National Average,RETAIL,2025-01-01,0.63,Liter,6b8e500a-e2a6-4d5f-8774-d100d78f68c8
Milk,India,Andhra Pradesh,RETAIL,2025-01-01,0.68,Liter,177c26f9-cc5e-4954-998c-920407b7ed2b
Milk,India,Andhra Pradesh,WHOLESALE,2025-01-01,64.93,100 liters,9bd42cc6-fc7c-4edd-86da-7d044bfa81e6
Milk,India,Bihar,RETAIL,2025-01-01,0.65,Liter,3d46fd94-bee5-4617-8bd5-cf37d3f74efc
Milk,India,Bihar,WHOLESALE,2025-01-01,60.85,100 liters,f9f75db4-1b8a-4f94-b38f-3cf626a056a6
Milk,India,Chandigarh,WHOLESALE,2025-01-01,64.32,100 liters,0e41a37c-0712-48e0-a514-562b65ef629d
Milk,India,Chandigarh,RETAIL,2025-01-01,0.7,Liter,7538bf6d-4980-4164-a626-9bbc7a2a7a6c
Milk,India,Delhi,RETAIL,2025-01-01,0.65,Liter,fd7a5f7a-34b8-4b83-ba22-80acf59a34fc
Milk,India,Goa,RETAIL,2025-01-01,0.68,Liter,1c0912ca-658d-4354-a6f1-d12f805e651a
Milk,India,Gujarat,WHOLESALE,2025-01-01,68.15,100 liters,a12bbad0-0220-488f-9396-9558f9f9619c
Milk,India,Gujarat,RETAIL,2025-01-01,0.74,Liter,edff013e-a49f-429c-aedd-b12b8c183797
Milk,India,Haryana,WHOLESALE,2025-01-01,66.53,100 liters,58214e91-5e6d-4d3e-b6ea-0bbabb3fe598
Milk,India,Haryana,RETAIL,2025-01-01,0.7,Liter,ba20dd21-6119-4f95-a9d0-457f17c44d00
Milk,India,Karnataka,RETAIL,2025-01-01,0.6,Liter,34893397-2968-4ca0-a8bc-3d586eb132ba
Milk,India,Karnataka,WHOLESALE,2025-01-01,55.62,100 liters,5b91aca9-0d94-48ec-af3f-dc8f0e52d69e
Milk,India,Madhya Pradesh,WHOLESALE,2025-01-01,58.51,100 liters,94697d34-761e-403b-a1af-cbecc7288289
Milk,India,Madhya Pradesh,RETAIL,2025-01-01,0.65,Liter,a9cc3a73-2df0-48a6-b85f-ee1eeb52c730
Milk,India,Maharashtra,RETAIL,2025-01-01,0.7,Liter,3325148d-79ac-46f5-a02a-95099621e47b
Milk,India,Maharashtra,WHOLESALE,2025-01-01,61.99,100 liters,a3f1ac52-3d0d-4b05-a897-dc25fc45e47c
Milk,India,National Average,WHOLESALE,2025-01-01,63.95,100 liters,34810c05-53d8-461c-8322-c853d3aaf3c5
Milk,India,National Average,RETAIL,2025-01-01,0.68,Liter,43ac28e5-2717-4173-8d19-13b90ff5dbe6
Milk,India,Puducherry,WHOLESALE,2025-01-01,55.62,100 liters,41fe9cde-d4e0-455d-85d4-5279c520e366
Milk,India,Puducherry,RETAIL,2025-01-01,0.56,Liter,53e6ae43-aa38-4c44-aa4c-76594c0fadd5
Milk,India,Punjab,WHOLESALE,2025-01-01,63.24,100 liters,6ef01407-babd-493b-9871-62e969e56acd
Milk,India,Punjab,RETAIL,2025-01-01,0.7,Liter,9ec5b53b-dbbb-4852-97d1-c987f62e244c
Milk,India,Tamil Nadu,WHOLESALE,2025-01-01,57.32,100 liters,2131ee16-25de-42d4-ae1b-505fd22b03ab
Milk,India,Tamil Nadu,RETAIL,2025-01-01,0.55,Liter,725f0105-ce4b-472c-a48f-82cdad56fd9c
Milk,India,Uttar Pradesh,WHOLESALE,2025-01-01,64.7,100 liters,26104e58-bd44-4fd7-85d7-d96210bba3bc
Milk,India,Uttar Pradesh,RETAIL,2025-01-01,0.69,Liter,9d7e7e25-1632-48ec-9826-adfd708bb6a7
Milk,Nepal,Biratnagar,RETAIL,2025-01-01,0.58,Liter,a7c5cff2-64de-44f3-bbf3-c32a29ebd48e
Milk,Nepal,Birendranagar,RETAIL,2025-01-01,0.65,Liter,effb518f-1a51-4370-9aef-5103685da210
Milk,Nepal,Dhangadhi,RETAIL,2025-01-01,0.65,Liter,e44d4485-0f36-424a-9193-83671eee9b98
Milk,Nepal,Hetauda,RETAIL,2025-01-01,0.8,Liter,778e9236-afca-4972-9539-788fdc3b7c26
Milk,Nepal,Janakpurdham,RETAIL,2025-01-01,0.73,Liter,dc444de5-0bb4-48e3-8c1f-87485f64237d
Milk,Nepal,Kathmandu,RETAIL,2025-01-01,0.83,Liter,e33e7ecb-c237-41df-9d9d-e187a75d5f66
Milk,Nepal,Nepalgunj,RETAIL,2025-01-01,0.73,Liter,15c5b91e-49c6-46ba-bcc1-ef0530496752
Milk,Nepal,Pokhara,RETAIL,2025-01-01,0.87,Liter,55b840b0-d937-4916-b47d-585991af739f
Milk,Tunisia,Tunis,RETAIL,2025-01-01,0.42,Liter,ea0604c0-f78e-4fdb-9abd-6acb924220ce
Milk,Ecuador,Cuenca,WHOLESALE,2025-02-01,1.0,Liter,9ded0774-9f9c-4c3f-981e-70173ab253a1
Milk,Ecuador,Guayaquil,WHOLESALE,2025-02-01,0.85,Liter,4b83440a-8202-4f13-800e-74715be3a282
Milk,Egypt,National Average,RETAIL,2025-02-01,0.63,Liter,6b8e500a-e2a6-4d5f-8774-d100d78f68c8
Milk,India,Andhra Pradesh,RETAIL,2025-02-01,0.67,Liter,177c26f9-cc5e-4954-998c-920407b7ed2b
Milk,India,Andhra Pradesh,WHOLESALE,2025-02-01,63.95,100 liters,9bd42cc6-fc7c-4edd-86da-7d044bfa81e6
Milk,India,Bihar,RETAIL,2025-02-01,0.64,Liter,3d46fd94-bee5-4617-8bd5-cf37d3f74efc
Milk,India,Bihar,WHOLESALE,2025-02-01,60.32,100 liters,f9f75db4-1b8a-4f94-b38f-3cf626a056a6
Milk,India,Chandigarh,WHOLESALE,2025-02-01,63.78,100 liters,0e41a37c-0712-48e0-a514-562b65ef629d
Milk,India,Chandigarh,RETAIL,2025-02-01,0.69,Liter,7538bf6d-4980-4164-a626-9bbc7a2a7a6c
Milk,India,Delhi,RETAIL,2025-02-01,0.64,Liter,fd7a5f7a-34b8-4b83-ba22-80acf59a34fc
Milk,India,Goa,RETAIL,2025-02-01,0.68,Liter,1c0912ca-658d-4354-a6f1-d12f805e651a
Milk,India,Gujarat,WHOLESALE,2025-02-01,67.87,100 liters,a12bbad0-0220-488f-9396-9558f9f9619c
Milk,India,Gujarat,RETAIL,2025-02-01,0.73,Liter,edff013e-a49f-429c-aedd-b12b8c183797
Milk,India,Haryana,WHOLESALE,2025-02-01,66.29,100 liters,58214e91-5e6d-4d3e-b6ea-0bbabb3fe598
Milk,India,Haryana,RETAIL,2025-02-01,0.69,Liter,ba20dd21-6119-4f95-a9d0-457f17c44d00
Milk,India,Karnataka,RETAIL,2025-02-01,0.59,Liter,34893397-2968-4ca0-a8bc-3d586eb132ba
Milk,India,Karnataka,WHOLESALE,2025-02-01,55.35,100 liters,5b91aca9-0d94-48ec-af3f-dc8f0e52d69e
Milk,India,Madhya Pradesh,WHOLESALE,2025-02-01,58.12,100 liters,94697d34-761e-403b-a1af-cbecc7288289
Milk,India,Madhya Pradesh,RETAIL,2025-02-01,0.64,Liter,a9cc3a73-2df0-48a6-b85f-ee1eeb52c730
Milk,India,Maharashtra,RETAIL,2025-02-01,0.69,Liter,3325148d-79ac-46f5-a02a-95099621e47b
Milk,India,Maharashtra,WHOLESALE,2025-02-01,61.69,100 liters,a3f1ac52-3d0d-4b05-a897-dc25fc45e47c
Milk,India,National Average,WHOLESALE,2025-02-01,63.15,100 liters,34810c05-53d8-461c-8322-c853d3aaf3c5
Milk,India,National Average,RETAIL,2025-02-01,0.67,Liter,43ac28e5-2717-4173-8d19-13b90ff5dbe6
Milk,India,Puducherry,WHOLESALE,2025-02-01,55.15,100 liters,41fe9cde-d4e0-455d-85d4-5279c520e366
Milk,India,Puducherry,RETAIL,2025-02-01,0.55,Liter,53e6ae43-aa38-4c44-aa4c-76594c0fadd5
Milk,India,Punjab,WHOLESALE,2025-02-01,62.56,100 liters,6ef01407-babd-493b-9871-62e969e56acd
Milk,India,Punjab,RETAIL,2025-02-01,0.69,Liter,9ec5b53b-dbbb-4852-97d1-c987f62e244c
Milk,India,Tamil Nadu,WHOLESALE,2025-02-01,56.82,100 liters,2131ee16-25de-42d4-ae1b-505fd22b03ab
Milk,India,Tamil Nadu,RETAIL,2025-02-01,0.54,Liter,725f0105-ce4b-472c-a48f-82cdad56fd9c
Milk,India,Uttar Pradesh,WHOLESALE,2025-02-01,62.27,100 liters,26104e58-bd44-4fd7-85d7-d96210bba3bc
Milk,India,Uttar Pradesh,RETAIL,2025-02-01,0.67,Liter,9d7e7e25-1632-48ec-9826-adfd708bb6a7
Milk,Nepal,Biratnagar,RETAIL,2025-02-01,0.57,Liter,a7c5cff2-64de-44f3-bbf3-c32a29ebd48e
Milk,Nepal,Birendranagar,RETAIL,2025-02-01,0.65,Liter,effb518f-1a51-4370-9aef-5103685da210
Milk,Nepal,Dhangadhi,RETAIL,2025-02-01,0.65,Liter,e44d4485-0f36-424a-9193-83671eee9b98
Milk,Nepal,Hetauda,RETAIL,2025-02-01,0.79,Liter,778e9236-afca-4972-9539-788fdc3b7c26
Milk,Nepal,Janakpurdham,RETAIL,2025-02-01,0.72,Liter,dc444de5-0bb4-48e3-8c1f-87485f64237d
Milk,Nepal,Kathmandu,RETAIL,2025-02-01,0.83,Liter,e33e7ecb-c237-41df-9d9d-e187a75d5f66
Milk,Nepal,Nepalgunj,RETAIL,2025-02-01,0.72,Liter,15c5b91e-49c6-46ba-bcc1-ef0530496752
Milk,Nepal,Pokhara,RETAIL,2025-02-01,0.86,Liter,55b840b0-d937-4916-b47d-585991af739f
Milk,Tunisia,Tunis,RETAIL,2025-02-01,0.42,Liter,ea0604c0-f78e-4fdb-9abd-6acb924220ce
Milk,Ecuador,Cuenca,WHOLESALE,2025-03-01,1.0,Liter,9ded0774-9f9c-4c3f-981e-70173ab253a1
Milk,Ecuador,Guayaquil,WHOLESALE,2025-03-01,0.85,Liter,4b83440a-8202-4f13-800e-74715be3a282
Milk,Egypt,National Average,RETAIL,2025-03-01,0.63,Liter,6b8e500a-e2a6-4d5f-8774-d100d78f68c8
Milk,India,Andhra Pradesh,RETAIL,2025-03-01,0.67,Liter,177c26f9-cc5e-4954-998c-920407b7ed2b
Milk,India,Andhra Pradesh,WHOLESALE,2025-03-01,64.3,100 liters,9bd42cc6-fc7c-4edd-86da-7d044bfa81e6
Milk,India,Bihar,RETAIL,2025-03-01,0.65,Liter,3d46fd94-bee5-4617-8bd5-cf37d3f74efc
Milk,India,Bihar,WHOLESALE,2025-03-01,60.61,100 liters,f9f75db4-1b8a-4f94-b38f-3cf626a056a6
Milk,India,Chandigarh,WHOLESALE,2025-03-01,64.07,100 liters,0e41a37c-0712-48e0-a514-562b65ef629d
Milk,India,Chandigarh,RETAIL,2025-03-01,0.69,Liter,7538bf6d-4980-4164-a626-9bbc7a2a7a6c
Milk,India,Delhi,RETAIL,2025-03-01,0.65,Liter,fd7a5f7a-34b8-4b83-ba22-80acf59a34fc
Milk,India,Goa,RETAIL,2025-03-01,0.68,Liter,1c0912ca-658d-4354-a6f1-d12f805e651a
Milk,India,Gujarat,WHOLESALE,2025-03-01,68.41,100 liters,a12bbad0-0220-488f-9396-9558f9f9619c
Milk,India,Gujarat,RETAIL,2025-03-01,0.73,Liter,edff013e-a49f-429c-aedd-b12b8c183797
Milk,India,Haryana,WHOLESALE,2025-03-01,66.92,100 liters,58214e91-5e6d-4d3e-b6ea-0bbabb3fe598
Milk,India,Haryana,RETAIL,2025-03-01,0.7,Liter,ba20dd21-6119-4f95-a9d0-457f17c44d00
Milk,India,Karnataka,RETAIL,2025-03-01,0.6,Liter,34893397-2968-4ca0-a8bc-3d586eb132ba
Milk,India,Karnataka,WHOLESALE,2025-03-01,55.96,100 liters,5b91aca9-0d94-48ec-af3f-dc8f0e52d69e
Milk,India,Madhya Pradesh,WHOLESALE,2025-03-01,58.34,100 liters,94697d34-761e-403b-a1af-cbecc7288289
Milk,India,Madhya Pradesh,RETAIL,2025-03-01,0.64,Liter,a9cc3a73-2df0-48a6-b85f-ee1eeb52c730
Milk,India,Maharashtra,RETAIL,2025-03-01,0.7,Liter,3325148d-79ac-46f5-a02a-95099621e47b
Milk,India,Maharashtra,WHOLESALE,2025-03-01,61.99,100 liters,a3f1ac52-3d0d-4b05-a897-dc25fc45e47c
Milk,India,National Average,WHOLESALE,2025-03-01,63.36,100 liters,34810c05-53d8-461c-8322-c853d3aaf3c5
Milk,India,National Average,RETAIL,2025-03-01,0.67,Liter,43ac28e5-2717-4173-8d19-13b90ff5dbe6
Milk,India,Puducherry,WHOLESALE,2025-03-01,55.4,100 liters,41fe9cde-d4e0-455d-85d4-5279c520e366
Milk,India,Puducherry,RETAIL,2025-03-01,0.55,Liter,53e6ae43-aa38-4c44-aa4c-76594c0fadd5
Milk,India,Punjab,WHOLESALE,2025-03-01,62.91,100 liters,6ef01407-babd-493b-9871-62e969e56acd
Milk,India,Punjab,RETAIL,2025-03-01,0.7,Liter,9ec5b53b-dbbb-4852-97d1-c987f62e244c
Milk,India,Tamil Nadu,WHOLESALE,2025-03-01,57.43,100 liters,2131ee16-25de-42d4-ae1b-505fd22b03ab
Milk,India,Tamil Nadu,RETAIL,2025-03-01,0.55,Liter,725f0105-ce4b-472c-a48f-82cdad56fd9c
Milk,India,Uttar Pradesh,WHOLESALE,2025-03-01,61.98,100 liters,26104e58-bd44-4fd7-85d7-d96210bba3bc
Milk,India,Uttar Pradesh,RETAIL,2025-03-01,0.66,Liter,9d7e7e25-1632-48ec-9826-adfd708bb6a7
Milk,Nepal,Biratnagar,RETAIL,2025-03-01,0.58,Liter,a7c5cff2-64de-44f3-bbf3-c32a29ebd48e
Milk,Nepal,Birendranagar,RETAIL,2025-03-01,0.65,Liter,effb518f-1a51-4370-9aef-5103685da210
Milk,Nepal,Dhangadhi,RETAIL,2025-03-01,0.65,Liter,e44d4485-0f36-424a-9193-83671eee9b98
Milk,Nepal,Hetauda,RETAIL,2025-03-01,0.79,Liter,778e9236-afca-4972-9539-788fdc3b7c26
Milk,Nepal,Janakpurdham,RETAIL,2025-03-01,0.72,Liter,dc444de5-0bb4-48e3-8c1f-87485f64237d
Milk,Nepal,Kathmandu,RETAIL,2025-03-01,0.87,Liter,e33e7ecb-c237-41df-9d9d-e187a75d5f66
Milk,Nepal,Nepalgunj,RETAIL,2025-03-01,0.72,Liter,15c5b91e-49c6-46ba-bcc1-ef0530496752
Milk,Nepal,Pokhara,RETAIL,2025-03-01,0.87,Liter,55b840b0-d937-4916-b47d-585991af739f
Milk,Tunisia,Tunis,RETAIL,2025-03-01,0.43,Liter,ea0604c0-f78e-4fdb-9abd-6acb924220ce
Milk,Ecuador,Cuenca,WHOLESALE,2025-04-01,1.0,Liter,9ded0774-9f9c-4c3f-981e-70173ab253a1
Milk,Ecuador,Guayaquil,WHOLESALE,2025-04-01,0.85,Liter,4b83440a-8202-4f13-800e-74715be3a282
Milk,Egypt,National Average,RETAIL,2025-04-01,0.63,Liter,6b8e500a-e2a6-4d5f-8774-d100d78f68c8
Milk,India,Andhra Pradesh,RETAIL,2025-04-01,0.65,Liter,177c26f9-cc5e-4954-998c-920407b7ed2b
Milk,India,Andhra Pradesh,WHOLESALE,2025-04-01,63.24,100 liters,9bd42cc6-fc7c-4edd-86da-7d044bfa81e6
Milk,India,Bihar,RETAIL,2025-04-01,0.66,Liter,3d46fd94-bee5-4617-8bd5-cf37d3f74efc
Milk,India,Bihar,WHOLESALE,2025-04-01,61.85,100 liters,f9f75db4-1b8a-4f94-b38f-3cf626a056a6
Milk,India,Chandigarh,WHOLESALE,2025-04-01,65.08,100 liters,0e41a37c-0712-48e0-a514-562b65ef629d
Milk,India,Chandigarh,RETAIL,2025-04-01,0.68,Liter,7538bf6d-4980-4164-a626-9bbc7a2a7a6c
Milk,India,Delhi,RETAIL,2025-04-01,0.65,Liter,fd7a5f7a-34b8-4b83-ba22-80acf59a34fc
Milk,India,Goa,RETAIL,2025-04-01,0.69,Liter,1c0912ca-658d-4354-a6f1-d12f805e651a
Milk,India,Gujarat,WHOLESALE,2025-04-01,69.11,100 liters,a12bbad0-0220-488f-9396-9558f9f9619c
Milk,India,Gujarat,RETAIL,2025-04-01,0.74,Liter,edff013e-a49f-429c-aedd-b12b8c183797
Milk,India,Haryana,WHOLESALE,2025-04-01,69.86,100 liters,58214e91-5e6d-4d3e-b6ea-0bbabb3fe598
Milk,India,Haryana,RETAIL,2025-04-01,0.73,Liter,ba20dd21-6119-4f95-a9d0-457f17c44d00
Milk,India,Karnataka,RETAIL,2025-04-01,0.63,Liter,34893397-2968-4ca0-a8bc-3d586eb132ba
Milk,India,Karnataka,WHOLESALE,2025-04-01,58.71,100 liters,5b91aca9-0d94-48ec-af3f-dc8f0e52d69e
Milk,India,Madhya Pradesh,WHOLESALE,2025-04-01,59.19,100 liters,94697d34-761e-403b-a1af-cbecc7288289
Milk,India,Madhya Pradesh,RETAIL,2025-04-01,0.65,Liter,a9cc3a73-2df0-48a6-b85f-ee1eeb52c730
Milk,India,Maharashtra,RETAIL,2025-04-01,0.7,Liter,3325148d-79ac-46f5-a02a-95099621e47b
Milk,India,Maharashtra,WHOLESALE,2025-04-01,62.74,100 liters,a3f1ac52-3d0d-4b05-a897-dc25fc45e47c
Milk,India,National Average,WHOLESALE,2025-04-01,64.6,100 liters,34810c05-53d8-461c-8322-c853d3aaf3c5
Milk,India,National Average,RETAIL,2025-04-01,0.69,Liter,43ac28e5-2717-4173-8d19-13b90ff5dbe6
Milk,India,Puducherry,WHOLESALE,2025-04-01,56.11,100 liters,41fe9cde-d4e0-455d-85d4-5279c520e366
Milk,India,Puducherry,RETAIL,2025-04-01,0.56,Liter,53e6ae43-aa38-4c44-aa4c-76594c0fadd5
Milk,India,Punjab,WHOLESALE,2025-04-01,63.7,100 liters,6ef01407-babd-493b-9871-62e969e56acd
Milk,India,Punjab,RETAIL,2025-04-01,0.71,Liter,9ec5b53b-dbbb-4852-97d1-c987f62e244c
Milk,India,Tamil Nadu,WHOLESALE,2025-04-01,58.93,100 liters,2131ee16-25de-42d4-ae1b-505fd22b03ab
Milk,India,Tamil Nadu,RETAIL,2025-04-01,0.56,Liter,725f0105-ce4b-472c-a48f-82cdad56fd9c
Milk,India,Uttar Pradesh,WHOLESALE,2025-04-01,62.92,100 liters,26104e58-bd44-4fd7-85d7-d96210bba3bc
Milk,India,Uttar Pradesh,RETAIL,2025-04-01,0.67,Liter,9d7e7e25-1632-48ec-9826-adfd708bb6a7
Milk,Nepal,Biratnagar,RETAIL,2025-04-01,0.58,Liter,a7c5cff2-64de-44f3-bbf3-c32a29ebd48e
Milk,Nepal,Birendranagar,RETAIL,2025-04-01,0.65,Liter,effb518f-1a51-4370-9aef-5103685da210
Milk,Nepal,Dhangadhi,RETAIL,2025-04-01,0.65,Liter,e44d4485-0f36-424a-9193-83671eee9b98
Milk,Nepal,Hetauda,RETAIL,2025-04-01,0.8,Liter,778e9236-afca-4972-9539-788fdc3b7c26
Milk,Nepal,Janakpurdham,RETAIL,2025-04-01,0.73,Liter,dc444de5-0bb4-48e3-8c1f-87485f64237d
Milk,Nepal,Kathmandu,RETAIL,2025-04-01,0.87,Liter,e33e7ecb-c237-41df-9d9d-e187a75d5f66
Milk,Nepal,Nepalgunj,RETAIL,2025-04-01,0.73,Liter,15c5b91e-49c6-46ba-bcc1-ef0530496752
Milk,Nepal,Pokhara,RETAIL,2025-04-01,0.87,Liter,55b840b0-d937-4916-b47d-585991af739f
Milk,Tunisia,Tunis,RETAIL,2025-04-01,0.45,Liter,ea0604c0-f78e-4fdb-9abd-6acb924220ce
Milk,Ecuador,Cuenca,WHOLESALE,2025-05-01,1.0,Liter,9ded0774-9f9c-4c3f-981e-70173ab253a1
Milk,Ecuador,Guayaquil,WHOLESALE,2025-05-01,0.85,Liter,4b83440a-8202-4f13-800e-74715be3a282
Milk,Egypt,National Average,RETAIL,2025-05-01,0.64,Liter,6b8e500a-e2a6-4d5f-8774-d100d78f68c8
Milk,India,Andhra Pradesh,RETAIL,2025-05-01,0.72,Liter,177c26f9-cc5e-4954-998c-920407b7ed2b
Milk,India,Andhra Pradesh,WHOLESALE,2025-05-01,66.93,100 liters,9bd42cc6-fc7c-4edd-86da-7d044bfa81e6
Milk,India,Bihar,RETAIL,2025-05-01,0.66,Liter,3d46fd94-bee5-4617-8bd5-cf37d3f74efc
Milk,India,Bihar,WHOLESALE,2025-05-01,62.03,100 liters,f9f75db4-1b8a-4f94-b38f-3cf626a056a6
Milk,India,Chandigarh,WHOLESALE,2025-05-01,65.13,100 liters,0e41a37c-0712-48e0-a514-562b65ef629d
Milk,India,Chandigarh,RETAIL,2025-05-01,0.69,Liter,7538bf6d-4980-4164-a626-9bbc7a2a7a6c
Milk,India,Delhi,RETAIL,2025-05-01,0.67,Liter,fd7a5f7a-34b8-4b83-ba22-80acf59a34fc
Milk,India,Goa,RETAIL,2025-05-01,0.69,Liter,1c0912ca-658d-4354-a6f1-d12f805e651a
Milk,India,Gujarat,WHOLESALE,2025-05-01,70.23,100 liters,a12bbad0-0220-488f-9396-9558f9f9619c
Milk,India,Gujarat,RETAIL,2025-05-01,0.76,Liter,edff013e-a49f-429c-aedd-b12b8c183797
Milk,India,Haryana,WHOLESALE,2025-05-01,70.91,100 liters,58214e91-5e6d-4d3e-b6ea-0bbabb3fe598
Milk,India,Haryana,RETAIL,2025-05-01,0.74,Liter,ba20dd21-6119-4f95-a9d0-457f17c44d00
Milk,India,Karnataka,RETAIL,2025-05-01,0.63,Liter,34893397-2968-4ca0-a8bc-3d586eb132ba
Milk,India,Karnataka,WHOLESALE,2025-05-01,58.99,100 liters,5b91aca9-0d94-48ec-af3f-dc8f0e52d69e
Milk,India,Madhya Pradesh,WHOLESALE,2025-05-01,59.85,100 liters,94697d34-761e-403b-a1af-cbecc7288289
Milk,India,Madhya Pradesh,RETAIL,2025-05-01,0.66,Liter,a9cc3a73-2df0-48a6-b85f-ee1eeb52c730
Milk,India,Maharashtra,RETAIL,2025-05-01,0.71,Liter,3325148d-79ac-46f5-a02a-95099621e47b
Milk,India,Maharashtra,WHOLESALE,2025-05-01,63.04,100 liters,a3f1ac52-3d0d-4b05-a897-dc25fc45e47c
Milk,India,National Average,WHOLESALE,2025-05-01,65.01,100 liters,34810c05-53d8-461c-8322-c853d3aaf3c5
Milk,India,National Average,RETAIL,2025-05-01,0.69,Liter,43ac28e5-2717-4173-8d19-13b90ff5dbe6
Milk,India,Punjab,WHOLESALE,2025-05-01,63.99,100 liters,6ef01407-babd-493b-9871-62e969e56acd
Milk,India,Punjab,RETAIL,2025-05-01,0.71,Liter,9ec5b53b-dbbb-4852-97d1-c987f62e244c
Milk,India,Tamil Nadu,WHOLESALE,2025-05-01,61.89,100 liters,2131ee16-25de-42d4-ae1b-505fd22b03ab
Milk,India,Tamil Nadu,RETAIL,2025-05-01,0.57,Liter,725f0105-ce4b-472c-a48f-82cdad56fd9c
Milk,India,Uttar Pradesh,WHOLESALE,2025-05-01,63.37,100 liters,26104e58-bd44-4fd7-85d7-d96210bba3bc
Milk,India,Uttar Pradesh,RETAIL,2025-05-01,0.68,Liter,9d7e7e25-1632-48ec-9826-adfd708bb6a7
Milk,Nepal,Biratnagar,RETAIL,2025-05-01,0.59,Liter,a7c5cff2-64de-44f3-bbf3-c32a29ebd48e
Milk,Nepal,Birendranagar,RETAIL,2025-05-01,0.66,Liter,effb518f-1a51-4370-9aef-5103685da210
Milk,Nepal,Dhangadhi,RETAIL,2025-05-01,0.66,Liter,e44d4485-0f36-424a-9193-83671eee9b98
Milk,Nepal,Hetauda,RETAIL,2025-05-01,0.81,Liter,778e9236-afca-4972-9539-788fdc3b7c26
Milk,Nepal,Janakpurdham,RETAIL,2025-05-01,0.73,Liter,dc444de5-0bb4-48e3-8c1f-87485f64237d
Milk,Nepal,Kathmandu,RETAIL,2025-05-01,0.88,Liter,e33e7ecb-c237-41df-9d9d-e187a75d5f66
Milk,Nepal,Nepalgunj,RETAIL,2025-05-01,0.73,Liter,15c5b91e-49c6-46ba-bcc1-ef0530496752
Milk,Nepal,Pokhara,RETAIL,2025-05-01,1.1,Liter,55b840b0-d937-4916-b47d-585991af739f
Milk,Tunisia,Tunis,RETAIL,2025-05-01,0.45,Liter,ea0604c0-f78e-4fdb-9abd-6acb924220ce
Milk,Ecuador,Guayaquil,WHOLESALE,2025-06-01,0.86,Liter,4b83440a-8202-4f13-800e-74715be3a282
Milk,Egypt,National Average,RETAIL,2025-06-01,0.65,Liter,6b8e500a-e2a6-4d5f-8774-d100d78f68c8
Milk,India,Andhra Pradesh,RETAIL,2025-06-01,0.71,Liter,177c26f9-cc5e-4954-998c-920407b7ed2b
Milk,India,Andhra Pradesh,WHOLESALE,2025-06-01,67.02,100 liters,9bd42cc6-fc7c-4edd-86da-7d044bfa81e6
Milk,India,Bihar,RETAIL,2025-06-01,0.66,Liter,3d46fd94-bee5-4617-8bd5-cf37d3f74efc
Milk,India,Bihar,WHOLESALE,2025-06-01,62.23,100 liters,f9f75db4-1b8a-4f94-b38f-3cf626a056a6
Milk,India,Chandigarh,WHOLESALE,2025-06-01,64.37,100 liters,0e41a37c-0712-48e0-a514-562b65ef629d
Milk,India,Chandigarh,RETAIL,2025-06-01,0.69,Liter,7538bf6d-4980-4164-a626-9bbc7a2a7a6c
Milk,India,Delhi,RETAIL,2025-06-01,0.66,Liter,fd7a5f7a-34b8-4b83-ba22-80acf59a34fc
Milk,India,Goa,RETAIL,2025-06-01,0.69,Liter,1c0912ca-658d-4354-a6f1-d12f805e651a
Milk,India,Gujarat,WHOLESALE,2025-06-01,70.7,100 liters,a12bbad0-0220-488f-9396-9558f9f9619c
Milk,India,Gujarat,RETAIL,2025-06-01,0.75,Liter,edff013e-a49f-429c-aedd-b12b8c183797
Milk,India,Haryana,WHOLESALE,2025-06-01,69.95,100 liters,58214e91-5e6d-4d3e-b6ea-0bbabb3fe598
Milk,India,Haryana,RETAIL,2025-06-01,0.73,Liter,ba20dd21-6119-4f95-a9d0-457f17c44d00
Milk,India,Karnataka,RETAIL,2025-06-01,0.63,Liter,34893397-2968-4ca0-a8bc-3d586eb132ba
Milk,India,Karnataka,WHOLESALE,2025-06-01,58.41,100 liters,5b91aca9-0d94-48ec-af3f-dc8f0e52d69e
Milk,India,Madhya Pradesh,WHOLESALE,2025-06-01,59.93,100 liters,94697d34-761e-403b-a1af-cbecc7288289
Milk,India,Madhya Pradesh,RETAIL,2025-06-01,0.66,Liter,a9cc3a73-2df0-48a6-b85f-ee1eeb52c730
Milk,India,Maharashtra,RETAIL,2025-06-01,0.7,Liter,3325148d-79ac-46f5-a02a-95099621e47b
Milk,India,Maharashtra,WHOLESALE,2025-06-01,62.5,100 liters,a3f1ac52-3d0d-4b05-a897-dc25fc45e47c
Milk,India,National Average,WHOLESALE,2025-06-01,64.63,100 liters,34810c05-53d8-461c-8322-c853d3aaf3c5
Milk,India,National Average,RETAIL,2025-06-01,0.69,Liter,43ac28e5-2717-4173-8d19-13b90ff5dbe6
Milk,India,Punjab,WHOLESALE,2025-06-01,63.73,100 liters,6ef01407-babd-493b-9871-62e969e56acd
Milk,India,Punjab,RETAIL,2025-06-01,0.71,Liter,9ec5b53b-dbbb-4852-97d1-c987f62e244c
Milk,India,Tamil Nadu,WHOLESALE,2025-06-01,57.2,100 liters,2131ee16-25de-42d4-ae1b-505fd22b03ab
Milk,India,Tamil Nadu,RETAIL,2025-06-01,0.54,Liter,725f0105-ce4b-472c-a48f-82cdad56fd9c
Milk,India,Uttar Pradesh,WHOLESALE,2025-06-01,62.89,100 liters,26104e58-bd44-4fd7-85d7-d96210bba3bc
Milk,India,Uttar Pradesh,RETAIL,2025-06-01,0.67,Liter,9d7e7e25-1632-48ec-9826-adfd708bb6a7
Milk,Nepal,Biratnagar,RETAIL,2025-06-01,0.58,Liter,a7c5cff2-64de-44f3-bbf3-c32a29ebd48e
Milk,Nepal,Birendranagar,RETAIL,2025-06-01,0.65,Liter,effb518f-1a51-4370-9aef-5103685da210
Milk,Nepal,Dhangadhi,RETAIL,2025-06-01,0.65,Liter,e44d4485-0f36-424a-9193-83671eee9b98
Milk,Nepal,Hetauda,RETAIL,2025-06-01,0.8,Liter,778e9236-afca-4972-9539-788fdc3b7c26
Milk,Nepal,Janakpurdham,RETAIL,2025-06-01,0.73,Liter,dc444de5-0bb4-48e3-8c1f-87485f64237d
Milk,Nepal,Kathmandu,RETAIL,2025-06-01,0.84,Liter,e33e7ecb-c237-41df-9d9d-e187a75d5f66
Milk,Nepal,Nepalgunj,RETAIL,2025-06-01,0.73,Liter,15c5b91e-49c6-46ba-bcc1-ef0530496752
Milk,Nepal,Pokhara,RETAIL,2025-06-01,1.09,Liter,55b840b0-d937-4916-b47d-585991af739f
Milk,Tunisia,Tunis,RETAIL,2025-06-01,0.46,Liter,ea0604c0-f78e-4fdb-9abd-6acb924220ce
Milk,Ecuador,Cuenca,WHOLESALE,2025-07-01,1.0,Liter,9ded0774-9f9c-4c3f-981e-70173ab253a1
Milk,Ecuador,Guayaquil,WHOLESALE,2025-07-01,0.88,Liter,4b83440a-8202-4f13-800e-74715be3a282
Milk,Egypt,National Average,RETAIL,2025-07-01,0.66,Liter,6b8e500a-e2a6-4d5f-8774-d100d78f68c8
Milk,India,Andhra Pradesh,RETAIL,2025-07-01,0.72,Liter,177c26f9-cc5e-4954-998c-920407b7ed2b
Milk,India,Andhra Pradesh,WHOLESALE,2025-07-01,68.75,100 liters,9bd42cc6-fc7c-4edd-86da-7d044bfa81e6
Milk,India,Bihar,RETAIL,2025-07-01,0.66,Liter,3d46fd94-bee5-4617-8bd5-cf37d3f74efc
Milk,India,Bihar,WHOLESALE,2025-07-01,61.95,100 liters,f9f75db4-1b8a-4f94-b38f-3cf626a056a6
Milk,India,Chandigarh,WHOLESALE,2025-07-01,64.16,100 liters,0e41a37c-0712-48e0-a514-562b65ef629d
Milk,India,Chandigarh,RETAIL,2025-07-01,0.68,Liter,7538bf6d-4980-4164-a626-9bbc7a2a7a6c
Milk,India,Delhi,RETAIL,2025-07-01,0.66,Liter,fd7a5f7a-34b8-4b83-ba22-80acf59a34fc
Milk,India,Goa,RETAIL,2025-07-01,0.69,Liter,1c0912ca-658d-4354-a6f1-d12f805e651a
Milk,India,Gujarat,WHOLESALE,2025-07-01,70.51,100 liters,a12bbad0-0220-488f-9396-9558f9f9619c
Milk,India,Gujarat,RETAIL,2025-07-01,0.76,Liter,edff013e-a49f-429c-aedd-b12b8c183797
Milk,India,Haryana,WHOLESALE,2025-07-01,70.25,100 liters,58214e91-5e6d-4d3e-b6ea-0bbabb3fe598
Milk,India,Haryana,RETAIL,2025-07-01,0.73,Liter,ba20dd21-6119-4f95-a9d0-457f17c44d00
Milk,India,Karnataka,RETAIL,2025-07-01,0.63,Liter,34893397-2968-4ca0-a8bc-3d586eb132ba
Milk,India,Karnataka,WHOLESALE,2025-07-01,58.64,100 liters,5b91aca9-0d94-48ec-af3f-dc8f0e52d69e
Milk,India,Madhya Pradesh,WHOLESALE,2025-07-01,59.58,100 liters,94697d34-761e-403b-a1af-cbecc7288289
Milk,India,Madhya Pradesh,RETAIL,2025-07-01,0.66,Liter,a9cc3a73-2df0-48a6-b85f-ee1eeb52c730
Milk,India,Maharashtra,RETAIL,2025-07-01,0.7,Liter,3325148d-79ac-46f5-a02a-95099621e47b
Milk,India,Maharashtra,WHOLESALE,2025-07-01,62.09,100 liters,a3f1ac52-3d0d-4b05-a897-dc25fc45e47c
Milk,India,National Average,WHOLESALE,2025-07-01,64.63,100 liters,34810c05-53d8-461c-8322-c853d3aaf3c5
Milk,India,National Average,RETAIL,2025-07-01,0.69,Liter,43ac28e5-2717-4173-8d19-13b90ff5dbe6
Milk,India,Punjab,WHOLESALE,2025-07-01,63.62,100 liters,6ef01407-babd-493b-9871-62e969e56acd
Milk,India,Punjab,RETAIL,2025-07-01,0.7,Liter,9ec5b53b-dbbb-4852-97d1-c987f62e244c
Milk,India,Tamil Nadu,WHOLESALE,2025-07-01,49.89,100 liters,2131ee16-25de-42d4-ae1b-505fd22b03ab
Milk,India,Tamil Nadu,RETAIL,2025-07-01,0.51,Liter,725f0105-ce4b-472c-a48f-82cdad56fd9c
Milk,India,Uttar Pradesh,WHOLESALE,2025-07-01,62.71,100 liters,26104e58-bd44-4fd7-85d7-d96210bba3bc
Milk,India,Uttar Pradesh,RETAIL,2025-07-01,0.67,Liter,9d7e7e25-1632-48ec-9826-adfd708bb6a7
Milk,Nepal,Biratnagar,RETAIL,2025-07-01,0.58,Liter,a7c5cff2-64de-44f3-bbf3-c32a29ebd48e
Milk,Nepal,Birendranagar,RETAIL,2025-07-01,0.65,Liter,effb518f-1a51-4370-9aef-5103685da210
Milk,Nepal,Dhangadhi,RETAIL,2025-07-01,0.65,Liter,e44d4485-0f36-424a-9193-83671eee9b98
Milk,Nepal,Hetauda,RETAIL,2025-07-01,0.8,Liter,778e9236-afca-4972-9539-788fdc3b7c26
Milk,Nepal,Janakpurdham,RETAIL,2025-07-01,0.73,Liter,dc444de5-0bb4-48e3-8c1f-87485f64237d
Milk,Nepal,Kathmandu,RETAIL,2025-07-01,0.84,Liter,e33e7ecb-c237-41df-9d9d-e187a75d5f66
Milk,Nepal,Nepalgunj,RETAIL,2025-07-01,0.73,Liter,15c5b91e-49c6-46ba-bcc1-ef0530496752
Milk,Nepal,Pokhara,RETAIL,2025-07-01,0.87,Liter,55b840b0-d937-4916-b47d-585991af739f
Milk,Tunisia,Tunis,RETAIL,2025-07-01,0.46,Liter,ea0604c0-f78e-4fdb-9abd-6acb924220ce
Milk,Ecuador,Cuenca,WHOLESALE,2025-08-01,1.0,Liter,9ded0774-9f9c-4c3f-981e-70173ab253a1
Milk,Ecuador,Guayaquil,WHOLESALE,2025-08-01,0.88,Liter,4b83440a-8202-4f13-800e-74715be3a282
Milk,Egypt,National Average,RETAIL,2025-08-01,0.68,Liter,6b8e500a-e2a6-4d5f-8774-d100d78f68c8
Milk,India,Andhra Pradesh,RETAIL,2025-08-01,0.68,Liter,177c26f9-cc5e-4954-998c-920407b7ed2b
Milk,India,Andhra Pradesh,WHOLESALE,2025-08-01,64.89,100 liters,9bd42cc6-fc7c-4edd-86da-7d044bfa81e6
Milk,India,Bihar,RETAIL,2025-08-01,0.65,Liter,3d46fd94-bee5-4617-8bd5-cf37d3f74efc
Milk,India,Bihar,WHOLESALE,2025-08-01,61.01,100 liters,f9f75db4-1b8a-4f94-b38f-3cf626a056a6
Milk,India,Chandigarh,WHOLESALE,2025-08-01,63.17,100 liters,0e41a37c-0712-48e0-a514-562b65ef629d
Milk,India,Chandigarh,RETAIL,2025-08-01,0.67,Liter,7538bf6d-4980-4164-a626-9bbc7a2a7a6c
Milk,India,Delhi,RETAIL,2025-08-01,0.65,Liter,fd7a5f7a-34b8-4b83-ba22-80acf59a34fc
Milk,India,Goa,RETAIL,2025-08-01,0.68,Liter,1c0912ca-658d-4354-a6f1-d12f805e651a
Milk,India,Gujarat,WHOLESALE,2025-08-01,69.47,100 liters,a12bbad0-0220-488f-9396-9558f9f9619c
Milk,India,Gujarat,RETAIL,2025-08-01,0.75,Liter,edff013e-a49f-429c-aedd-b12b8c183797
Milk,India,Haryana,WHOLESALE,2025-08-01,70.33,100 liters,58214e91-5e6d-4d3e-b6ea-0bbabb3fe598
Milk,India,Haryana,RETAIL,2025-08-01,0.72,Liter,ba20dd21-6119-4f95-a9d0-457f17c44d00
Milk,India,Karnataka,RETAIL,2025-08-01,0.62,Liter,34893397-2968-4ca0-a8bc-3d586eb132ba
Milk,India,Karnataka,WHOLESALE,2025-08-01,57.77,100 liters,5b91aca9-0d94-48ec-af3f-dc8f0e52d69e
Milk,India,Madhya Pradesh,WHOLESALE,2025-08-01,58.89,100 liters,94697d34-761e-403b-a1af-cbecc7288289
Milk,India,Madhya Pradesh,RETAIL,2025-08-01,0.65,Liter,a9cc3a73-2df0-48a6-b85f-ee1eeb52c730
Milk,India,Maharashtra,RETAIL,2025-08-01,0.69,Liter,3325148d-79ac-46f5-a02a-95099621e47b
Milk,India,Maharashtra,WHOLESALE,2025-08-01,61.27,100 liters,a3f1ac52-3d0d-4b05-a897-dc25fc45e47c
Milk,India,National Average,WHOLESALE,2025-08-01,63.65,100 liters,34810c05-53d8-461c-8322-c853d3aaf3c5
Milk,India,National Average,RETAIL,2025-08-01,0.68,Liter,43ac28e5-2717-4173-8d19-13b90ff5dbe6
Milk,India,Punjab,WHOLESALE,2025-08-01,62.89,100 liters,6ef01407-babd-493b-9871-62e969e56acd
Milk,India,Punjab,RETAIL,2025-08-01,0.7,Liter,9ec5b53b-dbbb-4852-97d1-c987f62e244c
Milk,India,Tamil Nadu,WHOLESALE,2025-08-01,49.4,100 liters,2131ee16-25de-42d4-ae1b-505fd22b03ab
Milk,India,Tamil Nadu,RETAIL,2025-08-01,0.51,Liter,725f0105-ce4b-472c-a48f-82cdad56fd9c
Milk,India,Uttar Pradesh,WHOLESALE,2025-08-01,61.53,100 liters,26104e58-bd44-4fd7-85d7-d96210bba3bc
Milk,India,Uttar Pradesh,RETAIL,2025-08-01,0.66,Liter,9d7e7e25-1632-48ec-9826-adfd708bb6a7
Milk,Nepal,Biratnagar,RETAIL,2025-08-01,0.57,Liter,a7c5cff2-64de-44f3-bbf3-c32a29ebd48e
Milk,Nepal,Birendranagar,RETAIL,2025-08-01,0.64,Liter,effb518f-1a51-4370-9aef-5103685da210
Milk,Nepal,Dhangadhi,RETAIL,2025-08-01,0.64,Liter,e44d4485-0f36-424a-9193-83671eee9b98
Milk,Nepal,Hetauda,RETAIL,2025-08-01,0.79,Liter,778e9236-afca-4972-9539-788fdc3b7c26
Milk,Nepal,Janakpurdham,RETAIL,2025-08-01,0.71,Liter,dc444de5-0bb4-48e3-8c1f-87485f64237d
Milk,Nepal,Kathmandu,RETAIL,2025-08-01,0.82,Liter,e33e7ecb-c237-41df-9d9d-e187a75d5f66
Milk,Nepal,Nepalgunj,RETAIL,2025-08-01,0.71,Liter,15c5b91e-49c6-46ba-bcc1-ef0530496752
Milk,Nepal,Pokhara,RETAIL,2025-08-01,0.86,Liter,55b840b0-d937-4916-b47d-585991af739f
Milk,Ecuador,Guayaquil,WHOLESALE,2025-09-01,0.88,Liter,4b83440a-8202-4f13-800e-74715be3a282
Milk,Egypt,National Average,RETAIL,2025-09-01,0.69,Liter,6b8e500a-e2a6-4d5f-8774-d100d78f68c8
Milk,India,Andhra Pradesh,RETAIL,2025-09-01,0.68,Liter,177c26f9-cc5e-4954-998c-920407b7ed2b
Milk,India,Andhra Pradesh,WHOLESALE,2025-09-01,64.62,100 liters,9bd42cc6-fc7c-4edd-86da-7d044bfa81e6
Milk,India,Bihar,RETAIL,2025-09-01,0.65,Liter,3d46fd94-bee5-4617-8bd5-cf37d3f74efc
Milk,India,Bihar,WHOLESALE,2025-09-01,60.82,100 liters,f9f75db4-1b8a-4f94-b38f-3cf626a056a6
Milk,India,Chandigarh,WHOLESALE,2025-09-01,62.91,100 liters,0e41a37c-0712-48e0-a514-562b65ef629d
Milk,India,Chandigarh,RETAIL,2025-09-01,0.67,Liter,7538bf6d-4980-4164-a626-9bbc7a2a7a6c
Milk,India,Delhi,RETAIL,2025-09-01,0.65,Liter,fd7a5f7a-34b8-4b83-ba22-80acf59a34fc
Milk,India,Goa,RETAIL,2025-09-01,0.67,Liter,1c0912ca-658d-4354-a6f1-d12f805e651a
Milk,India,Gujarat,WHOLESALE,2025-09-01,68.82,100 liters,a12bbad0-0220-488f-9396-9558f9f9619c
Milk,India,Gujarat,RETAIL,2025-09-01,0.74,Liter,edff013e-a49f-429c-aedd-b12b8c183797
Milk,India,Haryana,WHOLESALE,2025-09-01,69.75,100 liters,58214e91-5e6d-4d3e-b6ea-0bbabb3fe598
Milk,India,Haryana,RETAIL,2025-09-01,0.72,Liter,ba20dd21-6119-4f95-a9d0-457f17c44d00
Milk,India,Karnataka,RETAIL,2025-09-01,0.61,Liter,34893397-2968-4ca0-a8bc-3d586eb132ba
Milk,India,Karnataka,WHOLESALE,2025-09-01,56.68,100 liters,5b91aca9-0d94-48ec-af3f-dc8f0e52d69e
Milk,India,Madhya Pradesh,WHOLESALE,2025-09-01,58.39,100 liters,94697d34-761e-403b-a1af-cbecc7288289
Milk,India,Madhya Pradesh,RETAIL,2025-09-01,0.64,Liter,a9cc3a73-2df0-48a6-b85f-ee1eeb52c730
Milk,India,Maharashtra,RETAIL,2025-09-01,0.69,Liter,3325148d-79ac-46f5-a02a-95099621e47b
Milk,India,Maharashtra,WHOLESALE,2025-09-01,60.78,100 liters,a3f1ac52-3d0d-4b05-a897-dc25fc45e47c
Milk,India,National Average,WHOLESALE,2025-09-01,63.24,100 liters,34810c05-53d8-461c-8322-c853d3aaf3c5
Milk,India,National Average,RETAIL,2025-09-01,0.67,Liter,43ac28e5-2717-4173-8d19-13b90ff5dbe6
Milk,India,Puducherry,WHOLESALE,2025-09-01,57.1,100 liters,41fe9cde-d4e0-455d-85d4-5279c520e366
Milk,India,Puducherry,RETAIL,2025-09-01,0.58,Liter,53e6ae43-aa38-4c44-aa4c-76594c0fadd5
Milk,India,Punjab,WHOLESALE,2025-09-01,62.62,100 liters,6ef01407-babd-493b-9871-62e969e56acd
Milk,India,Punjab,RETAIL,2025-09-01,0.69,Liter,9ec5b53b-dbbb-4852-97d1-c987f62e244c
Milk,India,Tamil Nadu,WHOLESALE,2025-09-01,49.45,100 liters,2131ee16-25de-42d4-ae1b-505fd22b03ab
Milk,India,Tamil Nadu,RETAIL,2025-09-01,0.5,Liter,725f0105-ce4b-472c-a48f-82cdad56fd9c
Milk,India,Uttar Pradesh,WHOLESALE,2025-09-01,60.87,100 liters,26104e58-bd44-4fd7-85d7-d96210bba3bc
Milk,India,Uttar Pradesh,RETAIL,2025-09-01,0.66,Liter,9d7e7e25-1632-48ec-9826-adfd708bb6a7
Milk,Nepal,Biratnagar,RETAIL,2025-09-01,0.57,Liter,a7c5cff2-64de-44f3-bbf3-c32a29ebd48e
Milk,Nepal,Birendranagar,RETAIL,2025-09-01,0.64,Liter,effb518f-1a51-4370-9aef-5103685da210
Milk,Nepal,Dhangadhi,RETAIL,2025-09-01,0.64,Liter,e44d4485-0f36-424a-9193-83671eee9b98
Milk,Nepal,Hetauda,RETAIL,2025-09-01,0.78,Liter,778e9236-afca-4972-9539-788fdc3b7c26
Milk,Nepal,Janakpurdham,RETAIL,2025-09-01,0.71,Liter,dc444de5-0bb4-48e3-8c1f-87485f64237d
Milk,Nepal,Kathmandu,RETAIL,2025-09-01,0.81,Liter,e33e7ecb-c237-41df-9d9d-e187a75d5f66
Milk,Nepal,Nepalgunj,RETAIL,2025-09-01,0.71,Liter,15c5b91e-49c6-46ba-bcc1-ef0530496752
Milk,Nepal,Pokhara,RETAIL,2025-09-01,0.85,Liter,55b840b0-d937-4916-b47d-585991af739f
Milk,Ecuador,Cuenca,WHOLESALE,2025-10-01,1.4,Liter,9ded0774-9f9c-4c3f-981e-70173ab253a1
Milk,Ecuador,Guayaquil,WHOLESALE,2025-10-01,0.88,Liter,4b83440a-8202-4f13-800e-74715be3a282
Milk,India,Andhra Pradesh,RETAIL,2025-10-01,0.67,Liter,177c26f9-cc5e-4954-998c-920407b7ed2b
Milk,India,Andhra Pradesh,WHOLESALE,2025-10-01,64.7,100 liters,9bd42cc6-fc7c-4edd-86da-7d044bfa81e6
Milk,India,Bihar,RETAIL,2025-10-01,0.64,Liter,3d46fd94-bee5-4617-8bd5-cf37d3f74efc
Milk,India,Bihar,WHOLESALE,2025-10-01,60.74,100 liters,f9f75db4-1b8a-4f94-b38f-3cf626a056a6
Milk,India,Chandigarh,WHOLESALE,2025-10-01,63.27,100 liters,0e41a37c-0712-48e0-a514-562b65ef629d
Milk,India,Chandigarh,RETAIL,2025-10-01,0.67,Liter,7538bf6d-4980-4164-a626-9bbc7a2a7a6c
Milk,India,Delhi,RETAIL,2025-10-01,0.64,Liter,fd7a5f7a-34b8-4b83-ba22-80acf59a34fc
Milk,India,Goa,RETAIL,2025-10-01,0.67,Liter,1c0912ca-658d-4354-a6f1-d12f805e651a
Milk,India,Gujarat,WHOLESALE,2025-10-01,68.65,100 liters,a12bbad0-0220-488f-9396-9558f9f9619c
Milk,India,Gujarat,RETAIL,2025-10-01,0.74,Liter,edff013e-a49f-429c-aedd-b12b8c183797
Milk,India,Haryana,WHOLESALE,2025-10-01,68.89,100 liters,58214e91-5e6d-4d3e-b6ea-0bbabb3fe598
Milk,India,Haryana,RETAIL,2025-10-01,0.72,Liter,ba20dd21-6119-4f95-a9d0-457f17c44d00
Milk,India,Karnataka,RETAIL,2025-10-01,0.59,Liter,34893397-2968-4ca0-a8bc-3d586eb132ba
Milk,India,Karnataka,WHOLESALE,2025-10-01,56.07,100 liters,5b91aca9-0d94-48ec-af3f-dc8f0e52d69e
Milk,India,Madhya Pradesh,WHOLESALE,2025-10-01,58.12,100 liters,94697d34-761e-403b-a1af-cbecc7288289
Milk,India,Madhya Pradesh,RETAIL,2025-10-01,0.64,Liter,a9cc3a73-2df0-48a6-b85f-ee1eeb52c730
Milk,India,Maharashtra,RETAIL,2025-10-01,0.69,Liter,3325148d-79ac-46f5-a02a-95099621e47b
Milk,India,Maharashtra,WHOLESALE,2025-10-01,60.82,100 liters,a3f1ac52-3d0d-4b05-a897-dc25fc45e47c
Milk,India,National Average,WHOLESALE,2025-10-01,63.24,100 liters,34810c05-53d8-461c-8322-c853d3aaf3c5
Milk,India,National Average,RETAIL,2025-10-01,0.67,Liter,43ac28e5-2717-4173-8d19-13b90ff5dbe6
Milk,India,Puducherry,WHOLESALE,2025-10-01,56.57,100 liters,41fe9cde-d4e0-455d-85d4-5279c520e366
Milk,India,Puducherry,RETAIL,2025-10-01,0.58,Liter,53e6ae43-aa38-4c44-aa4c-76594c0fadd5
Milk,India,Punjab,WHOLESALE,2025-10-01,62.72,100 liters,6ef01407-babd-493b-9871-62e969e56acd
Milk,India,Punjab,RETAIL,2025-10-01,0.69,Liter,9ec5b53b-dbbb-4852-97d1-c987f62e244c
Milk,India,Tamil Nadu,WHOLESALE,2025-10-01,49.42,100 liters,2131ee16-25de-42d4-ae1b-505fd22b03ab
Milk,India,Tamil Nadu,RETAIL,2025-10-01,0.5,Liter,725f0105-ce4b-472c-a48f-82cdad56fd9c
Milk,India,Uttar Pradesh,WHOLESALE,2025-10-01,60.5,100 liters,26104e58-bd44-4fd7-85d7-d96210bba3bc
Milk,India,Uttar Pradesh,RETAIL,2025-10-01,0.66,Liter,9d7e7e25-1632-48ec-9826-adfd708bb6a7
